Time,Unix_Timestamp,FSM_State,Pos_X_m,Pos_Y_m,Yaw_rad,Steer_Angle_deg,Linear_Vel_mps,Angular_Vel_radps,IMU_Yaw_rad,IMU_Angular_Vel_z,IMU_Accel_x,Confidence,Dist_Traveled_m,GPS_Latitude,GPS_Longitude,GPS_Altitude_m,GPS_DMS,GPS_Status,Event
14:10:04.262,1786173004.263,TRACKING,0.000,0.000,0.000,0.00,0.450,-0.000,0.000,0.000,0.000,0.000,0.00,10.77566700,106.67088900,10.00,"10°46'32.40""N, 106°40'15.20""E",NO_FIX,
14:10:04.274,1786173004.274,TRACKING,0.000,0.000,0.000,0.00,0.450,-0.000,0.000,0.000,0.000,0.000,0.00,10.77566700,106.67088900,10.00,"10°46'32.40""N, 106°40'15.20""E",NO_FIX,
14:10:04.343,1786173004.343,TRACKING,-1.497,0.400,-0.000,0.00,0.450,-0.000,0.000,0.000,0.000,0.000,0.00,10.77567062,106.67087532,10.51,"10°46'32.41""N, 106°40'15.15""E",FIX,
14:10:04.424,1786173004.425,TRACKING,-1.474,0.400,-0.000,0.00,0.450,-0.000,0.000,0.000,0.000,0.000,0.03,10.77567062,106.67087532,10.51,"10°46'32.41""N, 106°40'15.15""E",FIX,
14:10:04.499,1786173004.500,TRACKING,-1.459,0.400,0.000,0.00,0.450,-0.000,0.000,0.000,0.000,0.000,0.04,10.77567062,106.67087532,10.51,"10°46'32.41""N, 106°40'15.15""E",FIX,
14:10:04.565,1786173004.565,TRACKING,-1.451,0.400,0.000,0.00,0.450,-0.000,0.000,0.000,0.000,0.000,0.05,10.77567062,106.67087574,10.51,"10°46'32.41""N, 106°40'15.15""E",FIX,
14:10:04.636,1786173004.637,TRACKING,-1.436,0.400,0.000,0.00,0.450,-0.000,0.000,0.000,0.000,0.000,0.06,10.77567062,106.67087574,10.51,"10°46'32.41""N, 106°40'15.15""E",FIX,
14:10:04.715,1786173004.715,TRACKING,-1.420,0.400,0.000,0.00,0.450,-0.000,0.000,0.000,0.000,0.000,0.08,10.77567062,106.67087574,10.51,"10°46'32.41""N, 106°40'15.15""E",FIX,
14:10:04.777,1786173004.778,TRACKING,-1.405,0.400,0.000,0.00,0.450,-0.000,0.000,0.000,0.000,0.000,0.09,10.77567062,106.67087615,10.51,"10°46'32.41""N, 106°40'15.15""E",FIX,
14:10:04.853,1786173004.854,TRACKING,-1.390,0.400,0.000,0.00,0.450,-0.000,0.000,0.000,0.000,0.000,0.11,10.77567062,106.67087615,10.51,"10°46'32.41""N, 106°40'15.15""E",FIX,
14:10:04.935,1786173004.936,TRACKING,-1.375,0.400,0.000,0.00,0.450,-0.000,0.000,0.000,0.000,0.000,0.13,10.77567062,106.67087615,10.51,"10°46'32.41""N, 106°40'15.15""E",FIX,
14:10:05.007,1786173005.008,TRACKING,-1.359,0.400,0.000,0.00,0.450,-0.000,0.000,0.000,0.000,0.062,0.14,10.77567062,106.67087656,10.51,"10°46'32.41""N, 106°40'15.16""E",FIX,
14:10:05.080,1786173005.080,TRACKING,-1.344,0.400,0.000,0.00,0.450,-0.000,0.000,0.000,0.000,0.104,0.16,10.77567062,106.67087656,10.51,"10°46'32.41""N, 106°40'15.16""E",FIX,
14:10:05.158,1786173005.159,TRACKING,-1.329,0.400,0.000,0.00,0.450,-0.000,0.000,0.000,0.000,0.167,0.17,10.77567062,106.67087656,10.51,"10°46'32.41""N, 106°40'15.16""E",FIX,
14:10:05.240,1786173005.240,TRACKING,-1.313,0.400,0.000,0.00,0.450,-0.000,0.000,0.000,0.000,0.229,0.19,10.77567062,106.67087697,10.51,"10°46'32.41""N, 106°40'15.16""E",FIX,
14:10:05.312,1786173005.313,TRACKING,-1.298,0.400,0.000,0.00,0.450,-0.000,0.000,0.000,0.000,0.271,0.20,10.77567062,106.67087697,10.51,"10°46'32.41""N, 106°40'15.16""E",FIX,
14:10:05.379,1786173005.379,TRACKING,-1.283,0.400,0.000,0.00,0.450,-0.000,0.000,0.000,0.000,0.333,0.22,10.77567062,106.67087697,10.51,"10°46'32.41""N, 106°40'15.16""E",FIX,
14:10:05.459,1786173005.460,TRACKING,-1.267,0.400,0.000,0.00,0.450,-0.000,0.000,0.000,0.000,0.396,0.23,10.77567062,106.67087738,10.51,"10°46'32.41""N, 106°40'15.16""E",FIX,
14:10:05.530,1786173005.530,TRACKING,-1.252,0.400,0.000,0.00,0.450,-0.000,0.000,0.000,0.000,0.458,0.25,10.77567062,106.67087738,10.51,"10°46'32.41""N, 106°40'15.16""E",FIX,
14:10:05.598,1786173005.599,TRACKING,-1.245,0.400,0.000,0.00,0.450,-0.000,0.000,0.000,0.000,0.500,0.26,10.77567062,106.67087738,10.51,"10°46'32.41""N, 106°40'15.16""E",FIX,
14:10:05.684,1786173005.684,TRACKING,-1.229,0.400,0.000,0.00,0.450,-0.000,0.000,0.000,0.000,0.583,0.27,10.77567062,106.67087779,10.51,"10°46'32.41""N, 106°40'15.16""E",FIX,
14:10:05.767,1786173005.768,TRACKING,-1.206,0.400,0.000,0.00,0.450,-0.000,0.000,0.000,0.000,0.646,0.29,10.77567062,106.67087779,10.51,"10°46'32.41""N, 106°40'15.16""E",FIX,
14:10:05.820,1786173005.820,TRACKING,-1.199,0.400,0.000,0.00,0.450,-0.000,0.000,0.000,0.000,0.729,0.30,10.77567062,106.67087779,10.51,"10°46'32.41""N, 106°40'15.16""E",FIX,
14:10:05.898,1786173005.899,TRACKING,-1.183,0.400,0.000,0.00,0.450,-0.000,0.000,0.000,0.000,0.792,0.32,10.77567062,106.67087820,10.51,"10°46'32.41""N, 106°40'15.16""E",FIX,
14:10:05.959,1786173005.959,TRACKING,-1.168,0.400,0.000,0.00,0.450,-0.000,0.000,0.000,0.000,0.854,0.33,10.77567062,106.67087820,10.51,"10°46'32.41""N, 106°40'15.16""E",FIX,
14:10:06.044,1786173006.044,TRACKING,-1.145,0.400,0.000,0.00,0.450,-0.000,0.000,0.000,0.000,0.937,0.35,10.77567062,106.67087820,10.51,"10°46'32.41""N, 106°40'15.16""E",FIX,
14:10:06.112,1786173006.112,TRACKING,-1.137,0.400,0.000,0.00,0.450,-0.000,0.000,0.000,0.000,1.000,0.36,10.77567062,106.67087862,10.51,"10°46'32.41""N, 106°40'15.16""E",FIX,
14:10:06.188,1786173006.188,TRACKING,-1.122,0.400,0.000,0.00,0.450,-0.000,0.000,0.000,0.000,1.000,0.38,10.77567062,106.67087862,10.51,"10°46'32.41""N, 106°40'15.16""E",FIX,
14:10:06.251,1786173006.252,TRACKING,-1.107,0.400,0.000,0.00,0.450,-0.000,0.000,0.000,0.000,1.000,0.39,10.77567062,106.67087862,10.51,"10°46'32.41""N, 106°40'15.16""E",FIX,
14:10:06.339,1786173006.340,TRACKING,-1.092,0.400,0.000,0.00,0.450,-0.000,0.000,0.000,0.000,1.000,0.41,10.77567062,106.67087903,10.51,"10°46'32.41""N, 106°40'15.16""E",FIX,
14:10:06.418,1786173006.418,TRACKING,-1.076,0.400,0.000,0.00,0.450,-0.000,0.000,0.000,0.000,1.000,0.42,10.77567062,106.67087903,10.51,"10°46'32.41""N, 106°40'15.16""E",FIX,
14:10:06.489,1786173006.490,TRACKING,-1.061,0.400,0.000,0.00,0.450,-0.000,0.000,0.000,0.000,1.000,0.44,10.77567062,106.67087903,10.51,"10°46'32.41""N, 106°40'15.16""E",FIX,
14:10:06.563,1786173006.564,TRACKING,-1.046,0.400,0.000,0.00,0.450,-0.000,0.000,0.000,0.000,1.000,0.45,10.77567062,106.67087944,10.51,"10°46'32.41""N, 106°40'15.17""E",FIX,
14:10:06.663,1786173006.664,TRACKING,-1.030,0.400,0.000,0.00,0.450,-0.000,0.000,0.000,0.000,1.000,0.47,10.77567062,106.67087944,10.51,"10°46'32.41""N, 106°40'15.17""E",FIX,
14:10:06.733,1786173006.733,TRACKING,-1.015,0.400,0.000,0.00,0.450,-0.000,0.000,0.000,0.000,1.000,0.48,10.77567062,106.67087944,10.51,"10°46'32.41""N, 106°40'15.17""E",FIX,
14:10:06.807,1786173006.807,TRACKING,-1.000,0.400,0.000,0.00,0.450,-0.000,0.000,0.000,0.000,1.000,0.50,10.77567062,106.67087985,10.51,"10°46'32.41""N, 106°40'15.17""E",FIX,
14:10:06.881,1786173006.882,TRACKING,-0.984,0.400,0.000,0.00,0.450,-0.000,0.000,0.000,0.000,1.000,0.52,10.77567062,106.67087985,10.51,"10°46'32.41""N, 106°40'15.17""E",FIX,
14:10:06.944,1786173006.945,TRACKING,-0.977,0.400,0.000,0.00,0.450,-0.000,0.000,0.000,0.000,1.000,0.52,10.77567062,106.67087985,10.51,"10°46'32.41""N, 106°40'15.17""E",FIX,
14:10:07.016,1786173007.016,TRACKING,-0.961,0.400,0.000,0.00,0.450,-0.000,0.000,0.000,0.000,1.000,0.54,10.77567062,106.67088026,10.51,"10°46'32.41""N, 106°40'15.17""E",FIX,
14:10:07.107,1786173007.108,TRACKING,-0.939,0.400,0.000,0.00,0.450,-0.000,0.000,0.000,0.000,1.000,0.56,10.77567062,106.67088026,10.51,"10°46'32.41""N, 106°40'15.17""E",FIX,
14:10:07.178,1786173007.178,TRACKING,-0.923,0.400,0.000,0.00,0.450,-0.000,0.000,0.000,0.000,1.000,0.58,10.77567062,106.67088026,10.51,"10°46'32.41""N, 106°40'15.17""E",FIX,
14:10:07.263,1786173007.264,TRACKING,-0.916,0.400,0.000,0.00,0.450,-0.000,0.000,0.000,0.000,1.000,0.58,10.77567062,106.67088067,10.51,"10°46'32.41""N, 106°40'15.17""E",FIX,
14:10:07.342,1786173007.342,TRACKING,-0.900,0.400,0.000,0.00,0.450,-0.000,0.000,0.000,0.000,1.000,0.60,10.77567062,106.67088067,10.51,"10°46'32.41""N, 106°40'15.17""E",FIX,
14:10:07.419,1786173007.420,TRACKING,-0.885,0.400,0.000,0.00,0.450,-0.007,0.000,0.000,0.000,1.000,0.62,10.77567062,106.67088067,10.51,"10°46'32.41""N, 106°40'15.17""E",FIX,
14:10:07.492,1786173007.492,TRACKING,-0.870,0.400,-0.000,0.01,0.450,-0.006,0.000,0.000,0.000,1.000,0.63,10.77567062,106.67088109,10.51,"10°46'32.41""N, 106°40'15.17""E",FIX,
14:10:07.557,1786173007.558,TRACKING,-0.854,0.400,-0.000,0.01,0.450,-0.005,0.000,0.000,0.000,1.000,0.65,10.77567062,106.67088109,10.51,"10°46'32.41""N, 106°40'15.17""E",FIX,
14:10:07.649,1786173007.650,TRACKING,-0.839,0.400,-0.000,0.00,0.450,0.003,0.000,0.000,0.000,1.000,0.66,10.77567062,106.67088109,10.51,"10°46'32.41""N, 106°40'15.17""E",FIX,
14:10:07.713,1786173007.713,TRACKING,-0.824,0.400,-0.001,-0.00,0.450,0.009,0.000,0.000,0.000,0.604,0.68,10.77567062,106.67088150,10.51,"10°46'32.41""N, 106°40'15.17""E",FIX,
14:10:07.789,1786173007.789,TRACKING,-0.808,0.400,-0.000,-0.00,0.450,0.007,0.000,0.000,0.000,0.667,0.69,10.77567062,106.67088150,10.51,"10°46'32.41""N, 106°40'15.17""E",FIX,
14:10:07.861,1786173007.862,TRACKING,-0.793,0.400,-0.000,-0.01,0.450,0.005,0.000,0.000,0.000,0.750,0.71,10.77567062,106.67088150,10.51,"10°46'32.41""N, 106°40'15.17""E",FIX,
14:10:07.940,1786173007.941,TRACKING,-0.778,0.400,0.000,-0.01,0.450,0.004,0.000,0.000,0.000,0.833,0.72,10.77567062,106.67088191,10.51,"10°46'32.41""N, 106°40'15.17""E",FIX,
14:10:07.996,1786173007.997,TRACKING,-0.763,0.400,0.000,-0.01,0.450,0.004,0.000,0.000,0.000,0.896,0.74,10.77567062,106.67088191,10.51,"10°46'32.41""N, 106°40'15.17""E",FIX,
14:10:08.078,1786173008.078,TRACKING,-0.747,0.400,0.000,-0.01,0.450,0.003,0.000,0.000,0.000,0.979,0.75,10.77567062,106.67088191,10.51,"10°46'32.41""N, 106°40'15.17""E",FIX,
14:10:08.151,1786173008.152,TRACKING,-0.732,0.400,0.001,-0.01,0.450,0.003,0.000,0.000,0.000,1.000,0.77,10.77567062,106.67088232,10.51,"10°46'32.41""N, 106°40'15.18""E",FIX,
14:10:08.225,1786173008.225,TRACKING,-0.717,0.400,0.001,-0.01,0.450,0.003,0.000,0.000,0.000,1.000,0.78,10.77567062,106.67088232,10.51,"10°46'32.41""N, 106°40'15.18""E",FIX,
14:10:08.301,1786173008.302,TRACKING,-0.701,0.400,0.001,-0.01,0.450,0.003,0.000,0.000,0.000,1.000,0.80,10.77567062,106.67088232,10.51,"10°46'32.41""N, 106°40'15.18""E",FIX,
14:10:08.376,1786173008.376,TRACKING,-0.686,0.400,0.001,-0.01,0.450,0.003,0.000,0.000,0.000,1.000,0.81,10.77567061,106.67088273,10.51,"10°46'32.41""N, 106°40'15.18""E",FIX,
14:10:08.454,1786173008.455,TRACKING,-0.671,0.400,0.001,-0.01,0.450,-0.005,0.000,0.000,0.000,1.000,0.83,10.77567061,106.67088273,10.51,"10°46'32.41""N, 106°40'15.18""E",FIX,
14:10:08.525,1786173008.526,TRACKING,-0.663,0.400,0.001,-0.01,0.450,0.004,0.000,0.000,0.000,1.000,0.84,10.77567061,106.67088273,10.51,"10°46'32.41""N, 106°40'15.18""E",FIX,
14:10:08.598,1786173008.599,TRACKING,-0.648,0.400,0.001,-0.01,0.450,0.004,0.000,0.000,0.000,1.000,0.85,10.77567061,106.67088273,10.51,"10°46'32.41""N, 106°40'15.18""E",FIX,
14:10:08.668,1786173008.668,TRACKING,-0.633,0.400,0.001,-0.01,0.450,0.003,0.000,0.000,0.000,1.000,0.87,10.77567062,106.67088314,10.51,"10°46'32.41""N, 106°40'15.18""E",FIX,
14:10:08.732,1786173008.733,TRACKING,-0.617,0.400,0.001,-0.01,0.450,-0.005,0.000,0.000,0.000,1.000,0.88,10.77567062,106.67088314,10.51,"10°46'32.41""N, 106°40'15.18""E",FIX,
14:10:08.818,1786173008.819,TRACKING,-0.602,0.400,0.001,-0.01,0.450,0.004,0.000,0.000,0.000,1.000,0.90,10.77567062,106.67088314,10.51,"10°46'32.41""N, 106°40'15.18""E",FIX,
14:10:08.883,1786173008.884,TRACKING,-0.587,0.400,0.001,-0.01,0.450,0.004,0.000,0.000,0.000,1.000,0.91,10.77567062,106.67088355,10.51,"10°46'32.41""N, 106°40'15.18""E",FIX,
14:10:08.952,1786173008.953,TRACKING,-0.571,0.400,0.001,-0.01,0.450,0.003,0.000,0.000,0.000,1.000,0.93,10.77567062,106.67088355,10.51,"10°46'32.41""N, 106°40'15.18""E",FIX,
14:10:09.037,1786173009.038,TRACKING,-0.556,0.400,0.001,-0.01,0.450,0.003,0.000,0.000,0.000,1.000,0.94,10.77567062,106.67088355,10.51,"10°46'32.41""N, 106°40'15.18""E",FIX,
14:10:09.105,1786173009.106,TRACKING,-0.541,0.400,0.001,-0.01,0.450,0.003,0.000,0.000,0.000,1.000,0.96,10.77567062,106.67088397,10.51,"10°46'32.41""N, 106°40'15.18""E",FIX,
14:10:09.180,1786173009.181,TRACKING,-0.525,0.400,0.001,-0.01,0.450,0.003,0.000,0.000,0.000,1.000,0.97,10.77567062,106.67088397,10.51,"10°46'32.41""N, 106°40'15.18""E",FIX,
14:10:09.241,1786173009.242,TRACKING,-0.510,0.400,0.001,-0.01,0.450,0.003,0.000,0.000,0.000,1.000,0.99,10.77567062,106.67088397,10.51,"10°46'32.41""N, 106°40'15.18""E",FIX,
14:10:09.329,1786173009.329,TRACKING,-0.495,0.400,0.002,-0.01,0.450,0.003,0.000,0.000,0.000,1.000,1.01,10.77567062,106.67088438,10.51,"10°46'32.41""N, 106°40'15.18""E",FIX,
14:10:09.404,1786173009.405,TRACKING,-0.480,0.400,0.002,-0.00,0.450,-0.012,0.000,0.000,0.000,1.000,1.02,10.77567062,106.67088438,10.51,"10°46'32.41""N, 106°40'15.18""E",FIX,
14:10:09.477,1786173009.477,TRACKING,-0.464,0.400,0.001,0.00,0.450,-0.017,0.000,0.000,0.000,1.000,1.04,10.77567062,106.67088438,10.51,"10°46'32.41""N, 106°40'15.18""E",FIX,
14:10:09.540,1786173009.540,TRACKING,-0.457,0.400,0.001,0.01,0.450,-0.014,0.000,0.000,0.000,1.000,1.04,10.77567062,106.67088479,10.51,"10°46'32.41""N, 106°40'15.19""E",FIX,
14:10:09.628,1786173009.628,TRACKING,-0.434,0.400,0.000,0.02,0.450,-0.014,0.000,0.000,0.000,0.583,1.07,10.77567062,106.67088479,10.51,"10°46'32.41""N, 106°40'15.19""E",FIX,
14:10:09.703,1786173009.704,TRACKING,-0.418,0.400,0.000,0.02,0.450,-0.006,0.000,0.000,0.000,0.646,1.08,10.77567062,106.67088479,10.51,"10°46'32.41""N, 106°40'15.19""E",FIX,
14:10:09.772,1786173009.772,TRACKING,-0.411,0.400,-0.000,0.02,0.450,-0.006,0.000,0.000,0.000,0.708,1.09,10.77567062,106.67088520,10.51,"10°46'32.41""N, 106°40'15.19""E",FIX,
14:10:09.843,1786173009.843,TRACKING,-0.395,0.400,-0.000,0.02,0.450,-0.005,0.000,0.000,0.000,0.792,1.10,10.77567062,106.67088520,10.51,"10°46'32.41""N, 106°40'15.19""E",FIX,
14:10:09.926,1786173009.927,TRACKING,-0.380,0.400,-0.001,0.02,0.450,-0.005,0.000,0.000,0.000,0.854,1.12,10.77567062,106.67088520,10.51,"10°46'32.41""N, 106°40'15.19""E",FIX,
14:10:09.995,1786173009.995,TRACKING,-0.365,0.400,-0.001,0.02,0.450,-0.005,0.000,0.000,0.000,0.937,1.14,10.77567062,106.67088561,10.51,"10°46'32.41""N, 106°40'15.19""E",FIX,
14:10:10.074,1786173010.074,TRACKING,-0.349,0.400,-0.001,0.01,0.450,0.002,0.000,0.000,0.000,1.000,1.15,10.77567062,106.67088561,10.51,"10°46'32.41""N, 106°40'15.19""E",FIX,
14:10:10.142,1786173010.142,TRACKING,-0.334,0.400,-0.001,0.02,0.450,-0.007,0.000,0.000,0.000,1.000,1.17,10.77567062,106.67088561,10.51,"10°46'32.41""N, 106°40'15.19""E",FIX,
14:10:10.227,1786173010.228,TRACKING,-0.319,0.400,-0.001,0.02,0.450,-0.006,0.000,0.000,0.000,1.000,1.18,10.77567062,106.67088602,10.51,"10°46'32.41""N, 106°40'15.19""E",FIX,
14:10:10.301,1786173010.301,TRACKING,-0.304,0.400,-0.001,0.01,0.450,0.002,0.000,0.000,0.000,1.000,1.20,10.77567062,106.67088602,10.51,"10°46'32.41""N, 106°40'15.19""E",FIX,
14:10:10.380,1786173010.381,TRACKING,-0.288,0.400,-0.001,0.01,0.450,0.000,0.000,0.000,0.000,1.000,1.21,10.77567062,106.67088602,10.51,"10°46'32.41""N, 106°40'15.19""E",FIX,
14:10:10.453,1786173010.453,TRACKING,-0.273,0.400,-0.001,0.01,0.450,-0.001,0.000,0.000,0.000,1.000,1.23,10.77567062,106.67088643,10.51,"10°46'32.41""N, 106°40'15.19""E",FIX,
14:10:10.524,1786173010.524,TRACKING,-0.258,0.400,-0.001,0.01,0.450,-0.005,0.000,0.000,0.000,1.000,1.24,10.77567062,106.67088643,10.51,"10°46'32.41""N, 106°40'15.19""E",FIX,
14:10:10.591,1786173010.592,TRACKING,-0.250,0.400,-0.001,0.01,0.450,-0.001,0.000,0.000,0.000,1.000,1.25,10.77567062,106.67088643,10.51,"10°46'32.41""N, 106°40'15.19""E",FIX,
14:10:10.678,1786173010.679,TRACKING,-0.227,0.400,-0.001,0.01,0.450,-0.002,0.000,0.000,0.000,1.000,1.27,10.77567062,106.67088685,10.51,"10°46'32.41""N, 106°40'15.19""E",FIX,
14:10:10.748,1786173010.749,TRACKING,-0.212,0.400,-0.001,0.01,0.450,-0.002,0.000,0.000,0.000,1.000,1.29,10.77567062,106.67088685,10.51,"10°46'32.41""N, 106°40'15.19""E",FIX,
14:10:10.827,1786173010.828,TRACKING,-0.196,0.400,-0.001,0.01,0.450,-0.002,0.000,0.000,0.000,1.000,1.30,10.77567062,106.67088685,10.51,"10°46'32.41""N, 106°40'15.19""E",FIX,
14:10:10.893,1786173010.894,TRACKING,-0.189,0.400,-0.001,0.01,0.450,-0.002,0.000,0.000,0.000,1.000,1.31,10.77567062,106.67088726,10.51,"10°46'32.41""N, 106°40'15.19""E",FIX,
14:10:10.977,1786173010.977,TRACKING,-0.166,0.400,-0.002,0.01,0.450,-0.002,0.000,0.000,0.000,1.000,1.33,10.77567062,106.67088726,10.51,"10°46'32.41""N, 106°40'15.19""E",FIX,
14:10:11.064,1786173011.064,TRACKING,-0.158,0.400,-0.002,0.01,0.450,-0.002,0.000,0.000,0.000,1.000,1.34,10.77567062,106.67088726,10.51,"10°46'32.41""N, 106°40'15.19""E",FIX,
14:10:11.121,1786173011.122,TRACKING,-0.143,0.400,-0.002,0.01,0.450,-0.002,0.000,0.000,0.000,1.000,1.36,10.77567062,106.67088767,10.51,"10°46'32.41""N, 106°40'15.20""E",FIX,
14:10:11.194,1786173011.195,TRACKING,-0.128,0.400,-0.002,0.01,0.450,-0.002,0.000,0.000,0.000,1.000,1.37,10.77567062,106.67088767,10.51,"10°46'32.41""N, 106°40'15.20""E",FIX,
14:10:11.271,1786173011.272,TRACKING,-0.112,0.400,-0.002,0.01,0.450,-0.002,0.000,0.000,0.000,1.000,1.39,10.77567062,106.67088767,10.51,"10°46'32.41""N, 106°40'15.20""E",FIX,
14:10:11.349,1786173011.350,TRACKING,-0.097,0.400,-0.002,0.01,0.450,0.005,0.000,0.000,0.000,1.000,1.40,10.77567062,106.67088808,10.51,"10°46'32.41""N, 106°40'15.20""E",FIX,
14:10:11.427,1786173011.428,TRACKING,-0.082,0.400,-0.002,0.00,0.450,0.004,0.000,0.000,0.000,1.000,1.42,10.77567062,106.67088808,10.51,"10°46'32.41""N, 106°40'15.20""E",FIX,
14:10:11.511,1786173011.512,TRACKING,-0.066,0.400,-0.002,0.00,0.450,0.002,0.000,0.000,0.000,1.000,1.43,10.77567062,106.67088808,10.51,"10°46'32.41""N, 106°40'15.20""E",FIX,
14:10:11.575,1786173011.575,TRACKING,-0.051,0.400,-0.002,0.00,0.450,0.002,0.000,0.000,0.000,0.771,1.45,10.77567062,106.67088849,10.51,"10°46'32.41""N, 106°40'15.20""E",FIX,
14:10:11.651,1786173011.651,TRACKING,-0.036,0.400,-0.002,0.00,0.450,0.001,0.000,0.000,0.000,0.521,1.46,10.77567062,106.67088849,10.51,"10°46'32.41""N, 106°40'15.20""E",FIX,
14:10:11.713,1786173011.713,TRACKING,-0.021,0.400,-0.002,0.00,0.450,0.001,0.000,0.000,0.000,0.583,1.48,10.77567062,106.67088849,10.51,"10°46'32.41""N, 106°40'15.20""E",FIX,
14:10:11.778,1786173011.779,TRACKING,-0.013,0.400,-0.002,0.00,0.450,0.000,0.000,0.000,0.000,0.667,1.49,10.77567062,106.67088890,10.51,"10°46'32.41""N, 106°40'15.20""E",FIX,
14:10:11.880,1786173011.880,TRACKING,0.010,0.400,-0.002,0.00,0.450,0.000,0.000,0.000,0.000,0.750,1.51,10.77567062,106.67088890,10.51,"10°46'32.41""N, 106°40'15.20""E",FIX,
14:10:11.934,1786173011.935,TRACKING,0.018,0.400,-0.002,0.00,0.450,0.000,0.000,0.000,0.000,0.812,1.52,10.77567062,106.67088890,10.51,"10°46'32.41""N, 106°40'15.20""E",FIX,
14:10:12.010,1786173012.010,TRACKING,0.033,0.400,-0.001,0.00,0.450,0.000,0.000,0.000,0.000,0.875,1.53,10.77567062,106.67088931,10.51,"10°46'32.41""N, 106°40'15.20""E",FIX,
14:10:12.084,1786173012.085,TRACKING,0.048,0.400,-0.001,0.00,0.450,0.000,0.000,0.000,0.000,0.958,1.55,10.77567062,106.67088931,10.51,"10°46'32.41""N, 106°40'15.20""E",FIX,
14:10:12.166,1786173012.166,TRACKING,0.071,0.400,-0.001,0.00,0.450,0.000,0.000,0.000,0.000,1.000,1.57,10.77567062,106.67088931,10.51,"10°46'32.41""N, 106°40'15.20""E",FIX,
14:10:12.241,1786173012.241,TRACKING,0.079,0.400,-0.001,0.00,0.450,0.000,0.000,0.000,0.000,1.000,1.58,10.77567062,106.67088973,10.51,"10°46'32.41""N, 106°40'15.20""E",FIX,
14:10:12.345,1786173012.345,TRACKING,0.102,0.400,-0.001,-0.00,0.450,0.006,0.000,0.000,0.000,1.000,1.60,10.77567062,106.67088973,10.51,"10°46'32.41""N, 106°40'15.20""E",FIX,
14:10:12.421,1786173012.421,TRACKING,0.110,0.400,-0.001,-0.01,0.450,0.006,0.000,0.000,0.000,1.000,1.61,10.77567062,106.67088973,10.51,"10°46'32.41""N, 106°40'15.20""E",FIX,
14:10:12.507,1786173012.508,TRACKING,0.125,0.400,-0.001,-0.00,0.450,-0.003,0.000,0.000,0.000,1.000,1.62,10.77567061,106.67089014,10.51,"10°46'32.41""N, 106°40'15.20""E",FIX,
14:10:12.582,1786173012.583,TRACKING,0.140,0.400,-0.001,-0.00,0.450,-0.002,0.000,0.000,0.000,1.000,1.64,10.77567061,106.67089014,10.51,"10°46'32.41""N, 106°40'15.20""E",FIX,
14:10:12.649,1786173012.649,TRACKING,0.155,0.400,-0.001,-0.00,0.450,-0.001,0.000,0.000,0.000,1.000,1.66,10.77567061,106.67089014,10.51,"10°46'32.41""N, 106°40'15.20""E",FIX,
14:10:12.716,1786173012.717,TRACKING,0.171,0.400,-0.001,-0.00,0.450,-0.001,0.000,0.000,0.000,1.000,1.67,10.77567061,106.67089055,10.51,"10°46'32.41""N, 106°40'15.21""E",FIX,
14:10:12.804,1786173012.804,TRACKING,0.186,0.400,-0.001,-0.00,0.450,0.006,0.000,0.000,0.000,1.000,1.69,10.77567061,106.67089055,10.51,"10°46'32.41""N, 106°40'15.21""E",FIX,
14:10:12.871,1786173012.872,TRACKING,0.201,0.400,-0.001,-0.01,0.450,0.006,0.000,0.000,0.000,1.000,1.70,10.77567061,106.67089055,10.51,"10°46'32.41""N, 106°40'15.21""E",FIX,
14:10:12.970,1786173012.970,TRACKING,0.217,0.400,-0.001,-0.00,0.450,-0.002,0.000,0.000,0.000,1.000,1.72,10.77567061,106.67089096,10.51,"10°46'32.41""N, 106°40'15.21""E",FIX,
14:10:13.048,1786173013.049,TRACKING,0.232,0.400,-0.001,-0.00,0.450,-0.002,0.000,0.000,0.000,1.000,1.73,10.77567061,106.67089096,10.51,"10°46'32.41""N, 106°40'15.21""E",FIX,
14:10:13.130,1786173013.131,TRACKING,0.247,0.400,-0.001,-0.00,0.450,0.006,0.000,0.000,0.000,1.000,1.75,10.77567061,106.67089096,10.51,"10°46'32.41""N, 106°40'15.21""E",FIX,
14:10:13.194,1786173013.194,TRACKING,0.255,0.400,-0.001,-0.01,0.450,0.006,0.000,0.000,0.000,1.000,1.75,10.77567061,106.67089137,10.51,"10°46'32.41""N, 106°40'15.21""E",FIX,
14:10:13.278,1786173013.279,TRACKING,0.278,0.400,-0.001,-0.00,0.450,-0.003,0.000,0.000,0.000,1.000,1.78,10.77567061,106.67089137,10.51,"10°46'32.41""N, 106°40'15.21""E",FIX,
14:10:13.349,1786173013.350,TRACKING,0.293,0.400,-0.001,-0.00,0.450,-0.002,0.000,0.000,0.000,1.000,1.79,10.77567061,106.67089137,10.51,"10°46'32.41""N, 106°40'15.21""E",FIX,
14:10:13.417,1786173013.418,TRACKING,0.301,0.400,-0.001,-0.00,0.450,0.007,0.000,0.000,0.000,1.000,1.80,10.77567061,106.67089178,10.51,"10°46'32.41""N, 106°40'15.21""E",FIX,
14:10:13.505,1786173013.506,TRACKING,0.316,0.400,-0.001,-0.00,0.450,0.001,0.000,0.000,0.000,1.000,1.82,10.77567061,106.67089178,10.51,"10°46'32.41""N, 106°40'15.21""E",FIX,
14:10:13.580,1786173013.580,TRACKING,0.331,0.399,-0.001,-0.00,0.450,-0.002,0.000,0.000,0.000,1.000,1.83,10.77567061,106.67089178,10.51,"10°46'32.41""N, 106°40'15.21""E",FIX,
14:10:13.645,1786173013.645,TRACKING,0.347,0.399,-0.001,-0.00,0.450,-0.003,0.000,0.000,0.000,1.000,1.85,10.77567061,106.67089219,10.51,"10°46'32.41""N, 106°40'15.21""E",FIX,
14:10:13.739,1786173013.739,TRACKING,0.370,0.399,-0.001,-0.00,0.450,-0.001,0.000,0.000,0.000,0.562,1.87,10.77567061,106.67089219,10.51,"10°46'32.41""N, 106°40'15.21""E",FIX,
14:10:13.794,1786173013.794,TRACKING,0.377,0.399,-0.001,-0.00,0.450,-0.001,0.000,0.000,0.000,0.625,1.88,10.77567061,106.67089219,10.51,"10°46'32.41""N, 106°40'15.21""E",FIX,
14:10:13.876,1786173013.877,TRACKING,0.393,0.399,-0.001,-0.00,0.450,-0.000,0.000,0.000,0.000,0.687,1.89,10.77567061,106.67089261,10.51,"10°46'32.41""N, 106°40'15.21""E",FIX,
14:10:13.949,1786173013.949,TRACKING,0.408,0.399,-0.001,-0.00,0.450,-0.000,0.000,0.000,0.000,0.750,1.91,10.77567061,106.67089261,10.51,"10°46'32.41""N, 106°40'15.21""E",FIX,
14:10:14.023,1786173014.024,TRACKING,0.423,0.399,-0.001,-0.00,0.450,-0.000,0.000,0.000,0.000,0.833,1.92,10.77567061,106.67089261,10.51,"10°46'32.41""N, 106°40'15.21""E",FIX,
14:10:14.091,1786173014.091,TRACKING,0.438,0.399,-0.001,-0.00,0.450,-0.000,0.000,0.000,0.000,0.917,1.94,10.77567061,106.67089302,10.51,"10°46'32.41""N, 106°40'15.21""E",FIX,
14:10:14.174,1786173014.174,TRACKING,0.454,0.399,-0.001,-0.00,0.450,-0.000,0.000,0.000,0.000,0.979,1.95,10.77567061,106.67089302,10.51,"10°46'32.41""N, 106°40'15.21""E",FIX,
14:10:14.247,1786173014.247,TRACKING,0.469,0.399,-0.001,-0.00,0.450,-0.000,0.000,0.000,0.000,1.000,1.97,10.77567061,106.67089302,10.51,"10°46'32.41""N, 106°40'15.21""E",FIX,
14:10:14.318,1786173014.319,TRACKING,0.484,0.399,-0.001,-0.00,0.450,-0.000,0.000,0.000,0.000,1.000,1.98,10.77567061,106.67089343,10.51,"10°46'32.41""N, 106°40'15.22""E",FIX,
14:10:14.407,1786173014.407,TRACKING,0.500,0.399,-0.001,-0.00,0.450,-0.000,0.000,0.000,0.000,1.000,2.00,10.77567061,106.67089343,10.51,"10°46'32.41""N, 106°40'15.22""E",FIX,
14:10:14.473,1786173014.474,TRACKING,0.507,0.399,-0.001,-0.00,0.450,-0.000,0.000,0.000,0.000,1.000,2.01,10.77567061,106.67089343,10.51,"10°46'32.41""N, 106°40'15.22""E",FIX,
14:10:14.586,1786173014.587,TRACKING,0.530,0.399,-0.001,-0.00,0.450,-0.000,0.000,0.000,0.000,1.000,2.03,10.77567061,106.67089384,10.51,"10°46'32.41""N, 106°40'15.22""E",FIX,
14:10:14.641,1786173014.642,TRACKING,0.546,0.399,-0.001,-0.00,0.450,-0.000,0.000,0.000,0.000,1.000,2.05,10.77567061,106.67089384,10.51,"10°46'32.41""N, 106°40'15.22""E",FIX,
14:10:14.718,1786173014.719,TRACKING,0.561,0.399,-0.001,-0.00,0.450,-0.000,0.000,0.000,0.000,1.000,2.06,10.77567061,106.67089384,10.51,"10°46'32.41""N, 106°40'15.22""E",FIX,
14:10:14.773,1786173014.774,TRACKING,0.569,0.399,-0.001,-0.00,0.450,-0.000,0.000,0.000,0.000,1.000,2.07,10.77567061,106.67089384,10.51,"10°46'32.41""N, 106°40'15.22""E",FIX,
14:10:14.855,1786173014.856,TRACKING,0.584,0.399,-0.001,-0.00,0.450,-0.000,0.000,0.000,0.000,1.000,2.08,10.77567061,106.67089425,10.51,"10°46'32.41""N, 106°40'15.22""E",FIX,
14:10:14.920,1786173014.920,TRACKING,0.599,0.399,-0.001,-0.00,0.450,-0.000,0.000,0.000,0.000,1.000,2.10,10.77567061,106.67089425,10.51,"10°46'32.41""N, 106°40'15.22""E",FIX,
14:10:15.010,1786173015.011,TRACKING,0.614,0.399,-0.001,-0.00,0.450,-0.000,0.000,0.000,0.000,1.000,2.11,10.77567061,106.67089466,10.51,"10°46'32.41""N, 106°40'15.22""E",FIX,
14:10:15.086,1786173015.087,TRACKING,0.630,0.399,-0.001,-0.00,0.450,-0.000,0.000,0.000,0.000,1.000,2.13,10.77567061,106.67089466,10.51,"10°46'32.41""N, 106°40'15.22""E",FIX,
14:10:15.148,1786173015.149,TRACKING,0.645,0.399,-0.001,-0.00,0.450,-0.000,0.000,0.000,0.000,1.000,2.15,10.77567061,106.67089466,10.51,"10°46'32.41""N, 106°40'15.22""E",FIX,
14:10:15.236,1786173015.237,TRACKING,0.660,0.399,-0.001,-0.00,0.450,-0.000,0.000,0.000,0.000,1.000,2.16,10.77567061,106.67089507,10.51,"10°46'32.41""N, 106°40'15.22""E",FIX,
14:10:15.303,1786173015.304,TRACKING,0.676,0.399,-0.001,-0.00,0.450,-0.000,0.000,0.000,0.000,1.000,2.18,10.77567061,106.67089507,10.51,"10°46'32.41""N, 106°40'15.22""E",FIX,
14:10:15.367,1786173015.368,TRACKING,0.691,0.399,-0.001,-0.00,0.450,-0.000,0.000,0.000,0.000,1.000,2.19,10.77567061,106.67089507,10.51,"10°46'32.41""N, 106°40'15.22""E",FIX,
14:10:15.447,1786173015.447,TRACKING,0.706,0.399,-0.001,-0.00,0.450,-0.000,0.000,0.000,0.000,1.000,2.21,10.77567061,106.67089549,10.51,"10°46'32.41""N, 106°40'15.22""E",FIX,
14:10:15.528,1786173015.528,TRACKING,0.722,0.399,-0.001,-0.00,0.450,-0.000,0.000,0.000,0.000,1.000,2.22,10.77567061,106.67089549,10.51,"10°46'32.41""N, 106°40'15.22""E",FIX,
14:10:15.598,1786173015.598,TRACKING,0.737,0.399,-0.001,-0.00,0.450,-0.000,0.000,0.000,0.000,1.000,2.24,10.77567061,106.67089549,10.51,"10°46'32.41""N, 106°40'15.22""E",FIX,
14:10:15.682,1786173015.682,TRACKING,0.752,0.399,-0.001,-0.00,0.450,-0.000,0.000,0.000,0.000,1.000,2.25,10.77567061,106.67089590,10.51,"10°46'32.41""N, 106°40'15.23""E",FIX,
14:10:15.744,1786173015.745,TRACKING,0.767,0.399,-0.001,-0.00,0.450,-0.000,0.000,0.000,0.000,0.583,2.27,10.77567061,106.67089590,10.51,"10°46'32.41""N, 106°40'15.23""E",FIX,
14:10:15.819,1786173015.820,TRACKING,0.783,0.399,-0.001,-0.00,0.450,-0.000,0.000,0.000,0.000,0.646,2.28,10.77567061,106.67089590,10.51,"10°46'32.41""N, 106°40'15.23""E",FIX,
14:10:15.884,1786173015.884,TRACKING,0.798,0.399,-0.001,-0.00,0.450,-0.000,0.000,0.000,0.000,0.708,2.30,10.77567061,106.67089631,10.51,"10°46'32.41""N, 106°40'15.23""E",FIX,
14:10:15.945,1786173015.946,TRACKING,0.806,0.399,-0.001,-0.00,0.450,-0.000,0.000,0.000,0.000,0.771,2.31,10.77567061,106.67089631,10.51,"10°46'32.41""N, 106°40'15.23""E",FIX,
14:10:16.036,1786173016.037,TRACKING,0.829,0.399,-0.001,-0.00,0.450,-0.000,0.000,0.000,0.000,0.854,2.33,10.77567061,106.67089631,10.51,"10°46'32.41""N, 106°40'15.23""E",FIX,
14:10:16.106,1786173016.107,TRACKING,0.836,0.399,-0.001,-0.00,0.450,-0.000,0.000,0.000,0.000,0.917,2.34,10.77567061,106.67089631,10.51,"10°46'32.41""N, 106°40'15.23""E",FIX,
14:10:16.170,1786173016.171,TRACKING,0.852,0.399,-0.001,-0.00,0.450,-0.000,0.000,0.000,0.000,1.000,2.35,10.77567061,106.67089672,10.51,"10°46'32.41""N, 106°40'15.23""E",FIX,
14:10:16.251,1786173016.251,TRACKING,0.867,0.399,-0.001,-0.00,0.450,-0.000,0.000,0.000,0.000,1.000,2.37,10.77567061,106.67089672,10.51,"10°46'32.41""N, 106°40'15.23""E",FIX,
14:10:16.333,1786173016.334,TRACKING,0.882,0.399,-0.001,-0.00,0.450,-0.000,0.000,0.000,0.000,1.000,2.38,10.77567061,106.67089672,10.51,"10°46'32.41""N, 106°40'15.23""E",FIX,
14:10:16.397,1786173016.397,TRACKING,0.897,0.399,-0.001,-0.00,0.450,-0.000,0.000,0.000,0.000,1.000,2.40,10.77567061,106.67089713,10.51,"10°46'32.41""N, 106°40'15.23""E",FIX,
14:10:16.477,1786173016.478,TRACKING,0.913,0.399,-0.001,-0.00,0.450,-0.000,0.000,0.000,0.000,1.000,2.41,10.77567061,106.67089713,10.51,"10°46'32.41""N, 106°40'15.23""E",FIX,
14:10:16.551,1786173016.551,TRACKING,0.928,0.399,-0.001,-0.00,0.450,-0.000,0.000,0.000,0.000,1.000,2.43,10.77567061,106.67089713,10.51,"10°46'32.41""N, 106°40'15.23""E",FIX,
14:10:16.618,1786173016.618,TRACKING,0.943,0.399,-0.001,-0.00,0.450,-0.000,0.000,0.000,0.000,1.000,2.44,10.77567061,106.67089754,10.51,"10°46'32.41""N, 106°40'15.23""E",FIX,
14:10:16.702,1786173016.703,TRACKING,0.959,0.399,-0.001,-0.00,0.450,-0.000,0.000,0.000,0.000,1.000,2.46,10.77567061,106.67089754,10.51,"10°46'32.41""N, 106°40'15.23""E",FIX,
14:10:16.757,1786173016.757,TRACKING,0.974,0.399,-0.001,-0.00,0.450,-0.000,0.000,0.000,0.000,1.000,2.47,10.77567061,106.67089754,10.51,"10°46'32.41""N, 106°40'15.23""E",FIX,
14:10:16.841,1786173016.841,TRACKING,0.989,0.399,-0.001,-0.00,0.450,-0.000,0.000,0.000,0.000,1.000,2.49,10.77567061,106.67089795,10.51,"10°46'32.41""N, 106°40'15.23""E",FIX,
14:10:16.911,1786173016.911,TRACKING,1.005,0.399,-0.001,-0.00,0.450,-0.000,0.000,0.000,0.000,1.000,2.50,10.77567061,106.67089795,10.51,"10°46'32.41""N, 106°40'15.23""E",FIX,
14:10:16.981,1786173016.981,TRACKING,1.020,0.399,-0.001,-0.00,0.450,-0.000,0.000,0.000,0.000,1.000,2.52,10.77567061,106.67089795,10.51,"10°46'32.41""N, 106°40'15.23""E",FIX,
14:10:17.048,1786173017.048,TRACKING,1.035,0.399,-0.001,-0.00,0.450,-0.000,0.000,0.000,0.000,1.000,2.54,10.77567061,106.67089837,10.51,"10°46'32.41""N, 106°40'15.23""E",FIX,
14:10:17.121,1786173017.122,TRACKING,1.050,0.399,-0.001,-0.00,0.450,-0.000,0.000,0.000,0.000,1.000,2.55,10.77567061,106.67089837,10.51,"10°46'32.41""N, 106°40'15.23""E",FIX,
14:10:17.204,1786173017.204,TRACKING,1.066,0.399,-0.001,-0.00,0.450,-0.000,0.000,0.000,0.000,1.000,2.57,10.77567061,106.67089837,10.51,"10°46'32.41""N, 106°40'15.23""E",FIX,
14:10:17.271,1786173017.272,TRACKING,1.081,0.399,-0.001,-0.00,0.450,-0.000,0.000,0.000,0.000,1.000,2.58,10.77567061,106.67089878,10.51,"10°46'32.41""N, 106°40'15.24""E",FIX,
14:10:17.345,1786173017.345,TRACKING,1.089,0.399,-0.001,-0.00,0.450,-0.000,0.000,0.000,0.000,1.000,2.59,10.77567061,106.67089878,10.51,"10°46'32.41""N, 106°40'15.24""E",FIX,
14:10:17.419,1786173017.419,TRACKING,1.104,0.399,-0.001,-0.00,0.450,-0.000,0.000,0.000,0.000,1.000,2.60,10.77567061,106.67089878,10.51,"10°46'32.41""N, 106°40'15.24""E",FIX,
14:10:17.501,1786173017.501,TRACKING,1.119,0.399,-0.001,-0.00,0.450,-0.000,0.000,0.000,0.000,1.000,2.62,10.77567061,106.67089919,10.51,"10°46'32.41""N, 106°40'15.24""E",FIX,
14:10:17.577,1786173017.577,TRACKING,1.135,0.399,-0.001,-0.00,0.450,0.008,0.000,0.000,0.000,1.000,2.63,10.77567061,106.67089919,10.51,"10°46'32.41""N, 106°40'15.24""E",FIX,
14:10:17.645,1786173017.645,TRACKING,1.150,0.399,-0.001,-0.01,0.450,0.022,0.000,0.000,0.000,1.000,2.65,10.77567061,106.67089919,10.51,"10°46'32.41""N, 106°40'15.24""E",FIX,
14:10:17.729,1786173017.729,TRACKING,1.165,0.399,-0.000,-0.02,0.450,0.015,0.000,0.000,0.000,0.562,2.67,10.77567061,106.67089960,10.51,"10°46'32.41""N, 106°40'15.24""E",FIX,
14:10:17.799,1786173017.800,TRACKING,1.181,0.399,0.000,-0.02,0.450,0.014,0.000,0.000,0.000,0.625,2.68,10.77567061,106.67089960,10.51,"10°46'32.41""N, 106°40'15.24""E",FIX,
14:10:17.890,1786173017.891,TRACKING,1.196,0.399,0.001,-0.02,0.450,0.004,0.000,0.000,0.000,0.687,2.70,10.77567061,106.67089960,10.51,"10°46'32.41""N, 106°40'15.24""E",FIX,
14:10:17.971,1786173017.971,TRACKING,1.211,0.398,0.001,-0.02,0.450,0.004,0.000,0.000,0.000,0.750,2.71,10.77567060,106.67090001,10.51,"10°46'32.41""N, 106°40'15.24""E",FIX,
14:10:18.036,1786173018.036,TRACKING,1.226,0.398,0.001,-0.02,0.450,0.004,0.000,0.000,0.000,0.833,2.73,10.77567060,106.67090001,10.51,"10°46'32.41""N, 106°40'15.24""E",FIX,
14:10:18.101,1786173018.101,TRACKING,1.242,0.398,0.001,-0.02,0.450,0.004,0.000,0.000,0.000,0.917,2.74,10.77567060,106.67090001,10.51,"10°46'32.41""N, 106°40'15.24""E",FIX,
14:10:18.183,1786173018.183,TRACKING,1.257,0.398,0.001,-0.02,0.450,0.005,0.000,0.000,0.000,1.000,2.76,10.77567060,106.67090042,10.51,"10°46'32.41""N, 106°40'15.24""E",FIX,
14:10:18.258,1786173018.259,TRACKING,1.272,0.398,0.002,-0.02,0.450,0.005,0.000,0.000,0.000,1.000,2.77,10.77567060,106.67090042,10.51,"10°46'32.41""N, 106°40'15.24""E",FIX,
14:10:18.338,1786173018.339,TRACKING,1.288,0.398,0.002,-0.02,0.450,0.005,0.000,0.000,0.000,1.000,2.79,10.77567060,106.67090042,10.51,"10°46'32.41""N, 106°40'15.24""E",FIX,
14:10:18.417,1786173018.417,TRACKING,1.303,0.398,0.002,-0.02,0.450,0.005,0.000,0.000,0.000,1.000,2.80,10.77567060,106.67090083,10.51,"10°46'32.41""N, 106°40'15.24""E",FIX,
14:10:18.484,1786173018.484,TRACKING,1.311,0.398,0.002,-0.02,0.450,0.005,0.000,0.000,0.000,1.000,2.81,10.77567060,106.67090083,10.51,"10°46'32.41""N, 106°40'15.24""E",FIX,
14:10:18.558,1786173018.558,TRACKING,1.326,0.398,0.002,-0.02,0.450,-0.003,0.000,0.000,0.000,1.000,2.83,10.77567060,106.67090083,10.51,"10°46'32.41""N, 106°40'15.24""E",FIX,
14:10:18.631,1786173018.631,TRACKING,1.341,0.398,0.002,-0.02,0.450,0.006,0.000,0.000,0.000,1.000,2.84,10.77567060,106.67090125,10.51,"10°46'32.41""N, 106°40'15.24""E",FIX,
14:10:18.716,1786173018.716,TRACKING,1.356,0.399,0.002,-0.01,0.450,-0.001,0.000,0.000,0.000,1.000,2.86,10.77567060,106.67090125,10.51,"10°46'32.41""N, 106°40'15.24""E",FIX,
14:10:18.778,1786173018.778,TRACKING,1.372,0.399,0.002,-0.01,0.450,-0.001,0.000,0.000,0.000,1.000,2.87,10.77567060,106.67090125,10.51,"10°46'32.41""N, 106°40'15.24""E",FIX,
14:10:18.874,1786173018.875,TRACKING,1.387,0.399,0.002,-0.01,0.450,0.001,0.000,0.000,0.000,1.000,2.89,10.77567060,106.67090166,10.51,"10°46'32.41""N, 106°40'15.25""E",FIX,
14:10:18.947,1786173018.947,TRACKING,1.402,0.399,0.002,-0.01,0.450,0.001,0.000,0.000,0.000,1.000,2.90,10.77567060,106.67090166,10.51,"10°46'32.41""N, 106°40'15.25""E",FIX,
14:10:19.001,1786173019.001,TRACKING,1.418,0.399,0.002,-0.01,0.450,0.011,0.000,0.000,0.000,1.000,2.92,10.77567060,106.67090166,10.51,"10°46'32.41""N, 106°40'15.25""E",FIX,
14:10:19.074,1786173019.074,TRACKING,1.433,0.399,0.003,-0.01,0.450,0.000,0.000,0.000,0.000,1.000,2.93,10.77567060,106.67090207,10.51,"10°46'32.41""N, 106°40'15.25""E",FIX,
14:10:19.156,1786173019.157,TRACKING,1.448,0.399,0.003,-0.01,0.450,0.005,0.000,0.000,0.000,1.000,2.95,10.77567060,106.67090207,10.51,"10°46'32.41""N, 106°40'15.25""E",FIX,
14:10:19.228,1786173019.228,TRACKING,1.464,0.399,0.003,-0.01,0.450,0.001,0.000,0.000,0.000,1.000,2.96,10.77567060,106.67090207,10.51,"10°46'32.41""N, 106°40'15.25""E",FIX,
14:10:19.314,1786173019.314,TRACKING,1.479,0.399,0.003,-0.01,0.450,0.002,0.000,0.000,0.000,1.000,2.98,10.77567060,106.67090248,10.51,"10°46'32.41""N, 106°40'15.25""E",FIX,
14:10:19.382,1786173019.383,TRACKING,1.494,0.399,0.003,-0.01,0.450,0.001,0.000,0.000,0.000,1.000,2.99,10.77567060,106.67090248,10.51,"10°46'32.41""N, 106°40'15.25""E",FIX,
14:10:19.462,1786173019.463,TRACKING,1.509,0.399,0.003,-0.01,0.450,0.002,0.000,0.000,0.000,1.000,3.01,10.77567060,106.67090248,10.51,"10°46'32.41""N, 106°40'15.25""E",FIX,
14:10:19.531,1786173019.531,TRACKING,1.525,0.399,0.003,-0.01,0.450,0.002,0.000,0.000,0.000,1.000,3.02,10.77567061,106.67090289,10.51,"10°46'32.41""N, 106°40'15.25""E",FIX,
14:10:19.604,1786173019.605,TRACKING,1.540,0.399,0.003,-0.01,0.450,0.002,0.000,0.000,0.000,1.000,3.04,10.77567061,106.67090289,10.51,"10°46'32.41""N, 106°40'15.25""E",FIX,
14:10:19.672,1786173019.672,TRACKING,1.555,0.399,0.003,-0.00,0.450,-0.013,0.000,0.000,0.000,1.000,3.06,10.77567061,106.67090289,10.51,"10°46'32.41""N, 106°40'15.25""E",FIX,
14:10:19.747,1786173019.747,TRACKING,1.571,0.399,0.003,0.00,0.450,-0.008,0.000,0.000,0.000,0.583,3.07,10.77567061,106.67090330,10.51,"10°46'32.41""N, 106°40'15.25""E",FIX,
14:10:19.825,1786173019.825,TRACKING,1.586,0.399,0.003,0.00,0.450,-0.006,0.000,0.000,0.000,0.646,3.09,10.77567061,106.67090330,10.51,"10°46'32.41""N, 106°40'15.25""E",FIX,
14:10:19.905,1786173019.906,TRACKING,1.601,0.399,0.002,0.01,0.450,-0.005,0.000,0.000,0.000,0.729,3.10,10.77567061,106.67090330,10.51,"10°46'32.41""N, 106°40'15.25""E",FIX,
14:10:19.989,1786173019.989,TRACKING,1.617,0.399,0.002,0.01,0.450,-0.004,0.000,0.000,0.000,0.792,3.12,10.77567061,106.67090371,10.51,"10°46'32.41""N, 106°40'15.25""E",FIX,
14:10:20.050,1786173020.051,TRACKING,1.624,0.399,0.002,0.01,0.450,-0.004,0.000,0.000,0.000,0.854,3.12,10.77567061,106.67090371,10.51,"10°46'32.41""N, 106°40'15.25""E",FIX,
14:10:20.127,1786173020.128,TRACKING,1.639,0.399,0.002,0.01,0.450,-0.003,0.000,0.000,0.000,0.937,3.14,10.77567061,106.67090371,10.51,"10°46'32.41""N, 106°40'15.25""E",FIX,
14:10:20.201,1786173020.202,TRACKING,1.655,0.399,0.002,0.01,0.450,-0.003,0.000,0.000,0.000,1.000,3.15,10.77567061,106.67090413,10.51,"10°46'32.41""N, 106°40'15.25""E",FIX,
14:10:20.264,1786173020.265,TRACKING,1.670,0.399,0.002,0.01,0.450,-0.003,0.000,0.000,0.000,1.000,3.17,10.77567061,106.67090413,10.51,"10°46'32.41""N, 106°40'15.25""E",FIX,
14:10:20.345,1786173020.345,TRACKING,1.685,0.399,0.002,0.01,0.450,-0.003,0.000,0.000,0.000,1.000,3.19,10.77567061,106.67090413,10.51,"10°46'32.41""N, 106°40'15.25""E",FIX,
14:10:20.425,1786173020.426,TRACKING,1.701,0.399,0.002,0.01,0.450,-0.003,0.000,0.000,0.000,1.000,3.20,10.77567061,106.67090454,10.51,"10°46'32.41""N, 106°40'15.26""E",FIX,
14:10:20.495,1786173020.495,TRACKING,1.716,0.400,0.002,0.01,0.450,-0.003,0.000,0.000,0.000,1.000,3.22,10.77567061,106.67090454,10.51,"10°46'32.41""N, 106°40'15.26""E",FIX,
14:10:20.569,1786173020.570,TRACKING,1.731,0.400,0.001,0.01,0.450,-0.002,0.000,0.000,0.000,1.000,3.23,10.77567061,106.67090454,10.51,"10°46'32.41""N, 106°40'15.26""E",FIX,
14:10:20.654,1786173020.654,TRACKING,1.747,0.400,0.001,0.01,0.450,-0.002,0.000,0.000,0.000,1.000,3.25,10.77567061,106.67090495,10.51,"10°46'32.41""N, 106°40'15.26""E",FIX,
14:10:20.716,1786173020.717,TRACKING,1.754,0.400,0.001,0.01,0.450,-0.002,0.000,0.000,0.000,1.000,3.25,10.77567061,106.67090495,10.51,"10°46'32.41""N, 106°40'15.26""E",FIX,
14:10:20.804,1786173020.804,TRACKING,1.777,0.400,0.001,0.01,0.450,0.004,0.000,0.000,0.000,1.000,3.28,10.77567061,106.67090495,10.51,"10°46'32.41""N, 106°40'15.26""E",FIX,
14:10:20.880,1786173020.881,TRACKING,1.792,0.400,0.001,0.00,0.450,0.003,0.000,0.000,0.000,1.000,3.29,10.77567061,106.67090536,10.51,"10°46'32.41""N, 106°40'15.26""E",FIX,
14:10:20.958,1786173020.959,TRACKING,1.808,0.400,0.001,0.01,0.450,-0.005,0.000,0.000,0.000,1.000,3.31,10.77567061,106.67090536,10.51,"10°46'32.41""N, 106°40'15.26""E",FIX,
14:10:21.030,1786173021.030,TRACKING,1.823,0.400,0.001,0.01,0.450,-0.004,0.000,0.000,0.000,1.000,3.32,10.77567061,106.67090536,10.51,"10°46'32.41""N, 106°40'15.26""E",FIX,
14:10:21.096,1786173021.097,TRACKING,1.831,0.400,0.001,0.01,0.450,-0.004,0.000,0.000,0.000,1.000,3.33,10.77567061,106.67090577,10.51,"10°46'32.41""N, 106°40'15.26""E",FIX,
14:10:21.182,1786173021.182,TRACKING,1.854,0.400,0.001,0.01,0.450,-0.003,0.000,0.000,0.000,1.000,3.35,10.77567061,106.67090577,10.51,"10°46'32.41""N, 106°40'15.26""E",FIX,
14:10:21.255,1786173021.256,TRACKING,1.869,0.400,0.001,0.01,0.450,-0.003,0.000,0.000,0.000,1.000,3.37,10.77567061,106.67090577,10.51,"10°46'32.41""N, 106°40'15.26""E",FIX,
14:10:21.328,1786173021.328,TRACKING,1.877,0.400,0.001,0.01,0.450,-0.003,0.000,0.000,0.000,1.000,3.38,10.77567061,106.67090618,10.51,"10°46'32.41""N, 106°40'15.26""E",FIX,
14:10:21.433,1786173021.434,TRACKING,1.900,0.400,0.001,0.01,0.450,-0.003,0.000,0.000,0.000,1.000,3.40,10.77567061,106.67090618,10.51,"10°46'32.41""N, 106°40'15.26""E",FIX,
14:10:21.485,1786173021.485,TRACKING,1.907,0.400,0.001,0.01,0.450,-0.003,0.000,0.000,0.000,1.000,3.41,10.77567061,106.67090618,10.51,"10°46'32.41""N, 106°40'15.26""E",FIX,
14:10:21.546,1786173021.546,TRACKING,1.923,0.400,0.001,0.01,0.450,-0.003,0.000,0.000,0.000,1.000,3.42,10.77567062,106.67090659,10.51,"10°46'32.41""N, 106°40'15.26""E",FIX,
14:10:21.627,1786173021.628,TRACKING,1.938,0.400,0.001,0.01,0.450,-0.002,0.000,0.000,0.000,1.000,3.44,10.77567062,106.67090659,10.51,"10°46'32.41""N, 106°40'15.26""E",FIX,
14:10:21.709,1786173021.710,TRACKING,1.953,0.400,0.000,0.01,0.450,-0.002,0.000,0.000,0.000,0.812,3.45,10.77567062,106.67090659,10.51,"10°46'32.41""N, 106°40'15.26""E",FIX,
14:10:21.771,1786173021.772,TRACKING,1.968,0.400,0.000,0.01,0.450,-0.002,0.000,0.000,0.000,0.583,3.47,10.77567062,106.67090701,10.51,"10°46'32.41""N, 106°40'15.27""E",FIX,
14:10:21.862,1786173021.863,TRACKING,1.984,0.400,0.000,0.01,0.450,-0.002,0.000,0.000,0.000,0.667,3.48,10.77567062,106.67090701,10.51,"10°46'32.41""N, 106°40'15.27""E",FIX,
14:10:21.932,1786173021.932,TRACKING,1.999,0.400,0.000,0.01,0.450,-0.002,0.000,0.000,0.000,0.729,3.50,10.77567062,106.67090701,10.51,"10°46'32.41""N, 106°40'15.27""E",FIX,
14:10:22.008,1786173022.008,TRACKING,2.014,0.400,0.000,0.01,0.450,-0.002,0.000,0.000,0.000,0.792,3.51,10.77567062,106.67090742,10.51,"10°46'32.41""N, 106°40'15.27""E",FIX,
14:10:22.078,1786173022.078,TRACKING,2.030,0.400,0.000,0.01,0.450,-0.002,0.000,0.000,0.000,0.854,3.53,10.77567062,106.67090742,10.51,"10°46'32.41""N, 106°40'15.27""E",FIX,
14:10:22.161,1786173022.161,TRACKING,2.045,0.400,-0.000,0.01,0.450,-0.002,0.000,0.000,0.000,0.937,3.54,10.77567062,106.67090742,10.51,"10°46'32.41""N, 106°40'15.27""E",FIX,
14:10:22.231,1786173022.231,TRACKING,2.060,0.400,-0.000,0.01,0.450,-0.002,0.000,0.000,0.000,1.000,3.56,10.77567062,106.67090783,10.51,"10°46'32.41""N, 106°40'15.27""E",FIX,
14:10:22.292,1786173022.293,TRACKING,2.068,0.400,-0.000,0.01,0.450,-0.002,0.000,0.000,0.000,1.000,3.57,10.77567062,106.67090783,10.51,"10°46'32.41""N, 106°40'15.27""E",FIX,
14:10:22.380,1786173022.380,TRACKING,2.091,0.400,-0.000,0.01,0.450,-0.002,0.000,0.000,0.000,1.000,3.59,10.77567062,106.67090783,10.51,"10°46'32.41""N, 106°40'15.27""E",FIX,
14:10:22.461,1786173022.461,TRACKING,2.106,0.400,-0.000,0.01,0.450,-0.002,0.000,0.000,0.000,1.000,3.61,10.77567062,106.67090824,10.51,"10°46'32.41""N, 106°40'15.27""E",FIX,
14:10:22.535,1786173022.536,TRACKING,2.114,0.400,-0.000,0.01,0.450,-0.002,0.000,0.000,0.000,1.000,3.61,10.77567062,106.67090824,10.51,"10°46'32.41""N, 106°40'15.27""E",FIX,
14:10:22.598,1786173022.598,TRACKING,2.129,0.400,-0.000,0.01,0.450,-0.002,0.000,0.000,0.000,1.000,3.63,10.77567062,106.67090824,10.51,"10°46'32.41""N, 106°40'15.27""E",FIX,
14:10:22.681,1786173022.681,TRACKING,2.144,0.400,-0.001,0.01,0.450,-0.002,0.000,0.000,0.000,1.000,3.64,10.77567062,106.67090865,10.51,"10°46'32.41""N, 106°40'15.27""E",FIX,
14:10:22.748,1786173022.748,TRACKING,2.160,0.400,-0.001,0.01,0.450,-0.002,0.000,0.000,0.000,1.000,3.66,10.77567062,106.67090865,10.51,"10°46'32.41""N, 106°40'15.27""E",FIX,
14:10:22.821,1786173022.822,TRACKING,2.175,0.400,-0.001,0.01,0.450,-0.002,0.000,0.000,0.000,1.000,3.68,10.77567062,106.67090865,10.51,"10°46'32.41""N, 106°40'15.27""E",FIX,
14:10:22.899,1786173022.900,TRACKING,2.190,0.400,-0.001,0.01,0.450,0.004,0.000,0.000,0.000,1.000,3.69,10.77567062,106.67090906,10.51,"10°46'32.41""N, 106°40'15.27""E",FIX,
14:10:22.967,1786173022.968,TRACKING,2.206,0.400,-0.001,0.00,0.450,0.004,0.000,0.000,0.000,1.000,3.71,10.77567062,106.67090906,10.51,"10°46'32.41""N, 106°40'15.27""E",FIX,
14:10:23.049,1786173023.050,TRACKING,2.221,0.400,-0.001,0.01,0.450,-0.005,0.000,0.000,0.000,1.000,3.72,10.77567062,106.67090906,10.51,"10°46'32.41""N, 106°40'15.27""E",FIX,
14:10:23.115,1786173023.116,TRACKING,2.236,0.400,-0.001,0.01,0.450,-0.004,0.000,0.000,0.000,1.000,3.74,10.77567062,106.67090906,10.51,"10°46'32.41""N, 106°40'15.27""E",FIX,
14:10:23.187,1786173023.187,TRACKING,2.251,0.400,-0.001,0.01,0.450,-0.004,0.000,0.000,0.000,1.000,3.75,10.77567062,106.67090948,10.51,"10°46'32.41""N, 106°40'15.27""E",FIX,
14:10:23.261,1786173023.262,TRACKING,2.267,0.400,-0.001,0.01,0.450,-0.003,0.000,0.000,0.000,1.000,3.77,10.77567062,106.67090948,10.51,"10°46'32.41""N, 106°40'15.27""E",FIX,
14:10:23.343,1786173023.343,TRACKING,2.282,0.400,-0.001,0.01,0.450,-0.003,0.000,0.000,0.000,1.000,3.78,10.77567062,106.67090989,10.51,"10°46'32.41""N, 106°40'15.28""E",FIX,
14:10:23.414,1786173023.415,TRACKING,2.297,0.400,-0.001,0.01,0.450,0.005,0.000,0.000,0.000,1.000,3.80,10.77567062,106.67090989,10.51,"10°46'32.41""N, 106°40'15.28""E",FIX,
14:10:23.496,1786173023.496,TRACKING,2.313,0.400,-0.001,0.01,0.450,-0.004,0.000,0.000,0.000,1.000,3.81,10.77567062,106.67090989,10.51,"10°46'32.41""N, 106°40'15.28""E",FIX,
14:10:23.574,1786173023.575,TRACKING,2.328,0.400,-0.001,0.01,0.450,-0.004,0.000,0.000,0.000,1.000,3.83,10.77567062,106.67091030,10.51,"10°46'32.41""N, 106°40'15.28""E",FIX,
14:10:23.641,1786173023.642,TRACKING,2.343,0.400,-0.001,-0.01,0.450,0.042,0.000,0.000,0.000,1.000,3.84,10.77567062,106.67091030,10.51,"10°46'32.41""N, 106°40'15.28""E",FIX,
14:10:23.719,1786173023.719,TRACKING,2.359,0.400,-0.000,-0.02,0.450,0.030,0.000,0.000,0.000,0.521,3.86,10.77567062,106.67091030,10.51,"10°46'32.41""N, 106°40'15.28""E",FIX,
14:10:23.785,1786173023.785,TRACKING,2.366,0.400,0.000,-0.03,0.450,0.018,0.000,0.000,0.000,0.562,3.87,10.77567062,106.67091030,10.51,"10°46'32.41""N, 106°40'15.28""E",FIX,
14:10:23.869,1786173023.870,TRACKING,2.389,0.400,0.001,-0.03,0.450,0.007,0.000,0.000,0.000,0.625,3.89,10.77567061,106.67091071,10.51,"10°46'32.41""N, 106°40'15.28""E",FIX,
14:10:23.940,1786173023.940,TRACKING,2.397,0.400,0.002,-0.03,0.450,0.007,0.000,0.000,0.000,0.687,3.90,10.77567061,106.67091071,10.51,"10°46'32.41""N, 106°40'15.28""E",FIX,
14:10:24.016,1786173024.017,TRACKING,2.412,0.400,0.002,-0.03,0.450,0.007,0.000,0.000,0.000,0.750,3.91,10.77567061,106.67091071,10.51,"10°46'32.41""N, 106°40'15.28""E",FIX,
14:10:24.082,1786173024.083,TRACKING,2.427,0.400,0.002,-0.03,0.450,0.007,0.000,0.000,0.000,0.833,3.93,10.77567061,106.67091112,10.51,"10°46'32.41""N, 106°40'15.28""E",FIX,
14:10:24.167,1786173024.168,TRACKING,2.443,0.400,0.002,-0.03,0.450,0.007,0.000,0.000,0.000,0.917,3.94,10.77567061,106.67091112,10.51,"10°46'32.41""N, 106°40'15.28""E",FIX,
14:10:24.237,1786173024.237,TRACKING,2.458,0.400,0.003,-0.03,0.450,0.007,0.000,0.000,0.000,1.000,3.96,10.77567061,106.67091112,10.51,"10°46'32.41""N, 106°40'15.28""E",FIX,
14:10:24.313,1786173024.313,TRACKING,2.473,0.400,0.003,-0.03,0.450,0.007,0.000,0.000,0.000,1.000,3.97,10.77567061,106.67091153,10.51,"10°46'32.41""N, 106°40'15.28""E",FIX,
14:10:24.373,1786173024.374,TRACKING,2.489,0.400,0.003,-0.03,0.450,0.007,0.000,0.000,0.000,1.000,3.99,10.77567061,106.67091153,10.51,"10°46'32.41""N, 106°40'15.28""E",FIX,
14:10:24.452,1786173024.452,TRACKING,2.504,0.400,0.003,-0.03,0.450,0.007,0.000,0.000,0.000,1.000,4.00,10.77567061,106.67091153,10.51,"10°46'32.41""N, 106°40'15.28""E",FIX,
14:10:24.529,1786173024.529,TRACKING,2.519,0.400,0.003,-0.03,0.450,0.007,0.000,0.000,0.000,1.000,4.02,10.77567061,106.67091194,10.51,"10°46'32.41""N, 106°40'15.28""E",FIX,
14:10:24.603,1786173024.603,TRACKING,2.535,0.400,0.004,-0.02,0.450,-0.000,0.000,0.000,0.000,1.000,4.03,10.77567061,106.67091194,10.51,"10°46'32.41""N, 106°40'15.28""E",FIX,
14:10:24.668,1786173024.669,TRACKING,2.542,0.400,0.004,-0.02,0.450,0.001,0.000,0.000,0.000,1.000,4.04,10.77567061,106.67091194,10.51,"10°46'32.41""N, 106°40'15.28""E",FIX,
14:10:24.741,1786173024.742,TRACKING,2.557,0.400,0.004,-0.02,0.450,0.003,0.000,0.000,0.000,1.000,4.06,10.77567061,106.67091236,10.51,"10°46'32.41""N, 106°40'15.28""E",FIX,
14:10:24.843,1786173024.843,TRACKING,2.573,0.400,0.004,-0.02,0.450,0.010,0.000,0.000,0.000,1.000,4.07,10.77567061,106.67091236,10.51,"10°46'32.41""N, 106°40'15.28""E",FIX,
14:10:24.910,1786173024.911,TRACKING,2.596,0.400,0.004,-0.02,0.450,0.003,0.000,0.000,0.000,1.000,4.10,10.77567061,106.67091236,10.51,"10°46'32.41""N, 106°40'15.28""E",FIX,
14:10:24.978,1786173024.978,TRACKING,2.603,0.400,0.004,-0.02,0.450,0.003,0.000,0.000,0.000,1.000,4.10,10.77567061,106.67091277,10.51,"10°46'32.41""N, 106°40'15.29""E",FIX,
14:10:25.062,1786173025.062,TRACKING,2.619,0.400,0.004,-0.02,0.450,0.004,0.000,0.000,0.000,1.000,4.12,10.77567061,106.67091277,10.51,"10°46'32.41""N, 106°40'15.29""E",FIX,
14:10:25.134,1786173025.134,TRACKING,2.634,0.400,0.004,-0.02,0.450,0.004,0.000,0.000,0.000,1.000,4.13,10.77567061,106.67091277,10.51,"10°46'32.41""N, 106°40'15.29""E",FIX,
14:10:25.201,1786173025.201,TRACKING,2.649,0.400,0.005,-0.02,0.450,0.004,0.000,0.000,0.000,1.000,4.15,10.77567062,106.67091318,10.51,"10°46'32.41""N, 106°40'15.29""E",FIX,
14:10:25.282,1786173025.282,TRACKING,2.665,0.400,0.005,-0.02,0.450,0.005,0.000,0.000,0.000,1.000,4.16,10.77567062,106.67091318,10.51,"10°46'32.41""N, 106°40'15.29""E",FIX,
14:10:25.361,1786173025.362,TRACKING,2.680,0.400,0.005,-0.02,0.450,0.005,0.000,0.000,0.000,1.000,4.18,10.77567062,106.67091318,10.51,"10°46'32.41""N, 106°40'15.29""E",FIX,
14:10:25.423,1786173025.423,TRACKING,2.695,0.400,0.005,-0.02,0.450,0.005,0.000,0.000,0.000,1.000,4.20,10.77567062,106.67091359,10.51,"10°46'32.41""N, 106°40'15.29""E",FIX,
14:10:25.497,1786173025.498,TRACKING,2.710,0.400,0.005,-0.02,0.450,0.005,0.000,0.000,0.000,1.000,4.21,10.77567062,106.67091359,10.51,"10°46'32.41""N, 106°40'15.29""E",FIX,
14:10:25.567,1786173025.568,TRACKING,2.726,0.400,0.005,-0.02,0.450,0.013,0.000,0.000,0.000,1.000,4.23,10.77567062,106.67091359,10.51,"10°46'32.41""N, 106°40'15.29""E",FIX,
14:10:25.647,1786173025.647,TRACKING,2.741,0.400,0.006,-0.02,0.450,0.010,0.000,0.000,0.000,1.000,4.24,10.77567062,106.67091400,10.51,"10°46'32.41""N, 106°40'15.29""E",FIX,
14:10:25.724,1786173025.725,TRACKING,2.756,0.400,0.006,-0.02,0.450,0.001,0.000,0.000,0.000,0.125,4.26,10.77567062,106.67091400,10.51,"10°46'32.41""N, 106°40'15.29""E",FIX,
14:10:25.788,1786173025.789,TRACKING,2.772,0.400,0.006,-0.02,0.450,-0.000,0.000,0.000,0.000,0.000,4.27,10.77567062,106.67091400,10.51,"10°46'32.41""N, 106°40'15.29""E",FIX,
14:10:25.868,1786173025.868,TRACKING,2.787,0.400,0.006,-0.02,0.450,0.001,0.000,0.000,0.000,0.000,4.29,10.77567062,106.67091441,10.51,"10°46'32.41""N, 106°40'15.29""E",FIX,
14:10:25.938,1786173025.938,TRACKING,2.802,0.400,0.006,-0.02,0.450,0.001,0.000,0.000,0.000,0.000,4.30,10.77567062,106.67091441,10.51,"10°46'32.41""N, 106°40'15.29""E",FIX,
14:10:26.007,1786173026.007,TRACKING,2.818,0.401,0.006,-0.01,0.450,0.001,0.000,0.000,0.000,0.000,4.32,10.77567062,106.67091441,10.51,"10°46'32.41""N, 106°40'15.29""E",FIX,
14:10:26.072,1786173026.073,TRACKING,2.825,0.401,0.006,-0.01,0.450,-0.000,0.000,0.000,0.000,0.000,4.33,10.77567062,106.67091482,10.51,"10°46'32.41""N, 106°40'15.29""E",FIX,
14:10:26.164,1786173026.165,TRACKING,2.848,0.401,0.006,-0.01,0.450,0.001,0.000,0.000,0.000,0.000,4.35,10.77567062,106.67091482,10.51,"10°46'32.41""N, 106°40'15.29""E",FIX,
14:10:26.237,1786173026.237,TRACKING,2.856,0.401,0.006,-0.01,0.450,0.000,0.000,0.000,0.000,0.000,4.36,10.77567062,106.67091482,10.51,"10°46'32.41""N, 106°40'15.29""E",FIX,
14:10:26.314,1786173026.314,TRACKING,2.871,0.401,0.006,-0.01,0.450,0.001,0.000,0.000,0.000,0.000,4.37,10.77567062,106.67091524,10.51,"10°46'32.41""N, 106°40'15.29""E",FIX,
14:10:26.384,1786173026.384,TRACKING,2.886,0.401,0.006,-0.01,0.450,0.000,0.000,0.000,0.000,0.000,4.39,10.77567062,106.67091524,10.51,"10°46'32.41""N, 106°40'15.29""E",FIX,
14:10:26.459,1786173026.459,TRACKING,2.902,0.401,0.006,-0.01,0.450,0.000,0.000,0.000,0.000,0.000,4.40,10.77567062,106.67091524,10.51,"10°46'32.41""N, 106°40'15.29""E",FIX,
14:10:26.528,1786173026.529,TRACKING,2.917,0.401,0.006,-0.01,0.450,0.000,0.000,0.000,0.000,0.000,4.42,10.77567063,106.67091565,10.51,"10°46'32.41""N, 106°40'15.30""E",FIX,
14:10:26.594,1786173026.595,TRACKING,2.932,0.401,0.006,-0.01,0.450,-0.000,0.000,0.000,0.000,0.000,4.43,10.77567063,106.67091565,10.51,"10°46'32.41""N, 106°40'15.30""E",FIX,
14:10:26.674,1786173026.675,TRACKING,2.948,0.401,0.006,-0.01,0.450,0.000,0.000,0.000,0.000,0.000,4.45,10.77567063,106.67091565,10.51,"10°46'32.41""N, 106°40'15.30""E",FIX,
14:10:26.753,1786173026.754,TRACKING,2.963,0.401,0.006,-0.00,0.450,0.000,0.000,0.000,0.000,0.000,4.46,10.77567063,106.67091606,10.51,"10°46'32.41""N, 106°40'15.30""E",FIX,
14:10:26.820,1786173026.821,TRACKING,2.978,0.402,0.006,-0.00,0.450,-0.000,0.000,0.000,0.000,0.000,4.48,10.77567063,106.67091606,10.51,"10°46'32.41""N, 106°40'15.30""E",FIX,
14:10:26.902,1786173026.902,TRACKING,2.994,0.402,0.006,-0.00,0.450,0.000,0.000,0.000,0.000,0.000,4.49,10.77567063,106.67091606,10.51,"10°46'32.41""N, 106°40'15.30""E",FIX,
14:10:26.955,1786173026.956,TRACKING,3.009,0.402,0.006,-0.00,0.450,-0.000,0.000,0.000,0.000,0.000,4.51,10.77567063,106.67091647,10.51,"10°46'32.41""N, 106°40'15.30""E",FIX,
14:10:27.042,1786173027.043,TRACKING,3.024,0.402,0.006,-0.00,0.450,0.000,0.000,0.000,0.000,0.000,4.52,10.77567063,106.67091647,10.51,"10°46'32.41""N, 106°40'15.30""E",FIX,
14:10:27.110,1786173027.111,TRACKING,3.039,0.402,0.006,-0.00,0.450,0.000,0.000,0.000,0.000,0.000,4.54,10.77567063,106.67091647,10.51,"10°46'32.41""N, 106°40'15.30""E",FIX,
14:10:27.181,1786173027.181,TRACKING,3.055,0.402,0.006,-0.00,0.450,0.000,0.000,0.000,0.000,0.000,4.55,10.77567063,106.67091688,10.51,"10°46'32.41""N, 106°40'15.30""E",FIX,
14:10:27.258,1786173027.259,TRACKING,3.070,0.402,0.006,-0.00,0.450,0.000,0.000,0.000,0.000,0.000,4.57,10.77567063,106.67091688,10.51,"10°46'32.41""N, 106°40'15.30""E",FIX,
14:10:27.334,1786173027.334,TRACKING,3.085,0.402,0.006,-0.00,0.450,0.000,0.000,0.000,0.000,0.000,4.59,10.77567063,106.67091688,10.51,"10°46'32.41""N, 106°40'15.30""E",FIX,
14:10:27.397,1786173027.398,TRACKING,3.093,0.402,0.006,-0.00,0.450,-0.000,0.000,0.000,0.000,0.000,4.59,10.77567064,106.67091729,10.51,"10°46'32.41""N, 106°40'15.30""E",FIX,
14:10:27.471,1786173027.471,TRACKING,3.108,0.402,0.006,-0.00,0.450,0.000,0.000,0.000,0.000,0.000,4.61,10.77567064,106.67091729,10.51,"10°46'32.41""N, 106°40'15.30""E",FIX,
14:10:27.541,1786173027.541,TRACKING,3.124,0.402,0.006,-0.00,0.450,0.000,0.000,0.000,0.000,0.000,4.62,10.77567064,106.67091729,10.51,"10°46'32.41""N, 106°40'15.30""E",FIX,
14:10:27.616,1786173027.617,TRACKING,3.139,0.403,0.006,-0.00,0.450,0.000,0.000,0.000,0.000,0.000,4.64,10.77567064,106.67091770,10.51,"10°46'32.41""N, 106°40'15.30""E",FIX,
14:10:27.694,1786173027.694,TRACKING,3.154,0.403,0.006,-0.00,0.450,0.000,0.000,0.000,0.000,0.000,4.65,10.77567064,106.67091770,10.51,"10°46'32.41""N, 106°40'15.30""E",FIX,
14:10:27.761,1786173027.761,TRACKING,3.169,0.403,0.006,-0.00,0.450,-0.000,0.000,0.000,0.000,0.000,4.67,10.77567064,106.67091770,10.51,"10°46'32.41""N, 106°40'15.30""E",FIX,
14:10:27.847,1786173027.848,TRACKING,3.185,0.403,0.006,-0.00,0.450,0.000,0.000,0.000,0.000,0.000,4.68,10.77567064,106.67091812,10.51,"10°46'32.41""N, 106°40'15.31""E",FIX,
14:10:27.906,1786173027.907,TRACKING,3.200,0.403,0.006,-0.00,0.450,-0.000,0.000,0.000,0.000,0.000,4.70,10.77567064,106.67091812,10.51,"10°46'32.41""N, 106°40'15.31""E",FIX,
14:10:27.987,1786173027.987,TRACKING,3.215,0.403,0.006,-0.00,0.450,0.000,0.000,0.000,0.000,0.000,4.72,10.77567064,106.67091812,10.51,"10°46'32.41""N, 106°40'15.31""E",FIX,
14:10:28.059,1786173028.059,TRACKING,3.231,0.403,0.006,-0.00,0.450,0.000,0.000,0.000,0.000,0.000,4.73,10.77567064,106.67091853,10.51,"10°46'32.41""N, 106°40'15.31""E",FIX,
14:10:28.122,1786173028.122,TRACKING,3.246,0.403,0.006,-0.00,0.450,0.000,0.000,0.000,0.000,0.000,4.75,10.77567064,106.67091853,10.51,"10°46'32.41""N, 106°40'15.31""E",FIX,
14:10:28.200,1786173028.201,TRACKING,3.254,0.403,0.006,-0.00,0.450,0.000,0.000,0.000,0.000,0.000,4.75,10.77567064,106.67091853,10.51,"10°46'32.41""N, 106°40'15.31""E",FIX,
14:10:28.278,1786173028.278,TRACKING,3.277,0.403,0.006,-0.00,0.450,0.000,0.000,0.000,0.000,0.000,4.78,10.77567065,106.67091894,10.51,"10°46'32.41""N, 106°40'15.31""E",FIX,
14:10:28.354,1786173028.355,TRACKING,3.292,0.403,0.006,-0.00,0.450,0.000,0.000,0.000,0.000,0.000,4.79,10.77567065,106.67091894,10.51,"10°46'32.41""N, 106°40'15.31""E",FIX,
14:10:28.430,1786173028.431,TRACKING,3.307,0.404,0.006,-0.00,0.450,0.000,0.000,0.000,0.000,0.000,4.81,10.77567065,106.67091894,10.51,"10°46'32.41""N, 106°40'15.31""E",FIX,
14:10:28.493,1786173028.494,TRACKING,3.315,0.404,0.006,-0.00,0.450,-0.000,0.000,0.000,0.000,0.000,4.81,10.77567065,106.67091935,10.51,"10°46'32.41""N, 106°40'15.31""E",FIX,
14:10:28.576,1786173028.576,TRACKING,3.338,0.404,0.006,-0.00,0.450,0.000,0.000,0.000,0.000,0.000,4.84,10.77567065,106.67091935,10.51,"10°46'32.41""N, 106°40'15.31""E",FIX,
14:10:28.633,1786173028.633,TRACKING,3.345,0.404,0.006,-0.00,0.450,-0.000,0.000,0.000,0.000,0.000,4.85,10.77567065,106.67091935,10.51,"10°46'32.41""N, 106°40'15.31""E",FIX,
14:10:28.724,1786173028.724,TRACKING,3.361,0.404,0.006,-0.00,0.450,0.000,0.000,0.000,0.000,0.000,4.86,10.77567065,106.67091976,10.51,"10°46'32.41""N, 106°40'15.31""E",FIX,
14:10:28.794,1786173028.794,TRACKING,3.376,0.404,0.006,-0.00,0.450,0.000,0.000,0.000,0.000,0.000,4.88,10.77567065,106.67091976,10.51,"10°46'32.41""N, 106°40'15.31""E",FIX,
14:10:28.872,1786173028.872,TRACKING,3.391,0.404,0.006,-0.00,0.450,0.000,0.000,0.000,0.000,0.000,4.89,10.77567065,106.67091976,10.51,"10°46'32.41""N, 106°40'15.31""E",FIX,
14:10:28.931,1786173028.931,TRACKING,3.407,0.404,0.006,-0.00,0.450,-0.000,0.000,0.000,0.000,0.000,4.91,10.77567065,106.67092017,10.51,"10°46'32.41""N, 106°40'15.31""E",FIX,
14:10:29.022,1786173029.022,TRACKING,3.422,0.404,0.006,-0.00,0.450,0.000,0.000,0.000,0.000,0.000,4.92,10.77567065,106.67092017,10.51,"10°46'32.41""N, 106°40'15.31""E",FIX,
14:10:29.089,1786173029.090,TRACKING,3.437,0.404,0.006,-0.00,0.450,0.000,0.000,0.000,0.000,0.000,4.94,10.77567065,106.67092017,10.51,"10°46'32.41""N, 106°40'15.31""E",FIX,
14:10:29.160,1786173029.160,TRACKING,3.453,0.404,0.006,-0.00,0.450,0.000,0.000,0.000,0.000,0.000,4.95,10.77567066,106.67092058,10.51,"10°46'32.41""N, 106°40'15.31""E",FIX,
14:10:29.227,1786173029.227,TRACKING,3.468,0.405,0.006,-0.00,0.450,0.000,0.000,0.000,0.000,0.000,4.97,10.77567066,106.67092058,10.51,"10°46'32.41""N, 106°40'15.31""E",FIX,
14:10:29.309,1786173029.309,TRACKING,3.483,0.405,0.006,-0.00,0.450,0.000,0.000,0.000,0.000,0.000,4.98,10.77567066,106.67092058,10.51,"10°46'32.41""N, 106°40'15.31""E",FIX,
14:10:29.385,1786173029.385,TRACKING,3.498,0.405,0.006,-0.00,0.450,0.000,0.000,0.000,0.000,0.000,5.00,10.77567066,106.67092100,10.51,"10°46'32.41""N, 106°40'15.32""E",FIX,
14:10:41.839,1786173041.839,UTURN_PLANNING,6.031,0.421,0.006,0.00,0.000,0.000,0.000,0.000,0.000,0.000,0.00,10.77567080,106.67094404,10.51,"10°46'32.41""N, 106°40'15.40""E",FIX,
14:10:41.851,1786173041.851,PATH_FOLLOWING,6.031,0.421,0.006,88.68,0.020,-1.500,0.000,0.000,0.000,0.000,0.00,10.77567080,106.67094404,10.51,"10°46'32.41""N, 106°40'15.40""E",FIX,
14:10:41.862,1786173041.863,PATH_FOLLOWING,6.031,0.421,0.006,88.68,0.020,-1.500,0.000,0.000,0.000,0.000,0.00,10.77567080,106.67094415,10.51,"10°46'32.41""N, 106°40'15.40""E",FIX,
14:10:41.874,1786173041.875,PATH_FOLLOWING,6.031,0.421,0.006,88.68,0.020,-1.500,0.000,0.000,0.000,0.000,0.00,10.77567080,106.67094415,10.51,"10°46'32.41""N, 106°40'15.40""E",FIX,
14:10:41.884,1786173041.885,PATH_FOLLOWING,6.031,0.421,0.006,88.68,0.020,-1.500,0.000,0.000,0.000,0.000,0.00,10.77567080,106.67094415,10.51,"10°46'32.41""N, 106°40'15.40""E",FIX,
14:10:41.896,1786173041.896,PATH_FOLLOWING,6.031,0.421,0.006,88.68,0.020,-1.500,0.000,0.000,0.000,0.000,0.00,10.77567080,106.67094415,10.51,"10°46'32.41""N, 106°40'15.40""E",FIX,
14:10:41.964,1786173041.965,PATH_FOLLOWING,6.032,0.421,-0.046,88.68,0.020,-1.500,0.000,0.000,0.000,0.000,0.00,10.77567080,106.67094415,10.51,"10°46'32.41""N, 106°40'15.40""E",FIX,
14:10:42.029,1786173042.029,PATH_FOLLOWING,6.032,0.422,-0.070,88.68,0.020,-1.500,0.000,0.000,0.000,0.000,0.00,10.77567080,106.67094415,10.51,"10°46'32.41""N, 106°40'15.40""E",FIX,
14:10:42.112,1786173042.112,PATH_FOLLOWING,6.033,0.423,-0.145,88.68,0.020,-1.500,0.000,0.000,0.000,0.000,0.00,10.77567082,106.67094416,10.51,"10°46'32.41""N, 106°40'15.40""E",FIX,
14:10:42.176,1786173042.176,PATH_FOLLOWING,6.034,0.424,-0.170,88.68,0.020,-1.500,0.000,0.000,0.000,0.000,0.00,10.77567082,106.67094416,10.51,"10°46'32.41""N, 106°40'15.40""E",FIX,
14:10:42.253,1786173042.254,PATH_FOLLOWING,6.034,0.426,-0.219,88.68,0.020,-1.500,0.000,0.000,0.000,0.000,0.00,10.77567082,106.67094416,10.51,"10°46'32.41""N, 106°40'15.40""E",FIX,
14:10:42.321,1786173042.321,PATH_FOLLOWING,6.035,0.428,-0.266,88.68,0.020,-1.500,0.000,0.000,0.000,0.000,0.00,10.77567087,106.67094418,10.51,"10°46'32.42""N, 106°40'15.40""E",FIX,
14:10:42.410,1786173042.410,PATH_FOLLOWING,6.036,0.430,-0.312,88.68,0.020,-1.500,0.000,0.000,0.000,0.000,0.00,10.77567087,106.67094418,10.51,"10°46'32.42""N, 106°40'15.40""E",FIX,
14:10:42.489,1786173042.489,PATH_FOLLOWING,6.036,0.433,-0.356,88.68,0.020,-1.500,0.000,0.000,0.000,0.000,0.00,10.77567087,106.67094418,10.51,"10°46'32.42""N, 106°40'15.40""E",FIX,
14:10:42.548,1786173042.549,PATH_FOLLOWING,6.037,0.436,-0.399,88.68,0.020,-1.500,0.000,0.000,0.000,0.000,0.00,10.77567094,106.67094420,10.51,"10°46'32.42""N, 106°40'15.40""E",FIX,
14:10:42.630,1786173042.631,PATH_FOLLOWING,6.037,0.440,-0.441,88.68,0.020,-1.500,0.000,0.000,0.000,0.000,0.00,10.77567094,106.67094420,10.51,"10°46'32.42""N, 106°40'15.40""E",FIX,
14:10:42.700,1786173042.701,PATH_FOLLOWING,6.038,0.444,-0.481,88.68,0.020,-1.500,0.000,0.000,0.000,0.000,0.00,10.77567094,106.67094420,10.51,"10°46'32.42""N, 106°40'15.40""E",FIX,
14:10:42.767,1786173042.767,PATH_FOLLOWING,6.039,0.448,-0.521,88.68,0.020,-1.500,0.000,0.000,0.000,0.000,0.00,10.77567104,106.67094421,10.51,"10°46'32.42""N, 106°40'15.40""E",FIX,
14:10:42.838,1786173042.838,PATH_FOLLOWING,6.039,0.450,-0.540,88.68,0.020,-1.500,0.000,0.000,0.000,0.000,0.00,10.77567104,106.67094421,10.51,"10°46'32.42""N, 106°40'15.40""E",FIX,
14:10:42.917,1786173042.918,PATH_FOLLOWING,6.040,0.455,-0.597,88.68,0.020,-1.500,0.000,0.000,0.000,0.000,0.00,10.77567104,106.67094421,10.51,"10°46'32.42""N, 106°40'15.40""E",FIX,
14:10:42.991,1786173042.992,PATH_FOLLOWING,6.040,0.458,-0.633,88.68,0.020,-1.500,0.000,0.000,0.000,0.000,0.00,10.77567113,106.67094423,10.51,"10°46'32.42""N, 106°40'15.40""E",FIX,
14:10:43.074,1786173043.074,PATH_FOLLOWING,6.041,0.459,-0.668,88.68,0.020,-1.500,0.000,0.000,0.000,0.000,0.00,10.77567113,106.67094423,10.51,"10°46'32.42""N, 106°40'15.40""E",FIX,
14:10:43.144,1786173043.145,PATH_FOLLOWING,6.041,0.461,-0.703,88.68,0.020,-1.500,0.000,0.000,0.000,0.000,0.00,10.77567113,106.67094423,10.51,"10°46'32.42""N, 106°40'15.40""E",FIX,
14:10:43.214,1786173043.215,PATH_FOLLOWING,6.042,0.461,-0.720,88.68,0.020,-1.500,0.000,0.000,0.000,0.000,0.00,10.77567117,106.67094424,10.51,"10°46'32.42""N, 106°40'15.40""E",FIX,
14:10:43.293,1786173043.293,PATH_FOLLOWING,6.042,0.462,-0.769,88.68,0.020,-1.500,0.000,0.000,0.000,0.000,0.00,10.77567117,106.67094424,10.51,"10°46'32.42""N, 106°40'15.40""E",FIX,
14:10:43.346,1786173043.346,PATH_FOLLOWING,6.043,0.461,-0.785,88.68,0.020,-1.500,0.000,0.000,0.000,0.000,0.00,10.77567117,106.67094424,10.51,"10°46'32.42""N, 106°40'15.40""E",FIX,
14:10:43.433,1786173043.434,PATH_FOLLOWING,6.043,0.461,-0.817,88.68,0.020,-1.500,0.000,0.000,0.000,0.000,0.00,10.77567117,106.67094426,10.51,"10°46'32.42""N, 106°40'15.40""E",FIX,
14:10:43.499,1786173043.500,PATH_FOLLOWING,6.044,0.461,-0.847,88.57,0.022,-1.500,0.000,0.000,0.000,0.000,0.00,10.77567117,106.67094426,10.51,"10°46'32.42""N, 106°40'15.40""E",FIX,
14:10:43.574,1786173043.574,PATH_FOLLOWING,6.044,0.460,-0.877,88.29,0.026,-1.500,0.000,0.000,0.000,0.000,0.00,10.77567117,106.67094426,10.51,"10°46'32.42""N, 106°40'15.40""E",FIX,
14:10:43.646,1786173043.646,PATH_FOLLOWING,6.045,0.460,-0.906,87.99,0.030,-1.500,0.000,0.000,0.000,0.000,0.00,10.77567116,106.67094427,10.51,"10°46'32.42""N, 106°40'15.40""E",FIX,
14:10:43.721,1786173043.721,PATH_FOLLOWING,6.045,0.459,-0.934,87.69,0.035,-1.500,0.000,0.000,0.000,0.000,0.00,10.77567116,106.67094427,10.51,"10°46'32.42""N, 106°40'15.40""E",FIX,
14:10:43.791,1786173043.791,PATH_FOLLOWING,6.046,0.459,-0.961,87.38,0.040,-1.500,0.000,0.000,0.000,0.000,0.00,10.77567116,106.67094427,10.51,"10°46'32.42""N, 106°40'15.40""E",FIX,
14:10:43.873,1786173043.874,PATH_FOLLOWING,6.047,0.458,-0.987,87.07,0.045,-1.500,0.000,0.000,0.000,0.000,0.00,10.77567114,106.67094429,10.51,"10°46'32.42""N, 106°40'15.40""E",FIX,
14:10:43.943,1786173043.944,PATH_FOLLOWING,6.047,0.458,-1.013,86.75,0.049,-1.500,0.000,0.000,0.000,0.000,0.00,10.77567114,106.67094429,10.51,"10°46'32.42""N, 106°40'15.40""E",FIX,
14:10:43.999,1786173043.999,PATH_FOLLOWING,6.048,0.457,-1.026,86.59,0.052,-1.500,0.000,0.000,0.000,0.000,0.00,10.77567114,106.67094429,10.51,"10°46'32.42""N, 106°40'15.40""E",FIX,
14:10:44.083,1786173044.084,PATH_FOLLOWING,6.049,0.456,-1.062,86.12,0.059,-1.500,0.000,0.000,0.000,0.000,0.00,10.77567113,106.67094431,10.51,"10°46'32.42""N, 106°40'15.40""E",FIX,
14:10:44.152,1786173044.152,PATH_FOLLOWING,6.050,0.456,-1.085,85.80,0.064,-1.500,0.000,0.000,0.000,0.000,0.00,10.77567113,106.67094431,10.51,"10°46'32.42""N, 106°40'15.40""E",FIX,
14:10:44.223,1786173044.223,PATH_FOLLOWING,6.051,0.455,-1.108,85.50,0.069,-1.500,0.000,0.000,0.000,0.000,0.00,10.77567113,106.67094431,10.51,"10°46'32.42""N, 106°40'15.40""E",FIX,
14:10:44.295,1786173044.295,PATH_FOLLOWING,6.052,0.455,-1.130,85.19,0.073,-1.500,0.000,0.000,0.000,0.000,0.00,10.77567111,106.67094434,10.51,"10°46'32.42""N, 106°40'15.40""E",FIX,
14:10:44.366,1786173044.366,PATH_FOLLOWING,6.053,0.454,-1.151,84.89,0.078,-1.500,0.000,0.000,0.000,0.000,0.00,10.77567111,106.67094434,10.51,"10°46'32.42""N, 106°40'15.40""E",FIX,
14:10:44.436,1786173044.436,PATH_FOLLOWING,6.054,0.454,-1.171,84.60,0.082,-1.500,0.000,0.000,0.000,0.000,0.00,10.77567111,106.67094434,10.51,"10°46'32.42""N, 106°40'15.40""E",FIX,
14:10:44.510,1786173044.511,PATH_FOLLOWING,6.055,0.453,-1.191,84.31,0.087,-1.500,0.000,0.000,0.000,0.000,0.00,10.77567110,106.67094436,10.51,"10°46'32.42""N, 106°40'15.40""E",FIX,
14:10:44.584,1786173044.584,PATH_FOLLOWING,6.056,0.452,-1.210,84.04,0.091,-1.500,0.000,0.000,0.000,0.000,0.00,10.77567110,106.67094436,10.51,"10°46'32.42""N, 106°40'15.40""E",FIX,
14:10:44.662,1786173044.662,PATH_FOLLOWING,6.057,0.452,-1.219,83.90,0.093,-1.500,0.000,0.000,0.000,0.000,0.00,10.77567110,106.67094436,10.51,"10°46'32.42""N, 106°40'15.40""E",FIX,
14:10:44.723,1786173044.724,PATH_FOLLOWING,6.058,0.452,-1.237,83.64,0.097,-1.500,0.000,0.000,0.000,0.000,0.00,10.77567110,106.67094436,10.51,"10°46'32.42""N, 106°40'15.40""E",FIX,
14:10:44.798,1786173044.799,PATH_FOLLOWING,6.059,0.451,-1.254,83.38,0.101,-1.500,0.000,0.000,0.000,0.000,0.00,10.77567108,106.67094439,10.51,"10°46'32.42""N, 106°40'15.40""E",FIX,
14:10:44.868,1786173044.869,PATH_FOLLOWING,6.060,0.450,-1.271,83.14,0.105,-1.500,0.000,0.000,0.000,0.000,0.00,10.77567108,106.67094439,10.51,"10°46'32.42""N, 106°40'15.40""E",FIX,
14:10:44.939,1786173044.939,PATH_FOLLOWING,6.061,0.450,-1.287,82.90,0.108,-1.500,0.000,0.000,0.000,0.000,0.00,10.77567108,106.67094439,10.51,"10°46'32.42""N, 106°40'15.40""E",FIX,
14:10:45.014,1786173045.014,PATH_FOLLOWING,6.062,0.449,-1.302,82.68,0.112,-1.500,0.000,0.000,0.000,0.000,0.00,10.77567106,106.67094442,10.51,"10°46'32.42""N, 106°40'15.40""E",FIX,
14:10:45.090,1786173045.090,PATH_FOLLOWING,6.063,0.449,-1.317,82.46,0.115,-1.500,0.000,0.000,0.000,0.000,0.00,10.77567106,106.67094442,10.51,"10°46'32.42""N, 106°40'15.40""E",FIX,
14:10:45.159,1786173045.160,PATH_FOLLOWING,6.064,0.448,-1.331,82.25,0.118,-1.500,0.000,0.000,0.000,0.000,0.00,10.77567106,106.67094442,10.51,"10°46'32.42""N, 106°40'15.40""E",FIX,
14:10:45.237,1786173045.237,PATH_FOLLOWING,6.065,0.447,-1.344,82.05,0.121,-1.500,0.000,0.000,0.000,0.000,0.00,10.77567105,106.67094444,10.51,"10°46'32.42""N, 106°40'15.40""E",FIX,
14:10:45.294,1786173045.295,PATH_FOLLOWING,6.065,0.447,-1.350,81.96,0.123,-1.500,0.000,0.000,0.000,0.000,0.00,10.77567105,106.67094444,10.51,"10°46'32.42""N, 106°40'15.40""E",FIX,
14:10:45.380,1786173045.380,PATH_FOLLOWING,6.066,0.446,-1.369,81.69,0.127,-1.500,0.000,0.000,0.000,0.000,0.00,10.77567105,106.67094444,10.51,"10°46'32.42""N, 106°40'15.40""E",FIX,
14:10:45.451,1786173045.452,PATH_FOLLOWING,6.067,0.446,-1.381,81.52,0.130,-1.500,0.000,0.000,0.000,0.000,0.00,10.77567103,106.67094447,10.51,"10°46'32.42""N, 106°40'15.40""E",FIX,
14:10:45.534,1786173045.534,PATH_FOLLOWING,6.068,0.445,-1.392,81.35,0.132,-1.500,0.000,0.000,0.000,0.000,0.00,10.77567103,106.67094447,10.51,"10°46'32.42""N, 106°40'15.40""E",FIX,
14:10:45.597,1786173045.597,PATH_FOLLOWING,6.068,0.445,-1.397,81.28,0.133,-1.500,0.000,0.000,0.000,0.000,0.00,10.77567103,106.67094447,10.51,"10°46'32.42""N, 106°40'15.40""E",FIX,
14:10:45.662,1786173045.662,PATH_FOLLOWING,6.069,0.444,-1.407,81.13,0.136,-1.500,0.000,0.000,0.000,0.000,0.00,10.77567102,106.67094449,10.51,"10°46'32.42""N, 106°40'15.40""E",FIX,
14:10:45.733,1786173045.734,PATH_FOLLOWING,6.070,0.443,-1.417,80.99,0.138,-1.500,0.000,0.000,0.000,0.000,0.00,10.77567102,106.67094449,10.51,"10°46'32.42""N, 106°40'15.40""E",FIX,
14:10:45.801,1786173045.802,PATH_FOLLOWING,6.071,0.443,-1.426,80.85,0.140,-1.500,0.000,0.000,0.000,0.000,0.00,10.77567102,106.67094449,10.51,"10°46'32.42""N, 106°40'15.40""E",FIX,
14:10:45.885,1786173045.885,PATH_FOLLOWING,6.072,0.442,-1.439,80.67,0.143,-1.500,0.000,0.000,0.000,0.000,0.00,10.77567100,106.67094451,10.51,"10°46'32.42""N, 106°40'15.40""E",FIX,
14:10:45.966,1786173045.966,PATH_FOLLOWING,6.072,0.442,-1.443,80.61,0.144,-1.500,0.000,0.000,0.000,0.000,0.00,10.77567100,106.67094451,10.51,"10°46'32.42""N, 106°40'15.40""E",FIX,
14:10:46.034,1786173046.034,PATH_FOLLOWING,6.072,0.441,-1.451,80.50,0.146,-1.500,0.000,0.000,0.000,0.000,0.00,10.77567100,106.67094451,10.51,"10°46'32.42""N, 106°40'15.40""E",FIX,
14:10:46.108,1786173046.109,PATH_FOLLOWING,6.073,0.440,-1.459,80.40,0.147,-1.500,0.000,0.000,0.000,0.000,0.00,10.77567098,106.67094453,10.51,"10°46'32.42""N, 106°40'15.40""E",FIX,
14:10:46.184,1786173046.185,PATH_FOLLOWING,6.074,0.440,-1.466,80.30,0.149,-1.500,0.000,0.000,0.000,0.000,0.00,10.77567098,106.67094453,10.51,"10°46'32.42""N, 106°40'15.40""E",FIX,
14:10:46.245,1786173046.245,PATH_FOLLOWING,6.074,0.439,-1.472,80.21,0.150,-1.500,0.000,0.000,0.000,0.000,0.00,10.77567098,106.67094453,10.51,"10°46'32.42""N, 106°40'15.40""E",FIX,
14:10:46.326,1786173046.326,PATH_FOLLOWING,6.075,0.438,-1.479,80.12,0.152,-1.500,0.000,0.000,0.000,0.000,0.00,10.77567097,106.67094454,10.51,"10°46'32.42""N, 106°40'15.40""E",FIX,
14:10:46.402,1786173046.402,PATH_FOLLOWING,6.075,0.438,-1.485,80.04,0.153,-1.500,0.000,0.000,0.000,0.000,0.00,10.77567097,106.67094454,10.51,"10°46'32.42""N, 106°40'15.40""E",FIX,
14:10:46.483,1786173046.484,PATH_FOLLOWING,6.075,0.437,-1.490,79.96,0.154,-1.500,0.000,0.000,0.000,0.000,0.00,10.77567097,106.67094454,10.51,"10°46'32.42""N, 106°40'15.40""E",FIX,
14:10:46.556,1786173046.557,PATH_FOLLOWING,6.076,0.437,-1.495,79.89,0.155,-1.500,0.000,0.000,0.000,0.000,0.00,10.77567095,106.67094455,10.51,"10°46'32.42""N, 106°40'15.40""E",FIX,
14:10:46.627,1786173046.628,PATH_FOLLOWING,6.076,0.436,-1.500,79.83,0.156,-1.500,0.000,0.000,0.000,0.000,0.00,10.77567095,106.67094455,10.51,"10°46'32.42""N, 106°40'15.40""E",FIX,
14:10:46.696,1786173046.697,PATH_FOLLOWING,6.076,0.436,-1.503,79.80,0.157,-1.500,0.000,0.000,0.000,0.000,0.00,10.77567095,106.67094455,10.51,"10°46'32.42""N, 106°40'15.40""E",FIX,
14:10:46.768,1786173046.769,PATH_FOLLOWING,6.077,0.435,-1.507,79.74,0.158,-1.500,0.000,0.000,0.000,0.000,0.00,10.77567093,106.67094456,10.51,"10°46'32.42""N, 106°40'15.40""E",FIX,
14:10:46.846,1786173046.847,PATH_FOLLOWING,6.077,0.434,-1.513,79.66,0.159,-1.500,0.000,0.000,0.000,0.000,0.00,10.77567093,106.67094456,10.51,"10°46'32.42""N, 106°40'15.40""E",FIX,
14:10:46.922,1786173046.922,PATH_FOLLOWING,6.077,0.434,-1.515,79.63,0.159,-1.500,0.000,0.000,0.000,0.000,0.00,10.77567093,106.67094456,10.51,"10°46'32.42""N, 106°40'15.40""E",FIX,
14:10:46.991,1786173046.991,PATH_FOLLOWING,6.078,0.433,-1.519,79.58,0.160,-1.500,0.000,0.000,0.000,0.000,0.00,10.77567092,106.67094457,10.51,"10°46'32.42""N, 106°40'15.40""E",FIX,
14:10:47.066,1786173047.066,PATH_FOLLOWING,6.078,0.433,-1.522,79.54,0.161,-1.500,0.000,0.000,0.000,0.000,0.00,10.77567092,106.67094457,10.51,"10°46'32.42""N, 106°40'15.40""E",FIX,
14:10:47.140,1786173047.140,PATH_FOLLOWING,6.078,0.432,-1.526,79.50,0.161,-1.500,0.000,0.000,0.000,0.000,0.00,10.77567092,106.67094457,10.51,"10°46'32.42""N, 106°40'15.40""E",FIX,
14:10:47.210,1786173047.211,PATH_FOLLOWING,6.079,0.431,-1.529,79.46,0.162,-1.500,0.000,0.000,0.000,0.000,0.00,10.77567090,106.67094458,10.51,"10°46'32.42""N, 106°40'15.40""E",FIX,
14:10:47.289,1786173047.290,PATH_FOLLOWING,6.079,0.431,-1.532,79.43,0.162,-1.500,0.000,0.000,0.000,0.000,0.00,10.77567090,106.67094458,10.51,"10°46'32.42""N, 106°40'15.40""E",FIX,
14:10:47.359,1786173047.360,PATH_FOLLOWING,6.079,0.430,-1.534,79.39,0.163,-1.500,0.000,0.000,0.000,0.000,0.00,10.77567090,106.67094458,10.51,"10°46'32.42""N, 106°40'15.40""E",FIX,
14:10:47.429,1786173047.429,PATH_FOLLOWING,6.079,0.429,-1.537,79.37,0.163,-1.500,0.000,0.000,0.000,0.000,0.00,10.77567088,106.67094458,10.51,"10°46'32.42""N, 106°40'15.40""E",FIX,
14:10:47.500,1786173047.500,PATH_FOLLOWING,6.079,0.429,-1.539,79.34,0.164,-1.500,0.000,0.000,0.000,0.000,0.00,10.77567088,106.67094458,10.51,"10°46'32.42""N, 106°40'15.40""E",FIX,
14:10:47.583,1786173047.583,PATH_FOLLOWING,6.079,0.428,-1.541,79.31,0.164,-1.500,0.000,0.000,0.000,0.000,0.00,10.77567088,106.67094458,10.51,"10°46'32.42""N, 106°40'15.40""E",FIX,
14:10:47.650,1786173047.650,PATH_FOLLOWING,6.080,0.427,-1.543,79.29,0.165,-1.500,0.000,0.000,0.000,0.000,0.00,10.77567087,106.67094459,10.51,"10°46'32.42""N, 106°40'15.40""E",FIX,
14:10:47.731,1786173047.731,PATH_FOLLOWING,6.080,0.427,-1.545,79.27,0.165,-1.500,0.000,0.000,0.000,0.000,0.00,10.77567087,106.67094459,10.51,"10°46'32.42""N, 106°40'15.40""E",FIX,
14:10:47.803,1786173047.804,PATH_FOLLOWING,6.080,0.426,-1.547,79.25,0.165,-1.500,0.000,0.000,0.000,0.000,0.00,10.77567087,106.67094459,10.51,"10°46'32.42""N, 106°40'15.40""E",FIX,
14:10:47.873,1786173047.873,PATH_FOLLOWING,6.080,0.426,-1.549,79.23,0.165,-1.500,0.000,0.000,0.000,0.000,0.00,10.77567085,106.67094459,10.51,"10°46'32.42""N, 106°40'15.40""E",FIX,
14:10:47.952,1786173047.952,PATH_FOLLOWING,6.080,0.425,-1.550,79.22,0.166,-1.500,0.000,0.000,0.000,0.000,0.00,10.77567085,106.67094459,10.51,"10°46'32.42""N, 106°40'15.40""E",FIX,
14:10:48.027,1786173048.027,PATH_FOLLOWING,6.080,0.424,-1.552,79.20,0.166,-1.500,0.000,0.000,0.000,0.000,0.00,10.77567085,106.67094459,10.51,"10°46'32.42""N, 106°40'15.40""E",FIX,
14:10:48.098,1786173048.098,PATH_FOLLOWING,6.080,0.424,-1.553,79.19,0.166,-1.500,0.000,0.000,0.000,0.000,0.00,10.77567083,106.67094459,10.51,"10°46'32.42""N, 106°40'15.40""E",FIX,
14:10:48.176,1786173048.176,PATH_FOLLOWING,6.081,0.423,-1.554,79.18,0.166,-1.500,0.000,0.000,0.000,0.000,0.00,10.77567083,106.67094459,10.51,"10°46'32.42""N, 106°40'15.40""E",FIX,
14:10:48.250,1786173048.251,PATH_FOLLOWING,6.081,0.422,-1.555,79.16,0.167,-1.500,0.000,0.000,0.000,0.000,0.00,10.77567083,106.67094459,10.51,"10°46'32.42""N, 106°40'15.40""E",FIX,
14:10:48.314,1786173048.315,PATH_FOLLOWING,6.081,0.422,-1.556,79.16,0.167,-1.500,0.000,0.000,0.000,0.000,0.00,10.77567082,106.67094460,10.51,"10°46'32.41""N, 106°40'15.40""E",FIX,
14:10:48.396,1786173048.397,PATH_FOLLOWING,6.081,0.421,-1.557,79.15,0.167,-1.500,0.000,0.000,0.000,0.000,0.00,10.77567082,106.67094460,10.51,"10°46'32.41""N, 106°40'15.40""E",FIX,
14:10:48.453,1786173048.453,PATH_FOLLOWING,6.081,0.421,-1.558,79.14,0.167,-1.500,0.000,0.000,0.000,0.000,0.00,10.77567082,106.67094460,10.51,"10°46'32.41""N, 106°40'15.40""E",FIX,
14:10:48.536,1786173048.537,PATH_FOLLOWING,6.081,0.420,-1.559,79.14,0.167,-1.500,0.000,0.000,0.000,0.000,0.00,10.77567080,106.67094460,10.51,"10°46'32.41""N, 106°40'15.40""E",FIX,
14:10:48.613,1786173048.614,PATH_FOLLOWING,6.081,0.420,-1.560,79.13,0.167,-1.500,0.000,0.000,0.000,0.000,0.00,10.77567080,106.67094460,10.51,"10°46'32.41""N, 106°40'15.40""E",FIX,
14:10:48.677,1786173048.677,PATH_FOLLOWING,6.081,0.419,-1.560,79.12,0.167,-1.500,0.000,0.000,0.000,0.000,0.00,10.77567080,106.67094460,10.51,"10°46'32.41""N, 106°40'15.40""E",FIX,
14:10:48.743,1786173048.744,PATH_FOLLOWING,6.081,0.418,-1.561,79.12,0.167,-1.500,0.000,0.000,0.000,0.000,0.00,10.77567078,106.67094460,10.51,"10°46'32.41""N, 106°40'15.40""E",FIX,
14:10:48.834,1786173048.835,PATH_FOLLOWING,6.081,0.418,-1.562,79.11,0.167,-1.500,0.000,0.000,0.000,0.000,0.00,10.77567078,106.67094460,10.51,"10°46'32.41""N, 106°40'15.40""E",FIX,
14:10:48.895,1786173048.896,PATH_FOLLOWING,6.081,0.417,-1.562,79.11,0.167,-1.500,0.000,0.000,0.000,0.000,0.00,10.77567078,106.67094460,10.51,"10°46'32.41""N, 106°40'15.40""E",FIX,
14:10:48.974,1786173048.974,PATH_FOLLOWING,6.081,0.417,-1.563,79.11,0.167,-1.500,0.000,0.000,0.000,0.000,0.00,10.77567077,106.67094460,10.51,"10°46'32.41""N, 106°40'15.40""E",FIX,
14:10:49.047,1786173049.048,PATH_FOLLOWING,6.081,0.416,-1.564,79.11,0.167,-1.500,0.000,0.000,0.000,0.000,0.00,10.77567077,106.67094460,10.51,"10°46'32.41""N, 106°40'15.40""E",FIX,
14:10:49.122,1786173049.122,PATH_FOLLOWING,6.081,0.416,-1.564,79.11,0.167,-1.500,0.000,0.000,0.000,0.000,0.00,10.77567077,106.67094460,10.51,"10°46'32.41""N, 106°40'15.40""E",FIX,
14:10:49.198,1786173049.199,PATH_FOLLOWING,6.081,0.415,-1.565,79.10,0.167,-1.500,0.000,0.000,0.000,0.000,0.00,10.77567075,106.67094460,10.51,"10°46'32.41""N, 106°40'15.40""E",FIX,
14:10:49.270,1786173049.271,PATH_FOLLOWING,6.081,0.414,-1.565,79.10,0.167,-1.500,0.000,0.000,0.000,0.000,0.00,10.77567075,106.67094460,10.51,"10°46'32.41""N, 106°40'15.40""E",FIX,
14:10:49.346,1786173049.346,PATH_FOLLOWING,6.081,0.413,-1.565,79.10,0.167,-1.500,0.000,0.000,0.000,0.000,0.00,10.77567075,106.67094460,10.51,"10°46'32.41""N, 106°40'15.40""E",FIX,
14:10:49.420,1786173049.421,PATH_FOLLOWING,6.081,0.413,-1.566,79.10,0.167,-1.500,0.000,0.000,0.000,0.000,0.00,10.77567073,106.67094460,10.51,"10°46'32.41""N, 106°40'15.40""E",FIX,
14:10:49.492,1786173049.493,PATH_FOLLOWING,6.081,0.412,-1.566,79.10,0.167,-1.500,0.000,0.000,0.000,0.000,0.00,10.77567073,106.67094460,10.51,"10°46'32.41""N, 106°40'15.40""E",FIX,
14:10:49.570,1786173049.570,PATH_FOLLOWING,6.081,0.411,-1.566,79.11,0.167,-1.500,0.000,0.000,0.000,0.000,0.00,10.77567073,106.67094460,10.51,"10°46'32.41""N, 106°40'15.40""E",FIX,
14:10:49.633,1786173049.634,PATH_FOLLOWING,6.081,0.411,-1.567,79.11,0.167,-1.500,0.000,0.000,0.000,0.000,0.00,10.77567072,106.67094461,10.51,"10°46'32.41""N, 106°40'15.40""E",FIX,
14:10:49.728,1786173049.728,PATH_FOLLOWING,6.082,0.410,-1.567,79.11,0.167,-1.500,0.000,0.000,0.000,0.000,0.00,10.77567072,106.67094461,10.51,"10°46'32.41""N, 106°40'15.40""E",FIX,
14:10:49.787,1786173049.788,PATH_FOLLOWING,6.082,0.410,-1.567,79.11,0.167,-1.500,0.000,0.000,0.000,0.000,0.00,10.77567072,106.67094461,10.51,"10°46'32.41""N, 106°40'15.40""E",FIX,
14:10:49.864,1786173049.864,PATH_FOLLOWING,6.082,0.409,-1.567,79.11,0.167,-1.500,0.000,0.000,0.000,0.000,0.00,10.77567070,106.67094461,10.51,"10°46'32.41""N, 106°40'15.40""E",FIX,
14:10:49.934,1786173049.935,PATH_FOLLOWING,6.082,0.409,-1.568,79.11,0.167,-1.500,0.000,0.000,0.000,0.000,0.00,10.77567070,106.67094461,10.51,"10°46'32.41""N, 106°40'15.40""E",FIX,
14:10:50.006,1786173050.006,PATH_FOLLOWING,6.082,0.408,-1.568,79.12,0.167,-1.500,0.000,0.000,0.000,0.000,0.00,10.77567070,106.67094461,10.51,"10°46'32.41""N, 106°40'15.40""E",FIX,
14:10:50.085,1786173050.086,PATH_FOLLOWING,6.082,0.407,-1.568,79.12,0.167,-1.500,0.000,0.000,0.000,0.000,0.00,10.77567068,106.67094461,10.51,"10°46'32.41""N, 106°40'15.40""E",FIX,
14:10:50.165,1786173050.166,PATH_FOLLOWING,6.082,0.407,-1.568,79.12,0.167,-1.500,0.000,0.000,0.000,0.000,0.00,10.77567068,106.67094461,10.51,"10°46'32.41""N, 106°40'15.40""E",FIX,
14:10:50.228,1786173050.228,PATH_FOLLOWING,6.082,0.406,-1.568,79.12,0.167,-1.500,0.000,0.000,0.000,0.000,0.00,10.77567068,106.67094461,10.51,"10°46'32.41""N, 106°40'15.40""E",FIX,
14:10:50.306,1786173050.306,PATH_FOLLOWING,6.082,0.405,-1.569,79.13,0.167,-1.500,0.000,0.000,0.000,0.000,0.00,10.77567067,106.67094461,10.51,"10°46'32.41""N, 106°40'15.40""E",FIX,
14:10:50.381,1786173050.381,PATH_FOLLOWING,6.082,0.405,-1.569,79.13,0.167,-1.500,0.000,0.000,0.000,0.000,0.00,10.77567067,106.67094461,10.51,"10°46'32.41""N, 106°40'15.40""E",FIX,
14:10:50.457,1786173050.457,PATH_FOLLOWING,6.082,0.404,-1.569,79.14,0.167,-1.500,0.000,0.000,0.000,0.000,0.00,10.77567067,106.67094461,10.51,"10°46'32.41""N, 106°40'15.40""E",FIX,
14:10:50.526,1786173050.526,PATH_FOLLOWING,6.082,0.404,-1.569,79.14,0.167,-1.500,0.000,0.000,0.000,0.000,0.00,10.77567065,106.67094461,10.51,"10°46'32.41""N, 106°40'15.40""E",FIX,
14:10:50.605,1786173050.605,PATH_FOLLOWING,6.082,0.403,-1.569,79.14,0.167,-1.500,0.000,0.000,0.000,0.000,0.00,10.77567065,106.67094461,10.51,"10°46'32.41""N, 106°40'15.40""E",FIX,
14:10:50.676,1786173050.676,PATH_FOLLOWING,6.082,0.402,-1.569,79.15,0.167,-1.500,0.000,0.000,0.000,0.000,0.00,10.77567065,106.67094461,10.51,"10°46'32.41""N, 106°40'15.40""E",FIX,
14:10:50.750,1786173050.750,PATH_FOLLOWING,6.082,0.402,-1.569,79.15,0.167,-1.500,0.000,0.000,0.000,0.000,0.00,10.77567063,106.67094461,10.51,"10°46'32.41""N, 106°40'15.40""E",FIX,
14:10:50.819,1786173050.820,PATH_FOLLOWING,6.082,0.401,-1.569,79.15,0.167,-1.500,0.000,0.000,0.000,0.000,0.00,10.77567063,106.67094461,10.51,"10°46'32.41""N, 106°40'15.40""E",FIX,
14:10:50.891,1786173050.891,PATH_FOLLOWING,6.082,0.401,-1.570,79.16,0.167,-1.500,0.000,0.000,0.000,0.000,0.00,10.77567063,106.67094461,10.51,"10°46'32.41""N, 106°40'15.40""E",FIX,
14:10:50.967,1786173050.968,PATH_FOLLOWING,6.082,0.400,-1.570,79.16,0.167,-1.500,0.000,0.000,0.000,0.000,0.00,10.77567062,106.67094461,10.51,"10°46'32.41""N, 106°40'15.40""E",FIX,
14:10:51.040,1786173051.040,PATH_FOLLOWING,6.082,0.399,-1.570,79.17,0.166,-1.500,0.000,0.000,0.000,0.000,0.00,10.77567062,106.67094461,10.51,"10°46'32.41""N, 106°40'15.40""E",FIX,
14:10:51.096,1786173051.096,PATH_FOLLOWING,6.082,0.399,-1.570,79.17,0.166,-1.500,0.000,0.000,0.000,0.000,0.00,10.77567062,106.67094461,10.51,"10°46'32.41""N, 106°40'15.40""E",FIX,
14:10:51.181,1786173051.182,PATH_FOLLOWING,6.082,0.398,-1.570,79.18,0.166,-1.500,0.000,0.000,0.000,0.000,0.00,10.77567060,106.67094461,10.51,"10°46'32.41""N, 106°40'15.40""E",FIX,
14:10:51.255,1786173051.255,PATH_FOLLOWING,6.082,0.398,-1.570,79.18,0.166,-1.500,0.000,0.000,0.000,0.000,0.00,10.77567060,106.67094461,10.51,"10°46'32.41""N, 106°40'15.40""E",FIX,
14:10:51.341,1786173051.342,PATH_FOLLOWING,6.082,0.397,-1.570,79.19,0.166,-1.500,0.000,0.000,0.000,0.000,0.00,10.77567060,106.67094461,10.51,"10°46'32.41""N, 106°40'15.40""E",FIX,
14:10:51.426,1786173051.426,PATH_FOLLOWING,6.082,0.396,-1.570,79.19,0.166,-1.500,0.000,0.000,0.000,0.000,0.00,10.77567058,106.67094461,10.51,"10°46'32.41""N, 106°40'15.40""E",FIX,
14:10:51.492,1786173051.492,PATH_FOLLOWING,6.082,0.396,-1.570,79.20,0.166,-1.500,0.000,0.000,0.000,0.000,0.00,10.77567058,106.67094461,10.51,"10°46'32.41""N, 106°40'15.40""E",FIX,
14:10:51.545,1786173051.546,PATH_FOLLOWING,6.082,0.395,-1.570,79.20,0.166,-1.500,0.000,0.000,0.000,0.000,0.00,10.77567058,106.67094461,10.51,"10°46'32.41""N, 106°40'15.40""E",FIX,
14:10:51.631,1786173051.632,PATH_FOLLOWING,6.082,0.394,-1.570,79.21,0.166,-1.500,0.000,0.000,0.000,0.000,0.00,10.77567057,106.67094461,10.51,"10°46'32.41""N, 106°40'15.40""E",FIX,
14:10:51.696,1786173051.696,PATH_FOLLOWING,6.082,0.394,-1.570,79.21,0.166,-1.500,0.000,0.000,0.000,0.000,0.00,10.77567057,106.67094461,10.51,"10°46'32.41""N, 106°40'15.40""E",FIX,
14:10:51.773,1786173051.774,PATH_FOLLOWING,6.082,0.393,-1.570,79.22,0.166,-1.500,0.000,0.000,0.000,0.000,0.00,10.77567057,106.67094461,10.51,"10°46'32.41""N, 106°40'15.40""E",FIX,
14:10:51.845,1786173051.845,PATH_FOLLOWING,6.082,0.393,-1.570,79.22,0.166,-1.500,0.000,0.000,0.000,0.000,0.00,10.77567055,106.67094461,10.51,"10°46'32.41""N, 106°40'15.40""E",FIX,
14:10:51.915,1786173051.915,PATH_FOLLOWING,6.082,0.392,-1.570,79.23,0.166,-1.500,0.000,0.000,0.000,0.000,0.00,10.77567055,106.67094461,10.51,"10°46'32.41""N, 106°40'15.40""E",FIX,
14:10:51.984,1786173051.984,PATH_FOLLOWING,6.082,0.391,-1.570,79.23,0.165,-1.500,0.000,0.000,0.000,0.000,0.00,10.77567055,106.67094461,10.51,"10°46'32.41""N, 106°40'15.40""E",FIX,
14:10:52.054,1786173052.054,PATH_FOLLOWING,6.082,0.391,-1.570,79.24,0.165,-1.500,0.000,0.000,0.000,0.000,0.00,10.77567053,106.67094461,10.51,"10°46'32.41""N, 106°40'15.40""E",FIX,
14:10:52.125,1786173052.125,PATH_FOLLOWING,6.082,0.390,-1.570,79.24,0.165,-1.500,0.000,0.000,0.000,0.000,0.00,10.77567053,106.67094461,10.51,"10°46'32.41""N, 106°40'15.40""E",FIX,
14:10:52.195,1786173052.196,PATH_FOLLOWING,6.082,0.390,-1.570,79.25,0.165,-1.500,0.000,0.000,0.000,0.000,0.00,10.77567053,106.67094461,10.51,"10°46'32.41""N, 106°40'15.40""E",FIX,
14:10:52.271,1786173052.272,PATH_FOLLOWING,6.082,0.389,-1.570,79.25,0.165,-1.500,0.000,0.000,0.000,0.000,0.00,10.77567052,106.67094461,10.51,"10°46'32.41""N, 106°40'15.40""E",FIX,
14:10:52.343,1786173052.343,PATH_FOLLOWING,6.082,0.388,-1.571,79.26,0.165,-1.500,0.000,0.000,0.000,0.000,0.00,10.77567052,106.67094461,10.51,"10°46'32.41""N, 106°40'15.40""E",FIX,
14:10:52.413,1786173052.413,PATH_FOLLOWING,6.082,0.388,-1.571,79.26,0.165,-1.500,0.000,0.000,0.000,0.000,0.00,10.77567052,106.67094461,10.51,"10°46'32.41""N, 106°40'15.40""E",FIX,
14:10:52.494,1786173052.495,PATH_FOLLOWING,6.082,0.387,-1.571,79.27,0.165,-1.500,0.000,0.000,0.000,0.000,0.00,10.77567050,106.67094461,10.51,"10°46'32.41""N, 106°40'15.40""E",FIX,
14:10:52.557,1786173052.557,PATH_FOLLOWING,6.082,0.387,-1.571,79.27,0.165,-1.500,0.000,0.000,0.000,0.000,0.00,10.77567050,106.67094461,10.51,"10°46'32.41""N, 106°40'15.40""E",FIX,
14:10:52.623,1786173052.623,PATH_FOLLOWING,6.082,0.386,-1.571,79.28,0.165,-1.500,0.000,0.000,0.000,0.000,0.00,10.77567050,106.67094461,10.51,"10°46'32.41""N, 106°40'15.40""E",FIX,
14:10:52.688,1786173052.688,PATH_FOLLOWING,6.082,0.385,-1.571,79.29,0.165,-1.500,0.000,0.000,0.000,0.000,0.00,10.77567050,106.67094461,10.51,"10°46'32.41""N, 106°40'15.40""E",FIX,
14:10:52.773,1786173052.773,PATH_FOLLOWING,6.082,0.385,-1.571,79.29,0.165,-1.500,0.000,0.000,0.000,0.000,0.00,10.77567048,106.67094461,10.51,"10°46'32.41""N, 106°40'15.40""E",FIX,
14:10:52.836,1786173052.837,PATH_FOLLOWING,6.082,0.384,-1.571,79.30,0.164,-1.500,0.000,0.000,0.000,0.000,0.00,10.77567048,106.67094461,10.51,"10°46'32.41""N, 106°40'15.40""E",FIX,
14:10:52.912,1786173052.913,PATH_FOLLOWING,6.082,0.383,-1.571,79.30,0.164,-1.500,0.000,0.000,0.000,0.000,0.00,10.77567048,106.67094461,10.51,"10°46'32.41""N, 106°40'15.40""E",FIX,
14:10:52.986,1786173052.986,PATH_FOLLOWING,6.082,0.383,-1.571,79.31,0.164,-1.500,0.000,0.000,0.000,0.000,0.00,10.77567047,106.67094461,10.51,"10°46'32.41""N, 106°40'15.40""E",FIX,
14:10:53.050,1786173053.051,PATH_FOLLOWING,6.082,0.382,-1.571,79.31,0.164,-1.500,0.000,0.000,0.000,0.000,0.00,10.77567047,106.67094461,10.51,"10°46'32.41""N, 106°40'15.40""E",FIX,
14:10:53.125,1786173053.125,PATH_FOLLOWING,6.082,0.382,-1.571,79.32,0.164,-1.500,0.000,0.000,0.000,0.000,0.00,10.77567047,106.67094461,10.51,"10°46'32.41""N, 106°40'15.40""E",FIX,
14:10:53.188,1786173053.189,PATH_FOLLOWING,6.082,0.381,-1.571,79.32,0.164,-1.500,0.000,0.000,0.000,0.000,0.00,10.77567045,106.67094461,10.51,"10°46'32.41""N, 106°40'15.40""E",FIX,
14:10:53.274,1786173053.275,PATH_FOLLOWING,6.082,0.380,-1.571,79.33,0.164,-1.500,0.000,0.000,0.000,0.000,0.00,10.77567045,106.67094461,10.51,"10°46'32.41""N, 106°40'15.40""E",FIX,
14:10:53.350,1786173053.350,PATH_FOLLOWING,6.082,0.380,-1.571,79.33,0.164,-1.500,0.000,0.000,0.000,0.000,0.00,10.77567045,106.67094461,10.51,"10°46'32.41""N, 106°40'15.40""E",FIX,
14:10:53.423,1786173053.423,PATH_FOLLOWING,6.082,0.379,-1.571,79.34,0.164,-1.500,0.000,0.000,0.000,0.000,0.00,10.77567043,106.67094461,10.51,"10°46'32.41""N, 106°40'15.40""E",FIX,
14:10:53.499,1786173053.499,PATH_FOLLOWING,6.082,0.379,-1.571,79.35,0.164,-1.500,0.000,0.000,0.000,0.000,0.00,10.77567043,106.67094461,10.51,"10°46'32.41""N, 106°40'15.40""E",FIX,
14:10:53.558,1786173053.558,PATH_FOLLOWING,6.082,0.378,-1.571,79.35,0.164,-1.500,0.000,0.000,0.000,0.000,0.00,10.77567043,106.67094461,10.51,"10°46'32.41""N, 106°40'15.40""E",FIX,
14:10:53.640,1786173053.641,PATH_FOLLOWING,6.082,0.377,-1.571,79.36,0.163,-1.500,0.000,0.000,0.000,0.000,0.00,10.77567041,106.67094461,10.51,"10°46'32.41""N, 106°40'15.40""E",FIX,
14:10:53.708,1786173053.708,PATH_FOLLOWING,6.082,0.377,-1.571,79.36,0.163,-1.500,0.000,0.000,0.000,0.000,0.00,10.77567041,106.67094461,10.51,"10°46'32.41""N, 106°40'15.40""E",FIX,
14:10:53.791,1786173053.792,PATH_FOLLOWING,6.082,0.376,-1.571,79.37,0.163,-1.500,0.000,0.000,0.000,0.000,0.00,10.77567041,106.67094461,10.51,"10°46'32.41""N, 106°40'15.40""E",FIX,
14:10:53.865,1786173053.866,PATH_FOLLOWING,6.082,0.376,-1.571,79.38,0.163,-1.500,0.000,0.000,0.000,0.000,0.00,10.77567040,106.67094461,10.51,"10°46'32.41""N, 106°40'15.40""E",FIX,
14:10:53.931,1786173053.931,PATH_FOLLOWING,6.082,0.375,-1.571,79.38,0.163,-1.500,0.000,0.000,0.000,0.000,0.00,10.77567040,106.67094461,10.51,"10°46'32.41""N, 106°40'15.40""E",FIX,
14:10:54.005,1786173054.006,PATH_FOLLOWING,6.082,0.374,-1.571,79.39,0.163,-1.500,0.000,0.000,0.000,0.000,0.00,10.77567040,106.67094461,10.51,"10°46'32.41""N, 106°40'15.40""E",FIX,
14:10:54.083,1786173054.083,PATH_FOLLOWING,6.082,0.374,-1.571,79.39,0.163,-1.500,0.000,0.000,0.000,0.000,0.00,10.77567038,106.67094461,10.51,"10°46'32.41""N, 106°40'15.40""E",FIX,
14:10:54.148,1786173054.148,PATH_FOLLOWING,6.082,0.373,-1.571,79.40,0.163,-1.500,0.000,0.000,0.000,0.000,0.00,10.77567038,106.67094461,10.51,"10°46'32.41""N, 106°40'15.40""E",FIX,
14:10:54.222,1786173054.222,PATH_FOLLOWING,6.082,0.372,-1.571,79.41,0.163,-1.500,0.000,0.000,0.000,0.000,0.00,10.77567038,106.67094461,10.51,"10°46'32.41""N, 106°40'15.40""E",FIX,
14:10:54.288,1786173054.288,PATH_FOLLOWING,6.082,0.372,-1.571,79.41,0.163,-1.500,0.000,0.000,0.000,0.000,0.00,10.77567036,106.67094461,10.51,"10°46'32.41""N, 106°40'15.40""E",FIX,
14:10:54.363,1786173054.363,PATH_FOLLOWING,6.082,0.371,-1.571,79.42,0.163,-1.500,0.000,0.000,0.000,0.000,0.00,10.77567036,106.67094461,10.51,"10°46'32.41""N, 106°40'15.40""E",FIX,
14:10:54.433,1786173054.433,PATH_FOLLOWING,6.082,0.371,-1.571,79.42,0.162,-1.500,0.000,0.000,0.000,0.000,0.00,10.77567036,106.67094461,10.51,"10°46'32.41""N, 106°40'15.40""E",FIX,
14:10:54.508,1786173054.508,PATH_FOLLOWING,6.082,0.370,-1.571,79.43,0.162,-1.500,0.000,0.000,0.000,0.000,0.00,10.77567035,106.67094461,10.51,"10°46'32.41""N, 106°40'15.40""E",FIX,
14:10:54.583,1786173054.583,PATH_FOLLOWING,6.082,0.370,-1.571,79.43,0.162,-1.500,0.000,0.000,0.000,0.000,0.00,10.77567035,106.67094461,10.51,"10°46'32.41""N, 106°40'15.40""E",FIX,
14:10:54.653,1786173054.654,PATH_FOLLOWING,6.082,0.369,-1.571,79.44,0.162,-1.500,0.000,0.000,0.000,0.000,0.00,10.77567035,106.67094461,10.51,"10°46'32.41""N, 106°40'15.40""E",FIX,
14:10:54.732,1786173054.733,PATH_FOLLOWING,6.082,0.368,-1.571,79.44,0.162,-1.500,0.000,0.000,0.000,0.000,0.00,10.77567033,106.67094461,10.51,"10°46'32.41""N, 106°40'15.40""E",FIX,
14:10:54.807,1786173054.807,PATH_FOLLOWING,6.082,0.368,-1.571,79.45,0.162,-1.500,0.000,0.000,0.000,0.000,0.00,10.77567033,106.67094461,10.51,"10°46'32.41""N, 106°40'15.40""E",FIX,
14:10:54.865,1786173054.866,PATH_FOLLOWING,6.082,0.367,-1.571,79.46,0.162,-1.500,0.000,0.000,0.000,0.000,0.00,10.77567033,106.67094461,10.51,"10°46'32.41""N, 106°40'15.40""E",FIX,
14:10:54.951,1786173054.951,PATH_FOLLOWING,6.082,0.366,-1.571,79.46,0.162,-1.500,0.000,0.000,0.000,0.000,0.00,10.77567031,106.67094461,10.51,"10°46'32.41""N, 106°40'15.40""E",FIX,
14:10:55.028,1786173055.029,PATH_FOLLOWING,6.082,0.366,-1.571,79.47,0.162,-1.500,0.000,0.000,0.000,0.000,0.00,10.77567031,106.67094461,10.51,"10°46'32.41""N, 106°40'15.40""E",FIX,
14:10:55.096,1786173055.097,PATH_FOLLOWING,6.082,0.365,-1.571,79.48,0.162,-1.500,0.000,0.000,0.000,0.000,0.00,10.77567031,106.67094461,10.51,"10°46'32.41""N, 106°40'15.40""E",FIX,
14:10:55.174,1786173055.174,PATH_FOLLOWING,6.082,0.365,-1.571,79.48,0.162,-1.500,0.000,0.000,0.000,0.000,0.00,10.77567030,106.67094461,10.51,"10°46'32.41""N, 106°40'15.40""E",FIX,
14:10:55.239,1786173055.240,PATH_FOLLOWING,6.082,0.364,-1.571,79.49,0.161,-1.500,0.000,0.000,0.000,0.000,0.00,10.77567030,106.67094461,10.51,"10°46'32.41""N, 106°40'15.40""E",FIX,
14:10:55.303,1786173055.304,PATH_FOLLOWING,6.082,0.363,-1.571,79.49,0.161,-1.500,0.000,0.000,0.000,0.000,0.00,10.77567030,106.67094461,10.51,"10°46'32.41""N, 106°40'15.40""E",FIX,
14:10:55.389,1786173055.389,PATH_FOLLOWING,6.082,0.363,-1.571,79.50,0.161,-1.500,0.000,0.000,0.000,0.000,0.00,10.77567028,106.67094461,10.51,"10°46'32.41""N, 106°40'15.40""E",FIX,
14:10:55.454,1786173055.454,PATH_FOLLOWING,6.082,0.362,-1.571,79.51,0.161,-1.500,0.000,0.000,0.000,0.000,0.00,10.77567028,106.67094461,10.51,"10°46'32.41""N, 106°40'15.40""E",FIX,
14:10:55.535,1786173055.535,PATH_FOLLOWING,6.082,0.361,-1.571,79.51,0.161,-1.500,0.000,0.000,0.000,0.000,0.00,10.77567028,106.67094461,10.51,"10°46'32.41""N, 106°40'15.40""E",FIX,
14:10:55.595,1786173055.595,PATH_FOLLOWING,6.082,0.361,-1.571,79.52,0.161,-1.500,0.000,0.000,0.000,0.000,0.00,10.77567026,106.67094461,10.51,"10°46'32.41""N, 106°40'15.40""E",FIX,
14:10:55.678,1786173055.678,PATH_FOLLOWING,6.082,0.360,-1.571,79.52,0.161,-1.500,0.000,0.000,0.000,0.000,0.00,10.77567026,106.67094461,10.51,"10°46'32.41""N, 106°40'15.40""E",FIX,
14:10:55.737,1786173055.738,PATH_FOLLOWING,6.082,0.360,-1.571,79.53,0.161,-1.500,0.000,0.000,0.000,0.000,0.00,10.77567026,106.67094461,10.51,"10°46'32.41""N, 106°40'15.40""E",FIX,
14:10:55.814,1786173055.815,PATH_FOLLOWING,6.082,0.359,-1.571,79.53,0.161,-1.500,0.000,0.000,0.000,0.000,0.00,10.77567025,106.67094461,10.51,"10°46'32.41""N, 106°40'15.40""E",FIX,
14:10:55.887,1786173055.888,PATH_FOLLOWING,6.082,0.358,-1.571,79.54,0.161,-1.500,0.000,0.000,0.000,0.000,0.00,10.77567025,106.67094461,10.51,"10°46'32.41""N, 106°40'15.40""E",FIX,
14:10:55.942,1786173055.943,PATH_FOLLOWING,6.082,0.358,-1.571,79.55,0.161,-1.500,0.000,0.000,0.000,0.000,0.00,10.77567025,106.67094461,10.51,"10°46'32.41""N, 106°40'15.40""E",FIX,
14:10:56.035,1786173056.035,PATH_FOLLOWING,6.082,0.357,-1.571,79.55,0.160,-1.500,0.000,0.000,0.000,0.000,0.00,10.77567023,106.67094461,10.51,"10°46'32.41""N, 106°40'15.40""E",FIX,
14:10:56.096,1786173056.096,PATH_FOLLOWING,6.082,0.357,-1.571,79.56,0.160,-1.500,0.000,0.000,0.000,0.000,0.00,10.77567023,106.67094461,10.51,"10°46'32.41""N, 106°40'15.40""E",FIX,
14:10:56.173,1786173056.173,PATH_FOLLOWING,6.082,0.356,-1.571,79.57,0.160,-1.500,0.000,0.000,0.000,0.000,0.00,10.77567023,106.67094461,10.51,"10°46'32.41""N, 106°40'15.40""E",FIX,
14:10:56.230,1786173056.231,PATH_FOLLOWING,6.082,0.355,-1.571,79.57,0.160,-1.500,0.000,0.000,0.000,0.000,0.00,10.77567021,106.67094461,10.51,"10°46'32.41""N, 106°40'15.40""E",FIX,
14:10:56.300,1786173056.301,PATH_FOLLOWING,6.082,0.355,-1.571,79.58,0.160,-1.500,0.000,0.000,0.000,0.000,0.00,10.77567021,106.67094461,10.51,"10°46'32.41""N, 106°40'15.40""E",FIX,
14:10:56.384,1786173056.385,PATH_FOLLOWING,6.082,0.354,-1.571,79.58,0.160,-1.500,0.000,0.000,0.000,0.000,0.00,10.77567021,106.67094461,10.51,"10°46'32.41""N, 106°40'15.40""E",FIX,
14:10:56.448,1786173056.449,PATH_FOLLOWING,6.082,0.353,-1.571,79.59,0.160,-1.500,0.000,0.000,0.000,0.000,0.00,10.77567020,106.67094461,10.51,"10°46'32.41""N, 106°40'15.40""E",FIX,
14:10:56.520,1786173056.521,PATH_FOLLOWING,6.082,0.353,-1.571,79.60,0.160,-1.500,0.000,0.000,0.000,0.000,0.00,10.77567020,106.67094461,10.51,"10°46'32.41""N, 106°40'15.40""E",FIX,
14:10:56.598,1786173056.598,PATH_FOLLOWING,6.082,0.352,-1.571,79.60,0.160,-1.500,0.000,0.000,0.000,0.000,0.00,10.77567020,106.67094461,10.51,"10°46'32.41""N, 106°40'15.40""E",FIX,
14:10:56.679,1786173056.680,PATH_FOLLOWING,6.082,0.352,-1.571,79.61,0.160,-1.500,0.000,0.000,0.000,0.000,0.00,10.77567018,106.67094461,10.51,"10°46'32.41""N, 106°40'15.40""E",FIX,
14:10:56.756,1786173056.757,PATH_FOLLOWING,6.082,0.351,-1.571,79.62,0.159,-1.500,0.000,0.000,0.000,0.000,0.00,10.77567018,106.67094461,10.51,"10°46'32.41""N, 106°40'15.40""E",FIX,
14:10:56.815,1786173056.815,PATH_FOLLOWING,6.082,0.351,-1.571,79.62,0.159,-1.500,0.000,0.000,0.000,0.000,0.00,10.77567018,106.67094461,10.51,"10°46'32.41""N, 106°40'15.40""E",FIX,
14:10:56.902,1786173056.902,PATH_FOLLOWING,6.082,0.350,-1.571,79.63,0.159,-1.500,0.000,0.000,0.000,0.000,0.00,10.77567016,106.67094461,10.51,"10°46'32.41""N, 106°40'15.40""E",FIX,
14:10:56.967,1786173056.967,PATH_FOLLOWING,6.082,0.349,-1.571,79.63,0.159,-1.500,0.000,0.000,0.000,0.000,0.00,10.77567016,106.67094461,10.51,"10°46'32.41""N, 106°40'15.40""E",FIX,
14:10:57.036,1786173057.036,PATH_FOLLOWING,6.082,0.349,-1.571,79.64,0.159,-1.500,0.000,0.000,0.000,0.000,0.00,10.77567016,106.67094461,10.51,"10°46'32.41""N, 106°40'15.40""E",FIX,
14:10:57.120,1786173057.120,PATH_FOLLOWING,6.082,0.348,-1.571,79.64,0.159,-1.500,0.000,0.000,0.000,0.000,0.00,10.77567015,106.67094461,10.51,"10°46'32.41""N, 106°40'15.40""E",FIX,
14:10:57.176,1786173057.176,PATH_FOLLOWING,6.082,0.348,-1.571,79.65,0.159,-1.500,0.000,0.000,0.000,0.000,0.00,10.77567015,106.67094461,10.51,"10°46'32.41""N, 106°40'15.40""E",FIX,
14:10:57.249,1786173057.250,PATH_FOLLOWING,6.082,0.347,-1.571,79.66,0.159,-1.500,0.000,0.000,0.000,0.000,0.00,10.77567015,106.67094461,10.51,"10°46'32.41""N, 106°40'15.40""E",FIX,
14:10:57.329,1786173057.330,PATH_FOLLOWING,6.082,0.346,-1.571,79.66,0.159,-1.500,0.000,0.000,0.000,0.000,0.00,10.77567013,106.67094461,10.51,"10°46'32.41""N, 106°40'15.40""E",FIX,
14:10:57.422,1786173057.423,PATH_FOLLOWING,6.082,0.346,-1.571,79.67,0.159,-1.500,0.000,0.000,0.000,0.000,0.00,10.77567013,106.67094461,10.51,"10°46'32.41""N, 106°40'15.40""E",FIX,
14:10:57.485,1786173057.486,PATH_FOLLOWING,6.082,0.345,-1.571,79.68,0.158,-1.500,0.000,0.000,0.000,0.000,0.00,10.77567013,106.67094461,10.51,"10°46'32.41""N, 106°40'15.40""E",FIX,
14:10:57.554,1786173057.555,PATH_FOLLOWING,6.082,0.344,-1.571,79.68,0.158,-1.500,0.000,0.000,0.000,0.000,0.00,10.77567011,106.67094461,10.51,"10°46'32.41""N, 106°40'15.40""E",FIX,
14:10:57.631,1786173057.632,PATH_FOLLOWING,6.082,0.344,-1.571,79.69,0.158,-1.500,0.000,0.000,0.000,0.000,0.00,10.77567011,106.67094461,10.51,"10°46'32.41""N, 106°40'15.40""E",FIX,
14:10:57.707,1786173057.708,PATH_FOLLOWING,6.082,0.343,-1.571,79.70,0.158,-1.500,0.000,0.000,0.000,0.000,0.00,10.77567011,106.67094461,10.51,"10°46'32.41""N, 106°40'15.40""E",FIX,
14:10:57.776,1786173057.776,PATH_FOLLOWING,6.082,0.342,-1.571,79.70,0.158,-1.500,0.000,0.000,0.000,0.000,0.00,10.77567010,106.67094461,10.51,"10°46'32.41""N, 106°40'15.40""E",FIX,
14:10:57.849,1786173057.849,PATH_FOLLOWING,6.082,0.342,-1.571,79.71,0.158,-1.500,0.000,0.000,0.000,0.000,0.00,10.77567010,106.67094461,10.51,"10°46'32.41""N, 106°40'15.40""E",FIX,
14:10:57.922,1786173057.922,PATH_FOLLOWING,6.082,0.341,-1.571,79.71,0.158,-1.500,0.000,0.000,0.000,0.000,0.00,10.77567010,106.67094461,10.51,"10°46'32.41""N, 106°40'15.40""E",FIX,
14:10:57.992,1786173057.992,PATH_FOLLOWING,6.082,0.341,-1.571,79.72,0.158,-1.500,0.000,0.000,0.000,0.000,0.00,10.77567008,106.67094461,10.51,"10°46'32.41""N, 106°40'15.40""E",FIX,
14:10:58.077,1786173058.078,PATH_FOLLOWING,6.082,0.340,-1.571,79.72,0.158,-1.500,0.000,0.000,0.000,0.000,0.00,10.77567008,106.67094461,10.51,"10°46'32.41""N, 106°40'15.40""E",FIX,
14:10:58.143,1786173058.144,PATH_FOLLOWING,6.082,0.339,-1.571,79.73,0.158,-1.500,0.000,0.000,0.000,0.000,0.00,10.77567008,106.67094461,10.51,"10°46'32.41""N, 106°40'15.40""E",FIX,
14:10:58.203,1786173058.203,PATH_FOLLOWING,6.082,0.339,-1.571,79.74,0.158,-1.500,0.000,0.000,0.000,0.000,0.00,10.77567006,106.67094461,10.51,"10°46'32.41""N, 106°40'15.40""E",FIX,
14:10:58.285,1786173058.285,PATH_FOLLOWING,6.082,0.338,-1.571,79.74,0.157,-1.500,0.000,0.000,0.000,0.000,0.00,10.77567006,106.67094461,10.51,"10°46'32.41""N, 106°40'15.40""E",FIX,
14:10:58.354,1786173058.354,PATH_FOLLOWING,6.082,0.338,-1.571,79.75,0.157,-1.500,0.000,0.000,0.000,0.000,0.00,10.77567006,106.67094461,10.51,"10°46'32.41""N, 106°40'15.40""E",FIX,
14:10:58.433,1786173058.433,PATH_FOLLOWING,6.082,0.337,-1.571,79.76,0.157,-1.500,0.000,0.000,0.000,0.000,0.00,10.77567005,106.67094461,10.51,"10°46'32.41""N, 106°40'15.40""E",FIX,
14:10:58.500,1786173058.501,PATH_FOLLOWING,6.082,0.336,-1.571,79.76,0.157,-1.500,0.000,0.000,0.000,0.000,0.00,10.77567005,106.67094461,10.51,"10°46'32.41""N, 106°40'15.40""E",FIX,
14:10:58.577,1786173058.577,PATH_FOLLOWING,6.082,0.336,-1.571,79.77,0.157,-1.500,0.000,0.000,0.000,0.000,0.00,10.77567005,106.67094461,10.51,"10°46'32.41""N, 106°40'15.40""E",FIX,
14:10:58.637,1786173058.637,PATH_FOLLOWING,6.082,0.335,-1.571,79.78,0.157,-1.500,0.000,0.000,0.000,0.000,0.00,10.77567005,106.67094461,10.51,"10°46'32.41""N, 106°40'15.40""E",FIX,
14:10:58.704,1786173058.704,PATH_FOLLOWING,6.082,0.335,-1.571,79.78,0.157,-1.500,0.000,0.000,0.000,0.000,0.00,10.77567003,106.67094461,10.51,"10°46'32.41""N, 106°40'15.40""E",FIX,
14:10:58.776,1786173058.777,PATH_FOLLOWING,6.082,0.334,-1.571,79.79,0.157,-1.500,0.000,0.000,0.000,0.000,0.00,10.77567003,106.67094461,10.51,"10°46'32.41""N, 106°40'15.40""E",FIX,
14:10:58.860,1786173058.861,PATH_FOLLOWING,6.082,0.333,-1.571,79.80,0.157,-1.500,0.000,0.000,0.000,0.000,0.00,10.77567001,106.67094461,10.51,"10°46'32.41""N, 106°40'15.40""E",FIX,
14:10:58.922,1786173058.922,PATH_FOLLOWING,6.082,0.333,-1.571,79.80,0.156,-1.500,0.000,0.000,0.000,0.000,0.00,10.77567001,106.67094461,10.51,"10°46'32.41""N, 106°40'15.40""E",FIX,
14:10:58.995,1786173058.995,PATH_FOLLOWING,6.082,0.332,-1.571,79.81,0.156,-1.500,0.000,0.000,0.000,0.000,0.00,10.77567001,106.67094461,10.51,"10°46'32.41""N, 106°40'15.40""E",FIX,
14:10:59.076,1786173059.077,PATH_FOLLOWING,6.082,0.331,-1.571,79.82,0.156,-1.500,0.000,0.000,0.000,0.000,0.00,10.77567000,106.67094461,10.51,"10°46'32.41""N, 106°40'15.40""E",FIX,
14:10:59.145,1786173059.145,PATH_FOLLOWING,6.082,0.331,-1.571,79.82,0.156,-1.500,0.000,0.000,0.000,0.000,0.00,10.77567000,106.67094461,10.51,"10°46'32.41""N, 106°40'15.40""E",FIX,
14:10:59.220,1786173059.220,PATH_FOLLOWING,6.082,0.330,-1.571,79.83,0.156,-1.500,0.000,0.000,0.000,0.000,0.00,10.77567000,106.67094461,10.51,"10°46'32.41""N, 106°40'15.40""E",FIX,
14:10:59.293,1786173059.294,PATH_FOLLOWING,6.082,0.330,-1.571,79.84,0.156,-1.500,0.000,0.000,0.000,0.000,0.00,10.77566998,106.67094461,10.51,"10°46'32.41""N, 106°40'15.40""E",FIX,
14:10:59.366,1786173059.367,PATH_FOLLOWING,6.082,0.329,-1.571,79.84,0.156,-1.500,0.000,0.000,0.000,0.000,0.00,10.77566998,106.67094461,10.51,"10°46'32.41""N, 106°40'15.40""E",FIX,
14:10:59.443,1786173059.443,PATH_FOLLOWING,6.082,0.329,-1.571,79.85,0.156,-1.500,0.000,0.000,0.000,0.000,0.00,10.77566998,106.67094461,10.51,"10°46'32.41""N, 106°40'15.40""E",FIX,
14:10:59.507,1786173059.507,PATH_FOLLOWING,6.082,0.328,-1.571,79.85,0.156,-1.500,0.000,0.000,0.000,0.000,0.00,10.77566998,106.67094461,10.51,"10°46'32.41""N, 106°40'15.40""E",FIX,
14:10:59.586,1786173059.586,PATH_FOLLOWING,6.082,0.327,-1.571,79.86,0.156,-1.500,0.000,0.000,0.000,0.000,0.00,10.77566996,106.67094461,10.51,"10°46'32.41""N, 106°40'15.40""E",FIX,
14:10:59.651,1786173059.652,PATH_FOLLOWING,6.082,0.327,-1.571,79.87,0.155,-1.500,0.000,0.000,0.000,0.000,0.00,10.77566996,106.67094461,10.51,"10°46'32.41""N, 106°40'15.40""E",FIX,
14:10:59.737,1786173059.737,PATH_FOLLOWING,6.082,0.326,-1.571,79.87,0.155,-1.500,0.000,0.000,0.000,0.000,0.00,10.77566995,106.67094461,10.51,"10°46'32.41""N, 106°40'15.40""E",FIX,
14:10:59.807,1786173059.808,PATH_FOLLOWING,6.082,0.325,-1.571,79.88,0.155,-1.500,0.000,0.000,0.000,0.000,0.00,10.77566995,106.67094461,10.51,"10°46'32.41""N, 106°40'15.40""E",FIX,
14:10:59.891,1786173059.892,PATH_FOLLOWING,6.082,0.325,-1.571,79.89,0.155,-1.500,0.000,0.000,0.000,0.000,0.00,10.77566995,106.67094461,10.51,"10°46'32.41""N, 106°40'15.40""E",FIX,
14:10:59.963,1786173059.963,PATH_FOLLOWING,6.082,0.324,-1.571,79.89,0.155,-1.500,0.000,0.000,0.000,0.000,0.00,10.77566995,106.67094461,10.51,"10°46'32.41""N, 106°40'15.40""E",FIX,
14:11:00.039,1786173060.039,PATH_FOLLOWING,6.082,0.324,-1.571,79.90,0.155,-1.500,0.000,0.000,0.000,0.000,0.00,10.77566993,106.67094461,10.51,"10°46'32.41""N, 106°40'15.40""E",FIX,
14:11:00.134,1786173060.134,PATH_FOLLOWING,6.082,0.323,-1.571,79.91,0.155,-1.500,0.000,0.000,0.000,0.000,0.00,10.77566993,106.67094461,10.51,"10°46'32.41""N, 106°40'15.40""E",FIX,
14:11:00.201,1786173060.201,PATH_FOLLOWING,6.082,0.322,-1.571,79.91,0.155,-1.500,0.000,0.000,0.000,0.000,0.00,10.77566993,106.67094461,10.51,"10°46'32.41""N, 106°40'15.40""E",FIX,
14:11:00.281,1786173060.281,PATH_FOLLOWING,6.082,0.322,-1.571,79.92,0.155,-1.500,0.000,0.000,0.000,0.000,0.00,10.77566991,106.67094461,10.51,"10°46'32.41""N, 106°40'15.40""E",FIX,
14:11:00.359,1786173060.359,PATH_FOLLOWING,6.082,0.321,-1.571,79.93,0.155,-1.500,0.000,0.000,0.000,0.000,0.00,10.77566991,106.67094461,10.51,"10°46'32.41""N, 106°40'15.40""E",FIX,
14:11:00.429,1786173060.430,PATH_FOLLOWING,6.082,0.320,-1.571,79.93,0.154,-1.500,0.000,0.000,0.000,0.000,0.00,10.77566991,106.67094461,10.51,"10°46'32.41""N, 106°40'15.40""E",FIX,
14:11:00.504,1786173060.505,PATH_FOLLOWING,6.082,0.320,-1.571,79.94,0.154,-1.500,0.000,0.000,0.000,0.000,0.00,10.77566990,106.67094461,10.51,"10°46'32.41""N, 106°40'15.40""E",FIX,
14:11:00.570,1786173060.571,PATH_FOLLOWING,6.082,0.319,-1.571,79.94,0.154,-1.500,0.000,0.000,0.000,0.000,0.00,10.77566990,106.67094461,10.51,"10°46'32.41""N, 106°40'15.40""E",FIX,
14:11:00.654,1786173060.654,PATH_FOLLOWING,6.082,0.319,-1.571,79.95,0.154,-1.500,0.000,0.000,0.000,0.000,0.00,10.77566990,106.67094461,10.51,"10°46'32.41""N, 106°40'15.40""E",FIX,
14:11:00.729,1786173060.729,PATH_FOLLOWING,6.082,0.318,-1.571,79.96,0.154,-1.500,0.000,0.000,0.000,0.000,0.00,10.77566988,106.67094461,10.51,"10°46'32.41""N, 106°40'15.40""E",FIX,
14:11:00.791,1786173060.792,PATH_FOLLOWING,6.082,0.318,-1.571,79.96,0.154,-1.500,0.000,0.000,0.000,0.000,0.00,10.77566988,106.67094461,10.51,"10°46'32.41""N, 106°40'15.40""E",FIX,
14:11:00.867,1786173060.867,PATH_FOLLOWING,6.082,0.317,-1.571,79.97,0.154,-1.500,0.000,0.000,0.000,0.000,0.00,10.77566988,106.67094461,10.51,"10°46'32.41""N, 106°40'15.40""E",FIX,
14:11:00.938,1786173060.939,PATH_FOLLOWING,6.082,0.316,-1.571,79.98,0.154,-1.500,0.000,0.000,0.000,0.000,0.00,10.77566986,106.67094461,10.51,"10°46'32.41""N, 106°40'15.40""E",FIX,
14:11:00.997,1786173060.998,PATH_FOLLOWING,6.082,0.316,-1.571,79.99,0.154,-1.500,0.000,0.000,0.000,0.000,0.00,10.77566986,106.67094461,10.51,"10°46'32.41""N, 106°40'15.40""E",FIX,
14:11:01.080,1786173061.080,PATH_FOLLOWING,6.082,0.315,-1.571,79.99,0.154,-1.500,0.000,0.000,0.000,0.000,0.00,10.77566986,106.67094461,10.51,"10°46'32.41""N, 106°40'15.40""E",FIX,
14:11:01.153,1786173061.153,PATH_FOLLOWING,6.082,0.314,-1.571,80.00,0.153,-1.500,0.000,0.000,0.000,0.000,0.00,10.77566985,106.67094461,10.51,"10°46'32.41""N, 106°40'15.40""E",FIX,
14:11:01.229,1786173061.229,PATH_FOLLOWING,6.082,0.314,-1.571,80.01,0.153,-1.500,0.000,0.000,0.000,0.000,0.00,10.77566985,106.67094461,10.51,"10°46'32.41""N, 106°40'15.40""E",FIX,
14:11:01.305,1786173061.305,PATH_FOLLOWING,6.082,0.313,-1.571,80.01,0.153,-1.500,0.000,0.000,0.000,0.000,0.00,10.77566985,106.67094461,10.51,"10°46'32.41""N, 106°40'15.40""E",FIX,
14:11:01.382,1786173061.383,PATH_FOLLOWING,6.082,0.313,-1.571,80.02,0.153,-1.500,0.000,0.000,0.000,0.000,0.00,10.77566983,106.67094461,10.51,"10°46'32.41""N, 106°40'15.40""E",FIX,
14:11:01.473,1786173061.473,PATH_FOLLOWING,6.082,0.312,-1.571,80.03,0.153,-1.500,0.000,0.000,0.000,0.000,0.00,10.77566983,106.67094461,10.51,"10°46'32.41""N, 106°40'15.40""E",FIX,
14:11:01.544,1786173061.545,PATH_FOLLOWING,6.082,0.311,-1.571,80.03,0.153,-1.500,0.000,0.000,0.000,0.000,0.00,10.77566983,106.67094461,10.51,"10°46'32.41""N, 106°40'15.40""E",FIX,
