Time,Unix_Timestamp,FSM_State,Pos_X_m,Pos_Y_m,Yaw_rad,Steer_Angle_deg,Linear_Vel_mps,Angular_Vel_radps,IMU_Yaw_rad,IMU_Angular_Vel_z,IMU_Accel_x,Confidence,Dist_Traveled_m,GPS_Latitude,GPS_Longitude,GPS_Altitude_m,GPS_DMS,GPS_Status,Event
13:32:37.629,1786257157.629,TRACKING,0.000,0.000,0.000,0.00,0.450,-0.000,0.000,0.000,0.000,0.000,0.00,10.77566700,106.67088900,10.00,"10°46'32.40""N, 106°40'15.20""E",NO_FIX,
13:32:37.640,1786257157.640,TRACKING,0.000,0.000,0.000,0.00,0.450,-0.000,0.000,0.000,0.000,0.000,0.00,10.77566700,106.67088900,10.00,"10°46'32.40""N, 106°40'15.20""E",NO_FIX,
13:32:37.650,1786257157.651,TRACKING,-0.000,0.000,-0.000,0.00,0.450,-0.000,0.000,0.000,0.000,0.000,0.00,10.77567062,106.67087529,10.51,"10°46'32.41""N, 106°40'15.15""E",FIX,
13:32:37.662,1786257157.663,TRACKING,-0.000,0.000,-0.000,0.00,0.450,-0.000,0.000,0.000,0.000,0.000,0.00,10.77567062,106.67087529,10.51,"10°46'32.41""N, 106°40'15.15""E",FIX,
13:32:37.674,1786257157.674,TRACKING,-0.000,0.000,-0.000,0.00,0.450,-0.000,0.000,0.000,0.000,0.000,0.00,10.77567062,106.67087529,10.51,"10°46'32.41""N, 106°40'15.15""E",FIX,
13:32:37.682,1786257157.683,TRACKING,-0.000,0.000,-0.000,0.00,0.450,-0.000,0.000,0.000,0.000,0.000,0.00,10.77567062,106.67087529,10.51,"10°46'32.41""N, 106°40'15.15""E",FIX,
13:32:37.695,1786257157.696,TRACKING,-0.000,0.000,-0.000,0.00,0.450,-0.000,0.000,0.000,0.000,0.000,0.00,10.77567062,106.67087531,10.51,"10°46'32.41""N, 106°40'15.15""E",FIX,
13:32:37.742,1786257157.743,TRACKING,0.031,-0.000,-0.000,0.00,0.450,-0.000,0.000,0.000,0.000,0.000,0.03,10.77567062,106.67087531,10.51,"10°46'32.41""N, 106°40'15.15""E",FIX,
13:32:37.825,1786257157.826,TRACKING,0.058,-0.000,-0.000,0.00,0.450,-0.000,0.000,0.000,0.000,0.000,0.06,10.77567062,106.67087531,10.51,"10°46'32.41""N, 106°40'15.15""E",FIX,
13:32:37.925,1786257157.925,TRACKING,0.085,-0.000,-0.000,0.00,0.450,-0.000,0.000,0.000,0.000,0.000,0.08,10.77567062,106.67087531,10.51,"10°46'32.41""N, 106°40'15.15""E",FIX,
13:32:38.026,1786257158.027,TRACKING,0.121,-0.000,0.000,0.00,0.450,-0.000,0.000,0.000,0.000,0.000,0.12,10.77567062,106.67087572,10.51,"10°46'32.41""N, 106°40'15.15""E",FIX,
13:32:38.097,1786257158.098,TRACKING,0.148,-0.000,0.000,0.00,0.450,-0.000,0.000,0.000,0.000,0.000,0.15,10.77567062,106.67087572,10.51,"10°46'32.41""N, 106°40'15.15""E",FIX,
13:32:38.179,1786257158.179,TRACKING,0.175,-0.000,0.000,0.00,0.450,-0.000,0.000,0.000,0.000,0.000,0.17,10.77567062,106.67087572,10.51,"10°46'32.41""N, 106°40'15.15""E",FIX,
13:32:38.263,1786257158.263,TRACKING,0.202,-0.000,0.000,0.00,0.450,-0.000,0.000,0.000,0.000,0.000,0.20,10.77567062,106.67087614,10.51,"10°46'32.41""N, 106°40'15.15""E",FIX,
13:32:38.378,1786257158.379,TRACKING,0.238,-0.000,0.000,0.00,0.450,-0.000,0.000,0.000,0.000,0.000,0.24,10.77567062,106.67087614,10.51,"10°46'32.41""N, 106°40'15.15""E",FIX,
13:32:38.440,1786257158.440,TRACKING,0.265,-0.000,-0.000,0.00,0.450,-0.000,0.000,0.000,0.000,0.000,0.26,10.77567062,106.67087614,10.51,"10°46'32.41""N, 106°40'15.15""E",FIX,
13:32:38.534,1786257158.534,TRACKING,0.292,-0.000,0.000,0.00,0.450,-0.000,0.000,0.000,0.000,0.062,0.29,10.77567062,106.67087655,10.51,"10°46'32.41""N, 106°40'15.16""E",FIX,
13:32:38.632,1786257158.632,TRACKING,0.328,-0.000,0.000,0.00,0.450,-0.000,0.000,0.000,0.000,0.104,0.33,10.77567062,106.67087655,10.51,"10°46'32.41""N, 106°40'15.16""E",FIX,
13:32:38.710,1786257158.710,TRACKING,0.346,-0.000,0.000,0.00,0.450,-0.000,0.000,0.000,0.000,0.167,0.35,10.77567062,106.67087655,10.51,"10°46'32.41""N, 106°40'15.16""E",FIX,
13:32:38.808,1786257158.808,TRACKING,0.382,0.000,0.000,0.00,0.450,-0.000,0.000,0.000,0.000,0.208,0.38,10.77567062,106.67087696,10.51,"10°46'32.41""N, 106°40'15.16""E",FIX,
13:32:38.899,1786257158.900,TRACKING,0.418,0.000,0.000,0.00,0.450,-0.000,0.000,0.000,0.000,0.271,0.42,10.77567062,106.67087696,10.51,"10°46'32.41""N, 106°40'15.16""E",FIX,
13:32:38.987,1786257158.987,TRACKING,0.445,0.000,0.000,0.00,0.450,-0.000,0.000,0.000,0.000,0.333,0.44,10.77567062,106.67087696,10.51,"10°46'32.41""N, 106°40'15.16""E",FIX,
13:32:39.060,1786257159.060,TRACKING,0.472,0.000,0.000,0.00,0.450,-0.000,0.000,0.000,0.000,0.396,0.47,10.77567062,106.67087737,10.51,"10°46'32.41""N, 106°40'15.16""E",FIX,
13:32:39.128,1786257159.129,TRACKING,0.499,0.000,0.000,0.00,0.450,-0.000,0.000,0.000,0.000,0.458,0.50,10.77567062,106.67087737,10.51,"10°46'32.41""N, 106°40'15.16""E",FIX,
13:32:39.242,1786257159.243,TRACKING,0.535,0.000,0.000,0.00,0.450,-0.000,0.000,0.000,0.000,0.500,0.53,10.77567062,106.67087737,10.51,"10°46'32.41""N, 106°40'15.16""E",FIX,
13:32:39.305,1786257159.306,TRACKING,0.553,0.000,0.000,0.00,0.450,-0.000,0.000,0.000,0.000,0.583,0.55,10.77567062,106.67087778,10.51,"10°46'32.41""N, 106°40'15.16""E",FIX,
13:32:39.412,1786257159.413,TRACKING,0.580,0.000,0.000,0.00,0.450,-0.000,0.000,0.000,0.000,0.646,0.58,10.77567062,106.67087778,10.51,"10°46'32.41""N, 106°40'15.16""E",FIX,
13:32:39.515,1786257159.516,TRACKING,0.616,0.000,0.000,0.00,0.450,-0.000,0.000,0.000,0.000,0.708,0.62,10.77567062,106.67087778,10.51,"10°46'32.41""N, 106°40'15.16""E",FIX,
13:32:39.598,1786257159.599,TRACKING,0.643,0.000,0.000,0.00,0.450,-0.000,0.000,0.000,0.000,0.792,0.64,10.77567062,106.67087819,10.51,"10°46'32.41""N, 106°40'15.16""E",FIX,
13:32:39.705,1786257159.705,TRACKING,0.679,0.000,0.000,0.00,0.450,-0.000,0.000,0.000,0.000,0.854,0.68,10.77567062,106.67087819,10.51,"10°46'32.41""N, 106°40'15.16""E",FIX,
13:32:39.779,1786257159.780,TRACKING,0.706,0.000,0.000,0.00,0.450,-0.000,0.000,0.000,0.000,0.917,0.71,10.77567062,106.67087819,10.51,"10°46'32.41""N, 106°40'15.16""E",FIX,
13:32:39.911,1786257159.912,TRACKING,0.733,0.000,0.000,0.00,0.450,-0.000,0.000,0.000,0.000,1.000,0.73,10.77567062,106.67087860,10.51,"10°46'32.41""N, 106°40'15.16""E",FIX,
13:32:39.999,1786257159.999,TRACKING,0.769,0.000,0.000,0.00,0.450,-0.000,0.000,0.000,0.000,1.000,0.77,10.77567062,106.67087860,10.51,"10°46'32.41""N, 106°40'15.16""E",FIX,
13:32:40.095,1786257160.095,TRACKING,0.796,0.000,0.000,0.00,0.450,-0.000,0.000,0.000,0.000,1.000,0.80,10.77567062,106.67087860,10.51,"10°46'32.41""N, 106°40'15.16""E",FIX,
13:32:40.198,1786257160.199,TRACKING,0.823,0.000,0.000,0.00,0.450,-0.000,0.000,0.000,0.000,1.000,0.82,10.77567062,106.67087902,10.51,"10°46'32.41""N, 106°40'15.16""E",FIX,
13:32:40.309,1786257160.309,TRACKING,0.850,0.000,0.000,0.00,0.450,-0.000,0.000,0.000,0.000,1.000,0.85,10.77567062,106.67087902,10.51,"10°46'32.41""N, 106°40'15.16""E",FIX,
13:32:40.407,1786257160.407,TRACKING,0.886,0.000,0.000,0.00,0.450,-0.000,0.000,0.000,0.000,1.000,0.89,10.77567062,106.67087902,10.51,"10°46'32.41""N, 106°40'15.16""E",FIX,
13:32:40.503,1786257160.504,TRACKING,0.913,0.000,0.000,0.00,0.450,-0.000,0.000,0.000,0.000,1.000,0.91,10.77567062,106.67087943,10.51,"10°46'32.41""N, 106°40'15.17""E",FIX,
13:32:40.617,1786257160.617,TRACKING,0.949,0.000,0.000,0.00,0.450,-0.000,0.000,0.000,0.000,1.000,0.95,10.77567062,106.67087943,10.51,"10°46'32.41""N, 106°40'15.17""E",FIX,
13:32:40.711,1786257160.712,TRACKING,0.967,0.000,0.000,0.00,0.450,-0.000,0.000,0.000,0.000,1.000,0.97,10.77567062,106.67087943,10.51,"10°46'32.41""N, 106°40'15.17""E",FIX,
13:32:40.845,1786257160.845,TRACKING,1.003,0.000,0.000,0.00,0.450,-0.000,0.000,0.000,0.000,1.000,1.00,10.77567062,106.67087984,10.51,"10°46'32.41""N, 106°40'15.17""E",FIX,
13:32:40.937,1786257160.937,TRACKING,1.039,0.000,0.000,0.00,0.450,-0.000,0.000,0.000,0.000,1.000,1.04,10.77567062,106.67087984,10.51,"10°46'32.41""N, 106°40'15.17""E",FIX,
13:32:41.025,1786257161.026,TRACKING,1.066,0.000,0.000,0.00,0.450,-0.000,0.000,0.000,0.000,1.000,1.07,10.77567062,106.67087984,10.51,"10°46'32.41""N, 106°40'15.17""E",FIX,
13:32:41.127,1786257161.127,TRACKING,1.093,0.000,0.000,0.00,0.450,-0.000,0.000,0.000,0.000,1.000,1.09,10.77567062,106.67088025,10.51,"10°46'32.41""N, 106°40'15.17""E",FIX,
13:32:41.200,1786257161.200,TRACKING,1.129,0.000,0.000,0.00,0.450,-0.000,0.000,0.000,0.000,1.000,1.13,10.77567062,106.67088025,10.51,"10°46'32.41""N, 106°40'15.17""E",FIX,
13:32:41.294,1786257161.295,TRACKING,1.156,0.000,0.000,0.00,0.450,-0.000,0.000,0.000,0.000,1.000,1.16,10.77567062,106.67088025,10.51,"10°46'32.41""N, 106°40'15.17""E",FIX,
13:32:41.369,1786257161.369,TRACKING,1.183,0.000,0.000,0.00,0.450,-0.000,0.000,0.000,0.000,1.000,1.18,10.77567062,106.67088066,10.51,"10°46'32.41""N, 106°40'15.17""E",FIX,
13:32:41.465,1786257161.466,TRACKING,1.219,0.000,0.000,0.00,0.450,-0.002,0.000,0.000,0.000,1.000,1.22,10.77567062,106.67088066,10.51,"10°46'32.41""N, 106°40'15.17""E",FIX,
13:32:41.574,1786257161.575,TRACKING,1.246,-0.000,-0.000,0.00,0.450,-0.002,0.000,0.000,0.000,1.000,1.25,10.77567062,106.67088066,10.51,"10°46'32.41""N, 106°40'15.17""E",FIX,
13:32:41.684,1786257161.684,TRACKING,1.282,-0.000,-0.000,0.01,0.450,-0.001,0.000,0.000,0.000,1.000,1.28,10.77567062,106.67088107,10.51,"10°46'32.41""N, 106°40'15.17""E",FIX,
13:32:41.755,1786257161.756,TRACKING,1.300,-0.000,-0.000,0.01,0.450,-0.002,0.000,0.000,0.000,1.000,1.30,10.77567062,106.67088107,10.51,"10°46'32.41""N, 106°40'15.17""E",FIX,
13:32:41.876,1786257161.877,TRACKING,1.327,-0.000,-0.000,0.00,0.450,0.001,0.000,0.000,0.000,1.000,1.33,10.77567062,106.67088107,10.51,"10°46'32.41""N, 106°40'15.17""E",FIX,
13:32:41.941,1786257161.941,TRACKING,1.363,-0.000,-0.000,0.00,0.450,0.002,0.000,0.000,0.000,0.604,1.36,10.77567062,106.67088148,10.51,"10°46'32.41""N, 106°40'15.17""E",FIX,
13:32:42.019,1786257162.019,TRACKING,1.390,-0.000,-0.000,-0.00,0.450,0.002,0.000,0.000,0.000,0.667,1.39,10.77567062,106.67088148,10.51,"10°46'32.41""N, 106°40'15.17""E",FIX,
13:32:42.097,1786257162.097,TRACKING,1.417,-0.000,-0.000,-0.00,0.450,0.003,0.000,0.000,0.000,0.750,1.42,10.77567062,106.67088148,10.51,"10°46'32.41""N, 106°40'15.17""E",FIX,
13:32:42.210,1786257162.210,TRACKING,1.453,-0.000,0.000,-0.00,0.450,0.001,0.000,0.000,0.000,0.812,1.45,10.77567062,106.67088190,10.51,"10°46'32.41""N, 106°40'15.17""E",FIX,
13:32:42.285,1786257162.286,TRACKING,1.480,-0.000,0.000,-0.01,0.450,0.001,0.000,0.000,0.000,0.896,1.48,10.77567062,106.67088190,10.51,"10°46'32.41""N, 106°40'15.17""E",FIX,
13:32:42.379,1786257162.379,TRACKING,1.507,-0.000,0.000,-0.01,0.450,0.001,0.000,0.000,0.000,0.958,1.51,10.77567062,106.67088190,10.51,"10°46'32.41""N, 106°40'15.17""E",FIX,
13:32:42.471,1786257162.472,TRACKING,1.534,-0.000,0.000,-0.01,0.450,0.001,0.000,0.000,0.000,1.000,1.53,10.77567062,106.67088190,10.51,"10°46'32.41""N, 106°40'15.17""E",FIX,
13:32:42.566,1786257162.566,TRACKING,1.561,-0.000,0.000,-0.01,0.450,0.001,0.000,0.000,0.000,1.000,1.56,10.77567062,106.67088231,10.51,"10°46'32.41""N, 106°40'15.18""E",FIX,
13:32:42.680,1786257162.680,TRACKING,1.597,-0.000,0.000,-0.01,0.450,0.001,0.000,0.000,0.000,1.000,1.60,10.77567062,106.67088231,10.51,"10°46'32.41""N, 106°40'15.18""E",FIX,
13:32:42.759,1786257162.760,TRACKING,1.624,-0.000,0.000,-0.01,0.450,0.001,0.000,0.000,0.000,1.000,1.62,10.77567062,106.67088231,10.51,"10°46'32.41""N, 106°40'15.18""E",FIX,
13:32:42.866,1786257162.867,TRACKING,1.660,0.000,0.001,-0.01,0.450,0.001,0.000,0.000,0.000,1.000,1.66,10.77567062,106.67088272,10.51,"10°46'32.41""N, 106°40'15.18""E",FIX,
13:32:42.957,1786257162.957,TRACKING,1.687,0.000,0.001,-0.01,0.450,0.001,0.000,0.000,0.000,1.000,1.69,10.77567062,106.67088272,10.51,"10°46'32.41""N, 106°40'15.18""E",FIX,
13:32:43.085,1786257163.086,TRACKING,1.714,0.000,0.001,-0.01,0.450,0.001,0.000,0.000,0.000,1.000,1.71,10.77567062,106.67088272,10.51,"10°46'32.41""N, 106°40'15.18""E",FIX,
13:32:43.195,1786257163.196,TRACKING,1.750,0.000,0.001,-0.01,0.450,0.001,0.000,0.000,0.000,1.000,1.75,10.77567062,106.67088313,10.51,"10°46'32.41""N, 106°40'15.18""E",FIX,
13:32:43.286,1786257163.286,TRACKING,1.777,0.000,0.001,-0.01,0.450,0.001,0.000,0.000,0.000,1.000,1.78,10.77567062,106.67088313,10.51,"10°46'32.41""N, 106°40'15.18""E",FIX,
13:32:43.362,1786257163.363,TRACKING,1.804,0.000,0.001,-0.01,0.450,0.001,0.000,0.000,0.000,1.000,1.80,10.77567062,106.67088313,10.51,"10°46'32.41""N, 106°40'15.18""E",FIX,
13:32:43.452,1786257163.453,TRACKING,1.831,0.000,0.001,-0.01,0.450,0.001,0.000,0.000,0.000,1.000,1.83,10.77567062,106.67088354,10.51,"10°46'32.41""N, 106°40'15.18""E",FIX,
13:32:43.541,1786257163.542,TRACKING,1.858,0.000,0.001,-0.01,0.450,0.001,0.000,0.000,0.000,1.000,1.86,10.77567062,106.67088354,10.51,"10°46'32.41""N, 106°40'15.18""E",FIX,
13:32:43.669,1786257163.670,TRACKING,1.903,0.000,0.001,-0.01,0.450,0.001,0.000,0.000,0.000,1.000,1.90,10.77567062,106.67088395,10.51,"10°46'32.41""N, 106°40'15.18""E",FIX,
13:32:43.739,1786257163.740,TRACKING,1.930,0.000,0.001,-0.01,0.450,0.001,0.000,0.000,0.000,1.000,1.93,10.77567062,106.67088395,10.51,"10°46'32.41""N, 106°40'15.18""E",FIX,
13:32:43.845,1786257163.845,TRACKING,1.957,0.000,0.001,-0.01,0.450,0.001,0.000,0.000,0.000,1.000,1.96,10.77567062,106.67088395,10.51,"10°46'32.41""N, 106°40'15.18""E",FIX,
13:32:43.926,1786257163.927,TRACKING,1.984,0.000,0.001,-0.01,0.450,0.002,0.000,0.000,0.000,1.000,1.98,10.77567062,106.67088395,10.51,"10°46'32.41""N, 106°40'15.18""E",FIX,
13:32:44.026,1786257164.027,TRACKING,2.020,0.000,0.001,-0.01,0.450,0.001,0.000,0.000,0.000,1.000,2.02,10.77567062,106.67088436,10.51,"10°46'32.41""N, 106°40'15.18""E",FIX,
13:32:44.100,1786257164.100,TRACKING,2.047,0.000,0.001,-0.01,0.450,-0.004,0.000,0.000,0.000,1.000,2.05,10.77567062,106.67088436,10.51,"10°46'32.41""N, 106°40'15.18""E",FIX,
13:32:44.173,1786257164.174,TRACKING,2.074,0.000,0.001,-0.00,0.450,-0.003,0.000,0.000,0.000,1.000,2.07,10.77567062,106.67088436,10.51,"10°46'32.41""N, 106°40'15.18""E",FIX,
13:32:44.284,1786257164.284,TRACKING,2.110,0.000,0.001,0.00,0.450,-0.002,0.000,0.000,0.000,1.000,2.11,10.77567062,106.67088478,10.51,"10°46'32.41""N, 106°40'15.19""E",FIX,
13:32:44.372,1786257164.372,TRACKING,2.128,0.000,0.001,0.00,0.450,-0.006,0.000,0.000,0.000,0.583,2.13,10.77567062,106.67088478,10.51,"10°46'32.41""N, 106°40'15.19""E",FIX,
13:32:44.472,1786257164.473,TRACKING,2.164,0.000,0.000,0.01,0.450,-0.003,0.000,0.000,0.000,0.646,2.16,10.77567062,106.67088478,10.51,"10°46'32.41""N, 106°40'15.19""E",FIX,
13:32:44.577,1786257164.577,TRACKING,2.191,0.000,0.000,0.01,0.450,-0.003,0.000,0.000,0.000,0.708,2.19,10.77567062,106.67088519,10.51,"10°46'32.41""N, 106°40'15.19""E",FIX,
13:32:44.682,1786257164.682,TRACKING,2.218,0.000,0.000,0.01,0.450,-0.003,0.000,0.000,0.000,0.771,2.22,10.77567062,106.67088519,10.51,"10°46'32.41""N, 106°40'15.19""E",FIX,
13:32:44.804,1786257164.804,TRACKING,2.263,0.000,-0.000,0.01,0.450,-0.002,0.000,0.000,0.000,0.854,2.26,10.77567062,106.67088560,10.51,"10°46'32.41""N, 106°40'15.19""E",FIX,
13:32:44.895,1786257164.896,TRACKING,2.281,0.000,-0.000,0.02,0.450,-0.002,0.000,0.000,0.000,0.917,2.28,10.77567062,106.67088560,10.51,"10°46'32.41""N, 106°40'15.19""E",FIX,
13:32:44.977,1786257164.977,TRACKING,2.308,0.000,-0.000,0.02,0.450,-0.002,0.000,0.000,0.000,1.000,2.31,10.77567062,106.67088560,10.51,"10°46'32.41""N, 106°40'15.19""E",FIX,
13:32:45.084,1786257165.084,TRACKING,2.344,0.000,-0.001,0.02,0.450,-0.002,0.000,0.000,0.000,1.000,2.34,10.77567062,106.67088560,10.51,"10°46'32.41""N, 106°40'15.19""E",FIX,
13:32:45.171,1786257165.171,TRACKING,2.371,0.000,-0.001,0.02,0.450,-0.002,0.000,0.000,0.000,1.000,2.37,10.77567062,106.67088601,10.51,"10°46'32.41""N, 106°40'15.19""E",FIX,
13:32:45.253,1786257165.254,TRACKING,2.398,0.000,-0.001,0.02,0.450,-0.002,0.000,0.000,0.000,1.000,2.40,10.77567062,106.67088601,10.51,"10°46'32.41""N, 106°40'15.19""E",FIX,
13:32:45.340,1786257165.341,TRACKING,2.425,0.000,-0.001,0.02,0.450,-0.002,0.000,0.000,0.000,1.000,2.42,10.77567062,106.67088601,10.51,"10°46'32.41""N, 106°40'15.19""E",FIX,
13:32:45.437,1786257165.438,TRACKING,2.470,0.000,-0.001,0.02,0.450,-0.002,0.000,0.000,0.000,1.000,2.47,10.77567062,106.67088642,10.51,"10°46'32.41""N, 106°40'15.19""E",FIX,
13:32:45.510,1786257165.510,TRACKING,2.488,0.000,-0.001,0.02,0.450,-0.002,0.000,0.000,0.000,1.000,2.49,10.77567062,106.67088642,10.51,"10°46'32.41""N, 106°40'15.19""E",FIX,
13:32:45.614,1786257165.614,TRACKING,2.524,0.000,-0.001,0.02,0.450,-0.001,0.000,0.000,0.000,1.000,2.52,10.77567062,106.67088642,10.51,"10°46'32.41""N, 106°40'15.19""E",FIX,
13:32:45.698,1786257165.699,TRACKING,2.551,0.000,-0.001,0.02,0.450,-0.001,0.000,0.000,0.000,1.000,2.55,10.77567062,106.67088683,10.51,"10°46'32.41""N, 106°40'15.19""E",FIX,
13:32:45.790,1786257165.791,TRACKING,2.578,0.000,-0.001,0.02,0.450,-0.001,0.000,0.000,0.000,1.000,2.58,10.77567062,106.67088683,10.51,"10°46'32.41""N, 106°40'15.19""E",FIX,
13:32:45.895,1786257165.896,TRACKING,2.605,0.000,-0.001,0.02,0.450,-0.001,0.000,0.000,0.000,1.000,2.60,10.77567062,106.67088683,10.51,"10°46'32.41""N, 106°40'15.19""E",FIX,
13:32:45.973,1786257165.973,TRACKING,2.641,0.000,-0.002,0.02,0.450,-0.001,0.000,0.000,0.000,1.000,2.64,10.77567062,106.67088724,10.51,"10°46'32.41""N, 106°40'15.19""E",FIX,
13:32:46.069,1786257166.069,TRACKING,2.668,0.000,-0.002,0.02,0.450,-0.001,0.000,0.000,0.000,1.000,2.67,10.77567062,106.67088724,10.51,"10°46'32.41""N, 106°40'15.19""E",FIX,
13:32:46.143,1786257166.143,TRACKING,2.695,0.000,-0.002,0.02,0.450,-0.000,0.000,0.000,0.000,1.000,2.69,10.77567062,106.67088724,10.51,"10°46'32.41""N, 106°40'15.19""E",FIX,
13:32:46.256,1786257166.256,TRACKING,2.731,-0.000,-0.002,0.02,0.450,-0.001,0.000,0.000,0.000,1.000,2.73,10.77567062,106.67088766,10.51,"10°46'32.41""N, 106°40'15.20""E",FIX,
13:32:46.361,1786257166.362,TRACKING,2.758,-0.000,-0.002,0.02,0.450,-0.002,0.000,0.000,0.000,1.000,2.76,10.77567062,106.67088766,10.51,"10°46'32.41""N, 106°40'15.20""E",FIX,
13:32:46.458,1786257166.458,TRACKING,2.785,-0.000,-0.002,0.01,0.450,0.000,0.000,0.000,0.000,1.000,2.78,10.77567062,106.67088766,10.51,"10°46'32.41""N, 106°40'15.20""E",FIX,
13:32:46.586,1786257166.586,TRACKING,2.821,-0.000,-0.002,0.01,0.450,-0.000,0.000,0.000,0.000,1.000,2.82,10.77567062,106.67088807,10.51,"10°46'32.41""N, 106°40'15.20""E",FIX,
13:32:46.663,1786257166.663,TRACKING,2.848,-0.000,-0.002,0.01,0.450,-0.000,0.000,0.000,0.000,1.000,2.85,10.77567062,106.67088807,10.51,"10°46'32.41""N, 106°40'15.20""E",FIX,
13:32:46.757,1786257166.757,TRACKING,2.875,-0.000,-0.002,0.01,0.450,-0.000,0.000,0.000,0.000,1.000,2.87,10.77567062,106.67088807,10.51,"10°46'32.41""N, 106°40'15.20""E",FIX,
13:32:46.828,1786257166.829,TRACKING,2.902,-0.000,-0.002,0.01,0.450,0.003,0.000,0.000,0.000,0.729,2.90,10.77567062,106.67088848,10.51,"10°46'32.41""N, 106°40'15.20""E",FIX,
13:32:46.930,1786257166.930,TRACKING,2.929,-0.000,-0.002,0.01,0.450,0.001,0.000,0.000,0.000,0.521,2.93,10.77567062,106.67088848,10.51,"10°46'32.41""N, 106°40'15.20""E",FIX,
13:32:47.043,1786257167.044,TRACKING,2.974,-0.000,-0.002,0.00,0.450,0.001,0.000,0.000,0.000,0.583,2.97,10.77567062,106.67088848,10.51,"10°46'32.41""N, 106°40'15.20""E",FIX,
13:32:47.115,1786257167.115,TRACKING,2.992,-0.001,-0.002,0.00,0.450,0.001,0.000,0.000,0.000,0.667,2.99,10.77567062,106.67088889,10.51,"10°46'32.41""N, 106°40'15.20""E",FIX,
13:32:47.234,1786257167.235,TRACKING,3.028,-0.001,-0.002,0.00,0.450,0.000,0.000,0.000,0.000,0.750,3.03,10.77567062,106.67088889,10.51,"10°46'32.41""N, 106°40'15.20""E",FIX,
13:32:47.337,1786257167.338,TRACKING,3.055,-0.001,-0.002,0.00,0.450,0.000,0.000,0.000,0.000,0.812,3.05,10.77567062,106.67088889,10.51,"10°46'32.41""N, 106°40'15.20""E",FIX,
13:32:47.455,1786257167.456,TRACKING,3.082,-0.001,-0.002,0.00,0.450,0.000,0.000,0.000,0.000,0.875,3.08,10.77567062,106.67088930,10.51,"10°46'32.41""N, 106°40'15.20""E",FIX,
13:32:47.589,1786257167.590,TRACKING,3.118,-0.001,-0.002,0.00,0.450,0.000,0.000,0.000,0.000,0.958,3.12,10.77567062,106.67088930,10.51,"10°46'32.41""N, 106°40'15.20""E",FIX,
13:32:47.675,1786257167.676,TRACKING,3.145,-0.001,-0.002,0.00,0.450,0.000,0.000,0.000,0.000,1.000,3.14,10.77567062,106.67088930,10.51,"10°46'32.41""N, 106°40'15.20""E",FIX,
13:32:47.769,1786257167.769,TRACKING,3.172,-0.001,-0.002,0.00,0.450,0.000,0.000,0.000,0.000,1.000,3.17,10.77567062,106.67088971,10.51,"10°46'32.41""N, 106°40'15.20""E",FIX,
13:32:47.862,1786257167.863,TRACKING,3.208,-0.001,-0.001,0.00,0.450,0.000,0.000,0.000,0.000,1.000,3.21,10.77567062,106.67088971,10.51,"10°46'32.41""N, 106°40'15.20""E",FIX,
13:32:47.955,1786257167.955,TRACKING,3.235,-0.001,-0.001,0.00,0.450,0.000,0.000,0.000,0.000,1.000,3.23,10.77567062,106.67088971,10.51,"10°46'32.41""N, 106°40'15.20""E",FIX,
13:32:48.096,1786257168.096,TRACKING,3.271,-0.001,-0.001,0.00,0.450,0.000,0.000,0.000,0.000,1.000,3.27,10.77567062,106.67089012,10.51,"10°46'32.41""N, 106°40'15.20""E",FIX,
13:32:48.142,1786257168.142,TRACKING,3.289,-0.001,-0.001,0.00,0.450,0.000,0.000,0.000,0.000,1.000,3.29,10.77567062,106.67089012,10.51,"10°46'32.41""N, 106°40'15.20""E",FIX,
13:32:48.214,1786257168.215,TRACKING,3.316,-0.001,-0.001,0.00,0.450,0.000,0.000,0.000,0.000,1.000,3.32,10.77567062,106.67089012,10.51,"10°46'32.41""N, 106°40'15.20""E",FIX,
13:32:48.328,1786257168.329,TRACKING,3.352,-0.001,-0.001,0.00,0.450,0.000,0.000,0.000,0.000,1.000,3.35,10.77567062,106.67089054,10.51,"10°46'32.41""N, 106°40'15.21""E",FIX,
13:32:48.425,1786257168.425,TRACKING,3.388,-0.001,-0.001,0.00,0.450,0.000,0.000,0.000,0.000,1.000,3.39,10.77567062,106.67089054,10.51,"10°46'32.41""N, 106°40'15.21""E",FIX,
13:32:48.506,1786257168.506,TRACKING,3.415,-0.001,-0.001,0.00,0.450,0.000,0.000,0.000,0.000,1.000,3.41,10.77567062,106.67089054,10.51,"10°46'32.41""N, 106°40'15.21""E",FIX,
13:32:48.596,1786257168.597,TRACKING,3.442,-0.001,-0.001,0.00,0.450,0.000,0.000,0.000,0.000,1.000,3.44,10.77567061,106.67089095,10.51,"10°46'32.41""N, 106°40'15.21""E",FIX,
13:32:48.694,1786257168.695,TRACKING,3.469,-0.001,-0.001,0.00,0.450,0.000,0.000,0.000,0.000,1.000,3.47,10.77567061,106.67089095,10.51,"10°46'32.41""N, 106°40'15.21""E",FIX,
13:32:48.779,1786257168.779,TRACKING,3.496,-0.001,-0.001,0.00,0.450,0.000,0.000,0.000,0.000,1.000,3.50,10.77567061,106.67089095,10.51,"10°46'32.41""N, 106°40'15.21""E",FIX,
13:32:48.904,1786257168.904,TRACKING,3.532,-0.001,-0.001,0.00,0.450,0.000,0.000,0.000,0.000,1.000,3.53,10.77567061,106.67089136,10.51,"10°46'32.41""N, 106°40'15.21""E",FIX,
13:32:49.004,1786257169.005,TRACKING,3.568,-0.001,-0.001,0.00,0.450,0.000,0.000,0.000,0.000,1.000,3.57,10.77567061,106.67089136,10.51,"10°46'32.41""N, 106°40'15.21""E",FIX,
13:32:49.075,1786257169.075,TRACKING,3.595,-0.001,-0.001,0.00,0.450,0.000,0.000,0.000,0.000,1.000,3.59,10.77567061,106.67089136,10.51,"10°46'32.41""N, 106°40'15.21""E",FIX,
13:32:49.147,1786257169.147,TRACKING,3.622,-0.001,-0.001,0.00,0.450,0.000,0.000,0.000,0.000,1.000,3.62,10.77567061,106.67089177,10.51,"10°46'32.41""N, 106°40'15.21""E",FIX,
13:32:49.244,1786257169.244,TRACKING,3.649,-0.001,-0.001,0.00,0.450,0.000,0.000,0.000,0.000,1.000,3.65,10.77567061,106.67089177,10.51,"10°46'32.41""N, 106°40'15.21""E",FIX,
13:32:49.400,1786257169.401,TRACKING,3.676,-0.002,-0.001,0.00,0.450,0.000,0.000,0.000,0.000,1.000,3.68,10.77567061,106.67089177,10.51,"10°46'32.41""N, 106°40'15.21""E",FIX,
13:32:49.493,1786257169.493,TRACKING,3.712,-0.002,-0.001,0.00,0.450,0.000,0.000,0.000,0.000,1.000,3.71,10.77567061,106.67089218,10.51,"10°46'32.41""N, 106°40'15.21""E",FIX,
13:32:49.555,1786257169.556,TRACKING,3.739,-0.002,-0.001,0.00,0.450,0.000,0.000,0.000,0.000,0.562,3.74,10.77567061,106.67089218,10.51,"10°46'32.41""N, 106°40'15.21""E",FIX,
13:32:49.660,1786257169.661,TRACKING,3.766,-0.002,-0.001,0.00,0.450,0.000,0.000,0.000,0.000,0.604,3.77,10.77567061,106.67089218,10.51,"10°46'32.41""N, 106°40'15.21""E",FIX,
13:32:49.762,1786257169.763,TRACKING,3.793,-0.002,-0.001,0.00,0.450,0.000,0.000,0.000,0.000,0.687,3.79,10.77567061,106.67089259,10.51,"10°46'32.41""N, 106°40'15.21""E",FIX,
13:32:49.887,1786257169.887,TRACKING,3.829,-0.002,-0.001,0.00,0.450,0.000,0.000,0.000,0.000,0.750,3.83,10.77567061,106.67089259,10.51,"10°46'32.41""N, 106°40'15.21""E",FIX,
13:32:49.969,1786257169.970,TRACKING,3.856,-0.002,-0.001,0.00,0.450,0.000,0.000,0.000,0.000,0.833,3.86,10.77567061,106.67089259,10.51,"10°46'32.41""N, 106°40'15.21""E",FIX,
13:32:50.089,1786257170.089,TRACKING,3.883,-0.002,-0.001,0.00,0.450,0.000,0.000,0.000,0.000,0.917,3.88,10.77567061,106.67089300,10.51,"10°46'32.41""N, 106°40'15.21""E",FIX,
13:32:50.188,1786257170.189,TRACKING,3.910,-0.002,-0.001,0.00,0.450,0.000,0.000,0.000,0.000,0.979,3.91,10.77567061,106.67089300,10.51,"10°46'32.41""N, 106°40'15.21""E",FIX,
13:32:50.274,1786257170.275,TRACKING,3.937,-0.002,-0.001,0.00,0.450,0.000,0.000,0.000,0.000,1.000,3.94,10.77567061,106.67089300,10.51,"10°46'32.41""N, 106°40'15.21""E",FIX,
13:32:50.415,1786257170.415,TRACKING,3.973,-0.002,-0.001,0.00,0.450,0.000,0.000,0.000,0.000,1.000,3.97,10.77567061,106.67089342,10.51,"10°46'32.41""N, 106°40'15.22""E",FIX,
13:32:50.498,1786257170.499,TRACKING,4.000,-0.002,-0.001,0.00,0.450,0.000,0.000,0.000,0.000,1.000,4.00,10.77567061,106.67089342,10.51,"10°46'32.41""N, 106°40'15.22""E",FIX,
13:32:50.599,1786257170.599,TRACKING,4.036,-0.002,-0.001,0.00,0.450,0.000,0.000,0.000,0.000,1.000,4.04,10.77567061,106.67089342,10.51,"10°46'32.41""N, 106°40'15.22""E",FIX,
13:32:50.679,1786257170.680,TRACKING,4.063,-0.002,-0.001,0.00,0.450,-0.002,0.000,0.000,0.000,1.000,4.06,10.77567061,106.67089383,10.51,"10°46'32.41""N, 106°40'15.22""E",FIX,
13:32:50.768,1786257170.768,TRACKING,4.108,-0.002,-0.002,0.00,0.450,0.000,0.000,0.000,0.000,1.000,4.11,10.77567061,106.67089383,10.51,"10°46'32.41""N, 106°40'15.22""E",FIX,
13:32:50.826,1786257170.826,TRACKING,4.126,-0.002,-0.002,0.00,0.450,0.001,0.000,0.000,0.000,1.000,4.13,10.77567061,106.67089383,10.51,"10°46'32.41""N, 106°40'15.22""E",FIX,
13:32:50.914,1786257170.915,TRACKING,4.153,-0.002,-0.002,0.00,0.450,-0.002,0.000,0.000,0.000,1.000,4.15,10.77567061,106.67089424,10.51,"10°46'32.41""N, 106°40'15.22""E",FIX,
13:32:51.003,1786257171.004,TRACKING,4.180,-0.002,-0.002,0.00,0.450,0.000,0.000,0.000,0.000,1.000,4.18,10.77567061,106.67089424,10.51,"10°46'32.41""N, 106°40'15.22""E",FIX,
13:32:51.121,1786257171.121,TRACKING,4.216,-0.002,-0.002,0.00,0.450,0.000,0.000,0.000,0.000,1.000,4.22,10.77567061,106.67089424,10.51,"10°46'32.41""N, 106°40'15.22""E",FIX,
13:32:51.218,1786257171.219,TRACKING,4.243,-0.002,-0.002,0.00,0.450,0.000,0.000,0.000,0.000,1.000,4.24,10.77567061,106.67089465,10.51,"10°46'32.41""N, 106°40'15.22""E",FIX,
13:32:51.303,1786257171.304,TRACKING,4.270,-0.002,-0.002,0.00,0.450,0.000,0.000,0.000,0.000,1.000,4.27,10.77567061,106.67089465,10.51,"10°46'32.41""N, 106°40'15.22""E",FIX,
13:32:51.397,1786257171.397,TRACKING,4.306,-0.002,-0.002,0.00,0.450,0.000,0.000,0.000,0.000,1.000,4.31,10.77567061,106.67089465,10.51,"10°46'32.41""N, 106°40'15.22""E",FIX,
13:32:51.474,1786257171.475,TRACKING,4.333,-0.003,-0.002,0.00,0.450,0.000,0.000,0.000,0.000,1.000,4.33,10.77567061,106.67089506,10.51,"10°46'32.41""N, 106°40'15.22""E",FIX,
13:32:51.568,1786257171.568,TRACKING,4.360,-0.003,-0.002,0.00,0.450,0.000,0.000,0.000,0.000,1.000,4.36,10.77567061,106.67089506,10.51,"10°46'32.41""N, 106°40'15.22""E",FIX,
13:32:51.648,1786257171.648,TRACKING,4.396,-0.003,-0.002,0.00,0.450,0.000,0.000,0.000,0.000,1.000,4.40,10.77567061,106.67089506,10.51,"10°46'32.41""N, 106°40'15.22""E",FIX,
13:32:51.752,1786257171.753,TRACKING,4.423,-0.003,-0.002,0.00,0.450,0.000,0.000,0.000,0.000,1.000,4.42,10.77567061,106.67089547,10.51,"10°46'32.41""N, 106°40'15.22""E",FIX,
13:32:51.822,1786257171.822,TRACKING,4.459,-0.003,-0.002,0.00,0.450,0.000,0.000,0.000,0.000,1.000,4.46,10.77567061,106.67089547,10.51,"10°46'32.41""N, 106°40'15.22""E",FIX,
13:32:51.901,1786257171.901,TRACKING,4.477,-0.003,-0.002,0.00,0.450,0.000,0.000,0.000,0.000,1.000,4.48,10.77567061,106.67089547,10.51,"10°46'32.41""N, 106°40'15.22""E",FIX,
13:32:52.005,1786257172.005,TRACKING,4.513,-0.003,-0.002,0.00,0.450,-0.002,0.000,0.000,0.000,1.000,4.51,10.77567061,106.67089588,10.51,"10°46'32.41""N, 106°40'15.23""E",FIX,
13:32:52.078,1786257172.078,TRACKING,4.549,-0.003,-0.002,0.00,0.450,-0.002,0.000,0.000,0.000,0.583,4.55,10.77567061,106.67089588,10.51,"10°46'32.41""N, 106°40'15.23""E",FIX,
13:32:52.142,1786257172.142,TRACKING,4.567,-0.003,-0.002,0.01,0.450,-0.002,0.000,0.000,0.000,0.646,4.57,10.77567061,106.67089588,10.51,"10°46'32.41""N, 106°40'15.23""E",FIX,
13:32:52.232,1786257172.233,TRACKING,4.594,-0.003,-0.002,0.01,0.450,-0.001,0.000,0.000,0.000,0.708,4.59,10.77567061,106.67089588,10.51,"10°46'32.41""N, 106°40'15.23""E",FIX,
13:32:52.332,1786257172.333,TRACKING,4.639,-0.003,-0.002,0.00,0.450,0.001,0.000,0.000,0.000,0.771,4.64,10.77567061,106.67089630,10.51,"10°46'32.41""N, 106°40'15.23""E",FIX,
13:32:52.396,1786257172.397,TRACKING,4.657,-0.003,-0.002,0.01,0.450,-0.002,0.000,0.000,0.000,0.833,4.66,10.77567061,106.67089630,10.51,"10°46'32.41""N, 106°40'15.23""E",FIX,
13:32:52.474,1786257172.475,TRACKING,4.684,-0.003,-0.002,0.01,0.450,-0.000,0.000,0.000,0.000,0.917,4.68,10.77567061,106.67089630,10.51,"10°46'32.41""N, 106°40'15.23""E",FIX,
13:32:52.581,1786257172.581,TRACKING,4.720,-0.003,-0.002,0.00,0.450,0.001,0.000,0.000,0.000,1.000,4.72,10.77567061,106.67089671,10.51,"10°46'32.41""N, 106°40'15.23""E",FIX,
13:32:52.664,1786257172.664,TRACKING,4.756,-0.003,-0.002,0.00,0.450,0.001,0.000,0.000,0.000,1.000,4.76,10.77567061,106.67089671,10.51,"10°46'32.41""N, 106°40'15.23""E",FIX,
13:32:52.736,1786257172.736,TRACKING,4.774,-0.003,-0.002,0.00,0.450,0.001,0.000,0.000,0.000,1.000,4.77,10.77567061,106.67089671,10.51,"10°46'32.41""N, 106°40'15.23""E",FIX,
13:32:52.837,1786257172.838,TRACKING,4.810,-0.003,-0.002,0.00,0.450,0.000,0.000,0.000,0.000,1.000,4.81,10.77567061,106.67089712,10.51,"10°46'32.41""N, 106°40'15.23""E",FIX,
13:32:52.941,1786257172.942,TRACKING,4.837,-0.003,-0.002,0.00,0.450,0.000,0.000,0.000,0.000,1.000,4.84,10.77567061,106.67089712,10.51,"10°46'32.41""N, 106°40'15.23""E",FIX,
13:32:53.046,1786257173.046,TRACKING,4.873,-0.004,-0.002,0.00,0.450,0.000,0.000,0.000,0.000,1.000,4.87,10.77567061,106.67089753,10.51,"10°46'32.41""N, 106°40'15.23""E",FIX,
13:32:53.169,1786257173.169,TRACKING,4.909,-0.004,-0.002,0.00,0.450,0.000,0.000,0.000,0.000,1.000,4.91,10.77567061,106.67089753,10.51,"10°46'32.41""N, 106°40'15.23""E",FIX,
13:32:53.257,1786257173.258,TRACKING,4.927,-0.004,-0.002,0.00,0.450,0.000,0.000,0.000,0.000,1.000,4.93,10.77567061,106.67089753,10.51,"10°46'32.41""N, 106°40'15.23""E",FIX,
13:32:53.348,1786257173.349,TRACKING,4.963,-0.004,-0.002,0.00,0.450,0.000,0.000,0.000,0.000,1.000,4.96,10.77567061,106.67089794,10.51,"10°46'32.41""N, 106°40'15.23""E",FIX,
13:32:53.418,1786257173.419,TRACKING,4.990,-0.004,-0.002,0.00,0.450,0.000,0.000,0.000,0.000,1.000,4.99,10.77567061,106.67089794,10.51,"10°46'32.41""N, 106°40'15.23""E",FIX,
13:32:53.514,1786257173.515,TRACKING,5.017,-0.004,-0.002,0.00,0.450,0.000,0.000,0.000,0.000,1.000,5.02,10.77567061,106.67089794,10.51,"10°46'32.41""N, 106°40'15.23""E",FIX,
13:32:53.632,1786257173.632,TRACKING,5.035,-0.004,-0.002,0.00,0.450,0.000,0.000,0.000,0.000,1.000,5.03,10.77567061,106.67089835,10.51,"10°46'32.41""N, 106°40'15.23""E",FIX,
13:32:53.669,1786257173.670,TRACKING,5.035,-0.004,-0.002,0.00,0.450,0.000,0.000,0.000,0.000,1.000,5.03,10.77567061,106.67089835,10.51,"10°46'32.41""N, 106°40'15.23""E",FIX,
13:32:53.785,1786257173.786,TRACKING,5.035,-0.004,-0.002,0.00,0.450,0.000,0.000,0.000,0.000,1.000,5.03,10.77567061,106.67089835,10.51,"10°46'32.41""N, 106°40'15.23""E",FIX,
13:32:53.884,1786257173.885,TRACKING,5.134,-0.004,-0.002,0.00,0.450,0.000,0.000,0.000,0.000,1.000,5.13,10.77567061,106.67089835,10.51,"10°46'32.41""N, 106°40'15.23""E",FIX,
13:32:53.973,1786257173.974,TRACKING,5.161,-0.004,-0.002,0.00,0.450,0.000,0.000,0.000,0.000,1.000,5.16,10.77567061,106.67089877,10.51,"10°46'32.41""N, 106°40'15.24""E",FIX,
13:32:54.072,1786257174.072,TRACKING,5.197,-0.004,-0.002,0.00,0.450,0.000,0.000,0.000,0.000,1.000,5.20,10.77567061,106.67089877,10.51,"10°46'32.41""N, 106°40'15.24""E",FIX,
13:32:54.143,1786257174.143,TRACKING,5.224,-0.004,-0.002,0.00,0.450,0.000,0.000,0.000,0.000,1.000,5.22,10.77567061,106.67089877,10.51,"10°46'32.41""N, 106°40'15.24""E",FIX,
13:32:54.243,1786257174.244,TRACKING,5.251,-0.004,-0.002,0.00,0.450,0.000,0.000,0.000,0.000,1.000,5.25,10.77567061,106.67089918,10.51,"10°46'32.41""N, 106°40'15.24""E",FIX,
13:32:54.328,1786257174.329,TRACKING,5.278,-0.004,-0.002,-0.00,0.450,0.002,0.000,0.000,0.000,1.000,5.28,10.77567061,106.67089918,10.51,"10°46'32.41""N, 106°40'15.24""E",FIX,
13:32:54.435,1786257174.436,TRACKING,5.314,-0.004,-0.002,-0.01,0.450,0.005,0.000,0.000,0.000,1.000,5.31,10.77567061,106.67089918,10.51,"10°46'32.41""N, 106°40'15.24""E",FIX,
13:32:54.547,1786257174.547,TRACKING,5.341,-0.004,-0.001,-0.01,0.450,0.005,0.000,0.000,0.000,0.562,5.34,10.77567061,106.67089959,10.51,"10°46'32.41""N, 106°40'15.24""E",FIX,
13:32:54.623,1786257174.623,TRACKING,5.368,-0.004,-0.001,-0.02,0.450,0.005,0.000,0.000,0.000,0.625,5.37,10.77567061,106.67089959,10.51,"10°46'32.41""N, 106°40'15.24""E",FIX,
13:32:54.720,1786257174.721,TRACKING,5.404,-0.004,-0.001,-0.02,0.450,0.003,0.000,0.000,0.000,0.687,5.40,10.77567061,106.67089959,10.51,"10°46'32.41""N, 106°40'15.24""E",FIX,
13:32:54.794,1786257174.794,TRACKING,5.431,-0.004,-0.001,-0.02,0.450,0.003,0.000,0.000,0.000,0.750,5.43,10.77567061,106.67090000,10.51,"10°46'32.41""N, 106°40'15.24""E",FIX,
13:32:54.881,1786257174.882,TRACKING,5.458,-0.005,-0.000,-0.02,0.450,0.003,0.000,0.000,0.000,0.833,5.46,10.77567061,106.67090000,10.51,"10°46'32.41""N, 106°40'15.24""E",FIX,
13:32:54.977,1786257174.978,TRACKING,5.485,-0.005,-0.000,-0.02,0.450,0.003,0.000,0.000,0.000,0.917,5.48,10.77567061,106.67090000,10.51,"10°46'32.41""N, 106°40'15.24""E",FIX,
13:32:55.084,1786257175.084,TRACKING,5.521,-0.005,0.000,-0.02,0.450,0.003,0.000,0.000,0.000,0.979,5.52,10.77567061,106.67090041,10.51,"10°46'32.41""N, 106°40'15.24""E",FIX,
13:32:55.169,1786257175.169,TRACKING,5.548,-0.005,0.000,-0.03,0.450,0.003,0.000,0.000,0.000,1.000,5.55,10.77567061,106.67090041,10.51,"10°46'32.41""N, 106°40'15.24""E",FIX,
13:32:55.266,1786257175.266,TRACKING,5.584,-0.004,0.000,-0.03,0.450,0.002,0.000,0.000,0.000,1.000,5.58,10.77567061,106.67090041,10.51,"10°46'32.41""N, 106°40'15.24""E",FIX,
13:32:55.336,1786257175.336,TRACKING,5.611,-0.004,0.001,-0.03,0.450,0.002,0.000,0.000,0.000,1.000,5.61,10.77567061,106.67090082,10.51,"10°46'32.41""N, 106°40'15.24""E",FIX,
13:32:55.428,1786257175.429,TRACKING,5.638,-0.004,0.001,-0.03,0.450,0.002,0.000,0.000,0.000,1.000,5.64,10.77567061,106.67090082,10.51,"10°46'32.41""N, 106°40'15.24""E",FIX,
13:32:55.493,1786257175.493,TRACKING,5.665,-0.004,0.001,-0.03,0.450,0.002,0.000,0.000,0.000,1.000,5.66,10.77567061,106.67090082,10.51,"10°46'32.41""N, 106°40'15.24""E",FIX,
13:32:55.611,1786257175.611,TRACKING,5.701,-0.004,0.001,-0.03,0.450,0.002,0.000,0.000,0.000,1.000,5.70,10.77567061,106.67090123,10.51,"10°46'32.41""N, 106°40'15.24""E",FIX,
13:32:55.668,1786257175.669,TRACKING,5.728,-0.004,0.001,-0.03,0.450,0.002,0.000,0.000,0.000,1.000,5.73,10.77567061,106.67090123,10.51,"10°46'32.41""N, 106°40'15.24""E",FIX,
13:32:55.757,1786257175.757,TRACKING,5.755,-0.004,0.001,-0.03,0.450,0.002,0.000,0.000,0.000,1.000,5.75,10.77567061,106.67090123,10.51,"10°46'32.41""N, 106°40'15.24""E",FIX,
13:32:55.874,1786257175.875,TRACKING,5.782,-0.004,0.001,-0.03,0.450,0.002,0.000,0.000,0.000,1.000,5.78,10.77567061,106.67090165,10.51,"10°46'32.41""N, 106°40'15.25""E",FIX,
13:32:55.990,1786257175.990,TRACKING,5.818,-0.004,0.002,-0.03,0.450,0.002,0.000,0.000,0.000,1.000,5.82,10.77567061,106.67090165,10.51,"10°46'32.41""N, 106°40'15.25""E",FIX,
13:32:56.114,1786257176.115,TRACKING,5.845,-0.004,0.002,-0.03,0.450,0.002,0.000,0.000,0.000,1.000,5.84,10.77567061,106.67090165,10.51,"10°46'32.41""N, 106°40'15.25""E",FIX,
13:32:56.202,1786257176.202,TRACKING,5.872,-0.004,0.002,-0.03,0.450,0.002,0.000,0.000,0.000,1.000,5.87,10.77567061,106.67090206,10.51,"10°46'32.41""N, 106°40'15.25""E",FIX,
13:32:56.316,1786257176.317,TRACKING,5.908,-0.004,0.002,-0.03,0.450,0.002,0.000,0.000,0.000,1.000,5.91,10.77567061,106.67090206,10.51,"10°46'32.41""N, 106°40'15.25""E",FIX,
13:32:56.403,1786257176.404,TRACKING,5.926,-0.004,0.002,-0.03,0.450,0.002,0.000,0.000,0.000,1.000,5.93,10.77567061,106.67090206,10.51,"10°46'32.41""N, 106°40'15.25""E",FIX,
13:32:56.492,1786257176.492,TRACKING,5.962,-0.004,0.002,-0.03,0.450,0.002,0.000,0.000,0.000,1.000,5.96,10.77567061,106.67090247,10.51,"10°46'32.41""N, 106°40'15.25""E",FIX,
13:32:56.611,1786257176.612,TRACKING,5.998,-0.004,0.002,-0.03,0.450,0.002,0.000,0.000,0.000,1.000,6.00,10.77567061,106.67090247,10.51,"10°46'32.41""N, 106°40'15.25""E",FIX,
13:32:56.707,1786257176.707,TRACKING,6.025,-0.004,0.003,-0.03,0.450,0.002,0.000,0.000,0.000,1.000,6.02,10.77567061,106.67090247,10.51,"10°46'32.41""N, 106°40'15.25""E",FIX,
13:32:56.796,1786257176.796,TRACKING,6.052,-0.004,0.003,-0.03,0.450,0.002,0.000,0.000,0.000,1.000,6.05,10.77567061,106.67090288,10.51,"10°46'32.41""N, 106°40'15.25""E",FIX,
13:32:56.890,1786257176.890,TRACKING,6.088,-0.004,0.003,-0.03,0.450,0.002,0.000,0.000,0.000,1.000,6.09,10.77567061,106.67090288,10.51,"10°46'32.41""N, 106°40'15.25""E",FIX,
13:32:56.972,1786257176.972,TRACKING,6.115,-0.004,0.003,-0.02,0.450,-0.003,0.000,0.000,0.000,1.000,6.11,10.77567061,106.67090288,10.51,"10°46'32.41""N, 106°40'15.25""E",FIX,
13:32:57.086,1786257177.087,TRACKING,6.142,-0.004,0.003,-0.02,0.450,-0.003,0.000,0.000,0.000,0.583,6.14,10.77567061,106.67090329,10.51,"10°46'32.41""N, 106°40'15.25""E",FIX,
13:32:57.188,1786257177.188,TRACKING,6.178,-0.003,0.003,-0.01,0.450,-0.002,0.000,0.000,0.000,0.646,6.18,10.77567061,106.67090329,10.51,"10°46'32.41""N, 106°40'15.25""E",FIX,
13:32:57.269,1786257177.269,TRACKING,6.205,-0.003,0.003,-0.01,0.450,-0.002,0.000,0.000,0.000,0.708,6.20,10.77567061,106.67090329,10.51,"10°46'32.41""N, 106°40'15.25""E",FIX,
13:32:57.355,1786257177.356,TRACKING,6.232,-0.003,0.002,-0.01,0.450,-0.002,0.000,0.000,0.000,0.792,6.23,10.77567061,106.67090370,10.51,"10°46'32.41""N, 106°40'15.25""E",FIX,
13:32:57.451,1786257177.452,TRACKING,6.259,-0.003,0.002,-0.01,0.450,-0.001,0.000,0.000,0.000,0.854,6.26,10.77567061,106.67090370,10.51,"10°46'32.41""N, 106°40'15.25""E",FIX,
13:32:57.555,1786257177.556,TRACKING,6.295,-0.003,0.002,-0.00,0.450,-0.001,0.000,0.000,0.000,0.937,6.29,10.77567061,106.67090370,10.51,"10°46'32.41""N, 106°40'15.25""E",FIX,
13:32:57.642,1786257177.642,TRACKING,6.322,-0.003,0.002,-0.00,0.450,-0.001,0.000,0.000,0.000,1.000,6.32,10.77567061,106.67090411,10.51,"10°46'32.41""N, 106°40'15.25""E",FIX,
13:32:57.748,1786257177.749,TRACKING,6.349,-0.003,0.002,-0.00,0.450,-0.000,0.000,0.000,0.000,1.000,6.35,10.77567061,106.67090411,10.51,"10°46'32.41""N, 106°40'15.25""E",FIX,
13:32:57.832,1786257177.832,TRACKING,6.376,-0.003,0.002,-0.00,0.450,-0.000,0.000,0.000,0.000,1.000,6.38,10.77567061,106.67090411,10.51,"10°46'32.41""N, 106°40'15.25""E",FIX,
13:32:57.937,1786257177.937,TRACKING,6.412,-0.003,0.002,-0.00,0.450,-0.000,0.000,0.000,0.000,1.000,6.41,10.77567061,106.67090453,10.51,"10°46'32.41""N, 106°40'15.26""E",FIX,
13:32:58.028,1786257178.028,TRACKING,6.448,-0.003,0.002,-0.00,0.450,-0.000,0.000,0.000,0.000,1.000,6.45,10.77567061,106.67090453,10.51,"10°46'32.41""N, 106°40'15.26""E",FIX,
13:32:58.097,1786257178.097,TRACKING,6.466,-0.003,0.002,-0.00,0.450,-0.000,0.000,0.000,0.000,1.000,6.47,10.77567061,106.67090453,10.51,"10°46'32.41""N, 106°40'15.26""E",FIX,
13:32:58.199,1786257178.199,TRACKING,6.493,-0.003,0.002,-0.00,0.450,-0.000,0.000,0.000,0.000,1.000,6.49,10.77567061,106.67090494,10.51,"10°46'32.41""N, 106°40'15.26""E",FIX,
13:32:58.300,1786257178.301,TRACKING,6.529,-0.003,0.002,-0.00,0.450,-0.000,0.000,0.000,0.000,1.000,6.53,10.77567061,106.67090494,10.51,"10°46'32.41""N, 106°40'15.26""E",FIX,
13:32:58.386,1786257178.387,TRACKING,6.556,-0.003,0.002,-0.00,0.450,-0.000,0.000,0.000,0.000,1.000,6.56,10.77567061,106.67090494,10.51,"10°46'32.41""N, 106°40'15.26""E",FIX,
13:32:58.492,1786257178.493,TRACKING,6.592,-0.002,0.002,-0.00,0.450,-0.000,0.000,0.000,0.000,1.000,6.59,10.77567061,106.67090535,10.51,"10°46'32.41""N, 106°40'15.26""E",FIX,
13:32:58.558,1786257178.558,TRACKING,6.619,-0.002,0.002,-0.00,0.450,-0.000,0.000,0.000,0.000,1.000,6.62,10.77567061,106.67090535,10.51,"10°46'32.41""N, 106°40'15.26""E",FIX,
13:32:58.653,1786257178.654,TRACKING,6.655,-0.002,0.002,-0.00,0.450,-0.000,0.000,0.000,0.000,1.000,6.65,10.77567061,106.67090535,10.51,"10°46'32.41""N, 106°40'15.26""E",FIX,
13:32:58.755,1786257178.756,TRACKING,6.682,-0.002,0.002,-0.00,0.450,-0.000,0.000,0.000,0.000,1.000,6.68,10.77567061,106.67090576,10.51,"10°46'32.41""N, 106°40'15.26""E",FIX,
13:32:58.863,1786257178.864,TRACKING,6.709,-0.002,0.002,-0.00,0.450,-0.000,0.000,0.000,0.000,1.000,6.71,10.77567061,106.67090576,10.51,"10°46'32.41""N, 106°40'15.26""E",FIX,
13:32:58.888,1786257178.888,TRACKING,6.736,-0.002,0.002,-0.00,0.450,-0.000,0.000,0.000,0.000,1.000,6.74,10.77567061,106.67090576,10.51,"10°46'32.41""N, 106°40'15.26""E",FIX,
13:32:58.987,1786257178.987,TRACKING,6.763,-0.002,0.002,-0.00,0.450,-0.000,0.000,0.000,0.000,1.000,6.76,10.77567061,106.67090617,10.51,"10°46'32.41""N, 106°40'15.26""E",FIX,
13:32:59.074,1786257179.074,TRACKING,6.790,-0.002,0.002,-0.00,0.450,-0.000,0.000,0.000,0.000,1.000,6.79,10.77567061,106.67090617,10.51,"10°46'32.41""N, 106°40'15.26""E",FIX,
13:32:59.172,1786257179.173,TRACKING,6.826,-0.002,0.002,0.00,0.450,-0.002,0.000,0.000,0.000,1.000,6.83,10.77567061,106.67090617,10.51,"10°46'32.41""N, 106°40'15.26""E",FIX,
13:32:59.255,1786257179.255,TRACKING,6.853,-0.002,0.002,0.00,0.450,-0.002,0.000,0.000,0.000,1.000,6.85,10.77567061,106.67090658,10.51,"10°46'32.41""N, 106°40'15.26""E",FIX,
13:32:59.341,1786257179.341,TRACKING,6.880,-0.002,0.002,0.01,0.450,-0.002,0.000,0.000,0.000,1.000,6.88,10.77567061,106.67090658,10.51,"10°46'32.41""N, 106°40'15.26""E",FIX,
13:32:59.472,1786257179.473,TRACKING,6.916,-0.002,0.002,0.01,0.450,-0.001,0.000,0.000,0.000,0.854,6.92,10.77567061,106.67090658,10.51,"10°46'32.41""N, 106°40'15.26""E",FIX,
13:32:59.557,1786257179.557,TRACKING,6.943,-0.002,0.002,0.01,0.450,-0.001,0.000,0.000,0.000,0.583,6.94,10.77567061,106.67090699,10.51,"10°46'32.41""N, 106°40'15.27""E",FIX,
13:32:59.664,1786257179.664,TRACKING,6.979,-0.002,0.002,0.01,0.450,-0.001,0.000,0.000,0.000,0.646,6.98,10.77567061,106.67090699,10.51,"10°46'32.41""N, 106°40'15.27""E",FIX,
13:32:59.775,1786257179.776,TRACKING,7.006,-0.002,0.002,0.01,0.450,-0.001,0.000,0.000,0.000,0.708,7.01,10.77567061,106.67090699,10.51,"10°46'32.41""N, 106°40'15.27""E",FIX,
13:32:59.854,1786257179.854,TRACKING,7.033,-0.002,0.001,0.01,0.450,-0.001,0.000,0.000,0.000,0.792,7.03,10.77567061,106.67090741,10.51,"10°46'32.41""N, 106°40'15.27""E",FIX,
13:32:59.932,1786257179.933,TRACKING,7.060,-0.002,0.001,0.01,0.450,-0.001,0.000,0.000,0.000,0.854,7.06,10.77567061,106.67090741,10.51,"10°46'32.41""N, 106°40'15.27""E",FIX,
13:33:00.031,1786257180.032,TRACKING,7.096,-0.002,0.001,0.01,0.450,-0.001,0.000,0.000,0.000,0.937,7.10,10.77567061,106.67090741,10.51,"10°46'32.41""N, 106°40'15.27""E",FIX,
13:33:00.108,1786257180.109,TRACKING,7.123,-0.002,0.001,0.01,0.450,-0.001,0.000,0.000,0.000,1.000,7.12,10.77567061,106.67090782,10.51,"10°46'32.41""N, 106°40'15.27""E",FIX,
13:33:00.202,1786257180.203,TRACKING,7.150,-0.002,0.001,0.01,0.450,-0.001,0.000,0.000,0.000,1.000,7.15,10.77567061,106.67090782,10.51,"10°46'32.41""N, 106°40'15.27""E",FIX,
13:33:00.319,1786257180.319,TRACKING,7.186,-0.001,0.001,0.01,0.450,-0.001,0.000,0.000,0.000,1.000,7.19,10.77567061,106.67090782,10.51,"10°46'32.41""N, 106°40'15.27""E",FIX,
13:33:00.385,1786257180.386,TRACKING,7.213,-0.001,0.001,0.01,0.450,-0.001,0.000,0.000,0.000,1.000,7.21,10.77567061,106.67090823,10.51,"10°46'32.41""N, 106°40'15.27""E",FIX,
13:33:00.473,1786257180.473,TRACKING,7.249,-0.001,0.001,0.01,0.450,-0.001,0.000,0.000,0.000,1.000,7.25,10.77567061,106.67090823,10.51,"10°46'32.41""N, 106°40'15.27""E",FIX,
13:33:00.565,1786257180.565,TRACKING,7.267,-0.001,0.001,0.01,0.450,-0.001,0.000,0.000,0.000,1.000,7.27,10.77567061,106.67090823,10.51,"10°46'32.41""N, 106°40'15.27""E",FIX,
13:33:00.651,1786257180.652,TRACKING,7.303,-0.001,0.001,0.01,0.450,-0.001,0.000,0.000,0.000,1.000,7.30,10.77567061,106.67090864,10.51,"10°46'32.41""N, 106°40'15.27""E",FIX,
13:33:00.752,1786257180.753,TRACKING,7.330,-0.001,0.001,0.01,0.450,-0.001,0.000,0.000,0.000,1.000,7.33,10.77567061,106.67090864,10.51,"10°46'32.41""N, 106°40'15.27""E",FIX,
13:33:00.828,1786257180.828,TRACKING,7.366,-0.001,0.001,0.01,0.450,-0.001,0.000,0.000,0.000,1.000,7.37,10.77567061,106.67090864,10.51,"10°46'32.41""N, 106°40'15.27""E",FIX,
13:33:00.901,1786257180.901,TRACKING,7.393,-0.001,0.001,0.01,0.450,-0.001,0.000,0.000,0.000,1.000,7.39,10.77567061,106.67090905,10.51,"10°46'32.41""N, 106°40'15.27""E",FIX,
13:33:01.001,1786257181.002,TRACKING,7.420,-0.001,0.001,0.01,0.450,-0.001,0.000,0.000,0.000,1.000,7.42,10.77567061,106.67090905,10.51,"10°46'32.41""N, 106°40'15.27""E",FIX,
13:33:01.114,1786257181.114,TRACKING,7.456,-0.001,0.001,0.01,0.450,-0.001,0.000,0.000,0.000,1.000,7.46,10.77567061,106.67090905,10.51,"10°46'32.41""N, 106°40'15.27""E",FIX,
13:33:01.206,1786257181.206,TRACKING,7.483,-0.001,0.001,0.01,0.450,-0.001,0.000,0.000,0.000,1.000,7.48,10.77567061,106.67090946,10.51,"10°46'32.41""N, 106°40'15.27""E",FIX,
13:33:01.295,1786257181.295,TRACKING,7.510,-0.001,0.001,0.01,0.450,-0.001,0.000,0.000,0.000,1.000,7.51,10.77567061,106.67090946,10.51,"10°46'32.41""N, 106°40'15.27""E",FIX,
13:33:01.421,1786257181.421,TRACKING,7.537,-0.001,0.001,0.01,0.450,-0.001,0.000,0.000,0.000,1.000,7.54,10.77567061,106.67090946,10.51,"10°46'32.41""N, 106°40'15.27""E",FIX,
13:33:01.509,1786257181.509,TRACKING,7.573,-0.001,0.001,0.01,0.450,-0.003,0.000,0.000,0.000,1.000,7.57,10.77567061,106.67090987,10.51,"10°46'32.41""N, 106°40'15.28""E",FIX,
13:33:01.615,1786257181.615,TRACKING,7.600,-0.001,0.000,0.01,0.450,-0.000,0.000,0.000,0.000,1.000,7.60,10.77567061,106.67090987,10.51,"10°46'32.41""N, 106°40'15.28""E",FIX,
13:33:01.705,1786257181.705,TRACKING,7.627,-0.001,0.000,0.01,0.450,-0.000,0.000,0.000,0.000,1.000,7.63,10.77567061,106.67090987,10.51,"10°46'32.41""N, 106°40'15.28""E",FIX,
13:33:01.784,1786257181.785,TRACKING,7.654,-0.001,0.000,0.01,0.450,-0.000,0.000,0.000,0.000,1.000,7.65,10.77567061,106.67090987,10.51,"10°46'32.41""N, 106°40'15.28""E",FIX,
13:33:01.862,1786257181.863,TRACKING,7.690,-0.001,0.000,-0.00,0.450,0.009,0.000,0.000,0.000,1.000,7.69,10.77567061,106.67091029,10.51,"10°46'32.41""N, 106°40'15.28""E",FIX,
13:33:01.967,1786257181.968,TRACKING,7.726,-0.001,0.001,-0.01,0.450,0.007,0.000,0.000,0.000,0.521,7.73,10.77567061,106.67091029,10.51,"10°46'32.41""N, 106°40'15.28""E",FIX,
13:33:02.037,1786257182.038,TRACKING,7.744,-0.001,0.001,-0.02,0.450,0.009,0.000,0.000,0.000,0.562,7.74,10.77567061,106.67091029,10.51,"10°46'32.41""N, 106°40'15.28""E",FIX,
13:33:02.126,1786257182.126,TRACKING,7.780,-0.001,0.002,-0.02,0.450,0.004,0.000,0.000,0.000,0.625,7.78,10.77567061,106.67091070,10.51,"10°46'32.41""N, 106°40'15.28""E",FIX,
13:33:02.200,1786257182.201,TRACKING,7.807,-0.001,0.002,-0.03,0.450,0.005,0.000,0.000,0.000,0.687,7.81,10.77567061,106.67091070,10.51,"10°46'32.41""N, 106°40'15.28""E",FIX,
13:33:02.282,1786257182.283,TRACKING,7.834,-0.001,0.003,-0.03,0.450,0.005,0.000,0.000,0.000,0.750,7.83,10.77567061,106.67091070,10.51,"10°46'32.41""N, 106°40'15.28""E",FIX,
13:33:02.362,1786257182.363,TRACKING,7.870,-0.001,0.003,-0.03,0.450,0.004,0.000,0.000,0.000,0.833,7.87,10.77567061,106.67091111,10.51,"10°46'32.41""N, 106°40'15.28""E",FIX,
13:33:02.448,1786257182.448,TRACKING,7.897,-0.001,0.003,-0.03,0.450,0.004,0.000,0.000,0.000,0.917,7.90,10.77567061,106.67091111,10.51,"10°46'32.41""N, 106°40'15.28""E",FIX,
13:33:02.535,1786257182.535,TRACKING,7.933,-0.001,0.003,-0.03,0.450,0.003,0.000,0.000,0.000,1.000,7.93,10.77567061,106.67091152,10.51,"10°46'32.41""N, 106°40'15.28""E",FIX,
13:33:02.613,1786257182.614,TRACKING,7.951,-0.001,0.004,-0.03,0.450,0.003,0.000,0.000,0.000,1.000,7.95,10.77567061,106.67091152,10.51,"10°46'32.41""N, 106°40'15.28""E",FIX,
13:33:02.700,1786257182.700,TRACKING,7.987,-0.000,0.004,-0.03,0.450,0.003,0.000,0.000,0.000,1.000,7.99,10.77567061,106.67091152,10.51,"10°46'32.41""N, 106°40'15.28""E",FIX,
13:33:02.801,1786257182.801,TRACKING,8.023,-0.000,0.004,-0.04,0.450,0.003,0.000,0.000,0.000,1.000,8.02,10.77567061,106.67091193,10.51,"10°46'32.41""N, 106°40'15.28""E",FIX,
13:33:02.880,1786257182.881,TRACKING,8.050,-0.000,0.004,-0.04,0.450,0.003,0.000,0.000,0.000,1.000,8.05,10.77567061,106.67091193,10.51,"10°46'32.41""N, 106°40'15.28""E",FIX,
13:33:02.993,1786257182.993,TRACKING,8.077,-0.000,0.005,-0.04,0.450,0.003,0.000,0.000,0.000,1.000,8.08,10.77567061,106.67091193,10.51,"10°46'32.41""N, 106°40'15.28""E",FIX,
13:33:03.042,1786257183.042,TRACKING,8.104,0.000,0.005,-0.04,0.450,0.003,0.000,0.000,0.000,1.000,8.10,10.77567061,106.67091193,10.51,"10°46'32.41""N, 106°40'15.28""E",FIX,
13:33:03.159,1786257183.160,TRACKING,8.140,0.000,0.005,-0.04,0.450,0.003,0.000,0.000,0.000,1.000,8.14,10.77567061,106.67091234,10.51,"10°46'32.41""N, 106°40'15.28""E",FIX,
13:33:03.240,1786257183.241,TRACKING,8.167,0.000,0.005,-0.04,0.450,0.003,0.000,0.000,0.000,1.000,8.17,10.77567061,106.67091234,10.51,"10°46'32.41""N, 106°40'15.28""E",FIX,
13:33:03.353,1786257183.353,TRACKING,8.194,0.001,0.005,-0.04,0.450,0.003,0.000,0.000,0.000,1.000,8.19,10.77567061,106.67091234,10.51,"10°46'32.41""N, 106°40'15.28""E",FIX,
13:33:03.438,1786257183.438,TRACKING,8.230,0.001,0.006,-0.04,0.450,0.003,0.000,0.000,0.000,1.000,8.23,10.77567061,106.67091275,10.51,"10°46'32.41""N, 106°40'15.29""E",FIX,
13:33:03.536,1786257183.537,TRACKING,8.248,0.001,0.006,-0.04,0.450,0.003,0.000,0.000,0.000,1.000,8.25,10.77567061,106.67091275,10.51,"10°46'32.41""N, 106°40'15.29""E",FIX,
13:33:03.635,1786257183.635,TRACKING,8.275,0.001,0.006,-0.04,0.450,0.003,0.000,0.000,0.000,1.000,8.27,10.77567061,106.67091275,10.51,"10°46'32.41""N, 106°40'15.29""E",FIX,
13:33:03.729,1786257183.730,TRACKING,8.311,0.001,0.006,-0.04,0.450,0.003,0.000,0.000,0.000,1.000,8.31,10.77567061,106.67091317,10.51,"10°46'32.41""N, 106°40'15.29""E",FIX,
13:33:03.811,1786257183.812,TRACKING,8.338,0.001,0.006,-0.04,0.450,0.003,0.000,0.000,0.000,1.000,8.34,10.77567061,106.67091317,10.51,"10°46'32.41""N, 106°40'15.29""E",FIX,
13:33:03.933,1786257183.933,TRACKING,8.365,0.002,0.006,-0.04,0.450,0.003,0.000,0.000,0.000,1.000,8.36,10.77567061,106.67091317,10.51,"10°46'32.41""N, 106°40'15.29""E",FIX,
13:33:04.005,1786257184.005,TRACKING,8.401,0.002,0.007,-0.04,0.450,0.005,0.000,0.000,0.000,1.000,8.40,10.77567061,106.67091358,10.51,"10°46'32.41""N, 106°40'15.29""E",FIX,
13:33:04.101,1786257184.102,TRACKING,8.428,0.002,0.007,-0.04,0.450,0.004,0.000,0.000,0.000,1.000,8.43,10.77567061,106.67091358,10.51,"10°46'32.41""N, 106°40'15.29""E",FIX,
13:33:04.189,1786257184.189,TRACKING,8.455,0.002,0.007,-0.04,0.450,0.004,0.000,0.000,0.000,1.000,8.45,10.77567061,106.67091358,10.51,"10°46'32.41""N, 106°40'15.29""E",FIX,
13:33:04.293,1786257184.294,TRACKING,8.491,0.002,0.008,-0.04,0.450,0.004,0.000,0.000,0.000,0.917,8.49,10.77567061,106.67091399,10.51,"10°46'32.41""N, 106°40'15.29""E",FIX,
13:33:12.815,1786257192.815,UTURN_PLANNING,11.060,0.023,0.008,0.00,0.000,0.000,0.000,0.000,0.000,0.000,0.00,10.77567066,106.67092585,10.51,"10°46'32.41""N, 106°40'15.33""E",FIX,
13:33:12.836,1786257192.837,PATH_FOLLOWING,11.060,0.023,0.008,0.00,0.020,-1.500,0.000,0.000,0.000,0.000,0.00,10.77567066,106.67092585,10.51,"10°46'32.41""N, 106°40'15.33""E",FIX,
13:33:12.847,1786257192.847,PATH_FOLLOWING,11.060,0.023,0.008,0.00,0.020,-1.500,0.000,0.000,0.000,0.000,0.00,10.77567066,106.67092585,10.51,"10°46'32.41""N, 106°40'15.33""E",FIX,
13:33:12.857,1786257192.858,PATH_FOLLOWING,11.060,0.023,0.008,0.00,0.020,-1.500,0.000,0.000,0.000,0.000,0.00,10.77567066,106.67092585,10.51,"10°46'32.41""N, 106°40'15.33""E",FIX,
13:33:12.873,1786257192.874,PATH_FOLLOWING,11.060,0.023,0.008,0.00,0.020,-1.500,0.000,0.000,0.000,0.000,0.00,10.77567066,106.67092585,10.51,"10°46'32.41""N, 106°40'15.33""E",FIX,
13:33:12.890,1786257192.890,PATH_FOLLOWING,11.060,0.023,0.008,0.00,0.020,-1.500,0.000,0.000,0.000,0.000,0.00,10.77567066,106.67092585,10.51,"10°46'32.41""N, 106°40'15.33""E",FIX,
13:33:12.937,1786257192.937,PATH_FOLLOWING,11.061,0.023,-0.080,0.00,0.020,-1.500,0.000,0.000,0.000,0.000,0.00,10.77567066,106.67092585,10.51,"10°46'32.41""N, 106°40'15.33""E",FIX,
13:33:13.047,1786257193.047,PATH_FOLLOWING,11.062,0.023,-0.170,0.00,0.020,-1.500,0.000,0.000,0.000,0.000,0.00,10.77567067,106.67092585,10.51,"10°46'32.41""N, 106°40'15.33""E",FIX,
13:33:13.141,1786257193.142,PATH_FOLLOWING,11.064,0.023,-0.260,0.00,0.020,-1.500,0.000,0.000,0.000,0.000,0.00,10.77567067,106.67092585,10.51,"10°46'32.41""N, 106°40'15.33""E",FIX,
13:33:13.224,1786257193.224,PATH_FOLLOWING,11.065,0.022,-0.380,0.00,0.020,-1.500,0.000,0.000,0.000,0.000,0.00,10.77567067,106.67092585,10.51,"10°46'32.41""N, 106°40'15.33""E",FIX,
13:33:13.295,1786257193.295,PATH_FOLLOWING,11.066,0.022,-0.440,0.00,0.020,-1.500,0.000,0.000,0.000,0.000,0.00,10.77567076,106.67092587,10.51,"10°46'32.41""N, 106°40'15.33""E",FIX,
13:33:13.374,1786257193.375,PATH_FOLLOWING,11.067,0.021,-0.560,0.00,0.020,-1.500,0.000,0.000,0.000,0.000,0.00,10.77567076,106.67092587,10.51,"10°46'32.41""N, 106°40'15.33""E",FIX,
13:33:13.465,1786257193.466,PATH_FOLLOWING,11.068,0.020,-0.680,0.00,0.022,-1.500,0.000,0.000,0.000,0.000,0.00,10.77567076,106.67092587,10.51,"10°46'32.41""N, 106°40'15.33""E",FIX,
13:33:13.554,1786257193.554,PATH_FOLLOWING,11.069,0.020,-0.770,0.00,0.036,-1.500,0.000,0.000,0.000,0.000,0.00,10.77567092,106.67092589,10.51,"10°46'32.42""N, 106°40'15.33""E",FIX,
13:33:13.643,1786257193.643,PATH_FOLLOWING,11.071,0.018,-0.860,0.00,0.052,-1.500,0.000,0.000,0.000,0.000,0.00,10.77567092,106.67092589,10.51,"10°46'32.42""N, 106°40'15.33""E",FIX,
13:33:13.728,1786257193.728,PATH_FOLLOWING,11.072,0.016,-0.950,0.00,0.070,-1.500,0.000,0.000,0.000,0.000,0.00,10.77567092,106.67092589,10.51,"10°46'32.42""N, 106°40'15.33""E",FIX,
13:33:13.817,1786257193.818,PATH_FOLLOWING,11.075,0.012,-1.070,0.00,0.096,-1.500,0.000,0.000,0.000,0.000,0.00,10.77567106,106.67092592,10.51,"10°46'32.42""N, 106°40'15.33""E",FIX,
13:33:13.909,1786257193.909,PATH_FOLLOWING,11.078,0.005,-1.190,0.00,0.123,-1.500,0.000,0.000,0.000,0.000,0.00,10.77567106,106.67092592,10.51,"10°46'32.42""N, 106°40'15.33""E",FIX,
13:33:13.957,1786257193.957,PATH_FOLLOWING,11.080,0.001,-1.250,0.00,0.137,-1.500,0.000,0.000,0.000,0.000,0.00,10.77567106,106.67092592,10.51,"10°46'32.42""N, 106°40'15.33""E",FIX,
13:33:14.074,1786257194.074,PATH_FOLLOWING,11.082,-0.009,-1.370,0.00,0.163,-1.500,0.000,0.000,0.000,0.000,0.00,10.77567114,106.67092600,10.51,"10°46'32.42""N, 106°40'15.33""E",FIX,
13:33:14.159,1786257194.160,PATH_FOLLOWING,11.083,-0.015,-1.430,0.00,0.175,-1.500,0.000,0.000,0.000,0.000,0.00,10.77567114,106.67092600,10.51,"10°46'32.42""N, 106°40'15.33""E",FIX,
13:33:14.291,1786257194.292,PATH_FOLLOWING,11.084,-0.029,-1.550,0.00,0.198,-1.500,0.000,0.000,0.000,0.000,0.00,10.77567114,106.67092600,10.51,"10°46'32.42""N, 106°40'15.33""E",FIX,
13:33:14.395,1786257194.396,PATH_FOLLOWING,11.084,-0.044,-1.670,0.00,0.218,-1.285,0.000,0.000,0.000,0.000,0.00,10.77567113,106.67092613,10.51,"10°46'32.42""N, 106°40'15.33""E",FIX,
13:33:14.483,1786257194.483,PATH_FOLLOWING,11.082,-0.056,-1.752,0.00,0.229,-1.032,0.000,0.000,0.000,0.000,0.00,10.77567113,106.67092613,10.51,"10°46'32.42""N, 106°40'15.33""E",FIX,
13:33:14.575,1786257194.575,PATH_FOLLOWING,11.079,-0.070,-1.815,0.00,0.236,-0.839,0.000,0.000,0.000,0.000,0.00,10.77567113,106.67092613,10.51,"10°46'32.42""N, 106°40'15.33""E",FIX,
13:33:14.663,1786257194.663,PATH_FOLLOWING,11.074,-0.088,-1.887,0.00,0.242,-0.622,0.000,0.000,0.000,0.000,0.00,10.77567104,106.67092628,10.51,"10°46'32.42""N, 106°40'15.33""E",FIX,
13:33:14.773,1786257194.773,PATH_FOLLOWING,11.071,-0.097,-1.914,0.00,0.244,-0.538,0.000,0.000,0.000,0.000,0.00,10.77567104,106.67092628,10.51,"10°46'32.42""N, 106°40'15.33""E",FIX,
13:33:14.861,1786257194.862,PATH_FOLLOWING,11.064,-0.115,-1.961,0.00,0.247,-0.401,0.000,0.000,0.000,0.000,0.00,10.77567104,106.67092628,10.51,"10°46'32.42""N, 106°40'15.33""E",FIX,
13:33:14.961,1786257194.961,PATH_FOLLOWING,11.058,-0.129,-1.988,0.00,0.248,-0.319,0.000,0.000,0.000,0.000,0.00,10.77567091,106.67092645,10.51,"10°46'32.42""N, 106°40'15.34""E",FIX,
13:33:15.109,1786257195.109,PATH_FOLLOWING,11.047,-0.151,-2.021,0.00,0.239,-0.742,0.000,0.000,0.000,0.000,0.00,10.77567091,106.67092645,10.51,"10°46'32.42""N, 106°40'15.34""E",FIX,
13:33:15.192,1786257195.192,PATH_FOLLOWING,11.041,-0.164,-2.058,0.00,0.242,-0.624,0.000,0.000,0.000,0.000,0.00,10.77567091,106.67092645,10.51,"10°46'32.42""N, 106°40'15.34""E",FIX,
13:33:15.250,1786257195.250,PATH_FOLLOWING,11.036,-0.172,-2.086,0.00,0.244,-0.534,0.000,0.000,0.000,0.000,0.00,10.77567076,106.67092662,10.51,"10°46'32.41""N, 106°40'15.34""E",FIX,
13:33:15.322,1786257195.323,PATH_FOLLOWING,11.029,-0.185,-2.120,0.00,0.246,-0.423,0.000,0.000,0.000,0.000,0.00,10.77567076,106.67092662,10.51,"10°46'32.41""N, 106°40'15.34""E",FIX,
13:33:15.404,1786257195.405,PATH_FOLLOWING,11.018,-0.202,-2.158,0.00,0.248,-0.300,0.000,0.000,0.000,0.000,0.00,10.77567076,106.67092662,10.51,"10°46'32.41""N, 106°40'15.34""E",FIX,
13:33:15.488,1786257195.489,PATH_FOLLOWING,11.010,-0.214,-2.177,0.00,0.249,-0.237,0.000,0.000,0.000,0.000,0.00,10.77567061,106.67092679,10.51,"10°46'32.41""N, 106°40'15.34""E",FIX,
13:33:15.562,1786257195.562,PATH_FOLLOWING,11.001,-0.226,-2.193,0.00,0.249,-0.186,0.000,0.000,0.000,0.000,0.00,10.77567061,106.67092679,10.51,"10°46'32.41""N, 106°40'15.34""E",FIX,
13:33:15.696,1786257195.696,PATH_FOLLOWING,10.993,-0.238,-2.206,0.00,0.250,-0.146,0.000,0.000,0.000,0.000,0.00,10.77567061,106.67092679,10.51,"10°46'32.41""N, 106°40'15.34""E",FIX,
13:33:15.833,1786257195.833,PATH_FOLLOWING,10.981,-0.254,-2.218,0.00,0.250,-0.105,0.000,0.000,0.000,0.000,0.00,10.77567045,106.67092695,10.51,"10°46'32.41""N, 106°40'15.34""E",FIX,
13:33:15.928,1786257195.928,PATH_FOLLOWING,10.969,-0.270,-2.228,0.00,0.250,-0.076,0.000,0.000,0.000,0.000,0.00,10.77567045,106.67092695,10.51,"10°46'32.41""N, 106°40'15.34""E",FIX,
13:33:16.016,1786257196.017,PATH_FOLLOWING,10.959,-0.282,-2.233,0.00,0.250,-0.060,0.000,0.000,0.000,0.000,0.00,10.77567045,106.67092695,10.51,"10°46'32.41""N, 106°40'15.34""E",FIX,
13:33:16.076,1786257196.077,PATH_FOLLOWING,10.950,-0.294,-2.237,0.00,0.250,-0.047,0.000,0.000,0.000,0.000,0.00,10.77567029,106.67092711,10.51,"10°46'32.41""N, 106°40'15.34""E",FIX,
13:33:16.166,1786257196.166,PATH_FOLLOWING,10.938,-0.309,-2.241,0.00,0.250,-0.034,0.000,0.000,0.000,0.000,0.00,10.77567029,106.67092711,10.51,"10°46'32.41""N, 106°40'15.34""E",FIX,
13:33:16.261,1786257196.262,PATH_FOLLOWING,10.928,-0.321,-2.243,0.00,0.250,-0.027,0.000,0.000,0.000,0.000,0.00,10.77567029,106.67092711,10.51,"10°46'32.41""N, 106°40'15.34""E",FIX,
13:33:16.352,1786257196.352,PATH_FOLLOWING,10.919,-0.333,-2.245,0.00,0.250,-0.022,0.000,0.000,0.000,0.000,0.00,10.77567013,106.67092727,10.51,"10°46'32.41""N, 106°40'15.34""E",FIX,
13:33:16.467,1786257196.467,PATH_FOLLOWING,10.910,-0.344,-2.246,0.00,0.250,-0.017,0.000,0.000,0.000,0.000,0.00,10.77567013,106.67092727,10.51,"10°46'32.41""N, 106°40'15.34""E",FIX,
13:33:16.559,1786257196.559,PATH_FOLLOWING,10.897,-0.360,-2.248,0.00,0.250,-0.013,0.000,0.000,0.000,0.000,0.00,10.77567013,106.67092727,10.51,"10°46'32.41""N, 106°40'15.34""E",FIX,
13:33:16.707,1786257196.707,PATH_FOLLOWING,10.885,-0.376,-2.249,0.00,0.250,-0.009,0.000,0.000,0.000,0.000,0.00,10.77566997,106.67092743,10.51,"10°46'32.41""N, 106°40'15.34""E",FIX,
13:33:16.739,1786257196.739,PATH_FOLLOWING,10.878,-0.383,-2.249,0.00,0.250,-0.008,0.000,0.000,0.000,0.000,0.00,10.77566997,106.67092743,10.51,"10°46'32.41""N, 106°40'15.34""E",FIX,
13:33:16.819,1786257196.820,PATH_FOLLOWING,10.869,-0.395,-2.250,0.00,0.250,-0.006,0.000,0.000,0.000,0.000,0.00,10.77566997,106.67092743,10.51,"10°46'32.41""N, 106°40'15.34""E",FIX,
13:33:16.914,1786257196.915,PATH_FOLLOWING,10.856,-0.411,-2.250,0.00,0.250,-0.005,0.000,0.000,0.000,0.000,0.00,10.77566980,106.67092759,10.51,"10°46'32.41""N, 106°40'15.34""E",FIX,
13:33:16.987,1786257196.988,PATH_FOLLOWING,10.847,-0.422,-2.250,0.00,0.250,-0.004,0.000,0.000,0.000,0.000,0.00,10.77566980,106.67092759,10.51,"10°46'32.41""N, 106°40'15.34""E",FIX,
13:33:17.080,1786257197.081,PATH_FOLLOWING,10.834,-0.438,-2.251,0.00,0.250,-0.003,0.000,0.000,0.000,0.000,0.00,10.77566980,106.67092759,10.51,"10°46'32.41""N, 106°40'15.34""E",FIX,
13:33:17.156,1786257197.157,PATH_FOLLOWING,10.828,-0.446,-2.251,0.00,0.250,-0.002,0.000,0.000,0.000,0.000,0.00,10.77566964,106.67092775,10.51,"10°46'32.41""N, 106°40'15.34""E",FIX,
13:33:17.245,1786257197.245,PATH_FOLLOWING,10.815,-0.461,-2.251,0.00,0.250,-0.002,0.000,0.000,0.000,0.000,0.00,10.77566964,106.67092775,10.51,"10°46'32.41""N, 106°40'15.34""E",FIX,
13:33:17.328,1786257197.329,PATH_FOLLOWING,10.806,-0.473,-2.251,0.00,0.250,-0.001,0.000,0.000,0.000,0.000,0.00,10.77566964,106.67092775,10.51,"10°46'32.41""N, 106°40'15.34""E",FIX,
13:33:17.411,1786257197.411,PATH_FOLLOWING,10.797,-0.485,-2.251,0.00,0.250,-0.001,0.000,0.000,0.000,0.000,0.00,10.77566948,106.67092791,10.51,"10°46'32.41""N, 106°40'15.34""E",FIX,
13:33:17.496,1786257197.496,PATH_FOLLOWING,10.787,-0.496,-2.251,0.00,0.250,-0.001,0.000,0.000,0.000,0.000,0.00,10.77566948,106.67092791,10.51,"10°46'32.41""N, 106°40'15.34""E",FIX,
13:33:17.584,1786257197.584,PATH_FOLLOWING,10.775,-0.512,-2.251,0.00,0.250,-0.001,0.000,0.000,0.000,0.000,0.00,10.77566948,106.67092791,10.51,"10°46'32.41""N, 106°40'15.34""E",FIX,
13:33:17.668,1786257197.668,PATH_FOLLOWING,10.765,-0.523,-2.252,0.00,0.250,-0.001,0.000,0.000,0.000,0.000,0.00,10.77566932,106.67092807,10.51,"10°46'32.41""N, 106°40'15.34""E",FIX,
13:33:17.805,1786257197.805,PATH_FOLLOWING,10.756,-0.535,-2.252,0.00,0.250,-0.000,0.000,0.000,0.000,0.000,0.00,10.77566932,106.67092807,10.51,"10°46'32.41""N, 106°40'15.34""E",FIX,
13:33:17.899,1786257197.899,PATH_FOLLOWING,10.743,-0.551,-2.252,0.00,0.250,-0.000,0.000,0.000,0.000,0.000,0.00,10.77566932,106.67092807,10.51,"10°46'32.41""N, 106°40'15.34""E",FIX,
13:33:17.976,1786257197.976,PATH_FOLLOWING,10.734,-0.562,-2.252,0.00,0.250,-0.000,0.000,0.000,0.000,0.000,0.00,10.77566916,106.67092823,10.51,"10°46'32.41""N, 106°40'15.34""E",FIX,
13:33:18.095,1786257198.096,PATH_FOLLOWING,10.724,-0.574,-2.252,0.00,0.250,-0.000,0.000,0.000,0.000,0.000,0.00,10.77566916,106.67092823,10.51,"10°46'32.41""N, 106°40'15.34""E",FIX,
13:33:18.219,1786257198.219,PATH_FOLLOWING,10.715,-0.586,-2.252,0.00,0.250,-0.000,0.000,0.000,0.000,0.000,0.00,10.77566916,106.67092823,10.51,"10°46'32.41""N, 106°40'15.34""E",FIX,
13:33:18.363,1786257198.364,PATH_FOLLOWING,10.702,-0.601,-2.252,0.00,0.250,-0.000,0.000,0.000,0.000,0.000,0.00,10.77566900,106.67092839,10.51,"10°46'32.41""N, 106°40'15.34""E",FIX,
13:33:18.425,1786257198.425,PATH_FOLLOWING,10.693,-0.613,-2.252,0.00,0.250,-0.000,0.000,0.000,0.000,0.000,0.00,10.77566900,106.67092839,10.51,"10°46'32.41""N, 106°40'15.34""E",FIX,
13:33:18.519,1786257198.519,PATH_FOLLOWING,10.680,-0.628,-2.252,0.00,0.000,0.000,0.000,0.000,0.000,0.000,0.00,10.77566900,106.67092839,10.51,"10°46'32.41""N, 106°40'15.34""E",FIX,
13:33:18.612,1786257198.612,UTURN_EXECUTION,10.677,-0.632,-2.252,0.00,0.250,-1.500,0.000,0.000,0.000,0.000,0.00,10.77566886,106.67092852,10.51,"10°46'32.41""N, 106°40'15.34""E",FIX,
13:33:18.734,1786257198.735,UTURN_EXECUTION,10.667,-0.644,-2.346,0.00,0.250,-1.500,0.000,0.000,0.000,0.000,0.00,10.77566886,106.67092852,10.51,"10°46'32.41""N, 106°40'15.34""E",FIX,
13:33:18.808,1786257198.808,UTURN_EXECUTION,10.659,-0.651,-2.406,0.00,0.250,-1.500,0.000,0.000,0.000,0.000,0.00,10.77566886,106.67092852,10.51,"10°46'32.41""N, 106°40'15.34""E",FIX,
13:33:18.928,1786257198.928,UTURN_EXECUTION,10.644,-0.663,-2.526,0.00,0.250,-1.500,0.000,0.000,0.000,0.000,0.00,10.77566873,106.67092865,10.51,"10°46'32.41""N, 106°40'15.34""E",FIX,
13:33:19.047,1786257199.048,UTURN_EXECUTION,10.631,-0.671,-2.616,0.00,0.250,-1.500,0.000,0.000,0.000,0.000,0.00,10.77566873,106.67092865,10.51,"10°46'32.41""N, 106°40'15.34""E",FIX,
13:33:19.166,1786257199.167,UTURN_EXECUTION,10.613,-0.680,-2.736,0.00,0.250,-1.500,0.000,0.000,0.000,0.000,0.00,10.77566873,106.67092865,10.51,"10°46'32.41""N, 106°40'15.34""E",FIX,
13:33:19.254,1786257199.254,UTURN_EXECUTION,10.599,-0.686,-2.826,0.00,0.250,-1.500,0.000,0.000,0.000,0.000,0.00,10.77566855,106.67092882,10.51,"10°46'32.41""N, 106°40'15.34""E",FIX,
13:33:19.337,1786257199.337,UTURN_EXECUTION,10.585,-0.690,-2.916,0.00,0.250,-1.500,0.000,0.000,0.000,0.000,0.00,10.77566855,106.67092882,10.51,"10°46'32.41""N, 106°40'15.34""E",FIX,
13:33:19.424,1786257199.425,UTURN_EXECUTION,10.565,-0.693,-3.036,0.00,0.250,-1.500,0.000,0.000,0.000,0.000,0.00,10.77566855,106.67092882,10.51,"10°46'32.41""N, 106°40'15.34""E",FIX,
13:33:19.543,1786257199.544,UTURN_EXECUTION,10.550,-0.694,-3.126,0.00,0.250,-1.500,0.000,0.000,0.000,0.000,0.00,10.77566835,106.67092901,10.51,"10°46'32.41""N, 106°40'15.34""E",FIX,
13:33:19.616,1786257199.616,UTURN_EXECUTION,10.535,-0.693,3.067,0.00,0.250,-1.500,0.000,0.000,0.000,0.000,0.00,10.77566835,106.67092901,10.51,"10°46'32.41""N, 106°40'15.34""E",FIX,
13:33:19.732,1786257199.733,UTURN_EXECUTION,10.520,-0.691,2.977,0.00,0.250,-1.500,0.000,0.000,0.000,0.000,0.00,10.77566835,106.67092901,10.51,"10°46'32.41""N, 106°40'15.34""E",FIX,
13:33:19.820,1786257199.821,UTURN_EXECUTION,10.501,-0.687,2.857,0.00,0.250,-1.500,0.000,0.000,0.000,0.000,0.00,10.77566815,106.67092923,10.51,"10°46'32.41""N, 106°40'15.35""E",FIX,
13:33:19.931,1786257199.932,UTURN_EXECUTION,10.487,-0.682,2.767,0.00,0.250,-1.500,0.000,0.000,0.000,0.000,0.00,10.77566815,106.67092923,10.51,"10°46'32.41""N, 106°40'15.35""E",FIX,
13:33:20.040,1786257200.041,UTURN_EXECUTION,10.473,-0.676,2.677,0.00,0.250,-1.500,0.000,0.000,0.000,0.000,0.00,10.77566815,106.67092923,10.51,"10°46'32.41""N, 106°40'15.35""E",FIX,
13:33:20.126,1786257200.126,UTURN_EXECUTION,10.456,-0.666,2.557,0.00,0.250,-1.500,0.000,0.000,0.000,0.000,0.00,10.77566794,106.67092945,10.51,"10°46'32.40""N, 106°40'15.35""E",FIX,
13:33:20.231,1786257200.231,UTURN_EXECUTION,10.444,-0.657,2.467,0.00,0.250,-1.500,0.000,0.000,0.000,0.000,0.00,10.77566794,106.67092945,10.51,"10°46'32.40""N, 106°40'15.35""E",FIX,
13:33:20.283,1786257200.283,UTURN_EXECUTION,10.432,-0.647,2.377,0.00,0.250,-1.500,0.000,0.000,0.000,0.000,0.00,10.77566794,106.67092945,10.51,"10°46'32.40""N, 106°40'15.35""E",FIX,
13:33:20.400,1786257200.401,UTURN_EXECUTION,10.422,-0.636,2.287,0.00,0.250,-1.500,0.000,0.000,0.000,0.000,0.00,10.77566794,106.67092945,10.51,"10°46'32.40""N, 106°40'15.35""E",FIX,
13:33:20.512,1786257200.513,UTURN_EXECUTION,10.413,-0.625,2.197,0.00,0.250,-1.500,0.000,0.000,0.000,0.000,0.00,10.77566772,106.67092970,10.51,"10°46'32.40""N, 106°40'15.35""E",FIX,
13:33:20.633,1786257200.633,UTURN_EXECUTION,10.402,-0.608,2.077,0.00,0.250,-1.500,0.000,0.000,0.000,0.000,0.00,10.77566772,106.67092970,10.51,"10°46'32.40""N, 106°40'15.35""E",FIX,
13:33:20.721,1786257200.722,UTURN_EXECUTION,10.393,-0.590,1.957,0.00,0.250,-1.500,0.000,0.000,0.000,0.000,0.00,10.77566749,106.67092995,10.51,"10°46'32.40""N, 106°40'15.35""E",FIX,
13:33:20.792,1786257200.793,UTURN_EXECUTION,10.390,-0.580,1.897,0.00,0.250,-1.500,0.000,0.000,0.000,0.000,0.00,10.77566749,106.67092995,10.51,"10°46'32.40""N, 106°40'15.35""E",FIX,
13:33:20.918,1786257200.918,UTURN_EXECUTION,10.386,-0.566,1.807,0.00,0.250,-1.500,0.000,0.000,0.000,0.000,0.00,10.77566749,106.67092995,10.51,"10°46'32.40""N, 106°40'15.35""E",FIX,
13:33:21.024,1786257201.024,UTURN_EXECUTION,10.382,-0.546,1.687,0.00,0.250,-1.500,0.000,0.000,0.000,0.000,0.00,10.77566749,106.67092995,10.51,"10°46'32.40""N, 106°40'15.35""E",FIX,
13:33:21.125,1786257201.126,UTURN_EXECUTION,10.381,-0.526,1.567,0.00,0.250,-1.500,0.000,0.000,0.000,0.000,0.00,10.77566727,106.67093018,10.51,"10°46'32.40""N, 106°40'15.35""E",FIX,
13:33:21.185,1786257201.185,UTURN_EXECUTION,10.381,-0.516,1.507,0.00,0.250,-1.500,0.000,0.000,0.000,0.000,0.00,10.77566727,106.67093018,10.51,"10°46'32.40""N, 106°40'15.35""E",FIX,
13:33:21.282,1786257201.283,UTURN_EXECUTION,10.385,-0.492,1.357,0.00,0.250,-1.500,0.000,0.000,0.000,0.000,0.00,10.77566704,106.67093035,10.51,"10°46'32.40""N, 106°40'15.35""E",FIX,
13:33:21.360,1786257201.361,UTURN_EXECUTION,10.389,-0.477,1.267,0.00,0.250,-1.500,0.000,0.000,0.000,0.000,0.00,10.77566704,106.67093035,10.51,"10°46'32.40""N, 106°40'15.35""E",FIX,
13:33:21.477,1786257201.478,UTURN_EXECUTION,10.394,-0.463,1.177,0.00,0.250,-1.500,0.000,0.000,0.000,0.000,0.00,10.77566704,106.67093035,10.51,"10°46'32.40""N, 106°40'15.35""E",FIX,
13:33:21.559,1786257201.560,UTURN_EXECUTION,10.403,-0.445,1.057,0.00,0.250,-1.500,0.000,0.000,0.000,0.000,0.00,10.77566683,106.67093046,10.51,"10°46'32.40""N, 106°40'15.35""E",FIX,
13:33:21.655,1786257201.655,UTURN_EXECUTION,10.410,-0.432,0.967,0.00,0.250,-1.500,0.000,0.000,0.000,0.000,0.00,10.77566683,106.67093046,10.51,"10°46'32.40""N, 106°40'15.35""E",FIX,
13:33:21.712,1786257201.713,UTURN_EXECUTION,10.420,-0.420,0.877,0.00,0.250,-1.500,0.000,0.000,0.000,0.000,0.00,10.77566683,106.67093046,10.51,"10°46'32.40""N, 106°40'15.35""E",FIX,
13:33:21.871,1786257201.871,UTURN_EXECUTION,10.433,-0.406,0.757,0.00,0.250,-1.500,0.000,0.000,0.000,0.000,0.00,10.77566662,106.67093050,10.51,"10°46'32.40""N, 106°40'15.35""E",FIX,
13:33:21.919,1786257201.919,UTURN_EXECUTION,10.441,-0.399,0.697,0.00,0.250,-1.500,0.000,0.000,0.000,0.000,0.00,10.77566662,106.67093050,10.51,"10°46'32.40""N, 106°40'15.35""E",FIX,
13:33:22.010,1786257202.011,UTURN_EXECUTION,10.457,-0.387,0.577,0.00,0.250,-1.500,0.000,0.000,0.000,0.000,0.00,10.77566662,106.67093050,10.51,"10°46'32.40""N, 106°40'15.35""E",FIX,
13:33:22.105,1786257202.106,UTURN_EXECUTION,10.465,-0.382,0.517,0.00,0.250,-1.500,0.000,0.000,0.000,0.000,0.00,10.77566662,106.67093050,10.51,"10°46'32.40""N, 106°40'15.35""E",FIX,
13:33:22.252,1786257202.252,UTURN_EXECUTION,10.488,-0.372,0.367,0.00,0.250,-1.500,0.000,0.000,0.000,0.000,0.00,10.77566642,106.67093049,10.51,"10°46'32.40""N, 106°40'15.35""E",FIX,
13:33:22.332,1786257202.332,UTURN_EXECUTION,10.497,-0.368,0.307,0.00,0.250,-1.500,0.000,0.000,0.000,0.083,0.00,10.77566642,106.67093049,10.51,"10°46'32.40""N, 106°40'15.35""E",FIX,
13:33:22.448,1786257202.448,UTURN_EXECUTION,10.517,-0.363,0.187,0.00,0.250,-1.500,0.000,0.000,0.000,0.042,0.00,10.77566642,106.67093049,10.51,"10°46'32.40""N, 106°40'15.35""E",FIX,
13:33:22.536,1786257202.536,UTURN_EXECUTION,10.532,-0.361,0.097,0.00,0.250,-1.500,0.000,0.000,0.000,0.000,0.00,10.77566623,106.67093041,10.51,"10°46'32.40""N, 106°40'15.35""E",FIX,
13:33:22.624,1786257202.624,UTURN_EXECUTION,10.547,-0.360,0.007,0.00,0.250,-1.500,0.000,0.000,0.000,0.000,0.00,10.77566623,106.67093041,10.51,"10°46'32.40""N, 106°40'15.35""E",FIX,
13:33:22.701,1786257202.701,UTURN_EXECUTION,10.566,-0.361,-0.113,0.00,0.250,-1.500,0.000,0.000,0.000,0.000,0.00,10.77566623,106.67093041,10.51,"10°46'32.40""N, 106°40'15.35""E",FIX,
13:33:22.787,1786257202.788,UTURN_EXECUTION,10.581,-0.364,-0.203,0.00,0.250,-1.500,0.000,0.000,0.000,0.000,0.00,10.77566606,106.67093027,10.51,"10°46'32.40""N, 106°40'15.35""E",FIX,
13:33:22.863,1786257202.864,UTURN_EXECUTION,10.596,-0.368,-0.293,0.00,0.250,-1.500,0.000,0.000,0.000,0.000,0.00,10.77566606,106.67093027,10.51,"10°46'32.40""N, 106°40'15.35""E",FIX,
13:33:22.976,1786257202.976,UTURN_EXECUTION,10.610,-0.372,-0.383,0.00,0.250,-1.500,0.000,0.000,0.000,0.000,0.00,10.77566606,106.67093027,10.51,"10°46'32.40""N, 106°40'15.35""E",FIX,
13:33:23.072,1786257203.073,UTURN_EXECUTION,10.628,-0.381,-0.503,0.00,0.250,-1.500,0.000,0.000,0.000,0.000,0.00,10.77566590,106.67093012,10.51,"10°46'32.40""N, 106°40'15.35""E",FIX,
13:33:23.167,1786257203.168,UTURN_EXECUTION,10.641,-0.389,-0.593,0.00,0.250,-1.500,0.000,0.000,0.000,0.000,0.00,10.77566590,106.67093012,10.51,"10°46'32.40""N, 106°40'15.35""E",FIX,
13:33:23.268,1786257203.268,UTURN_EXECUTION,10.653,-0.398,-0.683,0.00,0.250,-1.500,0.000,0.000,0.000,0.000,0.00,10.77566590,106.67093012,10.51,"10°46'32.40""N, 106°40'15.35""E",FIX,
13:33:23.371,1786257203.372,UTURN_EXECUTION,10.668,-0.411,-0.803,0.00,0.250,-1.500,0.000,0.000,0.000,0.000,0.00,10.77566574,106.67092994,10.51,"10°46'32.40""N, 106°40'15.35""E",FIX,
13:33:23.452,1786257203.452,UTURN_EXECUTION,10.678,-0.423,-0.893,0.00,0.250,-1.500,0.000,0.000,0.000,0.000,0.00,10.77566574,106.67092994,10.51,"10°46'32.40""N, 106°40'15.35""E",FIX,
13:33:23.567,1786257203.568,UTURN_EXECUTION,10.689,-0.439,-1.013,0.00,0.250,-1.500,0.000,0.000,0.000,0.000,0.00,10.77566574,106.67092994,10.51,"10°46'32.40""N, 106°40'15.35""E",FIX,
13:33:23.659,1786257203.660,UTURN_EXECUTION,10.696,-0.452,-1.103,0.00,0.250,-1.500,0.000,0.000,0.000,0.000,0.00,10.77566556,106.67092975,10.51,"10°46'32.40""N, 106°40'15.35""E",FIX,
13:33:23.738,1786257203.739,UTURN_EXECUTION,10.703,-0.466,-1.193,0.00,0.250,-1.500,0.000,0.000,0.000,0.000,0.00,10.77566556,106.67092975,10.51,"10°46'32.40""N, 106°40'15.35""E",FIX,
13:33:23.830,1786257203.830,UTURN_EXECUTION,10.709,-0.485,-1.313,0.00,0.250,-1.500,0.000,0.000,0.000,0.000,0.00,10.77566556,106.67092975,10.51,"10°46'32.40""N, 106°40'15.35""E",FIX,
13:33:23.903,1786257203.904,UTURN_EXECUTION,10.712,-0.499,-1.403,0.00,0.250,-1.500,0.000,0.000,0.000,0.000,0.00,10.77566536,106.67092955,10.51,"10°46'32.40""N, 106°40'15.35""E",FIX,
13:33:23.993,1786257203.993,UTURN_EXECUTION,10.714,-0.514,-1.493,0.00,0.250,-1.500,0.000,0.000,0.000,0.062,0.00,10.77566536,106.67092955,10.51,"10°46'32.40""N, 106°40'15.35""E",FIX,
13:33:24.083,1786257204.084,UTURN_EXECUTION,10.714,-0.534,-1.613,0.00,0.250,-1.500,0.000,0.000,0.000,0.104,0.00,10.77566536,106.67092955,10.51,"10°46'32.40""N, 106°40'15.35""E",FIX,
13:33:24.178,1786257204.178,UTURN_EXECUTION,10.713,-0.549,-1.703,0.00,0.250,-1.500,0.000,0.000,0.000,0.167,0.00,10.77566514,106.67092934,10.51,"10°46'32.39""N, 106°40'15.35""E",FIX,
13:33:24.265,1786257204.265,UTURN_EXECUTION,10.710,-0.564,-1.793,0.00,0.250,-1.500,0.000,0.000,0.000,1.000,0.00,10.77566514,106.67092934,10.51,"10°46'32.39""N, 106°40'15.35""E",FIX,
13:33:24.364,1786257204.365,TRACKING,10.706,-0.578,-1.883,0.18,0.450,-0.024,0.000,0.000,0.000,1.000,0.01,10.77566514,106.67092934,10.51,"10°46'32.39""N, 106°40'15.35""E",FIX,
13:33:24.473,1786257204.473,TRACKING,10.696,-0.609,-1.910,0.28,0.450,-0.086,0.000,0.000,0.000,1.000,0.05,10.77566492,106.67092911,10.51,"10°46'32.39""N, 106°40'15.34""E",FIX,
13:33:24.576,1786257204.576,TRACKING,10.687,-0.634,-1.913,0.36,0.450,-0.100,0.000,0.000,0.000,1.000,0.07,10.77566492,106.67092911,10.51,"10°46'32.39""N, 106°40'15.34""E",FIX,
13:33:24.643,1786257204.644,TRACKING,10.674,-0.668,-1.921,0.42,0.450,-0.070,0.000,0.000,0.000,1.000,0.11,10.77566492,106.67092911,10.51,"10°46'32.39""N, 106°40'15.34""E",FIX,
13:33:24.719,1786257204.719,TRACKING,10.668,-0.685,-1.924,0.49,0.450,-0.110,0.000,0.000,0.000,1.000,0.13,10.77566482,106.67092871,10.51,"10°46'32.39""N, 106°40'15.34""E",FIX,
13:33:24.818,1786257204.819,TRACKING,10.659,-0.711,-1.929,0.54,0.450,-0.086,0.000,0.000,0.000,1.000,0.16,10.77566482,106.67092871,10.51,"10°46'32.39""N, 106°40'15.34""E",FIX,
13:33:24.923,1786257204.924,TRACKING,10.646,-0.744,-1.937,0.60,0.450,-0.091,0.000,0.000,0.000,1.000,0.19,10.77566482,106.67092871,10.51,"10°46'32.39""N, 106°40'15.34""E",FIX,
13:33:25.015,1786257205.016,TRACKING,10.636,-0.769,-1.942,0.67,0.450,-0.117,0.000,0.000,0.000,0.792,0.22,10.77566472,106.67092831,10.51,"10°46'32.39""N, 106°40'15.34""E",FIX,
13:33:25.120,1786257205.121,TRACKING,10.623,-0.803,-1.951,0.72,0.450,-0.090,0.000,0.000,0.000,0.854,0.25,10.77566472,106.67092831,10.51,"10°46'32.39""N, 106°40'15.34""E",FIX,
13:33:25.188,1786257205.188,TRACKING,10.613,-0.828,-1.957,0.76,0.450,-0.096,0.000,0.000,0.000,0.854,0.28,10.77566472,106.67092831,10.51,"10°46'32.39""N, 106°40'15.34""E",FIX,
13:33:25.274,1786257205.274,TRACKING,10.603,-0.853,-1.963,0.78,0.450,-0.079,0.000,0.000,0.000,0.479,0.31,10.77566461,106.67092791,10.51,"10°46'32.39""N, 106°40'15.34""E",FIX,
13:33:25.360,1786257205.361,TRACKING,10.592,-0.878,-1.968,0.70,0.450,0.002,0.000,0.000,0.000,0.083,0.34,10.77566461,106.67092791,10.51,"10°46'32.39""N, 106°40'15.34""E",FIX,
13:33:25.482,1786257205.483,TRACKING,10.578,-0.911,-1.971,0.63,0.450,0.002,0.000,0.000,0.000,0.146,0.37,10.77566461,106.67092791,10.51,"10°46'32.39""N, 106°40'15.34""E",FIX,
13:33:25.566,1786257205.566,TRACKING,10.568,-0.936,-1.971,0.57,0.450,0.009,0.000,0.000,0.000,0.187,0.40,10.77566452,106.67092750,10.51,"10°46'32.39""N, 106°40'15.34""E",FIX,
13:33:25.684,1786257205.685,TRACKING,10.554,-0.969,-1.970,0.51,0.450,-0.003,0.000,0.000,0.000,0.250,0.43,10.77566452,106.67092750,10.51,"10°46'32.39""N, 106°40'15.34""E",FIX,
13:33:25.750,1786257205.750,TRACKING,10.543,-0.994,-1.970,0.46,0.450,0.012,0.000,0.000,0.000,0.312,0.46,10.77566452,106.67092750,10.51,"10°46'32.39""N, 106°40'15.34""E",FIX,
13:33:25.811,1786257205.812,TRACKING,10.536,-1.010,-1.970,0.54,0.450,-0.134,0.000,0.000,0.000,0.354,0.48,10.77566444,106.67092710,10.51,"10°46'32.39""N, 106°40'15.34""E",FIX,
13:33:25.954,1786257205.954,TRACKING,10.519,-1.052,-1.980,0.59,0.450,-0.077,0.000,0.000,0.000,0.417,0.52,10.77566444,106.67092710,10.51,"10°46'32.39""N, 106°40'15.34""E",FIX,
13:33:26.034,1786257206.034,TRACKING,10.508,-1.077,-1.986,0.63,0.450,-0.084,0.000,0.000,0.000,0.479,0.55,10.77566444,106.67092710,10.51,"10°46'32.39""N, 106°40'15.34""E",FIX,
13:33:26.134,1786257206.135,TRACKING,10.497,-1.101,-1.991,0.66,0.450,-0.078,0.000,0.000,0.000,0.542,0.58,10.77566435,106.67092670,10.51,"10°46'32.39""N, 106°40'15.34""E",FIX,
13:33:26.234,1786257206.235,TRACKING,10.482,-1.134,-1.997,0.71,0.450,-0.088,0.000,0.000,0.000,0.583,0.61,10.77566435,106.67092670,10.51,"10°46'32.39""N, 106°40'15.34""E",FIX,
13:33:26.294,1786257206.295,TRACKING,10.471,-1.159,-2.002,0.77,0.450,-0.110,0.000,0.000,0.000,0.667,0.64,10.77566435,106.67092670,10.51,"10°46'32.39""N, 106°40'15.34""E",FIX,
13:33:26.382,1786257206.383,TRACKING,10.463,-1.175,-2.006,0.82,0.450,-0.108,0.000,0.000,0.000,0.729,0.66,10.77566426,106.67092630,10.51,"10°46'32.39""N, 106°40'15.33""E",FIX,
13:33:26.449,1786257206.450,TRACKING,10.448,-1.208,-2.015,0.85,0.450,-0.096,0.000,0.000,0.000,0.792,0.70,10.77566426,106.67092630,10.51,"10°46'32.39""N, 106°40'15.33""E",FIX,
13:33:26.575,1786257206.575,TRACKING,10.432,-1.240,-2.023,0.88,0.450,-0.084,0.000,0.000,0.000,0.854,0.73,10.77566426,106.67092630,10.51,"10°46'32.39""N, 106°40'15.33""E",FIX,
13:33:26.650,1786257206.651,TRACKING,10.420,-1.264,-2.028,0.90,0.450,-0.091,0.000,0.000,0.000,0.917,0.76,10.77566417,106.67092589,10.51,"10°46'32.39""N, 106°40'15.33""E",FIX,
13:33:26.701,1786257206.702,TRACKING,10.408,-1.288,-2.033,0.92,0.450,-0.090,0.000,0.000,0.000,1.000,0.79,10.77566417,106.67092589,10.51,"10°46'32.39""N, 106°40'15.33""E",FIX,
13:33:26.812,1786257206.812,TRACKING,10.396,-1.313,-2.039,0.93,0.450,-0.083,0.000,0.000,0.000,1.000,0.81,10.77566417,106.67092589,10.51,"10°46'32.39""N, 106°40'15.33""E",FIX,
13:33:26.898,1786257206.898,TRACKING,10.384,-1.337,-2.044,0.94,0.450,-0.086,0.000,0.000,0.000,1.000,0.84,10.77566408,106.67092549,10.51,"10°46'32.39""N, 106°40'15.33""E",FIX,
13:33:27.007,1786257207.007,TRACKING,10.368,-1.369,-2.051,0.95,0.450,-0.079,0.000,0.000,0.000,1.000,0.88,10.77566408,106.67092549,10.51,"10°46'32.39""N, 106°40'15.33""E",FIX,
13:33:27.090,1786257207.091,TRACKING,10.355,-1.393,-2.056,0.96,0.450,-0.080,0.000,0.000,0.000,1.000,0.90,10.77566408,106.67092549,10.51,"10°46'32.39""N, 106°40'15.33""E",FIX,
13:33:27.184,1786257207.185,TRACKING,10.342,-1.416,-2.061,0.96,0.450,-0.081,0.000,0.000,0.000,1.000,0.93,10.77566400,106.67092508,10.51,"10°46'32.39""N, 106°40'15.33""E",FIX,
13:33:27.243,1786257207.243,TRACKING,10.330,-1.440,-2.065,0.97,0.450,-0.079,0.000,0.000,0.000,1.000,0.96,10.77566400,106.67092508,10.51,"10°46'32.39""N, 106°40'15.33""E",FIX,
13:33:27.386,1786257207.386,TRACKING,10.312,-1.472,-2.072,0.87,0.450,-0.013,0.000,0.000,0.000,1.000,0.99,10.77566400,106.67092508,10.51,"10°46'32.39""N, 106°40'15.33""E",FIX,
13:33:27.486,1786257207.486,TRACKING,10.299,-1.496,-2.074,0.80,0.450,0.007,0.000,0.000,0.000,0.854,1.02,10.77566392,106.67092468,10.51,"10°46'32.39""N, 106°40'15.33""E",FIX,
13:33:27.588,1786257207.588,TRACKING,10.282,-1.527,-2.074,0.72,0.450,-0.007,0.000,0.000,0.000,0.000,1.06,10.77566392,106.67092468,10.51,"10°46'32.39""N, 106°40'15.33""E",FIX,
13:33:27.693,1786257207.694,TRACKING,10.265,-1.559,-2.075,0.65,0.450,-0.007,0.000,0.000,0.000,0.000,1.09,10.77566392,106.67092468,10.51,"10°46'32.39""N, 106°40'15.33""E",FIX,
13:33:27.764,1786257207.764,TRACKING,10.256,-1.574,-2.075,0.58,0.450,0.037,0.000,0.000,0.000,0.021,1.11,10.77566385,106.67092427,10.51,"10°46'32.39""N, 106°40'15.33""E",FIX,
13:33:27.880,1786257207.881,TRACKING,10.243,-1.598,-2.074,0.52,0.450,0.022,0.000,0.000,0.000,0.083,1.14,10.77566385,106.67092427,10.51,"10°46'32.39""N, 106°40'15.33""E",FIX,
13:33:28.011,1786257208.012,TRACKING,10.226,-1.630,-2.072,0.47,0.450,-0.002,0.000,0.000,0.000,0.146,1.17,10.77566385,106.67092427,10.51,"10°46'32.39""N, 106°40'15.33""E",FIX,
13:33:28.126,1786257208.127,TRACKING,10.213,-1.653,-2.071,0.42,0.450,0.004,0.000,0.000,0.000,0.187,1.20,10.77566379,106.67092386,10.51,"10°46'32.39""N, 106°40'15.33""E",FIX,
13:33:28.214,1786257208.214,TRACKING,10.195,-1.685,-2.071,0.38,0.450,0.001,0.000,0.000,0.000,0.250,1.24,10.77566379,106.67092386,10.51,"10°46'32.39""N, 106°40'15.33""E",FIX,
13:33:28.332,1786257208.333,TRACKING,10.187,-1.701,-2.071,0.34,0.450,0.009,0.000,0.000,0.000,0.312,1.25,10.77566379,106.67092386,10.51,"10°46'32.39""N, 106°40'15.33""E",FIX,
13:33:28.442,1786257208.442,TRACKING,10.169,-1.732,-2.071,0.52,0.450,-0.175,0.000,0.000,0.000,0.354,1.29,10.77566372,106.67092346,10.51,"10°46'32.39""N, 106°40'15.32""E",FIX,
13:33:28.547,1786257208.548,TRACKING,10.152,-1.764,-2.080,0.65,0.450,-0.134,0.000,0.000,0.000,0.417,1.33,10.77566372,106.67092346,10.51,"10°46'32.39""N, 106°40'15.32""E",FIX,
13:33:28.628,1786257208.629,TRACKING,10.143,-1.779,-2.086,0.74,0.450,-0.172,0.000,0.000,0.000,0.479,1.34,10.77566372,106.67092346,10.51,"10°46'32.39""N, 106°40'15.32""E",FIX,
13:33:28.751,1786257208.752,TRACKING,10.121,-1.818,-2.102,0.81,0.450,-0.101,0.000,0.000,0.000,0.521,1.39,10.77566364,106.67092305,10.51,"10°46'32.39""N, 106°40'15.32""E",FIX,
13:33:28.809,1786257208.809,TRACKING,10.112,-1.834,-2.109,0.85,0.450,-0.110,0.000,0.000,0.000,0.583,1.41,10.77566364,106.67092305,10.51,"10°46'32.39""N, 106°40'15.32""E",FIX,
13:33:28.966,1786257208.967,TRACKING,10.098,-1.857,-2.115,0.88,0.450,-0.101,0.000,0.000,0.000,0.646,1.43,10.77566364,106.67092305,10.51,"10°46'32.39""N, 106°40'15.32""E",FIX,
13:33:28.989,1786257208.989,TRACKING,10.098,-1.857,-2.115,0.91,0.450,-0.086,0.000,0.000,0.000,0.708,1.43,10.77566364,106.67092305,10.51,"10°46'32.39""N, 106°40'15.32""E",FIX,
13:33:29.090,1786257209.091,TRACKING,10.065,-1.911,-2.130,0.92,0.450,-0.082,0.000,0.000,0.000,0.750,1.50,10.77566356,106.67092265,10.51,"10°46'32.39""N, 106°40'15.32""E",FIX,
13:33:29.160,1786257209.161,TRACKING,10.050,-1.934,-2.135,0.93,0.450,-0.082,0.000,0.000,0.000,0.833,1.52,10.77566356,106.67092265,10.51,"10°46'32.39""N, 106°40'15.32""E",FIX,
13:33:29.228,1786257209.228,TRACKING,10.036,-1.956,-2.140,0.94,0.450,-0.081,0.000,0.000,0.000,0.896,1.55,10.77566356,106.67092265,10.51,"10°46'32.39""N, 106°40'15.32""E",FIX,
13:33:29.340,1786257209.341,TRACKING,10.016,-1.987,-2.146,0.94,0.450,-0.076,0.000,0.000,0.000,0.979,1.59,10.77566349,106.67092224,10.51,"10°46'32.39""N, 106°40'15.32""E",FIX,
13:33:29.429,1786257209.429,TRACKING,10.002,-2.009,-2.151,0.94,0.450,-0.076,0.000,0.000,0.000,1.000,1.61,10.77566349,106.67092224,10.51,"10°46'32.39""N, 106°40'15.32""E",FIX,
13:33:29.490,1786257209.491,TRACKING,9.987,-2.032,-2.155,0.94,0.450,-0.075,0.000,0.000,0.000,1.000,1.64,10.77566349,106.67092224,10.51,"10°46'32.39""N, 106°40'15.32""E",FIX,
13:33:29.593,1786257209.594,TRACKING,9.967,-2.062,-2.161,0.94,0.450,-0.074,0.000,0.000,0.000,1.000,1.68,10.77566342,106.67092183,10.51,"10°46'32.39""N, 106°40'15.32""E",FIX,
13:33:29.707,1786257209.707,TRACKING,9.952,-2.084,-2.166,0.94,0.450,-0.072,0.000,0.000,0.000,1.000,1.70,10.77566342,106.67092183,10.51,"10°46'32.39""N, 106°40'15.32""E",FIX,
13:33:29.801,1786257209.802,TRACKING,9.937,-2.106,-2.170,0.85,0.450,-0.002,0.000,0.000,0.000,1.000,1.73,10.77566342,106.67092183,10.51,"10°46'32.39""N, 106°40'15.32""E",FIX,
13:33:29.898,1786257209.899,TRACKING,9.916,-2.136,-2.173,0.70,0.450,0.077,0.000,0.000,0.000,1.000,1.77,10.77566336,106.67092142,10.51,"10°46'32.39""N, 106°40'15.32""E",FIX,
13:33:30.001,1786257210.001,TRACKING,9.901,-2.158,-2.170,-0.09,0.450,0.618,0.000,0.000,0.000,0.958,1.79,10.77566336,106.67092142,10.51,"10°46'32.39""N, 106°40'15.32""E",FIX,
13:33:30.106,1786257210.106,TRACKING,9.881,-2.188,-2.134,-0.67,0.450,0.471,0.000,0.000,0.000,1.000,1.83,10.77566332,106.67092102,10.51,"10°46'32.39""N, 106°40'15.32""E",FIX,
13:33:30.198,1786257210.198,TRACKING,9.872,-2.204,-2.111,-1.09,0.450,0.475,0.000,0.000,0.000,1.000,1.85,10.77566332,106.67092102,10.51,"10°46'32.39""N, 106°40'15.32""E",FIX,
13:33:30.293,1786257210.294,TRACKING,9.854,-2.235,-2.073,-0.99,0.450,-0.003,0.000,0.000,0.000,1.000,1.88,10.77566332,106.67092102,10.51,"10°46'32.39""N, 106°40'15.32""E",FIX,
13:33:30.432,1786257210.432,TRACKING,9.841,-2.259,-2.070,-0.91,0.450,0.012,0.000,0.000,0.000,1.000,1.91,10.77566332,106.67092102,10.51,"10°46'32.39""N, 106°40'15.32""E",FIX,
13:33:30.532,1786257210.532,TRACKING,9.824,-2.290,-2.069,-0.45,0.450,-0.259,0.000,0.000,0.000,1.000,1.95,10.77566329,106.67092061,10.51,"10°46'32.39""N, 106°40'15.31""E",FIX,
13:33:30.636,1786257210.637,TRACKING,9.811,-2.314,-2.078,-0.11,0.450,-0.279,0.000,0.000,0.000,1.000,1.97,10.77566329,106.67092061,10.51,"10°46'32.39""N, 106°40'15.31""E",FIX,
13:33:30.760,1786257210.761,TRACKING,9.793,-2.345,-2.100,-0.09,0.450,-0.000,0.000,0.000,0.000,0.167,2.01,10.77566321,106.67092020,10.51,"10°46'32.39""N, 106°40'15.31""E",FIX,
13:33:30.804,1786257210.805,TRACKING,9.784,-2.361,-2.111,-0.09,0.450,-0.004,0.000,0.000,0.000,0.208,2.03,10.77566321,106.67092020,10.51,"10°46'32.39""N, 106°40'15.31""E",FIX,
13:33:30.913,1786257210.913,TRACKING,9.770,-2.384,-2.114,-0.08,0.450,-0.001,0.000,0.000,0.000,0.250,2.05,10.77566321,106.67092020,10.51,"10°46'32.39""N, 106°40'15.31""E",FIX,
13:33:31.012,1786257211.013,TRACKING,9.751,-2.415,-2.114,-0.07,0.450,0.000,0.000,0.000,0.000,0.333,2.09,10.77566321,106.67092020,10.51,"10°46'32.39""N, 106°40'15.31""E",FIX,
13:33:31.075,1786257211.075,TRACKING,9.737,-2.438,-2.114,0.24,0.450,-0.266,0.000,0.000,0.000,0.375,2.12,10.77566314,106.67091980,10.51,"10°46'32.39""N, 106°40'15.31""E",FIX,
13:33:31.183,1786257211.183,TRACKING,9.718,-2.469,-2.128,0.47,0.450,-0.210,0.000,0.000,0.000,0.417,2.15,10.77566314,106.67091980,10.51,"10°46'32.39""N, 106°40'15.31""E",FIX,
13:33:31.257,1786257211.258,TRACKING,9.709,-2.484,-2.138,0.63,0.450,-0.213,0.000,0.000,0.000,0.479,2.17,10.77566314,106.67091980,10.51,"10°46'32.39""N, 106°40'15.31""E",FIX,
13:33:31.358,1786257211.359,TRACKING,9.689,-2.514,-2.155,0.74,0.450,-0.154,0.000,0.000,0.000,0.521,2.21,10.77566307,106.67091939,10.51,"10°46'32.39""N, 106°40'15.31""E",FIX,
13:33:31.447,1786257211.447,TRACKING,9.674,-2.536,-2.165,0.82,0.450,-0.123,0.000,0.000,0.000,0.583,2.23,10.77566307,106.67091939,10.51,"10°46'32.39""N, 106°40'15.31""E",FIX,
13:33:31.552,1786257211.552,TRACKING,9.654,-2.566,-2.176,0.88,0.450,-0.102,0.000,0.000,0.000,0.646,2.27,10.77566307,106.67091939,10.51,"10°46'32.39""N, 106°40'15.31""E",FIX,
13:33:31.620,1786257211.621,TRACKING,9.638,-2.588,-2.183,0.92,0.450,-0.111,0.000,0.000,0.000,0.687,2.30,10.77566299,106.67091898,10.51,"10°46'32.39""N, 106°40'15.31""E",FIX,
13:33:31.709,1786257211.709,TRACKING,9.623,-2.610,-2.190,0.95,0.450,-0.108,0.000,0.000,0.000,0.750,2.32,10.77566299,106.67091898,10.51,"10°46'32.39""N, 106°40'15.31""E",FIX,
13:33:31.839,1786257211.840,TRACKING,9.596,-2.647,-2.201,0.99,0.450,-0.100,0.000,0.000,0.000,0.812,2.37,10.77566293,106.67091857,10.51,"10°46'32.39""N, 106°40'15.31""E",FIX,
13:33:31.909,1786257211.909,TRACKING,9.586,-2.661,-2.205,1.01,0.450,-0.103,0.000,0.000,0.000,0.875,2.39,10.77566293,106.67091857,10.51,"10°46'32.39""N, 106°40'15.31""E",FIX,
13:33:32.014,1786257212.014,TRACKING,9.570,-2.683,-2.211,1.04,0.450,-0.102,0.000,0.000,0.000,0.917,2.41,10.77566293,106.67091857,10.51,"10°46'32.39""N, 106°40'15.31""E",FIX,
13:33:32.115,1786257212.116,TRACKING,9.554,-2.705,-2.217,1.03,0.450,-0.073,0.000,0.000,0.000,0.979,2.44,10.77566293,106.67091857,10.51,"10°46'32.39""N, 106°40'15.31""E",FIX,
13:33:32.206,1786257212.206,TRACKING,9.532,-2.733,-2.224,1.01,0.450,-0.070,0.000,0.000,0.000,1.000,2.48,10.77566287,106.67091816,10.51,"10°46'32.39""N, 106°40'15.31""E",FIX,
13:33:32.308,1786257212.309,TRACKING,9.515,-2.755,-2.229,0.88,0.450,0.039,0.000,0.000,0.000,1.000,2.50,10.77566287,106.67091816,10.51,"10°46'32.39""N, 106°40'15.31""E",FIX,
13:33:32.385,1786257212.385,TRACKING,9.493,-2.783,-2.232,0.15,0.450,0.480,0.000,0.000,0.000,0.854,2.54,10.77566287,106.67091816,10.51,"10°46'32.39""N, 106°40'15.31""E",FIX,
13:33:32.472,1786257212.472,TRACKING,9.477,-2.804,-2.221,-0.41,0.450,0.489,0.000,0.000,0.000,0.937,2.57,10.77566282,106.67091775,10.51,"10°46'32.39""N, 106°40'15.30""E",FIX,
13:33:32.583,1786257212.584,TRACKING,9.461,-2.826,-2.192,-0.81,0.450,0.430,0.000,0.000,0.000,1.000,2.59,10.77566282,106.67091775,10.51,"10°46'32.39""N, 106°40'15.30""E",FIX,
13:33:32.634,1786257212.634,TRACKING,9.440,-2.856,-2.154,-1.10,0.450,0.293,0.000,0.000,0.000,1.000,2.63,10.77566282,106.67091775,10.51,"10°46'32.39""N, 106°40'15.30""E",FIX,
13:33:32.752,1786257212.753,TRACKING,9.426,-2.879,-2.134,-1.31,0.450,0.293,0.000,0.000,0.000,1.000,2.66,10.77566282,106.67091734,10.51,"10°46'32.39""N, 106°40'15.30""E",FIX,
13:33:32.880,1786257212.881,TRACKING,9.411,-2.901,-2.116,-1.46,0.450,0.239,0.000,0.000,0.000,1.000,2.68,10.77566282,106.67091734,10.51,"10°46'32.39""N, 106°40'15.30""E",FIX,
13:33:32.942,1786257212.942,TRACKING,9.398,-2.925,-2.099,-1.57,0.450,0.209,0.000,0.000,0.000,1.000,2.71,10.77566282,106.67091734,10.51,"10°46'32.39""N, 106°40'15.30""E",FIX,
13:33:33.066,1786257213.066,TRACKING,9.380,-2.956,-2.082,-1.63,0.450,0.171,0.000,0.000,0.000,1.000,2.75,10.77566282,106.67091697,10.51,"10°46'32.39""N, 106°40'15.30""E",FIX,
13:33:33.140,1786257213.140,TRACKING,9.367,-2.980,-2.069,-1.64,0.450,0.135,0.000,0.000,0.000,1.000,2.77,10.77566282,106.67091697,10.51,"10°46'32.39""N, 106°40'15.30""E",FIX,
13:33:33.279,1786257213.279,TRACKING,9.354,-3.003,-2.060,-1.60,0.450,0.084,0.000,0.000,0.000,1.000,2.80,10.77566282,106.67091697,10.51,"10°46'32.39""N, 106°40'15.30""E",FIX,
13:33:33.342,1786257213.343,TRACKING,9.337,-3.035,-2.049,-1.53,0.450,0.072,0.000,0.000,0.000,1.000,2.84,10.77566284,106.67091676,10.51,"10°46'32.39""N, 106°40'15.30""E",FIX,
13:33:33.427,1786257213.428,TRACKING,9.325,-3.059,-2.044,-1.44,0.450,0.037,0.000,0.000,0.000,1.000,2.86,10.77566284,106.67091676,10.51,"10°46'32.39""N, 106°40'15.30""E",FIX,
13:33:33.511,1786257213.511,TRACKING,9.313,-3.083,-2.041,-1.34,0.450,0.020,0.000,0.000,0.000,1.000,2.89,10.77566284,106.67091676,10.51,"10°46'32.39""N, 106°40'15.30""E",FIX,
13:33:33.610,1786257213.610,TRACKING,9.300,-3.107,-2.039,-1.24,0.450,0.029,0.000,0.000,0.000,1.000,2.92,10.77566292,106.67091657,10.51,"10°46'32.39""N, 106°40'15.30""E",FIX,
13:33:33.682,1786257213.682,TRACKING,9.284,-3.140,-2.038,-1.14,0.450,0.006,0.000,0.000,0.000,1.000,2.95,10.77566292,106.67091657,10.51,"10°46'32.39""N, 106°40'15.30""E",FIX,
13:33:33.795,1786257213.795,TRACKING,9.272,-3.164,-2.037,-1.04,0.450,0.004,0.000,0.000,0.000,1.000,2.98,10.77566292,106.67091657,10.51,"10°46'32.39""N, 106°40'15.30""E",FIX,
13:33:33.902,1786257213.903,TRACKING,9.256,-3.196,-2.036,-0.95,0.450,0.010,0.000,0.000,0.000,1.000,3.02,10.77566302,106.67091638,10.51,"10°46'32.39""N, 106°40'15.30""E",FIX,
13:33:34.032,1786257214.032,TRACKING,9.244,-3.220,-2.036,-0.85,0.450,-0.015,0.000,0.000,0.000,1.000,3.04,10.77566302,106.67091638,10.51,"10°46'32.39""N, 106°40'15.30""E",FIX,
13:33:34.106,1786257214.107,TRACKING,9.232,-3.244,-2.036,-0.75,0.450,-0.041,0.000,0.000,0.000,1.000,3.07,10.77566302,106.67091638,10.51,"10°46'32.39""N, 106°40'15.30""E",FIX,
13:33:34.226,1786257214.226,TRACKING,9.219,-3.268,-2.038,-0.66,0.450,-0.019,0.000,0.000,0.000,1.000,3.10,10.77566311,106.67091619,10.51,"10°46'32.39""N, 106°40'15.30""E",FIX,
13:33:34.305,1786257214.305,TRACKING,9.203,-3.300,-2.040,-0.56,0.450,-0.026,0.000,0.000,0.000,1.000,3.13,10.77566311,106.67091619,10.51,"10°46'32.39""N, 106°40'15.30""E",FIX,
13:33:34.497,1786257214.497,REACTIVE_AVOID,9.184,-3.338,-2.043,-0.56,0.000,0.000,0.000,0.000,0.000,1.000,3.16,10.77566318,106.67091601,10.51,"10°46'32.39""N, 106°40'15.30""E",FIX,
13:33:34.587,1786257214.587,REACTIVE_AVOID,9.184,-3.338,-2.043,-0.56,0.000,0.000,0.000,0.000,0.000,1.000,3.16,10.77566318,106.67091601,10.51,"10°46'32.39""N, 106°40'15.30""E",FIX,
13:33:34.666,1786257214.666,REACTIVE_AVOID,9.184,-3.338,-2.043,-0.56,0.000,0.000,0.000,0.000,0.000,1.000,3.16,10.77566318,106.67091601,10.51,"10°46'32.39""N, 106°40'15.30""E",FIX,
13:33:34.748,1786257214.748,REACTIVE_AVOID,9.184,-3.338,-2.043,-0.56,0.000,0.000,0.000,0.000,0.000,1.000,3.16,10.77566318,106.67091601,10.51,"10°46'32.39""N, 106°40'15.30""E",FIX,
13:33:34.869,1786257214.870,REACTIVE_AVOID,9.184,-3.338,-2.043,-0.56,0.000,0.000,0.000,0.000,0.000,1.000,3.16,10.77566318,106.67091601,10.51,"10°46'32.39""N, 106°40'15.30""E",FIX,
13:33:34.953,1786257214.953,REACTIVE_AVOID,9.184,-3.338,-2.043,-0.56,0.000,0.000,0.000,0.000,0.000,1.000,3.16,10.77566318,106.67091601,10.51,"10°46'32.39""N, 106°40'15.30""E",FIX,
13:33:35.021,1786257215.021,REACTIVE_AVOID,9.184,-3.338,-2.043,-0.56,0.000,0.000,0.000,0.000,0.000,1.000,3.16,10.77566318,106.67091601,10.51,"10°46'32.39""N, 106°40'15.30""E",FIX,
13:33:35.107,1786257215.107,REACTIVE_AVOID,9.184,-3.338,-2.043,-0.56,0.000,0.000,0.000,0.000,0.000,1.000,3.16,10.77566318,106.67091601,10.51,"10°46'32.39""N, 106°40'15.30""E",FIX,
13:33:35.201,1786257215.202,REACTIVE_AVOID,9.184,-3.338,-2.043,-0.56,0.000,0.000,0.000,0.000,0.000,1.000,3.16,10.77566318,106.67091601,10.51,"10°46'32.39""N, 106°40'15.30""E",FIX,
13:33:35.301,1786257215.302,REACTIVE_AVOID,9.184,-3.338,-2.043,-0.56,0.000,0.000,0.000,0.000,0.000,1.000,3.16,10.77566318,106.67091601,10.51,"10°46'32.39""N, 106°40'15.30""E",FIX,
13:33:35.385,1786257215.385,REACTIVE_AVOID,9.184,-3.338,-2.043,-0.56,0.000,0.000,0.000,0.000,0.000,1.000,3.16,10.77566318,106.67091601,10.51,"10°46'32.39""N, 106°40'15.30""E",FIX,
13:33:35.459,1786257215.460,REACTIVE_AVOID,9.184,-3.338,-2.043,-0.56,0.000,0.000,0.000,0.000,0.000,1.000,3.16,10.77566318,106.67091601,10.51,"10°46'32.39""N, 106°40'15.30""E",FIX,
13:33:35.538,1786257215.538,REACTIVE_AVOID,9.184,-3.338,-2.043,-0.56,0.000,0.000,0.000,0.000,0.000,1.000,3.16,10.77566318,106.67091601,10.51,"10°46'32.39""N, 106°40'15.30""E",FIX,
13:33:35.633,1786257215.633,REACTIVE_AVOID,9.184,-3.338,-2.043,-0.56,0.000,0.000,0.000,0.000,0.000,1.000,3.16,10.77566318,106.67091601,10.51,"10°46'32.39""N, 106°40'15.30""E",FIX,
13:33:35.708,1786257215.708,REACTIVE_AVOID,9.184,-3.338,-2.043,-0.56,0.000,0.000,0.000,0.000,0.000,1.000,3.16,10.77566318,106.67091601,10.51,"10°46'32.39""N, 106°40'15.30""E",FIX,
13:33:35.803,1786257215.803,REACTIVE_AVOID,9.184,-3.338,-2.043,-0.56,0.000,0.000,0.000,0.000,0.000,1.000,3.16,10.77566318,106.67091601,10.51,"10°46'32.39""N, 106°40'15.30""E",FIX,
13:33:35.903,1786257215.903,REACTIVE_AVOID,9.184,-3.338,-2.043,-0.56,0.000,0.000,0.000,0.000,0.000,1.000,3.16,10.77566318,106.67091601,10.51,"10°46'32.39""N, 106°40'15.30""E",FIX,
13:33:35.986,1786257215.987,REACTIVE_AVOID,9.184,-3.338,-2.043,-0.56,0.000,0.000,0.000,0.000,0.000,1.000,3.16,10.77566318,106.67091601,10.51,"10°46'32.39""N, 106°40'15.30""E",FIX,
13:33:36.070,1786257216.071,REACTIVE_AVOID,9.184,-3.338,-2.043,-0.56,0.000,0.000,0.000,0.000,0.000,1.000,3.16,10.77566318,106.67091601,10.51,"10°46'32.39""N, 106°40'15.30""E",FIX,
13:33:36.146,1786257216.146,REACTIVE_AVOID,9.184,-3.338,-2.043,-0.56,0.000,0.000,0.000,0.000,0.000,1.000,3.16,10.77566318,106.67091601,10.51,"10°46'32.39""N, 106°40'15.30""E",FIX,
13:33:36.240,1786257216.241,REACTIVE_AVOID,9.184,-3.338,-2.043,-0.56,0.000,0.000,0.000,0.000,0.000,1.000,3.16,10.77566318,106.67091601,10.51,"10°46'32.39""N, 106°40'15.30""E",FIX,
13:33:36.326,1786257216.327,REACTIVE_AVOID,9.184,-3.338,-2.043,-0.56,0.000,0.000,0.000,0.000,0.000,1.000,3.16,10.77566318,106.67091601,10.51,"10°46'32.39""N, 106°40'15.30""E",FIX,
13:33:36.425,1786257216.425,REACTIVE_AVOID,9.184,-3.338,-2.043,-0.56,0.000,0.000,0.000,0.000,0.000,1.000,3.16,10.77566318,106.67091601,10.51,"10°46'32.39""N, 106°40'15.30""E",FIX,
13:33:36.536,1786257216.537,REACTIVE_AVOID,9.184,-3.338,-2.043,-0.56,0.000,0.000,0.000,0.000,0.000,1.000,3.16,10.77566318,106.67091601,10.51,"10°46'32.39""N, 106°40'15.30""E",FIX,
13:33:36.631,1786257216.631,REACTIVE_AVOID,9.184,-3.338,-2.043,-0.56,0.000,0.000,0.000,0.000,0.000,1.000,3.16,10.77566318,106.67091601,10.51,"10°46'32.39""N, 106°40'15.30""E",FIX,
13:33:36.728,1786257216.728,REACTIVE_AVOID,9.184,-3.338,-2.043,-0.56,0.000,0.000,0.000,0.000,0.000,1.000,3.16,10.77566318,106.67091601,10.51,"10°46'32.39""N, 106°40'15.30""E",FIX,
13:33:36.819,1786257216.819,REACTIVE_AVOID,9.184,-3.338,-2.043,-0.56,0.000,0.000,0.000,0.000,0.000,1.000,3.16,10.77566318,106.67091601,10.51,"10°46'32.39""N, 106°40'15.30""E",FIX,
13:33:36.909,1786257216.910,REACTIVE_AVOID,9.184,-3.338,-2.043,-0.56,0.000,0.000,0.000,0.000,0.000,1.000,3.16,10.77566318,106.67091601,10.51,"10°46'32.39""N, 106°40'15.30""E",FIX,
13:33:37.025,1786257217.025,REACTIVE_AVOID,9.184,-3.338,-2.043,-0.56,0.000,0.000,0.000,0.000,0.000,1.000,3.16,10.77566318,106.67091601,10.51,"10°46'32.39""N, 106°40'15.30""E",FIX,
13:33:37.093,1786257217.094,REACTIVE_AVOID,9.184,-3.338,-2.043,-0.56,0.000,0.000,0.000,0.000,0.000,1.000,3.16,10.77566318,106.67091601,10.51,"10°46'32.39""N, 106°40'15.30""E",FIX,
13:33:37.193,1786257217.194,REACTIVE_AVOID,9.184,-3.338,-2.043,-0.56,0.000,0.000,0.000,0.000,0.000,1.000,3.16,10.77566318,106.67091601,10.51,"10°46'32.39""N, 106°40'15.30""E",FIX,
13:33:37.300,1786257217.301,REACTIVE_AVOID,9.184,-3.338,-2.043,-0.56,0.000,0.000,0.000,0.000,0.000,1.000,3.16,10.77566318,106.67091601,10.51,"10°46'32.39""N, 106°40'15.30""E",FIX,
13:33:37.382,1786257217.383,REACTIVE_AVOID,9.184,-3.338,-2.043,-0.56,0.000,0.000,0.000,0.000,0.000,1.000,3.16,10.77566318,106.67091601,10.51,"10°46'32.39""N, 106°40'15.30""E",FIX,
13:33:37.479,1786257217.479,REACTIVE_AVOID,9.184,-3.338,-2.043,-0.56,0.000,0.000,0.000,0.000,0.000,1.000,3.16,10.77566318,106.67091601,10.51,"10°46'32.39""N, 106°40'15.30""E",FIX,
13:33:37.566,1786257217.566,REACTIVE_AVOID,9.184,-3.338,-2.043,-0.56,0.000,0.000,0.000,0.000,0.000,1.000,3.16,10.77566318,106.67091601,10.51,"10°46'32.39""N, 106°40'15.30""E",FIX,
13:33:37.625,1786257217.625,REACTIVE_AVOID,9.184,-3.338,-2.043,-0.56,0.000,0.000,0.000,0.000,0.000,1.000,3.16,10.77566318,106.67091601,10.51,"10°46'32.39""N, 106°40'15.30""E",FIX,
13:33:37.717,1786257217.717,REACTIVE_AVOID,9.184,-3.338,-2.043,-0.56,0.000,0.000,0.000,0.000,0.000,1.000,3.16,10.77566318,106.67091601,10.51,"10°46'32.39""N, 106°40'15.30""E",FIX,
13:33:37.824,1786257217.825,REACTIVE_AVOID,9.184,-3.338,-2.043,-0.56,0.000,0.000,0.000,0.000,0.000,1.000,3.16,10.77566318,106.67091601,10.51,"10°46'32.39""N, 106°40'15.30""E",FIX,
13:33:37.902,1786257217.902,REACTIVE_AVOID,9.184,-3.338,-2.043,-0.56,0.000,0.000,0.000,0.000,0.000,1.000,3.16,10.77566318,106.67091601,10.51,"10°46'32.39""N, 106°40'15.30""E",FIX,
13:33:37.979,1786257217.980,REACTIVE_AVOID,9.184,-3.338,-2.043,-0.56,0.000,0.000,0.000,0.000,0.000,1.000,3.16,10.77566318,106.67091601,10.51,"10°46'32.39""N, 106°40'15.30""E",FIX,
13:33:38.073,1786257218.074,REACTIVE_AVOID,9.184,-3.338,-2.043,-0.56,0.000,0.000,0.000,0.000,0.000,1.000,3.16,10.77566318,106.67091601,10.51,"10°46'32.39""N, 106°40'15.30""E",FIX,
13:33:38.168,1786257218.169,REACTIVE_AVOID,9.184,-3.338,-2.043,-0.56,0.000,0.000,0.000,0.000,0.000,1.000,3.16,10.77566318,106.67091601,10.51,"10°46'32.39""N, 106°40'15.30""E",FIX,
13:33:38.231,1786257218.232,REACTIVE_AVOID,9.184,-3.338,-2.043,-0.56,0.000,0.000,0.000,0.000,0.000,1.000,3.16,10.77566318,106.67091601,10.51,"10°46'32.39""N, 106°40'15.30""E",FIX,
13:33:38.327,1786257218.327,REACTIVE_AVOID,9.184,-3.338,-2.043,-0.56,0.000,0.000,0.000,0.000,0.000,1.000,3.16,10.77566318,106.67091601,10.51,"10°46'32.39""N, 106°40'15.30""E",FIX,
13:33:38.397,1786257218.398,REACTIVE_AVOID,9.184,-3.338,-2.043,-0.56,0.000,0.000,0.000,0.000,0.000,1.000,3.16,10.77566318,106.67091601,10.51,"10°46'32.39""N, 106°40'15.30""E",FIX,
13:33:38.615,1786257218.615,AVOID_PLANNING,9.184,-3.338,-2.043,-0.56,0.000,0.000,0.000,0.000,0.000,1.000,3.16,10.77566318,106.67091601,10.51,"10°46'32.39""N, 106°40'15.30""E",FIX,
13:33:38.681,1786257218.682,PATH_FOLLOWING,9.184,-3.338,-2.043,-0.56,0.020,-1.500,0.000,0.000,0.000,1.000,3.16,10.77566318,106.67091601,10.51,"10°46'32.39""N, 106°40'15.30""E",FIX,
13:33:38.778,1786257218.778,PATH_FOLLOWING,9.183,-3.339,-2.116,-0.56,0.020,-1.500,0.000,0.000,0.000,1.000,3.16,10.77566318,106.67091603,10.51,"10°46'32.39""N, 106°40'15.30""E",FIX,
13:33:38.885,1786257218.886,PATH_FOLLOWING,9.183,-3.340,-2.176,-0.56,0.020,-1.500,0.000,0.000,0.000,1.000,3.16,10.77566318,106.67091603,10.51,"10°46'32.39""N, 106°40'15.30""E",FIX,
13:33:39.000,1786257219.000,PATH_FOLLOWING,9.182,-3.341,-2.296,-0.56,0.020,-1.500,0.000,0.000,0.000,1.000,3.16,10.77566318,106.67091603,10.51,"10°46'32.39""N, 106°40'15.30""E",FIX,
13:33:39.103,1786257219.104,PATH_FOLLOWING,9.181,-3.342,-2.416,-0.56,0.020,-1.500,0.000,0.000,0.000,1.000,3.16,10.77566318,106.67091620,10.51,"10°46'32.39""N, 106°40'15.30""E",FIX,
13:33:39.211,1786257219.212,PATH_FOLLOWING,9.180,-3.343,-2.506,-0.56,0.020,-1.500,0.000,0.000,0.000,1.000,3.16,10.77566318,106.67091620,10.51,"10°46'32.39""N, 106°40'15.30""E",FIX,
13:33:39.353,1786257219.353,PATH_FOLLOWING,9.179,-3.344,-2.596,-0.56,0.020,-1.500,0.000,0.000,0.000,1.000,3.16,10.77566318,106.67091620,10.51,"10°46'32.39""N, 106°40'15.30""E",FIX,
13:33:39.436,1786257219.437,PATH_FOLLOWING,9.177,-3.344,-2.716,-0.56,0.029,-1.500,0.000,0.000,0.000,1.000,3.16,10.77566318,106.67091636,10.51,"10°46'32.39""N, 106°40'15.30""E",FIX,
13:33:39.498,1786257219.498,PATH_FOLLOWING,9.177,-3.345,-2.776,-0.56,0.039,-1.500,0.000,0.000,0.000,1.000,3.16,10.77566318,106.67091636,10.51,"10°46'32.39""N, 106°40'15.30""E",FIX,
13:33:39.575,1786257219.575,PATH_FOLLOWING,9.175,-3.345,-2.866,-0.56,0.056,-1.500,0.000,0.000,0.000,1.000,3.16,10.77566318,106.67091636,10.51,"10°46'32.39""N, 106°40'15.30""E",FIX,
13:33:39.656,1786257219.656,PATH_FOLLOWING,9.171,-3.346,-2.986,-0.56,0.082,-1.500,0.000,0.000,0.000,1.000,3.16,10.77566318,106.67091636,10.51,"10°46'32.39""N, 106°40'15.30""E",FIX,
13:33:39.748,1786257219.748,PATH_FOLLOWING,9.165,-3.347,-3.106,-0.56,0.109,-1.500,0.000,0.000,0.000,1.000,3.16,10.77566318,106.67091652,10.51,"10°46'32.39""N, 106°40'15.30""E",FIX,
13:33:39.828,1786257219.829,PATH_FOLLOWING,9.161,-3.347,3.117,-0.56,0.123,-1.500,0.000,0.000,0.000,1.000,3.16,10.77566318,106.67091652,10.51,"10°46'32.39""N, 106°40'15.30""E",FIX,
13:33:39.923,1786257219.923,PATH_FOLLOWING,9.152,-3.346,2.997,-0.56,0.151,-1.500,0.000,0.000,0.000,1.000,3.16,10.77566318,106.67091652,10.51,"10°46'32.39""N, 106°40'15.30""E",FIX,
13:33:39.991,1786257219.992,PATH_FOLLOWING,9.144,-3.344,2.907,-0.56,0.171,-1.500,0.000,0.000,0.000,1.000,3.16,10.77566316,106.67091667,10.51,"10°46'32.39""N, 106°40'15.30""E",FIX,
13:33:40.084,1786257220.084,PATH_FOLLOWING,9.132,-3.341,2.787,-0.56,0.195,-1.500,0.000,0.000,0.000,1.000,3.16,10.77566316,106.67091667,10.51,"10°46'32.39""N, 106°40'15.30""E",FIX,
13:33:40.162,1786257220.163,PATH_FOLLOWING,9.119,-3.335,2.667,-0.56,0.216,-1.319,0.000,0.000,0.000,1.000,3.16,10.77566316,106.67091667,10.51,"10°46'32.39""N, 106°40'15.30""E",FIX,
13:33:40.219,1786257220.220,PATH_FOLLOWING,9.111,-3.331,2.611,-0.56,0.224,-1.138,0.000,0.000,0.000,1.000,3.16,10.77566312,106.67091679,10.51,"10°46'32.39""N, 106°40'15.30""E",FIX,
13:33:40.301,1786257220.302,PATH_FOLLOWING,9.100,-3.324,2.538,-0.56,0.234,-0.902,0.000,0.000,0.000,1.000,3.16,10.77566312,106.67091679,10.51,"10°46'32.39""N, 106°40'15.30""E",FIX,
13:33:40.365,1786257220.365,PATH_FOLLOWING,9.089,-3.315,2.474,-0.56,0.240,-0.697,0.000,0.000,0.000,1.000,3.16,10.77566312,106.67091679,10.51,"10°46'32.39""N, 106°40'15.30""E",FIX,
13:33:40.469,1786257220.469,PATH_FOLLOWING,9.071,-3.300,2.397,-0.56,0.246,-0.448,0.000,0.000,0.000,1.000,3.16,10.77566309,106.67091672,10.51,"10°46'32.39""N, 106°40'15.30""E",FIX,
13:33:40.541,1786257220.542,PATH_FOLLOWING,9.061,-3.290,2.365,-0.56,0.248,-0.347,0.000,0.000,0.000,0.125,3.16,10.77566309,106.67091672,10.51,"10°46'32.39""N, 106°40'15.30""E",FIX,
13:33:40.620,1786257220.621,PATH_FOLLOWING,9.050,-3.279,2.343,-0.56,0.248,-0.276,0.000,0.000,0.000,0.125,3.16,10.77566309,106.67091672,10.51,"10°46'32.39""N, 106°40'15.30""E",FIX,
13:33:40.705,1786257220.706,PATH_FOLLOWING,9.040,-3.269,2.325,-0.56,0.249,-0.219,0.000,0.000,0.000,0.125,3.16,10.77566300,106.67091650,10.51,"10°46'32.39""N, 106°40'15.30""E",FIX,
13:33:40.788,1786257220.788,PATH_FOLLOWING,9.030,-3.258,2.310,-0.56,0.249,-0.172,0.000,0.000,0.000,0.146,3.16,10.77566300,106.67091650,10.51,"10°46'32.39""N, 106°40'15.30""E",FIX,
13:33:40.873,1786257220.874,PATH_FOLLOWING,9.016,-3.243,2.295,-0.56,0.250,-0.125,0.000,0.000,0.000,0.167,3.16,10.77566300,106.67091650,10.51,"10°46'32.39""N, 106°40'15.30""E",FIX,
13:33:40.950,1786257220.950,PATH_FOLLOWING,9.007,-3.232,2.286,-0.56,0.250,-0.098,0.000,0.000,0.000,0.187,3.16,10.77566294,106.67091628,10.51,"10°46'32.39""N, 106°40'15.30""E",FIX,
13:33:41.074,1786257221.074,PATH_FOLLOWING,8.997,-3.220,2.280,-0.56,0.250,-0.078,0.000,0.000,0.000,0.208,3.16,10.77566294,106.67091628,10.51,"10°46'32.39""N, 106°40'15.30""E",FIX,
13:33:41.194,1786257221.194,PATH_FOLLOWING,8.987,-3.209,2.274,-0.56,0.250,-0.062,0.000,0.000,0.000,0.250,3.16,10.77566294,106.67091628,10.51,"10°46'32.39""N, 106°40'15.30""E",FIX,
13:33:41.284,1786257221.284,PATH_FOLLOWING,8.974,-3.194,2.269,-0.56,0.250,-0.045,0.000,0.000,0.000,0.250,3.16,10.77566291,106.67091605,10.51,"10°46'32.39""N, 106°40'15.30""E",FIX,
13:33:41.368,1786257221.368,PATH_FOLLOWING,8.964,-3.182,2.266,-0.56,0.250,-0.035,0.000,0.000,0.000,0.292,3.16,10.77566291,106.67091605,10.51,"10°46'32.39""N, 106°40'15.30""E",FIX,
13:33:41.457,1786257221.458,PATH_FOLLOWING,8.952,-3.167,2.263,-0.56,0.250,-0.026,0.000,0.000,0.000,0.333,3.16,10.77566291,106.67091605,10.51,"10°46'32.39""N, 106°40'15.30""E",FIX,
13:33:41.553,1786257221.553,PATH_FOLLOWING,8.945,-3.159,2.262,-0.56,0.250,-0.022,0.000,0.000,0.000,0.354,3.16,10.77566288,106.67091582,10.51,"10°46'32.39""N, 106°40'15.30""E",FIX,
13:33:41.626,1786257221.627,PATH_FOLLOWING,8.933,-3.143,2.260,-0.56,0.250,-0.016,0.000,0.000,0.000,0.396,3.16,10.77566288,106.67091582,10.51,"10°46'32.39""N, 106°40'15.30""E",FIX,
13:33:41.714,1786257221.714,PATH_FOLLOWING,8.923,-3.132,2.258,-0.56,0.250,-0.013,0.000,0.000,0.000,0.417,3.16,10.77566288,106.67091582,10.51,"10°46'32.39""N, 106°40'15.30""E",FIX,
13:33:41.808,1786257221.809,PATH_FOLLOWING,8.910,-3.116,2.257,-0.56,0.250,-0.010,0.000,0.000,0.000,0.458,3.16,10.77566286,106.67091559,10.51,"10°46'32.39""N, 106°40'15.30""E",FIX,
13:33:41.867,1786257221.867,PATH_FOLLOWING,8.901,-3.105,2.257,-0.56,0.154,1.500,0.000,0.000,0.000,0.500,3.16,10.77566286,106.67091559,10.51,"10°46'32.39""N, 106°40'15.30""E",FIX,
13:33:41.950,1786257221.951,PATH_FOLLOWING,8.894,-3.097,2.325,-0.56,0.169,1.500,0.000,0.000,0.000,0.562,3.16,10.77566286,106.67091559,10.51,"10°46'32.39""N, 106°40'15.30""E",FIX,
13:33:42.035,1786257222.036,PATH_FOLLOWING,8.887,-3.090,2.415,-0.56,0.188,1.500,0.000,0.000,0.000,0.604,3.16,10.77566285,106.67091538,10.51,"10°46'32.39""N, 106°40'15.30""E",FIX,
13:33:42.125,1786257222.126,PATH_FOLLOWING,8.876,-3.081,2.535,-0.56,0.211,1.418,0.000,0.000,0.000,0.250,3.16,10.77566285,106.67091538,10.51,"10°46'32.39""N, 106°40'15.30""E",FIX,
13:33:42.212,1786257222.213,PATH_FOLLOWING,8.862,-3.073,2.651,-0.56,0.229,1.029,0.000,0.000,0.000,0.250,3.16,10.77566285,106.67091538,10.51,"10°46'32.39""N, 106°40'15.30""E",FIX,
13:33:42.282,1786257222.282,PATH_FOLLOWING,8.854,-3.069,2.701,-0.56,0.235,0.860,0.000,0.000,0.000,0.271,3.16,10.77566293,106.67091521,10.51,"10°46'32.39""N, 106°40'15.29""E",FIX,
13:33:42.363,1786257222.363,PATH_FOLLOWING,8.837,-3.062,2.776,-0.56,0.242,0.610,0.000,0.000,0.000,0.312,3.16,10.77566293,106.67091521,10.51,"10°46'32.39""N, 106°40'15.29""E",FIX,
13:33:42.437,1786257222.437,PATH_FOLLOWING,8.823,-3.057,2.818,-0.56,0.246,0.468,0.000,0.000,0.000,0.333,3.16,10.77566293,106.67091521,10.51,"10°46'32.39""N, 106°40'15.29""E",FIX,
13:33:42.509,1786257222.510,PATH_FOLLOWING,8.809,-3.052,2.850,-0.56,0.247,0.363,0.000,0.000,0.000,0.354,3.16,10.77566297,106.67091500,10.51,"10°46'32.39""N, 106°40'15.29""E",FIX,
13:33:42.598,1786257222.598,PATH_FOLLOWING,8.790,-3.047,2.882,-0.56,0.249,0.256,0.000,0.000,0.000,0.396,3.16,10.77566297,106.67091500,10.51,"10°46'32.39""N, 106°40'15.29""E",FIX,
13:33:42.673,1786257222.674,PATH_FOLLOWING,8.776,-3.043,2.900,-0.56,0.249,0.197,0.000,0.000,0.000,0.417,3.16,10.77566297,106.67091500,10.51,"10°46'32.39""N, 106°40'15.29""E",FIX,
13:33:42.739,1786257222.739,PATH_FOLLOWING,8.761,-3.040,2.913,-0.56,0.250,0.152,0.000,0.000,0.000,0.458,3.16,10.77566293,106.67091479,10.51,"10°46'32.39""N, 106°40'15.29""E",FIX,
13:33:42.832,1786257222.833,PATH_FOLLOWING,8.742,-3.035,2.927,-0.56,0.250,0.108,0.000,0.000,0.000,0.500,3.16,10.77566293,106.67091479,10.51,"10°46'32.39""N, 106°40'15.29""E",FIX,
13:33:42.892,1786257222.893,PATH_FOLLOWING,8.732,-3.033,2.932,-0.56,0.250,0.091,0.000,0.000,0.000,0.542,3.16,10.77566293,106.67091479,10.51,"10°46'32.39""N, 106°40'15.29""E",FIX,
13:33:42.982,1786257222.982,PATH_FOLLOWING,8.708,-3.028,2.942,-0.56,0.250,0.059,0.000,0.000,0.000,0.583,3.16,10.77566287,106.67091457,10.51,"10°46'32.39""N, 106°40'15.29""E",FIX,
13:33:43.046,1786257223.047,PATH_FOLLOWING,8.698,-3.026,2.944,-0.56,0.250,0.049,0.000,0.000,0.000,0.604,3.16,10.77566287,106.67091457,10.51,"10°46'32.39""N, 106°40'15.29""E",FIX,
13:33:43.134,1786257223.134,PATH_FOLLOWING,8.678,-3.022,2.949,-0.56,0.250,0.035,0.000,0.000,0.000,0.646,3.16,10.77566287,106.67091457,10.51,"10°46'32.39""N, 106°40'15.29""E",FIX,
13:33:43.220,1786257223.220,PATH_FOLLOWING,8.659,-3.019,2.952,-0.56,0.250,0.024,0.000,0.000,0.000,0.687,3.16,10.77566280,106.67091435,10.51,"10°46'32.39""N, 106°40'15.29""E",FIX,
13:33:43.288,1786257223.288,PATH_FOLLOWING,8.649,-3.017,2.953,-0.56,0.250,0.021,0.000,0.000,0.000,0.729,3.16,10.77566280,106.67091435,10.51,"10°46'32.39""N, 106°40'15.29""E",FIX,
13:33:43.377,1786257223.378,PATH_FOLLOWING,8.629,-3.013,2.955,-0.56,0.250,0.015,0.000,0.000,0.000,0.750,3.16,10.77566280,106.67091435,10.51,"10°46'32.39""N, 106°40'15.29""E",FIX,
13:33:43.468,1786257223.469,PATH_FOLLOWING,8.614,-3.010,2.956,-0.56,0.250,0.011,0.000,0.000,0.000,0.812,3.16,10.77566273,106.67091414,10.51,"10°46'32.39""N, 106°40'15.29""E",FIX,
13:33:43.549,1786257223.549,PATH_FOLLOWING,8.595,-3.007,2.957,-0.56,0.250,0.008,0.000,0.000,0.000,0.833,3.16,10.77566273,106.67091414,10.51,"10°46'32.39""N, 106°40'15.29""E",FIX,
13:33:43.631,1786257223.631,PATH_FOLLOWING,8.580,-3.004,2.957,-0.56,0.250,0.006,0.000,0.000,0.000,0.896,3.16,10.77566273,106.67091414,10.51,"10°46'32.39""N, 106°40'15.29""E",FIX,
13:33:43.694,1786257223.695,PATH_FOLLOWING,8.565,-3.001,2.958,-0.56,0.250,0.005,0.000,0.000,0.000,0.917,3.16,10.77566265,106.67091392,10.51,"10°46'32.39""N, 106°40'15.29""E",FIX,
13:33:43.765,1786257223.766,PATH_FOLLOWING,8.551,-2.998,2.958,-0.56,0.250,0.004,0.000,0.000,0.000,0.979,3.16,10.77566265,106.67091392,10.51,"10°46'32.39""N, 106°40'15.29""E",FIX,
13:33:43.855,1786257223.856,PATH_FOLLOWING,8.531,-2.995,2.958,-0.56,0.250,0.003,0.000,0.000,0.000,1.000,3.16,10.77566265,106.67091392,10.51,"10°46'32.39""N, 106°40'15.29""E",FIX,
13:33:43.929,1786257223.930,PATH_FOLLOWING,8.516,-2.992,2.959,-0.56,0.250,0.002,0.000,0.000,0.000,1.000,3.16,10.77566258,106.67091371,10.51,"10°46'32.39""N, 106°40'15.29""E",FIX,
13:33:44.012,1786257224.012,PATH_FOLLOWING,8.501,-2.989,2.959,-0.56,0.250,0.002,0.000,0.000,0.000,1.000,3.16,10.77566258,106.67091371,10.51,"10°46'32.39""N, 106°40'15.29""E",FIX,
13:33:44.090,1786257224.090,PATH_FOLLOWING,8.487,-2.986,2.959,-0.56,0.250,0.001,0.000,0.000,0.000,1.000,3.16,10.77566258,106.67091371,10.51,"10°46'32.39""N, 106°40'15.29""E",FIX,
13:33:44.170,1786257224.171,PATH_FOLLOWING,8.467,-2.983,2.959,-0.56,0.250,0.001,0.000,0.000,0.000,1.000,3.16,10.77566250,106.67091350,10.51,"10°46'32.39""N, 106°40'15.29""E",FIX,
13:33:44.228,1786257224.228,PATH_FOLLOWING,8.457,-2.981,2.959,-0.56,0.250,0.001,0.000,0.000,0.000,1.000,3.16,10.77566250,106.67091350,10.51,"10°46'32.39""N, 106°40'15.29""E",FIX,
13:33:44.325,1786257224.326,PATH_FOLLOWING,8.433,-2.976,2.959,-0.56,0.250,0.000,0.000,0.000,0.000,1.000,3.16,10.77566250,106.67091350,10.51,"10°46'32.39""N, 106°40'15.29""E",FIX,
13:33:44.400,1786257224.401,PATH_FOLLOWING,8.423,-2.975,2.959,-0.56,0.250,0.000,0.000,0.000,0.000,1.000,3.16,10.77566242,106.67091328,10.51,"10°46'32.38""N, 106°40'15.29""E",FIX,
13:33:44.487,1786257224.487,PATH_FOLLOWING,8.403,-2.971,2.959,-0.56,0.250,0.000,0.000,0.000,0.000,1.000,3.16,10.77566242,106.67091328,10.51,"10°46'32.38""N, 106°40'15.29""E",FIX,
13:33:44.566,1786257224.566,PATH_FOLLOWING,8.383,-2.967,2.959,-0.56,0.250,0.000,0.000,0.000,0.000,1.000,3.16,10.77566242,106.67091328,10.51,"10°46'32.38""N, 106°40'15.29""E",FIX,
13:33:44.630,1786257224.630,PATH_FOLLOWING,8.369,-2.965,2.959,-0.56,0.250,0.000,0.000,0.000,0.000,1.000,3.16,10.77566235,106.67091307,10.51,"10°46'32.38""N, 106°40'15.29""E",FIX,
13:33:44.706,1786257224.707,PATH_FOLLOWING,8.354,-2.962,2.959,-0.56,0.250,0.000,0.000,0.000,0.000,1.000,3.16,10.77566235,106.67091307,10.51,"10°46'32.38""N, 106°40'15.29""E",FIX,
13:33:44.772,1786257224.773,PATH_FOLLOWING,8.339,-2.959,2.959,-0.56,0.250,0.000,0.000,0.000,0.000,1.000,3.16,10.77566235,106.67091307,10.51,"10°46'32.38""N, 106°40'15.29""E",FIX,
13:33:44.859,1786257224.859,PATH_FOLLOWING,8.324,-2.957,2.959,-0.56,0.250,0.000,0.000,0.000,0.000,1.000,3.16,10.77566230,106.67091299,10.51,"10°46'32.38""N, 106°40'15.29""E",FIX,
13:33:44.943,1786257224.943,PATH_FOLLOWING,8.305,-2.953,2.959,-0.56,0.250,0.000,0.000,0.000,0.000,1.000,3.16,10.77566230,106.67091299,10.51,"10°46'32.38""N, 106°40'15.29""E",FIX,
13:33:45.021,1786257225.022,PATH_FOLLOWING,8.290,-2.950,2.959,-0.56,0.250,0.000,0.000,0.000,0.000,1.000,3.16,10.77566230,106.67091299,10.51,"10°46'32.38""N, 106°40'15.29""E",FIX,
13:33:45.091,1786257225.091,PATH_FOLLOWING,8.275,-2.947,2.959,-0.56,0.250,0.000,0.000,0.000,0.000,1.000,3.16,10.77566225,106.67091294,10.51,"10°46'32.38""N, 106°40'15.29""E",FIX,
13:33:45.219,1786257225.220,PATH_FOLLOWING,8.256,-2.944,2.959,-0.56,0.250,0.000,0.000,0.000,0.000,1.000,3.16,10.77566225,106.67091294,10.51,"10°46'32.38""N, 106°40'15.29""E",FIX,
13:33:45.269,1786257225.270,PATH_FOLLOWING,8.241,-2.941,2.959,-0.56,0.250,0.000,0.000,0.000,0.000,1.000,3.16,10.77566225,106.67091294,10.51,"10°46'32.38""N, 106°40'15.29""E",FIX,
13:33:45.346,1786257225.346,PATH_FOLLOWING,8.226,-2.938,2.959,-0.56,0.250,0.000,0.000,0.000,0.000,0.917,3.16,10.77566218,106.67091289,10.51,"10°46'32.38""N, 106°40'15.29""E",FIX,
13:33:45.420,1786257225.421,PATH_FOLLOWING,8.211,-2.936,2.959,-0.56,0.250,0.000,0.000,0.000,0.000,0.167,3.16,10.77566218,106.67091289,10.51,"10°46'32.38""N, 106°40'15.29""E",FIX,
13:33:45.500,1786257225.500,PATH_FOLLOWING,8.192,-2.932,2.959,-0.56,0.250,0.000,0.000,0.000,0.000,0.083,3.16,10.77566218,106.67091289,10.51,"10°46'32.38""N, 106°40'15.29""E",FIX,
13:33:45.577,1786257225.577,PATH_FOLLOWING,8.177,-2.929,2.959,-0.56,0.250,0.000,0.000,0.000,0.000,0.062,3.16,10.77566218,106.67091284,10.51,"10°46'32.38""N, 106°40'15.29""E",FIX,
13:33:45.662,1786257225.662,PATH_FOLLOWING,8.162,-2.927,2.959,-0.56,0.250,0.000,0.000,0.000,0.000,0.042,3.16,10.77566218,106.67091284,10.51,"10°46'32.38""N, 106°40'15.29""E",FIX,
13:33:45.735,1786257225.736,PATH_FOLLOWING,8.147,-2.924,2.959,-0.56,0.250,0.000,0.000,0.000,0.000,0.042,3.16,10.77566218,106.67091284,10.51,"10°46'32.38""N, 106°40'15.29""E",FIX,
13:33:45.812,1786257225.813,PATH_FOLLOWING,8.128,-2.920,2.959,-0.56,0.250,0.000,0.000,0.000,0.000,0.000,3.16,10.77566218,106.67091278,10.51,"10°46'32.38""N, 106°40'15.29""E",FIX,
13:33:45.890,1786257225.890,PATH_FOLLOWING,8.113,-2.918,2.959,-0.56,0.250,0.000,0.000,0.000,0.000,0.000,3.16,10.77566218,106.67091278,10.51,"10°46'32.38""N, 106°40'15.29""E",FIX,
13:33:45.955,1786257225.955,PATH_FOLLOWING,8.098,-2.915,2.959,-0.56,0.250,0.000,0.000,0.000,0.000,0.000,3.16,10.77566218,106.67091278,10.51,"10°46'32.38""N, 106°40'15.29""E",FIX,
13:33:46.038,1786257226.039,PATH_FOLLOWING,8.078,-2.911,2.959,-0.56,0.250,0.000,0.000,0.000,0.000,0.000,3.16,10.77566217,106.67091274,10.51,"10°46'32.38""N, 106°40'15.29""E",FIX,
13:33:46.126,1786257226.127,PATH_FOLLOWING,8.064,-2.908,2.959,-0.56,0.250,0.000,0.000,0.000,0.000,0.000,3.16,10.77566217,106.67091274,10.51,"10°46'32.38""N, 106°40'15.29""E",FIX,
13:33:46.212,1786257226.212,PATH_FOLLOWING,8.044,-2.905,2.959,-0.56,0.250,0.000,0.000,0.000,0.000,0.000,3.16,10.77566217,106.67091274,10.51,"10°46'32.38""N, 106°40'15.29""E",FIX,
13:33:46.290,1786257226.290,PATH_FOLLOWING,8.029,-2.902,2.959,-0.56,0.250,0.000,0.000,0.000,0.000,0.000,3.16,10.77566216,106.67091270,10.51,"10°46'32.38""N, 106°40'15.29""E",FIX,
13:33:46.373,1786257226.373,PATH_FOLLOWING,8.015,-2.899,2.959,-0.56,0.154,1.500,0.000,0.000,0.000,0.000,3.16,10.77566216,106.67091270,10.51,"10°46'32.38""N, 106°40'15.29""E",FIX,
13:33:46.456,1786257226.457,PATH_FOLLOWING,8.002,-2.897,2.992,-0.56,0.160,1.500,0.000,0.000,0.000,0.000,3.16,10.77566216,106.67091270,10.51,"10°46'32.38""N, 106°40'15.29""E",FIX,
13:33:46.527,1786257226.528,PATH_FOLLOWING,7.993,-2.896,3.082,-0.56,0.180,1.500,0.000,0.000,0.000,0.000,3.16,10.77566216,106.67091270,10.51,"10°46'32.38""N, 106°40'15.29""E",FIX,
13:33:46.617,1786257226.617,PATH_FOLLOWING,7.979,-2.896,-3.081,-0.56,0.203,1.500,0.000,0.000,0.000,0.000,3.16,10.77566214,106.67091264,10.51,"10°46'32.38""N, 106°40'15.29""E",FIX,
13:33:46.677,1786257226.677,PATH_FOLLOWING,7.968,-2.897,-2.991,-0.56,0.219,1.266,0.000,0.000,0.000,0.000,3.16,10.77566214,106.67091264,10.51,"10°46'32.38""N, 106°40'15.29""E",FIX,
13:33:46.769,1786257226.770,PATH_FOLLOWING,7.951,-2.901,-2.884,-0.56,0.233,0.913,0.000,0.000,0.000,0.000,3.16,10.77566210,106.67091260,10.51,"10°46'32.38""N, 106°40'15.29""E",FIX,
13:33:46.846,1786257226.847,PATH_FOLLOWING,7.938,-2.905,-2.824,-0.56,0.240,0.714,0.000,0.000,0.000,0.000,3.16,10.77566210,106.67091260,10.51,"10°46'32.38""N, 106°40'15.29""E",FIX,
13:33:46.941,1786257226.942,PATH_FOLLOWING,7.920,-2.911,-2.763,-0.56,0.245,0.515,0.000,0.000,0.000,0.000,3.16,10.77566210,106.67091260,10.51,"10°46'32.38""N, 106°40'15.29""E",FIX,
13:33:47.005,1786257227.005,PATH_FOLLOWING,7.906,-2.917,-2.728,-0.56,0.247,0.402,0.000,0.000,0.000,0.000,3.16,10.77566211,106.67091255,10.51,"10°46'32.38""N, 106°40'15.29""E",FIX,
13:33:47.079,1786257227.079,PATH_FOLLOWING,7.893,-2.923,-2.703,-0.56,0.248,0.319,0.000,0.000,0.000,0.000,3.16,10.77566211,106.67091255,10.51,"10°46'32.38""N, 106°40'15.29""E",FIX,
13:33:47.151,1786257227.152,PATH_FOLLOWING,7.880,-2.930,-2.682,-0.56,0.249,0.252,0.000,0.000,0.000,0.000,3.16,10.77566211,106.67091255,10.51,"10°46'32.38""N, 106°40'15.29""E",FIX,
13:33:47.231,1786257227.232,PATH_FOLLOWING,7.866,-2.936,-2.666,-0.56,0.249,0.199,0.000,0.000,0.000,0.000,3.16,10.77566211,106.67091255,10.51,"10°46'32.38""N, 106°40'15.29""E",FIX,
13:33:47.305,1786257227.306,PATH_FOLLOWING,7.853,-2.943,-2.653,-0.56,0.250,0.156,0.000,0.000,0.000,0.000,3.16,10.77566220,106.67091242,10.51,"10°46'32.38""N, 106°40'15.28""E",FIX,
13:33:47.398,1786257227.398,PATH_FOLLOWING,7.836,-2.953,-2.639,-0.56,0.250,0.112,0.000,0.000,0.000,0.000,3.16,10.77566220,106.67091242,10.51,"10°46'32.38""N, 106°40'15.28""E",FIX,
13:33:47.460,1786257227.460,PATH_FOLLOWING,7.822,-2.960,-2.632,-0.56,0.250,0.087,0.000,0.000,0.000,0.000,3.16,10.77566220,106.67091242,10.51,"10°46'32.38""N, 106°40'15.28""E",FIX,
13:33:47.557,1786257227.557,PATH_FOLLOWING,7.805,-2.970,-2.624,-0.56,0.250,0.063,0.000,0.000,0.000,0.000,3.16,10.77566230,106.67091229,10.51,"10°46'32.38""N, 106°40'15.28""E",FIX,
13:33:47.617,1786257227.617,PATH_FOLLOWING,7.796,-2.975,-2.621,-0.56,0.250,0.053,0.000,0.000,0.000,0.000,3.16,10.77566230,106.67091229,10.51,"10°46'32.38""N, 106°40'15.28""E",FIX,
13:33:47.700,1786257227.701,PATH_FOLLOWING,7.779,-2.985,-2.616,-0.56,0.250,0.038,0.000,0.000,0.000,0.000,3.16,10.77566230,106.67091229,10.51,"10°46'32.38""N, 106°40'15.28""E",FIX,
13:33:47.784,1786257227.785,PATH_FOLLOWING,7.766,-2.992,-2.614,-0.56,0.250,0.030,0.000,0.000,0.000,0.000,3.16,10.77566238,106.67091216,10.51,"10°46'32.38""N, 106°40'15.28""E",FIX,
13:33:47.874,1786257227.874,PATH_FOLLOWING,7.753,-3.000,-2.612,-0.56,0.250,0.024,0.000,0.000,0.000,0.000,3.16,10.77566238,106.67091216,10.51,"10°46'32.38""N, 106°40'15.28""E",FIX,
13:33:47.955,1786257227.956,PATH_FOLLOWING,7.736,-3.010,-2.610,-0.56,0.250,0.017,0.000,0.000,0.000,0.000,3.16,10.77566238,106.67091216,10.51,"10°46'32.38""N, 106°40'15.28""E",FIX,
13:33:48.027,1786257228.027,PATH_FOLLOWING,7.723,-3.018,-2.609,-0.56,0.250,0.013,0.000,0.000,0.000,0.000,3.16,10.77566247,106.67091204,10.51,"10°46'32.38""N, 106°40'15.28""E",FIX,
13:33:48.120,1786257228.121,PATH_FOLLOWING,7.706,-3.028,-2.607,-0.56,0.250,0.010,0.000,0.000,0.000,0.000,3.16,10.77566247,106.67091204,10.51,"10°46'32.38""N, 106°40'15.28""E",FIX,
13:33:48.183,1786257228.184,PATH_FOLLOWING,7.697,-3.033,-2.607,-0.56,0.250,0.008,0.000,0.000,0.000,0.000,3.16,10.77566247,106.67091204,10.51,"10°46'32.38""N, 106°40'15.28""E",FIX,
13:33:48.264,1786257228.264,PATH_FOLLOWING,7.680,-3.043,-2.606,-0.56,0.250,0.006,0.000,0.000,0.000,0.000,3.16,10.77566251,106.67091195,10.51,"10°46'32.39""N, 106°40'15.28""E",FIX,
13:33:48.345,1786257228.345,PATH_FOLLOWING,7.667,-3.051,-2.606,-0.56,0.250,0.005,0.000,0.000,0.000,0.000,3.16,10.77566251,106.67091195,10.51,"10°46'32.39""N, 106°40'15.28""E",FIX,
13:33:48.440,1786257228.440,PATH_FOLLOWING,7.650,-3.061,-2.606,-0.56,0.250,0.003,0.000,0.000,0.000,0.000,3.16,10.77566251,106.67091195,10.51,"10°46'32.39""N, 106°40'15.28""E",FIX,
13:33:48.516,1786257228.517,PATH_FOLLOWING,7.637,-3.069,-2.605,-0.56,0.250,0.003,0.000,0.000,0.000,0.000,3.16,10.77566254,106.67091189,10.51,"10°46'32.39""N, 106°40'15.28""E",FIX,
13:33:48.579,1786257228.580,PATH_FOLLOWING,7.624,-3.076,-2.605,-0.56,0.250,0.002,0.000,0.000,0.000,0.000,3.16,10.77566254,106.67091189,10.51,"10°46'32.39""N, 106°40'15.28""E",FIX,
13:33:48.674,1786257228.675,PATH_FOLLOWING,7.607,-3.086,-2.605,-0.56,0.250,0.002,0.000,0.000,0.000,0.000,3.16,10.77566254,106.67091189,10.51,"10°46'32.39""N, 106°40'15.28""E",FIX,
13:33:48.769,1786257228.769,PATH_FOLLOWING,7.594,-3.094,-2.605,-0.56,0.250,0.001,0.000,0.000,0.000,0.000,3.16,10.77566257,106.67091181,10.51,"10°46'32.39""N, 106°40'15.28""E",FIX,
13:33:48.852,1786257228.853,PATH_FOLLOWING,7.581,-3.102,-2.605,-0.56,0.250,0.001,0.000,0.000,0.000,0.000,3.16,10.77566257,106.67091181,10.51,"10°46'32.39""N, 106°40'15.28""E",FIX,
13:33:48.941,1786257228.941,PATH_FOLLOWING,7.564,-3.112,-2.605,-0.56,0.250,0.001,0.000,0.000,0.000,0.000,3.16,10.77566257,106.67091181,10.51,"10°46'32.39""N, 106°40'15.28""E",FIX,
13:33:49.015,1786257229.016,PATH_FOLLOWING,7.551,-3.120,-2.605,-0.56,0.250,0.001,0.000,0.000,0.000,0.000,3.16,10.77566262,106.67091171,10.51,"10°46'32.39""N, 106°40'15.28""E",FIX,
13:33:49.097,1786257229.097,PATH_FOLLOWING,7.538,-3.127,-2.605,-0.56,0.250,0.000,0.000,0.000,0.000,0.000,3.16,10.77566262,106.67091171,10.51,"10°46'32.39""N, 106°40'15.28""E",FIX,
13:33:49.185,1786257229.185,PATH_FOLLOWING,7.525,-3.135,-2.605,-0.56,0.250,0.000,0.000,0.000,0.000,0.000,3.16,10.77566262,106.67091171,10.51,"10°46'32.39""N, 106°40'15.28""E",FIX,
13:33:49.255,1786257229.256,PATH_FOLLOWING,7.512,-3.143,-2.604,-0.56,0.250,0.000,0.000,0.000,0.000,0.000,3.16,10.77566266,106.67091162,10.51,"10°46'32.39""N, 106°40'15.28""E",FIX,
13:33:49.346,1786257229.347,PATH_FOLLOWING,7.495,-3.153,-2.604,-0.56,0.250,0.000,0.000,0.000,0.000,0.000,3.16,10.77566266,106.67091162,10.51,"10°46'32.39""N, 106°40'15.28""E",FIX,
13:33:49.432,1786257229.433,PATH_FOLLOWING,7.478,-3.163,-2.604,-0.56,0.205,-1.500,0.000,0.000,0.000,0.000,3.16,10.77566266,106.67091162,10.51,"10°46'32.39""N, 106°40'15.28""E",FIX,
13:33:49.499,1786257229.499,PATH_FOLLOWING,7.470,-3.168,-2.646,-0.56,0.212,-1.399,0.000,0.000,0.000,0.000,3.16,10.77566269,106.67091155,10.51,"10°46'32.39""N, 106°40'15.28""E",FIX,
13:33:49.585,1786257229.585,PATH_FOLLOWING,7.455,-3.175,-2.761,-0.56,0.230,-1.008,0.000,0.000,0.000,0.000,3.16,10.77566269,106.67091155,10.51,"10°46'32.39""N, 106°40'15.28""E",FIX,
13:33:49.669,1786257229.670,PATH_FOLLOWING,7.438,-3.181,-2.849,-0.56,0.240,-0.711,0.000,0.000,0.000,0.000,3.16,10.77566269,106.67091155,10.51,"10°46'32.39""N, 106°40'15.28""E",FIX,
13:33:49.745,1786257229.745,PATH_FOLLOWING,7.424,-3.184,-2.895,-0.56,0.244,-0.553,0.000,0.000,0.000,0.000,3.16,10.77566275,106.67091152,10.51,"10°46'32.39""N, 106°40'15.28""E",FIX,
13:33:49.829,1786257229.829,PATH_FOLLOWING,7.410,-3.188,-2.931,-0.56,0.246,-0.433,0.000,0.000,0.000,0.000,3.16,10.77566275,106.67091152,10.51,"10°46'32.39""N, 106°40'15.28""E",FIX,
13:33:49.898,1786257229.899,PATH_FOLLOWING,7.396,-3.190,-2.959,-0.56,0.248,-0.337,0.000,0.000,0.000,0.000,3.16,10.77566275,106.67091152,10.51,"10°46'32.39""N, 106°40'15.28""E",FIX,
13:33:49.986,1786257229.986,PATH_FOLLOWING,7.376,-3.194,-2.988,-0.56,0.249,-0.238,0.000,0.000,0.000,0.000,3.16,10.77566274,106.67091152,10.51,"10°46'32.39""N, 106°40'15.28""E",FIX,
13:33:50.051,1786257230.052,PATH_FOLLOWING,7.361,-3.196,-3.004,-0.56,0.249,-0.184,0.000,0.000,0.000,0.000,3.16,10.77566274,106.67091152,10.51,"10°46'32.39""N, 106°40'15.28""E",FIX,
13:33:50.139,1786257230.139,PATH_FOLLOWING,7.342,-3.198,-3.020,-0.56,0.250,-0.132,0.000,0.000,0.000,0.000,3.16,10.77566274,106.67091152,10.51,"10°46'32.39""N, 106°40'15.28""E",FIX,
13:33:50.202,1786257230.203,PATH_FOLLOWING,7.332,-3.200,-3.025,-0.56,0.250,-0.113,0.000,0.000,0.000,0.000,3.16,10.77566270,106.67091152,10.51,"10°46'32.39""N, 106°40'15.28""E",FIX,
13:33:50.292,1786257230.293,PATH_FOLLOWING,7.312,-3.202,-3.035,-0.56,0.250,-0.081,0.000,0.000,0.000,0.000,3.16,10.77566270,106.67091152,10.51,"10°46'32.39""N, 106°40'15.28""E",FIX,
13:33:50.357,1786257230.357,PATH_FOLLOWING,7.297,-3.203,-3.040,-0.56,0.250,-0.062,0.000,0.000,0.000,0.000,3.16,10.77566270,106.67091152,10.51,"10°46'32.39""N, 106°40'15.28""E",FIX,
13:33:50.436,1786257230.437,PATH_FOLLOWING,7.282,-3.205,-3.044,-0.56,0.250,-0.049,0.000,0.000,0.000,0.000,3.16,10.77566268,106.67091149,10.51,"10°46'32.39""N, 106°40'15.28""E",FIX,
13:33:50.508,1786257230.508,PATH_FOLLOWING,7.267,-3.206,-3.048,-0.56,0.250,-0.038,0.000,0.000,0.000,0.000,3.16,10.77566268,106.67091149,10.51,"10°46'32.39""N, 106°40'15.28""E",FIX,
13:33:50.599,1786257230.600,PATH_FOLLOWING,7.247,-3.208,-3.051,-0.56,0.250,-0.026,0.000,0.000,0.000,0.000,3.16,10.77566268,106.67091149,10.51,"10°46'32.39""N, 106°40'15.28""E",FIX,
13:33:50.675,1786257230.675,PATH_FOLLOWING,7.232,-3.210,-3.053,-0.56,0.250,-0.020,0.000,0.000,0.000,0.000,3.16,10.77566273,106.67091140,10.51,"10°46'32.39""N, 106°40'15.28""E",FIX,
13:33:50.773,1786257230.774,PATH_FOLLOWING,7.212,-3.211,-3.055,-0.56,0.250,-0.014,0.000,0.000,0.000,0.000,3.16,10.77566273,106.67091140,10.51,"10°46'32.39""N, 106°40'15.28""E",FIX,
13:33:50.878,1786257230.878,PATH_FOLLOWING,7.192,-3.213,-3.056,-0.56,0.250,-0.010,0.000,0.000,0.000,0.000,3.16,10.77566273,106.67091140,10.51,"10°46'32.39""N, 106°40'15.28""E",FIX,
13:33:50.959,1786257230.960,PATH_FOLLOWING,7.178,-3.214,-3.056,-0.56,0.250,-0.008,0.000,0.000,0.000,0.000,3.16,10.77566278,106.67091129,10.51,"10°46'32.39""N, 106°40'15.28""E",FIX,
13:33:51.036,1786257231.036,PATH_FOLLOWING,7.163,-3.216,-3.057,-0.56,0.250,-0.006,0.000,0.000,0.000,0.000,3.16,10.77566278,106.67091129,10.51,"10°46'32.39""N, 106°40'15.28""E",FIX,
13:33:51.112,1786257231.112,PATH_FOLLOWING,7.153,-3.216,-3.057,-0.56,0.250,-0.005,0.000,0.000,0.000,0.000,3.16,10.77566278,106.67091129,10.51,"10°46'32.39""N, 106°40'15.28""E",FIX,
13:33:51.190,1786257231.191,PATH_FOLLOWING,7.133,-3.218,-3.058,-0.56,0.250,-0.004,0.000,0.000,0.000,0.000,3.16,10.77566282,106.67091121,10.51,"10°46'32.39""N, 106°40'15.28""E",FIX,
13:33:51.268,1786257231.269,PATH_FOLLOWING,7.118,-3.219,-3.058,-0.56,0.250,-0.003,0.000,0.000,0.000,0.000,3.16,10.77566282,106.67091121,10.51,"10°46'32.39""N, 106°40'15.28""E",FIX,
13:33:51.332,1786257231.333,PATH_FOLLOWING,7.103,-3.221,-3.058,-0.56,0.250,-0.002,0.000,0.000,0.000,0.000,3.16,10.77566282,106.67091121,10.51,"10°46'32.39""N, 106°40'15.28""E",FIX,
13:33:51.407,1786257231.407,PATH_FOLLOWING,7.088,-3.222,-3.058,-0.56,0.250,-0.002,0.000,0.000,0.000,0.000,3.16,10.77566281,106.67091116,10.51,"10°46'32.39""N, 106°40'15.28""E",FIX,
13:33:51.475,1786257231.476,PATH_FOLLOWING,7.068,-3.224,-3.058,-0.56,0.250,-0.001,0.000,0.000,0.000,0.000,3.16,10.77566281,106.67091116,10.51,"10°46'32.39""N, 106°40'15.28""E",FIX,
13:33:51.565,1786257231.566,PATH_FOLLOWING,7.048,-3.225,-3.059,-0.56,0.250,-0.001,0.000,0.000,0.000,0.000,3.16,10.77566281,106.67091116,10.51,"10°46'32.39""N, 106°40'15.28""E",FIX,
13:33:51.643,1786257231.644,PATH_FOLLOWING,7.033,-3.226,-3.059,-0.56,0.250,-0.001,0.000,0.000,0.000,0.000,3.16,10.77566281,106.67091110,10.51,"10°46'32.39""N, 106°40'15.28""E",FIX,
13:33:51.716,1786257231.717,PATH_FOLLOWING,7.018,-3.228,-3.059,-0.56,0.250,-0.001,0.000,0.000,0.000,0.000,3.16,10.77566281,106.67091110,10.51,"10°46'32.39""N, 106°40'15.28""E",FIX,
13:33:51.781,1786257231.781,PATH_FOLLOWING,7.003,-3.229,-3.059,-0.56,0.250,-0.000,0.000,0.000,0.000,0.000,3.16,10.77566281,106.67091110,10.51,"10°46'32.39""N, 106°40'15.28""E",FIX,
13:33:51.855,1786257231.855,PATH_FOLLOWING,6.988,-3.230,-3.059,-0.56,0.250,-0.000,0.000,0.000,0.000,0.000,3.16,10.77566282,106.67091101,10.51,"10°46'32.39""N, 106°40'15.28""E",FIX,
