Time,Unix_Timestamp,FSM_State,Pos_X_m,Pos_Y_m,Yaw_rad,Steer_Angle_deg,Linear_Vel_mps,Angular_Vel_radps,IMU_Yaw_rad,IMU_Angular_Vel_z,IMU_Accel_x,Confidence,Dist_Traveled_m,GPS_Latitude,GPS_Longitude,GPS_Altitude_m,GPS_DMS,GPS_Status,Event
13:39:23.852,1786257563.852,TRACKING,0.000,0.000,0.000,0.00,0.450,-0.000,0.000,0.000,0.000,0.000,0.00,10.77567062,106.67087529,10.51,"10°46'32.41""N, 106°40'15.15""E",FIX,
13:39:23.877,1786257563.877,TRACKING,0.000,0.000,0.000,0.00,0.450,-0.000,0.000,0.000,0.000,0.000,0.00,10.77567062,106.67087529,10.51,"10°46'32.41""N, 106°40'15.15""E",FIX,
13:39:23.903,1786257563.904,TRACKING,-0.000,0.000,-0.000,0.00,0.450,-0.000,0.000,0.000,0.000,0.000,0.00,10.77567062,106.67087529,10.51,"10°46'32.41""N, 106°40'15.15""E",FIX,
13:39:23.949,1786257563.950,TRACKING,0.021,-0.000,-0.000,0.00,0.450,-0.000,0.000,0.000,0.000,0.000,0.02,10.77567062,106.67087529,10.51,"10°46'32.41""N, 106°40'15.15""E",FIX,
13:39:24.067,1786257564.068,TRACKING,0.048,-0.000,-0.000,0.00,0.450,-0.000,0.000,0.000,0.000,0.000,0.05,10.77567062,106.67087547,10.51,"10°46'32.41""N, 106°40'15.15""E",FIX,
13:39:24.152,1786257564.152,TRACKING,0.084,-0.000,-0.000,0.00,0.450,-0.000,0.000,0.000,0.000,0.000,0.08,10.77567062,106.67087547,10.51,"10°46'32.41""N, 106°40'15.15""E",FIX,
13:39:24.231,1786257564.232,TRACKING,0.111,-0.000,-0.000,0.00,0.450,-0.000,0.000,0.000,0.000,0.000,0.11,10.77567062,106.67087547,10.51,"10°46'32.41""N, 106°40'15.15""E",FIX,
13:39:24.326,1786257564.327,TRACKING,0.138,-0.000,-0.000,0.00,0.450,-0.000,0.000,0.000,0.000,0.000,0.14,10.77567062,106.67087588,10.51,"10°46'32.41""N, 106°40'15.15""E",FIX,
13:39:24.459,1786257564.459,TRACKING,0.174,-0.000,-0.000,0.00,0.450,-0.000,0.000,0.000,0.000,0.000,0.17,10.77567062,106.67087588,10.51,"10°46'32.41""N, 106°40'15.15""E",FIX,
13:39:24.535,1786257564.535,TRACKING,0.210,-0.000,-0.000,0.00,0.450,-0.000,0.000,0.000,0.000,0.000,0.21,10.77567062,106.67087588,10.51,"10°46'32.41""N, 106°40'15.15""E",FIX,
13:39:24.612,1786257564.613,TRACKING,0.228,-0.000,-0.000,0.00,0.450,-0.000,0.000,0.000,0.000,0.000,0.23,10.77567062,106.67087630,10.51,"10°46'32.41""N, 106°40'15.15""E",FIX,
13:39:24.706,1786257564.707,TRACKING,0.264,-0.000,0.000,0.00,0.450,-0.000,0.000,0.000,0.000,0.000,0.26,10.77567062,106.67087630,10.51,"10°46'32.41""N, 106°40'15.15""E",FIX,
13:39:24.800,1786257564.800,TRACKING,0.291,0.000,0.000,0.00,0.450,-0.000,0.000,0.000,0.000,0.062,0.29,10.77567062,106.67087630,10.51,"10°46'32.41""N, 106°40'15.15""E",FIX,
13:39:24.881,1786257564.881,TRACKING,0.318,0.000,0.000,0.00,0.450,-0.000,0.000,0.000,0.000,0.104,0.32,10.77567062,106.67087671,10.51,"10°46'32.41""N, 106°40'15.16""E",FIX,
13:39:25.008,1786257565.009,TRACKING,0.354,0.000,0.000,0.00,0.450,-0.000,0.000,0.000,0.000,0.167,0.35,10.77567062,106.67087671,10.51,"10°46'32.41""N, 106°40'15.16""E",FIX,
13:39:25.092,1786257565.092,TRACKING,0.381,0.000,0.000,0.00,0.450,-0.000,0.000,0.000,0.000,0.208,0.38,10.77567062,106.67087671,10.51,"10°46'32.41""N, 106°40'15.16""E",FIX,
13:39:25.226,1786257565.226,TRACKING,0.408,0.000,0.000,0.00,0.450,-0.000,0.000,0.000,0.000,0.271,0.41,10.77567062,106.67087712,10.51,"10°46'32.41""N, 106°40'15.16""E",FIX,
13:39:25.326,1786257565.327,TRACKING,0.444,0.000,-0.000,0.00,0.450,-0.000,0.000,0.000,0.000,0.333,0.44,10.77567062,106.67087712,10.51,"10°46'32.41""N, 106°40'15.16""E",FIX,
13:39:25.429,1786257565.429,TRACKING,0.471,0.000,-0.000,-0.01,0.450,0.017,0.000,0.000,0.000,0.396,0.47,10.77567062,106.67087712,10.51,"10°46'32.41""N, 106°40'15.16""E",FIX,
13:39:25.533,1786257565.534,TRACKING,0.498,0.000,0.001,-0.01,0.450,-0.005,0.000,0.000,0.000,0.437,0.50,10.77567062,106.67087753,10.51,"10°46'32.41""N, 106°40'15.16""E",FIX,
13:39:25.617,1786257565.618,TRACKING,0.534,0.000,0.001,-0.00,0.450,-0.002,0.000,0.000,0.000,0.500,0.53,10.77567062,106.67087753,10.51,"10°46'32.41""N, 106°40'15.16""E",FIX,
13:39:25.678,1786257565.678,TRACKING,0.561,0.000,0.001,-0.00,0.450,-0.002,0.000,0.000,0.000,0.583,0.56,10.77567062,106.67087753,10.51,"10°46'32.41""N, 106°40'15.16""E",FIX,
13:39:25.751,1786257565.751,TRACKING,0.588,0.000,0.001,-0.00,0.450,-0.001,0.000,0.000,0.000,0.646,0.59,10.77567062,106.67087794,10.51,"10°46'32.41""N, 106°40'15.16""E",FIX,
13:39:25.854,1786257565.854,TRACKING,0.624,0.000,0.000,-0.00,0.450,-0.000,0.000,0.000,0.000,0.708,0.62,10.77567062,106.67087794,10.51,"10°46'32.41""N, 106°40'15.16""E",FIX,
13:39:25.936,1786257565.937,TRACKING,0.651,0.000,0.000,-0.00,0.450,-0.000,0.000,0.000,0.000,0.771,0.65,10.77567062,106.67087794,10.51,"10°46'32.41""N, 106°40'15.16""E",FIX,
13:39:26.011,1786257566.012,TRACKING,0.678,0.000,0.000,-0.00,0.450,-0.000,0.000,0.000,0.000,0.854,0.68,10.77567062,106.67087835,10.51,"10°46'32.41""N, 106°40'15.16""E",FIX,
13:39:26.120,1786257566.120,TRACKING,0.705,0.000,0.000,-0.00,0.450,-0.000,0.000,0.000,0.000,0.917,0.70,10.77567062,106.67087835,10.51,"10°46'32.41""N, 106°40'15.16""E",FIX,
13:39:26.175,1786257566.175,TRACKING,0.732,0.000,0.000,-0.00,0.450,-0.000,0.000,0.000,0.000,1.000,0.73,10.77567062,106.67087835,10.51,"10°46'32.41""N, 106°40'15.16""E",FIX,
13:39:26.266,1786257566.266,TRACKING,0.768,0.000,0.000,-0.00,0.450,-0.000,0.000,0.000,0.000,1.000,0.77,10.77567062,106.67087876,10.51,"10°46'32.41""N, 106°40'15.16""E",FIX,
13:39:26.376,1786257566.377,TRACKING,0.804,0.000,0.000,-0.00,0.450,-0.000,0.000,0.000,0.000,1.000,0.80,10.77567062,106.67087876,10.51,"10°46'32.41""N, 106°40'15.16""E",FIX,
13:39:26.473,1786257566.473,TRACKING,0.831,0.000,0.000,-0.00,0.450,-0.000,0.000,0.000,0.000,1.000,0.83,10.77567062,106.67087876,10.51,"10°46'32.41""N, 106°40'15.16""E",FIX,
13:39:26.548,1786257566.549,TRACKING,0.849,0.000,0.000,-0.00,0.450,-0.000,0.000,0.000,0.000,1.000,0.85,10.77567062,106.67087876,10.51,"10°46'32.41""N, 106°40'15.16""E",FIX,
13:39:26.698,1786257566.699,TRACKING,0.885,0.000,0.000,-0.00,0.450,-0.000,0.000,0.000,0.000,1.000,0.88,10.77567062,106.67087918,10.51,"10°46'32.41""N, 106°40'15.17""E",FIX,
13:39:26.841,1786257566.841,TRACKING,0.921,0.000,0.000,-0.00,0.450,-0.000,0.000,0.000,0.000,1.000,0.92,10.77567062,106.67087918,10.51,"10°46'32.41""N, 106°40'15.17""E",FIX,
13:39:26.908,1786257566.908,TRACKING,0.948,0.000,0.000,-0.00,0.450,-0.000,0.000,0.000,0.000,1.000,0.95,10.77567062,106.67087959,10.51,"10°46'32.41""N, 106°40'15.17""E",FIX,
13:39:26.994,1786257566.994,TRACKING,0.966,0.000,0.000,-0.00,0.450,-0.000,0.000,0.000,0.000,1.000,0.97,10.77567062,106.67087959,10.51,"10°46'32.41""N, 106°40'15.17""E",FIX,
13:39:27.098,1786257567.098,TRACKING,0.993,0.000,0.000,-0.00,0.450,-0.000,0.000,0.000,0.000,1.000,0.99,10.77567062,106.67087959,10.51,"10°46'32.41""N, 106°40'15.17""E",FIX,
13:39:27.191,1786257567.191,TRACKING,1.029,0.000,0.000,-0.00,0.450,-0.000,0.000,0.000,0.000,1.000,1.03,10.77567062,106.67087959,10.51,"10°46'32.41""N, 106°40'15.17""E",FIX,
13:39:27.284,1786257567.285,TRACKING,1.065,0.000,0.000,-0.00,0.450,-0.000,0.000,0.000,0.000,1.000,1.06,10.77567062,106.67088000,10.51,"10°46'32.41""N, 106°40'15.17""E",FIX,
13:39:27.370,1786257567.370,TRACKING,1.092,0.000,0.000,-0.00,0.450,-0.000,0.000,0.000,0.000,1.000,1.09,10.77567062,106.67088000,10.51,"10°46'32.41""N, 106°40'15.17""E",FIX,
13:39:27.456,1786257567.456,TRACKING,1.128,0.000,0.000,-0.00,0.450,-0.000,0.000,0.000,0.000,1.000,1.13,10.77567062,106.67088041,10.51,"10°46'32.41""N, 106°40'15.17""E",FIX,
13:39:27.552,1786257567.553,TRACKING,1.155,0.000,0.000,0.01,0.450,-0.016,0.000,0.000,0.000,1.000,1.15,10.77567062,106.67088041,10.51,"10°46'32.41""N, 106°40'15.17""E",FIX,
13:39:27.621,1786257567.622,TRACKING,1.182,0.000,-0.000,0.02,0.450,-0.012,0.000,0.000,0.000,1.000,1.18,10.77567062,106.67088041,10.51,"10°46'32.41""N, 106°40'15.17""E",FIX,
13:39:27.720,1786257567.720,TRACKING,1.218,0.000,-0.001,0.01,0.450,0.008,0.000,0.000,0.000,1.000,1.22,10.77567062,106.67088082,10.51,"10°46'32.41""N, 106°40'15.17""E",FIX,
13:39:27.813,1786257567.813,TRACKING,1.245,0.000,-0.001,0.01,0.450,0.005,0.000,0.000,0.000,1.000,1.24,10.77567062,106.67088082,10.51,"10°46'32.41""N, 106°40'15.17""E",FIX,
13:39:27.923,1786257567.923,TRACKING,1.272,0.000,-0.001,0.01,0.450,-0.015,0.000,0.000,0.000,1.000,1.27,10.77567062,106.67088082,10.51,"10°46'32.41""N, 106°40'15.17""E",FIX,
13:39:28.033,1786257568.033,TRACKING,1.299,0.000,-0.001,0.02,0.450,-0.009,0.000,0.000,0.000,1.000,1.30,10.77567062,106.67088082,10.51,"10°46'32.41""N, 106°40'15.17""E",FIX,
13:39:28.118,1786257568.118,TRACKING,1.326,0.000,-0.002,0.01,0.450,0.011,0.000,0.000,0.000,1.000,1.33,10.77567062,106.67088123,10.51,"10°46'32.41""N, 106°40'15.17""E",FIX,
13:39:28.192,1786257568.192,TRACKING,1.362,0.000,-0.002,-0.01,0.450,0.022,0.000,0.000,0.000,0.604,1.36,10.77567062,106.67088123,10.51,"10°46'32.41""N, 106°40'15.17""E",FIX,
13:39:28.290,1786257568.290,TRACKING,1.389,0.000,-0.001,-0.01,0.450,0.014,0.000,0.000,0.000,0.667,1.39,10.77567062,106.67088123,10.51,"10°46'32.41""N, 106°40'15.17""E",FIX,
13:39:28.398,1786257568.399,TRACKING,1.416,0.000,0.000,-0.02,0.450,0.009,0.000,0.000,0.000,0.750,1.42,10.77567062,106.67088164,10.51,"10°46'32.41""N, 106°40'15.17""E",FIX,
13:39:28.495,1786257568.495,TRACKING,1.443,0.000,0.001,-0.02,0.450,0.007,0.000,0.000,0.000,0.812,1.44,10.77567062,106.67088164,10.51,"10°46'32.41""N, 106°40'15.17""E",FIX,
13:39:28.602,1786257568.602,TRACKING,1.488,0.000,0.002,-0.01,0.450,-0.008,0.000,0.000,0.000,0.896,1.49,10.77567062,106.67088206,10.51,"10°46'32.41""N, 106°40'15.18""E",FIX,
13:39:28.669,1786257568.669,TRACKING,1.506,0.000,0.002,-0.01,0.450,-0.009,0.000,0.000,0.000,0.958,1.51,10.77567062,106.67088206,10.51,"10°46'32.41""N, 106°40'15.18""E",FIX,
13:39:28.779,1786257568.780,TRACKING,1.542,0.000,0.001,-0.02,0.450,0.012,0.000,0.000,0.000,1.000,1.54,10.77567062,106.67088206,10.51,"10°46'32.41""N, 106°40'15.18""E",FIX,
13:39:28.881,1786257568.881,TRACKING,1.569,0.000,0.001,-0.02,0.450,0.010,0.000,0.000,0.000,1.000,1.57,10.77567062,106.67088206,10.51,"10°46'32.41""N, 106°40'15.18""E",FIX,
13:39:28.971,1786257568.971,TRACKING,1.596,0.000,0.002,-0.01,0.450,-0.009,0.000,0.000,0.000,1.000,1.60,10.77567062,106.67088247,10.51,"10°46'32.41""N, 106°40'15.18""E",FIX,
13:39:29.093,1786257569.094,TRACKING,1.623,0.000,0.002,-0.01,0.450,-0.005,0.000,0.000,0.000,1.000,1.62,10.77567062,106.67088247,10.51,"10°46'32.41""N, 106°40'15.18""E",FIX,
13:39:29.161,1786257569.161,TRACKING,1.650,0.000,0.001,-0.02,0.450,0.014,0.000,0.000,0.000,1.000,1.65,10.77567062,106.67088247,10.51,"10°46'32.41""N, 106°40'15.18""E",FIX,
13:39:29.238,1786257569.238,TRACKING,1.686,0.000,0.002,-0.02,0.450,0.008,0.000,0.000,0.000,1.000,1.69,10.77567062,106.67088288,10.51,"10°46'32.41""N, 106°40'15.18""E",FIX,
13:39:29.317,1786257569.318,TRACKING,1.713,0.001,0.002,-0.01,0.450,-0.013,0.000,0.000,0.000,1.000,1.71,10.77567062,106.67088288,10.51,"10°46'32.41""N, 106°40'15.18""E",FIX,
13:39:29.452,1786257569.453,TRACKING,1.740,0.001,0.002,-0.01,0.450,0.003,0.000,0.000,0.000,1.000,1.74,10.77567062,106.67088288,10.51,"10°46'32.41""N, 106°40'15.18""E",FIX,
13:39:29.537,1786257569.537,TRACKING,1.776,0.001,0.002,-0.02,0.450,0.010,0.000,0.000,0.000,1.000,1.78,10.77567062,106.67088329,10.51,"10°46'32.41""N, 106°40'15.18""E",FIX,
13:39:29.612,1786257569.612,TRACKING,1.803,0.001,0.002,-0.02,0.450,0.009,0.000,0.000,0.000,1.000,1.80,10.77567062,106.67088329,10.51,"10°46'32.41""N, 106°40'15.18""E",FIX,
13:39:29.719,1786257569.720,TRACKING,1.839,0.001,0.003,-0.01,0.450,-0.007,0.000,0.000,0.000,1.000,1.84,10.77567062,106.67088329,10.51,"10°46'32.41""N, 106°40'15.18""E",FIX,
13:39:29.792,1786257569.793,TRACKING,1.866,0.001,0.003,-0.01,0.450,-0.008,0.000,0.000,0.000,1.000,1.87,10.77567062,106.67088370,10.51,"10°46'32.41""N, 106°40'15.18""E",FIX,
13:39:29.879,1786257569.879,TRACKING,1.893,0.001,0.002,-0.02,0.450,0.014,0.000,0.000,0.000,1.000,1.89,10.77567062,106.67088370,10.51,"10°46'32.41""N, 106°40'15.18""E",FIX,
13:39:29.977,1786257569.977,TRACKING,1.929,0.001,0.003,-0.02,0.450,0.009,0.000,0.000,0.000,1.000,1.93,10.77567062,106.67088370,10.51,"10°46'32.41""N, 106°40'15.18""E",FIX,
13:39:30.054,1786257570.055,TRACKING,1.956,0.001,0.004,-0.01,0.450,-0.010,0.000,0.000,0.000,1.000,1.96,10.77567062,106.67088411,10.51,"10°46'32.41""N, 106°40'15.18""E",FIX,
13:39:30.158,1786257570.159,TRACKING,1.983,0.001,0.003,-0.01,0.450,-0.005,0.000,0.000,0.000,1.000,1.98,10.77567062,106.67088411,10.51,"10°46'32.41""N, 106°40'15.18""E",FIX,
13:39:30.265,1786257570.265,TRACKING,2.010,0.001,0.003,-0.02,0.450,0.015,0.000,0.000,0.000,1.000,2.01,10.77567062,106.67088411,10.51,"10°46'32.41""N, 106°40'15.18""E",FIX,
13:39:30.380,1786257570.381,TRACKING,2.046,0.001,0.004,0.00,0.450,-0.021,0.000,0.000,0.000,1.000,2.05,10.77567062,106.67088452,10.51,"10°46'32.41""N, 106°40'15.18""E",FIX,
13:39:30.479,1786257570.479,TRACKING,2.073,0.002,0.003,0.03,0.450,-0.030,0.000,0.000,0.000,1.000,2.07,10.77567062,106.67088452,10.51,"10°46'32.41""N, 106°40'15.18""E",FIX,
13:39:30.569,1786257570.570,TRACKING,2.109,0.002,0.001,0.04,0.450,-0.020,0.000,0.000,0.000,1.000,2.11,10.77567062,106.67088452,10.51,"10°46'32.41""N, 106°40'15.18""E",FIX,
13:39:30.661,1786257570.661,TRACKING,2.127,0.002,0.000,0.04,0.450,-0.017,0.000,0.000,0.000,0.583,2.13,10.77567062,106.67088494,10.51,"10°46'32.41""N, 106°40'15.19""E",FIX,
13:39:30.757,1786257570.757,TRACKING,2.163,0.002,-0.001,0.05,0.450,-0.012,0.000,0.000,0.000,0.646,2.16,10.77567062,106.67088494,10.51,"10°46'32.41""N, 106°40'15.19""E",FIX,
13:39:30.850,1786257570.850,TRACKING,2.199,0.002,-0.003,0.04,0.450,0.004,0.000,0.000,0.000,0.708,2.20,10.77567062,106.67088494,10.51,"10°46'32.41""N, 106°40'15.19""E",FIX,
13:39:30.935,1786257570.935,TRACKING,2.217,0.001,-0.003,0.03,0.450,0.003,0.000,0.000,0.000,0.771,2.22,10.77567062,106.67088535,10.51,"10°46'32.41""N, 106°40'15.19""E",FIX,
13:39:31.021,1786257571.022,TRACKING,2.253,0.001,-0.002,0.03,0.450,-0.002,0.000,0.000,0.000,0.854,2.25,10.77567062,106.67088535,10.51,"10°46'32.41""N, 106°40'15.19""E",FIX,
13:39:31.096,1786257571.097,TRACKING,2.280,0.001,-0.002,0.04,0.450,-0.020,0.000,0.000,0.000,0.917,2.28,10.77567062,106.67088535,10.51,"10°46'32.41""N, 106°40'15.19""E",FIX,
13:39:31.190,1786257571.191,TRACKING,2.316,0.001,-0.003,0.03,0.450,0.002,0.000,0.000,0.000,1.000,2.32,10.77567062,106.67088576,10.51,"10°46'32.41""N, 106°40'15.19""E",FIX,
13:39:31.275,1786257571.276,TRACKING,2.343,0.001,-0.004,0.03,0.450,-0.001,0.000,0.000,0.000,1.000,2.34,10.77567062,106.67088576,10.51,"10°46'32.41""N, 106°40'15.19""E",FIX,
13:39:31.365,1786257571.366,TRACKING,2.370,0.001,-0.004,0.03,0.450,-0.002,0.000,0.000,0.000,1.000,2.37,10.77567062,106.67088576,10.51,"10°46'32.41""N, 106°40'15.19""E",FIX,
13:39:31.437,1786257571.437,TRACKING,2.397,0.001,-0.004,0.03,0.450,-0.003,0.000,0.000,0.000,1.000,2.40,10.77567062,106.67088617,10.51,"10°46'32.41""N, 106°40'15.19""E",FIX,
13:39:31.542,1786257571.542,TRACKING,2.433,0.001,-0.004,0.03,0.450,-0.004,0.000,0.000,0.000,1.000,2.43,10.77567062,106.67088617,10.51,"10°46'32.41""N, 106°40'15.19""E",FIX,
13:39:31.626,1786257571.626,TRACKING,2.460,0.001,-0.004,0.03,0.450,-0.004,0.000,0.000,0.000,1.000,2.46,10.77567062,106.67088617,10.51,"10°46'32.41""N, 106°40'15.19""E",FIX,
13:39:31.698,1786257571.699,TRACKING,2.487,0.001,-0.004,0.03,0.450,-0.004,0.000,0.000,0.000,1.000,2.49,10.77567062,106.67088658,10.51,"10°46'32.41""N, 106°40'15.19""E",FIX,
13:39:31.828,1786257571.828,TRACKING,2.514,0.000,-0.005,0.03,0.450,-0.004,0.000,0.000,0.000,1.000,2.51,10.77567062,106.67088658,10.51,"10°46'32.41""N, 106°40'15.19""E",FIX,
13:39:31.921,1786257571.921,TRACKING,2.550,0.000,-0.005,0.01,0.450,0.011,0.000,0.000,0.000,1.000,2.55,10.77567062,106.67088658,10.51,"10°46'32.41""N, 106°40'15.19""E",FIX,
13:39:32.009,1786257572.010,TRACKING,2.577,0.000,-0.005,0.02,0.450,-0.011,0.000,0.000,0.000,1.000,2.58,10.77567062,106.67088699,10.51,"10°46'32.41""N, 106°40'15.19""E",FIX,
13:39:32.132,1786257572.132,TRACKING,2.604,0.000,-0.005,0.01,0.450,0.009,0.000,0.000,0.000,1.000,2.60,10.77567062,106.67088699,10.51,"10°46'32.41""N, 106°40'15.19""E",FIX,
13:39:32.224,1786257572.224,TRACKING,2.640,-0.000,-0.005,0.01,0.450,0.004,0.000,0.000,0.000,1.000,2.64,10.77567062,106.67088699,10.51,"10°46'32.41""N, 106°40'15.19""E",FIX,
13:39:32.302,1786257572.302,TRACKING,2.667,-0.000,-0.004,0.02,0.450,-0.014,0.000,0.000,0.000,1.000,2.67,10.77567062,106.67088740,10.51,"10°46'32.41""N, 106°40'15.19""E",FIX,
13:39:32.417,1786257572.418,TRACKING,2.694,-0.000,-0.004,0.01,0.450,0.008,0.000,0.000,0.000,1.000,2.69,10.77567062,106.67088740,10.51,"10°46'32.41""N, 106°40'15.19""E",FIX,
13:39:32.477,1786257572.477,TRACKING,2.721,-0.001,-0.005,0.00,0.450,0.005,0.000,0.000,0.000,1.000,2.72,10.77567062,106.67088740,10.51,"10°46'32.41""N, 106°40'15.19""E",FIX,
13:39:32.657,1786257572.657,TRACKING,2.766,-0.001,-0.004,0.00,0.450,0.001,0.000,0.000,0.000,1.000,2.77,10.77567062,106.67088782,10.51,"10°46'32.41""N, 106°40'15.20""E",FIX,
13:39:32.767,1786257572.768,TRACKING,2.793,-0.001,-0.004,0.00,0.450,0.001,0.000,0.000,0.000,1.000,2.79,10.77567062,106.67088782,10.51,"10°46'32.41""N, 106°40'15.20""E",FIX,
13:39:32.852,1786257572.853,TRACKING,2.820,-0.001,-0.004,0.00,0.450,0.001,0.000,0.000,0.000,1.000,2.82,10.77567062,106.67088782,10.51,"10°46'32.41""N, 106°40'15.20""E",FIX,
13:39:32.915,1786257572.916,TRACKING,2.847,-0.001,-0.004,0.00,0.450,0.001,0.000,0.000,0.000,1.000,2.85,10.77567062,106.67088823,10.51,"10°46'32.41""N, 106°40'15.20""E",FIX,
13:39:33.019,1786257573.020,TRACKING,2.874,-0.001,-0.004,0.00,0.450,0.000,0.000,0.000,0.000,1.000,2.87,10.77567062,106.67088823,10.51,"10°46'32.41""N, 106°40'15.20""E",FIX,
13:39:33.134,1786257573.135,TRACKING,2.910,-0.001,-0.004,0.00,0.450,0.000,0.000,0.000,0.000,0.875,2.91,10.77567062,106.67088823,10.51,"10°46'32.41""N, 106°40'15.20""E",FIX,
13:39:33.245,1786257573.245,TRACKING,2.937,-0.001,-0.004,-0.01,0.450,0.016,0.000,0.000,0.000,0.521,2.94,10.77567062,106.67088864,10.51,"10°46'32.41""N, 106°40'15.20""E",FIX,
13:39:33.333,1786257573.333,TRACKING,2.964,-0.002,-0.003,-0.02,0.450,0.011,0.000,0.000,0.000,0.583,2.96,10.77567062,106.67088864,10.51,"10°46'32.41""N, 106°40'15.20""E",FIX,
13:39:33.415,1786257573.416,TRACKING,2.991,-0.002,-0.003,-0.01,0.450,-0.009,0.000,0.000,0.000,0.667,2.99,10.77567062,106.67088864,10.51,"10°46'32.41""N, 106°40'15.20""E",FIX,
13:39:33.521,1786257573.521,TRACKING,3.027,-0.002,-0.003,-0.01,0.450,-0.004,0.000,0.000,0.000,0.729,3.03,10.77567061,106.67088905,10.51,"10°46'32.41""N, 106°40'15.20""E",FIX,
13:39:33.588,1786257573.588,TRACKING,3.054,-0.002,-0.003,-0.00,0.450,-0.003,0.000,0.000,0.000,0.812,3.05,10.77567061,106.67088905,10.51,"10°46'32.41""N, 106°40'15.20""E",FIX,
13:39:33.678,1786257573.678,TRACKING,3.081,-0.002,-0.003,-0.00,0.450,-0.002,0.000,0.000,0.000,0.875,3.08,10.77567061,106.67088905,10.51,"10°46'32.41""N, 106°40'15.20""E",FIX,
13:39:33.778,1786257573.779,TRACKING,3.108,-0.002,-0.004,-0.01,0.450,0.015,0.000,0.000,0.000,0.937,3.11,10.77567061,106.67088946,10.51,"10°46'32.41""N, 106°40'15.20""E",FIX,
13:39:33.895,1786257573.896,TRACKING,3.144,-0.002,-0.003,-0.01,0.450,-0.006,0.000,0.000,0.000,1.000,3.14,10.77567061,106.67088946,10.51,"10°46'32.41""N, 106°40'15.20""E",FIX,
13:39:33.995,1786257573.996,TRACKING,3.171,-0.002,-0.003,-0.00,0.450,-0.003,0.000,0.000,0.000,1.000,3.17,10.77567061,106.67088946,10.51,"10°46'32.41""N, 106°40'15.20""E",FIX,
13:39:34.095,1786257574.096,TRACKING,3.198,-0.002,-0.003,-0.01,0.450,0.017,0.000,0.000,0.000,1.000,3.20,10.77567061,106.67088987,10.51,"10°46'32.41""N, 106°40'15.20""E",FIX,
13:39:34.193,1786257574.193,TRACKING,3.234,-0.002,-0.002,-0.01,0.450,-0.005,0.000,0.000,0.000,1.000,3.23,10.77567061,106.67088987,10.51,"10°46'32.41""N, 106°40'15.20""E",FIX,
13:39:34.287,1786257574.287,TRACKING,3.270,-0.002,-0.002,-0.00,0.450,-0.003,0.000,0.000,0.000,1.000,3.27,10.77567061,106.67088987,10.51,"10°46'32.41""N, 106°40'15.20""E",FIX,
13:39:34.354,1786257574.354,TRACKING,3.288,-0.002,-0.002,-0.00,0.450,-0.003,0.000,0.000,0.000,1.000,3.29,10.77567061,106.67089029,10.51,"10°46'32.41""N, 106°40'15.21""E",FIX,
13:39:34.464,1786257574.464,TRACKING,3.315,-0.003,-0.003,-0.01,0.450,0.016,0.000,0.000,0.000,1.000,3.31,10.77567061,106.67089029,10.51,"10°46'32.41""N, 106°40'15.21""E",FIX,
13:39:34.566,1786257574.566,TRACKING,3.351,-0.003,-0.002,-0.01,0.450,-0.005,0.000,0.000,0.000,1.000,3.35,10.77567061,106.67089029,10.51,"10°46'32.41""N, 106°40'15.21""E",FIX,
13:39:34.648,1786257574.648,TRACKING,3.378,-0.003,-0.002,-0.00,0.450,-0.004,0.000,0.000,0.000,1.000,3.38,10.77567061,106.67089070,10.51,"10°46'32.41""N, 106°40'15.21""E",FIX,
13:39:34.738,1786257574.739,TRACKING,3.414,-0.003,-0.002,-0.00,0.450,-0.002,0.000,0.000,0.000,1.000,3.41,10.77567061,106.67089070,10.51,"10°46'32.41""N, 106°40'15.21""E",FIX,
13:39:34.832,1786257574.833,TRACKING,3.441,-0.003,-0.002,-0.00,0.450,-0.001,0.000,0.000,0.000,1.000,3.44,10.77567061,106.67089070,10.51,"10°46'32.41""N, 106°40'15.21""E",FIX,
13:39:34.921,1786257574.922,TRACKING,3.468,-0.003,-0.002,-0.00,0.450,-0.001,0.000,0.000,0.000,1.000,3.47,10.77567061,106.67089111,10.51,"10°46'32.41""N, 106°40'15.21""E",FIX,
13:39:35.019,1786257575.019,TRACKING,3.504,-0.003,-0.002,-0.01,0.450,0.014,0.000,0.000,0.000,1.000,3.50,10.77567061,106.67089111,10.51,"10°46'32.41""N, 106°40'15.21""E",FIX,
13:39:35.126,1786257575.127,TRACKING,3.531,-0.003,-0.001,-0.01,0.450,-0.006,0.000,0.000,0.000,1.000,3.53,10.77567061,106.67089111,10.51,"10°46'32.41""N, 106°40'15.21""E",FIX,
13:39:35.205,1786257575.205,TRACKING,3.558,-0.003,-0.001,-0.00,0.450,-0.003,0.000,0.000,0.000,1.000,3.56,10.77567061,106.67089152,10.51,"10°46'32.41""N, 106°40'15.21""E",FIX,
13:39:35.326,1786257575.327,TRACKING,3.585,-0.003,-0.002,-0.01,0.450,0.014,0.000,0.000,0.000,1.000,3.58,10.77567061,106.67089152,10.51,"10°46'32.41""N, 106°40'15.21""E",FIX,
13:39:35.442,1786257575.442,TRACKING,3.621,-0.003,-0.001,-0.01,0.450,-0.007,0.000,0.000,0.000,1.000,3.62,10.77567061,106.67089152,10.51,"10°46'32.41""N, 106°40'15.21""E",FIX,
13:39:35.558,1786257575.559,TRACKING,3.648,-0.003,-0.001,-0.00,0.450,-0.004,0.000,0.000,0.000,1.000,3.65,10.77567061,106.67089193,10.51,"10°46'32.41""N, 106°40'15.21""E",FIX,
13:39:35.675,1786257575.676,TRACKING,3.675,-0.003,-0.001,-0.00,0.450,-0.002,0.000,0.000,0.000,1.000,3.67,10.77567061,106.67089193,10.51,"10°46'32.41""N, 106°40'15.21""E",FIX,
13:39:35.793,1786257575.793,TRACKING,3.702,-0.003,-0.002,-0.00,0.450,-0.001,0.000,0.000,0.000,1.000,3.70,10.77567061,106.67089193,10.51,"10°46'32.41""N, 106°40'15.21""E",FIX,
13:39:35.896,1786257575.896,TRACKING,3.738,-0.003,-0.002,-0.00,0.450,-0.001,0.000,0.000,0.000,0.542,3.74,10.77567061,106.67089234,10.51,"10°46'32.41""N, 106°40'15.21""E",FIX,
13:39:35.997,1786257575.997,TRACKING,3.765,-0.003,-0.002,-0.00,0.450,-0.000,0.000,0.000,0.000,0.604,3.76,10.77567061,106.67089234,10.51,"10°46'32.41""N, 106°40'15.21""E",FIX,
13:39:36.102,1786257576.103,TRACKING,3.792,-0.003,-0.002,-0.00,0.450,-0.000,0.000,0.000,0.000,0.667,3.79,10.77567061,106.67089234,10.51,"10°46'32.41""N, 106°40'15.21""E",FIX,
13:39:36.253,1786257576.253,TRACKING,3.828,-0.003,-0.002,-0.00,0.450,-0.000,0.000,0.000,0.000,0.750,3.83,10.77567061,106.67089275,10.51,"10°46'32.41""N, 106°40'15.21""E",FIX,
13:39:36.329,1786257576.330,TRACKING,3.855,-0.003,-0.002,-0.00,0.450,-0.000,0.000,0.000,0.000,0.833,3.85,10.77567061,106.67089275,10.51,"10°46'32.41""N, 106°40'15.21""E",FIX,
13:39:36.430,1786257576.430,TRACKING,3.882,-0.003,-0.002,-0.00,0.450,-0.000,0.000,0.000,0.000,0.896,3.88,10.77567061,106.67089275,10.51,"10°46'32.41""N, 106°40'15.21""E",FIX,
13:39:36.540,1786257576.540,TRACKING,3.918,-0.004,-0.002,-0.00,0.450,-0.000,0.000,0.000,0.000,0.979,3.92,10.77567061,106.67089317,10.51,"10°46'32.41""N, 106°40'15.22""E",FIX,
13:39:36.660,1786257576.660,TRACKING,3.945,-0.004,-0.002,-0.00,0.450,-0.000,0.000,0.000,0.000,1.000,3.94,10.77567061,106.67089317,10.51,"10°46'32.41""N, 106°40'15.22""E",FIX,
13:39:36.756,1786257576.756,TRACKING,3.981,-0.004,-0.002,-0.00,0.450,-0.000,0.000,0.000,0.000,1.000,3.98,10.77567061,106.67089317,10.51,"10°46'32.41""N, 106°40'15.22""E",FIX,
13:39:36.846,1786257576.846,TRACKING,4.008,-0.004,-0.002,-0.00,0.450,-0.000,0.000,0.000,0.000,1.000,4.01,10.77567061,106.67089358,10.51,"10°46'32.41""N, 106°40'15.22""E",FIX,
13:39:36.930,1786257576.930,TRACKING,4.035,-0.004,-0.002,-0.00,0.450,-0.000,0.000,0.000,0.000,1.000,4.03,10.77567061,106.67089358,10.51,"10°46'32.41""N, 106°40'15.22""E",FIX,
13:39:37.079,1786257577.079,TRACKING,4.071,-0.004,-0.002,-0.00,0.450,-0.000,0.000,0.000,0.000,1.000,4.07,10.77567061,106.67089358,10.51,"10°46'32.41""N, 106°40'15.22""E",FIX,
13:39:37.125,1786257577.126,TRACKING,4.098,-0.004,-0.002,-0.00,0.450,-0.000,0.000,0.000,0.000,1.000,4.10,10.77567061,106.67089399,10.51,"10°46'32.41""N, 106°40'15.22""E",FIX,
13:39:37.198,1786257577.199,TRACKING,4.125,-0.004,-0.002,-0.00,0.450,-0.000,0.000,0.000,0.000,1.000,4.12,10.77567061,106.67089399,10.51,"10°46'32.41""N, 106°40'15.22""E",FIX,
13:39:37.304,1786257577.304,TRACKING,4.152,-0.004,-0.002,-0.00,0.450,-0.000,0.000,0.000,0.000,1.000,4.15,10.77567061,106.67089399,10.51,"10°46'32.41""N, 106°40'15.22""E",FIX,
13:39:37.378,1786257577.379,TRACKING,4.179,-0.004,-0.002,-0.00,0.450,-0.000,0.000,0.000,0.000,1.000,4.18,10.77567061,106.67089399,10.51,"10°46'32.41""N, 106°40'15.22""E",FIX,
13:39:37.490,1786257577.490,TRACKING,4.224,-0.004,-0.002,-0.00,0.450,-0.000,0.000,0.000,0.000,1.000,4.22,10.77567061,106.67089440,10.51,"10°46'32.41""N, 106°40'15.22""E",FIX,
13:39:37.565,1786257577.566,TRACKING,4.242,-0.004,-0.002,-0.00,0.450,-0.000,0.000,0.000,0.000,1.000,4.24,10.77567061,106.67089440,10.51,"10°46'32.41""N, 106°40'15.22""E",FIX,
13:39:37.642,1786257577.643,TRACKING,4.278,-0.004,-0.002,-0.00,0.450,-0.000,0.000,0.000,0.000,1.000,4.28,10.77567061,106.67089481,10.51,"10°46'32.41""N, 106°40'15.22""E",FIX,
13:39:37.717,1786257577.717,TRACKING,4.305,-0.004,-0.002,-0.00,0.450,-0.000,0.000,0.000,0.000,1.000,4.30,10.77567061,106.67089481,10.51,"10°46'32.41""N, 106°40'15.22""E",FIX,
13:39:37.836,1786257577.837,TRACKING,4.332,-0.004,-0.002,-0.00,0.450,-0.000,0.000,0.000,0.000,1.000,4.33,10.77567061,106.67089481,10.51,"10°46'32.41""N, 106°40'15.22""E",FIX,
13:39:37.953,1786257577.953,TRACKING,4.359,-0.004,-0.002,-0.00,0.450,-0.000,0.000,0.000,0.000,1.000,4.36,10.77567061,106.67089481,10.51,"10°46'32.41""N, 106°40'15.22""E",FIX,
13:39:38.007,1786257578.008,TRACKING,4.395,-0.004,-0.002,-0.00,0.450,-0.000,0.000,0.000,0.000,1.000,4.39,10.77567061,106.67089522,10.51,"10°46'32.41""N, 106°40'15.22""E",FIX,
13:39:38.097,1786257578.097,TRACKING,4.422,-0.004,-0.002,-0.00,0.450,-0.000,0.000,0.000,0.000,1.000,4.42,10.77567061,106.67089522,10.51,"10°46'32.41""N, 106°40'15.22""E",FIX,
13:39:38.174,1786257578.174,TRACKING,4.458,-0.004,-0.002,-0.00,0.450,-0.000,0.000,0.000,0.000,1.000,4.46,10.77567061,106.67089563,10.51,"10°46'32.41""N, 106°40'15.22""E",FIX,
13:39:38.269,1786257578.270,TRACKING,4.485,-0.005,-0.002,-0.00,0.450,-0.000,0.000,0.000,0.000,1.000,4.48,10.77567061,106.67089563,10.51,"10°46'32.41""N, 106°40'15.22""E",FIX,
13:39:38.370,1786257578.370,TRACKING,4.512,-0.005,-0.002,-0.00,0.450,-0.000,0.000,0.000,0.000,1.000,4.51,10.77567061,106.67089563,10.51,"10°46'32.41""N, 106°40'15.22""E",FIX,
13:39:38.449,1786257578.449,TRACKING,4.539,-0.005,-0.002,-0.00,0.450,-0.000,0.000,0.000,0.000,0.562,4.54,10.77567061,106.67089563,10.51,"10°46'32.41""N, 106°40'15.22""E",FIX,
13:39:38.553,1786257578.554,TRACKING,4.575,-0.005,-0.002,-0.00,0.450,-0.000,0.000,0.000,0.000,0.625,4.57,10.77567061,106.67089605,10.51,"10°46'32.41""N, 106°40'15.23""E",FIX,
13:39:38.626,1786257578.627,TRACKING,4.602,-0.005,-0.002,-0.00,0.450,-0.000,0.000,0.000,0.000,0.708,4.60,10.77567061,106.67089605,10.51,"10°46'32.41""N, 106°40'15.23""E",FIX,
13:39:38.714,1786257578.714,TRACKING,4.629,-0.005,-0.002,-0.00,0.450,-0.000,0.000,0.000,0.000,0.771,4.63,10.77567061,106.67089605,10.51,"10°46'32.41""N, 106°40'15.23""E",FIX,
13:39:38.805,1786257578.806,TRACKING,4.656,-0.005,-0.002,-0.00,0.450,-0.000,0.000,0.000,0.000,0.833,4.66,10.77567061,106.67089646,10.51,"10°46'32.41""N, 106°40'15.23""E",FIX,
13:39:38.890,1786257578.890,TRACKING,4.683,-0.005,-0.002,-0.00,0.450,-0.000,0.000,0.000,0.000,0.917,4.68,10.77567061,106.67089646,10.51,"10°46'32.41""N, 106°40'15.23""E",FIX,
13:39:38.978,1786257578.978,TRACKING,4.710,-0.005,-0.002,-0.00,0.450,-0.000,0.000,0.000,0.000,1.000,4.71,10.77567061,106.67089646,10.51,"10°46'32.41""N, 106°40'15.23""E",FIX,
13:39:39.115,1786257579.115,TRACKING,4.746,-0.005,-0.002,-0.00,0.450,-0.000,0.000,0.000,0.000,1.000,4.75,10.77567061,106.67089687,10.51,"10°46'32.41""N, 106°40'15.23""E",FIX,
13:39:39.206,1786257579.206,TRACKING,4.773,-0.005,-0.002,-0.00,0.450,-0.000,0.000,0.000,0.000,1.000,4.77,10.77567061,106.67089687,10.51,"10°46'32.41""N, 106°40'15.23""E",FIX,
13:39:39.335,1786257579.335,TRACKING,4.809,-0.005,-0.002,-0.00,0.450,-0.000,0.000,0.000,0.000,1.000,4.81,10.77567061,106.67089687,10.51,"10°46'32.41""N, 106°40'15.23""E",FIX,
13:39:39.414,1786257579.414,TRACKING,4.836,-0.005,-0.002,-0.00,0.450,-0.000,0.000,0.000,0.000,1.000,4.84,10.77567061,106.67089728,10.51,"10°46'32.41""N, 106°40'15.23""E",FIX,
13:39:39.513,1786257579.513,TRACKING,4.863,-0.005,-0.002,-0.00,0.450,-0.000,0.000,0.000,0.000,1.000,4.86,10.77567061,106.67089728,10.51,"10°46'32.41""N, 106°40'15.23""E",FIX,
13:39:39.588,1786257579.588,TRACKING,4.899,-0.005,-0.002,-0.00,0.450,-0.000,0.000,0.000,0.000,1.000,4.90,10.77567061,106.67089728,10.51,"10°46'32.41""N, 106°40'15.23""E",FIX,
13:39:39.660,1786257579.660,TRACKING,4.926,-0.005,-0.002,-0.00,0.450,-0.000,0.000,0.000,0.000,1.000,4.93,10.77567061,106.67089769,10.51,"10°46'32.41""N, 106°40'15.23""E",FIX,
13:39:39.750,1786257579.750,TRACKING,4.953,-0.005,-0.002,-0.00,0.450,-0.000,0.000,0.000,0.000,1.000,4.95,10.77567061,106.67089769,10.51,"10°46'32.41""N, 106°40'15.23""E",FIX,
13:39:39.862,1786257579.862,TRACKING,4.989,-0.005,-0.002,-0.00,0.450,-0.000,0.000,0.000,0.000,1.000,4.99,10.77567061,106.67089769,10.51,"10°46'32.41""N, 106°40'15.23""E",FIX,
13:39:39.940,1786257579.941,TRACKING,5.016,-0.005,-0.002,-0.00,0.450,-0.000,0.000,0.000,0.000,1.000,5.02,10.77567061,106.67089810,10.51,"10°46'32.41""N, 106°40'15.23""E",FIX,
13:39:40.055,1786257580.056,TRACKING,5.043,-0.006,-0.002,-0.00,0.450,-0.000,0.000,0.000,0.000,1.000,5.04,10.77567061,106.67089810,10.51,"10°46'32.41""N, 106°40'15.23""E",FIX,
13:39:40.151,1786257580.152,TRACKING,5.070,-0.006,-0.002,-0.00,0.450,-0.000,0.000,0.000,0.000,1.000,5.07,10.77567061,106.67089810,10.51,"10°46'32.41""N, 106°40'15.23""E",FIX,
13:39:40.239,1786257580.240,TRACKING,5.106,-0.006,-0.002,-0.00,0.450,-0.000,0.000,0.000,0.000,1.000,5.11,10.77567061,106.67089851,10.51,"10°46'32.41""N, 106°40'15.23""E",FIX,
13:39:40.315,1786257580.316,TRACKING,5.133,-0.006,-0.002,-0.00,0.450,-0.000,0.000,0.000,0.000,1.000,5.13,10.77567061,106.67089851,10.51,"10°46'32.41""N, 106°40'15.23""E",FIX,
13:39:40.407,1786257580.407,TRACKING,5.160,-0.006,-0.002,-0.00,0.450,-0.000,0.000,0.000,0.000,1.000,5.16,10.77567061,106.67089851,10.51,"10°46'32.41""N, 106°40'15.23""E",FIX,
13:39:40.510,1786257580.511,TRACKING,5.196,-0.006,-0.002,-0.00,0.450,-0.000,0.000,0.000,0.000,1.000,5.20,10.77567061,106.67089893,10.51,"10°46'32.41""N, 106°40'15.24""E",FIX,
13:39:40.585,1786257580.586,TRACKING,5.223,-0.006,-0.002,-0.00,0.450,-0.000,0.000,0.000,0.000,1.000,5.22,10.77567061,106.67089893,10.51,"10°46'32.41""N, 106°40'15.24""E",FIX,
13:39:40.664,1786257580.665,TRACKING,5.250,-0.006,-0.002,-0.00,0.450,-0.000,0.000,0.000,0.000,1.000,5.25,10.77567061,106.67089893,10.51,"10°46'32.41""N, 106°40'15.24""E",FIX,
13:39:40.737,1786257580.738,TRACKING,5.277,-0.006,-0.002,-0.01,0.450,0.018,0.000,0.000,0.000,1.000,5.28,10.77567061,106.67089934,10.51,"10°46'32.41""N, 106°40'15.24""E",FIX,
13:39:40.824,1786257580.824,TRACKING,5.313,-0.006,-0.001,-0.04,0.450,0.041,0.000,0.000,0.000,1.000,5.31,10.77567061,106.67089934,10.51,"10°46'32.41""N, 106°40'15.24""E",FIX,
13:39:40.906,1786257580.907,TRACKING,5.340,-0.006,0.001,-0.06,0.450,0.033,0.000,0.000,0.000,0.562,5.34,10.77567061,106.67089934,10.51,"10°46'32.41""N, 106°40'15.24""E",FIX,
13:39:41.001,1786257581.001,TRACKING,5.367,-0.006,0.003,-0.06,0.450,0.006,0.000,0.000,0.000,0.625,5.37,10.77567060,106.67089975,10.51,"10°46'32.41""N, 106°40'15.24""E",FIX,
13:39:41.085,1786257581.086,TRACKING,5.403,-0.006,0.005,-0.04,0.450,-0.010,0.000,0.000,0.000,0.687,5.40,10.77567060,106.67089975,10.51,"10°46'32.41""N, 106°40'15.24""E",FIX,
13:39:41.205,1786257581.205,TRACKING,5.430,-0.006,0.004,-0.04,0.450,-0.003,0.000,0.000,0.000,0.750,5.43,10.77567060,106.67089975,10.51,"10°46'32.41""N, 106°40'15.24""E",FIX,
13:39:41.262,1786257581.262,TRACKING,5.466,-0.005,0.004,-0.03,0.450,0.001,0.000,0.000,0.000,0.833,5.47,10.77567060,106.67090016,10.51,"10°46'32.41""N, 106°40'15.24""E",FIX,
13:39:41.345,1786257581.345,TRACKING,5.484,-0.005,0.004,-0.04,0.450,0.021,0.000,0.000,0.000,0.917,5.48,10.77567060,106.67090016,10.51,"10°46'32.41""N, 106°40'15.24""E",FIX,
13:39:41.433,1786257581.433,TRACKING,5.520,-0.005,0.005,-0.03,0.450,-0.002,0.000,0.000,0.000,1.000,5.52,10.77567060,106.67090016,10.51,"10°46'32.41""N, 106°40'15.24""E",FIX,
13:39:41.508,1786257581.508,TRACKING,5.538,-0.005,0.005,-0.03,0.450,-0.001,0.000,0.000,0.000,1.000,5.54,10.77567060,106.67090057,10.51,"10°46'32.41""N, 106°40'15.24""E",FIX,
13:39:41.651,1786257581.651,TRACKING,5.574,-0.005,0.005,-0.03,0.450,0.002,0.000,0.000,0.000,1.000,5.57,10.77567060,106.67090057,10.51,"10°46'32.41""N, 106°40'15.24""E",FIX,
13:39:41.753,1786257581.754,TRACKING,5.610,-0.005,0.005,-0.03,0.450,0.003,0.000,0.000,0.000,1.000,5.61,10.77567060,106.67090057,10.51,"10°46'32.41""N, 106°40'15.24""E",FIX,
13:39:41.862,1786257581.863,TRACKING,5.637,-0.005,0.005,-0.03,0.450,0.004,0.000,0.000,0.000,1.000,5.64,10.77567060,106.67090098,10.51,"10°46'32.41""N, 106°40'15.24""E",FIX,
13:39:41.946,1786257581.947,TRACKING,5.673,-0.004,0.006,-0.03,0.450,0.004,0.000,0.000,0.000,1.000,5.67,10.77567060,106.67090098,10.51,"10°46'32.41""N, 106°40'15.24""E",FIX,
13:39:42.039,1786257582.039,TRACKING,5.691,-0.004,0.006,-0.03,0.450,0.004,0.000,0.000,0.000,1.000,5.69,10.77567060,106.67090098,10.51,"10°46'32.41""N, 106°40'15.24""E",FIX,
13:39:42.143,1786257582.143,TRACKING,5.727,-0.004,0.006,-0.03,0.450,0.004,0.000,0.000,0.000,1.000,5.73,10.77567060,106.67090139,10.51,"10°46'32.41""N, 106°40'15.25""E",FIX,
13:39:42.256,1786257582.256,TRACKING,5.754,-0.004,0.006,-0.03,0.450,0.004,0.000,0.000,0.000,1.000,5.75,10.77567060,106.67090139,10.51,"10°46'32.41""N, 106°40'15.25""E",FIX,
13:39:42.326,1786257582.326,TRACKING,5.781,-0.004,0.007,-0.03,0.450,0.004,0.000,0.000,0.000,1.000,5.78,10.77567060,106.67090139,10.51,"10°46'32.41""N, 106°40'15.25""E",FIX,
13:39:42.421,1786257582.422,TRACKING,5.817,-0.004,0.007,-0.03,0.450,0.004,0.000,0.000,0.000,1.000,5.82,10.77567060,106.67090181,10.51,"10°46'32.41""N, 106°40'15.25""E",FIX,
13:39:42.528,1786257582.528,TRACKING,5.844,-0.003,0.007,-0.03,0.450,0.004,0.000,0.000,0.000,1.000,5.84,10.77567060,106.67090181,10.51,"10°46'32.41""N, 106°40'15.25""E",FIX,
13:39:42.638,1786257582.638,TRACKING,5.880,-0.003,0.007,-0.03,0.450,0.004,0.000,0.000,0.000,1.000,5.88,10.77567060,106.67090181,10.51,"10°46'32.41""N, 106°40'15.25""E",FIX,
13:39:42.734,1786257582.735,TRACKING,5.907,-0.003,0.008,-0.03,0.450,0.004,0.000,0.000,0.000,1.000,5.91,10.77567060,106.67090222,10.51,"10°46'32.41""N, 106°40'15.25""E",FIX,
13:39:42.829,1786257582.829,TRACKING,5.943,-0.003,0.008,-0.03,0.450,0.004,0.000,0.000,0.000,1.000,5.94,10.77567060,106.67090222,10.51,"10°46'32.41""N, 106°40'15.25""E",FIX,
13:39:42.884,1786257582.884,TRACKING,5.961,-0.003,0.008,-0.01,0.450,-0.016,0.000,0.000,0.000,1.000,5.96,10.77567060,106.67090222,10.51,"10°46'32.41""N, 106°40'15.25""E",FIX,
13:39:42.997,1786257582.998,TRACKING,6.006,-0.002,0.007,-0.02,0.450,0.008,0.000,0.000,0.000,1.000,6.01,10.77567061,106.67090263,10.51,"10°46'32.41""N, 106°40'15.25""E",FIX,
13:39:43.057,1786257583.058,TRACKING,6.024,-0.002,0.007,-0.02,0.450,0.009,0.000,0.000,0.000,1.000,6.02,10.77567061,106.67090263,10.51,"10°46'32.41""N, 106°40'15.25""E",FIX,
13:39:43.164,1786257583.164,TRACKING,6.051,-0.002,0.008,-0.02,0.450,0.006,0.000,0.000,0.000,1.000,6.05,10.77567061,106.67090263,10.51,"10°46'32.41""N, 106°40'15.25""E",FIX,
13:39:43.251,1786257583.251,TRACKING,6.078,-0.002,0.008,-0.01,0.450,-0.012,0.000,0.000,0.000,1.000,6.08,10.77567061,106.67090304,10.51,"10°46'32.41""N, 106°40'15.25""E",FIX,
13:39:43.353,1786257583.353,TRACKING,6.114,-0.001,0.008,0.00,0.450,-0.019,0.000,0.000,0.000,1.000,6.11,10.77567061,106.67090304,10.51,"10°46'32.41""N, 106°40'15.25""E",FIX,
13:39:43.442,1786257583.442,TRACKING,6.150,-0.001,0.006,0.01,0.450,-0.014,0.000,0.000,0.000,0.583,6.15,10.77567061,106.67090304,10.51,"10°46'32.41""N, 106°40'15.25""E",FIX,
13:39:43.518,1786257583.518,TRACKING,6.168,-0.001,0.006,0.02,0.450,-0.013,0.000,0.000,0.000,0.646,6.17,10.77567061,106.67090345,10.51,"10°46'32.41""N, 106°40'15.25""E",FIX,
13:39:43.620,1786257583.620,TRACKING,6.204,-0.001,0.005,0.02,0.450,-0.007,0.000,0.000,0.000,0.708,6.20,10.77567061,106.67090345,10.51,"10°46'32.41""N, 106°40'15.25""E",FIX,
13:39:43.710,1786257583.711,TRACKING,6.231,-0.001,0.004,0.02,0.450,-0.006,0.000,0.000,0.000,0.771,6.23,10.77567061,106.67090345,10.51,"10°46'32.41""N, 106°40'15.25""E",FIX,
13:39:43.800,1786257583.801,TRACKING,6.258,-0.001,0.004,0.03,0.450,-0.005,0.000,0.000,0.000,0.854,6.26,10.77567061,106.67090386,10.51,"10°46'32.41""N, 106°40'15.25""E",FIX,
13:39:43.904,1786257583.904,TRACKING,6.294,-0.000,0.003,0.03,0.450,-0.005,0.000,0.000,0.000,0.917,6.29,10.77567061,106.67090386,10.51,"10°46'32.41""N, 106°40'15.25""E",FIX,
13:39:44.015,1786257584.016,TRACKING,6.321,-0.000,0.003,0.03,0.450,-0.005,0.000,0.000,0.000,1.000,6.32,10.77567061,106.67090386,10.51,"10°46'32.41""N, 106°40'15.25""E",FIX,
13:39:44.123,1786257584.123,TRACKING,6.348,-0.000,0.003,0.03,0.450,-0.004,0.000,0.000,0.000,1.000,6.35,10.77567061,106.67090427,10.51,"10°46'32.41""N, 106°40'15.26""E",FIX,
13:39:44.221,1786257584.221,TRACKING,6.375,-0.000,0.003,0.01,0.450,0.012,0.000,0.000,0.000,1.000,6.37,10.77567061,106.67090427,10.51,"10°46'32.41""N, 106°40'15.26""E",FIX,
13:39:44.304,1786257584.305,TRACKING,6.411,-0.000,0.003,0.02,0.450,-0.009,0.000,0.000,0.000,1.000,6.41,10.77567061,106.67090427,10.51,"10°46'32.41""N, 106°40'15.26""E",FIX,
13:39:44.383,1786257584.383,TRACKING,6.438,0.000,0.003,0.02,0.450,-0.007,0.000,0.000,0.000,1.000,6.44,10.77567061,106.67090469,10.51,"10°46'32.41""N, 106°40'15.26""E",FIX,
13:39:44.498,1786257584.498,TRACKING,6.474,0.000,0.002,0.01,0.450,0.009,0.000,0.000,0.000,1.000,6.47,10.77567061,106.67090469,10.51,"10°46'32.41""N, 106°40'15.26""E",FIX,
13:39:44.574,1786257584.575,TRACKING,6.501,0.000,0.002,0.01,0.450,0.008,0.000,0.000,0.000,1.000,6.50,10.77567061,106.67090469,10.51,"10°46'32.41""N, 106°40'15.26""E",FIX,
13:39:44.675,1786257584.675,TRACKING,6.528,0.000,0.003,0.02,0.450,-0.013,0.000,0.000,0.000,1.000,6.53,10.77567061,106.67090510,10.51,"10°46'32.41""N, 106°40'15.26""E",FIX,
13:39:44.753,1786257584.754,TRACKING,6.564,0.000,0.002,0.02,0.450,-0.008,0.000,0.000,0.000,1.000,6.56,10.77567061,106.67090510,10.51,"10°46'32.41""N, 106°40'15.26""E",FIX,
13:39:44.833,1786257584.834,TRACKING,6.591,0.000,0.002,0.01,0.450,0.009,0.000,0.000,0.000,1.000,6.59,10.77567061,106.67090510,10.51,"10°46'32.41""N, 106°40'15.26""E",FIX,
13:39:44.915,1786257584.916,TRACKING,6.618,0.000,0.002,0.01,0.450,0.007,0.000,0.000,0.000,1.000,6.62,10.77567062,106.67090551,10.51,"10°46'32.41""N, 106°40'15.26""E",FIX,
13:39:45.000,1786257585.001,TRACKING,6.654,0.001,0.002,0.02,0.450,-0.012,0.000,0.000,0.000,1.000,6.65,10.77567062,106.67090551,10.51,"10°46'32.41""N, 106°40'15.26""E",FIX,
13:39:45.075,1786257585.075,TRACKING,6.681,0.001,0.002,0.02,0.450,-0.009,0.000,0.000,0.000,1.000,6.68,10.77567062,106.67090551,10.51,"10°46'32.41""N, 106°40'15.26""E",FIX,
13:39:45.156,1786257585.157,TRACKING,6.708,0.001,0.001,0.02,0.450,-0.008,0.000,0.000,0.000,1.000,6.71,10.77567062,106.67090592,10.51,"10°46'32.41""N, 106°40'15.26""E",FIX,
13:39:45.234,1786257585.235,TRACKING,6.735,0.001,0.001,0.01,0.450,0.011,0.000,0.000,0.000,1.000,6.73,10.77567062,106.67090592,10.51,"10°46'32.41""N, 106°40'15.26""E",FIX,
13:39:45.332,1786257585.332,TRACKING,6.762,0.001,0.001,0.02,0.450,-0.011,0.000,0.000,0.000,1.000,6.76,10.77567062,106.67090592,10.51,"10°46'32.41""N, 106°40'15.26""E",FIX,
13:39:45.439,1786257585.439,TRACKING,6.798,0.001,0.001,0.02,0.450,-0.008,0.000,0.000,0.000,1.000,6.80,10.77567062,106.67090633,10.51,"10°46'32.41""N, 106°40'15.26""E",FIX,
13:39:45.505,1786257585.506,TRACKING,6.825,0.001,0.000,0.01,0.450,0.011,0.000,0.000,0.000,1.000,6.82,10.77567062,106.67090633,10.51,"10°46'32.41""N, 106°40'15.26""E",FIX,
13:39:45.586,1786257585.586,TRACKING,6.852,0.001,0.000,0.02,0.450,-0.012,0.000,0.000,0.000,1.000,6.85,10.77567062,106.67090633,10.51,"10°46'32.41""N, 106°40'15.26""E",FIX,
13:39:45.708,1786257585.708,TRACKING,6.888,0.001,-0.000,0.02,0.450,-0.008,0.000,0.000,0.000,1.000,6.89,10.77567062,106.67090674,10.51,"10°46'32.41""N, 106°40'15.26""E",FIX,
13:39:45.777,1786257585.778,TRACKING,6.915,0.001,-0.001,0.01,0.450,0.010,0.000,0.000,0.000,0.917,6.91,10.77567062,106.67090674,10.51,"10°46'32.41""N, 106°40'15.26""E",FIX,
13:39:45.861,1786257585.861,TRACKING,6.942,0.001,-0.000,0.02,0.450,-0.011,0.000,0.000,0.000,0.583,6.94,10.77567062,106.67090674,10.51,"10°46'32.41""N, 106°40'15.26""E",FIX,
13:39:45.956,1786257585.957,TRACKING,6.969,0.001,-0.000,0.01,0.450,0.008,0.000,0.000,0.000,0.646,6.97,10.77567062,106.67090674,10.51,"10°46'32.41""N, 106°40'15.26""E",FIX,
13:39:46.039,1786257586.040,TRACKING,6.996,0.001,-0.001,0.02,0.450,-0.014,0.000,0.000,0.000,0.708,7.00,10.77567062,106.67090715,10.51,"10°46'32.41""N, 106°40'15.27""E",FIX,
13:39:46.161,1786257586.162,TRACKING,7.032,0.001,-0.001,0.01,0.450,0.006,0.000,0.000,0.000,0.792,7.03,10.77567062,106.67090715,10.51,"10°46'32.41""N, 106°40'15.27""E",FIX,
13:39:46.223,1786257586.224,TRACKING,7.059,0.001,-0.001,0.01,0.450,0.005,0.000,0.000,0.000,0.854,7.06,10.77567062,106.67090715,10.51,"10°46'32.41""N, 106°40'15.27""E",FIX,
13:39:46.318,1786257586.318,TRACKING,7.095,0.001,-0.001,0.00,0.450,0.002,0.000,0.000,0.000,0.937,7.09,10.77567062,106.67090757,10.51,"10°46'32.41""N, 106°40'15.27""E",FIX,
13:39:46.395,1786257586.396,TRACKING,7.122,0.001,-0.001,0.00,0.450,0.002,0.000,0.000,0.000,1.000,7.12,10.77567062,106.67090757,10.51,"10°46'32.41""N, 106°40'15.27""E",FIX,
13:39:46.493,1786257586.494,TRACKING,7.158,0.001,-0.001,0.01,0.450,-0.012,0.000,0.000,0.000,1.000,7.16,10.77567062,106.67090798,10.51,"10°46'32.41""N, 106°40'15.27""E",FIX,
13:39:46.562,1786257586.562,TRACKING,7.176,0.001,-0.001,0.01,0.450,0.013,0.000,0.000,0.000,1.000,7.18,10.77567062,106.67090798,10.51,"10°46'32.41""N, 106°40'15.27""E",FIX,
13:39:46.678,1786257586.678,TRACKING,7.212,0.000,-0.001,0.02,0.450,-0.013,0.000,0.000,0.000,1.000,7.21,10.77567062,106.67090798,10.51,"10°46'32.41""N, 106°40'15.27""E",FIX,
13:39:46.772,1786257586.772,TRACKING,7.248,0.000,-0.001,0.01,0.450,0.006,0.000,0.000,0.000,1.000,7.25,10.77567062,106.67090839,10.51,"10°46'32.41""N, 106°40'15.27""E",FIX,
13:39:46.855,1786257586.855,TRACKING,7.266,0.000,-0.001,0.02,0.450,-0.016,0.000,0.000,0.000,1.000,7.27,10.77567062,106.67090839,10.51,"10°46'32.41""N, 106°40'15.27""E",FIX,
13:39:46.955,1786257586.956,TRACKING,7.302,0.000,-0.002,0.01,0.450,0.006,0.000,0.000,0.000,1.000,7.30,10.77567062,106.67090839,10.51,"10°46'32.41""N, 106°40'15.27""E",FIX,
13:39:47.044,1786257587.045,TRACKING,7.329,0.000,-0.002,0.00,0.450,0.005,0.000,0.000,0.000,1.000,7.33,10.77567062,106.67090839,10.51,"10°46'32.41""N, 106°40'15.27""E",FIX,
13:39:47.137,1786257587.138,TRACKING,7.356,0.000,-0.002,0.00,0.450,0.002,0.000,0.000,0.000,1.000,7.36,10.77567062,106.67090880,10.51,"10°46'32.41""N, 106°40'15.27""E",FIX,
13:39:47.235,1786257587.235,TRACKING,7.383,0.000,-0.002,0.00,0.450,0.001,0.000,0.000,0.000,1.000,7.38,10.77567062,106.67090880,10.51,"10°46'32.41""N, 106°40'15.27""E",FIX,
13:39:47.343,1786257587.344,TRACKING,7.428,0.000,-0.001,0.01,0.450,-0.013,0.000,0.000,0.000,1.000,7.43,10.77567062,106.67090921,10.51,"10°46'32.41""N, 106°40'15.27""E",FIX,
13:39:47.414,1786257587.415,TRACKING,7.446,0.000,-0.002,0.02,0.450,-0.013,0.000,0.000,0.000,1.000,7.45,10.77567062,106.67090921,10.51,"10°46'32.41""N, 106°40'15.27""E",FIX,
13:39:47.546,1786257587.547,TRACKING,7.482,0.000,-0.003,0.01,0.450,0.007,0.000,0.000,0.000,1.000,7.48,10.77567062,106.67090921,10.51,"10°46'32.41""N, 106°40'15.27""E",FIX,
13:39:47.607,1786257587.608,TRACKING,7.500,0.000,-0.003,0.01,0.450,0.008,0.000,0.000,0.000,1.000,7.50,10.77567062,106.67090921,10.51,"10°46'32.41""N, 106°40'15.27""E",FIX,
13:39:47.683,1786257587.683,TRACKING,7.536,-0.000,-0.003,0.00,0.450,0.002,0.000,0.000,0.000,1.000,7.54,10.77567062,106.67090962,10.51,"10°46'32.41""N, 106°40'15.27""E",FIX,
13:39:47.779,1786257587.780,TRACKING,7.572,-0.000,-0.002,0.01,0.450,-0.007,0.000,0.000,0.000,1.000,7.57,10.77567062,106.67090962,10.51,"10°46'32.41""N, 106°40'15.27""E",FIX,
13:39:47.846,1786257587.846,TRACKING,7.590,-0.000,-0.002,0.01,0.450,-0.005,0.000,0.000,0.000,1.000,7.59,10.77567062,106.67090962,10.51,"10°46'32.41""N, 106°40'15.27""E",FIX,
13:39:47.940,1786257587.941,TRACKING,7.626,-0.000,-0.003,0.01,0.450,0.004,0.000,0.000,0.000,1.000,7.63,10.77567062,106.67091003,10.51,"10°46'32.41""N, 106°40'15.28""E",FIX,
13:39:48.034,1786257588.034,TRACKING,7.653,-0.000,-0.003,0.00,0.450,0.003,0.000,0.000,0.000,1.000,7.65,10.77567062,106.67091003,10.51,"10°46'32.41""N, 106°40'15.28""E",FIX,
13:39:48.155,1786257588.156,TRACKING,7.689,-0.000,-0.003,-0.06,0.450,0.065,0.000,0.000,0.000,1.000,7.69,10.77567062,106.67091003,10.51,"10°46'32.41""N, 106°40'15.28""E",FIX,
13:39:48.227,1786257588.228,TRACKING,7.716,-0.001,-0.001,-0.09,0.450,0.067,0.000,0.000,0.000,0.625,7.72,10.77567062,106.67091045,10.51,"10°46'32.41""N, 106°40'15.28""E",FIX,
13:39:48.361,1786257588.361,TRACKING,7.743,-0.001,0.003,-0.08,0.450,0.006,0.000,0.000,0.000,0.562,7.74,10.77567062,106.67091045,10.51,"10°46'32.41""N, 106°40'15.28""E",FIX,
13:39:48.477,1786257588.478,TRACKING,7.779,-0.000,0.004,-0.08,0.450,0.011,0.000,0.000,0.000,0.625,7.78,10.77567062,106.67091045,10.51,"10°46'32.41""N, 106°40'15.28""E",FIX,
13:39:48.567,1786257588.568,TRACKING,7.806,-0.000,0.005,-0.08,0.450,0.011,0.000,0.000,0.000,0.687,7.81,10.77567061,106.67091086,10.51,"10°46'32.41""N, 106°40'15.28""E",FIX,
13:39:48.658,1786257588.659,TRACKING,7.833,-0.000,0.006,-0.08,0.450,0.012,0.000,0.000,0.000,0.750,7.83,10.77567061,106.67091086,10.51,"10°46'32.41""N, 106°40'15.28""E",FIX,
13:39:48.765,1786257588.765,TRACKING,7.869,0.000,0.006,-0.08,0.450,0.012,0.000,0.000,0.000,0.833,7.87,10.77567061,106.67091086,10.51,"10°46'32.41""N, 106°40'15.28""E",FIX,
13:39:48.866,1786257588.867,TRACKING,7.887,0.000,0.007,-0.07,0.450,-0.009,0.000,0.000,0.000,0.917,7.89,10.77567061,106.67091127,10.51,"10°46'32.41""N, 106°40'15.28""E",FIX,
13:39:48.966,1786257588.966,TRACKING,7.923,0.000,0.007,-0.07,0.450,0.010,0.000,0.000,0.000,1.000,7.92,10.77567061,106.67091127,10.51,"10°46'32.41""N, 106°40'15.28""E",FIX,
13:39:49.052,1786257589.052,TRACKING,7.959,0.001,0.007,-0.07,0.450,0.018,0.000,0.000,0.000,1.000,7.96,10.77567061,106.67091127,10.51,"10°46'32.41""N, 106°40'15.28""E",FIX,
13:39:49.122,1786257589.123,TRACKING,7.986,0.001,0.008,-0.06,0.450,-0.002,0.000,0.000,0.000,1.000,7.99,10.77567061,106.67091168,10.51,"10°46'32.41""N, 106°40'15.28""E",FIX,
13:39:49.198,1786257589.198,TRACKING,8.013,0.001,0.009,-0.06,0.450,0.003,0.000,0.000,0.000,1.000,8.01,10.77567061,106.67091168,10.51,"10°46'32.41""N, 106°40'15.28""E",FIX,
13:39:49.280,1786257589.281,TRACKING,8.040,0.001,0.009,-0.06,0.450,0.006,0.000,0.000,0.000,1.000,8.04,10.77567061,106.67091168,10.51,"10°46'32.41""N, 106°40'15.28""E",FIX,
13:39:49.372,1786257589.372,TRACKING,8.076,0.002,0.009,-0.05,0.450,0.007,0.000,0.000,0.000,1.000,8.08,10.77567061,106.67091209,10.51,"10°46'32.41""N, 106°40'15.28""E",FIX,
13:39:49.443,1786257589.444,TRACKING,8.103,0.002,0.009,-0.05,0.450,0.007,0.000,0.000,0.000,1.000,8.10,10.77567061,106.67091209,10.51,"10°46'32.41""N, 106°40'15.28""E",FIX,
13:39:49.550,1786257589.551,TRACKING,8.130,0.002,0.010,-0.05,0.450,0.008,0.000,0.000,0.000,1.000,8.13,10.77567061,106.67091209,10.51,"10°46'32.41""N, 106°40'15.28""E",FIX,
13:39:49.660,1786257589.660,TRACKING,8.166,0.003,0.011,-0.05,0.450,0.008,0.000,0.000,0.000,1.000,8.17,10.77567061,106.67091250,10.51,"10°46'32.41""N, 106°40'15.29""E",FIX,
13:39:49.732,1786257589.733,TRACKING,8.193,0.003,0.011,-0.04,0.450,-0.007,0.000,0.000,0.000,1.000,8.19,10.77567061,106.67091250,10.51,"10°46'32.41""N, 106°40'15.29""E",FIX,
13:39:49.811,1786257589.812,TRACKING,8.229,0.003,0.011,-0.03,0.450,-0.002,0.000,0.000,0.000,1.000,8.23,10.77567061,106.67091250,10.51,"10°46'32.41""N, 106°40'15.29""E",FIX,
13:39:49.866,1786257589.867,TRACKING,8.247,0.003,0.011,-0.04,0.450,0.021,0.000,0.000,0.000,1.000,8.25,10.77567061,106.67091291,10.51,"10°46'32.41""N, 106°40'15.29""E",FIX,
13:39:49.985,1786257589.986,TRACKING,8.283,0.004,0.012,-0.03,0.450,-0.003,0.000,0.000,0.000,1.000,8.28,10.77567061,106.67091291,10.51,"10°46'32.41""N, 106°40'15.29""E",FIX,
13:39:50.059,1786257590.060,TRACKING,8.301,0.004,0.012,-0.03,0.450,-0.001,0.000,0.000,0.000,1.000,8.30,10.77567061,106.67091291,10.51,"10°46'32.41""N, 106°40'15.29""E",FIX,
13:39:50.161,1786257590.161,TRACKING,8.346,0.005,0.012,-0.03,0.450,0.003,0.000,0.000,0.000,1.000,8.35,10.77567062,106.67091333,10.51,"10°46'32.41""N, 106°40'15.29""E",FIX,
13:39:50.208,1786257590.209,TRACKING,8.364,0.005,0.012,-0.03,0.450,0.002,0.000,0.000,0.000,1.000,8.36,10.77567062,106.67091333,10.51,"10°46'32.41""N, 106°40'15.29""E",FIX,
13:39:50.330,1786257590.331,TRACKING,8.400,0.005,0.012,-0.03,0.450,0.004,0.000,0.000,0.000,1.000,8.40,10.77567062,106.67091333,10.51,"10°46'32.41""N, 106°40'15.29""E",FIX,
13:39:50.444,1786257590.444,TRACKING,8.427,0.006,0.013,-0.03,0.450,0.004,0.000,0.000,0.000,1.000,8.43,10.77567062,106.67091374,10.51,"10°46'32.41""N, 106°40'15.29""E",FIX,
13:39:50.563,1786257590.563,TRACKING,8.454,0.006,0.013,-0.04,0.450,0.020,0.000,0.000,0.000,1.000,8.45,10.77567062,106.67091374,10.51,"10°46'32.41""N, 106°40'15.29""E",FIX,
13:39:50.644,1786257590.644,TRACKING,8.490,0.006,0.014,-0.04,0.450,0.015,0.000,0.000,0.000,1.000,8.49,10.77567062,106.67091374,10.51,"10°46'32.41""N, 106°40'15.29""E",FIX,
13:39:59.275,1786257599.275,UTURN_PLANNING,11.052,0.048,0.016,0.00,0.000,0.000,0.000,0.000,0.000,0.000,0.00,10.77567070,106.67092567,10.51,"10°46'32.41""N, 106°40'15.33""E",FIX,
13:39:59.287,1786257599.287,PATH_FOLLOWING,11.052,0.048,0.016,0.00,0.020,-1.500,0.000,0.000,0.000,0.000,0.00,10.77567070,106.67092567,10.51,"10°46'32.41""N, 106°40'15.33""E",FIX,
13:39:59.294,1786257599.295,PATH_FOLLOWING,11.052,0.048,0.016,0.00,0.020,-1.500,0.000,0.000,0.000,0.000,0.00,10.77567070,106.67092581,10.51,"10°46'32.41""N, 106°40'15.33""E",FIX,
13:39:59.302,1786257599.303,PATH_FOLLOWING,11.052,0.048,0.016,0.00,0.020,-1.500,0.000,0.000,0.000,0.000,0.00,10.77567070,106.67092581,10.51,"10°46'32.41""N, 106°40'15.33""E",FIX,
13:39:59.315,1786257599.315,PATH_FOLLOWING,11.052,0.048,0.016,0.00,0.020,-1.500,0.000,0.000,0.000,0.000,0.00,10.77567070,106.67092581,10.51,"10°46'32.41""N, 106°40'15.33""E",FIX,
13:39:59.351,1786257599.352,PATH_FOLLOWING,11.053,0.048,-0.045,0.00,0.020,-1.500,0.000,0.000,0.000,0.000,0.00,10.77567070,106.67092581,10.51,"10°46'32.41""N, 106°40'15.33""E",FIX,
13:39:59.428,1786257599.428,PATH_FOLLOWING,11.054,0.048,-0.135,0.00,0.020,-1.500,0.000,0.000,0.000,0.000,0.00,10.77567070,106.67092581,10.51,"10°46'32.41""N, 106°40'15.33""E",FIX,
13:39:59.528,1786257599.529,PATH_FOLLOWING,11.055,0.048,-0.225,0.00,0.020,-1.500,0.000,0.000,0.000,0.000,0.00,10.77567070,106.67092581,10.51,"10°46'32.41""N, 106°40'15.33""E",FIX,
13:39:59.623,1786257599.623,PATH_FOLLOWING,11.056,0.047,-0.315,0.00,0.020,-1.500,0.000,0.000,0.000,0.000,0.00,10.77567075,106.67092583,10.51,"10°46'32.41""N, 106°40'15.33""E",FIX,
13:39:59.756,1786257599.756,PATH_FOLLOWING,11.058,0.047,-0.435,0.00,0.020,-1.500,0.000,0.000,0.000,0.000,0.00,10.77567075,106.67092583,10.51,"10°46'32.41""N, 106°40'15.33""E",FIX,
13:39:59.846,1786257599.846,PATH_FOLLOWING,11.059,0.046,-0.525,0.00,0.020,-1.500,0.000,0.000,0.000,0.000,0.00,10.77567075,106.67092583,10.51,"10°46'32.41""N, 106°40'15.33""E",FIX,
13:39:59.948,1786257599.949,PATH_FOLLOWING,11.060,0.045,-0.645,0.00,0.020,-1.500,0.000,0.000,0.000,0.000,0.00,10.77567090,106.67092585,10.51,"10°46'32.42""N, 106°40'15.33""E",FIX,
13:40:00.022,1786257600.023,PATH_FOLLOWING,11.061,0.045,-0.705,0.00,0.025,-1.500,0.000,0.000,0.000,0.000,0.00,10.77567090,106.67092585,10.51,"10°46'32.42""N, 106°40'15.33""E",FIX,
13:40:00.137,1786257600.137,PATH_FOLLOWING,11.062,0.043,-0.825,0.00,0.045,-1.500,0.000,0.000,0.000,0.000,0.00,10.77567090,106.67092585,10.51,"10°46'32.42""N, 106°40'15.33""E",FIX,
13:40:00.233,1786257600.234,PATH_FOLLOWING,11.064,0.042,-0.915,0.00,0.063,-1.500,0.000,0.000,0.000,0.000,0.00,10.77567106,106.67092587,10.51,"10°46'32.42""N, 106°40'15.33""E",FIX,
13:40:00.311,1786257600.312,PATH_FOLLOWING,11.066,0.039,-1.005,0.00,0.082,-1.500,0.000,0.000,0.000,0.000,0.00,10.77567106,106.67092587,10.51,"10°46'32.42""N, 106°40'15.33""E",FIX,
13:40:00.405,1786257600.406,PATH_FOLLOWING,11.069,0.033,-1.125,0.00,0.109,-1.500,0.000,0.000,0.000,0.000,0.00,10.77567106,106.67092587,10.51,"10°46'32.42""N, 106°40'15.33""E",FIX,
13:40:00.519,1786257600.519,PATH_FOLLOWING,11.072,0.026,-1.245,0.00,0.136,-1.500,0.000,0.000,0.000,0.000,0.00,10.77567116,106.67092593,10.51,"10°46'32.42""N, 106°40'15.33""E",FIX,
13:40:00.596,1786257600.596,PATH_FOLLOWING,11.073,0.021,-1.305,0.00,0.149,-1.500,0.000,0.000,0.000,0.000,0.00,10.77567116,106.67092593,10.51,"10°46'32.42""N, 106°40'15.33""E",FIX,
13:40:00.677,1786257600.678,PATH_FOLLOWING,11.075,0.010,-1.425,0.00,0.174,-1.500,0.000,0.000,0.000,0.000,0.00,10.77567116,106.67092593,10.51,"10°46'32.42""N, 106°40'15.33""E",FIX,
13:40:00.747,1786257600.747,PATH_FOLLOWING,11.076,0.003,-1.485,0.00,0.186,-1.500,0.000,0.000,0.000,0.000,0.00,10.77567119,106.67092603,10.51,"10°46'32.42""N, 106°40'15.33""E",FIX,
13:40:00.845,1786257600.846,PATH_FOLLOWING,11.077,-0.011,-1.605,0.00,0.207,-1.490,0.000,0.000,0.000,0.000,0.00,10.77567119,106.67092603,10.51,"10°46'32.42""N, 106°40'15.33""E",FIX,
13:40:00.946,1786257600.947,PATH_FOLLOWING,11.075,-0.027,-1.725,0.00,0.225,-1.118,0.000,0.000,0.000,0.000,0.00,10.77567119,106.67092603,10.51,"10°46'32.42""N, 106°40'15.33""E",FIX,
13:40:01.036,1786257601.036,PATH_FOLLOWING,11.072,-0.040,-1.798,0.00,0.234,-0.891,0.000,0.000,0.000,0.000,0.00,10.77567114,106.67092618,10.51,"10°46'32.42""N, 106°40'15.33""E",FIX,
13:40:01.122,1786257601.122,PATH_FOLLOWING,11.069,-0.054,-1.856,0.00,0.240,-0.716,0.000,0.000,0.000,0.000,0.00,10.77567114,106.67092618,10.51,"10°46'32.42""N, 106°40'15.33""E",FIX,
13:40:01.218,1786257601.218,PATH_FOLLOWING,11.063,-0.072,-1.917,0.00,0.244,-0.531,0.000,0.000,0.000,0.000,0.00,10.77567114,106.67092618,10.51,"10°46'32.42""N, 106°40'15.33""E",FIX,
13:40:01.337,1786257601.338,PATH_FOLLOWING,11.060,-0.081,-1.941,0.00,0.246,-0.458,0.000,0.000,0.000,0.000,0.00,10.77567101,106.67092635,10.51,"10°46'32.42""N, 106°40'15.33""E",FIX,
13:40:01.465,1786257601.465,PATH_FOLLOWING,11.052,-0.099,-1.980,0.00,0.248,-0.343,0.000,0.000,0.000,0.000,0.00,10.77567101,106.67092635,10.51,"10°46'32.42""N, 106°40'15.33""E",FIX,
13:40:01.551,1786257601.552,PATH_FOLLOWING,11.046,-0.113,-2.004,0.00,0.248,-0.271,0.000,0.000,0.000,0.000,0.00,10.77567101,106.67092635,10.51,"10°46'32.42""N, 106°40'15.33""E",FIX,
13:40:01.648,1786257601.648,PATH_FOLLOWING,11.038,-0.130,-2.027,0.00,0.240,-0.722,0.000,0.000,0.000,0.000,0.00,10.77567087,106.67092652,10.51,"10°46'32.42""N, 106°40'15.34""E",FIX,
13:40:01.722,1786257601.722,PATH_FOLLOWING,11.031,-0.143,-2.060,0.00,0.242,-0.620,0.000,0.000,0.000,0.000,0.00,10.77567087,106.67092652,10.51,"10°46'32.42""N, 106°40'15.34""E",FIX,
13:40:01.872,1786257601.872,PATH_FOLLOWING,11.021,-0.160,-2.112,0.00,0.246,-0.452,0.000,0.000,0.000,0.000,0.00,10.77567087,106.67092652,10.51,"10°46'32.42""N, 106°40'15.34""E",FIX,
13:40:01.953,1786257601.953,PATH_FOLLOWING,11.016,-0.169,-2.134,0.00,0.247,-0.382,0.000,0.000,0.000,0.000,0.00,10.77567072,106.67092669,10.51,"10°46'32.41""N, 106°40'15.34""E",FIX,
13:40:02.051,1786257602.052,PATH_FOLLOWING,11.005,-0.185,-2.166,0.00,0.248,-0.276,0.000,0.000,0.000,0.000,0.00,10.77567072,106.67092669,10.51,"10°46'32.41""N, 106°40'15.34""E",FIX,
13:40:02.135,1786257602.135,PATH_FOLLOWING,10.997,-0.197,-2.186,0.00,0.249,-0.214,0.000,0.000,0.000,0.000,0.00,10.77567072,106.67092669,10.51,"10°46'32.41""N, 106°40'15.34""E",FIX,
13:40:02.235,1786257602.236,PATH_FOLLOWING,10.988,-0.209,-2.200,0.00,0.249,-0.166,0.000,0.000,0.000,0.000,0.00,10.77567056,106.67092685,10.51,"10°46'32.41""N, 106°40'15.34""E",FIX,
13:40:02.328,1786257602.329,PATH_FOLLOWING,10.976,-0.225,-2.215,0.00,0.250,-0.120,0.000,0.000,0.000,0.000,0.00,10.77567056,106.67092685,10.51,"10°46'32.41""N, 106°40'15.34""E",FIX,
13:40:02.442,1786257602.442,PATH_FOLLOWING,10.967,-0.237,-2.223,0.00,0.250,-0.095,0.000,0.000,0.000,0.000,0.00,10.77567056,106.67092685,10.51,"10°46'32.41""N, 106°40'15.34""E",FIX,
13:40:02.542,1786257602.543,PATH_FOLLOWING,10.958,-0.249,-2.229,0.00,0.250,-0.075,0.000,0.000,0.000,0.000,0.00,10.77567040,106.67092701,10.51,"10°46'32.41""N, 106°40'15.34""E",FIX,
13:40:02.648,1786257602.648,PATH_FOLLOWING,10.946,-0.265,-2.235,0.00,0.250,-0.055,0.000,0.000,0.000,0.000,0.00,10.77567040,106.67092701,10.51,"10°46'32.41""N, 106°40'15.34""E",FIX,
13:40:02.764,1786257602.764,PATH_FOLLOWING,10.940,-0.273,-2.238,0.00,0.250,-0.046,0.000,0.000,0.000,0.000,0.00,10.77567040,106.67092701,10.51,"10°46'32.41""N, 106°40'15.34""E",FIX,
13:40:02.843,1786257602.844,PATH_FOLLOWING,10.927,-0.289,-2.242,0.00,0.250,-0.033,0.000,0.000,0.000,0.000,0.00,10.77567024,106.67092717,10.51,"10°46'32.41""N, 106°40'15.34""E",FIX,
13:40:02.956,1786257602.957,PATH_FOLLOWING,10.915,-0.304,-2.245,0.00,0.250,-0.024,0.000,0.000,0.000,0.000,0.00,10.77567024,106.67092717,10.51,"10°46'32.41""N, 106°40'15.34""E",FIX,
13:40:03.049,1786257603.050,PATH_FOLLOWING,10.906,-0.316,-2.246,0.00,0.250,-0.019,0.000,0.000,0.000,0.000,0.00,10.77567024,106.67092717,10.51,"10°46'32.41""N, 106°40'15.34""E",FIX,
13:40:03.119,1786257603.120,PATH_FOLLOWING,10.896,-0.328,-2.248,0.00,0.250,-0.015,0.000,0.000,0.000,0.000,0.00,10.77567008,106.67092733,10.51,"10°46'32.41""N, 106°40'15.34""E",FIX,
13:40:03.204,1786257603.204,PATH_FOLLOWING,10.884,-0.343,-2.249,0.00,0.250,-0.011,0.000,0.000,0.000,0.000,0.00,10.77567008,106.67092733,10.51,"10°46'32.41""N, 106°40'15.34""E",FIX,
13:40:03.301,1786257603.301,PATH_FOLLOWING,10.874,-0.355,-2.250,0.00,0.250,-0.009,0.000,0.000,0.000,0.000,0.00,10.77567008,106.67092733,10.51,"10°46'32.41""N, 106°40'15.34""E",FIX,
13:40:03.391,1786257603.392,PATH_FOLLOWING,10.865,-0.367,-2.250,0.00,0.250,-0.007,0.000,0.000,0.000,0.000,0.00,10.77566992,106.67092749,10.51,"10°46'32.41""N, 106°40'15.34""E",FIX,
13:40:03.473,1786257603.474,PATH_FOLLOWING,10.852,-0.382,-2.251,0.00,0.250,-0.005,0.000,0.000,0.000,0.000,0.00,10.77566992,106.67092749,10.51,"10°46'32.41""N, 106°40'15.34""E",FIX,
13:40:03.561,1786257603.562,PATH_FOLLOWING,10.843,-0.394,-2.251,0.00,0.250,-0.004,0.000,0.000,0.000,0.000,0.00,10.77566992,106.67092749,10.51,"10°46'32.41""N, 106°40'15.34""E",FIX,
13:40:03.659,1786257603.660,PATH_FOLLOWING,10.833,-0.405,-2.252,0.00,0.250,-0.003,0.000,0.000,0.000,0.000,0.00,10.77566976,106.67092765,10.51,"10°46'32.41""N, 106°40'15.34""E",FIX,
13:40:03.782,1786257603.782,PATH_FOLLOWING,10.824,-0.417,-2.252,0.00,0.250,-0.003,0.000,0.000,0.000,0.000,0.00,10.77566976,106.67092765,10.51,"10°46'32.41""N, 106°40'15.34""E",FIX,
13:40:03.878,1786257603.878,PATH_FOLLOWING,10.814,-0.429,-2.252,0.00,0.250,-0.002,0.000,0.000,0.000,0.000,0.00,10.77566976,106.67092765,10.51,"10°46'32.41""N, 106°40'15.34""E",FIX,
13:40:03.993,1786257603.993,PATH_FOLLOWING,10.802,-0.444,-2.252,0.00,0.250,-0.002,0.000,0.000,0.000,0.000,0.00,10.77566960,106.67092781,10.51,"10°46'32.41""N, 106°40'15.34""E",FIX,
13:40:04.081,1786257604.081,PATH_FOLLOWING,10.792,-0.456,-2.252,0.00,0.250,-0.001,0.000,0.000,0.000,0.000,0.00,10.77566960,106.67092781,10.51,"10°46'32.41""N, 106°40'15.34""E",FIX,
13:40:04.252,1786257604.252,PATH_FOLLOWING,10.783,-0.468,-2.252,0.00,0.250,-0.001,0.000,0.000,0.000,0.000,0.00,10.77566960,106.67092781,10.51,"10°46'32.41""N, 106°40'15.34""E",FIX,
13:40:04.377,1786257604.377,PATH_FOLLOWING,10.770,-0.483,-2.252,0.00,0.250,-0.001,0.000,0.000,0.000,0.000,0.00,10.77566944,106.67092797,10.51,"10°46'32.41""N, 106°40'15.34""E",FIX,
13:40:04.435,1786257604.436,PATH_FOLLOWING,10.761,-0.495,-2.252,0.00,0.250,-0.001,0.000,0.000,0.000,0.000,0.00,10.77566944,106.67092797,10.51,"10°46'32.41""N, 106°40'15.34""E",FIX,
13:40:04.526,1786257604.526,PATH_FOLLOWING,10.751,-0.506,-2.252,0.00,0.250,-0.000,0.000,0.000,0.000,0.000,0.00,10.77566944,106.67092797,10.51,"10°46'32.41""N, 106°40'15.34""E",FIX,
13:40:04.615,1786257604.616,PATH_FOLLOWING,10.739,-0.522,-2.253,0.00,0.250,-0.000,0.000,0.000,0.000,0.000,0.00,10.77566927,106.67092813,10.51,"10°46'32.41""N, 106°40'15.34""E",FIX,
13:40:04.703,1786257604.703,PATH_FOLLOWING,10.729,-0.534,-2.253,0.00,0.250,-0.000,0.000,0.000,0.000,0.000,0.00,10.77566927,106.67092813,10.51,"10°46'32.41""N, 106°40'15.34""E",FIX,
13:40:04.823,1786257604.824,PATH_FOLLOWING,10.720,-0.545,-2.253,0.00,0.250,-0.000,0.000,0.000,0.000,0.000,0.00,10.77566927,106.67092813,10.51,"10°46'32.41""N, 106°40'15.34""E",FIX,
13:40:04.929,1786257604.930,PATH_FOLLOWING,10.707,-0.561,-2.253,0.00,0.250,-0.000,0.000,0.000,0.000,0.000,0.00,10.77566911,106.67092829,10.51,"10°46'32.41""N, 106°40'15.34""E",FIX,
13:40:05.008,1786257605.008,PATH_FOLLOWING,10.698,-0.572,-2.253,0.00,0.250,-0.000,0.000,0.000,0.000,0.000,0.00,10.77566911,106.67092829,10.51,"10°46'32.41""N, 106°40'15.34""E",FIX,
13:40:05.101,1786257605.102,PATH_FOLLOWING,10.688,-0.584,-2.253,0.00,0.250,-0.000,0.000,0.000,0.000,0.000,0.00,10.77566911,106.67092829,10.51,"10°46'32.41""N, 106°40'15.34""E",FIX,
13:40:05.162,1786257605.162,PATH_FOLLOWING,10.679,-0.596,-2.253,0.00,0.250,-0.000,0.000,0.000,0.000,0.000,0.00,10.77566911,106.67092829,10.51,"10°46'32.41""N, 106°40'15.34""E",FIX,
13:40:05.267,1786257605.268,PATH_FOLLOWING,10.666,-0.611,-2.253,0.00,0.000,0.000,0.000,0.000,0.000,0.000,0.00,10.77566895,106.67092845,10.51,"10°46'32.41""N, 106°40'15.34""E",FIX,
13:40:05.350,1786257605.351,UTURN_EXECUTION,10.663,-0.616,-2.253,0.00,0.250,-1.500,0.000,0.000,0.000,0.000,0.00,10.77566895,106.67092845,10.51,"10°46'32.41""N, 106°40'15.34""E",FIX,
13:40:05.409,1786257605.410,UTURN_EXECUTION,10.659,-0.620,-2.287,0.00,0.250,-1.500,0.000,0.000,0.000,0.000,0.00,10.77566895,106.67092845,10.51,"10°46'32.41""N, 106°40'15.34""E",FIX,
13:40:05.515,1786257605.516,UTURN_EXECUTION,10.645,-0.634,-2.407,0.00,0.250,-1.500,0.000,0.000,0.000,0.000,0.00,10.77566886,106.67092854,10.51,"10°46'32.41""N, 106°40'15.34""E",FIX,
13:40:05.591,1786257605.592,UTURN_EXECUTION,10.638,-0.641,-2.467,0.00,0.250,-1.500,0.000,0.000,0.000,0.000,0.00,10.77566886,106.67092854,10.51,"10°46'32.41""N, 106°40'15.34""E",FIX,
13:40:05.685,1786257605.686,UTURN_EXECUTION,10.621,-0.652,-2.587,0.00,0.250,-1.500,0.000,0.000,0.000,0.000,0.00,10.77566886,106.67092854,10.51,"10°46'32.41""N, 106°40'15.34""E",FIX,
13:40:05.789,1786257605.790,UTURN_EXECUTION,10.604,-0.662,-2.707,0.00,0.250,-1.500,0.000,0.000,0.000,0.000,0.00,10.77566869,106.67092870,10.51,"10°46'32.41""N, 106°40'15.34""E",FIX,
13:40:05.872,1786257605.873,UTURN_EXECUTION,10.590,-0.667,-2.797,0.00,0.250,-1.500,0.000,0.000,0.000,0.000,0.00,10.77566869,106.67092870,10.51,"10°46'32.41""N, 106°40'15.34""E",FIX,
13:40:05.963,1786257605.963,UTURN_EXECUTION,10.575,-0.672,-2.887,0.00,0.250,-1.500,0.000,0.000,0.000,0.000,0.00,10.77566869,106.67092870,10.51,"10°46'32.41""N, 106°40'15.34""E",FIX,
13:40:06.070,1786257606.070,UTURN_EXECUTION,10.556,-0.676,-3.007,0.00,0.250,-1.500,0.000,0.000,0.000,0.000,0.00,10.77566850,106.67092888,10.51,"10°46'32.41""N, 106°40'15.34""E",FIX,
13:40:06.181,1786257606.181,UTURN_EXECUTION,10.541,-0.677,-3.097,0.00,0.250,-1.500,0.000,0.000,0.000,0.000,0.00,10.77566850,106.67092888,10.51,"10°46'32.41""N, 106°40'15.34""E",FIX,
13:40:06.266,1786257606.267,UTURN_EXECUTION,10.526,-0.677,3.096,0.00,0.250,-1.500,0.000,0.000,0.000,0.000,0.00,10.77566850,106.67092888,10.51,"10°46'32.41""N, 106°40'15.34""E",FIX,
13:40:06.356,1786257606.357,UTURN_EXECUTION,10.511,-0.676,3.006,0.00,0.250,-1.500,0.000,0.000,0.000,0.000,0.00,10.77566831,106.67092907,10.51,"10°46'32.41""N, 106°40'15.34""E",FIX,
13:40:06.462,1786257606.463,UTURN_EXECUTION,10.496,-0.673,2.916,0.00,0.250,-1.500,0.000,0.000,0.000,0.000,0.00,10.77566831,106.67092907,10.51,"10°46'32.41""N, 106°40'15.34""E",FIX,
13:40:06.558,1786257606.558,UTURN_EXECUTION,10.482,-0.669,2.826,0.00,0.250,-1.500,0.000,0.000,0.000,0.000,0.00,10.77566831,106.67092907,10.51,"10°46'32.41""N, 106°40'15.34""E",FIX,
13:40:06.673,1786257606.674,UTURN_EXECUTION,10.459,-0.659,2.676,0.00,0.250,-1.500,0.000,0.000,0.000,0.000,0.00,10.77566810,106.67092929,10.51,"10°46'32.41""N, 106°40'15.35""E",FIX,
13:40:06.747,1786257606.748,UTURN_EXECUTION,10.450,-0.655,2.616,0.00,0.250,-1.500,0.000,0.000,0.000,0.000,0.00,10.77566810,106.67092929,10.51,"10°46'32.41""N, 106°40'15.35""E",FIX,
13:40:06.826,1786257606.827,UTURN_EXECUTION,10.433,-0.644,2.496,0.00,0.250,-1.500,0.000,0.000,0.000,0.000,0.00,10.77566810,106.67092929,10.51,"10°46'32.41""N, 106°40'15.35""E",FIX,
13:40:06.917,1786257606.917,UTURN_EXECUTION,10.418,-0.631,2.376,0.00,0.250,-1.500,0.000,0.000,0.000,0.000,0.00,10.77566789,106.67092953,10.51,"10°46'32.40""N, 106°40'15.35""E",FIX,
13:40:07.002,1786257607.003,UTURN_EXECUTION,10.411,-0.623,2.316,0.00,0.250,-1.500,0.000,0.000,0.000,0.000,0.00,10.77566789,106.67092953,10.51,"10°46'32.40""N, 106°40'15.35""E",FIX,
13:40:07.169,1786257607.170,UTURN_EXECUTION,10.398,-0.608,2.196,0.00,0.250,-1.500,0.000,0.000,0.000,0.000,0.00,10.77566789,106.67092953,10.51,"10°46'32.40""N, 106°40'15.35""E",FIX,
13:40:07.281,1786257607.282,UTURN_EXECUTION,10.388,-0.591,2.076,0.00,0.250,-1.500,0.000,0.000,0.000,0.000,0.00,10.77566766,106.67092977,10.51,"10°46'32.40""N, 106°40'15.35""E",FIX,
13:40:07.347,1786257607.348,UTURN_EXECUTION,10.383,-0.582,2.016,0.00,0.250,-1.500,0.000,0.000,0.000,0.000,0.00,10.77566766,106.67092977,10.51,"10°46'32.40""N, 106°40'15.35""E",FIX,
13:40:07.442,1786257607.442,UTURN_EXECUTION,10.376,-0.564,1.896,0.00,0.250,-1.500,0.000,0.000,0.000,0.000,0.00,10.77566766,106.67092977,10.51,"10°46'32.40""N, 106°40'15.35""E",FIX,
13:40:07.533,1786257607.533,UTURN_EXECUTION,10.371,-0.549,1.806,0.00,0.250,-1.500,0.000,0.000,0.000,0.000,0.00,10.77566744,106.67093002,10.51,"10°46'32.40""N, 106°40'15.35""E",FIX,
13:40:07.631,1786257607.632,UTURN_EXECUTION,10.369,-0.535,1.716,0.00,0.250,-1.500,0.000,0.000,0.000,0.000,0.00,10.77566744,106.67093002,10.51,"10°46'32.40""N, 106°40'15.35""E",FIX,
13:40:07.715,1786257607.716,UTURN_EXECUTION,10.367,-0.520,1.626,0.00,0.250,-1.500,0.000,0.000,0.000,0.000,0.00,10.77566744,106.67093002,10.51,"10°46'32.40""N, 106°40'15.35""E",FIX,
13:40:07.821,1786257607.822,UTURN_EXECUTION,10.367,-0.500,1.506,0.00,0.250,-1.500,0.000,0.000,0.000,0.000,0.00,10.77566721,106.67093024,10.51,"10°46'32.40""N, 106°40'15.35""E",FIX,
13:40:07.923,1786257607.923,UTURN_EXECUTION,10.369,-0.485,1.416,0.00,0.250,-1.500,0.000,0.000,0.000,0.000,0.00,10.77566721,106.67093024,10.51,"10°46'32.40""N, 106°40'15.35""E",FIX,
13:40:08.027,1786257608.028,UTURN_EXECUTION,10.373,-0.465,1.296,0.00,0.250,-1.500,0.000,0.000,0.000,0.000,0.00,10.77566721,106.67093024,10.51,"10°46'32.40""N, 106°40'15.35""E",FIX,
13:40:08.099,1786257608.099,UTURN_EXECUTION,10.376,-0.456,1.236,0.00,0.250,-1.500,0.000,0.000,0.000,0.000,0.00,10.77566699,106.67093039,10.51,"10°46'32.40""N, 106°40'15.35""E",FIX,
13:40:08.185,1786257608.186,UTURN_EXECUTION,10.384,-0.437,1.116,0.00,0.250,-1.500,0.000,0.000,0.000,0.000,0.00,10.77566699,106.67093039,10.51,"10°46'32.40""N, 106°40'15.35""E",FIX,
13:40:08.286,1786257608.286,UTURN_EXECUTION,10.391,-0.424,1.026,0.00,0.250,-1.500,0.000,0.000,0.000,0.000,0.00,10.77566699,106.67093039,10.51,"10°46'32.40""N, 106°40'15.35""E",FIX,
13:40:08.399,1786257608.400,UTURN_EXECUTION,10.402,-0.408,0.906,0.00,0.250,-1.500,0.000,0.000,0.000,0.000,0.00,10.77566678,106.67093048,10.51,"10°46'32.40""N, 106°40'15.35""E",FIX,
13:40:08.501,1786257608.502,UTURN_EXECUTION,10.412,-0.396,0.816,0.00,0.250,-1.500,0.000,0.000,0.000,0.000,0.00,10.77566678,106.67093048,10.51,"10°46'32.40""N, 106°40'15.35""E",FIX,
13:40:08.587,1786257608.588,UTURN_EXECUTION,10.427,-0.383,0.696,0.00,0.250,-1.500,0.000,0.000,0.000,0.000,0.00,10.77566678,106.67093048,10.51,"10°46'32.40""N, 106°40'15.35""E",FIX,
13:40:08.662,1786257608.662,UTURN_EXECUTION,10.439,-0.373,0.606,0.00,0.250,-1.500,0.000,0.000,0.000,0.000,0.00,10.77566657,106.67093050,10.51,"10°46'32.40""N, 106°40'15.35""E",FIX,
13:40:08.759,1786257608.759,UTURN_EXECUTION,10.451,-0.366,0.516,0.00,0.250,-1.500,0.000,0.000,0.000,0.000,0.00,10.77566657,106.67093050,10.51,"10°46'32.40""N, 106°40'15.35""E",FIX,
13:40:08.843,1786257608.843,UTURN_EXECUTION,10.465,-0.359,0.426,0.00,0.250,-1.500,0.000,0.000,0.000,0.000,0.00,10.77566657,106.67093050,10.51,"10°46'32.40""N, 106°40'15.35""E",FIX,
13:40:08.975,1786257608.975,UTURN_EXECUTION,10.479,-0.353,0.336,0.00,0.250,-1.500,0.000,0.000,0.000,0.083,0.00,10.77566638,106.67093047,10.51,"10°46'32.40""N, 106°40'15.35""E",FIX,
13:40:09.096,1786257609.096,UTURN_EXECUTION,10.493,-0.349,0.246,0.00,0.250,-1.500,0.000,0.000,0.000,0.062,0.00,10.77566638,106.67093047,10.51,"10°46'32.40""N, 106°40'15.35""E",FIX,
13:40:09.212,1786257609.213,UTURN_EXECUTION,10.513,-0.345,0.126,0.00,0.250,-1.500,0.000,0.000,0.000,0.000,0.00,10.77566638,106.67093047,10.51,"10°46'32.40""N, 106°40'15.35""E",FIX,
13:40:09.350,1786257609.351,UTURN_EXECUTION,10.537,-0.344,-0.024,0.00,0.250,-1.500,0.000,0.000,0.000,0.000,0.00,10.77566620,106.67093037,10.51,"10°46'32.40""N, 106°40'15.35""E",FIX,
13:40:09.413,1786257609.413,UTURN_EXECUTION,10.547,-0.344,-0.084,0.00,0.250,-1.500,0.000,0.000,0.000,0.000,0.00,10.77566620,106.67093037,10.51,"10°46'32.40""N, 106°40'15.35""E",FIX,
13:40:09.479,1786257609.479,UTURN_EXECUTION,10.562,-0.346,-0.174,0.00,0.250,-1.500,0.000,0.000,0.000,0.000,0.00,10.77566620,106.67093037,10.51,"10°46'32.40""N, 106°40'15.35""E",FIX,
13:40:09.587,1786257609.588,UTURN_EXECUTION,10.582,-0.351,-0.294,0.00,0.250,-1.500,0.000,0.000,0.000,0.000,0.00,10.77566602,106.67093022,10.51,"10°46'32.40""N, 106°40'15.35""E",FIX,
13:40:09.663,1786257609.663,UTURN_EXECUTION,10.596,-0.356,-0.384,0.00,0.250,-1.500,0.000,0.000,0.000,0.000,0.00,10.77566602,106.67093022,10.51,"10°46'32.40""N, 106°40'15.35""E",FIX,
13:40:09.733,1786257609.733,UTURN_EXECUTION,10.610,-0.362,-0.474,0.00,0.250,-1.500,0.000,0.000,0.000,0.000,0.00,10.77566602,106.67093022,10.51,"10°46'32.40""N, 106°40'15.35""E",FIX,
13:40:09.811,1786257609.812,UTURN_EXECUTION,10.618,-0.367,-0.534,0.00,0.250,-1.500,0.000,0.000,0.000,0.000,0.00,10.77566587,106.67093006,10.51,"10°46'32.40""N, 106°40'15.35""E",FIX,
13:40:09.911,1786257609.912,UTURN_EXECUTION,10.639,-0.381,-0.684,0.00,0.250,-1.500,0.000,0.000,0.000,0.000,0.00,10.77566587,106.67093006,10.51,"10°46'32.40""N, 106°40'15.35""E",FIX,
13:40:10.033,1786257610.034,UTURN_EXECUTION,10.650,-0.391,-0.774,0.00,0.250,-1.500,0.000,0.000,0.000,0.000,0.00,10.77566587,106.67093006,10.51,"10°46'32.40""N, 106°40'15.35""E",FIX,
13:40:10.095,1786257610.095,UTURN_EXECUTION,10.660,-0.402,-0.864,0.00,0.250,-1.500,0.000,0.000,0.000,0.000,0.00,10.77566570,106.67092988,10.51,"10°46'32.40""N, 106°40'15.35""E",FIX,
13:40:10.215,1786257610.215,UTURN_EXECUTION,10.669,-0.414,-0.954,0.00,0.250,-1.500,0.000,0.000,0.000,0.000,0.00,10.77566570,106.67092988,10.51,"10°46'32.40""N, 106°40'15.35""E",FIX,
13:40:10.312,1786257610.313,UTURN_EXECUTION,10.680,-0.431,-1.074,0.00,0.250,-1.500,0.000,0.000,0.000,0.000,0.00,10.77566570,106.67092988,10.51,"10°46'32.40""N, 106°40'15.35""E",FIX,
13:40:10.397,1786257610.397,UTURN_EXECUTION,10.687,-0.445,-1.164,0.00,0.250,-1.500,0.000,0.000,0.000,0.000,0.00,10.77566552,106.67092969,10.51,"10°46'32.40""N, 106°40'15.35""E",FIX,
13:40:10.488,1786257610.489,UTURN_EXECUTION,10.692,-0.459,-1.254,0.00,0.250,-1.500,0.000,0.000,0.000,0.000,0.00,10.77566552,106.67092969,10.51,"10°46'32.40""N, 106°40'15.35""E",FIX,
13:40:10.585,1786257610.585,UTURN_EXECUTION,10.697,-0.478,-1.374,0.00,0.250,-1.500,0.000,0.000,0.000,0.000,0.00,10.77566552,106.67092969,10.51,"10°46'32.40""N, 106°40'15.35""E",FIX,
13:40:10.652,1786257610.652,UTURN_EXECUTION,10.699,-0.493,-1.464,0.00,0.250,-1.500,0.000,0.000,0.000,0.042,0.00,10.77566531,106.67092949,10.51,"10°46'32.40""N, 106°40'15.35""E",FIX,
13:40:10.759,1786257610.759,UTURN_EXECUTION,10.700,-0.508,-1.554,0.00,0.250,-1.500,0.000,0.000,0.000,0.083,0.00,10.77566531,106.67092949,10.51,"10°46'32.40""N, 106°40'15.35""E",FIX,
13:40:10.870,1786257610.871,UTURN_EXECUTION,10.700,-0.523,-1.644,0.00,0.250,-1.500,0.000,0.000,0.000,0.146,0.00,10.77566531,106.67092949,10.51,"10°46'32.40""N, 106°40'15.35""E",FIX,
13:40:10.961,1786257610.961,UTURN_EXECUTION,10.698,-0.538,-1.734,0.00,0.250,-1.500,0.000,0.000,0.000,0.208,0.00,10.77566509,106.67092927,10.51,"10°46'32.39""N, 106°40'15.35""E",FIX,
13:40:11.068,1786257611.068,UTURN_EXECUTION,10.694,-0.557,-1.854,0.00,0.250,-1.500,0.000,0.000,0.000,1.000,0.00,10.77566509,106.67092927,10.51,"10°46'32.39""N, 106°40'15.35""E",FIX,
13:40:11.183,1786257611.184,TRACKING,10.689,-0.570,-1.938,0.72,0.450,-0.176,0.000,0.000,0.000,1.000,0.01,10.77566509,106.67092927,10.51,"10°46'32.39""N, 106°40'15.35""E",FIX,
13:40:11.322,1786257611.323,TRACKING,10.681,-0.590,-1.983,1.18,0.450,-0.840,0.000,0.000,0.000,1.000,0.04,10.77566488,106.67092903,10.51,"10°46'32.39""N, 106°40'15.34""E",FIX,
13:40:11.453,1786257611.453,TRACKING,10.662,-0.631,-2.042,1.37,0.450,-0.382,0.000,0.000,0.000,1.000,0.08,10.77566488,106.67092903,10.51,"10°46'32.39""N, 106°40'15.34""E",FIX,
13:40:11.521,1786257611.522,TRACKING,10.649,-0.655,-2.075,1.28,0.450,-0.092,0.000,0.000,0.000,0.604,0.11,10.77566488,106.67092903,10.51,"10°46'32.39""N, 106°40'15.34""E",FIX,
13:40:11.650,1786257611.651,TRACKING,10.640,-0.671,-2.086,1.16,0.450,0.007,0.000,0.000,0.000,0.687,0.13,10.77566477,106.67092863,10.51,"10°46'32.39""N, 106°40'15.34""E",FIX,
13:40:11.724,1786257611.724,TRACKING,10.622,-0.702,-2.093,1.09,0.450,-0.086,0.000,0.000,0.000,0.771,0.16,10.77566477,106.67092863,10.51,"10°46'32.39""N, 106°40'15.34""E",FIX,
13:40:11.804,1786257611.805,TRACKING,10.609,-0.725,-2.095,1.04,0.450,-0.118,0.000,0.000,0.000,0.833,0.19,10.77566477,106.67092863,10.51,"10°46'32.39""N, 106°40'15.34""E",FIX,
13:40:11.897,1786257611.897,TRACKING,10.595,-0.749,-2.101,1.01,0.450,-0.112,0.000,0.000,0.000,0.917,0.22,10.77566469,106.67092822,10.51,"10°46'32.39""N, 106°40'15.34""E",FIX,
13:40:12.070,1786257612.071,TRACKING,10.577,-0.780,-2.110,0.98,0.450,-0.133,0.000,0.000,0.000,1.000,0.25,10.77566469,106.67092822,10.51,"10°46'32.39""N, 106°40'15.34""E",FIX,
13:40:12.148,1786257612.149,TRACKING,10.563,-0.803,-2.117,0.94,0.450,-0.103,0.000,0.000,0.000,1.000,0.28,10.77566469,106.67092822,10.51,"10°46'32.39""N, 106°40'15.34""E",FIX,
13:40:12.237,1786257612.237,TRACKING,10.549,-0.826,-2.125,0.89,0.450,-0.070,0.000,0.000,0.000,1.000,0.31,10.77566462,106.67092781,10.51,"10°46'32.39""N, 106°40'15.34""E",FIX,
13:40:12.319,1786257612.320,TRACKING,10.530,-0.856,-2.131,0.85,0.450,-0.102,0.000,0.000,0.000,1.000,0.34,10.77566462,106.67092781,10.51,"10°46'32.39""N, 106°40'15.34""E",FIX,
13:40:12.397,1786257612.398,TRACKING,10.515,-0.879,-2.136,0.82,0.450,-0.088,0.000,0.000,0.000,1.000,0.37,10.77566462,106.67092781,10.51,"10°46'32.39""N, 106°40'15.34""E",FIX,
13:40:12.485,1786257612.486,TRACKING,10.501,-0.902,-2.142,0.79,0.450,-0.087,0.000,0.000,0.000,1.000,0.40,10.77566455,106.67092741,10.51,"10°46'32.39""N, 106°40'15.34""E",FIX,
13:40:12.584,1786257612.585,TRACKING,10.481,-0.932,-2.149,0.77,0.450,-0.099,0.000,0.000,0.000,1.000,0.43,10.77566455,106.67092741,10.51,"10°46'32.39""N, 106°40'15.34""E",FIX,
13:40:12.664,1786257612.665,TRACKING,10.466,-0.955,-2.155,0.74,0.450,-0.085,0.000,0.000,0.000,1.000,0.46,10.77566455,106.67092741,10.51,"10°46'32.39""N, 106°40'15.34""E",FIX,
13:40:12.742,1786257612.742,TRACKING,10.451,-0.977,-2.160,0.71,0.450,-0.080,0.000,0.000,0.000,1.000,0.49,10.77566448,106.67092700,10.51,"10°46'32.39""N, 106°40'15.34""E",FIX,
13:40:12.826,1786257612.826,TRACKING,10.436,-1.000,-2.165,0.69,0.450,-0.074,0.000,0.000,0.000,1.000,0.51,10.77566448,106.67092700,10.51,"10°46'32.39""N, 106°40'15.34""E",FIX,
13:40:12.930,1786257612.930,TRACKING,10.421,-1.022,-2.170,0.66,0.450,-0.081,0.000,0.000,0.000,1.000,0.54,10.77566448,106.67092700,10.51,"10°46'32.39""N, 106°40'15.34""E",FIX,
13:40:13.047,1786257613.047,TRACKING,10.401,-1.052,-2.176,0.64,0.450,-0.090,0.000,0.000,0.000,1.000,0.58,10.77566442,106.67092659,10.51,"10°46'32.39""N, 106°40'15.34""E",FIX,
13:40:13.105,1786257613.105,TRACKING,10.380,-1.081,-2.183,0.62,0.450,-0.080,0.000,0.000,0.000,1.000,0.61,10.77566442,106.67092659,10.51,"10°46'32.39""N, 106°40'15.34""E",FIX,
13:40:13.166,1786257613.166,TRACKING,10.370,-1.096,-2.186,0.60,0.450,-0.063,0.000,0.000,0.000,1.000,0.63,10.77566442,106.67092659,10.51,"10°46'32.39""N, 106°40'15.34""E",FIX,
13:40:13.286,1786257613.286,TRACKING,10.354,-1.118,-2.190,0.73,0.450,-0.299,0.000,0.000,0.000,1.000,0.66,10.77566442,106.67092659,10.51,"10°46'32.39""N, 106°40'15.34""E",FIX,
13:40:13.387,1786257613.388,TRACKING,10.333,-1.147,-2.202,0.79,0.450,-0.200,0.000,0.000,0.000,0.646,0.69,10.77566435,106.67092618,10.51,"10°46'32.39""N, 106°40'15.33""E",FIX,
13:40:13.530,1786257613.531,TRACKING,10.317,-1.169,-2.215,0.76,0.450,-0.095,0.000,0.000,0.000,0.687,0.72,10.77566435,106.67092618,10.51,"10°46'32.39""N, 106°40'15.33""E",FIX,
13:40:13.626,1786257613.627,TRACKING,10.295,-1.197,-2.227,0.71,0.450,-0.051,0.000,0.000,0.000,0.458,0.76,10.77566429,106.67092577,10.51,"10°46'32.39""N, 106°40'15.33""E",FIX,
13:40:13.704,1786257613.704,TRACKING,10.279,-1.219,-2.231,0.67,0.450,-0.065,0.000,0.000,0.000,0.521,0.78,10.77566429,106.67092577,10.51,"10°46'32.39""N, 106°40'15.33""E",FIX,
13:40:13.791,1786257613.791,TRACKING,10.257,-1.247,-2.236,0.65,0.450,-0.083,0.000,0.000,0.000,0.583,0.82,10.77566429,106.67092577,10.51,"10°46'32.39""N, 106°40'15.33""E",FIX,
13:40:13.895,1786257613.895,TRACKING,10.240,-1.268,-2.241,0.62,0.450,-0.056,0.000,0.000,0.000,0.667,0.85,10.77566424,106.67092536,10.51,"10°46'32.39""N, 106°40'15.33""E",FIX,
13:40:13.989,1786257613.989,TRACKING,10.218,-1.297,-2.246,0.60,0.450,-0.078,0.000,0.000,0.000,0.729,0.88,10.77566424,106.67092536,10.51,"10°46'32.39""N, 106°40'15.33""E",FIX,
13:40:14.059,1786257614.060,TRACKING,10.206,-1.311,-2.248,0.58,0.450,-0.055,0.000,0.000,0.000,0.812,0.90,10.77566424,106.67092536,10.51,"10°46'32.39""N, 106°40'15.33""E",FIX,
13:40:14.172,1786257614.173,TRACKING,10.184,-1.339,-2.254,0.55,0.450,-0.067,0.000,0.000,0.000,0.896,0.94,10.77566419,106.67092496,10.51,"10°46'32.39""N, 106°40'15.33""E",FIX,
13:40:14.241,1786257614.242,TRACKING,10.167,-1.359,-2.257,0.53,0.450,-0.043,0.000,0.000,0.000,0.958,0.96,10.77566419,106.67092496,10.51,"10°46'32.39""N, 106°40'15.33""E",FIX,
13:40:14.353,1786257614.354,TRACKING,10.144,-1.387,-2.261,0.50,0.450,-0.056,0.000,0.000,0.000,1.000,1.00,10.77566419,106.67092496,10.51,"10°46'32.39""N, 106°40'15.33""E",FIX,
13:40:14.424,1786257614.424,TRACKING,10.126,-1.408,-2.264,0.48,0.450,-0.044,0.000,0.000,0.000,1.000,1.03,10.77566415,106.67092455,10.51,"10°46'32.39""N, 106°40'15.33""E",FIX,
13:40:14.507,1786257614.508,TRACKING,10.109,-1.429,-2.267,0.46,0.450,-0.058,0.000,0.000,0.000,1.000,1.05,10.77566415,106.67092455,10.51,"10°46'32.39""N, 106°40'15.33""E",FIX,
13:40:14.592,1786257614.592,TRACKING,10.092,-1.450,-2.270,0.44,0.450,-0.048,0.000,0.000,0.000,1.000,1.08,10.77566415,106.67092455,10.51,"10°46'32.39""N, 106°40'15.33""E",FIX,
13:40:14.672,1786257614.672,TRACKING,10.074,-1.470,-2.273,0.42,0.450,-0.037,0.000,0.000,0.000,1.000,1.11,10.77566415,106.67092455,10.51,"10°46'32.39""N, 106°40'15.33""E",FIX,
13:40:14.773,1786257614.774,TRACKING,10.045,-1.504,-2.277,0.41,0.450,-0.056,0.000,0.000,0.000,1.000,1.15,10.77566410,106.67092414,10.51,"10°46'32.39""N, 106°40'15.33""E",FIX,
13:40:14.838,1786257614.838,TRACKING,10.034,-1.518,-2.279,0.39,0.450,-0.021,0.000,0.000,0.000,1.000,1.17,10.77566410,106.67092414,10.51,"10°46'32.39""N, 106°40'15.33""E",FIX,
13:40:14.940,1786257614.941,TRACKING,10.010,-1.545,-2.281,0.38,0.450,-0.052,0.000,0.000,0.000,1.000,1.21,10.77566407,106.67092373,10.51,"10°46'32.39""N, 106°40'15.33""E",FIX,
13:40:15.019,1786257615.020,TRACKING,9.992,-1.566,-2.284,0.37,0.450,-0.053,0.000,0.000,0.000,1.000,1.23,10.77566407,106.67092373,10.51,"10°46'32.39""N, 106°40'15.33""E",FIX,
13:40:15.131,1786257615.132,TRACKING,9.975,-1.586,-2.287,0.36,0.450,-0.043,0.000,0.000,0.000,1.000,1.26,10.77566407,106.67092373,10.51,"10°46'32.39""N, 106°40'15.33""E",FIX,
13:40:15.203,1786257615.204,TRACKING,9.951,-1.613,-2.291,0.34,0.450,-0.028,0.000,0.000,0.000,1.000,1.30,10.77566407,106.67092373,10.51,"10°46'32.39""N, 106°40'15.33""E",FIX,
13:40:15.306,1786257615.306,TRACKING,9.927,-1.640,-2.293,0.33,0.450,-0.042,0.000,0.000,0.000,1.000,1.33,10.77566403,106.67092331,10.51,"10°46'32.39""N, 106°40'15.32""E",FIX,
13:40:15.391,1786257615.391,TRACKING,9.915,-1.654,-2.295,0.32,0.450,-0.042,0.000,0.000,0.000,1.000,1.35,10.77566403,106.67092331,10.51,"10°46'32.39""N, 106°40'15.32""E",FIX,
13:40:15.495,1786257615.496,TRACKING,9.897,-1.674,-2.297,0.31,0.450,-0.032,0.000,0.000,0.000,1.000,1.38,10.77566403,106.67092331,10.51,"10°46'32.39""N, 106°40'15.32""E",FIX,
13:40:15.564,1786257615.564,TRACKING,9.880,-1.694,-2.300,0.30,0.450,-0.038,0.000,0.000,0.000,1.000,1.40,10.77566399,106.67092290,10.51,"10°46'32.39""N, 106°40'15.32""E",FIX,
13:40:15.726,1786257615.726,TRACKING,9.862,-1.714,-2.302,0.28,0.450,-0.024,0.000,0.000,0.000,1.000,1.43,10.77566399,106.67092290,10.51,"10°46'32.39""N, 106°40'15.32""E",FIX,
13:40:15.847,1786257615.848,TRACKING,9.831,-1.748,-2.305,0.38,0.450,-0.159,0.000,0.000,0.000,1.000,1.48,10.77566396,106.67092249,10.51,"10°46'32.39""N, 106°40'15.32""E",FIX,
13:40:15.956,1786257615.957,TRACKING,9.819,-1.761,-2.309,0.47,0.450,-0.213,0.000,0.000,0.000,0.854,1.49,10.77566396,106.67092249,10.51,"10°46'32.39""N, 106°40'15.32""E",FIX,
13:40:16.018,1786257616.019,TRACKING,9.801,-1.781,-2.318,0.48,0.450,-0.098,0.000,0.000,0.000,0.479,1.52,10.77566396,106.67092249,10.51,"10°46'32.39""N, 106°40'15.32""E",FIX,
13:40:16.115,1786257616.116,TRACKING,9.776,-1.807,-2.329,0.45,0.450,-0.045,0.000,0.000,0.000,0.542,1.56,10.77566396,106.67092249,10.51,"10°46'32.39""N, 106°40'15.32""E",FIX,
13:40:16.216,1786257616.216,TRACKING,9.758,-1.827,-2.333,0.42,0.450,-0.037,0.000,0.000,0.000,0.604,1.58,10.77566391,106.67092208,10.51,"10°46'32.39""N, 106°40'15.32""E",FIX,
13:40:16.307,1786257616.308,TRACKING,9.739,-1.846,-2.336,0.40,0.450,-0.030,0.000,0.000,0.000,0.667,1.61,10.77566391,106.67092208,10.51,"10°46'32.39""N, 106°40'15.32""E",FIX,
13:40:16.406,1786257616.407,TRACKING,9.714,-1.872,-2.338,0.38,0.450,-0.045,0.000,0.000,0.000,0.750,1.65,10.77566391,106.67092208,10.51,"10°46'32.39""N, 106°40'15.32""E",FIX,
13:40:16.499,1786257616.499,TRACKING,9.695,-1.892,-2.341,0.36,0.450,-0.036,0.000,0.000,0.000,0.833,1.67,10.77566389,106.67092167,10.51,"10°46'32.39""N, 106°40'15.32""E",FIX,
13:40:16.588,1786257616.588,TRACKING,9.677,-1.911,-2.343,0.34,0.450,-0.020,0.000,0.000,0.000,0.917,1.70,10.77566389,106.67092167,10.51,"10°46'32.39""N, 106°40'15.32""E",FIX,
13:40:16.673,1786257616.673,TRACKING,9.651,-1.937,-2.345,0.33,0.450,-0.041,0.000,0.000,0.000,1.000,1.74,10.77566389,106.67092167,10.51,"10°46'32.39""N, 106°40'15.32""E",FIX,
13:40:16.778,1786257616.778,TRACKING,9.633,-1.956,-2.347,0.32,0.450,-0.044,0.000,0.000,0.000,1.000,1.76,10.77566386,106.67092126,10.51,"10°46'32.39""N, 106°40'15.32""E",FIX,
13:40:16.882,1786257616.882,TRACKING,9.614,-1.975,-2.350,0.31,0.450,-0.030,0.000,0.000,0.000,1.000,1.79,10.77566386,106.67092126,10.51,"10°46'32.39""N, 106°40'15.32""E",FIX,
13:40:16.990,1786257616.990,TRACKING,9.582,-2.007,-2.353,0.30,0.450,-0.042,0.000,0.000,0.000,1.000,1.84,10.77566383,106.67092085,10.51,"10°46'32.39""N, 106°40'15.32""E",FIX,
13:40:17.038,1786257617.039,TRACKING,9.569,-2.020,-2.355,0.28,0.450,-0.001,0.000,0.000,0.000,1.000,1.85,10.77566383,106.67092085,10.51,"10°46'32.39""N, 106°40'15.32""E",FIX,
13:40:17.143,1786257617.144,TRACKING,9.550,-2.039,-2.355,0.27,0.450,-0.033,0.000,0.000,0.000,1.000,1.88,10.77566383,106.67092085,10.51,"10°46'32.39""N, 106°40'15.32""E",FIX,
13:40:17.272,1786257617.272,TRACKING,9.531,-2.058,-2.357,0.27,0.450,-0.038,0.000,0.000,0.000,1.000,1.91,10.77566383,106.67092085,10.51,"10°46'32.39""N, 106°40'15.32""E",FIX,
13:40:17.389,1786257617.389,TRACKING,9.499,-2.090,-2.360,0.25,0.450,-0.028,0.000,0.000,0.000,1.000,1.95,10.77566381,106.67092044,10.51,"10°46'32.39""N, 106°40'15.31""E",FIX,
13:40:17.486,1786257617.487,TRACKING,9.480,-2.109,-2.362,0.24,0.450,-0.030,0.000,0.000,0.000,1.000,1.98,10.77566381,106.67092044,10.51,"10°46'32.39""N, 106°40'15.31""E",FIX,
13:40:17.580,1786257617.580,TRACKING,9.461,-2.128,-2.364,0.23,0.450,-0.017,0.000,0.000,0.000,1.000,2.01,10.77566381,106.67092044,10.51,"10°46'32.39""N, 106°40'15.31""E",FIX,
13:40:17.638,1786257617.639,TRACKING,9.448,-2.141,-2.365,0.22,0.450,-0.016,0.000,0.000,0.000,1.000,2.02,10.77566379,106.67092003,10.51,"10°46'32.39""N, 106°40'15.31""E",FIX,
13:40:17.738,1786257617.739,TRACKING,9.422,-2.166,-2.366,0.21,0.450,-0.030,0.000,0.000,0.000,1.000,2.06,10.77566379,106.67092003,10.51,"10°46'32.39""N, 106°40'15.31""E",FIX,
13:40:17.809,1786257617.809,TRACKING,9.403,-2.185,-2.368,0.21,0.450,-0.031,0.000,0.000,0.000,1.000,2.09,10.77566379,106.67092003,10.51,"10°46'32.39""N, 106°40'15.31""E",FIX,
13:40:17.932,1786257617.932,TRACKING,9.377,-2.210,-2.370,0.20,0.450,-0.018,0.000,0.000,0.000,1.000,2.12,10.77566377,106.67091962,10.51,"10°46'32.39""N, 106°40'15.31""E",FIX,
13:40:18.013,1786257618.014,TRACKING,9.358,-2.229,-2.372,0.19,0.450,-0.021,0.000,0.000,0.000,1.000,2.15,10.77566377,106.67091962,10.51,"10°46'32.39""N, 106°40'15.31""E",FIX,
13:40:18.136,1786257618.137,TRACKING,9.338,-2.247,-2.373,0.19,0.450,-0.026,0.000,0.000,0.000,1.000,2.18,10.77566377,106.67091962,10.51,"10°46'32.39""N, 106°40'15.31""E",FIX,
13:40:18.240,1786257618.240,TRACKING,9.313,-2.272,-2.375,0.17,0.450,-0.014,0.000,0.000,0.000,1.000,2.21,10.77566375,106.67091921,10.51,"10°46'32.39""N, 106°40'15.31""E",FIX,
13:40:18.360,1786257618.360,TRACKING,9.293,-2.291,-2.376,0.17,0.450,-0.017,0.000,0.000,0.000,1.000,2.24,10.77566375,106.67091921,10.51,"10°46'32.39""N, 106°40'15.31""E",FIX,
13:40:18.440,1786257618.440,TRACKING,9.274,-2.310,-2.377,0.17,0.450,-0.038,0.000,0.000,0.000,1.000,2.27,10.77566375,106.67091921,10.51,"10°46'32.39""N, 106°40'15.31""E",FIX,
13:40:18.529,1786257618.529,TRACKING,9.254,-2.329,-2.378,0.19,0.450,-0.052,0.000,0.000,0.000,0.521,2.29,10.77566373,106.67091880,10.51,"10°46'32.39""N, 106°40'15.31""E",FIX,
13:40:18.635,1786257618.636,TRACKING,9.228,-2.353,-2.382,0.19,0.450,-0.027,0.000,0.000,0.000,0.521,2.33,10.77566373,106.67091880,10.51,"10°46'32.39""N, 106°40'15.31""E",FIX,
13:40:18.733,1786257618.734,TRACKING,9.208,-2.372,-2.384,0.17,0.450,-0.012,0.000,0.000,0.000,0.583,2.36,10.77566373,106.67091880,10.51,"10°46'32.39""N, 106°40'15.31""E",FIX,
13:40:18.831,1786257618.831,TRACKING,9.189,-2.391,-2.385,0.17,0.450,-0.016,0.000,0.000,0.000,0.667,2.38,10.77566371,106.67091838,10.51,"10°46'32.39""N, 106°40'15.31""E",FIX,
13:40:18.938,1786257618.938,TRACKING,9.163,-2.415,-2.386,0.16,0.450,-0.022,0.000,0.000,0.000,0.729,2.42,10.77566371,106.67091838,10.51,"10°46'32.39""N, 106°40'15.31""E",FIX,
13:40:19.024,1786257619.025,TRACKING,9.143,-2.434,-2.387,0.15,0.450,-0.006,0.000,0.000,0.000,0.792,2.45,10.77566371,106.67091838,10.51,"10°46'32.39""N, 106°40'15.31""E",FIX,
13:40:19.129,1786257619.129,TRACKING,9.123,-2.452,-2.388,0.14,0.450,-0.014,0.000,0.000,0.000,0.875,2.47,10.77566369,106.67091797,10.51,"10°46'32.39""N, 106°40'15.30""E",FIX,
13:40:19.207,1786257619.207,TRACKING,9.104,-2.471,-2.389,0.14,0.450,-0.017,0.000,0.000,0.000,0.937,2.50,10.77566369,106.67091797,10.51,"10°46'32.39""N, 106°40'15.30""E",FIX,
13:40:19.309,1786257619.310,TRACKING,9.084,-2.489,-2.390,0.13,0.450,-0.018,0.000,0.000,0.000,1.000,2.53,10.77566369,106.67091797,10.51,"10°46'32.39""N, 106°40'15.30""E",FIX,
13:40:19.433,1786257619.434,TRACKING,9.058,-2.514,-2.391,0.13,0.450,-0.020,0.000,0.000,0.000,1.000,2.56,10.77566368,106.67091756,10.51,"10°46'32.39""N, 106°40'15.30""E",FIX,
13:40:19.528,1786257619.529,TRACKING,9.038,-2.532,-2.392,0.12,0.450,-0.003,0.000,0.000,0.000,1.000,2.59,10.77566368,106.67091756,10.51,"10°46'32.39""N, 106°40'15.30""E",FIX,
13:40:19.626,1786257619.626,TRACKING,9.011,-2.557,-2.393,0.11,0.450,-0.011,0.000,0.000,0.000,1.000,2.63,10.77566368,106.67091756,10.51,"10°46'32.39""N, 106°40'15.30""E",FIX,
13:40:19.727,1786257619.728,TRACKING,8.992,-2.575,-2.393,0.11,0.450,-0.013,0.000,0.000,0.000,1.000,2.65,10.77566366,106.67091715,10.51,"10°46'32.39""N, 106°40'15.30""E",FIX,
13:40:19.832,1786257619.833,TRACKING,8.965,-2.599,-2.394,0.11,0.450,-0.015,0.000,0.000,0.000,1.000,2.69,10.77566366,106.67091715,10.51,"10°46'32.39""N, 106°40'15.30""E",FIX,
13:40:19.899,1786257619.900,TRACKING,8.945,-2.618,-2.395,0.11,0.450,-0.016,0.000,0.000,0.000,1.000,2.72,10.77566366,106.67091715,10.51,"10°46'32.39""N, 106°40'15.30""E",FIX,
13:40:19.978,1786257619.978,TRACKING,8.926,-2.636,-2.396,0.11,0.450,-0.016,0.000,0.000,0.000,1.000,2.74,10.77566365,106.67091674,10.51,"10°46'32.39""N, 106°40'15.30""E",FIX,
13:40:20.098,1786257620.099,TRACKING,8.906,-2.654,-2.397,0.09,0.450,-0.000,0.000,0.000,0.000,1.000,2.77,10.77566365,106.67091674,10.51,"10°46'32.39""N, 106°40'15.30""E",FIX,
13:40:20.182,1786257620.183,TRACKING,8.879,-2.679,-2.398,0.09,0.450,-0.006,0.000,0.000,0.000,1.000,2.81,10.77566365,106.67091674,10.51,"10°46'32.39""N, 106°40'15.30""E",FIX,
13:40:20.306,1786257620.307,TRACKING,8.859,-2.697,-2.398,0.08,0.450,-0.009,0.000,0.000,0.000,1.000,2.83,10.77566364,106.67091633,10.51,"10°46'32.39""N, 106°40'15.30""E",FIX,
13:40:20.424,1786257620.425,TRACKING,8.840,-2.715,-2.398,0.08,0.450,-0.010,0.000,0.000,0.000,1.000,2.86,10.77566364,106.67091633,10.51,"10°46'32.39""N, 106°40'15.30""E",FIX,
13:40:20.524,1786257620.524,TRACKING,8.820,-2.734,-2.399,0.08,0.450,-0.012,0.000,0.000,0.000,1.000,2.89,10.77566364,106.67091633,10.51,"10°46'32.39""N, 106°40'15.30""E",FIX,
13:40:20.643,1786257620.644,TRACKING,8.793,-2.758,-2.400,0.08,0.450,-0.012,0.000,0.000,0.000,1.000,2.92,10.77566362,106.67091592,10.51,"10°46'32.39""N, 106°40'15.30""E",FIX,
13:40:20.708,1786257620.709,TRACKING,8.773,-2.776,-2.401,0.08,0.450,-0.012,0.000,0.000,0.000,1.000,2.95,10.77566362,106.67091592,10.51,"10°46'32.39""N, 106°40'15.30""E",FIX,
13:40:20.792,1786257620.793,TRACKING,8.747,-2.800,-2.402,0.08,0.450,-0.013,0.000,0.000,0.000,1.000,2.99,10.77566362,106.67091592,10.51,"10°46'32.39""N, 106°40'15.30""E",FIX,
13:40:20.861,1786257620.861,TRACKING,8.733,-2.813,-2.402,0.08,0.450,-0.013,0.000,0.000,0.000,1.000,3.01,10.77566361,106.67091551,10.51,"10°46'32.39""N, 106°40'15.30""E",FIX,
13:40:20.945,1786257620.946,TRACKING,8.713,-2.831,-2.403,0.08,0.450,-0.013,0.000,0.000,0.000,1.000,3.03,10.77566361,106.67091551,10.51,"10°46'32.39""N, 106°40'15.30""E",FIX,
13:40:21.050,1786257621.050,TRACKING,8.687,-2.855,-2.404,0.08,0.450,-0.013,0.000,0.000,0.000,1.000,3.07,10.77566361,106.67091551,10.51,"10°46'32.39""N, 106°40'15.30""E",FIX,
13:40:21.146,1786257621.147,TRACKING,8.667,-2.873,-2.405,0.09,0.450,-0.034,0.000,0.000,0.000,1.000,3.10,10.77566360,106.67091509,10.51,"10°46'32.39""N, 106°40'15.29""E",FIX,
13:40:21.271,1786257621.272,TRACKING,8.640,-2.897,-2.407,0.10,0.450,-0.022,0.000,0.000,0.000,0.625,3.13,10.77566360,106.67091509,10.51,"10°46'32.39""N, 106°40'15.29""E",FIX,
13:40:21.368,1786257621.369,TRACKING,8.620,-2.915,-2.409,0.09,0.450,-0.004,0.000,0.000,0.000,0.604,3.16,10.77566360,106.67091509,10.51,"10°46'32.39""N, 106°40'15.29""E",FIX,
13:40:21.497,1786257621.498,TRACKING,8.600,-2.933,-2.409,0.08,0.450,-0.008,0.000,0.000,0.000,0.667,3.19,10.77566359,106.67091468,10.51,"10°46'32.39""N, 106°40'15.29""E",FIX,
13:40:21.588,1786257621.588,TRACKING,8.580,-2.951,-2.410,0.08,0.450,-0.010,0.000,0.000,0.000,0.750,3.21,10.77566359,106.67091468,10.51,"10°46'32.39""N, 106°40'15.29""E",FIX,
13:40:21.683,1786257621.684,TRACKING,8.553,-2.976,-2.410,0.08,0.450,-0.012,0.000,0.000,0.000,0.833,3.25,10.77566359,106.67091468,10.51,"10°46'32.39""N, 106°40'15.29""E",FIX,
13:40:21.797,1786257621.798,TRACKING,8.533,-2.994,-2.411,0.08,0.450,-0.012,0.000,0.000,0.000,0.896,3.28,10.77566358,106.67091427,10.51,"10°46'32.39""N, 106°40'15.29""E",FIX,
13:40:21.893,1786257621.893,TRACKING,8.506,-3.018,-2.412,0.08,0.450,-0.012,0.000,0.000,0.000,0.979,3.31,10.77566358,106.67091427,10.51,"10°46'32.39""N, 106°40'15.29""E",FIX,
13:40:21.978,1786257621.978,TRACKING,8.486,-3.036,-2.413,0.08,0.450,-0.013,0.000,0.000,0.000,1.000,3.34,10.77566358,106.67091427,10.51,"10°46'32.39""N, 106°40'15.29""E",FIX,
13:40:22.059,1786257622.060,TRACKING,8.466,-3.054,-2.413,0.07,0.450,0.005,0.000,0.000,0.000,1.000,3.37,10.77566357,106.67091386,10.51,"10°46'32.39""N, 106°40'15.29""E",FIX,
13:40:22.193,1786257622.193,TRACKING,8.439,-3.078,-2.413,0.06,0.450,-0.003,0.000,0.000,0.000,1.000,3.40,10.77566357,106.67091386,10.51,"10°46'32.39""N, 106°40'15.29""E",FIX,
13:40:22.287,1786257622.287,TRACKING,8.412,-3.101,-2.413,0.07,0.450,-0.020,0.000,0.000,0.000,1.000,3.44,10.77566357,106.67091386,10.51,"10°46'32.39""N, 106°40'15.29""E",FIX,
13:40:22.346,1786257622.346,TRACKING,8.399,-3.113,-2.414,0.07,0.450,-0.023,0.000,0.000,0.000,1.000,3.46,10.77566356,106.67091345,10.51,"10°46'32.39""N, 106°40'15.29""E",FIX,
13:40:22.456,1786257622.456,TRACKING,8.379,-3.131,-2.415,0.06,0.450,-0.000,0.000,0.000,0.000,1.000,3.48,10.77566356,106.67091345,10.51,"10°46'32.39""N, 106°40'15.29""E",FIX,
13:40:22.562,1786257622.563,TRACKING,8.352,-3.155,-2.416,0.06,0.450,-0.004,0.000,0.000,0.000,1.000,3.52,10.77566356,106.67091345,10.51,"10°46'32.39""N, 106°40'15.29""E",FIX,
13:40:22.654,1786257622.654,TRACKING,8.331,-3.173,-2.416,0.06,0.450,-0.005,0.000,0.000,0.000,1.000,3.55,10.77566355,106.67091304,10.51,"10°46'32.39""N, 106°40'15.29""E",FIX,
13:40:22.761,1786257622.761,TRACKING,8.311,-3.191,-2.416,0.05,0.450,-0.007,0.000,0.000,0.000,1.000,3.57,10.77566355,106.67091304,10.51,"10°46'32.39""N, 106°40'15.29""E",FIX,
13:40:22.865,1786257622.865,TRACKING,8.291,-3.209,-2.417,0.05,0.450,-0.008,0.000,0.000,0.000,1.000,3.60,10.77566355,106.67091304,10.51,"10°46'32.39""N, 106°40'15.29""E",FIX,
13:40:22.968,1786257622.968,TRACKING,8.264,-3.233,-2.417,0.05,0.450,-0.008,0.000,0.000,0.000,1.000,3.64,10.77566354,106.67091263,10.51,"10°46'32.39""N, 106°40'15.29""E",FIX,
13:40:23.032,1786257623.033,TRACKING,8.244,-3.251,-2.418,0.05,0.450,-0.008,0.000,0.000,0.000,1.000,3.66,10.77566354,106.67091263,10.51,"10°46'32.39""N, 106°40'15.29""E",FIX,
13:40:23.131,1786257623.132,TRACKING,8.224,-3.269,-2.418,0.05,0.450,-0.008,0.000,0.000,0.000,1.000,3.69,10.77566354,106.67091263,10.51,"10°46'32.39""N, 106°40'15.29""E",FIX,
13:40:23.222,1786257623.222,TRACKING,8.203,-3.287,-2.419,0.05,0.450,-0.008,0.000,0.000,0.000,1.000,3.72,10.77566354,106.67091263,10.51,"10°46'32.39""N, 106°40'15.29""E",FIX,
13:40:23.339,1786257623.340,TRACKING,8.176,-3.310,-2.419,0.05,0.450,-0.009,0.000,0.000,0.000,1.000,3.75,10.77566353,106.67091221,10.51,"10°46'32.39""N, 106°40'15.28""E",FIX,
13:40:23.433,1786257623.433,TRACKING,8.156,-3.328,-2.420,0.05,0.450,-0.009,0.000,0.000,0.000,1.000,3.78,10.77566353,106.67091221,10.51,"10°46'32.39""N, 106°40'15.28""E",FIX,
13:40:23.536,1786257623.537,TRACKING,8.129,-3.352,-2.420,0.05,0.450,-0.009,0.000,0.000,0.000,1.000,3.82,10.77566352,106.67091180,10.51,"10°46'32.39""N, 106°40'15.28""E",FIX,
13:40:23.615,1786257623.615,TRACKING,8.109,-3.370,-2.421,0.05,0.450,-0.009,0.000,0.000,0.000,1.000,3.84,10.77566352,106.67091180,10.51,"10°46'32.39""N, 106°40'15.28""E",FIX,
13:40:23.735,1786257623.735,TRACKING,8.088,-3.388,-2.421,0.05,0.450,-0.009,0.000,0.000,0.000,1.000,3.87,10.77566352,106.67091180,10.51,"10°46'32.39""N, 106°40'15.28""E",FIX,
13:40:23.856,1786257623.856,TRACKING,8.061,-3.411,-2.422,0.09,0.450,-0.054,0.000,0.000,0.000,1.000,3.91,10.77566351,106.67091139,10.51,"10°46'32.39""N, 106°40'15.28""E",FIX,
13:40:23.958,1786257623.959,TRACKING,8.041,-3.429,-2.425,0.10,0.450,-0.025,0.000,0.000,0.000,0.500,3.93,10.77566351,106.67091139,10.51,"10°46'32.39""N, 106°40'15.28""E",FIX,
13:40:24.074,1786257624.074,TRACKING,8.014,-3.453,-2.428,0.09,0.450,-0.006,0.000,0.000,0.000,0.562,3.97,10.77566351,106.67091139,10.51,"10°46'32.39""N, 106°40'15.28""E",FIX,
13:40:24.175,1786257624.176,TRACKING,7.994,-3.470,-2.428,0.08,0.450,-0.009,0.000,0.000,0.000,0.625,4.00,10.77566350,106.67091098,10.51,"10°46'32.39""N, 106°40'15.28""E",FIX,
13:40:24.242,1786257624.243,TRACKING,7.973,-3.488,-2.429,0.08,0.450,-0.011,0.000,0.000,0.000,0.708,4.02,10.77566350,106.67091098,10.51,"10°46'32.39""N, 106°40'15.28""E",FIX,
13:40:24.312,1786257624.313,TRACKING,7.953,-3.506,-2.429,0.08,0.450,-0.011,0.000,0.000,0.000,0.771,4.05,10.77566350,106.67091098,10.51,"10°46'32.39""N, 106°40'15.28""E",FIX,
13:40:24.462,1786257624.462,TRACKING,7.919,-3.535,-2.430,0.08,0.450,-0.012,0.000,0.000,0.000,0.833,4.09,10.77566350,106.67091057,10.51,"10°46'32.39""N, 106°40'15.28""E",FIX,
13:40:24.512,1786257624.512,TRACKING,7.905,-3.547,-2.431,0.08,0.450,-0.012,0.000,0.000,0.000,0.917,4.11,10.77566350,106.67091057,10.51,"10°46'32.39""N, 106°40'15.28""E",FIX,
13:40:24.611,1786257624.611,TRACKING,7.884,-3.564,-2.431,0.07,0.450,0.006,0.000,0.000,0.000,1.000,4.14,10.77566350,106.67091057,10.51,"10°46'32.39""N, 106°40'15.28""E",FIX,
13:40:24.713,1786257624.714,TRACKING,7.857,-3.588,-2.432,0.06,0.450,-0.002,0.000,0.000,0.000,1.000,4.18,10.77566349,106.67091016,10.51,"10°46'32.39""N, 106°40'15.28""E",FIX,
13:40:24.770,1786257624.771,TRACKING,7.837,-3.606,-2.432,0.06,0.450,-0.013,0.000,0.000,0.000,1.000,4.20,10.77566349,106.67091016,10.51,"10°46'32.39""N, 106°40'15.28""E",FIX,
13:40:24.899,1786257624.900,TRACKING,7.816,-3.623,-2.432,0.06,0.450,-0.003,0.000,0.000,0.000,1.000,4.23,10.77566349,106.67091016,10.51,"10°46'32.39""N, 106°40'15.28""E",FIX,
13:40:24.970,1786257624.970,TRACKING,7.796,-3.641,-2.433,0.06,0.450,-0.006,0.000,0.000,0.000,1.000,4.26,10.77566349,106.67091016,10.51,"10°46'32.39""N, 106°40'15.28""E",FIX,
13:40:25.105,1786257625.106,TRACKING,7.775,-3.658,-2.433,0.05,0.450,-0.007,0.000,0.000,0.000,1.000,4.28,10.77566348,106.67090975,10.51,"10°46'32.39""N, 106°40'15.28""E",FIX,
13:40:25.259,1786257625.260,TRACKING,7.748,-3.682,-2.434,0.05,0.450,-0.008,0.000,0.000,0.000,1.000,4.32,10.77566348,106.67090975,10.51,"10°46'32.39""N, 106°40'15.28""E",FIX,
13:40:25.341,1786257625.341,TRACKING,7.727,-3.699,-2.434,0.05,0.450,-0.008,0.000,0.000,0.000,1.000,4.35,10.77566348,106.67090975,10.51,"10°46'32.39""N, 106°40'15.28""E",FIX,
13:40:25.445,1786257625.445,TRACKING,7.693,-3.729,-2.435,0.05,0.450,-0.008,0.000,0.000,0.000,1.000,4.39,10.77566348,106.67090933,10.51,"10°46'32.39""N, 106°40'15.27""E",FIX,
13:40:25.503,1786257625.503,TRACKING,7.679,-3.740,-2.435,0.05,0.450,-0.008,0.000,0.000,0.000,1.000,4.41,10.77566348,106.67090933,10.51,"10°46'32.39""N, 106°40'15.27""E",FIX,
13:40:25.593,1786257625.593,TRACKING,7.659,-3.758,-2.436,0.05,0.450,-0.009,0.000,0.000,0.000,1.000,4.44,10.77566348,106.67090933,10.51,"10°46'32.39""N, 106°40'15.27""E",FIX,
13:40:25.674,1786257625.675,TRACKING,7.632,-3.781,-2.436,0.05,0.450,-0.009,0.000,0.000,0.000,1.000,4.47,10.77566347,106.67090892,10.51,"10°46'32.39""N, 106°40'15.27""E",FIX,
13:40:25.773,1786257625.773,TRACKING,7.611,-3.799,-2.437,0.05,0.450,-0.009,0.000,0.000,0.000,1.000,4.50,10.77566347,106.67090892,10.51,"10°46'32.39""N, 106°40'15.27""E",FIX,
13:40:25.872,1786257625.872,TRACKING,7.584,-3.822,-2.438,0.05,0.450,-0.009,0.000,0.000,0.000,1.000,4.54,10.77566347,106.67090851,10.51,"10°46'32.39""N, 106°40'15.27""E",FIX,
13:40:25.952,1786257625.952,TRACKING,7.563,-3.839,-2.438,0.05,0.450,-0.009,0.000,0.000,0.000,1.000,4.56,10.77566347,106.67090851,10.51,"10°46'32.39""N, 106°40'15.27""E",FIX,
13:40:26.052,1786257626.053,TRACKING,7.542,-3.857,-2.439,0.05,0.450,-0.009,0.000,0.000,0.000,1.000,4.59,10.77566347,106.67090851,10.51,"10°46'32.39""N, 106°40'15.27""E",FIX,
13:40:26.188,1786257626.188,TRACKING,7.515,-3.880,-2.439,0.05,0.450,-0.009,0.000,0.000,0.000,1.000,4.63,10.77566346,106.67090810,10.51,"10°46'32.39""N, 106°40'15.27""E",FIX,
13:40:26.279,1786257626.280,TRACKING,7.501,-3.892,-2.440,0.05,0.450,-0.009,0.000,0.000,0.000,1.000,4.64,10.77566346,106.67090810,10.51,"10°46'32.39""N, 106°40'15.27""E",FIX,
13:40:26.388,1786257626.388,TRACKING,7.481,-3.909,-2.440,0.05,0.450,-0.009,0.000,0.000,0.000,1.000,4.67,10.77566346,106.67090810,10.51,"10°46'32.39""N, 106°40'15.27""E",FIX,
13:40:26.506,1786257626.506,TRACKING,7.460,-3.927,-2.441,0.03,0.450,0.030,0.000,0.000,0.000,1.000,4.70,10.77566346,106.67090810,10.51,"10°46'32.39""N, 106°40'15.27""E",FIX,
13:40:26.701,1786257626.701,TRACKING,7.439,-3.944,-2.439,0.02,0.450,0.012,0.000,0.000,0.000,0.562,4.72,10.77566346,106.67090769,10.51,"10°46'32.39""N, 106°40'15.27""E",FIX,
13:40:26.828,1786257626.829,TRACKING,7.412,-3.967,-2.438,0.02,0.450,-0.008,0.000,0.000,0.000,0.625,4.76,10.77566346,106.67090769,10.51,"10°46'32.39""N, 106°40'15.27""E",FIX,
13:40:26.899,1786257626.900,TRACKING,7.391,-3.985,-2.437,0.02,0.450,-0.007,0.000,0.000,0.000,0.708,4.79,10.77566346,106.67090769,10.51,"10°46'32.39""N, 106°40'15.27""E",FIX,
13:40:26.995,1786257626.995,TRACKING,7.364,-4.008,-2.438,0.02,0.450,-0.006,0.000,0.000,0.000,0.771,4.82,10.77566346,106.67090728,10.51,"10°46'32.39""N, 106°40'15.27""E",FIX,
13:40:27.098,1786257627.099,TRACKING,7.343,-4.025,-2.438,0.03,0.450,-0.005,0.000,0.000,0.000,0.833,4.85,10.77566346,106.67090728,10.51,"10°46'32.39""N, 106°40'15.27""E",FIX,
13:40:27.196,1786257627.197,TRACKING,7.316,-4.049,-2.439,0.03,0.450,-0.005,0.000,0.000,0.000,0.917,4.89,10.77566346,106.67090728,10.51,"10°46'32.39""N, 106°40'15.27""E",FIX,
13:40:27.267,1786257627.267,TRACKING,7.302,-4.060,-2.439,0.03,0.450,-0.005,0.000,0.000,0.000,1.000,4.90,10.77566345,106.67090687,10.51,"10°46'32.39""N, 106°40'15.26""E",FIX,
13:40:27.407,1786257627.408,TRACKING,7.275,-4.084,-2.439,0.01,0.450,0.010,0.000,0.000,0.000,1.000,4.94,10.77566345,106.67090687,10.51,"10°46'32.39""N, 106°40'15.26""E",FIX,
13:40:27.501,1786257627.501,TRACKING,7.247,-4.107,-2.439,0.01,0.450,0.006,0.000,0.000,0.000,1.000,4.98,10.77566345,106.67090687,10.51,"10°46'32.39""N, 106°40'15.26""E",FIX,
13:40:27.592,1786257627.592,TRACKING,7.233,-4.119,-2.439,0.02,0.450,-0.016,0.000,0.000,0.000,1.000,4.99,10.77566345,106.67090645,10.51,"10°46'32.39""N, 106°40'15.26""E",FIX,
13:40:27.750,1786257627.750,TRACKING,7.206,-4.142,-2.440,0.01,0.450,0.006,0.000,0.000,0.000,1.000,5.03,10.77566345,106.67090645,10.51,"10°46'32.39""N, 106°40'15.26""E",FIX,
13:40:27.815,1786257627.815,TRACKING,7.185,-4.159,-2.440,0.00,0.450,0.004,0.000,0.000,0.000,1.000,5.06,10.77566345,106.67090645,10.51,"10°46'32.39""N, 106°40'15.26""E",FIX,
13:40:27.925,1786257627.926,TRACKING,7.158,-4.182,-2.440,0.00,0.450,0.002,0.000,0.000,0.000,1.000,5.09,10.77566344,106.67090604,10.51,"10°46'32.39""N, 106°40'15.26""E",FIX,
13:40:28.025,1786257628.026,TRACKING,7.137,-4.200,-2.440,0.00,0.450,0.001,0.000,0.000,0.000,1.000,5.12,10.77566344,106.67090604,10.51,"10°46'32.39""N, 106°40'15.26""E",FIX,
13:40:28.136,1786257628.137,TRACKING,7.116,-4.217,-2.440,0.00,0.450,0.001,0.000,0.000,0.000,1.000,5.15,10.77566344,106.67090604,10.51,"10°46'32.39""N, 106°40'15.26""E",FIX,
13:40:28.260,1786257628.261,TRACKING,7.089,-4.241,-2.439,0.00,0.450,0.000,0.000,0.000,0.000,1.000,5.18,10.77566344,106.67090563,10.51,"10°46'32.39""N, 106°40'15.26""E",FIX,
13:40:28.355,1786257628.356,TRACKING,7.068,-4.258,-2.439,0.00,0.450,0.000,0.000,0.000,0.000,1.000,5.21,10.77566344,106.67090563,10.51,"10°46'32.39""N, 106°40'15.26""E",FIX,
13:40:28.425,1786257628.425,TRACKING,7.048,-4.275,-2.439,0.01,0.450,-0.009,0.000,0.000,0.000,1.000,5.24,10.77566344,106.67090563,10.51,"10°46'32.39""N, 106°40'15.26""E",FIX,
13:40:28.531,1786257628.532,TRACKING,7.027,-4.293,-2.440,0.00,0.450,0.003,0.000,0.000,0.000,1.000,5.26,10.77566344,106.67090522,10.51,"10°46'32.39""N, 106°40'15.26""E",FIX,
13:40:28.615,1786257628.616,TRACKING,7.000,-4.316,-2.440,0.00,0.450,0.001,0.000,0.000,0.000,1.000,5.30,10.77566344,106.67090522,10.51,"10°46'32.39""N, 106°40'15.26""E",FIX,
13:40:28.701,1786257628.701,TRACKING,6.979,-4.334,-2.440,0.00,0.450,0.001,0.000,0.000,0.000,1.000,5.33,10.77566344,106.67090522,10.51,"10°46'32.39""N, 106°40'15.26""E",FIX,
13:40:28.801,1786257628.801,TRACKING,6.958,-4.351,-2.440,0.01,0.450,-0.021,0.000,0.000,0.000,1.000,5.35,10.77566343,106.67090481,10.51,"10°46'32.39""N, 106°40'15.26""E",FIX,
13:40:28.918,1786257628.919,TRACKING,6.938,-4.368,-2.441,0.01,0.450,0.005,0.000,0.000,0.000,1.000,5.38,10.77566343,106.67090481,10.51,"10°46'32.39""N, 106°40'15.26""E",FIX,
13:40:29.036,1786257629.036,TRACKING,6.910,-4.392,-2.441,0.00,0.450,0.003,0.000,0.000,0.000,1.000,5.42,10.77566343,106.67090481,10.51,"10°46'32.39""N, 106°40'15.26""E",FIX,
13:40:29.148,1786257629.149,TRACKING,6.890,-4.409,-2.440,0.01,0.450,-0.016,0.000,0.000,0.000,1.000,5.44,10.77566343,106.67090440,10.51,"10°46'32.39""N, 106°40'15.26""E",FIX,
13:40:29.237,1786257629.238,TRACKING,6.869,-4.426,-2.441,0.03,0.450,-0.026,0.000,0.000,0.000,1.000,5.47,10.77566343,106.67090440,10.51,"10°46'32.39""N, 106°40'15.26""E",FIX,
13:40:29.334,1786257629.335,TRACKING,6.841,-4.450,-2.443,0.06,0.450,-0.048,0.000,0.000,0.000,1.000,5.51,10.77566343,106.67090440,10.51,"10°46'32.39""N, 106°40'15.26""E",FIX,
13:40:29.421,1786257629.421,TRACKING,6.821,-4.467,-2.445,0.09,0.450,-0.054,0.000,0.000,0.000,0.542,5.53,10.77566342,106.67090399,10.51,"10°46'32.39""N, 106°40'15.25""E",FIX,
13:40:29.512,1786257629.513,TRACKING,6.793,-4.490,-2.449,0.10,0.450,-0.021,0.000,0.000,0.000,0.604,5.57,10.77566342,106.67090399,10.51,"10°46'32.39""N, 106°40'15.25""E",FIX,
13:40:29.622,1786257629.623,TRACKING,6.779,-4.502,-2.451,0.09,0.450,0.000,0.000,0.000,0.000,0.687,5.59,10.77566342,106.67090399,10.51,"10°46'32.39""N, 106°40'15.25""E",FIX,
13:40:29.673,1786257629.674,TRACKING,6.752,-4.524,-2.452,0.07,0.450,0.007,0.000,0.000,0.000,0.750,5.62,10.77566342,106.67090357,10.51,"10°46'32.39""N, 106°40'15.25""E",FIX,
13:40:29.769,1786257629.769,TRACKING,6.731,-4.542,-2.452,0.08,0.450,-0.015,0.000,0.000,0.000,0.833,5.65,10.77566342,106.67090357,10.51,"10°46'32.39""N, 106°40'15.25""E",FIX,
13:40:29.841,1786257629.842,TRACKING,6.703,-4.565,-2.452,0.08,0.450,-0.014,0.000,0.000,0.000,0.917,5.69,10.77566342,106.67090357,10.51,"10°46'32.39""N, 106°40'15.25""E",FIX,
13:40:29.918,1786257629.918,TRACKING,6.682,-4.582,-2.453,0.07,0.450,0.003,0.000,0.000,0.000,0.979,5.71,10.77566341,106.67090316,10.51,"10°46'32.39""N, 106°40'15.25""E",FIX,
13:40:30.015,1786257630.015,TRACKING,6.654,-4.605,-2.453,0.06,0.450,-0.002,0.000,0.000,0.000,1.000,5.75,10.77566341,106.67090316,10.51,"10°46'32.39""N, 106°40'15.25""E",FIX,
13:40:30.100,1786257630.100,TRACKING,6.633,-4.622,-2.453,0.06,0.450,-0.005,0.000,0.000,0.000,1.000,5.78,10.77566341,106.67090316,10.51,"10°46'32.39""N, 106°40'15.25""E",FIX,
13:40:30.219,1786257630.219,TRACKING,6.613,-4.639,-2.453,0.05,0.450,-0.006,0.000,0.000,0.000,1.000,5.80,10.77566341,106.67090275,10.51,"10°46'32.39""N, 106°40'15.25""E",FIX,
13:40:30.322,1786257630.322,TRACKING,6.592,-4.656,-2.454,0.05,0.450,-0.008,0.000,0.000,0.000,1.000,5.83,10.77566341,106.67090275,10.51,"10°46'32.39""N, 106°40'15.25""E",FIX,
13:40:30.441,1786257630.442,TRACKING,6.571,-4.673,-2.454,0.05,0.450,-0.008,0.000,0.000,0.000,1.000,5.86,10.77566341,106.67090275,10.51,"10°46'32.39""N, 106°40'15.25""E",FIX,
13:40:30.541,1786257630.541,TRACKING,6.543,-4.696,-2.455,0.05,0.450,-0.008,0.000,0.000,0.000,1.000,5.89,10.77566341,106.67090234,10.51,"10°46'32.39""N, 106°40'15.25""E",FIX,
13:40:30.635,1786257630.635,TRACKING,6.522,-4.713,-2.455,0.05,0.450,-0.008,0.000,0.000,0.000,1.000,5.92,10.77566341,106.67090234,10.51,"10°46'32.39""N, 106°40'15.25""E",FIX,
13:40:30.724,1786257630.725,TRACKING,6.501,-4.730,-2.456,0.05,0.450,-0.008,0.000,0.000,0.000,1.000,5.95,10.77566341,106.67090234,10.51,"10°46'32.39""N, 106°40'15.25""E",FIX,
13:40:30.836,1786257630.836,TRACKING,6.473,-4.753,-2.456,0.04,0.450,0.005,0.000,0.000,0.000,1.000,5.98,10.77566341,106.67090193,10.51,"10°46'32.39""N, 106°40'15.25""E",FIX,
13:40:30.904,1786257630.904,TRACKING,6.452,-4.770,-2.457,0.03,0.450,0.004,0.000,0.000,0.000,1.000,6.01,10.77566341,106.67090193,10.51,"10°46'32.39""N, 106°40'15.25""E",FIX,
13:40:30.989,1786257630.990,TRACKING,6.425,-4.793,-2.456,0.04,0.450,-0.017,0.000,0.000,0.000,1.000,6.05,10.77566341,106.67090193,10.51,"10°46'32.39""N, 106°40'15.25""E",FIX,
13:40:31.071,1786257631.072,TRACKING,6.411,-4.804,-2.457,0.05,0.450,-0.014,0.000,0.000,0.000,1.000,6.07,10.77566341,106.67090152,10.51,"10°46'32.39""N, 106°40'15.25""E",FIX,
13:40:31.187,1786257631.187,TRACKING,6.383,-4.827,-2.458,0.04,0.450,0.004,0.000,0.000,0.000,1.000,6.10,10.77566341,106.67090152,10.51,"10°46'32.39""N, 106°40'15.25""E",FIX,
13:40:31.295,1786257631.296,TRACKING,6.362,-4.844,-2.458,0.03,0.450,0.001,0.000,0.000,0.000,1.000,6.13,10.77566341,106.67090152,10.51,"10°46'32.39""N, 106°40'15.25""E",FIX,
13:40:31.382,1786257631.382,TRACKING,6.341,-4.861,-2.458,0.03,0.450,-0.001,0.000,0.000,0.000,1.000,6.16,10.77566341,106.67090111,10.51,"10°46'32.39""N, 106°40'15.24""E",FIX,
13:40:31.491,1786257631.491,TRACKING,6.320,-4.878,-2.458,0.03,0.450,-0.003,0.000,0.000,0.000,1.000,6.18,10.77566341,106.67090111,10.51,"10°46'32.39""N, 106°40'15.24""E",FIX,
13:40:31.586,1786257631.587,TRACKING,6.292,-4.901,-2.458,0.03,0.450,-0.003,0.000,0.000,0.000,1.000,6.22,10.77566341,106.67090111,10.51,"10°46'32.39""N, 106°40'15.24""E",FIX,
13:40:31.675,1786257631.676,TRACKING,6.271,-4.918,-2.458,0.03,0.450,-0.004,0.000,0.000,0.000,1.000,6.25,10.77566341,106.67090069,10.51,"10°46'32.39""N, 106°40'15.24""E",FIX,
13:40:31.782,1786257631.783,TRACKING,6.243,-4.941,-2.458,0.01,0.450,0.010,0.000,0.000,0.000,1.000,6.28,10.77566341,106.67090069,10.51,"10°46'32.39""N, 106°40'15.24""E",FIX,
13:40:31.854,1786257631.855,TRACKING,6.222,-4.958,-2.458,0.01,0.450,0.007,0.000,0.000,0.000,1.000,6.31,10.77566341,106.67090069,10.51,"10°46'32.39""N, 106°40'15.24""E",FIX,
13:40:31.930,1786257631.931,TRACKING,6.201,-4.975,-2.458,0.00,0.450,0.006,0.000,0.000,0.000,0.583,6.34,10.77566341,106.67090028,10.51,"10°46'32.39""N, 106°40'15.24""E",FIX,
13:40:32.031,1786257632.032,TRACKING,6.180,-4.992,-2.457,0.00,0.450,0.002,0.000,0.000,0.000,0.646,6.36,10.77566341,106.67090028,10.51,"10°46'32.39""N, 106°40'15.24""E",FIX,
13:40:32.114,1786257632.115,TRACKING,6.153,-5.015,-2.457,0.00,0.450,0.001,0.000,0.000,0.000,0.708,6.40,10.77566341,106.67090028,10.51,"10°46'32.39""N, 106°40'15.24""E",FIX,
13:40:32.214,1786257632.215,TRACKING,6.132,-5.032,-2.457,0.00,0.450,0.001,0.000,0.000,0.000,0.771,6.43,10.77566341,106.67089987,10.51,"10°46'32.39""N, 106°40'15.24""E",FIX,
13:40:32.297,1786257632.297,TRACKING,6.104,-5.055,-2.457,0.00,0.450,0.000,0.000,0.000,0.000,0.833,6.46,10.77566341,106.67089987,10.51,"10°46'32.39""N, 106°40'15.24""E",FIX,
13:40:32.374,1786257632.374,TRACKING,6.083,-5.072,-2.457,0.00,0.450,0.000,0.000,0.000,0.000,0.917,6.49,10.77566341,106.67089987,10.51,"10°46'32.39""N, 106°40'15.24""E",FIX,
13:40:32.465,1786257632.465,TRACKING,6.062,-5.089,-2.457,0.00,0.450,0.000,0.000,0.000,0.000,1.000,6.52,10.77566341,106.67089946,10.51,"10°46'32.39""N, 106°40'15.24""E",FIX,
13:40:32.556,1786257632.556,TRACKING,6.034,-5.111,-2.457,0.00,0.450,0.000,0.000,0.000,0.000,1.000,6.55,10.77566341,106.67089946,10.51,"10°46'32.39""N, 106°40'15.24""E",FIX,
13:40:32.639,1786257632.640,TRACKING,6.020,-5.123,-2.457,0.00,0.450,0.000,0.000,0.000,0.000,1.000,6.57,10.77566341,106.67089946,10.51,"10°46'32.39""N, 106°40'15.24""E",FIX,
13:40:32.774,1786257632.774,TRACKING,5.992,-5.146,-2.457,0.00,0.450,0.000,0.000,0.000,0.000,1.000,6.61,10.77566341,106.67089905,10.51,"10°46'32.39""N, 106°40'15.24""E",FIX,
13:40:32.852,1786257632.852,TRACKING,5.971,-5.163,-2.457,0.00,0.450,0.000,0.000,0.000,0.000,1.000,6.63,10.77566341,106.67089905,10.51,"10°46'32.39""N, 106°40'15.24""E",FIX,
13:40:32.953,1786257632.954,TRACKING,5.950,-5.180,-2.457,0.00,0.450,0.000,0.000,0.000,0.000,1.000,6.66,10.77566341,106.67089905,10.51,"10°46'32.39""N, 106°40'15.24""E",FIX,
13:40:33.040,1786257633.040,TRACKING,5.922,-5.203,-2.457,0.00,0.450,0.000,0.000,0.000,0.000,1.000,6.70,10.77566341,106.67089864,10.51,"10°46'32.39""N, 106°40'15.24""E",FIX,
13:40:33.141,1786257633.141,TRACKING,5.895,-5.225,-2.457,0.00,0.450,0.000,0.000,0.000,0.000,1.000,6.73,10.77566341,106.67089864,10.51,"10°46'32.39""N, 106°40'15.24""E",FIX,
13:40:33.219,1786257633.220,TRACKING,5.874,-5.242,-2.457,0.00,0.450,0.000,0.000,0.000,0.000,1.000,6.76,10.77566341,106.67089864,10.51,"10°46'32.39""N, 106°40'15.24""E",FIX,
13:40:33.283,1786257633.284,TRACKING,5.860,-5.254,-2.457,0.00,0.450,0.000,0.000,0.000,0.000,1.000,6.78,10.77566341,106.67089864,10.51,"10°46'32.39""N, 106°40'15.24""E",FIX,
13:40:33.439,1786257633.439,TRACKING,5.818,-5.288,-2.457,0.00,0.450,0.000,0.000,0.000,0.000,1.000,6.83,10.77566341,106.67089823,10.51,"10°46'32.39""N, 106°40'15.23""E",FIX,
13:40:33.477,1786257633.478,TRACKING,5.811,-5.294,-2.457,0.00,0.450,0.000,0.000,0.000,0.000,1.000,6.84,10.77566341,106.67089823,10.51,"10°46'32.39""N, 106°40'15.23""E",FIX,
13:40:33.608,1786257633.609,TRACKING,5.790,-5.311,-2.457,0.00,0.450,0.000,0.000,0.000,0.000,1.000,6.87,10.77566341,106.67089823,10.51,"10°46'32.39""N, 106°40'15.23""E",FIX,
13:40:33.700,1786257633.701,TRACKING,5.762,-5.333,-2.457,0.00,0.450,0.000,0.000,0.000,0.000,1.000,6.90,10.77566341,106.67089781,10.51,"10°46'32.39""N, 106°40'15.23""E",FIX,
13:40:33.823,1786257633.824,TRACKING,5.741,-5.351,-2.457,0.00,0.450,0.000,0.000,0.000,0.000,1.000,6.93,10.77566341,106.67089781,10.51,"10°46'32.39""N, 106°40'15.23""E",FIX,
13:40:33.968,1786257633.968,TRACKING,5.720,-5.368,-2.457,0.00,0.450,0.000,0.000,0.000,0.000,1.000,6.96,10.77566341,106.67089781,10.51,"10°46'32.39""N, 106°40'15.23""E",FIX,
13:40:34.049,1786257634.050,TRACKING,5.692,-5.390,-2.457,0.00,0.450,0.000,0.000,0.000,0.000,1.000,6.99,10.77566341,106.67089740,10.51,"10°46'32.39""N, 106°40'15.23""E",FIX,
13:40:34.156,1786257634.156,TRACKING,5.672,-5.407,-2.457,-0.01,0.450,0.015,0.000,0.000,0.000,1.000,7.02,10.77566341,106.67089740,10.51,"10°46'32.39""N, 106°40'15.23""E",FIX,
13:40:34.284,1786257634.284,TRACKING,5.644,-5.430,-2.456,-0.01,0.450,-0.005,0.000,0.000,0.000,1.000,7.06,10.77566341,106.67089699,10.51,"10°46'32.39""N, 106°40'15.23""E",FIX,
13:40:34.393,1786257634.394,TRACKING,5.623,-5.447,-2.456,-0.00,0.450,-0.004,0.000,0.000,0.000,1.000,7.08,10.77566341,106.67089699,10.51,"10°46'32.39""N, 106°40'15.23""E",FIX,
13:40:34.475,1786257634.475,TRACKING,5.602,-5.464,-2.456,-0.00,0.450,0.000,0.000,0.000,0.000,0.208,7.11,10.77566341,106.67089699,10.51,"10°46'32.39""N, 106°40'15.23""E",FIX,
13:40:34.560,1786257634.560,TRACKING,5.574,-5.487,-2.456,-0.00,0.450,0.000,0.000,0.000,0.000,0.000,7.15,10.77566341,106.67089658,10.51,"10°46'32.39""N, 106°40'15.23""E",FIX,
13:40:34.702,1786257634.703,TRACKING,5.560,-5.499,-2.456,-0.00,0.450,-0.000,0.000,0.000,0.000,0.000,7.16,10.77566341,106.67089658,10.51,"10°46'32.39""N, 106°40'15.23""E",FIX,
13:40:34.855,1786257634.856,TRACKING,5.532,-5.521,-2.456,-0.00,0.450,0.000,0.000,0.000,0.000,0.000,7.20,10.77566341,106.67089658,10.51,"10°46'32.39""N, 106°40'15.23""E",FIX,
13:40:34.971,1786257634.971,TRACKING,5.504,-5.544,-2.456,-0.00,0.450,0.000,0.000,0.000,0.000,0.000,7.24,10.77566341,106.67089617,10.51,"10°46'32.39""N, 106°40'15.23""E",FIX,
13:40:35.046,1786257635.046,TRACKING,5.483,-5.561,-2.456,-0.00,0.450,0.000,0.000,0.000,0.000,0.000,7.26,10.77566341,106.67089617,10.51,"10°46'32.39""N, 106°40'15.23""E",FIX,
13:40:35.136,1786257635.136,TRACKING,5.456,-5.584,-2.456,-0.00,0.450,0.000,0.000,0.000,0.000,0.000,7.30,10.77566341,106.67089617,10.51,"10°46'32.39""N, 106°40'15.23""E",FIX,
13:40:35.207,1786257635.208,TRACKING,5.442,-5.595,-2.456,-0.00,0.450,-0.000,0.000,0.000,0.000,0.000,7.32,10.77566341,106.67089617,10.51,"10°46'32.39""N, 106°40'15.23""E",FIX,
13:40:35.301,1786257635.301,TRACKING,5.414,-5.618,-2.456,-0.00,0.450,0.000,0.000,0.000,0.000,0.000,7.35,10.77566341,106.67089576,10.51,"10°46'32.39""N, 106°40'15.22""E",FIX,
13:40:35.425,1786257635.426,TRACKING,5.393,-5.635,-2.456,-0.00,0.450,0.000,0.000,0.000,0.000,0.000,7.38,10.77566341,106.67089576,10.51,"10°46'32.39""N, 106°40'15.22""E",FIX,
13:40:35.520,1786257635.520,TRACKING,5.372,-5.652,-2.456,-0.00,0.450,-0.000,0.000,0.000,0.000,0.000,7.41,10.77566341,106.67089576,10.51,"10°46'32.39""N, 106°40'15.22""E",FIX,
13:40:35.616,1786257635.617,TRACKING,5.351,-5.669,-2.456,-0.00,0.450,0.000,0.000,0.000,0.000,0.000,7.43,10.77566341,106.67089535,10.51,"10°46'32.39""N, 106°40'15.22""E",FIX,
13:40:35.733,1786257635.734,TRACKING,5.330,-5.687,-2.456,-0.00,0.450,0.000,0.000,0.000,0.000,0.000,7.46,10.77566341,106.67089535,10.51,"10°46'32.39""N, 106°40'15.22""E",FIX,
13:40:35.814,1786257635.814,TRACKING,5.309,-5.704,-2.456,-0.00,0.450,-0.000,0.000,0.000,0.000,0.000,7.49,10.77566341,106.67089535,10.51,"10°46'32.39""N, 106°40'15.22""E",FIX,
13:40:35.916,1786257635.917,TRACKING,5.281,-5.726,-2.456,-0.00,0.450,0.000,0.000,0.000,0.000,0.000,7.52,10.77566340,106.67089493,10.51,"10°46'32.39""N, 106°40'15.22""E",FIX,
13:40:36.002,1786257636.002,TRACKING,5.253,-5.749,-2.456,-0.00,0.450,0.000,0.000,0.000,0.000,0.000,7.56,10.77566340,106.67089493,10.51,"10°46'32.39""N, 106°40'15.22""E",FIX,
13:40:36.123,1786257636.123,TRACKING,5.233,-5.766,-2.456,-0.00,0.450,0.000,0.000,0.000,0.000,0.000,7.59,10.77566340,106.67089493,10.51,"10°46'32.39""N, 106°40'15.22""E",FIX,
13:40:36.211,1786257636.212,TRACKING,5.212,-5.783,-2.456,-0.00,0.450,0.000,0.000,0.000,0.000,0.000,7.61,10.77566340,106.67089452,10.51,"10°46'32.39""N, 106°40'15.22""E",FIX,
13:40:36.295,1786257636.296,TRACKING,5.191,-5.800,-2.456,-0.00,0.450,0.000,0.000,0.000,0.000,0.000,7.64,10.77566340,106.67089452,10.51,"10°46'32.39""N, 106°40'15.22""E",FIX,
13:40:36.406,1786257636.406,TRACKING,5.163,-5.823,-2.456,-0.00,0.450,0.000,0.000,0.000,0.000,0.000,7.68,10.77566340,106.67089452,10.51,"10°46'32.39""N, 106°40'15.22""E",FIX,
13:40:36.510,1786257636.510,TRACKING,5.142,-5.840,-2.456,-0.00,0.450,0.000,0.000,0.000,0.000,0.000,7.70,10.77566340,106.67089411,10.51,"10°46'32.39""N, 106°40'15.22""E",FIX,
13:40:36.582,1786257636.582,TRACKING,5.121,-5.857,-2.456,-0.00,0.450,-0.000,0.000,0.000,0.000,0.000,7.73,10.77566340,106.67089411,10.51,"10°46'32.39""N, 106°40'15.22""E",FIX,
13:40:36.683,1786257636.684,TRACKING,5.093,-5.880,-2.456,-0.00,0.450,0.000,0.000,0.000,0.000,0.000,7.77,10.77566340,106.67089411,10.51,"10°46'32.39""N, 106°40'15.22""E",FIX,
13:40:36.763,1786257636.763,TRACKING,5.072,-5.897,-2.456,-0.00,0.450,0.000,0.000,0.000,0.000,0.000,7.79,10.77566340,106.67089370,10.51,"10°46'32.39""N, 106°40'15.22""E",FIX,
13:40:36.832,1786257636.833,TRACKING,5.051,-5.914,-2.456,-0.00,0.450,-0.000,0.000,0.000,0.000,0.000,7.82,10.77566340,106.67089370,10.51,"10°46'32.39""N, 106°40'15.22""E",FIX,
13:40:36.915,1786257636.916,TRACKING,5.030,-5.932,-2.456,-0.00,0.450,0.000,0.000,0.000,0.000,0.000,7.85,10.77566340,106.67089370,10.51,"10°46'32.39""N, 106°40'15.22""E",FIX,
13:40:37.015,1786257637.016,TRACKING,5.003,-5.954,-2.456,-0.00,0.450,0.000,0.000,0.000,0.000,0.000,7.88,10.77566340,106.67089329,10.51,"10°46'32.39""N, 106°40'15.22""E",FIX,
13:40:37.130,1786257637.131,TRACKING,4.982,-5.971,-2.456,-0.00,0.450,0.000,0.000,0.000,0.000,0.000,7.91,10.77566340,106.67089329,10.51,"10°46'32.39""N, 106°40'15.22""E",FIX,
13:40:37.262,1786257637.263,TRACKING,4.954,-5.994,-2.456,-0.00,0.450,0.000,0.000,0.000,0.000,0.000,7.95,10.77566340,106.67089329,10.51,"10°46'32.39""N, 106°40'15.22""E",FIX,
13:40:37.340,1786257637.341,TRACKING,4.940,-6.006,-2.456,-0.00,0.450,-0.000,0.000,0.000,0.000,0.000,7.96,10.77566340,106.67089288,10.51,"10°46'32.39""N, 106°40'15.21""E",FIX,
13:40:37.448,1786257637.448,TRACKING,4.912,-6.028,-2.456,-0.00,0.450,0.000,0.000,0.000,0.000,0.000,8.00,10.77566340,106.67089288,10.51,"10°46'32.39""N, 106°40'15.21""E",FIX,
13:40:37.599,1786257637.599,TRACKING,4.891,-6.045,-2.456,-0.00,0.450,0.000,0.000,0.000,0.000,0.000,8.03,10.77566340,106.67089288,10.51,"10°46'32.39""N, 106°40'15.21""E",FIX,
13:40:37.739,1786257637.739,TRACKING,4.863,-6.068,-2.456,-0.00,0.450,0.000,0.000,0.000,0.000,0.000,8.06,10.77566340,106.67089247,10.51,"10°46'32.39""N, 106°40'15.21""E",FIX,
13:40:37.832,1786257637.833,TRACKING,4.842,-6.085,-2.456,-0.00,0.450,0.000,0.000,0.000,0.000,0.000,8.09,10.77566340,106.67089247,10.51,"10°46'32.39""N, 106°40'15.21""E",FIX,
13:40:37.950,1786257637.951,TRACKING,4.821,-6.102,-2.456,-0.00,0.450,0.000,0.000,0.000,0.000,0.000,8.12,10.77566340,106.67089247,10.51,"10°46'32.39""N, 106°40'15.21""E",FIX,
13:40:38.084,1786257638.084,TRACKING,4.801,-6.119,-2.456,-0.00,0.450,0.000,0.000,0.000,0.000,0.000,8.14,10.77566340,106.67089205,10.51,"10°46'32.39""N, 106°40'15.21""E",FIX,
13:40:38.179,1786257638.179,TRACKING,4.773,-6.142,-2.456,-0.00,0.450,0.000,0.000,0.000,0.000,0.000,8.18,10.77566340,106.67089205,10.51,"10°46'32.39""N, 106°40'15.21""E",FIX,
13:40:38.281,1786257638.282,TRACKING,4.752,-6.159,-2.456,-0.00,0.450,0.000,0.000,0.000,0.000,0.000,8.21,10.77566340,106.67089205,10.51,"10°46'32.39""N, 106°40'15.21""E",FIX,
13:40:38.381,1786257638.382,TRACKING,4.724,-6.182,-2.456,-0.00,0.450,0.000,0.000,0.000,0.000,0.000,8.24,10.77566340,106.67089164,10.51,"10°46'32.39""N, 106°40'15.21""E",FIX,
13:40:38.470,1786257638.470,TRACKING,4.703,-6.199,-2.456,-0.00,0.450,0.000,0.000,0.000,0.000,0.000,8.27,10.77566340,106.67089164,10.51,"10°46'32.39""N, 106°40'15.21""E",FIX,
13:40:38.562,1786257638.563,TRACKING,4.682,-6.216,-2.456,-0.00,0.450,0.000,0.000,0.000,0.000,0.000,8.30,10.77566340,106.67089164,10.51,"10°46'32.39""N, 106°40'15.21""E",FIX,
13:40:38.674,1786257638.674,TRACKING,4.661,-6.233,-2.456,-0.00,0.450,0.000,0.000,0.000,0.000,0.000,8.32,10.77566340,106.67089123,10.51,"10°46'32.39""N, 106°40'15.21""E",FIX,
13:40:38.733,1786257638.733,TRACKING,4.633,-6.256,-2.456,-0.00,0.450,0.000,0.000,0.000,0.000,0.000,8.36,10.77566340,106.67089123,10.51,"10°46'32.39""N, 106°40'15.21""E",FIX,
13:40:38.819,1786257638.820,TRACKING,4.612,-6.273,-2.456,-0.00,0.450,0.000,0.000,0.000,0.000,0.000,8.39,10.77566340,106.67089123,10.51,"10°46'32.39""N, 106°40'15.21""E",FIX,
13:40:38.904,1786257638.904,TRACKING,4.591,-6.290,-2.456,-0.00,0.450,0.000,0.000,0.000,0.000,0.000,8.41,10.77566340,106.67089082,10.51,"10°46'32.39""N, 106°40'15.21""E",FIX,
13:40:39.001,1786257639.001,TRACKING,4.564,-6.313,-2.456,-0.00,0.450,0.000,0.000,0.000,0.000,0.000,8.45,10.77566340,106.67089082,10.51,"10°46'32.39""N, 106°40'15.21""E",FIX,
13:40:39.078,1786257639.079,TRACKING,4.550,-6.325,-2.456,-0.00,0.450,-0.000,0.000,0.000,0.000,0.000,8.47,10.77566340,106.67089082,10.51,"10°46'32.39""N, 106°40'15.21""E",FIX,
13:40:39.225,1786257639.225,TRACKING,4.522,-6.347,-2.456,-0.00,0.450,0.000,0.000,0.000,0.000,0.000,8.50,10.77566340,106.67089041,10.51,"10°46'32.39""N, 106°40'15.21""E",FIX,
13:40:39.316,1786257639.317,TRACKING,4.501,-6.364,-2.456,-0.00,0.450,0.000,0.000,0.000,0.000,0.000,8.53,10.77566340,106.67089041,10.51,"10°46'32.39""N, 106°40'15.21""E",FIX,
13:40:39.428,1786257639.429,TRACKING,4.473,-6.387,-2.456,-0.00,0.450,0.000,0.000,0.000,0.000,0.000,8.57,10.77566340,106.67089041,10.51,"10°46'32.39""N, 106°40'15.21""E",FIX,
13:40:39.517,1786257639.517,TRACKING,4.459,-6.399,-2.456,-0.00,0.450,0.000,0.000,0.000,0.000,0.000,8.59,10.77566340,106.67089000,10.51,"10°46'32.39""N, 106°40'15.20""E",FIX,
13:40:39.632,1786257639.632,TRACKING,4.431,-6.421,-2.456,-0.00,0.450,0.000,0.000,0.000,0.000,0.000,8.62,10.77566340,106.67089000,10.51,"10°46'32.39""N, 106°40'15.20""E",FIX,
13:40:39.731,1786257639.731,TRACKING,4.410,-6.438,-2.456,-0.00,0.450,0.000,0.000,0.000,0.000,0.000,8.65,10.77566340,106.67089000,10.51,"10°46'32.39""N, 106°40'15.20""E",FIX,
13:40:39.836,1786257639.837,TRACKING,4.382,-6.461,-2.456,-0.00,0.450,0.000,0.000,0.000,0.000,0.000,8.68,10.77566340,106.67088959,10.51,"10°46'32.39""N, 106°40'15.20""E",FIX,
13:40:39.932,1786257639.933,TRACKING,4.362,-6.478,-2.456,-0.00,0.450,0.000,0.000,0.000,0.000,0.000,8.71,10.77566340,106.67088959,10.51,"10°46'32.39""N, 106°40'15.20""E",FIX,
13:40:40.022,1786257640.023,TRACKING,4.341,-6.495,-2.456,-0.00,0.450,0.000,0.000,0.000,0.000,0.000,8.74,10.77566340,106.67088959,10.51,"10°46'32.39""N, 106°40'15.20""E",FIX,
13:40:40.133,1786257640.133,TRACKING,4.313,-6.518,-2.456,-0.00,0.450,0.000,0.000,0.000,0.000,0.000,8.77,10.77566340,106.67088917,10.51,"10°46'32.39""N, 106°40'15.20""E",FIX,
13:40:40.187,1786257640.187,TRACKING,4.292,-6.535,-2.456,-0.00,0.450,-0.000,0.000,0.000,0.000,0.000,8.80,10.77566340,106.67088917,10.51,"10°46'32.39""N, 106°40'15.20""E",FIX,
13:40:40.270,1786257640.271,TRACKING,4.271,-6.552,-2.456,-0.00,0.450,0.000,0.000,0.000,0.000,0.000,8.83,10.77566340,106.67088917,10.51,"10°46'32.39""N, 106°40'15.20""E",FIX,
13:40:40.376,1786257640.376,TRACKING,4.250,-6.569,-2.456,-0.00,0.450,0.000,0.000,0.000,0.000,0.000,8.86,10.77566340,106.67088876,10.51,"10°46'32.39""N, 106°40'15.20""E",FIX,
13:40:40.512,1786257640.513,TRACKING,4.222,-6.592,-2.456,-0.00,0.450,0.000,0.000,0.000,0.000,0.000,8.89,10.77566340,106.67088876,10.51,"10°46'32.39""N, 106°40'15.20""E",FIX,
13:40:40.582,1786257640.583,TRACKING,4.201,-6.609,-2.456,-0.00,0.450,0.000,0.000,0.000,0.000,0.000,8.92,10.77566340,106.67088876,10.51,"10°46'32.39""N, 106°40'15.20""E",FIX,
13:40:40.684,1786257640.684,TRACKING,4.180,-6.626,-2.456,-0.00,0.450,0.000,0.000,0.000,0.000,0.000,8.95,10.77566340,106.67088835,10.51,"10°46'32.39""N, 106°40'15.20""E",FIX,
13:40:40.781,1786257640.781,TRACKING,4.153,-6.649,-2.456,-0.00,0.450,0.000,0.000,0.000,0.000,0.000,8.98,10.77566340,106.67088835,10.51,"10°46'32.39""N, 106°40'15.20""E",FIX,
13:40:40.870,1786257640.871,TRACKING,4.132,-6.666,-2.456,-0.00,0.450,0.000,0.000,0.000,0.000,0.000,9.01,10.77566340,106.67088835,10.51,"10°46'32.39""N, 106°40'15.20""E",FIX,
13:40:40.952,1786257640.953,TRACKING,4.104,-6.689,-2.456,-0.00,0.450,0.000,0.000,0.000,0.000,0.000,9.04,10.77566340,106.67088794,10.51,"10°46'32.39""N, 106°40'15.20""E",FIX,
13:40:41.027,1786257641.027,TRACKING,4.083,-6.706,-2.456,-0.00,0.450,0.000,0.000,0.000,0.000,0.000,9.07,10.77566340,106.67088794,10.51,"10°46'32.39""N, 106°40'15.20""E",FIX,
13:40:41.111,1786257641.112,TRACKING,4.062,-6.723,-2.456,-0.00,0.450,0.000,0.000,0.000,0.000,0.000,9.10,10.77566340,106.67088794,10.51,"10°46'32.39""N, 106°40'15.20""E",FIX,
13:40:41.199,1786257641.199,TRACKING,4.041,-6.740,-2.456,-0.00,0.450,0.000,0.000,0.000,0.000,0.000,9.13,10.77566340,106.67088753,10.51,"10°46'32.39""N, 106°40'15.20""E",FIX,
13:40:41.292,1786257641.292,TRACKING,4.020,-6.757,-2.456,-0.00,0.450,0.000,0.000,0.000,0.000,0.000,9.15,10.77566340,106.67088753,10.51,"10°46'32.39""N, 106°40'15.20""E",FIX,
13:40:41.383,1786257641.384,TRACKING,3.992,-6.780,-2.456,-0.00,0.450,0.000,0.000,0.000,0.000,0.000,9.19,10.77566340,106.67088753,10.51,"10°46'32.39""N, 106°40'15.20""E",FIX,
13:40:41.454,1786257641.455,TRACKING,3.971,-6.797,-2.456,-0.00,0.450,-0.000,0.000,0.000,0.000,0.000,9.22,10.77566340,106.67088712,10.51,"10°46'32.39""N, 106°40'15.19""E",FIX,
13:40:41.558,1786257641.558,TRACKING,3.943,-6.820,-2.456,-0.00,0.450,0.000,0.000,0.000,0.000,0.000,9.25,10.77566340,106.67088712,10.51,"10°46'32.39""N, 106°40'15.19""E",FIX,
13:40:41.642,1786257641.643,TRACKING,3.923,-6.837,-2.456,-0.00,0.450,0.000,0.000,0.000,0.000,0.000,9.28,10.77566340,106.67088712,10.51,"10°46'32.39""N, 106°40'15.19""E",FIX,
13:40:41.734,1786257641.735,TRACKING,3.902,-6.854,-2.456,-0.00,0.450,0.000,0.000,0.000,0.000,0.000,9.31,10.77566340,106.67088671,10.51,"10°46'32.39""N, 106°40'15.19""E",FIX,
13:40:41.842,1786257641.842,TRACKING,3.874,-6.877,-2.456,-0.00,0.450,0.000,0.000,0.000,0.000,0.000,9.34,10.77566340,106.67088671,10.51,"10°46'32.39""N, 106°40'15.19""E",FIX,
13:40:41.912,1786257641.913,TRACKING,3.853,-6.894,-2.456,-0.00,0.450,-0.000,0.000,0.000,0.000,0.000,9.37,10.77566340,106.67088671,10.51,"10°46'32.39""N, 106°40'15.19""E",FIX,
13:40:42.004,1786257642.004,TRACKING,3.832,-6.911,-2.456,-0.00,0.450,0.000,0.000,0.000,0.000,0.000,9.40,10.77566340,106.67088629,10.51,"10°46'32.39""N, 106°40'15.19""E",FIX,
13:40:42.095,1786257642.095,TRACKING,3.811,-6.928,-2.456,-0.00,0.450,0.000,0.000,0.000,0.000,0.000,9.42,10.77566340,106.67088629,10.51,"10°46'32.39""N, 106°40'15.19""E",FIX,
13:40:42.179,1786257642.180,TRACKING,3.790,-6.945,-2.456,-0.00,0.450,0.000,0.000,0.000,0.000,0.000,9.45,10.77566340,106.67088629,10.51,"10°46'32.39""N, 106°40'15.19""E",FIX,
13:40:42.280,1786257642.280,TRACKING,3.762,-6.968,-2.456,-0.00,0.450,0.000,0.000,0.000,0.000,0.000,9.49,10.77566340,106.67088588,10.51,"10°46'32.39""N, 106°40'15.19""E",FIX,
13:40:42.351,1786257642.351,TRACKING,3.741,-6.985,-2.456,-0.00,0.450,-0.000,0.000,0.000,0.000,0.000,9.51,10.77566340,106.67088588,10.51,"10°46'32.39""N, 106°40'15.19""E",FIX,
13:40:42.429,1786257642.430,TRACKING,3.721,-7.002,-2.456,-0.00,0.450,0.000,0.000,0.000,0.000,0.000,9.54,10.77566340,106.67088588,10.51,"10°46'32.39""N, 106°40'15.19""E",FIX,
13:40:42.519,1786257642.519,TRACKING,3.693,-7.025,-2.456,-0.00,0.450,0.000,0.000,0.000,0.000,0.000,9.58,10.77566340,106.67088547,10.51,"10°46'32.39""N, 106°40'15.19""E",FIX,
13:40:42.610,1786257642.610,TRACKING,3.665,-7.048,-2.456,-0.00,0.450,0.000,0.000,0.000,0.000,0.000,9.61,10.77566340,106.67088547,10.51,"10°46'32.39""N, 106°40'15.19""E",FIX,
13:40:42.684,1786257642.684,TRACKING,3.651,-7.059,-2.456,-0.00,0.450,-0.000,0.000,0.000,0.000,0.000,9.63,10.77566340,106.67088547,10.51,"10°46'32.39""N, 106°40'15.19""E",FIX,
13:40:42.778,1786257642.779,TRACKING,3.623,-7.082,-2.456,-0.00,0.450,0.000,0.000,0.000,0.000,0.000,9.67,10.77566340,106.67088506,10.51,"10°46'32.39""N, 106°40'15.19""E",FIX,
13:40:42.882,1786257642.883,TRACKING,3.602,-7.099,-2.456,-0.00,0.450,0.000,0.000,0.000,0.000,0.000,9.69,10.77566340,106.67088506,10.51,"10°46'32.39""N, 106°40'15.19""E",FIX,
13:40:42.953,1786257642.953,TRACKING,3.574,-7.122,-2.456,-0.00,0.450,0.000,0.000,0.000,0.000,0.000,9.73,10.77566340,106.67088506,10.51,"10°46'32.39""N, 106°40'15.19""E",FIX,
13:40:43.026,1786257643.026,TRACKING,3.560,-7.133,-2.456,-0.00,0.450,-0.000,0.000,0.000,0.000,0.000,9.75,10.77566340,106.67088506,10.51,"10°46'32.39""N, 106°40'15.19""E",FIX,
13:40:43.114,1786257643.115,TRACKING,3.539,-7.151,-2.456,-0.00,0.450,0.000,0.000,0.000,0.000,0.000,9.77,10.77566340,106.67088465,10.51,"10°46'32.39""N, 106°40'15.18""E",FIX,
13:40:43.225,1786257643.225,TRACKING,3.511,-7.173,-2.456,-0.00,0.450,0.000,0.000,0.000,0.000,0.000,9.81,10.77566340,106.67088465,10.51,"10°46'32.39""N, 106°40'15.18""E",FIX,
13:40:43.341,1786257643.342,TRACKING,3.484,-7.196,-2.456,-0.00,0.450,0.000,0.000,0.000,0.000,0.000,9.85,10.77566340,106.67088424,10.51,"10°46'32.39""N, 106°40'15.18""E",FIX,
13:40:43.437,1786257643.437,TRACKING,3.456,-7.219,-2.456,-0.00,0.450,0.000,0.000,0.000,0.000,0.000,9.88,10.77566340,106.67088424,10.51,"10°46'32.39""N, 106°40'15.18""E",FIX,
13:40:43.497,1786257643.498,TRACKING,3.442,-7.230,-2.456,-0.00,0.450,-0.000,0.000,0.000,0.000,0.000,9.90,10.77566340,106.67088424,10.51,"10°46'32.39""N, 106°40'15.18""E",FIX,
13:40:43.564,1786257643.564,TRACKING,3.421,-7.247,-2.456,-0.00,0.450,-0.000,0.000,0.000,0.000,0.000,9.93,10.77566340,106.67088424,10.51,"10°46'32.39""N, 106°40'15.18""E",FIX,
13:40:43.649,1786257643.650,TRACKING,3.400,-7.264,-2.456,-0.00,0.450,0.000,0.000,0.000,0.000,0.000,9.95,10.77566340,106.67088382,10.51,"10°46'32.39""N, 106°40'15.18""E",FIX,
13:40:43.743,1786257643.743,TRACKING,3.372,-7.287,-2.456,-0.00,0.450,0.000,0.000,0.000,0.000,0.000,9.99,10.77566340,106.67088382,10.51,"10°46'32.39""N, 106°40'15.18""E",FIX,
13:40:43.828,1786257643.829,TRACKING,3.344,-7.310,-2.456,-0.00,0.450,0.000,0.000,0.000,0.000,0.000,10.03,10.77566340,106.67088341,10.51,"10°46'32.39""N, 106°40'15.18""E",FIX,
13:40:43.913,1786257643.913,TRACKING,3.323,-7.327,-2.456,-0.00,0.450,0.000,0.000,0.000,0.000,0.000,10.05,10.77566340,106.67088341,10.51,"10°46'32.39""N, 106°40'15.18""E",FIX,
13:40:44.001,1786257644.002,TRACKING,3.302,-7.344,-2.456,-0.00,0.450,0.000,0.000,0.000,0.000,0.000,10.08,10.77566340,106.67088341,10.51,"10°46'32.39""N, 106°40'15.18""E",FIX,
13:40:44.084,1786257644.085,TRACKING,3.275,-7.367,-2.456,-0.00,0.450,0.000,0.000,0.000,0.000,0.000,10.12,10.77566340,106.67088300,10.51,"10°46'32.39""N, 106°40'15.18""E",FIX,
13:40:44.144,1786257644.145,TRACKING,3.261,-7.378,-2.456,-0.00,0.450,-0.000,0.000,0.000,0.000,0.000,10.13,10.77566340,106.67088300,10.51,"10°46'32.39""N, 106°40'15.18""E",FIX,
13:40:44.249,1786257644.249,TRACKING,3.233,-7.401,-2.456,-0.00,0.450,0.000,0.000,0.000,0.000,0.000,10.17,10.77566340,106.67088300,10.51,"10°46'32.39""N, 106°40'15.18""E",FIX,
13:40:44.320,1786257644.321,TRACKING,3.212,-7.418,-2.456,-0.00,0.450,0.000,0.000,0.000,0.000,0.000,10.20,10.77566340,106.67088300,10.51,"10°46'32.39""N, 106°40'15.18""E",FIX,
13:40:44.406,1786257644.407,TRACKING,3.191,-7.435,-2.456,-0.00,0.450,0.000,0.000,0.000,0.000,0.000,10.22,10.77566340,106.67088259,10.51,"10°46'32.39""N, 106°40'15.18""E",FIX,
13:40:44.501,1786257644.502,TRACKING,3.163,-7.458,-2.456,-0.00,0.450,0.000,0.000,0.000,0.000,0.000,10.26,10.77566340,106.67088259,10.51,"10°46'32.39""N, 106°40'15.18""E",FIX,
13:40:44.577,1786257644.578,TRACKING,3.142,-7.475,-2.456,-0.00,0.450,0.000,0.000,0.000,0.000,0.000,10.29,10.77566340,106.67088259,10.51,"10°46'32.39""N, 106°40'15.18""E",FIX,
13:40:44.642,1786257644.643,TRACKING,3.121,-7.492,-2.456,-0.00,0.450,0.000,0.000,0.000,0.000,0.000,10.31,10.77566340,106.67088218,10.51,"10°46'32.39""N, 106°40'15.18""E",FIX,
13:40:44.726,1786257644.726,TRACKING,3.100,-7.509,-2.456,-0.00,0.450,0.000,0.000,0.000,0.000,0.000,10.34,10.77566340,106.67088218,10.51,"10°46'32.39""N, 106°40'15.18""E",FIX,
13:40:44.810,1786257644.811,TRACKING,3.072,-7.532,-2.456,-0.00,0.450,0.000,0.000,0.000,0.000,0.000,10.38,10.77566340,106.67088218,10.51,"10°46'32.39""N, 106°40'15.18""E",FIX,
13:40:44.879,1786257644.879,TRACKING,3.052,-7.549,-2.456,-0.00,0.450,-0.000,0.000,0.000,0.000,0.000,10.40,10.77566339,106.67088177,10.51,"10°46'32.39""N, 106°40'15.17""E",FIX,
13:40:44.982,1786257644.982,TRACKING,3.024,-7.572,-2.456,-0.00,0.450,0.000,0.000,0.000,0.000,0.000,10.44,10.77566339,106.67088177,10.51,"10°46'32.39""N, 106°40'15.17""E",FIX,
13:40:45.051,1786257645.052,TRACKING,3.010,-7.583,-2.456,-0.00,0.450,-0.000,0.000,0.000,0.000,0.000,10.46,10.77566339,106.67088177,10.51,"10°46'32.39""N, 106°40'15.17""E",FIX,
13:40:45.141,1786257645.141,TRACKING,2.975,-7.612,-2.456,-0.00,0.450,0.000,0.000,0.000,0.000,0.000,10.50,10.77566339,106.67088136,10.51,"10°46'32.39""N, 106°40'15.17""E",FIX,
13:40:45.215,1786257645.215,TRACKING,2.954,-7.629,-2.456,-0.00,0.450,0.000,0.000,0.000,0.000,0.000,10.53,10.77566339,106.67088136,10.51,"10°46'32.39""N, 106°40'15.17""E",FIX,
13:40:45.291,1786257645.292,TRACKING,2.940,-7.640,-2.456,-0.00,0.450,-0.000,0.000,0.000,0.000,0.000,10.55,10.77566339,106.67088136,10.51,"10°46'32.39""N, 106°40'15.17""E",FIX,
13:40:45.373,1786257645.374,TRACKING,2.919,-7.657,-2.456,-0.00,0.450,0.000,0.000,0.000,0.000,0.000,10.57,10.77566339,106.67088094,10.51,"10°46'32.39""N, 106°40'15.17""E",FIX,
13:40:45.472,1786257645.472,TRACKING,2.891,-7.680,-2.456,-0.00,0.450,0.000,0.000,0.000,0.000,0.000,10.61,10.77566339,106.67088094,10.51,"10°46'32.39""N, 106°40'15.17""E",FIX,
13:40:45.579,1786257645.580,TRACKING,2.863,-7.703,-2.456,-0.00,0.450,0.000,0.000,0.000,0.000,0.000,10.65,10.77566339,106.67088094,10.51,"10°46'32.39""N, 106°40'15.17""E",FIX,
13:40:45.668,1786257645.669,TRACKING,2.843,-7.720,-2.456,-0.00,0.450,0.000,0.000,0.000,0.000,0.000,10.67,10.77566339,106.67088053,10.51,"10°46'32.39""N, 106°40'15.17""E",FIX,
13:40:45.757,1786257645.757,TRACKING,2.822,-7.737,-2.456,-0.00,0.450,0.000,0.000,0.000,0.000,0.000,10.70,10.77566339,106.67088053,10.51,"10°46'32.39""N, 106°40'15.17""E",FIX,
13:40:45.840,1786257645.840,TRACKING,2.801,-7.754,-2.456,-0.00,0.450,0.000,0.000,0.000,0.000,0.000,10.73,10.77566339,106.67088053,10.51,"10°46'32.39""N, 106°40'15.17""E",FIX,
13:40:45.947,1786257645.947,TRACKING,2.773,-7.777,-2.456,-0.00,0.450,0.000,0.000,0.000,0.000,0.000,10.76,10.77566339,106.67088012,10.51,"10°46'32.39""N, 106°40'15.17""E",FIX,
13:40:46.032,1786257646.032,TRACKING,2.752,-7.794,-2.456,-0.00,0.450,0.000,0.000,0.000,0.000,0.000,10.79,10.77566339,106.67088012,10.51,"10°46'32.39""N, 106°40'15.17""E",FIX,
13:40:46.117,1786257646.118,TRACKING,2.724,-7.817,-2.456,-0.00,0.450,0.000,0.000,0.000,0.000,0.000,10.83,10.77566339,106.67088012,10.51,"10°46'32.39""N, 106°40'15.17""E",FIX,
13:40:46.214,1786257646.214,TRACKING,2.703,-7.834,-2.456,-0.00,0.450,0.000,0.000,0.000,0.000,0.000,10.85,10.77566339,106.67087971,10.51,"10°46'32.39""N, 106°40'15.17""E",FIX,
13:40:46.302,1786257646.303,TRACKING,2.682,-7.851,-2.456,-0.00,0.450,0.000,0.000,0.000,0.000,0.000,10.88,10.77566339,106.67087971,10.51,"10°46'32.39""N, 106°40'15.17""E",FIX,
13:40:46.393,1786257646.394,TRACKING,2.661,-7.868,-2.456,-0.00,0.450,0.000,0.000,0.000,0.000,0.000,10.91,10.77566339,106.67087971,10.51,"10°46'32.39""N, 106°40'15.17""E",FIX,
13:40:46.494,1786257646.494,TRACKING,2.634,-7.891,-2.456,-0.00,0.450,0.000,0.000,0.000,0.000,0.000,10.94,10.77566339,106.67087930,10.51,"10°46'32.39""N, 106°40'15.17""E",FIX,
13:40:46.588,1786257646.589,TRACKING,2.613,-7.908,-2.456,-0.00,0.450,0.000,0.000,0.000,0.000,0.000,10.97,10.77566339,106.67087930,10.51,"10°46'32.39""N, 106°40'15.17""E",FIX,
13:40:46.672,1786257646.672,TRACKING,2.592,-7.925,-2.456,-0.00,0.450,0.000,0.000,0.000,0.000,0.000,11.00,10.77566339,106.67087930,10.51,"10°46'32.39""N, 106°40'15.17""E",FIX,
13:40:46.752,1786257646.753,TRACKING,2.571,-7.942,-2.456,-0.00,0.450,0.000,0.000,0.000,0.000,0.000,11.02,10.77566339,106.67087889,10.51,"10°46'32.39""N, 106°40'15.16""E",FIX,
13:40:46.848,1786257646.849,TRACKING,2.550,-7.959,-2.456,-0.00,0.450,0.000,0.000,0.000,0.000,0.000,11.05,10.77566339,106.67087889,10.51,"10°46'32.39""N, 106°40'15.16""E",FIX,
13:40:46.933,1786257646.934,TRACKING,2.522,-7.982,-2.456,-0.00,0.450,0.000,0.000,0.000,0.000,0.000,11.09,10.77566339,106.67087889,10.51,"10°46'32.39""N, 106°40'15.16""E",FIX,
13:40:47.017,1786257647.017,TRACKING,2.494,-8.005,-2.456,-0.00,0.450,0.000,0.000,0.000,0.000,0.000,11.12,10.77566339,106.67087848,10.51,"10°46'32.39""N, 106°40'15.16""E",FIX,
13:40:47.091,1786257647.091,TRACKING,2.473,-8.022,-2.456,-0.00,0.450,0.000,0.000,0.000,0.000,0.000,11.15,10.77566339,106.67087848,10.51,"10°46'32.39""N, 106°40'15.16""E",FIX,
13:40:47.168,1786257647.169,TRACKING,2.452,-8.039,-2.456,-0.00,0.450,0.000,0.000,0.000,0.000,0.000,11.18,10.77566339,106.67087848,10.51,"10°46'32.39""N, 106°40'15.16""E",FIX,
13:40:47.255,1786257647.256,TRACKING,2.424,-8.062,-2.456,-0.00,0.450,0.000,0.000,0.000,0.000,0.000,11.21,10.77566339,106.67087806,10.51,"10°46'32.39""N, 106°40'15.16""E",FIX,
13:40:47.326,1786257647.327,TRACKING,2.404,-8.079,-2.456,-0.00,0.450,0.000,0.000,0.000,0.000,0.000,11.24,10.77566339,106.67087806,10.51,"10°46'32.39""N, 106°40'15.16""E",FIX,
13:40:47.402,1786257647.402,TRACKING,2.383,-8.096,-2.456,-0.00,0.450,0.000,0.000,0.000,0.000,0.000,11.27,10.77566339,106.67087806,10.51,"10°46'32.39""N, 106°40'15.16""E",FIX,
13:40:47.492,1786257647.492,TRACKING,2.362,-8.113,-2.456,-0.00,0.450,0.000,0.000,0.000,0.000,0.000,11.29,10.77566339,106.67087765,10.51,"10°46'32.39""N, 106°40'15.16""E",FIX,
13:40:47.577,1786257647.578,TRACKING,2.341,-8.130,-2.456,-0.00,0.450,0.000,0.000,0.000,0.000,0.000,11.32,10.77566339,106.67087765,10.51,"10°46'32.39""N, 106°40'15.16""E",FIX,
13:40:47.665,1786257647.665,TRACKING,2.313,-8.153,-2.456,-0.00,0.450,0.000,0.000,0.000,0.000,0.000,11.36,10.77566339,106.67087765,10.51,"10°46'32.39""N, 106°40'15.16""E",FIX,
13:40:47.736,1786257647.737,TRACKING,2.292,-8.170,-2.456,-0.00,0.450,-0.000,0.000,0.000,0.000,0.000,11.38,10.77566339,106.67087724,10.51,"10°46'32.39""N, 106°40'15.16""E",FIX,
13:40:47.838,1786257647.838,TRACKING,2.264,-8.193,-2.456,-0.00,0.450,0.000,0.000,0.000,0.000,0.000,11.42,10.77566339,106.67087724,10.51,"10°46'32.39""N, 106°40'15.16""E",FIX,
13:40:47.923,1786257647.923,TRACKING,2.243,-8.210,-2.456,-0.00,0.450,0.000,0.000,0.000,0.000,0.000,11.45,10.77566339,106.67087724,10.51,"10°46'32.39""N, 106°40'15.16""E",FIX,
13:40:47.995,1786257647.996,TRACKING,2.222,-8.227,-2.456,-0.00,0.450,-0.000,0.000,0.000,0.000,0.000,11.47,10.77566339,106.67087683,10.51,"10°46'32.39""N, 106°40'15.16""E",FIX,
13:40:48.079,1786257648.079,TRACKING,2.201,-8.244,-2.456,-0.00,0.450,0.000,0.000,0.000,0.000,0.000,11.50,10.77566339,106.67087683,10.51,"10°46'32.39""N, 106°40'15.16""E",FIX,
13:40:48.175,1786257648.175,TRACKING,2.174,-8.267,-2.456,-0.00,0.450,0.000,0.000,0.000,0.000,0.000,11.54,10.77566339,106.67087683,10.51,"10°46'32.39""N, 106°40'15.16""E",FIX,
13:40:48.248,1786257648.249,TRACKING,2.153,-8.284,-2.456,-0.00,0.450,0.000,0.000,0.000,0.000,0.000,11.56,10.77566339,106.67087642,10.51,"10°46'32.39""N, 106°40'15.16""E",FIX,
13:40:48.325,1786257648.325,TRACKING,2.132,-8.301,-2.456,-0.00,0.450,0.000,0.000,0.000,0.000,0.000,11.59,10.77566339,106.67087642,10.51,"10°46'32.39""N, 106°40'15.16""E",FIX,
13:40:48.407,1786257648.408,TRACKING,2.104,-8.324,-2.456,-0.00,0.450,0.000,0.000,0.000,0.000,0.000,11.63,10.77566339,106.67087642,10.51,"10°46'32.39""N, 106°40'15.16""E",FIX,
13:40:48.493,1786257648.493,TRACKING,2.083,-8.341,-2.456,-0.00,0.450,0.000,0.000,0.000,0.000,0.000,11.65,10.77566339,106.67087601,10.51,"10°46'32.39""N, 106°40'15.15""E",FIX,
13:40:48.563,1786257648.564,TRACKING,2.062,-8.358,-2.456,-0.00,0.450,0.000,0.000,0.000,0.000,0.000,11.68,10.77566339,106.67087601,10.51,"10°46'32.39""N, 106°40'15.15""E",FIX,
13:40:48.647,1786257648.648,TRACKING,2.034,-8.381,-2.456,-0.00,0.450,0.000,0.000,0.000,0.000,0.000,11.72,10.77566339,106.67087601,10.51,"10°46'32.39""N, 106°40'15.15""E",FIX,
13:40:48.724,1786257648.724,TRACKING,2.020,-8.392,-2.456,-0.00,0.450,-0.000,0.000,0.000,0.000,0.000,11.74,10.77566339,106.67087560,10.51,"10°46'32.39""N, 106°40'15.15""E",FIX,
13:40:48.803,1786257648.804,TRACKING,1.992,-8.415,-2.456,-0.00,0.450,0.000,0.000,0.000,0.000,0.000,11.77,10.77566339,106.67087560,10.51,"10°46'32.39""N, 106°40'15.15""E",FIX,
13:40:48.877,1786257648.878,TRACKING,1.972,-8.432,-2.456,-0.00,0.450,0.000,0.000,0.000,0.000,0.000,11.80,10.77566339,106.67087560,10.51,"10°46'32.39""N, 106°40'15.15""E",FIX,
13:40:48.961,1786257648.961,TRACKING,1.951,-8.449,-2.456,-0.00,0.450,0.000,0.000,0.000,0.000,0.000,11.83,10.77566339,106.67087518,10.51,"10°46'32.39""N, 106°40'15.15""E",FIX,
13:40:49.048,1786257649.049,TRACKING,1.923,-8.472,-2.456,-0.00,0.450,0.000,0.000,0.000,0.000,0.000,11.86,10.77566339,106.67087518,10.51,"10°46'32.39""N, 106°40'15.15""E",FIX,
13:40:49.111,1786257649.112,TRACKING,1.902,-8.489,-2.456,-0.00,0.450,-0.000,0.000,0.000,0.000,0.000,11.89,10.77566339,106.67087518,10.51,"10°46'32.39""N, 106°40'15.15""E",FIX,
13:40:49.189,1786257649.189,TRACKING,1.881,-8.506,-2.456,-0.00,0.450,0.000,0.000,0.000,0.000,0.000,11.92,10.77566339,106.67087477,10.51,"10°46'32.39""N, 106°40'15.15""E",FIX,
13:40:49.269,1786257649.269,TRACKING,1.860,-8.523,-2.456,-0.00,0.450,0.000,0.000,0.000,0.000,0.000,11.94,10.77566339,106.67087477,10.51,"10°46'32.39""N, 106°40'15.15""E",FIX,
13:40:49.360,1786257649.361,TRACKING,1.832,-8.546,-2.456,-0.00,0.450,0.000,0.000,0.000,0.000,0.000,11.98,10.77566339,106.67087477,10.51,"10°46'32.39""N, 106°40'15.15""E",FIX,
13:40:49.442,1786257649.442,TRACKING,1.811,-8.563,-2.456,-0.00,0.450,0.000,0.000,0.000,0.000,0.000,12.01,10.77566339,106.67087436,10.51,"10°46'32.39""N, 106°40'15.15""E",FIX,
13:40:49.510,1786257649.510,TRACKING,1.790,-8.580,-2.456,-0.00,0.450,0.000,0.000,0.000,0.000,0.000,12.03,10.77566339,106.67087436,10.51,"10°46'32.39""N, 106°40'15.15""E",FIX,
13:40:49.590,1786257649.590,TRACKING,1.763,-8.603,-2.456,-0.00,0.450,0.000,0.000,0.000,0.000,0.000,12.07,10.77566339,106.67087436,10.51,"10°46'32.39""N, 106°40'15.15""E",FIX,
13:40:49.667,1786257649.668,TRACKING,1.742,-8.620,-2.456,-0.00,0.450,0.000,0.000,0.000,0.000,0.000,12.10,10.77566339,106.67087395,10.51,"10°46'32.39""N, 106°40'15.15""E",FIX,
13:40:49.752,1786257649.753,TRACKING,1.714,-8.643,-2.456,-0.00,0.450,0.000,0.000,0.000,0.000,0.000,12.13,10.77566339,106.67087395,10.51,"10°46'32.39""N, 106°40'15.15""E",FIX,
13:40:49.828,1786257649.829,TRACKING,1.693,-8.660,-2.456,-0.00,0.450,0.000,0.000,0.000,0.000,0.000,12.16,10.77566339,106.67087395,10.51,"10°46'32.39""N, 106°40'15.15""E",FIX,
