Time,Unix_Timestamp,FSM_State,Pos_X_m,Pos_Y_m,Yaw_rad,Steer_Angle_deg,Linear_Vel_mps,Angular_Vel_radps,IMU_Yaw_rad,IMU_Angular_Vel_z,IMU_Accel_x,Confidence,Dist_Traveled_m,GPS_Latitude,GPS_Longitude,GPS_Altitude_m,GPS_DMS,GPS_Status,Event
09:49:34.938,1786243774.939,TRACKING,0.000,0.000,0.000,0.00,0.450,-0.000,0.000,0.000,0.000,0.000,0.00,10.77566700,106.67088900,10.00,"10°46'32.40""N, 106°40'15.20""E",NO_FIX,
09:49:34.954,1786243774.955,TRACKING,0.000,0.000,0.000,0.00,0.450,-0.000,0.000,0.000,0.000,0.000,0.00,10.77566700,106.67088900,10.00,"10°46'32.40""N, 106°40'15.20""E",NO_FIX,
09:49:35.018,1786243775.019,TRACKING,0.013,0.000,0.000,0.00,0.450,-0.000,0.000,0.000,0.000,0.000,0.01,10.77567062,106.67087529,10.51,"10°46'32.41""N, 106°40'15.15""E",FIX,
09:49:35.088,1786243775.089,TRACKING,0.050,0.000,0.000,0.00,0.450,-0.000,0.000,0.000,0.000,0.000,0.05,10.77567062,106.67087529,10.51,"10°46'32.41""N, 106°40'15.15""E",FIX,
09:49:35.160,1786243775.160,TRACKING,0.077,0.000,0.000,0.00,0.450,-0.000,0.000,0.000,0.000,0.000,0.08,10.77567062,106.67087555,10.51,"10°46'32.41""N, 106°40'15.15""E",FIX,
09:49:35.242,1786243775.242,TRACKING,0.104,0.000,0.000,0.00,0.450,-0.000,0.000,0.000,0.000,0.000,0.10,10.77567062,106.67087555,10.51,"10°46'32.41""N, 106°40'15.15""E",FIX,
09:49:35.335,1786243775.336,TRACKING,0.140,0.000,0.000,0.00,0.450,-0.000,0.000,0.000,0.000,0.000,0.14,10.77567062,106.67087555,10.51,"10°46'32.41""N, 106°40'15.15""E",FIX,
09:49:35.402,1786243775.402,TRACKING,0.167,0.000,0.000,0.00,0.450,-0.000,0.000,0.000,0.000,0.000,0.17,10.77567062,106.67087596,10.51,"10°46'32.41""N, 106°40'15.15""E",FIX,
09:49:35.482,1786243775.483,TRACKING,0.194,0.000,0.000,0.00,0.450,-0.000,0.000,0.000,0.000,0.000,0.19,10.77567062,106.67087596,10.51,"10°46'32.41""N, 106°40'15.15""E",FIX,
09:49:35.584,1786243775.585,TRACKING,0.230,0.000,0.000,0.00,0.450,-0.000,0.000,0.000,0.000,0.000,0.23,10.77567062,106.67087596,10.51,"10°46'32.41""N, 106°40'15.15""E",FIX,
09:49:35.648,1786243775.648,TRACKING,0.257,0.000,0.000,0.00,0.450,-0.000,0.000,0.000,0.000,0.000,0.26,10.77567062,106.67087638,10.51,"10°46'32.41""N, 106°40'15.15""E",FIX,
09:49:35.712,1786243775.712,TRACKING,0.284,0.000,0.000,0.00,0.450,-0.000,0.000,0.000,0.000,0.062,0.28,10.77567062,106.67087638,10.51,"10°46'32.41""N, 106°40'15.15""E",FIX,
09:49:35.805,1786243775.805,TRACKING,0.320,0.000,0.000,0.00,0.450,-0.000,0.000,0.000,0.000,0.104,0.32,10.77567062,106.67087638,10.51,"10°46'32.41""N, 106°40'15.15""E",FIX,
09:49:35.883,1786243775.884,TRACKING,0.347,0.000,0.000,0.00,0.450,-0.000,0.000,0.000,0.000,0.167,0.35,10.77567062,106.67087679,10.51,"10°46'32.41""N, 106°40'15.16""E",FIX,
09:49:35.967,1786243775.968,TRACKING,0.374,0.000,0.000,0.00,0.450,-0.000,0.000,0.000,0.000,0.208,0.37,10.77567062,106.67087679,10.51,"10°46'32.41""N, 106°40'15.16""E",FIX,
09:49:36.063,1786243776.064,TRACKING,0.410,0.000,0.000,0.00,0.450,-0.000,0.000,0.000,0.000,0.271,0.41,10.77567062,106.67087679,10.51,"10°46'32.41""N, 106°40'15.16""E",FIX,
09:49:36.148,1786243776.149,TRACKING,0.437,0.000,0.000,0.00,0.450,-0.000,0.000,0.000,0.000,0.333,0.44,10.77567062,106.67087720,10.51,"10°46'32.41""N, 106°40'15.16""E",FIX,
09:49:36.235,1786243776.236,TRACKING,0.464,0.000,0.000,0.00,0.450,-0.000,0.000,0.000,0.000,0.396,0.46,10.77567062,106.67087720,10.51,"10°46'32.41""N, 106°40'15.16""E",FIX,
09:49:36.323,1786243776.324,TRACKING,0.491,0.000,0.000,0.00,0.450,-0.000,0.000,0.000,0.000,0.458,0.49,10.77567062,106.67087720,10.51,"10°46'32.41""N, 106°40'15.16""E",FIX,
09:49:36.388,1786243776.389,TRACKING,0.518,0.000,0.000,0.00,0.450,-0.000,0.000,0.000,0.000,0.500,0.52,10.77567062,106.67087761,10.51,"10°46'32.41""N, 106°40'15.16""E",FIX,
09:49:36.467,1786243776.467,TRACKING,0.554,0.000,0.000,0.00,0.450,-0.000,0.000,0.000,0.000,0.583,0.55,10.77567062,106.67087761,10.51,"10°46'32.41""N, 106°40'15.16""E",FIX,
09:49:36.555,1786243776.556,TRACKING,0.590,0.000,0.000,0.00,0.450,-0.000,0.000,0.000,0.000,0.646,0.59,10.77567062,106.67087761,10.51,"10°46'32.41""N, 106°40'15.16""E",FIX,
09:49:36.623,1786243776.624,TRACKING,0.608,0.000,0.000,0.00,0.450,-0.000,0.000,0.000,0.000,0.708,0.61,10.77567062,106.67087802,10.51,"10°46'32.41""N, 106°40'15.16""E",FIX,
09:49:36.708,1786243776.708,TRACKING,0.644,0.000,0.000,0.00,0.450,-0.000,0.000,0.000,0.000,0.792,0.64,10.77567062,106.67087802,10.51,"10°46'32.41""N, 106°40'15.16""E",FIX,
09:49:36.783,1786243776.783,TRACKING,0.671,0.000,0.000,0.00,0.450,-0.000,0.000,0.000,0.000,0.854,0.67,10.77567062,106.67087802,10.51,"10°46'32.41""N, 106°40'15.16""E",FIX,
09:49:36.853,1786243776.853,TRACKING,0.698,0.000,0.000,0.00,0.450,-0.000,0.000,0.000,0.000,0.937,0.70,10.77567062,106.67087843,10.51,"10°46'32.41""N, 106°40'15.16""E",FIX,
09:49:36.943,1786243776.943,TRACKING,0.734,0.000,0.000,0.00,0.450,-0.000,0.000,0.000,0.000,1.000,0.73,10.77567062,106.67087843,10.51,"10°46'32.41""N, 106°40'15.16""E",FIX,
09:49:37.017,1786243777.017,TRACKING,0.761,0.000,0.000,0.00,0.450,-0.000,0.000,0.000,0.000,1.000,0.76,10.77567062,106.67087843,10.51,"10°46'32.41""N, 106°40'15.16""E",FIX,
09:49:37.094,1786243777.095,TRACKING,0.797,0.000,0.000,0.00,0.450,-0.000,0.000,0.000,0.000,1.000,0.80,10.77567062,106.67087884,10.51,"10°46'32.41""N, 106°40'15.16""E",FIX,
09:49:37.154,1786243777.155,TRACKING,0.815,0.000,0.000,0.00,0.450,-0.000,0.000,0.000,0.000,1.000,0.81,10.77567062,106.67087884,10.51,"10°46'32.41""N, 106°40'15.16""E",FIX,
09:49:37.245,1786243777.246,TRACKING,0.851,0.000,0.000,0.00,0.450,-0.000,0.000,0.000,0.000,1.000,0.85,10.77567062,106.67087884,10.51,"10°46'32.41""N, 106°40'15.16""E",FIX,
09:49:37.318,1786243777.318,TRACKING,0.878,0.000,0.000,0.00,0.450,-0.000,0.000,0.000,0.000,1.000,0.88,10.77567062,106.67087926,10.51,"10°46'32.41""N, 106°40'15.17""E",FIX,
09:49:37.405,1786243777.405,TRACKING,0.905,0.000,0.000,0.00,0.450,-0.000,0.000,0.000,0.000,1.000,0.90,10.77567062,106.67087926,10.51,"10°46'32.41""N, 106°40'15.17""E",FIX,
09:49:37.494,1786243777.495,TRACKING,0.941,0.000,0.000,0.00,0.450,-0.000,0.000,0.000,0.000,1.000,0.94,10.77567062,106.67087926,10.51,"10°46'32.41""N, 106°40'15.17""E",FIX,
09:49:37.561,1786243777.562,TRACKING,0.968,0.000,0.000,0.00,0.450,-0.000,0.000,0.000,0.000,1.000,0.97,10.77567062,106.67087967,10.51,"10°46'32.41""N, 106°40'15.17""E",FIX,
09:49:37.635,1786243777.636,TRACKING,0.995,0.000,0.000,0.00,0.450,-0.000,0.000,0.000,0.000,1.000,0.99,10.77567062,106.67087967,10.51,"10°46'32.41""N, 106°40'15.17""E",FIX,
09:49:37.719,1786243777.720,TRACKING,1.031,0.000,0.000,0.00,0.450,-0.000,0.000,0.000,0.000,1.000,1.03,10.77567062,106.67087967,10.51,"10°46'32.41""N, 106°40'15.17""E",FIX,
09:49:37.798,1786243777.799,TRACKING,1.058,0.000,0.000,0.00,0.450,-0.000,0.000,0.000,0.000,1.000,1.06,10.77567062,106.67088008,10.51,"10°46'32.41""N, 106°40'15.17""E",FIX,
09:49:37.871,1786243777.871,TRACKING,1.085,0.000,0.000,0.00,0.450,-0.000,0.000,0.000,0.000,1.000,1.08,10.77567062,106.67088008,10.51,"10°46'32.41""N, 106°40'15.17""E",FIX,
09:49:37.947,1786243777.947,TRACKING,1.121,0.000,0.000,0.00,0.450,-0.000,0.000,0.000,0.000,1.000,1.12,10.77567062,106.67088008,10.51,"10°46'32.41""N, 106°40'15.17""E",FIX,
09:49:38.015,1786243778.015,TRACKING,1.148,0.000,0.000,0.00,0.450,-0.000,0.000,0.000,0.000,1.000,1.15,10.77567062,106.67088049,10.51,"10°46'32.41""N, 106°40'15.17""E",FIX,
09:49:38.088,1786243778.088,TRACKING,1.175,0.000,0.000,0.01,0.450,-0.028,0.000,0.000,0.000,1.000,1.17,10.77567062,106.67088049,10.51,"10°46'32.41""N, 106°40'15.17""E",FIX,
09:49:38.174,1786243778.175,TRACKING,1.210,-0.000,-0.002,0.01,0.450,0.005,0.000,0.000,0.000,1.000,1.21,10.77567062,106.67088049,10.51,"10°46'32.41""N, 106°40'15.17""E",FIX,
09:49:38.241,1786243778.241,TRACKING,1.237,-0.000,-0.002,0.00,0.450,0.005,0.000,0.000,0.000,1.000,1.24,10.77567062,106.67088090,10.51,"10°46'32.41""N, 106°40'15.17""E",FIX,
09:49:38.325,1786243778.326,TRACKING,1.264,-0.000,-0.001,0.00,0.450,0.002,0.000,0.000,0.000,1.000,1.26,10.77567062,106.67088090,10.51,"10°46'32.41""N, 106°40'15.17""E",FIX,
09:49:38.407,1786243778.407,TRACKING,1.300,-0.000,-0.001,0.00,0.450,0.002,0.000,0.000,0.000,1.000,1.30,10.77567062,106.67088090,10.51,"10°46'32.41""N, 106°40'15.17""E",FIX,
09:49:38.501,1786243778.501,TRACKING,1.327,-0.000,-0.001,0.00,0.450,0.001,0.000,0.000,0.000,1.000,1.33,10.77567062,106.67088131,10.51,"10°46'32.41""N, 106°40'15.17""E",FIX,
09:49:38.560,1786243778.561,TRACKING,1.354,-0.000,-0.001,-0.02,0.450,0.051,0.000,0.000,0.000,0.604,1.35,10.77567062,106.67088131,10.51,"10°46'32.41""N, 106°40'15.17""E",FIX,
09:49:38.622,1786243778.622,TRACKING,1.381,-0.000,0.001,-0.04,0.450,0.049,0.000,0.000,0.000,0.667,1.38,10.77567062,106.67088131,10.51,"10°46'32.41""N, 106°40'15.17""E",FIX,
09:49:38.705,1786243778.705,TRACKING,1.417,-0.000,0.005,-0.02,0.450,-0.018,0.000,0.000,0.000,0.750,1.42,10.77567061,106.67088172,10.51,"10°46'32.41""N, 106°40'15.17""E",FIX,
09:49:38.777,1786243778.778,TRACKING,1.444,-0.000,0.004,0.01,0.450,-0.069,0.000,0.000,0.000,0.833,1.44,10.77567061,106.67088172,10.51,"10°46'32.41""N, 106°40'15.17""E",FIX,
09:49:38.860,1786243778.860,TRACKING,1.471,0.000,0.001,-0.02,0.450,0.056,0.000,0.000,0.000,0.896,1.47,10.77567061,106.67088172,10.51,"10°46'32.41""N, 106°40'15.17""E",FIX,
09:49:38.941,1786243778.942,TRACKING,1.498,0.000,0.002,-0.01,0.450,-0.009,0.000,0.000,0.000,0.979,1.50,10.77567061,106.67088214,10.51,"10°46'32.41""N, 106°40'15.18""E",FIX,
09:49:39.028,1786243779.029,TRACKING,1.534,0.000,0.003,-0.01,0.450,-0.005,0.000,0.000,0.000,1.000,1.53,10.77567061,106.67088214,10.51,"10°46'32.41""N, 106°40'15.18""E",FIX,
09:49:39.088,1786243779.089,TRACKING,1.561,0.000,0.002,-0.00,0.450,-0.005,0.000,0.000,0.000,1.000,1.56,10.77567061,106.67088214,10.51,"10°46'32.41""N, 106°40'15.18""E",FIX,
09:49:39.164,1786243779.164,TRACKING,1.588,0.000,0.002,-0.00,0.450,-0.003,0.000,0.000,0.000,1.000,1.59,10.77567062,106.67088255,10.51,"10°46'32.41""N, 106°40'15.18""E",FIX,
09:49:39.238,1786243779.239,TRACKING,1.615,0.000,0.002,-0.00,0.450,-0.002,0.000,0.000,0.000,1.000,1.62,10.77567062,106.67088255,10.51,"10°46'32.41""N, 106°40'15.18""E",FIX,
09:49:39.318,1786243779.319,TRACKING,1.651,0.000,0.001,-0.02,0.450,0.052,0.000,0.000,0.000,1.000,1.65,10.77567062,106.67088255,10.51,"10°46'32.41""N, 106°40'15.18""E",FIX,
09:49:39.408,1786243779.408,TRACKING,1.678,0.000,0.004,-0.02,0.450,-0.012,0.000,0.000,0.000,1.000,1.68,10.77567062,106.67088296,10.51,"10°46'32.41""N, 106°40'15.18""E",FIX,
09:49:39.503,1786243779.504,TRACKING,1.714,0.001,0.004,-0.01,0.450,-0.006,0.000,0.000,0.000,1.000,1.71,10.77567062,106.67088296,10.51,"10°46'32.41""N, 106°40'15.18""E",FIX,
09:49:39.569,1786243779.569,TRACKING,1.741,0.001,0.004,-0.01,0.450,-0.007,0.000,0.000,0.000,1.000,1.74,10.77567062,106.67088296,10.51,"10°46'32.41""N, 106°40'15.18""E",FIX,
09:49:39.644,1786243779.645,TRACKING,1.768,0.001,0.003,-0.00,0.450,-0.005,0.000,0.000,0.000,1.000,1.77,10.77567062,106.67088337,10.51,"10°46'32.41""N, 106°40'15.18""E",FIX,
09:49:39.728,1786243779.728,TRACKING,1.795,0.001,0.003,-0.00,0.450,-0.002,0.000,0.000,0.000,1.000,1.80,10.77567062,106.67088337,10.51,"10°46'32.41""N, 106°40'15.18""E",FIX,
09:49:39.818,1786243779.818,TRACKING,1.831,0.001,0.003,-0.00,0.450,-0.001,0.000,0.000,0.000,1.000,1.83,10.77567062,106.67088337,10.51,"10°46'32.41""N, 106°40'15.18""E",FIX,
09:49:39.881,1786243779.881,TRACKING,1.858,0.001,0.003,-0.00,0.450,-0.002,0.000,0.000,0.000,1.000,1.86,10.77567062,106.67088378,10.51,"10°46'32.41""N, 106°40'15.18""E",FIX,
09:49:39.978,1786243779.979,TRACKING,1.894,0.001,0.002,-0.01,0.450,0.021,0.000,0.000,0.000,1.000,1.89,10.77567062,106.67088378,10.51,"10°46'32.41""N, 106°40'15.18""E",FIX,
09:49:40.048,1786243780.048,TRACKING,1.912,0.001,0.003,-0.01,0.450,-0.008,0.000,0.000,0.000,1.000,1.91,10.77567062,106.67088378,10.51,"10°46'32.41""N, 106°40'15.18""E",FIX,
09:49:40.125,1786243780.126,TRACKING,1.948,0.001,0.003,-0.01,0.450,-0.004,0.000,0.000,0.000,1.000,1.95,10.77567062,106.67088419,10.51,"10°46'32.41""N, 106°40'15.18""E",FIX,
09:49:40.193,1786243780.193,TRACKING,1.975,0.001,0.003,-0.00,0.450,-0.003,0.000,0.000,0.000,1.000,1.98,10.77567062,106.67088419,10.51,"10°46'32.41""N, 106°40'15.18""E",FIX,
09:49:40.280,1786243780.280,TRACKING,2.011,0.001,0.003,-0.03,0.450,0.041,0.000,0.000,0.000,1.000,2.01,10.77567062,106.67088419,10.51,"10°46'32.41""N, 106°40'15.18""E",FIX,
09:49:40.329,1786243780.329,TRACKING,2.029,0.002,0.003,0.01,0.450,-0.095,0.000,0.000,0.000,1.000,2.03,10.77567062,106.67088419,10.51,"10°46'32.41""N, 106°40'15.18""E",FIX,
09:49:40.412,1786243780.413,TRACKING,2.065,0.002,-0.001,0.00,0.450,0.003,0.000,0.000,0.000,1.000,2.07,10.77567062,106.67088460,10.51,"10°46'32.41""N, 106°40'15.18""E",FIX,
09:49:40.494,1786243780.494,TRACKING,2.101,0.002,-0.003,0.03,0.450,-0.045,0.000,0.000,0.000,1.000,2.10,10.77567062,106.67088460,10.51,"10°46'32.41""N, 106°40'15.18""E",FIX,
09:49:40.570,1786243780.571,TRACKING,2.128,0.001,-0.005,0.02,0.450,0.014,0.000,0.000,0.000,0.583,2.13,10.77567062,106.67088502,10.51,"10°46'32.41""N, 106°40'15.19""E",FIX,
09:49:40.638,1786243780.638,TRACKING,2.155,0.001,-0.005,0.01,0.450,0.009,0.000,0.000,0.000,0.646,2.16,10.77567062,106.67088502,10.51,"10°46'32.41""N, 106°40'15.19""E",FIX,
09:49:40.706,1786243780.707,TRACKING,2.182,0.001,-0.005,0.01,0.450,0.007,0.000,0.000,0.000,0.708,2.18,10.77567062,106.67088502,10.51,"10°46'32.41""N, 106°40'15.19""E",FIX,
09:49:40.777,1786243780.777,TRACKING,2.209,0.001,-0.004,0.03,0.450,-0.050,0.000,0.000,0.000,0.771,2.21,10.77567062,106.67088502,10.51,"10°46'32.41""N, 106°40'15.19""E",FIX,
09:49:40.859,1786243780.859,TRACKING,2.245,0.001,-0.006,0.02,0.450,0.011,0.000,0.000,0.000,0.854,2.25,10.77567062,106.67088543,10.51,"10°46'32.41""N, 106°40'15.19""E",FIX,
09:49:40.923,1786243780.923,TRACKING,2.272,0.001,-0.007,-0.01,0.450,0.080,0.000,0.000,0.000,0.917,2.27,10.77567062,106.67088543,10.51,"10°46'32.41""N, 106°40'15.19""E",FIX,
09:49:41.008,1786243781.008,TRACKING,2.308,0.000,-0.002,0.02,0.450,-0.050,0.000,0.000,0.000,1.000,2.31,10.77567062,106.67088584,10.51,"10°46'32.41""N, 106°40'15.19""E",FIX,
09:49:41.093,1786243781.093,TRACKING,2.335,0.000,-0.004,0.03,0.450,-0.040,0.000,0.000,0.000,1.000,2.34,10.77567062,106.67088584,10.51,"10°46'32.41""N, 106°40'15.19""E",FIX,
09:49:41.162,1786243781.162,TRACKING,2.371,0.000,-0.007,-0.00,0.450,0.073,0.000,0.000,0.000,1.000,2.37,10.77567062,106.67088584,10.51,"10°46'32.41""N, 106°40'15.19""E",FIX,
09:49:41.232,1786243781.232,TRACKING,2.398,0.000,-0.004,-0.00,0.450,-0.001,0.000,0.000,0.000,1.000,2.40,10.77567062,106.67088625,10.51,"10°46'32.41""N, 106°40'15.19""E",FIX,
09:49:41.296,1786243781.296,TRACKING,2.416,-0.000,-0.003,0.02,0.450,-0.061,0.000,0.000,0.000,1.000,2.42,10.77567062,106.67088625,10.51,"10°46'32.41""N, 106°40'15.19""E",FIX,
09:49:41.373,1786243781.374,TRACKING,2.452,-0.000,-0.006,0.01,0.450,0.011,0.000,0.000,0.000,1.000,2.45,10.77567062,106.67088625,10.51,"10°46'32.41""N, 106°40'15.19""E",FIX,
09:49:41.445,1786243781.445,TRACKING,2.479,-0.000,-0.007,-0.01,0.450,0.061,0.000,0.000,0.000,1.000,2.48,10.77567062,106.67088625,10.51,"10°46'32.41""N, 106°40'15.19""E",FIX,
09:49:41.526,1786243781.527,TRACKING,2.506,-0.000,-0.004,-0.01,0.450,-0.007,0.000,0.000,0.000,1.000,2.51,10.77567062,106.67088666,10.51,"10°46'32.41""N, 106°40'15.19""E",FIX,
09:49:41.603,1786243781.604,TRACKING,2.542,-0.001,-0.003,0.02,0.450,-0.056,0.000,0.000,0.000,1.000,2.54,10.77567062,106.67088666,10.51,"10°46'32.41""N, 106°40'15.19""E",FIX,
09:49:41.678,1786243781.678,TRACKING,2.569,-0.001,-0.005,0.01,0.450,0.008,0.000,0.000,0.000,1.000,2.57,10.77567062,106.67088666,10.51,"10°46'32.41""N, 106°40'15.19""E",FIX,
09:49:41.746,1786243781.746,TRACKING,2.596,-0.001,-0.006,-0.02,0.450,0.064,0.000,0.000,0.000,1.000,2.60,10.77567061,106.67088707,10.51,"10°46'32.41""N, 106°40'15.19""E",FIX,
09:49:41.824,1786243781.825,TRACKING,2.632,-0.001,-0.003,-0.01,0.450,-0.008,0.000,0.000,0.000,1.000,2.63,10.77567061,106.67088707,10.51,"10°46'32.41""N, 106°40'15.19""E",FIX,
09:49:41.907,1786243781.908,TRACKING,2.659,-0.001,-0.002,0.02,0.450,-0.052,0.000,0.000,0.000,1.000,2.66,10.77567061,106.67088707,10.51,"10°46'32.41""N, 106°40'15.19""E",FIX,
09:49:42.012,1786243782.013,TRACKING,2.695,-0.001,-0.005,0.01,0.450,0.009,0.000,0.000,0.000,1.000,2.70,10.77567061,106.67088748,10.51,"10°46'32.41""N, 106°40'15.19""E",FIX,
09:49:42.094,1786243782.094,TRACKING,2.722,-0.001,-0.006,-0.02,0.450,0.055,0.000,0.000,0.000,1.000,2.72,10.77567061,106.67088748,10.51,"10°46'32.41""N, 106°40'15.19""E",FIX,
09:49:42.187,1786243782.188,TRACKING,2.758,-0.002,-0.003,-0.01,0.450,-0.008,0.000,0.000,0.000,1.000,2.76,10.77567061,106.67088790,10.51,"10°46'32.41""N, 106°40'15.20""E",FIX,
09:49:42.261,1786243782.262,TRACKING,2.776,-0.002,-0.002,0.02,0.450,-0.067,0.000,0.000,0.000,1.000,2.78,10.77567061,106.67088790,10.51,"10°46'32.41""N, 106°40'15.20""E",FIX,
09:49:42.354,1786243782.355,TRACKING,2.803,-0.002,-0.005,-0.01,0.450,0.068,0.000,0.000,0.000,1.000,2.80,10.77567061,106.67088790,10.51,"10°46'32.41""N, 106°40'15.20""E",FIX,
09:49:42.434,1786243782.434,TRACKING,2.839,-0.002,-0.003,-0.01,0.450,-0.006,0.000,0.000,0.000,1.000,2.84,10.77567061,106.67088790,10.51,"10°46'32.41""N, 106°40'15.20""E",FIX,
09:49:42.511,1786243782.512,TRACKING,2.875,-0.002,-0.002,-0.01,0.450,-0.004,0.000,0.000,0.000,1.000,2.88,10.77567061,106.67088831,10.51,"10°46'32.41""N, 106°40'15.20""E",FIX,
09:49:42.583,1786243782.583,TRACKING,2.893,-0.002,-0.002,-0.00,0.450,-0.004,0.000,0.000,0.000,0.771,2.89,10.77567061,106.67088831,10.51,"10°46'32.41""N, 106°40'15.20""E",FIX,
09:49:42.672,1786243782.672,TRACKING,2.929,-0.002,-0.003,-0.00,0.450,-0.001,0.000,0.000,0.000,0.521,2.93,10.77567061,106.67088831,10.51,"10°46'32.41""N, 106°40'15.20""E",FIX,
09:49:42.744,1786243782.745,TRACKING,2.965,-0.002,-0.003,-0.00,0.450,-0.001,0.000,0.000,0.000,0.583,2.97,10.77567061,106.67088872,10.51,"10°46'32.41""N, 106°40'15.20""E",FIX,
09:49:42.814,1786243782.814,TRACKING,2.992,-0.002,-0.003,-0.02,0.450,0.058,0.000,0.000,0.000,0.667,2.99,10.77567061,106.67088872,10.51,"10°46'32.41""N, 106°40'15.20""E",FIX,
09:49:42.896,1786243782.896,TRACKING,3.019,-0.002,-0.000,-0.02,0.450,-0.011,0.000,0.000,0.000,0.750,3.02,10.77567061,106.67088872,10.51,"10°46'32.41""N, 106°40'15.20""E",FIX,
09:49:42.965,1786243782.966,TRACKING,3.046,-0.002,0.001,0.01,0.450,-0.069,0.000,0.000,0.000,0.812,3.05,10.77567061,106.67088913,10.51,"10°46'32.41""N, 106°40'15.20""E",FIX,
09:49:43.040,1786243783.040,TRACKING,3.082,-0.002,-0.003,0.01,0.450,0.006,0.000,0.000,0.000,0.875,3.08,10.77567061,106.67088913,10.51,"10°46'32.41""N, 106°40'15.20""E",FIX,
09:49:43.111,1786243783.111,TRACKING,3.100,-0.002,-0.004,-0.02,0.450,0.063,0.000,0.000,0.000,0.958,3.10,10.77567061,106.67088913,10.51,"10°46'32.41""N, 106°40'15.20""E",FIX,
09:49:43.192,1786243783.192,TRACKING,3.136,-0.002,-0.000,-0.01,0.450,-0.009,0.000,0.000,0.000,1.000,3.14,10.77567061,106.67088954,10.51,"10°46'32.41""N, 106°40'15.20""E",FIX,
09:49:43.276,1786243783.276,TRACKING,3.163,-0.002,0.001,0.02,0.450,-0.061,0.000,0.000,0.000,1.000,3.16,10.77567061,106.67088954,10.51,"10°46'32.41""N, 106°40'15.20""E",FIX,
09:49:43.355,1786243783.355,TRACKING,3.190,-0.002,-0.002,0.01,0.450,0.008,0.000,0.000,0.000,1.000,3.19,10.77567061,106.67088954,10.51,"10°46'32.41""N, 106°40'15.20""E",FIX,
09:49:43.437,1786243783.437,TRACKING,3.226,-0.003,-0.003,-0.02,0.450,0.053,0.000,0.000,0.000,1.000,3.23,10.77567061,106.67088995,10.51,"10°46'32.41""N, 106°40'15.20""E",FIX,
09:49:43.517,1786243783.517,TRACKING,3.253,-0.003,-0.001,-0.01,0.450,-0.013,0.000,0.000,0.000,1.000,3.25,10.77567061,106.67088995,10.51,"10°46'32.41""N, 106°40'15.20""E",FIX,
09:49:43.595,1786243783.595,TRACKING,3.280,-0.003,-0.001,-0.01,0.450,-0.005,0.000,0.000,0.000,1.000,3.28,10.77567061,106.67088995,10.51,"10°46'32.41""N, 106°40'15.20""E",FIX,
09:49:43.676,1786243783.676,TRACKING,3.307,-0.003,-0.002,-0.00,0.450,-0.003,0.000,0.000,0.000,1.000,3.31,10.77567061,106.67089036,10.51,"10°46'32.41""N, 106°40'15.21""E",FIX,
09:49:43.749,1786243783.749,TRACKING,3.343,-0.003,-0.002,-0.00,0.450,-0.003,0.000,0.000,0.000,1.000,3.34,10.77567061,106.67089036,10.51,"10°46'32.41""N, 106°40'15.21""E",FIX,
09:49:43.829,1786243783.830,TRACKING,3.370,-0.003,-0.002,-0.02,0.450,0.046,0.000,0.000,0.000,1.000,3.37,10.77567061,106.67089036,10.51,"10°46'32.41""N, 106°40'15.21""E",FIX,
09:49:43.902,1786243783.902,TRACKING,3.406,-0.003,0.000,-0.02,0.450,-0.013,0.000,0.000,0.000,1.000,3.41,10.77567061,106.67089078,10.51,"10°46'32.41""N, 106°40'15.21""E",FIX,
09:49:43.973,1786243783.974,TRACKING,3.433,-0.003,0.000,-0.01,0.450,-0.010,0.000,0.000,0.000,1.000,3.43,10.77567061,106.67089078,10.51,"10°46'32.41""N, 106°40'15.21""E",FIX,
09:49:44.054,1786243784.055,TRACKING,3.460,-0.003,-0.001,-0.01,0.450,-0.004,0.000,0.000,0.000,1.000,3.46,10.77567061,106.67089078,10.51,"10°46'32.41""N, 106°40'15.21""E",FIX,
09:49:44.120,1786243784.121,TRACKING,3.487,-0.003,-0.001,-0.00,0.450,-0.004,0.000,0.000,0.000,1.000,3.49,10.77567061,106.67089119,10.51,"10°46'32.41""N, 106°40'15.21""E",FIX,
09:49:44.198,1786243784.198,TRACKING,3.523,-0.003,-0.001,-0.00,0.450,-0.002,0.000,0.000,0.000,1.000,3.52,10.77567061,106.67089119,10.51,"10°46'32.41""N, 106°40'15.21""E",FIX,
09:49:44.281,1786243784.282,TRACKING,3.550,-0.003,-0.002,-0.02,0.450,0.045,0.000,0.000,0.000,1.000,3.55,10.77567061,106.67089119,10.51,"10°46'32.41""N, 106°40'15.21""E",FIX,
09:49:44.350,1786243784.351,TRACKING,3.577,-0.003,-0.000,-0.02,0.450,-0.015,0.000,0.000,0.000,1.000,3.58,10.77567061,106.67089160,10.51,"10°46'32.41""N, 106°40'15.21""E",FIX,
09:49:44.416,1786243784.417,TRACKING,3.604,-0.003,0.001,-0.01,0.450,-0.009,0.000,0.000,0.000,1.000,3.60,10.77567061,106.67089160,10.51,"10°46'32.41""N, 106°40'15.21""E",FIX,
09:49:44.500,1786243784.501,TRACKING,3.640,-0.003,-0.000,-0.01,0.450,-0.005,0.000,0.000,0.000,1.000,3.64,10.77567061,106.67089160,10.51,"10°46'32.41""N, 106°40'15.21""E",FIX,
09:49:44.583,1786243784.584,TRACKING,3.676,-0.003,-0.001,-0.00,0.450,-0.003,0.000,0.000,0.000,1.000,3.68,10.77567061,106.67089201,10.51,"10°46'32.41""N, 106°40'15.21""E",FIX,
09:49:44.649,1786243784.649,TRACKING,3.694,-0.003,-0.001,-0.00,0.450,-0.003,0.000,0.000,0.000,1.000,3.69,10.77567061,106.67089201,10.51,"10°46'32.41""N, 106°40'15.21""E",FIX,
09:49:44.733,1786243784.733,TRACKING,3.730,-0.003,-0.001,-0.00,0.450,-0.001,0.000,0.000,0.000,0.562,3.73,10.77567061,106.67089201,10.51,"10°46'32.41""N, 106°40'15.21""E",FIX,
09:49:44.802,1786243784.802,TRACKING,3.757,-0.003,-0.001,-0.00,0.450,-0.001,0.000,0.000,0.000,0.625,3.76,10.77567061,106.67089242,10.51,"10°46'32.41""N, 106°40'15.21""E",FIX,
09:49:44.891,1786243784.892,TRACKING,3.793,-0.003,-0.001,-0.00,0.450,-0.000,0.000,0.000,0.000,0.687,3.79,10.77567061,106.67089242,10.51,"10°46'32.41""N, 106°40'15.21""E",FIX,
09:49:44.947,1786243784.947,TRACKING,3.811,-0.003,-0.001,-0.00,0.450,-0.001,0.000,0.000,0.000,0.750,3.81,10.77567061,106.67089242,10.51,"10°46'32.41""N, 106°40'15.21""E",FIX,
09:49:45.035,1786243785.036,TRACKING,3.856,-0.003,-0.001,-0.00,0.450,-0.000,0.000,0.000,0.000,0.833,3.86,10.77567061,106.67089283,10.51,"10°46'32.41""N, 106°40'15.21""E",FIX,
09:49:45.107,1786243785.107,TRACKING,3.883,-0.003,-0.001,-0.00,0.450,-0.000,0.000,0.000,0.000,0.917,3.88,10.77567061,106.67089283,10.51,"10°46'32.41""N, 106°40'15.21""E",FIX,
09:49:45.180,1786243785.181,TRACKING,3.910,-0.003,-0.001,-0.00,0.450,-0.000,0.000,0.000,0.000,0.979,3.91,10.77567061,106.67089283,10.51,"10°46'32.41""N, 106°40'15.21""E",FIX,
09:49:45.254,1786243785.255,TRACKING,3.937,-0.003,-0.001,-0.00,0.450,-0.000,0.000,0.000,0.000,1.000,3.94,10.77567061,106.67089324,10.51,"10°46'32.41""N, 106°40'15.22""E",FIX,
09:49:45.332,1786243785.333,TRACKING,3.973,-0.003,-0.001,-0.00,0.450,-0.000,0.000,0.000,0.000,1.000,3.97,10.77567061,106.67089324,10.51,"10°46'32.41""N, 106°40'15.22""E",FIX,
09:49:45.407,1786243785.407,TRACKING,4.000,-0.003,-0.001,-0.00,0.450,-0.000,0.000,0.000,0.000,1.000,4.00,10.77567061,106.67089324,10.51,"10°46'32.41""N, 106°40'15.22""E",FIX,
09:49:45.485,1786243785.485,TRACKING,4.027,-0.003,-0.001,-0.00,0.450,-0.000,0.000,0.000,0.000,1.000,4.03,10.77567061,106.67089366,10.51,"10°46'32.41""N, 106°40'15.22""E",FIX,
09:49:45.567,1786243785.567,TRACKING,4.054,-0.003,-0.001,-0.00,0.450,-0.000,0.000,0.000,0.000,1.000,4.05,10.77567061,106.67089366,10.51,"10°46'32.41""N, 106°40'15.22""E",FIX,
09:49:45.620,1786243785.621,TRACKING,4.081,-0.004,-0.001,-0.00,0.450,-0.000,0.000,0.000,0.000,1.000,4.08,10.77567061,106.67089366,10.51,"10°46'32.41""N, 106°40'15.22""E",FIX,
09:49:45.690,1786243785.691,TRACKING,4.117,-0.004,-0.001,-0.00,0.450,-0.000,0.000,0.000,0.000,1.000,4.12,10.77567061,106.67089407,10.51,"10°46'32.41""N, 106°40'15.22""E",FIX,
09:49:45.779,1786243785.779,TRACKING,4.153,-0.004,-0.001,-0.00,0.450,-0.000,0.000,0.000,0.000,1.000,4.15,10.77567061,106.67089407,10.51,"10°46'32.41""N, 106°40'15.22""E",FIX,
09:49:45.836,1786243785.837,TRACKING,4.171,-0.004,-0.001,-0.00,0.450,-0.000,0.000,0.000,0.000,1.000,4.17,10.77567061,106.67089407,10.51,"10°46'32.41""N, 106°40'15.22""E",FIX,
09:49:45.923,1786243785.924,TRACKING,4.207,-0.004,-0.001,-0.00,0.450,-0.000,0.000,0.000,0.000,1.000,4.21,10.77567061,106.67089448,10.51,"10°46'32.41""N, 106°40'15.22""E",FIX,
09:49:45.991,1786243785.992,TRACKING,4.234,-0.004,-0.001,-0.00,0.450,-0.000,0.000,0.000,0.000,1.000,4.23,10.77567061,106.67089448,10.51,"10°46'32.41""N, 106°40'15.22""E",FIX,
09:49:46.063,1786243786.063,TRACKING,4.270,-0.004,-0.001,-0.00,0.450,-0.000,0.000,0.000,0.000,1.000,4.27,10.77567061,106.67089448,10.51,"10°46'32.41""N, 106°40'15.22""E",FIX,
09:49:46.139,1786243786.140,TRACKING,4.297,-0.004,-0.001,-0.00,0.450,-0.000,0.000,0.000,0.000,1.000,4.30,10.77567061,106.67089489,10.51,"10°46'32.41""N, 106°40'15.22""E",FIX,
09:49:46.210,1786243786.211,TRACKING,4.324,-0.004,-0.001,-0.00,0.450,-0.000,0.000,0.000,0.000,1.000,4.32,10.77567061,106.67089489,10.51,"10°46'32.41""N, 106°40'15.22""E",FIX,
09:49:46.283,1786243786.283,TRACKING,4.351,-0.004,-0.001,-0.00,0.450,-0.000,0.000,0.000,0.000,1.000,4.35,10.77567061,106.67089489,10.51,"10°46'32.41""N, 106°40'15.22""E",FIX,
09:49:46.351,1786243786.352,TRACKING,4.378,-0.004,-0.001,-0.00,0.450,-0.000,0.000,0.000,0.000,1.000,4.38,10.77567061,106.67089530,10.51,"10°46'32.41""N, 106°40'15.22""E",FIX,
09:49:46.428,1786243786.428,TRACKING,4.414,-0.004,-0.001,-0.00,0.450,-0.000,0.000,0.000,0.000,1.000,4.41,10.77567061,106.67089530,10.51,"10°46'32.41""N, 106°40'15.22""E",FIX,
09:49:46.505,1786243786.506,TRACKING,4.441,-0.004,-0.001,-0.00,0.450,-0.000,0.000,0.000,0.000,1.000,4.44,10.77567061,106.67089530,10.51,"10°46'32.41""N, 106°40'15.22""E",FIX,
09:49:46.588,1786243786.588,TRACKING,4.477,-0.004,-0.001,-0.00,0.450,-0.000,0.000,0.000,0.000,1.000,4.48,10.77567061,106.67089571,10.51,"10°46'32.41""N, 106°40'15.22""E",FIX,
09:49:46.654,1786243786.655,TRACKING,4.504,-0.004,-0.001,-0.00,0.450,-0.000,0.000,0.000,0.000,1.000,4.50,10.77567061,106.67089571,10.51,"10°46'32.41""N, 106°40'15.22""E",FIX,
09:49:46.724,1786243786.724,TRACKING,4.531,-0.004,-0.001,-0.00,0.450,-0.000,0.000,0.000,0.000,0.583,4.53,10.77567061,106.67089571,10.51,"10°46'32.41""N, 106°40'15.22""E",FIX,
09:49:46.805,1786243786.805,TRACKING,4.558,-0.004,-0.001,-0.00,0.450,-0.000,0.000,0.000,0.000,0.646,4.56,10.77567061,106.67089612,10.51,"10°46'32.41""N, 106°40'15.23""E",FIX,
09:49:46.881,1786243786.881,TRACKING,4.594,-0.004,-0.001,-0.00,0.450,-0.000,0.000,0.000,0.000,0.708,4.59,10.77567061,106.67089612,10.51,"10°46'32.41""N, 106°40'15.23""E",FIX,
09:49:46.956,1786243786.956,TRACKING,4.621,-0.004,-0.001,-0.00,0.450,-0.000,0.000,0.000,0.000,0.771,4.62,10.77567061,106.67089612,10.51,"10°46'32.41""N, 106°40'15.23""E",FIX,
09:49:47.020,1786243787.021,TRACKING,4.648,-0.004,-0.001,-0.00,0.450,-0.000,0.000,0.000,0.000,0.854,4.65,10.77567061,106.67089654,10.51,"10°46'32.41""N, 106°40'15.23""E",FIX,
09:49:47.116,1786243787.117,TRACKING,4.684,-0.004,-0.001,-0.00,0.450,-0.000,0.000,0.000,0.000,0.917,4.68,10.77567061,106.67089654,10.51,"10°46'32.41""N, 106°40'15.23""E",FIX,
09:49:47.189,1786243787.189,TRACKING,4.711,-0.004,-0.001,-0.00,0.450,-0.000,0.000,0.000,0.000,1.000,4.71,10.77567061,106.67089654,10.51,"10°46'32.41""N, 106°40'15.23""E",FIX,
09:49:47.254,1786243787.254,TRACKING,4.738,-0.004,-0.001,-0.00,0.450,-0.000,0.000,0.000,0.000,1.000,4.74,10.77567061,106.67089695,10.51,"10°46'32.41""N, 106°40'15.23""E",FIX,
09:49:47.336,1786243787.336,TRACKING,4.765,-0.004,-0.001,-0.00,0.450,-0.000,0.000,0.000,0.000,1.000,4.77,10.77567061,106.67089695,10.51,"10°46'32.41""N, 106°40'15.23""E",FIX,
09:49:47.415,1786243787.416,TRACKING,4.801,-0.005,-0.001,-0.00,0.450,-0.000,0.000,0.000,0.000,1.000,4.80,10.77567061,106.67089695,10.51,"10°46'32.41""N, 106°40'15.23""E",FIX,
09:49:47.483,1786243787.483,TRACKING,4.828,-0.005,-0.001,-0.00,0.450,-0.000,0.000,0.000,0.000,1.000,4.83,10.77567061,106.67089736,10.51,"10°46'32.41""N, 106°40'15.23""E",FIX,
09:49:47.566,1786243787.567,TRACKING,4.855,-0.005,-0.001,-0.00,0.450,-0.000,0.000,0.000,0.000,1.000,4.86,10.77567061,106.67089736,10.51,"10°46'32.41""N, 106°40'15.23""E",FIX,
09:49:47.643,1786243787.643,TRACKING,4.891,-0.005,-0.001,-0.00,0.450,-0.000,0.000,0.000,0.000,1.000,4.89,10.77567061,106.67089736,10.51,"10°46'32.41""N, 106°40'15.23""E",FIX,
09:49:47.718,1786243787.719,TRACKING,4.918,-0.005,-0.001,-0.00,0.450,-0.000,0.000,0.000,0.000,1.000,4.92,10.77567061,106.67089777,10.51,"10°46'32.41""N, 106°40'15.23""E",FIX,
09:49:47.786,1786243787.787,TRACKING,4.945,-0.005,-0.001,-0.00,0.450,-0.000,0.000,0.000,0.000,1.000,4.95,10.77567061,106.67089777,10.51,"10°46'32.41""N, 106°40'15.23""E",FIX,
09:49:47.859,1786243787.860,TRACKING,4.972,-0.005,-0.001,-0.00,0.450,-0.000,0.000,0.000,0.000,1.000,4.97,10.77567061,106.67089777,10.51,"10°46'32.41""N, 106°40'15.23""E",FIX,
09:49:47.965,1786243787.966,TRACKING,5.008,-0.005,-0.001,-0.00,0.450,-0.000,0.000,0.000,0.000,1.000,5.01,10.77567061,106.67089818,10.51,"10°46'32.41""N, 106°40'15.23""E",FIX,
09:49:48.046,1786243788.046,TRACKING,5.044,-0.005,-0.001,-0.00,0.450,-0.000,0.000,0.000,0.000,1.000,5.04,10.77567061,106.67089818,10.51,"10°46'32.41""N, 106°40'15.23""E",FIX,
09:49:48.128,1786243788.129,TRACKING,5.071,-0.005,-0.001,-0.00,0.450,-0.000,0.000,0.000,0.000,1.000,5.07,10.77567061,106.67089818,10.51,"10°46'32.41""N, 106°40'15.23""E",FIX,
09:49:48.198,1786243788.199,TRACKING,5.098,-0.005,-0.001,-0.00,0.450,-0.000,0.000,0.000,0.000,1.000,5.10,10.77567061,106.67089859,10.51,"10°46'32.41""N, 106°40'15.23""E",FIX,
09:49:48.305,1786243788.306,TRACKING,5.134,-0.005,-0.001,-0.00,0.450,-0.000,0.000,0.000,0.000,1.000,5.13,10.77567061,106.67089859,10.51,"10°46'32.41""N, 106°40'15.23""E",FIX,
09:49:48.378,1786243788.378,TRACKING,5.161,-0.005,-0.001,-0.00,0.450,-0.000,0.000,0.000,0.000,1.000,5.16,10.77567061,106.67089859,10.51,"10°46'32.41""N, 106°40'15.23""E",FIX,
09:49:48.436,1786243788.436,TRACKING,5.179,-0.005,-0.001,-0.00,0.450,-0.000,0.000,0.000,0.000,1.000,5.18,10.77567061,106.67089859,10.51,"10°46'32.41""N, 106°40'15.23""E",FIX,
09:49:48.511,1786243788.512,TRACKING,5.215,-0.005,-0.001,-0.00,0.450,-0.000,0.000,0.000,0.000,1.000,5.22,10.77567061,106.67089901,10.51,"10°46'32.41""N, 106°40'15.24""E",FIX,
09:49:48.592,1786243788.593,TRACKING,5.242,-0.005,-0.001,-0.00,0.450,-0.000,0.000,0.000,0.000,1.000,5.24,10.77567061,106.67089901,10.51,"10°46'32.41""N, 106°40'15.24""E",FIX,
09:49:48.675,1786243788.676,TRACKING,5.278,-0.005,-0.001,-0.02,0.450,0.044,0.000,0.000,0.000,1.000,5.28,10.77567061,106.67089942,10.51,"10°46'32.41""N, 106°40'15.24""E",FIX,
09:49:48.748,1786243788.749,TRACKING,5.305,-0.005,0.001,-0.06,0.450,0.093,0.000,0.000,0.000,1.000,5.31,10.77567061,106.67089942,10.51,"10°46'32.41""N, 106°40'15.24""E",FIX,
09:49:48.825,1786243788.825,TRACKING,5.341,-0.005,0.007,-0.06,0.450,0.020,0.000,0.000,0.000,0.562,5.34,10.77567061,106.67089942,10.51,"10°46'32.41""N, 106°40'15.24""E",FIX,
09:49:48.893,1786243788.893,TRACKING,5.368,-0.005,0.009,-0.02,0.450,-0.092,0.000,0.000,0.000,0.625,5.37,10.77567060,106.67089983,10.51,"10°46'32.41""N, 106°40'15.24""E",FIX,
09:49:48.954,1786243788.955,TRACKING,5.386,-0.005,0.007,-0.01,0.450,-0.013,0.000,0.000,0.000,0.687,5.39,10.77567060,106.67089983,10.51,"10°46'32.41""N, 106°40'15.24""E",FIX,
09:49:49.056,1786243789.056,TRACKING,5.422,-0.005,0.004,-0.04,0.450,0.065,0.000,0.000,0.000,0.750,5.42,10.77567060,106.67089983,10.51,"10°46'32.41""N, 106°40'15.24""E",FIX,
09:49:49.106,1786243789.106,TRACKING,5.449,-0.004,0.005,-0.05,0.450,0.032,0.000,0.000,0.000,0.833,5.45,10.77567060,106.67089983,10.51,"10°46'32.41""N, 106°40'15.24""E",FIX,
09:49:49.185,1786243789.186,TRACKING,5.485,-0.004,0.008,-0.03,0.450,-0.024,0.000,0.000,0.000,0.917,5.49,10.77567060,106.67090024,10.51,"10°46'32.41""N, 106°40'15.24""E",FIX,
09:49:49.256,1786243789.257,TRACKING,5.512,-0.004,0.007,-0.02,0.450,-0.019,0.000,0.000,0.000,1.000,5.51,10.77567060,106.67090024,10.51,"10°46'32.41""N, 106°40'15.24""E",FIX,
09:49:49.331,1786243789.331,TRACKING,5.539,-0.004,0.006,-0.04,0.450,0.042,0.000,0.000,0.000,1.000,5.54,10.77567060,106.67090024,10.51,"10°46'32.41""N, 106°40'15.24""E",FIX,
09:49:49.414,1786243789.414,TRACKING,5.566,-0.004,0.007,-0.02,0.450,-0.018,0.000,0.000,0.000,1.000,5.57,10.77567060,106.67090065,10.51,"10°46'32.41""N, 106°40'15.24""E",FIX,
09:49:49.493,1786243789.494,TRACKING,5.602,-0.003,0.008,-0.02,0.450,-0.012,0.000,0.000,0.000,1.000,5.60,10.77567060,106.67090065,10.51,"10°46'32.41""N, 106°40'15.24""E",FIX,
09:49:49.567,1786243789.567,TRACKING,5.629,-0.003,0.007,-0.01,0.450,-0.008,0.000,0.000,0.000,1.000,5.63,10.77567060,106.67090065,10.51,"10°46'32.41""N, 106°40'15.24""E",FIX,
09:49:49.661,1786243789.662,TRACKING,5.665,-0.003,0.006,-0.03,0.450,0.038,0.000,0.000,0.000,1.000,5.67,10.77567061,106.67090106,10.51,"10°46'32.41""N, 106°40'15.24""E",FIX,
09:49:49.725,1786243789.725,TRACKING,5.692,-0.003,0.007,-0.02,0.450,-0.018,0.000,0.000,0.000,1.000,5.69,10.77567061,106.67090106,10.51,"10°46'32.41""N, 106°40'15.24""E",FIX,
09:49:49.795,1786243789.795,TRACKING,5.719,-0.003,0.007,-0.01,0.450,-0.010,0.000,0.000,0.000,1.000,5.72,10.77567061,106.67090106,10.51,"10°46'32.41""N, 106°40'15.24""E",FIX,
09:49:49.862,1786243789.863,TRACKING,5.746,-0.002,0.007,-0.01,0.450,-0.008,0.000,0.000,0.000,1.000,5.75,10.77567061,106.67090147,10.51,"10°46'32.41""N, 106°40'15.25""E",FIX,
09:49:49.940,1786243789.940,TRACKING,5.773,-0.002,0.006,-0.03,0.450,0.048,0.000,0.000,0.000,1.000,5.77,10.77567061,106.67090147,10.51,"10°46'32.41""N, 106°40'15.25""E",FIX,
09:49:50.021,1786243790.021,TRACKING,5.809,-0.002,0.008,-0.02,0.450,-0.012,0.000,0.000,0.000,1.000,5.81,10.77567061,106.67090147,10.51,"10°46'32.41""N, 106°40'15.25""E",FIX,
09:49:50.096,1786243790.096,TRACKING,5.845,-0.002,0.009,-0.01,0.450,-0.009,0.000,0.000,0.000,1.000,5.85,10.77567061,106.67090189,10.51,"10°46'32.41""N, 106°40'15.25""E",FIX,
09:49:50.158,1786243790.159,TRACKING,5.863,-0.002,0.008,-0.01,0.450,-0.008,0.000,0.000,0.000,1.000,5.86,10.77567061,106.67090189,10.51,"10°46'32.41""N, 106°40'15.25""E",FIX,
09:49:50.233,1786243790.234,TRACKING,5.899,-0.001,0.008,-0.01,0.450,-0.004,0.000,0.000,0.000,1.000,5.90,10.77567061,106.67090189,10.51,"10°46'32.41""N, 106°40'15.25""E",FIX,
09:49:50.304,1786243790.304,TRACKING,5.926,-0.001,0.007,-0.00,0.450,-0.003,0.000,0.000,0.000,1.000,5.93,10.77567061,106.67090230,10.51,"10°46'32.41""N, 106°40'15.25""E",FIX,
09:49:50.390,1786243790.390,TRACKING,5.962,-0.001,0.007,-0.00,0.450,-0.002,0.000,0.000,0.000,1.000,5.96,10.77567061,106.67090230,10.51,"10°46'32.41""N, 106°40'15.25""E",FIX,
09:49:50.472,1786243790.472,TRACKING,5.989,-0.001,0.007,-0.00,0.450,-0.001,0.000,0.000,0.000,1.000,5.99,10.77567061,106.67090230,10.51,"10°46'32.41""N, 106°40'15.25""E",FIX,
09:49:50.541,1786243790.541,TRACKING,6.016,-0.000,0.007,-0.00,0.450,-0.001,0.000,0.000,0.000,1.000,6.02,10.77567061,106.67090271,10.51,"10°46'32.41""N, 106°40'15.25""E",FIX,
09:49:50.610,1786243790.610,TRACKING,6.043,-0.000,0.007,-0.00,0.450,-0.001,0.000,0.000,0.000,1.000,6.04,10.77567061,106.67090271,10.51,"10°46'32.41""N, 106°40'15.25""E",FIX,
09:49:50.685,1786243790.686,TRACKING,6.070,-0.000,0.007,-0.00,0.450,-0.000,0.000,0.000,0.000,1.000,6.07,10.77567061,106.67090271,10.51,"10°46'32.41""N, 106°40'15.25""E",FIX,
09:49:50.768,1786243790.769,TRACKING,6.106,0.000,0.007,0.02,0.450,-0.045,0.000,0.000,0.000,1.000,6.11,10.77567062,106.67090312,10.51,"10°46'32.41""N, 106°40'15.25""E",FIX,
09:49:50.839,1786243790.839,TRACKING,6.133,0.000,0.005,0.04,0.450,-0.047,0.000,0.000,0.000,0.583,6.13,10.77567062,106.67090312,10.51,"10°46'32.41""N, 106°40'15.25""E",FIX,
09:49:50.923,1786243790.924,TRACKING,6.169,0.001,0.001,0.02,0.450,0.016,0.000,0.000,0.000,0.646,6.17,10.77567062,106.67090312,10.51,"10°46'32.41""N, 106°40'15.25""E",FIX,
09:49:51.002,1786243791.002,TRACKING,6.196,0.001,0.001,0.02,0.450,0.013,0.000,0.000,0.000,0.729,6.20,10.77567062,106.67090353,10.51,"10°46'32.41""N, 106°40'15.25""E",FIX,
09:49:51.085,1786243791.085,TRACKING,6.223,0.001,0.002,0.01,0.450,0.010,0.000,0.000,0.000,0.792,6.22,10.77567062,106.67090353,10.51,"10°46'32.41""N, 106°40'15.25""E",FIX,
09:49:51.196,1786243791.197,TRACKING,6.250,0.001,0.003,0.03,0.450,-0.045,0.000,0.000,0.000,0.854,6.25,10.77567062,106.67090353,10.51,"10°46'32.41""N, 106°40'15.25""E",FIX,
09:49:51.299,1786243791.300,TRACKING,6.286,0.001,0.001,0.02,0.450,0.015,0.000,0.000,0.000,0.937,6.29,10.77567062,106.67090394,10.51,"10°46'32.41""N, 106°40'15.25""E",FIX,
09:49:51.377,1786243791.377,TRACKING,6.313,0.001,0.000,0.01,0.450,0.014,0.000,0.000,0.000,1.000,6.31,10.77567062,106.67090394,10.51,"10°46'32.41""N, 106°40'15.25""E",FIX,
09:49:51.460,1786243791.460,TRACKING,6.340,0.001,0.001,0.01,0.450,0.006,0.000,0.000,0.000,1.000,6.34,10.77567062,106.67090394,10.51,"10°46'32.41""N, 106°40'15.25""E",FIX,
09:49:51.542,1786243791.542,TRACKING,6.367,0.001,0.002,0.01,0.450,0.004,0.000,0.000,0.000,1.000,6.37,10.77567062,106.67090435,10.51,"10°46'32.41""N, 106°40'15.26""E",FIX,
09:49:51.616,1786243791.616,TRACKING,6.403,0.001,0.002,0.00,0.450,0.003,0.000,0.000,0.000,1.000,6.40,10.77567062,106.67090435,10.51,"10°46'32.41""N, 106°40'15.26""E",FIX,
09:49:51.711,1786243791.711,TRACKING,6.439,0.001,0.002,0.00,0.450,0.001,0.000,0.000,0.000,1.000,6.44,10.77567062,106.67090435,10.51,"10°46'32.41""N, 106°40'15.26""E",FIX,
09:49:51.773,1786243791.773,TRACKING,6.457,0.001,0.003,0.02,0.450,-0.064,0.000,0.000,0.000,1.000,6.46,10.77567062,106.67090477,10.51,"10°46'32.41""N, 106°40'15.26""E",FIX,
09:49:51.854,1786243791.854,TRACKING,6.493,0.001,-0.001,0.02,0.450,0.011,0.000,0.000,0.000,1.000,6.49,10.77567062,106.67090477,10.51,"10°46'32.41""N, 106°40'15.26""E",FIX,
09:49:51.931,1786243791.932,TRACKING,6.529,0.001,-0.001,-0.01,0.450,0.054,0.000,0.000,0.000,1.000,6.53,10.77567062,106.67090477,10.51,"10°46'32.41""N, 106°40'15.26""E",FIX,
09:49:52.000,1786243792.001,TRACKING,6.556,0.001,0.001,-0.01,0.450,-0.008,0.000,0.000,0.000,1.000,6.56,10.77567062,106.67090518,10.51,"10°46'32.41""N, 106°40'15.26""E",FIX,
09:49:52.085,1786243792.085,TRACKING,6.583,0.001,0.002,-0.01,0.450,-0.004,0.000,0.000,0.000,1.000,6.58,10.77567062,106.67090518,10.51,"10°46'32.41""N, 106°40'15.26""E",FIX,
09:49:52.159,1786243792.159,TRACKING,6.610,0.001,0.001,-0.00,0.450,-0.003,0.000,0.000,0.000,1.000,6.61,10.77567062,106.67090518,10.51,"10°46'32.41""N, 106°40'15.26""E",FIX,
09:49:52.235,1786243792.235,TRACKING,6.646,0.001,0.001,-0.00,0.450,-0.002,0.000,0.000,0.000,1.000,6.65,10.77567062,106.67090559,10.51,"10°46'32.41""N, 106°40'15.26""E",FIX,
09:49:52.305,1786243792.306,TRACKING,6.673,0.001,0.001,-0.00,0.450,-0.001,0.000,0.000,0.000,1.000,6.67,10.77567062,106.67090559,10.51,"10°46'32.41""N, 106°40'15.26""E",FIX,
09:49:52.377,1786243792.377,TRACKING,6.700,0.001,0.001,-0.00,0.450,-0.001,0.000,0.000,0.000,1.000,6.70,10.77567062,106.67090559,10.51,"10°46'32.41""N, 106°40'15.26""E",FIX,
09:49:52.443,1786243792.443,TRACKING,6.727,0.001,0.001,-0.00,0.450,-0.001,0.000,0.000,0.000,1.000,6.73,10.77567062,106.67090600,10.51,"10°46'32.41""N, 106°40'15.26""E",FIX,
09:49:52.516,1786243792.517,TRACKING,6.754,0.001,0.001,-0.00,0.450,-0.000,0.000,0.000,0.000,1.000,6.75,10.77567062,106.67090600,10.51,"10°46'32.41""N, 106°40'15.26""E",FIX,
09:49:52.607,1786243792.607,TRACKING,6.781,0.001,0.001,-0.00,0.450,-0.000,0.000,0.000,0.000,1.000,6.78,10.77567062,106.67090600,10.51,"10°46'32.41""N, 106°40'15.26""E",FIX,
09:49:52.689,1786243792.689,TRACKING,6.826,0.001,0.001,-0.00,0.450,-0.000,0.000,0.000,0.000,1.000,6.83,10.77567062,106.67090641,10.51,"10°46'32.41""N, 106°40'15.26""E",FIX,
09:49:52.759,1786243792.760,TRACKING,6.844,0.001,0.001,0.02,0.450,-0.062,0.000,0.000,0.000,1.000,6.84,10.77567062,106.67090641,10.51,"10°46'32.41""N, 106°40'15.26""E",FIX,
09:49:52.840,1786243792.840,TRACKING,6.880,0.001,-0.002,0.01,0.450,0.010,0.000,0.000,0.000,1.000,6.88,10.77567062,106.67090641,10.51,"10°46'32.41""N, 106°40'15.26""E",FIX,
09:49:52.916,1786243792.917,TRACKING,6.916,0.001,-0.003,-0.01,0.450,0.058,0.000,0.000,0.000,0.771,6.92,10.77567062,106.67090682,10.51,"10°46'32.41""N, 106°40'15.26""E",FIX,
09:49:52.991,1786243792.992,TRACKING,6.943,0.001,-0.000,-0.01,0.450,-0.007,0.000,0.000,0.000,0.583,6.94,10.77567062,106.67090682,10.51,"10°46'32.41""N, 106°40'15.26""E",FIX,
09:49:53.060,1786243793.061,TRACKING,6.970,0.001,0.001,0.02,0.450,-0.057,0.000,0.000,0.000,0.667,6.97,10.77567062,106.67090682,10.51,"10°46'32.41""N, 106°40'15.26""E",FIX,
09:49:53.126,1786243793.127,TRACKING,6.997,0.001,-0.002,0.01,0.450,0.012,0.000,0.000,0.000,0.729,7.00,10.77567062,106.67090723,10.51,"10°46'32.41""N, 106°40'15.27""E",FIX,
09:49:53.215,1786243793.215,TRACKING,7.033,0.001,-0.002,0.01,0.450,0.004,0.000,0.000,0.000,0.792,7.03,10.77567062,106.67090723,10.51,"10°46'32.41""N, 106°40'15.27""E",FIX,
09:49:53.280,1786243793.280,TRACKING,7.051,0.001,-0.002,0.00,0.450,0.005,0.000,0.000,0.000,0.875,7.05,10.77567062,106.67090723,10.51,"10°46'32.41""N, 106°40'15.27""E",FIX,
09:49:53.358,1786243793.359,TRACKING,7.087,0.001,-0.001,0.00,0.450,0.002,0.000,0.000,0.000,0.937,7.09,10.77567062,106.67090765,10.51,"10°46'32.41""N, 106°40'15.27""E",FIX,
09:49:53.442,1786243793.442,TRACKING,7.123,0.001,-0.001,0.00,0.450,0.001,0.000,0.000,0.000,1.000,7.12,10.77567062,106.67090765,10.51,"10°46'32.41""N, 106°40'15.27""E",FIX,
09:49:53.503,1786243793.504,TRACKING,7.141,0.001,-0.001,0.00,0.450,0.002,0.000,0.000,0.000,1.000,7.14,10.77567062,106.67090765,10.51,"10°46'32.41""N, 106°40'15.27""E",FIX,
09:49:53.604,1786243793.604,TRACKING,7.177,0.001,-0.001,0.00,0.450,0.001,0.000,0.000,0.000,1.000,7.18,10.77567062,106.67090806,10.51,"10°46'32.41""N, 106°40'15.27""E",FIX,
09:49:53.689,1786243793.689,TRACKING,7.204,0.001,-0.001,0.00,0.450,0.000,0.000,0.000,0.000,1.000,7.20,10.77567062,106.67090806,10.51,"10°46'32.41""N, 106°40'15.27""E",FIX,
09:49:53.762,1786243793.762,TRACKING,7.231,0.001,-0.001,0.00,0.450,0.000,0.000,0.000,0.000,1.000,7.23,10.77567062,106.67090806,10.51,"10°46'32.41""N, 106°40'15.27""E",FIX,
09:49:53.845,1786243793.846,TRACKING,7.267,0.001,-0.001,0.00,0.450,0.000,0.000,0.000,0.000,1.000,7.27,10.77567062,106.67090847,10.51,"10°46'32.41""N, 106°40'15.27""E",FIX,
09:49:53.906,1786243793.907,TRACKING,7.294,0.001,-0.001,0.00,0.450,0.000,0.000,0.000,0.000,1.000,7.29,10.77567062,106.67090847,10.51,"10°46'32.41""N, 106°40'15.27""E",FIX,
09:49:53.995,1786243793.995,TRACKING,7.330,0.001,-0.001,0.00,0.450,0.000,0.000,0.000,0.000,1.000,7.33,10.77567062,106.67090847,10.51,"10°46'32.41""N, 106°40'15.27""E",FIX,
09:49:54.062,1786243794.063,TRACKING,7.348,0.001,-0.001,0.02,0.450,-0.060,0.000,0.000,0.000,1.000,7.35,10.77567062,106.67090888,10.51,"10°46'32.41""N, 106°40'15.27""E",FIX,
09:49:54.137,1786243794.137,TRACKING,7.384,0.001,-0.004,0.01,0.450,0.013,0.000,0.000,0.000,1.000,7.38,10.77567062,106.67090888,10.51,"10°46'32.41""N, 106°40'15.27""E",FIX,
09:49:54.228,1786243794.228,TRACKING,7.420,0.001,-0.003,-0.01,0.450,0.050,0.000,0.000,0.000,1.000,7.42,10.77567062,106.67090888,10.51,"10°46'32.41""N, 106°40'15.27""E",FIX,
09:49:54.314,1786243794.315,TRACKING,7.447,0.001,-0.001,-0.01,0.450,-0.007,0.000,0.000,0.000,1.000,7.45,10.77567062,106.67090929,10.51,"10°46'32.41""N, 106°40'15.27""E",FIX,
09:49:54.386,1786243794.387,TRACKING,7.474,0.000,-0.000,0.02,0.450,-0.064,0.000,0.000,0.000,1.000,7.47,10.77567062,106.67090929,10.51,"10°46'32.41""N, 106°40'15.27""E",FIX,
09:49:54.462,1786243794.463,TRACKING,7.501,0.000,-0.003,0.01,0.450,0.008,0.000,0.000,0.000,1.000,7.50,10.77567062,106.67090929,10.51,"10°46'32.41""N, 106°40'15.27""E",FIX,
09:49:54.531,1786243794.531,TRACKING,7.528,0.000,-0.004,-0.02,0.450,0.068,0.000,0.000,0.000,1.000,7.53,10.77567062,106.67090970,10.51,"10°46'32.41""N, 106°40'15.27""E",FIX,
09:49:54.608,1786243794.608,TRACKING,7.555,0.000,-0.002,0.01,0.450,-0.060,0.000,0.000,0.000,1.000,7.56,10.77567062,106.67090970,10.51,"10°46'32.41""N, 106°40'15.27""E",FIX,
09:49:54.694,1786243794.694,TRACKING,7.591,0.000,-0.003,0.01,0.450,0.005,0.000,0.000,0.000,1.000,7.59,10.77567062,106.67090970,10.51,"10°46'32.41""N, 106°40'15.27""E",FIX,
09:49:54.776,1786243794.776,TRACKING,7.618,0.000,-0.004,-0.02,0.450,0.067,0.000,0.000,0.000,1.000,7.62,10.77567061,106.67091011,10.51,"10°46'32.41""N, 106°40'15.28""E",FIX,
09:49:54.851,1786243794.852,TRACKING,7.645,0.000,-0.001,0.00,0.450,-0.036,0.000,0.000,0.000,1.000,7.65,10.77567061,106.67091011,10.51,"10°46'32.41""N, 106°40'15.28""E",FIX,
09:49:54.928,1786243794.929,TRACKING,7.672,0.000,-0.001,-0.11,0.450,0.260,0.000,0.000,0.000,1.000,7.67,10.77567061,106.67091011,10.51,"10°46'32.41""N, 106°40'15.28""E",FIX,
09:49:55.017,1786243795.018,TRACKING,7.708,0.000,0.011,-0.10,0.450,-0.006,0.000,0.000,0.000,0.500,7.71,10.77567061,106.67091053,10.51,"10°46'32.41""N, 106°40'15.28""E",FIX,
09:49:55.091,1786243795.092,TRACKING,7.735,0.001,0.016,-0.04,0.450,-0.100,0.000,0.000,0.000,0.583,7.74,10.77567061,106.67091053,10.51,"10°46'32.41""N, 106°40'15.28""E",FIX,
09:49:55.157,1786243795.157,TRACKING,7.762,0.001,0.013,-0.03,0.450,-0.026,0.000,0.000,0.000,0.625,7.76,10.77567061,106.67091053,10.51,"10°46'32.41""N, 106°40'15.28""E",FIX,
09:49:55.248,1786243795.249,TRACKING,7.798,0.001,0.009,-0.04,0.450,0.034,0.000,0.000,0.000,0.687,7.80,10.77567061,106.67091094,10.51,"10°46'32.41""N, 106°40'15.28""E",FIX,
09:49:55.318,1786243795.318,TRACKING,7.825,0.002,0.010,-0.05,0.450,0.034,0.000,0.000,0.000,0.771,7.83,10.77567061,106.67091094,10.51,"10°46'32.41""N, 106°40'15.28""E",FIX,
09:49:55.393,1786243795.394,TRACKING,7.852,0.002,0.012,-0.03,0.450,-0.025,0.000,0.000,0.000,0.833,7.85,10.77567061,106.67091094,10.51,"10°46'32.41""N, 106°40'15.28""E",FIX,
09:49:55.477,1786243795.478,TRACKING,7.888,0.002,0.012,-0.02,0.450,-0.014,0.000,0.000,0.000,0.917,7.89,10.77567062,106.67091135,10.51,"10°46'32.41""N, 106°40'15.28""E",FIX,
09:49:55.545,1786243795.546,TRACKING,7.915,0.003,0.011,-0.04,0.450,0.047,0.000,0.000,0.000,1.000,7.92,10.77567062,106.67091135,10.51,"10°46'32.41""N, 106°40'15.28""E",FIX,
09:49:55.628,1786243795.629,TRACKING,7.942,0.003,0.012,-0.02,0.450,-0.018,0.000,0.000,0.000,1.000,7.94,10.77567062,106.67091135,10.51,"10°46'32.41""N, 106°40'15.28""E",FIX,
09:49:55.711,1786243795.712,TRACKING,7.978,0.003,0.013,-0.02,0.450,-0.011,0.000,0.000,0.000,1.000,7.98,10.77567062,106.67091176,10.51,"10°46'32.41""N, 106°40'15.28""E",FIX,
09:49:55.791,1786243795.791,TRACKING,8.005,0.004,0.012,-0.01,0.450,-0.009,0.000,0.000,0.000,1.000,8.01,10.77567062,106.67091176,10.51,"10°46'32.41""N, 106°40'15.28""E",FIX,
09:49:55.889,1786243795.889,TRACKING,8.041,0.004,0.011,-0.01,0.450,-0.004,0.000,0.000,0.000,1.000,8.04,10.77567062,106.67091176,10.51,"10°46'32.41""N, 106°40'15.28""E",FIX,
09:49:55.957,1786243795.957,TRACKING,8.059,0.004,0.011,-0.03,0.450,0.063,0.000,0.000,0.000,1.000,8.06,10.77567062,106.67091176,10.51,"10°46'32.41""N, 106°40'15.28""E",FIX,
09:49:56.036,1786243796.037,TRACKING,8.095,0.005,0.014,0.01,0.450,-0.064,0.000,0.000,0.000,1.000,8.10,10.77567062,106.67091217,10.51,"10°46'32.41""N, 106°40'15.28""E",FIX,
09:49:56.122,1786243796.123,TRACKING,8.131,0.005,0.011,0.00,0.450,0.002,0.000,0.000,0.000,1.000,8.13,10.77567062,106.67091217,10.51,"10°46'32.41""N, 106°40'15.28""E",FIX,
09:49:56.211,1786243796.211,TRACKING,8.158,0.005,0.010,-0.02,0.450,0.061,0.000,0.000,0.000,1.000,8.16,10.77567062,106.67091258,10.51,"10°46'32.41""N, 106°40'15.29""E",FIX,
09:49:56.266,1786243796.266,TRACKING,8.185,0.006,0.012,-0.01,0.450,-0.012,0.000,0.000,0.000,1.000,8.19,10.77567062,106.67091258,10.51,"10°46'32.41""N, 106°40'15.29""E",FIX,
09:49:56.343,1786243796.343,TRACKING,8.212,0.006,0.013,-0.01,0.450,-0.007,0.000,0.000,0.000,1.000,8.21,10.77567062,106.67091258,10.51,"10°46'32.41""N, 106°40'15.29""E",FIX,
09:49:56.418,1786243796.418,TRACKING,8.239,0.006,0.012,-0.01,0.450,-0.005,0.000,0.000,0.000,1.000,8.24,10.77567062,106.67091258,10.51,"10°46'32.41""N, 106°40'15.29""E",FIX,
09:49:56.491,1786243796.492,TRACKING,8.266,0.007,0.012,-0.03,0.450,0.051,0.000,0.000,0.000,1.000,8.27,10.77567063,106.67091299,10.51,"10°46'32.41""N, 106°40'15.29""E",FIX,
09:49:56.577,1786243796.578,TRACKING,8.302,0.007,0.014,-0.02,0.450,-0.012,0.000,0.000,0.000,1.000,8.30,10.77567063,106.67091299,10.51,"10°46'32.41""N, 106°40'15.29""E",FIX,
09:49:56.643,1786243796.644,TRACKING,8.329,0.008,0.015,0.01,0.450,-0.069,0.000,0.000,0.000,1.000,8.33,10.77567063,106.67091299,10.51,"10°46'32.41""N, 106°40'15.29""E",FIX,
09:49:56.721,1786243796.722,TRACKING,8.356,0.008,0.012,-0.02,0.450,0.057,0.000,0.000,0.000,1.000,8.36,10.77567063,106.67091341,10.51,"10°46'32.41""N, 106°40'15.29""E",FIX,
09:49:56.811,1786243796.811,TRACKING,8.401,0.009,0.014,-0.01,0.450,-0.006,0.000,0.000,0.000,1.000,8.40,10.77567063,106.67091341,10.51,"10°46'32.41""N, 106°40'15.29""E",FIX,
09:49:56.870,1786243796.871,TRACKING,8.419,0.009,0.015,0.02,0.450,-0.079,0.000,0.000,0.000,1.000,8.42,10.77567063,106.67091341,10.51,"10°46'32.41""N, 106°40'15.29""E",FIX,
09:49:56.943,1786243796.943,TRACKING,8.446,0.009,0.012,-0.01,0.450,0.058,0.000,0.000,0.000,1.000,8.45,10.77567063,106.67091382,10.51,"10°46'32.41""N, 106°40'15.29""E",FIX,
09:49:57.023,1786243797.023,TRACKING,8.482,0.010,0.013,-0.03,0.450,0.044,0.000,0.000,0.000,1.000,8.48,10.77567063,106.67091382,10.51,"10°46'32.41""N, 106°40'15.29""E",FIX,
09:49:57.106,1786243797.106,TRACKING,8.518,0.010,0.016,-0.02,0.450,-0.013,0.000,0.000,0.000,0.354,8.52,10.77567064,106.67091423,10.51,"10°46'32.41""N, 106°40'15.29""E",FIX,
09:49:57.177,1786243797.177,TRACKING,8.545,0.011,0.016,-0.02,0.450,0.000,0.000,0.000,0.000,0.000,8.55,10.77567064,106.67091423,10.51,"10°46'32.41""N, 106°40'15.29""E",FIX,
09:49:57.254,1786243797.254,TRACKING,8.572,0.011,0.016,-0.02,0.450,0.001,0.000,0.000,0.000,0.000,8.57,10.77567064,106.67091423,10.51,"10°46'32.41""N, 106°40'15.29""E",FIX,
09:49:57.315,1786243797.315,TRACKING,8.599,0.011,0.016,-0.01,0.450,-0.000,0.000,0.000,0.000,0.000,8.60,10.77567064,106.67091423,10.51,"10°46'32.41""N, 106°40'15.29""E",FIX,
09:49:57.397,1786243797.398,TRACKING,8.635,0.012,0.016,-0.01,0.450,0.001,0.000,0.000,0.000,0.000,8.64,10.77567064,106.67091464,10.51,"10°46'32.41""N, 106°40'15.29""E",FIX,
09:49:57.467,1786243797.468,TRACKING,8.662,0.012,0.016,-0.01,0.450,0.000,0.000,0.000,0.000,0.000,8.66,10.77567064,106.67091464,10.51,"10°46'32.41""N, 106°40'15.29""E",FIX,
09:49:57.555,1786243797.555,TRACKING,8.689,0.013,0.016,-0.01,0.450,0.001,0.000,0.000,0.000,0.000,8.69,10.77567064,106.67091464,10.51,"10°46'32.41""N, 106°40'15.29""E",FIX,
09:49:57.624,1786243797.625,TRACKING,8.716,0.013,0.016,-0.01,0.450,0.000,0.000,0.000,0.000,0.000,8.72,10.77567064,106.67091505,10.51,"10°46'32.41""N, 106°40'15.29""E",FIX,
09:49:57.696,1786243797.697,TRACKING,8.743,0.014,0.016,-0.01,0.450,0.000,0.000,0.000,0.000,0.000,8.74,10.77567064,106.67091505,10.51,"10°46'32.41""N, 106°40'15.29""E",FIX,
09:49:57.766,1786243797.766,TRACKING,8.779,0.014,0.016,-0.01,0.450,0.000,0.000,0.000,0.000,0.000,8.78,10.77567064,106.67091505,10.51,"10°46'32.41""N, 106°40'15.29""E",FIX,
09:50:01.584,1786243801.585,UTURN_PLANNING,10.277,0.039,0.016,0.00,0.000,0.000,0.000,0.000,0.000,0.000,0.00,10.77567069,106.67092205,10.51,"10°46'32.41""N, 106°40'15.32""E",FIX,
09:50:01.654,1786243801.654,PATH_FOLLOWING,10.277,0.039,0.016,-86.57,0.076,2.200,0.000,0.000,0.000,0.000,0.00,10.77567069,106.67092227,10.51,"10°46'32.41""N, 106°40'15.32""E",FIX,
09:50:01.723,1786243801.723,PATH_FOLLOWING,10.281,0.039,0.126,-86.11,0.087,2.200,0.000,0.000,0.000,0.000,0.00,10.77567069,106.67092227,10.51,"10°46'32.41""N, 106°40'15.32""E",FIX,
09:50:01.800,1786243801.801,PATH_FOLLOWING,10.286,0.040,0.258,-85.64,0.097,2.200,0.000,0.000,0.000,0.000,0.00,10.77567069,106.67092227,10.51,"10°46'32.41""N, 106°40'15.32""E",FIX,
09:50:01.886,1786243801.887,PATH_FOLLOWING,10.293,0.043,0.434,-74.94,0.269,1.722,0.000,0.000,0.000,0.000,0.00,10.77567068,106.67092234,10.51,"10°46'32.41""N, 106°40'15.32""E",FIX,
09:50:01.960,1786243801.961,PATH_FOLLOWING,10.305,0.049,0.543,-60.81,0.277,0.856,0.000,0.000,0.000,0.000,0.00,10.77567068,106.67092234,10.51,"10°46'32.41""N, 106°40'15.32""E",FIX,
09:50:02.030,1786243802.031,PATH_FOLLOWING,10.319,0.058,0.611,-31.98,0.280,0.301,0.000,0.000,0.000,0.000,0.00,10.77567068,106.67092234,10.51,"10°46'32.41""N, 106°40'15.32""E",FIX,
09:50:02.099,1786243802.099,PATH_FOLLOWING,10.333,0.068,0.638,-34.96,0.280,0.337,0.000,0.000,0.000,0.000,0.00,10.77567069,106.67092255,10.51,"10°46'32.41""N, 106°40'15.32""E",FIX,
09:50:02.179,1786243802.180,PATH_FOLLOWING,10.346,0.078,0.658,-20.66,0.280,0.182,0.000,0.000,0.000,0.000,0.00,10.77567069,106.67092255,10.51,"10°46'32.41""N, 106°40'15.32""E",FIX,
09:50:02.268,1786243802.268,PATH_FOLLOWING,10.364,0.092,0.677,-2.80,0.280,0.024,0.000,0.000,0.000,0.000,0.00,10.77567069,106.67092255,10.51,"10°46'32.41""N, 106°40'15.32""E",FIX,
09:50:02.341,1786243802.342,PATH_FOLLOWING,10.377,0.103,0.682,-14.47,0.280,0.125,0.000,0.000,0.000,0.000,0.00,10.77567074,106.67092279,10.51,"10°46'32.41""N, 106°40'15.32""E",FIX,
09:50:02.425,1786243802.425,PATH_FOLLOWING,10.394,0.117,0.690,-7.23,0.280,0.061,0.000,0.000,0.000,0.000,0.00,10.77567074,106.67092279,10.51,"10°46'32.41""N, 106°40'15.32""E",FIX,
09:50:02.509,1786243802.510,PATH_FOLLOWING,10.411,0.131,0.696,-1.56,0.280,0.013,0.000,0.000,0.000,0.000,0.00,10.77567074,106.67092279,10.51,"10°46'32.41""N, 106°40'15.32""E",FIX,
09:50:02.573,1786243802.574,PATH_FOLLOWING,10.420,0.138,0.697,-2.40,0.280,0.020,0.000,0.000,0.000,0.000,0.00,10.77567081,106.67092303,10.51,"10°46'32.41""N, 106°40'15.32""E",FIX,
09:50:02.650,1786243802.650,PATH_FOLLOWING,10.433,0.149,0.698,-1.38,0.280,0.012,0.000,0.000,0.000,0.000,0.00,10.77567081,106.67092303,10.51,"10°46'32.41""N, 106°40'15.32""E",FIX,
09:50:02.722,1786243802.722,PATH_FOLLOWING,10.446,0.160,0.699,-0.48,0.280,0.004,0.000,0.000,0.000,0.000,0.00,10.77567081,106.67092303,10.51,"10°46'32.41""N, 106°40'15.32""E",FIX,
09:50:02.808,1786243802.809,PATH_FOLLOWING,10.463,0.174,0.700,16.85,0.280,-0.146,0.000,0.000,0.000,0.000,0.00,10.77567089,106.67092328,10.51,"10°46'32.42""N, 106°40'15.32""E",FIX,
09:50:02.888,1786243802.888,PATH_FOLLOWING,10.480,0.189,0.691,9.11,0.280,-0.077,0.000,0.000,0.000,0.000,0.00,10.77567089,106.67092328,10.51,"10°46'32.42""N, 106°40'15.32""E",FIX,
09:50:02.969,1786243802.969,PATH_FOLLOWING,10.493,0.199,0.686,4.23,0.280,-0.036,0.000,0.000,0.000,0.000,0.00,10.77567089,106.67092328,10.51,"10°46'32.42""N, 106°40'15.32""E",FIX,
09:50:03.027,1786243803.028,PATH_FOLLOWING,10.506,0.210,0.683,36.60,0.280,-0.358,0.000,0.000,0.000,0.000,0.00,10.77567098,106.67092352,10.51,"10°46'32.42""N, 106°40'15.32""E",FIX,
09:50:03.125,1786243803.126,PATH_FOLLOWING,10.519,0.221,0.664,23.68,0.280,-0.212,0.000,0.000,0.000,0.000,0.00,10.77567098,106.67092352,10.51,"10°46'32.42""N, 106°40'15.32""E",FIX,
09:50:03.184,1786243803.184,PATH_FOLLOWING,10.532,0.231,0.646,52.84,0.279,-0.634,0.000,0.000,0.000,0.000,0.00,10.77567098,106.67092352,10.51,"10°46'32.42""N, 106°40'15.32""E",FIX,
09:50:03.259,1786243803.260,PATH_FOLLOWING,10.546,0.241,0.617,40.91,0.279,-0.417,0.000,0.000,0.000,0.000,0.00,10.77567098,106.67092352,10.51,"10°46'32.42""N, 106°40'15.32""E",FIX,
09:50:03.344,1786243803.344,PATH_FOLLOWING,10.564,0.253,0.578,11.15,0.280,-0.095,0.000,0.000,0.000,0.000,0.00,10.77567107,106.67092376,10.51,"10°46'32.42""N, 106°40'15.33""E",FIX,
09:50:03.421,1786243803.421,PATH_FOLLOWING,10.583,0.265,0.562,-5.53,0.280,0.047,0.000,0.000,0.000,0.000,0.00,10.77567107,106.67092376,10.51,"10°46'32.42""N, 106°40'15.33""E",FIX,
09:50:03.488,1786243803.489,PATH_FOLLOWING,10.597,0.274,0.563,-4.85,0.280,0.041,0.000,0.000,0.000,0.000,0.00,10.77567116,106.67092401,10.51,"10°46'32.42""N, 106°40'15.33""E",FIX,
09:50:03.569,1786243803.569,PATH_FOLLOWING,10.612,0.283,0.565,-2.58,0.280,0.022,0.000,0.000,0.000,0.000,0.00,10.77567116,106.67092401,10.51,"10°46'32.42""N, 106°40'15.33""E",FIX,
09:50:03.647,1786243803.648,PATH_FOLLOWING,10.626,0.292,0.567,-1.11,0.280,0.009,0.000,0.000,0.000,0.000,0.00,10.77567116,106.67092401,10.51,"10°46'32.42""N, 106°40'15.33""E",FIX,
09:50:03.734,1786243803.735,PATH_FOLLOWING,10.645,0.304,0.568,-0.09,0.280,0.001,0.000,0.000,0.000,0.000,0.00,10.77567123,106.67092425,10.51,"10°46'32.42""N, 106°40'15.33""E",FIX,
09:50:03.794,1786243803.794,PATH_FOLLOWING,10.659,0.313,0.568,0.16,0.280,-0.001,0.000,0.000,0.000,0.000,0.00,10.77567123,106.67092425,10.51,"10°46'32.42""N, 106°40'15.33""E",FIX,
09:50:03.876,1786243803.877,PATH_FOLLOWING,10.678,0.325,0.568,0.10,0.280,-0.001,0.000,0.000,0.000,0.000,0.00,10.77567123,106.67092425,10.51,"10°46'32.42""N, 106°40'15.33""E",FIX,
09:50:03.959,1786243803.959,PATH_FOLLOWING,10.692,0.334,0.568,0.06,0.280,-0.000,0.000,0.000,0.000,0.000,0.00,10.77567129,106.67092450,10.51,"10°46'32.42""N, 106°40'15.33""E",FIX,
09:50:04.020,1786243804.020,PATH_FOLLOWING,10.706,0.343,0.568,0.03,0.280,-0.000,0.000,0.000,0.000,0.000,0.00,10.77567129,106.67092450,10.51,"10°46'32.42""N, 106°40'15.33""E",FIX,
09:50:04.106,1786243804.106,PATH_FOLLOWING,10.720,0.352,0.568,0.01,0.280,-0.000,0.000,0.000,0.000,0.000,0.00,10.77567129,106.67092450,10.51,"10°46'32.42""N, 106°40'15.33""E",FIX,
09:50:04.174,1786243804.174,PATH_FOLLOWING,10.734,0.361,0.568,0.00,0.000,0.000,0.000,0.000,0.000,0.000,0.00,10.77567129,106.67092450,10.51,"10°46'32.42""N, 106°40'15.33""E",FIX,
09:50:04.255,1786243804.256,UTURN_EXECUTION,10.740,0.365,0.568,44.30,0.280,-0.471,0.000,0.000,0.000,0.000,0.00,10.77567136,106.67092475,10.51,"10°46'32.42""N, 106°40'15.33""E",FIX,
09:50:04.338,1786243804.338,UTURN_EXECUTION,10.752,0.373,0.544,44.30,0.280,-0.471,0.000,0.000,0.000,0.000,0.00,10.77567136,106.67092475,10.51,"10°46'32.42""N, 106°40'15.33""E",FIX,
09:50:04.419,1786243804.419,UTURN_EXECUTION,10.772,0.384,0.507,44.30,0.280,-0.471,0.000,0.000,0.000,0.000,0.00,10.77567139,106.67092492,10.51,"10°46'32.42""N, 106°40'15.33""E",FIX,
09:50:04.495,1786243804.496,UTURN_EXECUTION,10.786,0.392,0.478,44.30,0.280,-0.471,0.000,0.000,0.000,0.000,0.00,10.77567139,106.67092492,10.51,"10°46'32.42""N, 106°40'15.33""E",FIX,
09:50:04.560,1786243804.561,UTURN_EXECUTION,10.801,0.399,0.450,44.30,0.280,-0.471,0.000,0.000,0.000,0.000,0.00,10.77567139,106.67092492,10.51,"10°46'32.42""N, 106°40'15.33""E",FIX,
09:50:04.638,1786243804.638,UTURN_EXECUTION,10.817,0.406,0.422,44.30,0.280,-0.471,0.000,0.000,0.000,0.000,0.00,10.77567139,106.67092492,10.51,"10°46'32.42""N, 106°40'15.33""E",FIX,
09:50:04.716,1786243804.716,UTURN_EXECUTION,10.832,0.413,0.393,44.30,0.280,-0.471,0.000,0.000,0.000,0.000,0.00,10.77567142,106.67092517,10.51,"10°46'32.42""N, 106°40'15.33""E",FIX,
09:50:04.807,1786243804.807,UTURN_EXECUTION,10.853,0.421,0.356,44.30,0.280,-0.471,0.000,0.000,0.000,0.000,0.00,10.77567142,106.67092517,10.51,"10°46'32.42""N, 106°40'15.33""E",FIX,
09:50:04.884,1786243804.884,UTURN_EXECUTION,10.874,0.429,0.318,44.30,0.280,-0.471,0.000,0.000,0.000,0.000,0.00,10.77567146,106.67092542,10.51,"10°46'32.42""N, 106°40'15.33""E",FIX,
09:50:04.953,1786243804.953,UTURN_EXECUTION,10.890,0.434,0.290,44.30,0.280,-0.471,0.000,0.000,0.000,0.000,0.00,10.77567146,106.67092542,10.51,"10°46'32.42""N, 106°40'15.33""E",FIX,
09:50:05.017,1786243805.017,UTURN_EXECUTION,10.901,0.437,0.271,44.30,0.280,-0.471,0.000,0.000,0.000,0.000,0.00,10.77567146,106.67092542,10.51,"10°46'32.42""N, 106°40'15.33""E",FIX,
09:50:05.096,1786243805.097,UTURN_EXECUTION,10.923,0.442,0.233,44.30,0.280,-0.471,0.000,0.000,0.000,0.000,0.00,10.77567146,106.67092542,10.51,"10°46'32.42""N, 106°40'15.33""E",FIX,
09:50:05.167,1786243805.167,UTURN_EXECUTION,10.939,0.446,0.205,44.30,0.280,-0.471,0.000,0.000,0.000,0.000,0.00,10.77567152,106.67092567,10.51,"10°46'32.42""N, 106°40'15.33""E",FIX,
09:50:05.237,1786243805.237,UTURN_EXECUTION,10.955,0.449,0.177,44.30,0.280,-0.471,0.000,0.000,0.000,0.000,0.00,10.77567152,106.67092567,10.51,"10°46'32.42""N, 106°40'15.33""E",FIX,
09:50:05.315,1786243805.315,UTURN_EXECUTION,10.978,0.453,0.139,44.30,0.280,-0.471,0.000,0.000,0.000,0.000,0.00,10.77567152,106.67092567,10.51,"10°46'32.42""N, 106°40'15.33""E",FIX,
09:50:05.390,1786243805.391,UTURN_EXECUTION,10.994,0.455,0.111,44.30,0.280,-0.471,0.000,0.000,0.000,0.000,0.00,10.77567158,106.67092593,10.51,"10°46'32.42""N, 106°40'15.33""E",FIX,
09:50:05.475,1786243805.475,UTURN_EXECUTION,11.017,0.457,0.073,44.30,0.280,-0.471,0.000,0.000,0.000,0.000,0.00,10.77567158,106.67092593,10.51,"10°46'32.42""N, 106°40'15.33""E",FIX,
09:50:05.553,1786243805.554,UTURN_EXECUTION,11.033,0.458,0.045,44.30,0.280,-0.471,0.000,0.000,0.000,0.000,0.00,10.77567158,106.67092593,10.51,"10°46'32.42""N, 106°40'15.33""E",FIX,
09:50:05.623,1786243805.623,UTURN_EXECUTION,11.050,0.458,0.017,44.30,0.280,-0.471,0.000,0.000,0.000,0.000,0.00,10.77567165,106.67092618,10.51,"10°46'32.42""N, 106°40'15.33""E",FIX,
09:50:05.702,1786243805.703,UTURN_EXECUTION,11.067,0.458,-0.012,44.30,0.280,-0.471,0.000,0.000,0.000,0.000,0.00,10.77567165,106.67092618,10.51,"10°46'32.42""N, 106°40'15.33""E",FIX,
09:50:05.786,1786243805.787,UTURN_EXECUTION,11.089,0.458,-0.049,44.30,0.280,-0.471,0.000,0.000,0.000,0.000,0.00,10.77567165,106.67092618,10.51,"10°46'32.42""N, 106°40'15.33""E",FIX,
09:50:05.864,1786243805.865,UTURN_EXECUTION,11.106,0.457,-0.078,44.30,0.280,-0.471,0.000,0.000,0.000,0.000,0.00,10.77567173,106.67092644,10.51,"10°46'32.42""N, 106°40'15.34""E",FIX,
09:50:05.942,1786243805.942,UTURN_EXECUTION,11.128,0.454,-0.115,44.30,0.280,-0.471,0.000,0.000,0.000,0.000,0.00,10.77567173,106.67092644,10.51,"10°46'32.42""N, 106°40'15.34""E",FIX,
09:50:06.002,1786243806.003,UTURN_EXECUTION,11.139,0.453,-0.134,44.30,0.280,-0.471,0.000,0.000,0.000,0.000,0.00,10.77567173,106.67092644,10.51,"10°46'32.42""N, 106°40'15.34""E",FIX,
09:50:06.088,1786243806.089,UTURN_EXECUTION,11.162,0.450,-0.172,44.30,0.280,-0.471,0.000,0.000,0.000,0.000,0.00,10.77567179,106.67092669,10.51,"10°46'32.42""N, 106°40'15.34""E",FIX,
09:50:06.181,1786243806.182,UTURN_EXECUTION,11.178,0.447,-0.200,44.30,0.280,-0.471,0.000,0.000,0.000,0.000,0.00,10.77567179,106.67092669,10.51,"10°46'32.42""N, 106°40'15.34""E",FIX,
09:50:06.268,1786243806.269,UTURN_EXECUTION,11.195,0.443,-0.228,44.30,0.280,-0.471,0.000,0.000,0.000,0.000,0.00,10.77567179,106.67092669,10.51,"10°46'32.42""N, 106°40'15.34""E",FIX,
09:50:06.352,1786243806.352,UTURN_EXECUTION,11.216,0.438,-0.266,44.30,0.280,-0.471,0.000,0.000,0.000,0.000,0.00,10.77567185,106.67092695,10.51,"10°46'32.42""N, 106°40'15.34""E",FIX,
09:50:06.425,1786243806.426,UTURN_EXECUTION,11.232,0.433,-0.294,44.30,0.280,-0.471,0.000,0.000,0.000,0.000,0.00,10.77567185,106.67092695,10.51,"10°46'32.42""N, 106°40'15.34""E",FIX,
09:50:06.500,1786243806.500,UTURN_EXECUTION,11.248,0.428,-0.323,44.30,0.280,-0.471,0.000,0.000,0.000,0.000,0.00,10.77567185,106.67092695,10.51,"10°46'32.42""N, 106°40'15.34""E",FIX,
09:50:06.580,1786243806.580,UTURN_EXECUTION,11.269,0.420,-0.360,44.30,0.280,-0.471,0.000,0.000,0.000,0.000,0.00,10.77567190,106.67092720,10.51,"10°46'32.42""N, 106°40'15.34""E",FIX,
09:50:06.665,1786243806.666,UTURN_EXECUTION,11.285,0.414,-0.389,44.30,0.280,-0.471,0.000,0.000,0.000,0.000,0.00,10.77567190,106.67092720,10.51,"10°46'32.42""N, 106°40'15.34""E",FIX,
09:50:06.724,1786243806.725,UTURN_EXECUTION,11.301,0.408,-0.417,44.30,0.280,-0.471,0.000,0.000,0.000,0.000,0.00,10.77567190,106.67092720,10.51,"10°46'32.42""N, 106°40'15.34""E",FIX,
09:50:06.810,1786243806.811,UTURN_EXECUTION,11.321,0.398,-0.454,44.30,0.280,-0.471,0.000,0.000,0.000,0.000,0.00,10.77567193,106.67092745,10.51,"10°46'32.42""N, 106°40'15.34""E",FIX,
09:50:06.891,1786243806.892,UTURN_EXECUTION,11.336,0.391,-0.483,44.30,0.280,-0.471,0.000,0.000,0.000,0.000,0.00,10.77567193,106.67092745,10.51,"10°46'32.42""N, 106°40'15.34""E",FIX,
09:50:06.962,1786243806.962,UTURN_EXECUTION,11.351,0.383,-0.511,44.30,0.280,-0.471,0.000,0.000,0.000,0.000,0.00,10.77567193,106.67092745,10.51,"10°46'32.42""N, 106°40'15.34""E",FIX,
09:50:07.048,1786243807.048,UTURN_EXECUTION,11.370,0.371,-0.549,44.30,0.280,-0.471,0.000,0.000,0.000,0.000,0.00,10.77567195,106.67092770,10.51,"10°46'32.42""N, 106°40'15.34""E",FIX,
09:50:07.122,1786243807.123,UTURN_EXECUTION,11.384,0.362,-0.577,44.30,0.280,-0.471,0.000,0.000,0.000,0.000,0.00,10.77567195,106.67092770,10.51,"10°46'32.42""N, 106°40'15.34""E",FIX,
09:50:07.198,1786243807.198,UTURN_EXECUTION,11.398,0.353,-0.605,44.30,0.280,-0.471,0.000,0.000,0.000,0.000,0.00,10.77567195,106.67092770,10.51,"10°46'32.42""N, 106°40'15.34""E",FIX,
09:50:07.290,1786243807.291,UTURN_EXECUTION,11.416,0.340,-0.643,44.30,0.280,-0.471,0.000,0.000,0.000,0.000,0.00,10.77567195,106.67092795,10.51,"10°46'32.42""N, 106°40'15.34""E",FIX,
09:50:07.376,1786243807.377,UTURN_EXECUTION,11.430,0.330,-0.671,44.30,0.280,-0.471,0.000,0.000,0.000,0.000,0.00,10.77567195,106.67092795,10.51,"10°46'32.42""N, 106°40'15.34""E",FIX,
09:50:07.468,1786243807.469,UTURN_EXECUTION,11.443,0.319,-0.699,44.30,0.280,-0.471,0.000,0.000,0.000,0.000,0.00,10.77567195,106.67092795,10.51,"10°46'32.42""N, 106°40'15.34""E",FIX,
09:50:07.537,1786243807.537,UTURN_EXECUTION,11.455,0.308,-0.728,44.30,0.280,-0.471,0.000,0.000,0.000,0.000,0.00,10.77567193,106.67092819,10.51,"10°46'32.42""N, 106°40'15.34""E",FIX,
09:50:07.625,1786243807.626,UTURN_EXECUTION,11.472,0.293,-0.765,44.30,0.280,-0.471,0.000,0.000,0.000,0.000,0.00,10.77567193,106.67092819,10.51,"10°46'32.42""N, 106°40'15.34""E",FIX,
09:50:07.704,1786243807.704,UTURN_EXECUTION,11.484,0.281,-0.794,44.30,0.280,-0.471,0.000,0.000,0.000,0.000,0.00,10.77567193,106.67092819,10.51,"10°46'32.42""N, 106°40'15.34""E",FIX,
09:50:07.776,1786243807.776,UTURN_EXECUTION,11.499,0.265,-0.831,44.30,0.280,-0.471,0.000,0.000,0.000,0.000,0.00,10.77567190,106.67092843,10.51,"10°46'32.42""N, 106°40'15.34""E",FIX,
09:50:07.841,1786243807.842,UTURN_EXECUTION,11.507,0.256,-0.850,44.30,0.280,-0.471,0.000,0.000,0.000,0.000,0.00,10.77567190,106.67092843,10.51,"10°46'32.42""N, 106°40'15.34""E",FIX,
09:50:07.919,1786243807.920,UTURN_EXECUTION,11.517,0.243,-0.878,44.30,0.280,-0.471,0.000,0.000,0.000,0.000,0.00,10.77567190,106.67092843,10.51,"10°46'32.42""N, 106°40'15.34""E",FIX,
09:50:07.995,1786243807.996,UTURN_EXECUTION,11.531,0.226,-0.916,44.30,0.280,-0.471,0.000,0.000,0.000,0.000,0.00,10.77567186,106.67092867,10.51,"10°46'32.42""N, 106°40'15.34""E",FIX,
09:50:08.070,1786243808.071,UTURN_EXECUTION,11.541,0.212,-0.944,44.30,0.280,-0.471,0.000,0.000,0.000,0.000,0.00,10.77567186,106.67092867,10.51,"10°46'32.42""N, 106°40'15.34""E",FIX,
09:50:08.140,1786243808.141,UTURN_EXECUTION,11.554,0.194,-0.982,44.30,0.280,-0.471,0.000,0.000,0.000,0.000,0.00,10.77567186,106.67092867,10.51,"10°46'32.42""N, 106°40'15.34""E",FIX,
09:50:08.221,1786243808.221,UTURN_EXECUTION,11.563,0.180,-1.010,44.30,0.280,-0.471,0.000,0.000,0.000,0.000,0.00,10.77567180,106.67092890,10.51,"10°46'32.42""N, 106°40'15.34""E",FIX,
09:50:08.293,1786243808.293,UTURN_EXECUTION,11.572,0.166,-1.039,44.30,0.280,-0.471,0.000,0.000,0.000,0.000,0.00,10.77567180,106.67092890,10.51,"10°46'32.42""N, 106°40'15.34""E",FIX,
09:50:08.365,1786243808.366,UTURN_EXECUTION,11.580,0.151,-1.067,44.30,0.280,-0.471,0.000,0.000,0.000,0.000,0.00,10.77567180,106.67092890,10.51,"10°46'32.42""N, 106°40'15.34""E",FIX,
09:50:08.444,1786243808.444,UTURN_EXECUTION,11.591,0.131,-1.105,44.30,0.280,-0.471,0.000,0.000,0.000,0.000,0.00,10.77567173,106.67092913,10.51,"10°46'32.42""N, 106°40'15.34""E",FIX,
09:50:08.511,1786243808.512,UTURN_EXECUTION,11.598,0.116,-1.133,44.30,0.280,-0.471,0.000,0.000,0.000,0.000,0.00,10.77567173,106.67092913,10.51,"10°46'32.42""N, 106°40'15.34""E",FIX,
09:50:08.585,1786243808.586,UTURN_EXECUTION,11.605,0.101,-1.161,44.30,0.280,-0.471,0.000,0.000,0.000,0.000,0.00,10.77567173,106.67092913,10.51,"10°46'32.42""N, 106°40'15.34""E",FIX,
09:50:08.668,1786243808.669,UTURN_EXECUTION,11.614,0.080,-1.199,44.30,0.280,-0.471,0.000,0.000,0.000,0.000,0.00,10.77567165,106.67092935,10.51,"10°46'32.42""N, 106°40'15.35""E",FIX,
09:50:08.745,1786243808.746,UTURN_EXECUTION,11.620,0.064,-1.227,44.30,0.280,-0.471,0.000,0.000,0.000,0.000,0.00,10.77567165,106.67092935,10.51,"10°46'32.42""N, 106°40'15.35""E",FIX,
09:50:08.819,1786243808.819,UTURN_EXECUTION,11.627,0.043,-1.265,44.30,0.280,-0.471,0.000,0.000,0.000,0.000,0.00,10.77567165,106.67092935,10.51,"10°46'32.42""N, 106°40'15.35""E",FIX,
09:50:08.891,1786243808.892,UTURN_EXECUTION,11.630,0.032,-1.284,44.30,0.280,-0.471,0.000,0.000,0.000,0.000,0.00,10.77567155,106.67092957,10.51,"10°46'32.42""N, 106°40'15.35""E",FIX,
09:50:08.984,1786243808.984,UTURN_EXECUTION,11.637,0.005,-1.331,44.30,0.280,-0.471,0.000,0.000,0.000,0.000,0.00,10.77567155,106.67092957,10.51,"10°46'32.42""N, 106°40'15.35""E",FIX,
09:50:09.048,1786243809.048,UTURN_EXECUTION,11.640,-0.006,-1.350,44.30,0.280,-0.471,0.000,0.000,0.000,0.000,0.00,10.77567155,106.67092957,10.51,"10°46'32.42""N, 106°40'15.35""E",FIX,
09:50:09.122,1786243809.122,UTURN_EXECUTION,11.643,-0.022,-1.378,44.30,0.280,-0.471,0.000,0.000,0.000,0.000,0.00,10.77567144,106.67092979,10.51,"10°46'32.42""N, 106°40'15.35""E",FIX,
09:50:09.199,1786243809.199,UTURN_EXECUTION,11.647,-0.044,-1.416,44.30,0.280,-0.471,0.000,0.000,0.000,0.000,0.00,10.77567144,106.67092979,10.51,"10°46'32.42""N, 106°40'15.35""E",FIX,
09:50:09.279,1786243809.280,UTURN_EXECUTION,11.650,-0.061,-1.444,44.30,0.280,-0.471,0.000,0.000,0.000,0.000,0.00,10.77567144,106.67092979,10.51,"10°46'32.42""N, 106°40'15.35""E",FIX,
09:50:09.366,1786243809.367,UTURN_EXECUTION,11.652,-0.083,-1.482,44.30,0.280,-0.471,0.000,0.000,0.000,0.000,0.00,10.77567132,106.67093000,10.51,"10°46'32.42""N, 106°40'15.35""E",FIX,
09:50:09.439,1786243809.440,UTURN_EXECUTION,11.653,-0.100,-1.510,44.30,0.280,-0.471,0.000,0.000,0.000,0.000,0.00,10.77567132,106.67093000,10.51,"10°46'32.42""N, 106°40'15.35""E",FIX,
09:50:09.517,1786243809.517,UTURN_EXECUTION,11.654,-0.116,-1.538,44.30,0.280,-0.471,0.000,0.000,0.000,0.000,0.00,10.77567132,106.67093000,10.51,"10°46'32.42""N, 106°40'15.35""E",FIX,
09:50:09.590,1786243809.591,UTURN_EXECUTION,11.654,-0.133,-1.566,44.30,0.280,-0.471,0.000,0.000,0.000,0.000,0.00,10.77567119,106.67093020,10.51,"10°46'32.42""N, 106°40'15.35""E",FIX,
09:50:09.661,1786243809.661,UTURN_EXECUTION,11.654,-0.150,-1.595,44.30,0.280,-0.471,0.000,0.000,0.000,0.000,0.00,10.77567119,106.67093020,10.51,"10°46'32.42""N, 106°40'15.35""E",FIX,
09:50:09.743,1786243809.744,UTURN_EXECUTION,11.653,-0.172,-1.632,44.30,0.280,-0.471,0.000,0.000,0.000,0.000,0.00,10.77567119,106.67093020,10.51,"10°46'32.42""N, 106°40'15.35""E",FIX,
09:50:09.828,1786243809.829,UTURN_EXECUTION,11.652,-0.189,-1.661,44.30,0.280,-0.471,0.000,0.000,0.000,0.000,0.00,10.77567105,106.67093040,10.51,"10°46'32.42""N, 106°40'15.35""E",FIX,
09:50:09.900,1786243809.901,UTURN_EXECUTION,11.650,-0.206,-1.689,44.30,0.280,-0.471,0.000,0.000,0.000,0.000,0.00,10.77567105,106.67093040,10.51,"10°46'32.42""N, 106°40'15.35""E",FIX,
09:50:09.976,1786243809.977,UTURN_EXECUTION,11.647,-0.228,-1.726,44.30,0.280,-0.471,0.000,0.000,0.000,0.000,0.00,10.77567105,106.67093040,10.51,"10°46'32.42""N, 106°40'15.35""E",FIX,
09:50:10.046,1786243810.046,UTURN_EXECUTION,11.644,-0.245,-1.755,44.30,0.280,-0.471,0.000,0.000,0.000,0.000,0.00,10.77567089,106.67093059,10.51,"10°46'32.42""N, 106°40'15.35""E",FIX,
09:50:10.130,1786243810.131,UTURN_EXECUTION,11.641,-0.261,-1.783,44.30,0.280,-0.471,0.000,0.000,0.000,0.000,0.00,10.77567089,106.67093059,10.51,"10°46'32.42""N, 106°40'15.35""E",FIX,
09:50:10.221,1786243810.222,UTURN_EXECUTION,11.636,-0.283,-1.821,44.30,0.280,-0.471,0.000,0.000,0.000,0.000,0.00,10.77567089,106.67093059,10.51,"10°46'32.42""N, 106°40'15.35""E",FIX,
09:50:10.281,1786243810.281,UTURN_EXECUTION,11.631,-0.299,-1.849,44.30,0.280,-0.471,0.000,0.000,0.000,0.000,0.00,10.77567073,106.67093078,10.51,"10°46'32.41""N, 106°40'15.35""E",FIX,
09:50:10.375,1786243810.376,UTURN_EXECUTION,11.625,-0.321,-1.887,44.30,0.280,-0.471,0.000,0.000,0.000,0.000,0.00,10.77567073,106.67093078,10.51,"10°46'32.41""N, 106°40'15.35""E",FIX,
09:50:10.443,1786243810.444,UTURN_EXECUTION,11.621,-0.331,-1.905,44.30,0.280,-0.471,0.000,0.000,0.000,0.000,0.00,10.77567073,106.67093078,10.51,"10°46'32.41""N, 106°40'15.35""E",FIX,
09:50:10.516,1786243810.516,UTURN_EXECUTION,11.614,-0.352,-1.943,44.30,0.280,-0.471,0.000,0.000,0.000,0.000,0.00,10.77567056,106.67093097,10.51,"10°46'32.41""N, 106°40'15.35""E",FIX,
09:50:10.594,1786243810.595,UTURN_EXECUTION,11.607,-0.368,-1.971,44.30,0.280,-0.471,0.000,0.000,0.000,0.000,0.00,10.77567056,106.67093097,10.51,"10°46'32.41""N, 106°40'15.35""E",FIX,
09:50:10.675,1786243810.675,UTURN_EXECUTION,11.598,-0.388,-2.009,44.30,0.280,-0.471,0.000,0.000,0.000,0.000,0.00,10.77567056,106.67093097,10.51,"10°46'32.41""N, 106°40'15.35""E",FIX,
09:50:10.740,1786243810.740,UTURN_EXECUTION,11.593,-0.398,-2.028,44.30,0.280,-0.471,0.000,0.000,0.000,0.000,0.00,10.77567056,106.67093097,10.51,"10°46'32.41""N, 106°40'15.35""E",FIX,
09:50:10.819,1786243810.820,UTURN_EXECUTION,11.583,-0.418,-2.066,44.30,0.280,-0.471,0.000,0.000,0.000,0.000,0.00,10.77567038,106.67093115,10.51,"10°46'32.41""N, 106°40'15.35""E",FIX,
09:50:10.902,1786243810.903,UTURN_EXECUTION,11.575,-0.433,-2.094,44.30,0.280,-0.471,0.000,0.000,0.000,0.000,0.00,10.77567038,106.67093115,10.51,"10°46'32.41""N, 106°40'15.35""E",FIX,
09:50:10.980,1786243810.980,UTURN_EXECUTION,11.563,-0.452,-2.132,44.30,0.280,-0.471,0.000,0.000,0.000,0.000,0.00,10.77567019,106.67093132,10.51,"10°46'32.41""N, 106°40'15.35""E",FIX,
09:50:11.055,1786243811.056,UTURN_EXECUTION,11.554,-0.466,-2.160,44.30,0.280,-0.471,0.000,0.000,0.000,0.000,0.00,10.77567019,106.67093132,10.51,"10°46'32.41""N, 106°40'15.35""E",FIX,
09:50:11.122,1786243811.123,UTURN_EXECUTION,11.545,-0.480,-2.188,44.30,0.280,-0.471,0.000,0.000,0.000,0.000,0.00,10.77567019,106.67093132,10.51,"10°46'32.41""N, 106°40'15.35""E",FIX,
09:50:11.200,1786243811.201,UTURN_EXECUTION,11.535,-0.494,-2.216,44.30,0.280,-0.471,0.000,0.000,0.000,0.000,0.00,10.77567019,106.67093132,10.51,"10°46'32.41""N, 106°40'15.35""E",FIX,
09:50:11.277,1786243811.278,UTURN_EXECUTION,11.521,-0.511,-2.254,44.30,0.280,-0.471,0.000,0.000,0.000,0.000,0.00,10.77567000,106.67093149,10.51,"10°46'32.41""N, 106°40'15.35""E",FIX,
09:50:11.347,1786243811.348,UTURN_EXECUTION,11.510,-0.524,-2.282,44.30,0.280,-0.471,0.000,0.000,0.000,0.000,0.00,10.77567000,106.67093149,10.51,"10°46'32.41""N, 106°40'15.35""E",FIX,
09:50:11.428,1786243811.428,UTURN_EXECUTION,11.495,-0.541,-2.320,44.30,0.280,-0.471,0.000,0.000,0.000,0.000,0.00,10.77566981,106.67093165,10.51,"10°46'32.41""N, 106°40'15.35""E",FIX,
09:50:11.509,1786243811.509,UTURN_EXECUTION,11.484,-0.553,-2.348,44.30,0.280,-0.471,0.000,0.000,0.000,0.000,0.00,10.77566981,106.67093165,10.51,"10°46'32.41""N, 106°40'15.35""E",FIX,
09:50:11.585,1786243811.585,UTURN_EXECUTION,11.472,-0.565,-2.377,44.30,0.280,-0.471,0.000,0.000,0.000,0.000,0.00,10.77566981,106.67093165,10.51,"10°46'32.41""N, 106°40'15.35""E",FIX,
09:50:11.678,1786243811.679,UTURN_EXECUTION,11.455,-0.580,-2.414,44.30,0.280,-0.471,0.000,0.000,0.000,0.000,0.00,10.77566962,106.67093180,10.51,"10°46'32.41""N, 106°40'15.35""E",FIX,
09:50:11.751,1786243811.751,UTURN_EXECUTION,11.442,-0.591,-2.443,44.30,0.280,-0.471,0.000,0.000,0.000,0.000,0.00,10.77566962,106.67093180,10.51,"10°46'32.41""N, 106°40'15.35""E",FIX,
09:50:11.837,1786243811.837,UTURN_EXECUTION,11.425,-0.605,-2.480,44.30,0.280,-0.471,0.000,0.000,0.000,0.000,0.00,10.77566962,106.67093180,10.51,"10°46'32.41""N, 106°40'15.35""E",FIX,
09:50:11.906,1786243811.906,UTURN_EXECUTION,11.412,-0.615,-2.509,44.30,0.280,-0.471,0.000,0.000,0.000,0.000,0.00,10.77566943,106.67093196,10.51,"10°46'32.41""N, 106°40'15.36""E",FIX,
09:50:11.978,1786243811.978,UTURN_EXECUTION,11.398,-0.625,-2.537,44.30,0.280,-0.471,0.000,0.000,0.000,0.000,0.00,10.77566943,106.67093196,10.51,"10°46'32.41""N, 106°40'15.36""E",FIX,
09:50:12.052,1786243812.052,UTURN_EXECUTION,11.384,-0.634,-2.565,44.30,0.280,-0.471,0.000,0.000,0.000,0.000,0.00,10.77566943,106.67093196,10.51,"10°46'32.41""N, 106°40'15.36""E",FIX,
09:50:12.125,1786243812.126,UTURN_EXECUTION,11.370,-0.643,-2.593,44.30,0.280,-0.471,0.000,0.000,0.000,0.000,0.00,10.77566943,106.67093196,10.51,"10°46'32.41""N, 106°40'15.36""E",FIX,
09:50:12.203,1786243812.204,UTURN_EXECUTION,11.355,-0.652,-2.622,44.30,0.280,-0.471,0.000,0.000,0.000,0.000,0.00,10.77566924,106.67093210,10.51,"10°46'32.41""N, 106°40'15.36""E",FIX,
09:50:12.274,1786243812.275,UTURN_EXECUTION,11.336,-0.662,-2.659,44.30,0.280,-0.471,0.000,0.000,0.000,0.000,0.00,10.77566924,106.67093210,10.51,"10°46'32.41""N, 106°40'15.36""E",FIX,
09:50:12.348,1786243812.349,UTURN_EXECUTION,11.321,-0.670,-2.688,44.30,0.280,-0.471,0.000,0.000,0.000,0.000,0.00,10.77566924,106.67093210,10.51,"10°46'32.41""N, 106°40'15.36""E",FIX,
09:50:12.419,1786243812.419,UTURN_EXECUTION,11.305,-0.677,-2.716,44.30,0.280,-0.471,0.000,0.000,0.000,0.000,0.00,10.77566905,106.67093225,10.51,"10°46'32.41""N, 106°40'15.36""E",FIX,
09:50:12.498,1786243812.499,UTURN_EXECUTION,11.290,-0.684,-2.744,44.30,0.280,-0.471,0.000,0.000,0.000,0.000,0.00,10.77566905,106.67093225,10.51,"10°46'32.41""N, 106°40'15.36""E",FIX,
09:50:12.584,1786243812.585,UTURN_EXECUTION,11.264,-0.694,-2.791,44.30,0.280,-0.471,0.000,0.000,0.000,0.000,0.00,10.77566886,106.67093239,10.51,"10°46'32.41""N, 106°40'15.36""E",FIX,
09:50:12.644,1786243812.645,UTURN_EXECUTION,11.253,-0.698,-2.810,44.30,0.280,-0.471,0.000,0.000,0.000,0.000,0.00,10.77566886,106.67093239,10.51,"10°46'32.41""N, 106°40'15.36""E",FIX,
09:50:12.713,1786243812.714,UTURN_EXECUTION,11.237,-0.703,-2.838,44.30,0.280,-0.471,0.000,0.000,0.000,0.000,0.00,10.77566886,106.67093239,10.51,"10°46'32.41""N, 106°40'15.36""E",FIX,
09:50:12.795,1786243812.796,UTURN_EXECUTION,11.216,-0.709,-2.876,44.30,0.280,-0.471,0.000,0.000,0.000,0.000,0.00,10.77566886,106.67093239,10.51,"10°46'32.41""N, 106°40'15.36""E",FIX,
09:50:12.864,1786243812.864,UTURN_EXECUTION,11.200,-0.714,-2.904,44.30,0.280,-0.471,0.000,0.000,0.000,0.000,0.00,10.77566867,106.67093252,10.51,"10°46'32.41""N, 106°40'15.36""E",FIX,
09:50:12.943,1786243812.944,UTURN_EXECUTION,11.183,-0.717,-2.933,44.30,0.280,-0.471,0.000,0.000,0.000,0.000,0.00,10.77566867,106.67093252,10.51,"10°46'32.41""N, 106°40'15.36""E",FIX,
09:50:13.013,1786243813.014,UTURN_EXECUTION,11.161,-0.722,-2.970,44.30,0.280,-0.471,0.000,0.000,0.000,0.000,0.00,10.77566867,106.67093252,10.51,"10°46'32.41""N, 106°40'15.36""E",FIX,
09:50:13.098,1786243813.098,UTURN_EXECUTION,11.145,-0.724,-2.998,44.30,0.280,-0.471,0.000,0.000,0.000,0.000,0.00,10.77566848,106.67093264,10.51,"10°46'32.41""N, 106°40'15.36""E",FIX,
09:50:13.176,1786243813.176,UTURN_EXECUTION,11.123,-0.727,-3.036,44.30,0.280,-0.471,0.000,0.000,0.000,0.000,0.00,10.77566848,106.67093264,10.51,"10°46'32.41""N, 106°40'15.36""E",FIX,
09:50:13.251,1786243813.252,UTURN_EXECUTION,11.106,-0.728,-3.064,44.30,0.280,-0.471,0.000,0.000,0.000,0.000,0.00,10.77566848,106.67093264,10.51,"10°46'32.41""N, 106°40'15.36""E",FIX,
09:50:13.331,1786243813.332,UTURN_EXECUTION,11.089,-0.730,-3.093,44.30,0.280,-0.471,0.000,0.000,0.000,0.000,0.00,10.77566829,106.67093277,10.51,"10°46'32.41""N, 106°40'15.36""E",FIX,
09:50:13.412,1786243813.413,UTURN_EXECUTION,11.072,-0.730,-3.121,44.30,0.280,-0.471,0.000,0.000,0.000,0.000,0.00,10.77566829,106.67093277,10.51,"10°46'32.41""N, 106°40'15.36""E",FIX,
09:50:13.488,1786243813.488,UTURN_EXECUTION,11.055,-0.730,3.134,44.30,0.280,-0.471,0.000,0.000,0.000,0.000,0.00,10.77566829,106.67093277,10.51,"10°46'32.41""N, 106°40'15.36""E",FIX,
09:50:13.561,1786243813.561,UTURN_EXECUTION,11.033,-0.730,3.096,44.30,0.280,-0.471,0.000,0.000,0.000,0.000,0.00,10.77566810,106.67093289,10.51,"10°46'32.41""N, 106°40'15.36""E",FIX,
09:50:13.647,1786243813.648,UTURN_EXECUTION,11.011,-0.728,3.059,44.30,0.280,-0.471,0.000,0.000,0.000,0.000,0.00,10.77566810,106.67093289,10.51,"10°46'32.41""N, 106°40'15.36""E",FIX,
09:50:13.718,1786243813.719,UTURN_EXECUTION,11.000,-0.727,3.040,44.30,0.280,-0.471,0.000,0.000,0.000,0.000,0.00,10.77566810,106.67093289,10.51,"10°46'32.41""N, 106°40'15.36""E",FIX,
09:50:13.785,1786243813.785,UTURN_EXECUTION,10.977,-0.724,3.002,44.30,0.280,-0.471,0.000,0.000,0.000,0.000,0.00,10.77566791,106.67093300,10.51,"10°46'32.40""N, 106°40'15.36""E",FIX,
09:50:13.866,1786243813.867,UTURN_EXECUTION,10.961,-0.722,2.974,44.30,0.280,-0.471,0.000,0.000,0.000,0.000,0.00,10.77566791,106.67093300,10.51,"10°46'32.40""N, 106°40'15.36""E",FIX,
09:50:13.951,1786243813.951,UTURN_EXECUTION,10.944,-0.719,2.946,44.30,0.280,-0.471,0.000,0.000,0.000,0.000,0.00,10.77566791,106.67093300,10.51,"10°46'32.40""N, 106°40'15.36""E",FIX,
09:50:14.035,1786243814.035,UTURN_EXECUTION,10.922,-0.714,2.908,44.30,0.280,-0.471,0.000,0.000,0.000,0.000,0.00,10.77566772,106.67093311,10.51,"10°46'32.40""N, 106°40'15.36""E",FIX,
09:50:14.097,1786243814.097,UTURN_EXECUTION,10.906,-0.710,2.880,44.30,0.280,-0.471,0.000,0.000,0.000,0.000,0.00,10.77566772,106.67093311,10.51,"10°46'32.40""N, 106°40'15.36""E",FIX,
09:50:14.183,1786243814.184,UTURN_EXECUTION,10.890,-0.705,2.851,44.30,0.280,-0.471,0.000,0.000,0.000,0.000,0.00,10.77566772,106.67093311,10.51,"10°46'32.40""N, 106°40'15.36""E",FIX,
09:50:14.252,1786243814.253,UTURN_EXECUTION,10.874,-0.700,2.823,44.30,0.280,-0.471,0.000,0.000,0.000,0.000,0.00,10.77566753,106.67093321,10.51,"10°46'32.40""N, 106°40'15.36""E",FIX,
09:50:14.329,1786243814.330,UTURN_EXECUTION,10.853,-0.693,2.785,44.30,0.280,-0.471,0.000,0.000,0.000,0.000,0.00,10.77566753,106.67093321,10.51,"10°46'32.40""N, 106°40'15.36""E",FIX,
09:50:14.406,1786243814.406,UTURN_EXECUTION,10.837,-0.687,2.757,44.30,0.280,-0.471,0.000,0.000,0.000,0.000,0.00,10.77566753,106.67093321,10.51,"10°46'32.40""N, 106°40'15.36""E",FIX,
09:50:14.480,1786243814.480,UTURN_EXECUTION,10.822,-0.680,2.729,44.30,0.280,-0.471,0.000,0.000,0.000,0.000,0.00,10.77566734,106.67093331,10.51,"10°46'32.40""N, 106°40'15.36""E",FIX,
09:50:14.564,1786243814.564,UTURN_EXECUTION,10.801,-0.671,2.691,44.30,0.280,-0.471,0.000,0.000,0.000,0.000,0.00,10.77566734,106.67093331,10.51,"10°46'32.40""N, 106°40'15.36""E",FIX,
09:50:14.640,1786243814.641,UTURN_EXECUTION,10.781,-0.661,2.653,44.30,0.280,-0.471,0.000,0.000,0.000,0.000,0.00,10.77566734,106.67093331,10.51,"10°46'32.40""N, 106°40'15.36""E",FIX,
09:50:14.711,1786243814.711,UTURN_EXECUTION,10.767,-0.653,2.625,44.30,0.280,-0.471,0.000,0.000,0.000,0.000,0.00,10.77566715,106.67093341,10.51,"10°46'32.40""N, 106°40'15.36""E",FIX,
09:50:14.777,1786243814.778,UTURN_EXECUTION,10.757,-0.647,2.606,44.30,0.280,-0.471,0.000,0.000,0.000,0.000,0.00,10.77566715,106.67093341,10.51,"10°46'32.40""N, 106°40'15.36""E",FIX,
09:50:14.860,1786243814.860,UTURN_EXECUTION,10.738,-0.635,2.569,44.30,0.280,-0.471,0.000,0.000,0.000,0.000,0.00,10.77566715,106.67093341,10.51,"10°46'32.40""N, 106°40'15.36""E",FIX,
09:50:14.931,1786243814.931,UTURN_EXECUTION,10.724,-0.626,2.540,44.30,0.280,-0.471,0.000,0.000,0.000,0.000,0.00,10.77566695,106.67093350,10.51,"10°46'32.40""N, 106°40'15.36""E",FIX,
09:50:15.003,1786243815.003,UTURN_EXECUTION,10.710,-0.616,2.512,44.30,0.280,-0.471,0.000,0.000,0.000,0.000,0.00,10.77566695,106.67093350,10.51,"10°46'32.40""N, 106°40'15.36""E",FIX,
09:50:15.090,1786243815.090,UTURN_EXECUTION,10.692,-0.603,2.474,44.30,0.280,-0.471,0.000,0.000,0.000,0.000,0.00,10.77566695,106.67093350,10.51,"10°46'32.40""N, 106°40'15.36""E",FIX,
09:50:15.165,1786243815.165,UTURN_EXECUTION,10.679,-0.592,2.446,44.30,0.280,-0.471,0.000,0.000,0.000,0.000,0.00,10.77566676,106.67093359,10.51,"10°46'32.40""N, 106°40'15.36""E",FIX,
09:50:15.245,1786243815.245,UTURN_EXECUTION,10.662,-0.578,2.408,44.30,0.280,-0.471,0.000,0.000,0.000,0.000,0.00,10.77566676,106.67093359,10.51,"10°46'32.40""N, 106°40'15.36""E",FIX,
09:50:15.316,1786243815.316,UTURN_EXECUTION,10.650,-0.566,2.380,44.30,0.280,-0.471,0.000,0.000,0.000,0.000,0.00,10.77566676,106.67093359,10.51,"10°46'32.40""N, 106°40'15.36""E",FIX,
09:50:15.376,1786243815.377,UTURN_EXECUTION,10.638,-0.554,2.352,44.30,0.280,-0.471,0.000,0.000,0.000,0.000,0.00,10.77566657,106.67093368,10.51,"10°46'32.40""N, 106°40'15.36""E",FIX,
09:50:15.452,1786243815.452,UTURN_EXECUTION,10.626,-0.542,2.324,44.30,0.280,-0.471,0.000,0.000,0.000,0.000,0.00,10.77566657,106.67093368,10.51,"10°46'32.40""N, 106°40'15.36""E",FIX,
09:50:15.528,1786243815.528,UTURN_EXECUTION,10.611,-0.526,2.286,44.30,0.280,-0.471,0.000,0.000,0.000,0.000,0.00,10.77566657,106.67093368,10.51,"10°46'32.40""N, 106°40'15.36""E",FIX,
09:50:15.604,1786243815.605,UTURN_EXECUTION,10.600,-0.513,2.258,44.30,0.280,-0.471,0.000,0.000,0.000,0.000,0.00,10.77566638,106.67093376,10.51,"10°46'32.40""N, 106°40'15.36""E",FIX,
09:50:15.691,1786243815.691,UTURN_EXECUTION,10.587,-0.495,2.220,44.30,0.280,-0.471,0.000,0.000,0.000,0.000,0.00,10.77566638,106.67093376,10.51,"10°46'32.40""N, 106°40'15.36""E",FIX,
09:50:15.753,1786243815.754,UTURN_EXECUTION,10.580,-0.486,2.201,44.30,0.280,-0.471,0.000,0.000,0.000,0.000,0.00,10.77566638,106.67093376,10.51,"10°46'32.40""N, 106°40'15.36""E",FIX,
09:50:15.828,1786243815.828,UTURN_EXECUTION,10.567,-0.468,2.163,44.30,0.280,-0.471,0.000,0.000,0.000,0.000,0.00,10.77566619,106.67093384,10.51,"10°46'32.40""N, 106°40'15.36""E",FIX,
09:50:15.931,1786243815.931,UTURN_EXECUTION,10.555,-0.449,2.126,44.30,0.280,-0.471,0.000,0.000,0.000,0.000,0.00,10.77566619,106.67093384,10.51,"10°46'32.40""N, 106°40'15.36""E",FIX,
09:50:16.009,1786243816.009,UTURN_EXECUTION,10.546,-0.435,2.098,44.30,0.280,-0.471,0.000,0.000,0.000,0.000,0.00,10.77566619,106.67093384,10.51,"10°46'32.40""N, 106°40'15.36""E",FIX,
09:50:16.113,1786243816.114,UTURN_EXECUTION,10.538,-0.420,2.069,44.30,0.280,-0.471,0.000,0.000,0.000,0.000,0.00,10.77566600,106.67093391,10.51,"10°46'32.40""N, 106°40'15.36""E",FIX,
09:50:16.206,1786243816.206,UTURN_EXECUTION,10.528,-0.400,2.032,44.30,0.280,-0.471,0.000,0.000,0.000,0.000,0.00,10.77566600,106.67093391,10.51,"10°46'32.40""N, 106°40'15.36""E",FIX,
09:50:16.279,1786243816.279,UTURN_EXECUTION,10.523,-0.390,2.013,44.30,0.280,-0.471,0.000,0.000,0.000,0.000,0.00,10.77566600,106.67093391,10.51,"10°46'32.40""N, 106°40'15.36""E",FIX,
09:50:16.371,1786243816.371,UTURN_EXECUTION,10.514,-0.370,1.975,44.30,0.280,-0.471,0.000,0.000,0.000,0.000,0.00,10.77566581,106.67093398,10.51,"10°46'32.40""N, 106°40'15.36""E",FIX,
09:50:16.432,1786243816.432,UTURN_EXECUTION,10.507,-0.354,1.947,44.30,0.280,-0.471,0.000,0.000,0.000,0.000,0.00,10.77566581,106.67093398,10.51,"10°46'32.40""N, 106°40'15.36""E",FIX,
09:50:16.528,1786243816.528,UTURN_EXECUTION,10.499,-0.333,1.909,44.30,0.280,-0.471,0.000,0.000,0.000,0.000,0.00,10.77566581,106.67093398,10.51,"10°46'32.40""N, 106°40'15.36""E",FIX,
09:50:16.598,1786243816.599,UTURN_EXECUTION,10.494,-0.317,1.881,44.30,0.280,-0.471,0.000,0.000,0.000,0.000,0.00,10.77566562,106.67093405,10.51,"10°46'32.40""N, 106°40'15.36""E",FIX,
09:50:16.677,1786243816.677,UTURN_EXECUTION,10.489,-0.301,1.853,44.30,0.280,-0.471,0.000,0.000,0.000,0.000,0.00,10.77566562,106.67093405,10.51,"10°46'32.40""N, 106°40'15.36""E",FIX,
09:50:16.741,1786243816.742,UTURN_EXECUTION,10.485,-0.285,1.824,44.30,0.280,-0.471,0.000,0.000,0.000,0.000,0.00,10.77566562,106.67093405,10.51,"10°46'32.40""N, 106°40'15.36""E",FIX,
09:50:16.828,1786243816.829,UTURN_EXECUTION,10.481,-0.269,1.796,44.30,0.280,-0.471,0.000,0.000,0.000,0.000,0.00,10.77566543,106.67093412,10.51,"10°46'32.40""N, 106°40'15.36""E",FIX,
09:50:16.922,1786243816.923,UTURN_EXECUTION,10.476,-0.247,1.758,44.30,0.280,-0.471,0.000,0.000,0.000,0.000,0.00,10.77566543,106.67093412,10.51,"10°46'32.40""N, 106°40'15.36""E",FIX,
09:50:16.995,1786243816.995,UTURN_EXECUTION,10.472,-0.225,1.721,44.30,0.280,-0.471,0.000,0.000,0.000,0.000,0.00,10.77566543,106.67093412,10.51,"10°46'32.40""N, 106°40'15.36""E",FIX,
09:50:17.057,1786243817.057,UTURN_EXECUTION,10.471,-0.214,1.702,44.30,0.280,-0.471,0.000,0.000,0.000,0.000,0.00,10.77566524,106.67093418,10.51,"10°46'32.39""N, 106°40'15.36""E",FIX,
09:50:17.140,1786243817.140,UTURN_EXECUTION,10.468,-0.191,1.664,44.30,0.280,-0.471,0.000,0.000,0.000,0.000,0.00,10.77566524,106.67093418,10.51,"10°46'32.39""N, 106°40'15.36""E",FIX,
09:50:17.215,1786243817.215,UTURN_EXECUTION,10.467,-0.169,1.626,44.30,0.280,-0.471,0.000,0.000,0.000,0.000,0.00,10.77566524,106.67093418,10.51,"10°46'32.39""N, 106°40'15.36""E",FIX,
09:50:17.289,1786243817.290,UTURN_EXECUTION,10.466,-0.158,1.608,44.30,0.280,-0.471,0.000,0.000,0.000,0.000,0.00,10.77566505,106.67093424,10.51,"10°46'32.39""N, 106°40'15.36""E",FIX,
09:50:17.358,1786243817.358,UTURN_EXECUTION,10.466,-0.135,1.570,44.30,0.280,-0.471,0.000,0.000,0.000,0.000,0.00,10.77566505,106.67093424,10.51,"10°46'32.39""N, 106°40'15.36""E",FIX,
09:50:17.432,1786243817.432,UTURN_EXECUTION,10.466,-0.119,1.542,44.30,0.280,-0.471,0.000,0.000,0.000,0.000,0.00,10.77566505,106.67093424,10.51,"10°46'32.39""N, 106°40'15.36""E",FIX,
09:50:17.515,1786243817.516,UTURN_EXECUTION,10.467,-0.096,1.504,44.30,0.280,-0.471,0.000,0.000,0.000,0.000,0.00,10.77566485,106.67093429,10.51,"10°46'32.39""N, 106°40'15.36""E",FIX,
09:50:17.592,1786243817.593,UTURN_EXECUTION,10.468,-0.079,1.476,44.30,0.280,-0.471,0.000,0.000,0.000,0.000,0.00,10.77566485,106.67093429,10.51,"10°46'32.39""N, 106°40'15.36""E",FIX,
09:50:17.661,1786243817.661,UTURN_EXECUTION,10.470,-0.063,1.447,44.30,0.280,-0.471,0.000,0.000,0.000,0.000,0.00,10.77566485,106.67093429,10.51,"10°46'32.39""N, 106°40'15.36""E",FIX,
09:50:17.737,1786243817.737,UTURN_EXECUTION,10.472,-0.046,1.419,44.30,0.280,-0.471,0.000,0.000,0.000,0.000,0.00,10.77566466,106.67093434,10.51,"10°46'32.39""N, 106°40'15.36""E",FIX,
09:50:17.829,1786243817.829,UTURN_EXECUTION,10.476,-0.024,1.381,44.30,0.280,-0.471,0.000,0.000,0.000,0.000,0.00,10.77566466,106.67093434,10.51,"10°46'32.39""N, 106°40'15.36""E",FIX,
09:50:17.903,1786243817.904,UTURN_EXECUTION,10.480,-0.008,1.353,44.30,0.280,-0.471,0.000,0.000,0.000,0.000,0.00,10.77566466,106.67093434,10.51,"10°46'32.39""N, 106°40'15.36""E",FIX,
09:50:17.979,1786243817.979,UTURN_EXECUTION,10.484,0.009,1.325,44.30,0.280,-0.471,0.000,0.000,0.000,0.000,0.00,10.77566447,106.67093440,10.51,"10°46'32.39""N, 106°40'15.36""E",FIX,
09:50:18.061,1786243818.062,UTURN_EXECUTION,10.488,0.025,1.297,44.30,0.280,-0.471,0.000,0.000,0.000,0.000,0.00,10.77566447,106.67093440,10.51,"10°46'32.39""N, 106°40'15.36""E",FIX,
09:50:18.130,1786243818.130,UTURN_EXECUTION,10.493,0.041,1.268,44.30,0.280,-0.471,0.000,0.000,0.000,0.000,0.00,10.77566447,106.67093440,10.51,"10°46'32.39""N, 106°40'15.36""E",FIX,
09:50:18.216,1786243818.216,UTURN_EXECUTION,10.500,0.062,1.231,44.30,0.280,-0.471,0.000,0.000,0.000,0.000,0.00,10.77566428,106.67093444,10.51,"10°46'32.39""N, 106°40'15.36""E",FIX,
09:50:18.300,1786243818.300,UTURN_EXECUTION,10.508,0.083,1.193,44.30,0.280,-0.471,0.000,0.000,0.000,0.000,0.00,10.77566428,106.67093444,10.51,"10°46'32.39""N, 106°40'15.36""E",FIX,
09:50:18.367,1786243818.368,UTURN_EXECUTION,10.512,0.094,1.174,44.30,0.280,-0.471,0.000,0.000,0.000,0.000,0.00,10.77566428,106.67093444,10.51,"10°46'32.39""N, 106°40'15.36""E",FIX,
09:50:18.450,1786243818.450,UTURN_EXECUTION,10.521,0.114,1.136,44.30,0.280,-0.471,0.000,0.000,0.000,0.000,0.00,10.77566409,106.67093449,10.51,"10°46'32.39""N, 106°40'15.36""E",FIX,
09:50:18.527,1786243818.528,UTURN_EXECUTION,10.528,0.129,1.108,44.30,0.280,-0.471,0.000,0.000,0.000,0.000,0.00,10.77566409,106.67093449,10.51,"10°46'32.39""N, 106°40'15.36""E",FIX,
09:50:18.601,1786243818.601,UTURN_EXECUTION,10.536,0.144,1.080,44.30,0.280,-0.471,0.000,0.000,0.000,0.000,0.00,10.77566409,106.67093449,10.51,"10°46'32.39""N, 106°40'15.36""E",FIX,
09:50:18.674,1786243818.674,UTURN_EXECUTION,10.544,0.159,1.052,44.30,0.280,-0.471,0.000,0.000,0.000,0.000,0.00,10.77566409,106.67093449,10.51,"10°46'32.39""N, 106°40'15.36""E",FIX,
09:50:18.751,1786243818.751,UTURN_EXECUTION,10.555,0.178,1.014,44.30,0.280,-0.471,0.000,0.000,0.000,0.000,0.00,10.77566390,106.67093453,10.51,"10°46'32.39""N, 106°40'15.36""E",FIX,
09:50:18.824,1786243818.825,UTURN_EXECUTION,10.564,0.192,0.986,44.30,0.280,-0.471,0.000,0.000,0.000,0.000,0.00,10.77566390,106.67093453,10.51,"10°46'32.39""N, 106°40'15.36""E",FIX,
09:50:18.917,1786243818.918,UTURN_EXECUTION,10.577,0.211,0.948,44.30,0.280,-0.471,0.000,0.000,0.000,0.000,0.00,10.77566371,106.67093457,10.51,"10°46'32.39""N, 106°40'15.36""E",FIX,
09:50:19.001,1786243819.002,UTURN_EXECUTION,10.591,0.229,0.910,44.30,0.280,-0.471,0.000,0.000,0.000,0.000,0.00,10.77566371,106.67093457,10.51,"10°46'32.39""N, 106°40'15.36""E",FIX,
09:50:19.057,1786243819.057,UTURN_EXECUTION,10.598,0.237,0.891,44.30,0.280,-0.471,0.000,0.000,0.000,0.000,0.00,10.77566371,106.67093457,10.51,"10°46'32.39""N, 106°40'15.36""E",FIX,
09:50:19.143,1786243819.143,UTURN_EXECUTION,10.612,0.255,0.854,44.30,0.280,-0.471,0.000,0.000,0.000,0.000,0.00,10.77566352,106.67093461,10.51,"10°46'32.39""N, 106°40'15.36""E",FIX,
09:50:19.215,1786243819.215,UTURN_EXECUTION,10.623,0.267,0.826,44.30,0.280,-0.471,0.000,0.000,0.000,0.000,0.00,10.77566352,106.67093461,10.51,"10°46'32.39""N, 106°40'15.36""E",FIX,
09:50:19.286,1786243819.286,UTURN_EXECUTION,10.635,0.279,0.797,44.30,0.280,-0.471,0.000,0.000,0.000,0.000,0.00,10.77566352,106.67093461,10.51,"10°46'32.39""N, 106°40'15.36""E",FIX,
09:50:19.374,1786243819.374,UTURN_EXECUTION,10.651,0.295,0.760,44.30,0.280,-0.471,0.000,0.000,0.000,0.000,0.00,10.77566333,106.67093465,10.51,"10°46'32.39""N, 106°40'15.36""E",FIX,
09:50:19.458,1786243819.458,UTURN_EXECUTION,10.663,0.306,0.731,44.30,0.280,-0.471,0.000,0.000,0.000,0.000,0.00,10.77566333,106.67093465,10.51,"10°46'32.39""N, 106°40'15.36""E",FIX,
09:50:19.527,1786243819.527,UTURN_EXECUTION,10.676,0.317,0.703,44.30,0.280,-0.471,0.000,0.000,0.000,0.000,0.00,10.77566333,106.67093465,10.51,"10°46'32.39""N, 106°40'15.36""E",FIX,
09:50:19.611,1786243819.612,UTURN_EXECUTION,10.693,0.332,0.665,44.30,0.280,-0.471,0.000,0.000,0.000,0.000,0.00,10.77566313,106.67093468,10.51,"10°46'32.39""N, 106°40'15.36""E",FIX,
09:50:19.689,1786243819.689,UTURN_EXECUTION,10.706,0.342,0.637,44.30,0.280,-0.471,0.000,0.000,0.000,0.000,0.00,10.77566313,106.67093468,10.51,"10°46'32.39""N, 106°40'15.36""E",FIX,
09:50:19.755,1786243819.755,UTURN_EXECUTION,10.720,0.352,0.609,44.30,0.280,-0.471,0.000,0.000,0.000,0.000,0.00,10.77566313,106.67093468,10.51,"10°46'32.39""N, 106°40'15.36""E",FIX,
09:50:19.848,1786243819.849,UTURN_EXECUTION,10.739,0.364,0.571,44.30,0.280,-0.471,0.000,0.000,0.000,0.000,0.00,10.77566294,106.67093471,10.51,"10°46'32.39""N, 106°40'15.36""E",FIX,
09:50:19.922,1786243819.923,UTURN_EXECUTION,10.748,0.370,0.552,44.30,0.280,-0.471,0.000,0.000,0.000,0.000,0.00,10.77566294,106.67093471,10.51,"10°46'32.39""N, 106°40'15.36""E",FIX,
09:50:20.002,1786243820.003,UTURN_EXECUTION,10.767,0.381,0.515,44.30,0.280,-0.471,0.000,0.000,0.000,0.000,0.00,10.77566294,106.67093471,10.51,"10°46'32.39""N, 106°40'15.36""E",FIX,
09:50:20.090,1786243820.091,UTURN_EXECUTION,10.782,0.390,0.486,44.30,0.280,-0.471,0.000,0.000,0.000,0.000,0.00,10.77566294,106.67093471,10.51,"10°46'32.39""N, 106°40'15.36""E",FIX,
09:50:20.163,1786243820.164,UTURN_EXECUTION,10.797,0.397,0.458,44.30,0.280,-0.471,0.000,0.000,0.000,0.000,0.00,10.77566275,106.67093474,10.51,"10°46'32.39""N, 106°40'15.37""E",FIX,
09:50:20.254,1786243820.255,UTURN_EXECUTION,10.817,0.407,0.420,44.30,0.280,-0.471,0.000,0.000,0.000,0.000,0.00,10.77566275,106.67093474,10.51,"10°46'32.39""N, 106°40'15.37""E",FIX,
09:50:20.327,1786243820.327,UTURN_EXECUTION,10.833,0.413,0.392,44.30,0.280,-0.471,0.000,0.000,0.000,0.000,0.00,10.77566275,106.67093474,10.51,"10°46'32.39""N, 106°40'15.37""E",FIX,
09:50:20.416,1786243820.417,UTURN_EXECUTION,10.854,0.421,0.354,44.30,0.280,-0.471,0.000,0.000,0.000,0.000,0.00,10.77566256,106.67093477,10.51,"10°46'32.39""N, 106°40'15.37""E",FIX,
09:50:20.497,1786243820.497,UTURN_EXECUTION,10.870,0.427,0.326,44.30,0.280,-0.471,0.000,0.000,0.000,0.000,0.00,10.77566256,106.67093477,10.51,"10°46'32.39""N, 106°40'15.37""E",FIX,
09:50:20.575,1786243820.575,UTURN_EXECUTION,10.886,0.432,0.298,44.30,0.280,-0.471,0.000,0.000,0.000,0.000,0.00,10.77566256,106.67093477,10.51,"10°46'32.39""N, 106°40'15.37""E",FIX,
09:50:20.640,1786243820.641,UTURN_EXECUTION,10.902,0.437,0.270,44.30,0.280,-0.471,0.000,0.000,0.000,0.000,0.00,10.77566237,106.67093480,10.51,"10°46'32.38""N, 106°40'15.37""E",FIX,
09:50:20.727,1786243820.727,UTURN_EXECUTION,10.923,0.443,0.232,44.30,0.280,-0.471,0.000,0.000,0.000,0.000,0.00,10.77566237,106.67093480,10.51,"10°46'32.38""N, 106°40'15.37""E",FIX,
09:50:20.792,1786243820.793,UTURN_EXECUTION,10.940,0.446,0.204,44.30,0.280,-0.471,0.000,0.000,0.000,0.000,0.00,10.77566237,106.67093480,10.51,"10°46'32.38""N, 106°40'15.37""E",FIX,
09:50:20.887,1786243820.888,UTURN_EXECUTION,10.956,0.449,0.175,44.30,0.280,-0.471,0.000,0.000,0.000,0.000,0.00,10.77566218,106.67093483,10.51,"10°46'32.38""N, 106°40'15.37""E",FIX,
09:50:20.956,1786243820.957,UTURN_EXECUTION,10.978,0.453,0.138,44.30,0.280,-0.471,0.000,0.000,0.000,0.000,0.00,10.77566218,106.67093483,10.51,"10°46'32.38""N, 106°40'15.37""E",FIX,
09:50:21.023,1786243821.023,UTURN_EXECUTION,10.995,0.455,0.109,44.30,0.280,-0.471,0.000,0.000,0.000,0.000,0.00,10.77566218,106.67093483,10.51,"10°46'32.38""N, 106°40'15.37""E",FIX,
09:50:21.110,1786243821.111,UTURN_EXECUTION,11.017,0.457,0.072,44.30,0.280,-0.471,0.000,0.000,0.000,0.000,0.00,10.77566199,106.67093485,10.51,"10°46'32.38""N, 106°40'15.37""E",FIX,
09:50:21.195,1786243821.196,UTURN_EXECUTION,11.034,0.458,0.044,44.30,0.280,-0.471,0.000,0.000,0.000,0.000,0.00,10.77566199,106.67093485,10.51,"10°46'32.38""N, 106°40'15.37""E",FIX,
09:50:21.252,1786243821.252,UTURN_EXECUTION,11.045,0.458,0.025,44.30,0.280,-0.471,0.000,0.000,0.000,0.000,0.00,10.77566199,106.67093485,10.51,"10°46'32.38""N, 106°40'15.37""E",FIX,
09:50:21.320,1786243821.321,UTURN_EXECUTION,11.068,0.458,-0.013,44.30,0.280,-0.471,0.000,0.000,0.000,0.000,0.00,10.77566180,106.67093487,10.51,"10°46'32.38""N, 106°40'15.37""E",FIX,
09:50:21.404,1786243821.404,UTURN_EXECUTION,11.090,0.458,-0.051,44.30,0.280,-0.471,0.000,0.000,0.000,0.000,0.00,10.77566180,106.67093487,10.51,"10°46'32.38""N, 106°40'15.37""E",FIX,
09:50:21.466,1786243821.467,UTURN_EXECUTION,11.101,0.457,-0.070,44.30,0.280,-0.471,0.000,0.000,0.000,0.000,0.00,10.77566180,106.67093487,10.51,"10°46'32.38""N, 106°40'15.37""E",FIX,
09:50:21.544,1786243821.545,UTURN_EXECUTION,11.124,0.455,-0.107,44.30,0.280,-0.471,0.000,0.000,0.000,0.000,0.00,10.77566160,106.67093489,10.51,"10°46'32.38""N, 106°40'15.37""E",FIX,
09:50:21.614,1786243821.615,UTURN_EXECUTION,11.140,0.453,-0.136,44.30,0.280,-0.471,0.000,0.000,0.000,0.000,0.00,10.77566160,106.67093489,10.51,"10°46'32.38""N, 106°40'15.37""E",FIX,
09:50:21.712,1786243821.713,UTURN_EXECUTION,11.157,0.450,-0.164,44.30,0.280,-0.471,0.000,0.000,0.000,0.000,0.00,10.77566160,106.67093489,10.51,"10°46'32.38""N, 106°40'15.37""E",FIX,
09:50:21.792,1786243821.792,UTURN_EXECUTION,11.179,0.446,-0.201,44.30,0.280,-0.471,0.000,0.000,0.000,0.000,0.00,10.77566141,106.67093492,10.51,"10°46'32.38""N, 106°40'15.37""E",FIX,
09:50:21.866,1786243821.866,UTURN_EXECUTION,11.195,0.443,-0.230,44.30,0.280,-0.471,0.000,0.000,0.000,0.000,0.00,10.77566141,106.67093492,10.51,"10°46'32.38""N, 106°40'15.37""E",FIX,
09:50:21.937,1786243821.937,UTURN_EXECUTION,11.212,0.439,-0.258,44.30,0.280,-0.471,0.000,0.000,0.000,0.000,0.00,10.77566141,106.67093492,10.51,"10°46'32.38""N, 106°40'15.37""E",FIX,
09:50:22.014,1786243822.014,UTURN_EXECUTION,11.228,0.434,-0.286,44.30,0.280,-0.471,0.000,0.000,0.000,0.000,0.00,10.77566122,106.67093493,10.51,"10°46'32.38""N, 106°40'15.37""E",FIX,
09:50:22.098,1786243822.098,UTURN_EXECUTION,11.249,0.428,-0.324,44.30,0.280,-0.471,0.000,0.000,0.000,0.000,0.00,10.77566122,106.67093493,10.51,"10°46'32.38""N, 106°40'15.37""E",FIX,
09:50:22.174,1786243822.174,UTURN_EXECUTION,11.265,0.422,-0.352,44.30,0.280,-0.471,0.000,0.000,0.000,0.000,0.00,10.77566122,106.67093493,10.51,"10°46'32.38""N, 106°40'15.37""E",FIX,
09:50:22.247,1786243822.248,UTURN_EXECUTION,11.281,0.416,-0.380,44.30,0.280,-0.471,0.000,0.000,0.000,0.000,0.00,10.77566103,106.67093495,10.51,"10°46'32.38""N, 106°40'15.37""E",FIX,
09:50:22.321,1786243822.322,UTURN_EXECUTION,11.301,0.407,-0.418,44.30,0.280,-0.471,0.000,0.000,0.000,0.000,0.00,10.77566103,106.67093495,10.51,"10°46'32.38""N, 106°40'15.37""E",FIX,
09:50:22.397,1786243822.397,UTURN_EXECUTION,11.317,0.400,-0.446,44.30,0.280,-0.471,0.000,0.000,0.000,0.000,0.00,10.77566103,106.67093495,10.51,"10°46'32.38""N, 106°40'15.37""E",FIX,
09:50:22.475,1786243822.476,UTURN_EXECUTION,11.332,0.393,-0.475,44.30,0.280,-0.471,0.000,0.000,0.000,0.000,0.00,10.77566084,106.67093497,10.51,"10°46'32.38""N, 106°40'15.37""E",FIX,
09:50:22.550,1786243822.550,UTURN_EXECUTION,11.351,0.382,-0.512,44.30,0.280,-0.471,0.000,0.000,0.000,0.000,0.00,10.77566084,106.67093497,10.51,"10°46'32.38""N, 106°40'15.37""E",FIX,
09:50:22.619,1786243822.619,UTURN_EXECUTION,11.366,0.374,-0.541,44.30,0.280,-0.471,0.000,0.000,0.000,0.000,0.00,10.77566084,106.67093497,10.51,"10°46'32.38""N, 106°40'15.37""E",FIX,
09:50:22.703,1786243822.704,UTURN_EXECUTION,11.380,0.365,-0.569,44.30,0.280,-0.471,0.000,0.000,0.000,0.000,0.00,10.77566065,106.67093498,10.51,"10°46'32.38""N, 106°40'15.37""E",FIX,
09:50:22.783,1786243822.784,UTURN_EXECUTION,11.399,0.352,-0.607,44.30,0.280,-0.471,0.000,0.000,0.000,0.000,0.00,10.77566065,106.67093498,10.51,"10°46'32.38""N, 106°40'15.37""E",FIX,
09:50:22.862,1786243822.863,UTURN_EXECUTION,11.412,0.343,-0.635,44.30,0.280,-0.471,0.000,0.000,0.000,0.000,0.00,10.77566065,106.67093498,10.51,"10°46'32.38""N, 106°40'15.37""E",FIX,
09:50:22.938,1786243822.938,UTURN_EXECUTION,11.430,0.329,-0.673,44.30,0.280,-0.471,0.000,0.000,0.000,0.000,0.00,10.77566046,106.67093500,10.51,"10°46'32.38""N, 106°40'15.37""E",FIX,
09:50:23.007,1786243823.008,UTURN_EXECUTION,11.439,0.322,-0.691,44.30,0.280,-0.471,0.000,0.000,0.000,0.000,0.00,10.77566046,106.67093500,10.51,"10°46'32.38""N, 106°40'15.37""E",FIX,
09:50:23.081,1786243823.082,UTURN_EXECUTION,11.456,0.307,-0.729,44.30,0.280,-0.471,0.000,0.000,0.000,0.000,0.00,10.77566046,106.67093500,10.51,"10°46'32.38""N, 106°40'15.37""E",FIX,
09:50:23.156,1786243823.156,UTURN_EXECUTION,11.468,0.296,-0.757,44.30,0.280,-0.471,0.000,0.000,0.000,0.000,0.00,10.77566027,106.67093501,10.51,"10°46'32.38""N, 106°40'15.37""E",FIX,
09:50:23.238,1786243823.238,UTURN_EXECUTION,11.484,0.280,-0.795,44.30,0.280,-0.471,0.000,0.000,0.000,0.000,0.00,10.77566027,106.67093501,10.51,"10°46'32.38""N, 106°40'15.37""E",FIX,
09:50:23.317,1786243823.317,UTURN_EXECUTION,11.496,0.268,-0.823,44.30,0.280,-0.471,0.000,0.000,0.000,0.000,0.00,10.77566027,106.67093501,10.51,"10°46'32.38""N, 106°40'15.37""E",FIX,
09:50:23.391,1786243823.391,UTURN_EXECUTION,11.507,0.256,-0.852,44.30,0.280,-0.471,0.000,0.000,0.000,0.000,0.00,10.77566007,106.67093503,10.51,"10°46'32.38""N, 106°40'15.37""E",FIX,
09:50:23.460,1786243823.460,UTURN_EXECUTION,11.518,0.243,-0.880,44.30,0.280,-0.471,0.000,0.000,0.000,0.000,0.00,10.77566007,106.67093503,10.51,"10°46'32.38""N, 106°40'15.37""E",FIX,
09:50:23.532,1786243823.533,UTURN_EXECUTION,11.529,0.230,-0.908,44.30,0.280,-0.471,0.000,0.000,0.000,0.000,0.00,10.77566007,106.67093503,10.51,"10°46'32.38""N, 106°40'15.37""E",FIX,
09:50:23.627,1786243823.627,UTURN_EXECUTION,11.545,0.207,-0.955,44.30,0.280,-0.471,0.000,0.000,0.000,0.000,0.00,10.77565988,106.67093504,10.51,"10°46'32.38""N, 106°40'15.37""E",FIX,
09:50:23.697,1786243823.698,UTURN_EXECUTION,11.555,0.193,-0.984,44.30,0.280,-0.471,0.000,0.000,0.000,0.000,0.00,10.77565988,106.67093504,10.51,"10°46'32.38""N, 106°40'15.37""E",FIX,
09:50:23.779,1786243823.779,UTURN_EXECUTION,11.564,0.179,-1.012,44.30,0.280,-0.471,0.000,0.000,0.000,0.000,0.00,10.77565988,106.67093504,10.51,"10°46'32.38""N, 106°40'15.37""E",FIX,
09:50:23.853,1786243823.854,UTURN_EXECUTION,11.573,0.165,-1.040,44.30,0.280,-0.471,0.000,0.000,0.000,0.000,0.00,10.77565969,106.67093505,10.51,"10°46'32.37""N, 106°40'15.37""E",FIX,
09:50:23.919,1786243823.920,UTURN_EXECUTION,11.581,0.150,-1.068,44.30,0.280,-0.471,0.000,0.000,0.000,0.000,0.00,10.77565969,106.67093505,10.51,"10°46'32.37""N, 106°40'15.37""E",FIX,
09:50:23.991,1786243823.992,UTURN_EXECUTION,11.589,0.135,-1.097,44.30,0.280,-0.471,0.000,0.000,0.000,0.000,0.00,10.77565969,106.67093505,10.51,"10°46'32.37""N, 106°40'15.37""E",FIX,
09:50:24.076,1786243824.076,UTURN_EXECUTION,11.599,0.115,-1.134,44.30,0.280,-0.471,0.000,0.000,0.000,0.000,0.00,10.77565950,106.67093506,10.51,"10°46'32.37""N, 106°40'15.37""E",FIX,
09:50:24.151,1786243824.151,UTURN_EXECUTION,11.605,0.100,-1.163,44.30,0.280,-0.471,0.000,0.000,0.000,0.000,0.00,10.77565950,106.67093506,10.51,"10°46'32.37""N, 106°40'15.37""E",FIX,
09:50:24.227,1786243824.227,UTURN_EXECUTION,11.614,0.079,-1.200,44.30,0.280,-0.471,0.000,0.000,0.000,0.000,0.00,10.77565950,106.67093506,10.51,"10°46'32.37""N, 106°40'15.37""E",FIX,
09:50:24.297,1786243824.297,UTURN_EXECUTION,11.618,0.069,-1.219,44.30,0.280,-0.471,0.000,0.000,0.000,0.000,0.00,10.77565931,106.67093507,10.51,"10°46'32.37""N, 106°40'15.37""E",FIX,
09:50:24.383,1786243824.383,UTURN_EXECUTION,11.625,0.048,-1.257,44.30,0.280,-0.471,0.000,0.000,0.000,0.000,0.00,10.77565931,106.67093507,10.51,"10°46'32.37""N, 106°40'15.37""E",FIX,
09:50:24.457,1786243824.458,UTURN_EXECUTION,11.632,0.026,-1.294,44.30,0.280,-0.471,0.000,0.000,0.000,0.000,0.00,10.77565931,106.67093507,10.51,"10°46'32.37""N, 106°40'15.37""E",FIX,
09:50:24.534,1786243824.534,UTURN_EXECUTION,11.636,0.010,-1.323,44.30,0.280,-0.471,0.000,0.000,0.000,0.000,0.00,10.77565912,106.67093508,10.51,"10°46'32.37""N, 106°40'15.37""E",FIX,
09:50:24.587,1786243824.588,UTURN_EXECUTION,11.639,-0.001,-1.342,44.30,0.280,-0.471,0.000,0.000,0.000,0.000,0.00,10.77565912,106.67093508,10.51,"10°46'32.37""N, 106°40'15.37""E",FIX,
09:50:24.669,1786243824.670,UTURN_EXECUTION,11.643,-0.023,-1.379,44.30,0.280,-0.471,0.000,0.000,0.000,0.000,0.00,10.77565912,106.67093508,10.51,"10°46'32.37""N, 106°40'15.37""E",FIX,
09:50:24.748,1786243824.748,UTURN_EXECUTION,11.646,-0.039,-1.408,44.30,0.280,-0.471,0.000,0.000,0.000,0.000,0.00,10.77565893,106.67093509,10.51,"10°46'32.37""N, 106°40'15.37""E",FIX,
09:50:24.833,1786243824.833,UTURN_EXECUTION,11.650,-0.061,-1.445,44.30,0.280,-0.471,0.000,0.000,0.000,0.000,0.00,10.77565893,106.67093509,10.51,"10°46'32.37""N, 106°40'15.37""E",FIX,
09:50:24.908,1786243824.908,UTURN_EXECUTION,11.652,-0.084,-1.483,44.30,0.280,-0.471,0.000,0.000,0.000,0.000,0.00,10.77565893,106.67093509,10.51,"10°46'32.37""N, 106°40'15.37""E",FIX,
09:50:24.973,1786243824.974,UTURN_EXECUTION,11.653,-0.095,-1.502,44.30,0.280,-0.471,0.000,0.000,0.000,0.000,0.00,10.77565874,106.67093510,10.51,"10°46'32.37""N, 106°40'15.37""E",FIX,
09:50:25.057,1786243825.058,UTURN_EXECUTION,11.654,-0.117,-1.539,44.30,0.280,-0.471,0.000,0.000,0.000,0.000,0.00,10.77565874,106.67093510,10.51,"10°46'32.37""N, 106°40'15.37""E",FIX,
09:50:25.128,1786243825.129,UTURN_EXECUTION,11.654,-0.134,-1.568,44.30,0.280,-0.471,0.000,0.000,0.000,0.000,0.00,10.77565874,106.67093510,10.51,"10°46'32.37""N, 106°40'15.37""E",FIX,
09:50:25.194,1786243825.194,UTURN_EXECUTION,11.654,-0.151,-1.596,44.30,0.280,-0.471,0.000,0.000,0.000,0.000,0.00,10.77565854,106.67093511,10.51,"10°46'32.37""N, 106°40'15.37""E",FIX,
09:50:25.273,1786243825.274,UTURN_EXECUTION,11.653,-0.168,-1.624,44.30,0.280,-0.471,0.000,0.000,0.000,0.000,0.00,10.77565854,106.67093511,10.51,"10°46'32.37""N, 106°40'15.37""E",FIX,
09:50:25.364,1786243825.364,UTURN_EXECUTION,11.652,-0.190,-1.662,44.30,0.280,-0.471,0.000,0.000,0.000,0.000,0.00,10.77565854,106.67093511,10.51,"10°46'32.37""N, 106°40'15.37""E",FIX,
09:50:25.427,1786243825.428,UTURN_EXECUTION,11.650,-0.207,-1.690,44.30,0.280,-0.471,0.000,0.000,0.000,0.000,0.00,10.77565835,106.67093511,10.51,"10°46'32.37""N, 106°40'15.37""E",FIX,
09:50:25.504,1786243825.504,UTURN_EXECUTION,11.648,-0.223,-1.718,44.30,0.280,-0.471,0.000,0.000,0.000,0.000,0.00,10.77565835,106.67093511,10.51,"10°46'32.37""N, 106°40'15.37""E",FIX,
09:50:25.583,1786243825.584,UTURN_EXECUTION,11.644,-0.245,-1.756,44.30,0.280,-0.471,0.000,0.000,0.000,0.000,0.00,10.77565835,106.67093511,10.51,"10°46'32.37""N, 106°40'15.37""E",FIX,
09:50:25.665,1786243825.665,UTURN_EXECUTION,11.641,-0.262,-1.784,44.30,0.280,-0.471,0.000,0.000,0.000,0.000,0.00,10.77565816,106.67093512,10.51,"10°46'32.37""N, 106°40'15.37""E",FIX,
09:50:25.751,1786243825.752,UTURN_EXECUTION,11.636,-0.284,-1.822,44.30,0.280,-0.471,0.000,0.000,0.000,0.000,0.00,10.77565816,106.67093512,10.51,"10°46'32.37""N, 106°40'15.37""E",FIX,
09:50:25.834,1786243825.835,UTURN_EXECUTION,11.631,-0.300,-1.850,44.30,0.280,-0.471,0.000,0.000,0.000,0.000,0.00,10.77565816,106.67093512,10.51,"10°46'32.37""N, 106°40'15.37""E",FIX,
09:50:25.898,1786243825.898,UTURN_EXECUTION,11.626,-0.316,-1.879,44.30,0.280,-0.471,0.000,0.000,0.000,0.000,0.00,10.77565797,106.67093513,10.51,"10°46'32.37""N, 106°40'15.37""E",FIX,
09:50:25.983,1786243825.983,UTURN_EXECUTION,11.621,-0.332,-1.907,44.30,0.280,-0.471,0.000,0.000,0.000,0.000,0.00,10.77565797,106.67093513,10.51,"10°46'32.37""N, 106°40'15.37""E",FIX,
09:50:26.060,1786243826.061,UTURN_EXECUTION,11.615,-0.348,-1.935,44.30,0.280,-0.471,0.000,0.000,0.000,0.000,0.00,10.77565797,106.67093513,10.51,"10°46'32.37""N, 106°40'15.37""E",FIX,
09:50:26.150,1786243826.150,UTURN_EXECUTION,11.607,-0.368,-1.973,44.30,0.280,-0.471,0.000,0.000,0.000,0.000,0.00,10.77565778,106.67093513,10.51,"10°46'32.37""N, 106°40'15.37""E",FIX,
09:50:26.221,1786243826.221,UTURN_EXECUTION,11.600,-0.384,-2.001,44.30,0.280,-0.471,0.000,0.000,0.000,0.000,0.00,10.77565778,106.67093513,10.51,"10°46'32.37""N, 106°40'15.37""E",FIX,
09:50:26.290,1786243826.291,UTURN_EXECUTION,11.593,-0.399,-2.029,44.30,0.280,-0.471,0.000,0.000,0.000,0.000,0.00,10.77565778,106.67093513,10.51,"10°46'32.37""N, 106°40'15.37""E",FIX,
09:50:26.374,1786243826.375,UTURN_EXECUTION,11.583,-0.419,-2.067,44.30,0.280,-0.471,0.000,0.000,0.000,0.000,0.00,10.77565759,106.67093514,10.51,"10°46'32.37""N, 106°40'15.37""E",FIX,
09:50:26.459,1786243826.459,UTURN_EXECUTION,11.572,-0.438,-2.105,44.30,0.280,-0.471,0.000,0.000,0.000,0.000,0.00,10.77565759,106.67093514,10.51,"10°46'32.37""N, 106°40'15.37""E",FIX,
09:50:26.513,1786243826.514,UTURN_EXECUTION,11.566,-0.448,-2.124,44.30,0.280,-0.471,0.000,0.000,0.000,0.000,0.00,10.77565759,106.67093514,10.51,"10°46'32.37""N, 106°40'15.37""E",FIX,
09:50:26.593,1786243826.594,UTURN_EXECUTION,11.554,-0.467,-2.161,44.30,0.280,-0.471,0.000,0.000,0.000,0.000,0.00,10.77565740,106.67093514,10.51,"10°46'32.37""N, 106°40'15.37""E",FIX,
09:50:26.670,1786243826.671,UTURN_EXECUTION,11.544,-0.481,-2.190,44.30,0.280,-0.471,0.000,0.000,0.000,0.000,0.00,10.77565740,106.67093514,10.51,"10°46'32.37""N, 106°40'15.37""E",FIX,
09:50:26.761,1786243826.761,UTURN_EXECUTION,11.531,-0.499,-2.227,44.30,0.280,-0.471,0.000,0.000,0.000,0.000,0.00,10.77565740,106.67093514,10.51,"10°46'32.37""N, 106°40'15.37""E",FIX,
09:50:26.829,1786243826.829,UTURN_EXECUTION,11.520,-0.512,-2.255,44.30,0.280,-0.471,0.000,0.000,0.000,0.000,0.00,10.77565721,106.67093515,10.51,"10°46'32.37""N, 106°40'15.37""E",FIX,
09:50:26.904,1786243826.905,UTURN_EXECUTION,11.510,-0.525,-2.284,44.30,0.280,-0.471,0.000,0.000,0.000,0.000,0.00,10.77565721,106.67093515,10.51,"10°46'32.37""N, 106°40'15.37""E",FIX,
09:50:26.984,1786243826.985,UTURN_EXECUTION,11.498,-0.537,-2.312,44.30,0.280,-0.471,0.000,0.000,0.000,0.000,0.00,10.77565721,106.67093515,10.51,"10°46'32.37""N, 106°40'15.37""E",FIX,
09:50:27.061,1786243827.062,UTURN_EXECUTION,11.487,-0.549,-2.340,44.30,0.280,-0.471,0.000,0.000,0.000,0.000,0.00,10.77565721,106.67093515,10.51,"10°46'32.37""N, 106°40'15.37""E",FIX,
09:50:27.147,1786243827.148,UTURN_EXECUTION,11.471,-0.565,-2.378,44.30,0.280,-0.471,0.000,0.000,0.000,0.000,0.00,10.77565701,106.67093515,10.51,"10°46'32.37""N, 106°40'15.37""E",FIX,
09:50:27.219,1786243827.220,UTURN_EXECUTION,11.455,-0.580,-2.416,44.30,0.280,-0.471,0.000,0.000,0.000,0.000,0.00,10.77565701,106.67093515,10.51,"10°46'32.37""N, 106°40'15.37""E",FIX,
09:50:27.292,1786243827.292,UTURN_EXECUTION,11.442,-0.591,-2.444,44.30,0.280,-0.471,0.000,0.000,0.000,0.000,0.00,10.77565682,106.67093516,10.51,"10°46'32.36""N, 106°40'15.37""E",FIX,
09:50:27.371,1786243827.372,UTURN_EXECUTION,11.429,-0.602,-2.472,44.30,0.280,-0.471,0.000,0.000,0.000,0.000,0.00,10.77565682,106.67093516,10.51,"10°46'32.36""N, 106°40'15.37""E",FIX,
09:50:27.446,1786243827.447,UTURN_EXECUTION,11.411,-0.616,-2.510,44.30,0.280,-0.471,0.000,0.000,0.000,0.000,0.00,10.77565682,106.67093516,10.51,"10°46'32.36""N, 106°40'15.37""E",FIX,
09:50:27.519,1786243827.519,UTURN_EXECUTION,11.402,-0.622,-2.529,44.30,0.280,-0.471,0.000,0.000,0.000,0.000,0.00,10.77565682,106.67093516,10.51,"10°46'32.36""N, 106°40'15.37""E",FIX,
09:50:27.586,1786243827.586,UTURN_EXECUTION,11.388,-0.632,-2.557,44.30,0.280,-0.471,0.000,0.000,0.000,0.000,0.00,10.77565663,106.67093516,10.51,"10°46'32.36""N, 106°40'15.37""E",FIX,
09:50:27.665,1786243827.665,UTURN_EXECUTION,11.369,-0.644,-2.595,44.30,0.280,-0.471,0.000,0.000,0.000,0.000,0.00,10.77565663,106.67093516,10.51,"10°46'32.36""N, 106°40'15.37""E",FIX,
09:50:27.750,1786243827.750,UTURN_EXECUTION,11.355,-0.652,-2.623,44.30,0.280,-0.471,0.000,0.000,0.000,0.000,0.00,10.77565663,106.67093516,10.51,"10°46'32.36""N, 106°40'15.37""E",FIX,
09:50:27.827,1786243827.827,UTURN_EXECUTION,11.335,-0.663,-2.661,44.30,0.280,-0.471,0.000,0.000,0.000,0.000,0.00,10.77565644,106.67093517,10.51,"10°46'32.36""N, 106°40'15.37""E",FIX,
09:50:27.905,1786243827.906,UTURN_EXECUTION,11.320,-0.670,-2.689,44.30,0.280,-0.471,0.000,0.000,0.000,0.000,0.00,10.77565644,106.67093517,10.51,"10°46'32.36""N, 106°40'15.37""E",FIX,
09:50:27.980,1786243827.981,UTURN_EXECUTION,11.300,-0.680,-2.727,44.30,0.280,-0.471,0.000,0.000,0.000,0.000,0.00,10.77565625,106.67093517,10.51,"10°46'32.36""N, 106°40'15.37""E",FIX,
09:50:28.056,1786243828.056,UTURN_EXECUTION,11.284,-0.686,-2.755,44.30,0.280,-0.471,0.000,0.000,0.000,0.000,0.00,10.77565625,106.67093517,10.51,"10°46'32.36""N, 106°40'15.37""E",FIX,
09:50:28.119,1786243828.120,UTURN_EXECUTION,11.274,-0.690,-2.774,44.30,0.280,-0.471,0.000,0.000,0.000,0.000,0.00,10.77565625,106.67093517,10.51,"10°46'32.36""N, 106°40'15.37""E",FIX,
09:50:28.202,1786243828.202,UTURN_EXECUTION,11.253,-0.698,-2.811,44.30,0.280,-0.471,0.000,0.000,0.000,0.000,0.00,10.77565625,106.67093517,10.51,"10°46'32.36""N, 106°40'15.37""E",FIX,
09:50:28.266,1786243828.266,UTURN_EXECUTION,11.237,-0.703,-2.840,44.30,0.280,-0.471,0.000,0.000,0.000,0.000,0.00,10.77565606,106.67093517,10.51,"10°46'32.36""N, 106°40'15.37""E",FIX,
09:50:28.358,1786243828.359,UTURN_EXECUTION,11.215,-0.710,-2.877,44.30,0.280,-0.471,0.000,0.000,0.000,0.000,0.00,10.77565606,106.67093517,10.51,"10°46'32.36""N, 106°40'15.37""E",FIX,
09:50:28.435,1786243828.435,UTURN_EXECUTION,11.199,-0.714,-2.906,44.30,0.280,-0.471,0.000,0.000,0.000,0.000,0.00,10.77565606,106.67093517,10.51,"10°46'32.36""N, 106°40'15.37""E",FIX,
09:50:28.506,1786243828.506,UTURN_EXECUTION,11.183,-0.717,-2.934,44.30,0.280,-0.471,0.000,0.000,0.000,0.000,0.00,10.77565587,106.67093518,10.51,"10°46'32.36""N, 106°40'15.37""E",FIX,
09:50:28.579,1786243828.580,UTURN_EXECUTION,11.166,-0.721,-2.962,44.30,0.280,-0.471,0.000,0.000,0.000,0.000,0.00,10.77565587,106.67093518,10.51,"10°46'32.36""N, 106°40'15.37""E",FIX,
09:50:28.669,1786243828.670,UTURN_EXECUTION,11.144,-0.724,-3.000,44.30,0.280,-0.471,0.000,0.000,0.000,0.000,0.00,10.77565587,106.67093518,10.51,"10°46'32.36""N, 106°40'15.37""E",FIX,
09:50:28.740,1786243828.740,UTURN_EXECUTION,11.127,-0.726,-3.028,44.30,0.280,-0.471,0.000,0.000,0.000,0.000,0.00,10.77565567,106.67093518,10.51,"10°46'32.36""N, 106°40'15.37""E",FIX,
09:50:28.812,1786243828.812,UTURN_EXECUTION,11.111,-0.728,-3.056,44.30,0.280,-0.471,0.000,0.000,0.000,0.000,0.00,10.77565567,106.67093518,10.51,"10°46'32.36""N, 106°40'15.37""E",FIX,
09:50:28.893,1786243828.894,UTURN_EXECUTION,11.088,-0.730,-3.094,44.30,0.280,-0.471,0.000,0.000,0.000,0.000,0.00,10.77565567,106.67093518,10.51,"10°46'32.36""N, 106°40'15.37""E",FIX,
09:50:28.960,1786243828.961,UTURN_EXECUTION,11.071,-0.730,-3.122,44.30,0.280,-0.471,0.000,0.000,0.000,0.000,0.00,10.77565548,106.67093518,10.51,"10°46'32.36""N, 106°40'15.37""E",FIX,
09:50:29.044,1786243829.044,UTURN_EXECUTION,11.049,-0.730,3.123,44.30,0.280,-0.471,0.000,0.000,0.000,0.000,0.00,10.77565548,106.67093518,10.51,"10°46'32.36""N, 106°40'15.37""E",FIX,
09:50:29.115,1786243829.115,UTURN_EXECUTION,11.032,-0.730,3.095,44.30,0.280,-0.471,0.000,0.000,0.000,0.000,0.00,10.77565548,106.67093518,10.51,"10°46'32.36""N, 106°40'15.37""E",FIX,
09:50:29.200,1786243829.200,UTURN_EXECUTION,11.015,-0.729,3.067,44.30,0.280,-0.471,0.000,0.000,0.000,0.000,0.00,10.77565529,106.67093518,10.51,"10°46'32.36""N, 106°40'15.37""E",FIX,
09:50:29.272,1786243829.272,UTURN_EXECUTION,10.999,-0.727,3.038,44.30,0.280,-0.471,0.000,0.000,0.000,0.000,0.00,10.77565529,106.67093518,10.51,"10°46'32.36""N, 106°40'15.37""E",FIX,
09:50:29.359,1786243829.359,UTURN_EXECUTION,10.982,-0.725,3.010,44.30,0.280,-0.471,0.000,0.000,0.000,0.000,0.00,10.77565529,106.67093518,10.51,"10°46'32.36""N, 106°40'15.37""E",FIX,
09:50:29.436,1786243829.436,UTURN_EXECUTION,10.960,-0.722,2.972,44.30,0.280,-0.471,0.000,0.000,0.000,0.000,0.00,10.77565510,106.67093519,10.51,"10°46'32.36""N, 106°40'15.37""E",FIX,
09:50:29.515,1786243829.516,UTURN_EXECUTION,10.943,-0.719,2.944,44.30,0.280,-0.471,0.000,0.000,0.000,0.000,0.00,10.77565510,106.67093519,10.51,"10°46'32.36""N, 106°40'15.37""E",FIX,
09:50:29.592,1786243829.592,UTURN_EXECUTION,10.922,-0.714,2.906,44.30,0.280,-0.471,0.000,0.000,0.000,0.000,0.00,10.77565510,106.67093519,10.51,"10°46'32.36""N, 106°40'15.37""E",FIX,
09:50:29.674,1786243829.674,UTURN_EXECUTION,10.905,-0.710,2.878,44.30,0.280,-0.471,0.000,0.000,0.000,0.000,0.00,10.77565491,106.67093519,10.51,"10°46'32.36""N, 106°40'15.37""E",FIX,
09:50:29.739,1786243829.740,UTURN_EXECUTION,10.889,-0.705,2.850,44.30,0.280,-0.471,0.000,0.000,0.000,0.000,0.00,10.77565491,106.67093519,10.51,"10°46'32.36""N, 106°40'15.37""E",FIX,
09:50:29.826,1786243829.826,UTURN_EXECUTION,10.868,-0.698,2.812,44.30,0.280,-0.471,0.000,0.000,0.000,0.000,0.00,10.77565491,106.67093519,10.51,"10°46'32.36""N, 106°40'15.37""E",FIX,
09:50:29.910,1786243829.910,UTURN_EXECUTION,10.852,-0.693,2.784,44.30,0.280,-0.471,0.000,0.000,0.000,0.000,0.00,10.77565472,106.67093519,10.51,"10°46'32.36""N, 106°40'15.37""E",FIX,
09:50:29.978,1786243829.978,UTURN_EXECUTION,10.836,-0.687,2.756,44.30,0.280,-0.471,0.000,0.000,0.000,0.000,0.00,10.77565472,106.67093519,10.51,"10°46'32.36""N, 106°40'15.37""E",FIX,
09:50:30.049,1786243830.050,UTURN_EXECUTION,10.821,-0.680,2.727,44.30,0.280,-0.471,0.000,0.000,0.000,0.000,0.00,10.77565472,106.67093519,10.51,"10°46'32.36""N, 106°40'15.37""E",FIX,
09:50:30.125,1786243830.125,UTURN_EXECUTION,10.806,-0.673,2.699,44.30,0.280,-0.471,0.000,0.000,0.000,0.000,0.00,10.77565453,106.67093519,10.51,"10°46'32.36""N, 106°40'15.37""E",FIX,
09:50:30.229,1786243830.229,UTURN_EXECUTION,10.785,-0.663,2.661,44.30,0.280,-0.471,0.000,0.000,0.000,0.000,0.00,10.77565453,106.67093519,10.51,"10°46'32.36""N, 106°40'15.37""E",FIX,
09:50:30.321,1786243830.321,UTURN_EXECUTION,10.766,-0.652,2.624,44.30,0.280,-0.471,0.000,0.000,0.000,0.000,0.00,10.77565453,106.67093519,10.51,"10°46'32.36""N, 106°40'15.37""E",FIX,
09:50:30.408,1786243830.409,UTURN_EXECUTION,10.751,-0.644,2.596,44.30,0.280,-0.471,0.000,0.000,0.000,0.000,0.00,10.77565434,106.67093520,10.51,"10°46'32.36""N, 106°40'15.37""E",FIX,
09:50:30.479,1786243830.480,UTURN_EXECUTION,10.737,-0.635,2.567,44.30,0.280,-0.471,0.000,0.000,0.000,0.000,0.00,10.77565434,106.67093520,10.51,"10°46'32.36""N, 106°40'15.37""E",FIX,
09:50:30.572,1786243830.572,UTURN_EXECUTION,10.719,-0.622,2.530,44.30,0.280,-0.471,0.000,0.000,0.000,0.000,0.00,10.77565434,106.67093520,10.51,"10°46'32.36""N, 106°40'15.37""E",FIX,
09:50:30.648,1786243830.649,UTURN_EXECUTION,10.705,-0.613,2.501,44.30,0.280,-0.471,0.000,0.000,0.000,0.000,0.00,10.77565414,106.67093520,10.51,"10°46'32.35""N, 106°40'15.37""E",FIX,
09:50:30.710,1786243830.710,UTURN_EXECUTION,10.692,-0.602,2.473,44.30,0.280,-0.471,0.000,0.000,0.000,0.000,0.00,10.77565414,106.67093520,10.51,"10°46'32.35""N, 106°40'15.37""E",FIX,
09:50:30.781,1786243830.781,UTURN_EXECUTION,10.679,-0.592,2.445,44.30,0.280,-0.471,0.000,0.000,0.000,0.000,0.00,10.77565414,106.67093520,10.51,"10°46'32.35""N, 106°40'15.37""E",FIX,
09:50:30.866,1786243830.867,UTURN_EXECUTION,10.662,-0.577,2.407,44.30,0.280,-0.471,0.000,0.000,0.000,0.000,0.00,10.77565395,106.67093520,10.51,"10°46'32.35""N, 106°40'15.37""E",FIX,
09:50:30.937,1786243830.937,UTURN_EXECUTION,10.649,-0.566,2.379,44.30,0.280,-0.471,0.000,0.000,0.000,0.000,0.00,10.77565395,106.67093520,10.51,"10°46'32.35""N, 106°40'15.37""E",FIX,
09:50:31.007,1786243831.008,UTURN_EXECUTION,10.637,-0.554,2.351,44.30,0.280,-0.471,0.000,0.000,0.000,0.000,0.00,10.77565395,106.67093520,10.51,"10°46'32.35""N, 106°40'15.37""E",FIX,
09:50:31.076,1786243831.076,UTURN_EXECUTION,10.626,-0.542,2.322,44.30,0.280,-0.471,0.000,0.000,0.000,0.000,0.00,10.77565376,106.67093520,10.51,"10°46'32.35""N, 106°40'15.37""E",FIX,
09:50:31.150,1786243831.150,UTURN_EXECUTION,10.614,-0.529,2.294,44.30,0.280,-0.471,0.000,0.000,0.000,0.000,0.00,10.77565376,106.67093520,10.51,"10°46'32.35""N, 106°40'15.37""E",FIX,
09:50:31.243,1786243831.243,UTURN_EXECUTION,10.600,-0.512,2.256,44.30,0.280,-0.471,0.000,0.000,0.000,0.000,0.00,10.77565376,106.67093520,10.51,"10°46'32.35""N, 106°40'15.37""E",FIX,
09:50:31.303,1786243831.303,UTURN_EXECUTION,10.589,-0.499,2.228,44.30,0.280,-0.471,0.000,0.000,0.000,0.000,0.00,10.77565357,106.67093520,10.51,"10°46'32.35""N, 106°40'15.37""E",FIX,
09:50:31.376,1786243831.377,UTURN_EXECUTION,10.579,-0.486,2.200,44.30,0.280,-0.471,0.000,0.000,0.000,0.000,0.00,10.77565357,106.67093520,10.51,"10°46'32.35""N, 106°40'15.37""E",FIX,
09:50:31.467,1786243831.468,UTURN_EXECUTION,10.570,-0.472,2.172,44.30,0.280,-0.471,0.000,0.000,0.000,0.000,0.00,10.77565357,106.67093520,10.51,"10°46'32.35""N, 106°40'15.37""E",FIX,
09:50:31.539,1786243831.540,UTURN_EXECUTION,10.557,-0.453,2.134,44.30,0.280,-0.471,0.000,0.000,0.000,0.000,0.00,10.77565338,106.67093520,10.51,"10°46'32.35""N, 106°40'15.37""E",FIX,
09:50:31.607,1786243831.607,UTURN_EXECUTION,10.549,-0.439,2.106,44.30,0.280,-0.471,0.000,0.000,0.000,0.000,0.00,10.77565338,106.67093520,10.51,"10°46'32.35""N, 106°40'15.37""E",FIX,
09:50:31.691,1786243831.691,UTURN_EXECUTION,10.538,-0.419,2.068,44.30,0.280,-0.471,0.000,0.000,0.000,0.000,0.00,10.77565338,106.67093520,10.51,"10°46'32.35""N, 106°40'15.37""E",FIX,
09:50:31.766,1786243831.767,UTURN_EXECUTION,10.530,-0.404,2.040,44.30,0.280,-0.471,0.000,0.000,0.000,0.000,0.00,10.77565319,106.67093520,10.51,"10°46'32.35""N, 106°40'15.37""E",FIX,
09:50:31.836,1786243831.837,UTURN_EXECUTION,10.522,-0.389,2.011,44.30,0.280,-0.471,0.000,0.000,0.000,0.000,0.00,10.77565319,106.67093520,10.51,"10°46'32.35""N, 106°40'15.37""E",FIX,
09:50:31.907,1786243831.908,UTURN_EXECUTION,10.515,-0.374,1.983,44.30,0.280,-0.471,0.000,0.000,0.000,0.000,0.00,10.77565319,106.67093520,10.51,"10°46'32.35""N, 106°40'15.37""E",FIX,
09:50:31.994,1786243831.994,UTURN_EXECUTION,10.507,-0.353,1.945,44.30,0.280,-0.471,0.000,0.000,0.000,0.000,0.00,10.77565300,106.67093520,10.51,"10°46'32.35""N, 106°40'15.37""E",FIX,
09:50:32.061,1786243832.061,UTURN_EXECUTION,10.501,-0.338,1.917,44.30,0.280,-0.471,0.000,0.000,0.000,0.000,0.00,10.77565300,106.67093520,10.51,"10°46'32.35""N, 106°40'15.37""E",FIX,
09:50:32.140,1786243832.141,UTURN_EXECUTION,10.495,-0.322,1.889,44.30,0.280,-0.471,0.000,0.000,0.000,0.000,0.00,10.77565300,106.67093520,10.51,"10°46'32.35""N, 106°40'15.37""E",FIX,
09:50:32.214,1786243832.214,UTURN_EXECUTION,10.490,-0.306,1.861,44.30,0.280,-0.471,0.000,0.000,0.000,0.000,0.00,10.77565281,106.67093521,10.51,"10°46'32.35""N, 106°40'15.37""E",FIX,
09:50:32.301,1786243832.301,UTURN_EXECUTION,10.484,-0.284,1.823,44.30,0.280,-0.471,0.000,0.000,0.000,0.000,0.00,10.77565281,106.67093521,10.51,"10°46'32.35""N, 106°40'15.37""E",FIX,
09:50:32.379,1786243832.379,UTURN_EXECUTION,10.479,-0.262,1.785,44.30,0.280,-0.471,0.000,0.000,0.000,0.000,0.00,10.77565281,106.67093521,10.51,"10°46'32.35""N, 106°40'15.37""E",FIX,
09:50:32.456,1786243832.456,UTURN_EXECUTION,10.476,-0.246,1.757,44.30,0.280,-0.471,0.000,0.000,0.000,0.000,0.00,10.77565261,106.67093521,10.51,"10°46'32.35""N, 106°40'15.37""E",FIX,
09:50:32.525,1786243832.526,UTURN_EXECUTION,10.473,-0.229,1.729,44.30,0.280,-0.471,0.000,0.000,0.000,0.000,0.00,10.77565261,106.67093521,10.51,"10°46'32.35""N, 106°40'15.37""E",FIX,
09:50:32.599,1786243832.600,UTURN_EXECUTION,10.471,-0.213,1.700,44.30,0.280,-0.471,0.000,0.000,0.000,0.000,0.00,10.77565261,106.67093521,10.51,"10°46'32.35""N, 106°40'15.37""E",FIX,
09:50:32.681,1786243832.682,UTURN_EXECUTION,10.468,-0.190,1.663,44.30,0.280,-0.471,0.000,0.000,0.000,0.000,0.00,10.77565242,106.67093521,10.51,"10°46'32.35""N, 106°40'15.37""E",FIX,
09:50:32.743,1786243832.744,UTURN_EXECUTION,10.467,-0.179,1.644,44.30,0.280,-0.471,0.000,0.000,0.000,0.000,0.00,10.77565242,106.67093521,10.51,"10°46'32.35""N, 106°40'15.37""E",FIX,
09:50:32.817,1786243832.817,UTURN_EXECUTION,10.466,-0.157,1.606,44.30,0.280,-0.471,0.000,0.000,0.000,0.000,0.00,10.77565242,106.67093521,10.51,"10°46'32.35""N, 106°40'15.37""E",FIX,
09:50:32.914,1786243832.914,UTURN_EXECUTION,10.466,-0.140,1.578,44.30,0.280,-0.471,0.000,0.000,0.000,0.000,0.00,10.77565223,106.67093521,10.51,"10°46'32.35""N, 106°40'15.37""E",FIX,
09:50:33.006,1786243833.006,UTURN_EXECUTION,10.466,-0.118,1.540,44.30,0.280,-0.471,0.000,0.000,0.000,0.000,0.00,10.77565223,106.67093521,10.51,"10°46'32.35""N, 106°40'15.37""E",FIX,
09:50:33.070,1786243833.071,UTURN_EXECUTION,10.467,-0.101,1.512,44.30,0.280,-0.471,0.000,0.000,0.000,0.000,0.00,10.77565223,106.67093521,10.51,"10°46'32.35""N, 106°40'15.37""E",FIX,
09:50:33.145,1786243833.146,UTURN_EXECUTION,10.468,-0.084,1.484,44.30,0.280,-0.471,0.000,0.000,0.000,0.000,0.00,10.77565204,106.67093521,10.51,"10°46'32.35""N, 106°40'15.37""E",FIX,
09:50:33.228,1786243833.228,UTURN_EXECUTION,10.470,-0.068,1.455,44.30,0.280,-0.471,0.000,0.000,0.000,0.000,0.00,10.77565204,106.67093521,10.51,"10°46'32.35""N, 106°40'15.37""E",FIX,
09:50:33.315,1786243833.315,UTURN_EXECUTION,10.473,-0.045,1.418,44.30,0.280,-0.471,0.000,0.000,0.000,0.000,0.00,10.77565204,106.67093521,10.51,"10°46'32.35""N, 106°40'15.37""E",FIX,
09:50:33.384,1786243833.385,UTURN_EXECUTION,10.475,-0.029,1.389,44.30,0.280,-0.471,0.000,0.000,0.000,0.000,0.00,10.77565185,106.67093521,10.51,"10°46'32.35""N, 106°40'15.37""E",FIX,
09:50:33.492,1786243833.493,UTURN_EXECUTION,10.480,-0.007,1.352,44.30,0.280,-0.471,0.000,0.000,0.000,0.000,0.00,10.77565185,106.67093521,10.51,"10°46'32.35""N, 106°40'15.37""E",FIX,
09:50:33.580,1786243833.581,UTURN_EXECUTION,10.484,0.010,1.324,44.30,0.280,-0.471,0.000,0.000,0.000,0.000,0.00,10.77565185,106.67093521,10.51,"10°46'32.35""N, 106°40'15.37""E",FIX,
09:50:33.658,1786243833.658,UTURN_EXECUTION,10.488,0.026,1.295,44.30,0.280,-0.471,0.000,0.000,0.000,0.000,0.00,10.77565166,106.67093521,10.51,"10°46'32.35""N, 106°40'15.37""E",FIX,
09:50:33.748,1786243833.748,UTURN_EXECUTION,10.495,0.047,1.258,44.30,0.280,-0.471,0.000,0.000,0.000,0.000,0.00,10.77565166,106.67093521,10.51,"10°46'32.35""N, 106°40'15.37""E",FIX,
09:50:33.836,1786243833.837,UTURN_EXECUTION,10.500,0.063,1.229,44.30,0.280,-0.471,0.000,0.000,0.000,0.000,0.00,10.77565166,106.67093521,10.51,"10°46'32.35""N, 106°40'15.37""E",FIX,
09:50:33.919,1786243833.919,UTURN_EXECUTION,10.506,0.079,1.201,44.30,0.280,-0.471,0.000,0.000,0.000,0.000,0.00,10.77565147,106.67093521,10.51,"10°46'32.35""N, 106°40'15.37""E",FIX,
09:50:34.012,1786243834.012,UTURN_EXECUTION,10.514,0.100,1.163,44.30,0.280,-0.471,0.000,0.000,0.000,0.000,0.00,10.77565147,106.67093521,10.51,"10°46'32.35""N, 106°40'15.37""E",FIX,
09:50:34.080,1786243834.081,UTURN_EXECUTION,10.519,0.110,1.145,44.30,0.280,-0.471,0.000,0.000,0.000,0.000,0.00,10.77565147,106.67093521,10.51,"10°46'32.35""N, 106°40'15.37""E",FIX,
09:50:34.175,1786243834.175,UTURN_EXECUTION,10.528,0.130,1.107,44.30,0.280,-0.471,0.000,0.000,0.000,0.000,0.00,10.77565127,106.67093521,10.51,"10°46'32.34""N, 106°40'15.37""E",FIX,
09:50:34.255,1786243834.255,UTURN_EXECUTION,10.536,0.145,1.079,44.30,0.280,-0.471,0.000,0.000,0.000,0.000,0.00,10.77565127,106.67093521,10.51,"10°46'32.34""N, 106°40'15.37""E",FIX,
09:50:34.333,1786243834.333,UTURN_EXECUTION,10.547,0.165,1.041,44.30,0.280,-0.471,0.000,0.000,0.000,0.000,0.00,10.77565127,106.67093521,10.51,"10°46'32.34""N, 106°40'15.37""E",FIX,
09:50:34.395,1786243834.395,UTURN_EXECUTION,10.556,0.179,1.013,44.30,0.280,-0.471,0.000,0.000,0.000,0.000,0.00,10.77565108,106.67093521,10.51,"10°46'32.34""N, 106°40'15.37""E",FIX,
09:50:34.481,1786243834.481,UTURN_EXECUTION,10.565,0.193,0.984,44.30,0.280,-0.471,0.000,0.000,0.000,0.000,0.00,10.77565108,106.67093521,10.51,"10°46'32.34""N, 106°40'15.37""E",FIX,
09:50:34.562,1786243834.563,UTURN_EXECUTION,10.578,0.211,0.947,44.30,0.280,-0.471,0.000,0.000,0.000,0.000,0.00,10.77565108,106.67093521,10.51,"10°46'32.34""N, 106°40'15.37""E",FIX,
09:50:34.621,1786243834.622,UTURN_EXECUTION,10.584,0.220,0.928,44.30,0.280,-0.471,0.000,0.000,0.000,0.000,0.00,10.77565108,106.67093521,10.51,"10°46'32.34""N, 106°40'15.37""E",FIX,
09:50:34.709,1786243834.709,UTURN_EXECUTION,10.598,0.238,0.890,44.30,0.280,-0.471,0.000,0.000,0.000,0.000,0.00,10.77565089,106.67093521,10.51,"10°46'32.34""N, 106°40'15.37""E",FIX,
09:50:34.777,1786243834.778,UTURN_EXECUTION,10.609,0.251,0.862,44.30,0.280,-0.471,0.000,0.000,0.000,0.000,0.00,10.77565089,106.67093521,10.51,"10°46'32.34""N, 106°40'15.37""E",FIX,
09:50:34.849,1786243834.849,UTURN_EXECUTION,10.620,0.264,0.834,44.30,0.280,-0.471,0.000,0.000,0.000,0.000,0.00,10.77565089,106.67093521,10.51,"10°46'32.34""N, 106°40'15.37""E",FIX,
