Time,Unix_Timestamp,FSM_State,Pos_X_m,Pos_Y_m,Yaw_rad,Steer_Angle_deg,Linear_Vel_mps,Angular_Vel_radps,IMU_Yaw_rad,IMU_Angular_Vel_z,IMU_Accel_x,Confidence,Dist_Traveled_m,GPS_Latitude,GPS_Longitude,GPS_Altitude_m,GPS_DMS,GPS_Status,Event
09:54:24.806,1786244064.806,TRACKING,-0.000,0.000,-0.000,0.00,0.450,-0.000,0.000,0.000,0.000,0.000,0.00,10.77566700,106.67088900,10.00,"10°46'32.40""N, 106°40'15.20""E",ODOM_ESTIMATED,
09:54:24.820,1786244064.821,TRACKING,-0.000,0.000,-0.000,0.00,0.450,-0.000,0.000,0.000,0.000,0.000,0.00,10.77567062,106.67087529,10.51,"10°46'32.41""N, 106°40'15.15""E",FIX,
09:54:24.834,1786244064.834,TRACKING,-0.000,0.000,-0.000,0.00,0.450,-0.000,0.000,0.000,0.000,0.000,0.00,10.77567062,106.67087529,10.51,"10°46'32.41""N, 106°40'15.15""E",FIX,
09:54:24.844,1786244064.844,TRACKING,-0.000,0.000,-0.000,0.00,0.450,-0.000,0.000,0.000,0.000,0.000,0.00,10.77567062,106.67087529,10.51,"10°46'32.41""N, 106°40'15.15""E",FIX,
09:54:24.855,1786244064.855,TRACKING,-0.000,0.000,-0.000,0.00,0.450,-0.000,0.000,0.000,0.000,0.000,0.00,10.77567062,106.67087529,10.51,"10°46'32.41""N, 106°40'15.15""E",FIX,
09:54:24.868,1786244064.868,TRACKING,-0.000,0.000,-0.000,0.00,0.450,-0.000,0.000,0.000,0.000,0.000,0.00,10.77567062,106.67087529,10.51,"10°46'32.41""N, 106°40'15.15""E",FIX,
09:54:24.884,1786244064.884,TRACKING,0.004,-0.000,-0.000,0.00,0.450,-0.000,0.000,0.000,0.000,0.000,0.00,10.77567062,106.67087529,10.51,"10°46'32.41""N, 106°40'15.15""E",FIX,
09:54:24.972,1786244064.972,TRACKING,0.049,-0.000,-0.000,0.00,0.450,-0.000,0.000,0.000,0.000,0.000,0.05,10.77567062,106.67087529,10.51,"10°46'32.41""N, 106°40'15.15""E",FIX,
09:54:25.035,1786244065.035,TRACKING,0.076,-0.000,-0.000,0.00,0.450,-0.000,0.000,0.000,0.000,0.000,0.08,10.77567062,106.67087555,10.51,"10°46'32.41""N, 106°40'15.15""E",FIX,
09:54:25.120,1786244065.120,TRACKING,0.103,-0.000,-0.000,0.00,0.450,-0.000,0.000,0.000,0.000,0.000,0.10,10.77567062,106.67087555,10.51,"10°46'32.41""N, 106°40'15.15""E",FIX,
09:54:25.207,1786244065.208,TRACKING,0.139,-0.000,-0.000,0.00,0.450,-0.000,0.000,0.000,0.000,0.000,0.14,10.77567062,106.67087555,10.51,"10°46'32.41""N, 106°40'15.15""E",FIX,
09:54:25.279,1786244065.279,TRACKING,0.166,-0.000,-0.000,0.00,0.450,-0.000,0.000,0.000,0.000,0.000,0.17,10.77567062,106.67087596,10.51,"10°46'32.41""N, 106°40'15.15""E",FIX,
09:54:25.339,1786244065.340,TRACKING,0.193,-0.000,-0.000,0.00,0.450,-0.000,0.000,0.000,0.000,0.000,0.19,10.77567062,106.67087596,10.51,"10°46'32.41""N, 106°40'15.15""E",FIX,
09:54:25.420,1786244065.420,TRACKING,0.220,-0.000,-0.000,0.00,0.450,-0.000,0.000,0.000,0.000,0.000,0.22,10.77567062,106.67087596,10.51,"10°46'32.41""N, 106°40'15.15""E",FIX,
09:54:25.514,1786244065.515,TRACKING,0.256,-0.000,-0.000,0.00,0.450,-0.000,0.000,0.000,0.000,0.000,0.26,10.77567062,106.67087637,10.51,"10°46'32.41""N, 106°40'15.15""E",FIX,
09:54:25.585,1786244065.586,TRACKING,0.283,-0.000,-0.000,0.00,0.450,-0.000,0.000,0.000,0.000,0.062,0.28,10.77567062,106.67087637,10.51,"10°46'32.41""N, 106°40'15.15""E",FIX,
09:54:25.672,1786244065.672,TRACKING,0.319,-0.000,-0.000,0.00,0.450,-0.000,0.000,0.000,0.000,0.104,0.32,10.77567062,106.67087637,10.51,"10°46'32.41""N, 106°40'15.15""E",FIX,
09:54:25.726,1786244065.727,TRACKING,0.337,-0.000,-0.000,0.00,0.450,-0.000,0.000,0.000,0.000,0.167,0.34,10.77567062,106.67087678,10.51,"10°46'32.41""N, 106°40'15.16""E",FIX,
09:54:25.813,1786244065.814,TRACKING,0.373,-0.000,-0.000,0.00,0.450,-0.000,0.000,0.000,0.000,0.208,0.37,10.77567062,106.67087678,10.51,"10°46'32.41""N, 106°40'15.16""E",FIX,
09:54:25.887,1786244065.887,TRACKING,0.400,-0.000,-0.000,0.00,0.450,-0.000,0.000,0.000,0.000,0.271,0.40,10.77567062,106.67087678,10.51,"10°46'32.41""N, 106°40'15.16""E",FIX,
09:54:25.955,1786244065.956,TRACKING,0.427,-0.000,-0.000,0.00,0.450,-0.000,0.000,0.000,0.000,0.333,0.43,10.77567062,106.67087720,10.51,"10°46'32.41""N, 106°40'15.16""E",FIX,
09:54:26.036,1786244066.037,TRACKING,0.463,-0.000,-0.000,0.00,0.450,-0.000,0.000,0.000,0.000,0.396,0.46,10.77567062,106.67087720,10.51,"10°46'32.41""N, 106°40'15.16""E",FIX,
09:54:26.119,1786244066.120,TRACKING,0.490,-0.000,-0.000,0.00,0.450,-0.000,0.000,0.000,0.000,0.437,0.49,10.77567062,106.67087720,10.51,"10°46'32.41""N, 106°40'15.16""E",FIX,
09:54:26.211,1786244066.211,TRACKING,0.526,-0.000,-0.000,0.00,0.450,-0.000,0.000,0.000,0.000,0.500,0.53,10.77567062,106.67087761,10.51,"10°46'32.41""N, 106°40'15.16""E",FIX,
09:54:26.271,1786244066.271,TRACKING,0.544,-0.000,-0.000,0.00,0.450,-0.000,0.000,0.000,0.000,0.583,0.54,10.77567062,106.67087761,10.51,"10°46'32.41""N, 106°40'15.16""E",FIX,
09:54:26.364,1786244066.364,TRACKING,0.580,-0.000,-0.000,0.00,0.450,-0.000,0.000,0.000,0.000,0.646,0.58,10.77567062,106.67087761,10.51,"10°46'32.41""N, 106°40'15.16""E",FIX,
09:54:26.443,1786244066.443,TRACKING,0.616,-0.000,-0.000,0.00,0.450,-0.000,0.000,0.000,0.000,0.708,0.62,10.77567062,106.67087802,10.51,"10°46'32.41""N, 106°40'15.16""E",FIX,
09:54:26.533,1786244066.534,TRACKING,0.643,-0.000,-0.000,0.00,0.450,-0.000,0.000,0.000,0.000,0.771,0.64,10.77567062,106.67087802,10.51,"10°46'32.41""N, 106°40'15.16""E",FIX,
09:54:26.608,1786244066.609,TRACKING,0.661,-0.000,-0.000,0.00,0.450,-0.000,0.000,0.000,0.000,0.854,0.66,10.77567062,106.67087802,10.51,"10°46'32.41""N, 106°40'15.16""E",FIX,
09:54:26.714,1786244066.715,TRACKING,0.706,0.000,0.000,0.00,0.450,-0.000,0.000,0.000,0.000,0.917,0.71,10.77567062,106.67087843,10.51,"10°46'32.41""N, 106°40'15.16""E",FIX,
09:54:26.775,1786244066.775,TRACKING,0.733,0.000,0.000,0.00,0.450,-0.000,0.000,0.000,0.000,1.000,0.73,10.77567062,106.67087843,10.51,"10°46'32.41""N, 106°40'15.16""E",FIX,
09:54:26.853,1786244066.853,TRACKING,0.760,0.000,-0.000,0.00,0.450,-0.000,0.000,0.000,0.000,1.000,0.76,10.77567062,106.67087843,10.51,"10°46'32.41""N, 106°40'15.16""E",FIX,
09:54:26.909,1786244066.910,TRACKING,0.787,0.000,0.000,0.00,0.450,-0.000,0.000,0.000,0.000,1.000,0.79,10.77567062,106.67087884,10.51,"10°46'32.41""N, 106°40'15.16""E",FIX,
09:54:26.994,1786244066.995,TRACKING,0.823,0.000,-0.000,0.00,0.450,-0.000,0.000,0.000,0.000,1.000,0.82,10.77567062,106.67087884,10.51,"10°46'32.41""N, 106°40'15.16""E",FIX,
09:54:27.055,1786244067.056,TRACKING,0.850,0.000,-0.000,0.00,0.450,-0.000,0.000,0.000,0.000,1.000,0.85,10.77567062,106.67087884,10.51,"10°46'32.41""N, 106°40'15.16""E",FIX,
09:54:27.132,1786244067.133,TRACKING,0.877,0.000,-0.000,0.00,0.450,-0.000,0.000,0.000,0.000,1.000,0.88,10.77567062,106.67087925,10.51,"10°46'32.41""N, 106°40'15.17""E",FIX,
09:54:27.214,1786244067.215,TRACKING,0.904,0.000,-0.000,0.00,0.450,-0.000,0.000,0.000,0.000,1.000,0.90,10.77567062,106.67087925,10.51,"10°46'32.41""N, 106°40'15.17""E",FIX,
09:54:27.286,1786244067.286,TRACKING,0.931,-0.000,-0.000,0.00,0.450,-0.000,0.000,0.000,0.000,1.000,0.93,10.77567062,106.67087925,10.51,"10°46'32.41""N, 106°40'15.17""E",FIX,
09:54:27.376,1786244067.377,TRACKING,0.967,-0.000,-0.000,0.00,0.450,-0.000,0.000,0.000,0.000,1.000,0.97,10.77567062,106.67087966,10.51,"10°46'32.41""N, 106°40'15.17""E",FIX,
09:54:27.460,1786244067.461,TRACKING,1.003,-0.000,-0.000,0.00,0.450,-0.000,0.000,0.000,0.000,1.000,1.00,10.77567062,106.67087966,10.51,"10°46'32.41""N, 106°40'15.17""E",FIX,
09:54:27.515,1786244067.516,TRACKING,1.021,-0.000,-0.000,0.00,0.450,-0.000,0.000,0.000,0.000,1.000,1.02,10.77567062,106.67087966,10.51,"10°46'32.41""N, 106°40'15.17""E",FIX,
09:54:27.596,1786244067.597,TRACKING,1.057,-0.000,-0.000,0.00,0.450,-0.000,0.000,0.000,0.000,1.000,1.06,10.77567062,106.67088008,10.51,"10°46'32.41""N, 106°40'15.17""E",FIX,
09:54:27.669,1786244067.670,TRACKING,1.084,-0.000,-0.000,0.00,0.450,-0.000,0.000,0.000,0.000,1.000,1.08,10.77567062,106.67088008,10.51,"10°46'32.41""N, 106°40'15.17""E",FIX,
09:54:27.759,1786244067.759,TRACKING,1.120,-0.000,-0.000,0.00,0.450,-0.000,0.000,0.000,0.000,1.000,1.12,10.77567062,106.67088008,10.51,"10°46'32.41""N, 106°40'15.17""E",FIX,
09:54:27.836,1786244067.837,TRACKING,1.147,-0.000,-0.000,0.00,0.450,-0.000,0.000,0.000,0.000,1.000,1.15,10.77567062,106.67088049,10.51,"10°46'32.41""N, 106°40'15.17""E",FIX,
09:54:27.913,1786244067.914,TRACKING,1.174,-0.000,-0.000,0.00,0.450,-0.000,0.000,0.000,0.000,1.000,1.17,10.77567062,106.67088049,10.51,"10°46'32.41""N, 106°40'15.17""E",FIX,
09:54:27.986,1786244067.987,TRACKING,1.210,-0.000,-0.000,0.02,0.450,-0.053,0.000,0.000,0.000,1.000,1.21,10.77567062,106.67088049,10.51,"10°46'32.41""N, 106°40'15.17""E",FIX,
09:54:28.088,1786244068.088,TRACKING,1.237,-0.000,-0.002,0.01,0.450,0.011,0.000,0.000,0.000,1.000,1.24,10.77567062,106.67088090,10.51,"10°46'32.41""N, 106°40'15.17""E",FIX,
09:54:28.137,1786244068.138,TRACKING,1.264,-0.000,-0.004,-0.01,0.450,0.069,0.000,0.000,0.000,1.000,1.26,10.77567062,106.67088090,10.51,"10°46'32.41""N, 106°40'15.17""E",FIX,
09:54:28.220,1786244068.221,TRACKING,1.300,-0.000,-0.000,-0.01,0.450,-0.006,0.000,0.000,0.000,1.000,1.30,10.77567062,106.67088090,10.51,"10°46'32.41""N, 106°40'15.17""E",FIX,
09:54:28.294,1786244068.295,TRACKING,1.318,-0.000,0.000,-0.01,0.450,-0.006,0.000,0.000,0.000,1.000,1.32,10.77567062,106.67088131,10.51,"10°46'32.41""N, 106°40'15.17""E",FIX,
09:54:28.365,1786244068.365,TRACKING,1.354,-0.000,-0.000,-0.03,0.450,0.050,0.000,0.000,0.000,0.604,1.35,10.77567062,106.67088131,10.51,"10°46'32.41""N, 106°40'15.17""E",FIX,
09:54:28.455,1786244068.455,TRACKING,1.390,-0.000,0.003,-0.02,0.450,-0.010,0.000,0.000,0.000,0.667,1.39,10.77567062,106.67088131,10.51,"10°46'32.41""N, 106°40'15.17""E",FIX,
09:54:28.515,1786244068.515,TRACKING,1.408,-0.000,0.003,-0.01,0.450,-0.014,0.000,0.000,0.000,0.750,1.41,10.77567062,106.67088172,10.51,"10°46'32.41""N, 106°40'15.17""E",FIX,
09:54:28.602,1786244068.603,TRACKING,1.444,-0.000,0.002,-0.01,0.450,-0.005,0.000,0.000,0.000,0.812,1.44,10.77567062,106.67088172,10.51,"10°46'32.41""N, 106°40'15.17""E",FIX,
09:54:28.682,1786244068.682,TRACKING,1.471,0.000,0.002,-0.00,0.450,-0.004,0.000,0.000,0.000,0.896,1.47,10.77567062,106.67088172,10.51,"10°46'32.41""N, 106°40'15.17""E",FIX,
09:54:28.749,1786244068.749,TRACKING,1.498,0.000,0.002,-0.00,0.450,-0.005,0.000,0.000,0.000,0.958,1.50,10.77567062,106.67088213,10.51,"10°46'32.41""N, 106°40'15.18""E",FIX,
09:54:28.842,1786244068.842,TRACKING,1.525,0.000,0.001,-0.00,0.450,-0.001,0.000,0.000,0.000,1.000,1.53,10.77567062,106.67088213,10.51,"10°46'32.41""N, 106°40'15.18""E",FIX,
09:54:28.929,1786244068.930,TRACKING,1.561,0.000,0.001,-0.00,0.450,-0.001,0.000,0.000,0.000,1.000,1.56,10.77567062,106.67088213,10.51,"10°46'32.41""N, 106°40'15.18""E",FIX,
09:54:28.991,1786244068.992,TRACKING,1.588,0.000,0.001,-0.00,0.450,-0.001,0.000,0.000,0.000,1.000,1.59,10.77567062,106.67088255,10.51,"10°46'32.41""N, 106°40'15.18""E",FIX,
09:54:29.082,1786244069.082,TRACKING,1.624,0.000,0.001,-0.01,0.450,0.021,0.000,0.000,0.000,1.000,1.62,10.77567062,106.67088255,10.51,"10°46'32.41""N, 106°40'15.18""E",FIX,
09:54:29.154,1786244069.155,TRACKING,1.642,0.000,0.002,-0.01,0.450,-0.008,0.000,0.000,0.000,1.000,1.64,10.77567062,106.67088255,10.51,"10°46'32.41""N, 106°40'15.18""E",FIX,
09:54:29.229,1786244069.230,TRACKING,1.678,0.000,0.002,-0.01,0.450,-0.005,0.000,0.000,0.000,1.000,1.68,10.77567062,106.67088296,10.51,"10°46'32.41""N, 106°40'15.18""E",FIX,
09:54:29.318,1786244069.318,TRACKING,1.705,0.000,0.002,-0.00,0.450,-0.002,0.000,0.000,0.000,1.000,1.71,10.77567062,106.67088296,10.51,"10°46'32.41""N, 106°40'15.18""E",FIX,
09:54:29.399,1786244069.399,TRACKING,1.741,0.000,0.001,-0.02,0.450,0.048,0.000,0.000,0.000,1.000,1.74,10.77567062,106.67088296,10.51,"10°46'32.41""N, 106°40'15.18""E",FIX,
09:54:29.474,1786244069.474,TRACKING,1.768,0.001,0.003,-0.02,0.450,-0.013,0.000,0.000,0.000,1.000,1.77,10.77567062,106.67088337,10.51,"10°46'32.41""N, 106°40'15.18""E",FIX,
09:54:29.548,1786244069.549,TRACKING,1.795,0.001,0.004,-0.01,0.450,-0.010,0.000,0.000,0.000,1.000,1.80,10.77567062,106.67088337,10.51,"10°46'32.41""N, 106°40'15.18""E",FIX,
09:54:29.639,1786244069.639,TRACKING,1.831,0.001,0.003,-0.01,0.450,-0.004,0.000,0.000,0.000,1.000,1.83,10.77567062,106.67088337,10.51,"10°46'32.41""N, 106°40'15.18""E",FIX,
09:54:29.698,1786244069.699,TRACKING,1.849,0.001,0.003,-0.00,0.450,-0.006,0.000,0.000,0.000,1.000,1.85,10.77567062,106.67088337,10.51,"10°46'32.41""N, 106°40'15.18""E",FIX,
09:54:29.785,1786244069.785,TRACKING,1.885,0.001,0.002,-0.03,0.450,0.043,0.000,0.000,0.000,1.000,1.89,10.77567062,106.67088378,10.51,"10°46'32.41""N, 106°40'15.18""E",FIX,
09:54:29.862,1786244069.863,TRACKING,1.912,0.001,0.004,-0.02,0.450,-0.015,0.000,0.000,0.000,1.000,1.91,10.77567062,106.67088378,10.51,"10°46'32.41""N, 106°40'15.18""E",FIX,
09:54:29.939,1786244069.939,TRACKING,1.939,0.001,0.005,-0.01,0.450,-0.010,0.000,0.000,0.000,1.000,1.94,10.77567062,106.67088378,10.51,"10°46'32.41""N, 106°40'15.18""E",FIX,
09:54:30.024,1786244070.025,TRACKING,1.975,0.001,0.004,-0.01,0.450,-0.005,0.000,0.000,0.000,1.000,1.98,10.77567062,106.67088419,10.51,"10°46'32.41""N, 106°40'15.18""E",FIX,
09:54:30.103,1786244070.103,TRACKING,2.011,0.001,0.003,-0.00,0.450,-0.004,0.000,0.000,0.000,1.000,2.01,10.77567062,106.67088419,10.51,"10°46'32.41""N, 106°40'15.18""E",FIX,
09:54:30.179,1786244070.179,TRACKING,2.038,0.001,0.003,0.02,0.450,-0.061,0.000,0.000,0.000,1.000,2.04,10.77567062,106.67088460,10.51,"10°46'32.41""N, 106°40'15.18""E",FIX,
09:54:30.265,1786244070.266,TRACKING,2.065,0.001,-0.000,0.04,0.450,-0.037,0.000,0.000,0.000,1.000,2.07,10.77567062,106.67088460,10.51,"10°46'32.41""N, 106°40'15.18""E",FIX,
09:54:30.331,1786244070.332,TRACKING,2.092,0.001,-0.003,0.05,0.450,-0.037,0.000,0.000,0.000,1.000,2.09,10.77567062,106.67088460,10.51,"10°46'32.41""N, 106°40'15.18""E",FIX,
09:54:30.411,1786244070.411,TRACKING,2.128,0.001,-0.006,0.03,0.450,0.021,0.000,0.000,0.000,0.583,2.13,10.77567063,106.67088501,10.51,"10°46'32.41""N, 106°40'15.19""E",FIX,
09:54:30.472,1786244070.472,TRACKING,2.155,0.001,-0.006,0.02,0.450,0.021,0.000,0.000,0.000,0.646,2.16,10.77567063,106.67088501,10.51,"10°46'32.41""N, 106°40'15.19""E",FIX,
09:54:30.548,1786244070.548,TRACKING,2.182,0.001,-0.005,0.04,0.450,-0.042,0.000,0.000,0.000,0.708,2.18,10.77567063,106.67088501,10.51,"10°46'32.41""N, 106°40'15.19""E",FIX,
09:54:30.629,1786244070.630,TRACKING,2.209,0.001,-0.006,0.02,0.450,0.017,0.000,0.000,0.000,0.771,2.21,10.77567063,106.67088501,10.51,"10°46'32.41""N, 106°40'15.19""E",FIX,
09:54:30.730,1786244070.730,TRACKING,2.245,0.001,-0.006,0.01,0.450,0.010,0.000,0.000,0.000,0.833,2.25,10.77567063,106.67088543,10.51,"10°46'32.41""N, 106°40'15.19""E",FIX,
09:54:30.807,1786244070.807,TRACKING,2.272,0.000,-0.005,0.01,0.450,0.010,0.000,0.000,0.000,0.917,2.27,10.77567063,106.67088543,10.51,"10°46'32.41""N, 106°40'15.19""E",FIX,
09:54:30.890,1786244070.891,TRACKING,2.299,0.000,-0.005,0.01,0.450,0.005,0.000,0.000,0.000,1.000,2.30,10.77567063,106.67088543,10.51,"10°46'32.41""N, 106°40'15.19""E",FIX,
09:54:30.979,1786244070.980,TRACKING,2.326,0.000,-0.004,0.03,0.450,-0.053,0.000,0.000,0.000,1.000,2.33,10.77567062,106.67088584,10.51,"10°46'32.41""N, 106°40'15.19""E",FIX,
09:54:31.060,1786244071.060,TRACKING,2.362,-0.000,-0.007,0.02,0.450,0.014,0.000,0.000,0.000,1.000,2.36,10.77567062,106.67088584,10.51,"10°46'32.41""N, 106°40'15.19""E",FIX,
09:54:31.137,1786244071.138,TRACKING,2.389,-0.000,-0.007,-0.01,0.450,0.057,0.000,0.000,0.000,1.000,2.39,10.77567062,106.67088584,10.51,"10°46'32.41""N, 106°40'15.19""E",FIX,
09:54:31.217,1786244071.217,TRACKING,2.425,-0.000,-0.004,-0.01,0.450,-0.006,0.000,0.000,0.000,1.000,2.43,10.77567062,106.67088625,10.51,"10°46'32.41""N, 106°40'15.19""E",FIX,
09:54:31.285,1786244071.286,TRACKING,2.452,-0.001,-0.003,0.02,0.450,-0.067,0.000,0.000,0.000,1.000,2.45,10.77567062,106.67088625,10.51,"10°46'32.41""N, 106°40'15.19""E",FIX,
09:54:31.362,1786244071.363,TRACKING,2.479,-0.001,-0.006,0.01,0.450,0.008,0.000,0.000,0.000,1.000,2.48,10.77567062,106.67088625,10.51,"10°46'32.41""N, 106°40'15.19""E",FIX,
09:54:31.449,1786244071.449,TRACKING,2.515,-0.001,-0.008,-0.02,0.450,0.053,0.000,0.000,0.000,1.000,2.52,10.77567062,106.67088666,10.51,"10°46'32.41""N, 106°40'15.19""E",FIX,
09:54:31.518,1786244071.518,TRACKING,2.542,-0.001,-0.005,-0.01,0.450,-0.010,0.000,0.000,0.000,1.000,2.54,10.77567062,106.67088666,10.51,"10°46'32.41""N, 106°40'15.19""E",FIX,
09:54:31.603,1786244071.603,TRACKING,2.578,-0.001,-0.005,-0.01,0.450,-0.004,0.000,0.000,0.000,1.000,2.58,10.77567062,106.67088707,10.51,"10°46'32.41""N, 106°40'15.19""E",FIX,
09:54:31.680,1786244071.681,TRACKING,2.596,-0.001,-0.005,-0.00,0.450,-0.005,0.000,0.000,0.000,1.000,2.60,10.77567062,106.67088707,10.51,"10°46'32.41""N, 106°40'15.19""E",FIX,
09:54:31.755,1786244071.756,TRACKING,2.632,-0.002,-0.006,-0.00,0.450,-0.002,0.000,0.000,0.000,1.000,2.63,10.77567062,106.67088707,10.51,"10°46'32.41""N, 106°40'15.19""E",FIX,
09:54:31.841,1786244071.841,TRACKING,2.668,-0.002,-0.006,-0.00,0.450,-0.001,0.000,0.000,0.000,1.000,2.67,10.77567062,106.67088748,10.51,"10°46'32.41""N, 106°40'15.19""E",FIX,
09:54:31.912,1786244071.912,TRACKING,2.695,-0.002,-0.006,-0.00,0.450,-0.001,0.000,0.000,0.000,1.000,2.70,10.77567062,106.67088748,10.51,"10°46'32.41""N, 106°40'15.19""E",FIX,
09:54:31.985,1786244071.985,TRACKING,2.713,-0.002,-0.006,-0.00,0.450,-0.001,0.000,0.000,0.000,1.000,2.71,10.77567062,106.67088748,10.51,"10°46'32.41""N, 106°40'15.19""E",FIX,
09:54:32.056,1786244072.056,TRACKING,2.740,-0.002,-0.006,-0.02,0.450,0.053,0.000,0.000,0.000,1.000,2.74,10.77567062,106.67088748,10.51,"10°46'32.41""N, 106°40'15.19""E",FIX,
09:54:32.141,1786244072.142,TRACKING,2.785,-0.002,-0.002,-0.02,0.450,-0.010,0.000,0.000,0.000,1.000,2.79,10.77567062,106.67088789,10.51,"10°46'32.41""N, 106°40'15.20""E",FIX,
09:54:32.221,1786244072.222,TRACKING,2.812,-0.002,-0.002,0.01,0.450,-0.064,0.000,0.000,0.000,1.000,2.81,10.77567062,106.67088789,10.51,"10°46'32.41""N, 106°40'15.20""E",FIX,
09:54:32.297,1786244072.297,TRACKING,2.839,-0.003,-0.005,0.01,0.450,0.007,0.000,0.000,0.000,1.000,2.84,10.77567062,106.67088789,10.51,"10°46'32.41""N, 106°40'15.20""E",FIX,
09:54:32.371,1786244072.371,TRACKING,2.866,-0.003,-0.007,-0.02,0.450,0.056,0.000,0.000,0.000,1.000,2.87,10.77567062,106.67088831,10.51,"10°46'32.41""N, 106°40'15.20""E",FIX,
09:54:32.451,1786244072.452,TRACKING,2.902,-0.003,-0.003,-0.03,0.450,0.040,0.000,0.000,0.000,0.917,2.90,10.77567062,106.67088831,10.51,"10°46'32.41""N, 106°40'15.20""E",FIX,
09:54:32.513,1786244072.514,TRACKING,2.920,-0.003,-0.002,-0.02,0.450,-0.028,0.000,0.000,0.000,0.521,2.92,10.77567062,106.67088831,10.51,"10°46'32.41""N, 106°40'15.20""E",FIX,
09:54:32.600,1786244072.600,TRACKING,2.956,-0.003,-0.002,-0.01,0.450,-0.010,0.000,0.000,0.000,0.583,2.96,10.77567061,106.67088872,10.51,"10°46'32.41""N, 106°40'15.20""E",FIX,
09:54:32.679,1786244072.680,TRACKING,2.983,-0.003,-0.003,-0.03,0.450,0.047,0.000,0.000,0.000,0.667,2.98,10.77567061,106.67088872,10.51,"10°46'32.41""N, 106°40'15.20""E",FIX,
09:54:32.773,1786244072.773,TRACKING,3.019,-0.003,-0.000,-0.02,0.450,-0.013,0.000,0.000,0.000,0.729,3.02,10.77567061,106.67088872,10.51,"10°46'32.41""N, 106°40'15.20""E",FIX,
09:54:32.847,1786244072.848,TRACKING,3.046,-0.003,0.000,0.01,0.450,-0.062,0.000,0.000,0.000,0.812,3.05,10.77567061,106.67088913,10.51,"10°46'32.41""N, 106°40'15.20""E",FIX,
09:54:32.926,1786244072.927,TRACKING,3.073,-0.003,-0.002,0.01,0.450,0.007,0.000,0.000,0.000,0.875,3.07,10.77567061,106.67088913,10.51,"10°46'32.41""N, 106°40'15.20""E",FIX,
09:54:33.071,1786244073.071,TRACKING,3.100,-0.003,-0.003,-0.02,0.450,0.050,0.000,0.000,0.000,0.937,3.10,10.77567061,106.67088913,10.51,"10°46'32.41""N, 106°40'15.20""E",FIX,
09:54:33.158,1786244073.159,TRACKING,3.136,-0.003,-0.000,-0.01,0.450,-0.009,0.000,0.000,0.000,1.000,3.14,10.77567061,106.67088954,10.51,"10°46'32.41""N, 106°40'15.20""E",FIX,
09:54:33.225,1786244073.226,TRACKING,3.163,-0.003,0.000,-0.01,0.450,-0.010,0.000,0.000,0.000,1.000,3.16,10.77567061,106.67088954,10.51,"10°46'32.41""N, 106°40'15.20""E",FIX,
09:54:33.321,1786244073.322,TRACKING,3.199,-0.003,-0.000,-0.01,0.450,-0.003,0.000,0.000,0.000,1.000,3.20,10.77567061,106.67088954,10.51,"10°46'32.41""N, 106°40'15.20""E",FIX,
09:54:33.384,1786244073.384,TRACKING,3.217,-0.003,-0.001,-0.00,0.450,-0.004,0.000,0.000,0.000,1.000,3.22,10.77567061,106.67088995,10.51,"10°46'32.41""N, 106°40'15.20""E",FIX,
09:54:33.461,1786244073.462,TRACKING,3.253,-0.003,-0.001,-0.00,0.450,-0.002,0.000,0.000,0.000,1.000,3.25,10.77567061,106.67088995,10.51,"10°46'32.41""N, 106°40'15.20""E",FIX,
09:54:33.535,1786244073.536,TRACKING,3.280,-0.003,-0.001,-0.00,0.450,-0.001,0.000,0.000,0.000,1.000,3.28,10.77567061,106.67088995,10.51,"10°46'32.41""N, 106°40'15.20""E",FIX,
09:54:33.614,1786244073.614,TRACKING,3.307,-0.003,-0.001,-0.00,0.450,-0.001,0.000,0.000,0.000,1.000,3.31,10.77567061,106.67089036,10.51,"10°46'32.41""N, 106°40'15.21""E",FIX,
09:54:33.696,1786244073.696,TRACKING,3.343,-0.003,-0.001,-0.00,0.450,-0.000,0.000,0.000,0.000,1.000,3.34,10.77567061,106.67089036,10.51,"10°46'32.41""N, 106°40'15.21""E",FIX,
09:54:33.780,1786244073.780,TRACKING,3.379,-0.004,-0.001,-0.00,0.450,-0.000,0.000,0.000,0.000,1.000,3.38,10.77567061,106.67089036,10.51,"10°46'32.41""N, 106°40'15.21""E",FIX,
09:54:33.839,1786244073.839,TRACKING,3.397,-0.004,-0.001,-0.00,0.450,-0.000,0.000,0.000,0.000,1.000,3.40,10.77567061,106.67089077,10.51,"10°46'32.41""N, 106°40'15.21""E",FIX,
09:54:33.917,1786244073.917,TRACKING,3.424,-0.004,-0.001,-0.00,0.450,-0.000,0.000,0.000,0.000,1.000,3.42,10.77567061,106.67089077,10.51,"10°46'32.41""N, 106°40'15.21""E",FIX,
09:54:34.000,1786244074.000,TRACKING,3.460,-0.004,-0.001,-0.00,0.450,-0.000,0.000,0.000,0.000,1.000,3.46,10.77567061,106.67089077,10.51,"10°46'32.41""N, 106°40'15.21""E",FIX,
09:54:34.061,1786244074.062,TRACKING,3.487,-0.004,-0.001,-0.00,0.450,-0.000,0.000,0.000,0.000,1.000,3.49,10.77567061,106.67089119,10.51,"10°46'32.41""N, 106°40'15.21""E",FIX,
09:54:34.146,1786244074.147,TRACKING,3.523,-0.004,-0.001,-0.00,0.450,-0.000,0.000,0.000,0.000,1.000,3.52,10.77567061,106.67089119,10.51,"10°46'32.41""N, 106°40'15.21""E",FIX,
09:54:34.210,1786244074.210,TRACKING,3.550,-0.004,-0.001,-0.00,0.450,-0.000,0.000,0.000,0.000,1.000,3.55,10.77567061,106.67089119,10.51,"10°46'32.41""N, 106°40'15.21""E",FIX,
09:54:34.284,1786244074.285,TRACKING,3.577,-0.004,-0.001,-0.02,0.450,0.057,0.000,0.000,0.000,1.000,3.58,10.77567061,106.67089160,10.51,"10°46'32.41""N, 106°40'15.21""E",FIX,
09:54:34.363,1786244074.363,TRACKING,3.604,-0.004,0.001,-0.01,0.450,-0.013,0.000,0.000,0.000,1.000,3.60,10.77567061,106.67089160,10.51,"10°46'32.41""N, 106°40'15.21""E",FIX,
09:54:34.441,1786244074.441,TRACKING,3.640,-0.004,0.002,0.01,0.450,-0.059,0.000,0.000,0.000,1.000,3.64,10.77567061,106.67089160,10.51,"10°46'32.41""N, 106°40'15.21""E",FIX,
09:54:34.512,1786244074.513,TRACKING,3.667,-0.004,-0.001,0.01,0.450,0.007,0.000,0.000,0.000,1.000,3.67,10.77567061,106.67089201,10.51,"10°46'32.41""N, 106°40'15.21""E",FIX,
09:54:34.604,1786244074.605,TRACKING,3.703,-0.004,-0.002,-0.02,0.450,0.046,0.000,0.000,0.000,1.000,3.70,10.77567061,106.67089201,10.51,"10°46'32.41""N, 106°40'15.21""E",FIX,
09:54:34.678,1786244074.679,TRACKING,3.730,-0.004,0.000,-0.01,0.450,-0.009,0.000,0.000,0.000,0.583,3.73,10.77567061,106.67089201,10.51,"10°46'32.41""N, 106°40'15.21""E",FIX,
09:54:34.758,1786244074.758,TRACKING,3.766,-0.004,0.001,0.02,0.450,-0.057,0.000,0.000,0.000,0.604,3.77,10.77567061,106.67089242,10.51,"10°46'32.41""N, 106°40'15.21""E",FIX,
09:54:34.804,1786244074.805,TRACKING,3.784,-0.004,-0.001,0.01,0.450,0.013,0.000,0.000,0.000,0.667,3.78,10.77567061,106.67089242,10.51,"10°46'32.41""N, 106°40'15.21""E",FIX,
09:54:34.878,1786244074.879,TRACKING,3.811,-0.004,-0.001,0.01,0.450,0.006,0.000,0.000,0.000,0.750,3.81,10.77567061,106.67089242,10.51,"10°46'32.41""N, 106°40'15.21""E",FIX,
09:54:34.964,1786244074.965,TRACKING,3.847,-0.004,-0.001,0.00,0.450,0.003,0.000,0.000,0.000,0.833,3.85,10.77567061,106.67089283,10.51,"10°46'32.41""N, 106°40'15.21""E",FIX,
09:54:35.037,1786244075.037,TRACKING,3.883,-0.004,-0.000,0.00,0.450,0.002,0.000,0.000,0.000,0.896,3.88,10.77567061,106.67089283,10.51,"10°46'32.41""N, 106°40'15.21""E",FIX,
09:54:35.111,1786244075.111,TRACKING,3.910,-0.004,-0.000,0.02,0.450,-0.051,0.000,0.000,0.000,0.979,3.91,10.77567061,106.67089283,10.51,"10°46'32.41""N, 106°40'15.21""E",FIX,
09:54:35.173,1786244075.174,TRACKING,3.928,-0.004,-0.001,0.02,0.450,0.018,0.000,0.000,0.000,1.000,3.93,10.77567061,106.67089324,10.51,"10°46'32.41""N, 106°40'15.22""E",FIX,
09:54:35.267,1786244075.267,TRACKING,3.964,-0.004,-0.002,0.01,0.450,0.008,0.000,0.000,0.000,1.000,3.96,10.77567061,106.67089324,10.51,"10°46'32.41""N, 106°40'15.22""E",FIX,
09:54:35.325,1786244075.325,TRACKING,3.991,-0.004,-0.001,0.01,0.450,0.006,0.000,0.000,0.000,1.000,3.99,10.77567061,106.67089324,10.51,"10°46'32.41""N, 106°40'15.22""E",FIX,
09:54:35.408,1786244075.408,TRACKING,4.027,-0.004,-0.001,0.00,0.450,0.003,0.000,0.000,0.000,1.000,4.03,10.77567061,106.67089365,10.51,"10°46'32.41""N, 106°40'15.22""E",FIX,
09:54:35.472,1786244075.472,TRACKING,4.054,-0.004,-0.000,0.00,0.450,0.003,0.000,0.000,0.000,1.000,4.05,10.77567061,106.67089365,10.51,"10°46'32.41""N, 106°40'15.22""E",FIX,
09:54:35.548,1786244075.548,TRACKING,4.081,-0.004,-0.000,0.00,0.450,0.001,0.000,0.000,0.000,1.000,4.08,10.77567061,106.67089365,10.51,"10°46'32.41""N, 106°40'15.22""E",FIX,
09:54:35.619,1786244075.620,TRACKING,4.108,-0.004,-0.000,0.00,0.450,0.001,0.000,0.000,0.000,1.000,4.11,10.77567061,106.67089407,10.51,"10°46'32.41""N, 106°40'15.22""E",FIX,
09:54:35.695,1786244075.696,TRACKING,4.144,-0.004,-0.000,0.02,0.450,-0.051,0.000,0.000,0.000,1.000,4.14,10.77567061,106.67089407,10.51,"10°46'32.41""N, 106°40'15.22""E",FIX,
09:54:35.770,1786244075.771,TRACKING,4.171,-0.004,-0.002,0.02,0.450,0.013,0.000,0.000,0.000,1.000,4.17,10.77567061,106.67089407,10.51,"10°46'32.41""N, 106°40'15.22""E",FIX,
09:54:35.858,1786244075.858,TRACKING,4.198,-0.004,-0.003,0.01,0.450,0.008,0.000,0.000,0.000,1.000,4.20,10.77567061,106.67089448,10.51,"10°46'32.41""N, 106°40'15.22""E",FIX,
09:54:35.929,1786244075.930,TRACKING,4.234,-0.004,-0.002,0.01,0.450,0.006,0.000,0.000,0.000,1.000,4.23,10.77567061,106.67089448,10.51,"10°46'32.41""N, 106°40'15.22""E",FIX,
09:54:36.012,1786244076.012,TRACKING,4.261,-0.004,-0.002,0.00,0.450,0.003,0.000,0.000,0.000,1.000,4.26,10.77567061,106.67089448,10.51,"10°46'32.41""N, 106°40'15.22""E",FIX,
09:54:36.099,1786244076.099,TRACKING,4.297,-0.004,-0.002,0.00,0.450,0.002,0.000,0.000,0.000,1.000,4.30,10.77567061,106.67089489,10.51,"10°46'32.41""N, 106°40'15.22""E",FIX,
09:54:36.177,1786244076.177,TRACKING,4.324,-0.004,-0.001,0.00,0.450,0.001,0.000,0.000,0.000,1.000,4.32,10.77567061,106.67089489,10.51,"10°46'32.41""N, 106°40'15.22""E",FIX,
09:54:36.251,1786244076.251,TRACKING,4.360,-0.004,-0.001,0.00,0.450,0.001,0.000,0.000,0.000,1.000,4.36,10.77567061,106.67089489,10.51,"10°46'32.41""N, 106°40'15.22""E",FIX,
09:54:36.316,1786244076.317,TRACKING,4.378,-0.005,-0.001,0.00,0.450,0.001,0.000,0.000,0.000,1.000,4.38,10.77567061,106.67089530,10.51,"10°46'32.41""N, 106°40'15.22""E",FIX,
09:54:36.388,1786244076.388,TRACKING,4.405,-0.005,-0.001,0.00,0.450,0.000,0.000,0.000,0.000,1.000,4.41,10.77567061,106.67089530,10.51,"10°46'32.41""N, 106°40'15.22""E",FIX,
09:54:36.482,1786244076.483,TRACKING,4.441,-0.005,-0.001,0.00,0.450,0.000,0.000,0.000,0.000,1.000,4.44,10.77567061,106.67089530,10.51,"10°46'32.41""N, 106°40'15.22""E",FIX,
09:54:36.555,1786244076.556,TRACKING,4.468,-0.005,-0.001,0.00,0.450,0.000,0.000,0.000,0.000,1.000,4.47,10.77567061,106.67089571,10.51,"10°46'32.41""N, 106°40'15.22""E",FIX,
09:54:36.639,1786244076.639,TRACKING,4.495,-0.005,-0.001,0.00,0.450,0.000,0.000,0.000,0.000,1.000,4.50,10.77567061,106.67089571,10.51,"10°46'32.41""N, 106°40'15.22""E",FIX,
09:54:36.717,1786244076.717,TRACKING,4.531,-0.005,-0.001,0.02,0.450,-0.048,0.000,0.000,0.000,0.562,4.53,10.77567061,106.67089571,10.51,"10°46'32.41""N, 106°40'15.22""E",FIX,
09:54:36.798,1786244076.799,TRACKING,4.558,-0.005,-0.003,0.01,0.450,0.012,0.000,0.000,0.000,0.625,4.56,10.77567061,106.67089612,10.51,"10°46'32.41""N, 106°40'15.23""E",FIX,
09:54:36.870,1786244076.871,TRACKING,4.585,-0.005,-0.004,-0.01,0.450,0.065,0.000,0.000,0.000,0.687,4.59,10.77567061,106.67089612,10.51,"10°46'32.41""N, 106°40'15.23""E",FIX,
09:54:36.942,1786244076.942,TRACKING,4.621,-0.005,0.000,0.01,0.450,-0.057,0.000,0.000,0.000,0.771,4.62,10.77567061,106.67089612,10.51,"10°46'32.41""N, 106°40'15.23""E",FIX,
09:54:37.006,1786244077.006,TRACKING,4.648,-0.005,-0.002,0.01,0.450,0.009,0.000,0.000,0.000,0.833,4.65,10.77567060,106.67089653,10.51,"10°46'32.41""N, 106°40'15.23""E",FIX,
09:54:37.092,1786244077.092,TRACKING,4.684,-0.005,-0.002,0.01,0.450,0.004,0.000,0.000,0.000,0.917,4.68,10.77567060,106.67089653,10.51,"10°46'32.41""N, 106°40'15.23""E",FIX,
09:54:37.159,1786244077.159,TRACKING,4.702,-0.005,-0.002,0.00,0.450,0.004,0.000,0.000,0.000,1.000,4.70,10.77567060,106.67089653,10.51,"10°46'32.41""N, 106°40'15.23""E",FIX,
09:54:37.243,1786244077.244,TRACKING,4.738,-0.005,-0.001,0.00,0.450,0.002,0.000,0.000,0.000,1.000,4.74,10.77567060,106.67089695,10.51,"10°46'32.41""N, 106°40'15.23""E",FIX,
09:54:37.313,1786244077.313,TRACKING,4.765,-0.005,-0.001,0.00,0.450,0.001,0.000,0.000,0.000,1.000,4.77,10.77567060,106.67089695,10.51,"10°46'32.41""N, 106°40'15.23""E",FIX,
09:54:37.398,1786244077.398,TRACKING,4.801,-0.005,-0.001,0.00,0.450,0.001,0.000,0.000,0.000,1.000,4.80,10.77567060,106.67089695,10.51,"10°46'32.41""N, 106°40'15.23""E",FIX,
09:54:37.470,1786244077.470,TRACKING,4.828,-0.005,-0.001,0.00,0.450,0.001,0.000,0.000,0.000,1.000,4.83,10.77567060,106.67089736,10.51,"10°46'32.41""N, 106°40'15.23""E",FIX,
09:54:37.542,1786244077.542,TRACKING,4.855,-0.005,-0.001,0.00,0.450,0.000,0.000,0.000,0.000,1.000,4.86,10.77567060,106.67089736,10.51,"10°46'32.41""N, 106°40'15.23""E",FIX,
09:54:37.617,1786244077.618,TRACKING,4.882,-0.005,-0.001,0.00,0.450,0.000,0.000,0.000,0.000,1.000,4.88,10.77567060,106.67089736,10.51,"10°46'32.41""N, 106°40'15.23""E",FIX,
09:54:37.696,1786244077.696,TRACKING,4.918,-0.005,-0.001,0.00,0.450,0.000,0.000,0.000,0.000,1.000,4.92,10.77567060,106.67089777,10.51,"10°46'32.41""N, 106°40'15.23""E",FIX,
09:54:37.758,1786244077.758,TRACKING,4.945,-0.005,-0.001,0.00,0.450,0.000,0.000,0.000,0.000,1.000,4.95,10.77567060,106.67089777,10.51,"10°46'32.41""N, 106°40'15.23""E",FIX,
09:54:37.842,1786244077.842,TRACKING,4.981,-0.005,-0.001,0.00,0.450,0.000,0.000,0.000,0.000,1.000,4.98,10.77567060,106.67089777,10.51,"10°46'32.41""N, 106°40'15.23""E",FIX,
09:54:37.909,1786244077.910,TRACKING,4.999,-0.005,-0.001,0.00,0.450,0.000,0.000,0.000,0.000,1.000,5.00,10.77567060,106.67089777,10.51,"10°46'32.41""N, 106°40'15.23""E",FIX,
09:54:37.992,1786244077.993,TRACKING,5.035,-0.005,-0.001,0.00,0.450,0.000,0.000,0.000,0.000,1.000,5.04,10.77567060,106.67089818,10.51,"10°46'32.41""N, 106°40'15.23""E",FIX,
09:54:38.090,1786244078.091,TRACKING,5.071,-0.005,-0.001,0.00,0.450,0.000,0.000,0.000,0.000,1.000,5.07,10.77567060,106.67089818,10.51,"10°46'32.41""N, 106°40'15.23""E",FIX,
09:54:38.169,1786244078.170,TRACKING,5.098,-0.006,-0.001,0.00,0.450,0.000,0.000,0.000,0.000,1.000,5.10,10.77567060,106.67089859,10.51,"10°46'32.41""N, 106°40'15.23""E",FIX,
09:54:38.248,1786244078.248,TRACKING,5.134,-0.006,-0.001,0.00,0.450,0.000,0.000,0.000,0.000,1.000,5.13,10.77567060,106.67089859,10.51,"10°46'32.41""N, 106°40'15.23""E",FIX,
09:54:38.314,1786244078.314,TRACKING,5.161,-0.006,-0.001,0.00,0.450,0.000,0.000,0.000,0.000,1.000,5.16,10.77567060,106.67089859,10.51,"10°46'32.41""N, 106°40'15.23""E",FIX,
09:54:38.374,1786244078.374,TRACKING,5.179,-0.006,-0.001,0.00,0.450,0.000,0.000,0.000,0.000,1.000,5.18,10.77567060,106.67089859,10.51,"10°46'32.41""N, 106°40'15.23""E",FIX,
09:54:38.446,1786244078.446,TRACKING,5.206,-0.006,-0.001,0.00,0.450,0.000,0.000,0.000,0.000,1.000,5.21,10.77567060,106.67089900,10.51,"10°46'32.41""N, 106°40'15.24""E",FIX,
09:54:38.537,1786244078.537,TRACKING,5.251,-0.006,-0.001,0.00,0.450,0.000,0.000,0.000,0.000,1.000,5.25,10.77567060,106.67089900,10.51,"10°46'32.41""N, 106°40'15.24""E",FIX,
09:54:38.608,1786244078.609,TRACKING,5.278,-0.006,-0.001,-0.02,0.450,0.053,0.000,0.000,0.000,1.000,5.28,10.77567060,106.67089941,10.51,"10°46'32.41""N, 106°40'15.24""E",FIX,
09:54:38.675,1786244078.675,TRACKING,5.296,-0.006,0.000,-0.06,0.450,0.112,0.000,0.000,0.000,1.000,5.30,10.77567060,106.67089941,10.51,"10°46'32.41""N, 106°40'15.24""E",FIX,
09:54:38.774,1786244078.775,TRACKING,5.332,-0.006,0.008,-0.04,0.450,-0.024,0.000,0.000,0.000,0.562,5.33,10.77567060,106.67089941,10.51,"10°46'32.41""N, 106°40'15.24""E",FIX,
09:54:38.820,1786244078.821,TRACKING,5.359,-0.005,0.012,0.02,0.450,-0.160,0.000,0.000,0.000,0.625,5.36,10.77567060,106.67089941,10.51,"10°46'32.41""N, 106°40'15.24""E",FIX,
09:54:38.896,1786244078.897,TRACKING,5.395,-0.005,0.002,-0.01,0.450,0.057,0.000,0.000,0.000,0.687,5.40,10.77567060,106.67089983,10.51,"10°46'32.41""N, 106°40'15.24""E",FIX,
09:54:38.968,1786244078.969,TRACKING,5.422,-0.005,0.003,-0.05,0.450,0.106,0.000,0.000,0.000,0.750,5.42,10.77567060,106.67089983,10.51,"10°46'32.41""N, 106°40'15.24""E",FIX,
09:54:39.042,1786244079.043,TRACKING,5.449,-0.005,0.009,-0.03,0.450,-0.028,0.000,0.000,0.000,0.833,5.45,10.77567060,106.67089983,10.51,"10°46'32.41""N, 106°40'15.24""E",FIX,
09:54:39.114,1786244079.114,TRACKING,5.476,-0.005,0.010,0.00,0.450,-0.070,0.000,0.000,0.000,0.917,5.48,10.77567060,106.67090024,10.51,"10°46'32.41""N, 106°40'15.24""E",FIX,
09:54:39.195,1786244079.196,TRACKING,5.512,-0.004,0.006,-0.02,0.450,0.045,0.000,0.000,0.000,1.000,5.51,10.77567060,106.67090024,10.51,"10°46'32.41""N, 106°40'15.24""E",FIX,
09:54:39.266,1786244079.266,TRACKING,5.539,-0.004,0.006,-0.04,0.450,0.040,0.000,0.000,0.000,1.000,5.54,10.77567060,106.67090024,10.51,"10°46'32.41""N, 106°40'15.24""E",FIX,
09:54:39.340,1786244079.341,TRACKING,5.575,-0.004,0.009,-0.02,0.450,-0.022,0.000,0.000,0.000,1.000,5.58,10.77567060,106.67090065,10.51,"10°46'32.41""N, 106°40'15.24""E",FIX,
09:54:39.405,1786244079.406,TRACKING,5.593,-0.004,0.009,-0.02,0.450,-0.015,0.000,0.000,0.000,1.000,5.59,10.77567060,106.67090065,10.51,"10°46'32.41""N, 106°40'15.24""E",FIX,
09:54:39.476,1786244079.476,TRACKING,5.629,-0.003,0.008,-0.01,0.450,-0.008,0.000,0.000,0.000,1.000,5.63,10.77567060,106.67090065,10.51,"10°46'32.41""N, 106°40'15.24""E",FIX,
09:54:39.549,1786244079.549,TRACKING,5.656,-0.003,0.007,-0.03,0.450,0.050,0.000,0.000,0.000,1.000,5.66,10.77567060,106.67090106,10.51,"10°46'32.41""N, 106°40'15.24""E",FIX,
09:54:39.627,1786244079.627,TRACKING,5.683,-0.003,0.009,-0.02,0.450,-0.015,0.000,0.000,0.000,1.000,5.68,10.77567060,106.67090106,10.51,"10°46'32.41""N, 106°40'15.24""E",FIX,
09:54:39.702,1786244079.703,TRACKING,5.719,-0.003,0.009,-0.01,0.450,-0.010,0.000,0.000,0.000,1.000,5.72,10.77567060,106.67090106,10.51,"10°46'32.41""N, 106°40'15.24""E",FIX,
09:54:39.769,1786244079.769,TRACKING,5.746,-0.002,0.009,-0.01,0.450,-0.007,0.000,0.000,0.000,1.000,5.75,10.77567060,106.67090147,10.51,"10°46'32.41""N, 106°40'15.25""E",FIX,
09:54:39.854,1786244079.854,TRACKING,5.782,-0.002,0.008,-0.01,0.450,-0.004,0.000,0.000,0.000,1.000,5.78,10.77567060,106.67090147,10.51,"10°46'32.41""N, 106°40'15.25""E",FIX,
09:54:39.937,1786244079.937,TRACKING,5.809,-0.002,0.008,-0.00,0.450,-0.002,0.000,0.000,0.000,1.000,5.81,10.77567060,106.67090147,10.51,"10°46'32.41""N, 106°40'15.25""E",FIX,
09:54:39.992,1786244079.993,TRACKING,5.836,-0.002,0.008,-0.00,0.450,-0.003,0.000,0.000,0.000,1.000,5.84,10.77567060,106.67090188,10.51,"10°46'32.41""N, 106°40'15.25""E",FIX,
09:54:40.078,1786244080.078,TRACKING,5.872,-0.001,0.007,-0.02,0.450,0.044,0.000,0.000,0.000,1.000,5.87,10.77567060,106.67090188,10.51,"10°46'32.41""N, 106°40'15.25""E",FIX,
09:54:40.161,1786244080.162,TRACKING,5.899,-0.001,0.010,-0.02,0.450,-0.011,0.000,0.000,0.000,1.000,5.90,10.77567060,106.67090188,10.51,"10°46'32.41""N, 106°40'15.25""E",FIX,
09:54:40.219,1786244080.220,TRACKING,5.926,-0.001,0.011,0.01,0.450,-0.085,0.000,0.000,0.000,1.000,5.93,10.77567061,106.67090229,10.51,"10°46'32.41""N, 106°40'15.25""E",FIX,
09:54:40.293,1786244080.294,TRACKING,5.953,-0.001,0.007,-0.01,0.450,0.070,0.000,0.000,0.000,1.000,5.95,10.77567061,106.67090229,10.51,"10°46'32.41""N, 106°40'15.25""E",FIX,
09:54:40.374,1786244080.374,TRACKING,5.980,-0.000,0.009,-0.01,0.450,-0.007,0.000,0.000,0.000,1.000,5.98,10.77567061,106.67090229,10.51,"10°46'32.41""N, 106°40'15.25""E",FIX,
09:54:40.448,1786244080.448,TRACKING,6.016,-0.000,0.011,0.02,0.450,-0.054,0.000,0.000,0.000,1.000,6.02,10.77567061,106.67090271,10.51,"10°46'32.41""N, 106°40'15.25""E",FIX,
09:54:40.526,1786244080.527,TRACKING,6.043,0.000,0.008,0.01,0.450,0.011,0.000,0.000,0.000,1.000,6.04,10.77567061,106.67090271,10.51,"10°46'32.41""N, 106°40'15.25""E",FIX,
09:54:40.618,1786244080.619,TRACKING,6.079,0.000,0.008,0.01,0.450,0.004,0.000,0.000,0.000,1.000,6.08,10.77567061,106.67090271,10.51,"10°46'32.41""N, 106°40'15.25""E",FIX,
09:54:40.682,1786244080.683,TRACKING,6.097,0.001,0.008,0.05,0.450,-0.120,0.000,0.000,0.000,1.000,6.10,10.77567061,106.67090312,10.51,"10°46'32.41""N, 106°40'15.25""E",FIX,
09:54:40.758,1786244080.759,TRACKING,6.133,0.001,0.002,0.03,0.450,0.028,0.000,0.000,0.000,0.583,6.13,10.77567061,106.67090312,10.51,"10°46'32.41""N, 106°40'15.25""E",FIX,
09:54:40.843,1786244080.844,TRACKING,6.160,0.001,0.003,0.02,0.450,0.014,0.000,0.000,0.000,0.646,6.16,10.77567061,106.67090312,10.51,"10°46'32.41""N, 106°40'15.25""E",FIX,
09:54:40.925,1786244080.925,TRACKING,6.187,0.001,0.004,0.04,0.450,-0.042,0.000,0.000,0.000,0.708,6.19,10.77567061,106.67090353,10.51,"10°46'32.41""N, 106°40'15.25""E",FIX,
09:54:41.017,1786244081.018,TRACKING,6.223,0.001,0.002,0.02,0.450,0.017,0.000,0.000,0.000,0.792,6.22,10.77567061,106.67090353,10.51,"10°46'32.41""N, 106°40'15.25""E",FIX,
09:54:41.096,1786244081.096,TRACKING,6.259,0.001,0.002,0.02,0.450,0.011,0.000,0.000,0.000,0.854,6.26,10.77567061,106.67090353,10.51,"10°46'32.41""N, 106°40'15.25""E",FIX,
09:54:41.175,1786244081.176,TRACKING,6.286,0.001,0.003,0.01,0.450,0.008,0.000,0.000,0.000,0.917,6.29,10.77567061,106.67090394,10.51,"10°46'32.41""N, 106°40'15.25""E",FIX,
09:54:41.250,1786244081.250,TRACKING,6.313,0.001,0.004,0.03,0.450,-0.049,0.000,0.000,0.000,1.000,6.31,10.77567061,106.67090394,10.51,"10°46'32.41""N, 106°40'15.25""E",FIX,
09:54:41.328,1786244081.329,TRACKING,6.349,0.001,0.001,0.02,0.450,0.013,0.000,0.000,0.000,1.000,6.35,10.77567061,106.67090394,10.51,"10°46'32.41""N, 106°40'15.25""E",FIX,
09:54:41.397,1786244081.397,TRACKING,6.376,0.001,0.001,-0.01,0.450,0.066,0.000,0.000,0.000,1.000,6.38,10.77567061,106.67090435,10.51,"10°46'32.41""N, 106°40'15.26""E",FIX,
09:54:41.462,1786244081.462,TRACKING,6.394,0.002,0.002,0.02,0.450,-0.071,0.000,0.000,0.000,1.000,6.39,10.77567061,106.67090435,10.51,"10°46'32.41""N, 106°40'15.26""E",FIX,
09:54:41.540,1786244081.541,TRACKING,6.430,0.002,0.001,0.01,0.450,0.008,0.000,0.000,0.000,1.000,6.43,10.77567061,106.67090435,10.51,"10°46'32.41""N, 106°40'15.26""E",FIX,
09:54:41.609,1786244081.610,TRACKING,6.457,0.002,-0.001,-0.02,0.450,0.059,0.000,0.000,0.000,1.000,6.46,10.77567061,106.67090476,10.51,"10°46'32.41""N, 106°40'15.26""E",FIX,
09:54:41.689,1786244081.690,TRACKING,6.493,0.002,0.003,-0.01,0.450,-0.007,0.000,0.000,0.000,1.000,6.49,10.77567061,106.67090476,10.51,"10°46'32.41""N, 106°40'15.26""E",FIX,
09:54:41.761,1786244081.761,TRACKING,6.520,0.002,0.004,0.02,0.450,-0.067,0.000,0.000,0.000,1.000,6.52,10.77567061,106.67090476,10.51,"10°46'32.41""N, 106°40'15.26""E",FIX,
09:54:41.839,1786244081.839,TRACKING,6.547,0.002,0.001,-0.01,0.450,0.058,0.000,0.000,0.000,1.000,6.55,10.77567061,106.67090517,10.51,"10°46'32.41""N, 106°40'15.26""E",FIX,
09:54:41.922,1786244081.923,TRACKING,6.583,0.002,0.002,-0.01,0.450,-0.005,0.000,0.000,0.000,1.000,6.58,10.77567061,106.67090517,10.51,"10°46'32.41""N, 106°40'15.26""E",FIX,
09:54:41.983,1786244081.983,TRACKING,6.601,0.002,0.003,0.02,0.450,-0.076,0.000,0.000,0.000,1.000,6.60,10.77567061,106.67090517,10.51,"10°46'32.41""N, 106°40'15.26""E",FIX,
09:54:42.070,1786244082.071,TRACKING,6.637,0.002,-0.001,-0.01,0.450,0.052,0.000,0.000,0.000,1.000,6.64,10.77567061,106.67090559,10.51,"10°46'32.41""N, 106°40'15.26""E",FIX,
09:54:42.150,1786244082.151,TRACKING,6.673,0.002,0.000,-0.03,0.450,0.043,0.000,0.000,0.000,1.000,6.67,10.77567061,106.67090559,10.51,"10°46'32.41""N, 106°40'15.26""E",FIX,
09:54:42.240,1786244082.240,TRACKING,6.700,0.002,0.003,0.00,0.450,-0.074,0.000,0.000,0.000,1.000,6.70,10.77567061,106.67090559,10.51,"10°46'32.41""N, 106°40'15.26""E",FIX,
09:54:42.301,1786244082.301,TRACKING,6.727,0.002,0.002,0.02,0.450,-0.049,0.000,0.000,0.000,1.000,6.73,10.77567062,106.67090600,10.51,"10°46'32.41""N, 106°40'15.26""E",FIX,
09:54:42.378,1786244082.379,TRACKING,6.763,0.002,-0.002,-0.01,0.450,0.066,0.000,0.000,0.000,1.000,6.76,10.77567062,106.67090600,10.51,"10°46'32.41""N, 106°40'15.26""E",FIX,
09:54:42.444,1786244082.445,TRACKING,6.790,0.002,-0.000,-0.00,0.450,-0.004,0.000,0.000,0.000,1.000,6.79,10.77567062,106.67090600,10.51,"10°46'32.41""N, 106°40'15.26""E",FIX,
09:54:42.522,1786244082.522,TRACKING,6.817,0.002,0.001,0.02,0.450,-0.051,0.000,0.000,0.000,1.000,6.82,10.77567062,106.67090641,10.51,"10°46'32.41""N, 106°40'15.26""E",FIX,
09:54:42.594,1786244082.595,TRACKING,6.853,0.002,-0.002,0.01,0.450,0.010,0.000,0.000,0.000,1.000,6.85,10.77567062,106.67090641,10.51,"10°46'32.41""N, 106°40'15.26""E",FIX,
09:54:42.666,1786244082.666,TRACKING,6.880,0.002,-0.002,-0.01,0.450,0.062,0.000,0.000,0.000,1.000,6.88,10.77567062,106.67090641,10.51,"10°46'32.41""N, 106°40'15.26""E",FIX,
09:54:42.736,1786244082.736,TRACKING,6.907,0.002,0.001,0.01,0.450,-0.067,0.000,0.000,0.000,0.917,6.91,10.77567062,106.67090682,10.51,"10°46'32.41""N, 106°40'15.26""E",FIX,
09:54:42.819,1786244082.819,TRACKING,6.943,0.002,-0.002,0.01,0.450,0.006,0.000,0.000,0.000,0.583,6.94,10.77567062,106.67090682,10.51,"10°46'32.41""N, 106°40'15.26""E",FIX,
09:54:42.877,1786244082.878,TRACKING,6.961,0.002,-0.003,-0.02,0.450,0.076,0.000,0.000,0.000,0.646,6.96,10.77567062,106.67090682,10.51,"10°46'32.41""N, 106°40'15.26""E",FIX,
09:54:42.968,1786244082.969,TRACKING,6.997,0.002,0.001,0.01,0.450,-0.051,0.000,0.000,0.000,0.708,7.00,10.77567061,106.67090723,10.51,"10°46'32.41""N, 106°40'15.27""E",FIX,
09:54:43.031,1786244083.031,TRACKING,7.024,0.002,0.001,0.03,0.450,-0.053,0.000,0.000,0.000,0.792,7.02,10.77567061,106.67090723,10.51,"10°46'32.41""N, 106°40'15.27""E",FIX,
09:54:43.112,1786244083.113,TRACKING,7.051,0.002,-0.002,0.02,0.450,0.014,0.000,0.000,0.000,0.854,7.05,10.77567061,106.67090723,10.51,"10°46'32.41""N, 106°40'15.27""E",FIX,
09:54:43.179,1786244083.180,TRACKING,7.078,0.002,-0.003,-0.01,0.450,0.073,0.000,0.000,0.000,0.937,7.08,10.77567061,106.67090764,10.51,"10°46'32.41""N, 106°40'15.27""E",FIX,
09:54:43.265,1786244083.266,TRACKING,7.114,0.002,0.001,-0.01,0.450,-0.004,0.000,0.000,0.000,1.000,7.11,10.77567061,106.67090764,10.51,"10°46'32.41""N, 106°40'15.27""E",FIX,
09:54:43.340,1786244083.340,TRACKING,7.141,0.002,0.003,0.02,0.450,-0.062,0.000,0.000,0.000,1.000,7.14,10.77567061,106.67090764,10.51,"10°46'32.41""N, 106°40'15.27""E",FIX,
09:54:43.430,1786244083.430,TRACKING,7.168,0.002,0.000,0.01,0.450,0.011,0.000,0.000,0.000,1.000,7.17,10.77567061,106.67090805,10.51,"10°46'32.41""N, 106°40'15.27""E",FIX,
09:54:43.511,1786244083.511,TRACKING,7.204,0.002,-0.001,0.01,0.450,0.006,0.000,0.000,0.000,1.000,7.20,10.77567061,106.67090805,10.51,"10°46'32.41""N, 106°40'15.27""E",FIX,
09:54:43.578,1786244083.579,TRACKING,7.231,0.002,-0.000,0.01,0.450,0.005,0.000,0.000,0.000,1.000,7.23,10.77567061,106.67090805,10.51,"10°46'32.41""N, 106°40'15.27""E",FIX,
09:54:43.660,1786244083.660,TRACKING,7.258,0.002,-0.000,0.00,0.450,0.003,0.000,0.000,0.000,1.000,7.26,10.77567061,106.67090847,10.51,"10°46'32.41""N, 106°40'15.27""E",FIX,
09:54:43.737,1786244083.737,TRACKING,7.294,0.002,0.000,0.03,0.450,-0.050,0.000,0.000,0.000,1.000,7.29,10.77567061,106.67090847,10.51,"10°46'32.41""N, 106°40'15.27""E",FIX,
09:54:43.811,1786244083.811,TRACKING,7.321,0.002,-0.002,0.02,0.450,0.014,0.000,0.000,0.000,1.000,7.32,10.77567061,106.67090847,10.51,"10°46'32.41""N, 106°40'15.27""E",FIX,
09:54:43.897,1786244083.898,TRACKING,7.357,0.002,-0.002,0.01,0.450,0.007,0.000,0.000,0.000,1.000,7.36,10.77567061,106.67090888,10.51,"10°46'32.41""N, 106°40'15.27""E",FIX,
09:54:43.970,1786244083.970,TRACKING,7.384,0.002,-0.002,0.01,0.450,0.005,0.000,0.000,0.000,1.000,7.38,10.77567061,106.67090888,10.51,"10°46'32.41""N, 106°40'15.27""E",FIX,
09:54:44.040,1786244084.041,TRACKING,7.420,0.001,-0.001,0.00,0.450,0.003,0.000,0.000,0.000,1.000,7.42,10.77567061,106.67090888,10.51,"10°46'32.41""N, 106°40'15.27""E",FIX,
09:54:44.103,1786244084.104,TRACKING,7.438,0.001,-0.001,0.00,0.450,0.005,0.000,0.000,0.000,1.000,7.44,10.77567061,106.67090929,10.51,"10°46'32.41""N, 106°40'15.27""E",FIX,
09:54:44.194,1786244084.195,TRACKING,7.474,0.001,-0.001,0.00,0.450,0.001,0.000,0.000,0.000,1.000,7.47,10.77567061,106.67090929,10.51,"10°46'32.41""N, 106°40'15.27""E",FIX,
09:54:44.266,1786244084.266,TRACKING,7.501,0.001,-0.001,0.02,0.450,-0.055,0.000,0.000,0.000,1.000,7.50,10.77567061,106.67090929,10.51,"10°46'32.41""N, 106°40'15.27""E",FIX,
09:54:44.351,1786244084.351,TRACKING,7.528,0.001,-0.003,0.02,0.450,0.014,0.000,0.000,0.000,1.000,7.53,10.77567061,106.67090970,10.51,"10°46'32.41""N, 106°40'15.27""E",FIX,
09:54:44.424,1786244084.424,TRACKING,7.555,0.001,-0.003,-0.01,0.450,0.065,0.000,0.000,0.000,1.000,7.56,10.77567061,106.67090970,10.51,"10°46'32.41""N, 106°40'15.27""E",FIX,
09:54:44.508,1786244084.509,TRACKING,7.591,0.001,0.001,0.01,0.450,-0.053,0.000,0.000,0.000,1.000,7.59,10.77567061,106.67090970,10.51,"10°46'32.41""N, 106°40'15.27""E",FIX,
09:54:44.586,1786244084.587,TRACKING,7.618,0.001,-0.000,0.03,0.450,-0.045,0.000,0.000,0.000,1.000,7.62,10.77567061,106.67091011,10.51,"10°46'32.41""N, 106°40'15.28""E",FIX,
09:54:44.670,1786244084.670,TRACKING,7.654,0.001,-0.004,-0.00,0.450,0.063,0.000,0.000,0.000,1.000,7.65,10.77567061,106.67091011,10.51,"10°46'32.41""N, 106°40'15.28""E",FIX,
09:54:44.740,1786244084.740,TRACKING,7.681,0.001,-0.002,-0.12,0.450,0.266,0.000,0.000,0.000,1.000,7.68,10.77567061,106.67091011,10.51,"10°46'32.41""N, 106°40'15.28""E",FIX,
09:54:44.818,1786244084.819,TRACKING,7.708,0.001,0.011,-0.10,0.450,-0.010,0.000,0.000,0.000,0.500,7.71,10.77567061,106.67091052,10.51,"10°46'32.41""N, 106°40'15.28""E",FIX,
09:54:44.896,1786244084.897,TRACKING,7.735,0.002,0.016,-0.02,0.450,-0.154,0.000,0.000,0.000,0.562,7.74,10.77567061,106.67091052,10.51,"10°46'32.41""N, 106°40'15.28""E",FIX,
09:54:44.978,1786244084.978,TRACKING,7.771,0.002,0.008,-0.03,0.450,0.041,0.000,0.000,0.000,0.625,7.77,10.77567061,106.67091052,10.51,"10°46'32.41""N, 106°40'15.28""E",FIX,
09:54:45.053,1786244085.053,TRACKING,7.798,0.002,0.007,-0.07,0.450,0.104,0.000,0.000,0.000,0.687,7.80,10.77567061,106.67091093,10.51,"10°46'32.41""N, 106°40'15.28""E",FIX,
09:54:45.145,1786244085.146,TRACKING,7.825,0.002,0.013,-0.04,0.450,-0.030,0.000,0.000,0.000,0.750,7.83,10.77567061,106.67091093,10.51,"10°46'32.41""N, 106°40'15.28""E",FIX,
09:54:45.217,1786244085.217,TRACKING,7.852,0.003,0.014,-0.01,0.450,-0.082,0.000,0.000,0.000,0.833,7.85,10.77567061,106.67091093,10.51,"10°46'32.41""N, 106°40'15.28""E",FIX,
09:54:45.301,1786244085.302,TRACKING,7.888,0.003,0.009,-0.03,0.450,0.044,0.000,0.000,0.000,0.917,7.89,10.77567062,106.67091135,10.51,"10°46'32.41""N, 106°40'15.28""E",FIX,
09:54:45.371,1786244085.371,TRACKING,7.915,0.004,0.010,-0.04,0.450,0.042,0.000,0.000,0.000,1.000,7.92,10.77567062,106.67091135,10.51,"10°46'32.41""N, 106°40'15.28""E",FIX,
09:54:45.446,1786244085.447,TRACKING,7.942,0.004,0.012,-0.03,0.450,-0.023,0.000,0.000,0.000,1.000,7.94,10.77567062,106.67091135,10.51,"10°46'32.41""N, 106°40'15.28""E",FIX,
09:54:45.523,1786244085.523,TRACKING,7.969,0.004,0.012,-0.02,0.450,-0.014,0.000,0.000,0.000,1.000,7.97,10.77567062,106.67091135,10.51,"10°46'32.41""N, 106°40'15.28""E",FIX,
09:54:45.598,1786244085.599,TRACKING,8.005,0.005,0.011,-0.01,0.450,-0.008,0.000,0.000,0.000,1.000,8.01,10.77567062,106.67091176,10.51,"10°46'32.41""N, 106°40'15.28""E",FIX,
09:54:45.676,1786244085.677,TRACKING,8.041,0.005,0.010,-0.01,0.450,-0.005,0.000,0.000,0.000,1.000,8.04,10.77567062,106.67091176,10.51,"10°46'32.41""N, 106°40'15.28""E",FIX,
09:54:45.768,1786244085.768,TRACKING,8.068,0.005,0.010,-0.03,0.450,0.047,0.000,0.000,0.000,1.000,8.07,10.77567062,106.67091217,10.51,"10°46'32.41""N, 106°40'15.28""E",FIX,
09:54:45.820,1786244085.821,TRACKING,8.095,0.006,0.011,-0.02,0.450,-0.018,0.000,0.000,0.000,1.000,8.10,10.77567062,106.67091217,10.51,"10°46'32.41""N, 106°40'15.28""E",FIX,
09:54:45.897,1786244085.898,TRACKING,8.122,0.006,0.011,-0.01,0.450,-0.009,0.000,0.000,0.000,1.000,8.12,10.77567062,106.67091217,10.51,"10°46'32.41""N, 106°40'15.28""E",FIX,
09:54:45.966,1786244085.966,TRACKING,8.149,0.006,0.010,-0.02,0.450,0.022,0.000,0.000,0.000,1.000,8.15,10.77567062,106.67091217,10.51,"10°46'32.41""N, 106°40'15.28""E",FIX,
09:54:46.061,1786244086.061,TRACKING,8.185,0.007,0.011,-0.01,0.450,-0.007,0.000,0.000,0.000,1.000,8.19,10.77567063,106.67091258,10.51,"10°46'32.41""N, 106°40'15.29""E",FIX,
09:54:46.133,1786244086.134,TRACKING,8.221,0.007,0.012,-0.01,0.450,-0.007,0.000,0.000,0.000,1.000,8.22,10.77567063,106.67091258,10.51,"10°46'32.41""N, 106°40'15.29""E",FIX,
09:54:46.202,1786244086.203,TRACKING,8.248,0.007,0.011,-0.01,0.450,-0.005,0.000,0.000,0.000,1.000,8.25,10.77567063,106.67091299,10.51,"10°46'32.41""N, 106°40'15.29""E",FIX,
09:54:46.282,1786244086.282,TRACKING,8.275,0.008,0.011,-0.00,0.450,-0.003,0.000,0.000,0.000,1.000,8.28,10.77567063,106.67091299,10.51,"10°46'32.41""N, 106°40'15.29""E",FIX,
09:54:46.342,1786244086.342,TRACKING,8.302,0.008,0.011,-0.03,0.450,0.063,0.000,0.000,0.000,1.000,8.30,10.77567063,106.67091299,10.51,"10°46'32.41""N, 106°40'15.29""E",FIX,
09:54:46.418,1786244086.418,TRACKING,8.329,0.008,0.014,0.01,0.450,-0.064,0.000,0.000,0.000,1.000,8.33,10.77567063,106.67091299,10.51,"10°46'32.41""N, 106°40'15.29""E",FIX,
09:54:46.507,1786244086.508,TRACKING,8.365,0.009,0.011,0.00,0.450,0.003,0.000,0.000,0.000,1.000,8.37,10.77567063,106.67091340,10.51,"10°46'32.41""N, 106°40'15.29""E",FIX,
09:54:46.585,1786244086.586,TRACKING,8.392,0.009,0.010,-0.02,0.450,0.053,0.000,0.000,0.000,1.000,8.39,10.77567063,106.67091340,10.51,"10°46'32.41""N, 106°40'15.29""E",FIX,
09:54:46.649,1786244086.649,TRACKING,8.419,0.009,0.012,-0.01,0.450,-0.014,0.000,0.000,0.000,1.000,8.42,10.77567063,106.67091340,10.51,"10°46'32.41""N, 106°40'15.29""E",FIX,
09:54:46.725,1786244086.725,TRACKING,8.446,0.010,0.013,-0.01,0.450,-0.007,0.000,0.000,0.000,1.000,8.45,10.77567063,106.67091382,10.51,"10°46'32.41""N, 106°40'15.29""E",FIX,
09:54:46.811,1786244086.811,TRACKING,8.482,0.010,0.012,-0.03,0.450,0.040,0.000,0.000,0.000,1.000,8.48,10.77567063,106.67091382,10.51,"10°46'32.41""N, 106°40'15.29""E",FIX,
09:54:46.881,1786244086.882,TRACKING,8.518,0.010,0.014,-0.04,0.450,0.038,0.000,0.000,0.000,0.417,8.52,10.77567063,106.67091382,10.51,"10°46'32.41""N, 106°40'15.29""E",FIX,
09:54:46.940,1786244086.941,TRACKING,8.536,0.011,0.016,-0.04,0.450,-0.002,0.000,0.000,0.000,0.000,8.54,10.77567063,106.67091423,10.51,"10°46'32.41""N, 106°40'15.29""E",FIX,
09:54:47.028,1786244087.028,TRACKING,8.572,0.011,0.016,-0.03,0.450,0.002,0.000,0.000,0.000,0.000,8.57,10.77567063,106.67091423,10.51,"10°46'32.41""N, 106°40'15.29""E",FIX,
09:54:47.105,1786244087.106,TRACKING,8.599,0.012,0.016,-0.03,0.450,0.001,0.000,0.000,0.000,0.000,8.60,10.77567063,106.67091423,10.51,"10°46'32.41""N, 106°40'15.29""E",FIX,
09:54:47.173,1786244087.173,TRACKING,8.626,0.012,0.016,-0.03,0.450,0.001,0.000,0.000,0.000,0.000,8.63,10.77567064,106.67091464,10.51,"10°46'32.41""N, 106°40'15.29""E",FIX,
09:54:47.265,1786244087.266,TRACKING,8.662,0.013,0.016,-0.02,0.450,0.002,0.000,0.000,0.000,0.000,8.66,10.77567064,106.67091464,10.51,"10°46'32.41""N, 106°40'15.29""E",FIX,
09:54:47.324,1786244087.325,TRACKING,8.689,0.013,0.016,-0.02,0.450,-0.001,0.000,0.000,0.000,0.000,8.69,10.77567064,106.67091464,10.51,"10°46'32.41""N, 106°40'15.29""E",FIX,
09:54:47.418,1786244087.418,TRACKING,8.725,0.014,0.016,-0.02,0.450,0.002,0.000,0.000,0.000,0.000,8.73,10.77567064,106.67091505,10.51,"10°46'32.41""N, 106°40'15.29""E",FIX,
09:54:47.486,1786244087.486,TRACKING,8.752,0.014,0.016,-0.02,0.450,0.000,0.000,0.000,0.000,0.000,8.75,10.77567064,106.67091505,10.51,"10°46'32.41""N, 106°40'15.29""E",FIX,
09:54:47.556,1786244087.556,TRACKING,8.770,0.015,0.016,-0.02,0.450,-0.000,0.000,0.000,0.000,0.000,8.77,10.77567064,106.67091505,10.51,"10°46'32.41""N, 106°40'15.29""E",FIX,
09:54:51.351,1786244091.352,UTURN_PLANNING,10.276,0.039,0.016,0.00,0.000,0.000,0.000,0.000,0.000,0.000,0.00,10.77567069,106.67092204,10.51,"10°46'32.41""N, 106°40'15.32""E",FIX,
09:54:51.421,1786244091.421,PATH_FOLLOWING,10.276,0.039,0.016,-82.68,0.164,2.200,0.000,0.000,0.000,0.000,0.00,10.77567069,106.67092227,10.51,"10°46'32.41""N, 106°40'15.32""E",FIX,
09:54:51.485,1786244091.485,PATH_FOLLOWING,10.281,0.040,0.080,-82.15,0.176,2.200,0.000,0.000,0.000,0.000,0.00,10.77567069,106.67092227,10.51,"10°46'32.41""N, 106°40'15.32""E",FIX,
09:54:51.573,1786244091.573,PATH_FOLLOWING,10.295,0.042,0.256,-80.84,0.206,2.200,0.000,0.000,0.000,0.000,0.00,10.77567069,106.67092227,10.51,"10°46'32.41""N, 106°40'15.32""E",FIX,
09:54:51.647,1786244091.648,PATH_FOLLOWING,10.306,0.046,0.388,-66.38,0.558,2.200,0.000,0.000,0.000,0.000,0.00,10.77567069,106.67092240,10.51,"10°46'32.41""N, 106°40'15.32""E",FIX,
09:54:51.721,1786244091.722,PATH_FOLLOWING,10.330,0.058,0.520,-64.22,0.581,2.074,0.000,0.000,0.000,0.000,0.00,10.77567069,106.67092240,10.51,"10°46'32.41""N, 106°40'15.32""E",FIX,
09:54:51.814,1786244091.814,PATH_FOLLOWING,10.367,0.084,0.689,-16.75,0.600,0.311,0.000,0.000,0.000,0.000,0.00,10.77567069,106.67092240,10.51,"10°46'32.41""N, 106°40'15.32""E",FIX,
09:54:51.886,1786244091.887,PATH_FOLLOWING,10.394,0.108,0.755,19.50,0.599,-0.366,0.000,0.000,0.000,0.000,0.00,10.77567071,106.67092285,10.51,"10°46'32.41""N, 106°40'15.32""E",FIX,
09:54:51.974,1786244091.974,PATH_FOLLOWING,10.429,0.140,0.738,13.66,0.600,-0.251,0.000,0.000,0.000,0.000,0.00,10.77567071,106.67092285,10.51,"10°46'32.41""N, 106°40'15.32""E",FIX,
09:54:52.041,1786244092.042,PATH_FOLLOWING,10.455,0.164,0.721,3.82,0.600,-0.069,0.000,0.000,0.000,0.000,0.00,10.77567071,106.67092285,10.51,"10°46'32.41""N, 106°40'15.32""E",FIX,
09:54:52.116,1786244092.117,PATH_FOLLOWING,10.483,0.188,0.714,12.82,0.600,-0.235,0.000,0.000,0.000,0.000,0.00,10.77567085,106.67092337,10.51,"10°46'32.42""N, 106°40'15.32""E",FIX,
09:54:52.191,1786244092.192,PATH_FOLLOWING,10.510,0.211,0.702,31.01,0.598,-0.620,0.000,0.000,0.000,0.000,0.00,10.77567085,106.67092337,10.51,"10°46'32.42""N, 106°40'15.32""E",FIX,
09:54:52.266,1786244092.267,PATH_FOLLOWING,10.538,0.234,0.673,47.99,0.594,-1.138,0.000,0.000,0.000,0.000,0.00,10.77567085,106.67092337,10.51,"10°46'32.42""N, 106°40'15.32""E",FIX,
09:54:52.348,1786244092.348,PATH_FOLLOWING,10.576,0.263,0.597,20.85,0.599,-0.394,0.000,0.000,0.000,0.000,0.00,10.77567103,106.67092389,10.51,"10°46'32.42""N, 106°40'15.33""E",FIX,
09:54:52.431,1786244092.432,PATH_FOLLOWING,10.616,0.288,0.552,-6.46,0.600,0.117,0.000,0.000,0.000,0.000,0.00,10.77567103,106.67092389,10.51,"10°46'32.42""N, 106°40'15.33""E",FIX,
09:54:52.495,1786244092.495,PATH_FOLLOWING,10.637,0.301,0.550,-8.94,0.600,0.163,0.000,0.000,0.000,0.000,0.00,10.77567103,106.67092389,10.51,"10°46'32.42""N, 106°40'15.33""E",FIX,
09:54:52.564,1786244092.565,PATH_FOLLOWING,10.677,0.326,0.562,-3.62,0.600,0.065,0.000,0.000,0.000,0.000,0.00,10.77567120,106.67092441,10.51,"10°46'32.42""N, 106°40'15.33""E",FIX,
09:54:52.668,1786244092.669,PATH_FOLLOWING,10.718,0.352,0.568,-0.39,0.600,0.007,0.000,0.000,0.000,0.000,0.00,10.77567120,106.67092441,10.51,"10°46'32.42""N, 106°40'15.33""E",FIX,
09:54:52.726,1786244092.726,PATH_FOLLOWING,10.738,0.365,0.569,0.00,0.000,0.000,0.000,0.000,0.000,0.000,0.00,10.77567120,106.67092441,10.51,"10°46'32.42""N, 106°40'15.33""E",FIX,
09:54:52.798,1786244092.799,UTURN_EXECUTION,10.755,0.376,0.570,44.28,0.600,-1.009,0.000,0.000,0.000,0.000,0.00,10.77567135,106.67092486,10.51,"10°46'32.42""N, 106°40'15.33""E",FIX,
09:54:52.885,1786244092.885,UTURN_EXECUTION,10.781,0.392,0.517,44.28,0.600,-1.009,0.000,0.000,0.000,0.000,0.00,10.77567135,106.67092486,10.51,"10°46'32.42""N, 106°40'15.33""E",FIX,
09:54:52.959,1786244092.959,UTURN_EXECUTION,10.813,0.409,0.457,44.28,0.600,-1.009,0.000,0.000,0.000,0.000,0.00,10.77567135,106.67092486,10.51,"10°46'32.42""N, 106°40'15.33""E",FIX,
09:54:53.040,1786244093.040,UTURN_EXECUTION,10.857,0.428,0.376,44.28,0.600,-1.009,0.000,0.000,0.000,0.000,0.00,10.77567139,106.67092534,10.51,"10°46'32.42""N, 106°40'15.33""E",FIX,
09:54:53.101,1786244093.102,UTURN_EXECUTION,10.891,0.440,0.315,44.28,0.600,-1.009,0.000,0.000,0.000,0.000,0.00,10.77567139,106.67092534,10.51,"10°46'32.42""N, 106°40'15.33""E",FIX,
09:54:53.183,1786244093.183,UTURN_EXECUTION,10.926,0.450,0.255,44.28,0.600,-1.009,0.000,0.000,0.000,0.000,0.00,10.77567139,106.67092534,10.51,"10°46'32.42""N, 106°40'15.33""E",FIX,
09:54:53.261,1786244093.262,UTURN_EXECUTION,10.972,0.461,0.174,44.28,0.600,-1.009,0.000,0.000,0.000,0.000,0.00,10.77567144,106.67092588,10.51,"10°46'32.42""N, 106°40'15.33""E",FIX,
09:54:53.321,1786244093.321,UTURN_EXECUTION,10.996,0.464,0.134,44.28,0.600,-1.009,0.000,0.000,0.000,0.000,0.00,10.77567144,106.67092588,10.51,"10°46'32.42""N, 106°40'15.33""E",FIX,
09:54:53.403,1786244093.404,UTURN_EXECUTION,11.044,0.469,0.053,44.28,0.600,-1.009,0.000,0.000,0.000,0.000,0.00,10.77567144,106.67092588,10.51,"10°46'32.42""N, 106°40'15.33""E",FIX,
09:54:53.486,1786244093.487,UTURN_EXECUTION,11.092,0.469,-0.028,44.28,0.600,-1.009,0.000,0.000,0.000,0.000,0.00,10.77567151,106.67092642,10.51,"10°46'32.42""N, 106°40'15.34""E",FIX,
09:54:53.548,1786244093.548,UTURN_EXECUTION,11.116,0.468,-0.068,44.28,0.600,-1.009,0.000,0.000,0.000,0.000,0.00,10.77567151,106.67092642,10.51,"10°46'32.42""N, 106°40'15.34""E",FIX,
09:54:53.635,1786244093.635,UTURN_EXECUTION,11.164,0.463,-0.149,44.28,0.600,-1.009,0.000,0.000,0.000,0.000,0.00,10.77567151,106.67092642,10.51,"10°46'32.42""N, 106°40'15.34""E",FIX,
09:54:53.703,1786244093.704,UTURN_EXECUTION,11.199,0.457,-0.209,44.28,0.600,-1.009,0.000,0.000,0.000,0.000,0.00,10.77567151,106.67092642,10.51,"10°46'32.42""N, 106°40'15.34""E",FIX,
09:54:53.790,1786244093.791,UTURN_EXECUTION,11.246,0.445,-0.290,44.28,0.600,-1.009,0.000,0.000,0.000,0.000,0.00,10.77567159,106.67092697,10.51,"10°46'32.42""N, 106°40'15.34""E",FIX,
09:54:53.870,1786244093.871,UTURN_EXECUTION,11.280,0.433,-0.350,44.28,0.600,-1.009,0.000,0.000,0.000,0.000,0.00,10.77567159,106.67092697,10.51,"10°46'32.42""N, 106°40'15.34""E",FIX,
09:54:53.941,1786244093.941,UTURN_EXECUTION,11.313,0.420,-0.411,44.28,0.600,-1.009,0.000,0.000,0.000,0.000,0.00,10.77567159,106.67092697,10.51,"10°46'32.42""N, 106°40'15.34""E",FIX,
09:54:54.020,1786244094.020,UTURN_EXECUTION,11.356,0.399,-0.492,44.28,0.600,-1.009,0.000,0.000,0.000,0.000,0.00,10.77567166,106.67092751,10.51,"10°46'32.42""N, 106°40'15.34""E",FIX,
09:54:54.103,1786244094.104,UTURN_EXECUTION,11.387,0.381,-0.552,44.28,0.600,-1.009,0.000,0.000,0.000,0.000,0.00,10.77567166,106.67092751,10.51,"10°46'32.42""N, 106°40'15.34""E",FIX,
09:54:54.184,1786244094.184,UTURN_EXECUTION,11.418,0.361,-0.613,44.28,0.600,-1.009,0.000,0.000,0.000,0.000,0.00,10.77567166,106.67092751,10.51,"10°46'32.42""N, 106°40'15.34""E",FIX,
09:54:54.261,1786244094.261,UTURN_EXECUTION,11.456,0.332,-0.694,44.28,0.600,-1.009,0.000,0.000,0.000,0.000,0.00,10.77567167,106.67092804,10.51,"10°46'32.42""N, 106°40'15.34""E",FIX,
09:54:54.320,1786244094.320,UTURN_EXECUTION,11.474,0.316,-0.734,44.28,0.600,-1.009,0.000,0.000,0.000,0.000,0.00,10.77567167,106.67092804,10.51,"10°46'32.42""N, 106°40'15.34""E",FIX,
09:54:54.405,1786244094.405,UTURN_EXECUTION,11.508,0.283,-0.815,44.28,0.600,-1.009,0.000,0.000,0.000,0.000,0.00,10.77567167,106.67092804,10.51,"10°46'32.42""N, 106°40'15.34""E",FIX,
09:54:54.476,1786244094.477,UTURN_EXECUTION,11.532,0.256,-0.875,44.28,0.600,-1.009,0.000,0.000,0.000,0.000,0.00,10.77567161,106.67092856,10.51,"10°46'32.42""N, 106°40'15.34""E",FIX,
09:54:54.559,1786244094.559,UTURN_EXECUTION,11.561,0.218,-0.956,44.28,0.600,-1.009,0.000,0.000,0.000,0.000,0.00,10.77567161,106.67092856,10.51,"10°46'32.42""N, 106°40'15.34""E",FIX,
09:54:54.628,1786244094.629,UTURN_EXECUTION,11.581,0.188,-1.016,44.28,0.600,-1.009,0.000,0.000,0.000,0.000,0.00,10.77567161,106.67092856,10.51,"10°46'32.42""N, 106°40'15.34""E",FIX,
09:54:54.697,1786244094.698,UTURN_EXECUTION,11.599,0.157,-1.077,44.28,0.600,-1.009,0.000,0.000,0.000,0.000,0.00,10.77567149,106.67092906,10.51,"10°46'32.42""N, 106°40'15.34""E",FIX,
09:54:54.773,1786244094.774,UTURN_EXECUTION,11.620,0.114,-1.158,44.28,0.600,-1.009,0.000,0.000,0.000,0.000,0.00,10.77567149,106.67092906,10.51,"10°46'32.42""N, 106°40'15.34""E",FIX,
09:54:54.857,1786244094.857,UTURN_EXECUTION,11.634,0.080,-1.218,44.28,0.600,-1.009,0.000,0.000,0.000,0.000,0.00,10.77567149,106.67092906,10.51,"10°46'32.42""N, 106°40'15.34""E",FIX,
09:54:54.937,1786244094.938,UTURN_EXECUTION,11.648,0.035,-1.299,44.28,0.600,-1.009,0.000,0.000,0.000,0.000,0.00,10.77567131,106.67092953,10.51,"10°46'32.42""N, 106°40'15.35""E",FIX,
09:54:55.006,1786244095.006,UTURN_EXECUTION,11.654,0.011,-1.339,44.28,0.600,-1.009,0.000,0.000,0.000,0.000,0.00,10.77567131,106.67092953,10.51,"10°46'32.42""N, 106°40'15.35""E",FIX,
09:54:55.087,1786244095.087,UTURN_EXECUTION,11.663,-0.036,-1.420,44.28,0.600,-1.009,0.000,0.000,0.000,0.000,0.00,10.77567131,106.67092953,10.51,"10°46'32.42""N, 106°40'15.35""E",FIX,
09:54:55.158,1786244095.158,UTURN_EXECUTION,11.668,-0.071,-1.480,44.28,0.600,-1.009,0.000,0.000,0.000,0.000,0.00,10.77567107,106.67092999,10.51,"10°46'32.42""N, 106°40'15.35""E",FIX,
09:54:55.237,1786244095.237,UTURN_EXECUTION,11.670,-0.107,-1.541,44.28,0.600,-1.009,0.000,0.000,0.000,0.000,0.00,10.77567107,106.67092999,10.51,"10°46'32.42""N, 106°40'15.35""E",FIX,
09:54:55.312,1786244095.313,UTURN_EXECUTION,11.669,-0.155,-1.622,44.28,0.600,-1.009,0.000,0.000,0.000,0.000,0.00,10.77567107,106.67092999,10.51,"10°46'32.42""N, 106°40'15.35""E",FIX,
09:54:55.397,1786244095.398,UTURN_EXECUTION,11.667,-0.191,-1.682,44.28,0.600,-1.009,0.000,0.000,0.000,0.000,0.00,10.77567078,106.67093042,10.51,"10°46'32.41""N, 106°40'15.35""E",FIX,
09:54:55.469,1786244095.469,UTURN_EXECUTION,11.661,-0.227,-1.743,44.28,0.600,-1.009,0.000,0.000,0.000,0.000,0.00,10.77567078,106.67093042,10.51,"10°46'32.41""N, 106°40'15.35""E",FIX,
09:54:55.547,1786244095.547,UTURN_EXECUTION,11.654,-0.262,-1.803,44.28,0.600,-1.009,0.000,0.000,0.000,0.000,0.00,10.77567078,106.67093042,10.51,"10°46'32.41""N, 106°40'15.35""E",FIX,
09:54:55.628,1786244095.629,UTURN_EXECUTION,11.641,-0.308,-1.884,44.28,0.600,-1.009,0.000,0.000,0.000,0.000,0.00,10.77567043,106.67093083,10.51,"10°46'32.41""N, 106°40'15.35""E",FIX,
09:54:55.707,1786244095.708,UTURN_EXECUTION,11.629,-0.342,-1.945,44.28,0.600,-1.009,0.000,0.000,0.000,0.000,0.00,10.77567043,106.67093083,10.51,"10°46'32.41""N, 106°40'15.35""E",FIX,
09:54:55.799,1786244095.800,UTURN_EXECUTION,11.610,-0.386,-2.025,44.28,0.600,-1.009,0.000,0.000,0.000,0.000,0.00,10.77567043,106.67093083,10.51,"10°46'32.41""N, 106°40'15.35""E",FIX,
09:54:55.866,1786244095.866,UTURN_EXECUTION,11.593,-0.418,-2.086,44.28,0.600,-1.009,0.000,0.000,0.000,0.000,0.00,10.77567005,106.67093122,10.51,"10°46'32.41""N, 106°40'15.35""E",FIX,
09:54:55.949,1786244095.950,UTURN_EXECUTION,11.574,-0.449,-2.146,44.28,0.600,-1.009,0.000,0.000,0.000,0.000,0.00,10.77567005,106.67093122,10.51,"10°46'32.41""N, 106°40'15.35""E",FIX,
09:54:56.023,1786244096.023,UTURN_EXECUTION,11.554,-0.478,-2.207,44.28,0.600,-1.009,0.000,0.000,0.000,0.000,0.00,10.77567005,106.67093122,10.51,"10°46'32.41""N, 106°40'15.35""E",FIX,
09:54:56.102,1786244096.103,UTURN_EXECUTION,11.524,-0.516,-2.288,44.28,0.600,-1.009,0.000,0.000,0.000,0.000,0.00,10.77566965,106.67093158,10.51,"10°46'32.41""N, 106°40'15.35""E",FIX,
09:54:56.178,1786244096.179,UTURN_EXECUTION,11.499,-0.542,-2.348,44.28,0.600,-1.009,0.000,0.000,0.000,0.000,0.00,10.77566965,106.67093158,10.51,"10°46'32.41""N, 106°40'15.35""E",FIX,
09:54:56.263,1786244096.264,UTURN_EXECUTION,11.473,-0.567,-2.409,44.28,0.600,-1.009,0.000,0.000,0.000,0.000,0.00,10.77566965,106.67093158,10.51,"10°46'32.41""N, 106°40'15.35""E",FIX,
09:54:56.332,1786244096.333,UTURN_EXECUTION,11.446,-0.590,-2.469,44.28,0.600,-1.009,0.000,0.000,0.000,0.000,0.00,10.77566924,106.67093192,10.51,"10°46'32.41""N, 106°40'15.35""E",FIX,
09:54:56.406,1786244096.407,UTURN_EXECUTION,11.407,-0.619,-2.550,44.28,0.600,-1.009,0.000,0.000,0.000,0.000,0.00,10.77566924,106.67093192,10.51,"10°46'32.41""N, 106°40'15.35""E",FIX,
09:54:56.496,1786244096.496,UTURN_EXECUTION,11.366,-0.644,-2.631,44.28,0.600,-1.009,0.000,0.000,0.000,0.000,0.00,10.77566924,106.67093192,10.51,"10°46'32.41""N, 106°40'15.35""E",FIX,
09:54:56.565,1786244096.565,UTURN_EXECUTION,11.334,-0.661,-2.691,44.28,0.600,-1.009,0.000,0.000,0.000,0.000,0.00,10.77566884,106.67093223,10.51,"10°46'32.41""N, 106°40'15.36""E",FIX,
09:54:56.638,1786244096.639,UTURN_EXECUTION,11.302,-0.675,-2.752,44.28,0.600,-1.009,0.000,0.000,0.000,0.000,0.00,10.77566884,106.67093223,10.51,"10°46'32.41""N, 106°40'15.36""E",FIX,
09:54:56.709,1786244096.710,UTURN_EXECUTION,11.268,-0.688,-2.812,44.28,0.600,-1.009,0.000,0.000,0.000,0.000,0.00,10.77566884,106.67093223,10.51,"10°46'32.41""N, 106°40'15.36""E",FIX,
09:54:56.792,1786244096.793,UTURN_EXECUTION,11.233,-0.698,-2.873,44.28,0.600,-1.009,0.000,0.000,0.000,0.000,0.00,10.77566843,106.67093252,10.51,"10°46'32.41""N, 106°40'15.36""E",FIX,
09:54:56.861,1786244096.862,UTURN_EXECUTION,11.198,-0.707,-2.933,44.28,0.600,-1.009,0.000,0.000,0.000,0.000,0.00,10.77566843,106.67093252,10.51,"10°46'32.41""N, 106°40'15.36""E",FIX,
09:54:56.940,1786244096.941,UTURN_EXECUTION,11.151,-0.715,-3.014,44.28,0.600,-1.009,0.000,0.000,0.000,0.000,0.00,10.77566843,106.67093252,10.51,"10°46'32.41""N, 106°40'15.36""E",FIX,
09:54:57.024,1786244097.024,UTURN_EXECUTION,11.103,-0.719,-3.095,44.28,0.600,-1.009,0.000,0.000,0.000,0.000,0.00,10.77566802,106.67093279,10.51,"10°46'32.40""N, 106°40'15.36""E",FIX,
09:54:57.081,1786244097.081,UTURN_EXECUTION,11.079,-0.720,-3.135,44.28,0.600,-1.009,0.000,0.000,0.000,0.000,0.00,10.77566802,106.67093279,10.51,"10°46'32.40""N, 106°40'15.36""E",FIX,
09:54:57.167,1786244097.168,UTURN_EXECUTION,11.031,-0.718,3.067,44.28,0.600,-1.009,0.000,0.000,0.000,0.000,0.00,10.77566802,106.67093279,10.51,"10°46'32.40""N, 106°40'15.36""E",FIX,
09:54:57.236,1786244097.237,UTURN_EXECUTION,10.996,-0.714,3.007,44.28,0.600,-1.009,0.000,0.000,0.000,0.000,0.00,10.77566761,106.67093304,10.51,"10°46'32.40""N, 106°40'15.36""E",FIX,
09:54:57.306,1786244097.307,UTURN_EXECUTION,10.960,-0.708,2.946,44.28,0.600,-1.009,0.000,0.000,0.000,0.000,0.00,10.77566761,106.67093304,10.51,"10°46'32.40""N, 106°40'15.36""E",FIX,
09:54:57.383,1786244097.383,UTURN_EXECUTION,10.913,-0.697,2.866,44.28,0.600,-1.009,0.000,0.000,0.000,0.000,0.00,10.77566761,106.67093304,10.51,"10°46'32.40""N, 106°40'15.36""E",FIX,
09:54:57.463,1786244097.463,UTURN_EXECUTION,10.879,-0.686,2.805,44.28,0.600,-1.009,0.000,0.000,0.000,0.000,0.00,10.77566720,106.67093327,10.51,"10°46'32.40""N, 106°40'15.36""E",FIX,
09:54:57.547,1786244097.547,UTURN_EXECUTION,10.834,-0.669,2.724,44.28,0.600,-1.009,0.000,0.000,0.000,0.000,0.00,10.77566720,106.67093327,10.51,"10°46'32.40""N, 106°40'15.36""E",FIX,
09:54:57.610,1786244097.610,UTURN_EXECUTION,10.813,-0.659,2.684,44.28,0.600,-1.009,0.000,0.000,0.000,0.000,0.00,10.77566720,106.67093327,10.51,"10°46'32.40""N, 106°40'15.36""E",FIX,
09:54:57.696,1786244097.696,UTURN_EXECUTION,10.771,-0.636,2.603,44.28,0.600,-1.009,0.000,0.000,0.000,0.000,0.00,10.77566679,106.67093348,10.51,"10°46'32.40""N, 106°40'15.36""E",FIX,
09:54:57.763,1786244097.764,UTURN_EXECUTION,10.740,-0.616,2.543,44.28,0.600,-1.009,0.000,0.000,0.000,0.000,0.00,10.77566679,106.67093348,10.51,"10°46'32.40""N, 106°40'15.36""E",FIX,
09:54:57.849,1786244097.849,UTURN_EXECUTION,10.702,-0.588,2.462,44.28,0.600,-1.009,0.000,0.000,0.000,0.000,0.00,10.77566679,106.67093348,10.51,"10°46'32.40""N, 106°40'15.36""E",FIX,
09:54:57.909,1786244097.910,UTURN_EXECUTION,10.674,-0.564,2.401,44.28,0.600,-1.009,0.000,0.000,0.000,0.000,0.00,10.77566638,106.67093367,10.51,"10°46'32.40""N, 106°40'15.36""E",FIX,
09:54:57.983,1786244097.983,UTURN_EXECUTION,10.649,-0.539,2.341,44.28,0.600,-1.009,0.000,0.000,0.000,0.000,0.00,10.77566638,106.67093367,10.51,"10°46'32.40""N, 106°40'15.36""E",FIX,
09:54:58.068,1786244098.069,UTURN_EXECUTION,10.617,-0.503,2.260,44.28,0.600,-1.009,0.000,0.000,0.000,0.000,0.00,10.77566638,106.67093367,10.51,"10°46'32.40""N, 106°40'15.36""E",FIX,
09:54:58.132,1786244098.133,UTURN_EXECUTION,10.602,-0.485,2.220,44.28,0.600,-1.009,0.000,0.000,0.000,0.000,0.00,10.77566597,106.67093384,10.51,"10°46'32.40""N, 106°40'15.36""E",FIX,
09:54:58.220,1786244098.221,UTURN_EXECUTION,10.568,-0.435,2.119,44.28,0.600,-1.009,0.000,0.000,0.000,0.000,0.00,10.77566597,106.67093384,10.51,"10°46'32.40""N, 106°40'15.36""E",FIX,
09:54:58.285,1786244098.285,UTURN_EXECUTION,10.556,-0.414,2.079,44.28,0.600,-1.009,0.000,0.000,0.000,0.000,0.00,10.77566597,106.67093384,10.51,"10°46'32.40""N, 106°40'15.36""E",FIX,
09:54:58.353,1786244098.354,UTURN_EXECUTION,10.539,-0.382,2.018,44.28,0.600,-1.009,0.000,0.000,0.000,0.000,0.00,10.77566557,106.67093400,10.51,"10°46'32.40""N, 106°40'15.36""E",FIX,
09:54:58.441,1786244098.442,UTURN_EXECUTION,10.520,-0.338,1.937,44.28,0.600,-1.009,0.000,0.000,0.000,0.000,0.00,10.77566557,106.67093400,10.51,"10°46'32.40""N, 106°40'15.36""E",FIX,
09:54:58.516,1786244098.517,UTURN_EXECUTION,10.505,-0.293,1.857,44.28,0.600,-1.009,0.000,0.000,0.000,0.000,0.00,10.77566557,106.67093400,10.51,"10°46'32.40""N, 106°40'15.36""E",FIX,
09:54:58.595,1786244098.595,UTURN_EXECUTION,10.496,-0.258,1.796,44.28,0.600,-1.009,0.000,0.000,0.000,0.000,0.00,10.77566516,106.67093414,10.51,"10°46'32.39""N, 106°40'15.36""E",FIX,
09:54:58.657,1786244098.658,UTURN_EXECUTION,10.489,-0.223,1.735,44.28,0.600,-1.009,0.000,0.000,0.000,0.000,0.00,10.77566516,106.67093414,10.51,"10°46'32.39""N, 106°40'15.36""E",FIX,
09:54:58.731,1786244098.732,UTURN_EXECUTION,10.484,-0.187,1.675,44.28,0.600,-1.009,0.000,0.000,0.000,0.000,0.00,10.77566516,106.67093414,10.51,"10°46'32.39""N, 106°40'15.36""E",FIX,
09:54:58.828,1786244098.828,UTURN_EXECUTION,10.481,-0.139,1.594,44.28,0.600,-1.009,0.000,0.000,0.000,0.000,0.00,10.77566475,106.67093427,10.51,"10°46'32.39""N, 106°40'15.36""E",FIX,
09:54:58.898,1786244098.899,UTURN_EXECUTION,10.481,-0.103,1.534,44.28,0.600,-1.009,0.000,0.000,0.000,0.000,0.00,10.77566475,106.67093427,10.51,"10°46'32.39""N, 106°40'15.36""E",FIX,
09:54:58.980,1786244098.980,UTURN_EXECUTION,10.484,-0.067,1.473,44.28,0.600,-1.009,0.000,0.000,0.000,0.000,0.00,10.77566475,106.67093427,10.51,"10°46'32.39""N, 106°40'15.36""E",FIX,
09:54:59.052,1786244099.052,UTURN_EXECUTION,10.488,-0.031,1.413,44.28,0.600,-1.009,0.000,0.000,0.000,0.000,0.00,10.77566434,106.67093439,10.51,"10°46'32.39""N, 106°40'15.36""E",FIX,
09:54:59.127,1786244099.128,UTURN_EXECUTION,10.495,0.004,1.352,44.28,0.600,-1.009,0.000,0.000,0.000,0.000,0.00,10.77566434,106.67093439,10.51,"10°46'32.39""N, 106°40'15.36""E",FIX,
09:54:59.195,1786244099.196,UTURN_EXECUTION,10.504,0.039,1.292,44.28,0.600,-1.009,0.000,0.000,0.000,0.000,0.00,10.77566434,106.67093439,10.51,"10°46'32.39""N, 106°40'15.36""E",FIX,
09:54:59.276,1786244099.276,UTURN_EXECUTION,10.519,0.084,1.211,44.28,0.600,-1.009,0.000,0.000,0.000,0.000,0.00,10.77566393,106.67093449,10.51,"10°46'32.39""N, 106°40'15.36""E",FIX,
09:54:59.361,1786244099.361,UTURN_EXECUTION,10.538,0.129,1.130,44.28,0.600,-1.009,0.000,0.000,0.000,0.000,0.00,10.77566393,106.67093449,10.51,"10°46'32.39""N, 106°40'15.36""E",FIX,
09:54:59.441,1786244099.441,UTURN_EXECUTION,10.554,0.161,1.070,44.28,0.600,-1.009,0.000,0.000,0.000,0.000,0.00,10.77566393,106.67093449,10.51,"10°46'32.39""N, 106°40'15.36""E",FIX,
09:54:59.518,1786244099.518,UTURN_EXECUTION,10.572,0.192,1.009,44.28,0.600,-1.009,0.000,0.000,0.000,0.000,0.00,10.77566352,106.67093458,10.51,"10°46'32.39""N, 106°40'15.36""E",FIX,
09:54:59.592,1786244099.593,UTURN_EXECUTION,10.592,0.222,0.948,44.28,0.600,-1.009,0.000,0.000,0.000,0.000,0.00,10.77566352,106.67093458,10.51,"10°46'32.39""N, 106°40'15.36""E",FIX,
09:54:59.679,1786244099.679,UTURN_EXECUTION,10.622,0.259,0.868,44.28,0.600,-1.009,0.000,0.000,0.000,0.000,0.00,10.77566352,106.67093458,10.51,"10°46'32.39""N, 106°40'15.36""E",FIX,
09:54:59.742,1786244099.742,UTURN_EXECUTION,10.646,0.286,0.807,44.28,0.600,-1.009,0.000,0.000,0.000,0.000,0.00,10.77566311,106.67093466,10.51,"10°46'32.39""N, 106°40'15.36""E",FIX,
09:54:59.827,1786244099.827,UTURN_EXECUTION,10.672,0.311,0.747,44.28,0.600,-1.009,0.000,0.000,0.000,0.000,0.00,10.77566311,106.67093466,10.51,"10°46'32.39""N, 106°40'15.36""E",FIX,
09:54:59.899,1786244099.900,UTURN_EXECUTION,10.699,0.335,0.686,44.28,0.600,-1.009,0.000,0.000,0.000,0.000,0.00,10.77566311,106.67093466,10.51,"10°46'32.39""N, 106°40'15.36""E",FIX,
09:54:59.979,1786244099.980,UTURN_EXECUTION,10.737,0.364,0.605,44.28,0.600,-1.009,0.000,0.000,0.000,0.000,0.00,10.77566270,106.67093474,10.51,"10°46'32.39""N, 106°40'15.37""E",FIX,
09:55:00.061,1786244100.061,UTURN_EXECUTION,10.767,0.383,0.545,44.28,0.600,-1.009,0.000,0.000,0.000,0.000,0.00,10.77566270,106.67093474,10.51,"10°46'32.39""N, 106°40'15.37""E",FIX,
09:55:00.152,1786244100.153,UTURN_EXECUTION,10.809,0.407,0.464,44.28,0.600,-1.009,0.000,0.000,0.000,0.000,0.00,10.77566270,106.67093474,10.51,"10°46'32.39""N, 106°40'15.37""E",FIX,
09:55:00.220,1786244100.221,UTURN_EXECUTION,10.842,0.422,0.404,44.28,0.600,-1.009,0.000,0.000,0.000,0.000,0.00,10.77566229,106.67093480,10.51,"10°46'32.38""N, 106°40'15.37""E",FIX,
09:55:00.285,1786244100.285,UTURN_EXECUTION,10.875,0.435,0.343,44.28,0.600,-1.009,0.000,0.000,0.000,0.000,0.00,10.77566229,106.67093480,10.51,"10°46'32.38""N, 106°40'15.37""E",FIX,
09:55:00.361,1786244100.362,UTURN_EXECUTION,10.910,0.446,0.283,44.28,0.600,-1.009,0.000,0.000,0.000,0.000,0.00,10.77566229,106.67093480,10.51,"10°46'32.38""N, 106°40'15.37""E",FIX,
09:55:00.445,1786244100.446,UTURN_EXECUTION,10.956,0.457,0.202,44.28,0.600,-1.009,0.000,0.000,0.000,0.000,0.00,10.77566188,106.67093486,10.51,"10°46'32.38""N, 106°40'15.37""E",FIX,
09:55:00.507,1786244100.507,UTURN_EXECUTION,10.992,0.464,0.141,44.28,0.600,-1.009,0.000,0.000,0.000,0.000,0.00,10.77566188,106.67093486,10.51,"10°46'32.38""N, 106°40'15.37""E",FIX,
09:55:00.582,1786244100.582,UTURN_EXECUTION,11.028,0.468,0.081,44.28,0.600,-1.009,0.000,0.000,0.000,0.000,0.00,10.77566188,106.67093486,10.51,"10°46'32.38""N, 106°40'15.37""E",FIX,
09:55:00.665,1786244100.666,UTURN_EXECUTION,11.075,0.470,0.000,44.28,0.600,-1.009,0.000,0.000,0.000,0.000,0.00,10.77566147,106.67093491,10.51,"10°46'32.38""N, 106°40'15.37""E",FIX,
09:55:00.739,1786244100.739,UTURN_EXECUTION,11.111,0.468,-0.060,44.28,0.600,-1.009,0.000,0.000,0.000,0.000,0.00,10.77566147,106.67093491,10.51,"10°46'32.38""N, 106°40'15.37""E",FIX,
09:55:00.815,1786244100.816,UTURN_EXECUTION,11.159,0.464,-0.141,44.28,0.600,-1.009,0.000,0.000,0.000,0.000,0.00,10.77566147,106.67093491,10.51,"10°46'32.38""N, 106°40'15.37""E",FIX,
09:55:00.891,1786244100.892,UTURN_EXECUTION,11.195,0.457,-0.202,44.28,0.600,-1.009,0.000,0.000,0.000,0.000,0.00,10.77566106,106.67093495,10.51,"10°46'32.38""N, 106°40'15.37""E",FIX,
09:55:00.978,1786244100.979,UTURN_EXECUTION,11.230,0.449,-0.262,44.28,0.600,-1.009,0.000,0.000,0.000,0.000,0.00,10.77566106,106.67093495,10.51,"10°46'32.38""N, 106°40'15.37""E",FIX,
09:55:01.092,1786244101.093,UTURN_EXECUTION,11.276,0.435,-0.343,44.28,0.600,-1.009,0.000,0.000,0.000,0.000,0.00,10.77566106,106.67093495,10.51,"10°46'32.38""N, 106°40'15.37""E",FIX,
09:55:01.177,1786244101.178,UTURN_EXECUTION,11.309,0.422,-0.404,44.28,0.600,-1.009,0.000,0.000,0.000,0.000,0.00,10.77566065,106.67093499,10.51,"10°46'32.38""N, 106°40'15.37""E",FIX,
09:55:01.247,1786244101.248,UTURN_EXECUTION,11.342,0.407,-0.464,44.28,0.600,-1.009,0.000,0.000,0.000,0.000,0.00,10.77566065,106.67093499,10.51,"10°46'32.38""N, 106°40'15.37""E",FIX,
09:55:01.321,1786244101.322,UTURN_EXECUTION,11.373,0.390,-0.525,44.28,0.600,-1.009,0.000,0.000,0.000,0.000,0.00,10.77566065,106.67093499,10.51,"10°46'32.38""N, 106°40'15.37""E",FIX,
09:55:01.397,1786244101.397,UTURN_EXECUTION,11.404,0.371,-0.585,44.28,0.600,-1.009,0.000,0.000,0.000,0.000,0.00,10.77566065,106.67093499,10.51,"10°46'32.38""N, 106°40'15.37""E",FIX,
09:55:01.493,1786244101.493,UTURN_EXECUTION,11.443,0.343,-0.666,44.28,0.600,-1.009,0.000,0.000,0.000,0.000,0.00,10.77566024,106.67093502,10.51,"10°46'32.38""N, 106°40'15.37""E",FIX,
09:55:01.591,1786244101.592,UTURN_EXECUTION,11.479,0.311,-0.747,44.28,0.600,-1.009,0.000,0.000,0.000,0.000,0.00,10.77566024,106.67093502,10.51,"10°46'32.38""N, 106°40'15.37""E",FIX,
09:55:01.656,1786244101.657,UTURN_EXECUTION,11.505,0.286,-0.807,44.28,0.600,-1.009,0.000,0.000,0.000,0.000,0.00,10.77565983,106.67093505,10.51,"10°46'32.38""N, 106°40'15.37""E",FIX,
09:55:01.720,1786244101.721,UTURN_EXECUTION,11.521,0.268,-0.847,44.28,0.600,-1.009,0.000,0.000,0.000,0.000,0.00,10.77565983,106.67093505,10.51,"10°46'32.38""N, 106°40'15.37""E",FIX,
09:55:01.807,1786244101.808,UTURN_EXECUTION,11.552,0.231,-0.928,44.28,0.600,-1.009,0.000,0.000,0.000,0.000,0.00,10.77565983,106.67093505,10.51,"10°46'32.38""N, 106°40'15.37""E",FIX,
09:55:01.876,1786244101.876,UTURN_EXECUTION,11.572,0.202,-0.989,44.28,0.600,-1.009,0.000,0.000,0.000,0.000,0.00,10.77565983,106.67093505,10.51,"10°46'32.38""N, 106°40'15.37""E",FIX,
09:55:01.976,1786244101.977,UTURN_EXECUTION,11.603,0.150,-1.090,44.28,0.600,-1.009,0.000,0.000,0.000,0.000,0.00,10.77565942,106.67093508,10.51,"10°46'32.37""N, 106°40'15.37""E",FIX,
09:55:02.016,1786244102.016,UTURN_EXECUTION,11.608,0.139,-1.110,44.28,0.600,-1.009,0.000,0.000,0.000,0.000,0.00,10.77565942,106.67093508,10.51,"10°46'32.37""N, 106°40'15.37""E",FIX,
09:55:02.094,1786244102.095,UTURN_EXECUTION,11.628,0.096,-1.191,44.28,0.600,-1.009,0.000,0.000,0.000,0.000,0.00,10.77565942,106.67093508,10.51,"10°46'32.37""N, 106°40'15.37""E",FIX,
09:55:02.165,1786244102.166,UTURN_EXECUTION,11.640,0.062,-1.251,44.28,0.600,-1.009,0.000,0.000,0.000,0.000,0.00,10.77565901,106.67093510,10.51,"10°46'32.37""N, 106°40'15.37""E",FIX,
09:55:02.264,1786244102.264,UTURN_EXECUTION,11.656,0.004,-1.352,44.28,0.600,-1.009,0.000,0.000,0.000,0.000,0.00,10.77565901,106.67093510,10.51,"10°46'32.37""N, 106°40'15.37""E",FIX,
09:55:02.332,1786244102.333,UTURN_EXECUTION,11.663,-0.031,-1.412,44.28,0.600,-1.009,0.000,0.000,0.000,0.000,0.00,10.77565860,106.67093512,10.51,"10°46'32.37""N, 106°40'15.37""E",FIX,
09:55:02.397,1786244102.398,UTURN_EXECUTION,11.666,-0.055,-1.453,44.28,0.600,-1.009,0.000,0.000,0.000,0.000,0.00,10.77565860,106.67093512,10.51,"10°46'32.37""N, 106°40'15.37""E",FIX,
09:55:02.464,1786244102.464,UTURN_EXECUTION,11.669,-0.091,-1.513,44.28,0.600,-1.009,0.000,0.000,0.000,0.000,0.00,10.77565860,106.67093512,10.51,"10°46'32.37""N, 106°40'15.37""E",FIX,
09:55:02.553,1786244102.554,UTURN_EXECUTION,11.670,-0.151,-1.614,44.28,0.600,-1.009,0.000,0.000,0.000,0.000,0.00,10.77565819,106.67093514,10.51,"10°46'32.37""N, 106°40'15.37""E",FIX,
09:55:02.631,1786244102.631,UTURN_EXECUTION,11.667,-0.187,-1.675,44.28,0.600,-1.009,0.000,0.000,0.000,0.000,0.00,10.77565819,106.67093514,10.51,"10°46'32.37""N, 106°40'15.37""E",FIX,
09:55:02.718,1786244102.718,UTURN_EXECUTION,11.662,-0.223,-1.735,44.28,0.600,-1.009,0.000,0.000,0.000,0.000,0.00,10.77565819,106.67093514,10.51,"10°46'32.37""N, 106°40'15.37""E",FIX,
09:55:02.788,1786244102.788,UTURN_EXECUTION,11.655,-0.258,-1.796,44.28,0.600,-1.009,0.000,0.000,0.000,0.000,0.00,10.77565819,106.67093514,10.51,"10°46'32.37""N, 106°40'15.37""E",FIX,
09:55:02.863,1786244102.863,UTURN_EXECUTION,11.643,-0.304,-1.877,44.28,0.600,-1.009,0.000,0.000,0.000,0.000,0.00,10.77565778,106.67093515,10.51,"10°46'32.37""N, 106°40'15.37""E",FIX,
09:55:02.932,1786244102.932,UTURN_EXECUTION,11.631,-0.338,-1.937,44.28,0.600,-1.009,0.000,0.000,0.000,0.000,0.00,10.77565778,106.67093515,10.51,"10°46'32.37""N, 106°40'15.37""E",FIX,
09:55:03.008,1786244103.008,UTURN_EXECUTION,11.617,-0.371,-1.998,44.28,0.600,-1.009,0.000,0.000,0.000,0.000,0.00,10.77565778,106.67093515,10.51,"10°46'32.37""N, 106°40'15.37""E",FIX,
09:55:03.081,1786244103.082,UTURN_EXECUTION,11.601,-0.404,-2.058,44.28,0.600,-1.009,0.000,0.000,0.000,0.000,0.00,10.77565737,106.67093517,10.51,"10°46'32.37""N, 106°40'15.37""E",FIX,
09:55:03.161,1786244103.162,UTURN_EXECUTION,11.583,-0.435,-2.119,44.28,0.600,-1.009,0.000,0.000,0.000,0.000,0.00,10.77565737,106.67093517,10.51,"10°46'32.37""N, 106°40'15.37""E",FIX,
09:55:03.254,1786244103.255,UTURN_EXECUTION,11.563,-0.465,-2.179,44.28,0.600,-1.009,0.000,0.000,0.000,0.000,0.00,10.77565737,106.67093517,10.51,"10°46'32.37""N, 106°40'15.37""E",FIX,
09:55:03.322,1786244103.323,UTURN_EXECUTION,11.534,-0.503,-2.260,44.28,0.600,-1.009,0.000,0.000,0.000,0.000,0.00,10.77565696,106.67093518,10.51,"10°46'32.37""N, 106°40'15.37""E",FIX,
09:55:03.401,1786244103.401,UTURN_EXECUTION,11.511,-0.530,-2.321,44.28,0.600,-1.009,0.000,0.000,0.000,0.000,0.00,10.77565696,106.67093518,10.51,"10°46'32.37""N, 106°40'15.37""E",FIX,
09:55:03.481,1786244103.482,UTURN_EXECUTION,11.477,-0.564,-2.401,44.28,0.600,-1.009,0.000,0.000,0.000,0.000,0.00,10.77565696,106.67093518,10.51,"10°46'32.37""N, 106°40'15.37""E",FIX,
09:55:03.564,1786244103.565,UTURN_EXECUTION,11.449,-0.588,-2.462,44.28,0.600,-1.009,0.000,0.000,0.000,0.000,0.00,10.77565655,106.67093519,10.51,"10°46'32.36""N, 106°40'15.37""E",FIX,
09:55:03.639,1786244103.639,UTURN_EXECUTION,11.421,-0.609,-2.522,44.28,0.600,-1.009,0.000,0.000,0.000,0.000,0.00,10.77565655,106.67093519,10.51,"10°46'32.36""N, 106°40'15.37""E",FIX,
09:55:03.724,1786244103.724,UTURN_EXECUTION,11.381,-0.636,-2.603,44.28,0.600,-1.009,0.000,0.000,0.000,0.000,0.00,10.77565655,106.67093519,10.51,"10°46'32.36""N, 106°40'15.37""E",FIX,
09:55:03.803,1786244103.803,UTURN_EXECUTION,11.349,-0.653,-2.664,44.28,0.600,-1.009,0.000,0.000,0.000,0.000,0.00,10.77565614,106.67093520,10.51,"10°46'32.36""N, 106°40'15.37""E",FIX,
09:55:03.871,1786244103.871,UTURN_EXECUTION,11.317,-0.669,-2.724,44.28,0.600,-1.009,0.000,0.000,0.000,0.000,0.00,10.77565614,106.67093520,10.51,"10°46'32.36""N, 106°40'15.37""E",FIX,
09:55:03.952,1786244103.952,UTURN_EXECUTION,11.283,-0.682,-2.785,44.28,0.600,-1.009,0.000,0.000,0.000,0.000,0.00,10.77565614,106.67093520,10.51,"10°46'32.36""N, 106°40'15.37""E",FIX,
09:55:04.025,1786244104.026,UTURN_EXECUTION,11.249,-0.694,-2.845,44.28,0.600,-1.009,0.000,0.000,0.000,0.000,0.00,10.77565573,106.67093520,10.51,"10°46'32.36""N, 106°40'15.37""E",FIX,
09:55:04.103,1786244104.103,UTURN_EXECUTION,11.203,-0.706,-2.926,44.28,0.600,-1.009,0.000,0.000,0.000,0.000,0.00,10.77565573,106.67093520,10.51,"10°46'32.36""N, 106°40'15.37""E",FIX,
09:55:04.188,1786244104.188,UTURN_EXECUTION,11.167,-0.713,-2.986,44.28,0.600,-1.009,0.000,0.000,0.000,0.000,0.00,10.77565573,106.67093520,10.51,"10°46'32.36""N, 106°40'15.37""E",FIX,
09:55:04.268,1786244104.269,UTURN_EXECUTION,11.120,-0.718,-3.067,44.28,0.600,-1.009,0.000,0.000,0.000,0.000,0.00,10.77565532,106.67093521,10.51,"10°46'32.36""N, 106°40'15.37""E",FIX,
09:55:04.343,1786244104.343,UTURN_EXECUTION,11.084,-0.720,-3.128,44.28,0.600,-1.009,0.000,0.000,0.000,0.000,0.00,10.77565532,106.67093521,10.51,"10°46'32.36""N, 106°40'15.37""E",FIX,
09:55:04.428,1786244104.428,UTURN_EXECUTION,11.048,-0.719,3.095,44.28,0.600,-1.009,0.000,0.000,0.000,0.000,0.00,10.77565532,106.67093521,10.51,"10°46'32.36""N, 106°40'15.37""E",FIX,
09:55:04.508,1786244104.508,UTURN_EXECUTION,11.000,-0.715,3.014,44.28,0.600,-1.009,0.000,0.000,0.000,0.000,0.00,10.77565491,106.67093521,10.51,"10°46'32.36""N, 106°40'15.37""E",FIX,
09:55:04.573,1786244104.574,UTURN_EXECUTION,10.976,-0.711,2.974,44.28,0.600,-1.009,0.000,0.000,0.000,0.000,0.00,10.77565491,106.67093521,10.51,"10°46'32.36""N, 106°40'15.37""E",FIX,
09:55:04.663,1786244104.663,UTURN_EXECUTION,10.918,-0.698,2.873,44.28,0.600,-1.009,0.000,0.000,0.000,0.000,0.00,10.77565491,106.67093521,10.51,"10°46'32.36""N, 106°40'15.37""E",FIX,
09:55:04.726,1786244104.726,UTURN_EXECUTION,10.895,-0.692,2.833,44.28,0.600,-1.009,0.000,0.000,0.000,0.000,0.00,10.77565450,106.67093522,10.51,"10°46'32.36""N, 106°40'15.37""E",FIX,
09:55:04.816,1786244104.816,UTURN_EXECUTION,10.850,-0.675,2.752,44.28,0.600,-1.009,0.000,0.000,0.000,0.000,0.00,10.77565450,106.67093522,10.51,"10°46'32.36""N, 106°40'15.37""E",FIX,
09:55:04.877,1786244104.878,UTURN_EXECUTION,10.828,-0.666,2.712,44.28,0.600,-1.009,0.000,0.000,0.000,0.000,0.00,10.77565450,106.67093522,10.51,"10°46'32.36""N, 106°40'15.37""E",FIX,
09:55:04.958,1786244104.959,UTURN_EXECUTION,10.785,-0.644,2.631,44.28,0.600,-1.009,0.000,0.000,0.000,0.000,0.00,10.77565409,106.67093522,10.51,"10°46'32.35""N, 106°40'15.37""E",FIX,
09:55:05.035,1786244105.036,UTURN_EXECUTION,10.754,-0.625,2.570,44.28,0.600,-1.009,0.000,0.000,0.000,0.000,0.00,10.77565409,106.67093522,10.51,"10°46'32.35""N, 106°40'15.37""E",FIX,
09:55:05.107,1786244105.108,UTURN_EXECUTION,10.724,-0.605,2.510,44.28,0.600,-1.009,0.000,0.000,0.000,0.000,0.00,10.77565409,106.67093522,10.51,"10°46'32.35""N, 106°40'15.37""E",FIX,
09:55:05.191,1786244105.191,UTURN_EXECUTION,10.687,-0.575,2.429,44.28,0.600,-1.009,0.000,0.000,0.000,0.000,0.00,10.77565368,106.67093523,10.51,"10°46'32.35""N, 106°40'15.37""E",FIX,
09:55:05.259,1786244105.259,UTURN_EXECUTION,10.652,-0.542,2.348,44.28,0.600,-1.009,0.000,0.000,0.000,0.000,0.00,10.77565368,106.67093523,10.51,"10°46'32.35""N, 106°40'15.37""E",FIX,
09:55:05.339,1786244105.339,UTURN_EXECUTION,10.627,-0.516,2.288,44.28,0.600,-1.009,0.000,0.000,0.000,0.000,0.00,10.77565368,106.67093523,10.51,"10°46'32.35""N, 106°40'15.37""E",FIX,
09:55:05.414,1786244105.414,UTURN_EXECUTION,10.604,-0.488,2.227,44.28,0.600,-1.009,0.000,0.000,0.000,0.000,0.00,10.77565327,106.67093523,10.51,"10°46'32.35""N, 106°40'15.37""E",FIX,
09:55:05.483,1786244105.483,UTURN_EXECUTION,10.583,-0.459,2.167,44.28,0.600,-1.009,0.000,0.000,0.000,0.000,0.00,10.77565327,106.67093523,10.51,"10°46'32.35""N, 106°40'15.37""E",FIX,
09:55:05.556,1786244105.557,UTURN_EXECUTION,10.564,-0.429,2.106,44.28,0.600,-1.009,0.000,0.000,0.000,0.000,0.00,10.77565327,106.67093523,10.51,"10°46'32.35""N, 106°40'15.37""E",FIX,
09:55:05.646,1786244105.646,UTURN_EXECUTION,10.536,-0.375,2.005,44.28,0.600,-1.009,0.000,0.000,0.000,0.000,0.00,10.77565286,106.67093523,10.51,"10°46'32.35""N, 106°40'15.37""E",FIX,
09:55:05.719,1786244105.719,UTURN_EXECUTION,10.522,-0.342,1.945,44.28,0.600,-1.009,0.000,0.000,0.000,0.000,0.00,10.77565286,106.67093523,10.51,"10°46'32.35""N, 106°40'15.37""E",FIX,
09:55:05.771,1786244105.772,UTURN_EXECUTION,10.514,-0.320,1.904,44.28,0.600,-1.009,0.000,0.000,0.000,0.000,0.00,10.77565286,106.67093523,10.51,"10°46'32.35""N, 106°40'15.37""E",FIX,
09:55:05.865,1786244105.866,UTURN_EXECUTION,10.500,-0.274,1.824,44.28,0.600,-1.009,0.000,0.000,0.000,0.000,0.00,10.77565245,106.67093524,10.51,"10°46'32.35""N, 106°40'15.37""E",FIX,
09:55:05.941,1786244105.941,UTURN_EXECUTION,10.492,-0.239,1.763,44.28,0.600,-1.009,0.000,0.000,0.000,0.000,0.00,10.77565245,106.67093524,10.51,"10°46'32.35""N, 106°40'15.37""E",FIX,
09:55:06.012,1786244106.012,UTURN_EXECUTION,10.485,-0.191,1.682,44.28,0.600,-1.009,0.000,0.000,0.000,0.000,0.00,10.77565245,106.67093524,10.51,"10°46'32.35""N, 106°40'15.37""E",FIX,
09:55:06.085,1786244106.085,UTURN_EXECUTION,10.482,-0.155,1.622,44.28,0.600,-1.009,0.000,0.000,0.000,0.000,0.00,10.77565204,106.67093524,10.51,"10°46'32.35""N, 106°40'15.37""E",FIX,
09:55:06.158,1786244106.159,UTURN_EXECUTION,10.481,-0.119,1.561,44.28,0.600,-1.009,0.000,0.000,0.000,0.000,0.00,10.77565204,106.67093524,10.51,"10°46'32.35""N, 106°40'15.37""E",FIX,
09:55:06.232,1786244106.233,UTURN_EXECUTION,10.483,-0.072,1.481,44.28,0.600,-1.009,0.000,0.000,0.000,0.000,0.00,10.77565204,106.67093524,10.51,"10°46'32.35""N, 106°40'15.37""E",FIX,
09:55:06.316,1786244106.316,UTURN_EXECUTION,10.488,-0.036,1.420,44.28,0.600,-1.009,0.000,0.000,0.000,0.000,0.00,10.77565163,106.67093524,10.51,"10°46'32.35""N, 106°40'15.37""E",FIX,
09:55:06.379,1786244106.380,UTURN_EXECUTION,10.492,-0.012,1.380,44.28,0.600,-1.009,0.000,0.000,0.000,0.000,0.00,10.77565163,106.67093524,10.51,"10°46'32.35""N, 106°40'15.37""E",FIX,
09:55:06.465,1786244106.466,UTURN_EXECUTION,10.506,0.046,1.279,44.28,0.600,-1.009,0.000,0.000,0.000,0.000,0.00,10.77565163,106.67093524,10.51,"10°46'32.35""N, 106°40'15.37""E",FIX,
09:55:06.543,1786244106.543,UTURN_EXECUTION,10.517,0.080,1.218,44.28,0.600,-1.009,0.000,0.000,0.000,0.000,0.00,10.77565122,106.67093524,10.51,"10°46'32.34""N, 106°40'15.37""E",FIX,
09:55:06.617,1786244106.618,UTURN_EXECUTION,10.531,0.114,1.158,44.28,0.600,-1.009,0.000,0.000,0.000,0.000,0.00,10.77565122,106.67093524,10.51,"10°46'32.34""N, 106°40'15.37""E",FIX,
09:55:06.684,1786244106.684,UTURN_EXECUTION,10.546,0.146,1.097,44.28,0.600,-1.009,0.000,0.000,0.000,0.000,0.00,10.77565122,106.67093524,10.51,"10°46'32.34""N, 106°40'15.37""E",FIX,
09:55:06.774,1786244106.774,UTURN_EXECUTION,10.564,0.178,1.037,44.28,0.600,-1.009,0.000,0.000,0.000,0.000,0.00,10.77565081,106.67093524,10.51,"10°46'32.34""N, 106°40'15.37""E",FIX,
09:55:06.839,1786244106.839,UTURN_EXECUTION,10.583,0.208,0.976,44.28,0.600,-1.009,0.000,0.000,0.000,0.000,0.00,10.77565081,106.67093524,10.51,"10°46'32.34""N, 106°40'15.37""E",FIX,
09:55:06.918,1786244106.918,UTURN_EXECUTION,10.611,0.247,0.895,44.28,0.600,-1.009,0.000,0.000,0.000,0.000,0.00,10.77565081,106.67093524,10.51,"10°46'32.34""N, 106°40'15.37""E",FIX,
09:55:06.990,1786244106.990,UTURN_EXECUTION,10.635,0.274,0.835,44.28,0.600,-1.009,0.000,0.000,0.000,0.000,0.00,10.77565040,106.67093524,10.51,"10°46'32.34""N, 106°40'15.37""E",FIX,
09:55:07.087,1786244107.087,UTURN_EXECUTION,10.668,0.308,0.754,44.28,0.600,-1.009,0.000,0.000,0.000,0.000,0.00,10.77565040,106.67093524,10.51,"10°46'32.34""N, 106°40'15.37""E",FIX,
09:55:07.157,1786244107.157,UTURN_EXECUTION,10.695,0.332,0.694,44.28,0.600,-1.009,0.000,0.000,0.000,0.000,0.00,10.77565040,106.67093524,10.51,"10°46'32.34""N, 106°40'15.37""E",FIX,
09:55:07.232,1786244107.233,UTURN_EXECUTION,10.724,0.354,0.633,44.28,0.600,-1.009,0.000,0.000,0.000,0.000,0.00,10.77564999,106.67093524,10.51,"10°46'32.34""N, 106°40'15.37""E",FIX,
09:55:07.320,1786244107.320,UTURN_EXECUTION,10.764,0.381,0.552,44.28,0.600,-1.009,0.000,0.000,0.000,0.000,0.00,10.77564999,106.67093524,10.51,"10°46'32.34""N, 106°40'15.37""E",FIX,
09:55:07.381,1786244107.382,UTURN_EXECUTION,10.784,0.393,0.512,44.28,0.600,-1.009,0.000,0.000,0.000,0.000,0.00,10.77564999,106.67093524,10.51,"10°46'32.34""N, 106°40'15.37""E",FIX,
09:55:07.467,1786244107.467,UTURN_EXECUTION,10.827,0.415,0.431,44.28,0.600,-1.009,0.000,0.000,0.000,0.000,0.00,10.77564958,106.67093524,10.51,"10°46'32.34""N, 106°40'15.37""E",FIX,
09:55:07.534,1786244107.535,UTURN_EXECUTION,10.860,0.429,0.371,44.28,0.600,-1.009,0.000,0.000,0.000,0.000,0.00,10.77564958,106.67093524,10.51,"10°46'32.34""N, 106°40'15.37""E",FIX,
09:55:07.613,1786244107.614,UTURN_EXECUTION,10.894,0.441,0.310,44.28,0.600,-1.009,0.000,0.000,0.000,0.000,0.00,10.77564958,106.67093524,10.51,"10°46'32.34""N, 106°40'15.37""E",FIX,
09:55:07.687,1786244107.688,UTURN_EXECUTION,10.940,0.454,0.230,44.28,0.600,-1.009,0.000,0.000,0.000,0.000,0.00,10.77564917,106.67093525,10.51,"10°46'32.34""N, 106°40'15.37""E",FIX,
09:55:07.761,1786244107.762,UTURN_EXECUTION,10.976,0.461,0.169,44.28,0.600,-1.009,0.000,0.000,0.000,0.000,0.00,10.77564917,106.67093525,10.51,"10°46'32.34""N, 106°40'15.37""E",FIX,
09:55:07.839,1786244107.839,UTURN_EXECUTION,11.011,0.466,0.108,44.28,0.600,-1.009,0.000,0.000,0.000,0.000,0.00,10.77564917,106.67093525,10.51,"10°46'32.34""N, 106°40'15.37""E",FIX,
09:55:07.910,1786244107.911,UTURN_EXECUTION,11.059,0.469,0.028,44.28,0.600,-1.009,0.000,0.000,0.000,0.000,0.00,10.77564876,106.67093525,10.51,"10°46'32.34""N, 106°40'15.37""E",FIX,
09:55:07.998,1786244107.999,UTURN_EXECUTION,11.107,0.469,-0.053,44.28,0.600,-1.009,0.000,0.000,0.000,0.000,0.00,10.77564876,106.67093525,10.51,"10°46'32.34""N, 106°40'15.37""E",FIX,
09:55:08.067,1786244108.068,UTURN_EXECUTION,11.131,0.467,-0.093,44.28,0.600,-1.009,0.000,0.000,0.000,0.000,0.00,10.77564876,106.67093525,10.51,"10°46'32.34""N, 106°40'15.37""E",FIX,
09:55:08.146,1786244108.147,UTURN_EXECUTION,11.179,0.461,-0.174,44.28,0.600,-1.009,0.000,0.000,0.000,0.000,0.00,10.77564835,106.67093525,10.51,"10°46'32.33""N, 106°40'15.37""E",FIX,
09:55:08.220,1786244108.220,UTURN_EXECUTION,11.214,0.453,-0.235,44.28,0.600,-1.009,0.000,0.000,0.000,0.000,0.00,10.77564835,106.67093525,10.51,"10°46'32.33""N, 106°40'15.37""E",FIX,
09:55:08.297,1786244108.297,UTURN_EXECUTION,11.260,0.440,-0.315,44.28,0.600,-1.009,0.000,0.000,0.000,0.000,0.00,10.77564835,106.67093525,10.51,"10°46'32.33""N, 106°40'15.37""E",FIX,
09:55:08.370,1786244108.370,UTURN_EXECUTION,11.294,0.428,-0.376,44.28,0.600,-1.009,0.000,0.000,0.000,0.000,0.00,10.77564794,106.67093525,10.51,"10°46'32.33""N, 106°40'15.37""E",FIX,
09:55:08.434,1786244108.435,UTURN_EXECUTION,11.327,0.414,-0.436,44.28,0.600,-1.009,0.000,0.000,0.000,0.000,0.00,10.77564794,106.67093525,10.51,"10°46'32.33""N, 106°40'15.37""E",FIX,
09:55:08.519,1786244108.520,UTURN_EXECUTION,11.370,0.392,-0.517,44.28,0.600,-1.009,0.000,0.000,0.000,0.000,0.00,10.77564794,106.67093525,10.51,"10°46'32.33""N, 106°40'15.37""E",FIX,
09:55:08.593,1786244108.594,UTURN_EXECUTION,11.400,0.373,-0.578,44.28,0.600,-1.009,0.000,0.000,0.000,0.000,0.00,10.77564753,106.67093525,10.51,"10°46'32.33""N, 106°40'15.37""E",FIX,
09:55:08.662,1786244108.663,UTURN_EXECUTION,11.430,0.353,-0.638,44.28,0.600,-1.009,0.000,0.000,0.000,0.000,0.00,10.77564753,106.67093525,10.51,"10°46'32.33""N, 106°40'15.37""E",FIX,
09:55:08.735,1786244108.735,UTURN_EXECUTION,11.458,0.330,-0.699,44.28,0.600,-1.009,0.000,0.000,0.000,0.000,0.00,10.77564753,106.67093525,10.51,"10°46'32.33""N, 106°40'15.37""E",FIX,
09:55:08.822,1786244108.822,UTURN_EXECUTION,11.494,0.298,-0.779,44.28,0.600,-1.009,0.000,0.000,0.000,0.000,0.00,10.77564712,106.67093525,10.51,"10°46'32.33""N, 106°40'15.37""E",FIX,
09:55:08.877,1786244108.878,UTURN_EXECUTION,11.510,0.281,-0.820,44.28,0.600,-1.009,0.000,0.000,0.000,0.000,0.00,10.77564712,106.67093525,10.51,"10°46'32.33""N, 106°40'15.37""E",FIX,
09:55:08.957,1786244108.958,UTURN_EXECUTION,11.542,0.244,-0.901,44.28,0.600,-1.009,0.000,0.000,0.000,0.000,0.00,10.77564712,106.67093525,10.51,"10°46'32.33""N, 106°40'15.37""E",FIX,
09:55:09.029,1786244109.029,UTURN_EXECUTION,11.563,0.215,-0.961,44.28,0.600,-1.009,0.000,0.000,0.000,0.000,0.00,10.77564712,106.67093525,10.51,"10°46'32.33""N, 106°40'15.37""E",FIX,
09:55:09.115,1786244109.115,UTURN_EXECUTION,11.589,0.175,-1.042,44.28,0.600,-1.009,0.000,0.000,0.000,0.000,0.00,10.77564671,106.67093525,10.51,"10°46'32.33""N, 106°40'15.37""E",FIX,
09:55:09.175,1786244109.175,UTURN_EXECUTION,11.606,0.143,-1.102,44.28,0.600,-1.009,0.000,0.000,0.000,0.000,0.00,10.77564671,106.67093525,10.51,"10°46'32.33""N, 106°40'15.37""E",FIX,
09:55:09.257,1786244109.257,UTURN_EXECUTION,11.621,0.111,-1.163,44.28,0.600,-1.009,0.000,0.000,0.000,0.000,0.00,10.77564671,106.67093525,10.51,"10°46'32.33""N, 106°40'15.37""E",FIX,
09:55:09.335,1786244109.336,UTURN_EXECUTION,11.639,0.066,-1.244,44.28,0.600,-1.009,0.000,0.000,0.000,0.000,0.00,10.77564630,106.67093525,10.51,"10°46'32.33""N, 106°40'15.37""E",FIX,
09:55:09.399,1786244109.400,UTURN_EXECUTION,11.646,0.043,-1.284,44.28,0.600,-1.009,0.000,0.000,0.000,0.000,0.00,10.77564630,106.67093525,10.51,"10°46'32.33""N, 106°40'15.37""E",FIX,
09:55:09.481,1786244109.481,UTURN_EXECUTION,11.658,-0.003,-1.365,44.28,0.600,-1.009,0.000,0.000,0.000,0.000,0.00,10.77564630,106.67093525,10.51,"10°46'32.33""N, 106°40'15.37""E",FIX,
09:55:09.562,1786244109.562,UTURN_EXECUTION,11.664,-0.039,-1.425,44.28,0.600,-1.009,0.000,0.000,0.000,0.000,0.00,10.77564589,106.67093525,10.51,"10°46'32.33""N, 106°40'15.37""E",FIX,
09:55:09.638,1786244109.639,UTURN_EXECUTION,11.669,-0.087,-1.506,44.28,0.600,-1.009,0.000,0.000,0.000,0.000,0.00,10.77564589,106.67093525,10.51,"10°46'32.33""N, 106°40'15.37""E",FIX,
09:55:09.704,1786244109.705,UTURN_EXECUTION,11.670,-0.123,-1.566,44.28,0.600,-1.009,0.000,0.000,0.000,0.000,0.00,10.77564589,106.67093525,10.51,"10°46'32.33""N, 106°40'15.37""E",FIX,
09:55:09.790,1786244109.790,UTURN_EXECUTION,11.668,-0.170,-1.647,44.28,0.600,-1.009,0.000,0.000,0.000,0.000,0.00,10.77564548,106.67093525,10.51,"10°46'32.32""N, 106°40'15.37""E",FIX,
09:55:09.857,1786244109.858,UTURN_EXECUTION,11.665,-0.206,-1.708,44.28,0.600,-1.009,0.000,0.000,0.000,0.000,0.00,10.77564548,106.67093525,10.51,"10°46'32.32""N, 106°40'15.37""E",FIX,
09:55:09.935,1786244109.936,UTURN_EXECUTION,11.659,-0.242,-1.768,44.28,0.600,-1.009,0.000,0.000,0.000,0.000,0.00,10.77564548,106.67093525,10.51,"10°46'32.32""N, 106°40'15.37""E",FIX,
09:55:10.002,1786244110.003,UTURN_EXECUTION,11.651,-0.277,-1.829,44.28,0.600,-1.009,0.000,0.000,0.000,0.000,0.00,10.77564507,106.67093525,10.51,"10°46'32.32""N, 106°40'15.37""E",FIX,
09:55:10.095,1786244110.095,UTURN_EXECUTION,11.636,-0.323,-1.909,44.28,0.600,-1.009,0.000,0.000,0.000,0.000,0.00,10.77564507,106.67093525,10.51,"10°46'32.32""N, 106°40'15.37""E",FIX,
09:55:10.154,1786244110.154,UTURN_EXECUTION,11.623,-0.356,-1.970,44.28,0.600,-1.009,0.000,0.000,0.000,0.000,0.00,10.77564507,106.67093525,10.51,"10°46'32.32""N, 106°40'15.37""E",FIX,
09:55:10.243,1786244110.244,UTURN_EXECUTION,11.608,-0.389,-2.031,44.28,0.600,-1.009,0.000,0.000,0.000,0.000,0.00,10.77564466,106.67093525,10.51,"10°46'32.32""N, 106°40'15.37""E",FIX,
09:55:10.300,1786244110.300,UTURN_EXECUTION,11.592,-0.421,-2.091,44.28,0.600,-1.009,0.000,0.000,0.000,0.000,0.00,10.77564466,106.67093525,10.51,"10°46'32.32""N, 106°40'15.37""E",FIX,
09:55:10.377,1786244110.378,UTURN_EXECUTION,11.566,-0.461,-2.172,44.28,0.600,-1.009,0.000,0.000,0.000,0.000,0.00,10.77564466,106.67093525,10.51,"10°46'32.32""N, 106°40'15.37""E",FIX,
09:55:10.449,1786244110.450,UTURN_EXECUTION,11.545,-0.490,-2.232,44.28,0.600,-1.009,0.000,0.000,0.000,0.000,0.00,10.77564425,106.67093525,10.51,"10°46'32.32""N, 106°40'15.37""E",FIX,
09:55:10.538,1786244110.539,UTURN_EXECUTION,11.522,-0.518,-2.293,44.28,0.600,-1.009,0.000,0.000,0.000,0.000,0.00,10.77564425,106.67093525,10.51,"10°46'32.32""N, 106°40'15.37""E",FIX,
09:55:10.621,1786244110.622,UTURN_EXECUTION,11.497,-0.544,-2.353,44.28,0.600,-1.009,0.000,0.000,0.000,0.000,0.00,10.77564425,106.67093525,10.51,"10°46'32.32""N, 106°40'15.37""E",FIX,
09:55:10.711,1786244110.712,UTURN_EXECUTION,11.462,-0.577,-2.434,44.28,0.600,-1.009,0.000,0.000,0.000,0.000,0.00,10.77564384,106.67093525,10.51,"10°46'32.32""N, 106°40'15.37""E",FIX,
09:55:10.781,1786244110.781,UTURN_EXECUTION,11.434,-0.600,-2.495,44.28,0.600,-1.009,0.000,0.000,0.000,0.000,0.00,10.77564384,106.67093525,10.51,"10°46'32.32""N, 106°40'15.37""E",FIX,
09:55:10.870,1786244110.871,UTURN_EXECUTION,11.405,-0.620,-2.555,44.28,0.600,-1.009,0.000,0.000,0.000,0.000,0.00,10.77564384,106.67093525,10.51,"10°46'32.32""N, 106°40'15.37""E",FIX,
09:55:10.937,1786244110.937,UTURN_EXECUTION,11.374,-0.639,-2.616,44.28,0.600,-1.009,0.000,0.000,0.000,0.000,0.00,10.77564343,106.67093525,10.51,"10°46'32.32""N, 106°40'15.37""E",FIX,
09:55:11.023,1786244111.024,UTURN_EXECUTION,11.332,-0.662,-2.696,44.28,0.600,-1.009,0.000,0.000,0.000,0.000,0.00,10.77564343,106.67093525,10.51,"10°46'32.32""N, 106°40'15.37""E",FIX,
09:55:11.109,1786244111.109,UTURN_EXECUTION,11.287,-0.681,-2.777,44.28,0.600,-1.009,0.000,0.000,0.000,0.000,0.00,10.77564343,106.67093525,10.51,"10°46'32.32""N, 106°40'15.37""E",FIX,
09:55:11.181,1786244111.181,UTURN_EXECUTION,11.253,-0.693,-2.838,44.28,0.600,-1.009,0.000,0.000,0.000,0.000,0.00,10.77564302,106.67093525,10.51,"10°46'32.31""N, 106°40'15.37""E",FIX,
09:55:11.254,1786244111.254,UTURN_EXECUTION,11.219,-0.702,-2.898,44.28,0.600,-1.009,0.000,0.000,0.000,0.000,0.00,10.77564302,106.67093525,10.51,"10°46'32.31""N, 106°40'15.37""E",FIX,
09:55:11.335,1786244111.335,UTURN_EXECUTION,11.184,-0.710,-2.959,44.28,0.600,-1.009,0.000,0.000,0.000,0.000,0.00,10.77564302,106.67093525,10.51,"10°46'32.31""N, 106°40'15.37""E",FIX,
09:55:11.417,1786244111.417,UTURN_EXECUTION,11.136,-0.717,-3.040,44.28,0.600,-1.009,0.000,0.000,0.000,0.000,0.00,10.77564261,106.67093525,10.51,"10°46'32.31""N, 106°40'15.37""E",FIX,
09:55:11.489,1786244111.490,UTURN_EXECUTION,11.100,-0.719,-3.100,44.28,0.600,-1.009,0.000,0.000,0.000,0.000,0.00,10.77564261,106.67093525,10.51,"10°46'32.31""N, 106°40'15.37""E",FIX,
09:55:11.560,1786244111.560,UTURN_EXECUTION,11.064,-0.720,3.123,44.28,0.600,-1.009,0.000,0.000,0.000,0.000,0.00,10.77564261,106.67093525,10.51,"10°46'32.31""N, 106°40'15.37""E",FIX,
09:55:11.642,1786244111.643,UTURN_EXECUTION,11.016,-0.717,3.042,44.28,0.600,-1.009,0.000,0.000,0.000,0.000,0.00,10.77564220,106.67093525,10.51,"10°46'32.31""N, 106°40'15.37""E",FIX,
09:55:11.714,1786244111.714,UTURN_EXECUTION,10.981,-0.712,2.981,44.28,0.600,-1.009,0.000,0.000,0.000,0.000,0.00,10.77564220,106.67093525,10.51,"10°46'32.31""N, 106°40'15.37""E",FIX,
09:55:11.787,1786244111.788,UTURN_EXECUTION,10.945,-0.705,2.921,44.28,0.600,-1.009,0.000,0.000,0.000,0.000,0.00,10.77564220,106.67093525,10.51,"10°46'32.31""N, 106°40'15.37""E",FIX,
09:55:11.874,1786244111.874,UTURN_EXECUTION,10.899,-0.693,2.840,44.28,0.600,-1.009,0.000,0.000,0.000,0.000,0.00,10.77564179,106.67093525,10.51,"10°46'32.31""N, 106°40'15.37""E",FIX,
09:55:11.953,1786244111.954,UTURN_EXECUTION,10.865,-0.681,2.780,44.28,0.600,-1.009,0.000,0.000,0.000,0.000,0.00,10.77564179,106.67093525,10.51,"10°46'32.31""N, 106°40'15.37""E",FIX,
09:55:12.020,1786244112.020,UTURN_EXECUTION,10.832,-0.667,2.719,44.28,0.600,-1.009,0.000,0.000,0.000,0.000,0.00,10.77564179,106.67093525,10.51,"10°46'32.31""N, 106°40'15.37""E",FIX,
09:55:12.103,1786244112.104,UTURN_EXECUTION,10.789,-0.646,2.638,44.28,0.600,-1.009,0.000,0.000,0.000,0.000,0.00,10.77564138,106.67093525,10.51,"10°46'32.31""N, 106°40'15.37""E",FIX,
09:55:12.169,1786244112.169,UTURN_EXECUTION,10.768,-0.634,2.598,44.28,0.600,-1.009,0.000,0.000,0.000,0.000,0.00,10.77564138,106.67093525,10.51,"10°46'32.31""N, 106°40'15.37""E",FIX,
09:55:12.252,1786244112.253,UTURN_EXECUTION,10.728,-0.608,2.517,44.28,0.600,-1.009,0.000,0.000,0.000,0.000,0.00,10.77564138,106.67093525,10.51,"10°46'32.31""N, 106°40'15.37""E",FIX,
09:55:12.336,1786244112.337,UTURN_EXECUTION,10.690,-0.578,2.437,44.28,0.600,-1.009,0.000,0.000,0.000,0.000,0.00,10.77564097,106.67093525,10.51,"10°46'32.31""N, 106°40'15.37""E",FIX,
09:55:12.409,1786244112.409,UTURN_EXECUTION,10.663,-0.554,2.376,44.28,0.600,-1.009,0.000,0.000,0.000,0.000,0.00,10.77564097,106.67093525,10.51,"10°46'32.31""N, 106°40'15.37""E",FIX,
09:55:12.475,1786244112.475,UTURN_EXECUTION,10.638,-0.528,2.315,44.28,0.600,-1.009,0.000,0.000,0.000,0.000,0.00,10.77564097,106.67093525,10.51,"10°46'32.31""N, 106°40'15.37""E",FIX,
09:55:12.542,1786244112.543,UTURN_EXECUTION,10.615,-0.501,2.255,44.28,0.600,-1.009,0.000,0.000,0.000,0.000,0.00,10.77564056,106.67093525,10.51,"10°46'32.31""N, 106°40'15.37""E",FIX,
09:55:12.627,1786244112.628,UTURN_EXECUTION,10.586,-0.463,2.174,44.28,0.600,-1.009,0.000,0.000,0.000,0.000,0.00,10.77564056,106.67093525,10.51,"10°46'32.31""N, 106°40'15.37""E",FIX,
09:55:12.690,1786244112.691,UTURN_EXECUTION,10.573,-0.443,2.134,44.28,0.600,-1.009,0.000,0.000,0.000,0.000,0.00,10.77564056,106.67093525,10.51,"10°46'32.31""N, 106°40'15.37""E",FIX,
09:55:12.774,1786244112.774,UTURN_EXECUTION,10.549,-0.401,2.053,44.28,0.600,-1.009,0.000,0.000,0.000,0.000,0.00,10.77564015,106.67093525,10.51,"10°46'32.30""N, 106°40'15.37""E",FIX,
09:55:12.854,1786244112.854,UTURN_EXECUTION,10.533,-0.369,1.993,44.28,0.600,-1.009,0.000,0.000,0.000,0.000,0.00,10.77564015,106.67093525,10.51,"10°46'32.30""N, 106°40'15.37""E",FIX,
09:55:12.927,1786244112.927,UTURN_EXECUTION,10.519,-0.335,1.932,44.28,0.600,-1.009,0.000,0.000,0.000,0.000,0.00,10.77564015,106.67093525,10.51,"10°46'32.30""N, 106°40'15.37""E",FIX,
09:55:12.997,1786244112.998,UTURN_EXECUTION,10.504,-0.290,1.851,44.28,0.600,-1.009,0.000,0.000,0.000,0.000,0.00,10.77563974,106.67093525,10.51,"10°46'32.30""N, 106°40'15.37""E",FIX,
09:55:13.089,1786244113.089,UTURN_EXECUTION,10.493,-0.243,1.771,44.28,0.600,-1.009,0.000,0.000,0.000,0.000,0.00,10.77563974,106.67093525,10.51,"10°46'32.30""N, 106°40'15.37""E",FIX,
09:55:13.156,1786244113.157,UTURN_EXECUTION,10.487,-0.208,1.710,44.28,0.600,-1.009,0.000,0.000,0.000,0.000,0.00,10.77563974,106.67093525,10.51,"10°46'32.30""N, 106°40'15.37""E",FIX,
09:55:13.236,1786244113.237,UTURN_EXECUTION,10.483,-0.172,1.650,44.28,0.600,-1.009,0.000,0.000,0.000,0.000,0.00,10.77563933,106.67093525,10.51,"10°46'32.30""N, 106°40'15.37""E",FIX,
09:55:13.311,1786244113.311,UTURN_EXECUTION,10.481,-0.124,1.569,44.28,0.600,-1.009,0.000,0.000,0.000,0.000,0.00,10.77563933,106.67093525,10.51,"10°46'32.30""N, 106°40'15.37""E",FIX,
09:55:13.385,1786244113.386,UTURN_EXECUTION,10.482,-0.088,1.508,44.28,0.600,-1.009,0.000,0.000,0.000,0.000,0.00,10.77563933,106.67093525,10.51,"10°46'32.30""N, 106°40'15.37""E",FIX,
09:55:13.448,1786244113.449,UTURN_EXECUTION,10.484,-0.064,1.468,44.28,0.600,-1.009,0.000,0.000,0.000,0.000,0.00,10.77563892,106.67093525,10.51,"10°46'32.30""N, 106°40'15.37""E",FIX,
09:55:13.534,1786244113.534,UTURN_EXECUTION,10.491,-0.017,1.387,44.28,0.600,-1.009,0.000,0.000,0.000,0.000,0.00,10.77563892,106.67093525,10.51,"10°46'32.30""N, 106°40'15.37""E",FIX,
09:55:13.606,1786244113.607,UTURN_EXECUTION,10.498,0.019,1.327,44.28,0.600,-1.009,0.000,0.000,0.000,0.000,0.00,10.77563892,106.67093525,10.51,"10°46'32.30""N, 106°40'15.37""E",FIX,
09:55:13.682,1786244113.683,UTURN_EXECUTION,10.512,0.065,1.246,44.28,0.600,-1.009,0.000,0.000,0.000,0.000,0.00,10.77563851,106.67093525,10.51,"10°46'32.30""N, 106°40'15.37""E",FIX,
09:55:13.753,1786244113.754,UTURN_EXECUTION,10.520,0.087,1.206,44.28,0.600,-1.009,0.000,0.000,0.000,0.000,0.00,10.77563851,106.67093525,10.51,"10°46'32.30""N, 106°40'15.37""E",FIX,
09:55:13.824,1786244113.825,UTURN_EXECUTION,10.539,0.131,1.125,44.28,0.600,-1.009,0.000,0.000,0.000,0.000,0.00,10.77563851,106.67093525,10.51,"10°46'32.30""N, 106°40'15.37""E",FIX,
09:55:13.907,1786244113.907,UTURN_EXECUTION,10.556,0.163,1.064,44.28,0.600,-1.009,0.000,0.000,0.000,0.000,0.00,10.77563810,106.67093525,10.51,"10°46'32.30""N, 106°40'15.37""E",FIX,
09:55:13.981,1786244113.981,UTURN_EXECUTION,10.574,0.194,1.004,44.28,0.600,-1.009,0.000,0.000,0.000,0.000,0.00,10.77563810,106.67093525,10.51,"10°46'32.30""N, 106°40'15.37""E",FIX,
09:55:14.054,1786244114.054,UTURN_EXECUTION,10.601,0.234,0.923,44.28,0.600,-1.009,0.000,0.000,0.000,0.000,0.00,10.77563810,106.67093525,10.51,"10°46'32.30""N, 106°40'15.37""E",FIX,
09:55:14.134,1786244114.134,UTURN_EXECUTION,10.624,0.262,0.863,44.28,0.600,-1.009,0.000,0.000,0.000,0.000,0.00,10.77563769,106.67093525,10.51,"10°46'32.30""N, 106°40'15.37""E",FIX,
09:55:14.213,1786244114.213,UTURN_EXECUTION,10.657,0.297,0.782,44.28,0.600,-1.009,0.000,0.000,0.000,0.000,0.00,10.77563769,106.67093525,10.51,"10°46'32.30""N, 106°40'15.37""E",FIX,
09:55:14.293,1786244114.294,UTURN_EXECUTION,10.692,0.329,0.701,44.28,0.600,-1.009,0.000,0.000,0.000,0.000,0.00,10.77563769,106.67093525,10.51,"10°46'32.30""N, 106°40'15.37""E",FIX,
09:55:14.362,1786244114.363,UTURN_EXECUTION,10.711,0.344,0.661,44.28,0.600,-1.009,0.000,0.000,0.000,0.000,0.00,10.77563728,106.67093525,10.51,"10°46'32.29""N, 106°40'15.37""E",FIX,
09:55:14.442,1786244114.443,UTURN_EXECUTION,10.750,0.372,0.580,44.28,0.600,-1.009,0.000,0.000,0.000,0.000,0.00,10.77563728,106.67093525,10.51,"10°46'32.29""N, 106°40'15.37""E",FIX,
09:55:14.518,1786244114.519,UTURN_EXECUTION,10.780,0.391,0.519,44.28,0.600,-1.009,0.000,0.000,0.000,0.000,0.00,10.77563728,106.67093525,10.51,"10°46'32.29""N, 106°40'15.37""E",FIX,
09:55:14.594,1786244114.594,UTURN_EXECUTION,10.812,0.408,0.459,44.28,0.600,-1.009,0.000,0.000,0.000,0.000,0.00,10.77563687,106.67093525,10.51,"10°46'32.29""N, 106°40'15.37""E",FIX,
09:55:14.664,1786244114.664,UTURN_EXECUTION,10.845,0.423,0.398,44.28,0.600,-1.009,0.000,0.000,0.000,0.000,0.00,10.77563687,106.67093525,10.51,"10°46'32.29""N, 106°40'15.37""E",FIX,
09:55:14.746,1786244114.747,UTURN_EXECUTION,10.890,0.440,0.318,44.28,0.600,-1.009,0.000,0.000,0.000,0.000,0.00,10.77563687,106.67093525,10.51,"10°46'32.29""N, 106°40'15.37""E",FIX,
09:55:14.810,1786244114.810,UTURN_EXECUTION,10.924,0.450,0.257,44.28,0.600,-1.009,0.000,0.000,0.000,0.000,0.00,10.77563646,106.67093525,10.51,"10°46'32.29""N, 106°40'15.37""E",FIX,
09:55:14.893,1786244114.893,UTURN_EXECUTION,10.959,0.458,0.197,44.28,0.600,-1.009,0.000,0.000,0.000,0.000,0.00,10.77563646,106.67093525,10.51,"10°46'32.29""N, 106°40'15.37""E",FIX,
09:55:14.973,1786244114.973,UTURN_EXECUTION,10.995,0.464,0.136,44.28,0.600,-1.009,0.000,0.000,0.000,0.000,0.00,10.77563646,106.67093525,10.51,"10°46'32.29""N, 106°40'15.37""E",FIX,
09:55:15.057,1786244115.058,UTURN_EXECUTION,11.043,0.469,0.055,44.28,0.600,-1.009,0.000,0.000,0.000,0.000,0.00,10.77563605,106.67093525,10.51,"10°46'32.29""N, 106°40'15.37""E",FIX,
09:55:15.138,1786244115.139,UTURN_EXECUTION,11.091,0.469,-0.025,44.28,0.600,-1.009,0.000,0.000,0.000,0.000,0.00,10.77563605,106.67093525,10.51,"10°46'32.29""N, 106°40'15.37""E",FIX,
09:55:15.215,1786244115.215,UTURN_EXECUTION,11.127,0.467,-0.086,44.28,0.600,-1.009,0.000,0.000,0.000,0.000,0.00,10.77563605,106.67093525,10.51,"10°46'32.29""N, 106°40'15.37""E",FIX,
09:55:15.273,1786244115.274,UTURN_EXECUTION,11.162,0.463,-0.146,44.28,0.600,-1.009,0.000,0.000,0.000,0.000,0.00,10.77563564,106.67093525,10.51,"10°46'32.29""N, 106°40'15.37""E",FIX,
09:55:15.347,1786244115.347,UTURN_EXECUTION,11.198,0.457,-0.207,44.28,0.600,-1.009,0.000,0.000,0.000,0.000,0.00,10.77563564,106.67093525,10.51,"10°46'32.29""N, 106°40'15.37""E",FIX,
09:55:15.428,1786244115.429,UTURN_EXECUTION,11.233,0.448,-0.267,44.28,0.600,-1.009,0.000,0.000,0.000,0.000,0.00,10.77563564,106.67093525,10.51,"10°46'32.29""N, 106°40'15.37""E",FIX,
09:55:15.502,1786244115.503,UTURN_EXECUTION,11.278,0.434,-0.348,44.28,0.600,-1.009,0.000,0.000,0.000,0.000,0.00,10.77563523,106.67093525,10.51,"10°46'32.29""N, 106°40'15.37""E",FIX,
09:55:15.586,1786244115.586,UTURN_EXECUTION,11.312,0.421,-0.409,44.28,0.600,-1.009,0.000,0.000,0.000,0.000,0.00,10.77563523,106.67093525,10.51,"10°46'32.29""N, 106°40'15.37""E",FIX,
09:55:15.653,1786244115.653,UTURN_EXECUTION,11.355,0.400,-0.489,44.28,0.600,-1.009,0.000,0.000,0.000,0.000,0.00,10.77563523,106.67093525,10.51,"10°46'32.29""N, 106°40'15.37""E",FIX,
09:55:15.734,1786244115.735,UTURN_EXECUTION,11.386,0.382,-0.550,44.28,0.600,-1.009,0.000,0.000,0.000,0.000,0.00,10.77563482,106.67093525,10.51,"10°46'32.29""N, 106°40'15.37""E",FIX,
09:55:15.801,1786244115.802,UTURN_EXECUTION,11.416,0.362,-0.611,44.28,0.600,-1.009,0.000,0.000,0.000,0.000,0.00,10.77563482,106.67093525,10.51,"10°46'32.29""N, 106°40'15.37""E",FIX,
09:55:15.877,1786244115.877,UTURN_EXECUTION,11.445,0.341,-0.671,44.28,0.600,-1.009,0.000,0.000,0.000,0.000,0.00,10.77563482,106.67093525,10.51,"10°46'32.29""N, 106°40'15.37""E",FIX,
09:55:15.960,1786244115.960,UTURN_EXECUTION,11.482,0.309,-0.752,44.28,0.600,-1.009,0.000,0.000,0.000,0.000,0.00,10.77563441,106.67093525,10.51,"10°46'32.28""N, 106°40'15.37""E",FIX,
09:55:16.039,1786244116.040,UTURN_EXECUTION,11.507,0.284,-0.812,44.28,0.600,-1.009,0.000,0.000,0.000,0.000,0.00,10.77563441,106.67093525,10.51,"10°46'32.28""N, 106°40'15.37""E",FIX,
09:55:16.116,1786244116.116,UTURN_EXECUTION,11.539,0.248,-0.893,44.28,0.600,-1.009,0.000,0.000,0.000,0.000,0.00,10.77563441,106.67093525,10.51,"10°46'32.28""N, 106°40'15.37""E",FIX,
09:55:16.178,1786244116.179,UTURN_EXECUTION,11.553,0.229,-0.933,44.28,0.600,-1.009,0.000,0.000,0.000,0.000,0.00,10.77563441,106.67093525,10.51,"10°46'32.28""N, 106°40'15.37""E",FIX,
09:55:16.247,1786244116.248,UTURN_EXECUTION,11.574,0.199,-0.994,44.28,0.600,-1.009,0.000,0.000,0.000,0.000,0.00,10.77563400,106.67093525,10.51,"10°46'32.28""N, 106°40'15.37""E",FIX,
09:55:16.334,1786244116.334,UTURN_EXECUTION,11.604,0.147,-1.095,44.28,0.600,-1.009,0.000,0.000,0.000,0.000,0.00,10.77563400,106.67093525,10.51,"10°46'32.28""N, 106°40'15.37""E",FIX,
09:55:16.395,1786244116.395,UTURN_EXECUTION,11.615,0.126,-1.135,44.28,0.600,-1.009,0.000,0.000,0.000,0.000,0.00,10.77563400,106.67093525,10.51,"10°46'32.28""N, 106°40'15.37""E",FIX,
09:55:16.470,1786244116.471,UTURN_EXECUTION,11.629,0.093,-1.196,44.28,0.600,-1.009,0.000,0.000,0.000,0.000,0.00,10.77563359,106.67093525,10.51,"10°46'32.28""N, 106°40'15.37""E",FIX,
09:55:16.551,1786244116.552,UTURN_EXECUTION,11.645,0.047,-1.276,44.28,0.600,-1.009,0.000,0.000,0.000,0.000,0.00,10.77563359,106.67093525,10.51,"10°46'32.28""N, 106°40'15.37""E",FIX,
09:55:16.630,1786244116.630,UTURN_EXECUTION,11.657,0.001,-1.357,44.28,0.600,-1.009,0.000,0.000,0.000,0.000,0.00,10.77563318,106.67093525,10.51,"10°46'32.28""N, 106°40'15.37""E",FIX,
09:55:16.691,1786244116.692,UTURN_EXECUTION,11.661,-0.023,-1.398,44.28,0.600,-1.009,0.000,0.000,0.000,0.000,0.00,10.77563318,106.67093525,10.51,"10°46'32.28""N, 106°40'15.37""E",FIX,
09:55:16.775,1786244116.776,UTURN_EXECUTION,11.668,-0.070,-1.478,44.28,0.600,-1.009,0.000,0.000,0.000,0.000,0.00,10.77563318,106.67093525,10.51,"10°46'32.28""N, 106°40'15.37""E",FIX,
09:55:16.845,1786244116.846,UTURN_EXECUTION,11.670,-0.118,-1.559,44.28,0.600,-1.009,0.000,0.000,0.000,0.000,0.00,10.77563277,106.67093525,10.51,"10°46'32.28""N, 106°40'15.37""E",FIX,
09:55:16.920,1786244116.921,UTURN_EXECUTION,11.670,-0.154,-1.619,44.28,0.600,-1.009,0.000,0.000,0.000,0.000,0.00,10.77563277,106.67093525,10.51,"10°46'32.28""N, 106°40'15.37""E",FIX,
09:55:17.006,1786244117.007,UTURN_EXECUTION,11.667,-0.190,-1.680,44.28,0.600,-1.009,0.000,0.000,0.000,0.000,0.00,10.77563277,106.67093525,10.51,"10°46'32.28""N, 106°40'15.37""E",FIX,
09:55:17.071,1786244117.071,UTURN_EXECUTION,11.662,-0.226,-1.741,44.28,0.600,-1.009,0.000,0.000,0.000,0.000,0.00,10.77563277,106.67093525,10.51,"10°46'32.28""N, 106°40'15.37""E",FIX,
09:55:17.141,1786244117.141,UTURN_EXECUTION,11.655,-0.261,-1.801,44.28,0.600,-1.009,0.000,0.000,0.000,0.000,0.00,10.77563236,106.67093525,10.51,"10°46'32.28""N, 106°40'15.37""E",FIX,
09:55:17.238,1786244117.238,UTURN_EXECUTION,11.642,-0.307,-1.882,44.28,0.600,-1.009,0.000,0.000,0.000,0.000,0.00,10.77563236,106.67093525,10.51,"10°46'32.28""N, 106°40'15.37""E",FIX,
09:55:17.301,1786244117.301,UTURN_EXECUTION,11.630,-0.341,-1.942,44.28,0.600,-1.009,0.000,0.000,0.000,0.000,0.00,10.77563236,106.67093525,10.51,"10°46'32.28""N, 106°40'15.37""E",FIX,
09:55:17.376,1786244117.376,UTURN_EXECUTION,11.610,-0.385,-2.023,44.28,0.600,-1.009,0.000,0.000,0.000,0.000,0.00,10.77563195,106.67093525,10.51,"10°46'32.28""N, 106°40'15.37""E",FIX,
09:55:17.439,1786244117.439,UTURN_EXECUTION,11.599,-0.406,-2.063,44.28,0.600,-1.009,0.000,0.000,0.000,0.000,0.00,10.77563195,106.67093525,10.51,"10°46'32.28""N, 106°40'15.37""E",FIX,
09:55:17.516,1786244117.517,UTURN_EXECUTION,11.575,-0.448,-2.144,44.28,0.600,-1.009,0.000,0.000,0.000,0.000,0.00,10.77563195,106.67093525,10.51,"10°46'32.28""N, 106°40'15.37""E",FIX,
09:55:17.597,1786244117.597,UTURN_EXECUTION,11.555,-0.477,-2.205,44.28,0.600,-1.009,0.000,0.000,0.000,0.000,0.00,10.77563154,106.67093525,10.51,"10°46'32.27""N, 106°40'15.37""E",FIX,
09:55:17.675,1786244117.675,UTURN_EXECUTION,11.532,-0.506,-2.265,44.28,0.600,-1.009,0.000,0.000,0.000,0.000,0.00,10.77563154,106.67093525,10.51,"10°46'32.27""N, 106°40'15.37""E",FIX,
09:55:17.749,1786244117.750,UTURN_EXECUTION,11.500,-0.541,-2.346,44.28,0.600,-1.009,0.000,0.000,0.000,0.000,0.00,10.77563154,106.67093525,10.51,"10°46'32.27""N, 106°40'15.37""E",FIX,
09:55:17.837,1786244117.837,UTURN_EXECUTION,11.465,-0.574,-2.427,44.28,0.600,-1.009,0.000,0.000,0.000,0.000,0.00,10.77563113,106.67093525,10.51,"10°46'32.27""N, 106°40'15.37""E",FIX,
09:55:17.912,1786244117.913,UTURN_EXECUTION,11.437,-0.597,-2.487,44.28,0.600,-1.009,0.000,0.000,0.000,0.000,0.00,10.77563113,106.67093525,10.51,"10°46'32.27""N, 106°40'15.37""E",FIX,
09:55:17.980,1786244117.980,UTURN_EXECUTION,11.418,-0.611,-2.528,44.28,0.600,-1.009,0.000,0.000,0.000,0.000,0.00,10.77563113,106.67093525,10.51,"10°46'32.27""N, 106°40'15.37""E",FIX,
09:55:18.077,1786244118.077,UTURN_EXECUTION,11.378,-0.637,-2.608,44.28,0.600,-1.009,0.000,0.000,0.000,0.000,0.00,10.77563072,106.67093525,10.51,"10°46'32.27""N, 106°40'15.37""E",FIX,
09:55:18.139,1786244118.140,UTURN_EXECUTION,11.346,-0.655,-2.669,44.28,0.600,-1.009,0.000,0.000,0.000,0.000,0.00,10.77563072,106.67093525,10.51,"10°46'32.27""N, 106°40'15.37""E",FIX,
09:55:18.230,1786244118.231,UTURN_EXECUTION,11.303,-0.675,-2.750,44.28,0.600,-1.009,0.000,0.000,0.000,0.000,0.00,10.77563072,106.67093525,10.51,"10°46'32.27""N, 106°40'15.37""E",FIX,
09:55:18.298,1786244118.299,UTURN_EXECUTION,11.269,-0.687,-2.810,44.28,0.600,-1.009,0.000,0.000,0.000,0.000,0.00,10.77563031,106.67093525,10.51,"10°46'32.27""N, 106°40'15.37""E",FIX,
09:55:18.380,1786244118.380,UTURN_EXECUTION,11.235,-0.698,-2.871,44.28,0.600,-1.009,0.000,0.000,0.000,0.000,0.00,10.77563031,106.67093525,10.51,"10°46'32.27""N, 106°40'15.37""E",FIX,
09:55:18.457,1786244118.457,UTURN_EXECUTION,11.200,-0.707,-2.931,44.28,0.600,-1.009,0.000,0.000,0.000,0.000,0.00,10.77563031,106.67093525,10.51,"10°46'32.27""N, 106°40'15.37""E",FIX,
09:55:18.543,1786244118.543,UTURN_EXECUTION,11.152,-0.715,-3.012,44.28,0.600,-1.009,0.000,0.000,0.000,0.000,0.00,10.77562990,106.67093525,10.51,"10°46'32.27""N, 106°40'15.37""E",FIX,
09:55:18.609,1786244118.610,UTURN_EXECUTION,11.117,-0.718,-3.072,44.28,0.600,-1.009,0.000,0.000,0.000,0.000,0.00,10.77562990,106.67093525,10.51,"10°46'32.27""N, 106°40'15.37""E",FIX,
09:55:18.691,1786244118.691,UTURN_EXECUTION,11.081,-0.720,-3.133,44.28,0.600,-1.009,0.000,0.000,0.000,0.000,0.00,10.77562990,106.67093525,10.51,"10°46'32.27""N, 106°40'15.37""E",FIX,
09:55:18.770,1786244118.771,UTURN_EXECUTION,11.033,-0.718,3.070,44.28,0.600,-1.009,0.000,0.000,0.000,0.000,0.00,10.77562949,106.67093525,10.51,"10°46'32.27""N, 106°40'15.37""E",FIX,
09:55:18.856,1786244118.856,UTURN_EXECUTION,10.997,-0.715,3.009,44.28,0.600,-1.009,0.000,0.000,0.000,0.000,0.00,10.77562949,106.67093525,10.51,"10°46'32.27""N, 106°40'15.37""E",FIX,
09:55:18.923,1786244118.924,UTURN_EXECUTION,10.961,-0.709,2.948,44.28,0.600,-1.009,0.000,0.000,0.000,0.000,0.00,10.77562949,106.67093525,10.51,"10°46'32.27""N, 106°40'15.37""E",FIX,
09:55:19.002,1786244119.002,UTURN_EXECUTION,10.926,-0.701,2.888,44.28,0.600,-1.009,0.000,0.000,0.000,0.000,0.00,10.77562908,106.67093525,10.51,"10°46'32.26""N, 106°40'15.37""E",FIX,
09:55:19.075,1786244119.075,UTURN_EXECUTION,10.880,-0.687,2.807,44.28,0.600,-1.009,0.000,0.000,0.000,0.000,0.00,10.77562908,106.67093525,10.51,"10°46'32.26""N, 106°40'15.37""E",FIX,
09:55:19.156,1786244119.157,UTURN_EXECUTION,10.847,-0.674,2.747,44.28,0.600,-1.009,0.000,0.000,0.000,0.000,0.00,10.77562908,106.67093525,10.51,"10°46'32.26""N, 106°40'15.37""E",FIX,
09:55:19.244,1786244119.245,UTURN_EXECUTION,10.803,-0.654,2.666,44.28,0.600,-1.009,0.000,0.000,0.000,0.000,0.00,10.77562867,106.67093525,10.51,"10°46'32.26""N, 106°40'15.37""E",FIX,
09:55:19.318,1786244119.318,UTURN_EXECUTION,10.772,-0.636,2.605,44.28,0.600,-1.009,0.000,0.000,0.000,0.000,0.00,10.77562867,106.67093525,10.51,"10°46'32.26""N, 106°40'15.37""E",FIX,
09:55:19.386,1786244119.386,UTURN_EXECUTION,10.741,-0.617,2.545,44.28,0.600,-1.009,0.000,0.000,0.000,0.000,0.00,10.77562867,106.67093525,10.51,"10°46'32.26""N, 106°40'15.37""E",FIX,
09:55:19.470,1786244119.470,UTURN_EXECUTION,10.703,-0.588,2.464,44.28,0.600,-1.009,0.000,0.000,0.000,0.000,0.00,10.77562826,106.67093525,10.51,"10°46'32.26""N, 106°40'15.37""E",FIX,
09:55:19.542,1786244119.543,UTURN_EXECUTION,10.675,-0.565,2.404,44.28,0.600,-1.009,0.000,0.000,0.000,0.000,0.00,10.77562826,106.67093525,10.51,"10°46'32.26""N, 106°40'15.37""E",FIX,
09:55:19.602,1786244119.603,UTURN_EXECUTION,10.650,-0.540,2.343,44.28,0.600,-1.009,0.000,0.000,0.000,0.000,0.00,10.77562826,106.67093525,10.51,"10°46'32.26""N, 106°40'15.37""E",FIX,
09:55:19.685,1786244119.685,UTURN_EXECUTION,10.617,-0.504,2.262,44.28,0.600,-1.009,0.000,0.000,0.000,0.000,0.00,10.77562785,106.67093525,10.51,"10°46'32.26""N, 106°40'15.37""E",FIX,
09:55:19.765,1786244119.766,UTURN_EXECUTION,10.595,-0.476,2.202,44.28,0.600,-1.009,0.000,0.000,0.000,0.000,0.00,10.77562785,106.67093525,10.51,"10°46'32.26""N, 106°40'15.37""E",FIX,
09:55:19.836,1786244119.837,UTURN_EXECUTION,10.575,-0.446,2.141,44.28,0.600,-1.009,0.000,0.000,0.000,0.000,0.00,10.77562785,106.67093525,10.51,"10°46'32.26""N, 106°40'15.37""E",FIX,
09:55:19.896,1786244119.896,UTURN_EXECUTION,10.557,-0.415,2.081,44.28,0.600,-1.009,0.000,0.000,0.000,0.000,0.00,10.77562744,106.67093525,10.51,"10°46'32.26""N, 106°40'15.37""E",FIX,
09:55:19.979,1786244119.980,UTURN_EXECUTION,10.540,-0.383,2.020,44.28,0.600,-1.009,0.000,0.000,0.000,0.000,0.00,10.77562744,106.67093525,10.51,"10°46'32.26""N, 106°40'15.37""E",FIX,
09:55:20.058,1786244120.058,UTURN_EXECUTION,10.525,-0.351,1.960,44.28,0.600,-1.009,0.000,0.000,0.000,0.000,0.00,10.77562744,106.67093525,10.51,"10°46'32.26""N, 106°40'15.37""E",FIX,
09:55:20.149,1786244120.150,UTURN_EXECUTION,10.505,-0.294,1.859,44.28,0.600,-1.009,0.000,0.000,0.000,0.000,0.00,10.77562703,106.67093525,10.51,"10°46'32.26""N, 106°40'15.37""E",FIX,
09:55:20.222,1786244120.223,UTURN_EXECUTION,10.496,-0.259,1.798,44.28,0.600,-1.009,0.000,0.000,0.000,0.000,0.00,10.77562703,106.67093525,10.51,"10°46'32.26""N, 106°40'15.37""E",FIX,
09:55:20.293,1786244120.294,UTURN_EXECUTION,10.489,-0.224,1.738,44.28,0.600,-1.009,0.000,0.000,0.000,0.000,0.00,10.77562703,106.67093525,10.51,"10°46'32.26""N, 106°40'15.37""E",FIX,
09:55:20.383,1786244120.384,UTURN_EXECUTION,10.483,-0.176,1.657,44.28,0.600,-1.009,0.000,0.000,0.000,0.000,0.00,10.77562662,106.67093525,10.51,"10°46'32.26""N, 106°40'15.37""E",FIX,
09:55:20.445,1786244120.445,UTURN_EXECUTION,10.481,-0.152,1.617,44.28,0.600,-1.009,0.000,0.000,0.000,0.000,0.00,10.77562662,106.67093525,10.51,"10°46'32.26""N, 106°40'15.37""E",FIX,
09:55:20.528,1786244120.528,UTURN_EXECUTION,10.481,-0.104,1.536,44.28,0.600,-1.009,0.000,0.000,0.000,0.000,0.00,10.77562662,106.67093525,10.51,"10°46'32.26""N, 106°40'15.37""E",FIX,
09:55:20.597,1786244120.597,UTURN_EXECUTION,10.484,-0.068,1.475,44.28,0.600,-1.009,0.000,0.000,0.000,0.000,0.00,10.77562621,106.67093525,10.51,"10°46'32.25""N, 106°40'15.37""E",FIX,
09:55:20.687,1786244120.687,UTURN_EXECUTION,10.490,-0.021,1.395,44.28,0.600,-1.009,0.000,0.000,0.000,0.000,0.00,10.77562621,106.67093525,10.51,"10°46'32.25""N, 106°40'15.37""E",FIX,
09:55:20.762,1786244120.762,UTURN_EXECUTION,10.497,0.014,1.334,44.28,0.600,-1.009,0.000,0.000,0.000,0.000,0.00,10.77562621,106.67093525,10.51,"10°46'32.25""N, 106°40'15.37""E",FIX,
09:55:20.818,1786244120.819,UTURN_EXECUTION,10.504,0.038,1.294,44.28,0.600,-1.009,0.000,0.000,0.000,0.000,0.00,10.77562580,106.67093525,10.51,"10°46'32.25""N, 106°40'15.37""E",FIX,
09:55:20.892,1786244120.893,UTURN_EXECUTION,10.519,0.083,1.213,44.28,0.600,-1.009,0.000,0.000,0.000,0.000,0.00,10.77562580,106.67093525,10.51,"10°46'32.25""N, 106°40'15.37""E",FIX,
09:55:20.968,1786244120.968,UTURN_EXECUTION,10.532,0.116,1.153,44.28,0.600,-1.009,0.000,0.000,0.000,0.000,0.00,10.77562580,106.67093525,10.51,"10°46'32.25""N, 106°40'15.37""E",FIX,
09:55:21.047,1786244121.047,UTURN_EXECUTION,10.553,0.159,1.072,44.28,0.600,-1.009,0.000,0.000,0.000,0.000,0.00,10.77562539,106.67093525,10.51,"10°46'32.25""N, 106°40'15.37""E",FIX,
09:55:21.132,1786244121.132,UTURN_EXECUTION,10.578,0.201,0.991,44.28,0.600,-1.009,0.000,0.000,0.000,0.000,0.00,10.77562539,106.67093525,10.51,"10°46'32.25""N, 106°40'15.37""E",FIX,
09:55:21.191,1786244121.191,UTURN_EXECUTION,10.592,0.220,0.951,44.28,0.600,-1.009,0.000,0.000,0.000,0.000,0.00,10.77562539,106.67093525,10.51,"10°46'32.25""N, 106°40'15.37""E",FIX,
09:55:21.268,1786244121.268,UTURN_EXECUTION,10.613,0.249,0.890,44.28,0.600,-1.009,0.000,0.000,0.000,0.000,0.00,10.77562498,106.67093525,10.51,"10°46'32.25""N, 106°40'15.37""E",FIX,
09:55:21.346,1786244121.347,UTURN_EXECUTION,10.645,0.285,0.809,44.28,0.600,-1.009,0.000,0.000,0.000,0.000,0.00,10.77562498,106.67093525,10.51,"10°46'32.25""N, 106°40'15.37""E",FIX,
09:55:21.423,1786244121.423,UTURN_EXECUTION,10.671,0.310,0.749,44.28,0.600,-1.009,0.000,0.000,0.000,0.000,0.00,10.77562498,106.67093525,10.51,"10°46'32.25""N, 106°40'15.37""E",FIX,
09:55:21.496,1786244121.496,UTURN_EXECUTION,10.698,0.334,0.688,44.28,0.600,-1.009,0.000,0.000,0.000,0.000,0.00,10.77562457,106.67093525,10.51,"10°46'32.25""N, 106°40'15.37""E",FIX,
09:55:21.570,1786244121.571,UTURN_EXECUTION,10.736,0.363,0.608,44.28,0.600,-1.009,0.000,0.000,0.000,0.000,0.00,10.77562457,106.67093525,10.51,"10°46'32.25""N, 106°40'15.37""E",FIX,
09:55:21.638,1786244121.639,UTURN_EXECUTION,10.766,0.383,0.547,44.28,0.600,-1.009,0.000,0.000,0.000,0.000,0.00,10.77562457,106.67093525,10.51,"10°46'32.25""N, 106°40'15.37""E",FIX,
09:55:21.721,1786244121.721,UTURN_EXECUTION,10.797,0.401,0.487,44.28,0.600,-1.009,0.000,0.000,0.000,0.000,0.00,10.77562416,106.67093525,10.51,"10°46'32.25""N, 106°40'15.37""E",FIX,
09:55:21.803,1786244121.803,UTURN_EXECUTION,10.841,0.421,0.406,44.28,0.600,-1.009,0.000,0.000,0.000,0.000,0.00,10.77562416,106.67093525,10.51,"10°46'32.25""N, 106°40'15.37""E",FIX,
09:55:21.893,1786244121.894,UTURN_EXECUTION,10.874,0.434,0.345,44.28,0.600,-1.009,0.000,0.000,0.000,0.000,0.00,10.77562416,106.67093525,10.51,"10°46'32.25""N, 106°40'15.37""E",FIX,
09:55:21.960,1786244121.961,UTURN_EXECUTION,10.908,0.446,0.285,44.28,0.600,-1.009,0.000,0.000,0.000,0.000,0.00,10.77562375,106.67093525,10.51,"10°46'32.25""N, 106°40'15.37""E",FIX,
09:55:22.040,1786244122.041,UTURN_EXECUTION,10.955,0.457,0.204,44.28,0.600,-1.009,0.000,0.000,0.000,0.000,0.00,10.77562375,106.67093525,10.51,"10°46'32.25""N, 106°40'15.37""E",FIX,
09:55:22.118,1786244122.118,UTURN_EXECUTION,10.990,0.463,0.144,44.28,0.600,-1.009,0.000,0.000,0.000,0.000,0.00,10.77562375,106.67093525,10.51,"10°46'32.25""N, 106°40'15.37""E",FIX,
09:55:22.186,1786244122.187,UTURN_EXECUTION,11.026,0.468,0.083,44.28,0.600,-1.009,0.000,0.000,0.000,0.000,0.00,10.77562334,106.67093525,10.51,"10°46'32.24""N, 106°40'15.37""E",FIX,
09:55:22.278,1786244122.278,UTURN_EXECUTION,11.062,0.469,0.022,44.28,0.600,-1.009,0.000,0.000,0.000,0.000,0.00,10.77562334,106.67093525,10.51,"10°46'32.24""N, 106°40'15.37""E",FIX,
09:55:22.373,1786244122.373,UTURN_EXECUTION,11.110,0.469,-0.058,44.28,0.600,-1.009,0.000,0.000,0.000,0.000,0.00,10.77562334,106.67093525,10.51,"10°46'32.24""N, 106°40'15.37""E",FIX,
09:55:22.446,1786244122.446,UTURN_EXECUTION,11.146,0.465,-0.119,44.28,0.600,-1.009,0.000,0.000,0.000,0.000,0.00,10.77562293,106.67093525,10.51,"10°46'32.24""N, 106°40'15.37""E",FIX,
09:55:22.520,1786244122.521,UTURN_EXECUTION,11.182,0.460,-0.179,44.28,0.600,-1.009,0.000,0.000,0.000,0.000,0.00,10.77562293,106.67093525,10.51,"10°46'32.24""N, 106°40'15.37""E",FIX,
09:55:22.604,1786244122.604,UTURN_EXECUTION,11.228,0.450,-0.260,44.28,0.600,-1.009,0.000,0.000,0.000,0.000,0.00,10.77562293,106.67093525,10.51,"10°46'32.24""N, 106°40'15.37""E",FIX,
09:55:22.666,1786244122.666,UTURN_EXECUTION,11.263,0.439,-0.321,44.28,0.600,-1.009,0.000,0.000,0.000,0.000,0.00,10.77562252,106.67093525,10.51,"10°46'32.24""N, 106°40'15.37""E",FIX,
09:55:22.757,1786244122.757,UTURN_EXECUTION,11.297,0.427,-0.381,44.28,0.600,-1.009,0.000,0.000,0.000,0.000,0.00,10.77562252,106.67093525,10.51,"10°46'32.24""N, 106°40'15.37""E",FIX,
09:55:22.832,1786244122.832,UTURN_EXECUTION,11.330,0.412,-0.442,44.28,0.600,-1.009,0.000,0.000,0.000,0.000,0.00,10.77562252,106.67093525,10.51,"10°46'32.24""N, 106°40'15.37""E",FIX,
09:55:22.908,1786244122.908,UTURN_EXECUTION,11.372,0.390,-0.522,44.28,0.600,-1.009,0.000,0.000,0.000,0.000,0.00,10.77562211,106.67093525,10.51,"10°46'32.24""N, 106°40'15.37""E",FIX,
09:55:22.991,1786244122.992,UTURN_EXECUTION,11.403,0.371,-0.583,44.28,0.600,-1.009,0.000,0.000,0.000,0.000,0.00,10.77562211,106.67093525,10.51,"10°46'32.24""N, 106°40'15.37""E",FIX,
09:55:23.072,1786244123.072,UTURN_EXECUTION,11.432,0.351,-0.643,44.28,0.600,-1.009,0.000,0.000,0.000,0.000,0.00,10.77562211,106.67093525,10.51,"10°46'32.24""N, 106°40'15.37""E",FIX,
09:55:23.150,1786244123.151,UTURN_EXECUTION,11.469,0.320,-0.724,44.28,0.600,-1.009,0.000,0.000,0.000,0.000,0.00,10.77562170,106.67093525,10.51,"10°46'32.24""N, 106°40'15.37""E",FIX,
09:55:23.227,1786244123.227,UTURN_EXECUTION,11.496,0.296,-0.785,44.28,0.600,-1.009,0.000,0.000,0.000,0.000,0.00,10.77562170,106.67093525,10.51,"10°46'32.24""N, 106°40'15.37""E",FIX,
09:55:23.307,1786244123.307,UTURN_EXECUTION,11.520,0.269,-0.845,44.28,0.600,-1.009,0.000,0.000,0.000,0.000,0.00,10.77562170,106.67093525,10.51,"10°46'32.24""N, 106°40'15.37""E",FIX,
09:55:23.396,1786244123.396,UTURN_EXECUTION,11.551,0.232,-0.926,44.28,0.600,-1.009,0.000,0.000,0.000,0.000,0.00,10.77562129,106.67093525,10.51,"10°46'32.24""N, 106°40'15.37""E",FIX,
09:55:23.458,1786244123.458,UTURN_EXECUTION,11.572,0.203,-0.986,44.28,0.600,-1.009,0.000,0.000,0.000,0.000,0.00,10.77562129,106.67093525,10.51,"10°46'32.24""N, 106°40'15.37""E",FIX,
09:55:23.541,1786244123.542,UTURN_EXECUTION,11.590,0.172,-1.047,44.28,0.600,-1.009,0.000,0.000,0.000,0.000,0.00,10.77562129,106.67093525,10.51,"10°46'32.24""N, 106°40'15.37""E",FIX,
09:55:23.611,1786244123.612,UTURN_EXECUTION,11.608,0.141,-1.108,44.28,0.600,-1.009,0.000,0.000,0.000,0.000,0.00,10.77562129,106.67093525,10.51,"10°46'32.24""N, 106°40'15.37""E",FIX,
09:55:23.688,1786244123.688,UTURN_EXECUTION,11.627,0.097,-1.188,44.28,0.600,-1.009,0.000,0.000,0.000,0.000,0.00,10.77562088,106.67093525,10.51,"10°46'32.24""N, 106°40'15.37""E",FIX,
09:55:23.769,1786244123.769,UTURN_EXECUTION,11.640,0.063,-1.249,44.28,0.600,-1.009,0.000,0.000,0.000,0.000,0.00,10.77562088,106.67093525,10.51,"10°46'32.24""N, 106°40'15.37""E",FIX,
09:55:23.846,1786244123.846,UTURN_EXECUTION,11.650,0.029,-1.309,44.28,0.600,-1.009,0.000,0.000,0.000,0.000,0.00,10.77562088,106.67093525,10.51,"10°46'32.24""N, 106°40'15.37""E",FIX,
09:55:23.947,1786244123.948,UTURN_EXECUTION,11.661,-0.018,-1.390,44.28,0.600,-1.009,0.000,0.000,0.000,0.000,0.00,10.77562047,106.67093525,10.51,"10°46'32.23""N, 106°40'15.37""E",FIX,
09:55:24.050,1786244124.050,UTURN_EXECUTION,11.666,-0.054,-1.451,44.28,0.600,-1.009,0.000,0.000,0.000,0.000,0.00,10.77562047,106.67093525,10.51,"10°46'32.23""N, 106°40'15.37""E",FIX,
09:55:24.134,1786244124.134,UTURN_EXECUTION,11.670,-0.102,-1.531,44.28,0.600,-1.009,0.000,0.000,0.000,0.000,0.00,10.77562006,106.67093525,10.51,"10°46'32.23""N, 106°40'15.37""E",FIX,
09:55:24.217,1786244124.217,UTURN_EXECUTION,11.670,-0.138,-1.592,44.28,0.600,-1.009,0.000,0.000,0.000,0.000,0.00,10.77562006,106.67093525,10.51,"10°46'32.23""N, 106°40'15.37""E",FIX,
09:55:24.288,1786244124.288,UTURN_EXECUTION,11.668,-0.174,-1.652,44.28,0.600,-1.009,0.000,0.000,0.000,0.000,0.00,10.77562006,106.67093525,10.51,"10°46'32.23""N, 106°40'15.37""E",FIX,
09:55:24.396,1786244124.396,UTURN_EXECUTION,11.664,-0.209,-1.713,44.28,0.600,-1.009,0.000,0.000,0.000,0.000,0.00,10.77562006,106.67093525,10.51,"10°46'32.23""N, 106°40'15.37""E",FIX,
09:55:24.477,1786244124.478,UTURN_EXECUTION,11.656,-0.257,-1.794,44.28,0.600,-1.009,0.000,0.000,0.000,0.000,0.00,10.77561965,106.67093525,10.51,"10°46'32.23""N, 106°40'15.37""E",FIX,
09:55:24.543,1786244124.544,UTURN_EXECUTION,11.646,-0.291,-1.854,44.28,0.600,-1.009,0.000,0.000,0.000,0.000,0.00,10.77561965,106.67093525,10.51,"10°46'32.23""N, 106°40'15.37""E",FIX,
09:55:24.620,1786244124.621,UTURN_EXECUTION,11.635,-0.326,-1.915,44.28,0.600,-1.009,0.000,0.000,0.000,0.000,0.00,10.77561965,106.67093525,10.51,"10°46'32.23""N, 106°40'15.37""E",FIX,
09:55:24.703,1786244124.704,UTURN_EXECUTION,11.622,-0.359,-1.975,44.28,0.600,-1.009,0.000,0.000,0.000,0.000,0.00,10.77561924,106.67093525,10.51,"10°46'32.23""N, 106°40'15.37""E",FIX,
09:55:24.772,1786244124.772,UTURN_EXECUTION,11.607,-0.392,-2.036,44.28,0.600,-1.009,0.000,0.000,0.000,0.000,0.00,10.77561924,106.67093525,10.51,"10°46'32.23""N, 106°40'15.37""E",FIX,
09:55:24.856,1786244124.856,UTURN_EXECUTION,11.584,-0.434,-2.117,44.28,0.600,-1.009,0.000,0.000,0.000,0.000,0.00,10.77561924,106.67093525,10.51,"10°46'32.23""N, 106°40'15.37""E",FIX,
09:55:24.929,1786244124.930,UTURN_EXECUTION,11.557,-0.474,-2.197,44.28,0.600,-1.009,0.000,0.000,0.000,0.000,0.00,10.77561883,106.67093525,10.51,"10°46'32.23""N, 106°40'15.37""E",FIX,
09:55:25.003,1786244125.003,UTURN_EXECUTION,11.535,-0.502,-2.258,44.28,0.600,-1.009,0.000,0.000,0.000,0.000,0.00,10.77561883,106.67093525,10.51,"10°46'32.23""N, 106°40'15.37""E",FIX,
09:55:25.070,1786244125.070,UTURN_EXECUTION,11.512,-0.529,-2.318,44.28,0.600,-1.009,0.000,0.000,0.000,0.000,0.00,10.77561883,106.67093525,10.51,"10°46'32.23""N, 106°40'15.37""E",FIX,
09:55:25.183,1786244125.183,UTURN_EXECUTION,11.478,-0.563,-2.399,44.28,0.600,-1.009,0.000,0.000,0.000,0.000,0.00,10.77561842,106.67093525,10.51,"10°46'32.23""N, 106°40'15.37""E",FIX,
09:55:25.275,1786244125.275,UTURN_EXECUTION,11.450,-0.587,-2.460,44.28,0.600,-1.009,0.000,0.000,0.000,0.000,0.00,10.77561842,106.67093525,10.51,"10°46'32.23""N, 106°40'15.37""E",FIX,
09:55:25.354,1786244125.355,UTURN_EXECUTION,11.422,-0.609,-2.520,44.28,0.600,-1.009,0.000,0.000,0.000,0.000,0.00,10.77561842,106.67093525,10.51,"10°46'32.23""N, 106°40'15.37""E",FIX,
09:55:25.433,1786244125.433,UTURN_EXECUTION,11.392,-0.629,-2.581,44.28,0.600,-1.009,0.000,0.000,0.000,0.000,0.00,10.77561801,106.67093525,10.51,"10°46'32.22""N, 106°40'15.37""E",FIX,
09:55:25.520,1786244125.521,UTURN_EXECUTION,11.350,-0.653,-2.661,44.28,0.600,-1.009,0.000,0.000,0.000,0.000,0.00,10.77561801,106.67093525,10.51,"10°46'32.22""N, 106°40'15.37""E",FIX,
09:55:25.580,1786244125.581,UTURN_EXECUTION,11.318,-0.668,-2.722,44.28,0.600,-1.009,0.000,0.000,0.000,0.000,0.00,10.77561801,106.67093525,10.51,"10°46'32.22""N, 106°40'15.37""E",FIX,
09:55:25.651,1786244125.652,UTURN_EXECUTION,11.285,-0.682,-2.782,44.28,0.600,-1.009,0.000,0.000,0.000,0.000,0.00,10.77561760,106.67093525,10.51,"10°46'32.22""N, 106°40'15.37""E",FIX,
09:55:25.722,1786244125.722,UTURN_EXECUTION,11.250,-0.693,-2.843,44.28,0.600,-1.009,0.000,0.000,0.000,0.000,0.00,10.77561760,106.67093525,10.51,"10°46'32.22""N, 106°40'15.37""E",FIX,
09:55:25.794,1786244125.794,UTURN_EXECUTION,11.216,-0.703,-2.903,44.28,0.600,-1.009,0.000,0.000,0.000,0.000,0.00,10.77561760,106.67093525,10.51,"10°46'32.22""N, 106°40'15.37""E",FIX,
09:55:25.876,1786244125.877,UTURN_EXECUTION,11.169,-0.712,-2.984,44.28,0.600,-1.009,0.000,0.000,0.000,0.000,0.00,10.77561719,106.67093525,10.51,"10°46'32.22""N, 106°40'15.37""E",FIX,
09:55:25.960,1786244125.961,UTURN_EXECUTION,11.121,-0.718,-3.065,44.28,0.600,-1.009,0.000,0.000,0.000,0.000,0.00,10.77561719,106.67093525,10.51,"10°46'32.22""N, 106°40'15.37""E",FIX,
09:55:26.041,1786244126.041,UTURN_EXECUTION,11.085,-0.720,-3.125,44.28,0.600,-1.009,0.000,0.000,0.000,0.000,0.00,10.77561719,106.67093525,10.51,"10°46'32.22""N, 106°40'15.37""E",FIX,
09:55:26.134,1786244126.134,UTURN_EXECUTION,11.037,-0.719,3.077,44.28,0.600,-1.009,0.000,0.000,0.000,0.000,0.00,10.77561678,106.67093525,10.51,"10°46'32.22""N, 106°40'15.37""E",FIX,
09:55:26.198,1786244126.199,UTURN_EXECUTION,11.013,-0.717,3.037,44.28,0.600,-1.009,0.000,0.000,0.000,0.000,0.00,10.77561678,106.67093525,10.51,"10°46'32.22""N, 106°40'15.37""E",FIX,
09:55:26.278,1786244126.279,UTURN_EXECUTION,10.966,-0.710,2.956,44.28,0.600,-1.009,0.000,0.000,0.000,0.000,0.00,10.77561678,106.67093525,10.51,"10°46'32.22""N, 106°40'15.37""E",FIX,
09:55:26.346,1786244126.347,UTURN_EXECUTION,10.931,-0.702,2.895,44.28,0.600,-1.009,0.000,0.000,0.000,0.000,0.00,10.77561637,106.67093525,10.51,"10°46'32.22""N, 106°40'15.37""E",FIX,
09:55:26.420,1786244126.420,UTURN_EXECUTION,10.896,-0.692,2.835,44.28,0.600,-1.009,0.000,0.000,0.000,0.000,0.00,10.77561637,106.67093525,10.51,"10°46'32.22""N, 106°40'15.37""E",FIX,
09:55:26.503,1786244126.504,UTURN_EXECUTION,10.851,-0.676,2.754,44.28,0.600,-1.009,0.000,0.000,0.000,0.000,0.00,10.77561637,106.67093525,10.51,"10°46'32.22""N, 106°40'15.37""E",FIX,
09:55:26.588,1786244126.588,UTURN_EXECUTION,10.818,-0.661,2.694,44.28,0.600,-1.009,0.000,0.000,0.000,0.000,0.00,10.77561596,106.67093525,10.51,"10°46'32.22""N, 106°40'15.37""E",FIX,
09:55:26.664,1786244126.664,UTURN_EXECUTION,10.786,-0.645,2.633,44.28,0.600,-1.009,0.000,0.000,0.000,0.000,0.00,10.77561596,106.67093525,10.51,"10°46'32.22""N, 106°40'15.37""E",FIX,
09:55:26.742,1786244126.742,UTURN_EXECUTION,10.745,-0.620,2.552,44.28,0.600,-1.009,0.000,0.000,0.000,0.000,0.00,10.77561596,106.67093525,10.51,"10°46'32.22""N, 106°40'15.37""E",FIX,
09:55:26.814,1786244126.814,UTURN_EXECUTION,10.716,-0.599,2.492,44.28,0.600,-1.009,0.000,0.000,0.000,0.000,0.00,10.77561555,106.67093525,10.51,"10°46'32.22""N, 106°40'15.37""E",FIX,
09:55:26.886,1786244126.887,UTURN_EXECUTION,10.688,-0.576,2.431,44.28,0.600,-1.009,0.000,0.000,0.000,0.000,0.00,10.77561555,106.67093525,10.51,"10°46'32.22""N, 106°40'15.37""E",FIX,
09:55:26.963,1786244126.964,UTURN_EXECUTION,10.653,-0.543,2.351,44.28,0.600,-1.009,0.000,0.000,0.000,0.000,0.00,10.77561555,106.67093525,10.51,"10°46'32.22""N, 106°40'15.37""E",FIX,
09:55:27.027,1786244127.027,UTURN_EXECUTION,10.628,-0.517,2.290,44.28,0.600,-1.009,0.000,0.000,0.000,0.000,0.00,10.77561514,106.67093525,10.51,"10°46'32.21""N, 106°40'15.37""E",FIX,
09:55:27.107,1786244127.108,UTURN_EXECUTION,10.605,-0.489,2.229,44.28,0.600,-1.009,0.000,0.000,0.000,0.000,0.00,10.77561514,106.67093525,10.51,"10°46'32.21""N, 106°40'15.37""E",FIX,
09:55:27.187,1786244127.187,UTURN_EXECUTION,10.577,-0.450,2.149,44.28,0.600,-1.009,0.000,0.000,0.000,0.000,0.00,10.77561514,106.67093525,10.51,"10°46'32.21""N, 106°40'15.37""E",FIX,
09:55:27.248,1786244127.248,UTURN_EXECUTION,10.565,-0.430,2.108,44.28,0.600,-1.009,0.000,0.000,0.000,0.000,0.00,10.77561473,106.67093525,10.51,"10°46'32.21""N, 106°40'15.37""E",FIX,
09:55:27.331,1786244127.332,UTURN_EXECUTION,10.542,-0.387,2.028,44.28,0.600,-1.009,0.000,0.000,0.000,0.000,0.00,10.77561473,106.67093525,10.51,"10°46'32.21""N, 106°40'15.37""E",FIX,
09:55:27.395,1786244127.396,UTURN_EXECUTION,10.527,-0.355,1.967,44.28,0.600,-1.009,0.000,0.000,0.000,0.000,0.00,10.77561473,106.67093525,10.51,"10°46'32.21""N, 106°40'15.37""E",FIX,
09:55:27.479,1786244127.479,UTURN_EXECUTION,10.510,-0.310,1.886,44.28,0.600,-1.009,0.000,0.000,0.000,0.000,0.00,10.77561432,106.67093525,10.51,"10°46'32.21""N, 106°40'15.37""E",FIX,
09:55:27.548,1786244127.548,UTURN_EXECUTION,10.500,-0.275,1.826,44.28,0.600,-1.009,0.000,0.000,0.000,0.000,0.00,10.77561432,106.67093525,10.51,"10°46'32.21""N, 106°40'15.37""E",FIX,
09:55:27.617,1786244127.617,UTURN_EXECUTION,10.492,-0.240,1.765,44.28,0.600,-1.009,0.000,0.000,0.000,0.000,0.00,10.77561432,106.67093525,10.51,"10°46'32.21""N, 106°40'15.37""E",FIX,
09:55:27.697,1786244127.698,UTURN_EXECUTION,10.485,-0.193,1.685,44.28,0.600,-1.009,0.000,0.000,0.000,0.000,0.00,10.77561391,106.67093525,10.51,"10°46'32.21""N, 106°40'15.37""E",FIX,
09:55:27.767,1786244127.767,UTURN_EXECUTION,10.482,-0.157,1.624,44.28,0.600,-1.009,0.000,0.000,0.000,0.000,0.00,10.77561391,106.67093525,10.51,"10°46'32.21""N, 106°40'15.37""E",FIX,
09:55:27.846,1786244127.847,UTURN_EXECUTION,10.481,-0.121,1.564,44.28,0.600,-1.009,0.000,0.000,0.000,0.000,0.00,10.77561391,106.67093525,10.51,"10°46'32.21""N, 106°40'15.37""E",FIX,
09:55:27.918,1786244127.919,UTURN_EXECUTION,10.482,-0.085,1.503,44.28,0.600,-1.009,0.000,0.000,0.000,0.000,0.00,10.77561350,106.67093525,10.51,"10°46'32.21""N, 106°40'15.37""E",FIX,
09:55:27.991,1786244127.992,UTURN_EXECUTION,10.487,-0.037,1.422,44.28,0.600,-1.009,0.000,0.000,0.000,0.000,0.00,10.77561350,106.67093525,10.51,"10°46'32.21""N, 106°40'15.37""E",FIX,
09:55:28.065,1786244128.066,UTURN_EXECUTION,10.494,-0.002,1.362,44.28,0.600,-1.009,0.000,0.000,0.000,0.000,0.00,10.77561350,106.67093525,10.51,"10°46'32.21""N, 106°40'15.37""E",FIX,
09:55:28.132,1786244128.133,UTURN_EXECUTION,10.502,0.033,1.301,44.28,0.600,-1.009,0.000,0.000,0.000,0.000,0.00,10.77561309,106.67093525,10.51,"10°46'32.21""N, 106°40'15.37""E",FIX,
09:55:28.210,1786244128.210,UTURN_EXECUTION,10.517,0.079,1.221,44.28,0.600,-1.009,0.000,0.000,0.000,0.000,0.00,10.77561309,106.67093525,10.51,"10°46'32.21""N, 106°40'15.37""E",FIX,
09:55:28.279,1786244128.280,UTURN_EXECUTION,10.530,0.112,1.160,44.28,0.600,-1.009,0.000,0.000,0.000,0.000,0.00,10.77561309,106.67093525,10.51,"10°46'32.21""N, 106°40'15.37""E",FIX,
09:55:28.344,1786244128.344,UTURN_EXECUTION,10.546,0.145,1.099,44.28,0.600,-1.009,0.000,0.000,0.000,0.000,0.00,10.77561268,106.67093525,10.51,"10°46'32.21""N, 106°40'15.37""E",FIX,
09:55:28.425,1786244128.425,UTURN_EXECUTION,10.569,0.187,1.019,44.28,0.600,-1.009,0.000,0.000,0.000,0.000,0.00,10.77561268,106.67093525,10.51,"10°46'32.21""N, 106°40'15.37""E",FIX,
09:55:28.492,1786244128.493,UTURN_EXECUTION,10.582,0.207,0.978,44.28,0.600,-1.009,0.000,0.000,0.000,0.000,0.00,10.77561268,106.67093525,10.51,"10°46'32.21""N, 106°40'15.37""E",FIX,
10:08:58.312,1786244938.313,UTURN_EXECUTION,10.589,0.217,0.958,44.28,0.600,-1.009,0.000,0.000,0.000,0.875,0.00,10.77567062,106.67087529,10.71,"10°46'32.41""N, 106°40'15.15""E",FIX,
10:08:58.390,1786244938.391,TRACKING,0.033,-0.001,-0.055,0.00,0.450,-0.000,0.000,0.000,0.000,0.771,10.61,10.77567062,106.67087529,10.71,"10°46'32.41""N, 106°40'15.15""E",FIX,
10:08:58.457,1786244938.457,TRACKING,0.072,-0.004,-0.078,0.00,0.450,-0.000,0.000,0.000,0.000,0.396,10.65,10.77567062,106.67087529,10.71,"10°46'32.41""N, 106°40'15.15""E",FIX,
10:08:58.525,1786244938.526,TRACKING,0.099,-0.006,-0.078,0.00,0.450,-0.000,0.000,0.000,0.000,0.000,10.67,10.77567062,106.67087527,10.51,"10°46'32.41""N, 106°40'15.15""E",FIX,
10:08:58.609,1786244938.609,TRACKING,0.134,-0.009,-0.078,0.00,0.450,-0.000,0.000,0.000,0.000,0.000,10.71,10.77567062,106.67087527,10.51,"10°46'32.41""N, 106°40'15.15""E",FIX,
10:08:58.663,1786244938.663,TRACKING,0.152,-0.010,-0.078,0.00,0.450,-0.000,0.000,0.000,0.000,0.000,10.73,10.77567062,106.67087527,10.51,"10°46'32.41""N, 106°40'15.15""E",FIX,
10:08:59.044,1786244939.044,TRACKING,0.188,-0.013,-0.078,0.00,0.450,-0.000,0.000,0.000,0.000,0.000,10.76,10.77567062,106.67087567,10.51,"10°46'32.41""N, 106°40'15.15""E",FIX,
10:08:59.063,1786244939.063,TRACKING,0.251,-0.018,-0.078,0.00,0.450,-0.000,0.000,0.000,0.000,0.000,10.82,10.77567062,106.67087567,10.51,"10°46'32.41""N, 106°40'15.15""E",FIX,
10:08:59.077,1786244939.077,TRACKING,0.260,-0.018,-0.078,0.00,0.450,-0.000,0.000,0.000,0.000,0.000,10.83,10.77567062,106.67087567,10.51,"10°46'32.41""N, 106°40'15.15""E",FIX,
10:08:59.091,1786244939.091,TRACKING,0.269,-0.019,-0.078,0.00,0.450,-0.000,0.000,0.000,0.000,0.000,10.84,10.77567062,106.67087611,10.51,"10°46'32.41""N, 106°40'15.15""E",FIX,
10:08:59.106,1786244939.107,TRACKING,0.278,-0.020,-0.078,0.00,0.450,-0.000,0.000,0.000,0.000,0.000,10.85,10.77567062,106.67087611,10.51,"10°46'32.41""N, 106°40'15.15""E",FIX,
10:08:59.119,1786244939.119,TRACKING,0.296,-0.021,-0.078,0.00,0.450,-0.000,0.000,0.000,0.000,0.000,10.87,10.77567062,106.67087611,10.51,"10°46'32.41""N, 106°40'15.15""E",FIX,
10:08:59.219,1786244939.220,TRACKING,0.367,-0.027,-0.078,0.00,0.450,-0.000,0.000,0.000,0.000,0.021,10.94,10.77567062,106.67087652,10.51,"10°46'32.41""N, 106°40'15.16""E",FIX,
10:08:59.294,1786244939.295,TRACKING,0.394,-0.029,-0.078,0.00,0.450,-0.000,0.000,0.000,0.000,0.083,10.97,10.77567062,106.67087652,10.51,"10°46'32.41""N, 106°40'15.16""E",FIX,
10:08:59.378,1786244939.378,TRACKING,0.421,-0.031,-0.078,0.00,0.450,-0.000,0.000,0.000,0.000,0.125,11.00,10.77567062,106.67087652,10.51,"10°46'32.41""N, 106°40'15.16""E",FIX,
10:08:59.462,1786244939.462,TRACKING,0.457,-0.034,-0.078,0.00,0.450,-0.000,0.000,0.000,0.000,0.187,11.03,10.77567062,106.67087693,10.51,"10°46'32.41""N, 106°40'15.16""E",FIX,
10:08:59.538,1786244939.539,TRACKING,0.484,-0.036,-0.078,0.00,0.450,-0.000,0.000,0.000,0.000,0.250,11.06,10.77567062,106.67087693,10.51,"10°46'32.41""N, 106°40'15.16""E",FIX,
10:08:59.603,1786244939.603,TRACKING,0.511,-0.038,-0.078,0.00,0.450,-0.000,0.000,0.000,0.000,0.312,11.09,10.77567062,106.67087693,10.51,"10°46'32.41""N, 106°40'15.16""E",FIX,
10:08:59.683,1786244939.684,TRACKING,0.538,-0.040,-0.078,0.00,0.450,-0.000,0.000,0.000,0.000,0.354,11.11,10.77567062,106.67087693,10.51,"10°46'32.41""N, 106°40'15.16""E",FIX,
10:08:59.764,1786244939.765,TRACKING,0.574,-0.043,-0.078,0.00,0.450,-0.000,0.000,0.000,0.000,0.417,11.15,10.77567062,106.67087734,10.51,"10°46'32.41""N, 106°40'15.16""E",FIX,
10:08:59.850,1786244939.851,TRACKING,0.610,-0.046,-0.078,0.00,0.450,-0.000,0.000,0.000,0.000,0.479,11.18,10.77567062,106.67087734,10.51,"10°46'32.41""N, 106°40'15.16""E",FIX,
10:08:59.919,1786244939.920,TRACKING,0.628,-0.047,-0.078,0.00,0.450,-0.000,0.000,0.000,0.000,0.542,11.20,10.77567062,106.67087734,10.51,"10°46'32.41""N, 106°40'15.16""E",FIX,
10:08:59.995,1786244939.995,TRACKING,0.664,-0.050,-0.078,0.00,0.450,-0.000,0.000,0.000,0.000,0.604,11.24,10.77567062,106.67087776,10.51,"10°46'32.41""N, 106°40'15.16""E",FIX,
10:09:00.081,1786244940.082,TRACKING,0.699,-0.053,-0.078,0.00,0.450,-0.000,0.000,0.000,0.000,0.667,11.27,10.77567062,106.67087776,10.51,"10°46'32.41""N, 106°40'15.16""E",FIX,
10:09:00.154,1786244940.154,TRACKING,0.726,-0.055,-0.078,0.00,0.450,-0.000,0.000,0.000,0.000,0.750,11.30,10.77567062,106.67087817,10.51,"10°46'32.41""N, 106°40'15.16""E",FIX,
10:09:00.236,1786244940.237,TRACKING,0.753,-0.057,-0.078,0.00,0.450,-0.000,0.000,0.000,0.000,0.833,11.33,10.77567062,106.67087817,10.51,"10°46'32.41""N, 106°40'15.16""E",FIX,
10:09:00.301,1786244940.302,TRACKING,0.780,-0.059,-0.078,0.00,0.450,-0.000,0.000,0.000,0.000,0.896,11.36,10.77567062,106.67087817,10.51,"10°46'32.41""N, 106°40'15.16""E",FIX,
10:09:00.391,1786244940.392,TRACKING,0.816,-0.062,-0.078,0.00,0.450,-0.000,0.000,0.000,0.000,0.979,11.39,10.77567062,106.67087858,10.51,"10°46'32.41""N, 106°40'15.16""E",FIX,
10:09:00.462,1786244940.463,TRACKING,0.843,-0.064,-0.078,0.00,0.450,-0.000,0.000,0.000,0.000,1.000,11.42,10.77567062,106.67087858,10.51,"10°46'32.41""N, 106°40'15.16""E",FIX,
10:09:00.541,1786244940.542,TRACKING,0.870,-0.066,-0.078,0.00,0.450,-0.000,0.000,0.000,0.000,1.000,11.45,10.77567062,106.67087858,10.51,"10°46'32.41""N, 106°40'15.16""E",FIX,
10:09:00.616,1786244940.617,TRACKING,0.897,-0.068,-0.078,0.00,0.450,-0.000,0.000,0.000,0.000,1.000,11.47,10.77567062,106.67087858,10.51,"10°46'32.41""N, 106°40'15.16""E",FIX,
10:09:00.692,1786244940.692,TRACKING,0.933,-0.071,-0.078,0.00,0.450,-0.000,0.000,0.000,0.000,1.000,11.51,10.77567062,106.67087899,10.51,"10°46'32.41""N, 106°40'15.16""E",FIX,
