Time,Unix_Timestamp,FSM_State,Pos_X_m,Pos_Y_m,Yaw_rad,Steer_Angle_deg,Linear_Vel_mps,Angular_Vel_radps,IMU_Yaw_rad,IMU_Angular_Vel_z,IMU_Accel_x,Confidence,Dist_Traveled_m,GPS_Latitude,GPS_Longitude,GPS_Altitude_m,GPS_DMS,GPS_Status,Event
00:04:56.021,1786208696.022,TRACKING,0.000,0.000,0.000,0.00,0.450,-0.000,0.000,0.000,0.000,0.000,0.00,10.77566700,106.67088900,10.00,"10°46'32.40""N, 106°40'15.20""E",NO_FIX,
00:04:56.085,1786208696.086,TRACKING,0.016,-0.000,0.000,0.00,0.450,-0.000,0.000,0.000,0.000,0.000,0.02,10.77567062,106.67087533,10.51,"10°46'32.41""N, 106°40'15.15""E",FIX,
00:04:56.162,1786208696.163,TRACKING,0.043,-0.000,0.000,0.00,0.450,-0.000,0.000,0.000,0.000,0.000,0.04,10.77567062,106.67087533,10.51,"10°46'32.41""N, 106°40'15.15""E",FIX,
00:04:56.250,1786208696.250,TRACKING,0.070,-0.000,0.000,0.00,0.450,-0.000,0.000,0.000,0.000,0.000,0.07,10.77567062,106.67087533,10.51,"10°46'32.41""N, 106°40'15.15""E",FIX,
00:04:56.349,1786208696.349,TRACKING,0.106,0.000,0.000,0.00,0.450,-0.000,0.000,0.000,0.000,0.000,0.11,10.77567062,106.67087577,10.51,"10°46'32.41""N, 106°40'15.15""E",FIX,
00:04:56.462,1786208696.462,TRACKING,0.142,0.000,0.000,0.00,0.450,-0.000,0.000,0.000,0.000,0.000,0.14,10.77567062,106.67087577,10.51,"10°46'32.41""N, 106°40'15.15""E",FIX,
00:04:56.574,1786208696.574,TRACKING,0.178,0.000,0.000,0.00,0.450,-0.000,0.000,0.000,0.000,0.000,0.18,10.77567062,106.67087577,10.51,"10°46'32.41""N, 106°40'15.15""E",FIX,
00:04:56.625,1786208696.626,TRACKING,0.196,0.000,0.000,0.00,0.450,-0.000,0.000,0.000,0.000,0.000,0.20,10.77567062,106.67087618,10.51,"10°46'32.41""N, 106°40'15.15""E",FIX,
00:04:56.675,1786208696.676,TRACKING,0.214,0.000,0.000,0.00,0.450,-0.000,0.000,0.000,0.000,0.000,0.21,10.77567062,106.67087618,10.51,"10°46'32.41""N, 106°40'15.15""E",FIX,
00:04:56.742,1786208696.743,TRACKING,0.250,0.000,0.000,0.00,0.450,-0.000,0.000,0.000,0.000,0.000,0.25,10.77567062,106.67087618,10.51,"10°46'32.41""N, 106°40'15.15""E",FIX,
00:04:56.831,1786208696.831,TRACKING,0.286,0.000,0.000,0.00,0.450,-0.000,0.000,0.000,0.000,0.042,0.29,10.77567062,106.67087659,10.51,"10°46'32.41""N, 106°40'15.16""E",FIX,
00:04:56.908,1786208696.909,TRACKING,0.313,0.000,0.000,0.00,0.450,-0.000,0.000,0.000,0.000,0.083,0.31,10.77567062,106.67087659,10.51,"10°46'32.41""N, 106°40'15.16""E",FIX,
00:04:56.979,1786208696.980,TRACKING,0.340,0.000,0.000,0.00,0.450,-0.000,0.000,0.000,0.000,0.146,0.34,10.77567062,106.67087659,10.51,"10°46'32.41""N, 106°40'15.16""E",FIX,
00:04:57.052,1786208697.052,TRACKING,0.367,0.000,0.000,0.00,0.450,-0.000,0.000,0.000,0.000,0.208,0.37,10.77567062,106.67087659,10.51,"10°46'32.41""N, 106°40'15.16""E",FIX,
00:04:57.126,1786208697.126,TRACKING,0.394,0.000,0.000,0.00,0.450,-0.000,0.000,0.000,0.000,0.250,0.39,10.77567062,106.67087700,10.51,"10°46'32.41""N, 106°40'15.16""E",FIX,
00:04:57.209,1786208697.210,TRACKING,0.430,0.000,0.000,0.00,0.450,-0.000,0.000,0.000,0.000,0.333,0.43,10.77567062,106.67087700,10.51,"10°46'32.41""N, 106°40'15.16""E",FIX,
00:04:57.282,1786208697.282,TRACKING,0.466,0.000,0.000,0.00,0.450,-0.000,0.000,0.000,0.000,0.375,0.47,10.77567062,106.67087741,10.51,"10°46'32.41""N, 106°40'15.16""E",FIX,
00:04:57.346,1786208697.347,TRACKING,0.484,0.000,0.000,0.00,0.450,-0.000,0.000,0.000,0.000,0.437,0.48,10.77567062,106.67087741,10.51,"10°46'32.41""N, 106°40'15.16""E",FIX,
00:04:57.819,1786208697.820,TRACKING,0.511,0.000,0.000,0.00,0.450,-0.000,0.000,0.000,0.000,0.500,0.51,10.77567062,106.67087741,10.51,"10°46'32.41""N, 106°40'15.16""E",FIX,
00:04:57.831,1786208697.831,TRACKING,0.511,0.000,0.000,0.00,0.450,-0.000,0.000,0.000,0.000,0.583,0.51,10.77567062,106.67087741,10.51,"10°46'32.41""N, 106°40'15.16""E",FIX,
00:04:57.844,1786208697.844,TRACKING,0.601,0.000,0.000,0.00,0.450,-0.000,0.000,0.000,0.000,0.625,0.60,10.77567062,106.67087741,10.51,"10°46'32.41""N, 106°40'15.16""E",FIX,
00:04:57.857,1786208697.857,TRACKING,0.610,0.000,0.000,0.00,0.450,-0.000,0.000,0.000,0.000,0.708,0.61,10.77567062,106.67087741,10.51,"10°46'32.41""N, 106°40'15.16""E",FIX,
00:04:57.870,1786208697.871,TRACKING,0.619,0.000,0.000,0.00,0.450,-0.000,0.000,0.000,0.000,0.771,0.62,10.77567062,106.67087741,10.51,"10°46'32.41""N, 106°40'15.16""E",FIX,
00:04:57.884,1786208697.884,TRACKING,0.628,0.000,0.000,0.00,0.450,-0.000,0.000,0.000,0.000,0.833,0.63,10.77567062,106.67087741,10.51,"10°46'32.41""N, 106°40'15.16""E",FIX,
00:04:57.897,1786208697.897,TRACKING,0.700,0.000,0.000,0.00,0.450,-0.000,0.000,0.000,0.000,0.917,0.70,10.77567062,106.67087741,10.51,"10°46'32.41""N, 106°40'15.16""E",FIX,
00:04:57.961,1786208697.961,TRACKING,0.727,0.000,0.000,0.00,0.450,-0.000,0.000,0.000,0.000,1.000,0.73,10.77567062,106.67087741,10.51,"10°46'32.41""N, 106°40'15.16""E",FIX,
00:04:58.043,1786208698.044,TRACKING,0.754,0.000,0.000,0.00,0.450,-0.000,0.000,0.000,0.000,1.000,0.75,10.77567062,106.67087741,10.51,"10°46'32.41""N, 106°40'15.16""E",FIX,
00:04:58.123,1786208698.123,TRACKING,0.781,0.000,0.000,0.00,0.450,-0.000,0.000,0.000,0.000,1.000,0.78,10.77567062,106.67087741,10.51,"10°46'32.41""N, 106°40'15.16""E",FIX,
00:04:58.206,1786208698.207,TRACKING,0.817,0.000,0.000,0.00,0.450,-0.000,0.000,0.000,0.000,1.000,0.82,10.77567062,106.67087741,10.51,"10°46'32.41""N, 106°40'15.16""E",FIX,
00:04:58.292,1786208698.293,TRACKING,0.853,0.000,0.000,0.00,0.450,-0.000,0.000,0.000,0.000,1.000,0.85,10.77567062,106.67087906,10.51,"10°46'32.41""N, 106°40'15.16""E",FIX,
00:04:58.354,1786208698.354,TRACKING,0.871,0.000,0.000,0.00,0.450,-0.000,0.000,0.000,0.000,1.000,0.87,10.77567062,106.67087906,10.51,"10°46'32.41""N, 106°40'15.16""E",FIX,
00:04:58.458,1786208698.459,TRACKING,0.907,0.000,0.000,0.00,0.450,-0.000,0.000,0.000,0.000,1.000,0.91,10.77567062,106.67087906,10.51,"10°46'32.41""N, 106°40'15.16""E",FIX,
00:04:58.549,1786208698.549,TRACKING,0.934,0.000,0.000,0.00,0.450,-0.000,0.000,0.000,0.000,1.000,0.93,10.77567062,106.67087947,10.51,"10°46'32.41""N, 106°40'15.17""E",FIX,
00:04:58.613,1786208698.613,TRACKING,0.961,0.000,0.000,0.00,0.450,-0.000,0.000,0.000,0.000,1.000,0.96,10.77567062,106.67087947,10.51,"10°46'32.41""N, 106°40'15.17""E",FIX,
00:04:58.703,1786208698.703,TRACKING,0.988,0.000,0.000,0.00,0.450,-0.000,0.000,0.000,0.000,1.000,0.99,10.77567062,106.67087947,10.51,"10°46'32.41""N, 106°40'15.17""E",FIX,
00:04:58.782,1786208698.783,TRACKING,1.024,0.000,0.000,0.00,0.450,-0.000,0.000,0.000,0.000,1.000,1.02,10.77567062,106.67087988,10.51,"10°46'32.41""N, 106°40'15.17""E",FIX,
00:04:58.876,1786208698.877,TRACKING,1.051,0.000,0.000,0.00,0.450,-0.000,0.000,0.000,0.000,1.000,1.05,10.77567062,106.67087988,10.51,"10°46'32.41""N, 106°40'15.17""E",FIX,
00:04:58.967,1786208698.967,TRACKING,1.087,0.000,0.000,0.00,0.450,-0.000,0.000,0.000,0.000,1.000,1.09,10.77567062,106.67087988,10.51,"10°46'32.41""N, 106°40'15.17""E",FIX,
00:04:59.054,1786208699.055,TRACKING,1.114,0.000,0.000,0.00,0.450,-0.000,0.000,0.000,0.000,1.000,1.11,10.77567062,106.67088029,10.51,"10°46'32.41""N, 106°40'15.17""E",FIX,
00:04:59.140,1786208699.141,TRACKING,1.141,0.000,0.000,0.00,0.450,-0.000,0.000,0.000,0.000,1.000,1.14,10.77567062,106.67088029,10.51,"10°46'32.41""N, 106°40'15.17""E",FIX,
00:04:59.222,1786208699.223,TRACKING,1.168,0.000,0.000,0.00,0.450,-0.000,0.000,0.000,0.000,1.000,1.17,10.77567062,106.67088029,10.51,"10°46'32.41""N, 106°40'15.17""E",FIX,
00:04:59.295,1786208699.295,TRACKING,1.195,0.000,0.000,0.00,0.450,-0.008,0.000,0.000,0.000,1.000,1.19,10.77567062,106.67088071,10.51,"10°46'32.41""N, 106°40'15.17""E",FIX,
00:04:59.378,1786208699.379,TRACKING,1.231,-0.000,-0.000,0.00,0.450,0.002,0.000,0.000,0.000,1.000,1.23,10.77567062,106.67088071,10.51,"10°46'32.41""N, 106°40'15.17""E",FIX,
00:04:59.473,1786208699.473,TRACKING,1.258,-0.000,-0.000,0.00,0.450,-0.006,0.000,0.000,0.000,1.000,1.26,10.77567062,106.67088071,10.51,"10°46'32.41""N, 106°40'15.17""E",FIX,
00:04:59.560,1786208699.560,TRACKING,1.294,-0.000,-0.001,0.01,0.450,-0.004,0.000,0.000,0.000,1.000,1.29,10.77567062,106.67088112,10.51,"10°46'32.41""N, 106°40'15.17""E",FIX,
00:04:59.636,1786208699.637,TRACKING,1.321,-0.000,-0.001,0.00,0.450,0.003,0.000,0.000,0.000,1.000,1.32,10.77567062,106.67088112,10.51,"10°46'32.41""N, 106°40'15.17""E",FIX,
00:04:59.698,1786208699.699,TRACKING,1.348,-0.000,-0.001,-0.00,0.450,0.012,0.000,0.000,0.000,0.583,1.35,10.77567062,106.67088112,10.51,"10°46'32.41""N, 106°40'15.17""E",FIX,
00:04:59.803,1786208699.803,TRACKING,1.384,-0.000,-0.000,-0.00,0.450,0.005,0.000,0.000,0.000,0.667,1.38,10.77567062,106.67088153,10.51,"10°46'32.41""N, 106°40'15.17""E",FIX,
00:04:59.878,1786208699.878,TRACKING,1.411,-0.000,0.000,-0.01,0.450,0.006,0.000,0.000,0.000,0.750,1.41,10.77567062,106.67088153,10.51,"10°46'32.41""N, 106°40'15.17""E",FIX,
00:04:59.960,1786208699.961,TRACKING,1.438,-0.000,0.001,-0.01,0.450,0.005,0.000,0.000,0.000,0.812,1.44,10.77567062,106.67088153,10.51,"10°46'32.41""N, 106°40'15.17""E",FIX,
00:05:00.031,1786208700.031,TRACKING,1.465,-0.000,0.001,-0.01,0.450,0.004,0.000,0.000,0.000,0.875,1.46,10.77567062,106.67088194,10.51,"10°46'32.41""N, 106°40'15.17""E",FIX,
00:05:00.121,1786208700.122,TRACKING,1.501,-0.000,0.001,-0.00,0.450,-0.004,0.000,0.000,0.000,0.958,1.50,10.77567062,106.67088194,10.51,"10°46'32.41""N, 106°40'15.17""E",FIX,
00:05:00.206,1786208700.206,TRACKING,1.528,0.000,0.001,-0.01,0.450,0.004,0.000,0.000,0.000,1.000,1.53,10.77567062,106.67088194,10.51,"10°46'32.41""N, 106°40'15.17""E",FIX,
00:05:00.279,1786208700.279,TRACKING,1.555,0.000,0.001,-0.01,0.450,0.004,0.000,0.000,0.000,1.000,1.55,10.77567062,106.67088235,10.51,"10°46'32.41""N, 106°40'15.18""E",FIX,
00:05:00.346,1786208700.346,TRACKING,1.582,0.000,0.001,-0.01,0.450,-0.001,0.000,0.000,0.000,1.000,1.58,10.77567062,106.67088235,10.51,"10°46'32.41""N, 106°40'15.18""E",FIX,
00:05:00.418,1786208700.419,TRACKING,1.609,0.000,0.002,-0.00,0.450,-0.004,0.000,0.000,0.000,1.000,1.61,10.77567062,106.67088235,10.51,"10°46'32.41""N, 106°40'15.18""E",FIX,
00:05:00.518,1786208700.518,TRACKING,1.645,0.000,0.001,-0.01,0.450,0.005,0.000,0.000,0.000,1.000,1.64,10.77567062,106.67088276,10.51,"10°46'32.41""N, 106°40'15.18""E",FIX,
00:05:00.606,1786208700.606,TRACKING,1.681,0.000,0.002,-0.01,0.450,0.004,0.000,0.000,0.000,1.000,1.68,10.77567062,106.67088276,10.51,"10°46'32.41""N, 106°40'15.18""E",FIX,
00:05:00.692,1786208700.692,TRACKING,1.708,0.000,0.002,-0.01,0.450,0.004,0.000,0.000,0.000,1.000,1.71,10.77567062,106.67088276,10.51,"10°46'32.41""N, 106°40'15.18""E",FIX,
00:05:00.804,1786208700.804,TRACKING,1.735,0.000,0.002,-0.01,0.450,-0.003,0.000,0.000,0.000,1.000,1.73,10.77567062,106.67088317,10.51,"10°46'32.41""N, 106°40'15.18""E",FIX,
00:05:00.886,1786208700.886,TRACKING,1.771,0.000,0.002,-0.01,0.450,0.005,0.000,0.000,0.000,1.000,1.77,10.77567062,106.67088317,10.51,"10°46'32.41""N, 106°40'15.18""E",FIX,
00:05:00.966,1786208700.966,TRACKING,1.798,0.000,0.002,-0.01,0.450,0.004,0.000,0.000,0.000,1.000,1.80,10.77567062,106.67088317,10.51,"10°46'32.41""N, 106°40'15.18""E",FIX,
00:05:01.058,1786208701.058,TRACKING,1.825,0.001,0.002,-0.01,0.450,-0.000,0.000,0.000,0.000,1.000,1.82,10.77567062,106.67088359,10.51,"10°46'32.41""N, 106°40'15.18""E",FIX,
00:05:01.142,1786208701.143,TRACKING,1.852,0.001,0.002,-0.01,0.450,0.004,0.000,0.000,0.000,1.000,1.85,10.77567062,106.67088359,10.51,"10°46'32.41""N, 106°40'15.18""E",FIX,
00:05:01.234,1786208701.234,TRACKING,1.888,0.001,0.003,-0.01,0.450,0.003,0.000,0.000,0.000,1.000,1.89,10.77567062,106.67088359,10.51,"10°46'32.41""N, 106°40'15.18""E",FIX,
00:05:01.329,1786208701.330,TRACKING,1.915,0.001,0.003,-0.01,0.450,0.003,0.000,0.000,0.000,1.000,1.91,10.77567062,106.67088400,10.51,"10°46'32.41""N, 106°40'15.18""E",FIX,
00:05:01.422,1786208701.422,TRACKING,1.951,0.001,0.003,-0.01,0.450,-0.004,0.000,0.000,0.000,1.000,1.95,10.77567062,106.67088400,10.51,"10°46'32.41""N, 106°40'15.18""E",FIX,
00:05:01.493,1786208701.494,TRACKING,1.969,0.001,0.003,-0.01,0.450,0.005,0.000,0.000,0.000,1.000,1.97,10.77567062,106.67088400,10.51,"10°46'32.41""N, 106°40'15.18""E",FIX,
00:05:01.597,1786208701.598,TRACKING,2.005,0.001,0.003,-0.00,0.450,-0.003,0.000,0.000,0.000,1.000,2.00,10.77567062,106.67088441,10.51,"10°46'32.41""N, 106°40'15.18""E",FIX,
00:05:01.711,1786208701.711,TRACKING,2.032,0.001,0.003,-0.00,0.450,0.001,0.000,0.000,0.000,1.000,2.03,10.77567062,106.67088441,10.51,"10°46'32.41""N, 106°40'15.18""E",FIX,
00:05:01.789,1786208701.789,TRACKING,2.068,0.001,0.003,0.00,0.450,-0.017,0.000,0.000,0.000,1.000,2.07,10.77567062,106.67088441,10.51,"10°46'32.41""N, 106°40'15.18""E",FIX,
00:05:01.879,1786208701.879,TRACKING,2.095,0.001,0.002,0.01,0.450,-0.014,0.000,0.000,0.000,1.000,2.09,10.77567062,106.67088482,10.51,"10°46'32.41""N, 106°40'15.19""E",FIX,
00:05:01.965,1786208701.966,TRACKING,2.122,0.001,0.001,0.02,0.450,-0.015,0.000,0.000,0.000,0.750,2.12,10.77567062,106.67088482,10.51,"10°46'32.41""N, 106°40'15.19""E",FIX,
00:05:02.044,1786208702.044,TRACKING,2.158,0.001,0.000,0.02,0.450,-0.007,0.000,0.000,0.000,0.625,2.16,10.77567062,106.67088482,10.51,"10°46'32.41""N, 106°40'15.19""E",FIX,
00:05:02.138,1786208702.138,TRACKING,2.185,0.001,-0.000,0.02,0.450,-0.006,0.000,0.000,0.000,0.687,2.18,10.77567062,106.67088523,10.51,"10°46'32.41""N, 106°40'15.19""E",FIX,
00:05:02.220,1786208702.220,TRACKING,2.212,0.001,-0.001,0.02,0.450,-0.005,0.000,0.000,0.000,0.771,2.21,10.77567062,106.67088523,10.51,"10°46'32.41""N, 106°40'15.19""E",FIX,
00:05:02.301,1786208702.302,TRACKING,2.239,0.001,-0.001,0.02,0.450,-0.005,0.000,0.000,0.000,0.833,2.24,10.77567062,106.67088523,10.51,"10°46'32.41""N, 106°40'15.19""E",FIX,
00:05:02.373,1786208702.374,TRACKING,2.266,0.001,-0.001,0.02,0.450,-0.005,0.000,0.000,0.000,0.917,2.27,10.77567062,106.67088564,10.51,"10°46'32.41""N, 106°40'15.19""E",FIX,
00:05:02.456,1786208702.457,TRACKING,2.302,0.001,-0.002,0.02,0.450,-0.005,0.000,0.000,0.000,1.000,2.30,10.77567062,106.67088564,10.51,"10°46'32.41""N, 106°40'15.19""E",FIX,
00:05:02.538,1786208702.538,TRACKING,2.338,0.001,-0.002,0.02,0.450,-0.005,0.000,0.000,0.000,1.000,2.34,10.77567062,106.67088564,10.51,"10°46'32.41""N, 106°40'15.19""E",FIX,
00:05:02.604,1786208702.604,TRACKING,2.356,0.001,-0.002,0.01,0.450,0.004,0.000,0.000,0.000,1.000,2.36,10.77567062,106.67088605,10.51,"10°46'32.41""N, 106°40'15.19""E",FIX,
00:05:02.688,1786208702.688,TRACKING,2.383,0.001,-0.002,0.01,0.450,0.001,0.000,0.000,0.000,1.000,2.38,10.77567062,106.67088605,10.51,"10°46'32.41""N, 106°40'15.19""E",FIX,
00:05:02.768,1786208702.768,TRACKING,2.419,0.001,-0.002,0.01,0.450,-0.000,0.000,0.000,0.000,1.000,2.42,10.77567062,106.67088605,10.51,"10°46'32.41""N, 106°40'15.19""E",FIX,
00:05:02.845,1786208702.846,TRACKING,2.446,0.001,-0.002,0.01,0.450,-0.009,0.000,0.000,0.000,1.000,2.45,10.77567062,106.67088647,10.51,"10°46'32.41""N, 106°40'15.19""E",FIX,
00:05:02.945,1786208702.945,TRACKING,2.482,0.001,-0.003,0.01,0.450,-0.001,0.000,0.000,0.000,1.000,2.48,10.77567062,106.67088647,10.51,"10°46'32.41""N, 106°40'15.19""E",FIX,
00:05:03.024,1786208703.025,TRACKING,2.509,0.001,-0.003,0.01,0.450,-0.001,0.000,0.000,0.000,1.000,2.51,10.77567062,106.67088647,10.51,"10°46'32.41""N, 106°40'15.19""E",FIX,
00:05:03.106,1786208703.106,TRACKING,2.536,0.001,-0.003,0.01,0.450,-0.001,0.000,0.000,0.000,1.000,2.54,10.77567062,106.67088688,10.51,"10°46'32.41""N, 106°40'15.19""E",FIX,
00:05:03.194,1786208703.195,TRACKING,2.572,0.001,-0.003,0.01,0.450,-0.002,0.000,0.000,0.000,1.000,2.57,10.77567062,106.67088688,10.51,"10°46'32.41""N, 106°40'15.19""E",FIX,
00:05:03.268,1786208703.268,TRACKING,2.590,0.000,-0.003,0.01,0.450,-0.002,0.000,0.000,0.000,1.000,2.59,10.77567062,106.67088688,10.51,"10°46'32.41""N, 106°40'15.19""E",FIX,
00:05:03.354,1786208703.354,TRACKING,2.626,0.000,-0.003,0.01,0.450,-0.002,0.000,0.000,0.000,1.000,2.63,10.77567062,106.67088729,10.51,"10°46'32.41""N, 106°40'15.19""E",FIX,
00:05:03.442,1786208703.443,TRACKING,2.662,0.000,-0.003,0.01,0.450,-0.002,0.000,0.000,0.000,1.000,2.66,10.77567062,106.67088729,10.51,"10°46'32.41""N, 106°40'15.19""E",FIX,
00:05:03.520,1786208703.520,TRACKING,2.689,0.000,-0.004,0.01,0.450,-0.002,0.000,0.000,0.000,1.000,2.69,10.77567062,106.67088729,10.51,"10°46'32.41""N, 106°40'15.19""E",FIX,
00:05:03.667,1786208703.667,TRACKING,2.716,0.000,-0.004,0.01,0.450,-0.002,0.000,0.000,0.000,1.000,2.72,10.77567062,106.67088770,10.51,"10°46'32.41""N, 106°40'15.20""E",FIX,
00:05:03.798,1786208703.798,TRACKING,2.752,-0.000,-0.004,0.01,0.450,-0.002,0.000,0.000,0.000,1.000,2.75,10.77567062,106.67088770,10.51,"10°46'32.41""N, 106°40'15.20""E",FIX,
00:05:03.885,1786208703.886,TRACKING,2.779,-0.000,-0.004,0.01,0.450,0.001,0.000,0.000,0.000,1.000,2.78,10.77567062,106.67088770,10.51,"10°46'32.41""N, 106°40'15.20""E",FIX,
00:05:03.973,1786208703.974,TRACKING,2.806,-0.000,-0.004,0.00,0.450,0.004,0.000,0.000,0.000,1.000,2.81,10.77567062,106.67088811,10.51,"10°46'32.41""N, 106°40'15.20""E",FIX,
00:05:04.048,1786208704.048,TRACKING,2.833,-0.000,-0.004,0.00,0.450,0.003,0.000,0.000,0.000,1.000,2.83,10.77567062,106.67088811,10.51,"10°46'32.41""N, 106°40'15.20""E",FIX,
00:05:04.129,1786208704.129,TRACKING,2.860,-0.001,-0.004,0.00,0.450,0.002,0.000,0.000,0.000,1.000,2.86,10.77567062,106.67088811,10.51,"10°46'32.41""N, 106°40'15.20""E",FIX,
00:05:04.204,1786208704.204,TRACKING,2.887,-0.001,-0.004,0.00,0.450,0.001,0.000,0.000,0.000,0.958,2.89,10.77567062,106.67088811,10.51,"10°46'32.41""N, 106°40'15.20""E",FIX,
00:05:04.296,1786208704.296,TRACKING,2.923,-0.001,-0.003,0.00,0.450,0.001,0.000,0.000,0.000,0.521,2.92,10.77567062,106.67088852,10.51,"10°46'32.41""N, 106°40'15.20""E",FIX,
00:05:04.363,1786208704.363,TRACKING,2.950,-0.001,-0.003,0.00,0.450,0.001,0.000,0.000,0.000,0.583,2.95,10.77567062,106.67088852,10.51,"10°46'32.41""N, 106°40'15.20""E",FIX,
00:05:04.453,1786208704.453,TRACKING,2.986,-0.001,-0.003,0.00,0.450,0.000,0.000,0.000,0.000,0.667,2.99,10.77567062,106.67088893,10.51,"10°46'32.41""N, 106°40'15.20""E",FIX,
00:05:04.531,1786208704.532,TRACKING,3.013,-0.001,-0.003,0.00,0.450,0.000,0.000,0.000,0.000,0.729,3.01,10.77567062,106.67088893,10.51,"10°46'32.41""N, 106°40'15.20""E",FIX,
00:05:04.601,1786208704.602,TRACKING,3.040,-0.001,-0.003,-0.00,0.450,0.007,0.000,0.000,0.000,0.792,3.04,10.77567062,106.67088893,10.51,"10°46'32.41""N, 106°40'15.20""E",FIX,
00:05:04.672,1786208704.673,TRACKING,3.067,-0.001,-0.003,-0.00,0.450,-0.002,0.000,0.000,0.000,0.854,3.07,10.77567062,106.67088893,10.51,"10°46'32.41""N, 106°40'15.20""E",FIX,
00:05:04.755,1786208704.756,TRACKING,3.103,-0.001,-0.003,-0.00,0.450,-0.001,0.000,0.000,0.000,0.937,3.10,10.77567062,106.67088935,10.51,"10°46'32.41""N, 106°40'15.20""E",FIX,
00:05:04.836,1786208704.836,TRACKING,3.130,-0.001,-0.003,-0.00,0.450,-0.001,0.000,0.000,0.000,1.000,3.13,10.77567062,106.67088935,10.51,"10°46'32.41""N, 106°40'15.20""E",FIX,
00:05:04.912,1786208704.912,TRACKING,3.157,-0.001,-0.003,-0.00,0.450,-0.000,0.000,0.000,0.000,1.000,3.16,10.77567062,106.67088935,10.51,"10°46'32.41""N, 106°40'15.20""E",FIX,
00:05:05.002,1786208705.002,TRACKING,3.193,-0.002,-0.003,-0.00,0.450,-0.000,0.000,0.000,0.000,1.000,3.19,10.77567062,106.67088976,10.51,"10°46'32.41""N, 106°40'15.20""E",FIX,
00:05:05.075,1786208705.076,TRACKING,3.220,-0.002,-0.003,-0.00,0.450,0.008,0.000,0.000,0.000,1.000,3.22,10.77567062,106.67088976,10.51,"10°46'32.41""N, 106°40'15.20""E",FIX,
00:05:05.157,1786208705.158,TRACKING,3.247,-0.002,-0.003,-0.00,0.450,-0.002,0.000,0.000,0.000,1.000,3.25,10.77567062,106.67088976,10.51,"10°46'32.41""N, 106°40'15.20""E",FIX,
00:05:05.245,1786208705.246,TRACKING,3.274,-0.002,-0.003,-0.00,0.450,-0.001,0.000,0.000,0.000,1.000,3.27,10.77567061,106.67089017,10.51,"10°46'32.41""N, 106°40'15.20""E",FIX,
00:05:05.330,1786208705.331,TRACKING,3.310,-0.002,-0.003,-0.00,0.450,-0.001,0.000,0.000,0.000,1.000,3.31,10.77567061,106.67089017,10.51,"10°46'32.41""N, 106°40'15.20""E",FIX,
00:05:05.416,1786208705.416,TRACKING,3.346,-0.002,-0.003,-0.00,0.450,0.006,0.000,0.000,0.000,1.000,3.35,10.77567061,106.67089058,10.51,"10°46'32.41""N, 106°40'15.21""E",FIX,
00:05:05.503,1786208705.503,TRACKING,3.373,-0.002,-0.003,-0.01,0.450,0.005,0.000,0.000,0.000,1.000,3.37,10.77567061,106.67089058,10.51,"10°46'32.41""N, 106°40'15.21""E",FIX,
00:05:05.604,1786208705.605,TRACKING,3.400,-0.002,-0.002,-0.00,0.450,-0.004,0.000,0.000,0.000,1.000,3.40,10.77567061,106.67089058,10.51,"10°46'32.41""N, 106°40'15.21""E",FIX,
00:05:05.679,1786208705.679,TRACKING,3.427,-0.002,-0.002,-0.00,0.450,-0.002,0.000,0.000,0.000,1.000,3.43,10.77567061,106.67089099,10.51,"10°46'32.41""N, 106°40'15.21""E",FIX,
00:05:05.756,1786208705.757,TRACKING,3.454,-0.002,-0.002,-0.00,0.450,-0.001,0.000,0.000,0.000,1.000,3.45,10.77567061,106.67089099,10.51,"10°46'32.41""N, 106°40'15.21""E",FIX,
00:05:05.847,1786208705.847,TRACKING,3.490,-0.002,-0.002,-0.00,0.450,0.006,0.000,0.000,0.000,1.000,3.49,10.77567061,106.67089099,10.51,"10°46'32.41""N, 106°40'15.21""E",FIX,
00:05:05.925,1786208705.926,TRACKING,3.517,-0.002,-0.002,-0.01,0.450,0.005,0.000,0.000,0.000,1.000,3.52,10.77567061,106.67089099,10.51,"10°46'32.41""N, 106°40'15.21""E",FIX,
00:05:06.010,1786208706.011,TRACKING,3.544,-0.002,-0.002,-0.00,0.450,-0.003,0.000,0.000,0.000,1.000,3.54,10.77567061,106.67089140,10.51,"10°46'32.41""N, 106°40'15.21""E",FIX,
00:05:06.087,1786208706.088,TRACKING,3.571,-0.003,-0.002,-0.00,0.450,-0.002,0.000,0.000,0.000,1.000,3.57,10.77567061,106.67089140,10.51,"10°46'32.41""N, 106°40'15.21""E",FIX,
00:05:06.168,1786208706.169,TRACKING,3.607,-0.003,-0.002,-0.00,0.450,0.006,0.000,0.000,0.000,1.000,3.61,10.77567061,106.67089140,10.51,"10°46'32.41""N, 106°40'15.21""E",FIX,
00:05:06.246,1786208706.246,TRACKING,3.634,-0.003,-0.002,-0.01,0.450,0.005,0.000,0.000,0.000,1.000,3.63,10.77567061,106.67089181,10.51,"10°46'32.41""N, 106°40'15.21""E",FIX,
00:05:06.342,1786208706.342,TRACKING,3.670,-0.003,-0.001,-0.00,0.450,-0.003,0.000,0.000,0.000,1.000,3.67,10.77567061,106.67089181,10.51,"10°46'32.41""N, 106°40'15.21""E",FIX,
00:05:06.416,1786208706.416,TRACKING,3.697,-0.003,-0.001,-0.00,0.450,-0.002,0.000,0.000,0.000,1.000,3.70,10.77567061,106.67089181,10.51,"10°46'32.41""N, 106°40'15.21""E",FIX,
00:05:06.494,1786208706.494,TRACKING,3.724,-0.003,-0.002,-0.00,0.450,-0.001,0.000,0.000,0.000,0.667,3.72,10.77567061,106.67089223,10.51,"10°46'32.41""N, 106°40'15.21""E",FIX,
00:05:06.576,1786208706.577,TRACKING,3.760,-0.003,-0.002,-0.00,0.450,-0.001,0.000,0.000,0.000,0.604,3.76,10.77567061,106.67089223,10.51,"10°46'32.41""N, 106°40'15.21""E",FIX,
00:05:06.647,1786208706.647,TRACKING,3.787,-0.003,-0.002,-0.00,0.450,-0.001,0.000,0.000,0.000,0.667,3.79,10.77567061,106.67089223,10.51,"10°46'32.41""N, 106°40'15.21""E",FIX,
00:05:06.735,1786208706.735,TRACKING,3.814,-0.003,-0.002,-0.00,0.450,-0.000,0.000,0.000,0.000,0.750,3.81,10.77567061,106.67089264,10.51,"10°46'32.41""N, 106°40'15.21""E",FIX,
00:05:06.798,1786208706.798,TRACKING,3.841,-0.003,-0.002,-0.00,0.450,-0.000,0.000,0.000,0.000,0.812,3.84,10.77567061,106.67089264,10.51,"10°46'32.41""N, 106°40'15.21""E",FIX,
00:05:06.893,1786208706.894,TRACKING,3.877,-0.003,-0.002,-0.00,0.450,-0.000,0.000,0.000,0.000,0.896,3.88,10.77567061,106.67089264,10.51,"10°46'32.41""N, 106°40'15.21""E",FIX,
00:05:06.980,1786208706.980,TRACKING,3.904,-0.003,-0.002,-0.00,0.450,-0.000,0.000,0.000,0.000,0.958,3.90,10.77567061,106.67089305,10.51,"10°46'32.41""N, 106°40'15.21""E",FIX,
00:05:07.047,1786208707.048,TRACKING,3.931,-0.003,-0.002,-0.00,0.450,-0.000,0.000,0.000,0.000,1.000,3.93,10.77567061,106.67089305,10.51,"10°46'32.41""N, 106°40'15.21""E",FIX,
00:05:07.135,1786208707.136,TRACKING,3.958,-0.003,-0.002,-0.00,0.450,-0.000,0.000,0.000,0.000,1.000,3.96,10.77567061,106.67089305,10.51,"10°46'32.41""N, 106°40'15.21""E",FIX,
00:05:07.217,1786208707.218,TRACKING,3.994,-0.003,-0.002,-0.00,0.450,-0.000,0.000,0.000,0.000,1.000,3.99,10.77567061,106.67089346,10.51,"10°46'32.41""N, 106°40'15.22""E",FIX,
00:05:07.296,1786208707.296,TRACKING,4.021,-0.003,-0.002,-0.00,0.450,-0.000,0.000,0.000,0.000,1.000,4.02,10.77567061,106.67089346,10.51,"10°46'32.41""N, 106°40'15.22""E",FIX,
00:05:07.374,1786208707.375,TRACKING,4.048,-0.003,-0.002,-0.00,0.450,-0.000,0.000,0.000,0.000,1.000,4.05,10.77567061,106.67089346,10.51,"10°46'32.41""N, 106°40'15.22""E",FIX,
00:05:07.468,1786208707.468,TRACKING,4.084,-0.003,-0.002,-0.00,0.450,-0.000,0.000,0.000,0.000,1.000,4.08,10.77567061,106.67089387,10.51,"10°46'32.41""N, 106°40'15.22""E",FIX,
00:05:07.537,1786208707.537,TRACKING,4.111,-0.003,-0.002,-0.00,0.450,-0.000,0.000,0.000,0.000,1.000,4.11,10.77567061,106.67089387,10.51,"10°46'32.41""N, 106°40'15.22""E",FIX,
00:05:07.625,1786208707.625,TRACKING,4.147,-0.004,-0.002,-0.00,0.450,-0.000,0.000,0.000,0.000,1.000,4.15,10.77567061,106.67089387,10.51,"10°46'32.41""N, 106°40'15.22""E",FIX,
00:05:07.706,1786208707.707,TRACKING,4.174,-0.004,-0.002,-0.00,0.450,-0.000,0.000,0.000,0.000,1.000,4.17,10.77567061,106.67089428,10.51,"10°46'32.41""N, 106°40'15.22""E",FIX,
00:05:07.788,1786208707.789,TRACKING,4.201,-0.004,-0.002,-0.00,0.450,-0.000,0.000,0.000,0.000,1.000,4.20,10.77567061,106.67089428,10.51,"10°46'32.41""N, 106°40'15.22""E",FIX,
00:05:07.879,1786208707.879,TRACKING,4.237,-0.004,-0.002,-0.00,0.450,-0.000,0.000,0.000,0.000,1.000,4.24,10.77567061,106.67089428,10.51,"10°46'32.41""N, 106°40'15.22""E",FIX,
00:05:07.966,1786208707.967,TRACKING,4.264,-0.004,-0.002,-0.00,0.450,-0.000,0.000,0.000,0.000,1.000,4.26,10.77567061,106.67089470,10.51,"10°46'32.41""N, 106°40'15.22""E",FIX,
00:05:08.030,1786208708.031,TRACKING,4.291,-0.004,-0.002,-0.00,0.450,-0.000,0.000,0.000,0.000,1.000,4.29,10.77567061,106.67089470,10.51,"10°46'32.41""N, 106°40'15.22""E",FIX,
00:05:08.116,1786208708.117,TRACKING,4.327,-0.004,-0.002,-0.00,0.450,-0.000,0.000,0.000,0.000,1.000,4.33,10.77567061,106.67089470,10.51,"10°46'32.41""N, 106°40'15.22""E",FIX,
00:05:08.192,1786208708.193,TRACKING,4.354,-0.004,-0.002,-0.00,0.450,-0.000,0.000,0.000,0.000,1.000,4.35,10.77567061,106.67089511,10.51,"10°46'32.41""N, 106°40'15.22""E",FIX,
00:05:08.267,1786208708.267,TRACKING,4.381,-0.004,-0.002,-0.00,0.450,-0.000,0.000,0.000,0.000,1.000,4.38,10.77567061,106.67089511,10.51,"10°46'32.41""N, 106°40'15.22""E",FIX,
00:05:08.355,1786208708.356,TRACKING,4.408,-0.004,-0.002,-0.00,0.450,-0.000,0.000,0.000,0.000,1.000,4.41,10.77567061,106.67089511,10.51,"10°46'32.41""N, 106°40'15.22""E",FIX,
00:05:08.428,1786208708.429,TRACKING,4.444,-0.004,-0.002,-0.00,0.450,-0.000,0.000,0.000,0.000,1.000,4.44,10.77567061,106.67089552,10.51,"10°46'32.41""N, 106°40'15.22""E",FIX,
00:05:08.495,1786208708.496,TRACKING,4.462,-0.004,-0.002,-0.00,0.450,-0.000,0.000,0.000,0.000,1.000,4.46,10.77567061,106.67089552,10.51,"10°46'32.41""N, 106°40'15.22""E",FIX,
00:05:08.567,1786208708.567,TRACKING,4.498,-0.004,-0.002,-0.00,0.450,-0.000,0.000,0.000,0.000,1.000,4.50,10.77567061,106.67089552,10.51,"10°46'32.41""N, 106°40'15.22""E",FIX,
00:05:08.669,1786208708.670,TRACKING,4.534,-0.004,-0.002,-0.00,0.450,-0.000,0.000,0.000,0.000,0.667,4.53,10.77567061,106.67089593,10.51,"10°46'32.41""N, 106°40'15.23""E",FIX,
00:05:08.749,1786208708.750,TRACKING,4.561,-0.004,-0.002,-0.00,0.450,-0.000,0.000,0.000,0.000,0.625,4.56,10.77567061,106.67089593,10.51,"10°46'32.41""N, 106°40'15.23""E",FIX,
00:05:08.825,1786208708.826,TRACKING,4.588,-0.004,-0.002,-0.00,0.450,-0.000,0.000,0.000,0.000,0.687,4.59,10.77567061,106.67089593,10.51,"10°46'32.41""N, 106°40'15.23""E",FIX,
00:05:08.924,1786208708.925,TRACKING,4.624,-0.004,-0.002,-0.00,0.450,-0.000,0.000,0.000,0.000,0.750,4.62,10.77567061,106.67089634,10.51,"10°46'32.41""N, 106°40'15.23""E",FIX,
00:05:08.994,1786208708.995,TRACKING,4.642,-0.004,-0.002,-0.00,0.450,-0.000,0.000,0.000,0.000,0.833,4.64,10.77567061,106.67089634,10.51,"10°46'32.41""N, 106°40'15.23""E",FIX,
00:05:09.080,1786208709.080,TRACKING,4.678,-0.005,-0.002,-0.00,0.450,-0.000,0.000,0.000,0.000,0.917,4.68,10.77567061,106.67089634,10.51,"10°46'32.41""N, 106°40'15.23""E",FIX,
00:05:09.175,1786208709.176,TRACKING,4.705,-0.005,-0.002,-0.00,0.450,-0.000,0.000,0.000,0.000,1.000,4.70,10.77567061,106.67089675,10.51,"10°46'32.41""N, 106°40'15.23""E",FIX,
00:05:09.271,1786208709.271,TRACKING,4.741,-0.005,-0.002,-0.00,0.450,-0.000,0.000,0.000,0.000,1.000,4.74,10.77567061,106.67089675,10.51,"10°46'32.41""N, 106°40'15.23""E",FIX,
00:05:09.388,1786208709.388,TRACKING,4.768,-0.005,-0.002,-0.00,0.450,-0.000,0.000,0.000,0.000,1.000,4.77,10.77567061,106.67089675,10.51,"10°46'32.41""N, 106°40'15.23""E",FIX,
00:05:09.452,1786208709.452,TRACKING,4.795,-0.005,-0.002,-0.00,0.450,-0.000,0.000,0.000,0.000,1.000,4.79,10.77567061,106.67089716,10.51,"10°46'32.41""N, 106°40'15.23""E",FIX,
00:05:09.533,1786208709.534,TRACKING,4.822,-0.005,-0.002,-0.00,0.450,-0.000,0.000,0.000,0.000,1.000,4.82,10.77567061,106.67089716,10.51,"10°46'32.41""N, 106°40'15.23""E",FIX,
00:05:09.624,1786208709.625,TRACKING,4.858,-0.005,-0.002,-0.00,0.450,-0.000,0.000,0.000,0.000,1.000,4.86,10.77567061,106.67089716,10.51,"10°46'32.41""N, 106°40'15.23""E",FIX,
00:05:09.691,1786208709.692,TRACKING,4.885,-0.005,-0.002,-0.00,0.450,-0.000,0.000,0.000,0.000,1.000,4.88,10.77567061,106.67089758,10.51,"10°46'32.41""N, 106°40'15.23""E",FIX,
00:05:09.782,1786208709.782,TRACKING,4.912,-0.005,-0.002,-0.00,0.450,-0.000,0.000,0.000,0.000,1.000,4.91,10.77567061,106.67089758,10.51,"10°46'32.41""N, 106°40'15.23""E",FIX,
00:05:09.876,1786208709.876,TRACKING,4.948,-0.005,-0.002,-0.00,0.450,-0.000,0.000,0.000,0.000,1.000,4.95,10.77567061,106.67089758,10.51,"10°46'32.41""N, 106°40'15.23""E",FIX,
00:05:09.945,1786208709.946,TRACKING,4.975,-0.005,-0.002,-0.00,0.450,-0.000,0.000,0.000,0.000,1.000,4.97,10.77567061,106.67089799,10.51,"10°46'32.41""N, 106°40'15.23""E",FIX,
00:05:10.027,1786208710.028,TRACKING,5.002,-0.005,-0.002,-0.00,0.450,-0.000,0.000,0.000,0.000,1.000,5.00,10.77567061,106.67089799,10.51,"10°46'32.41""N, 106°40'15.23""E",FIX,
00:05:10.096,1786208710.097,TRACKING,5.038,-0.005,-0.002,-0.00,0.450,-0.000,0.000,0.000,0.000,1.000,5.04,10.77567061,106.67089799,10.51,"10°46'32.41""N, 106°40'15.23""E",FIX,
00:05:10.181,1786208710.181,TRACKING,5.065,-0.005,-0.002,-0.00,0.450,-0.000,0.000,0.000,0.000,1.000,5.06,10.77567061,106.67089840,10.51,"10°46'32.41""N, 106°40'15.23""E",FIX,
00:05:10.256,1786208710.257,TRACKING,5.092,-0.005,-0.002,-0.00,0.450,-0.000,0.000,0.000,0.000,1.000,5.09,10.77567061,106.67089840,10.51,"10°46'32.41""N, 106°40'15.23""E",FIX,
00:05:10.342,1786208710.342,TRACKING,5.128,-0.005,-0.002,-0.00,0.450,-0.000,0.000,0.000,0.000,1.000,5.13,10.77567061,106.67089840,10.51,"10°46'32.41""N, 106°40'15.23""E",FIX,
00:05:10.406,1786208710.407,TRACKING,5.146,-0.005,-0.002,-0.00,0.450,-0.000,0.000,0.000,0.000,1.000,5.15,10.77567061,106.67089881,10.51,"10°46'32.41""N, 106°40'15.24""E",FIX,
00:05:10.489,1786208710.490,TRACKING,5.182,-0.006,-0.002,-0.00,0.450,-0.000,0.000,0.000,0.000,1.000,5.18,10.77567061,106.67089881,10.51,"10°46'32.41""N, 106°40'15.24""E",FIX,
00:05:10.566,1786208710.567,TRACKING,5.209,-0.006,-0.002,-0.00,0.450,-0.000,0.000,0.000,0.000,1.000,5.21,10.77567061,106.67089881,10.51,"10°46'32.41""N, 106°40'15.24""E",FIX,
00:05:10.663,1786208710.664,TRACKING,5.245,-0.006,-0.002,-0.00,0.450,-0.000,0.000,0.000,0.000,1.000,5.24,10.77567061,106.67089922,10.51,"10°46'32.41""N, 106°40'15.24""E",FIX,
00:05:10.735,1786208710.735,TRACKING,5.272,-0.006,-0.002,-0.00,0.450,0.012,0.000,0.000,0.000,1.000,5.27,10.77567061,106.67089922,10.51,"10°46'32.41""N, 106°40'15.24""E",FIX,
00:05:10.805,1786208710.806,TRACKING,5.299,-0.006,-0.001,-0.01,0.450,0.014,0.000,0.000,0.000,1.000,5.30,10.77567061,106.67089922,10.51,"10°46'32.41""N, 106°40'15.24""E",FIX,
00:05:10.895,1786208710.895,TRACKING,5.326,-0.006,-0.001,-0.02,0.450,0.018,0.000,0.000,0.000,0.542,5.33,10.77567060,106.67089963,10.51,"10°46'32.41""N, 106°40'15.24""E",FIX,
00:05:11.010,1786208711.011,TRACKING,5.362,-0.006,0.001,-0.02,0.450,0.006,0.000,0.000,0.000,0.604,5.36,10.77567060,106.67089963,10.51,"10°46'32.41""N, 106°40'15.24""E",FIX,
00:05:11.088,1786208711.089,TRACKING,5.389,-0.006,0.001,-0.02,0.450,0.006,0.000,0.000,0.000,0.667,5.39,10.77567060,106.67089963,10.51,"10°46'32.41""N, 106°40'15.24""E",FIX,
00:05:11.169,1786208711.170,TRACKING,5.416,-0.006,0.002,-0.02,0.450,0.005,0.000,0.000,0.000,0.750,5.42,10.77567060,106.67090004,10.51,"10°46'32.41""N, 106°40'15.24""E",FIX,
00:05:11.263,1786208711.264,TRACKING,5.452,-0.006,0.002,-0.02,0.450,0.005,0.000,0.000,0.000,0.833,5.45,10.77567060,106.67090004,10.51,"10°46'32.41""N, 106°40'15.24""E",FIX,
00:05:11.345,1786208711.345,TRACKING,5.479,-0.006,0.002,-0.02,0.450,0.005,0.000,0.000,0.000,0.896,5.48,10.77567060,106.67090004,10.51,"10°46'32.41""N, 106°40'15.24""E",FIX,
00:05:11.434,1786208711.434,TRACKING,5.506,-0.005,0.003,-0.02,0.450,0.005,0.000,0.000,0.000,0.979,5.51,10.77567060,106.67090046,10.51,"10°46'32.41""N, 106°40'15.24""E",FIX,
00:05:11.540,1786208711.541,TRACKING,5.542,-0.005,0.003,-0.02,0.450,0.005,0.000,0.000,0.000,1.000,5.54,10.77567060,106.67090046,10.51,"10°46'32.41""N, 106°40'15.24""E",FIX,
00:05:11.599,1786208711.599,TRACKING,5.560,-0.005,0.003,-0.02,0.450,0.005,0.000,0.000,0.000,1.000,5.56,10.77567060,106.67090046,10.51,"10°46'32.41""N, 106°40'15.24""E",FIX,
00:05:11.676,1786208711.676,TRACKING,5.596,-0.005,0.004,-0.02,0.450,0.005,0.000,0.000,0.000,1.000,5.60,10.77567060,106.67090087,10.51,"10°46'32.41""N, 106°40'15.24""E",FIX,
00:05:11.759,1786208711.759,TRACKING,5.623,-0.005,0.004,-0.02,0.450,0.005,0.000,0.000,0.000,1.000,5.62,10.77567060,106.67090087,10.51,"10°46'32.41""N, 106°40'15.24""E",FIX,
00:05:11.849,1786208711.849,TRACKING,5.659,-0.005,0.004,-0.02,0.450,-0.001,0.000,0.000,0.000,1.000,5.66,10.77567060,106.67090087,10.51,"10°46'32.41""N, 106°40'15.24""E",FIX,
00:05:11.931,1786208711.931,TRACKING,5.686,-0.005,0.004,-0.01,0.450,-0.002,0.000,0.000,0.000,1.000,5.69,10.77567060,106.67090128,10.51,"10°46'32.41""N, 106°40'15.24""E",FIX,
00:05:12.033,1786208712.033,TRACKING,5.722,-0.005,0.004,-0.01,0.450,0.001,0.000,0.000,0.000,1.000,5.72,10.77567060,106.67090128,10.51,"10°46'32.41""N, 106°40'15.24""E",FIX,
00:05:12.121,1786208712.121,TRACKING,5.749,-0.005,0.004,-0.01,0.450,0.008,0.000,0.000,0.000,1.000,5.75,10.77567060,106.67090128,10.51,"10°46'32.41""N, 106°40'15.24""E",FIX,
00:05:12.195,1786208712.196,TRACKING,5.776,-0.004,0.005,-0.02,0.450,0.008,0.000,0.000,0.000,1.000,5.78,10.77567060,106.67090169,10.51,"10°46'32.41""N, 106°40'15.25""E",FIX,
00:05:12.302,1786208712.303,TRACKING,5.812,-0.004,0.005,-0.01,0.450,-0.000,0.000,0.000,0.000,1.000,5.81,10.77567060,106.67090169,10.51,"10°46'32.41""N, 106°40'15.25""E",FIX,
00:05:12.362,1786208712.362,TRACKING,5.830,-0.004,0.005,-0.01,0.450,-0.001,0.000,0.000,0.000,1.000,5.83,10.77567060,106.67090169,10.51,"10°46'32.41""N, 106°40'15.25""E",FIX,
00:05:12.455,1786208712.456,TRACKING,5.866,-0.004,0.005,-0.01,0.450,0.001,0.000,0.000,0.000,1.000,5.87,10.77567060,106.67090210,10.51,"10°46'32.41""N, 106°40'15.25""E",FIX,
00:05:12.533,1786208712.534,TRACKING,5.893,-0.004,0.005,-0.01,0.450,0.009,0.000,0.000,0.000,1.000,5.89,10.77567060,106.67090210,10.51,"10°46'32.41""N, 106°40'15.25""E",FIX,
00:05:12.600,1786208712.600,TRACKING,5.920,-0.004,0.006,-0.01,0.450,-0.000,0.000,0.000,0.000,1.000,5.92,10.77567060,106.67090210,10.51,"10°46'32.41""N, 106°40'15.25""E",FIX,
00:05:12.686,1786208712.686,TRACKING,5.947,-0.003,0.006,-0.01,0.450,0.001,0.000,0.000,0.000,1.000,5.95,10.77567060,106.67090210,10.51,"10°46'32.41""N, 106°40'15.25""E",FIX,
00:05:12.785,1786208712.786,TRACKING,5.983,-0.003,0.006,-0.01,0.450,0.002,0.000,0.000,0.000,1.000,5.98,10.77567060,106.67090251,10.51,"10°46'32.41""N, 106°40'15.25""E",FIX,
00:05:12.868,1786208712.868,TRACKING,6.010,-0.003,0.006,-0.01,0.450,0.002,0.000,0.000,0.000,1.000,6.01,10.77567060,106.67090251,10.51,"10°46'32.41""N, 106°40'15.25""E",FIX,
00:05:12.950,1786208712.951,TRACKING,6.037,-0.003,0.006,-0.01,0.450,0.002,0.000,0.000,0.000,1.000,6.04,10.77567060,106.67090251,10.51,"10°46'32.41""N, 106°40'15.25""E",FIX,
00:05:13.051,1786208713.052,TRACKING,6.073,-0.003,0.006,-0.01,0.450,0.002,0.000,0.000,0.000,1.000,6.07,10.77567061,106.67090292,10.51,"10°46'32.41""N, 106°40'15.25""E",FIX,
00:05:13.149,1786208713.150,TRACKING,6.109,-0.002,0.007,-0.00,0.450,-0.011,0.000,0.000,0.000,1.000,6.11,10.77567061,106.67090292,10.51,"10°46'32.41""N, 106°40'15.25""E",FIX,
00:05:13.238,1786208713.239,TRACKING,6.127,-0.002,0.006,0.00,0.450,-0.011,0.000,0.000,0.000,0.604,6.13,10.77567061,106.67090292,10.51,"10°46'32.41""N, 106°40'15.25""E",FIX,
00:05:13.319,1786208713.320,TRACKING,6.163,-0.002,0.005,0.00,0.450,-0.006,0.000,0.000,0.000,0.625,6.16,10.77567061,106.67090334,10.51,"10°46'32.41""N, 106°40'15.25""E",FIX,
00:05:13.424,1786208713.424,TRACKING,6.199,-0.002,0.005,0.01,0.450,-0.005,0.000,0.000,0.000,0.708,6.20,10.77567061,106.67090334,10.51,"10°46'32.41""N, 106°40'15.25""E",FIX,
00:05:13.514,1786208713.514,TRACKING,6.226,-0.002,0.005,0.01,0.450,-0.004,0.000,0.000,0.000,0.771,6.23,10.77567061,106.67090375,10.51,"10°46'32.41""N, 106°40'15.25""E",FIX,
00:05:13.596,1786208713.596,TRACKING,6.244,-0.002,0.004,0.01,0.450,-0.004,0.000,0.000,0.000,0.833,6.24,10.77567061,106.67090375,10.51,"10°46'32.41""N, 106°40'15.25""E",FIX,
00:05:13.687,1786208713.688,TRACKING,6.280,-0.002,0.004,0.01,0.450,-0.003,0.000,0.000,0.000,0.917,6.28,10.77567061,106.67090375,10.51,"10°46'32.41""N, 106°40'15.25""E",FIX,
00:05:13.789,1786208713.789,TRACKING,6.316,-0.001,0.004,0.01,0.450,-0.003,0.000,0.000,0.000,1.000,6.32,10.77567061,106.67090416,10.51,"10°46'32.41""N, 106°40'15.25""E",FIX,
00:05:13.870,1786208713.870,TRACKING,6.343,-0.001,0.004,0.01,0.450,-0.003,0.000,0.000,0.000,1.000,6.34,10.77567061,106.67090416,10.51,"10°46'32.41""N, 106°40'15.25""E",FIX,
00:05:13.961,1786208713.961,TRACKING,6.370,-0.001,0.003,0.01,0.450,-0.003,0.000,0.000,0.000,1.000,6.37,10.77567061,106.67090416,10.51,"10°46'32.41""N, 106°40'15.25""E",FIX,
00:05:14.045,1786208714.045,TRACKING,6.406,-0.001,0.003,0.01,0.450,-0.003,0.000,0.000,0.000,1.000,6.41,10.77567061,106.67090457,10.51,"10°46'32.41""N, 106°40'15.26""E",FIX,
00:05:14.134,1786208714.135,TRACKING,6.433,-0.001,0.003,0.01,0.450,-0.003,0.000,0.000,0.000,1.000,6.43,10.77567061,106.67090457,10.51,"10°46'32.41""N, 106°40'15.26""E",FIX,
00:05:14.222,1786208714.223,TRACKING,6.460,-0.001,0.003,0.01,0.450,-0.002,0.000,0.000,0.000,1.000,6.46,10.77567061,106.67090457,10.51,"10°46'32.41""N, 106°40'15.26""E",FIX,
00:05:14.302,1786208714.303,TRACKING,6.487,-0.001,0.003,0.01,0.450,-0.002,0.000,0.000,0.000,1.000,6.49,10.77567061,106.67090457,10.51,"10°46'32.41""N, 106°40'15.26""E",FIX,
00:05:14.384,1786208714.384,TRACKING,6.523,-0.001,0.003,0.01,0.450,-0.002,0.000,0.000,0.000,1.000,6.52,10.77567061,106.67090498,10.51,"10°46'32.41""N, 106°40'15.26""E",FIX,
00:05:14.474,1786208714.475,TRACKING,6.550,-0.001,0.002,0.01,0.450,-0.002,0.000,0.000,0.000,1.000,6.55,10.77567061,106.67090498,10.51,"10°46'32.41""N, 106°40'15.26""E",FIX,
00:05:14.547,1786208714.548,TRACKING,6.577,-0.001,0.002,0.01,0.450,-0.002,0.000,0.000,0.000,1.000,6.58,10.77567061,106.67090498,10.51,"10°46'32.41""N, 106°40'15.26""E",FIX,
00:05:14.639,1786208714.640,TRACKING,6.604,-0.001,0.002,0.01,0.450,0.004,0.000,0.000,0.000,1.000,6.60,10.77567061,106.67090539,10.51,"10°46'32.41""N, 106°40'15.26""E",FIX,
00:05:14.720,1786208714.720,TRACKING,6.631,-0.001,0.002,0.01,0.450,-0.005,0.000,0.000,0.000,1.000,6.63,10.77567061,106.67090539,10.51,"10°46'32.41""N, 106°40'15.26""E",FIX,
00:05:14.805,1786208714.806,TRACKING,6.658,-0.000,0.002,0.01,0.450,-0.003,0.000,0.000,0.000,1.000,6.66,10.77567061,106.67090539,10.51,"10°46'32.41""N, 106°40'15.26""E",FIX,
00:05:14.887,1786208714.887,TRACKING,6.694,-0.000,0.002,0.01,0.450,-0.003,0.000,0.000,0.000,1.000,6.69,10.77567061,106.67090580,10.51,"10°46'32.41""N, 106°40'15.26""E",FIX,
00:05:14.963,1786208714.963,TRACKING,6.721,-0.000,0.002,0.01,0.450,-0.003,0.000,0.000,0.000,1.000,6.72,10.77567061,106.67090580,10.51,"10°46'32.41""N, 106°40'15.26""E",FIX,
00:05:15.047,1786208715.048,TRACKING,6.757,-0.000,0.001,0.01,0.450,-0.003,0.000,0.000,0.000,1.000,6.76,10.77567061,106.67090580,10.51,"10°46'32.41""N, 106°40'15.26""E",FIX,
00:05:15.119,1786208715.119,TRACKING,6.784,-0.000,0.001,0.01,0.450,-0.003,0.000,0.000,0.000,1.000,6.78,10.77567062,106.67090622,10.51,"10°46'32.41""N, 106°40'15.26""E",FIX,
00:05:15.214,1786208715.214,TRACKING,6.811,-0.000,0.001,0.01,0.450,-0.003,0.000,0.000,0.000,1.000,6.81,10.77567062,106.67090622,10.51,"10°46'32.41""N, 106°40'15.26""E",FIX,
00:05:15.298,1786208715.299,TRACKING,6.847,-0.000,0.001,0.01,0.450,-0.002,0.000,0.000,0.000,1.000,6.85,10.77567062,106.67090622,10.51,"10°46'32.41""N, 106°40'15.26""E",FIX,
00:05:15.372,1786208715.373,TRACKING,6.874,-0.000,0.001,0.01,0.450,-0.002,0.000,0.000,0.000,1.000,6.87,10.77567062,106.67090663,10.51,"10°46'32.41""N, 106°40'15.26""E",FIX,
00:05:15.439,1786208715.439,TRACKING,6.901,-0.000,0.001,0.01,0.450,-0.002,0.000,0.000,0.000,1.000,6.90,10.77567062,106.67090663,10.51,"10°46'32.41""N, 106°40'15.26""E",FIX,
00:05:15.527,1786208715.528,TRACKING,6.928,-0.000,0.000,0.01,0.450,-0.002,0.000,0.000,0.000,0.583,6.93,10.77567062,106.67090663,10.51,"10°46'32.41""N, 106°40'15.26""E",FIX,
00:05:15.625,1786208715.625,TRACKING,6.973,-0.000,0.000,0.01,0.450,-0.002,0.000,0.000,0.000,0.646,6.97,10.77567062,106.67090704,10.51,"10°46'32.41""N, 106°40'15.27""E",FIX,
00:05:15.697,1786208715.698,TRACKING,6.991,-0.000,0.000,0.01,0.450,-0.002,0.000,0.000,0.000,0.708,6.99,10.77567062,106.67090704,10.51,"10°46'32.41""N, 106°40'15.27""E",FIX,
00:05:15.787,1786208715.788,TRACKING,7.018,-0.000,-0.000,0.01,0.450,-0.002,0.000,0.000,0.000,0.771,7.02,10.77567062,106.67090704,10.51,"10°46'32.41""N, 106°40'15.27""E",FIX,
00:05:15.867,1786208715.867,TRACKING,7.045,-0.000,-0.000,0.01,0.450,-0.002,0.000,0.000,0.000,0.854,7.04,10.77567062,106.67090745,10.51,"10°46'32.41""N, 106°40'15.27""E",FIX,
00:05:15.953,1786208715.953,TRACKING,7.081,-0.000,-0.000,0.01,0.450,0.001,0.000,0.000,0.000,0.917,7.08,10.77567062,106.67090745,10.51,"10°46'32.41""N, 106°40'15.27""E",FIX,
00:05:16.047,1786208716.047,TRACKING,7.117,-0.000,-0.000,0.00,0.450,0.003,0.000,0.000,0.000,1.000,7.12,10.77567062,106.67090745,10.51,"10°46'32.41""N, 106°40'15.27""E",FIX,
00:05:16.114,1786208716.115,TRACKING,7.135,-0.000,-0.000,0.01,0.450,-0.005,0.000,0.000,0.000,1.000,7.13,10.77567062,106.67090786,10.51,"10°46'32.41""N, 106°40'15.27""E",FIX,
00:05:16.208,1786208716.208,TRACKING,7.171,-0.000,-0.000,0.01,0.450,-0.004,0.000,0.000,0.000,1.000,7.17,10.77567062,106.67090786,10.51,"10°46'32.41""N, 106°40'15.27""E",FIX,
00:05:16.287,1786208716.288,TRACKING,7.198,-0.000,-0.001,0.01,0.450,-0.004,0.000,0.000,0.000,1.000,7.20,10.77567062,106.67090786,10.51,"10°46'32.41""N, 106°40'15.27""E",FIX,
00:05:16.367,1786208716.367,TRACKING,7.225,-0.000,-0.001,0.01,0.450,0.005,0.000,0.000,0.000,1.000,7.22,10.77567062,106.67090827,10.51,"10°46'32.41""N, 106°40'15.27""E",FIX,
00:05:16.460,1786208716.460,TRACKING,7.252,-0.000,-0.001,0.01,0.450,-0.004,0.000,0.000,0.000,1.000,7.25,10.77567062,106.67090827,10.51,"10°46'32.41""N, 106°40'15.27""E",FIX,
00:05:16.544,1786208716.544,TRACKING,7.288,-0.000,-0.001,0.01,0.450,-0.004,0.000,0.000,0.000,1.000,7.29,10.77567062,106.67090827,10.51,"10°46'32.41""N, 106°40'15.27""E",FIX,
00:05:16.628,1786208716.629,TRACKING,7.315,-0.000,-0.001,0.01,0.450,-0.003,0.000,0.000,0.000,1.000,7.31,10.77567062,106.67090868,10.51,"10°46'32.41""N, 106°40'15.27""E",FIX,
00:05:16.702,1786208716.702,TRACKING,7.342,-0.000,-0.001,0.01,0.450,0.004,0.000,0.000,0.000,1.000,7.34,10.77567062,106.67090868,10.51,"10°46'32.41""N, 106°40'15.27""E",FIX,
00:05:16.788,1786208716.788,TRACKING,7.378,-0.000,-0.001,0.01,0.450,-0.004,0.000,0.000,0.000,1.000,7.38,10.77567062,106.67090868,10.51,"10°46'32.41""N, 106°40'15.27""E",FIX,
00:05:16.877,1786208716.878,TRACKING,7.414,-0.000,-0.001,0.01,0.450,-0.003,0.000,0.000,0.000,1.000,7.41,10.77567062,106.67090910,10.51,"10°46'32.41""N, 106°40'15.27""E",FIX,
00:05:16.958,1786208716.958,TRACKING,7.441,-0.000,-0.002,0.01,0.450,-0.003,0.000,0.000,0.000,1.000,7.44,10.77567062,106.67090910,10.51,"10°46'32.41""N, 106°40'15.27""E",FIX,
00:05:17.039,1786208717.039,TRACKING,7.468,-0.001,-0.002,0.01,0.450,-0.003,0.000,0.000,0.000,1.000,7.47,10.77567062,106.67090910,10.51,"10°46'32.41""N, 106°40'15.27""E",FIX,
00:05:17.141,1786208717.142,TRACKING,7.495,-0.001,-0.002,0.01,0.450,0.004,0.000,0.000,0.000,1.000,7.49,10.77567062,106.67090951,10.51,"10°46'32.41""N, 106°40'15.27""E",FIX,
00:05:17.197,1786208717.198,TRACKING,7.522,-0.001,-0.002,0.00,0.450,0.003,0.000,0.000,0.000,1.000,7.52,10.77567062,106.67090951,10.51,"10°46'32.41""N, 106°40'15.27""E",FIX,
00:05:17.274,1786208717.275,TRACKING,7.549,-0.001,-0.002,0.01,0.450,-0.006,0.000,0.000,0.000,1.000,7.55,10.77567062,106.67090951,10.51,"10°46'32.41""N, 106°40'15.27""E",FIX,
00:05:17.356,1786208717.356,TRACKING,7.585,-0.001,-0.002,0.01,0.450,-0.004,0.000,0.000,0.000,1.000,7.58,10.77567062,106.67090992,10.51,"10°46'32.41""N, 106°40'15.28""E",FIX,
00:05:17.444,1786208717.445,TRACKING,7.621,-0.001,-0.002,0.00,0.450,0.003,0.000,0.000,0.000,1.000,7.62,10.77567062,106.67090992,10.51,"10°46'32.41""N, 106°40'15.28""E",FIX,
00:05:17.516,1786208717.516,TRACKING,7.639,-0.001,-0.002,0.00,0.450,0.003,0.000,0.000,0.000,1.000,7.64,10.77567062,106.67090992,10.51,"10°46'32.41""N, 106°40'15.28""E",FIX,
00:05:17.594,1786208717.594,TRACKING,7.675,-0.001,-0.002,-0.01,0.450,0.037,0.000,0.000,0.000,1.000,7.67,10.77567062,106.67091033,10.51,"10°46'32.41""N, 106°40'15.28""E",FIX,
00:05:17.678,1786208717.679,TRACKING,7.711,-0.001,0.000,-0.02,0.450,0.019,0.000,0.000,0.000,0.667,7.71,10.77567062,106.67091033,10.51,"10°46'32.41""N, 106°40'15.28""E",FIX,
00:05:17.752,1786208717.752,TRACKING,7.729,-0.001,0.001,-0.03,0.450,0.020,0.000,0.000,0.000,0.542,7.73,10.77567062,106.67091033,10.51,"10°46'32.41""N, 106°40'15.28""E",FIX,
00:05:17.843,1786208717.843,TRACKING,7.765,-0.001,0.003,-0.03,0.450,0.013,0.000,0.000,0.000,0.604,7.76,10.77567061,106.67091074,10.51,"10°46'32.41""N, 106°40'15.28""E",FIX,
00:05:17.909,1786208717.909,TRACKING,7.792,-0.001,0.004,-0.03,0.450,0.005,0.000,0.000,0.000,0.667,7.79,10.77567061,106.67091074,10.51,"10°46'32.41""N, 106°40'15.28""E",FIX,
00:05:17.989,1786208717.990,TRACKING,7.819,-0.001,0.004,-0.03,0.450,0.006,0.000,0.000,0.000,0.750,7.82,10.77567061,106.67091074,10.51,"10°46'32.41""N, 106°40'15.28""E",FIX,
00:05:18.082,1786208718.083,TRACKING,7.855,-0.001,0.005,-0.03,0.450,0.007,0.000,0.000,0.000,0.833,7.85,10.77567061,106.67091115,10.51,"10°46'32.41""N, 106°40'15.28""E",FIX,
00:05:18.156,1786208718.156,TRACKING,7.891,-0.000,0.005,-0.03,0.450,0.007,0.000,0.000,0.000,0.896,7.89,10.77567061,106.67091115,10.51,"10°46'32.41""N, 106°40'15.28""E",FIX,
00:05:18.232,1786208718.232,TRACKING,7.918,-0.000,0.006,-0.03,0.450,0.007,0.000,0.000,0.000,0.979,7.92,10.77567061,106.67091115,10.51,"10°46'32.41""N, 106°40'15.28""E",FIX,
00:05:18.308,1786208718.308,TRACKING,7.936,-0.000,0.006,-0.03,0.450,0.007,0.000,0.000,0.000,1.000,7.94,10.77567061,106.67091156,10.51,"10°46'32.41""N, 106°40'15.28""E",FIX,
00:05:18.382,1786208718.383,TRACKING,7.972,0.000,0.007,-0.03,0.450,0.007,0.000,0.000,0.000,1.000,7.97,10.77567061,106.67091156,10.51,"10°46'32.41""N, 106°40'15.28""E",FIX,
00:05:18.469,1786208718.470,TRACKING,7.999,0.000,0.007,-0.03,0.450,0.007,0.000,0.000,0.000,1.000,8.00,10.77567061,106.67091156,10.51,"10°46'32.41""N, 106°40'15.28""E",FIX,
00:05:18.552,1786208718.552,TRACKING,8.035,0.001,0.008,-0.02,0.450,0.000,0.000,0.000,0.000,1.000,8.03,10.77567061,106.67091198,10.51,"10°46'32.41""N, 106°40'15.28""E",FIX,
00:05:18.632,1786208718.633,TRACKING,8.062,0.001,0.008,-0.02,0.450,0.002,0.000,0.000,0.000,1.000,8.06,10.77567061,106.67091198,10.51,"10°46'32.41""N, 106°40'15.28""E",FIX,
00:05:18.708,1786208718.708,TRACKING,8.089,0.001,0.008,-0.02,0.450,0.003,0.000,0.000,0.000,1.000,8.09,10.77567061,106.67091198,10.51,"10°46'32.41""N, 106°40'15.28""E",FIX,
00:05:18.787,1786208718.787,TRACKING,8.116,0.001,0.008,-0.02,0.450,0.003,0.000,0.000,0.000,1.000,8.12,10.77567061,106.67091239,10.51,"10°46'32.41""N, 106°40'15.28""E",FIX,
00:05:18.864,1786208718.865,TRACKING,8.152,0.002,0.008,-0.02,0.450,0.004,0.000,0.000,0.000,1.000,8.15,10.77567061,106.67091239,10.51,"10°46'32.41""N, 106°40'15.28""E",FIX,
00:05:18.927,1786208718.928,TRACKING,8.170,0.002,0.008,-0.02,0.450,0.004,0.000,0.000,0.000,1.000,8.17,10.77567061,106.67091239,10.51,"10°46'32.41""N, 106°40'15.28""E",FIX,
00:05:19.023,1786208719.023,TRACKING,8.206,0.002,0.009,-0.02,0.450,0.005,0.000,0.000,0.000,1.000,8.21,10.77567061,106.67091280,10.51,"10°46'32.41""N, 106°40'15.29""E",FIX,
00:05:19.105,1786208719.105,TRACKING,8.242,0.002,0.009,-0.02,0.450,0.005,0.000,0.000,0.000,1.000,8.24,10.77567061,106.67091280,10.51,"10°46'32.41""N, 106°40'15.29""E",FIX,
00:05:19.177,1786208719.177,TRACKING,8.269,0.003,0.009,-0.02,0.450,0.005,0.000,0.000,0.000,1.000,8.27,10.77567061,106.67091280,10.51,"10°46'32.41""N, 106°40'15.29""E",FIX,
00:05:19.261,1786208719.262,TRACKING,8.296,0.003,0.010,-0.02,0.450,0.005,0.000,0.000,0.000,1.000,8.30,10.77567062,106.67091321,10.51,"10°46'32.41""N, 106°40'15.29""E",FIX,
00:05:19.347,1786208719.348,TRACKING,8.323,0.003,0.010,-0.02,0.450,0.005,0.000,0.000,0.000,1.000,8.32,10.77567062,106.67091321,10.51,"10°46'32.41""N, 106°40'15.29""E",FIX,
00:05:19.449,1786208719.450,TRACKING,8.359,0.003,0.010,-0.02,0.450,0.005,0.000,0.000,0.000,1.000,8.36,10.77567062,106.67091321,10.51,"10°46'32.41""N, 106°40'15.29""E",FIX,
00:05:19.528,1786208719.528,TRACKING,8.386,0.004,0.011,-0.02,0.450,0.005,0.000,0.000,0.000,1.000,8.39,10.77567062,106.67091362,10.51,"10°46'32.41""N, 106°40'15.29""E",FIX,
00:05:19.627,1786208719.627,TRACKING,8.413,0.004,0.011,-0.02,0.450,0.005,0.000,0.000,0.000,1.000,8.41,10.77567062,106.67091362,10.51,"10°46'32.41""N, 106°40'15.29""E",FIX,
00:05:19.705,1786208719.705,TRACKING,8.449,0.004,0.011,-0.02,0.450,0.005,0.000,0.000,0.000,1.000,8.45,10.77567062,106.67091362,10.51,"10°46'32.41""N, 106°40'15.29""E",FIX,
00:05:19.788,1786208719.789,TRACKING,8.476,0.005,0.012,-0.02,0.450,0.012,0.000,0.000,0.000,1.000,8.48,10.77567062,106.67091403,10.51,"10°46'32.41""N, 106°40'15.29""E",FIX,
00:05:19.865,1786208719.866,TRACKING,8.503,0.005,0.012,-0.02,0.450,0.011,0.000,0.000,0.000,0.354,8.50,10.77567062,106.67091403,10.51,"10°46'32.41""N, 106°40'15.29""E",FIX,
00:05:19.949,1786208719.950,TRACKING,8.530,0.005,0.013,-0.02,0.450,0.001,0.000,0.000,0.000,0.000,8.53,10.77567062,106.67091403,10.51,"10°46'32.41""N, 106°40'15.29""E",FIX,
00:05:20.029,1786208720.030,TRACKING,8.566,0.006,0.013,-0.02,0.450,0.001,0.000,0.000,0.000,0.000,8.57,10.77567062,106.67091444,10.51,"10°46'32.41""N, 106°40'15.29""E",FIX,
00:05:20.121,1786208720.122,TRACKING,8.593,0.006,0.013,-0.02,0.450,0.001,0.000,0.000,0.000,0.000,8.59,10.77567062,106.67091444,10.51,"10°46'32.41""N, 106°40'15.29""E",FIX,
00:05:20.199,1786208720.200,TRACKING,8.620,0.007,0.013,-0.02,0.450,0.000,0.000,0.000,0.000,0.000,8.62,10.77567062,106.67091444,10.51,"10°46'32.41""N, 106°40'15.29""E",FIX,
00:05:20.285,1786208720.286,TRACKING,8.656,0.007,0.013,-0.01,0.450,0.001,0.000,0.000,0.000,0.000,8.66,10.77567062,106.67091486,10.51,"10°46'32.41""N, 106°40'15.29""E",FIX,
00:05:20.362,1786208720.362,TRACKING,8.683,0.007,0.013,-0.01,0.450,0.001,0.000,0.000,0.000,0.000,8.68,10.77567062,106.67091486,10.51,"10°46'32.41""N, 106°40'15.29""E",FIX,
00:05:20.441,1786208720.441,TRACKING,8.710,0.008,0.013,-0.01,0.450,0.000,0.000,0.000,0.000,0.000,8.71,10.77567062,106.67091486,10.51,"10°46'32.41""N, 106°40'15.29""E",FIX,
00:05:20.526,1786208720.526,TRACKING,8.746,0.008,0.013,-0.01,0.450,0.000,0.000,0.000,0.000,0.000,8.75,10.77567062,106.67091527,10.51,"10°46'32.41""N, 106°40'15.29""E",FIX,
00:05:20.606,1786208720.606,TRACKING,8.773,0.009,0.013,-0.01,0.450,0.000,0.000,0.000,0.000,0.000,8.77,10.77567062,106.67091527,10.51,"10°46'32.41""N, 106°40'15.29""E",FIX,
00:05:24.407,1786208724.408,UTURN_PLANNING,10.031,0.026,0.014,0.00,0.000,0.000,0.000,0.000,0.000,0.000,0.00,10.77567066,106.67092103,10.51,"10°46'32.41""N, 106°40'15.32""E",FIX,
00:05:24.425,1786208724.426,PATH_FOLLOWING,10.031,0.026,0.014,71.39,0.224,-1.147,0.000,0.000,0.000,0.000,0.00,10.77567066,106.67092103,10.51,"10°46'32.41""N, 106°40'15.32""E",FIX,
00:05:24.439,1786208724.440,PATH_FOLLOWING,10.031,0.026,0.014,71.39,0.224,-1.147,0.000,0.000,0.000,0.000,0.00,10.77567066,106.67092114,10.51,"10°46'32.41""N, 106°40'15.32""E",FIX,
00:05:24.451,1786208724.452,PATH_FOLLOWING,10.031,0.026,0.014,71.39,0.224,-1.147,0.000,0.000,0.000,0.000,0.00,10.77567066,106.67092114,10.51,"10°46'32.41""N, 106°40'15.32""E",FIX,
00:05:24.467,1786208724.468,PATH_FOLLOWING,10.031,0.026,0.014,71.39,0.224,-1.147,0.000,0.000,0.000,0.000,0.00,10.77567066,106.67092114,10.51,"10°46'32.41""N, 106°40'15.32""E",FIX,
00:05:24.548,1786208724.548,PATH_FOLLOWING,10.048,0.025,-0.074,65.13,0.235,-0.873,0.000,0.000,0.000,0.000,0.00,10.77567066,106.67092118,10.51,"10°46'32.41""N, 106°40'15.32""E",FIX,
00:05:24.634,1786208724.635,PATH_FOLLOWING,10.057,0.024,-0.112,61.29,0.239,-0.751,0.000,0.000,0.000,0.000,0.00,10.77567066,106.67092118,10.51,"10°46'32.41""N, 106°40'15.32""E",FIX,
00:05:24.704,1786208724.705,PATH_FOLLOWING,10.076,0.021,-0.177,52.60,0.244,-0.550,0.000,0.000,0.000,0.000,0.00,10.77567066,106.67092118,10.51,"10°46'32.41""N, 106°40'15.32""E",FIX,
00:05:24.790,1786208724.790,PATH_FOLLOWING,10.090,0.019,-0.212,46.01,0.246,-0.439,0.000,0.000,0.000,0.000,0.00,10.77567066,106.67092139,10.51,"10°46'32.41""N, 106°40'15.32""E",FIX,
00:05:24.864,1786208724.865,PATH_FOLLOWING,10.104,0.015,-0.241,39.32,0.248,-0.350,0.000,0.000,0.000,0.000,0.00,10.77567066,106.67092139,10.51,"10°46'32.41""N, 106°40'15.32""E",FIX,
00:05:24.951,1786208724.952,PATH_FOLLOWING,10.123,0.010,-0.271,30.87,0.249,-0.256,0.000,0.000,0.000,0.000,0.00,10.77567066,106.67092139,10.51,"10°46'32.41""N, 106°40'15.32""E",FIX,
00:05:25.029,1786208725.029,PATH_FOLLOWING,10.138,0.006,-0.288,25.48,0.249,-0.205,0.000,0.000,0.000,0.000,0.00,10.77567066,106.67092162,10.51,"10°46'32.41""N, 106°40'15.32""E",FIX,
00:05:25.113,1786208725.113,PATH_FOLLOWING,10.152,0.002,-0.302,20.93,0.249,-0.164,0.000,0.000,0.000,0.000,0.00,10.77567066,106.67092162,10.51,"10°46'32.41""N, 106°40'15.32""E",FIX,
00:05:25.197,1786208725.197,PATH_FOLLOWING,10.166,-0.003,-0.312,16.97,0.250,-0.131,0.000,0.000,0.000,0.000,0.00,10.77567066,106.67092162,10.51,"10°46'32.41""N, 106°40'15.32""E",FIX,
00:05:25.284,1786208725.284,PATH_FOLLOWING,10.185,-0.009,-0.324,12.63,0.250,-0.097,0.000,0.000,0.000,0.000,0.00,10.77567066,106.67092184,10.51,"10°46'32.41""N, 106°40'15.32""E",FIX,
00:05:25.365,1786208725.366,PATH_FOLLOWING,10.199,-0.014,-0.330,10.16,0.250,-0.077,0.000,0.000,0.000,0.000,0.00,10.77567066,106.67092184,10.51,"10°46'32.41""N, 106°40'15.32""E",FIX,
00:05:25.449,1786208725.449,PATH_FOLLOWING,10.218,-0.020,-0.337,7.56,0.250,-0.057,0.000,0.000,0.000,0.000,0.00,10.77567066,106.67092184,10.51,"10°46'32.41""N, 106°40'15.32""E",FIX,
00:05:25.537,1786208725.537,PATH_FOLLOWING,10.233,-0.025,-0.341,6.12,0.250,-0.046,0.000,0.000,0.000,0.000,0.00,10.77567064,106.67092207,10.51,"10°46'32.41""N, 106°40'15.32""E",FIX,
00:05:25.630,1786208725.630,PATH_FOLLOWING,10.251,-0.032,-0.345,86.88,0.047,-1.500,0.000,0.000,0.000,0.000,0.00,10.77567064,106.67092207,10.51,"10°46'32.41""N, 106°40'15.32""E",FIX,
00:05:25.722,1786208725.722,PATH_FOLLOWING,10.256,-0.034,-0.417,85.96,0.061,-1.500,0.000,0.000,0.000,0.000,0.00,10.77567064,106.67092207,10.51,"10°46'32.41""N, 106°40'15.32""E",FIX,
00:05:25.803,1786208725.803,PATH_FOLLOWING,10.259,-0.035,-0.507,84.67,0.081,-1.500,0.000,0.000,0.000,0.000,0.00,10.77567062,106.67092222,10.51,"10°46'32.41""N, 106°40'15.32""E",FIX,
00:05:25.896,1786208725.896,PATH_FOLLOWING,10.264,-0.039,-0.627,82.85,0.109,-1.500,0.000,0.000,0.000,0.000,0.00,10.77567062,106.67092222,10.51,"10°46'32.41""N, 106°40'15.32""E",FIX,
00:05:25.966,1786208725.966,PATH_FOLLOWING,10.268,-0.041,-0.687,81.93,0.123,-1.500,0.000,0.000,0.000,0.000,0.00,10.77567062,106.67092222,10.51,"10°46'32.41""N, 106°40'15.32""E",FIX,
00:05:26.044,1786208726.045,PATH_FOLLOWING,10.275,-0.048,-0.807,80.11,0.152,-1.500,0.000,0.000,0.000,0.000,0.00,10.77567061,106.67092231,10.51,"10°46'32.41""N, 106°40'15.32""E",FIX,
00:05:26.144,1786208726.144,PATH_FOLLOWING,10.280,-0.054,-0.897,78.82,0.172,-1.500,0.000,0.000,0.000,0.000,0.00,10.77567061,106.67092231,10.51,"10°46'32.41""N, 106°40'15.32""E",FIX,
00:05:26.219,1786208726.220,PATH_FOLLOWING,10.286,-0.062,-0.987,77.62,0.191,-1.500,0.000,0.000,0.000,0.000,0.00,10.77567061,106.67092231,10.51,"10°46'32.41""N, 106°40'15.32""E",FIX,
00:05:26.322,1786208726.322,PATH_FOLLOWING,10.293,-0.075,-1.107,75.08,0.213,-1.379,0.000,0.000,0.000,0.000,0.00,10.77567061,106.67092244,10.51,"10°46'32.41""N, 106°40'15.32""E",FIX,
00:05:26.395,1786208726.396,PATH_FOLLOWING,10.299,-0.086,-1.192,70.40,0.226,-1.096,0.000,0.000,0.000,0.000,0.00,10.77567061,106.67092244,10.51,"10°46'32.41""N, 106°40'15.32""E",FIX,
00:05:26.477,1786208726.478,PATH_FOLLOWING,10.303,-0.099,-1.263,64.77,0.235,-0.860,0.000,0.000,0.000,0.000,0.00,10.77567061,106.67092244,10.51,"10°46'32.41""N, 106°40'15.32""E",FIX,
00:05:26.552,1786208726.552,PATH_FOLLOWING,10.307,-0.112,-1.321,58.11,0.241,-0.668,0.000,0.000,0.000,0.000,0.00,10.77567034,106.67092261,10.51,"10°46'32.41""N, 106°40'15.32""E",FIX,
00:05:26.634,1786208726.634,PATH_FOLLOWING,10.311,-0.131,-1.380,48.22,0.245,-0.474,0.000,0.000,0.000,0.000,0.00,10.77567034,106.67092261,10.51,"10°46'32.41""N, 106°40'15.32""E",FIX,
00:05:26.713,1786208726.714,PATH_FOLLOWING,10.313,-0.145,-1.411,40.92,0.247,-0.370,0.000,0.000,0.000,0.000,0.00,10.77567034,106.67092261,10.51,"10°46'32.41""N, 106°40'15.32""E",FIX,
00:05:26.802,1786208726.803,PATH_FOLLOWING,10.316,-0.160,-1.435,34.22,0.248,-0.291,0.000,0.000,0.000,0.000,0.00,10.77567013,106.67092279,10.51,"10°46'32.41""N, 106°40'15.32""E",FIX,
00:05:26.883,1786208726.883,PATH_FOLLOWING,10.318,-0.180,-1.461,25.78,0.249,-0.207,0.000,0.000,0.000,0.000,0.00,10.77567013,106.67092279,10.51,"10°46'32.41""N, 106°40'15.32""E",FIX,
00:05:26.970,1786208726.970,PATH_FOLLOWING,10.320,-0.195,-1.474,20.94,0.249,-0.165,0.000,0.000,0.000,0.000,0.00,10.77567013,106.67092279,10.51,"10°46'32.41""N, 106°40'15.32""E",FIX,
00:05:27.057,1786208727.058,PATH_FOLLOWING,10.321,-0.214,-1.488,15.34,0.250,-0.118,0.000,0.000,0.000,0.000,0.00,10.77566996,106.67092297,10.51,"10°46'32.41""N, 106°40'15.32""E",FIX,
00:05:27.129,1786208727.129,PATH_FOLLOWING,10.323,-0.229,-1.496,12.14,0.250,-0.093,0.000,0.000,0.000,0.000,0.00,10.77566996,106.67092297,10.51,"10°46'32.41""N, 106°40'15.32""E",FIX,
00:05:27.204,1786208727.205,PATH_FOLLOWING,10.324,-0.244,-1.502,9.70,0.250,-0.074,0.000,0.000,0.000,0.000,0.00,10.77566996,106.67092297,10.51,"10°46'32.41""N, 106°40'15.32""E",FIX,
00:05:27.286,1786208727.287,PATH_FOLLOWING,10.325,-0.259,-1.506,7.73,0.250,-0.059,0.000,0.000,0.000,0.000,0.00,10.77566982,106.67092315,10.51,"10°46'32.41""N, 106°40'15.32""E",FIX,
00:05:27.359,1786208727.360,PATH_FOLLOWING,10.326,-0.274,-1.510,6.08,0.250,-0.046,0.000,0.000,0.000,0.000,0.00,10.77566982,106.67092315,10.51,"10°46'32.41""N, 106°40'15.32""E",FIX,
00:05:27.455,1786208727.455,PATH_FOLLOWING,10.327,-0.299,-1.515,3.95,0.250,-0.030,0.000,0.000,0.000,0.000,0.00,10.77566982,106.67092315,10.51,"10°46'32.41""N, 106°40'15.32""E",FIX,
00:05:27.530,1786208727.530,PATH_FOLLOWING,10.328,-0.309,-1.516,3.38,0.250,-0.025,0.000,0.000,0.000,0.000,0.00,10.77566969,106.67092334,10.51,"10°46'32.41""N, 106°40'15.32""E",FIX,
00:05:27.612,1786208727.612,PATH_FOLLOWING,10.328,-0.324,-1.518,2.70,0.250,-0.020,0.000,0.000,0.000,0.000,0.00,10.77566969,106.67092334,10.51,"10°46'32.41""N, 106°40'15.32""E",FIX,
00:05:27.710,1786208727.710,PATH_FOLLOWING,10.329,-0.344,-1.520,1.93,0.250,-0.015,0.000,0.000,0.000,0.000,0.00,10.77566969,106.67092334,10.51,"10°46'32.41""N, 106°40'15.32""E",FIX,
00:05:27.776,1786208727.776,PATH_FOLLOWING,10.330,-0.359,-1.521,1.49,0.250,-0.011,0.000,0.000,0.000,0.000,0.00,10.77566955,106.67092352,10.51,"10°46'32.41""N, 106°40'15.32""E",FIX,
00:05:27.863,1786208727.863,PATH_FOLLOWING,10.331,-0.374,-1.521,1.19,0.250,-0.009,0.000,0.000,0.000,0.000,0.00,10.77566955,106.67092352,10.51,"10°46'32.41""N, 106°40'15.32""E",FIX,
00:05:27.962,1786208727.962,PATH_FOLLOWING,10.332,-0.394,-1.522,0.86,0.250,-0.006,0.000,0.000,0.000,0.000,0.00,10.77566955,106.67092352,10.51,"10°46'32.41""N, 106°40'15.32""E",FIX,
00:05:28.055,1786208728.056,PATH_FOLLOWING,10.333,-0.409,-1.523,0.66,0.250,-0.005,0.000,0.000,0.000,0.000,0.00,10.77566942,106.67092370,10.51,"10°46'32.41""N, 106°40'15.33""E",FIX,
00:05:28.181,1786208728.181,PATH_FOLLOWING,10.333,-0.424,-1.523,0.53,0.250,-0.004,0.000,0.000,0.000,0.000,0.00,10.77566942,106.67092370,10.51,"10°46'32.41""N, 106°40'15.33""E",FIX,
00:05:28.302,1786208728.302,PATH_FOLLOWING,10.334,-0.444,-1.523,0.38,0.250,-0.003,0.000,0.000,0.000,0.000,0.00,10.77566942,106.67092370,10.51,"10°46'32.41""N, 106°40'15.33""E",FIX,
00:05:28.383,1786208728.383,PATH_FOLLOWING,10.335,-0.459,-1.524,0.30,0.250,-0.002,0.000,0.000,0.000,0.000,0.00,10.77566928,106.67092389,10.51,"10°46'32.41""N, 106°40'15.33""E",FIX,
00:05:28.466,1786208728.467,PATH_FOLLOWING,10.336,-0.474,-1.524,0.24,0.250,-0.002,0.000,0.000,0.000,0.000,0.00,10.77566928,106.67092389,10.51,"10°46'32.41""N, 106°40'15.33""E",FIX,
00:05:28.562,1786208728.563,PATH_FOLLOWING,10.337,-0.494,-1.524,0.17,0.250,-0.001,0.000,0.000,0.000,0.000,0.00,10.77566928,106.67092389,10.51,"10°46'32.41""N, 106°40'15.33""E",FIX,
00:05:28.630,1786208728.631,PATH_FOLLOWING,10.337,-0.509,-1.524,0.13,0.250,-0.001,0.000,0.000,0.000,0.000,0.00,10.77566915,106.67092407,10.51,"10°46'32.41""N, 106°40'15.33""E",FIX,
00:05:28.692,1786208728.692,PATH_FOLLOWING,10.338,-0.524,-1.524,0.11,0.250,-0.001,0.000,0.000,0.000,0.000,0.00,10.77566915,106.67092407,10.51,"10°46'32.41""N, 106°40'15.33""E",FIX,
00:05:28.791,1786208728.792,PATH_FOLLOWING,10.339,-0.544,-1.524,0.08,0.250,-0.001,0.000,0.000,0.000,0.000,0.00,10.77566915,106.67092407,10.51,"10°46'32.41""N, 106°40'15.33""E",FIX,
00:05:28.872,1786208728.872,PATH_FOLLOWING,10.340,-0.559,-1.524,0.06,0.250,-0.000,0.000,0.000,0.000,0.000,0.00,10.77566901,106.67092425,10.51,"10°46'32.41""N, 106°40'15.33""E",FIX,
00:05:28.946,1786208728.946,PATH_FOLLOWING,10.340,-0.574,-1.524,0.05,0.250,-0.000,0.000,0.000,0.000,0.000,0.00,10.77566901,106.67092425,10.51,"10°46'32.41""N, 106°40'15.33""E",FIX,
00:05:29.030,1786208729.030,PATH_FOLLOWING,10.341,-0.589,-1.524,0.04,0.250,-0.000,0.000,0.000,0.000,0.000,0.00,10.77566901,106.67092425,10.51,"10°46'32.41""N, 106°40'15.33""E",FIX,
00:05:29.115,1786208729.115,PATH_FOLLOWING,10.342,-0.609,-1.524,0.03,0.250,-0.000,0.000,0.000,0.000,0.000,0.00,10.77566888,106.67092443,10.51,"10°46'32.41""N, 106°40'15.33""E",FIX,
00:05:29.196,1786208729.196,PATH_FOLLOWING,10.343,-0.624,-1.524,0.02,0.250,-0.000,0.000,0.000,0.000,0.000,0.00,10.77566888,106.67092443,10.51,"10°46'32.41""N, 106°40'15.33""E",FIX,
00:05:29.275,1786208729.276,PATH_FOLLOWING,10.344,-0.644,-1.524,0.02,0.250,-0.000,0.000,0.000,0.000,0.000,0.00,10.77566888,106.67092443,10.51,"10°46'32.41""N, 106°40'15.33""E",FIX,
00:05:29.341,1786208729.342,PATH_FOLLOWING,10.344,-0.654,-1.524,0.02,0.250,-0.000,0.000,0.000,0.000,0.000,0.00,10.77566888,106.67092443,10.51,"10°46'32.41""N, 106°40'15.33""E",FIX,
00:05:29.437,1786208729.437,PATH_FOLLOWING,10.345,-0.674,-1.524,0.01,0.250,-0.000,0.000,0.000,0.000,0.000,0.00,10.77566874,106.67092462,10.51,"10°46'32.41""N, 106°40'15.33""E",FIX,
00:05:29.517,1786208729.517,PATH_FOLLOWING,10.346,-0.689,-1.524,0.01,0.250,-0.000,0.000,0.000,0.000,0.000,0.00,10.77566874,106.67092462,10.51,"10°46'32.41""N, 106°40'15.33""E",FIX,
00:05:29.602,1786208729.603,PATH_FOLLOWING,10.347,-0.709,-1.524,0.01,0.250,-0.000,0.000,0.000,0.000,0.000,0.00,10.77566860,106.67092480,10.51,"10°46'32.41""N, 106°40'15.33""E",FIX,
00:05:29.673,1786208729.674,PATH_FOLLOWING,10.347,-0.724,-1.524,0.01,0.250,-0.000,0.000,0.000,0.000,0.000,0.00,10.77566860,106.67092480,10.51,"10°46'32.41""N, 106°40'15.33""E",FIX,
00:05:29.743,1786208729.743,PATH_FOLLOWING,10.348,-0.739,-1.524,0.00,0.250,-0.000,0.000,0.000,0.000,0.000,0.00,10.77566860,106.67092480,10.51,"10°46'32.41""N, 106°40'15.33""E",FIX,
00:05:29.830,1786208729.831,PATH_FOLLOWING,10.349,-0.754,-1.524,0.00,0.250,-0.000,0.000,0.000,0.000,0.000,0.00,10.77566860,106.67092480,10.51,"10°46'32.41""N, 106°40'15.33""E",FIX,
00:05:29.912,1786208729.912,PATH_FOLLOWING,10.349,-0.769,-1.524,88.68,0.020,-1.500,0.000,0.000,0.000,0.000,0.00,10.77566847,106.67092498,10.51,"10°46'32.41""N, 106°40'15.33""E",FIX,
00:05:29.992,1786208729.993,PATH_FOLLOWING,10.350,-0.776,-1.604,88.68,0.020,-1.500,0.000,0.000,0.000,0.000,0.00,10.77566847,106.67092498,10.51,"10°46'32.41""N, 106°40'15.33""E",FIX,
00:05:30.081,1786208730.081,PATH_FOLLOWING,10.350,-0.778,-1.694,88.68,0.020,-1.500,0.000,0.000,0.000,0.000,0.00,10.77566847,106.67092498,10.51,"10°46'32.41""N, 106°40'15.33""E",FIX,
00:05:30.161,1786208730.162,PATH_FOLLOWING,10.349,-0.779,-1.784,88.68,0.020,-1.500,0.000,0.000,0.000,0.000,0.00,10.77566835,106.67092506,10.51,"10°46'32.41""N, 106°40'15.33""E",FIX,
00:05:30.242,1786208730.242,PATH_FOLLOWING,10.349,-0.780,-1.904,88.32,0.026,-1.500,0.000,0.000,0.000,0.000,0.00,10.77566835,106.67092506,10.51,"10°46'32.41""N, 106°40'15.33""E",FIX,
00:05:30.316,1786208730.317,PATH_FOLLOWING,10.349,-0.782,-1.994,87.34,0.040,-1.500,0.000,0.000,0.000,0.000,0.00,10.77566835,106.67092506,10.51,"10°46'32.41""N, 106°40'15.33""E",FIX,
00:05:30.401,1786208730.402,PATH_FOLLOWING,10.348,-0.784,-2.084,86.20,0.058,-1.500,0.000,0.000,0.000,0.000,0.00,10.77566824,106.67092508,10.51,"10°46'32.41""N, 106°40'15.33""E",FIX,
00:05:30.489,1786208730.489,PATH_FOLLOWING,10.345,-0.787,-2.204,84.50,0.084,-1.500,0.000,0.000,0.000,0.000,0.00,10.77566824,106.67092508,10.51,"10°46'32.41""N, 106°40'15.33""E",FIX,
00:05:30.551,1786208730.552,PATH_FOLLOWING,10.343,-0.790,-2.294,83.15,0.105,-1.500,0.000,0.000,0.000,0.000,0.00,10.77566824,106.67092508,10.51,"10°46'32.41""N, 106°40'15.33""E",FIX,
00:05:30.632,1786208730.633,PATH_FOLLOWING,10.338,-0.795,-2.384,81.78,0.126,-1.500,0.000,0.000,0.000,0.000,0.00,10.77566814,106.67092513,10.51,"10°46'32.41""N, 106°40'15.33""E",FIX,
00:05:30.748,1786208730.748,PATH_FOLLOWING,10.331,-0.801,-2.504,80.00,0.153,-1.500,0.000,0.000,0.000,0.000,0.00,10.77566814,106.67092513,10.51,"10°46'32.41""N, 106°40'15.33""E",FIX,
00:05:30.830,1786208730.830,PATH_FOLLOWING,10.322,-0.807,-2.624,78.33,0.180,-1.500,0.000,0.000,0.000,0.000,0.00,10.77566803,106.67092521,10.51,"10°46'32.40""N, 106°40'15.33""E",FIX,
00:05:30.908,1786208730.909,PATH_FOLLOWING,10.312,-0.812,-2.714,77.20,0.198,-1.500,0.000,0.000,0.000,0.000,0.00,10.77566803,106.67092521,10.51,"10°46'32.40""N, 106°40'15.33""E",FIX,
00:05:31.005,1786208731.006,PATH_FOLLOWING,10.301,-0.816,-2.804,74.97,0.214,-1.372,0.000,0.000,0.000,0.000,0.00,10.77566803,106.67092521,10.51,"10°46'32.40""N, 106°40'15.33""E",FIX,
00:05:31.100,1786208731.100,PATH_FOLLOWING,10.289,-0.820,-2.888,70.43,0.226,-1.097,0.000,0.000,0.000,0.000,0.00,10.77566789,106.67092531,10.51,"10°46'32.40""N, 106°40'15.33""E",FIX,
00:05:31.186,1786208731.186,PATH_FOLLOWING,10.272,-0.823,-2.983,62.46,0.238,-0.786,0.000,0.000,0.000,0.000,0.00,10.77566789,106.67092531,10.51,"10°46'32.40""N, 106°40'15.33""E",FIX,
00:05:31.274,1786208731.275,PATH_FOLLOWING,10.263,-0.825,-3.016,58.54,0.241,-0.678,0.000,0.000,0.000,0.000,0.00,10.77566789,106.67092531,10.51,"10°46'32.40""N, 106°40'15.33""E",FIX,
00:05:31.346,1786208731.346,PATH_FOLLOWING,10.248,-0.826,-3.060,51.92,0.244,-0.537,0.000,0.000,0.000,0.000,0.00,10.77566789,106.67092531,10.51,"10°46'32.40""N, 106°40'15.33""E",FIX,
00:05:31.438,1786208731.438,PATH_FOLLOWING,10.229,-0.827,-3.107,42.15,0.247,-0.385,0.000,0.000,0.000,0.000,0.00,10.77566775,106.67092542,10.51,"10°46'32.40""N, 106°40'15.33""E",FIX,
00:05:31.502,1786208731.502,PATH_FOLLOWING,10.214,-0.827,-3.134,34.89,0.248,-0.298,0.000,0.000,0.000,0.000,0.00,10.77566775,106.67092542,10.51,"10°46'32.40""N, 106°40'15.33""E",FIX,
00:05:31.593,1786208731.594,PATH_FOLLOWING,10.194,-0.827,3.124,26.86,0.249,-0.218,0.000,0.000,0.000,0.000,0.00,10.77566775,106.67092542,10.51,"10°46'32.40""N, 106°40'15.33""E",FIX,
00:05:31.664,1786208731.664,PATH_FOLLOWING,10.179,-0.827,3.110,21.90,0.249,-0.173,0.000,0.000,0.000,0.000,0.00,10.77566758,106.67092553,10.51,"10°46'32.40""N, 106°40'15.33""E",FIX,
00:05:31.738,1786208731.739,PATH_FOLLOWING,10.165,-0.826,3.099,17.83,0.250,-0.138,0.000,0.000,0.000,0.000,0.00,10.77566758,106.67092553,10.51,"10°46'32.40""N, 106°40'15.33""E",FIX,
00:05:31.832,1786208731.833,PATH_FOLLOWING,10.150,-0.826,3.091,14.48,0.250,-0.111,0.000,0.000,0.000,0.000,0.00,10.77566758,106.67092553,10.51,"10°46'32.40""N, 106°40'15.33""E",FIX,
00:05:31.932,1786208731.932,PATH_FOLLOWING,10.130,-0.825,3.081,10.60,0.250,-0.081,0.000,0.000,0.000,0.000,0.00,10.77566740,106.67092564,10.51,"10°46'32.40""N, 106°40'15.33""E",FIX,
00:05:32.011,1786208732.012,PATH_FOLLOWING,10.115,-0.824,3.075,8.29,0.250,-0.063,0.000,0.000,0.000,0.000,0.00,10.77566740,106.67092564,10.51,"10°46'32.40""N, 106°40'15.33""E",FIX,
00:05:32.097,1786208732.098,PATH_FOLLOWING,10.100,-0.823,3.071,6.64,0.250,-0.050,0.000,0.000,0.000,0.000,0.00,10.77566740,106.67092564,10.51,"10°46'32.40""N, 106°40'15.33""E",FIX,
00:05:32.191,1786208732.191,PATH_FOLLOWING,10.080,-0.821,3.067,4.84,0.250,-0.036,0.000,0.000,0.000,0.000,0.00,10.77566721,106.67092575,10.51,"10°46'32.40""N, 106°40'15.33""E",FIX,
00:05:32.263,1786208732.264,PATH_FOLLOWING,10.065,-0.820,3.065,3.82,0.250,-0.029,0.000,0.000,0.000,0.000,0.00,10.77566721,106.67092575,10.51,"10°46'32.40""N, 106°40'15.33""E",FIX,
00:05:32.352,1786208732.352,PATH_FOLLOWING,10.050,-0.819,3.063,3.05,0.250,-0.023,0.000,0.000,0.000,0.000,0.00,10.77566721,106.67092575,10.51,"10°46'32.40""N, 106°40'15.33""E",FIX,
00:05:32.433,1786208732.434,PATH_FOLLOWING,10.030,-0.817,3.061,2.22,0.250,-0.017,0.000,0.000,0.000,0.000,0.00,10.77566701,106.67092585,10.51,"10°46'32.40""N, 106°40'15.33""E",FIX,
00:05:32.498,1786208732.498,PATH_FOLLOWING,10.015,-0.816,3.060,1.76,0.250,-0.013,0.000,0.000,0.000,0.000,0.00,10.77566701,106.67092585,10.51,"10°46'32.40""N, 106°40'15.33""E",FIX,
00:05:32.583,1786208732.584,PATH_FOLLOWING,10.000,-0.815,3.059,1.42,0.250,-0.011,0.000,0.000,0.000,0.000,0.00,10.77566701,106.67092585,10.51,"10°46'32.40""N, 106°40'15.33""E",FIX,
00:05:32.659,1786208732.659,PATH_FOLLOWING,9.985,-0.814,3.058,1.14,0.250,-0.009,0.000,0.000,0.000,0.000,0.00,10.77566681,106.67092596,10.51,"10°46'32.40""N, 106°40'15.33""E",FIX,
00:05:32.752,1786208732.753,PATH_FOLLOWING,9.965,-0.812,3.057,0.84,0.250,-0.006,0.000,0.000,0.000,0.000,0.00,10.77566681,106.67092596,10.51,"10°46'32.40""N, 106°40'15.33""E",FIX,
00:05:32.850,1786208732.851,PATH_FOLLOWING,9.945,-0.810,3.057,0.63,0.250,-0.005,0.000,0.000,0.000,0.000,0.00,10.77566681,106.67092596,10.51,"10°46'32.40""N, 106°40'15.33""E",FIX,
00:05:32.932,1786208732.932,PATH_FOLLOWING,9.930,-0.809,3.056,0.51,0.250,-0.004,0.000,0.000,0.000,0.000,0.00,10.77566661,106.67092606,10.51,"10°46'32.40""N, 106°40'15.33""E",FIX,
00:05:32.994,1786208732.994,PATH_FOLLOWING,9.920,-0.808,3.056,0.44,0.250,-0.003,0.000,0.000,0.000,0.000,0.00,10.77566661,106.67092606,10.51,"10°46'32.40""N, 106°40'15.33""E",FIX,
00:05:33.096,1786208733.097,PATH_FOLLOWING,9.895,-0.806,3.056,0.31,0.250,-0.002,0.000,0.000,0.000,0.000,0.00,10.77566661,106.67092606,10.51,"10°46'32.40""N, 106°40'15.33""E",FIX,
00:05:33.170,1786208733.171,PATH_FOLLOWING,9.880,-0.805,3.056,0.25,0.250,-0.002,0.000,0.000,0.000,0.000,0.00,10.77566641,106.67092617,10.51,"10°46'32.40""N, 106°40'15.33""E",FIX,
00:05:33.235,1786208733.235,PATH_FOLLOWING,9.865,-0.803,3.056,0.20,0.250,-0.002,0.000,0.000,0.000,0.000,0.00,10.77566641,106.67092617,10.51,"10°46'32.40""N, 106°40'15.33""E",FIX,
00:05:33.325,1786208733.325,PATH_FOLLOWING,9.851,-0.802,3.056,0.17,0.250,-0.001,0.000,0.000,0.000,0.000,0.00,10.77566641,106.67092617,10.51,"10°46'32.40""N, 106°40'15.33""E",FIX,
00:05:33.419,1786208733.420,PATH_FOLLOWING,9.831,-0.800,3.055,0.13,0.250,-0.001,0.000,0.000,0.000,0.000,0.00,10.77566621,106.67092628,10.51,"10°46'32.40""N, 106°40'15.33""E",FIX,
00:05:33.505,1786208733.505,PATH_FOLLOWING,9.816,-0.799,3.055,0.11,0.250,-0.001,0.000,0.000,0.000,0.000,0.00,10.77566621,106.67092628,10.51,"10°46'32.40""N, 106°40'15.33""E",FIX,
00:05:33.576,1786208733.576,PATH_FOLLOWING,9.801,-0.798,3.055,0.09,0.250,-0.001,0.000,0.000,0.000,0.000,0.00,10.77566621,106.67092628,10.51,"10°46'32.40""N, 106°40'15.33""E",FIX,
00:05:33.650,1786208733.651,PATH_FOLLOWING,9.786,-0.796,3.055,0.07,0.250,-0.001,0.000,0.000,0.000,0.000,0.00,10.77566601,106.67092638,10.51,"10°46'32.40""N, 106°40'15.33""E",FIX,
00:05:33.732,1786208733.732,PATH_FOLLOWING,9.766,-0.795,3.055,0.06,0.250,-0.000,0.000,0.000,0.000,0.000,0.00,10.77566601,106.67092638,10.51,"10°46'32.40""N, 106°40'15.33""E",FIX,
00:05:33.812,1786208733.813,PATH_FOLLOWING,9.751,-0.793,3.055,0.05,0.250,-0.000,0.000,0.000,0.000,0.000,0.00,10.77566601,106.67092638,10.51,"10°46'32.40""N, 106°40'15.33""E",FIX,
00:05:33.897,1786208733.898,PATH_FOLLOWING,9.736,-0.792,3.055,0.04,0.250,-0.000,0.000,0.000,0.000,0.000,0.00,10.77566581,106.67092649,10.51,"10°46'32.40""N, 106°40'15.34""E",FIX,
00:05:33.980,1786208733.981,PATH_FOLLOWING,9.716,-0.790,3.055,0.00,0.000,0.000,0.000,0.000,0.000,0.000,0.00,10.77566581,106.67092649,10.51,"10°46'32.40""N, 106°40'15.34""E",FIX,
00:05:34.064,1786208734.064,UTURN_EXECUTION,9.713,-0.790,3.055,73.97,0.250,-1.500,0.000,0.000,0.000,0.000,0.00,10.77566581,106.67092649,10.51,"10°46'32.40""N, 106°40'15.34""E",FIX,
00:05:34.137,1786208734.137,UTURN_EXECUTION,9.701,-0.789,2.983,73.97,0.250,-1.500,0.000,0.000,0.000,0.000,0.00,10.77566564,106.67092656,10.51,"10°46'32.40""N, 106°40'15.34""E",FIX,
00:05:34.219,1786208734.220,UTURN_EXECUTION,9.686,-0.786,2.893,73.97,0.250,-1.500,0.000,0.000,0.000,0.000,0.00,10.77566564,106.67092656,10.51,"10°46'32.40""N, 106°40'15.34""E",FIX,
00:05:34.302,1786208734.303,UTURN_EXECUTION,9.667,-0.780,2.773,73.97,0.250,-1.500,0.000,0.000,0.000,0.000,0.00,10.77566564,106.67092656,10.51,"10°46'32.40""N, 106°40'15.34""E",FIX,
00:05:34.381,1786208734.381,UTURN_EXECUTION,9.654,-0.774,2.683,73.97,0.250,-1.500,0.000,0.000,0.000,0.000,0.00,10.77566551,106.67092667,10.51,"10°46'32.40""N, 106°40'15.34""E",FIX,
00:05:34.459,1786208734.460,UTURN_EXECUTION,9.641,-0.766,2.593,73.97,0.250,-1.500,0.000,0.000,0.000,0.000,0.00,10.77566551,106.67092667,10.51,"10°46'32.40""N, 106°40'15.34""E",FIX,
00:05:34.542,1786208734.542,UTURN_EXECUTION,9.624,-0.755,2.473,73.97,0.250,-1.500,0.000,0.000,0.000,0.000,0.00,10.77566551,106.67092667,10.51,"10°46'32.40""N, 106°40'15.34""E",FIX,
00:05:34.626,1786208734.626,UTURN_EXECUTION,9.613,-0.745,2.383,73.97,0.250,-1.500,0.000,0.000,0.000,0.000,0.00,10.77566537,106.67092676,10.51,"10°46'32.40""N, 106°40'15.34""E",FIX,
00:05:34.693,1786208734.693,UTURN_EXECUTION,9.602,-0.734,2.293,73.97,0.250,-1.500,0.000,0.000,0.000,0.000,0.00,10.77566537,106.67092676,10.51,"10°46'32.40""N, 106°40'15.34""E",FIX,
00:05:34.776,1786208734.777,UTURN_EXECUTION,9.593,-0.723,2.203,73.97,0.250,-1.500,0.000,0.000,0.000,0.000,0.00,10.77566537,106.67092676,10.51,"10°46'32.40""N, 106°40'15.34""E",FIX,
00:05:34.861,1786208734.862,UTURN_EXECUTION,9.582,-0.706,2.083,73.97,0.250,-1.500,0.000,0.000,0.000,0.000,0.00,10.77566524,106.67092684,10.51,"10°46'32.39""N, 106°40'15.34""E",FIX,
00:05:34.929,1786208734.929,UTURN_EXECUTION,9.575,-0.692,1.993,73.97,0.250,-1.500,0.000,0.000,0.000,0.000,0.00,10.77566524,106.67092684,10.51,"10°46'32.39""N, 106°40'15.34""E",FIX,
00:05:35.018,1786208735.019,UTURN_EXECUTION,9.570,-0.679,1.903,73.97,0.250,-1.500,0.000,0.000,0.000,0.000,0.00,10.77566524,106.67092684,10.51,"10°46'32.39""N, 106°40'15.34""E",FIX,
00:05:35.104,1786208735.105,UTURN_EXECUTION,9.566,-0.664,1.813,73.97,0.250,-1.500,0.000,0.000,0.000,0.000,0.00,10.77566511,106.67092691,10.51,"10°46'32.39""N, 106°40'15.34""E",FIX,
00:05:35.188,1786208735.188,UTURN_EXECUTION,9.562,-0.644,1.693,73.97,0.250,-1.500,0.000,0.000,0.000,0.000,0.00,10.77566511,106.67092691,10.51,"10°46'32.39""N, 106°40'15.34""E",FIX,
00:05:35.262,1786208735.262,UTURN_EXECUTION,9.561,-0.630,1.603,73.97,0.250,-1.500,0.000,0.000,0.000,0.000,0.00,10.77566511,106.67092691,10.51,"10°46'32.39""N, 106°40'15.34""E",FIX,
00:05:35.352,1786208735.353,UTURN_EXECUTION,9.561,-0.615,1.513,73.97,0.250,-1.500,0.000,0.000,0.000,0.000,0.00,10.77566497,106.67092697,10.51,"10°46'32.39""N, 106°40'15.34""E",FIX,
00:05:35.432,1786208735.432,UTURN_EXECUTION,9.563,-0.595,1.393,73.97,0.250,-1.500,0.000,0.000,0.000,0.000,0.00,10.77566497,106.67092697,10.51,"10°46'32.39""N, 106°40'15.34""E",FIX,
00:05:35.516,1786208735.516,UTURN_EXECUTION,9.567,-0.580,1.303,73.97,0.250,-1.500,0.000,0.000,0.000,0.000,0.00,10.77566497,106.67092697,10.51,"10°46'32.39""N, 106°40'15.34""E",FIX,
00:05:35.594,1786208735.595,UTURN_EXECUTION,9.573,-0.561,1.183,73.97,0.250,-1.500,0.000,0.000,0.000,0.000,0.00,10.77566484,106.67092702,10.51,"10°46'32.39""N, 106°40'15.34""E",FIX,
00:05:35.673,1786208735.674,UTURN_EXECUTION,9.579,-0.548,1.093,73.97,0.250,-1.500,0.000,0.000,0.000,0.000,0.00,10.77566484,106.67092702,10.51,"10°46'32.39""N, 106°40'15.34""E",FIX,
00:05:35.752,1786208735.752,UTURN_EXECUTION,9.587,-0.535,1.003,73.97,0.250,-1.500,0.000,0.000,0.000,0.000,0.00,10.77566484,106.67092702,10.51,"10°46'32.39""N, 106°40'15.34""E",FIX,
00:05:35.817,1786208735.818,UTURN_EXECUTION,9.596,-0.522,0.913,73.97,0.250,-1.500,0.000,0.000,0.000,0.000,0.00,10.77566470,106.67092706,10.51,"10°46'32.39""N, 106°40'15.34""E",FIX,
00:05:35.904,1786208735.904,UTURN_EXECUTION,9.605,-0.511,0.823,73.97,0.250,-1.500,0.000,0.000,0.000,0.000,0.00,10.77566470,106.67092706,10.51,"10°46'32.39""N, 106°40'15.34""E",FIX,
00:05:35.989,1786208735.989,UTURN_EXECUTION,9.620,-0.497,0.703,73.97,0.250,-1.500,0.000,0.000,0.000,0.000,0.00,10.77566470,106.67092706,10.51,"10°46'32.39""N, 106°40'15.34""E",FIX,
00:05:36.089,1786208736.090,UTURN_EXECUTION,9.632,-0.488,0.613,73.97,0.250,-1.500,0.000,0.000,0.000,0.000,0.00,10.77566457,106.67092709,10.51,"10°46'32.39""N, 106°40'15.34""E",FIX,
00:05:36.159,1786208736.159,UTURN_EXECUTION,9.644,-0.480,0.523,73.97,0.250,-1.500,0.000,0.000,0.000,0.000,0.00,10.77566457,106.67092709,10.51,"10°46'32.39""N, 106°40'15.34""E",FIX,
00:05:36.243,1786208736.243,UTURN_EXECUTION,9.657,-0.473,0.433,73.97,0.250,-1.500,0.000,0.000,0.000,0.000,0.00,10.77566457,106.67092709,10.51,"10°46'32.39""N, 106°40'15.34""E",FIX,
00:05:36.322,1786208736.323,UTURN_EXECUTION,9.676,-0.466,0.313,73.97,0.250,-1.500,0.000,0.000,0.000,0.000,0.00,10.77566443,106.67092712,10.51,"10°46'32.39""N, 106°40'15.34""E",FIX,
00:05:36.411,1786208736.412,UTURN_EXECUTION,9.691,-0.462,0.223,73.97,0.250,-1.500,0.000,0.000,0.000,0.000,0.00,10.77566443,106.67092712,10.51,"10°46'32.39""N, 106°40'15.34""E",FIX,
00:05:36.500,1786208736.500,UTURN_EXECUTION,9.705,-0.459,0.133,73.97,0.250,-1.500,0.000,0.000,0.000,0.000,0.00,10.77566443,106.67092712,10.51,"10°46'32.39""N, 106°40'15.34""E",FIX,
00:05:36.595,1786208736.596,UTURN_EXECUTION,9.725,-0.457,0.013,73.97,0.250,-1.500,0.000,0.000,0.000,0.000,0.00,10.77566430,106.67092715,10.51,"10°46'32.39""N, 106°40'15.34""E",FIX,
00:05:36.673,1786208736.674,UTURN_EXECUTION,9.740,-0.458,-0.077,73.97,0.250,-1.500,0.000,0.000,0.000,0.000,0.00,10.77566430,106.67092715,10.51,"10°46'32.39""N, 106°40'15.34""E",FIX,
00:05:36.762,1786208736.762,UTURN_EXECUTION,9.760,-0.461,-0.197,73.97,0.250,-1.500,0.000,0.000,0.000,0.000,0.00,10.77566430,106.67092715,10.51,"10°46'32.39""N, 106°40'15.34""E",FIX,
00:05:36.839,1786208736.840,UTURN_EXECUTION,9.775,-0.464,-0.287,73.97,0.250,-1.500,0.000,0.000,0.000,0.000,0.00,10.77566416,106.67092717,10.51,"10°46'32.39""N, 106°40'15.34""E",FIX,
00:05:36.912,1786208736.913,UTURN_EXECUTION,9.789,-0.469,-0.377,73.97,0.250,-1.500,0.000,0.000,0.000,0.000,0.00,10.77566416,106.67092717,10.51,"10°46'32.39""N, 106°40'15.34""E",FIX,
00:05:36.990,1786208736.991,UTURN_EXECUTION,9.802,-0.475,-0.467,73.97,0.250,-1.500,0.000,0.000,0.000,0.000,0.00,10.77566416,106.67092717,10.51,"10°46'32.39""N, 106°40'15.34""E",FIX,
00:05:37.071,1786208737.071,UTURN_EXECUTION,9.816,-0.483,-0.557,73.97,0.250,-1.500,0.000,0.000,0.000,0.000,0.00,10.77566416,106.67092717,10.51,"10°46'32.39""N, 106°40'15.34""E",FIX,
00:05:37.162,1786208737.162,UTURN_EXECUTION,9.832,-0.494,-0.677,73.97,0.250,-1.500,0.000,0.000,0.000,0.000,0.00,10.77566402,106.67092718,10.51,"10°46'32.39""N, 106°40'15.34""E",FIX,
00:05:37.237,1786208737.238,UTURN_EXECUTION,9.843,-0.504,-0.767,73.97,0.250,-1.500,0.000,0.000,0.000,0.000,0.00,10.77566402,106.67092718,10.51,"10°46'32.39""N, 106°40'15.34""E",FIX,
00:05:37.316,1786208737.317,UTURN_EXECUTION,9.857,-0.519,-0.887,73.97,0.250,-1.500,0.000,0.000,0.000,0.000,0.00,10.77566389,106.67092720,10.51,"10°46'32.39""N, 106°40'15.34""E",FIX,
00:05:37.401,1786208737.401,UTURN_EXECUTION,9.866,-0.531,-0.977,73.97,0.250,-1.500,0.000,0.000,0.000,0.000,0.00,10.77566389,106.67092720,10.51,"10°46'32.39""N, 106°40'15.34""E",FIX,
00:05:37.485,1786208737.486,UTURN_EXECUTION,9.873,-0.544,-1.067,73.97,0.250,-1.500,0.000,0.000,0.000,0.000,0.00,10.77566389,106.67092720,10.51,"10°46'32.39""N, 106°40'15.34""E",FIX,
00:05:37.560,1786208737.561,UTURN_EXECUTION,9.880,-0.557,-1.157,73.97,0.250,-1.500,0.000,0.000,0.000,0.000,0.00,10.77566389,106.67092720,10.51,"10°46'32.39""N, 106°40'15.34""E",FIX,
00:05:37.652,1786208737.652,UTURN_EXECUTION,9.887,-0.576,-1.277,73.97,0.250,-1.500,0.000,0.000,0.000,0.000,0.00,10.77566375,106.67092721,10.51,"10°46'32.39""N, 106°40'15.34""E",FIX,
00:05:37.724,1786208737.724,UTURN_EXECUTION,9.891,-0.590,-1.367,73.97,0.250,-1.500,0.000,0.000,0.000,0.000,0.00,10.77566375,106.67092721,10.51,"10°46'32.39""N, 106°40'15.34""E",FIX,
00:05:37.800,1786208737.801,UTURN_EXECUTION,9.894,-0.610,-1.487,73.97,0.250,-1.500,0.000,0.000,0.000,0.000,0.00,10.77566362,106.67092722,10.51,"10°46'32.39""N, 106°40'15.34""E",FIX,
00:05:37.886,1786208737.886,UTURN_EXECUTION,9.894,-0.625,-1.577,73.97,0.250,-1.500,0.000,0.000,0.000,0.000,0.00,10.77566362,106.67092722,10.51,"10°46'32.39""N, 106°40'15.34""E",FIX,
00:05:37.980,1786208737.980,UTURN_EXECUTION,9.893,-0.640,-1.667,73.97,0.250,-1.500,0.000,0.000,0.000,0.000,0.00,10.77566362,106.67092722,10.51,"10°46'32.39""N, 106°40'15.34""E",FIX,
00:05:38.059,1786208738.059,UTURN_EXECUTION,9.890,-0.660,-1.787,73.97,0.250,-1.500,0.000,0.000,0.000,0.000,0.00,10.77566348,106.67092723,10.51,"10°46'32.39""N, 106°40'15.34""E",FIX,
00:05:38.132,1786208738.133,UTURN_EXECUTION,9.886,-0.674,-1.877,73.97,0.250,-1.500,0.000,0.000,0.000,0.000,0.00,10.77566348,106.67092723,10.51,"10°46'32.39""N, 106°40'15.34""E",FIX,
00:05:38.217,1786208738.217,UTURN_EXECUTION,9.881,-0.688,-1.967,73.97,0.250,-1.500,0.000,0.000,0.000,0.000,0.00,10.77566348,106.67092723,10.51,"10°46'32.39""N, 106°40'15.34""E",FIX,
00:05:38.299,1786208738.299,UTURN_EXECUTION,9.875,-0.702,-2.057,73.97,0.250,-1.500,0.000,0.000,0.000,0.000,0.00,10.77566348,106.67092723,10.51,"10°46'32.39""N, 106°40'15.34""E",FIX,
00:05:38.374,1786208738.374,UTURN_EXECUTION,9.867,-0.715,-2.147,73.97,0.250,-1.500,0.000,0.000,0.000,0.000,0.00,10.77566335,106.67092723,10.51,"10°46'32.39""N, 106°40'15.34""E",FIX,
00:05:38.468,1786208738.469,UTURN_EXECUTION,9.855,-0.731,-2.267,73.97,0.250,-1.500,0.000,0.000,0.000,0.000,0.00,10.77566335,106.67092723,10.51,"10°46'32.39""N, 106°40'15.34""E",FIX,
00:05:38.545,1786208738.546,UTURN_EXECUTION,9.842,-0.746,-2.387,73.97,0.250,-1.500,0.000,0.000,0.000,0.000,0.00,10.77566321,106.67092724,10.51,"10°46'32.39""N, 106°40'15.34""E",FIX,
00:05:38.620,1786208738.620,UTURN_EXECUTION,9.834,-0.752,-2.447,73.97,0.250,-1.500,0.000,0.000,0.000,0.000,0.00,10.77566321,106.67092724,10.51,"10°46'32.39""N, 106°40'15.34""E",FIX,
00:05:38.716,1786208738.716,UTURN_EXECUTION,9.818,-0.764,-2.567,73.97,0.250,-1.500,0.000,0.000,0.000,0.000,0.00,10.77566321,106.67092724,10.51,"10°46'32.39""N, 106°40'15.34""E",FIX,
00:05:38.788,1786208738.788,UTURN_EXECUTION,9.805,-0.772,-2.657,73.97,0.250,-1.500,0.000,0.000,0.000,0.000,0.00,10.77566321,106.67092724,10.51,"10°46'32.39""N, 106°40'15.34""E",FIX,
00:05:38.890,1786208738.891,UTURN_EXECUTION,9.787,-0.780,-2.777,73.97,0.250,-1.500,0.000,0.000,0.000,0.000,0.00,10.77566308,106.67092724,10.51,"10°46'32.39""N, 106°40'15.34""E",FIX,
00:05:38.988,1786208738.989,UTURN_EXECUTION,9.773,-0.785,-2.867,73.97,0.250,-1.500,0.000,0.000,0.000,0.000,0.00,10.77566308,106.67092724,10.51,"10°46'32.39""N, 106°40'15.34""E",FIX,
00:05:39.066,1786208739.067,UTURN_EXECUTION,9.758,-0.788,-2.957,73.97,0.250,-1.500,0.000,0.000,0.000,0.000,0.00,10.77566308,106.67092724,10.51,"10°46'32.39""N, 106°40'15.34""E",FIX,
00:05:39.156,1786208739.157,UTURN_EXECUTION,9.738,-0.790,-3.077,73.97,0.250,-1.500,0.000,0.000,0.000,0.000,0.00,10.77566294,106.67092724,10.51,"10°46'32.39""N, 106°40'15.34""E",FIX,
00:05:39.245,1786208739.246,UTURN_EXECUTION,9.723,-0.791,3.116,73.97,0.250,-1.500,0.000,0.000,0.000,0.000,0.00,10.77566294,106.67092724,10.51,"10°46'32.39""N, 106°40'15.34""E",FIX,
00:05:39.337,1786208739.337,UTURN_EXECUTION,9.708,-0.790,3.026,73.97,0.250,-1.500,0.000,0.000,0.000,0.000,0.00,10.77566294,106.67092724,10.51,"10°46'32.39""N, 106°40'15.34""E",FIX,
00:05:39.403,1786208739.403,UTURN_EXECUTION,9.693,-0.787,2.936,73.97,0.250,-1.500,0.000,0.000,0.000,0.000,0.00,10.77566281,106.67092725,10.51,"10°46'32.39""N, 106°40'15.34""E",FIX,
00:05:39.490,1786208739.491,UTURN_EXECUTION,9.674,-0.782,2.816,73.97,0.250,-1.500,0.000,0.000,0.000,0.000,0.00,10.77566281,106.67092725,10.51,"10°46'32.39""N, 106°40'15.34""E",FIX,
00:05:39.581,1786208739.582,UTURN_EXECUTION,9.660,-0.777,2.726,73.97,0.250,-1.500,0.000,0.000,0.000,0.000,0.00,10.77566281,106.67092725,10.51,"10°46'32.39""N, 106°40'15.34""E",FIX,
00:05:39.646,1786208739.647,UTURN_EXECUTION,9.647,-0.770,2.636,73.97,0.250,-1.500,0.000,0.000,0.000,0.000,0.00,10.77566267,106.67092725,10.51,"10°46'32.39""N, 106°40'15.34""E",FIX,
00:05:39.716,1786208739.717,UTURN_EXECUTION,9.634,-0.762,2.546,73.97,0.250,-1.500,0.000,0.000,0.000,0.000,0.00,10.77566267,106.67092725,10.51,"10°46'32.39""N, 106°40'15.34""E",FIX,
00:05:39.811,1786208739.812,UTURN_EXECUTION,9.618,-0.750,2.426,73.97,0.250,-1.500,0.000,0.000,0.000,0.000,0.00,10.77566267,106.67092725,10.51,"10°46'32.39""N, 106°40'15.34""E",FIX,
00:05:39.900,1786208739.900,UTURN_EXECUTION,9.611,-0.743,2.366,73.97,0.250,-1.500,0.000,0.000,0.000,0.000,0.00,10.77566254,106.67092725,10.51,"10°46'32.39""N, 106°40'15.34""E",FIX,
00:05:39.986,1786208739.986,UTURN_EXECUTION,9.597,-0.728,2.246,73.97,0.250,-1.500,0.000,0.000,0.000,0.000,0.00,10.77566254,106.67092725,10.51,"10°46'32.39""N, 106°40'15.34""E",FIX,
00:05:40.085,1786208740.086,UTURN_EXECUTION,9.586,-0.712,2.126,73.97,0.250,-1.500,0.000,0.000,0.000,0.000,0.00,10.77566254,106.67092725,10.51,"10°46'32.39""N, 106°40'15.34""E",FIX,
00:05:40.162,1786208740.163,UTURN_EXECUTION,9.579,-0.699,2.036,73.97,0.250,-1.500,0.000,0.000,0.000,0.000,0.00,10.77566240,106.67092725,10.51,"10°46'32.38""N, 106°40'15.34""E",FIX,
00:05:40.244,1786208740.245,UTURN_EXECUTION,9.572,-0.685,1.946,73.97,0.250,-1.500,0.000,0.000,0.000,0.000,0.00,10.77566240,106.67092725,10.51,"10°46'32.38""N, 106°40'15.34""E",FIX,
00:05:40.328,1786208740.328,UTURN_EXECUTION,9.566,-0.666,1.826,73.97,0.250,-1.500,0.000,0.000,0.000,0.000,0.00,10.77566240,106.67092725,10.51,"10°46'32.38""N, 106°40'15.34""E",FIX,
00:05:40.423,1786208740.424,UTURN_EXECUTION,9.563,-0.652,1.736,73.97,0.250,-1.500,0.000,0.000,0.000,0.000,0.00,10.77566227,106.67092725,10.51,"10°46'32.38""N, 106°40'15.34""E",FIX,
00:05:40.518,1786208740.518,UTURN_EXECUTION,9.561,-0.637,1.646,73.97,0.250,-1.500,0.000,0.000,0.000,0.000,0.00,10.77566227,106.67092725,10.51,"10°46'32.38""N, 106°40'15.34""E",FIX,
00:05:40.595,1786208740.595,UTURN_EXECUTION,9.561,-0.622,1.556,73.97,0.250,-1.500,0.000,0.000,0.000,0.000,0.00,10.77566227,106.67092725,10.51,"10°46'32.38""N, 106°40'15.34""E",FIX,
00:05:40.690,1786208740.691,UTURN_EXECUTION,9.562,-0.602,1.436,73.97,0.250,-1.500,0.000,0.000,0.000,0.000,0.00,10.77566213,106.67092725,10.51,"10°46'32.38""N, 106°40'15.34""E",FIX,
00:05:40.772,1786208740.773,UTURN_EXECUTION,9.565,-0.587,1.346,73.97,0.250,-1.500,0.000,0.000,0.000,0.000,0.00,10.77566213,106.67092725,10.51,"10°46'32.38""N, 106°40'15.34""E",FIX,
00:05:40.855,1786208740.856,UTURN_EXECUTION,9.571,-0.568,1.226,73.97,0.250,-1.500,0.000,0.000,0.000,0.000,0.00,10.77566213,106.67092725,10.51,"10°46'32.38""N, 106°40'15.34""E",FIX,
00:05:40.928,1786208740.929,UTURN_EXECUTION,9.574,-0.559,1.166,73.97,0.250,-1.500,0.000,0.000,0.000,0.000,0.00,10.77566199,106.67092725,10.51,"10°46'32.38""N, 106°40'15.34""E",FIX,
00:05:41.004,1786208741.004,UTURN_EXECUTION,9.583,-0.541,1.046,73.97,0.250,-1.500,0.000,0.000,0.000,0.000,0.00,10.77566199,106.67092725,10.51,"10°46'32.38""N, 106°40'15.34""E",FIX,
00:05:41.110,1786208741.111,UTURN_EXECUTION,9.594,-0.524,0.926,73.97,0.250,-1.500,0.000,0.000,0.000,0.000,0.00,10.77566199,106.67092725,10.51,"10°46'32.38""N, 106°40'15.34""E",FIX,
00:05:41.198,1786208741.198,UTURN_EXECUTION,9.604,-0.512,0.836,73.97,0.250,-1.500,0.000,0.000,0.000,0.000,0.00,10.77566186,106.67092726,10.51,"10°46'32.38""N, 106°40'15.34""E",FIX,
00:05:41.282,1786208741.283,UTURN_EXECUTION,9.614,-0.502,0.746,73.97,0.250,-1.500,0.000,0.000,0.000,0.000,0.00,10.77566186,106.67092726,10.51,"10°46'32.38""N, 106°40'15.34""E",FIX,
00:05:41.391,1786208741.392,UTURN_EXECUTION,9.626,-0.492,0.656,73.97,0.250,-1.500,0.000,0.000,0.000,0.000,0.00,10.77566186,106.67092726,10.51,"10°46'32.38""N, 106°40'15.34""E",FIX,
00:05:41.500,1786208741.501,UTURN_EXECUTION,9.638,-0.484,0.566,73.97,0.250,-1.500,0.000,0.000,0.000,0.000,0.00,10.77566172,106.67092726,10.51,"10°46'32.38""N, 106°40'15.34""E",FIX,
00:05:41.600,1786208741.600,UTURN_EXECUTION,9.656,-0.474,0.446,73.97,0.250,-1.500,0.000,0.000,0.000,0.000,0.00,10.77566172,106.67092726,10.51,"10°46'32.38""N, 106°40'15.34""E",FIX,
00:05:41.681,1786208741.681,UTURN_EXECUTION,9.669,-0.468,0.356,73.97,0.250,-1.500,0.000,0.000,0.000,0.000,0.00,10.77566172,106.67092726,10.51,"10°46'32.38""N, 106°40'15.34""E",FIX,
00:05:41.768,1786208741.769,UTURN_EXECUTION,9.684,-0.463,0.266,73.97,0.250,-1.500,0.000,0.000,0.000,0.000,0.00,10.77566159,106.67092726,10.51,"10°46'32.38""N, 106°40'15.34""E",FIX,
00:05:41.862,1786208741.862,UTURN_EXECUTION,9.698,-0.460,0.176,73.97,0.250,-1.500,0.000,0.000,0.000,0.000,0.00,10.77566159,106.67092726,10.51,"10°46'32.38""N, 106°40'15.34""E",FIX,
00:05:41.949,1786208741.950,UTURN_EXECUTION,9.718,-0.458,0.056,73.97,0.250,-1.500,0.000,0.000,0.000,0.000,0.00,10.77566159,106.67092726,10.51,"10°46'32.38""N, 106°40'15.34""E",FIX,
00:05:42.029,1786208742.030,UTURN_EXECUTION,9.733,-0.458,-0.034,73.97,0.250,-1.500,0.000,0.000,0.000,0.000,0.00,10.77566145,106.67092726,10.51,"10°46'32.38""N, 106°40'15.34""E",FIX,
00:05:42.112,1786208742.113,UTURN_EXECUTION,9.748,-0.459,-0.124,73.97,0.250,-1.500,0.000,0.000,0.000,0.000,0.00,10.77566145,106.67092726,10.51,"10°46'32.38""N, 106°40'15.34""E",FIX,
00:05:42.202,1786208742.203,UTURN_EXECUTION,9.768,-0.462,-0.244,73.97,0.250,-1.500,0.000,0.000,0.000,0.000,0.00,10.77566145,106.67092726,10.51,"10°46'32.38""N, 106°40'15.34""E",FIX,
00:05:42.281,1786208742.282,UTURN_EXECUTION,9.782,-0.467,-0.334,73.97,0.250,-1.500,0.000,0.000,0.000,0.000,0.00,10.77566132,106.67092726,10.51,"10°46'32.38""N, 106°40'15.34""E",FIX,
00:05:42.362,1786208742.363,UTURN_EXECUTION,9.796,-0.472,-0.424,73.97,0.250,-1.500,0.000,0.000,0.000,0.000,0.00,10.77566132,106.67092726,10.51,"10°46'32.38""N, 106°40'15.34""E",FIX,
00:05:42.447,1786208742.447,UTURN_EXECUTION,9.814,-0.482,-0.544,73.97,0.250,-1.500,0.000,0.000,0.000,0.000,0.00,10.77566132,106.67092726,10.51,"10°46'32.38""N, 106°40'15.34""E",FIX,
00:05:42.539,1786208742.539,UTURN_EXECUTION,9.826,-0.490,-0.634,73.97,0.250,-1.500,0.000,0.000,0.000,0.000,0.00,10.77566118,106.67092726,10.51,"10°46'32.38""N, 106°40'15.34""E",FIX,
00:05:42.608,1786208742.608,UTURN_EXECUTION,9.838,-0.499,-0.724,73.97,0.250,-1.500,0.000,0.000,0.000,0.000,0.00,10.77566118,106.67092726,10.51,"10°46'32.38""N, 106°40'15.34""E",FIX,
00:05:42.702,1786208742.702,UTURN_EXECUTION,9.852,-0.513,-0.844,73.97,0.250,-1.500,0.000,0.000,0.000,0.000,0.00,10.77566118,106.67092726,10.51,"10°46'32.38""N, 106°40'15.34""E",FIX,
00:05:42.786,1786208742.786,UTURN_EXECUTION,9.861,-0.525,-0.934,73.97,0.250,-1.500,0.000,0.000,0.000,0.000,0.00,10.77566105,106.67092726,10.51,"10°46'32.38""N, 106°40'15.34""E",FIX,
00:05:42.876,1786208742.877,UTURN_EXECUTION,9.872,-0.542,-1.054,73.97,0.250,-1.500,0.000,0.000,0.000,0.000,0.00,10.77566105,106.67092726,10.51,"10°46'32.38""N, 106°40'15.34""E",FIX,
00:05:42.951,1786208742.951,UTURN_EXECUTION,9.877,-0.551,-1.114,73.97,0.250,-1.500,0.000,0.000,0.000,0.000,0.00,10.77566105,106.67092726,10.51,"10°46'32.38""N, 106°40'15.34""E",FIX,
00:05:43.031,1786208743.031,UTURN_EXECUTION,9.883,-0.564,-1.204,73.97,0.250,-1.500,0.000,0.000,0.000,0.000,0.00,10.77566091,106.67092726,10.51,"10°46'32.38""N, 106°40'15.34""E",FIX,
00:05:43.122,1786208743.123,UTURN_EXECUTION,9.889,-0.583,-1.324,73.97,0.250,-1.500,0.000,0.000,0.000,0.000,0.00,10.77566091,106.67092726,10.51,"10°46'32.38""N, 106°40'15.34""E",FIX,
00:05:43.217,1786208743.217,UTURN_EXECUTION,9.893,-0.603,-1.444,73.97,0.250,-1.500,0.000,0.000,0.000,0.000,0.00,10.77566091,106.67092726,10.51,"10°46'32.38""N, 106°40'15.34""E",FIX,
00:05:43.315,1786208743.315,UTURN_EXECUTION,9.894,-0.618,-1.534,73.97,0.250,-1.500,0.000,0.000,0.000,0.000,0.00,10.77566078,106.67092726,10.51,"10°46'32.38""N, 106°40'15.34""E",FIX,
00:05:43.444,1786208743.445,UTURN_EXECUTION,9.894,-0.633,-1.624,73.97,0.250,-1.500,0.000,0.000,0.000,0.000,0.00,10.77566078,106.67092726,10.51,"10°46'32.38""N, 106°40'15.34""E",FIX,
00:05:43.594,1786208743.594,UTURN_EXECUTION,9.892,-0.648,-1.714,73.97,0.250,-1.500,0.000,0.000,0.000,0.000,0.00,10.77566078,106.67092726,10.51,"10°46'32.38""N, 106°40'15.34""E",FIX,
00:05:43.667,1786208743.667,UTURN_EXECUTION,9.890,-0.663,-1.804,73.97,0.250,-1.500,0.000,0.000,0.000,0.000,0.00,10.77566064,106.67092726,10.51,"10°46'32.38""N, 106°40'15.34""E",FIX,
00:05:43.757,1786208743.758,UTURN_EXECUTION,9.884,-0.682,-1.924,73.97,0.250,-1.500,0.000,0.000,0.000,0.000,0.00,10.77566064,106.67092726,10.51,"10°46'32.38""N, 106°40'15.34""E",FIX,
00:05:43.850,1786208743.851,UTURN_EXECUTION,9.878,-0.696,-2.014,73.97,0.250,-1.500,0.000,0.000,0.000,0.000,0.00,10.77566064,106.67092726,10.51,"10°46'32.38""N, 106°40'15.34""E",FIX,
00:05:43.942,1786208743.943,UTURN_EXECUTION,9.871,-0.709,-2.104,73.97,0.250,-1.500,0.000,0.000,0.000,0.000,0.00,10.77566051,106.67092726,10.51,"10°46'32.38""N, 106°40'15.34""E",FIX,
00:05:44.053,1786208744.053,UTURN_EXECUTION,9.860,-0.725,-2.224,73.97,0.250,-1.500,0.000,0.000,0.000,0.000,0.00,10.77566051,106.67092726,10.51,"10°46'32.38""N, 106°40'15.34""E",FIX,
00:05:44.122,1786208744.123,UTURN_EXECUTION,9.850,-0.737,-2.314,73.97,0.250,-1.500,0.000,0.000,0.000,0.000,0.00,10.77566051,106.67092726,10.51,"10°46'32.38""N, 106°40'15.34""E",FIX,
00:05:44.215,1786208744.216,UTURN_EXECUTION,9.840,-0.747,-2.404,73.97,0.250,-1.500,0.000,0.000,0.000,0.000,0.00,10.77566037,106.67092726,10.51,"10°46'32.38""N, 106°40'15.34""E",FIX,
00:05:44.302,1786208744.302,UTURN_EXECUTION,9.824,-0.760,-2.524,73.97,0.250,-1.500,0.000,0.000,0.000,0.000,0.00,10.77566037,106.67092726,10.51,"10°46'32.38""N, 106°40'15.34""E",FIX,
00:05:44.380,1786208744.380,UTURN_EXECUTION,9.811,-0.768,-2.614,73.97,0.250,-1.500,0.000,0.000,0.000,0.000,0.00,10.77566037,106.67092726,10.51,"10°46'32.38""N, 106°40'15.34""E",FIX,
00:05:44.456,1786208744.457,UTURN_EXECUTION,9.798,-0.775,-2.704,73.97,0.250,-1.500,0.000,0.000,0.000,0.000,0.00,10.77566023,106.67092726,10.51,"10°46'32.38""N, 106°40'15.34""E",FIX,
00:05:44.553,1786208744.553,UTURN_EXECUTION,9.784,-0.781,-2.794,73.97,0.250,-1.500,0.000,0.000,0.000,0.000,0.00,10.77566023,106.67092726,10.51,"10°46'32.38""N, 106°40'15.34""E",FIX,
00:05:44.654,1786208744.655,UTURN_EXECUTION,9.765,-0.787,-2.914,73.97,0.250,-1.500,0.000,0.000,0.000,0.000,0.00,10.77566023,106.67092726,10.51,"10°46'32.38""N, 106°40'15.34""E",FIX,
00:05:44.748,1786208744.749,UTURN_EXECUTION,9.750,-0.789,-3.004,73.97,0.250,-1.500,0.000,0.000,0.000,0.000,0.00,10.77566010,106.67092726,10.51,"10°46'32.38""N, 106°40'15.34""E",FIX,
00:05:44.841,1786208744.842,UTURN_EXECUTION,9.730,-0.791,-3.124,73.97,0.250,-1.500,0.000,0.000,0.000,0.000,0.00,10.77566010,106.67092726,10.51,"10°46'32.38""N, 106°40'15.34""E",FIX,
00:05:44.940,1786208744.940,UTURN_EXECUTION,9.715,-0.790,3.070,73.97,0.250,-1.500,0.000,0.000,0.000,0.000,0.00,10.77566010,106.67092726,10.51,"10°46'32.38""N, 106°40'15.34""E",FIX,
00:05:45.024,1786208745.024,UTURN_EXECUTION,9.701,-0.789,2.980,73.97,0.250,-1.500,0.000,0.000,0.000,0.000,0.00,10.77565996,106.67092726,10.51,"10°46'32.38""N, 106°40'15.34""E",FIX,
00:05:45.120,1786208745.121,UTURN_EXECUTION,9.686,-0.786,2.890,73.97,0.250,-1.500,0.000,0.000,0.000,0.000,0.00,10.77565996,106.67092726,10.51,"10°46'32.38""N, 106°40'15.34""E",FIX,
00:05:45.196,1786208745.197,UTURN_EXECUTION,9.667,-0.779,2.770,73.97,0.250,-1.500,0.000,0.000,0.000,0.000,0.00,10.77565996,106.67092726,10.51,"10°46'32.38""N, 106°40'15.34""E",FIX,
00:05:45.289,1786208745.289,UTURN_EXECUTION,9.653,-0.773,2.680,73.97,0.250,-1.500,0.000,0.000,0.000,0.000,0.00,10.77565983,106.67092726,10.51,"10°46'32.38""N, 106°40'15.34""E",FIX,
00:05:45.362,1786208745.362,UTURN_EXECUTION,9.640,-0.766,2.590,73.97,0.250,-1.500,0.000,0.000,0.000,0.000,0.00,10.77565983,106.67092726,10.51,"10°46'32.38""N, 106°40'15.34""E",FIX,
00:05:45.455,1786208745.456,UTURN_EXECUTION,9.624,-0.755,2.470,73.97,0.250,-1.500,0.000,0.000,0.000,0.000,0.00,10.77565983,106.67092726,10.51,"10°46'32.38""N, 106°40'15.34""E",FIX,
00:05:45.527,1786208745.527,UTURN_EXECUTION,9.612,-0.745,2.380,73.97,0.250,-1.500,0.000,0.000,0.000,0.000,0.00,10.77565969,106.67092726,10.51,"10°46'32.37""N, 106°40'15.34""E",FIX,
00:05:45.612,1786208745.612,UTURN_EXECUTION,9.602,-0.734,2.290,73.97,0.250,-1.500,0.000,0.000,0.000,0.000,0.00,10.77565969,106.67092726,10.51,"10°46'32.37""N, 106°40'15.34""E",FIX,
00:05:45.701,1786208745.702,UTURN_EXECUTION,9.590,-0.718,2.170,73.97,0.250,-1.500,0.000,0.000,0.000,0.000,0.00,10.77565969,106.67092726,10.51,"10°46'32.37""N, 106°40'15.34""E",FIX,
00:05:45.773,1786208745.773,UTURN_EXECUTION,9.582,-0.705,2.080,73.97,0.250,-1.500,0.000,0.000,0.000,0.000,0.00,10.77565956,106.67092726,10.51,"10°46'32.37""N, 106°40'15.34""E",FIX,
00:05:45.863,1786208745.864,UTURN_EXECUTION,9.575,-0.692,1.990,73.97,0.250,-1.500,0.000,0.000,0.000,0.000,0.00,10.77565956,106.67092726,10.51,"10°46'32.37""N, 106°40'15.34""E",FIX,
00:05:45.941,1786208745.941,UTURN_EXECUTION,9.570,-0.678,1.900,73.97,0.250,-1.500,0.000,0.000,0.000,0.000,0.00,10.77565956,106.67092726,10.51,"10°46'32.37""N, 106°40'15.34""E",FIX,
00:05:46.029,1786208746.029,UTURN_EXECUTION,9.564,-0.659,1.780,73.97,0.250,-1.500,0.000,0.000,0.000,0.000,0.00,10.77565942,106.67092726,10.51,"10°46'32.37""N, 106°40'15.34""E",FIX,
00:05:46.137,1786208746.138,UTURN_EXECUTION,9.562,-0.644,1.690,73.97,0.250,-1.500,0.000,0.000,0.000,0.000,0.00,10.77565942,106.67092726,10.51,"10°46'32.37""N, 106°40'15.34""E",FIX,
00:05:46.218,1786208746.218,UTURN_EXECUTION,9.561,-0.629,1.600,73.97,0.250,-1.500,0.000,0.000,0.000,0.000,0.00,10.77565942,106.67092726,10.51,"10°46'32.37""N, 106°40'15.34""E",FIX,
00:05:46.313,1786208746.313,UTURN_EXECUTION,9.561,-0.609,1.480,73.97,0.250,-1.500,0.000,0.000,0.000,0.000,0.00,10.77565929,106.67092726,10.51,"10°46'32.37""N, 106°40'15.34""E",FIX,
00:05:46.394,1786208746.394,UTURN_EXECUTION,9.564,-0.594,1.390,73.97,0.250,-1.500,0.000,0.000,0.000,0.000,0.00,10.77565929,106.67092726,10.51,"10°46'32.37""N, 106°40'15.34""E",FIX,
00:05:46.498,1786208746.498,UTURN_EXECUTION,9.568,-0.575,1.270,73.97,0.250,-1.500,0.000,0.000,0.000,0.000,0.00,10.77565929,106.67092726,10.51,"10°46'32.37""N, 106°40'15.34""E",FIX,
00:05:46.588,1786208746.588,UTURN_EXECUTION,9.573,-0.561,1.180,73.97,0.250,-1.500,0.000,0.000,0.000,0.000,0.00,10.77565915,106.67092726,10.51,"10°46'32.37""N, 106°40'15.34""E",FIX,
00:05:46.680,1786208746.680,UTURN_EXECUTION,9.580,-0.547,1.090,73.97,0.250,-1.500,0.000,0.000,0.000,0.000,0.00,10.77565915,106.67092726,10.51,"10°46'32.37""N, 106°40'15.34""E",FIX,
00:05:46.773,1786208746.774,UTURN_EXECUTION,9.587,-0.534,1.000,73.97,0.250,-1.500,0.000,0.000,0.000,0.000,0.00,10.77565915,106.67092726,10.51,"10°46'32.37""N, 106°40'15.34""E",FIX,
00:05:46.874,1786208746.874,UTURN_EXECUTION,9.599,-0.518,0.880,73.97,0.250,-1.500,0.000,0.000,0.000,0.000,0.00,10.77565902,106.67092726,10.51,"10°46'32.37""N, 106°40'15.34""E",FIX,
00:05:46.946,1786208746.946,UTURN_EXECUTION,9.606,-0.510,0.820,73.97,0.250,-1.500,0.000,0.000,0.000,0.000,0.00,10.77565902,106.67092726,10.51,"10°46'32.37""N, 106°40'15.34""E",FIX,
00:05:47.047,1786208747.048,UTURN_EXECUTION,9.624,-0.493,0.670,73.97,0.250,-1.500,0.000,0.000,0.000,0.000,0.00,10.77565902,106.67092726,10.51,"10°46'32.37""N, 106°40'15.34""E",FIX,
00:05:47.116,1786208747.117,UTURN_EXECUTION,9.632,-0.487,0.610,73.97,0.250,-1.500,0.000,0.000,0.000,0.000,0.00,10.77565902,106.67092726,10.51,"10°46'32.37""N, 106°40'15.34""E",FIX,
00:05:47.210,1786208747.211,UTURN_EXECUTION,9.649,-0.477,0.490,73.97,0.250,-1.500,0.000,0.000,0.000,0.000,0.00,10.77565888,106.67092726,10.51,"10°46'32.37""N, 106°40'15.34""E",FIX,
00:05:47.287,1786208747.287,UTURN_EXECUTION,9.663,-0.471,0.400,73.97,0.250,-1.500,0.000,0.000,0.000,0.000,0.00,10.77565888,106.67092726,10.51,"10°46'32.37""N, 106°40'15.34""E",FIX,
00:05:47.371,1786208747.371,UTURN_EXECUTION,9.681,-0.464,0.280,73.97,0.250,-1.500,0.000,0.000,0.000,0.000,0.00,10.77565875,106.67092726,10.51,"10°46'32.37""N, 106°40'15.34""E",FIX,
00:05:47.470,1786208747.470,UTURN_EXECUTION,9.696,-0.460,0.190,73.97,0.250,-1.500,0.000,0.000,0.000,0.000,0.00,10.77565875,106.67092726,10.51,"10°46'32.37""N, 106°40'15.34""E",FIX,
00:05:47.564,1786208747.565,UTURN_EXECUTION,9.711,-0.458,0.100,73.97,0.250,-1.500,0.000,0.000,0.000,0.000,0.00,10.77565875,106.67092726,10.51,"10°46'32.37""N, 106°40'15.34""E",FIX,
00:05:47.650,1786208747.651,UTURN_EXECUTION,9.726,-0.457,0.010,73.97,0.250,-1.500,0.000,0.000,0.000,0.000,0.00,10.77565875,106.67092726,10.51,"10°46'32.37""N, 106°40'15.34""E",FIX,
00:05:47.740,1786208747.741,UTURN_EXECUTION,9.741,-0.458,-0.080,73.97,0.250,-1.500,0.000,0.000,0.000,0.000,0.00,10.77565861,106.67092726,10.51,"10°46'32.37""N, 106°40'15.34""E",FIX,
00:05:47.865,1786208747.866,UTURN_EXECUTION,9.756,-0.460,-0.170,73.97,0.250,-1.500,0.000,0.000,0.000,0.000,0.00,10.77565861,106.67092726,10.51,"10°46'32.37""N, 106°40'15.34""E",FIX,
00:05:48.050,1786208748.051,UTURN_EXECUTION,9.775,-0.464,-0.290,73.97,0.250,-1.500,0.000,0.000,0.000,0.000,0.00,10.77565861,106.67092726,10.51,"10°46'32.37""N, 106°40'15.34""E",FIX,
00:05:48.157,1786208748.158,UTURN_EXECUTION,9.794,-0.471,-0.410,73.97,0.250,-1.500,0.000,0.000,0.000,0.000,0.00,10.77565847,106.67092726,10.51,"10°46'32.37""N, 106°40'15.34""E",FIX,
00:05:48.281,1786208748.281,UTURN_EXECUTION,9.807,-0.478,-0.500,73.97,0.250,-1.500,0.000,0.000,0.000,0.000,0.00,10.77565847,106.67092726,10.51,"10°46'32.37""N, 106°40'15.34""E",FIX,
00:05:48.345,1786208748.346,UTURN_EXECUTION,9.820,-0.486,-0.590,73.97,0.250,-1.500,0.000,0.000,0.000,0.000,0.00,10.77565847,106.67092726,10.51,"10°46'32.37""N, 106°40'15.34""E",FIX,
00:05:48.429,1786208748.429,UTURN_EXECUTION,9.832,-0.495,-0.680,73.97,0.250,-1.500,0.000,0.000,0.000,0.000,0.00,10.77565834,106.67092726,10.51,"10°46'32.37""N, 106°40'15.34""E",FIX,
00:05:48.530,1786208748.531,UTURN_EXECUTION,9.844,-0.505,-0.770,73.97,0.250,-1.500,0.000,0.000,0.000,0.000,0.00,10.77565834,106.67092726,10.51,"10°46'32.37""N, 106°40'15.34""E",FIX,
00:05:48.638,1786208748.639,UTURN_EXECUTION,9.857,-0.519,-0.890,73.97,0.250,-1.500,0.000,0.000,0.000,0.000,0.00,10.77565834,106.67092726,10.51,"10°46'32.37""N, 106°40'15.34""E",FIX,
00:05:48.736,1786208748.736,UTURN_EXECUTION,9.869,-0.536,-1.010,73.97,0.250,-1.500,0.000,0.000,0.000,0.000,0.00,10.77565820,106.67092726,10.51,"10°46'32.37""N, 106°40'15.34""E",FIX,
00:05:48.809,1786208748.809,UTURN_EXECUTION,9.874,-0.544,-1.070,73.97,0.250,-1.500,0.000,0.000,0.000,0.000,0.00,10.77565820,106.67092726,10.51,"10°46'32.37""N, 106°40'15.34""E",FIX,
00:05:48.919,1786208748.920,UTURN_EXECUTION,9.882,-0.562,-1.190,73.97,0.250,-1.500,0.000,0.000,0.000,0.000,0.00,10.77565820,106.67092726,10.51,"10°46'32.37""N, 106°40'15.34""E",FIX,
00:05:49.003,1786208749.003,UTURN_EXECUTION,9.887,-0.576,-1.280,73.97,0.250,-1.500,0.000,0.000,0.000,0.000,0.00,10.77565807,106.67092726,10.51,"10°46'32.37""N, 106°40'15.34""E",FIX,
00:05:49.096,1786208749.097,UTURN_EXECUTION,9.891,-0.591,-1.370,73.97,0.250,-1.500,0.000,0.000,0.000,0.000,0.00,10.77565807,106.67092726,10.51,"10°46'32.37""N, 106°40'15.34""E",FIX,
00:05:49.197,1786208749.197,UTURN_EXECUTION,9.893,-0.606,-1.460,73.97,0.250,-1.500,0.000,0.000,0.000,0.000,0.00,10.77565807,106.67092726,10.51,"10°46'32.37""N, 106°40'15.34""E",FIX,
00:05:49.294,1786208749.295,UTURN_EXECUTION,9.894,-0.626,-1.580,73.97,0.250,-1.500,0.000,0.000,0.000,0.000,0.00,10.77565793,106.67092726,10.51,"10°46'32.37""N, 106°40'15.34""E",FIX,
00:05:49.387,1786208749.388,UTURN_EXECUTION,9.893,-0.641,-1.670,73.97,0.250,-1.500,0.000,0.000,0.000,0.000,0.00,10.77565793,106.67092726,10.51,"10°46'32.37""N, 106°40'15.34""E",FIX,
00:05:49.480,1786208749.480,UTURN_EXECUTION,9.890,-0.660,-1.790,73.97,0.250,-1.500,0.000,0.000,0.000,0.000,0.00,10.77565793,106.67092726,10.51,"10°46'32.37""N, 106°40'15.34""E",FIX,
00:05:49.569,1786208749.570,UTURN_EXECUTION,9.886,-0.675,-1.880,73.97,0.250,-1.500,0.000,0.000,0.000,0.000,0.00,10.77565780,106.67092726,10.51,"10°46'32.37""N, 106°40'15.34""E",FIX,
00:05:49.645,1786208749.645,UTURN_EXECUTION,9.881,-0.689,-1.970,73.97,0.250,-1.500,0.000,0.000,0.000,0.000,0.00,10.77565780,106.67092726,10.51,"10°46'32.37""N, 106°40'15.34""E",FIX,
00:05:49.753,1786208749.753,UTURN_EXECUTION,9.872,-0.707,-2.090,73.97,0.250,-1.500,0.000,0.000,0.000,0.000,0.00,10.77565780,106.67092726,10.51,"10°46'32.37""N, 106°40'15.34""E",FIX,
00:05:49.830,1786208749.831,UTURN_EXECUTION,9.864,-0.720,-2.180,73.97,0.250,-1.500,0.000,0.000,0.000,0.000,0.00,10.77565766,106.67092726,10.51,"10°46'32.37""N, 106°40'15.34""E",FIX,
00:05:49.902,1786208749.903,UTURN_EXECUTION,9.855,-0.731,-2.270,73.97,0.250,-1.500,0.000,0.000,0.000,0.000,0.00,10.77565766,106.67092726,10.51,"10°46'32.37""N, 106°40'15.34""E",FIX,
00:05:49.992,1786208749.993,UTURN_EXECUTION,9.845,-0.743,-2.360,73.97,0.250,-1.500,0.000,0.000,0.000,0.000,0.00,10.77565766,106.67092726,10.51,"10°46'32.37""N, 106°40'15.34""E",FIX,
00:05:50.072,1786208750.073,UTURN_EXECUTION,9.834,-0.753,-2.450,73.97,0.250,-1.500,0.000,0.000,0.000,0.000,0.00,10.77565753,106.67092726,10.51,"10°46'32.37""N, 106°40'15.34""E",FIX,
00:05:50.159,1786208750.159,UTURN_EXECUTION,9.818,-0.764,-2.570,73.97,0.250,-1.500,0.000,0.000,0.000,0.000,0.00,10.77565753,106.67092726,10.51,"10°46'32.37""N, 106°40'15.34""E",FIX,
00:05:50.259,1786208750.259,UTURN_EXECUTION,9.800,-0.774,-2.690,73.97,0.250,-1.500,0.000,0.000,0.000,0.000,0.00,10.77565753,106.67092726,10.51,"10°46'32.37""N, 106°40'15.34""E",FIX,
00:05:50.337,1786208750.337,UTURN_EXECUTION,9.786,-0.780,-2.780,73.97,0.250,-1.500,0.000,0.000,0.000,0.000,0.00,10.77565739,106.67092726,10.51,"10°46'32.37""N, 106°40'15.34""E",FIX,
00:05:50.417,1786208750.417,UTURN_EXECUTION,9.772,-0.785,-2.870,73.97,0.250,-1.500,0.000,0.000,0.000,0.000,0.00,10.77565739,106.67092726,10.51,"10°46'32.37""N, 106°40'15.34""E",FIX,
00:05:50.511,1786208750.512,UTURN_EXECUTION,9.757,-0.788,-2.960,73.97,0.250,-1.500,0.000,0.000,0.000,0.000,0.00,10.77565739,106.67092726,10.51,"10°46'32.37""N, 106°40'15.34""E",FIX,
00:05:50.588,1786208750.589,UTURN_EXECUTION,9.743,-0.790,-3.050,73.97,0.250,-1.500,0.000,0.000,0.000,0.000,0.00,10.77565726,106.67092726,10.51,"10°46'32.37""N, 106°40'15.34""E",FIX,
00:05:50.674,1786208750.675,UTURN_EXECUTION,9.723,-0.791,3.113,73.97,0.250,-1.500,0.000,0.000,0.000,0.000,0.00,10.77565726,106.67092726,10.51,"10°46'32.37""N, 106°40'15.34""E",FIX,
00:05:50.759,1786208750.759,UTURN_EXECUTION,9.708,-0.790,3.023,73.97,0.250,-1.500,0.000,0.000,0.000,0.000,0.00,10.77565726,106.67092726,10.51,"10°46'32.37""N, 106°40'15.34""E",FIX,
00:05:50.841,1786208750.841,UTURN_EXECUTION,9.693,-0.787,2.933,73.97,0.250,-1.500,0.000,0.000,0.000,0.000,0.00,10.77565712,106.67092726,10.51,"10°46'32.37""N, 106°40'15.34""E",FIX,
00:05:50.934,1786208750.934,UTURN_EXECUTION,9.678,-0.783,2.843,73.97,0.250,-1.500,0.000,0.000,0.000,0.000,0.00,10.77565712,106.67092726,10.51,"10°46'32.37""N, 106°40'15.34""E",FIX,
00:05:51.033,1786208751.034,UTURN_EXECUTION,9.660,-0.776,2.723,73.97,0.250,-1.500,0.000,0.000,0.000,0.000,0.00,10.77565712,106.67092726,10.51,"10°46'32.37""N, 106°40'15.34""E",FIX,
00:05:51.121,1786208751.122,UTURN_EXECUTION,9.646,-0.770,2.633,73.97,0.250,-1.500,0.000,0.000,0.000,0.000,0.00,10.77565699,106.67092726,10.51,"10°46'32.37""N, 106°40'15.34""E",FIX,
00:05:51.221,1786208751.221,UTURN_EXECUTION,9.629,-0.759,2.513,73.97,0.250,-1.500,0.000,0.000,0.000,0.000,0.00,10.77565699,106.67092726,10.51,"10°46'32.37""N, 106°40'15.34""E",FIX,
00:05:51.317,1786208751.317,UTURN_EXECUTION,9.618,-0.750,2.423,73.97,0.250,-1.500,0.000,0.000,0.000,0.000,0.00,10.77565699,106.67092726,10.51,"10°46'32.37""N, 106°40'15.34""E",FIX,
00:05:51.417,1786208751.417,UTURN_EXECUTION,9.607,-0.739,2.333,73.97,0.250,-1.500,0.000,0.000,0.000,0.000,0.00,10.77565685,106.67092726,10.51,"10°46'32.36""N, 106°40'15.34""E",FIX,
00:05:51.515,1786208751.516,UTURN_EXECUTION,9.594,-0.724,2.213,73.97,0.250,-1.500,0.000,0.000,0.000,0.000,0.00,10.77565685,106.67092726,10.51,"10°46'32.36""N, 106°40'15.34""E",FIX,
00:05:51.613,1786208751.613,UTURN_EXECUTION,9.586,-0.712,2.123,73.97,0.250,-1.500,0.000,0.000,0.000,0.000,0.00,10.77565685,106.67092726,10.51,"10°46'32.36""N, 106°40'15.34""E",FIX,
00:05:51.711,1786208751.711,UTURN_EXECUTION,9.578,-0.698,2.033,73.97,0.250,-1.500,0.000,0.000,0.000,0.000,0.00,10.77565671,106.67092726,10.51,"10°46'32.36""N, 106°40'15.34""E",FIX,
00:05:51.794,1786208751.795,UTURN_EXECUTION,9.572,-0.685,1.943,73.97,0.250,-1.500,0.000,0.000,0.000,0.000,0.00,10.77565671,106.67092726,10.51,"10°46'32.36""N, 106°40'15.34""E",FIX,
00:05:51.869,1786208751.869,UTURN_EXECUTION,9.567,-0.671,1.853,73.97,0.250,-1.500,0.000,0.000,0.000,0.000,0.00,10.77565671,106.67092726,10.51,"10°46'32.36""N, 106°40'15.34""E",FIX,
00:05:51.959,1786208751.959,UTURN_EXECUTION,9.563,-0.651,1.733,73.97,0.250,-1.500,0.000,0.000,0.000,0.000,0.00,10.77565658,106.67092726,10.51,"10°46'32.36""N, 106°40'15.34""E",FIX,
00:05:52.047,1786208752.047,UTURN_EXECUTION,9.561,-0.636,1.643,73.97,0.250,-1.500,0.000,0.000,0.000,0.000,0.00,10.77565658,106.67092726,10.51,"10°46'32.36""N, 106°40'15.34""E",FIX,
00:05:52.127,1786208752.127,UTURN_EXECUTION,9.561,-0.621,1.553,73.97,0.250,-1.500,0.000,0.000,0.000,0.000,0.00,10.77565658,106.67092726,10.51,"10°46'32.36""N, 106°40'15.34""E",FIX,
00:05:52.206,1786208752.207,UTURN_EXECUTION,9.562,-0.606,1.463,73.97,0.250,-1.500,0.000,0.000,0.000,0.000,0.00,10.77565644,106.67092726,10.51,"10°46'32.36""N, 106°40'15.34""E",FIX,
00:05:52.304,1786208752.305,UTURN_EXECUTION,9.565,-0.586,1.343,73.97,0.250,-1.500,0.000,0.000,0.000,0.000,0.00,10.77565644,106.67092726,10.51,"10°46'32.36""N, 106°40'15.34""E",FIX,
00:05:52.397,1786208752.398,UTURN_EXECUTION,9.569,-0.572,1.253,73.97,0.250,-1.500,0.000,0.000,0.000,0.000,0.00,10.77565644,106.67092726,10.51,"10°46'32.36""N, 106°40'15.34""E",FIX,
00:05:52.468,1786208752.468,UTURN_EXECUTION,9.574,-0.558,1.163,73.97,0.250,-1.500,0.000,0.000,0.000,0.000,0.00,10.77565631,106.67092726,10.51,"10°46'32.36""N, 106°40'15.34""E",FIX,
00:05:52.574,1786208752.574,UTURN_EXECUTION,9.583,-0.540,1.043,73.97,0.250,-1.500,0.000,0.000,0.000,0.000,0.00,10.77565631,106.67092726,10.51,"10°46'32.36""N, 106°40'15.34""E",FIX,
00:05:52.667,1786208752.668,UTURN_EXECUTION,9.592,-0.528,0.953,73.97,0.250,-1.500,0.000,0.000,0.000,0.000,0.00,10.77565631,106.67092726,10.51,"10°46'32.36""N, 106°40'15.34""E",FIX,
00:05:52.779,1786208752.780,UTURN_EXECUTION,9.604,-0.512,0.833,73.97,0.250,-1.500,0.000,0.000,0.000,0.000,0.00,10.77565617,106.67092726,10.51,"10°46'32.36""N, 106°40'15.34""E",FIX,
00:05:52.867,1786208752.867,UTURN_EXECUTION,9.615,-0.501,0.743,73.97,0.250,-1.500,0.000,0.000,0.000,0.000,0.00,10.77565617,106.67092726,10.51,"10°46'32.36""N, 106°40'15.34""E",FIX,
00:05:52.948,1786208752.949,UTURN_EXECUTION,9.630,-0.489,0.623,73.97,0.250,-1.500,0.000,0.000,0.000,0.000,0.00,10.77565617,106.67092726,10.51,"10°46'32.36""N, 106°40'15.34""E",FIX,
00:05:53.027,1786208753.027,UTURN_EXECUTION,9.643,-0.481,0.533,73.97,0.250,-1.500,0.000,0.000,0.000,0.000,0.00,10.77565604,106.67092726,10.51,"10°46'32.36""N, 106°40'15.34""E",FIX,
00:05:53.110,1786208753.111,UTURN_EXECUTION,9.656,-0.474,0.443,73.97,0.250,-1.500,0.000,0.000,0.000,0.000,0.00,10.77565604,106.67092726,10.51,"10°46'32.36""N, 106°40'15.34""E",FIX,
00:05:53.210,1786208753.211,UTURN_EXECUTION,9.670,-0.468,0.353,73.97,0.250,-1.500,0.000,0.000,0.000,0.000,0.00,10.77565604,106.67092726,10.51,"10°46'32.36""N, 106°40'15.34""E",FIX,
00:05:53.276,1786208753.276,UTURN_EXECUTION,9.684,-0.463,0.263,73.97,0.250,-1.500,0.000,0.000,0.000,0.000,0.00,10.77565590,106.67092726,10.51,"10°46'32.36""N, 106°40'15.34""E",FIX,
00:05:53.365,1786208753.365,UTURN_EXECUTION,9.699,-0.460,0.173,73.97,0.250,-1.500,0.000,0.000,0.000,0.000,0.00,10.77565590,106.67092726,10.51,"10°46'32.36""N, 106°40'15.34""E",FIX,
00:05:53.445,1786208753.445,UTURN_EXECUTION,9.719,-0.458,0.053,73.97,0.250,-1.500,0.000,0.000,0.000,0.000,0.00,10.77565590,106.67092726,10.51,"10°46'32.36""N, 106°40'15.34""E",FIX,
00:05:53.558,1786208753.558,UTURN_EXECUTION,9.734,-0.458,-0.037,73.97,0.250,-1.500,0.000,0.000,0.000,0.000,0.00,10.77565577,106.67092726,10.51,"10°46'32.36""N, 106°40'15.34""E",FIX,
00:05:53.645,1786208753.645,UTURN_EXECUTION,9.749,-0.459,-0.127,73.97,0.250,-1.500,0.000,0.000,0.000,0.000,0.00,10.77565577,106.67092726,10.51,"10°46'32.36""N, 106°40'15.34""E",FIX,
00:05:53.739,1786208753.739,UTURN_EXECUTION,9.768,-0.463,-0.247,73.97,0.250,-1.500,0.000,0.000,0.000,0.000,0.00,10.77565577,106.67092726,10.51,"10°46'32.36""N, 106°40'15.34""E",FIX,
00:05:53.830,1786208753.831,UTURN_EXECUTION,9.783,-0.467,-0.337,73.97,0.250,-1.500,0.000,0.000,0.000,0.000,0.00,10.77565563,106.67092726,10.51,"10°46'32.36""N, 106°40'15.34""E",FIX,
00:05:53.911,1786208753.912,UTURN_EXECUTION,9.797,-0.472,-0.427,73.97,0.250,-1.500,0.000,0.000,0.000,0.000,0.00,10.77565563,106.67092726,10.51,"10°46'32.36""N, 106°40'15.34""E",FIX,
00:05:53.994,1786208753.994,UTURN_EXECUTION,9.810,-0.479,-0.517,73.97,0.250,-1.500,0.000,0.000,0.000,0.000,0.00,10.77565563,106.67092726,10.51,"10°46'32.36""N, 106°40'15.34""E",FIX,
00:05:54.089,1786208754.089,UTURN_EXECUTION,9.827,-0.490,-0.637,73.97,0.250,-1.500,0.000,0.000,0.000,0.000,0.00,10.77565550,106.67092726,10.51,"10°46'32.36""N, 106°40'15.34""E",FIX,
00:05:54.181,1786208754.181,UTURN_EXECUTION,9.838,-0.500,-0.727,73.97,0.250,-1.500,0.000,0.000,0.000,0.000,0.00,10.77565550,106.67092726,10.51,"10°46'32.36""N, 106°40'15.34""E",FIX,
00:05:54.260,1786208754.261,UTURN_EXECUTION,9.849,-0.510,-0.817,73.97,0.250,-1.500,0.000,0.000,0.000,0.000,0.00,10.77565550,106.67092726,10.51,"10°46'32.36""N, 106°40'15.34""E",FIX,
00:05:54.350,1786208754.350,UTURN_EXECUTION,9.862,-0.525,-0.937,73.97,0.250,-1.500,0.000,0.000,0.000,0.000,0.00,10.77565536,106.67092726,10.51,"10°46'32.36""N, 106°40'15.34""E",FIX,
00:05:54.425,1786208754.425,UTURN_EXECUTION,9.870,-0.538,-1.027,73.97,0.250,-1.500,0.000,0.000,0.000,0.000,0.00,10.77565536,106.67092726,10.51,"10°46'32.36""N, 106°40'15.34""E",FIX,
00:05:54.513,1786208754.514,UTURN_EXECUTION,9.877,-0.551,-1.117,73.97,0.250,-1.500,0.000,0.000,0.000,0.000,0.00,10.77565536,106.67092726,10.51,"10°46'32.36""N, 106°40'15.34""E",FIX,
00:05:54.595,1786208754.595,UTURN_EXECUTION,9.883,-0.565,-1.207,73.97,0.250,-1.500,0.000,0.000,0.000,0.000,0.00,10.77565536,106.67092726,10.51,"10°46'32.36""N, 106°40'15.34""E",FIX,
00:05:54.700,1786208754.700,UTURN_EXECUTION,9.889,-0.584,-1.327,73.97,0.250,-1.500,0.000,0.000,0.000,0.000,0.00,10.77565523,106.67092726,10.51,"10°46'32.36""N, 106°40'15.34""E",FIX,
00:05:54.789,1786208754.789,UTURN_EXECUTION,9.893,-0.604,-1.447,73.97,0.250,-1.500,0.000,0.000,0.000,0.000,0.00,10.77565523,106.67092726,10.51,"10°46'32.36""N, 106°40'15.34""E",FIX,
00:05:54.856,1786208754.857,UTURN_EXECUTION,9.894,-0.619,-1.537,73.97,0.250,-1.500,0.000,0.000,0.000,0.000,0.00,10.77565509,106.67092726,10.51,"10°46'32.36""N, 106°40'15.34""E",FIX,
00:05:54.964,1786208754.965,UTURN_EXECUTION,9.893,-0.639,-1.657,73.97,0.250,-1.500,0.000,0.000,0.000,0.000,0.00,10.77565509,106.67092726,10.51,"10°46'32.36""N, 106°40'15.34""E",FIX,
00:05:55.031,1786208755.031,UTURN_EXECUTION,9.892,-0.648,-1.717,73.97,0.250,-1.500,0.000,0.000,0.000,0.000,0.00,10.77565509,106.67092726,10.51,"10°46'32.36""N, 106°40'15.34""E",FIX,
00:05:55.128,1786208755.129,UTURN_EXECUTION,9.888,-0.668,-1.837,73.97,0.250,-1.500,0.000,0.000,0.000,0.000,0.00,10.77565495,106.67092726,10.51,"10°46'32.36""N, 106°40'15.34""E",FIX,
00:05:55.199,1786208755.199,UTURN_EXECUTION,9.884,-0.682,-1.927,73.97,0.250,-1.500,0.000,0.000,0.000,0.000,0.00,10.77565495,106.67092726,10.51,"10°46'32.36""N, 106°40'15.34""E",FIX,
00:05:55.292,1786208755.292,UTURN_EXECUTION,9.878,-0.696,-2.017,73.97,0.250,-1.500,0.000,0.000,0.000,0.000,0.00,10.77565495,106.67092726,10.51,"10°46'32.36""N, 106°40'15.34""E",FIX,
00:05:55.370,1786208755.371,UTURN_EXECUTION,9.871,-0.709,-2.107,73.97,0.250,-1.500,0.000,0.000,0.000,0.000,0.00,10.77565495,106.67092726,10.51,"10°46'32.36""N, 106°40'15.34""E",FIX,
00:05:55.458,1786208755.459,UTURN_EXECUTION,9.862,-0.722,-2.197,73.97,0.250,-1.500,0.000,0.000,0.000,0.000,0.00,10.77565482,106.67092726,10.51,"10°46'32.36""N, 106°40'15.34""E",FIX,
00:05:55.562,1786208755.562,UTURN_EXECUTION,9.850,-0.737,-2.317,73.97,0.250,-1.500,0.000,0.000,0.000,0.000,0.00,10.77565482,106.67092726,10.51,"10°46'32.36""N, 106°40'15.34""E",FIX,
00:05:55.667,1786208755.668,UTURN_EXECUTION,9.835,-0.751,-2.437,73.97,0.250,-1.500,0.000,0.000,0.000,0.000,0.00,10.77565468,106.67092726,10.51,"10°46'32.36""N, 106°40'15.34""E",FIX,
00:05:55.760,1786208755.760,UTURN_EXECUTION,9.824,-0.760,-2.527,73.97,0.250,-1.500,0.000,0.000,0.000,0.000,0.00,10.77565468,106.67092726,10.51,"10°46'32.36""N, 106°40'15.34""E",FIX,
00:05:55.870,1786208755.870,UTURN_EXECUTION,9.807,-0.771,-2.647,73.97,0.250,-1.500,0.000,0.000,0.000,0.000,0.00,10.77565468,106.67092726,10.51,"10°46'32.36""N, 106°40'15.34""E",FIX,
00:05:55.969,1786208755.969,UTURN_EXECUTION,9.793,-0.777,-2.737,73.97,0.250,-1.500,0.000,0.000,0.000,0.000,0.00,10.77565455,106.67092726,10.51,"10°46'32.36""N, 106°40'15.34""E",FIX,
00:05:56.043,1786208756.044,UTURN_EXECUTION,9.784,-0.781,-2.797,73.97,0.250,-1.500,0.000,0.000,0.000,0.000,0.00,10.77565455,106.67092726,10.51,"10°46'32.36""N, 106°40'15.34""E",FIX,
00:05:56.145,1786208756.145,UTURN_EXECUTION,9.765,-0.787,-2.917,73.97,0.250,-1.500,0.000,0.000,0.000,0.000,0.00,10.77565455,106.67092726,10.51,"10°46'32.36""N, 106°40'15.34""E",FIX,
00:05:56.247,1786208756.248,UTURN_EXECUTION,9.750,-0.789,-3.007,73.97,0.250,-1.500,0.000,0.000,0.000,0.000,0.00,10.77565455,106.67092726,10.51,"10°46'32.36""N, 106°40'15.34""E",FIX,
00:05:56.337,1786208756.338,UTURN_EXECUTION,9.730,-0.791,-3.127,73.97,0.250,-1.500,0.000,0.000,0.000,0.000,0.00,10.77565441,106.67092726,10.51,"10°46'32.36""N, 106°40'15.34""E",FIX,
00:05:56.414,1786208756.415,UTURN_EXECUTION,9.720,-0.791,3.096,73.97,0.250,-1.500,0.000,0.000,0.000,0.000,0.00,10.77565441,106.67092726,10.51,"10°46'32.36""N, 106°40'15.34""E",FIX,
00:05:56.538,1786208756.539,UTURN_EXECUTION,9.695,-0.788,2.946,73.97,0.250,-1.500,0.000,0.000,0.000,0.000,0.00,10.77565428,106.67092726,10.51,"10°46'32.36""N, 106°40'15.34""E",FIX,
00:05:56.625,1786208756.626,UTURN_EXECUTION,9.680,-0.784,2.856,73.97,0.250,-1.500,0.000,0.000,0.000,0.000,0.00,10.77565428,106.67092726,10.51,"10°46'32.36""N, 106°40'15.34""E",FIX,
00:05:56.698,1786208756.699,UTURN_EXECUTION,9.666,-0.779,2.766,73.97,0.250,-1.500,0.000,0.000,0.000,0.000,0.00,10.77565428,106.67092726,10.51,"10°46'32.36""N, 106°40'15.34""E",FIX,
00:05:56.800,1786208756.800,UTURN_EXECUTION,9.648,-0.771,2.646,73.97,0.250,-1.500,0.000,0.000,0.000,0.000,0.00,10.77565414,106.67092726,10.51,"10°46'32.35""N, 106°40'15.34""E",FIX,
00:05:56.889,1786208756.890,UTURN_EXECUTION,9.640,-0.766,2.586,73.97,0.250,-1.500,0.000,0.000,0.000,0.000,0.00,10.77565414,106.67092726,10.51,"10°46'32.35""N, 106°40'15.34""E",FIX,
00:05:56.984,1786208756.984,UTURN_EXECUTION,9.623,-0.754,2.466,73.97,0.250,-1.500,0.000,0.000,0.000,0.000,0.00,10.77565414,106.67092726,10.51,"10°46'32.35""N, 106°40'15.34""E",FIX,
00:05:57.089,1786208757.089,UTURN_EXECUTION,9.608,-0.741,2.346,73.97,0.250,-1.500,0.000,0.000,0.000,0.000,0.00,10.77565401,106.67092726,10.51,"10°46'32.35""N, 106°40'15.34""E",FIX,
00:05:57.150,1786208757.150,UTURN_EXECUTION,9.602,-0.733,2.286,73.97,0.250,-1.500,0.000,0.000,0.000,0.000,0.00,10.77565401,106.67092726,10.51,"10°46'32.35""N, 106°40'15.34""E",FIX,
00:05:57.252,1786208757.253,UTURN_EXECUTION,9.589,-0.718,2.166,73.97,0.250,-1.500,0.000,0.000,0.000,0.000,0.00,10.77565401,106.67092726,10.51,"10°46'32.35""N, 106°40'15.34""E",FIX,
00:05:57.340,1786208757.341,UTURN_EXECUTION,9.582,-0.705,2.076,73.97,0.250,-1.500,0.000,0.000,0.000,0.000,0.00,10.77565401,106.67092726,10.51,"10°46'32.35""N, 106°40'15.34""E",FIX,
00:05:57.422,1786208757.423,UTURN_EXECUTION,9.573,-0.687,1.956,73.97,0.250,-1.500,0.000,0.000,0.000,0.000,0.00,10.77565387,106.67092726,10.51,"10°46'32.35""N, 106°40'15.34""E",FIX,
00:05:57.512,1786208757.513,UTURN_EXECUTION,9.570,-0.677,1.896,73.97,0.250,-1.500,0.000,0.000,0.000,0.000,0.00,10.77565387,106.67092726,10.51,"10°46'32.35""N, 106°40'15.34""E",FIX,
00:05:57.577,1786208757.578,UTURN_EXECUTION,9.564,-0.658,1.776,73.97,0.250,-1.500,0.000,0.000,0.000,0.000,0.00,10.77565387,106.67092726,10.51,"10°46'32.35""N, 106°40'15.34""E",FIX,
00:05:57.654,1786208757.654,UTURN_EXECUTION,9.562,-0.643,1.686,73.97,0.250,-1.500,0.000,0.000,0.000,0.000,0.00,10.77565374,106.67092726,10.51,"10°46'32.35""N, 106°40'15.34""E",FIX,
00:05:57.755,1786208757.756,UTURN_EXECUTION,9.561,-0.623,1.566,73.97,0.250,-1.500,0.000,0.000,0.000,0.000,0.00,10.77565374,106.67092726,10.51,"10°46'32.35""N, 106°40'15.34""E",FIX,
00:05:57.845,1786208757.846,UTURN_EXECUTION,9.562,-0.608,1.476,73.97,0.250,-1.500,0.000,0.000,0.000,0.000,0.00,10.77565374,106.67092726,10.51,"10°46'32.35""N, 106°40'15.34""E",FIX,
00:05:57.949,1786208757.949,UTURN_EXECUTION,9.564,-0.594,1.386,73.97,0.250,-1.500,0.000,0.000,0.000,0.000,0.00,10.77565360,106.67092726,10.51,"10°46'32.35""N, 106°40'15.34""E",FIX,
00:05:58.051,1786208758.052,UTURN_EXECUTION,9.567,-0.579,1.296,73.97,0.250,-1.500,0.000,0.000,0.000,0.000,0.00,10.77565360,106.67092726,10.51,"10°46'32.35""N, 106°40'15.34""E",FIX,
00:05:58.157,1786208758.158,UTURN_EXECUTION,9.574,-0.560,1.176,73.97,0.250,-1.500,0.000,0.000,0.000,0.000,0.00,10.77565360,106.67092726,10.51,"10°46'32.35""N, 106°40'15.34""E",FIX,
00:05:58.242,1786208758.242,UTURN_EXECUTION,9.580,-0.546,1.086,73.97,0.250,-1.500,0.000,0.000,0.000,0.000,0.00,10.77565347,106.67092726,10.51,"10°46'32.35""N, 106°40'15.34""E",FIX,
00:05:58.350,1786208758.351,UTURN_EXECUTION,9.588,-0.534,0.996,73.97,0.250,-1.500,0.000,0.000,0.000,0.000,0.00,10.77565347,106.67092726,10.51,"10°46'32.35""N, 106°40'15.34""E",FIX,
00:05:58.440,1786208758.441,UTURN_EXECUTION,9.599,-0.517,0.876,73.97,0.250,-1.500,0.000,0.000,0.000,0.000,0.00,10.77565347,106.67092726,10.51,"10°46'32.35""N, 106°40'15.34""E",FIX,
00:05:58.545,1786208758.545,UTURN_EXECUTION,9.613,-0.503,0.756,73.97,0.250,-1.500,0.000,0.000,0.000,0.000,0.00,10.77565333,106.67092726,10.51,"10°46'32.35""N, 106°40'15.34""E",FIX,
00:05:58.606,1786208758.607,UTURN_EXECUTION,9.621,-0.496,0.696,73.97,0.250,-1.500,0.000,0.000,0.000,0.000,0.00,10.77565333,106.67092726,10.51,"10°46'32.35""N, 106°40'15.34""E",FIX,
00:05:58.698,1786208758.699,UTURN_EXECUTION,9.633,-0.487,0.606,73.97,0.250,-1.500,0.000,0.000,0.000,0.000,0.00,10.77565333,106.67092726,10.51,"10°46'32.35""N, 106°40'15.34""E",FIX,
00:05:58.843,1786208758.843,UTURN_EXECUTION,9.650,-0.477,0.486,73.97,0.250,-1.500,0.000,0.000,0.000,0.000,0.00,10.77565319,106.67092726,10.51,"10°46'32.35""N, 106°40'15.34""E",FIX,
00:05:58.931,1786208758.932,UTURN_EXECUTION,9.663,-0.470,0.396,73.97,0.250,-1.500,0.000,0.000,0.000,0.000,0.00,10.77565319,106.67092726,10.51,"10°46'32.35""N, 106°40'15.34""E",FIX,
00:05:59.071,1786208759.072,UTURN_EXECUTION,9.682,-0.464,0.276,73.97,0.250,-1.500,0.000,0.000,0.000,0.000,0.00,10.77565319,106.67092726,10.51,"10°46'32.35""N, 106°40'15.34""E",FIX,
00:05:59.184,1786208759.185,UTURN_EXECUTION,9.702,-0.460,0.156,73.97,0.250,-1.500,0.000,0.000,0.000,0.000,0.00,10.77565306,106.67092726,10.51,"10°46'32.35""N, 106°40'15.34""E",FIX,
00:05:59.263,1786208759.264,UTURN_EXECUTION,9.711,-0.458,0.096,73.97,0.250,-1.500,0.000,0.000,0.000,0.000,0.00,10.77565306,106.67092726,10.51,"10°46'32.35""N, 106°40'15.34""E",FIX,
00:05:59.383,1786208759.383,UTURN_EXECUTION,9.731,-0.458,-0.024,73.97,0.250,-1.500,0.000,0.000,0.000,0.000,0.00,10.77565306,106.67092726,10.51,"10°46'32.35""N, 106°40'15.34""E",FIX,
00:05:59.448,1786208759.448,UTURN_EXECUTION,9.741,-0.458,-0.084,73.97,0.250,-1.500,0.000,0.000,0.000,0.000,0.00,10.77565292,106.67092726,10.51,"10°46'32.35""N, 106°40'15.34""E",FIX,
00:05:59.520,1786208759.520,UTURN_EXECUTION,9.756,-0.460,-0.174,73.97,0.250,-1.500,0.000,0.000,0.000,0.000,0.00,10.77565292,106.67092726,10.51,"10°46'32.35""N, 106°40'15.34""E",FIX,
00:05:59.599,1786208759.600,UTURN_EXECUTION,9.776,-0.465,-0.294,73.97,0.250,-1.500,0.000,0.000,0.000,0.000,0.00,10.77565292,106.67092726,10.51,"10°46'32.35""N, 106°40'15.34""E",FIX,
00:05:59.734,1786208759.734,UTURN_EXECUTION,9.799,-0.474,-0.444,73.97,0.250,-1.500,0.000,0.000,0.000,0.000,0.00,10.77565279,106.67092726,10.51,"10°46'32.35""N, 106°40'15.34""E",FIX,
00:05:59.789,1786208759.790,UTURN_EXECUTION,9.808,-0.478,-0.504,73.97,0.250,-1.500,0.000,0.000,0.000,0.000,0.00,10.77565279,106.67092726,10.51,"10°46'32.35""N, 106°40'15.34""E",FIX,
00:05:59.889,1786208759.889,UTURN_EXECUTION,9.825,-0.489,-0.624,73.97,0.250,-1.500,0.000,0.000,0.000,0.000,0.00,10.77565279,106.67092726,10.51,"10°46'32.35""N, 106°40'15.34""E",FIX,
00:06:00.006,1786208760.006,UTURN_EXECUTION,9.840,-0.502,-0.744,73.97,0.250,-1.500,0.000,0.000,0.000,0.000,0.00,10.77565265,106.67092726,10.51,"10°46'32.35""N, 106°40'15.34""E",FIX,
00:06:00.053,1786208760.054,UTURN_EXECUTION,9.847,-0.509,-0.804,73.97,0.250,-1.500,0.000,0.000,0.000,0.000,0.00,10.77565265,106.67092726,10.51,"10°46'32.35""N, 106°40'15.34""E",FIX,
00:06:00.143,1786208760.143,UTURN_EXECUTION,9.857,-0.520,-0.894,73.97,0.250,-1.500,0.000,0.000,0.000,0.000,0.00,10.77565265,106.67092726,10.51,"10°46'32.35""N, 106°40'15.34""E",FIX,
00:06:00.218,1786208760.219,UTURN_EXECUTION,9.866,-0.532,-0.984,73.97,0.250,-1.500,0.000,0.000,0.000,0.000,0.00,10.77565252,106.67092726,10.51,"10°46'32.35""N, 106°40'15.34""E",FIX,
00:06:00.282,1786208760.283,UTURN_EXECUTION,9.874,-0.545,-1.074,73.97,0.250,-1.500,0.000,0.000,0.000,0.000,0.00,10.77565252,106.67092726,10.51,"10°46'32.35""N, 106°40'15.34""E",FIX,
00:06:00.354,1786208760.355,UTURN_EXECUTION,9.881,-0.558,-1.164,73.97,0.250,-1.500,0.000,0.000,0.000,0.000,0.00,10.77565252,106.67092726,10.51,"10°46'32.35""N, 106°40'15.34""E",FIX,
00:06:00.434,1786208760.435,UTURN_EXECUTION,9.887,-0.577,-1.284,73.97,0.250,-1.500,0.000,0.000,0.000,0.000,0.00,10.77565238,106.67092726,10.51,"10°46'32.35""N, 106°40'15.34""E",FIX,
00:06:00.504,1786208760.505,UTURN_EXECUTION,9.891,-0.592,-1.374,73.97,0.250,-1.500,0.000,0.000,0.000,0.000,0.00,10.77565238,106.67092726,10.51,"10°46'32.35""N, 106°40'15.34""E",FIX,
00:06:00.583,1786208760.584,UTURN_EXECUTION,9.893,-0.606,-1.464,73.97,0.250,-1.500,0.000,0.000,0.000,0.000,0.00,10.77565238,106.67092726,10.51,"10°46'32.35""N, 106°40'15.34""E",FIX,
00:06:00.681,1786208760.681,UTURN_EXECUTION,9.894,-0.626,-1.584,73.97,0.250,-1.500,0.000,0.000,0.000,0.000,0.00,10.77565225,106.67092726,10.51,"10°46'32.35""N, 106°40'15.34""E",FIX,
00:06:00.755,1786208760.755,UTURN_EXECUTION,9.893,-0.646,-1.704,73.97,0.250,-1.500,0.000,0.000,0.000,0.000,0.00,10.77565225,106.67092726,10.51,"10°46'32.35""N, 106°40'15.34""E",FIX,
00:06:00.827,1786208760.828,UTURN_EXECUTION,9.890,-0.661,-1.794,73.97,0.250,-1.500,0.000,0.000,0.000,0.000,0.00,10.77565225,106.67092726,10.51,"10°46'32.35""N, 106°40'15.34""E",FIX,
