Time,Unix_Timestamp,FSM_State,Pos_X_m,Pos_Y_m,Yaw_rad,Steer_Angle_deg,Linear_Vel_mps,Angular_Vel_radps,IMU_Yaw_rad,IMU_Angular_Vel_z,IMU_Accel_x,Confidence,Dist_Traveled_m,GPS_Latitude,GPS_Longitude,GPS_Altitude_m,GPS_DMS,GPS_Status,Event
14:51:41.179,1786175501.180,TRACKING,0.000,0.000,0.000,0.00,0.450,-0.000,0.000,0.000,0.000,0.000,0.00,10.77566700,106.67088900,10.00,"10°46'32.40""N, 106°40'15.20""E",NO_FIX,
14:51:41.190,1786175501.191,TRACKING,0.000,0.000,0.000,0.00,0.450,-0.000,0.000,0.000,0.000,0.000,0.00,10.77566700,106.67088900,10.00,"10°46'32.40""N, 106°40'15.20""E",NO_FIX,
14:51:41.201,1786175501.202,TRACKING,-0.000,0.000,-0.000,0.00,0.450,-0.000,0.000,0.000,0.000,0.000,0.00,10.77567062,106.67087529,10.51,"10°46'32.41""N, 106°40'15.15""E",FIX,
14:51:41.264,1786175501.265,TRACKING,0.026,-0.000,-0.000,0.00,0.450,-0.000,0.000,0.000,0.000,0.000,0.03,10.77567062,106.67087530,10.51,"10°46'32.41""N, 106°40'15.15""E",FIX,
14:51:41.328,1786175501.328,TRACKING,0.053,-0.000,-0.000,0.00,0.450,-0.000,0.000,0.000,0.000,0.000,0.05,10.77567062,106.67087530,10.51,"10°46'32.41""N, 106°40'15.15""E",FIX,
14:51:41.407,1786175501.408,TRACKING,0.080,-0.000,-0.000,0.00,0.450,-0.000,0.000,0.000,0.000,0.000,0.08,10.77567062,106.67087530,10.51,"10°46'32.41""N, 106°40'15.15""E",FIX,
14:51:41.482,1786175501.483,TRACKING,0.107,-0.000,-0.000,0.00,0.450,-0.000,0.000,0.000,0.000,0.000,0.11,10.77567062,106.67087570,10.51,"10°46'32.41""N, 106°40'15.15""E",FIX,
14:51:41.562,1786175501.562,TRACKING,0.143,-0.000,-0.000,0.00,0.450,-0.000,0.000,0.000,0.000,0.000,0.14,10.77567062,106.67087570,10.51,"10°46'32.41""N, 106°40'15.15""E",FIX,
14:51:41.643,1786175501.643,TRACKING,0.179,-0.000,-0.000,0.00,0.450,-0.000,0.000,0.000,0.000,0.000,0.18,10.77567062,106.67087570,10.51,"10°46'32.41""N, 106°40'15.15""E",FIX,
14:51:41.721,1786175501.721,TRACKING,0.206,-0.000,-0.000,0.00,0.450,-0.000,0.000,0.000,0.000,0.000,0.21,10.77567062,106.67087611,10.51,"10°46'32.41""N, 106°40'15.15""E",FIX,
14:51:41.785,1786175501.785,TRACKING,0.233,-0.000,-0.000,0.00,0.450,-0.000,0.000,0.000,0.000,0.000,0.23,10.77567062,106.67087611,10.51,"10°46'32.41""N, 106°40'15.15""E",FIX,
14:51:41.862,1786175501.863,TRACKING,0.269,-0.000,-0.000,0.00,0.450,-0.000,0.000,0.000,0.000,0.000,0.27,10.77567062,106.67087611,10.51,"10°46'32.41""N, 106°40'15.15""E",FIX,
14:51:41.947,1786175501.947,TRACKING,0.296,-0.000,-0.000,0.00,0.450,-0.000,0.000,0.000,0.000,0.062,0.30,10.77567062,106.67087653,10.51,"10°46'32.41""N, 106°40'15.16""E",FIX,
14:51:42.005,1786175502.005,TRACKING,0.323,-0.000,-0.000,0.00,0.450,-0.000,0.000,0.000,0.000,0.104,0.32,10.77567062,106.67087653,10.51,"10°46'32.41""N, 106°40'15.16""E",FIX,
14:51:42.080,1786175502.080,TRACKING,0.350,-0.000,-0.000,0.00,0.450,-0.000,0.000,0.000,0.000,0.167,0.35,10.77567062,106.67087653,10.51,"10°46'32.41""N, 106°40'15.16""E",FIX,
14:51:42.149,1786175502.149,TRACKING,0.377,-0.000,-0.000,0.00,0.450,-0.000,0.000,0.000,0.000,0.229,0.38,10.77567062,106.67087694,10.51,"10°46'32.41""N, 106°40'15.16""E",FIX,
14:51:42.221,1786175502.221,TRACKING,0.413,-0.000,-0.000,0.00,0.450,-0.000,0.000,0.000,0.000,0.271,0.41,10.77567062,106.67087694,10.51,"10°46'32.41""N, 106°40'15.16""E",FIX,
14:51:42.298,1786175502.299,TRACKING,0.440,-0.000,-0.000,0.00,0.450,-0.000,0.000,0.000,0.000,0.333,0.44,10.77567062,106.67087694,10.51,"10°46'32.41""N, 106°40'15.16""E",FIX,
14:51:42.370,1786175502.370,TRACKING,0.476,-0.000,-0.000,0.00,0.450,-0.000,0.000,0.000,0.000,0.396,0.48,10.77567062,106.67087735,10.51,"10°46'32.41""N, 106°40'15.16""E",FIX,
14:51:42.434,1786175502.435,TRACKING,0.494,-0.000,-0.000,0.00,0.450,-0.000,0.000,0.000,0.000,0.458,0.49,10.77567062,106.67087735,10.51,"10°46'32.41""N, 106°40'15.16""E",FIX,
14:51:42.509,1786175502.509,TRACKING,0.530,-0.000,-0.000,0.00,0.450,-0.000,0.000,0.000,0.000,0.500,0.53,10.77567062,106.67087735,10.51,"10°46'32.41""N, 106°40'15.16""E",FIX,
14:51:42.581,1786175502.581,TRACKING,0.557,-0.000,-0.000,0.00,0.450,-0.000,0.000,0.000,0.000,0.583,0.56,10.77567062,106.67087776,10.51,"10°46'32.41""N, 106°40'15.16""E",FIX,
14:51:42.649,1786175502.650,TRACKING,0.584,-0.000,-0.000,0.00,0.450,-0.000,0.000,0.000,0.000,0.646,0.58,10.77567062,106.67087776,10.51,"10°46'32.41""N, 106°40'15.16""E",FIX,
14:51:42.720,1786175502.721,TRACKING,0.611,-0.000,-0.000,0.00,0.450,-0.000,0.000,0.000,0.000,0.729,0.61,10.77567062,106.67087776,10.51,"10°46'32.41""N, 106°40'15.16""E",FIX,
14:51:42.793,1786175502.793,TRACKING,0.647,-0.000,-0.000,0.00,0.450,-0.000,0.000,0.000,0.000,0.792,0.65,10.77567062,106.67087817,10.51,"10°46'32.41""N, 106°40'15.16""E",FIX,
14:51:42.875,1786175502.875,TRACKING,0.683,-0.000,-0.000,0.00,0.450,-0.000,0.000,0.000,0.000,0.854,0.68,10.77567062,106.67087817,10.51,"10°46'32.41""N, 106°40'15.16""E",FIX,
14:51:42.936,1786175502.936,TRACKING,0.710,-0.000,-0.000,0.00,0.450,-0.000,0.000,0.000,0.000,0.937,0.71,10.77567062,106.67087817,10.51,"10°46'32.41""N, 106°40'15.16""E",FIX,
14:51:42.997,1786175502.997,TRACKING,0.737,-0.000,-0.000,0.00,0.450,-0.000,0.000,0.000,0.000,1.000,0.74,10.77567062,106.67087858,10.51,"10°46'32.41""N, 106°40'15.16""E",FIX,
14:51:43.076,1786175503.077,TRACKING,0.773,-0.000,-0.000,0.00,0.450,-0.000,0.000,0.000,0.000,1.000,0.77,10.77567062,106.67087858,10.51,"10°46'32.41""N, 106°40'15.16""E",FIX,
14:51:43.152,1786175503.153,TRACKING,0.800,-0.000,-0.000,0.00,0.450,-0.000,0.000,0.000,0.000,1.000,0.80,10.77567062,106.67087858,10.51,"10°46'32.41""N, 106°40'15.16""E",FIX,
14:51:43.223,1786175503.224,TRACKING,0.827,-0.000,-0.000,0.00,0.450,-0.000,0.000,0.000,0.000,1.000,0.83,10.77567062,106.67087899,10.51,"10°46'32.41""N, 106°40'15.16""E",FIX,
14:51:43.287,1786175503.287,TRACKING,0.863,-0.000,-0.000,0.00,0.450,-0.000,0.000,0.000,0.000,1.000,0.86,10.77567062,106.67087899,10.51,"10°46'32.41""N, 106°40'15.16""E",FIX,
14:51:43.360,1786175503.360,TRACKING,0.890,-0.000,-0.000,0.00,0.450,-0.000,0.000,0.000,0.000,1.000,0.89,10.77567062,106.67087899,10.51,"10°46'32.41""N, 106°40'15.16""E",FIX,
14:51:43.425,1786175503.425,TRACKING,0.917,-0.000,-0.000,0.00,0.450,-0.000,0.000,0.000,0.000,1.000,0.92,10.77567062,106.67087941,10.51,"10°46'32.41""N, 106°40'15.17""E",FIX,
14:51:43.505,1786175503.506,TRACKING,0.953,-0.000,-0.000,0.00,0.450,-0.000,0.000,0.000,0.000,1.000,0.95,10.77567062,106.67087941,10.51,"10°46'32.41""N, 106°40'15.17""E",FIX,
14:51:43.584,1786175503.585,TRACKING,0.980,-0.000,-0.000,0.00,0.450,-0.000,0.000,0.000,0.000,1.000,0.98,10.77567062,106.67087941,10.51,"10°46'32.41""N, 106°40'15.17""E",FIX,
14:51:43.651,1786175503.651,TRACKING,1.007,-0.000,-0.000,0.00,0.450,-0.000,0.000,0.000,0.000,1.000,1.01,10.77567062,106.67087982,10.51,"10°46'32.41""N, 106°40'15.17""E",FIX,
14:51:43.717,1786175503.717,TRACKING,1.034,-0.000,-0.000,0.00,0.450,-0.000,0.000,0.000,0.000,1.000,1.03,10.77567062,106.67087982,10.51,"10°46'32.41""N, 106°40'15.17""E",FIX,
14:51:43.798,1786175503.799,TRACKING,1.070,-0.000,-0.000,0.00,0.450,-0.000,0.000,0.000,0.000,1.000,1.07,10.77567062,106.67087982,10.51,"10°46'32.41""N, 106°40'15.17""E",FIX,
14:51:43.873,1786175503.874,TRACKING,1.097,-0.000,-0.000,0.00,0.450,-0.000,0.000,0.000,0.000,1.000,1.10,10.77567062,106.67088023,10.51,"10°46'32.41""N, 106°40'15.17""E",FIX,
14:51:43.943,1786175503.943,TRACKING,1.124,-0.000,-0.000,0.00,0.450,-0.000,0.000,0.000,0.000,1.000,1.12,10.77567062,106.67088023,10.51,"10°46'32.41""N, 106°40'15.17""E",FIX,
14:51:43.997,1786175503.998,TRACKING,1.151,-0.000,-0.000,0.00,0.450,-0.000,0.000,0.000,0.000,1.000,1.15,10.77567062,106.67088023,10.51,"10°46'32.41""N, 106°40'15.17""E",FIX,
14:51:44.078,1786175504.079,TRACKING,1.187,-0.000,0.000,0.00,0.450,-0.006,0.000,0.000,0.000,1.000,1.19,10.77567062,106.67088064,10.51,"10°46'32.41""N, 106°40'15.17""E",FIX,
14:51:44.144,1786175504.145,TRACKING,1.214,-0.000,-0.000,0.00,0.450,0.002,0.000,0.000,0.000,1.000,1.21,10.77567062,106.67088064,10.51,"10°46'32.41""N, 106°40'15.17""E",FIX,
14:51:44.216,1786175504.217,TRACKING,1.241,-0.000,-0.000,0.00,0.450,-0.006,0.000,0.000,0.000,1.000,1.24,10.77567062,106.67088064,10.51,"10°46'32.41""N, 106°40'15.17""E",FIX,
14:51:44.293,1786175504.293,TRACKING,1.268,-0.000,-0.000,0.01,0.450,-0.005,0.000,0.000,0.000,1.000,1.27,10.77567062,106.67088105,10.51,"10°46'32.41""N, 106°40'15.17""E",FIX,
14:51:44.365,1786175504.365,TRACKING,1.304,-0.000,-0.001,0.00,0.450,0.003,0.000,0.000,0.000,1.000,1.30,10.77567062,106.67088105,10.51,"10°46'32.41""N, 106°40'15.17""E",FIX,
14:51:44.447,1786175504.448,TRACKING,1.331,-0.000,-0.001,0.00,0.450,0.002,0.000,0.000,0.000,1.000,1.33,10.77567062,106.67088105,10.51,"10°46'32.41""N, 106°40'15.17""E",FIX,
14:51:44.513,1786175504.513,TRACKING,1.367,-0.000,-0.001,-0.00,0.450,0.007,0.000,0.000,0.000,0.604,1.37,10.77567062,106.67088146,10.51,"10°46'32.41""N, 106°40'15.17""E",FIX,
14:51:44.575,1786175504.575,TRACKING,1.385,-0.000,-0.000,-0.00,0.450,0.008,0.000,0.000,0.000,0.667,1.39,10.77567062,106.67088146,10.51,"10°46'32.41""N, 106°40'15.17""E",FIX,
14:51:44.642,1786175504.642,TRACKING,1.421,-0.000,0.000,-0.01,0.450,0.005,0.000,0.000,0.000,0.750,1.42,10.77567062,106.67088146,10.51,"10°46'32.41""N, 106°40'15.17""E",FIX,
14:51:44.725,1786175504.726,TRACKING,1.448,-0.000,0.001,-0.01,0.450,0.004,0.000,0.000,0.000,0.833,1.45,10.77567062,106.67088188,10.51,"10°46'32.41""N, 106°40'15.17""E",FIX,
14:51:44.798,1786175504.798,TRACKING,1.475,-0.000,0.001,-0.01,0.450,0.004,0.000,0.000,0.000,0.896,1.48,10.77567062,106.67088188,10.51,"10°46'32.41""N, 106°40'15.17""E",FIX,
14:51:44.875,1786175504.876,TRACKING,1.511,-0.000,0.001,-0.01,0.450,0.003,0.000,0.000,0.000,0.979,1.51,10.77567062,106.67088188,10.51,"10°46'32.41""N, 106°40'15.17""E",FIX,
14:51:44.954,1786175504.955,TRACKING,1.538,-0.000,0.001,-0.01,0.450,-0.005,0.000,0.000,0.000,1.000,1.54,10.77567062,106.67088229,10.51,"10°46'32.41""N, 106°40'15.18""E",FIX,
14:51:45.032,1786175505.032,TRACKING,1.565,0.000,0.001,-0.01,0.450,0.004,0.000,0.000,0.000,1.000,1.57,10.77567062,106.67088229,10.51,"10°46'32.41""N, 106°40'15.18""E",FIX,
14:51:45.102,1786175505.103,TRACKING,1.601,0.000,0.001,-0.01,0.450,0.004,0.000,0.000,0.000,1.000,1.60,10.77567062,106.67088229,10.51,"10°46'32.41""N, 106°40'15.18""E",FIX,
14:51:45.173,1786175505.173,TRACKING,1.628,0.000,0.001,-0.01,0.450,0.003,0.000,0.000,0.000,1.000,1.63,10.77567062,106.67088270,10.51,"10°46'32.41""N, 106°40'15.18""E",FIX,
14:51:45.260,1786175505.261,TRACKING,1.664,0.000,0.002,-0.01,0.450,0.003,0.000,0.000,0.000,1.000,1.66,10.77567062,106.67088270,10.51,"10°46'32.41""N, 106°40'15.18""E",FIX,
14:51:45.323,1786175505.323,TRACKING,1.682,0.000,0.002,-0.01,0.450,0.003,0.000,0.000,0.000,1.000,1.68,10.77567062,106.67088270,10.51,"10°46'32.41""N, 106°40'15.18""E",FIX,
14:51:45.395,1786175505.396,TRACKING,1.718,0.000,0.002,-0.01,0.450,0.003,0.000,0.000,0.000,1.000,1.72,10.77567062,106.67088311,10.51,"10°46'32.41""N, 106°40'15.18""E",FIX,
14:51:45.477,1786175505.478,TRACKING,1.745,0.000,0.002,-0.01,0.450,0.003,0.000,0.000,0.000,1.000,1.75,10.77567062,106.67088311,10.51,"10°46'32.41""N, 106°40'15.18""E",FIX,
14:51:45.548,1786175505.549,TRACKING,1.781,0.000,0.002,-0.01,0.450,-0.005,0.000,0.000,0.000,1.000,1.78,10.77567062,106.67088311,10.51,"10°46'32.41""N, 106°40'15.18""E",FIX,
14:51:45.624,1786175505.624,TRACKING,1.808,0.000,0.002,-0.01,0.450,0.004,0.000,0.000,0.000,1.000,1.81,10.77567062,106.67088352,10.51,"10°46'32.41""N, 106°40'15.18""E",FIX,
14:51:45.692,1786175505.692,TRACKING,1.835,0.001,0.002,-0.01,0.450,0.004,0.000,0.000,0.000,1.000,1.84,10.77567062,106.67088352,10.51,"10°46'32.41""N, 106°40'15.18""E",FIX,
14:51:45.754,1786175505.754,TRACKING,1.862,0.001,0.003,-0.01,0.450,0.003,0.000,0.000,0.000,1.000,1.86,10.77567062,106.67088352,10.51,"10°46'32.41""N, 106°40'15.18""E",FIX,
14:51:45.839,1786175505.840,TRACKING,1.898,0.001,0.003,-0.01,0.450,0.003,0.000,0.000,0.000,1.000,1.90,10.77567062,106.67088393,10.51,"10°46'32.41""N, 106°40'15.18""E",FIX,
14:51:45.920,1786175505.921,TRACKING,1.934,0.001,0.003,-0.01,0.450,0.003,0.000,0.000,0.000,1.000,1.93,10.77567062,106.67088393,10.51,"10°46'32.41""N, 106°40'15.18""E",FIX,
14:51:45.986,1786175505.986,TRACKING,1.952,0.001,0.003,-0.01,0.450,0.003,0.000,0.000,0.000,1.000,1.95,10.77567062,106.67088393,10.51,"10°46'32.41""N, 106°40'15.18""E",FIX,
14:51:46.078,1786175506.078,TRACKING,1.988,0.001,0.003,-0.01,0.450,-0.004,0.000,0.000,0.000,1.000,1.99,10.77567062,106.67088434,10.51,"10°46'32.41""N, 106°40'15.18""E",FIX,
14:51:46.153,1786175506.153,TRACKING,2.015,0.001,0.003,-0.01,0.450,0.004,0.000,0.000,0.000,1.000,2.02,10.77567062,106.67088434,10.51,"10°46'32.41""N, 106°40'15.18""E",FIX,
14:51:46.222,1786175506.222,TRACKING,2.051,0.001,0.003,-0.00,0.450,-0.007,0.000,0.000,0.000,1.000,2.05,10.77567062,106.67088434,10.51,"10°46'32.41""N, 106°40'15.18""E",FIX,
14:51:46.276,1786175506.276,TRACKING,2.069,0.001,0.003,0.00,0.450,-0.021,0.000,0.000,0.000,1.000,2.07,10.77567062,106.67088434,10.51,"10°46'32.41""N, 106°40'15.18""E",FIX,
14:51:46.349,1786175506.350,TRACKING,2.105,0.001,0.002,0.01,0.450,-0.012,0.000,0.000,0.000,1.000,2.11,10.77567062,106.67088476,10.51,"10°46'32.41""N, 106°40'15.19""E",FIX,
14:51:46.419,1786175506.420,TRACKING,2.132,0.001,0.001,0.02,0.450,-0.017,0.000,0.000,0.000,0.583,2.13,10.77567062,106.67088476,10.51,"10°46'32.41""N, 106°40'15.19""E",FIX,
14:51:46.506,1786175506.507,TRACKING,2.168,0.001,-0.000,0.02,0.450,-0.006,0.000,0.000,0.000,0.646,2.17,10.77567062,106.67088517,10.51,"10°46'32.41""N, 106°40'15.19""E",FIX,
14:51:46.570,1786175506.571,TRACKING,2.195,0.001,-0.001,0.02,0.450,-0.006,0.000,0.000,0.000,0.708,2.20,10.77567062,106.67088517,10.51,"10°46'32.41""N, 106°40'15.19""E",FIX,
14:51:46.648,1786175506.649,TRACKING,2.231,0.001,-0.001,0.02,0.450,-0.005,0.000,0.000,0.000,0.792,2.23,10.77567062,106.67088517,10.51,"10°46'32.41""N, 106°40'15.19""E",FIX,
14:51:46.721,1786175506.721,TRACKING,2.258,0.001,-0.002,0.02,0.450,-0.005,0.000,0.000,0.000,0.854,2.26,10.77567062,106.67088558,10.51,"10°46'32.41""N, 106°40'15.19""E",FIX,
14:51:46.770,1786175506.770,TRACKING,2.276,0.001,-0.002,0.02,0.450,-0.005,0.000,0.000,0.000,0.917,2.28,10.77567062,106.67088558,10.51,"10°46'32.41""N, 106°40'15.19""E",FIX,
14:51:46.836,1786175506.837,TRACKING,2.312,0.001,-0.002,0.01,0.450,0.002,0.000,0.000,0.000,1.000,2.31,10.77567062,106.67088558,10.51,"10°46'32.41""N, 106°40'15.19""E",FIX,
14:51:46.913,1786175506.914,TRACKING,2.339,0.001,-0.002,0.02,0.450,-0.007,0.000,0.000,0.000,1.000,2.34,10.77567062,106.67088558,10.51,"10°46'32.41""N, 106°40'15.19""E",FIX,
14:51:46.985,1786175506.985,TRACKING,2.366,0.001,-0.002,0.01,0.450,0.001,0.000,0.000,0.000,1.000,2.37,10.77567062,106.67088599,10.51,"10°46'32.41""N, 106°40'15.19""E",FIX,
14:51:47.069,1786175507.069,TRACKING,2.402,0.001,-0.002,0.01,0.450,-0.001,0.000,0.000,0.000,1.000,2.40,10.77567062,106.67088599,10.51,"10°46'32.41""N, 106°40'15.19""E",FIX,
14:51:47.138,1786175507.138,TRACKING,2.429,0.001,-0.002,0.01,0.450,-0.001,0.000,0.000,0.000,1.000,2.43,10.77567062,106.67088640,10.51,"10°46'32.41""N, 106°40'15.19""E",FIX,
14:51:47.202,1786175507.202,TRACKING,2.465,0.001,-0.002,0.01,0.450,-0.001,0.000,0.000,0.000,1.000,2.47,10.77567062,106.67088640,10.51,"10°46'32.41""N, 106°40'15.19""E",FIX,
14:51:47.271,1786175507.271,TRACKING,2.492,0.001,-0.003,0.01,0.450,-0.002,0.000,0.000,0.000,1.000,2.49,10.77567062,106.67088640,10.51,"10°46'32.41""N, 106°40'15.19""E",FIX,
14:51:47.332,1786175507.333,TRACKING,2.519,0.001,-0.003,0.01,0.450,-0.002,0.000,0.000,0.000,1.000,2.52,10.77567062,106.67088640,10.51,"10°46'32.41""N, 106°40'15.19""E",FIX,
14:51:47.417,1786175507.418,TRACKING,2.555,0.001,-0.003,0.01,0.450,-0.002,0.000,0.000,0.000,1.000,2.56,10.77567062,106.67088681,10.51,"10°46'32.41""N, 106°40'15.19""E",FIX,
14:51:47.484,1786175507.484,TRACKING,2.582,0.001,-0.003,0.01,0.450,-0.002,0.000,0.000,0.000,1.000,2.58,10.77567062,106.67088681,10.51,"10°46'32.41""N, 106°40'15.19""E",FIX,
14:51:47.558,1786175507.558,TRACKING,2.609,0.000,-0.003,0.01,0.450,-0.002,0.000,0.000,0.000,1.000,2.61,10.77567062,106.67088681,10.51,"10°46'32.41""N, 106°40'15.19""E",FIX,
14:51:47.644,1786175507.644,TRACKING,2.645,0.000,-0.003,0.01,0.450,-0.002,0.000,0.000,0.000,1.000,2.65,10.77567062,106.67088722,10.51,"10°46'32.41""N, 106°40'15.19""E",FIX,
14:51:47.700,1786175507.701,TRACKING,2.663,0.000,-0.003,0.01,0.450,-0.002,0.000,0.000,0.000,1.000,2.66,10.77567062,106.67088722,10.51,"10°46'32.41""N, 106°40'15.19""E",FIX,
14:51:47.794,1786175507.795,TRACKING,2.699,0.000,-0.004,0.01,0.450,-0.002,0.000,0.000,0.000,1.000,2.70,10.77567062,106.67088722,10.51,"10°46'32.41""N, 106°40'15.19""E",FIX,
14:51:47.844,1786175507.845,TRACKING,2.726,0.000,-0.004,0.01,0.450,-0.002,0.000,0.000,0.000,1.000,2.73,10.77567062,106.67088764,10.51,"10°46'32.41""N, 106°40'15.20""E",FIX,
14:51:47.916,1786175507.916,TRACKING,2.753,-0.000,-0.004,0.01,0.450,-0.002,0.000,0.000,0.000,1.000,2.75,10.77567062,106.67088764,10.51,"10°46'32.41""N, 106°40'15.20""E",FIX,
14:51:47.979,1786175507.980,TRACKING,2.780,-0.000,-0.004,0.01,0.450,-0.002,0.000,0.000,0.000,1.000,2.78,10.77567062,106.67088764,10.51,"10°46'32.41""N, 106°40'15.20""E",FIX,
14:51:48.059,1786175508.059,TRACKING,2.816,-0.000,-0.004,0.01,0.450,0.004,0.000,0.000,0.000,1.000,2.82,10.77567062,106.67088805,10.51,"10°46'32.41""N, 106°40'15.20""E",FIX,
14:51:48.131,1786175508.132,TRACKING,2.843,-0.000,-0.004,0.00,0.450,0.003,0.000,0.000,0.000,1.000,2.84,10.77567062,106.67088805,10.51,"10°46'32.41""N, 106°40'15.20""E",FIX,
14:51:48.203,1786175508.203,TRACKING,2.879,-0.001,-0.004,0.00,0.450,0.002,0.000,0.000,0.000,1.000,2.88,10.77567062,106.67088805,10.51,"10°46'32.41""N, 106°40'15.20""E",FIX,
14:51:48.274,1786175508.274,TRACKING,2.906,-0.001,-0.004,0.00,0.450,0.001,0.000,0.000,0.000,0.771,2.91,10.77567062,106.67088846,10.51,"10°46'32.41""N, 106°40'15.20""E",FIX,
14:51:48.353,1786175508.354,TRACKING,2.933,-0.001,-0.004,0.00,0.450,0.001,0.000,0.000,0.000,0.521,2.93,10.77567062,106.67088846,10.51,"10°46'32.41""N, 106°40'15.20""E",FIX,
14:51:48.429,1786175508.429,TRACKING,2.969,-0.001,-0.003,0.00,0.450,0.000,0.000,0.000,0.000,0.583,2.97,10.77567062,106.67088846,10.51,"10°46'32.41""N, 106°40'15.20""E",FIX,
14:51:48.505,1786175508.506,TRACKING,2.996,-0.001,-0.003,0.00,0.450,0.000,0.000,0.000,0.000,0.667,3.00,10.77567062,106.67088887,10.51,"10°46'32.41""N, 106°40'15.20""E",FIX,
14:51:48.578,1786175508.578,TRACKING,3.023,-0.001,-0.003,-0.00,0.450,0.005,0.000,0.000,0.000,0.750,3.02,10.77567062,106.67088887,10.51,"10°46'32.41""N, 106°40'15.20""E",FIX,
14:51:48.661,1786175508.661,TRACKING,3.059,-0.001,-0.003,-0.00,0.450,-0.001,0.000,0.000,0.000,0.812,3.06,10.77567062,106.67088887,10.51,"10°46'32.41""N, 106°40'15.20""E",FIX,
14:51:48.727,1786175508.728,TRACKING,3.086,-0.001,-0.003,-0.00,0.450,-0.001,0.000,0.000,0.000,0.875,3.09,10.77567062,106.67088928,10.51,"10°46'32.41""N, 106°40'15.20""E",FIX,
14:51:48.792,1786175508.792,TRACKING,3.113,-0.001,-0.003,-0.00,0.450,-0.000,0.000,0.000,0.000,0.958,3.11,10.77567062,106.67088928,10.51,"10°46'32.41""N, 106°40'15.20""E",FIX,
14:51:48.868,1786175508.868,TRACKING,3.140,-0.001,-0.003,-0.00,0.450,-0.000,0.000,0.000,0.000,1.000,3.14,10.77567062,106.67088928,10.51,"10°46'32.41""N, 106°40'15.20""E",FIX,
14:51:48.939,1786175508.939,TRACKING,3.167,-0.002,-0.003,-0.00,0.450,-0.000,0.000,0.000,0.000,1.000,3.17,10.77567062,106.67088969,10.51,"10°46'32.41""N, 106°40'15.20""E",FIX,
14:51:49.019,1786175509.019,TRACKING,3.203,-0.002,-0.003,-0.00,0.450,0.007,0.000,0.000,0.000,1.000,3.20,10.77567062,106.67088969,10.51,"10°46'32.41""N, 106°40'15.20""E",FIX,
14:51:49.091,1786175509.092,TRACKING,3.230,-0.002,-0.003,-0.00,0.450,-0.002,0.000,0.000,0.000,1.000,3.23,10.77567062,106.67088969,10.51,"10°46'32.41""N, 106°40'15.20""E",FIX,
14:51:49.151,1786175509.151,TRACKING,3.257,-0.002,-0.003,-0.00,0.450,-0.002,0.000,0.000,0.000,1.000,3.26,10.77567061,106.67089010,10.51,"10°46'32.41""N, 106°40'15.20""E",FIX,
14:51:49.234,1786175509.235,TRACKING,3.293,-0.002,-0.003,-0.00,0.450,-0.001,0.000,0.000,0.000,1.000,3.29,10.77567061,106.67089010,10.51,"10°46'32.41""N, 106°40'15.20""E",FIX,
14:51:49.311,1786175509.311,TRACKING,3.329,-0.002,-0.003,-0.00,0.450,0.006,0.000,0.000,0.000,1.000,3.33,10.77567061,106.67089010,10.51,"10°46'32.41""N, 106°40'15.20""E",FIX,
14:51:49.380,1786175509.381,TRACKING,3.356,-0.002,-0.003,-0.00,0.450,-0.002,0.000,0.000,0.000,1.000,3.36,10.77567061,106.67089052,10.51,"10°46'32.41""N, 106°40'15.21""E",FIX,
14:51:49.442,1786175509.442,TRACKING,3.374,-0.002,-0.003,-0.00,0.450,-0.002,0.000,0.000,0.000,1.000,3.37,10.77567061,106.67089052,10.51,"10°46'32.41""N, 106°40'15.21""E",FIX,
14:51:49.514,1786175509.515,TRACKING,3.410,-0.002,-0.003,-0.00,0.450,0.006,0.000,0.000,0.000,1.000,3.41,10.77567061,106.67089052,10.51,"10°46'32.41""N, 106°40'15.21""E",FIX,
14:51:49.600,1786175509.600,TRACKING,3.446,-0.002,-0.002,-0.00,0.450,-0.002,0.000,0.000,0.000,1.000,3.45,10.77567061,106.67089093,10.51,"10°46'32.41""N, 106°40'15.21""E",FIX,
14:51:49.663,1786175509.664,TRACKING,3.473,-0.002,-0.002,-0.00,0.450,-0.002,0.000,0.000,0.000,1.000,3.47,10.77567061,106.67089093,10.51,"10°46'32.41""N, 106°40'15.21""E",FIX,
14:51:49.732,1786175509.733,TRACKING,3.500,-0.002,-0.002,-0.00,0.450,0.006,0.000,0.000,0.000,1.000,3.50,10.77567061,106.67089093,10.51,"10°46'32.41""N, 106°40'15.21""E",FIX,
14:51:49.806,1786175509.806,TRACKING,3.536,-0.003,-0.002,-0.01,0.450,0.005,0.000,0.000,0.000,1.000,3.54,10.77567061,106.67089134,10.51,"10°46'32.41""N, 106°40'15.21""E",FIX,
14:51:49.870,1786175509.870,TRACKING,3.563,-0.003,-0.002,-0.00,0.450,-0.004,0.000,0.000,0.000,1.000,3.56,10.77567061,106.67089134,10.51,"10°46'32.41""N, 106°40'15.21""E",FIX,
14:51:49.950,1786175509.950,TRACKING,3.590,-0.003,-0.002,-0.01,0.450,0.005,0.000,0.000,0.000,1.000,3.59,10.77567061,106.67089134,10.51,"10°46'32.41""N, 106°40'15.21""E",FIX,
14:51:50.014,1786175510.014,TRACKING,3.617,-0.003,-0.002,-0.01,0.450,0.005,0.000,0.000,0.000,1.000,3.62,10.77567061,106.67089175,10.51,"10°46'32.41""N, 106°40'15.21""E",FIX,
14:51:50.092,1786175510.092,TRACKING,3.653,-0.003,-0.001,-0.00,0.450,-0.003,0.000,0.000,0.000,1.000,3.65,10.77567061,106.67089175,10.51,"10°46'32.41""N, 106°40'15.21""E",FIX,
14:51:50.157,1786175510.158,TRACKING,3.671,-0.003,-0.001,-0.00,0.450,-0.003,0.000,0.000,0.000,1.000,3.67,10.77567061,106.67089175,10.51,"10°46'32.41""N, 106°40'15.21""E",FIX,
14:51:50.235,1786175510.236,TRACKING,3.707,-0.003,-0.002,-0.00,0.450,-0.001,0.000,0.000,0.000,1.000,3.71,10.77567061,106.67089216,10.51,"10°46'32.41""N, 106°40'15.21""E",FIX,
14:51:50.305,1786175510.306,TRACKING,3.743,-0.003,-0.002,-0.00,0.450,-0.001,0.000,0.000,0.000,0.562,3.74,10.77567061,106.67089216,10.51,"10°46'32.41""N, 106°40'15.21""E",FIX,
14:51:50.368,1786175510.368,TRACKING,3.770,-0.003,-0.002,-0.00,0.450,-0.001,0.000,0.000,0.000,0.625,3.77,10.77567061,106.67089216,10.51,"10°46'32.41""N, 106°40'15.21""E",FIX,
14:51:50.436,1786175510.436,TRACKING,3.797,-0.003,-0.002,-0.00,0.450,-0.001,0.000,0.000,0.000,0.687,3.80,10.77567061,106.67089257,10.51,"10°46'32.41""N, 106°40'15.21""E",FIX,
14:51:50.509,1786175510.510,TRACKING,3.824,-0.003,-0.002,-0.00,0.450,-0.000,0.000,0.000,0.000,0.750,3.82,10.77567061,106.67089257,10.51,"10°46'32.41""N, 106°40'15.21""E",FIX,
14:51:50.583,1786175510.583,TRACKING,3.851,-0.003,-0.002,-0.00,0.450,-0.000,0.000,0.000,0.000,0.833,3.85,10.77567061,106.67089257,10.51,"10°46'32.41""N, 106°40'15.21""E",FIX,
14:51:50.659,1786175510.660,TRACKING,3.887,-0.003,-0.002,-0.00,0.450,-0.000,0.000,0.000,0.000,0.917,3.89,10.77567061,106.67089298,10.51,"10°46'32.41""N, 106°40'15.21""E",FIX,
14:51:50.735,1786175510.735,TRACKING,3.923,-0.003,-0.002,-0.00,0.450,-0.000,0.000,0.000,0.000,1.000,3.92,10.77567061,106.67089298,10.51,"10°46'32.41""N, 106°40'15.21""E",FIX,
14:51:50.794,1786175510.795,TRACKING,3.941,-0.003,-0.002,-0.00,0.450,-0.000,0.000,0.000,0.000,1.000,3.94,10.77567061,106.67089298,10.51,"10°46'32.41""N, 106°40'15.21""E",FIX,
14:51:50.875,1786175510.875,TRACKING,3.977,-0.003,-0.002,-0.00,0.450,-0.000,0.000,0.000,0.000,1.000,3.98,10.77567061,106.67089340,10.51,"10°46'32.41""N, 106°40'15.22""E",FIX,
14:51:50.945,1786175510.946,TRACKING,4.004,-0.003,-0.002,-0.00,0.450,-0.000,0.000,0.000,0.000,1.000,4.00,10.77567061,106.67089340,10.51,"10°46'32.41""N, 106°40'15.22""E",FIX,
14:51:51.004,1786175511.004,TRACKING,4.031,-0.003,-0.002,-0.00,0.450,-0.000,0.000,0.000,0.000,1.000,4.03,10.77567061,106.67089340,10.51,"10°46'32.41""N, 106°40'15.22""E",FIX,
14:51:51.097,1786175511.098,TRACKING,4.058,-0.003,-0.002,-0.00,0.450,-0.000,0.000,0.000,0.000,1.000,4.06,10.77567061,106.67089381,10.51,"10°46'32.41""N, 106°40'15.22""E",FIX,
14:51:51.153,1786175511.153,TRACKING,4.094,-0.004,-0.002,-0.00,0.450,-0.000,0.000,0.000,0.000,1.000,4.09,10.77567061,106.67089381,10.51,"10°46'32.41""N, 106°40'15.22""E",FIX,
14:51:51.225,1786175511.225,TRACKING,4.121,-0.004,-0.002,-0.00,0.450,-0.000,0.000,0.000,0.000,1.000,4.12,10.77567061,106.67089381,10.51,"10°46'32.41""N, 106°40'15.22""E",FIX,
14:51:51.306,1786175511.306,TRACKING,4.157,-0.004,-0.002,-0.00,0.450,-0.000,0.000,0.000,0.000,1.000,4.16,10.77567061,106.67089422,10.51,"10°46'32.41""N, 106°40'15.22""E",FIX,
14:51:51.365,1786175511.365,TRACKING,4.175,-0.004,-0.002,-0.00,0.450,-0.000,0.000,0.000,0.000,1.000,4.18,10.77567061,106.67089422,10.51,"10°46'32.41""N, 106°40'15.22""E",FIX,
14:51:51.450,1786175511.450,TRACKING,4.220,-0.004,-0.002,-0.00,0.450,-0.000,0.000,0.000,0.000,1.000,4.22,10.77567061,106.67089422,10.51,"10°46'32.41""N, 106°40'15.22""E",FIX,
14:51:51.520,1786175511.521,TRACKING,4.247,-0.004,-0.002,-0.00,0.450,-0.000,0.000,0.000,0.000,1.000,4.25,10.77567061,106.67089463,10.51,"10°46'32.41""N, 106°40'15.22""E",FIX,
14:51:51.586,1786175511.587,TRACKING,4.274,-0.004,-0.002,-0.00,0.450,-0.000,0.000,0.000,0.000,1.000,4.27,10.77567061,106.67089463,10.51,"10°46'32.41""N, 106°40'15.22""E",FIX,
14:51:51.657,1786175511.657,TRACKING,4.301,-0.004,-0.002,-0.00,0.450,-0.000,0.000,0.000,0.000,1.000,4.30,10.77567061,106.67089463,10.51,"10°46'32.41""N, 106°40'15.22""E",FIX,
14:51:51.735,1786175511.736,TRACKING,4.328,-0.004,-0.002,-0.00,0.450,-0.000,0.000,0.000,0.000,1.000,4.33,10.77567061,106.67089504,10.51,"10°46'32.41""N, 106°40'15.22""E",FIX,
14:51:51.807,1786175511.807,TRACKING,4.364,-0.004,-0.002,-0.00,0.450,-0.000,0.000,0.000,0.000,1.000,4.36,10.77567061,106.67089504,10.51,"10°46'32.41""N, 106°40'15.22""E",FIX,
14:51:51.882,1786175511.882,TRACKING,4.391,-0.004,-0.002,-0.00,0.450,-0.000,0.000,0.000,0.000,1.000,4.39,10.77567061,106.67089504,10.51,"10°46'32.41""N, 106°40'15.22""E",FIX,
14:51:51.955,1786175511.955,TRACKING,4.418,-0.004,-0.002,-0.00,0.450,-0.000,0.000,0.000,0.000,1.000,4.42,10.77567061,106.67089545,10.51,"10°46'32.41""N, 106°40'15.22""E",FIX,
14:51:52.035,1786175512.036,TRACKING,4.454,-0.004,-0.002,-0.00,0.450,-0.000,0.000,0.000,0.000,1.000,4.45,10.77567061,106.67089545,10.51,"10°46'32.41""N, 106°40'15.22""E",FIX,
14:51:52.101,1786175512.101,TRACKING,4.472,-0.004,-0.002,-0.00,0.450,-0.000,0.000,0.000,0.000,1.000,4.47,10.77567061,106.67089545,10.51,"10°46'32.41""N, 106°40'15.22""E",FIX,
14:51:52.179,1786175512.179,TRACKING,4.508,-0.004,-0.002,-0.00,0.450,-0.000,0.000,0.000,0.000,1.000,4.51,10.77567061,106.67089586,10.51,"10°46'32.41""N, 106°40'15.23""E",FIX,
14:51:52.256,1786175512.257,TRACKING,4.544,-0.004,-0.002,-0.00,0.450,-0.000,0.000,0.000,0.000,0.583,4.54,10.77567061,106.67089586,10.51,"10°46'32.41""N, 106°40'15.23""E",FIX,
14:51:52.317,1786175512.317,TRACKING,4.562,-0.005,-0.002,-0.00,0.450,-0.000,0.000,0.000,0.000,0.646,4.56,10.77567061,106.67089586,10.51,"10°46'32.41""N, 106°40'15.23""E",FIX,
14:51:52.401,1786175512.401,TRACKING,4.598,-0.005,-0.002,-0.00,0.450,-0.000,0.000,0.000,0.000,0.708,4.60,10.77567061,106.67089628,10.51,"10°46'32.41""N, 106°40'15.23""E",FIX,
14:51:52.466,1786175512.466,TRACKING,4.625,-0.005,-0.002,-0.00,0.450,-0.000,0.000,0.000,0.000,0.771,4.63,10.77567061,106.67089628,10.51,"10°46'32.41""N, 106°40'15.23""E",FIX,
14:51:52.547,1786175512.547,TRACKING,4.652,-0.005,-0.002,-0.00,0.450,-0.000,0.000,0.000,0.000,0.854,4.65,10.77567061,106.67089628,10.51,"10°46'32.41""N, 106°40'15.23""E",FIX,
14:51:52.612,1786175512.612,TRACKING,4.679,-0.005,-0.002,-0.00,0.450,-0.000,0.000,0.000,0.000,0.917,4.68,10.77567061,106.67089628,10.51,"10°46'32.41""N, 106°40'15.23""E",FIX,
14:51:52.691,1786175512.691,TRACKING,4.715,-0.005,-0.002,-0.00,0.450,-0.000,0.000,0.000,0.000,1.000,4.72,10.77567061,106.67089669,10.51,"10°46'32.41""N, 106°40'15.23""E",FIX,
14:51:52.771,1786175512.772,TRACKING,4.751,-0.005,-0.002,-0.00,0.450,-0.000,0.000,0.000,0.000,1.000,4.75,10.77567061,106.67089669,10.51,"10°46'32.41""N, 106°40'15.23""E",FIX,
14:51:52.842,1786175512.842,TRACKING,4.778,-0.005,-0.002,-0.00,0.450,-0.000,0.000,0.000,0.000,1.000,4.78,10.77567061,106.67089710,10.51,"10°46'32.41""N, 106°40'15.23""E",FIX,
14:51:52.924,1786175512.925,TRACKING,4.805,-0.005,-0.002,-0.00,0.450,-0.000,0.000,0.000,0.000,1.000,4.81,10.77567061,106.67089710,10.51,"10°46'32.41""N, 106°40'15.23""E",FIX,
14:51:52.984,1786175512.984,TRACKING,4.832,-0.005,-0.002,-0.00,0.450,-0.000,0.000,0.000,0.000,1.000,4.83,10.77567061,106.67089710,10.51,"10°46'32.41""N, 106°40'15.23""E",FIX,
14:51:53.061,1786175513.062,TRACKING,4.868,-0.005,-0.002,-0.00,0.450,-0.000,0.000,0.000,0.000,1.000,4.87,10.77567061,106.67089751,10.51,"10°46'32.41""N, 106°40'15.23""E",FIX,
14:51:53.137,1786175513.138,TRACKING,4.895,-0.005,-0.002,-0.00,0.450,-0.000,0.000,0.000,0.000,1.000,4.90,10.77567061,106.67089751,10.51,"10°46'32.41""N, 106°40'15.23""E",FIX,
14:51:53.200,1786175513.201,TRACKING,4.922,-0.005,-0.002,-0.00,0.450,-0.000,0.000,0.000,0.000,1.000,4.92,10.77567061,106.67089751,10.51,"10°46'32.41""N, 106°40'15.23""E",FIX,
14:51:53.284,1786175513.285,TRACKING,4.958,-0.005,-0.002,-0.00,0.450,-0.000,0.000,0.000,0.000,1.000,4.96,10.77567061,106.67089792,10.51,"10°46'32.41""N, 106°40'15.23""E",FIX,
14:51:53.344,1786175513.344,TRACKING,4.985,-0.005,-0.002,-0.00,0.450,-0.000,0.000,0.000,0.000,1.000,4.99,10.77567061,106.67089792,10.51,"10°46'32.41""N, 106°40'15.23""E",FIX,
14:51:53.423,1786175513.424,TRACKING,5.021,-0.005,-0.002,-0.00,0.450,-0.000,0.000,0.000,0.000,1.000,5.02,10.77567061,106.67089792,10.51,"10°46'32.41""N, 106°40'15.23""E",FIX,
14:51:53.489,1786175513.489,TRACKING,5.039,-0.005,-0.002,-0.00,0.450,-0.000,0.000,0.000,0.000,1.000,5.04,10.77567061,106.67089792,10.51,"10°46'32.41""N, 106°40'15.23""E",FIX,
14:51:53.571,1786175513.571,TRACKING,5.075,-0.006,-0.002,-0.00,0.450,-0.000,0.000,0.000,0.000,1.000,5.08,10.77567061,106.67089833,10.51,"10°46'32.41""N, 106°40'15.23""E",FIX,
14:51:53.628,1786175513.628,TRACKING,5.102,-0.006,-0.002,-0.00,0.450,-0.000,0.000,0.000,0.000,1.000,5.10,10.77567061,106.67089833,10.51,"10°46'32.41""N, 106°40'15.23""E",FIX,
14:51:53.710,1786175513.710,TRACKING,5.138,-0.006,-0.002,-0.00,0.450,-0.000,0.000,0.000,0.000,1.000,5.14,10.77567061,106.67089874,10.51,"10°46'32.41""N, 106°40'15.24""E",FIX,
14:51:53.771,1786175513.771,TRACKING,5.165,-0.006,-0.002,-0.00,0.450,-0.000,0.000,0.000,0.000,1.000,5.17,10.77567061,106.67089874,10.51,"10°46'32.41""N, 106°40'15.24""E",FIX,
14:51:53.848,1786175513.849,TRACKING,5.192,-0.006,-0.002,-0.00,0.450,-0.000,0.000,0.000,0.000,1.000,5.19,10.77567061,106.67089874,10.51,"10°46'32.41""N, 106°40'15.24""E",FIX,
14:51:53.928,1786175513.929,TRACKING,5.228,-0.006,-0.002,-0.00,0.450,0.003,0.000,0.000,0.000,1.000,5.23,10.77567061,106.67089916,10.51,"10°46'32.41""N, 106°40'15.24""E",FIX,
14:51:53.986,1786175513.987,TRACKING,5.246,-0.006,-0.002,-0.00,0.450,-0.001,0.000,0.000,0.000,1.000,5.25,10.77567061,106.67089916,10.51,"10°46'32.41""N, 106°40'15.24""E",FIX,
14:51:54.063,1786175514.063,TRACKING,5.282,-0.006,-0.002,-0.00,0.450,0.006,0.000,0.000,0.000,1.000,5.28,10.77567061,106.67089916,10.51,"10°46'32.41""N, 106°40'15.24""E",FIX,
14:51:54.124,1786175514.125,TRACKING,5.309,-0.006,-0.002,-0.01,0.450,0.022,0.000,0.000,0.000,1.000,5.31,10.77567061,106.67089916,10.51,"10°46'32.41""N, 106°40'15.24""E",FIX,
14:51:54.190,1786175514.191,TRACKING,5.336,-0.006,-0.001,-0.02,0.450,0.016,0.000,0.000,0.000,0.562,5.34,10.77567060,106.67089957,10.51,"10°46'32.41""N, 106°40'15.24""E",FIX,
14:51:54.269,1786175514.270,TRACKING,5.372,-0.006,0.001,-0.02,0.450,0.012,0.000,0.000,0.000,0.625,5.37,10.77567060,106.67089957,10.51,"10°46'32.41""N, 106°40'15.24""E",FIX,
14:51:54.341,1786175514.342,TRACKING,5.408,-0.006,0.002,-0.02,0.450,0.004,0.000,0.000,0.000,0.687,5.41,10.77567060,106.67089998,10.51,"10°46'32.41""N, 106°40'15.24""E",FIX,
14:51:54.425,1786175514.425,TRACKING,5.435,-0.006,0.002,-0.02,0.450,0.004,0.000,0.000,0.000,0.750,5.44,10.77567060,106.67089998,10.51,"10°46'32.41""N, 106°40'15.24""E",FIX,
14:51:54.477,1786175514.477,TRACKING,5.462,-0.006,0.002,-0.02,0.450,0.004,0.000,0.000,0.000,0.833,5.46,10.77567060,106.67089998,10.51,"10°46'32.41""N, 106°40'15.24""E",FIX,
14:51:54.551,1786175514.551,TRACKING,5.489,-0.006,0.002,-0.02,0.450,0.004,0.000,0.000,0.000,0.917,5.49,10.77567060,106.67089998,10.51,"10°46'32.41""N, 106°40'15.24""E",FIX,
14:51:54.622,1786175514.623,TRACKING,5.516,-0.006,0.003,-0.02,0.450,0.005,0.000,0.000,0.000,1.000,5.52,10.77567060,106.67090039,10.51,"10°46'32.41""N, 106°40'15.24""E",FIX,
14:51:54.700,1786175514.701,TRACKING,5.552,-0.006,0.003,-0.02,0.450,0.005,0.000,0.000,0.000,1.000,5.55,10.77567060,106.67090039,10.51,"10°46'32.41""N, 106°40'15.24""E",FIX,
14:51:54.762,1786175514.763,TRACKING,5.579,-0.006,0.003,-0.02,0.450,0.005,0.000,0.000,0.000,1.000,5.58,10.77567060,106.67090039,10.51,"10°46'32.41""N, 106°40'15.24""E",FIX,
14:51:54.840,1786175514.840,TRACKING,5.606,-0.006,0.004,-0.02,0.450,0.005,0.000,0.000,0.000,1.000,5.61,10.77567060,106.67090080,10.51,"10°46'32.41""N, 106°40'15.24""E",FIX,
14:51:54.924,1786175514.925,TRACKING,5.642,-0.005,0.004,-0.02,0.450,0.005,0.000,0.000,0.000,1.000,5.64,10.77567060,106.67090080,10.51,"10°46'32.41""N, 106°40'15.24""E",FIX,
14:51:54.986,1786175514.987,TRACKING,5.669,-0.005,0.004,-0.02,0.450,0.005,0.000,0.000,0.000,1.000,5.67,10.77567060,106.67090080,10.51,"10°46'32.41""N, 106°40'15.24""E",FIX,
14:51:55.066,1786175515.067,TRACKING,5.696,-0.005,0.005,-0.02,0.450,0.005,0.000,0.000,0.000,1.000,5.70,10.77567060,106.67090121,10.51,"10°46'32.41""N, 106°40'15.24""E",FIX,
14:51:55.145,1786175515.145,TRACKING,5.732,-0.005,0.005,-0.02,0.450,0.005,0.000,0.000,0.000,1.000,5.73,10.77567060,106.67090121,10.51,"10°46'32.41""N, 106°40'15.24""E",FIX,
14:51:55.214,1786175515.215,TRACKING,5.759,-0.005,0.005,-0.02,0.450,-0.003,0.000,0.000,0.000,1.000,5.76,10.77567060,106.67090121,10.51,"10°46'32.41""N, 106°40'15.24""E",FIX,
14:51:55.283,1786175515.284,TRACKING,5.786,-0.005,0.005,-0.01,0.450,-0.001,0.000,0.000,0.000,1.000,5.79,10.77567060,106.67090162,10.51,"10°46'32.41""N, 106°40'15.25""E",FIX,
14:51:55.356,1786175515.357,TRACKING,5.822,-0.005,0.005,-0.01,0.450,0.007,0.000,0.000,0.000,1.000,5.82,10.77567060,106.67090162,10.51,"10°46'32.41""N, 106°40'15.25""E",FIX,
14:51:55.426,1786175515.427,TRACKING,5.849,-0.004,0.005,-0.02,0.450,0.007,0.000,0.000,0.000,1.000,5.85,10.77567060,106.67090162,10.51,"10°46'32.41""N, 106°40'15.25""E",FIX,
14:51:55.486,1786175515.486,TRACKING,5.867,-0.004,0.006,-0.01,0.450,-0.003,0.000,0.000,0.000,1.000,5.87,10.77567060,106.67090204,10.51,"10°46'32.41""N, 106°40'15.25""E",FIX,
14:51:55.574,1786175515.575,TRACKING,5.903,-0.004,0.006,-0.02,0.450,0.007,0.000,0.000,0.000,1.000,5.90,10.77567060,106.67090204,10.51,"10°46'32.41""N, 106°40'15.25""E",FIX,
14:51:55.644,1786175515.645,TRACKING,5.930,-0.004,0.006,-0.02,0.450,0.007,0.000,0.000,0.000,1.000,5.93,10.77567060,106.67090204,10.51,"10°46'32.41""N, 106°40'15.25""E",FIX,
14:51:55.732,1786175515.732,TRACKING,5.966,-0.004,0.006,-0.01,0.450,-0.000,0.000,0.000,0.000,1.000,5.97,10.77567060,106.67090245,10.51,"10°46'32.41""N, 106°40'15.25""E",FIX,
14:51:55.803,1786175515.803,TRACKING,5.993,-0.004,0.007,-0.01,0.450,-0.001,0.000,0.000,0.000,1.000,5.99,10.77567060,106.67090245,10.51,"10°46'32.41""N, 106°40'15.25""E",FIX,
14:51:55.874,1786175515.875,TRACKING,6.029,-0.003,0.007,-0.01,0.450,0.001,0.000,0.000,0.000,1.000,6.03,10.77567060,106.67090245,10.51,"10°46'32.41""N, 106°40'15.25""E",FIX,
14:51:55.937,1786175515.938,TRACKING,6.047,-0.003,0.007,-0.01,0.450,0.001,0.000,0.000,0.000,1.000,6.05,10.77567060,106.67090286,10.51,"10°46'32.41""N, 106°40'15.25""E",FIX,
14:51:56.014,1786175516.015,TRACKING,6.083,-0.003,0.007,-0.01,0.450,0.002,0.000,0.000,0.000,1.000,6.08,10.77567060,106.67090286,10.51,"10°46'32.41""N, 106°40'15.25""E",FIX,
14:51:56.094,1786175516.094,TRACKING,6.110,-0.003,0.007,-0.00,0.450,-0.012,0.000,0.000,0.000,1.000,6.11,10.77567060,106.67090286,10.51,"10°46'32.41""N, 106°40'15.25""E",FIX,
14:51:56.164,1786175516.165,TRACKING,6.137,-0.003,0.006,0.00,0.450,-0.010,0.000,0.000,0.000,0.583,6.14,10.77567061,106.67090327,10.51,"10°46'32.41""N, 106°40'15.25""E",FIX,
14:51:56.240,1786175516.240,TRACKING,6.173,-0.002,0.006,0.00,0.450,-0.007,0.000,0.000,0.000,0.646,6.17,10.77567061,106.67090327,10.51,"10°46'32.41""N, 106°40'15.25""E",FIX,
14:51:56.309,1786175516.310,TRACKING,6.200,-0.002,0.005,0.01,0.450,-0.005,0.000,0.000,0.000,0.729,6.20,10.77567061,106.67090327,10.51,"10°46'32.41""N, 106°40'15.25""E",FIX,
14:51:56.380,1786175516.381,TRACKING,6.227,-0.002,0.005,0.01,0.450,-0.004,0.000,0.000,0.000,0.792,6.23,10.77567061,106.67090368,10.51,"10°46'32.41""N, 106°40'15.25""E",FIX,
14:51:56.452,1786175516.453,TRACKING,6.254,-0.002,0.005,0.01,0.450,-0.004,0.000,0.000,0.000,0.854,6.25,10.77567061,106.67090368,10.51,"10°46'32.41""N, 106°40'15.25""E",FIX,
14:51:56.528,1786175516.528,TRACKING,6.290,-0.002,0.004,0.01,0.450,-0.003,0.000,0.000,0.000,0.937,6.29,10.77567061,106.67090368,10.51,"10°46'32.41""N, 106°40'15.25""E",FIX,
14:51:56.611,1786175516.611,TRACKING,6.326,-0.002,0.004,0.01,0.450,-0.003,0.000,0.000,0.000,1.000,6.33,10.77567061,106.67090409,10.51,"10°46'32.41""N, 106°40'15.25""E",FIX,
14:51:56.671,1786175516.671,TRACKING,6.344,-0.002,0.004,0.01,0.450,-0.003,0.000,0.000,0.000,1.000,6.34,10.77567061,106.67090409,10.51,"10°46'32.41""N, 106°40'15.25""E",FIX,
14:51:56.745,1786175516.745,TRACKING,6.380,-0.001,0.004,0.01,0.450,-0.003,0.000,0.000,0.000,1.000,6.38,10.77567061,106.67090409,10.51,"10°46'32.41""N, 106°40'15.25""E",FIX,
14:51:56.808,1786175516.809,TRACKING,6.407,-0.001,0.003,0.01,0.450,-0.003,0.000,0.000,0.000,1.000,6.41,10.77567061,106.67090450,10.51,"10°46'32.41""N, 106°40'15.26""E",FIX,
14:51:56.894,1786175516.894,TRACKING,6.443,-0.001,0.003,0.01,0.450,0.003,0.000,0.000,0.000,1.000,6.44,10.77567061,106.67090450,10.51,"10°46'32.41""N, 106°40'15.26""E",FIX,
14:51:56.961,1786175516.961,TRACKING,6.470,-0.001,0.003,0.01,0.450,-0.004,0.000,0.000,0.000,1.000,6.47,10.77567061,106.67090450,10.51,"10°46'32.41""N, 106°40'15.26""E",FIX,
14:51:57.040,1786175517.041,TRACKING,6.506,-0.001,0.003,0.01,0.450,-0.003,0.000,0.000,0.000,1.000,6.51,10.77567061,106.67090492,10.51,"10°46'32.41""N, 106°40'15.26""E",FIX,
14:51:57.113,1786175517.113,TRACKING,6.533,-0.001,0.003,0.01,0.450,-0.003,0.000,0.000,0.000,1.000,6.53,10.77567061,106.67090492,10.51,"10°46'32.41""N, 106°40'15.26""E",FIX,
14:51:57.177,1786175517.177,TRACKING,6.560,-0.001,0.003,0.01,0.450,0.005,0.000,0.000,0.000,1.000,6.56,10.77567061,106.67090492,10.51,"10°46'32.41""N, 106°40'15.26""E",FIX,
14:51:57.250,1786175517.251,TRACKING,6.596,-0.001,0.003,0.00,0.450,0.003,0.000,0.000,0.000,1.000,6.60,10.77567061,106.67090533,10.51,"10°46'32.41""N, 106°40'15.26""E",FIX,
14:51:57.312,1786175517.313,TRACKING,6.614,-0.001,0.003,0.01,0.450,-0.007,0.000,0.000,0.000,1.000,6.61,10.77567061,106.67090533,10.51,"10°46'32.41""N, 106°40'15.26""E",FIX,
14:51:57.390,1786175517.391,TRACKING,6.650,-0.001,0.003,0.01,0.450,-0.004,0.000,0.000,0.000,1.000,6.65,10.77567061,106.67090533,10.51,"10°46'32.41""N, 106°40'15.26""E",FIX,
14:51:57.464,1786175517.465,TRACKING,6.677,-0.001,0.003,0.01,0.450,-0.004,0.000,0.000,0.000,1.000,6.68,10.77567061,106.67090574,10.51,"10°46'32.41""N, 106°40'15.26""E",FIX,
14:51:57.540,1786175517.541,TRACKING,6.713,-0.000,0.002,0.01,0.450,-0.003,0.000,0.000,0.000,1.000,6.71,10.77567061,106.67090574,10.51,"10°46'32.41""N, 106°40'15.26""E",FIX,
14:51:57.605,1786175517.606,TRACKING,6.740,-0.000,0.002,0.01,0.450,-0.003,0.000,0.000,0.000,1.000,6.74,10.77567061,106.67090574,10.51,"10°46'32.41""N, 106°40'15.26""E",FIX,
14:51:57.674,1786175517.675,TRACKING,6.767,-0.000,0.002,0.01,0.450,-0.003,0.000,0.000,0.000,1.000,6.77,10.77567061,106.67090615,10.51,"10°46'32.41""N, 106°40'15.26""E",FIX,
14:51:57.758,1786175517.758,TRACKING,6.803,-0.000,0.002,0.01,0.450,-0.003,0.000,0.000,0.000,1.000,6.80,10.77567061,106.67090615,10.51,"10°46'32.41""N, 106°40'15.26""E",FIX,
14:51:57.800,1786175517.801,TRACKING,6.821,-0.000,0.002,0.01,0.450,-0.003,0.000,0.000,0.000,1.000,6.82,10.77567061,106.67090615,10.51,"10°46'32.41""N, 106°40'15.26""E",FIX,
14:51:57.872,1786175517.872,TRACKING,6.857,-0.000,0.001,0.01,0.450,-0.003,0.000,0.000,0.000,1.000,6.86,10.77567061,106.67090656,10.51,"10°46'32.41""N, 106°40'15.26""E",FIX,
14:51:57.951,1786175517.951,TRACKING,6.884,-0.000,0.001,0.01,0.450,-0.002,0.000,0.000,0.000,1.000,6.88,10.77567061,106.67090656,10.51,"10°46'32.41""N, 106°40'15.26""E",FIX,
14:51:58.022,1786175518.022,TRACKING,6.920,-0.000,0.001,0.01,0.450,-0.002,0.000,0.000,0.000,0.833,6.92,10.77567061,106.67090656,10.51,"10°46'32.41""N, 106°40'15.26""E",FIX,
14:51:58.087,1786175518.087,TRACKING,6.938,-0.000,0.001,0.01,0.450,-0.002,0.000,0.000,0.000,0.583,6.94,10.77567062,106.67090697,10.51,"10°46'32.41""N, 106°40'15.27""E",FIX,
14:51:58.155,1786175518.155,TRACKING,6.974,-0.000,0.001,0.01,0.450,-0.002,0.000,0.000,0.000,0.667,6.97,10.77567062,106.67090697,10.51,"10°46'32.41""N, 106°40'15.27""E",FIX,
14:51:58.225,1786175518.225,TRACKING,7.001,-0.000,0.000,0.01,0.450,-0.002,0.000,0.000,0.000,0.729,7.00,10.77567062,106.67090697,10.51,"10°46'32.41""N, 106°40'15.27""E",FIX,
14:51:58.298,1786175518.299,TRACKING,7.028,-0.000,0.000,0.01,0.450,-0.002,0.000,0.000,0.000,0.792,7.03,10.77567062,106.67090738,10.51,"10°46'32.41""N, 106°40'15.27""E",FIX,
14:51:58.376,1786175518.377,TRACKING,7.064,-0.000,0.000,0.01,0.450,-0.002,0.000,0.000,0.000,0.875,7.06,10.77567062,106.67090738,10.51,"10°46'32.41""N, 106°40'15.27""E",FIX,
14:51:58.446,1786175518.446,TRACKING,7.091,-0.000,0.000,0.01,0.450,-0.002,0.000,0.000,0.000,0.937,7.09,10.77567062,106.67090738,10.51,"10°46'32.41""N, 106°40'15.27""E",FIX,
14:51:58.520,1786175518.521,TRACKING,7.127,-0.000,-0.000,0.01,0.450,-0.002,0.000,0.000,0.000,1.000,7.13,10.77567062,106.67090780,10.51,"10°46'32.41""N, 106°40'15.27""E",FIX,
14:51:58.598,1786175518.599,TRACKING,7.154,-0.000,-0.000,0.01,0.450,-0.002,0.000,0.000,0.000,1.000,7.15,10.77567062,106.67090780,10.51,"10°46'32.41""N, 106°40'15.27""E",FIX,
14:51:58.651,1786175518.651,TRACKING,7.181,-0.000,-0.000,0.01,0.450,-0.002,0.000,0.000,0.000,1.000,7.18,10.77567062,106.67090780,10.51,"10°46'32.41""N, 106°40'15.27""E",FIX,
14:51:58.724,1786175518.725,TRACKING,7.208,-0.000,-0.001,0.01,0.450,-0.002,0.000,0.000,0.000,1.000,7.21,10.77567062,106.67090821,10.51,"10°46'32.41""N, 106°40'15.27""E",FIX,
14:51:58.793,1786175518.794,TRACKING,7.235,-0.000,-0.001,0.01,0.450,0.005,0.000,0.000,0.000,1.000,7.24,10.77567062,106.67090821,10.51,"10°46'32.41""N, 106°40'15.27""E",FIX,
14:51:58.874,1786175518.875,TRACKING,7.271,-0.000,-0.001,0.01,0.450,-0.004,0.000,0.000,0.000,1.000,7.27,10.77567062,106.67090821,10.51,"10°46'32.41""N, 106°40'15.27""E",FIX,
14:51:58.935,1786175518.935,TRACKING,7.298,-0.000,-0.001,0.01,0.450,-0.004,0.000,0.000,0.000,1.000,7.30,10.77567062,106.67090862,10.51,"10°46'32.41""N, 106°40'15.27""E",FIX,
14:51:59.013,1786175519.013,TRACKING,7.334,-0.000,-0.001,0.01,0.450,-0.003,0.000,0.000,0.000,1.000,7.33,10.77567062,106.67090862,10.51,"10°46'32.41""N, 106°40'15.27""E",FIX,
14:51:59.083,1786175519.083,TRACKING,7.361,-0.000,-0.001,0.01,0.450,-0.003,0.000,0.000,0.000,1.000,7.36,10.77567062,106.67090862,10.51,"10°46'32.41""N, 106°40'15.27""E",FIX,
14:51:59.162,1786175519.162,TRACKING,7.388,-0.000,-0.001,0.01,0.450,-0.003,0.000,0.000,0.000,1.000,7.39,10.77567062,106.67090903,10.51,"10°46'32.41""N, 106°40'15.27""E",FIX,
14:51:59.240,1786175519.240,TRACKING,7.415,-0.000,-0.001,0.01,0.450,0.004,0.000,0.000,0.000,1.000,7.42,10.77567062,106.67090903,10.51,"10°46'32.41""N, 106°40'15.27""E",FIX,
14:51:59.312,1786175519.312,TRACKING,7.451,-0.000,-0.001,0.01,0.450,-0.004,0.000,0.000,0.000,1.000,7.45,10.77567062,106.67090903,10.51,"10°46'32.41""N, 106°40'15.27""E",FIX,
14:51:59.381,1786175519.382,TRACKING,7.478,-0.000,-0.001,0.01,0.450,-0.004,0.000,0.000,0.000,1.000,7.48,10.77567062,106.67090944,10.51,"10°46'32.41""N, 106°40'15.27""E",FIX,
14:51:59.469,1786175519.470,TRACKING,7.514,-0.000,-0.002,0.01,0.450,-0.003,0.000,0.000,0.000,1.000,7.51,10.77567062,106.67090944,10.51,"10°46'32.41""N, 106°40'15.27""E",FIX,
14:51:59.532,1786175519.533,TRACKING,7.541,-0.000,-0.002,0.01,0.450,-0.003,0.000,0.000,0.000,1.000,7.54,10.77567062,106.67090944,10.51,"10°46'32.41""N, 106°40'15.27""E",FIX,
14:51:59.612,1786175519.612,TRACKING,7.568,-0.001,-0.002,0.01,0.450,0.001,0.000,0.000,0.000,1.000,7.57,10.77567062,106.67090985,10.51,"10°46'32.41""N, 106°40'15.28""E",FIX,
14:51:59.692,1786175519.693,TRACKING,7.604,-0.001,-0.002,0.00,0.450,0.003,0.000,0.000,0.000,1.000,7.60,10.77567062,106.67090985,10.51,"10°46'32.41""N, 106°40'15.28""E",FIX,
14:51:59.765,1786175519.766,TRACKING,7.631,-0.001,-0.002,0.01,0.450,-0.005,0.000,0.000,0.000,1.000,7.63,10.77567062,106.67090985,10.51,"10°46'32.41""N, 106°40'15.28""E",FIX,
14:51:59.826,1786175519.827,TRACKING,7.658,-0.001,-0.002,0.01,0.450,-0.005,0.000,0.000,0.000,1.000,7.66,10.77567062,106.67091027,10.51,"10°46'32.41""N, 106°40'15.28""E",FIX,
14:51:59.896,1786175519.896,TRACKING,7.685,-0.001,-0.002,-0.01,0.450,0.041,0.000,0.000,0.000,1.000,7.69,10.77567062,106.67091027,10.51,"10°46'32.41""N, 106°40'15.28""E",FIX,
14:51:59.976,1786175519.976,TRACKING,7.721,-0.001,0.000,-0.02,0.450,0.026,0.000,0.000,0.000,0.500,7.72,10.77567062,106.67091027,10.51,"10°46'32.41""N, 106°40'15.28""E",FIX,
14:52:00.044,1786175520.045,TRACKING,7.748,-0.001,0.002,-0.03,0.450,0.017,0.000,0.000,0.000,0.562,7.75,10.77567061,106.67091068,10.51,"10°46'32.41""N, 106°40'15.28""E",FIX,
14:52:00.117,1786175520.117,TRACKING,7.775,-0.001,0.003,-0.03,0.450,0.007,0.000,0.000,0.000,0.625,7.78,10.77567061,106.67091068,10.51,"10°46'32.41""N, 106°40'15.28""E",FIX,
14:52:00.181,1786175520.181,TRACKING,7.802,-0.001,0.004,-0.03,0.450,0.007,0.000,0.000,0.000,0.687,7.80,10.77567061,106.67091068,10.51,"10°46'32.41""N, 106°40'15.28""E",FIX,
14:52:00.263,1786175520.264,TRACKING,7.838,-0.000,0.004,-0.03,0.450,0.007,0.000,0.000,0.000,0.750,7.84,10.77567061,106.67091109,10.51,"10°46'32.41""N, 106°40'15.28""E",FIX,
14:52:00.323,1786175520.324,TRACKING,7.865,-0.000,0.005,-0.03,0.450,0.007,0.000,0.000,0.000,0.833,7.87,10.77567061,106.67091109,10.51,"10°46'32.41""N, 106°40'15.28""E",FIX,
14:52:00.407,1786175520.408,TRACKING,7.901,-0.000,0.005,-0.03,0.450,0.007,0.000,0.000,0.000,0.917,7.90,10.77567061,106.67091109,10.51,"10°46'32.41""N, 106°40'15.28""E",FIX,
14:52:00.464,1786175520.465,TRACKING,7.919,-0.000,0.006,-0.03,0.450,0.007,0.000,0.000,0.000,1.000,7.92,10.77567061,106.67091109,10.51,"10°46'32.41""N, 106°40'15.28""E",FIX,
14:52:00.547,1786175520.548,TRACKING,7.955,0.000,0.006,-0.03,0.450,0.007,0.000,0.000,0.000,1.000,7.96,10.77567061,106.67091150,10.51,"10°46'32.41""N, 106°40'15.28""E",FIX,
14:52:00.607,1786175520.608,TRACKING,7.982,0.000,0.007,-0.03,0.450,0.007,0.000,0.000,0.000,1.000,7.98,10.77567061,106.67091150,10.51,"10°46'32.41""N, 106°40'15.28""E",FIX,
14:52:00.688,1786175520.688,TRACKING,8.018,0.001,0.007,-0.03,0.450,0.007,0.000,0.000,0.000,1.000,8.02,10.77567061,106.67091191,10.51,"10°46'32.41""N, 106°40'15.28""E",FIX,
14:52:00.758,1786175520.758,TRACKING,8.045,0.001,0.008,-0.02,0.450,-0.000,0.000,0.000,0.000,1.000,8.05,10.77567061,106.67091191,10.51,"10°46'32.41""N, 106°40'15.28""E",FIX,
14:52:00.819,1786175520.820,TRACKING,8.072,0.001,0.008,-0.02,0.450,0.001,0.000,0.000,0.000,1.000,8.07,10.77567061,106.67091191,10.51,"10°46'32.41""N, 106°40'15.28""E",FIX,
14:52:00.900,1786175520.901,TRACKING,8.099,0.001,0.008,-0.02,0.450,0.010,0.000,0.000,0.000,1.000,8.10,10.77567061,106.67091191,10.51,"10°46'32.41""N, 106°40'15.28""E",FIX,
14:52:00.972,1786175520.973,TRACKING,8.135,0.001,0.008,-0.02,0.450,0.002,0.000,0.000,0.000,1.000,8.14,10.77567061,106.67091232,10.51,"10°46'32.41""N, 106°40'15.28""E",FIX,
14:52:01.062,1786175521.063,TRACKING,8.162,0.002,0.008,-0.02,0.450,0.003,0.000,0.000,0.000,1.000,8.16,10.77567061,106.67091232,10.51,"10°46'32.41""N, 106°40'15.28""E",FIX,
14:52:01.108,1786175521.108,TRACKING,8.189,0.002,0.009,-0.02,0.450,0.003,0.000,0.000,0.000,1.000,8.19,10.77567061,106.67091232,10.51,"10°46'32.41""N, 106°40'15.28""E",FIX,
14:52:01.194,1786175521.194,TRACKING,8.225,0.002,0.009,-0.02,0.450,0.004,0.000,0.000,0.000,1.000,8.23,10.77567062,106.67091273,10.51,"10°46'32.41""N, 106°40'15.29""E",FIX,
14:52:01.253,1786175521.253,TRACKING,8.252,0.002,0.009,-0.02,0.450,0.004,0.000,0.000,0.000,1.000,8.25,10.77567062,106.67091273,10.51,"10°46'32.41""N, 106°40'15.29""E",FIX,
14:52:01.319,1786175521.319,TRACKING,8.279,0.003,0.009,-0.02,0.450,0.004,0.000,0.000,0.000,1.000,8.28,10.77567062,106.67091273,10.51,"10°46'32.41""N, 106°40'15.29""E",FIX,
14:52:01.404,1786175521.404,TRACKING,8.315,0.003,0.010,-0.02,0.450,0.005,0.000,0.000,0.000,1.000,8.32,10.77567062,106.67091315,10.51,"10°46'32.41""N, 106°40'15.29""E",FIX,
14:52:01.474,1786175521.474,TRACKING,8.342,0.003,0.010,-0.02,0.450,0.005,0.000,0.000,0.000,1.000,8.34,10.77567062,106.67091315,10.51,"10°46'32.41""N, 106°40'15.29""E",FIX,
14:52:01.546,1786175521.547,TRACKING,8.369,0.004,0.010,-0.02,0.450,0.005,0.000,0.000,0.000,1.000,8.37,10.77567062,106.67091315,10.51,"10°46'32.41""N, 106°40'15.29""E",FIX,
14:52:01.608,1786175521.609,TRACKING,8.396,0.004,0.010,-0.02,0.450,0.005,0.000,0.000,0.000,1.000,8.40,10.77567062,106.67091356,10.51,"10°46'32.41""N, 106°40'15.29""E",FIX,
14:52:01.684,1786175521.684,TRACKING,8.432,0.004,0.011,-0.02,0.450,0.005,0.000,0.000,0.000,1.000,8.43,10.77567062,106.67091356,10.51,"10°46'32.41""N, 106°40'15.29""E",FIX,
14:52:01.752,1786175521.753,TRACKING,8.459,0.005,0.011,-0.02,0.450,0.013,0.000,0.000,0.000,1.000,8.46,10.77567062,106.67091356,10.51,"10°46'32.41""N, 106°40'15.29""E",FIX,
14:52:01.830,1786175521.831,TRACKING,8.486,0.005,0.012,-0.02,0.450,0.010,0.000,0.000,0.000,1.000,8.49,10.77567062,106.67091397,10.51,"10°46'32.41""N, 106°40'15.29""E",FIX,
14:52:03.489,1786175523.489,UTURN_PLANNING,9.153,0.014,0.013,0.00,0.000,0.000,0.000,0.000,0.000,0.000,0.00,10.77567063,106.67091685,10.51,"10°46'32.41""N, 106°40'15.30""E",FIX,
14:52:03.552,1786175523.553,PATH_FOLLOWING,9.153,0.014,0.013,88.68,0.020,-1.500,0.000,0.000,0.000,0.000,0.00,10.77567064,106.67091713,10.51,"10°46'32.41""N, 106°40'15.30""E",FIX,
14:52:03.614,1786175523.615,PATH_FOLLOWING,9.154,0.014,-0.056,88.68,0.020,-1.500,0.000,0.000,0.000,0.000,0.00,10.77567064,106.67091713,10.51,"10°46'32.41""N, 106°40'15.30""E",FIX,
14:52:03.694,1786175523.694,PATH_FOLLOWING,9.155,0.014,-0.146,88.68,0.020,-1.500,0.000,0.000,0.000,0.000,0.00,10.77567064,106.67091713,10.51,"10°46'32.41""N, 106°40'15.30""E",FIX,
14:52:03.764,1786175523.764,PATH_FOLLOWING,9.157,0.013,-0.266,88.68,0.020,-1.500,0.000,0.000,0.000,0.000,0.00,10.77567064,106.67091714,10.51,"10°46'32.41""N, 106°40'15.30""E",FIX,
14:52:03.824,1786175523.825,PATH_FOLLOWING,9.157,0.013,-0.326,88.68,0.020,-1.500,0.000,0.000,0.000,0.000,0.00,10.77567064,106.67091714,10.51,"10°46'32.41""N, 106°40'15.30""E",FIX,
14:52:03.895,1786175523.895,PATH_FOLLOWING,9.159,0.012,-0.446,88.68,0.020,-1.500,0.000,0.000,0.000,0.000,0.00,10.77567064,106.67091714,10.51,"10°46'32.41""N, 106°40'15.30""E",FIX,
14:52:03.968,1786175523.969,PATH_FOLLOWING,9.160,0.012,-0.536,88.68,0.020,-1.500,0.000,0.000,0.000,0.000,0.00,10.77567066,106.67091716,10.51,"10°46'32.41""N, 106°40'15.30""E",FIX,
14:52:04.056,1786175524.057,PATH_FOLLOWING,9.161,0.011,-0.626,88.68,0.020,-1.500,0.000,0.000,0.000,0.000,0.00,10.77567066,106.67091716,10.51,"10°46'32.41""N, 106°40'15.30""E",FIX,
14:52:04.136,1786175524.137,PATH_FOLLOWING,9.162,0.010,-0.746,88.68,0.020,-1.500,0.000,0.000,0.000,0.000,0.00,10.77567066,106.67091716,10.51,"10°46'32.41""N, 106°40'15.30""E",FIX,
14:52:04.198,1786175524.198,PATH_FOLLOWING,9.163,0.009,-0.836,88.68,0.020,-1.500,0.000,0.000,0.000,0.000,0.00,10.77567069,106.67091718,10.51,"10°46'32.41""N, 106°40'15.30""E",FIX,
14:52:04.282,1786175524.283,PATH_FOLLOWING,9.164,0.008,-0.956,87.69,0.035,-1.500,0.000,0.000,0.000,0.000,0.00,10.77567069,106.67091718,10.51,"10°46'32.41""N, 106°40'15.30""E",FIX,
14:52:04.362,1786175524.363,PATH_FOLLOWING,9.165,0.006,-1.076,86.20,0.058,-1.500,0.000,0.000,0.000,0.000,0.00,10.77567069,106.67091718,10.51,"10°46'32.41""N, 106°40'15.30""E",FIX,
14:52:04.414,1786175524.415,PATH_FOLLOWING,9.166,0.005,-1.136,85.36,0.071,-1.500,0.000,0.000,0.000,0.000,0.00,10.77567078,106.67091720,10.51,"10°46'32.41""N, 106°40'15.30""E",FIX,
14:52:04.482,1786175524.482,PATH_FOLLOWING,9.167,0.001,-1.226,84.04,0.091,-1.500,0.000,0.000,0.000,0.000,0.00,10.77567078,106.67091720,10.51,"10°46'32.41""N, 106°40'15.30""E",FIX,
14:52:04.553,1786175524.553,PATH_FOLLOWING,9.169,-0.003,-1.316,82.67,0.112,-1.500,0.000,0.000,0.000,0.000,0.00,10.77567078,106.67091720,10.51,"10°46'32.41""N, 106°40'15.30""E",FIX,
14:52:04.640,1786175524.640,PATH_FOLLOWING,9.171,-0.014,-1.466,80.39,0.147,-1.500,0.000,0.000,0.000,0.000,0.00,10.77567099,106.67091727,10.51,"10°46'32.42""N, 106°40'15.30""E",FIX,
14:52:04.697,1786175524.698,PATH_FOLLOWING,9.171,-0.019,-1.526,79.51,0.161,-1.500,0.000,0.000,0.000,0.000,0.00,10.77567099,106.67091727,10.51,"10°46'32.42""N, 106°40'15.30""E",FIX,
14:52:04.778,1786175524.778,PATH_FOLLOWING,9.171,-0.031,-1.646,77.88,0.187,-1.500,0.000,0.000,0.000,0.000,0.00,10.77567099,106.67091727,10.51,"10°46'32.42""N, 106°40'15.30""E",FIX,
14:52:04.849,1786175524.849,PATH_FOLLOWING,9.170,-0.042,-1.736,76.78,0.204,-1.500,0.000,0.000,0.000,0.000,0.00,10.77567102,106.67091737,10.51,"10°46'32.42""N, 106°40'15.30""E",FIX,
14:52:04.915,1786175524.916,PATH_FOLLOWING,9.167,-0.053,-1.826,0.00,0.000,0.000,0.000,0.000,0.000,0.750,0.00,10.77567102,106.67091737,10.51,"10°46'32.42""N, 106°40'15.30""E",FIX,
14:52:04.989,1786175524.989,TRACKING,9.165,-0.061,-1.883,0.55,0.450,-0.220,0.000,0.000,0.000,0.729,0.01,10.77567102,106.67091737,10.51,"10°46'32.42""N, 106°40'15.30""E",FIX,
14:52:05.055,1786175525.055,TRACKING,9.161,-0.073,-1.889,0.91,0.450,-1.012,0.000,0.000,0.000,0.750,0.02,10.77567096,106.67091746,10.51,"10°46'32.42""N, 106°40'15.30""E",FIX,
14:52:05.120,1786175525.120,TRACKING,9.152,-0.098,-1.923,1.15,0.450,-0.838,0.000,0.000,0.000,0.771,0.05,10.77567096,106.67091746,10.51,"10°46'32.42""N, 106°40'15.30""E",FIX,
14:52:05.178,1786175525.178,TRACKING,9.142,-0.124,-1.979,1.24,0.450,-0.572,0.000,0.000,0.000,0.833,0.07,10.77567096,106.67091746,10.51,"10°46'32.42""N, 106°40'15.30""E",FIX,
14:52:05.259,1786175525.259,TRACKING,9.127,-0.156,-2.032,1.25,0.450,-0.348,0.000,0.000,0.000,0.875,0.11,10.77567066,106.67091772,10.51,"10°46'32.41""N, 106°40'15.30""E",FIX,
14:52:05.322,1786175525.322,TRACKING,9.115,-0.180,-2.058,1.22,0.450,-0.253,0.000,0.000,0.000,0.937,0.14,10.77567066,106.67091772,10.51,"10°46'32.41""N, 106°40'15.30""E",FIX,
14:52:05.404,1786175525.404,TRACKING,9.097,-0.212,-2.080,1.20,0.450,-0.270,0.000,0.000,0.000,1.000,0.17,10.77567066,106.67091772,10.51,"10°46'32.41""N, 106°40'15.30""E",FIX,
14:52:05.468,1786175525.468,TRACKING,9.088,-0.227,-2.091,1.18,0.450,-0.267,0.000,0.000,0.000,1.000,0.19,10.77567049,106.67091784,10.51,"10°46'32.41""N, 106°40'15.30""E",FIX,
14:52:05.530,1786175525.531,TRACKING,9.075,-0.251,-2.107,1.16,0.450,-0.283,0.000,0.000,0.000,1.000,0.22,10.77567049,106.67091784,10.51,"10°46'32.41""N, 106°40'15.30""E",FIX,
14:52:05.611,1786175525.612,TRACKING,9.051,-0.289,-2.135,1.16,0.450,-0.294,0.000,0.000,0.000,1.000,0.26,10.77567049,106.67091784,10.51,"10°46'32.41""N, 106°40'15.30""E",FIX,
14:52:05.699,1786175525.699,TRACKING,9.032,-0.319,-2.158,1.15,0.450,-0.297,0.000,0.000,0.000,1.000,0.30,10.77567049,106.67091784,10.51,"10°46'32.41""N, 106°40'15.30""E",FIX,
14:52:05.760,1786175525.761,TRACKING,9.022,-0.334,-2.170,1.15,0.450,-0.297,0.000,0.000,0.000,1.000,0.32,10.77567049,106.67091784,10.51,"10°46'32.41""N, 106°40'15.30""E",FIX,
14:52:05.816,1786175525.816,TRACKING,9.006,-0.356,-2.188,1.15,0.450,-0.298,0.000,0.000,0.000,1.000,0.34,10.77567049,106.67091784,10.51,"10°46'32.41""N, 106°40'15.30""E",FIX,
14:52:05.905,1786175525.906,TRACKING,8.985,-0.386,-2.211,1.14,0.450,-0.302,0.000,0.000,0.000,1.000,0.38,10.77567049,106.67091784,10.51,"10°46'32.41""N, 106°40'15.30""E",FIX,
14:52:05.970,1786175525.971,TRACKING,8.969,-0.407,-2.229,1.14,0.450,-0.302,0.000,0.000,0.000,1.000,0.41,10.77567049,106.67091784,10.51,"10°46'32.41""N, 106°40'15.30""E",FIX,
14:52:06.023,1786175526.024,TRACKING,8.958,-0.421,-2.242,1.14,0.450,-0.302,0.000,0.000,0.000,1.000,0.43,10.77567049,106.67091784,10.51,"10°46'32.41""N, 106°40'15.30""E",FIX,
14:52:06.115,1786175526.116,TRACKING,8.929,-0.456,-2.272,1.14,0.450,-0.303,0.000,0.000,0.000,1.000,0.47,10.77567049,106.67091784,10.51,"10°46'32.41""N, 106°40'15.30""E",FIX,
14:52:06.190,1786175526.190,TRACKING,8.912,-0.477,-2.290,1.14,0.450,-0.303,0.000,0.000,0.000,1.000,0.50,10.77567049,106.67091784,10.51,"10°46'32.41""N, 106°40'15.30""E",FIX,
14:52:06.247,1786175526.247,TRACKING,8.894,-0.497,-2.308,1.14,0.450,-0.303,0.000,0.000,0.000,1.000,0.52,10.77567049,106.67091784,10.51,"10°46'32.41""N, 106°40'15.30""E",FIX,
14:52:06.326,1786175526.327,TRACKING,8.875,-0.516,-2.326,1.14,0.450,-0.303,0.000,0.000,0.000,1.000,0.55,10.77567049,106.67091784,10.51,"10°46'32.41""N, 106°40'15.30""E",FIX,
14:52:06.395,1786175526.396,TRACKING,8.857,-0.536,-2.344,1.14,0.450,-0.303,0.000,0.000,0.000,1.000,0.58,10.77567049,106.67091784,10.51,"10°46'32.41""N, 106°40'15.30""E",FIX,
14:52:06.478,1786175526.478,TRACKING,8.831,-0.561,-2.369,1.14,0.450,-0.303,0.000,0.000,0.000,1.000,0.61,10.77567049,106.67091784,10.51,"10°46'32.41""N, 106°40'15.30""E",FIX,
14:52:06.550,1786175526.550,TRACKING,8.812,-0.580,-2.387,1.14,0.450,-0.303,0.000,0.000,0.000,1.000,0.64,10.77567049,106.67091784,10.51,"10°46'32.41""N, 106°40'15.30""E",FIX,
14:52:06.640,1786175526.640,TRACKING,8.785,-0.604,-2.411,1.14,0.450,-0.303,0.000,0.000,0.000,1.000,0.68,10.77567049,106.67091784,10.51,"10°46'32.41""N, 106°40'15.30""E",FIX,
14:52:06.712,1786175526.713,TRACKING,8.765,-0.622,-2.429,1.14,0.450,-0.303,0.000,0.000,0.000,1.000,0.70,10.77567049,106.67091784,10.51,"10°46'32.41""N, 106°40'15.30""E",FIX,
14:52:06.789,1786175526.790,TRACKING,8.744,-0.640,-2.447,1.14,0.450,-0.303,0.000,0.000,0.000,1.000,0.73,10.77567049,106.67091784,10.51,"10°46'32.41""N, 106°40'15.30""E",FIX,
14:52:06.863,1786175526.863,TRACKING,8.716,-0.662,-2.472,1.14,0.450,-0.303,0.000,0.000,0.000,1.000,0.77,10.77567049,106.67091784,10.51,"10°46'32.41""N, 106°40'15.30""E",FIX,
14:52:06.928,1786175526.928,TRACKING,8.702,-0.674,-2.484,1.14,0.450,-0.303,0.000,0.000,0.000,1.000,0.79,10.77567049,106.67091784,10.51,"10°46'32.41""N, 106°40'15.30""E",FIX,
14:52:07.008,1786175527.009,TRACKING,8.673,-0.695,-2.508,1.14,0.450,-0.303,0.000,0.000,0.000,1.000,0.82,10.77567049,106.67091784,10.51,"10°46'32.41""N, 106°40'15.30""E",FIX,
14:52:07.081,1786175527.082,TRACKING,8.651,-0.711,-2.526,1.14,0.450,-0.303,0.000,0.000,0.000,1.000,0.85,10.77567049,106.67091784,10.51,"10°46'32.41""N, 106°40'15.30""E",FIX,
14:52:07.142,1786175527.142,TRACKING,8.629,-0.726,-2.544,1.14,0.450,-0.303,0.000,0.000,0.000,1.000,0.88,10.77567049,106.67091784,10.51,"10°46'32.41""N, 106°40'15.30""E",FIX,
14:52:07.217,1786175527.218,TRACKING,8.599,-0.746,-2.569,1.14,0.450,-0.303,0.000,0.000,0.000,1.000,0.91,10.77567049,106.67091784,10.51,"10°46'32.41""N, 106°40'15.30""E",FIX,
14:52:07.299,1786175527.300,TRACKING,8.576,-0.761,-2.587,1.14,0.450,-0.303,0.000,0.000,0.000,1.000,0.94,10.77567049,106.67091784,10.51,"10°46'32.41""N, 106°40'15.30""E",FIX,
14:52:07.360,1786175527.360,TRACKING,8.553,-0.775,-2.605,1.14,0.450,-0.303,0.000,0.000,0.000,1.000,0.97,10.77567049,106.67091784,10.51,"10°46'32.41""N, 106°40'15.30""E",FIX,
14:52:07.436,1786175527.436,TRACKING,8.522,-0.793,-2.629,1.14,0.450,-0.303,0.000,0.000,0.000,1.000,1.00,10.77567049,106.67091784,10.51,"10°46'32.41""N, 106°40'15.30""E",FIX,
14:52:07.504,1786175527.505,TRACKING,8.499,-0.806,-2.647,1.14,0.450,-0.303,0.000,0.000,0.000,1.000,1.03,10.77567049,106.67091784,10.51,"10°46'32.41""N, 106°40'15.30""E",FIX,
14:52:07.571,1786175527.572,TRACKING,8.475,-0.818,-2.666,1.14,0.450,-0.303,0.000,0.000,0.000,1.000,1.06,10.77567049,106.67091784,10.51,"10°46'32.41""N, 106°40'15.30""E",FIX,
14:52:07.659,1786175527.660,TRACKING,8.451,-0.830,-2.684,1.14,0.450,-0.303,0.000,0.000,0.000,1.000,1.08,10.77567049,106.67091784,10.51,"10°46'32.41""N, 106°40'15.30""E",FIX,
14:52:07.729,1786175527.730,TRACKING,8.418,-0.846,-2.708,1.14,0.450,-0.303,0.000,0.000,0.000,1.000,1.12,10.77567049,106.67091784,10.51,"10°46'32.41""N, 106°40'15.30""E",FIX,
14:52:07.803,1786175527.804,TRACKING,8.393,-0.857,-2.726,1.14,0.450,-0.303,0.000,0.000,0.000,1.000,1.15,10.77567049,106.67091784,10.51,"10°46'32.41""N, 106°40'15.30""E",FIX,
14:52:07.900,1786175527.901,TRACKING,8.369,-0.868,-2.744,1.14,0.450,-0.303,0.000,0.000,0.000,1.000,1.17,10.77567049,106.67091784,10.51,"10°46'32.41""N, 106°40'15.30""E",FIX,
14:52:07.976,1786175527.977,TRACKING,8.335,-0.881,-2.769,1.14,0.450,-0.303,0.000,0.000,0.000,1.000,1.21,10.77567049,106.67091784,10.51,"10°46'32.41""N, 106°40'15.30""E",FIX,
14:52:08.050,1786175528.051,TRACKING,8.310,-0.891,-2.787,1.14,0.450,-0.303,0.000,0.000,0.000,1.000,1.24,10.77567049,106.67091784,10.51,"10°46'32.41""N, 106°40'15.30""E",FIX,
14:52:08.130,1786175528.131,TRACKING,8.276,-0.903,-2.811,1.14,0.450,-0.303,0.000,0.000,0.000,1.000,1.27,10.77567049,106.67091784,10.51,"10°46'32.41""N, 106°40'15.30""E",FIX,
14:52:08.202,1786175528.202,TRACKING,8.251,-0.912,-2.829,1.14,0.450,-0.303,0.000,0.000,0.000,1.000,1.30,10.77567049,106.67091784,10.51,"10°46'32.41""N, 106°40'15.30""E",FIX,
14:52:08.273,1786175528.274,TRACKING,8.225,-0.920,-2.847,1.14,0.450,-0.303,0.000,0.000,0.000,1.000,1.33,10.77567049,106.67091784,10.51,"10°46'32.41""N, 106°40'15.30""E",FIX,
14:52:08.353,1786175528.353,TRACKING,8.190,-0.930,-2.872,1.14,0.450,-0.303,0.000,0.000,0.000,1.000,1.36,10.77567049,106.67091784,10.51,"10°46'32.41""N, 106°40'15.30""E",FIX,
14:52:08.408,1786175528.408,TRACKING,8.173,-0.934,-2.884,1.14,0.450,-0.303,0.000,0.000,0.000,1.000,1.38,10.77567049,106.67091784,10.51,"10°46'32.41""N, 106°40'15.30""E",FIX,
14:52:08.482,1786175528.482,TRACKING,8.138,-0.943,-2.908,1.14,0.450,-0.303,0.000,0.000,0.000,1.000,1.42,10.77567049,106.67091784,10.51,"10°46'32.41""N, 106°40'15.30""E",FIX,
14:52:08.568,1786175528.569,TRACKING,8.103,-0.951,-2.932,1.14,0.450,-0.303,0.000,0.000,0.000,1.000,1.45,10.77567049,106.67091784,10.51,"10°46'32.41""N, 106°40'15.30""E",FIX,
14:52:08.636,1786175528.636,TRACKING,8.076,-0.956,-2.950,1.14,0.450,-0.303,0.000,0.000,0.000,1.000,1.48,10.77567049,106.67091784,10.51,"10°46'32.41""N, 106°40'15.30""E",FIX,
14:52:08.706,1786175528.706,TRACKING,8.050,-0.961,-2.969,1.14,0.450,-0.303,0.000,0.000,0.000,1.000,1.51,10.77567049,106.67091784,10.51,"10°46'32.41""N, 106°40'15.30""E",FIX,
14:52:08.784,1786175528.785,TRACKING,8.014,-0.967,-2.993,1.14,0.450,-0.303,0.000,0.000,0.000,1.000,1.54,10.77567049,106.67091784,10.51,"10°46'32.41""N, 106°40'15.30""E",FIX,
14:52:08.856,1786175528.857,TRACKING,7.987,-0.971,-3.011,1.14,0.450,-0.303,0.000,0.000,0.000,1.000,1.57,10.77567049,106.67091784,10.51,"10°46'32.41""N, 106°40'15.30""E",FIX,
14:52:08.917,1786175528.918,TRACKING,7.970,-0.973,-3.023,1.14,0.450,-0.303,0.000,0.000,0.000,1.000,1.59,10.77567049,106.67091784,10.51,"10°46'32.41""N, 106°40'15.30""E",FIX,
14:52:08.986,1786175528.986,TRACKING,7.934,-0.977,-3.047,1.14,0.450,-0.303,0.000,0.000,0.000,1.000,1.62,10.77567049,106.67091784,10.51,"10°46'32.41""N, 106°40'15.30""E",FIX,
14:52:09.064,1786175529.065,TRACKING,7.907,-0.979,-3.066,1.14,0.450,-0.303,0.000,0.000,0.000,1.000,1.65,10.77567049,106.67091784,10.51,"10°46'32.41""N, 106°40'15.30""E",FIX,
14:52:09.127,1786175529.128,TRACKING,7.880,-0.981,-3.084,1.14,0.450,-0.303,0.000,0.000,0.000,1.000,1.68,10.77567049,106.67091784,10.51,"10°46'32.41""N, 106°40'15.30""E",FIX,
14:52:09.196,1786175529.197,TRACKING,7.844,-0.983,-3.108,1.14,0.450,-0.303,0.000,0.000,0.000,1.000,1.71,10.77567049,106.67091784,10.51,"10°46'32.41""N, 106°40'15.30""E",FIX,
14:52:09.280,1786175529.280,TRACKING,7.808,-0.983,-3.132,1.14,0.450,-0.303,0.000,0.000,0.000,1.000,1.75,10.77567049,106.67091784,10.51,"10°46'32.41""N, 106°40'15.30""E",FIX,
14:52:09.416,1786175529.417,REACTIVE_AVOID,7.772,-0.983,3.126,1.14,0.000,0.000,0.000,0.000,0.000,1.000,1.78,10.77567049,106.67091784,10.51,"10°46'32.41""N, 106°40'15.30""E",FIX,
14:52:09.487,1786175529.488,REACTIVE_AVOID,7.772,-0.983,3.126,1.14,0.000,0.000,0.000,0.000,0.000,1.000,1.78,10.77567049,106.67091784,10.51,"10°46'32.41""N, 106°40'15.30""E",FIX,
14:52:09.571,1786175529.572,REACTIVE_AVOID,7.772,-0.983,3.126,1.14,0.000,0.000,0.000,0.000,0.000,1.000,1.78,10.77567049,106.67091784,10.51,"10°46'32.41""N, 106°40'15.30""E",FIX,
14:52:09.627,1786175529.628,REACTIVE_AVOID,7.772,-0.983,3.126,1.14,0.000,0.000,0.000,0.000,0.000,1.000,1.78,10.77567049,106.67091784,10.51,"10°46'32.41""N, 106°40'15.30""E",FIX,
14:52:09.695,1786175529.696,REACTIVE_AVOID,7.772,-0.983,3.126,1.14,0.000,0.000,0.000,0.000,0.000,1.000,1.78,10.77567049,106.67091784,10.51,"10°46'32.41""N, 106°40'15.30""E",FIX,
14:52:09.773,1786175529.774,REACTIVE_AVOID,7.772,-0.983,3.126,1.14,0.000,0.000,0.000,0.000,0.000,1.000,1.78,10.77567049,106.67091784,10.51,"10°46'32.41""N, 106°40'15.30""E",FIX,
14:52:09.838,1786175529.838,REACTIVE_AVOID,7.772,-0.983,3.126,1.14,0.000,0.000,0.000,0.000,0.000,1.000,1.78,10.77567049,106.67091784,10.51,"10°46'32.41""N, 106°40'15.30""E",FIX,
14:52:09.918,1786175529.919,REACTIVE_AVOID,7.772,-0.983,3.126,1.14,0.000,0.000,0.000,0.000,0.000,1.000,1.78,10.77567049,106.67091784,10.51,"10°46'32.41""N, 106°40'15.30""E",FIX,
14:52:09.986,1786175529.987,REACTIVE_AVOID,7.772,-0.983,3.126,1.14,0.000,0.000,0.000,0.000,0.000,1.000,1.78,10.77567049,106.67091784,10.51,"10°46'32.41""N, 106°40'15.30""E",FIX,
14:52:10.060,1786175530.060,REACTIVE_AVOID,7.772,-0.983,3.126,1.14,0.000,0.000,0.000,0.000,0.000,1.000,1.78,10.77567049,106.67091784,10.51,"10°46'32.41""N, 106°40'15.30""E",FIX,
14:52:10.121,1786175530.121,REACTIVE_AVOID,7.772,-0.983,3.126,1.14,0.000,0.000,0.000,0.000,0.000,1.000,1.78,10.77567049,106.67091784,10.51,"10°46'32.41""N, 106°40'15.30""E",FIX,
14:52:10.196,1786175530.197,REACTIVE_AVOID,7.772,-0.983,3.126,1.14,0.000,0.000,0.000,0.000,0.000,1.000,1.78,10.77567049,106.67091784,10.51,"10°46'32.41""N, 106°40'15.30""E",FIX,
14:52:10.280,1786175530.281,REACTIVE_AVOID,7.772,-0.983,3.126,1.14,0.000,0.000,0.000,0.000,0.000,1.000,1.78,10.77567049,106.67091784,10.51,"10°46'32.41""N, 106°40'15.30""E",FIX,
14:52:10.336,1786175530.337,REACTIVE_AVOID,7.772,-0.983,3.126,1.14,0.000,0.000,0.000,0.000,0.000,1.000,1.78,10.77567049,106.67091784,10.51,"10°46'32.41""N, 106°40'15.30""E",FIX,
14:52:10.406,1786175530.407,REACTIVE_AVOID,7.772,-0.983,3.126,1.14,0.000,0.000,0.000,0.000,0.000,1.000,1.78,10.77567049,106.67091784,10.51,"10°46'32.41""N, 106°40'15.30""E",FIX,
14:52:10.494,1786175530.494,REACTIVE_AVOID,7.772,-0.983,3.126,1.14,0.000,0.000,0.000,0.000,0.000,1.000,1.78,10.77567049,106.67091784,10.51,"10°46'32.41""N, 106°40'15.30""E",FIX,
14:52:10.554,1786175530.554,REACTIVE_AVOID,7.772,-0.983,3.126,1.14,0.000,0.000,0.000,0.000,0.000,1.000,1.78,10.77567049,106.67091784,10.51,"10°46'32.41""N, 106°40'15.30""E",FIX,
14:52:10.648,1786175530.648,REACTIVE_AVOID,7.772,-0.983,3.126,1.14,0.000,0.000,0.000,0.000,0.000,1.000,1.78,10.77567049,106.67091784,10.51,"10°46'32.41""N, 106°40'15.30""E",FIX,
14:52:10.715,1786175530.715,REACTIVE_AVOID,7.772,-0.983,3.126,1.14,0.000,0.000,0.000,0.000,0.000,1.000,1.78,10.77567049,106.67091784,10.51,"10°46'32.41""N, 106°40'15.30""E",FIX,
14:52:10.789,1786175530.789,REACTIVE_AVOID,7.772,-0.983,3.126,1.14,0.000,0.000,0.000,0.000,0.000,1.000,1.78,10.77567049,106.67091784,10.51,"10°46'32.41""N, 106°40'15.30""E",FIX,
14:52:10.854,1786175530.855,REACTIVE_AVOID,7.772,-0.983,3.126,1.14,0.000,0.000,0.000,0.000,0.000,1.000,1.78,10.77567049,106.67091784,10.51,"10°46'32.41""N, 106°40'15.30""E",FIX,
14:52:10.931,1786175530.931,REACTIVE_AVOID,7.772,-0.983,3.126,1.14,0.000,0.000,0.000,0.000,0.000,1.000,1.78,10.77567049,106.67091784,10.51,"10°46'32.41""N, 106°40'15.30""E",FIX,
14:52:11.013,1786175531.013,REACTIVE_AVOID,7.772,-0.983,3.126,1.14,0.000,0.000,0.000,0.000,0.000,1.000,1.78,10.77567049,106.67091784,10.51,"10°46'32.41""N, 106°40'15.30""E",FIX,
14:52:11.062,1786175531.063,REACTIVE_AVOID,7.772,-0.983,3.126,1.14,0.000,0.000,0.000,0.000,0.000,1.000,1.78,10.77567049,106.67091784,10.51,"10°46'32.41""N, 106°40'15.30""E",FIX,
14:52:11.143,1786175531.143,REACTIVE_AVOID,7.772,-0.983,3.126,1.14,0.000,0.000,0.000,0.000,0.000,1.000,1.78,10.77567049,106.67091784,10.51,"10°46'32.41""N, 106°40'15.30""E",FIX,
14:52:11.205,1786175531.206,REACTIVE_AVOID,7.772,-0.983,3.126,1.14,0.000,0.000,0.000,0.000,0.000,1.000,1.78,10.77567049,106.67091784,10.51,"10°46'32.41""N, 106°40'15.30""E",FIX,
14:52:11.271,1786175531.272,REACTIVE_AVOID,7.772,-0.983,3.126,1.14,0.000,0.000,0.000,0.000,0.000,1.000,1.78,10.77567049,106.67091784,10.51,"10°46'32.41""N, 106°40'15.30""E",FIX,
14:52:11.351,1786175531.352,REACTIVE_AVOID,7.772,-0.983,3.126,1.14,0.000,0.000,0.000,0.000,0.000,1.000,1.78,10.77567049,106.67091784,10.51,"10°46'32.41""N, 106°40'15.30""E",FIX,
14:52:11.420,1786175531.421,REACTIVE_AVOID,7.772,-0.983,3.126,1.14,0.000,0.000,0.000,0.000,0.000,1.000,1.78,10.77567049,106.67091784,10.51,"10°46'32.41""N, 106°40'15.30""E",FIX,
14:52:11.481,1786175531.481,REACTIVE_AVOID,7.772,-0.983,3.126,1.14,0.000,0.000,0.000,0.000,0.000,1.000,1.78,10.77567049,106.67091784,10.51,"10°46'32.41""N, 106°40'15.30""E",FIX,
14:52:11.541,1786175531.542,REACTIVE_AVOID,7.772,-0.983,3.126,1.14,0.000,0.000,0.000,0.000,0.000,1.000,1.78,10.77567049,106.67091784,10.51,"10°46'32.41""N, 106°40'15.30""E",FIX,
14:52:11.620,1786175531.620,REACTIVE_AVOID,7.772,-0.983,3.126,1.14,0.000,0.000,0.000,0.000,0.000,1.000,1.78,10.77567049,106.67091784,10.51,"10°46'32.41""N, 106°40'15.30""E",FIX,
14:52:11.693,1786175531.693,REACTIVE_AVOID,7.772,-0.983,3.126,1.14,0.000,0.000,0.000,0.000,0.000,1.000,1.78,10.77567049,106.67091784,10.51,"10°46'32.41""N, 106°40'15.30""E",FIX,
14:52:11.759,1786175531.760,REACTIVE_AVOID,7.772,-0.983,3.126,1.14,0.000,0.000,0.000,0.000,0.000,1.000,1.78,10.77567049,106.67091784,10.51,"10°46'32.41""N, 106°40'15.30""E",FIX,
14:52:11.836,1786175531.836,REACTIVE_AVOID,7.772,-0.983,3.126,1.14,0.000,0.000,0.000,0.000,0.000,1.000,1.78,10.77567049,106.67091784,10.51,"10°46'32.41""N, 106°40'15.30""E",FIX,
14:52:11.898,1786175531.898,REACTIVE_AVOID,7.772,-0.983,3.126,1.14,0.000,0.000,0.000,0.000,0.000,1.000,1.78,10.77567049,106.67091784,10.51,"10°46'32.41""N, 106°40'15.30""E",FIX,
14:52:11.970,1786175531.971,REACTIVE_AVOID,7.772,-0.983,3.126,1.14,0.000,0.000,0.000,0.000,0.000,1.000,1.78,10.77567049,106.67091784,10.51,"10°46'32.41""N, 106°40'15.30""E",FIX,
14:52:12.046,1786175532.047,REACTIVE_AVOID,7.772,-0.983,3.126,1.14,0.000,0.000,0.000,0.000,0.000,1.000,1.78,10.77567049,106.67091784,10.51,"10°46'32.41""N, 106°40'15.30""E",FIX,
14:52:12.114,1786175532.114,REACTIVE_AVOID,7.772,-0.983,3.126,1.14,0.000,0.000,0.000,0.000,0.000,1.000,1.78,10.77567049,106.67091784,10.51,"10°46'32.41""N, 106°40'15.30""E",FIX,
14:52:12.179,1786175532.180,REACTIVE_AVOID,7.772,-0.983,3.126,1.14,0.000,0.000,0.000,0.000,0.000,1.000,1.78,10.77567049,106.67091784,10.51,"10°46'32.41""N, 106°40'15.30""E",FIX,
14:52:12.249,1786175532.249,REACTIVE_AVOID,7.772,-0.983,3.126,1.14,0.000,0.000,0.000,0.000,0.000,1.000,1.78,10.77567049,106.67091784,10.51,"10°46'32.41""N, 106°40'15.30""E",FIX,
14:52:12.319,1786175532.319,REACTIVE_AVOID,7.772,-0.983,3.126,1.14,0.000,0.000,0.000,0.000,0.000,1.000,1.78,10.77567049,106.67091784,10.51,"10°46'32.41""N, 106°40'15.30""E",FIX,
14:52:12.413,1786175532.413,REACTIVE_AVOID,7.772,-0.983,3.126,1.14,0.000,0.000,0.000,0.000,0.000,1.000,1.78,10.77567049,106.67091784,10.51,"10°46'32.41""N, 106°40'15.30""E",FIX,
14:52:12.483,1786175532.484,REACTIVE_AVOID,7.772,-0.983,3.126,1.14,0.000,0.000,0.000,0.000,0.000,1.000,1.78,10.77567049,106.67091784,10.51,"10°46'32.41""N, 106°40'15.30""E",FIX,
14:52:12.558,1786175532.559,REACTIVE_AVOID,7.772,-0.983,3.126,1.14,0.000,0.000,0.000,0.000,0.000,1.000,1.78,10.77567049,106.67091784,10.51,"10°46'32.41""N, 106°40'15.30""E",FIX,
14:52:12.726,1786175532.726,AVOID_PLANNING,7.772,-0.983,3.126,1.14,0.000,0.000,0.000,0.000,0.000,1.000,1.78,10.77567049,106.67091784,10.51,"10°46'32.41""N, 106°40'15.30""E",FIX,
14:52:12.783,1786175532.783,PATH_FOLLOWING,7.772,-0.983,3.126,81.58,0.129,-1.500,0.000,0.000,0.000,1.000,1.78,10.77567049,106.67091784,10.51,"10°46'32.41""N, 106°40'15.30""E",FIX,
14:52:12.849,1786175532.850,PATH_FOLLOWING,7.766,-0.983,3.062,80.63,0.144,-1.500,0.000,0.000,0.000,0.979,1.78,10.77567049,106.67091784,10.51,"10°46'32.41""N, 106°40'15.30""E",FIX,
14:52:12.931,1786175532.931,PATH_FOLLOWING,7.758,-0.982,2.972,79.35,0.164,-1.500,0.000,0.000,0.000,0.917,1.78,10.77567047,106.67091783,10.51,"10°46'32.41""N, 106°40'15.30""E",FIX,
14:52:13.005,1786175533.006,PATH_FOLLOWING,7.749,-0.980,2.882,78.14,0.183,-1.500,0.000,0.000,0.000,0.917,1.78,10.77567047,106.67091783,10.51,"10°46'32.41""N, 106°40'15.30""E",FIX,
14:52:13.074,1786175533.075,PATH_FOLLOWING,7.739,-0.977,2.792,77.05,0.200,-1.500,0.000,0.000,0.000,0.875,1.78,10.77567047,106.67091783,10.51,"10°46'32.41""N, 106°40'15.30""E",FIX,
14:52:13.149,1786175533.149,PATH_FOLLOWING,7.728,-0.972,2.702,74.39,0.216,-1.330,0.000,0.000,0.000,0.854,1.78,10.77567028,106.67091783,10.51,"10°46'32.41""N, 106°40'15.30""E",FIX,
14:52:13.231,1786175533.232,PATH_FOLLOWING,7.714,-0.964,2.590,67.61,0.231,-0.968,0.000,0.000,0.000,0.833,1.78,10.77567028,106.67091783,10.51,"10°46'32.41""N, 106°40'15.30""E",FIX,
14:52:13.295,1786175533.296,PATH_FOLLOWING,7.702,-0.957,2.520,60.86,0.239,-0.739,0.000,0.000,0.000,0.812,1.78,10.77567028,106.67091783,10.51,"10°46'32.41""N, 106°40'15.30""E",FIX,
14:52:13.356,1786175533.356,PATH_FOLLOWING,7.691,-0.948,2.469,53.81,0.243,-0.573,0.000,0.000,0.000,0.792,1.78,10.77567023,106.67091795,10.51,"10°46'32.41""N, 106°40'15.30""E",FIX,
14:52:13.434,1786175533.435,PATH_FOLLOWING,7.676,-0.936,2.418,44.14,0.247,-0.412,0.000,0.000,0.000,0.792,1.78,10.77567023,106.67091795,10.51,"10°46'32.41""N, 106°40'15.30""E",FIX,
14:52:13.515,1786175533.516,PATH_FOLLOWING,7.665,-0.926,2.391,37.32,0.248,-0.326,0.000,0.000,0.000,0.792,1.78,10.77567023,106.67091795,10.51,"10°46'32.41""N, 106°40'15.30""E",FIX,
14:52:13.585,1786175533.585,PATH_FOLLOWING,7.655,-0.916,2.369,30.77,0.249,-0.255,0.000,0.000,0.000,0.792,1.78,10.77567026,106.67091807,10.51,"10°46'32.41""N, 106°40'15.31""E",FIX,
14:52:13.686,1786175533.687,PATH_FOLLOWING,7.641,-0.902,2.347,23.37,0.249,-0.186,0.000,0.000,0.000,0.771,1.78,10.77567026,106.67091807,10.51,"10°46'32.41""N, 106°40'15.31""E",FIX,
14:52:13.741,1786175533.741,PATH_FOLLOWING,7.630,-0.891,2.333,18.40,0.250,-0.143,0.000,0.000,0.000,0.771,1.78,10.77567026,106.67091807,10.51,"10°46'32.41""N, 106°40'15.31""E",FIX,
14:52:13.828,1786175533.829,PATH_FOLLOWING,7.620,-0.880,2.324,14.82,0.250,-0.114,0.000,0.000,0.000,0.771,1.78,10.77567032,106.67091820,10.51,"10°46'32.41""N, 106°40'15.31""E",FIX,
14:52:13.913,1786175533.914,PATH_FOLLOWING,7.606,-0.866,2.314,10.93,0.250,-0.083,0.000,0.000,0.000,0.771,1.78,10.77567032,106.67091820,10.51,"10°46'32.41""N, 106°40'15.31""E",FIX,
14:52:13.998,1786175533.998,PATH_FOLLOWING,7.596,-0.854,2.308,8.62,0.250,-0.065,0.000,0.000,0.000,0.771,1.78,10.77567032,106.67091820,10.51,"10°46'32.41""N, 106°40'15.31""E",FIX,
14:52:14.056,1786175534.056,PATH_FOLLOWING,7.586,-0.843,2.304,6.79,0.250,-0.051,0.000,0.000,0.000,0.771,1.78,10.77567039,106.67091832,10.51,"10°46'32.41""N, 106°40'15.31""E",FIX,
14:52:14.135,1786175534.136,PATH_FOLLOWING,7.576,-0.832,2.300,5.44,0.250,-0.041,0.000,0.000,0.000,0.771,1.78,10.77567039,106.67091832,10.51,"10°46'32.41""N, 106°40'15.31""E",FIX,
14:52:14.212,1786175534.212,PATH_FOLLOWING,7.563,-0.817,2.297,3.98,0.250,-0.030,0.000,0.000,0.000,0.771,1.78,10.77567039,106.67091832,10.51,"10°46'32.41""N, 106°40'15.31""E",FIX,
14:52:14.269,1786175534.270,PATH_FOLLOWING,7.556,-0.810,2.295,3.39,0.250,-0.026,0.000,0.000,0.000,0.771,1.78,10.77567039,106.67091832,10.51,"10°46'32.41""N, 106°40'15.31""E",FIX,
14:52:14.360,1786175534.361,PATH_FOLLOWING,7.543,-0.795,2.293,2.50,0.250,-0.019,0.000,0.000,0.000,0.771,1.78,10.77567046,106.67091845,10.51,"10°46'32.41""N, 106°40'15.31""E",FIX,
14:52:14.422,1786175534.423,PATH_FOLLOWING,7.533,-0.784,2.292,1.94,0.250,-0.015,0.000,0.000,0.000,0.771,1.78,10.77567046,106.67091845,10.51,"10°46'32.41""N, 106°40'15.31""E",FIX,
14:52:14.506,1786175534.506,PATH_FOLLOWING,7.520,-0.769,2.290,1.42,0.250,-0.011,0.000,0.000,0.000,0.771,1.78,10.77567054,106.67091857,10.51,"10°46'32.41""N, 106°40'15.31""E",FIX,
14:52:14.592,1786175534.593,PATH_FOLLOWING,7.510,-0.757,2.290,1.15,0.250,-0.009,0.000,0.000,0.000,0.771,1.78,10.77567054,106.67091857,10.51,"10°46'32.41""N, 106°40'15.31""E",FIX,
14:52:14.667,1786175534.668,PATH_FOLLOWING,7.497,-0.742,2.289,-79.59,0.160,1.500,0.000,0.000,0.000,0.771,1.78,10.77567054,106.67091857,10.51,"10°46'32.41""N, 106°40'15.31""E",FIX,
14:52:14.742,1786175534.743,PATH_FOLLOWING,7.489,-0.734,2.346,-78.82,0.172,1.500,0.000,0.000,0.000,0.771,1.78,10.77567063,106.67091869,10.51,"10°46'32.41""N, 106°40'15.31""E",FIX,
14:52:14.804,1786175534.804,PATH_FOLLOWING,7.482,-0.727,2.436,-77.62,0.191,1.500,0.000,0.000,0.000,0.812,1.78,10.77567063,106.67091869,10.51,"10°46'32.41""N, 106°40'15.31""E",FIX,
14:52:14.878,1786175534.878,PATH_FOLLOWING,7.470,-0.718,2.556,-75.01,0.213,1.374,0.000,0.000,0.000,0.812,1.78,10.77567063,106.67091869,10.51,"10°46'32.41""N, 106°40'15.31""E",FIX,
14:52:14.948,1786175534.949,PATH_FOLLOWING,7.459,-0.711,2.640,-70.29,0.227,1.090,0.000,0.000,0.000,0.833,1.78,10.77567085,106.67091876,10.51,"10°46'32.42""N, 106°40'15.31""E",FIX,
14:52:15.020,1786175535.021,PATH_FOLLOWING,7.448,-0.706,2.712,-64.46,0.236,0.850,0.000,0.000,0.000,0.854,1.78,10.77567085,106.67091876,10.51,"10°46'32.42""N, 106°40'15.31""E",FIX,
14:52:15.095,1786175535.095,PATH_FOLLOWING,7.435,-0.700,2.769,-57.78,0.241,0.660,0.000,0.000,0.000,0.875,1.78,10.77567085,106.67091876,10.51,"10°46'32.42""N, 106°40'15.31""E",FIX,
14:52:15.178,1786175535.179,PATH_FOLLOWING,7.417,-0.694,2.827,-47.67,0.246,0.465,0.000,0.000,0.000,0.917,1.78,10.77567105,106.67091889,10.51,"10°46'32.42""N, 106°40'15.31""E",FIX,
14:52:15.250,1786175535.251,PATH_FOLLOWING,7.403,-0.689,2.860,-39.62,0.247,0.353,0.000,0.000,0.000,0.937,1.78,10.77567105,106.67091889,10.51,"10°46'32.42""N, 106°40'15.31""E",FIX,
14:52:15.310,1786175535.311,PATH_FOLLOWING,7.388,-0.686,2.886,-32.08,0.249,0.269,0.000,0.000,0.000,0.833,1.78,10.77567105,106.67091889,10.51,"10°46'32.42""N, 106°40'15.31""E",FIX,
14:52:15.385,1786175535.385,PATH_FOLLOWING,7.374,-0.682,2.904,-25.63,0.249,0.206,0.000,0.000,0.000,0.000,1.78,10.77567105,106.67091889,10.51,"10°46'32.42""N, 106°40'15.31""E",FIX,
14:52:15.447,1786175535.447,PATH_FOLLOWING,7.360,-0.679,2.919,-19.99,0.250,0.156,0.000,0.000,0.000,0.000,1.78,10.77567094,106.67091904,10.51,"10°46'32.42""N, 106°40'15.31""E",FIX,
14:52:15.524,1786175535.524,PATH_FOLLOWING,7.340,-0.674,2.934,-14.07,0.250,0.108,0.000,0.000,0.000,0.000,1.78,10.77567094,106.67091904,10.51,"10°46'32.42""N, 106°40'15.31""E",FIX,
14:52:15.596,1786175535.596,PATH_FOLLOWING,7.325,-0.671,2.942,-10.73,0.250,0.082,0.000,0.000,0.000,0.000,1.78,10.77567094,106.67091904,10.51,"10°46'32.42""N, 106°40'15.31""E",FIX,
14:52:15.677,1786175535.678,PATH_FOLLOWING,7.311,-0.668,2.947,-8.26,0.250,0.063,0.000,0.000,0.000,0.000,1.78,10.77567077,106.67091919,10.51,"10°46'32.41""N, 106°40'15.31""E",FIX,
14:52:15.763,1786175535.764,PATH_FOLLOWING,7.286,-0.664,2.955,-5.15,0.250,0.039,0.000,0.000,0.000,0.000,1.78,10.77567077,106.67091919,10.51,"10°46'32.41""N, 106°40'15.31""E",FIX,
14:52:15.831,1786175535.832,PATH_FOLLOWING,7.271,-0.661,2.957,-3.91,0.250,0.029,0.000,0.000,0.000,0.000,1.78,10.77567061,106.67091934,10.51,"10°46'32.41""N, 106°40'15.31""E",FIX,
14:52:15.886,1786175535.887,PATH_FOLLOWING,7.262,-0.659,2.959,-3.28,0.250,0.025,0.000,0.000,0.000,0.000,1.78,10.77567061,106.67091934,10.51,"10°46'32.41""N, 106°40'15.31""E",FIX,
14:52:15.974,1786175535.975,PATH_FOLLOWING,7.242,-0.655,2.961,-2.33,0.250,0.018,0.000,0.000,0.000,0.000,1.78,10.77567061,106.67091934,10.51,"10°46'32.41""N, 106°40'15.31""E",FIX,
14:52:16.040,1786175536.041,PATH_FOLLOWING,7.227,-0.653,2.962,-1.75,0.250,0.013,0.000,0.000,0.000,0.000,1.78,10.77567061,106.67091934,10.51,"10°46'32.41""N, 106°40'15.31""E",FIX,
14:52:16.101,1786175536.102,PATH_FOLLOWING,7.212,-0.650,2.963,-1.32,0.250,0.010,0.000,0.000,0.000,0.000,1.78,10.77567044,106.67091950,10.51,"10°46'32.41""N, 106°40'15.31""E",FIX,
14:52:16.185,1786175536.186,PATH_FOLLOWING,7.193,-0.647,2.964,-0.92,0.250,0.007,0.000,0.000,0.000,0.000,1.78,10.77567044,106.67091950,10.51,"10°46'32.41""N, 106°40'15.31""E",FIX,
14:52:16.249,1786175536.250,PATH_FOLLOWING,7.178,-0.644,2.965,-0.70,0.250,0.005,0.000,0.000,0.000,0.000,1.78,10.77567044,106.67091950,10.51,"10°46'32.41""N, 106°40'15.31""E",FIX,
14:52:16.320,1786175536.321,PATH_FOLLOWING,7.163,-0.641,2.965,-0.54,0.250,0.004,0.000,0.000,0.000,0.000,1.78,10.77567027,106.67091965,10.51,"10°46'32.41""N, 106°40'15.31""E",FIX,
14:52:16.391,1786175536.391,PATH_FOLLOWING,7.148,-0.639,2.965,-0.42,0.250,0.003,0.000,0.000,0.000,0.000,1.78,10.77567027,106.67091965,10.51,"10°46'32.41""N, 106°40'15.31""E",FIX,
14:52:16.470,1786175536.470,PATH_FOLLOWING,7.129,-0.635,2.966,-0.29,0.250,0.002,0.000,0.000,0.000,0.000,1.78,10.77567027,106.67091965,10.51,"10°46'32.41""N, 106°40'15.31""E",FIX,
14:52:16.549,1786175536.549,PATH_FOLLOWING,7.109,-0.632,2.966,-0.20,0.250,0.002,0.000,0.000,0.000,0.000,1.78,10.77567011,106.67091980,10.51,"10°46'32.41""N, 106°40'15.31""E",FIX,
14:52:16.618,1786175536.618,PATH_FOLLOWING,7.099,-0.630,2.966,-0.17,0.250,0.001,0.000,0.000,0.000,0.000,1.78,10.77567011,106.67091980,10.51,"10°46'32.41""N, 106°40'15.31""E",FIX,
14:52:16.690,1786175536.690,PATH_FOLLOWING,7.079,-0.626,2.966,-0.12,0.250,0.001,0.000,0.000,0.000,0.000,1.78,10.77567011,106.67091980,10.51,"10°46'32.41""N, 106°40'15.31""E",FIX,
14:52:16.761,1786175536.762,PATH_FOLLOWING,7.065,-0.624,2.966,-0.09,0.250,0.001,0.000,0.000,0.000,0.000,1.78,10.77566994,106.67091996,10.51,"10°46'32.41""N, 106°40'15.31""E",FIX,
14:52:16.837,1786175536.838,PATH_FOLLOWING,7.050,-0.621,2.966,-0.07,0.250,0.001,0.000,0.000,0.000,0.000,1.78,10.77566994,106.67091996,10.51,"10°46'32.41""N, 106°40'15.31""E",FIX,
14:52:16.905,1786175536.905,PATH_FOLLOWING,7.030,-0.618,2.966,-0.05,0.250,0.000,0.000,0.000,0.000,0.000,1.78,10.77566994,106.67091996,10.51,"10°46'32.41""N, 106°40'15.31""E",FIX,
14:52:16.975,1786175536.976,PATH_FOLLOWING,7.015,-0.615,2.966,-0.04,0.250,0.000,0.000,0.000,0.000,0.000,1.78,10.77566977,106.67092011,10.51,"10°46'32.41""N, 106°40'15.31""E",FIX,
14:52:17.059,1786175537.060,PATH_FOLLOWING,6.996,-0.612,2.966,-0.03,0.250,0.000,0.000,0.000,0.000,0.000,1.78,10.77566977,106.67092011,10.51,"10°46'32.41""N, 106°40'15.31""E",FIX,
14:52:17.117,1786175537.117,PATH_FOLLOWING,6.986,-0.610,2.966,-0.02,0.250,0.000,0.000,0.000,0.000,0.000,1.78,10.77566977,106.67092011,10.51,"10°46'32.41""N, 106°40'15.31""E",FIX,
14:52:17.177,1786175537.177,PATH_FOLLOWING,6.966,-0.606,2.966,-0.02,0.250,0.000,0.000,0.000,0.000,0.000,1.78,10.77566960,106.67092027,10.51,"10°46'32.41""N, 106°40'15.31""E",FIX,
14:52:17.258,1786175537.259,PATH_FOLLOWING,6.951,-0.604,2.966,-0.01,0.250,0.000,0.000,0.000,0.000,0.000,1.78,10.77566960,106.67092027,10.51,"10°46'32.41""N, 106°40'15.31""E",FIX,
14:52:17.342,1786175537.342,PATH_FOLLOWING,6.932,-0.600,2.966,-0.01,0.250,0.000,0.000,0.000,0.000,0.000,1.78,10.77566960,106.67092027,10.51,"10°46'32.41""N, 106°40'15.31""E",FIX,
14:52:17.406,1786175537.407,PATH_FOLLOWING,6.917,-0.598,2.966,-0.01,0.250,0.000,0.000,0.000,0.000,0.000,1.78,10.77566944,106.67092042,10.51,"10°46'32.41""N, 106°40'15.31""E",FIX,
14:52:17.485,1786175537.485,PATH_FOLLOWING,6.902,-0.595,2.966,-0.01,0.250,0.000,0.000,0.000,0.000,0.000,1.78,10.77566944,106.67092042,10.51,"10°46'32.41""N, 106°40'15.31""E",FIX,
14:52:17.552,1786175537.552,PATH_FOLLOWING,6.887,-0.592,2.966,-0.00,0.250,0.000,0.000,0.000,0.000,0.000,1.78,10.77566944,106.67092042,10.51,"10°46'32.41""N, 106°40'15.31""E",FIX,
14:52:17.639,1786175537.639,PATH_FOLLOWING,6.868,-0.589,2.966,-0.00,0.250,0.000,0.000,0.000,0.000,0.000,1.78,10.77566947,106.67092056,10.51,"10°46'32.41""N, 106°40'15.31""E",FIX,
14:52:17.715,1786175537.715,PATH_FOLLOWING,6.853,-0.586,2.966,-0.00,0.250,0.000,0.000,0.000,0.000,0.000,1.78,10.77566947,106.67092056,10.51,"10°46'32.41""N, 106°40'15.31""E",FIX,
14:52:17.792,1786175537.792,PATH_FOLLOWING,6.833,-0.583,2.966,-0.00,0.250,0.000,0.000,0.000,0.000,0.000,1.78,10.77566947,106.67092056,10.51,"10°46'32.41""N, 106°40'15.31""E",FIX,
14:52:17.853,1786175537.854,PATH_FOLLOWING,6.819,-0.580,2.966,-0.00,0.250,0.000,0.000,0.000,0.000,0.000,1.78,10.77566961,106.67092072,10.51,"10°46'32.41""N, 106°40'15.31""E",FIX,
14:52:17.929,1786175537.930,PATH_FOLLOWING,6.804,-0.578,2.966,-0.00,0.250,0.000,0.000,0.000,0.000,0.000,1.78,10.77566961,106.67092072,10.51,"10°46'32.41""N, 106°40'15.31""E",FIX,
14:52:17.999,1786175537.999,PATH_FOLLOWING,6.789,-0.575,2.966,-0.00,0.250,0.000,0.000,0.000,0.000,0.000,1.78,10.77566961,106.67092072,10.51,"10°46'32.41""N, 106°40'15.31""E",FIX,
14:52:18.060,1786175538.060,PATH_FOLLOWING,6.774,-0.572,2.966,-0.00,0.250,0.000,0.000,0.000,0.000,0.000,1.78,10.77566975,106.67092087,10.51,"10°46'32.41""N, 106°40'15.32""E",FIX,
14:52:18.152,1786175538.153,PATH_FOLLOWING,6.755,-0.569,2.966,-0.00,0.250,0.000,0.000,0.000,0.000,0.000,1.78,10.77566975,106.67092087,10.51,"10°46'32.41""N, 106°40'15.32""E",FIX,
14:52:18.214,1786175538.214,PATH_FOLLOWING,6.740,-0.566,2.966,-0.00,0.250,0.000,0.000,0.000,0.000,0.000,1.78,10.77566975,106.67092087,10.51,"10°46'32.41""N, 106°40'15.32""E",FIX,
14:52:18.289,1786175538.290,PATH_FOLLOWING,6.725,-0.564,2.966,-0.00,0.250,0.000,0.000,0.000,0.000,0.000,1.78,10.77566989,106.67092103,10.51,"10°46'32.41""N, 106°40'15.32""E",FIX,
14:52:18.369,1786175538.369,PATH_FOLLOWING,6.705,-0.560,2.966,-0.00,0.250,0.000,0.000,0.000,0.000,0.000,1.78,10.77566989,106.67092103,10.51,"10°46'32.41""N, 106°40'15.32""E",FIX,
14:52:18.443,1786175538.444,PATH_FOLLOWING,6.690,-0.557,2.966,-0.00,0.250,0.000,0.000,0.000,0.000,0.000,1.78,10.77566989,106.67092103,10.51,"10°46'32.41""N, 106°40'15.32""E",FIX,
14:52:18.504,1786175538.505,PATH_FOLLOWING,6.676,-0.555,2.966,-0.00,0.250,0.000,0.000,0.000,0.000,0.000,1.78,10.77567003,106.67092118,10.51,"10°46'32.41""N, 106°40'15.32""E",FIX,
14:52:18.581,1786175538.582,PATH_FOLLOWING,6.661,-0.552,2.966,-0.00,0.250,0.000,0.000,0.000,0.000,0.000,1.78,10.77567003,106.67092118,10.51,"10°46'32.41""N, 106°40'15.32""E",FIX,
14:52:18.667,1786175538.668,PATH_FOLLOWING,6.641,-0.549,2.966,-0.00,0.250,0.000,0.000,0.000,0.000,0.000,1.78,10.77567003,106.67092118,10.51,"10°46'32.41""N, 106°40'15.32""E",FIX,
14:52:18.739,1786175538.740,PATH_FOLLOWING,6.622,-0.545,2.966,-0.00,0.250,0.000,0.000,0.000,0.000,0.000,1.78,10.77567017,106.67092133,10.51,"10°46'32.41""N, 106°40'15.32""E",FIX,
14:52:18.802,1786175538.803,PATH_FOLLOWING,6.612,-0.544,2.966,-79.79,0.157,1.500,0.000,0.000,0.000,0.000,1.78,10.77567017,106.67092133,10.51,"10°46'32.41""N, 106°40'15.32""E",FIX,
14:52:18.881,1786175538.882,PATH_FOLLOWING,6.597,-0.541,3.043,-78.79,0.172,1.500,0.000,0.000,0.000,0.000,1.78,10.77567017,106.67092133,10.51,"10°46'32.41""N, 106°40'15.32""E",FIX,
14:52:18.951,1786175538.952,PATH_FOLLOWING,6.587,-0.541,3.133,-77.60,0.191,1.500,0.000,0.000,0.000,0.000,1.78,10.77567036,106.67092146,10.51,"10°46'32.41""N, 106°40'15.32""E",FIX,
14:52:19.023,1786175539.024,PATH_FOLLOWING,6.576,-0.541,-3.060,-76.33,0.208,1.475,0.000,0.000,0.000,0.000,1.78,10.77567036,106.67092146,10.51,"10°46'32.41""N, 106°40'15.32""E",FIX,
14:52:19.099,1786175539.100,PATH_FOLLOWING,6.560,-0.543,-2.942,-70.12,0.227,1.082,0.000,0.000,0.000,0.000,1.78,10.77567036,106.67092146,10.51,"10°46'32.41""N, 106°40'15.32""E",FIX,
14:52:19.172,1786175539.173,PATH_FOLLOWING,6.547,-0.546,-2.870,-64.28,0.236,0.844,0.000,0.000,0.000,0.000,1.78,10.77567071,106.67092152,10.51,"10°46'32.41""N, 106°40'15.32""E",FIX,
14:52:19.245,1786175539.246,PATH_FOLLOWING,6.533,-0.551,-2.815,-57.93,0.241,0.663,0.000,0.000,0.000,0.000,1.78,10.77567071,106.67092152,10.51,"10°46'32.41""N, 106°40'15.32""E",FIX,
14:52:19.320,1786175539.320,PATH_FOLLOWING,6.516,-0.557,-2.757,-48.18,0.245,0.473,0.000,0.000,0.000,0.000,1.78,10.77567071,106.67092152,10.51,"10°46'32.41""N, 106°40'15.32""E",FIX,
14:52:19.394,1786175539.395,PATH_FOLLOWING,6.498,-0.565,-2.716,-38.40,0.248,0.338,0.000,0.000,0.000,0.000,1.78,10.77567072,106.67092152,10.51,"10°46'32.41""N, 106°40'15.32""E",FIX,
14:52:19.455,1786175539.455,PATH_FOLLOWING,6.489,-0.569,-2.701,-34.21,0.248,0.291,0.000,0.000,0.000,0.000,1.78,10.77567072,106.67092152,10.51,"10°46'32.41""N, 106°40'15.32""E",FIX,
14:52:19.528,1786175539.529,PATH_FOLLOWING,6.475,-0.576,-2.682,-28.27,0.249,0.231,0.000,0.000,0.000,0.000,1.78,10.77567072,106.67092152,10.51,"10°46'32.41""N, 106°40'15.32""E",FIX,
14:52:19.602,1786175539.603,PATH_FOLLOWING,6.462,-0.582,-2.667,-22.79,0.249,0.181,0.000,0.000,0.000,0.000,1.78,10.77567063,106.67092153,10.51,"10°46'32.41""N, 106°40'15.32""E",FIX,
14:52:19.684,1786175539.684,PATH_FOLLOWING,6.444,-0.592,-2.651,-16.62,0.250,0.128,0.000,0.000,0.000,0.000,1.78,10.77567063,106.67092153,10.51,"10°46'32.41""N, 106°40'15.32""E",FIX,
14:52:19.768,1786175539.768,PATH_FOLLOWING,6.427,-0.601,-2.640,-11.92,0.250,0.091,0.000,0.000,0.000,0.000,1.78,10.77567063,106.67092153,10.51,"10°46'32.41""N, 106°40'15.32""E",FIX,
14:52:19.821,1786175539.822,PATH_FOLLOWING,6.418,-0.606,-2.635,-10.14,0.250,0.077,0.000,0.000,0.000,0.000,1.78,10.77567052,106.67092153,10.51,"10°46'32.41""N, 106°40'15.32""E",FIX,
14:52:19.893,1786175539.894,PATH_FOLLOWING,6.400,-0.616,-2.629,-7.39,0.250,0.056,0.000,0.000,0.000,0.000,1.78,10.77567052,106.67092153,10.51,"10°46'32.41""N, 106°40'15.32""E",FIX,
14:52:19.963,1786175539.964,PATH_FOLLOWING,6.387,-0.623,-2.625,-5.85,0.250,0.044,0.000,0.000,0.000,0.000,1.78,10.77567052,106.67092153,10.51,"10°46'32.41""N, 106°40'15.32""E",FIX,
14:52:20.043,1786175540.044,PATH_FOLLOWING,6.370,-0.633,-2.621,-4.24,0.250,0.032,0.000,0.000,0.000,0.000,1.78,10.77567045,106.67092153,10.51,"10°46'32.41""N, 106°40'15.32""E",FIX,
14:52:20.120,1786175540.121,PATH_FOLLOWING,6.357,-0.641,-2.619,-3.36,0.250,0.025,0.000,0.000,0.000,0.000,1.78,10.77567045,106.67092153,10.51,"10°46'32.41""N, 106°40'15.32""E",FIX,
14:52:20.184,1786175540.185,PATH_FOLLOWING,6.344,-0.648,-2.617,-2.64,0.250,0.020,0.000,0.000,0.000,0.000,1.78,10.77567045,106.67092153,10.51,"10°46'32.41""N, 106°40'15.32""E",FIX,
14:52:20.262,1786175540.263,PATH_FOLLOWING,6.331,-0.656,-2.616,-2.09,0.250,0.016,0.000,0.000,0.000,0.000,1.78,10.77567040,106.67092152,10.51,"10°46'32.41""N, 106°40'15.32""E",FIX,
14:52:20.331,1786175540.332,PATH_FOLLOWING,6.314,-0.666,-2.615,-1.51,0.250,0.011,0.000,0.000,0.000,0.000,1.78,10.77567040,106.67092152,10.51,"10°46'32.41""N, 106°40'15.32""E",FIX,
14:52:20.416,1786175540.416,PATH_FOLLOWING,6.297,-0.676,-2.614,-1.10,0.250,0.008,0.000,0.000,0.000,0.000,1.78,10.77567040,106.67092152,10.51,"10°46'32.41""N, 106°40'15.32""E",FIX,
14:52:20.486,1786175540.487,PATH_FOLLOWING,6.284,-0.683,-2.613,-0.88,0.250,0.007,0.000,0.000,0.000,0.000,1.78,10.77567045,106.67092153,10.51,"10°46'32.41""N, 106°40'15.32""E",FIX,
14:52:20.556,1786175540.557,PATH_FOLLOWING,6.271,-0.691,-2.613,-0.71,0.250,0.005,0.000,0.000,0.000,0.000,1.78,10.77567045,106.67092153,10.51,"10°46'32.41""N, 106°40'15.32""E",FIX,
14:52:20.622,1786175540.622,PATH_FOLLOWING,6.258,-0.698,-2.613,-0.57,0.250,0.004,0.000,0.000,0.000,0.000,1.78,10.77567045,106.67092153,10.51,"10°46'32.41""N, 106°40'15.32""E",FIX,
14:52:20.693,1786175540.693,PATH_FOLLOWING,6.245,-0.706,-2.612,-0.46,0.250,0.003,0.000,0.000,0.000,0.000,1.78,10.77567050,106.67092153,10.51,"10°46'32.41""N, 106°40'15.32""E",FIX,
14:52:20.777,1786175540.777,PATH_FOLLOWING,6.227,-0.716,-2.612,-0.34,0.250,0.003,0.000,0.000,0.000,0.000,1.78,10.77567050,106.67092153,10.51,"10°46'32.41""N, 106°40'15.32""E",FIX,
14:52:20.839,1786175540.840,PATH_FOLLOWING,6.214,-0.724,-2.612,-0.27,0.250,0.002,0.000,0.000,0.000,0.000,1.78,10.77567050,106.67092153,10.51,"10°46'32.41""N, 106°40'15.32""E",FIX,
14:52:20.913,1786175540.913,PATH_FOLLOWING,6.202,-0.731,-2.612,-0.21,0.250,0.002,0.000,0.000,0.000,0.000,1.78,10.77567047,106.67092153,10.51,"10°46'32.41""N, 106°40'15.32""E",FIX,
14:52:20.994,1786175540.995,PATH_FOLLOWING,6.189,-0.739,-2.612,-0.17,0.250,0.001,0.000,0.000,0.000,0.000,1.78,10.77567047,106.67092153,10.51,"10°46'32.41""N, 106°40'15.32""E",FIX,
14:52:21.082,1786175541.083,PATH_FOLLOWING,6.171,-0.749,-2.612,-0.13,0.250,0.001,0.000,0.000,0.000,0.000,1.78,10.77567047,106.67092153,10.51,"10°46'32.41""N, 106°40'15.32""E",FIX,
14:52:21.145,1786175541.145,PATH_FOLLOWING,6.158,-0.756,-2.611,-0.10,0.250,0.001,0.000,0.000,0.000,0.000,1.78,10.77567043,106.67092153,10.51,"10°46'32.41""N, 106°40'15.32""E",FIX,
14:52:21.231,1786175541.232,PATH_FOLLOWING,6.145,-0.764,-2.611,-0.08,0.250,0.001,0.000,0.000,0.000,0.000,1.78,10.77567043,106.67092153,10.51,"10°46'32.41""N, 106°40'15.32""E",FIX,
14:52:21.313,1786175541.314,PATH_FOLLOWING,6.128,-0.774,-2.611,-0.06,0.250,0.000,0.000,0.000,0.000,0.000,1.78,10.77567043,106.67092153,10.51,"10°46'32.41""N, 106°40'15.32""E",FIX,
14:52:21.384,1786175541.385,PATH_FOLLOWING,6.115,-0.782,-2.611,-0.05,0.250,0.000,0.000,0.000,0.000,0.000,1.78,10.77567044,106.67092153,10.51,"10°46'32.41""N, 106°40'15.32""E",FIX,
14:52:21.466,1786175541.466,PATH_FOLLOWING,6.098,-0.792,-2.611,-0.04,0.250,0.000,0.000,0.000,0.000,0.000,1.78,10.77567044,106.67092153,10.51,"10°46'32.41""N, 106°40'15.32""E",FIX,
14:52:21.529,1786175541.529,PATH_FOLLOWING,6.085,-0.799,-2.611,-0.03,0.250,0.000,0.000,0.000,0.000,0.000,1.78,10.77567044,106.67092153,10.51,"10°46'32.41""N, 106°40'15.32""E",FIX,
14:52:21.611,1786175541.612,PATH_FOLLOWING,6.072,-0.807,-2.611,76.68,0.206,-1.500,0.000,0.000,0.000,0.000,1.78,10.77567048,106.67092153,10.51,"10°46'32.41""N, 106°40'15.32""E",FIX,
14:52:21.690,1786175541.691,PATH_FOLLOWING,6.057,-0.815,-2.698,72.73,0.221,-1.224,0.000,0.000,0.000,0.000,1.78,10.77567048,106.67092153,10.51,"10°46'32.41""N, 106°40'15.32""E",FIX,
14:52:21.768,1786175541.768,PATH_FOLLOWING,6.045,-0.821,-2.775,67.45,0.232,-0.962,0.000,0.000,0.000,0.000,1.78,10.77567048,106.67092153,10.51,"10°46'32.41""N, 106°40'15.32""E",FIX,
14:52:21.842,1786175541.842,PATH_FOLLOWING,6.032,-0.825,-2.838,61.24,0.239,-0.750,0.000,0.000,0.000,0.000,1.78,10.77567034,106.67092151,10.51,"10°46'32.41""N, 106°40'15.32""E",FIX,
14:52:21.934,1786175541.935,PATH_FOLLOWING,6.018,-0.829,-2.885,54.53,0.243,-0.588,0.000,0.000,0.000,0.000,1.78,10.77567034,106.67092151,10.51,"10°46'32.41""N, 106°40'15.32""E",FIX,
14:52:22.003,1786175542.003,PATH_FOLLOWING,6.004,-0.832,-2.925,46.90,0.246,-0.453,0.000,0.000,0.000,0.000,1.78,10.77567034,106.67092151,10.51,"10°46'32.41""N, 106°40'15.32""E",FIX,
14:52:22.096,1786175542.096,PATH_FOLLOWING,5.985,-0.836,-2.965,36.74,0.248,-0.319,0.000,0.000,0.000,0.000,1.78,10.77567034,106.67092155,10.51,"10°46'32.41""N, 106°40'15.32""E",FIX,
14:52:22.168,1786175542.168,PATH_FOLLOWING,5.970,-0.839,-2.987,29.75,0.249,-0.245,0.000,0.000,0.000,0.000,1.78,10.77567034,106.67092155,10.51,"10°46'32.41""N, 106°40'15.32""E",FIX,
14:52:22.231,1786175542.231,PATH_FOLLOWING,5.956,-0.841,-3.003,23.66,0.249,-0.188,0.000,0.000,0.000,0.000,1.78,10.77567034,106.67092155,10.51,"10°46'32.41""N, 106°40'15.32""E",FIX,
14:52:22.314,1786175542.314,PATH_FOLLOWING,5.936,-0.843,-3.020,17.16,0.250,-0.133,0.000,0.000,0.000,0.000,1.78,10.77567043,106.67092170,10.51,"10°46'32.41""N, 106°40'15.32""E",FIX,
14:52:22.383,1786175542.384,PATH_FOLLOWING,5.921,-0.845,-3.028,13.54,0.250,-0.104,0.000,0.000,0.000,0.000,1.78,10.77567043,106.67092170,10.51,"10°46'32.41""N, 106°40'15.32""E",FIX,
14:52:22.466,1786175542.467,PATH_FOLLOWING,5.906,-0.847,-3.035,10.69,0.250,-0.081,0.000,0.000,0.000,0.000,1.78,10.77567043,106.67092170,10.51,"10°46'32.41""N, 106°40'15.32""E",FIX,
14:52:22.559,1786175542.559,PATH_FOLLOWING,5.886,-0.849,-3.042,7.60,0.250,-0.058,0.000,0.000,0.000,0.000,1.78,10.77567054,106.67092185,10.51,"10°46'32.41""N, 106°40'15.32""E",FIX,
14:52:22.631,1786175542.631,PATH_FOLLOWING,5.871,-0.850,-3.046,5.92,0.250,-0.045,0.000,0.000,0.000,0.000,1.78,10.77567054,106.67092185,10.51,"10°46'32.41""N, 106°40'15.32""E",FIX,
14:52:22.711,1786175542.712,PATH_FOLLOWING,5.856,-0.852,-3.049,4.66,0.250,-0.035,0.000,0.000,0.000,0.000,1.78,10.77567054,106.67092185,10.51,"10°46'32.41""N, 106°40'15.32""E",FIX,
14:52:22.794,1786175542.794,PATH_FOLLOWING,5.836,-0.853,-3.052,3.32,0.250,-0.025,0.000,0.000,0.000,0.000,1.78,10.77567065,106.67092200,10.51,"10°46'32.41""N, 106°40'15.32""E",FIX,
14:52:22.867,1786175542.867,PATH_FOLLOWING,5.821,-0.855,-3.053,2.59,0.250,-0.019,0.000,0.000,0.000,0.000,1.78,10.77567065,106.67092200,10.51,"10°46'32.41""N, 106°40'15.32""E",FIX,
14:52:22.934,1786175542.934,PATH_FOLLOWING,5.806,-0.856,-3.055,2.02,0.250,-0.015,0.000,0.000,0.000,0.000,1.78,10.77567065,106.67092200,10.51,"10°46'32.41""N, 106°40'15.32""E",FIX,
14:52:22.998,1786175542.998,PATH_FOLLOWING,5.792,-0.857,-3.056,1.57,0.250,-0.012,0.000,0.000,0.000,0.000,1.78,10.77567065,106.67092200,10.51,"10°46'32.41""N, 106°40'15.32""E",FIX,
14:52:23.075,1786175543.076,PATH_FOLLOWING,5.777,-0.859,-3.056,1.23,0.250,-0.009,0.000,0.000,0.000,0.000,1.78,10.77567077,106.67092215,10.51,"10°46'32.41""N, 106°40'15.32""E",FIX,
14:52:23.156,1786175543.156,PATH_FOLLOWING,5.757,-0.860,-3.057,0.86,0.250,-0.006,0.000,0.000,0.000,0.000,1.78,10.77567077,106.67092215,10.51,"10°46'32.41""N, 106°40'15.32""E",FIX,
14:52:23.220,1786175543.220,PATH_FOLLOWING,5.742,-0.862,-3.058,0.66,0.250,-0.005,0.000,0.000,0.000,0.000,1.78,10.77567077,106.67092215,10.51,"10°46'32.41""N, 106°40'15.32""E",FIX,
14:52:23.291,1786175543.292,PATH_FOLLOWING,5.727,-0.863,-3.058,0.51,0.250,-0.004,0.000,0.000,0.000,0.000,1.78,10.77567090,106.67092229,10.51,"10°46'32.42""N, 106°40'15.32""E",FIX,
14:52:23.368,1786175543.369,PATH_FOLLOWING,5.707,-0.865,-3.058,0.36,0.250,-0.003,0.000,0.000,0.000,0.000,1.78,10.77567090,106.67092229,10.51,"10°46'32.42""N, 106°40'15.32""E",FIX,
14:52:23.451,1786175543.451,PATH_FOLLOWING,5.687,-0.866,-3.058,0.25,0.250,-0.002,0.000,0.000,0.000,0.000,1.78,10.77567100,106.67092244,10.51,"10°46'32.42""N, 106°40'15.32""E",FIX,
14:52:23.507,1786175543.507,PATH_FOLLOWING,5.677,-0.867,-3.059,0.21,0.250,-0.002,0.000,0.000,0.000,0.000,1.78,10.77567100,106.67092244,10.51,"10°46'32.42""N, 106°40'15.32""E",FIX,
14:52:23.589,1786175543.589,PATH_FOLLOWING,5.657,-0.869,-3.059,0.15,0.250,-0.001,0.000,0.000,0.000,0.000,1.78,10.77567100,106.67092244,10.51,"10°46'32.42""N, 106°40'15.32""E",FIX,
14:52:23.658,1786175543.659,PATH_FOLLOWING,5.642,-0.870,-3.059,0.12,0.250,-0.001,0.000,0.000,0.000,0.000,1.78,10.77567100,106.67092244,10.51,"10°46'32.42""N, 106°40'15.32""E",FIX,
