Time,Unix_Timestamp,FSM_State,Pos_X_m,Pos_Y_m,Yaw_rad,Steer_Angle_deg,Linear_Vel_mps,Angular_Vel_radps,IMU_Yaw_rad,IMU_Angular_Vel_z,IMU_Accel_x,Confidence,Dist_Traveled_m,GPS_Latitude,GPS_Longitude,GPS_Altitude_m,GPS_DMS,GPS_Status,Event
14:56:24.018,1786175784.018,TRACKING,0.000,0.000,0.000,0.00,0.450,-0.000,0.000,0.000,0.000,0.000,0.00,10.77566700,106.67088900,10.00,"10°46'32.40""N, 106°40'15.20""E",NO_FIX,
14:56:24.032,1786175784.033,TRACKING,0.000,0.000,0.000,0.00,0.450,-0.000,0.000,0.000,0.000,0.000,0.00,10.77566700,106.67088900,10.00,"10°46'32.40""N, 106°40'15.20""E",NO_FIX,
14:56:24.071,1786175784.071,TRACKING,0.014,-0.000,-0.000,0.00,0.450,-0.000,0.000,0.000,0.000,0.000,0.01,10.77567062,106.67087529,10.51,"10°46'32.41""N, 106°40'15.15""E",FIX,
14:56:24.165,1786175784.165,TRACKING,0.041,-0.000,-0.000,0.00,0.450,-0.000,0.000,0.000,0.000,0.000,0.04,10.77567062,106.67087529,10.51,"10°46'32.41""N, 106°40'15.15""E",FIX,
14:56:24.257,1786175784.258,TRACKING,0.077,-0.000,-0.000,0.00,0.450,-0.000,0.000,0.000,0.000,0.000,0.08,10.77567062,106.67087561,10.51,"10°46'32.41""N, 106°40'15.15""E",FIX,
14:56:24.343,1786175784.343,TRACKING,0.104,-0.000,-0.000,0.00,0.450,-0.000,0.000,0.000,0.000,0.000,0.10,10.77567062,106.67087561,10.51,"10°46'32.41""N, 106°40'15.15""E",FIX,
14:56:24.417,1786175784.417,TRACKING,0.131,0.000,0.000,0.00,0.450,-0.000,0.000,0.000,0.000,0.000,0.13,10.77567062,106.67087561,10.51,"10°46'32.41""N, 106°40'15.15""E",FIX,
14:56:24.498,1786175784.498,TRACKING,0.167,0.000,0.000,0.00,0.450,-0.000,0.000,0.000,0.000,0.000,0.17,10.77567062,106.67087602,10.51,"10°46'32.41""N, 106°40'15.15""E",FIX,
14:56:24.580,1786175784.580,TRACKING,0.203,0.000,0.000,0.00,0.450,-0.000,0.000,0.000,0.000,0.000,0.20,10.77567062,106.67087602,10.51,"10°46'32.41""N, 106°40'15.15""E",FIX,
14:56:24.656,1786175784.656,TRACKING,0.221,0.000,0.000,0.00,0.450,-0.000,0.000,0.000,0.000,0.000,0.22,10.77567062,106.67087602,10.51,"10°46'32.41""N, 106°40'15.15""E",FIX,
14:56:25.026,1786175785.027,TRACKING,0.248,0.000,0.000,0.00,0.450,-0.000,0.000,0.000,0.000,0.000,0.25,10.77567062,106.67087602,10.51,"10°46'32.41""N, 106°40'15.15""E",FIX,
14:56:25.083,1786175785.083,TRACKING,0.248,0.000,0.000,0.00,0.450,-0.000,0.000,0.000,0.000,0.021,0.25,10.77567062,106.67087602,10.51,"10°46'32.41""N, 106°40'15.15""E",FIX,
14:56:25.095,1786175785.095,TRACKING,0.329,0.000,0.000,0.00,0.450,-0.000,0.000,0.000,0.000,0.083,0.33,10.77567062,106.67087643,10.51,"10°46'32.41""N, 106°40'15.16""E",FIX,
14:56:25.106,1786175785.106,TRACKING,0.338,0.000,0.000,0.00,0.450,-0.000,0.000,0.000,0.000,0.146,0.34,10.77567062,106.67087684,10.51,"10°46'32.41""N, 106°40'15.16""E",FIX,
14:56:25.118,1786175785.119,TRACKING,0.347,0.000,0.000,0.00,0.450,-0.000,0.000,0.000,0.000,0.187,0.35,10.77567062,106.67087684,10.51,"10°46'32.41""N, 106°40'15.16""E",FIX,
14:56:25.132,1786175785.133,TRACKING,0.356,0.000,0.000,0.00,0.450,-0.000,0.000,0.000,0.000,0.250,0.36,10.77567062,106.67087684,10.51,"10°46'32.41""N, 106°40'15.16""E",FIX,
14:56:25.154,1786175785.154,TRACKING,0.428,0.000,0.000,0.00,0.450,-0.000,0.000,0.000,0.000,0.312,0.43,10.77567062,106.67087684,10.51,"10°46'32.41""N, 106°40'15.16""E",FIX,
14:56:25.219,1786175785.219,TRACKING,0.455,0.000,0.000,0.00,0.450,-0.000,0.000,0.000,0.000,0.354,0.45,10.77567062,106.67087725,10.51,"10°46'32.41""N, 106°40'15.16""E",FIX,
14:56:25.305,1786175785.305,TRACKING,0.482,0.000,0.000,0.00,0.450,-0.000,0.000,0.000,0.000,0.417,0.48,10.77567062,106.67087725,10.51,"10°46'32.41""N, 106°40'15.16""E",FIX,
14:56:25.381,1786175785.382,TRACKING,0.518,0.000,0.000,0.00,0.450,-0.000,0.000,0.000,0.000,0.479,0.52,10.77567062,106.67087725,10.51,"10°46'32.41""N, 106°40'15.16""E",FIX,
14:56:25.452,1786175785.452,TRACKING,0.545,0.000,0.000,0.00,0.450,-0.000,0.000,0.000,0.000,0.542,0.54,10.77567062,106.67087766,10.51,"10°46'32.41""N, 106°40'15.16""E",FIX,
14:56:25.515,1786175785.516,TRACKING,0.572,0.000,0.000,0.00,0.450,-0.000,0.000,0.000,0.000,0.604,0.57,10.77567062,106.67087766,10.51,"10°46'32.41""N, 106°40'15.16""E",FIX,
14:56:25.591,1786175785.591,TRACKING,0.599,0.000,0.000,0.00,0.450,-0.000,0.000,0.000,0.000,0.667,0.60,10.77567062,106.67087766,10.51,"10°46'32.41""N, 106°40'15.16""E",FIX,
14:56:25.664,1786175785.665,TRACKING,0.626,0.000,0.000,0.00,0.450,-0.000,0.000,0.000,0.000,0.750,0.63,10.77567062,106.67087808,10.51,"10°46'32.41""N, 106°40'15.16""E",FIX,
14:56:25.774,1786175785.774,TRACKING,0.671,0.000,0.000,0.00,0.450,-0.000,0.000,0.000,0.000,0.833,0.67,10.77567062,106.67087808,10.51,"10°46'32.41""N, 106°40'15.16""E",FIX,
14:56:25.848,1786175785.848,TRACKING,0.698,0.000,0.000,0.00,0.450,-0.000,0.000,0.000,0.000,0.896,0.70,10.77567062,106.67087808,10.51,"10°46'32.41""N, 106°40'15.16""E",FIX,
14:56:25.913,1786175785.914,TRACKING,0.716,0.000,0.000,0.00,0.450,-0.000,0.000,0.000,0.000,0.979,0.72,10.77567062,106.67087849,10.51,"10°46'32.41""N, 106°40'15.16""E",FIX,
14:56:25.989,1786175785.990,TRACKING,0.752,0.000,0.000,0.00,0.450,-0.000,0.000,0.000,0.000,1.000,0.75,10.77567062,106.67087849,10.51,"10°46'32.41""N, 106°40'15.16""E",FIX,
14:56:26.063,1786175786.063,TRACKING,0.779,0.000,0.000,0.00,0.450,-0.000,0.000,0.000,0.000,1.000,0.78,10.77567062,106.67087849,10.51,"10°46'32.41""N, 106°40'15.16""E",FIX,
14:56:26.142,1786175786.142,TRACKING,0.815,0.000,0.000,0.00,0.450,-0.000,0.000,0.000,0.000,1.000,0.81,10.77567062,106.67087890,10.51,"10°46'32.41""N, 106°40'15.16""E",FIX,
14:56:26.239,1786175786.239,TRACKING,0.842,0.000,0.000,0.00,0.450,-0.000,0.000,0.000,0.000,1.000,0.84,10.77567062,106.67087890,10.51,"10°46'32.41""N, 106°40'15.16""E",FIX,
14:56:26.324,1786175786.325,TRACKING,0.878,0.000,0.000,0.00,0.450,-0.000,0.000,0.000,0.000,1.000,0.88,10.77567062,106.67087890,10.51,"10°46'32.41""N, 106°40'15.16""E",FIX,
14:56:26.414,1786175786.415,TRACKING,0.905,0.000,0.000,0.00,0.450,-0.000,0.000,0.000,0.000,1.000,0.90,10.77567062,106.67087931,10.51,"10°46'32.41""N, 106°40'15.17""E",FIX,
14:56:26.478,1786175786.479,TRACKING,0.932,0.000,0.000,0.00,0.450,-0.000,0.000,0.000,0.000,1.000,0.93,10.77567062,106.67087931,10.51,"10°46'32.41""N, 106°40'15.17""E",FIX,
14:56:26.549,1786175786.550,TRACKING,0.959,0.000,0.000,0.00,0.450,-0.000,0.000,0.000,0.000,1.000,0.96,10.77567062,106.67087931,10.51,"10°46'32.41""N, 106°40'15.17""E",FIX,
14:56:26.621,1786175786.622,TRACKING,0.995,0.000,0.000,0.00,0.450,-0.000,0.000,0.000,0.000,1.000,0.99,10.77567062,106.67087972,10.51,"10°46'32.41""N, 106°40'15.17""E",FIX,
14:56:26.696,1786175786.696,TRACKING,1.022,0.000,0.000,0.00,0.450,-0.000,0.000,0.000,0.000,1.000,1.02,10.77567062,106.67087972,10.51,"10°46'32.41""N, 106°40'15.17""E",FIX,
14:56:26.772,1786175786.773,TRACKING,1.058,0.000,0.000,0.00,0.450,-0.000,0.000,0.000,0.000,1.000,1.06,10.77567062,106.67087972,10.51,"10°46'32.41""N, 106°40'15.17""E",FIX,
14:56:26.831,1786175786.832,TRACKING,1.076,0.000,0.000,0.00,0.450,-0.000,0.000,0.000,0.000,1.000,1.08,10.77567062,106.67088013,10.51,"10°46'32.41""N, 106°40'15.17""E",FIX,
14:56:26.923,1786175786.924,TRACKING,1.112,0.000,0.000,0.00,0.450,-0.000,0.000,0.000,0.000,1.000,1.11,10.77567062,106.67088013,10.51,"10°46'32.41""N, 106°40'15.17""E",FIX,
14:56:26.988,1786175786.989,TRACKING,1.139,0.000,0.000,0.00,0.450,-0.000,0.000,0.000,0.000,1.000,1.14,10.77567062,106.67088013,10.51,"10°46'32.41""N, 106°40'15.17""E",FIX,
14:56:27.060,1786175787.060,TRACKING,1.166,0.000,0.000,0.00,0.450,-0.000,0.000,0.000,0.000,1.000,1.17,10.77567062,106.67088054,10.51,"10°46'32.41""N, 106°40'15.17""E",FIX,
14:56:27.147,1786175787.147,TRACKING,1.202,0.000,0.000,0.00,0.450,-0.007,0.000,0.000,0.000,1.000,1.20,10.77567062,106.67088054,10.51,"10°46'32.41""N, 106°40'15.17""E",FIX,
14:56:27.216,1786175787.216,TRACKING,1.229,-0.000,-0.000,0.01,0.450,-0.006,0.000,0.000,0.000,1.000,1.23,10.77567062,106.67088054,10.51,"10°46'32.41""N, 106°40'15.17""E",FIX,
14:56:27.274,1786175787.275,TRACKING,1.256,-0.000,-0.001,0.01,0.450,-0.005,0.000,0.000,0.000,1.000,1.26,10.77567062,106.67088096,10.51,"10°46'32.41""N, 106°40'15.17""E",FIX,
14:56:27.346,1786175787.346,TRACKING,1.283,-0.000,-0.001,0.01,0.450,-0.004,0.000,0.000,0.000,1.000,1.28,10.77567062,106.67088096,10.51,"10°46'32.41""N, 106°40'15.17""E",FIX,
14:56:27.418,1786175787.419,TRACKING,1.319,-0.000,-0.001,0.00,0.450,0.004,0.000,0.000,0.000,1.000,1.32,10.77567062,106.67088096,10.51,"10°46'32.41""N, 106°40'15.17""E",FIX,
14:56:27.494,1786175787.494,TRACKING,1.346,-0.000,-0.001,-0.00,0.450,0.009,0.000,0.000,0.000,0.750,1.35,10.77567062,106.67088137,10.51,"10°46'32.41""N, 106°40'15.17""E",FIX,
14:56:27.579,1786175787.580,TRACKING,1.382,-0.000,-0.001,-0.00,0.450,0.007,0.000,0.000,0.000,0.646,1.38,10.77567062,106.67088137,10.51,"10°46'32.41""N, 106°40'15.17""E",FIX,
14:56:27.667,1786175787.668,TRACKING,1.418,-0.000,0.000,-0.01,0.450,0.005,0.000,0.000,0.000,0.708,1.42,10.77567062,106.67088137,10.51,"10°46'32.41""N, 106°40'15.17""E",FIX,
14:56:27.740,1786175787.740,TRACKING,1.436,-0.000,0.000,-0.01,0.450,0.005,0.000,0.000,0.000,0.771,1.44,10.77567062,106.67088178,10.51,"10°46'32.41""N, 106°40'15.17""E",FIX,
14:56:27.816,1786175787.816,TRACKING,1.472,-0.000,0.001,-0.01,0.450,0.004,0.000,0.000,0.000,0.854,1.47,10.77567062,106.67088178,10.51,"10°46'32.41""N, 106°40'15.17""E",FIX,
14:56:27.884,1786175787.884,TRACKING,1.490,-0.000,0.001,-0.01,0.450,0.004,0.000,0.000,0.000,0.917,1.49,10.77567062,106.67088178,10.51,"10°46'32.41""N, 106°40'15.17""E",FIX,
14:56:27.966,1786175787.966,TRACKING,1.526,-0.000,0.001,-0.01,0.450,0.003,0.000,0.000,0.000,1.000,1.53,10.77567062,106.67088219,10.51,"10°46'32.41""N, 106°40'15.18""E",FIX,
14:56:28.042,1786175788.042,TRACKING,1.553,-0.000,0.001,-0.01,0.450,0.003,0.000,0.000,0.000,1.000,1.55,10.77567062,106.67088219,10.51,"10°46'32.41""N, 106°40'15.18""E",FIX,
14:56:28.116,1786175788.116,TRACKING,1.580,-0.000,0.001,-0.01,0.450,0.003,0.000,0.000,0.000,1.000,1.58,10.77567062,106.67088219,10.51,"10°46'32.41""N, 106°40'15.18""E",FIX,
14:56:28.192,1786175788.192,TRACKING,1.607,0.000,0.002,-0.01,0.450,-0.005,0.000,0.000,0.000,1.000,1.61,10.77567061,106.67088260,10.51,"10°46'32.41""N, 106°40'15.18""E",FIX,
14:56:28.265,1786175788.266,TRACKING,1.643,0.000,0.001,-0.01,0.450,0.004,0.000,0.000,0.000,1.000,1.64,10.77567061,106.67088260,10.51,"10°46'32.41""N, 106°40'15.18""E",FIX,
14:56:28.349,1786175788.349,TRACKING,1.679,0.000,0.002,-0.01,0.450,0.003,0.000,0.000,0.000,1.000,1.68,10.77567061,106.67088260,10.51,"10°46'32.41""N, 106°40'15.18""E",FIX,
14:56:28.429,1786175788.429,TRACKING,1.697,0.000,0.002,-0.01,0.450,0.004,0.000,0.000,0.000,1.000,1.70,10.77567062,106.67088301,10.51,"10°46'32.41""N, 106°40'15.18""E",FIX,
14:56:28.489,1786175788.489,TRACKING,1.733,0.000,0.002,-0.01,0.450,0.003,0.000,0.000,0.000,1.000,1.73,10.77567062,106.67088301,10.51,"10°46'32.41""N, 106°40'15.18""E",FIX,
14:56:28.575,1786175788.575,TRACKING,1.760,0.000,0.002,-0.01,0.450,-0.001,0.000,0.000,0.000,1.000,1.76,10.77567062,106.67088301,10.51,"10°46'32.41""N, 106°40'15.18""E",FIX,
14:56:28.654,1786175788.655,TRACKING,1.796,0.000,0.002,-0.01,0.450,0.003,0.000,0.000,0.000,1.000,1.80,10.77567062,106.67088342,10.51,"10°46'32.41""N, 106°40'15.18""E",FIX,
14:56:28.729,1786175788.730,TRACKING,1.823,0.000,0.002,-0.01,0.450,-0.001,0.000,0.000,0.000,1.000,1.82,10.77567062,106.67088342,10.51,"10°46'32.41""N, 106°40'15.18""E",FIX,
14:56:28.796,1786175788.797,TRACKING,1.850,0.001,0.002,-0.01,0.450,0.004,0.000,0.000,0.000,1.000,1.85,10.77567062,106.67088342,10.51,"10°46'32.41""N, 106°40'15.18""E",FIX,
14:56:28.885,1786175788.885,TRACKING,1.886,0.001,0.003,-0.01,0.450,0.003,0.000,0.000,0.000,1.000,1.89,10.77567062,106.67088384,10.51,"10°46'32.41""N, 106°40'15.18""E",FIX,
14:56:28.957,1786175788.958,TRACKING,1.913,0.001,0.003,-0.01,0.450,0.003,0.000,0.000,0.000,1.000,1.91,10.77567062,106.67088384,10.51,"10°46'32.41""N, 106°40'15.18""E",FIX,
14:56:29.038,1786175789.039,TRACKING,1.940,0.001,0.003,-0.01,0.450,0.003,0.000,0.000,0.000,1.000,1.94,10.77567062,106.67088384,10.51,"10°46'32.41""N, 106°40'15.18""E",FIX,
14:56:29.103,1786175789.103,TRACKING,1.967,0.001,0.003,-0.01,0.450,0.003,0.000,0.000,0.000,1.000,1.97,10.77567062,106.67088425,10.51,"10°46'32.41""N, 106°40'15.18""E",FIX,
14:56:29.182,1786175789.182,TRACKING,1.994,0.001,0.003,-0.01,0.450,0.003,0.000,0.000,0.000,1.000,1.99,10.77567062,106.67088425,10.51,"10°46'32.41""N, 106°40'15.18""E",FIX,
14:56:29.258,1786175789.258,TRACKING,2.030,0.001,0.004,-0.01,0.450,-0.004,0.000,0.000,0.000,1.000,2.03,10.77567062,106.67088425,10.51,"10°46'32.41""N, 106°40'15.18""E",FIX,
14:56:29.341,1786175789.342,TRACKING,2.057,0.001,0.004,0.00,0.450,-0.017,0.000,0.000,0.000,1.000,2.06,10.77567062,106.67088466,10.51,"10°46'32.41""N, 106°40'15.18""E",FIX,
14:56:29.412,1786175789.412,TRACKING,2.084,0.001,0.003,0.01,0.450,-0.010,0.000,0.000,0.000,1.000,2.08,10.77567062,106.67088466,10.51,"10°46'32.41""N, 106°40'15.18""E",FIX,
14:56:29.488,1786175789.489,TRACKING,2.120,0.001,0.002,0.01,0.450,-0.018,0.000,0.000,0.000,1.000,2.12,10.77567062,106.67088466,10.51,"10°46'32.41""N, 106°40'15.18""E",FIX,
14:56:29.563,1786175789.563,TRACKING,2.147,0.001,0.001,0.02,0.450,-0.014,0.000,0.000,0.000,0.604,2.15,10.77567062,106.67088507,10.51,"10°46'32.41""N, 106°40'15.19""E",FIX,
14:56:29.638,1786175789.638,TRACKING,2.183,0.001,-0.000,0.02,0.450,-0.005,0.000,0.000,0.000,0.667,2.18,10.77567062,106.67088507,10.51,"10°46'32.41""N, 106°40'15.19""E",FIX,
14:56:29.709,1786175789.710,TRACKING,2.210,0.001,-0.001,0.02,0.450,-0.005,0.000,0.000,0.000,0.750,2.21,10.77567062,106.67088507,10.51,"10°46'32.41""N, 106°40'15.19""E",FIX,
14:56:29.784,1786175789.785,TRACKING,2.237,0.001,-0.001,0.02,0.450,-0.005,0.000,0.000,0.000,0.833,2.24,10.77567062,106.67088548,10.51,"10°46'32.41""N, 106°40'15.19""E",FIX,
14:56:29.867,1786175789.867,TRACKING,2.264,0.001,-0.001,0.02,0.450,-0.005,0.000,0.000,0.000,0.896,2.26,10.77567062,106.67088548,10.51,"10°46'32.41""N, 106°40'15.19""E",FIX,
14:56:29.995,1786175789.995,TRACKING,2.300,0.001,-0.002,0.02,0.450,-0.005,0.000,0.000,0.000,0.979,2.30,10.77567062,106.67088548,10.51,"10°46'32.41""N, 106°40'15.19""E",FIX,
14:56:30.072,1786175790.073,TRACKING,2.327,0.001,-0.002,0.02,0.450,-0.005,0.000,0.000,0.000,1.000,2.33,10.77567062,106.67088589,10.51,"10°46'32.41""N, 106°40'15.19""E",FIX,
14:56:30.151,1786175790.152,TRACKING,2.354,0.001,-0.002,0.02,0.450,0.002,0.000,0.000,0.000,1.000,2.35,10.77567062,106.67088589,10.51,"10°46'32.41""N, 106°40'15.19""E",FIX,
14:56:30.235,1786175790.235,TRACKING,2.390,0.001,-0.002,0.01,0.450,0.000,0.000,0.000,0.000,1.000,2.39,10.77567062,106.67088589,10.51,"10°46'32.41""N, 106°40'15.19""E",FIX,
14:56:30.299,1786175790.299,TRACKING,2.417,0.001,-0.002,0.01,0.450,-0.008,0.000,0.000,0.000,1.000,2.42,10.77567062,106.67088630,10.51,"10°46'32.41""N, 106°40'15.19""E",FIX,
14:56:30.369,1786175790.370,TRACKING,2.444,0.001,-0.002,0.01,0.450,0.001,0.000,0.000,0.000,1.000,2.44,10.77567062,106.67088630,10.51,"10°46'32.41""N, 106°40'15.19""E",FIX,
14:56:30.436,1786175790.436,TRACKING,2.471,0.001,-0.003,0.01,0.450,-0.000,0.000,0.000,0.000,1.000,2.47,10.77567062,106.67088630,10.51,"10°46'32.41""N, 106°40'15.19""E",FIX,
14:56:30.509,1786175790.509,TRACKING,2.507,0.001,-0.003,0.01,0.450,-0.001,0.000,0.000,0.000,1.000,2.51,10.77567062,106.67088672,10.51,"10°46'32.41""N, 106°40'15.19""E",FIX,
14:56:30.590,1786175790.591,TRACKING,2.534,0.001,-0.003,0.01,0.450,-0.002,0.000,0.000,0.000,1.000,2.53,10.77567062,106.67088672,10.51,"10°46'32.41""N, 106°40'15.19""E",FIX,
14:56:30.669,1786175790.669,TRACKING,2.570,0.001,-0.003,0.01,0.450,-0.002,0.000,0.000,0.000,1.000,2.57,10.77567062,106.67088672,10.51,"10°46'32.41""N, 106°40'15.19""E",FIX,
14:56:30.723,1786175790.724,TRACKING,2.588,0.001,-0.003,0.01,0.450,-0.002,0.000,0.000,0.000,1.000,2.59,10.77567062,106.67088672,10.51,"10°46'32.41""N, 106°40'15.19""E",FIX,
14:56:30.791,1786175790.791,TRACKING,2.624,0.000,-0.003,0.01,0.450,-0.002,0.000,0.000,0.000,1.000,2.62,10.77567062,106.67088713,10.51,"10°46'32.41""N, 106°40'15.19""E",FIX,
14:56:30.861,1786175790.862,TRACKING,2.651,0.000,-0.003,0.01,0.450,-0.002,0.000,0.000,0.000,1.000,2.65,10.77567062,106.67088713,10.51,"10°46'32.41""N, 106°40'15.19""E",FIX,
14:56:30.934,1786175790.935,TRACKING,2.678,0.000,-0.003,0.01,0.450,-0.002,0.000,0.000,0.000,1.000,2.68,10.77567062,106.67088713,10.51,"10°46'32.41""N, 106°40'15.19""E",FIX,
14:56:31.000,1786175791.001,TRACKING,2.705,0.000,-0.003,0.01,0.450,-0.002,0.000,0.000,0.000,1.000,2.70,10.77567062,106.67088754,10.51,"10°46'32.41""N, 106°40'15.20""E",FIX,
14:56:31.071,1786175791.072,TRACKING,2.741,0.000,-0.004,0.01,0.450,-0.002,0.000,0.000,0.000,1.000,2.74,10.77567062,106.67088754,10.51,"10°46'32.41""N, 106°40'15.20""E",FIX,
14:56:31.155,1786175791.156,TRACKING,2.777,-0.000,-0.004,0.01,0.450,-0.002,0.000,0.000,0.000,1.000,2.78,10.77567062,106.67088795,10.51,"10°46'32.41""N, 106°40'15.20""E",FIX,
14:56:31.232,1786175791.232,TRACKING,2.804,-0.000,-0.004,0.01,0.450,0.001,0.000,0.000,0.000,1.000,2.80,10.77567062,106.67088795,10.51,"10°46'32.41""N, 106°40'15.20""E",FIX,
14:56:31.298,1786175791.299,TRACKING,2.831,-0.000,-0.004,0.00,0.450,0.004,0.000,0.000,0.000,1.000,2.83,10.77567062,106.67088795,10.51,"10°46'32.41""N, 106°40'15.20""E",FIX,
14:56:31.360,1786175791.360,TRACKING,2.858,-0.000,-0.004,0.00,0.450,0.003,0.000,0.000,0.000,1.000,2.86,10.77567062,106.67088795,10.51,"10°46'32.41""N, 106°40'15.20""E",FIX,
14:56:31.438,1786175791.439,TRACKING,2.894,-0.001,-0.004,0.00,0.450,0.001,0.000,0.000,0.000,1.000,2.89,10.77567062,106.67088836,10.51,"10°46'32.41""N, 106°40'15.20""E",FIX,
14:56:31.497,1786175791.497,TRACKING,2.921,-0.001,-0.003,0.00,0.450,0.001,0.000,0.000,0.000,0.500,2.92,10.77567062,106.67088836,10.51,"10°46'32.41""N, 106°40'15.20""E",FIX,
14:56:31.567,1786175791.568,TRACKING,2.948,-0.001,-0.003,-0.00,0.450,0.008,0.000,0.000,0.000,0.562,2.95,10.77567062,106.67088836,10.51,"10°46'32.41""N, 106°40'15.20""E",FIX,
14:56:31.639,1786175791.640,TRACKING,2.975,-0.001,-0.003,-0.00,0.450,-0.001,0.000,0.000,0.000,0.625,2.97,10.77567062,106.67088877,10.51,"10°46'32.41""N, 106°40'15.20""E",FIX,
14:56:31.732,1786175791.732,TRACKING,3.011,-0.001,-0.003,-0.00,0.450,-0.001,0.000,0.000,0.000,0.687,3.01,10.77567062,106.67088877,10.51,"10°46'32.41""N, 106°40'15.20""E",FIX,
14:56:31.799,1786175791.799,TRACKING,3.038,-0.001,-0.003,-0.00,0.450,-0.001,0.000,0.000,0.000,0.771,3.04,10.77567062,106.67088877,10.51,"10°46'32.41""N, 106°40'15.20""E",FIX,
14:56:31.894,1786175791.895,TRACKING,3.074,-0.001,-0.003,-0.00,0.450,-0.000,0.000,0.000,0.000,0.833,3.07,10.77567062,106.67088918,10.51,"10°46'32.41""N, 106°40'15.20""E",FIX,
14:56:31.956,1786175791.957,TRACKING,3.101,-0.001,-0.003,-0.00,0.450,-0.000,0.000,0.000,0.000,0.917,3.10,10.77567062,106.67088918,10.51,"10°46'32.41""N, 106°40'15.20""E",FIX,
14:56:32.012,1786175792.013,TRACKING,3.128,-0.001,-0.003,-0.00,0.450,-0.000,0.000,0.000,0.000,1.000,3.13,10.77567062,106.67088918,10.51,"10°46'32.41""N, 106°40'15.20""E",FIX,
14:56:32.088,1786175792.088,TRACKING,3.155,-0.001,-0.003,-0.00,0.450,-0.000,0.000,0.000,0.000,1.000,3.15,10.77567062,106.67088960,10.51,"10°46'32.41""N, 106°40'15.20""E",FIX,
14:56:32.168,1786175792.168,TRACKING,3.191,-0.001,-0.003,-0.00,0.450,-0.000,0.000,0.000,0.000,1.000,3.19,10.77567062,106.67088960,10.51,"10°46'32.41""N, 106°40'15.20""E",FIX,
14:56:32.230,1786175792.231,TRACKING,3.218,-0.002,-0.003,-0.00,0.450,0.008,0.000,0.000,0.000,1.000,3.22,10.77567062,106.67088960,10.51,"10°46'32.41""N, 106°40'15.20""E",FIX,
14:56:32.300,1786175792.300,TRACKING,3.245,-0.002,-0.003,-0.00,0.450,-0.002,0.000,0.000,0.000,1.000,3.24,10.77567062,106.67089001,10.51,"10°46'32.41""N, 106°40'15.20""E",FIX,
14:56:32.369,1786175792.370,TRACKING,3.272,-0.002,-0.003,-0.00,0.450,-0.001,0.000,0.000,0.000,1.000,3.27,10.77567062,106.67089001,10.51,"10°46'32.41""N, 106°40'15.20""E",FIX,
14:56:32.430,1786175792.430,TRACKING,3.299,-0.002,-0.003,-0.00,0.450,-0.001,0.000,0.000,0.000,1.000,3.30,10.77567062,106.67089001,10.51,"10°46'32.41""N, 106°40'15.20""E",FIX,
14:56:32.510,1786175792.511,TRACKING,3.335,-0.002,-0.003,-0.00,0.450,-0.000,0.000,0.000,0.000,1.000,3.33,10.77567061,106.67089042,10.51,"10°46'32.41""N, 106°40'15.21""E",FIX,
14:56:32.580,1786175792.580,TRACKING,3.362,-0.002,-0.003,-0.00,0.450,0.007,0.000,0.000,0.000,1.000,3.36,10.77567061,106.67089042,10.51,"10°46'32.41""N, 106°40'15.21""E",FIX,
14:56:32.653,1786175792.654,TRACKING,3.398,-0.002,-0.003,-0.00,0.450,-0.002,0.000,0.000,0.000,1.000,3.40,10.77567061,106.67089042,10.51,"10°46'32.41""N, 106°40'15.21""E",FIX,
14:56:32.729,1786175792.730,TRACKING,3.425,-0.002,-0.002,-0.00,0.450,-0.001,0.000,0.000,0.000,1.000,3.42,10.77567061,106.67089083,10.51,"10°46'32.41""N, 106°40'15.21""E",FIX,
14:56:32.796,1786175792.796,TRACKING,3.452,-0.002,-0.003,-0.00,0.450,0.008,0.000,0.000,0.000,1.000,3.45,10.77567061,106.67089083,10.51,"10°46'32.41""N, 106°40'15.21""E",FIX,
14:56:32.871,1786175792.872,TRACKING,3.488,-0.002,-0.002,-0.00,0.450,-0.002,0.000,0.000,0.000,1.000,3.49,10.77567061,106.67089083,10.51,"10°46'32.41""N, 106°40'15.21""E",FIX,
14:56:32.933,1786175792.934,TRACKING,3.506,-0.002,-0.002,-0.00,0.450,-0.002,0.000,0.000,0.000,1.000,3.51,10.77567061,106.67089124,10.51,"10°46'32.41""N, 106°40'15.21""E",FIX,
14:56:33.016,1786175793.017,TRACKING,3.542,-0.002,-0.002,-0.00,0.450,0.006,0.000,0.000,0.000,1.000,3.54,10.77567061,106.67089124,10.51,"10°46'32.41""N, 106°40'15.21""E",FIX,
14:56:33.103,1786175793.104,TRACKING,3.578,-0.002,-0.002,-0.00,0.450,-0.002,0.000,0.000,0.000,1.000,3.58,10.77567061,106.67089124,10.51,"10°46'32.41""N, 106°40'15.21""E",FIX,
14:56:33.170,1786175793.171,TRACKING,3.596,-0.003,-0.002,-0.00,0.450,-0.002,0.000,0.000,0.000,1.000,3.60,10.77567061,106.67089165,10.51,"10°46'32.41""N, 106°40'15.21""E",FIX,
14:56:33.249,1786175793.249,TRACKING,3.632,-0.003,-0.002,-0.00,0.450,0.006,0.000,0.000,0.000,1.000,3.63,10.77567061,106.67089165,10.51,"10°46'32.41""N, 106°40'15.21""E",FIX,
14:56:33.333,1786175793.333,TRACKING,3.668,-0.003,-0.002,-0.00,0.450,0.001,0.000,0.000,0.000,1.000,3.67,10.77567061,106.67089165,10.51,"10°46'32.41""N, 106°40'15.21""E",FIX,
14:56:33.385,1786175793.386,TRACKING,3.686,-0.003,-0.002,-0.00,0.450,-0.004,0.000,0.000,0.000,1.000,3.69,10.77567061,106.67089206,10.51,"10°46'32.41""N, 106°40'15.21""E",FIX,
14:56:33.467,1786175793.468,TRACKING,3.722,-0.003,-0.002,-0.00,0.450,-0.001,0.000,0.000,0.000,0.875,3.72,10.77567061,106.67089206,10.51,"10°46'32.41""N, 106°40'15.21""E",FIX,
14:56:33.532,1786175793.533,TRACKING,3.749,-0.003,-0.002,-0.00,0.450,-0.001,0.000,0.000,0.000,0.583,3.75,10.77567061,106.67089206,10.51,"10°46'32.41""N, 106°40'15.21""E",FIX,
14:56:33.616,1786175793.617,TRACKING,3.785,-0.003,-0.002,-0.00,0.450,-0.001,0.000,0.000,0.000,0.667,3.78,10.77567061,106.67089248,10.51,"10°46'32.41""N, 106°40'15.21""E",FIX,
14:56:33.680,1786175793.680,TRACKING,3.812,-0.003,-0.002,-0.00,0.450,-0.000,0.000,0.000,0.000,0.729,3.81,10.77567061,106.67089248,10.51,"10°46'32.41""N, 106°40'15.21""E",FIX,
14:56:33.748,1786175793.749,TRACKING,3.839,-0.003,-0.002,-0.00,0.450,-0.000,0.000,0.000,0.000,0.792,3.84,10.77567061,106.67089248,10.51,"10°46'32.41""N, 106°40'15.21""E",FIX,
14:56:33.824,1786175793.824,TRACKING,3.866,-0.003,-0.002,-0.00,0.450,-0.000,0.000,0.000,0.000,0.854,3.87,10.77567061,106.67089289,10.51,"10°46'32.41""N, 106°40'15.21""E",FIX,
14:56:33.907,1786175793.907,TRACKING,3.902,-0.003,-0.002,-0.00,0.450,-0.000,0.000,0.000,0.000,0.937,3.90,10.77567061,106.67089289,10.51,"10°46'32.41""N, 106°40'15.21""E",FIX,
14:56:33.984,1786175793.984,TRACKING,3.929,-0.003,-0.002,-0.00,0.450,-0.000,0.000,0.000,0.000,1.000,3.93,10.77567061,106.67089289,10.51,"10°46'32.41""N, 106°40'15.21""E",FIX,
14:56:34.040,1786175794.041,TRACKING,3.956,-0.003,-0.002,-0.00,0.450,-0.000,0.000,0.000,0.000,1.000,3.96,10.77567061,106.67089330,10.51,"10°46'32.41""N, 106°40'15.22""E",FIX,
14:56:34.124,1786175794.124,TRACKING,3.992,-0.003,-0.002,-0.00,0.450,-0.000,0.000,0.000,0.000,1.000,3.99,10.77567061,106.67089330,10.51,"10°46'32.41""N, 106°40'15.22""E",FIX,
14:56:34.191,1786175794.191,TRACKING,4.019,-0.003,-0.002,-0.00,0.450,-0.000,0.000,0.000,0.000,1.000,4.02,10.77567061,106.67089330,10.51,"10°46'32.41""N, 106°40'15.22""E",FIX,
14:56:34.266,1786175794.266,TRACKING,4.046,-0.003,-0.002,-0.00,0.450,-0.000,0.000,0.000,0.000,1.000,4.05,10.77567061,106.67089371,10.51,"10°46'32.41""N, 106°40'15.22""E",FIX,
14:56:34.341,1786175794.341,TRACKING,4.082,-0.003,-0.002,-0.00,0.450,-0.000,0.000,0.000,0.000,1.000,4.08,10.77567061,106.67089371,10.51,"10°46'32.41""N, 106°40'15.22""E",FIX,
14:56:34.413,1786175794.413,TRACKING,4.109,-0.004,-0.002,-0.00,0.450,-0.000,0.000,0.000,0.000,1.000,4.11,10.77567061,106.67089371,10.51,"10°46'32.41""N, 106°40'15.22""E",FIX,
14:56:34.489,1786175794.490,TRACKING,4.145,-0.004,-0.002,-0.00,0.450,-0.000,0.000,0.000,0.000,1.000,4.14,10.77567061,106.67089412,10.51,"10°46'32.41""N, 106°40'15.22""E",FIX,
14:56:34.557,1786175794.557,TRACKING,4.172,-0.004,-0.002,-0.00,0.450,-0.000,0.000,0.000,0.000,1.000,4.17,10.77567061,106.67089412,10.51,"10°46'32.41""N, 106°40'15.22""E",FIX,
14:56:34.625,1786175794.626,TRACKING,4.199,-0.004,-0.002,-0.00,0.450,-0.000,0.000,0.000,0.000,1.000,4.20,10.77567061,106.67089412,10.51,"10°46'32.41""N, 106°40'15.22""E",FIX,
14:56:34.690,1786175794.690,TRACKING,4.226,-0.004,-0.002,-0.00,0.450,-0.000,0.000,0.000,0.000,1.000,4.23,10.77567061,106.67089453,10.51,"10°46'32.41""N, 106°40'15.22""E",FIX,
14:56:34.775,1786175794.776,TRACKING,4.262,-0.004,-0.002,-0.00,0.450,-0.000,0.000,0.000,0.000,1.000,4.26,10.77567061,106.67089453,10.51,"10°46'32.41""N, 106°40'15.22""E",FIX,
14:56:34.855,1786175794.856,TRACKING,4.289,-0.004,-0.002,-0.00,0.450,-0.000,0.000,0.000,0.000,1.000,4.29,10.77567061,106.67089453,10.51,"10°46'32.41""N, 106°40'15.22""E",FIX,
14:56:34.918,1786175794.918,TRACKING,4.316,-0.004,-0.002,-0.00,0.450,-0.000,0.000,0.000,0.000,1.000,4.32,10.77567061,106.67089494,10.51,"10°46'32.41""N, 106°40'15.22""E",FIX,
14:56:34.993,1786175794.993,TRACKING,4.343,-0.004,-0.002,-0.00,0.450,-0.000,0.000,0.000,0.000,1.000,4.34,10.77567061,106.67089494,10.51,"10°46'32.41""N, 106°40'15.22""E",FIX,
14:56:35.061,1786175795.061,TRACKING,4.370,-0.004,-0.002,-0.00,0.450,-0.000,0.000,0.000,0.000,1.000,4.37,10.77567061,106.67089494,10.51,"10°46'32.41""N, 106°40'15.22""E",FIX,
14:56:35.135,1786175795.136,TRACKING,4.406,-0.004,-0.002,-0.00,0.450,-0.000,0.000,0.000,0.000,1.000,4.41,10.77567061,106.67089536,10.51,"10°46'32.41""N, 106°40'15.22""E",FIX,
14:56:35.213,1786175795.213,TRACKING,4.433,-0.004,-0.002,-0.00,0.450,-0.000,0.000,0.000,0.000,1.000,4.43,10.77567061,106.67089536,10.51,"10°46'32.41""N, 106°40'15.22""E",FIX,
14:56:35.279,1786175795.279,TRACKING,4.469,-0.004,-0.002,-0.00,0.450,-0.000,0.000,0.000,0.000,1.000,4.47,10.77567061,106.67089536,10.51,"10°46'32.41""N, 106°40'15.22""E",FIX,
14:56:35.359,1786175795.359,TRACKING,4.496,-0.004,-0.002,-0.00,0.450,-0.000,0.000,0.000,0.000,1.000,4.50,10.77567061,106.67089577,10.51,"10°46'32.41""N, 106°40'15.22""E",FIX,
14:56:35.411,1786175795.412,TRACKING,4.523,-0.004,-0.002,-0.00,0.450,-0.000,0.000,0.000,0.000,0.937,4.52,10.77567061,106.67089577,10.51,"10°46'32.41""N, 106°40'15.22""E",FIX,
14:56:35.491,1786175795.492,TRACKING,4.550,-0.004,-0.002,-0.00,0.450,-0.000,0.000,0.000,0.000,0.604,4.55,10.77567061,106.67089577,10.51,"10°46'32.41""N, 106°40'15.22""E",FIX,
14:56:35.565,1786175795.565,TRACKING,4.586,-0.004,-0.002,-0.00,0.450,-0.000,0.000,0.000,0.000,0.667,4.59,10.77567061,106.67089618,10.51,"10°46'32.41""N, 106°40'15.23""E",FIX,
14:56:35.642,1786175795.642,TRACKING,4.613,-0.005,-0.002,-0.00,0.450,-0.000,0.000,0.000,0.000,0.750,4.61,10.77567061,106.67089618,10.51,"10°46'32.41""N, 106°40'15.23""E",FIX,
14:56:35.701,1786175795.702,TRACKING,4.640,-0.005,-0.002,-0.00,0.450,-0.000,0.000,0.000,0.000,0.812,4.64,10.77567061,106.67089618,10.51,"10°46'32.41""N, 106°40'15.23""E",FIX,
14:56:35.783,1786175795.783,TRACKING,4.676,-0.005,-0.002,-0.00,0.450,-0.000,0.000,0.000,0.000,0.896,4.68,10.77567061,106.67089659,10.51,"10°46'32.41""N, 106°40'15.23""E",FIX,
14:56:35.859,1786175795.859,TRACKING,4.703,-0.005,-0.002,-0.00,0.450,-0.000,0.000,0.000,0.000,0.958,4.70,10.77567061,106.67089659,10.51,"10°46'32.41""N, 106°40'15.23""E",FIX,
14:56:35.914,1786175795.914,TRACKING,4.730,-0.005,-0.002,-0.00,0.450,-0.000,0.000,0.000,0.000,1.000,4.73,10.77567061,106.67089659,10.51,"10°46'32.41""N, 106°40'15.23""E",FIX,
14:56:35.992,1786175795.992,TRACKING,4.757,-0.005,-0.002,-0.00,0.450,-0.000,0.000,0.000,0.000,1.000,4.76,10.77567061,106.67089700,10.51,"10°46'32.41""N, 106°40'15.23""E",FIX,
14:56:36.064,1786175796.064,TRACKING,4.793,-0.005,-0.002,-0.00,0.450,-0.000,0.000,0.000,0.000,1.000,4.79,10.77567061,106.67089700,10.51,"10°46'32.41""N, 106°40'15.23""E",FIX,
14:56:36.136,1786175796.136,TRACKING,4.820,-0.005,-0.002,-0.00,0.450,-0.000,0.000,0.000,0.000,1.000,4.82,10.77567061,106.67089700,10.51,"10°46'32.41""N, 106°40'15.23""E",FIX,
14:56:36.197,1786175796.198,TRACKING,4.847,-0.005,-0.002,-0.00,0.450,-0.000,0.000,0.000,0.000,1.000,4.85,10.77567061,106.67089741,10.51,"10°46'32.41""N, 106°40'15.23""E",FIX,
14:56:36.279,1786175796.279,TRACKING,4.883,-0.005,-0.002,-0.00,0.450,-0.000,0.000,0.000,0.000,1.000,4.88,10.77567061,106.67089741,10.51,"10°46'32.41""N, 106°40'15.23""E",FIX,
14:56:36.350,1786175796.351,TRACKING,4.910,-0.005,-0.002,-0.00,0.450,-0.000,0.000,0.000,0.000,1.000,4.91,10.77567061,106.67089741,10.51,"10°46'32.41""N, 106°40'15.23""E",FIX,
14:56:36.422,1786175796.423,TRACKING,4.937,-0.005,-0.002,-0.00,0.450,-0.000,0.000,0.000,0.000,1.000,4.94,10.77567061,106.67089782,10.51,"10°46'32.41""N, 106°40'15.23""E",FIX,
14:56:36.497,1786175796.497,TRACKING,4.973,-0.005,-0.002,-0.00,0.450,-0.000,0.000,0.000,0.000,1.000,4.97,10.77567061,106.67089782,10.51,"10°46'32.41""N, 106°40'15.23""E",FIX,
14:56:36.571,1786175796.571,TRACKING,5.000,-0.005,-0.002,-0.00,0.450,-0.000,0.000,0.000,0.000,1.000,5.00,10.77567061,106.67089782,10.51,"10°46'32.41""N, 106°40'15.23""E",FIX,
14:56:36.641,1786175796.641,TRACKING,5.027,-0.005,-0.002,-0.00,0.450,-0.000,0.000,0.000,0.000,1.000,5.03,10.77567061,106.67089824,10.51,"10°46'32.41""N, 106°40'15.23""E",FIX,
14:56:36.712,1786175796.712,TRACKING,5.054,-0.005,-0.002,-0.00,0.450,-0.000,0.000,0.000,0.000,1.000,5.05,10.77567061,106.67089824,10.51,"10°46'32.41""N, 106°40'15.23""E",FIX,
14:56:36.777,1786175796.777,TRACKING,5.081,-0.006,-0.002,-0.00,0.450,-0.000,0.000,0.000,0.000,1.000,5.08,10.77567061,106.67089824,10.51,"10°46'32.41""N, 106°40'15.23""E",FIX,
14:56:36.858,1786175796.858,TRACKING,5.117,-0.006,-0.002,-0.00,0.450,-0.000,0.000,0.000,0.000,1.000,5.12,10.77567061,106.67089865,10.51,"10°46'32.41""N, 106°40'15.24""E",FIX,
14:56:36.929,1786175796.930,TRACKING,5.144,-0.006,-0.002,-0.00,0.450,-0.000,0.000,0.000,0.000,1.000,5.14,10.77567061,106.67089865,10.51,"10°46'32.41""N, 106°40'15.24""E",FIX,
14:56:37.016,1786175797.016,TRACKING,5.180,-0.006,-0.002,-0.00,0.450,-0.000,0.000,0.000,0.000,1.000,5.18,10.77567061,106.67089865,10.51,"10°46'32.41""N, 106°40'15.24""E",FIX,
14:56:37.070,1786175797.070,TRACKING,5.207,-0.006,-0.002,-0.00,0.450,-0.000,0.000,0.000,0.000,1.000,5.21,10.77567061,106.67089906,10.51,"10°46'32.41""N, 106°40'15.24""E",FIX,
14:56:37.149,1786175797.149,TRACKING,5.234,-0.006,-0.002,-0.00,0.450,0.003,0.000,0.000,0.000,1.000,5.23,10.77567061,106.67089906,10.51,"10°46'32.41""N, 106°40'15.24""E",FIX,
14:56:37.221,1786175797.222,TRACKING,5.270,-0.006,-0.002,-0.00,0.450,0.006,0.000,0.000,0.000,1.000,5.27,10.77567061,106.67089906,10.51,"10°46'32.41""N, 106°40'15.24""E",FIX,
14:56:37.283,1786175797.283,TRACKING,5.297,-0.006,-0.002,-0.01,0.450,0.015,0.000,0.000,0.000,1.000,5.30,10.77567061,106.67089947,10.51,"10°46'32.41""N, 106°40'15.24""E",FIX,
14:56:37.354,1786175797.355,TRACKING,5.324,-0.006,-0.001,-0.02,0.450,0.016,0.000,0.000,0.000,0.583,5.32,10.77567061,106.67089947,10.51,"10°46'32.41""N, 106°40'15.24""E",FIX,
14:56:37.425,1786175797.425,TRACKING,5.351,-0.006,0.000,-0.02,0.450,0.014,0.000,0.000,0.000,0.583,5.35,10.77567061,106.67089947,10.51,"10°46'32.41""N, 106°40'15.24""E",FIX,
14:56:37.499,1786175797.500,TRACKING,5.378,-0.006,0.001,-0.02,0.450,0.004,0.000,0.000,0.000,0.667,5.38,10.77567061,106.67089947,10.51,"10°46'32.41""N, 106°40'15.24""E",FIX,
14:56:37.571,1786175797.571,TRACKING,5.414,-0.006,0.002,-0.02,0.450,0.004,0.000,0.000,0.000,0.729,5.41,10.77567060,106.67089988,10.51,"10°46'32.41""N, 106°40'15.24""E",FIX,
14:56:37.660,1786175797.660,TRACKING,5.450,-0.006,0.002,-0.02,0.450,0.005,0.000,0.000,0.000,0.792,5.45,10.77567060,106.67089988,10.51,"10°46'32.41""N, 106°40'15.24""E",FIX,
14:56:37.730,1786175797.730,TRACKING,5.477,-0.006,0.002,-0.02,0.450,0.005,0.000,0.000,0.000,0.875,5.48,10.77567060,106.67090029,10.51,"10°46'32.41""N, 106°40'15.24""E",FIX,
14:56:37.790,1786175797.791,TRACKING,5.504,-0.006,0.003,-0.02,0.450,0.005,0.000,0.000,0.000,0.937,5.50,10.77567060,106.67090029,10.51,"10°46'32.41""N, 106°40'15.24""E",FIX,
14:56:37.868,1786175797.868,TRACKING,5.531,-0.006,0.003,-0.02,0.450,0.005,0.000,0.000,0.000,1.000,5.53,10.77567060,106.67090029,10.51,"10°46'32.41""N, 106°40'15.24""E",FIX,
14:56:37.939,1786175797.940,TRACKING,5.567,-0.006,0.003,-0.02,0.450,0.005,0.000,0.000,0.000,1.000,5.57,10.77567060,106.67090071,10.51,"10°46'32.41""N, 106°40'15.24""E",FIX,
14:56:38.001,1786175798.002,TRACKING,5.594,-0.005,0.004,-0.02,0.450,0.005,0.000,0.000,0.000,1.000,5.59,10.77567060,106.67090071,10.51,"10°46'32.41""N, 106°40'15.24""E",FIX,
14:56:38.084,1786175798.084,TRACKING,5.630,-0.005,0.004,-0.02,0.450,0.005,0.000,0.000,0.000,1.000,5.63,10.77567060,106.67090071,10.51,"10°46'32.41""N, 106°40'15.24""E",FIX,
14:56:38.145,1786175798.145,TRACKING,5.648,-0.005,0.004,-0.02,0.450,0.005,0.000,0.000,0.000,1.000,5.65,10.77567060,106.67090071,10.51,"10°46'32.41""N, 106°40'15.24""E",FIX,
14:56:38.213,1786175798.214,TRACKING,5.675,-0.005,0.004,-0.02,0.450,0.005,0.000,0.000,0.000,1.000,5.67,10.77567060,106.67090112,10.51,"10°46'32.41""N, 106°40'15.24""E",FIX,
14:56:38.292,1786175798.293,TRACKING,5.711,-0.005,0.005,-0.02,0.450,0.005,0.000,0.000,0.000,1.000,5.71,10.77567060,106.67090112,10.51,"10°46'32.41""N, 106°40'15.24""E",FIX,
14:56:38.355,1786175798.355,TRACKING,5.738,-0.005,0.005,-0.02,0.450,0.001,0.000,0.000,0.000,1.000,5.74,10.77567060,106.67090112,10.51,"10°46'32.41""N, 106°40'15.24""E",FIX,
14:56:38.427,1786175798.427,TRACKING,5.774,-0.005,0.005,-0.02,0.450,0.006,0.000,0.000,0.000,1.000,5.77,10.77567060,106.67090153,10.51,"10°46'32.41""N, 106°40'15.25""E",FIX,
14:56:38.514,1786175798.514,TRACKING,5.801,-0.005,0.005,-0.02,0.450,0.005,0.000,0.000,0.000,1.000,5.80,10.77567060,106.67090153,10.51,"10°46'32.41""N, 106°40'15.25""E",FIX,
14:56:38.580,1786175798.581,TRACKING,5.837,-0.004,0.006,-0.01,0.450,-0.002,0.000,0.000,0.000,1.000,5.84,10.77567060,106.67090194,10.51,"10°46'32.41""N, 106°40'15.25""E",FIX,
14:56:38.639,1786175798.639,TRACKING,5.855,-0.004,0.006,-0.01,0.450,-0.002,0.000,0.000,0.000,1.000,5.85,10.77567060,106.67090194,10.51,"10°46'32.41""N, 106°40'15.25""E",FIX,
14:56:38.710,1786175798.711,TRACKING,5.891,-0.004,0.006,-0.01,0.450,0.007,0.000,0.000,0.000,1.000,5.89,10.77567060,106.67090194,10.51,"10°46'32.41""N, 106°40'15.25""E",FIX,
14:56:38.777,1786175798.777,TRACKING,5.918,-0.004,0.006,-0.02,0.450,0.007,0.000,0.000,0.000,1.000,5.92,10.77567060,106.67090194,10.51,"10°46'32.41""N, 106°40'15.25""E",FIX,
14:56:38.849,1786175798.849,TRACKING,5.945,-0.004,0.007,-0.01,0.450,-0.001,0.000,0.000,0.000,1.000,5.94,10.77567060,106.67090235,10.51,"10°46'32.41""N, 106°40'15.25""E",FIX,
14:56:38.920,1786175798.921,TRACKING,5.981,-0.003,0.007,-0.01,0.450,0.000,0.000,0.000,0.000,1.000,5.98,10.77567060,106.67090235,10.51,"10°46'32.41""N, 106°40'15.25""E",FIX,
14:56:38.993,1786175798.993,TRACKING,6.008,-0.003,0.007,-0.01,0.450,0.001,0.000,0.000,0.000,1.000,6.01,10.77567060,106.67090235,10.51,"10°46'32.41""N, 106°40'15.25""E",FIX,
14:56:39.061,1786175799.061,TRACKING,6.035,-0.003,0.007,-0.01,0.450,0.001,0.000,0.000,0.000,1.000,6.03,10.77567060,106.67090276,10.51,"10°46'32.41""N, 106°40'15.25""E",FIX,
14:56:39.149,1786175799.150,TRACKING,6.071,-0.003,0.007,-0.01,0.450,0.002,0.000,0.000,0.000,1.000,6.07,10.77567060,106.67090276,10.51,"10°46'32.41""N, 106°40'15.25""E",FIX,
14:56:39.217,1786175799.217,TRACKING,6.098,-0.003,0.007,-0.00,0.450,-0.015,0.000,0.000,0.000,1.000,6.10,10.77567060,106.67090276,10.51,"10°46'32.41""N, 106°40'15.25""E",FIX,
14:56:39.294,1786175799.294,TRACKING,6.125,-0.002,0.006,0.00,0.450,-0.008,0.000,0.000,0.000,0.854,6.12,10.77567061,106.67090317,10.51,"10°46'32.41""N, 106°40'15.25""E",FIX,
14:56:39.354,1786175799.354,TRACKING,6.152,-0.002,0.006,0.00,0.450,-0.008,0.000,0.000,0.000,0.604,6.15,10.77567061,106.67090317,10.51,"10°46'32.41""N, 106°40'15.25""E",FIX,
14:56:39.433,1786175799.434,TRACKING,6.188,-0.002,0.005,0.01,0.450,-0.005,0.000,0.000,0.000,0.667,6.19,10.77567061,106.67090317,10.51,"10°46'32.41""N, 106°40'15.25""E",FIX,
14:56:39.492,1786175799.493,TRACKING,6.215,-0.002,0.005,0.01,0.450,-0.005,0.000,0.000,0.000,0.750,6.21,10.77567061,106.67090359,10.51,"10°46'32.41""N, 106°40'15.25""E",FIX,
14:56:39.581,1786175799.581,TRACKING,6.251,-0.002,0.004,0.01,0.450,-0.003,0.000,0.000,0.000,0.833,6.25,10.77567061,106.67090359,10.51,"10°46'32.41""N, 106°40'15.25""E",FIX,
14:56:39.658,1786175799.658,TRACKING,6.278,-0.002,0.004,0.01,0.450,-0.003,0.000,0.000,0.000,0.896,6.28,10.77567061,106.67090359,10.51,"10°46'32.41""N, 106°40'15.25""E",FIX,
14:56:39.722,1786175799.723,TRACKING,6.305,-0.002,0.004,0.01,0.450,-0.003,0.000,0.000,0.000,0.979,6.30,10.77567061,106.67090400,10.51,"10°46'32.41""N, 106°40'15.25""E",FIX,
14:56:39.803,1786175799.803,TRACKING,6.341,-0.001,0.004,0.01,0.450,0.004,0.000,0.000,0.000,1.000,6.34,10.77567061,106.67090400,10.51,"10°46'32.41""N, 106°40'15.25""E",FIX,
14:56:39.864,1786175799.864,TRACKING,6.368,-0.001,0.004,0.01,0.450,-0.005,0.000,0.000,0.000,1.000,6.37,10.77567061,106.67090400,10.51,"10°46'32.41""N, 106°40'15.25""E",FIX,
14:56:39.936,1786175799.936,TRACKING,6.395,-0.001,0.004,0.01,0.450,-0.004,0.000,0.000,0.000,1.000,6.39,10.77567061,106.67090441,10.51,"10°46'32.41""N, 106°40'15.26""E",FIX,
14:56:40.007,1786175800.007,TRACKING,6.422,-0.001,0.003,0.00,0.450,0.005,0.000,0.000,0.000,1.000,6.42,10.77567061,106.67090441,10.51,"10°46'32.41""N, 106°40'15.26""E",FIX,
14:56:40.093,1786175800.093,TRACKING,6.458,-0.001,0.004,0.01,0.450,-0.004,0.000,0.000,0.000,1.000,6.46,10.77567061,106.67090441,10.51,"10°46'32.41""N, 106°40'15.26""E",FIX,
14:56:40.166,1786175800.167,TRACKING,6.485,-0.001,0.003,0.01,0.450,-0.004,0.000,0.000,0.000,1.000,6.48,10.77567061,106.67090482,10.51,"10°46'32.41""N, 106°40'15.26""E",FIX,
14:56:40.229,1786175800.230,TRACKING,6.512,-0.001,0.003,0.01,0.450,-0.004,0.000,0.000,0.000,1.000,6.51,10.77567061,106.67090482,10.51,"10°46'32.41""N, 106°40'15.26""E",FIX,
14:56:40.315,1786175800.316,TRACKING,6.548,-0.001,0.003,0.01,0.450,0.003,0.000,0.000,0.000,1.000,6.55,10.77567061,106.67090482,10.51,"10°46'32.41""N, 106°40'15.26""E",FIX,
14:56:40.384,1786175800.385,TRACKING,6.575,-0.001,0.003,0.01,0.450,-0.005,0.000,0.000,0.000,1.000,6.57,10.77567061,106.67090523,10.51,"10°46'32.41""N, 106°40'15.26""E",FIX,
14:56:40.441,1786175800.442,TRACKING,6.602,-0.001,0.003,0.01,0.450,-0.004,0.000,0.000,0.000,1.000,6.60,10.77567061,106.67090523,10.51,"10°46'32.41""N, 106°40'15.26""E",FIX,
14:56:40.534,1786175800.535,TRACKING,6.638,-0.000,0.003,0.00,0.450,0.002,0.000,0.000,0.000,1.000,6.64,10.77567061,106.67090523,10.51,"10°46'32.41""N, 106°40'15.26""E",FIX,
14:56:40.593,1786175800.593,TRACKING,6.665,-0.000,0.002,0.01,0.450,-0.005,0.000,0.000,0.000,1.000,6.66,10.77567061,106.67090564,10.51,"10°46'32.41""N, 106°40'15.26""E",FIX,
14:56:40.665,1786175800.666,TRACKING,6.692,-0.000,0.002,0.01,0.450,-0.004,0.000,0.000,0.000,1.000,6.69,10.77567061,106.67090564,10.51,"10°46'32.41""N, 106°40'15.26""E",FIX,
14:56:40.733,1786175800.733,TRACKING,6.719,-0.000,0.002,0.01,0.450,-0.004,0.000,0.000,0.000,1.000,6.72,10.77567061,106.67090564,10.51,"10°46'32.41""N, 106°40'15.26""E",FIX,
14:56:40.812,1786175800.813,TRACKING,6.755,-0.000,0.002,0.01,0.450,-0.003,0.000,0.000,0.000,1.000,6.75,10.77567061,106.67090605,10.51,"10°46'32.41""N, 106°40'15.26""E",FIX,
14:56:40.891,1786175800.891,TRACKING,6.782,-0.000,0.002,0.01,0.450,-0.003,0.000,0.000,0.000,1.000,6.78,10.77567061,106.67090605,10.51,"10°46'32.41""N, 106°40'15.26""E",FIX,
14:56:40.953,1786175800.953,TRACKING,6.809,-0.000,0.001,0.01,0.450,-0.003,0.000,0.000,0.000,1.000,6.81,10.77567061,106.67090605,10.51,"10°46'32.41""N, 106°40'15.26""E",FIX,
14:56:41.034,1786175801.035,TRACKING,6.845,-0.000,0.001,0.01,0.450,-0.003,0.000,0.000,0.000,1.000,6.84,10.77567061,106.67090647,10.51,"10°46'32.41""N, 106°40'15.26""E",FIX,
14:56:41.104,1786175801.105,TRACKING,6.872,-0.000,0.001,0.01,0.450,-0.003,0.000,0.000,0.000,1.000,6.87,10.77567061,106.67090647,10.51,"10°46'32.41""N, 106°40'15.26""E",FIX,
14:56:41.176,1786175801.176,TRACKING,6.899,-0.000,0.001,0.01,0.450,-0.002,0.000,0.000,0.000,1.000,6.90,10.77567061,106.67090647,10.51,"10°46'32.41""N, 106°40'15.26""E",FIX,
14:56:41.242,1786175801.242,TRACKING,6.926,-0.000,0.001,0.01,0.450,-0.002,0.000,0.000,0.000,0.562,6.93,10.77567062,106.67090688,10.51,"10°46'32.41""N, 106°40'15.26""E",FIX,
14:56:41.302,1786175801.302,TRACKING,6.953,-0.000,0.001,0.01,0.450,-0.002,0.000,0.000,0.000,0.625,6.95,10.77567062,106.67090688,10.51,"10°46'32.41""N, 106°40'15.26""E",FIX,
14:56:41.375,1786175801.376,TRACKING,6.989,0.000,0.000,0.01,0.450,-0.002,0.000,0.000,0.000,0.687,6.99,10.77567062,106.67090688,10.51,"10°46'32.41""N, 106°40'15.26""E",FIX,
14:56:41.449,1786175801.450,TRACKING,7.016,0.000,0.000,0.01,0.450,-0.002,0.000,0.000,0.000,0.750,7.02,10.77567062,106.67090729,10.51,"10°46'32.41""N, 106°40'15.27""E",FIX,
14:56:41.520,1786175801.521,TRACKING,7.043,0.000,0.000,0.01,0.450,-0.002,0.000,0.000,0.000,0.833,7.04,10.77567062,106.67090729,10.51,"10°46'32.41""N, 106°40'15.27""E",FIX,
14:56:41.593,1786175801.593,TRACKING,7.079,0.000,-0.000,0.01,0.450,-0.002,0.000,0.000,0.000,0.917,7.08,10.77567062,106.67090729,10.51,"10°46'32.41""N, 106°40'15.27""E",FIX,
14:56:41.668,1786175801.668,TRACKING,7.106,0.000,-0.000,0.01,0.450,-0.002,0.000,0.000,0.000,0.979,7.11,10.77567062,106.67090770,10.51,"10°46'32.41""N, 106°40'15.27""E",FIX,
14:56:41.732,1786175801.732,TRACKING,7.133,0.000,-0.000,0.01,0.450,-0.002,0.000,0.000,0.000,1.000,7.13,10.77567062,106.67090770,10.51,"10°46'32.41""N, 106°40'15.27""E",FIX,
14:56:41.828,1786175801.828,TRACKING,7.169,-0.000,-0.001,0.01,0.450,-0.002,0.000,0.000,0.000,1.000,7.17,10.77567062,106.67090770,10.51,"10°46'32.41""N, 106°40'15.27""E",FIX,
14:56:41.873,1786175801.873,TRACKING,7.196,-0.000,-0.001,0.01,0.450,0.006,0.000,0.000,0.000,1.000,7.20,10.77567062,106.67090811,10.51,"10°46'32.41""N, 106°40'15.27""E",FIX,
14:56:41.944,1786175801.944,TRACKING,7.223,-0.000,-0.000,0.01,0.450,-0.004,0.000,0.000,0.000,1.000,7.22,10.77567062,106.67090811,10.51,"10°46'32.41""N, 106°40'15.27""E",FIX,
14:56:42.015,1786175802.016,TRACKING,7.250,-0.000,-0.000,0.01,0.450,-0.003,0.000,0.000,0.000,1.000,7.25,10.77567062,106.67090811,10.51,"10°46'32.41""N, 106°40'15.27""E",FIX,
14:56:42.082,1786175802.082,TRACKING,7.286,-0.000,-0.001,0.01,0.450,-0.003,0.000,0.000,0.000,1.000,7.29,10.77567062,106.67090852,10.51,"10°46'32.41""N, 106°40'15.27""E",FIX,
14:56:42.167,1786175802.167,TRACKING,7.322,-0.000,-0.001,0.01,0.450,-0.003,0.000,0.000,0.000,1.000,7.32,10.77567062,106.67090852,10.51,"10°46'32.41""N, 106°40'15.27""E",FIX,
14:56:42.223,1786175802.223,TRACKING,7.340,-0.000,-0.001,0.01,0.450,-0.003,0.000,0.000,0.000,1.000,7.34,10.77567062,106.67090852,10.51,"10°46'32.41""N, 106°40'15.27""E",FIX,
14:56:42.291,1786175802.292,TRACKING,7.367,-0.000,-0.001,0.01,0.450,-0.003,0.000,0.000,0.000,1.000,7.37,10.77567062,106.67090893,10.51,"10°46'32.41""N, 106°40'15.27""E",FIX,
14:56:42.366,1786175802.367,TRACKING,7.403,-0.000,-0.002,0.01,0.450,0.005,0.000,0.000,0.000,1.000,7.40,10.77567062,106.67090893,10.51,"10°46'32.41""N, 106°40'15.27""E",FIX,
14:56:42.438,1786175802.439,TRACKING,7.430,-0.000,-0.001,0.01,0.450,-0.004,0.000,0.000,0.000,1.000,7.43,10.77567062,106.67090893,10.51,"10°46'32.41""N, 106°40'15.27""E",FIX,
14:56:42.510,1786175802.511,TRACKING,7.466,-0.000,-0.002,0.01,0.450,-0.003,0.000,0.000,0.000,1.000,7.47,10.77567062,106.67090935,10.51,"10°46'32.41""N, 106°40'15.27""E",FIX,
14:56:42.577,1786175802.578,TRACKING,7.493,-0.000,-0.002,0.01,0.450,-0.003,0.000,0.000,0.000,1.000,7.49,10.77567062,106.67090935,10.51,"10°46'32.41""N, 106°40'15.27""E",FIX,
14:56:42.660,1786175802.661,TRACKING,7.529,-0.000,-0.002,0.01,0.450,-0.003,0.000,0.000,0.000,1.000,7.53,10.77567062,106.67090935,10.51,"10°46'32.41""N, 106°40'15.27""E",FIX,
14:56:42.729,1786175802.730,TRACKING,7.556,-0.000,-0.002,0.01,0.450,0.005,0.000,0.000,0.000,1.000,7.56,10.77567062,106.67090976,10.51,"10°46'32.41""N, 106°40'15.28""E",FIX,
14:56:42.794,1786175802.795,TRACKING,7.583,-0.001,-0.002,0.01,0.450,-0.001,0.000,0.000,0.000,1.000,7.58,10.77567062,106.67090976,10.51,"10°46'32.41""N, 106°40'15.28""E",FIX,
14:56:42.880,1786175802.880,TRACKING,7.619,-0.001,-0.002,0.01,0.450,-0.004,0.000,0.000,0.000,1.000,7.62,10.77567062,106.67090976,10.51,"10°46'32.41""N, 106°40'15.28""E",FIX,
14:56:42.938,1786175802.938,TRACKING,7.637,-0.001,-0.002,0.01,0.450,-0.004,0.000,0.000,0.000,1.000,7.64,10.77567062,106.67091017,10.51,"10°46'32.41""N, 106°40'15.28""E",FIX,
14:56:43.010,1786175803.011,TRACKING,7.664,-0.001,-0.002,-0.01,0.450,0.034,0.000,0.000,0.000,1.000,7.66,10.77567062,106.67091017,10.51,"10°46'32.41""N, 106°40'15.28""E",FIX,
14:56:43.085,1786175803.086,TRACKING,7.700,-0.001,-0.001,-0.02,0.450,0.024,0.000,0.000,0.000,0.979,7.70,10.77567062,106.67091017,10.51,"10°46'32.41""N, 106°40'15.28""E",FIX,
14:56:43.164,1786175803.164,TRACKING,7.727,-0.001,0.001,-0.02,0.450,0.019,0.000,0.000,0.000,0.521,7.73,10.77567061,106.67091058,10.51,"10°46'32.41""N, 106°40'15.28""E",FIX,
14:56:43.233,1786175803.233,TRACKING,7.754,-0.001,0.002,-0.03,0.450,0.016,0.000,0.000,0.000,0.583,7.75,10.77567061,106.67091058,10.51,"10°46'32.41""N, 106°40'15.28""E",FIX,
14:56:43.300,1786175803.300,TRACKING,7.790,-0.001,0.003,-0.03,0.450,0.007,0.000,0.000,0.000,0.667,7.79,10.77567061,106.67091058,10.51,"10°46'32.41""N, 106°40'15.28""E",FIX,
14:56:43.383,1786175803.384,TRACKING,7.826,-0.000,0.004,-0.03,0.450,0.007,0.000,0.000,0.000,0.729,7.83,10.77567061,106.67091099,10.51,"10°46'32.41""N, 106°40'15.28""E",FIX,
14:56:43.451,1786175803.452,TRACKING,7.853,-0.000,0.005,-0.03,0.450,0.007,0.000,0.000,0.000,0.792,7.85,10.77567061,106.67091099,10.51,"10°46'32.41""N, 106°40'15.28""E",FIX,
14:56:43.513,1786175803.514,TRACKING,7.880,-0.000,0.005,-0.03,0.450,0.007,0.000,0.000,0.000,0.875,7.88,10.77567061,106.67091099,10.51,"10°46'32.41""N, 106°40'15.28""E",FIX,
14:56:43.593,1786175803.594,TRACKING,7.907,-0.000,0.005,-0.03,0.450,0.007,0.000,0.000,0.000,0.958,7.91,10.77567061,106.67091140,10.51,"10°46'32.41""N, 106°40'15.28""E",FIX,
14:56:43.673,1786175803.674,TRACKING,7.943,0.000,0.006,-0.03,0.450,0.007,0.000,0.000,0.000,1.000,7.94,10.77567061,106.67091140,10.51,"10°46'32.41""N, 106°40'15.28""E",FIX,
14:56:43.744,1786175803.744,TRACKING,7.970,0.000,0.006,-0.03,0.450,0.007,0.000,0.000,0.000,1.000,7.97,10.77567061,106.67091140,10.51,"10°46'32.41""N, 106°40'15.28""E",FIX,
14:56:43.811,1786175803.811,TRACKING,7.997,0.000,0.007,-0.03,0.450,0.007,0.000,0.000,0.000,1.000,8.00,10.77567061,106.67091181,10.51,"10°46'32.41""N, 106°40'15.28""E",FIX,
14:56:43.897,1786175803.897,TRACKING,8.033,0.001,0.007,-0.03,0.450,0.007,0.000,0.000,0.000,1.000,8.03,10.77567061,106.67091181,10.51,"10°46'32.41""N, 106°40'15.28""E",FIX,
14:56:43.958,1786175803.958,TRACKING,8.051,0.001,0.008,-0.03,0.450,0.003,0.000,0.000,0.000,1.000,8.05,10.77567061,106.67091181,10.51,"10°46'32.41""N, 106°40'15.28""E",FIX,
14:56:44.037,1786175804.037,TRACKING,8.087,0.001,0.008,-0.02,0.450,0.001,0.000,0.000,0.000,1.000,8.09,10.77567061,106.67091223,10.51,"10°46'32.41""N, 106°40'15.28""E",FIX,
14:56:44.106,1786175804.107,TRACKING,8.114,0.001,0.008,-0.02,0.450,0.010,0.000,0.000,0.000,1.000,8.11,10.77567061,106.67091223,10.51,"10°46'32.41""N, 106°40'15.28""E",FIX,
14:56:44.175,1786175804.176,TRACKING,8.141,0.002,0.009,-0.02,0.450,0.001,0.000,0.000,0.000,1.000,8.14,10.77567061,106.67091223,10.51,"10°46'32.41""N, 106°40'15.28""E",FIX,
14:56:44.247,1786175804.248,TRACKING,8.177,0.002,0.009,-0.02,0.450,0.003,0.000,0.000,0.000,1.000,8.18,10.77567061,106.67091264,10.51,"10°46'32.41""N, 106°40'15.29""E",FIX,
14:56:44.320,1786175804.321,TRACKING,8.204,0.002,0.009,-0.02,0.450,0.003,0.000,0.000,0.000,1.000,8.20,10.77567061,106.67091264,10.51,"10°46'32.41""N, 106°40'15.29""E",FIX,
14:56:44.407,1786175804.407,TRACKING,8.240,0.002,0.009,-0.02,0.450,0.004,0.000,0.000,0.000,1.000,8.24,10.77567061,106.67091264,10.51,"10°46'32.41""N, 106°40'15.29""E",FIX,
14:56:44.475,1786175804.476,TRACKING,8.267,0.003,0.010,-0.02,0.450,0.004,0.000,0.000,0.000,1.000,8.27,10.77567061,106.67091305,10.51,"10°46'32.41""N, 106°40'15.29""E",FIX,
14:56:44.541,1786175804.541,TRACKING,8.294,0.003,0.010,-0.02,0.450,0.004,0.000,0.000,0.000,1.000,8.29,10.77567061,106.67091305,10.51,"10°46'32.41""N, 106°40'15.29""E",FIX,
14:56:44.602,1786175804.603,TRACKING,8.321,0.003,0.010,-0.02,0.450,0.005,0.000,0.000,0.000,1.000,8.32,10.77567061,106.67091305,10.51,"10°46'32.41""N, 106°40'15.29""E",FIX,
14:56:44.681,1786175804.682,TRACKING,8.357,0.004,0.010,-0.02,0.450,0.005,0.000,0.000,0.000,1.000,8.36,10.77567062,106.67091346,10.51,"10°46'32.41""N, 106°40'15.29""E",FIX,
14:56:44.752,1786175804.752,TRACKING,8.384,0.004,0.011,-0.02,0.450,0.005,0.000,0.000,0.000,1.000,8.38,10.77567062,106.67091346,10.51,"10°46'32.41""N, 106°40'15.29""E",FIX,
14:56:44.810,1786175804.810,TRACKING,8.411,0.004,0.011,-0.02,0.450,0.005,0.000,0.000,0.000,1.000,8.41,10.77567062,106.67091346,10.51,"10°46'32.41""N, 106°40'15.29""E",FIX,
14:56:44.888,1786175804.888,TRACKING,8.447,0.005,0.011,-0.02,0.450,0.005,0.000,0.000,0.000,1.000,8.45,10.77567062,106.67091387,10.51,"10°46'32.41""N, 106°40'15.29""E",FIX,
14:56:44.960,1786175804.961,TRACKING,8.474,0.005,0.012,-0.02,0.450,0.013,0.000,0.000,0.000,1.000,8.47,10.77567062,106.67091387,10.51,"10°46'32.41""N, 106°40'15.29""E",FIX,
14:56:45.042,1786175805.043,TRACKING,8.510,0.005,0.013,-0.02,0.450,0.010,0.000,0.000,0.000,0.667,8.51,10.77567062,106.67091387,10.51,"10°46'32.41""N, 106°40'15.29""E",FIX,
14:56:46.670,1786175806.670,UTURN_PLANNING,9.162,0.014,0.014,0.00,0.000,0.000,0.000,0.000,0.000,0.000,0.00,10.77567064,106.67091716,10.51,"10°46'32.41""N, 106°40'15.30""E",FIX,
14:56:46.718,1786175806.718,PATH_FOLLOWING,9.162,0.014,0.014,88.68,0.020,-1.500,0.000,0.000,0.000,0.000,0.00,10.77567064,106.67091716,10.51,"10°46'32.41""N, 106°40'15.30""E",FIX,
14:56:46.786,1786175806.786,PATH_FOLLOWING,9.163,0.014,-0.063,88.68,0.020,-1.500,0.000,0.000,0.000,0.000,0.00,10.77567064,106.67091716,10.51,"10°46'32.41""N, 106°40'15.30""E",FIX,
14:56:46.860,1786175806.861,PATH_FOLLOWING,9.165,0.014,-0.153,88.68,0.020,-1.500,0.000,0.000,0.000,0.000,0.00,10.77567064,106.67091718,10.51,"10°46'32.41""N, 106°40'15.30""E",FIX,
14:56:46.937,1786175806.938,PATH_FOLLOWING,9.166,0.014,-0.273,88.68,0.020,-1.500,0.000,0.000,0.000,0.000,0.00,10.77567064,106.67091718,10.51,"10°46'32.41""N, 106°40'15.30""E",FIX,
14:56:46.994,1786175806.995,PATH_FOLLOWING,9.167,0.014,-0.333,88.68,0.020,-1.500,0.000,0.000,0.000,0.000,0.00,10.77567064,106.67091718,10.51,"10°46'32.41""N, 106°40'15.30""E",FIX,
14:56:47.065,1786175807.065,PATH_FOLLOWING,9.168,0.013,-0.453,88.68,0.020,-1.500,0.000,0.000,0.000,0.000,0.00,10.77567067,106.67091720,10.51,"10°46'32.41""N, 106°40'15.30""E",FIX,
14:56:47.134,1786175807.134,PATH_FOLLOWING,9.169,0.012,-0.543,88.68,0.020,-1.500,0.000,0.000,0.000,0.000,0.00,10.77567067,106.67091720,10.51,"10°46'32.41""N, 106°40'15.30""E",FIX,
14:56:47.220,1786175807.221,PATH_FOLLOWING,9.170,0.012,-0.633,88.68,0.020,-1.500,0.000,0.000,0.000,0.000,0.00,10.77567067,106.67091720,10.51,"10°46'32.41""N, 106°40'15.30""E",FIX,
14:56:47.310,1786175807.310,PATH_FOLLOWING,9.172,0.011,-0.753,88.68,0.020,-1.500,0.000,0.000,0.000,0.000,0.00,10.77567073,106.67091721,10.51,"10°46'32.41""N, 106°40'15.30""E",FIX,
14:56:47.371,1786175807.372,PATH_FOLLOWING,9.172,0.010,-0.843,88.68,0.020,-1.500,0.000,0.000,0.000,0.000,0.00,10.77567073,106.67091721,10.51,"10°46'32.41""N, 106°40'15.30""E",FIX,
14:56:47.437,1786175807.438,PATH_FOLLOWING,9.173,0.009,-0.933,87.94,0.031,-1.500,0.000,0.000,0.000,0.000,0.00,10.77567073,106.67091721,10.51,"10°46'32.41""N, 106°40'15.30""E",FIX,
14:56:47.521,1786175807.522,PATH_FOLLOWING,9.174,0.007,-1.053,86.50,0.053,-1.500,0.000,0.000,0.000,0.000,0.00,10.77567081,106.67091723,10.51,"10°46'32.41""N, 106°40'15.30""E",FIX,
14:56:47.592,1786175807.592,PATH_FOLLOWING,9.176,0.005,-1.143,85.26,0.072,-1.500,0.000,0.000,0.000,0.000,0.00,10.77567081,106.67091723,10.51,"10°46'32.41""N, 106°40'15.30""E",FIX,
14:56:47.660,1786175807.660,PATH_FOLLOWING,9.177,0.001,-1.233,83.94,0.092,-1.500,0.000,0.000,0.000,0.000,0.00,10.77567081,106.67091723,10.51,"10°46'32.41""N, 106°40'15.30""E",FIX,
14:56:47.744,1786175807.745,PATH_FOLLOWING,9.179,-0.005,-1.353,82.10,0.121,-1.500,0.000,0.000,0.000,0.000,0.00,10.77567091,106.67091727,10.51,"10°46'32.42""N, 106°40'15.30""E",FIX,
14:56:47.803,1786175807.803,PATH_FOLLOWING,9.180,-0.011,-1.443,80.73,0.142,-1.500,0.000,0.000,0.000,0.000,0.00,10.77567091,106.67091727,10.51,"10°46'32.42""N, 106°40'15.30""E",FIX,
14:56:47.877,1786175807.878,PATH_FOLLOWING,9.180,-0.019,-1.533,79.41,0.163,-1.500,0.000,0.000,0.000,0.000,0.00,10.77567091,106.67091727,10.51,"10°46'32.42""N, 106°40'15.30""E",FIX,
14:56:47.945,1786175807.946,PATH_FOLLOWING,9.180,-0.028,-1.623,78.18,0.182,-1.500,0.000,0.000,0.000,0.000,0.00,10.77567092,106.67091736,10.51,"10°46'32.42""N, 106°40'15.30""E",FIX,
14:56:48.019,1786175808.019,PATH_FOLLOWING,9.179,-0.042,-1.743,76.71,0.206,-1.500,0.000,0.000,0.000,0.000,0.00,10.77567092,106.67091736,10.51,"10°46'32.42""N, 106°40'15.30""E",FIX,
14:56:48.089,1786175808.090,PATH_FOLLOWING,9.176,-0.054,-1.833,0.00,0.000,0.000,0.000,0.000,0.000,0.812,0.00,10.77567092,106.67091736,10.51,"10°46'32.42""N, 106°40'15.30""E",FIX,
14:56:48.154,1786175808.154,TRACKING,9.174,-0.060,-1.879,0.53,0.450,-0.210,0.000,0.000,0.000,0.792,0.01,10.77567085,106.67091749,10.51,"10°46'32.42""N, 106°40'15.30""E",FIX,
14:56:48.223,1786175808.223,TRACKING,9.168,-0.079,-1.889,0.87,0.450,-0.953,0.000,0.000,0.000,0.792,0.03,10.77567085,106.67091749,10.51,"10°46'32.42""N, 106°40'15.30""E",FIX,
14:56:48.296,1786175808.297,TRACKING,9.159,-0.105,-1.932,1.06,0.450,-0.661,0.000,0.000,0.000,0.833,0.05,10.77567085,106.67091749,10.51,"10°46'32.42""N, 106°40'15.30""E",FIX,
14:56:48.379,1786175808.379,TRACKING,9.149,-0.130,-1.979,1.14,0.450,-0.449,0.000,0.000,0.000,0.854,0.08,10.77567068,106.67091769,10.51,"10°46'32.41""N, 106°40'15.30""E",FIX,
14:56:48.448,1786175808.448,TRACKING,9.134,-0.162,-2.025,1.15,0.450,-0.329,0.000,0.000,0.000,0.917,0.12,10.77567068,106.67091769,10.51,"10°46'32.41""N, 106°40'15.30""E",FIX,
14:56:48.511,1786175808.512,TRACKING,9.122,-0.186,-2.048,1.15,0.450,-0.296,0.000,0.000,0.000,0.958,0.14,10.77567068,106.67091769,10.51,"10°46'32.41""N, 106°40'15.30""E",FIX,
14:56:48.577,1786175808.577,TRACKING,9.109,-0.210,-2.066,1.15,0.450,-0.298,0.000,0.000,0.000,0.958,0.17,10.77567049,106.67091784,10.51,"10°46'32.41""N, 106°40'15.30""E",FIX,
14:56:48.649,1786175808.649,TRACKING,9.096,-0.234,-2.084,1.15,0.450,-0.301,0.000,0.000,0.000,0.958,0.20,10.77567049,106.67091784,10.51,"10°46'32.41""N, 106°40'15.30""E",FIX,
14:56:48.714,1786175808.715,TRACKING,9.083,-0.257,-2.102,1.14,0.450,-0.301,0.000,0.000,0.000,0.937,0.22,10.77567049,106.67091784,10.51,"10°46'32.41""N, 106°40'15.30""E",FIX,
14:56:48.792,1786175808.793,TRACKING,9.064,-0.288,-2.126,1.14,0.450,-0.302,0.000,0.000,0.000,0.937,0.26,10.77567049,106.67091784,10.51,"10°46'32.41""N, 106°40'15.30""E",FIX,
14:56:48.866,1786175808.866,TRACKING,9.050,-0.311,-2.144,1.14,0.450,-0.302,0.000,0.000,0.000,0.937,0.29,10.77567049,106.67091784,10.51,"10°46'32.41""N, 106°40'15.30""E",FIX,
14:56:48.932,1786175808.933,TRACKING,9.035,-0.333,-2.162,1.14,0.450,-0.303,0.000,0.000,0.000,0.937,0.31,10.77567049,106.67091784,10.51,"10°46'32.41""N, 106°40'15.30""E",FIX,
14:56:49.007,1786175809.007,TRACKING,9.014,-0.363,-2.187,1.14,0.450,-0.303,0.000,0.000,0.000,0.937,0.35,10.77567049,106.67091784,10.51,"10°46'32.41""N, 106°40'15.30""E",FIX,
14:56:49.083,1786175809.083,TRACKING,8.993,-0.392,-2.211,1.14,0.450,-0.303,0.000,0.000,0.000,0.937,0.39,10.77567049,106.67091784,10.51,"10°46'32.41""N, 106°40'15.30""E",FIX,
14:56:49.140,1786175809.140,TRACKING,8.982,-0.407,-2.223,1.14,0.450,-0.303,0.000,0.000,0.000,0.937,0.40,10.77567049,106.67091784,10.51,"10°46'32.41""N, 106°40'15.30""E",FIX,
14:56:49.216,1786175809.216,TRACKING,8.960,-0.435,-2.247,1.14,0.450,-0.303,0.000,0.000,0.000,0.937,0.44,10.77567049,106.67091784,10.51,"10°46'32.41""N, 106°40'15.30""E",FIX,
14:56:49.290,1786175809.290,TRACKING,8.937,-0.463,-2.271,1.14,0.450,-0.303,0.000,0.000,0.000,0.937,0.48,10.77567049,106.67091784,10.51,"10°46'32.41""N, 106°40'15.30""E",FIX,
14:56:49.359,1786175809.360,TRACKING,8.920,-0.483,-2.290,1.14,0.450,-0.303,0.000,0.000,0.000,0.937,0.50,10.77567049,106.67091784,10.51,"10°46'32.41""N, 106°40'15.30""E",FIX,
14:56:49.439,1786175809.439,TRACKING,8.896,-0.510,-2.314,1.14,0.450,-0.303,0.000,0.000,0.000,0.937,0.54,10.77567049,106.67091784,10.51,"10°46'32.41""N, 106°40'15.30""E",FIX,
14:56:49.490,1786175809.491,TRACKING,8.883,-0.523,-2.326,1.14,0.450,-0.303,0.000,0.000,0.000,0.937,0.56,10.77567049,106.67091784,10.51,"10°46'32.41""N, 106°40'15.30""E",FIX,
14:56:49.561,1786175809.562,TRACKING,8.865,-0.543,-2.344,1.14,0.450,-0.303,0.000,0.000,0.000,0.937,0.58,10.77567049,106.67091784,10.51,"10°46'32.41""N, 106°40'15.30""E",FIX,
14:56:49.641,1786175809.641,TRACKING,8.839,-0.568,-2.368,1.14,0.450,-0.303,0.000,0.000,0.000,0.937,0.62,10.77567049,106.67091784,10.51,"10°46'32.41""N, 106°40'15.30""E",FIX,
14:56:49.703,1786175809.704,TRACKING,8.820,-0.587,-2.387,1.14,0.450,-0.303,0.000,0.000,0.000,0.937,0.65,10.77567049,106.67091784,10.51,"10°46'32.41""N, 106°40'15.30""E",FIX,
14:56:49.775,1786175809.776,TRACKING,8.793,-0.611,-2.411,1.14,0.450,-0.303,0.000,0.000,0.000,0.937,0.68,10.77567049,106.67091784,10.51,"10°46'32.41""N, 106°40'15.30""E",FIX,
14:56:49.845,1786175809.846,TRACKING,8.773,-0.629,-2.429,1.14,0.450,-0.303,0.000,0.000,0.000,0.937,0.71,10.77567049,106.67091784,10.51,"10°46'32.41""N, 106°40'15.30""E",FIX,
14:56:49.915,1786175809.915,TRACKING,8.752,-0.646,-2.447,1.14,0.450,-0.303,0.000,0.000,0.000,0.937,0.74,10.77567049,106.67091784,10.51,"10°46'32.41""N, 106°40'15.30""E",FIX,
14:56:49.983,1786175809.984,TRACKING,8.732,-0.664,-2.465,1.14,0.450,-0.303,0.000,0.000,0.000,0.937,0.76,10.77567049,106.67091784,10.51,"10°46'32.41""N, 106°40'15.30""E",FIX,
14:56:50.043,1786175810.044,TRACKING,8.710,-0.680,-2.484,1.14,0.450,-0.303,0.000,0.000,0.000,0.937,0.79,10.77567049,106.67091784,10.51,"10°46'32.41""N, 106°40'15.30""E",FIX,
14:56:50.113,1786175810.113,TRACKING,8.682,-0.702,-2.508,1.14,0.450,-0.303,0.000,0.000,0.000,0.937,0.83,10.77567049,106.67091784,10.51,"10°46'32.41""N, 106°40'15.30""E",FIX,
14:56:50.181,1786175810.182,TRACKING,8.660,-0.718,-2.526,1.14,0.450,-0.303,0.000,0.000,0.000,0.937,0.85,10.77567049,106.67091784,10.51,"10°46'32.41""N, 106°40'15.30""E",FIX,
14:56:50.271,1786175810.271,TRACKING,8.630,-0.738,-2.550,1.14,0.450,-0.303,0.000,0.000,0.000,0.937,0.89,10.77567049,106.67091784,10.51,"10°46'32.41""N, 106°40'15.30""E",FIX,
14:56:50.334,1786175810.335,TRACKING,8.607,-0.753,-2.568,1.14,0.450,-0.303,0.000,0.000,0.000,0.937,0.92,10.77567049,106.67091784,10.51,"10°46'32.41""N, 106°40'15.30""E",FIX,
14:56:50.406,1786175810.407,TRACKING,8.585,-0.767,-2.587,1.14,0.450,-0.303,0.000,0.000,0.000,0.937,0.94,10.77567049,106.67091784,10.51,"10°46'32.41""N, 106°40'15.30""E",FIX,
14:56:50.461,1786175810.462,TRACKING,8.562,-0.781,-2.605,1.14,0.450,-0.303,0.000,0.000,0.000,0.937,0.97,10.77567049,106.67091784,10.51,"10°46'32.41""N, 106°40'15.30""E",FIX,
14:56:50.544,1786175810.544,TRACKING,8.530,-0.799,-2.629,1.14,0.450,-0.303,0.000,0.000,0.000,0.937,1.01,10.77567049,106.67091784,10.51,"10°46'32.41""N, 106°40'15.30""E",FIX,
14:56:50.623,1786175810.623,TRACKING,8.507,-0.812,-2.647,1.14,0.450,-0.303,0.000,0.000,0.000,0.937,1.03,10.77567049,106.67091784,10.51,"10°46'32.41""N, 106°40'15.30""E",FIX,
14:56:50.684,1786175810.684,TRACKING,8.483,-0.825,-2.665,1.14,0.450,-0.303,0.000,0.000,0.000,0.937,1.06,10.77567049,106.67091784,10.51,"10°46'32.41""N, 106°40'15.30""E",FIX,
14:56:50.756,1786175810.756,TRACKING,8.451,-0.841,-2.690,1.14,0.450,-0.303,0.000,0.000,0.000,0.937,1.10,10.77567049,106.67091784,10.51,"10°46'32.41""N, 106°40'15.30""E",FIX,
14:56:50.817,1786175810.818,TRACKING,8.434,-0.849,-2.702,1.14,0.450,-0.303,0.000,0.000,0.000,0.937,1.12,10.77567049,106.67091784,10.51,"10°46'32.41""N, 106°40'15.30""E",FIX,
14:56:50.892,1786175810.892,TRACKING,8.402,-0.864,-2.726,1.14,0.450,-0.303,0.000,0.000,0.000,0.937,1.15,10.77567049,106.67091784,10.51,"10°46'32.41""N, 106°40'15.30""E",FIX,
14:56:50.976,1786175810.976,TRACKING,8.369,-0.878,-2.750,1.14,0.450,-0.303,0.000,0.000,0.000,0.937,1.19,10.77567049,106.67091784,10.51,"10°46'32.41""N, 106°40'15.30""E",FIX,
14:56:51.043,1786175811.044,TRACKING,8.352,-0.885,-2.762,1.14,0.450,-0.303,0.000,0.000,0.000,0.937,1.21,10.77567049,106.67091784,10.51,"10°46'32.41""N, 106°40'15.30""E",FIX,
14:56:51.122,1786175811.123,TRACKING,8.318,-0.898,-2.787,1.14,0.450,-0.303,0.000,0.000,0.000,0.937,1.24,10.77567049,106.67091784,10.51,"10°46'32.41""N, 106°40'15.30""E",FIX,
14:56:51.200,1786175811.201,TRACKING,8.284,-0.910,-2.811,1.14,0.450,-0.303,0.000,0.000,0.000,0.937,1.28,10.77567049,106.67091784,10.51,"10°46'32.41""N, 106°40'15.30""E",FIX,
14:56:51.267,1786175811.267,TRACKING,8.259,-0.918,-2.829,1.14,0.450,-0.303,0.000,0.000,0.000,0.937,1.30,10.77567049,106.67091784,10.51,"10°46'32.41""N, 106°40'15.30""E",FIX,
14:56:51.337,1786175811.337,TRACKING,8.233,-0.926,-2.847,1.14,0.450,-0.303,0.000,0.000,0.000,0.937,1.33,10.77567049,106.67091784,10.51,"10°46'32.41""N, 106°40'15.30""E",FIX,
14:56:51.407,1786175811.407,TRACKING,8.198,-0.936,-2.871,1.14,0.450,-0.303,0.000,0.000,0.000,0.937,1.37,10.77567049,106.67091784,10.51,"10°46'32.41""N, 106°40'15.30""E",FIX,
14:56:51.468,1786175811.468,TRACKING,8.181,-0.941,-2.884,1.14,0.450,-0.303,0.000,0.000,0.000,0.937,1.39,10.77567049,106.67091784,10.51,"10°46'32.41""N, 106°40'15.30""E",FIX,
14:56:51.541,1786175811.541,TRACKING,8.146,-0.950,-2.908,1.14,0.450,-0.303,0.000,0.000,0.000,0.937,1.42,10.77567049,106.67091784,10.51,"10°46'32.41""N, 106°40'15.30""E",FIX,
14:56:51.626,1786175811.626,TRACKING,8.120,-0.956,-2.926,1.14,0.450,-0.303,0.000,0.000,0.000,0.937,1.45,10.77567049,106.67091784,10.51,"10°46'32.41""N, 106°40'15.30""E",FIX,
14:56:51.692,1786175811.692,TRACKING,8.085,-0.963,-2.950,1.14,0.450,-0.303,0.000,0.000,0.000,0.937,1.48,10.77567049,106.67091784,10.51,"10°46'32.41""N, 106°40'15.30""E",FIX,
14:56:51.761,1786175811.762,TRACKING,8.058,-0.968,-2.968,1.14,0.450,-0.303,0.000,0.000,0.000,0.937,1.51,10.77567049,106.67091784,10.51,"10°46'32.41""N, 106°40'15.30""E",FIX,
14:56:51.821,1786175811.821,TRACKING,8.031,-0.972,-2.987,1.14,0.450,-0.303,0.000,0.000,0.000,0.937,1.54,10.77567049,106.67091784,10.51,"10°46'32.41""N, 106°40'15.30""E",FIX,
14:56:51.891,1786175811.891,TRACKING,8.005,-0.976,-3.005,1.14,0.450,-0.303,0.000,0.000,0.000,0.937,1.57,10.77567049,106.67091784,10.51,"10°46'32.41""N, 106°40'15.30""E",FIX,
14:56:51.968,1786175811.968,TRACKING,7.969,-0.981,-3.029,1.14,0.450,-0.303,0.000,0.000,0.000,0.937,1.60,10.77567049,106.67091784,10.51,"10°46'32.41""N, 106°40'15.30""E",FIX,
14:56:52.039,1786175812.039,TRACKING,7.942,-0.984,-3.047,1.14,0.450,-0.303,0.000,0.000,0.000,0.937,1.63,10.77567049,106.67091784,10.51,"10°46'32.41""N, 106°40'15.30""E",FIX,
14:56:52.101,1786175812.101,TRACKING,7.915,-0.986,-3.065,1.14,0.450,-0.303,0.000,0.000,0.000,0.937,1.66,10.77567049,106.67091784,10.51,"10°46'32.41""N, 106°40'15.30""E",FIX,
14:56:52.177,1786175812.178,TRACKING,7.879,-0.988,-3.090,1.14,0.450,-0.303,0.000,0.000,0.000,0.937,1.69,10.77567049,106.67091784,10.51,"10°46'32.41""N, 106°40'15.30""E",FIX,
14:56:52.257,1786175812.257,TRACKING,7.852,-0.989,-3.108,1.14,0.450,-0.303,0.000,0.000,0.000,0.937,1.72,10.77567049,106.67091784,10.51,"10°46'32.41""N, 106°40'15.30""E",FIX,
14:56:52.312,1786175812.313,TRACKING,7.825,-0.990,-3.126,1.14,0.450,-0.303,0.000,0.000,0.000,0.937,1.75,10.77567049,106.67091784,10.51,"10°46'32.41""N, 106°40'15.30""E",FIX,
14:56:52.461,1786175812.462,REACTIVE_AVOID,7.781,-0.990,3.127,1.14,0.000,0.000,0.000,0.000,0.000,0.937,1.78,10.77567049,106.67091784,10.51,"10°46'32.41""N, 106°40'15.30""E",FIX,
14:56:52.529,1786175812.529,REACTIVE_AVOID,7.781,-0.990,3.127,1.14,0.000,0.000,0.000,0.000,0.000,0.937,1.78,10.77567049,106.67091784,10.51,"10°46'32.41""N, 106°40'15.30""E",FIX,
14:56:52.601,1786175812.602,REACTIVE_AVOID,7.781,-0.990,3.127,1.14,0.000,0.000,0.000,0.000,0.000,0.937,1.78,10.77567049,106.67091784,10.51,"10°46'32.41""N, 106°40'15.30""E",FIX,
14:56:52.656,1786175812.657,REACTIVE_AVOID,7.781,-0.990,3.127,1.14,0.000,0.000,0.000,0.000,0.000,0.937,1.78,10.77567049,106.67091784,10.51,"10°46'32.41""N, 106°40'15.30""E",FIX,
14:56:52.731,1786175812.732,REACTIVE_AVOID,7.781,-0.990,3.127,1.14,0.000,0.000,0.000,0.000,0.000,0.937,1.78,10.77567049,106.67091784,10.51,"10°46'32.41""N, 106°40'15.30""E",FIX,
14:56:52.804,1786175812.805,REACTIVE_AVOID,7.781,-0.990,3.127,1.14,0.000,0.000,0.000,0.000,0.000,0.937,1.78,10.77567049,106.67091784,10.51,"10°46'32.41""N, 106°40'15.30""E",FIX,
14:56:52.860,1786175812.860,REACTIVE_AVOID,7.781,-0.990,3.127,1.14,0.000,0.000,0.000,0.000,0.000,0.937,1.78,10.77567049,106.67091784,10.51,"10°46'32.41""N, 106°40'15.30""E",FIX,
14:56:52.941,1786175812.941,REACTIVE_AVOID,7.781,-0.990,3.127,1.14,0.000,0.000,0.000,0.000,0.000,0.937,1.78,10.77567049,106.67091784,10.51,"10°46'32.41""N, 106°40'15.30""E",FIX,
14:56:53.005,1786175813.005,REACTIVE_AVOID,7.781,-0.990,3.127,1.14,0.000,0.000,0.000,0.000,0.000,0.937,1.78,10.77567049,106.67091784,10.51,"10°46'32.41""N, 106°40'15.30""E",FIX,
14:56:53.072,1786175813.072,REACTIVE_AVOID,7.781,-0.990,3.127,1.14,0.000,0.000,0.000,0.000,0.000,0.937,1.78,10.77567049,106.67091784,10.51,"10°46'32.41""N, 106°40'15.30""E",FIX,
14:56:53.143,1786175813.144,REACTIVE_AVOID,7.781,-0.990,3.127,1.14,0.000,0.000,0.000,0.000,0.000,0.937,1.78,10.77567049,106.67091784,10.51,"10°46'32.41""N, 106°40'15.30""E",FIX,
14:56:53.209,1786175813.210,REACTIVE_AVOID,7.781,-0.990,3.127,1.14,0.000,0.000,0.000,0.000,0.000,0.937,1.78,10.77567049,106.67091784,10.51,"10°46'32.41""N, 106°40'15.30""E",FIX,
14:56:53.278,1786175813.279,REACTIVE_AVOID,7.781,-0.990,3.127,1.14,0.000,0.000,0.000,0.000,0.000,0.937,1.78,10.77567049,106.67091784,10.51,"10°46'32.41""N, 106°40'15.30""E",FIX,
14:56:53.348,1786175813.348,REACTIVE_AVOID,7.781,-0.990,3.127,1.14,0.000,0.000,0.000,0.000,0.000,0.937,1.78,10.77567049,106.67091784,10.51,"10°46'32.41""N, 106°40'15.30""E",FIX,
14:56:53.425,1786175813.425,REACTIVE_AVOID,7.781,-0.990,3.127,1.14,0.000,0.000,0.000,0.000,0.000,0.937,1.78,10.77567049,106.67091784,10.51,"10°46'32.41""N, 106°40'15.30""E",FIX,
14:56:53.484,1786175813.484,REACTIVE_AVOID,7.781,-0.990,3.127,1.14,0.000,0.000,0.000,0.000,0.000,0.937,1.78,10.77567049,106.67091784,10.51,"10°46'32.41""N, 106°40'15.30""E",FIX,
14:56:53.568,1786175813.568,REACTIVE_AVOID,7.781,-0.990,3.127,1.14,0.000,0.000,0.000,0.000,0.000,0.937,1.78,10.77567049,106.67091784,10.51,"10°46'32.41""N, 106°40'15.30""E",FIX,
14:56:53.627,1786175813.627,REACTIVE_AVOID,7.781,-0.990,3.127,1.14,0.000,0.000,0.000,0.000,0.000,0.937,1.78,10.77567049,106.67091784,10.51,"10°46'32.41""N, 106°40'15.30""E",FIX,
14:56:53.690,1786175813.690,REACTIVE_AVOID,7.781,-0.990,3.127,1.14,0.000,0.000,0.000,0.000,0.000,0.937,1.78,10.77567049,106.67091784,10.51,"10°46'32.41""N, 106°40'15.30""E",FIX,
14:56:53.769,1786175813.769,REACTIVE_AVOID,7.781,-0.990,3.127,1.14,0.000,0.000,0.000,0.000,0.000,0.937,1.78,10.77567049,106.67091784,10.51,"10°46'32.41""N, 106°40'15.30""E",FIX,
14:56:53.849,1786175813.850,REACTIVE_AVOID,7.781,-0.990,3.127,1.14,0.000,0.000,0.000,0.000,0.000,0.937,1.78,10.77567049,106.67091784,10.51,"10°46'32.41""N, 106°40'15.30""E",FIX,
14:56:53.906,1786175813.907,REACTIVE_AVOID,7.781,-0.990,3.127,1.14,0.000,0.000,0.000,0.000,0.000,0.937,1.78,10.77567049,106.67091784,10.51,"10°46'32.41""N, 106°40'15.30""E",FIX,
14:56:53.989,1786175813.989,REACTIVE_AVOID,7.781,-0.990,3.127,1.14,0.000,0.000,0.000,0.000,0.000,0.937,1.78,10.77567049,106.67091784,10.51,"10°46'32.41""N, 106°40'15.30""E",FIX,
14:56:54.062,1786175814.063,REACTIVE_AVOID,7.781,-0.990,3.127,1.14,0.000,0.000,0.000,0.000,0.000,0.937,1.78,10.77567049,106.67091784,10.51,"10°46'32.41""N, 106°40'15.30""E",FIX,
14:56:54.130,1786175814.130,REACTIVE_AVOID,7.781,-0.990,3.127,1.14,0.000,0.000,0.000,0.000,0.000,0.937,1.78,10.77567049,106.67091784,10.51,"10°46'32.41""N, 106°40'15.30""E",FIX,
14:56:54.190,1786175814.190,REACTIVE_AVOID,7.781,-0.990,3.127,1.14,0.000,0.000,0.000,0.000,0.000,0.937,1.78,10.77567049,106.67091784,10.51,"10°46'32.41""N, 106°40'15.30""E",FIX,
14:56:54.281,1786175814.281,REACTIVE_AVOID,7.781,-0.990,3.127,1.14,0.000,0.000,0.000,0.000,0.000,0.937,1.78,10.77567049,106.67091784,10.51,"10°46'32.41""N, 106°40'15.30""E",FIX,
14:56:54.335,1786175814.335,REACTIVE_AVOID,7.781,-0.990,3.127,1.14,0.000,0.000,0.000,0.000,0.000,0.937,1.78,10.77567049,106.67091784,10.51,"10°46'32.41""N, 106°40'15.30""E",FIX,
14:56:54.414,1786175814.414,REACTIVE_AVOID,7.781,-0.990,3.127,1.14,0.000,0.000,0.000,0.000,0.000,0.937,1.78,10.77567049,106.67091784,10.51,"10°46'32.41""N, 106°40'15.30""E",FIX,
14:56:54.485,1786175814.485,REACTIVE_AVOID,7.781,-0.990,3.127,1.14,0.000,0.000,0.000,0.000,0.000,0.937,1.78,10.77567049,106.67091784,10.51,"10°46'32.41""N, 106°40'15.30""E",FIX,
14:56:54.557,1786175814.557,REACTIVE_AVOID,7.781,-0.990,3.127,1.14,0.000,0.000,0.000,0.000,0.000,0.937,1.78,10.77567049,106.67091784,10.51,"10°46'32.41""N, 106°40'15.30""E",FIX,
14:56:54.630,1786175814.630,REACTIVE_AVOID,7.781,-0.990,3.127,1.14,0.000,0.000,0.000,0.000,0.000,0.937,1.78,10.77567049,106.67091784,10.51,"10°46'32.41""N, 106°40'15.30""E",FIX,
14:56:54.703,1786175814.703,REACTIVE_AVOID,7.781,-0.990,3.127,1.14,0.000,0.000,0.000,0.000,0.000,0.937,1.78,10.77567049,106.67091784,10.51,"10°46'32.41""N, 106°40'15.30""E",FIX,
14:56:54.758,1786175814.759,REACTIVE_AVOID,7.781,-0.990,3.127,1.14,0.000,0.000,0.000,0.000,0.000,0.937,1.78,10.77567049,106.67091784,10.51,"10°46'32.41""N, 106°40'15.30""E",FIX,
14:56:54.851,1786175814.852,REACTIVE_AVOID,7.781,-0.990,3.127,1.14,0.000,0.000,0.000,0.000,0.000,0.937,1.78,10.77567049,106.67091784,10.51,"10°46'32.41""N, 106°40'15.30""E",FIX,
14:56:54.903,1786175814.904,REACTIVE_AVOID,7.781,-0.990,3.127,1.14,0.000,0.000,0.000,0.000,0.000,0.937,1.78,10.77567049,106.67091784,10.51,"10°46'32.41""N, 106°40'15.30""E",FIX,
14:56:54.982,1786175814.983,REACTIVE_AVOID,7.781,-0.990,3.127,1.14,0.000,0.000,0.000,0.000,0.000,0.937,1.78,10.77567049,106.67091784,10.51,"10°46'32.41""N, 106°40'15.30""E",FIX,
14:56:55.047,1786175815.047,REACTIVE_AVOID,7.781,-0.990,3.127,1.14,0.000,0.000,0.000,0.000,0.000,0.937,1.78,10.77567049,106.67091784,10.51,"10°46'32.41""N, 106°40'15.30""E",FIX,
14:56:55.115,1786175815.116,REACTIVE_AVOID,7.781,-0.990,3.127,1.14,0.000,0.000,0.000,0.000,0.000,0.937,1.78,10.77567049,106.67091784,10.51,"10°46'32.41""N, 106°40'15.30""E",FIX,
14:56:55.179,1786175815.179,REACTIVE_AVOID,7.781,-0.990,3.127,1.14,0.000,0.000,0.000,0.000,0.000,0.937,1.78,10.77567049,106.67091784,10.51,"10°46'32.41""N, 106°40'15.30""E",FIX,
14:56:55.252,1786175815.252,REACTIVE_AVOID,7.781,-0.990,3.127,1.14,0.000,0.000,0.000,0.000,0.000,0.937,1.78,10.77567049,106.67091784,10.51,"10°46'32.41""N, 106°40'15.30""E",FIX,
14:56:55.325,1786175815.326,REACTIVE_AVOID,7.781,-0.990,3.127,1.14,0.000,0.000,0.000,0.000,0.000,0.937,1.78,10.77567049,106.67091784,10.51,"10°46'32.41""N, 106°40'15.30""E",FIX,
14:56:55.394,1786175815.395,REACTIVE_AVOID,7.781,-0.990,3.127,1.14,0.000,0.000,0.000,0.000,0.000,0.937,1.78,10.77567049,106.67091784,10.51,"10°46'32.41""N, 106°40'15.30""E",FIX,
14:56:55.454,1786175815.454,REACTIVE_AVOID,7.781,-0.990,3.127,1.14,0.000,0.000,0.000,0.000,0.000,0.937,1.78,10.77567049,106.67091784,10.51,"10°46'32.41""N, 106°40'15.30""E",FIX,
14:56:55.526,1786175815.526,REACTIVE_AVOID,7.781,-0.990,3.127,1.14,0.000,0.000,0.000,0.000,0.000,0.937,1.78,10.77567049,106.67091784,10.51,"10°46'32.41""N, 106°40'15.30""E",FIX,
14:56:55.681,1786175815.681,AVOID_PLANNING,7.781,-0.990,3.127,1.14,0.000,0.000,0.000,0.000,0.000,0.937,1.78,10.77567049,106.67091784,10.51,"10°46'32.41""N, 106°40'15.30""E",FIX,
14:56:55.736,1786175815.737,PATH_FOLLOWING,7.781,-0.990,3.127,81.59,0.129,-1.500,0.000,0.000,0.000,0.937,1.78,10.77567049,106.67091784,10.51,"10°46'32.41""N, 106°40'15.30""E",FIX,
14:56:55.800,1786175815.801,PATH_FOLLOWING,7.777,-0.990,3.078,80.86,0.140,-1.500,0.000,0.000,0.000,0.937,1.78,10.77567049,106.67091784,10.51,"10°46'32.41""N, 106°40'15.30""E",FIX,
14:56:55.888,1786175815.888,PATH_FOLLOWING,7.766,-0.989,2.958,79.15,0.167,-1.500,0.000,0.000,0.000,0.917,1.78,10.77567049,106.67091784,10.51,"10°46'32.41""N, 106°40'15.30""E",FIX,
14:56:55.957,1786175815.957,PATH_FOLLOWING,7.756,-0.986,2.868,77.96,0.186,-1.500,0.000,0.000,0.000,0.896,1.78,10.77567049,106.67091784,10.51,"10°46'32.41""N, 106°40'15.30""E",FIX,
14:56:56.022,1786175816.023,PATH_FOLLOWING,7.746,-0.983,2.778,76.89,0.203,-1.500,0.000,0.000,0.000,0.854,1.78,10.77567031,106.67091781,10.51,"10°46'32.41""N, 106°40'15.30""E",FIX,
14:56:56.102,1786175816.103,PATH_FOLLOWING,7.732,-0.976,2.658,72.10,0.222,-1.187,0.000,0.000,0.000,0.833,1.78,10.77567031,106.67091781,10.51,"10°46'32.41""N, 106°40'15.30""E",FIX,
14:56:56.171,1786175816.172,PATH_FOLLOWING,7.720,-0.970,2.582,66.99,0.232,-0.943,0.000,0.000,0.000,0.833,1.78,10.77567031,106.67091781,10.51,"10°46'32.41""N, 106°40'15.30""E",FIX,
14:56:56.244,1786175816.244,PATH_FOLLOWING,7.709,-0.962,2.520,61.06,0.239,-0.745,0.000,0.000,0.000,0.812,1.78,10.77567022,106.67091792,10.51,"10°46'32.41""N, 106°40'15.30""E",FIX,
14:56:56.306,1786175816.306,PATH_FOLLOWING,7.698,-0.954,2.469,54.21,0.243,-0.582,0.000,0.000,0.000,0.792,1.78,10.77567022,106.67091792,10.51,"10°46'32.41""N, 106°40'15.30""E",FIX,
14:56:56.374,1786175816.374,PATH_FOLLOWING,7.687,-0.945,2.429,46.91,0.246,-0.453,0.000,0.000,0.000,0.792,1.78,10.77567022,106.67091792,10.51,"10°46'32.41""N, 106°40'15.30""E",FIX,
14:56:56.441,1786175816.442,PATH_FOLLOWING,7.672,-0.931,2.389,37.24,0.248,-0.325,0.000,0.000,0.000,0.771,1.78,10.77567023,106.67091804,10.51,"10°46'32.41""N, 106°40'15.30""E",FIX,
14:56:56.511,1786175816.511,PATH_FOLLOWING,7.661,-0.921,2.367,30.87,0.249,-0.256,0.000,0.000,0.000,0.771,1.78,10.77567023,106.67091804,10.51,"10°46'32.41""N, 106°40'15.30""E",FIX,
14:56:56.592,1786175816.593,PATH_FOLLOWING,7.647,-0.907,2.345,23.43,0.249,-0.186,0.000,0.000,0.000,0.771,1.78,10.77567023,106.67091804,10.51,"10°46'32.41""N, 106°40'15.30""E",FIX,
14:56:56.671,1786175816.671,PATH_FOLLOWING,7.637,-0.896,2.333,18.77,0.250,-0.146,0.000,0.000,0.000,0.771,1.78,10.77567028,106.67091817,10.51,"10°46'32.41""N, 106°40'15.31""E",FIX,
14:56:56.756,1786175816.756,PATH_FOLLOWING,7.623,-0.882,2.319,13.73,0.250,-0.105,0.000,0.000,0.000,0.771,1.78,10.77567028,106.67091817,10.51,"10°46'32.41""N, 106°40'15.31""E",FIX,
14:56:56.816,1786175816.817,PATH_FOLLOWING,7.617,-0.874,2.315,11.83,0.250,-0.090,0.000,0.000,0.000,0.771,1.78,10.77567028,106.67091817,10.51,"10°46'32.41""N, 106°40'15.31""E",FIX,
14:56:56.896,1786175816.897,PATH_FOLLOWING,7.603,-0.860,2.307,8.77,0.250,-0.066,0.000,0.000,0.000,0.771,1.78,10.77567034,106.67091829,10.51,"10°46'32.41""N, 106°40'15.31""E",FIX,
14:56:56.970,1786175816.970,PATH_FOLLOWING,7.593,-0.849,2.303,6.96,0.250,-0.053,0.000,0.000,0.000,0.771,1.78,10.77567034,106.67091829,10.51,"10°46'32.41""N, 106°40'15.31""E",FIX,
14:56:57.035,1786175817.036,PATH_FOLLOWING,7.583,-0.837,2.299,5.53,0.250,-0.042,0.000,0.000,0.000,0.771,1.78,10.77567034,106.67091829,10.51,"10°46'32.41""N, 106°40'15.31""E",FIX,
14:56:57.112,1786175817.112,PATH_FOLLOWING,7.573,-0.826,2.296,4.40,0.250,-0.033,0.000,0.000,0.000,0.771,1.78,10.77567041,106.67091841,10.51,"10°46'32.41""N, 106°40'15.31""E",FIX,
14:56:57.176,1786175817.177,PATH_FOLLOWING,7.560,-0.811,2.293,3.20,0.250,-0.024,0.000,0.000,0.000,0.771,1.78,10.77567041,106.67091841,10.51,"10°46'32.41""N, 106°40'15.31""E",FIX,
14:56:57.245,1786175817.245,PATH_FOLLOWING,7.550,-0.800,2.292,2.55,0.250,-0.019,0.000,0.000,0.000,0.771,1.78,10.77567041,106.67091841,10.51,"10°46'32.41""N, 106°40'15.31""E",FIX,
14:56:57.315,1786175817.316,PATH_FOLLOWING,7.540,-0.789,2.290,2.05,0.250,-0.015,0.000,0.000,0.000,0.771,1.78,10.77567048,106.67091853,10.51,"10°46'32.41""N, 106°40'15.31""E",FIX,
14:56:57.402,1786175817.402,PATH_FOLLOWING,7.527,-0.774,2.289,1.51,0.250,-0.011,0.000,0.000,0.000,0.771,1.78,10.77567048,106.67091853,10.51,"10°46'32.41""N, 106°40'15.31""E",FIX,
14:56:57.463,1786175817.464,PATH_FOLLOWING,7.517,-0.762,2.288,1.19,0.250,-0.009,0.000,0.000,0.000,0.771,1.78,10.77567048,106.67091853,10.51,"10°46'32.41""N, 106°40'15.31""E",FIX,
14:56:57.538,1786175817.538,PATH_FOLLOWING,7.504,-0.747,2.287,-79.63,0.159,1.500,0.000,0.000,0.000,0.771,1.78,10.77567056,106.67091866,10.51,"10°46'32.41""N, 106°40'15.31""E",FIX,
14:56:57.615,1786175817.616,PATH_FOLLOWING,7.497,-0.739,2.355,-78.70,0.174,1.500,0.000,0.000,0.000,0.771,1.78,10.77567056,106.67091866,10.51,"10°46'32.41""N, 106°40'15.31""E",FIX,
14:56:57.680,1786175817.681,PATH_FOLLOWING,7.489,-0.732,2.445,-77.51,0.193,1.500,0.000,0.000,0.000,0.792,1.78,10.77567056,106.67091866,10.51,"10°46'32.41""N, 106°40'15.31""E",FIX,
14:56:57.748,1786175817.749,PATH_FOLLOWING,7.480,-0.726,2.535,-75.95,0.210,1.445,0.000,0.000,0.000,0.812,1.78,10.77567065,106.67091869,10.51,"10°46'32.41""N, 106°40'15.31""E",FIX,
14:56:57.825,1786175817.825,PATH_FOLLOWING,7.467,-0.717,2.652,-69.50,0.228,1.052,0.000,0.000,0.000,0.812,1.78,10.77567065,106.67091869,10.51,"10°46'32.41""N, 106°40'15.31""E",FIX,
14:56:57.880,1786175817.881,PATH_FOLLOWING,7.459,-0.713,2.702,-65.39,0.234,0.882,0.000,0.000,0.000,0.812,1.78,10.77567065,106.67091869,10.51,"10°46'32.41""N, 106°40'15.31""E",FIX,
14:56:57.963,1786175817.964,PATH_FOLLOWING,7.442,-0.706,2.778,-56.40,0.242,0.628,0.000,0.000,0.000,0.812,1.78,10.77567070,106.67091868,10.51,"10°46'32.41""N, 106°40'15.31""E",FIX,
14:56:58.042,1786175818.042,PATH_FOLLOWING,7.428,-0.701,2.820,-49.14,0.245,0.489,0.000,0.000,0.000,0.812,1.78,10.77567070,106.67091868,10.51,"10°46'32.41""N, 106°40'15.31""E",FIX,
14:56:58.133,1786175818.134,PATH_FOLLOWING,7.409,-0.696,2.863,-39.03,0.248,0.346,0.000,0.000,0.000,0.812,1.78,10.77567070,106.67091868,10.51,"10°46'32.41""N, 106°40'15.31""E",FIX,
14:56:58.196,1786175818.197,PATH_FOLLOWING,7.395,-0.692,2.888,-31.42,0.249,0.262,0.000,0.000,0.000,0.812,1.78,10.77567073,106.67091872,10.51,"10°46'32.41""N, 106°40'15.31""E",FIX,
14:56:58.268,1786175818.268,PATH_FOLLOWING,7.381,-0.688,2.905,-25.47,0.249,0.205,0.000,0.000,0.000,0.812,1.78,10.77567073,106.67091872,10.51,"10°46'32.41""N, 106°40'15.31""E",FIX,
14:56:58.338,1786175818.339,PATH_FOLLOWING,7.366,-0.685,2.919,-20.24,0.249,0.159,0.000,0.000,0.000,0.812,1.78,10.77567073,106.67091872,10.51,"10°46'32.41""N, 106°40'15.31""E",FIX,
14:56:58.408,1786175818.408,PATH_FOLLOWING,7.347,-0.680,2.933,-14.44,0.250,0.111,0.000,0.000,0.000,0.812,1.78,10.77567080,106.67091882,10.51,"10°46'32.41""N, 106°40'15.31""E",FIX,
14:56:58.499,1786175818.499,PATH_FOLLOWING,7.327,-0.676,2.943,-10.40,0.250,0.079,0.000,0.000,0.000,0.812,1.78,10.77567080,106.67091882,10.51,"10°46'32.41""N, 106°40'15.31""E",FIX,
14:56:58.561,1786175818.562,PATH_FOLLOWING,7.312,-0.674,2.948,-8.09,0.250,0.061,0.000,0.000,0.000,0.812,1.78,10.77567080,106.67091882,10.51,"10°46'32.41""N, 106°40'15.31""E",FIX,
14:56:58.640,1786175818.641,PATH_FOLLOWING,7.298,-0.671,2.952,-6.38,0.250,0.048,0.000,0.000,0.000,0.812,1.78,10.77567088,106.67091894,10.51,"10°46'32.42""N, 106°40'15.31""E",FIX,
14:56:58.711,1786175818.712,PATH_FOLLOWING,7.278,-0.667,2.956,-4.52,0.250,0.034,0.000,0.000,0.000,0.833,1.78,10.77567088,106.67091894,10.51,"10°46'32.42""N, 106°40'15.31""E",FIX,
14:56:58.781,1786175818.782,PATH_FOLLOWING,7.263,-0.664,2.959,-3.49,0.250,0.026,0.000,0.000,0.000,0.854,1.78,10.77567088,106.67091894,10.51,"10°46'32.42""N, 106°40'15.31""E",FIX,
14:56:58.844,1786175818.845,PATH_FOLLOWING,7.253,-0.662,2.960,-2.94,0.250,0.022,0.000,0.000,0.000,0.917,1.78,10.77567088,106.67091894,10.51,"10°46'32.42""N, 106°40'15.31""E",FIX,
14:56:58.910,1786175818.910,PATH_FOLLOWING,7.234,-0.659,2.962,-2.09,0.250,0.016,0.000,0.000,0.000,0.958,1.78,10.77567077,106.67091907,10.51,"10°46'32.41""N, 106°40'15.31""E",FIX,
14:56:58.987,1786175818.987,PATH_FOLLOWING,7.214,-0.655,2.963,-1.46,0.250,0.011,0.000,0.000,0.000,1.000,1.78,10.77567077,106.67091907,10.51,"10°46'32.41""N, 106°40'15.31""E",FIX,
14:56:59.052,1786175819.053,PATH_FOLLOWING,7.199,-0.653,2.964,-1.13,0.250,0.008,0.000,0.000,0.000,1.000,1.78,10.77567059,106.67091920,10.51,"10°46'32.41""N, 106°40'15.31""E",FIX,
14:56:59.139,1786175819.140,PATH_FOLLOWING,7.185,-0.650,2.965,-0.88,0.250,0.007,0.000,0.000,0.000,1.000,1.78,10.77567059,106.67091920,10.51,"10°46'32.41""N, 106°40'15.31""E",FIX,
14:56:59.203,1786175819.204,PATH_FOLLOWING,7.165,-0.646,2.965,-0.62,0.250,0.005,0.000,0.000,0.000,1.000,1.78,10.77567059,106.67091920,10.51,"10°46'32.41""N, 106°40'15.31""E",FIX,
14:56:59.277,1786175819.278,PATH_FOLLOWING,7.150,-0.644,2.966,-0.48,0.250,0.004,0.000,0.000,0.000,1.000,1.78,10.77567040,106.67091934,10.51,"10°46'32.41""N, 106°40'15.31""E",FIX,
14:56:59.340,1786175819.340,PATH_FOLLOWING,7.135,-0.641,2.966,-0.37,0.250,0.003,0.000,0.000,0.000,1.000,1.78,10.77567040,106.67091934,10.51,"10°46'32.41""N, 106°40'15.31""E",FIX,
14:56:59.404,1786175819.404,PATH_FOLLOWING,7.121,-0.639,2.966,-0.29,0.250,0.002,0.000,0.000,0.000,1.000,1.78,10.77567040,106.67091934,10.51,"10°46'32.41""N, 106°40'15.31""E",FIX,
14:56:59.485,1786175819.486,PATH_FOLLOWING,7.101,-0.635,2.966,-0.21,0.250,0.002,0.000,0.000,0.000,1.000,1.78,10.77567022,106.67091947,10.51,"10°46'32.41""N, 106°40'15.31""E",FIX,
14:56:59.555,1786175819.555,PATH_FOLLOWING,7.086,-0.632,2.966,-0.16,0.250,0.001,0.000,0.000,0.000,1.000,1.78,10.77567022,106.67091947,10.51,"10°46'32.41""N, 106°40'15.31""E",FIX,
14:56:59.616,1786175819.617,PATH_FOLLOWING,7.071,-0.630,2.966,-0.12,0.250,0.001,0.000,0.000,0.000,1.000,1.78,10.77567022,106.67091947,10.51,"10°46'32.41""N, 106°40'15.31""E",FIX,
14:56:59.700,1786175819.701,PATH_FOLLOWING,7.052,-0.626,2.966,-0.09,0.250,0.001,0.000,0.000,0.000,1.000,1.78,10.77567003,106.67091960,10.51,"10°46'32.41""N, 106°40'15.31""E",FIX,
14:56:59.770,1786175819.771,PATH_FOLLOWING,7.037,-0.624,2.967,-0.07,0.250,0.001,0.000,0.000,0.000,1.000,1.78,10.77567003,106.67091960,10.51,"10°46'32.41""N, 106°40'15.31""E",FIX,
14:56:59.847,1786175819.848,PATH_FOLLOWING,7.017,-0.620,2.967,-0.05,0.250,0.000,0.000,0.000,0.000,1.000,1.78,10.77567003,106.67091960,10.51,"10°46'32.41""N, 106°40'15.31""E",FIX,
14:56:59.919,1786175819.920,PATH_FOLLOWING,7.002,-0.618,2.967,-0.04,0.250,0.000,0.000,0.000,0.000,1.000,1.78,10.77566985,106.67091974,10.51,"10°46'32.41""N, 106°40'15.31""E",FIX,
14:56:59.972,1786175819.973,PATH_FOLLOWING,6.993,-0.616,2.967,-0.03,0.250,0.000,0.000,0.000,0.000,1.000,1.78,10.77566985,106.67091974,10.51,"10°46'32.41""N, 106°40'15.31""E",FIX,
14:57:00.052,1786175820.053,PATH_FOLLOWING,6.973,-0.612,2.967,-0.02,0.250,0.000,0.000,0.000,0.000,1.000,1.78,10.77566985,106.67091974,10.51,"10°46'32.41""N, 106°40'15.31""E",FIX,
14:57:00.126,1786175820.126,PATH_FOLLOWING,6.953,-0.609,2.967,-0.02,0.250,0.000,0.000,0.000,0.000,1.000,1.78,10.77566967,106.67091987,10.51,"10°46'32.41""N, 106°40'15.31""E",FIX,
14:57:00.201,1786175820.202,PATH_FOLLOWING,6.938,-0.606,2.967,-0.01,0.250,0.000,0.000,0.000,0.000,1.000,1.78,10.77566967,106.67091987,10.51,"10°46'32.41""N, 106°40'15.31""E",FIX,
14:57:00.266,1786175820.266,PATH_FOLLOWING,6.924,-0.604,2.967,-0.01,0.250,0.000,0.000,0.000,0.000,1.000,1.78,10.77566967,106.67091987,10.51,"10°46'32.41""N, 106°40'15.31""E",FIX,
14:57:00.343,1786175820.344,PATH_FOLLOWING,6.909,-0.601,2.967,-0.01,0.250,0.000,0.000,0.000,0.000,1.000,1.78,10.77566967,106.67091987,10.51,"10°46'32.41""N, 106°40'15.31""E",FIX,
14:57:00.396,1786175820.397,PATH_FOLLOWING,6.894,-0.598,2.967,-0.01,0.250,0.000,0.000,0.000,0.000,0.000,1.78,10.77566948,106.67092000,10.51,"10°46'32.41""N, 106°40'15.31""E",FIX,
14:57:00.474,1786175820.475,PATH_FOLLOWING,6.874,-0.595,2.967,-0.00,0.250,0.000,0.000,0.000,0.000,0.000,1.78,10.77566948,106.67092000,10.51,"10°46'32.41""N, 106°40'15.31""E",FIX,
14:57:00.549,1786175820.550,PATH_FOLLOWING,6.860,-0.592,2.967,-0.00,0.250,0.000,0.000,0.000,0.000,0.000,1.78,10.77566948,106.67092000,10.51,"10°46'32.41""N, 106°40'15.31""E",FIX,
14:57:00.607,1786175820.608,PATH_FOLLOWING,6.845,-0.590,2.967,-0.00,0.250,0.000,0.000,0.000,0.000,0.000,1.78,10.77566940,106.67092010,10.51,"10°46'32.41""N, 106°40'15.31""E",FIX,
14:57:00.686,1786175820.686,PATH_FOLLOWING,6.825,-0.586,2.967,-0.00,0.250,0.000,0.000,0.000,0.000,0.000,1.78,10.77566940,106.67092010,10.51,"10°46'32.41""N, 106°40'15.31""E",FIX,
14:57:00.747,1786175820.748,PATH_FOLLOWING,6.810,-0.584,2.967,-0.00,0.250,0.000,0.000,0.000,0.000,0.000,1.78,10.77566940,106.67092010,10.51,"10°46'32.41""N, 106°40'15.31""E",FIX,
14:57:00.831,1786175820.832,PATH_FOLLOWING,6.791,-0.580,2.967,-0.00,0.250,0.000,0.000,0.000,0.000,0.000,1.78,10.77566945,106.67092016,10.51,"10°46'32.41""N, 106°40'15.31""E",FIX,
14:57:00.894,1786175820.894,PATH_FOLLOWING,6.781,-0.578,2.967,-0.00,0.250,0.000,0.000,0.000,0.000,0.000,1.78,10.77566945,106.67092016,10.51,"10°46'32.41""N, 106°40'15.31""E",FIX,
14:57:00.961,1786175820.961,PATH_FOLLOWING,6.766,-0.576,2.967,-0.00,0.250,0.000,0.000,0.000,0.000,0.000,1.78,10.77566945,106.67092016,10.51,"10°46'32.41""N, 106°40'15.31""E",FIX,
14:57:01.035,1786175821.035,PATH_FOLLOWING,6.746,-0.572,2.967,-0.00,0.250,0.000,0.000,0.000,0.000,0.000,1.78,10.77566949,106.67092022,10.51,"10°46'32.41""N, 106°40'15.31""E",FIX,
14:57:01.115,1786175821.116,PATH_FOLLOWING,6.727,-0.569,2.967,-0.00,0.250,0.000,0.000,0.000,0.000,0.000,1.78,10.77566949,106.67092022,10.51,"10°46'32.41""N, 106°40'15.31""E",FIX,
14:57:01.181,1786175821.182,PATH_FOLLOWING,6.712,-0.566,2.967,-0.00,0.250,0.000,0.000,0.000,0.000,0.000,1.78,10.77566949,106.67092022,10.51,"10°46'32.41""N, 106°40'15.31""E",FIX,
14:57:01.243,1786175821.244,PATH_FOLLOWING,6.697,-0.564,2.967,-0.00,0.250,0.000,0.000,0.000,0.000,0.000,1.78,10.77566953,106.67092027,10.51,"10°46'32.41""N, 106°40'15.31""E",FIX,
14:57:01.321,1786175821.322,PATH_FOLLOWING,6.682,-0.561,2.967,-0.00,0.250,0.000,0.000,0.000,0.000,0.000,1.78,10.77566953,106.67092027,10.51,"10°46'32.41""N, 106°40'15.31""E",FIX,
14:57:01.408,1786175821.409,PATH_FOLLOWING,6.668,-0.558,2.967,-0.00,0.250,0.000,0.000,0.000,0.000,0.000,1.78,10.77566953,106.67092027,10.51,"10°46'32.41""N, 106°40'15.31""E",FIX,
14:57:01.477,1786175821.477,PATH_FOLLOWING,6.648,-0.555,2.967,-0.00,0.250,0.000,0.000,0.000,0.000,0.000,1.78,10.77566956,106.67092033,10.51,"10°46'32.41""N, 106°40'15.31""E",FIX,
14:57:01.531,1786175821.531,PATH_FOLLOWING,6.633,-0.552,2.967,-0.00,0.250,0.000,0.000,0.000,0.000,0.000,1.78,10.77566956,106.67092033,10.51,"10°46'32.41""N, 106°40'15.31""E",FIX,
14:57:01.618,1786175821.618,PATH_FOLLOWING,6.613,-0.549,2.967,-79.87,0.155,1.500,0.000,0.000,0.000,0.000,1.78,10.77566956,106.67092033,10.51,"10°46'32.41""N, 106°40'15.31""E",FIX,
14:57:01.691,1786175821.691,PATH_FOLLOWING,6.602,-0.547,3.016,-79.23,0.165,1.500,0.000,0.000,0.000,0.000,1.78,10.77566959,106.67092038,10.51,"10°46'32.41""N, 106°40'15.31""E",FIX,
14:57:01.739,1786175821.739,PATH_FOLLOWING,6.592,-0.546,3.106,-78.01,0.185,1.500,0.000,0.000,0.000,0.000,1.78,10.77566959,106.67092038,10.51,"10°46'32.41""N, 106°40'15.31""E",FIX,
14:57:01.813,1786175821.813,PATH_FOLLOWING,6.582,-0.546,-3.087,-76.90,0.202,1.500,0.000,0.000,0.000,0.000,1.78,10.77566959,106.67092038,10.51,"10°46'32.41""N, 106°40'15.31""E",FIX,
14:57:01.893,1786175821.893,PATH_FOLLOWING,6.566,-0.548,-2.967,-72.04,0.222,1.183,0.000,0.000,0.000,0.000,1.78,10.77566963,106.67092044,10.51,"10°46'32.41""N, 106°40'15.31""E",FIX,
14:57:01.956,1786175821.957,PATH_FOLLOWING,6.553,-0.551,-2.887,-66.36,0.233,0.919,0.000,0.000,0.000,0.000,1.78,10.77566963,106.67092044,10.51,"10°46'32.41""N, 106°40'15.31""E",FIX,
14:57:02.016,1786175822.017,PATH_FOLLOWING,6.540,-0.555,-2.826,-60.00,0.240,0.716,0.000,0.000,0.000,0.000,1.78,10.77566963,106.67092044,10.51,"10°46'32.41""N, 106°40'15.31""E",FIX,
14:57:02.088,1786175822.089,PATH_FOLLOWING,6.522,-0.561,-2.763,-50.45,0.245,0.511,0.000,0.000,0.000,0.000,1.78,10.77566961,106.67092054,10.51,"10°46'32.41""N, 106°40'15.31""E",FIX,
14:57:02.166,1786175822.167,PATH_FOLLOWING,6.509,-0.567,-2.730,-43.50,0.247,0.404,0.000,0.000,0.000,0.000,1.78,10.77566961,106.67092054,10.51,"10°46'32.41""N, 106°40'15.31""E",FIX,
14:57:02.225,1786175822.225,PATH_FOLLOWING,6.496,-0.573,-2.704,-36.58,0.248,0.317,0.000,0.000,0.000,0.000,1.78,10.77566961,106.67092054,10.51,"10°46'32.41""N, 106°40'15.31""E",FIX,
14:57:02.305,1786175822.306,PATH_FOLLOWING,6.478,-0.582,-2.677,-28.24,0.249,0.230,0.000,0.000,0.000,0.000,1.78,10.77566949,106.67092066,10.51,"10°46'32.41""N, 106°40'15.31""E",FIX,
14:57:02.377,1786175822.377,PATH_FOLLOWING,6.464,-0.588,-2.662,-22.83,0.249,0.181,0.000,0.000,0.000,0.000,1.78,10.77566949,106.67092066,10.51,"10°46'32.41""N, 106°40'15.31""E",FIX,
14:57:02.442,1786175822.443,PATH_FOLLOWING,6.451,-0.595,-2.650,-18.40,0.250,0.143,0.000,0.000,0.000,0.000,1.78,10.77566949,106.67092066,10.51,"10°46'32.41""N, 106°40'15.31""E",FIX,
14:57:02.509,1786175822.510,PATH_FOLLOWING,6.438,-0.603,-2.641,-14.69,0.250,0.113,0.000,0.000,0.000,0.000,1.78,10.77566959,106.67092080,10.51,"10°46'32.41""N, 106°40'15.31""E",FIX,
14:57:02.577,1786175822.577,PATH_FOLLOWING,6.421,-0.612,-2.631,-10.67,0.250,0.081,0.000,0.000,0.000,0.000,1.78,10.77566959,106.67092080,10.51,"10°46'32.41""N, 106°40'15.31""E",FIX,
14:57:02.648,1786175822.648,PATH_FOLLOWING,6.407,-0.620,-2.626,-8.53,0.250,0.065,0.000,0.000,0.000,0.000,1.78,10.77566959,106.67092080,10.51,"10°46'32.41""N, 106°40'15.31""E",FIX,
14:57:02.721,1786175822.721,PATH_FOLLOWING,6.394,-0.627,-2.622,-6.81,0.250,0.051,0.000,0.000,0.000,0.000,1.78,10.77566970,106.67092094,10.51,"10°46'32.41""N, 106°40'15.32""E",FIX,
14:57:02.790,1786175822.791,PATH_FOLLOWING,6.381,-0.634,-2.619,-5.40,0.250,0.041,0.000,0.000,0.000,0.000,1.78,10.77566970,106.67092094,10.51,"10°46'32.41""N, 106°40'15.32""E",FIX,
14:57:02.874,1786175822.875,PATH_FOLLOWING,6.364,-0.644,-2.615,-3.90,0.250,0.029,0.000,0.000,0.000,0.000,1.78,10.77566970,106.67092094,10.51,"10°46'32.41""N, 106°40'15.32""E",FIX,
14:57:02.942,1786175822.943,PATH_FOLLOWING,6.351,-0.652,-2.613,-3.05,0.250,0.023,0.000,0.000,0.000,0.000,1.78,10.77566981,106.67092107,10.51,"10°46'32.41""N, 106°40'15.32""E",FIX,
14:57:03.006,1786175823.007,PATH_FOLLOWING,6.338,-0.660,-2.612,-2.41,0.250,0.018,0.000,0.000,0.000,0.000,1.78,10.77566981,106.67092107,10.51,"10°46'32.41""N, 106°40'15.32""E",FIX,
14:57:03.076,1786175823.077,PATH_FOLLOWING,6.325,-0.667,-2.610,-1.90,0.250,0.014,0.000,0.000,0.000,0.000,1.78,10.77566981,106.67092107,10.51,"10°46'32.41""N, 106°40'15.32""E",FIX,
14:57:03.154,1786175823.155,PATH_FOLLOWING,6.308,-0.677,-2.609,-1.37,0.250,0.010,0.000,0.000,0.000,0.000,1.78,10.77566992,106.67092121,10.51,"10°46'32.41""N, 106°40'15.32""E",FIX,
14:57:03.234,1786175823.235,PATH_FOLLOWING,6.291,-0.687,-2.608,-0.99,0.250,0.007,0.000,0.000,0.000,0.000,1.78,10.77566992,106.67092121,10.51,"10°46'32.41""N, 106°40'15.32""E",FIX,
14:57:03.298,1786175823.298,PATH_FOLLOWING,6.278,-0.695,-2.608,-0.78,0.250,0.006,0.000,0.000,0.000,0.000,1.78,10.77566992,106.67092121,10.51,"10°46'32.41""N, 106°40'15.32""E",FIX,
14:57:03.366,1786175823.367,PATH_FOLLOWING,6.265,-0.703,-2.607,-0.63,0.250,0.005,0.000,0.000,0.000,0.000,1.78,10.77567003,106.67092135,10.51,"10°46'32.41""N, 106°40'15.32""E",FIX,
14:57:03.444,1786175823.444,PATH_FOLLOWING,6.248,-0.713,-2.607,-0.46,0.250,0.003,0.000,0.000,0.000,0.000,1.78,10.77567003,106.67092135,10.51,"10°46'32.41""N, 106°40'15.32""E",FIX,
14:57:03.507,1786175823.508,PATH_FOLLOWING,6.239,-0.718,-2.607,-0.39,0.250,0.003,0.000,0.000,0.000,0.000,1.78,10.77567003,106.67092135,10.51,"10°46'32.41""N, 106°40'15.32""E",FIX,
14:57:03.585,1786175823.586,PATH_FOLLOWING,6.222,-0.728,-2.607,-0.29,0.250,0.002,0.000,0.000,0.000,0.000,1.78,10.77567013,106.67092149,10.51,"10°46'32.41""N, 106°40'15.32""E",FIX,
14:57:03.653,1786175823.653,PATH_FOLLOWING,6.209,-0.736,-2.606,-0.23,0.250,0.002,0.000,0.000,0.000,0.000,1.78,10.77567013,106.67092149,10.51,"10°46'32.41""N, 106°40'15.32""E",FIX,
14:57:03.718,1786175823.718,PATH_FOLLOWING,6.196,-0.744,-2.606,-0.18,0.250,0.001,0.000,0.000,0.000,0.000,1.78,10.77567013,106.67092149,10.51,"10°46'32.41""N, 106°40'15.32""E",FIX,
14:57:03.792,1786175823.793,PATH_FOLLOWING,6.179,-0.754,-2.606,-0.13,0.250,0.001,0.000,0.000,0.000,0.000,1.78,10.77567024,106.67092163,10.51,"10°46'32.41""N, 106°40'15.32""E",FIX,
14:57:03.874,1786175823.875,PATH_FOLLOWING,6.166,-0.761,-2.606,-0.11,0.250,0.001,0.000,0.000,0.000,0.000,1.78,10.77567024,106.67092163,10.51,"10°46'32.41""N, 106°40'15.32""E",FIX,
14:57:03.934,1786175823.935,PATH_FOLLOWING,6.153,-0.769,-2.606,-0.09,0.250,0.001,0.000,0.000,0.000,0.000,1.78,10.77567024,106.67092163,10.51,"10°46'32.41""N, 106°40'15.32""E",FIX,
14:57:04.008,1786175824.008,PATH_FOLLOWING,6.136,-0.779,-2.606,-0.06,0.250,0.000,0.000,0.000,0.000,0.000,1.78,10.77567035,106.67092177,10.51,"10°46'32.41""N, 106°40'15.32""E",FIX,
14:57:04.080,1786175824.080,PATH_FOLLOWING,6.123,-0.787,-2.606,-0.05,0.250,0.000,0.000,0.000,0.000,0.000,1.78,10.77567035,106.67092177,10.51,"10°46'32.41""N, 106°40'15.32""E",FIX,
14:57:04.160,1786175824.160,PATH_FOLLOWING,6.110,-0.795,-2.606,-0.04,0.250,0.000,0.000,0.000,0.000,0.000,1.78,10.77567035,106.67092177,10.51,"10°46'32.41""N, 106°40'15.32""E",FIX,
14:57:04.225,1786175824.225,PATH_FOLLOWING,6.097,-0.802,-2.606,-0.03,0.250,0.000,0.000,0.000,0.000,0.000,1.78,10.77567045,106.67092191,10.51,"10°46'32.41""N, 106°40'15.32""E",FIX,
14:57:04.305,1786175824.306,PATH_FOLLOWING,6.080,-0.812,-2.606,76.73,0.205,-1.500,0.000,0.000,0.000,0.000,1.78,10.77567045,106.67092191,10.51,"10°46'32.41""N, 106°40'15.32""E",FIX,
14:57:04.365,1786175824.365,PATH_FOLLOWING,6.068,-0.819,-2.655,74.93,0.214,-1.368,0.000,0.000,0.000,0.000,1.78,10.77567045,106.67092191,10.51,"10°46'32.41""N, 106°40'15.32""E",FIX,
14:57:04.435,1786175824.435,PATH_FOLLOWING,6.057,-0.825,-2.741,70.04,0.227,-1.078,0.000,0.000,0.000,0.000,1.78,10.77567051,106.67092204,10.51,"10°46'32.41""N, 106°40'15.32""E",FIX,
14:57:04.510,1786175824.511,PATH_FOLLOWING,6.040,-0.831,-2.834,61.58,0.238,-0.759,0.000,0.000,0.000,0.000,1.78,10.77567051,106.67092204,10.51,"10°46'32.41""N, 106°40'15.32""E",FIX,
14:57:04.589,1786175824.589,PATH_FOLLOWING,6.027,-0.835,-2.884,54.61,0.243,-0.590,0.000,0.000,0.000,0.000,1.78,10.77567051,106.67092204,10.51,"10°46'32.41""N, 106°40'15.32""E",FIX,
14:57:04.667,1786175824.668,PATH_FOLLOWING,6.013,-0.838,-2.923,47.21,0.246,-0.458,0.000,0.000,0.000,0.000,1.78,10.77567043,106.67092216,10.51,"10°46'32.41""N, 106°40'15.32""E",FIX,
14:57:04.736,1786175824.737,PATH_FOLLOWING,5.993,-0.842,-2.964,36.70,0.248,-0.319,0.000,0.000,0.000,0.000,1.78,10.77567043,106.67092216,10.51,"10°46'32.41""N, 106°40'15.32""E",FIX,
14:57:04.805,1786175824.805,PATH_FOLLOWING,5.979,-0.844,-2.986,29.82,0.249,-0.246,0.000,0.000,0.000,0.000,1.78,10.77567043,106.67092216,10.51,"10°46'32.41""N, 106°40'15.32""E",FIX,
14:57:04.875,1786175824.875,PATH_FOLLOWING,5.964,-0.846,-3.002,23.94,0.249,-0.191,0.000,0.000,0.000,0.000,1.78,10.77567045,106.67092228,10.51,"10°46'32.41""N, 106°40'15.32""E",FIX,
14:57:04.957,1786175824.957,PATH_FOLLOWING,5.944,-0.849,-3.018,17.49,0.250,-0.136,0.000,0.000,0.000,0.000,1.78,10.77567045,106.67092228,10.51,"10°46'32.41""N, 106°40'15.32""E",FIX,
14:57:05.026,1786175825.027,PATH_FOLLOWING,5.929,-0.851,-3.027,13.69,0.250,-0.105,0.000,0.000,0.000,0.000,1.78,10.77567045,106.67092228,10.51,"10°46'32.41""N, 106°40'15.32""E",FIX,
14:57:05.102,1786175825.102,PATH_FOLLOWING,5.914,-0.852,-3.034,10.72,0.250,-0.082,0.000,0.000,0.000,0.000,1.78,10.77567051,106.67092240,10.51,"10°46'32.41""N, 106°40'15.32""E",FIX,
14:57:05.178,1786175825.179,PATH_FOLLOWING,5.900,-0.854,-3.040,8.41,0.250,-0.064,0.000,0.000,0.000,0.000,1.78,10.77567051,106.67092240,10.51,"10°46'32.41""N, 106°40'15.32""E",FIX,
14:57:05.256,1786175825.256,PATH_FOLLOWING,5.880,-0.856,-3.045,5.97,0.250,-0.045,0.000,0.000,0.000,0.000,1.78,10.77567051,106.67092240,10.51,"10°46'32.41""N, 106°40'15.32""E",FIX,
14:57:05.318,1786175825.319,PATH_FOLLOWING,5.865,-0.857,-3.048,4.62,0.250,-0.035,0.000,0.000,0.000,0.000,1.78,10.77567057,106.67092252,10.51,"10°46'32.41""N, 106°40'15.32""E",FIX,
14:57:05.401,1786175825.401,PATH_FOLLOWING,5.845,-0.859,-3.051,3.33,0.250,-0.025,0.000,0.000,0.000,0.000,1.78,10.77567057,106.67092252,10.51,"10°46'32.41""N, 106°40'15.32""E",FIX,
14:57:05.465,1786175825.465,PATH_FOLLOWING,5.835,-0.860,-3.052,2.84,0.250,-0.021,0.000,0.000,0.000,0.000,1.78,10.77567057,106.67092252,10.51,"10°46'32.41""N, 106°40'15.32""E",FIX,
14:57:05.545,1786175825.546,PATH_FOLLOWING,5.815,-0.862,-3.054,2.03,0.250,-0.015,0.000,0.000,0.000,0.000,1.78,10.77567064,106.67092264,10.51,"10°46'32.41""N, 106°40'15.32""E",FIX,
14:57:05.614,1786175825.614,PATH_FOLLOWING,5.800,-0.863,-3.055,1.57,0.250,-0.012,0.000,0.000,0.000,0.000,1.78,10.77567064,106.67092264,10.51,"10°46'32.41""N, 106°40'15.32""E",FIX,
14:57:05.693,1786175825.694,PATH_FOLLOWING,5.780,-0.865,-3.056,1.12,0.250,-0.008,0.000,0.000,0.000,0.000,1.78,10.77567064,106.67092264,10.51,"10°46'32.41""N, 106°40'15.32""E",FIX,
14:57:05.762,1786175825.762,PATH_FOLLOWING,5.765,-0.866,-3.056,0.87,0.250,-0.007,0.000,0.000,0.000,0.000,1.78,10.77567070,106.67092275,10.51,"10°46'32.41""N, 106°40'15.32""E",FIX,
14:57:05.823,1786175825.824,PATH_FOLLOWING,5.750,-0.868,-3.057,0.68,0.250,-0.005,0.000,0.000,0.000,0.000,1.78,10.77567070,106.67092275,10.51,"10°46'32.41""N, 106°40'15.32""E",FIX,
14:57:05.903,1786175825.904,PATH_FOLLOWING,5.735,-0.869,-3.057,0.53,0.250,-0.004,0.000,0.000,0.000,0.000,1.78,10.77567070,106.67092275,10.51,"10°46'32.41""N, 106°40'15.32""E",FIX,
14:57:05.982,1786175825.983,PATH_FOLLOWING,5.715,-0.870,-3.058,0.38,0.250,-0.003,0.000,0.000,0.000,0.000,1.78,10.77567077,106.67092287,10.51,"10°46'32.41""N, 106°40'15.32""E",FIX,
14:57:06.046,1786175826.046,PATH_FOLLOWING,5.700,-0.872,-3.058,0.29,0.250,-0.002,0.000,0.000,0.000,0.000,1.78,10.77567077,106.67092287,10.51,"10°46'32.41""N, 106°40'15.32""E",FIX,
14:57:06.119,1786175826.119,PATH_FOLLOWING,5.685,-0.873,-3.058,0.23,0.250,-0.002,0.000,0.000,0.000,0.000,1.78,10.77567077,106.67092287,10.51,"10°46'32.41""N, 106°40'15.32""E",FIX,
14:57:06.202,1786175826.202,PATH_FOLLOWING,5.665,-0.875,-3.058,0.16,0.250,-0.001,0.000,0.000,0.000,0.000,1.78,10.77567084,106.67092299,10.51,"10°46'32.42""N, 106°40'15.32""E",FIX,
14:57:06.268,1786175826.269,PATH_FOLLOWING,5.651,-0.876,-3.058,0.13,0.250,-0.001,0.000,0.000,0.000,0.000,1.78,10.77567084,106.67092299,10.51,"10°46'32.42""N, 106°40'15.32""E",FIX,
14:57:06.348,1786175826.348,PATH_FOLLOWING,5.631,-0.878,-3.058,0.09,0.250,-0.001,0.000,0.000,0.000,0.000,1.78,10.77567084,106.67092299,10.51,"10°46'32.42""N, 106°40'15.32""E",FIX,
14:57:06.417,1786175826.418,PATH_FOLLOWING,5.616,-0.879,-3.058,0.07,0.250,-0.001,0.000,0.000,0.000,0.000,1.78,10.77567083,106.67092310,10.51,"10°46'32.41""N, 106°40'15.32""E",FIX,
14:57:06.484,1786175826.485,PATH_FOLLOWING,5.601,-0.880,-3.058,0.06,0.250,-0.000,0.000,0.000,0.000,0.000,1.78,10.77567083,106.67092310,10.51,"10°46'32.41""N, 106°40'15.32""E",FIX,
14:57:06.542,1786175826.543,PATH_FOLLOWING,5.586,-0.881,-3.058,0.04,0.250,-0.000,0.000,0.000,0.000,0.000,1.78,10.77567083,106.67092310,10.51,"10°46'32.41""N, 106°40'15.32""E",FIX,
14:57:06.613,1786175826.614,PATH_FOLLOWING,5.571,-0.883,-3.058,0.03,0.250,-0.000,0.000,0.000,0.000,0.000,1.78,10.77567083,106.67092310,10.51,"10°46'32.41""N, 106°40'15.32""E",FIX,
14:57:06.696,1786175826.696,PATH_FOLLOWING,5.551,-0.884,-3.058,0.02,0.250,-0.000,0.000,0.000,0.000,0.000,1.78,10.77567064,106.67092322,10.51,"10°46'32.41""N, 106°40'15.32""E",FIX,
14:57:06.770,1786175826.770,PATH_FOLLOWING,5.536,-0.885,-3.058,0.02,0.250,-0.000,0.000,0.000,0.000,0.000,1.78,10.77567064,106.67092322,10.51,"10°46'32.41""N, 106°40'15.32""E",FIX,
14:57:06.830,1786175826.830,PATH_FOLLOWING,5.521,-0.887,-3.058,0.01,0.250,-0.000,0.000,0.000,0.000,0.000,1.78,10.77567064,106.67092322,10.51,"10°46'32.41""N, 106°40'15.32""E",FIX,
14:57:06.904,1786175826.905,PATH_FOLLOWING,5.501,-0.888,-3.058,0.01,0.250,-0.000,0.000,0.000,0.000,0.000,1.78,10.77567044,106.67092334,10.51,"10°46'32.41""N, 106°40'15.32""E",FIX,
14:57:06.978,1786175826.978,PATH_FOLLOWING,5.486,-0.890,-3.058,0.01,0.250,-0.000,0.000,0.000,0.000,0.000,1.78,10.77567044,106.67092334,10.51,"10°46'32.41""N, 106°40'15.32""E",FIX,
14:57:07.053,1786175827.054,PATH_FOLLOWING,5.466,-0.891,-3.058,0.01,0.250,-0.000,0.000,0.000,0.000,0.000,1.78,10.77567025,106.67092346,10.51,"10°46'32.41""N, 106°40'15.32""E",FIX,
14:57:07.117,1786175827.118,PATH_FOLLOWING,5.451,-0.893,-3.058,0.00,0.250,-0.000,0.000,0.000,0.000,0.000,1.78,10.77567025,106.67092346,10.51,"10°46'32.41""N, 106°40'15.32""E",FIX,
14:57:07.185,1786175827.186,PATH_FOLLOWING,5.436,-0.894,-3.058,0.00,0.250,-0.000,0.000,0.000,0.000,0.000,1.78,10.77567025,106.67092346,10.51,"10°46'32.41""N, 106°40'15.32""E",FIX,
14:57:07.265,1786175827.265,PATH_FOLLOWING,5.421,-0.895,-3.058,0.00,0.250,-0.000,0.000,0.000,0.000,0.000,1.78,10.77567025,106.67092346,10.51,"10°46'32.41""N, 106°40'15.32""E",FIX,
14:57:07.339,1786175827.340,PATH_FOLLOWING,5.401,-0.897,-3.058,0.00,0.250,-0.000,0.000,0.000,0.000,0.000,1.78,10.77567006,106.67092358,10.51,"10°46'32.41""N, 106°40'15.32""E",FIX,
14:57:07.411,1786175827.412,PATH_FOLLOWING,5.386,-0.898,-3.058,0.00,0.250,-0.000,0.000,0.000,0.000,0.000,1.78,10.77567006,106.67092358,10.51,"10°46'32.41""N, 106°40'15.32""E",FIX,
14:57:07.470,1786175827.470,PATH_FOLLOWING,5.372,-0.899,-3.058,0.00,0.250,-0.000,0.000,0.000,0.000,0.000,1.78,10.77567006,106.67092358,10.51,"10°46'32.41""N, 106°40'15.32""E",FIX,
14:57:07.552,1786175827.553,PATH_FOLLOWING,5.352,-0.901,-3.058,0.00,0.250,-0.000,0.000,0.000,0.000,0.000,1.78,10.77566986,106.67092369,10.51,"10°46'32.41""N, 106°40'15.33""E",FIX,
14:57:07.619,1786175827.619,PATH_FOLLOWING,5.337,-0.902,-3.058,0.00,0.250,-0.000,0.000,0.000,0.000,0.000,1.78,10.77566986,106.67092369,10.51,"10°46'32.41""N, 106°40'15.33""E",FIX,
14:57:07.691,1786175827.691,PATH_FOLLOWING,5.322,-0.903,-3.058,0.00,0.250,-0.000,0.000,0.000,0.000,0.000,1.78,10.77566986,106.67092369,10.51,"10°46'32.41""N, 106°40'15.33""E",FIX,
14:57:07.753,1786175827.754,PATH_FOLLOWING,5.307,-0.905,-3.058,0.00,0.250,-0.000,0.000,0.000,0.000,0.000,1.78,10.77566967,106.67092381,10.51,"10°46'32.41""N, 106°40'15.33""E",FIX,
14:57:07.823,1786175827.823,PATH_FOLLOWING,5.292,-0.906,-3.058,0.00,0.250,-0.000,0.000,0.000,0.000,0.000,1.78,10.77566967,106.67092381,10.51,"10°46'32.41""N, 106°40'15.33""E",FIX,
14:57:07.901,1786175827.901,PATH_FOLLOWING,5.272,-0.907,-3.058,0.00,0.250,-0.000,0.000,0.000,0.000,0.000,1.78,10.77566967,106.67092381,10.51,"10°46'32.41""N, 106°40'15.33""E",FIX,
14:57:07.979,1786175827.979,PATH_FOLLOWING,5.257,-0.909,-3.058,0.00,0.250,-0.000,0.000,0.000,0.000,0.000,1.78,10.77566948,106.67092393,10.51,"10°46'32.41""N, 106°40'15.33""E",FIX,
14:57:08.046,1786175828.047,PATH_FOLLOWING,5.242,-0.910,-3.058,0.00,0.250,-0.000,0.000,0.000,0.000,0.000,1.78,10.77566948,106.67092393,10.51,"10°46'32.41""N, 106°40'15.33""E",FIX,
14:57:08.121,1786175828.121,PATH_FOLLOWING,5.227,-0.911,-3.058,0.00,0.250,-0.000,0.000,0.000,0.000,0.000,1.78,10.77566948,106.67092393,10.51,"10°46'32.41""N, 106°40'15.33""E",FIX,
14:57:08.204,1786175828.204,PATH_FOLLOWING,5.207,-0.913,-3.058,0.00,0.250,-0.000,0.000,0.000,0.000,0.000,1.78,10.77566928,106.67092405,10.51,"10°46'32.41""N, 106°40'15.33""E",FIX,
14:57:08.263,1786175828.263,PATH_FOLLOWING,5.192,-0.914,-3.058,0.00,0.250,-0.000,0.000,0.000,0.000,0.000,1.78,10.77566928,106.67092405,10.51,"10°46'32.41""N, 106°40'15.33""E",FIX,
14:57:08.329,1786175828.330,PATH_FOLLOWING,5.177,-0.915,-3.058,0.00,0.250,-0.000,0.000,0.000,0.000,0.000,1.78,10.77566928,106.67092405,10.51,"10°46'32.41""N, 106°40'15.33""E",FIX,
14:57:08.407,1786175828.407,PATH_FOLLOWING,5.157,-0.917,-3.058,0.00,0.250,-0.000,0.000,0.000,0.000,0.000,1.78,10.77566909,106.67092416,10.51,"10°46'32.41""N, 106°40'15.33""E",FIX,
14:57:08.475,1786175828.476,PATH_FOLLOWING,5.142,-0.918,-3.058,0.00,0.250,-0.000,0.000,0.000,0.000,0.000,1.78,10.77566909,106.67092416,10.51,"10°46'32.41""N, 106°40'15.33""E",FIX,
14:57:08.567,1786175828.567,PATH_FOLLOWING,5.122,-0.920,-3.058,0.00,0.250,-0.000,0.000,0.000,0.000,0.000,1.78,10.77566909,106.67092416,10.51,"10°46'32.41""N, 106°40'15.33""E",FIX,
14:57:08.637,1786175828.637,PATH_FOLLOWING,5.107,-0.921,-3.058,0.00,0.250,-0.000,0.000,0.000,0.000,0.000,1.78,10.77566890,106.67092428,10.51,"10°46'32.41""N, 106°40'15.33""E",FIX,
14:57:08.696,1786175828.697,PATH_FOLLOWING,5.092,-0.922,-3.058,0.00,0.250,-0.000,0.000,0.000,0.000,0.000,1.78,10.77566890,106.67092428,10.51,"10°46'32.41""N, 106°40'15.33""E",FIX,
14:57:08.792,1786175828.792,PATH_FOLLOWING,5.073,-0.924,-3.058,0.00,0.250,-0.000,0.000,0.000,0.000,0.000,1.78,10.77566890,106.67092428,10.51,"10°46'32.41""N, 106°40'15.33""E",FIX,
14:57:08.846,1786175828.847,PATH_FOLLOWING,5.063,-0.925,-3.058,0.00,0.250,-0.000,0.000,0.000,0.000,0.000,1.78,10.77566870,106.67092440,10.51,"10°46'32.41""N, 106°40'15.33""E",FIX,
14:57:08.924,1786175828.924,PATH_FOLLOWING,5.043,-0.927,-3.058,0.00,0.250,-0.000,0.000,0.000,0.000,0.000,1.78,10.77566870,106.67092440,10.51,"10°46'32.41""N, 106°40'15.33""E",FIX,
14:57:09.014,1786175829.014,PATH_FOLLOWING,5.023,-0.928,-3.058,0.00,0.250,-0.000,0.000,0.000,0.000,0.000,1.78,10.77566870,106.67092440,10.51,"10°46'32.41""N, 106°40'15.33""E",FIX,
14:57:09.068,1786175829.069,PATH_FOLLOWING,5.013,-0.929,-3.058,0.00,0.250,-0.000,0.000,0.000,0.000,0.000,1.78,10.77566851,106.67092452,10.51,"10°46'32.41""N, 106°40'15.33""E",FIX,
14:57:09.152,1786175829.152,PATH_FOLLOWING,4.993,-0.931,-3.058,0.00,0.250,-0.000,0.000,0.000,0.000,0.000,1.78,10.77566851,106.67092452,10.51,"10°46'32.41""N, 106°40'15.33""E",FIX,
14:57:09.229,1786175829.229,PATH_FOLLOWING,4.973,-0.932,-3.058,0.00,0.250,-0.000,0.000,0.000,0.000,0.000,1.78,10.77566851,106.67092452,10.51,"10°46'32.41""N, 106°40'15.33""E",FIX,
14:57:09.287,1786175829.288,PATH_FOLLOWING,4.963,-0.933,-3.058,0.00,0.250,-0.000,0.000,0.000,0.000,0.000,1.78,10.77566831,106.67092463,10.51,"10°46'32.41""N, 106°40'15.33""E",FIX,
14:57:09.359,1786175829.360,PATH_FOLLOWING,4.943,-0.935,-3.058,0.00,0.250,-0.000,0.000,0.000,0.000,0.000,1.78,10.77566831,106.67092463,10.51,"10°46'32.41""N, 106°40'15.33""E",FIX,
14:57:09.438,1786175829.438,PATH_FOLLOWING,4.928,-0.936,-3.058,0.00,0.250,-0.000,0.000,0.000,0.000,0.000,1.78,10.77566831,106.67092463,10.51,"10°46'32.41""N, 106°40'15.33""E",FIX,
14:57:09.505,1786175829.506,PATH_FOLLOWING,4.908,-0.938,-3.058,0.00,0.250,-0.000,0.000,0.000,0.000,0.000,1.78,10.77566812,106.67092475,10.51,"10°46'32.41""N, 106°40'15.33""E",FIX,
14:57:09.575,1786175829.576,PATH_FOLLOWING,4.893,-0.939,-3.058,0.00,0.250,-0.000,0.000,0.000,0.000,0.000,1.78,10.77566812,106.67092475,10.51,"10°46'32.41""N, 106°40'15.33""E",FIX,
14:57:09.637,1786175829.638,PATH_FOLLOWING,4.878,-0.940,-3.058,0.00,0.250,-0.000,0.000,0.000,0.000,0.000,1.78,10.77566812,106.67092475,10.51,"10°46'32.41""N, 106°40'15.33""E",FIX,
14:57:09.705,1786175829.705,PATH_FOLLOWING,4.863,-0.942,-3.058,0.00,0.250,-0.000,0.000,0.000,0.000,0.000,1.78,10.77566793,106.67092487,10.51,"10°46'32.40""N, 106°40'15.33""E",FIX,
14:57:09.775,1786175829.776,PATH_FOLLOWING,4.848,-0.943,-3.058,0.00,0.250,-0.000,0.000,0.000,0.000,0.000,1.78,10.77566793,106.67092487,10.51,"10°46'32.40""N, 106°40'15.33""E",FIX,
14:57:09.870,1786175829.870,PATH_FOLLOWING,4.828,-0.944,-3.058,0.00,0.250,-0.000,0.000,0.000,0.000,0.000,1.78,10.77566793,106.67092487,10.51,"10°46'32.40""N, 106°40'15.33""E",FIX,
14:57:09.942,1786175829.943,PATH_FOLLOWING,4.813,-0.946,-3.058,0.00,0.250,-0.000,0.000,0.000,0.000,0.000,1.78,10.77566773,106.67092499,10.51,"10°46'32.40""N, 106°40'15.33""E",FIX,
14:57:10.020,1786175830.021,PATH_FOLLOWING,4.798,-0.947,-3.058,0.00,0.250,-0.000,0.000,0.000,0.000,0.000,1.78,10.77566773,106.67092499,10.51,"10°46'32.40""N, 106°40'15.33""E",FIX,
14:57:10.100,1786175830.100,PATH_FOLLOWING,4.779,-0.949,-3.058,0.00,0.250,-0.000,0.000,0.000,0.000,0.000,1.78,10.77566773,106.67092499,10.51,"10°46'32.40""N, 106°40'15.33""E",FIX,
14:57:10.192,1786175830.193,PATH_FOLLOWING,4.759,-0.950,-3.058,0.00,0.250,-0.000,0.000,0.000,0.000,0.000,1.78,10.77566754,106.67092510,10.51,"10°46'32.40""N, 106°40'15.33""E",FIX,
14:57:10.269,1786175830.270,PATH_FOLLOWING,4.744,-0.952,-3.058,0.00,0.250,-0.000,0.000,0.000,0.000,0.000,1.78,10.77566754,106.67092510,10.51,"10°46'32.40""N, 106°40'15.33""E",FIX,
14:57:10.337,1786175830.338,PATH_FOLLOWING,4.729,-0.953,-3.058,0.00,0.250,-0.000,0.000,0.000,0.000,0.000,1.78,10.77566754,106.67092510,10.51,"10°46'32.40""N, 106°40'15.33""E",FIX,
14:57:10.428,1786175830.428,PATH_FOLLOWING,4.714,-0.954,-3.058,0.00,0.250,-0.000,0.000,0.000,0.000,0.000,1.78,10.77566734,106.67092522,10.51,"10°46'32.40""N, 106°40'15.33""E",FIX,
14:57:10.496,1786175830.497,PATH_FOLLOWING,4.699,-0.955,-3.058,0.00,0.250,-0.000,0.000,0.000,0.000,0.000,1.78,10.77566734,106.67092522,10.51,"10°46'32.40""N, 106°40'15.33""E",FIX,
14:57:10.570,1786175830.570,PATH_FOLLOWING,4.679,-0.957,-3.058,0.00,0.250,-0.000,0.000,0.000,0.000,0.000,1.78,10.77566734,106.67092522,10.51,"10°46'32.40""N, 106°40'15.33""E",FIX,
14:57:10.649,1786175830.650,PATH_FOLLOWING,4.664,-0.958,-3.058,0.00,0.250,-0.000,0.000,0.000,0.000,0.000,1.78,10.77566715,106.67092534,10.51,"10°46'32.40""N, 106°40'15.33""E",FIX,
14:57:10.718,1786175830.719,PATH_FOLLOWING,4.649,-0.959,-3.058,0.00,0.250,-0.000,0.000,0.000,0.000,0.000,1.78,10.77566715,106.67092534,10.51,"10°46'32.40""N, 106°40'15.33""E",FIX,
14:57:10.786,1786175830.787,PATH_FOLLOWING,4.634,-0.961,-3.058,0.00,0.250,-0.000,0.000,0.000,0.000,0.000,1.78,10.77566715,106.67092534,10.51,"10°46'32.40""N, 106°40'15.33""E",FIX,
14:57:10.855,1786175830.855,PATH_FOLLOWING,4.614,-0.962,-3.058,0.00,0.250,-0.000,0.000,0.000,0.000,0.000,1.78,10.77566696,106.67092546,10.51,"10°46'32.40""N, 106°40'15.33""E",FIX,
14:57:10.937,1786175830.937,PATH_FOLLOWING,4.599,-0.964,-3.058,0.00,0.250,-0.000,0.000,0.000,0.000,0.000,1.78,10.77566696,106.67092546,10.51,"10°46'32.40""N, 106°40'15.33""E",FIX,
14:57:11.001,1786175831.002,PATH_FOLLOWING,4.584,-0.965,-3.058,0.00,0.250,-0.000,0.000,0.000,0.000,0.000,1.78,10.77566696,106.67092546,10.51,"10°46'32.40""N, 106°40'15.33""E",FIX,
14:57:11.081,1786175831.082,PATH_FOLLOWING,4.564,-0.966,-3.058,0.00,0.250,-0.000,0.000,0.000,0.000,0.000,1.78,10.77566676,106.67092557,10.51,"10°46'32.40""N, 106°40'15.33""E",FIX,
14:57:11.157,1786175831.158,PATH_FOLLOWING,4.544,-0.968,-3.058,0.00,0.250,-0.000,0.000,0.000,0.000,0.000,1.78,10.77566676,106.67092557,10.51,"10°46'32.40""N, 106°40'15.33""E",FIX,
14:57:11.214,1786175831.214,PATH_FOLLOWING,4.534,-0.969,-3.058,0.00,0.250,-0.000,0.000,0.000,0.000,0.000,1.78,10.77566676,106.67092557,10.51,"10°46'32.40""N, 106°40'15.33""E",FIX,
14:57:11.297,1786175831.298,PATH_FOLLOWING,4.514,-0.971,-3.058,0.00,0.250,-0.000,0.000,0.000,0.000,0.000,1.78,10.77566657,106.67092569,10.51,"10°46'32.40""N, 106°40'15.33""E",FIX,
14:57:11.380,1786175831.380,PATH_FOLLOWING,4.500,-0.972,-3.058,0.00,0.250,-0.000,0.000,0.000,0.000,0.000,1.78,10.77566657,106.67092569,10.51,"10°46'32.40""N, 106°40'15.33""E",FIX,
14:57:11.453,1786175831.454,PATH_FOLLOWING,4.480,-0.974,-3.058,0.00,0.000,0.000,0.000,0.000,0.000,0.000,0.00,10.77566657,106.67092569,10.51,"10°46'32.40""N, 106°40'15.33""E",FIX,
14:57:11.507,1786175831.508,TRACKING,4.475,-0.974,-3.058,0.00,0.450,-0.000,0.000,0.000,0.000,0.000,0.00,10.77566638,106.67092580,10.51,"10°46'32.40""N, 106°40'15.33""E",FIX,
14:57:11.576,1786175831.576,TRACKING,4.459,-0.975,-3.058,0.00,0.450,-0.000,0.000,0.000,0.000,0.000,0.02,10.77566638,106.67092580,10.51,"10°46'32.40""N, 106°40'15.33""E",FIX,
14:57:11.653,1786175831.654,TRACKING,4.423,-0.978,-3.058,0.00,0.450,-0.000,0.000,0.000,0.000,0.000,0.06,10.77566638,106.67092580,10.51,"10°46'32.40""N, 106°40'15.33""E",FIX,
14:57:11.727,1786175831.728,TRACKING,4.396,-0.980,-3.058,0.00,0.450,-0.000,0.000,0.000,0.000,0.000,0.08,10.77566613,106.67092598,10.51,"10°46'32.40""N, 106°40'15.33""E",FIX,
14:57:11.802,1786175831.803,TRACKING,4.360,-0.983,-3.058,0.00,0.450,-0.000,0.000,0.000,0.000,0.000,0.12,10.77566613,106.67092598,10.51,"10°46'32.40""N, 106°40'15.33""E",FIX,
14:57:11.868,1786175831.869,TRACKING,4.333,-0.986,-3.058,0.00,0.450,-0.000,0.000,0.000,0.000,0.000,0.15,10.77566613,106.67092598,10.51,"10°46'32.40""N, 106°40'15.33""E",FIX,
14:57:11.945,1786175831.946,TRACKING,4.298,-0.989,-3.058,0.00,0.450,-0.000,0.000,0.000,0.000,0.000,0.18,10.77566579,106.67092619,10.51,"10°46'32.40""N, 106°40'15.33""E",FIX,
14:57:12.024,1786175832.025,TRACKING,4.271,-0.991,-3.058,0.00,0.450,-0.000,0.000,0.000,0.000,0.000,0.21,10.77566579,106.67092619,10.51,"10°46'32.40""N, 106°40'15.33""E",FIX,
14:57:12.096,1786175832.097,TRACKING,4.244,-0.993,-3.058,0.00,0.450,-0.000,0.000,0.000,0.000,0.000,0.24,10.77566579,106.67092619,10.51,"10°46'32.40""N, 106°40'15.33""E",FIX,
14:57:12.155,1786175832.156,TRACKING,4.217,-0.995,-3.058,0.00,0.450,-0.000,0.000,0.000,0.000,0.000,0.26,10.77566544,106.67092640,10.51,"10°46'32.40""N, 106°40'15.34""E",FIX,
14:57:12.234,1786175832.235,TRACKING,4.190,-0.998,-3.058,0.00,0.450,-0.000,0.000,0.000,0.000,0.000,0.29,10.77566544,106.67092640,10.51,"10°46'32.40""N, 106°40'15.34""E",FIX,
14:57:12.303,1786175832.304,TRACKING,4.154,-1.001,-3.058,0.00,0.450,-0.000,0.000,0.000,0.000,0.000,0.33,10.77566544,106.67092640,10.51,"10°46'32.40""N, 106°40'15.34""E",FIX,
14:57:12.376,1786175832.377,TRACKING,4.127,-1.003,-3.058,0.00,0.450,-0.000,0.000,0.000,0.000,0.000,0.35,10.77566509,106.67092661,10.51,"10°46'32.39""N, 106°40'15.34""E",FIX,
14:57:12.454,1786175832.455,TRACKING,4.100,-1.005,-3.058,0.00,0.450,-0.000,0.000,0.000,0.000,0.000,0.38,10.77566509,106.67092661,10.51,"10°46'32.39""N, 106°40'15.34""E",FIX,
14:57:12.542,1786175832.542,TRACKING,4.064,-1.008,-3.058,0.00,0.450,-0.000,0.000,0.000,0.000,0.000,0.42,10.77566509,106.67092661,10.51,"10°46'32.39""N, 106°40'15.34""E",FIX,
14:57:12.610,1786175832.611,TRACKING,4.037,-1.010,-3.058,0.00,0.450,-0.000,0.000,0.000,0.000,0.000,0.44,10.77566474,106.67092682,10.51,"10°46'32.39""N, 106°40'15.34""E",FIX,
14:57:12.689,1786175832.690,TRACKING,4.002,-1.013,-3.058,0.00,0.450,-0.000,0.000,0.000,0.000,0.000,0.48,10.77566474,106.67092682,10.51,"10°46'32.39""N, 106°40'15.34""E",FIX,
14:57:12.764,1786175832.765,TRACKING,3.975,-1.016,-3.058,0.00,0.450,-0.000,0.000,0.000,0.000,0.000,0.51,10.77566474,106.67092682,10.51,"10°46'32.39""N, 106°40'15.34""E",FIX,
14:57:12.827,1786175832.828,TRACKING,3.948,-1.018,-3.058,0.00,0.450,-0.000,0.000,0.000,0.000,0.000,0.53,10.77566439,106.67092703,10.51,"10°46'32.39""N, 106°40'15.34""E",FIX,
14:57:12.901,1786175832.901,TRACKING,3.921,-1.020,-3.058,0.00,0.450,-0.000,0.000,0.000,0.000,0.000,0.56,10.77566439,106.67092703,10.51,"10°46'32.39""N, 106°40'15.34""E",FIX,
14:57:12.966,1786175832.966,TRACKING,3.894,-1.022,-3.058,0.00,0.450,-0.000,0.000,0.000,0.000,0.000,0.59,10.77566439,106.67092703,10.51,"10°46'32.39""N, 106°40'15.34""E",FIX,
14:57:13.051,1786175833.052,TRACKING,3.858,-1.025,-3.058,0.00,0.450,-0.000,0.000,0.000,0.000,0.000,0.62,10.77566404,106.67092724,10.51,"10°46'32.39""N, 106°40'15.34""E",FIX,
14:57:13.120,1786175833.121,TRACKING,3.831,-1.028,-3.058,0.00,0.450,-0.000,0.000,0.000,0.000,0.000,0.65,10.77566404,106.67092724,10.51,"10°46'32.39""N, 106°40'15.34""E",FIX,
14:57:13.195,1786175833.195,TRACKING,3.795,-1.031,-3.058,0.00,0.450,-0.000,0.000,0.000,0.000,0.000,0.69,10.77566404,106.67092724,10.51,"10°46'32.39""N, 106°40'15.34""E",FIX,
14:57:13.271,1786175833.272,TRACKING,3.768,-1.033,-3.058,0.00,0.450,-0.000,0.000,0.000,0.000,0.000,0.71,10.77566369,106.67092746,10.51,"10°46'32.39""N, 106°40'15.34""E",FIX,
14:57:13.328,1786175833.328,TRACKING,3.741,-1.035,-3.058,0.00,0.450,-0.000,0.000,0.000,0.000,0.000,0.74,10.77566369,106.67092746,10.51,"10°46'32.39""N, 106°40'15.34""E",FIX,
14:57:13.408,1786175833.409,TRACKING,3.706,-1.038,-3.058,0.00,0.450,-0.000,0.000,0.000,0.000,0.000,0.78,10.77566369,106.67092746,10.51,"10°46'32.39""N, 106°40'15.34""E",FIX,
14:57:13.468,1786175833.469,TRACKING,3.688,-1.040,-3.058,0.00,0.450,-0.000,0.000,0.000,0.000,0.000,0.79,10.77566369,106.67092746,10.51,"10°46'32.39""N, 106°40'15.34""E",FIX,
14:57:13.557,1786175833.558,TRACKING,3.652,-1.043,-3.058,0.00,0.450,-0.000,0.000,0.000,0.000,0.000,0.83,10.77566334,106.67092767,10.51,"10°46'32.39""N, 106°40'15.34""E",FIX,
14:57:13.613,1786175833.613,TRACKING,3.625,-1.045,-3.058,0.00,0.450,-0.000,0.000,0.000,0.000,0.000,0.86,10.77566334,106.67092767,10.51,"10°46'32.39""N, 106°40'15.34""E",FIX,
14:57:13.694,1786175833.694,TRACKING,3.589,-1.048,-3.058,0.00,0.450,-0.000,0.000,0.000,0.000,0.000,0.89,10.77566299,106.67092788,10.51,"10°46'32.39""N, 106°40'15.34""E",FIX,
14:57:13.750,1786175833.750,TRACKING,3.571,-1.049,-3.058,0.00,0.450,-0.000,0.000,0.000,0.000,0.000,0.91,10.77566299,106.67092788,10.51,"10°46'32.39""N, 106°40'15.34""E",FIX,
14:57:13.838,1786175833.838,TRACKING,3.526,-1.053,-3.058,0.00,0.450,-0.000,0.000,0.000,0.000,0.000,0.96,10.77566299,106.67092788,10.51,"10°46'32.39""N, 106°40'15.34""E",FIX,
14:57:13.895,1786175833.895,TRACKING,3.508,-1.054,-3.058,0.00,0.450,-0.000,0.000,0.000,0.000,0.000,0.97,10.77566299,106.67092788,10.51,"10°46'32.39""N, 106°40'15.34""E",FIX,
14:57:13.965,1786175833.966,TRACKING,3.481,-1.057,-3.058,0.00,0.450,-0.000,0.000,0.000,0.000,0.000,1.00,10.77566264,106.67092809,10.51,"10°46'32.39""N, 106°40'15.34""E",FIX,
14:57:14.037,1786175834.037,TRACKING,3.445,-1.060,-3.058,0.00,0.450,-0.000,0.000,0.000,0.000,0.000,1.04,10.77566264,106.67092809,10.51,"10°46'32.39""N, 106°40'15.34""E",FIX,
14:57:14.120,1786175834.120,TRACKING,3.410,-1.063,-3.058,0.00,0.450,-0.000,0.000,0.000,0.000,0.000,1.07,10.77566229,106.67092830,10.51,"10°46'32.38""N, 106°40'15.34""E",FIX,
14:57:14.186,1786175834.186,TRACKING,3.383,-1.065,-3.058,0.00,0.450,-0.000,0.000,0.000,0.000,0.000,1.10,10.77566229,106.67092830,10.51,"10°46'32.38""N, 106°40'15.34""E",FIX,
14:57:14.268,1786175834.268,TRACKING,3.356,-1.067,-3.058,0.00,0.450,-0.000,0.000,0.000,0.000,0.000,1.13,10.77566229,106.67092830,10.51,"10°46'32.38""N, 106°40'15.34""E",FIX,
14:57:14.339,1786175834.340,TRACKING,3.320,-1.070,-3.058,0.00,0.450,-0.000,0.000,0.000,0.000,0.000,1.16,10.77566194,106.67092851,10.51,"10°46'32.38""N, 106°40'15.34""E",FIX,
14:57:14.391,1786175834.391,TRACKING,3.302,-1.072,-3.058,0.00,0.450,-0.000,0.000,0.000,0.000,0.000,1.18,10.77566194,106.67092851,10.51,"10°46'32.38""N, 106°40'15.34""E",FIX,
14:57:14.461,1786175834.462,TRACKING,3.266,-1.075,-3.058,0.00,0.450,-0.000,0.000,0.000,0.000,0.000,1.22,10.77566194,106.67092851,10.51,"10°46'32.38""N, 106°40'15.34""E",FIX,
14:57:14.542,1786175834.542,TRACKING,3.239,-1.077,-3.058,0.00,0.450,-0.000,0.000,0.000,0.000,0.000,1.24,10.77566194,106.67092851,10.51,"10°46'32.38""N, 106°40'15.34""E",FIX,
14:57:14.604,1786175834.605,TRACKING,3.212,-1.079,-3.058,0.00,0.450,-0.000,0.000,0.000,0.000,0.000,1.27,10.77566160,106.67092872,10.51,"10°46'32.38""N, 106°40'15.34""E",FIX,
14:57:14.686,1786175834.687,TRACKING,3.185,-1.081,-3.058,0.00,0.450,-0.000,0.000,0.000,0.000,0.000,1.30,10.77566160,106.67092872,10.51,"10°46'32.38""N, 106°40'15.34""E",FIX,
14:57:14.748,1786175834.748,TRACKING,3.150,-1.084,-3.058,0.00,0.450,-0.000,0.000,0.000,0.000,0.000,1.33,10.77566160,106.67092872,10.51,"10°46'32.38""N, 106°40'15.34""E",FIX,
14:57:14.816,1786175834.817,TRACKING,3.123,-1.087,-3.058,0.00,0.450,-0.000,0.000,0.000,0.000,0.000,1.36,10.77566125,106.67092893,10.51,"10°46'32.38""N, 106°40'15.34""E",FIX,
14:57:14.887,1786175834.888,TRACKING,3.096,-1.089,-3.058,0.00,0.450,-0.000,0.000,0.000,0.000,0.000,1.39,10.77566125,106.67092893,10.51,"10°46'32.38""N, 106°40'15.34""E",FIX,
14:57:14.956,1786175834.956,TRACKING,3.069,-1.091,-3.058,0.00,0.450,-0.000,0.000,0.000,0.000,0.000,1.42,10.77566125,106.67092893,10.51,"10°46'32.38""N, 106°40'15.34""E",FIX,
14:57:15.035,1786175835.035,TRACKING,3.033,-1.094,-3.058,0.00,0.450,-0.000,0.000,0.000,0.000,0.000,1.45,10.77566090,106.67092914,10.51,"10°46'32.38""N, 106°40'15.34""E",FIX,
14:57:15.096,1786175835.097,TRACKING,3.006,-1.096,-3.058,0.00,0.450,-0.000,0.000,0.000,0.000,0.000,1.48,10.77566090,106.67092914,10.51,"10°46'32.38""N, 106°40'15.34""E",FIX,
14:57:15.180,1786175835.180,TRACKING,2.970,-1.099,-3.058,0.00,0.450,-0.000,0.000,0.000,0.000,0.000,1.51,10.77566090,106.67092914,10.51,"10°46'32.38""N, 106°40'15.34""E",FIX,
14:57:15.249,1786175835.250,TRACKING,2.934,-1.102,-3.058,0.00,0.450,-0.000,0.000,0.000,0.000,0.000,1.55,10.77566055,106.67092936,10.51,"10°46'32.38""N, 106°40'15.35""E",FIX,
14:57:15.319,1786175835.319,TRACKING,2.916,-1.104,-3.058,0.00,0.450,-0.000,0.000,0.000,0.000,0.000,1.57,10.77566055,106.67092936,10.51,"10°46'32.38""N, 106°40'15.35""E",FIX,
14:57:15.385,1786175835.385,TRACKING,2.889,-1.106,-3.058,0.00,0.450,-0.000,0.000,0.000,0.000,0.000,1.60,10.77566055,106.67092936,10.51,"10°46'32.38""N, 106°40'15.35""E",FIX,
14:57:15.452,1786175835.453,TRACKING,2.854,-1.109,-3.058,0.00,0.450,-0.000,0.000,0.000,0.000,0.000,1.63,10.77566020,106.67092957,10.51,"10°46'32.38""N, 106°40'15.35""E",FIX,
14:57:15.533,1786175835.533,TRACKING,2.818,-1.112,-3.058,0.00,0.450,-0.000,0.000,0.000,0.000,0.000,1.67,10.77566020,106.67092957,10.51,"10°46'32.38""N, 106°40'15.35""E",FIX,
14:57:15.601,1786175835.602,TRACKING,2.791,-1.114,-3.058,0.00,0.450,-0.000,0.000,0.000,0.000,0.000,1.69,10.77566020,106.67092957,10.51,"10°46'32.38""N, 106°40'15.35""E",FIX,
14:57:15.671,1786175835.671,TRACKING,2.764,-1.117,-3.058,0.00,0.450,-0.000,0.000,0.000,0.000,0.000,1.72,10.77565985,106.67092978,10.51,"10°46'32.38""N, 106°40'15.35""E",FIX,
14:57:15.746,1786175835.747,TRACKING,2.737,-1.119,-3.058,0.00,0.450,-0.000,0.000,0.000,0.000,0.000,1.75,10.77565985,106.67092978,10.51,"10°46'32.38""N, 106°40'15.35""E",FIX,
14:57:15.817,1786175835.818,TRACKING,2.710,-1.121,-3.058,0.00,0.450,-0.000,0.000,0.000,0.000,0.000,1.78,10.77565985,106.67092978,10.51,"10°46'32.38""N, 106°40'15.35""E",FIX,
14:57:15.900,1786175835.900,TRACKING,2.674,-1.124,-3.058,0.00,0.450,-0.000,0.000,0.000,0.000,0.000,1.81,10.77565950,106.67092999,10.51,"10°46'32.37""N, 106°40'15.35""E",FIX,
14:57:15.993,1786175835.993,TRACKING,2.647,-1.126,-3.058,0.00,0.450,-0.000,0.000,0.000,0.000,0.000,1.84,10.77565950,106.67092999,10.51,"10°46'32.37""N, 106°40'15.35""E",FIX,
14:57:16.073,1786175836.074,TRACKING,2.611,-1.129,-3.058,0.00,0.450,-0.000,0.000,0.000,0.000,0.000,1.87,10.77565950,106.67092999,10.51,"10°46'32.37""N, 106°40'15.35""E",FIX,
14:57:16.144,1786175836.144,TRACKING,2.584,-1.131,-3.058,0.00,0.450,-0.000,0.000,0.000,0.000,0.000,1.90,10.77565915,106.67093020,10.51,"10°46'32.37""N, 106°40'15.35""E",FIX,
14:57:16.226,1786175836.226,TRACKING,2.558,-1.134,-3.058,0.00,0.450,-0.000,0.000,0.000,0.000,0.000,1.93,10.77565915,106.67093020,10.51,"10°46'32.37""N, 106°40'15.35""E",FIX,
14:57:16.308,1786175836.308,TRACKING,2.522,-1.137,-3.058,0.00,0.450,-0.000,0.000,0.000,0.000,0.000,1.96,10.77565915,106.67093020,10.51,"10°46'32.37""N, 106°40'15.35""E",FIX,
14:57:16.369,1786175836.369,TRACKING,2.495,-1.139,-3.058,0.00,0.450,-0.000,0.000,0.000,0.000,0.000,1.99,10.77565880,106.67093041,10.51,"10°46'32.37""N, 106°40'15.35""E",FIX,
14:57:16.431,1786175836.431,TRACKING,2.468,-1.141,-3.058,0.00,0.450,-0.000,0.000,0.000,0.000,0.000,2.02,10.77565880,106.67093041,10.51,"10°46'32.37""N, 106°40'15.35""E",FIX,
14:57:16.508,1786175836.509,TRACKING,2.441,-1.143,-3.058,0.00,0.450,-0.000,0.000,0.000,0.000,0.000,2.05,10.77565880,106.67093041,10.51,"10°46'32.37""N, 106°40'15.35""E",FIX,
14:57:16.584,1786175836.585,TRACKING,2.405,-1.146,-3.058,0.00,0.450,-0.000,0.000,0.000,0.000,0.000,2.08,10.77565845,106.67093062,10.51,"10°46'32.37""N, 106°40'15.35""E",FIX,
14:57:16.669,1786175836.669,TRACKING,2.378,-1.149,-3.058,0.00,0.450,-0.000,0.000,0.000,0.000,0.000,2.11,10.77565845,106.67093062,10.51,"10°46'32.37""N, 106°40'15.35""E",FIX,
14:57:16.738,1786175836.739,TRACKING,2.351,-1.151,-3.058,0.00,0.450,-0.000,0.000,0.000,0.000,0.000,2.14,10.77565845,106.67093062,10.51,"10°46'32.37""N, 106°40'15.35""E",FIX,
14:57:16.827,1786175836.828,TRACKING,2.315,-1.154,-3.058,0.00,0.450,-0.000,0.000,0.000,0.000,0.000,2.17,10.77565810,106.67093083,10.51,"10°46'32.37""N, 106°40'15.35""E",FIX,
14:57:16.895,1786175836.895,TRACKING,2.288,-1.156,-3.058,0.00,0.450,-0.000,0.000,0.000,0.000,0.000,2.20,10.77565810,106.67093083,10.51,"10°46'32.37""N, 106°40'15.35""E",FIX,
14:57:16.960,1786175836.961,TRACKING,2.262,-1.158,-3.058,0.00,0.450,-0.000,0.000,0.000,0.000,0.000,2.23,10.77565810,106.67093083,10.51,"10°46'32.37""N, 106°40'15.35""E",FIX,
14:57:17.038,1786175837.038,TRACKING,2.226,-1.161,-3.058,0.00,0.450,-0.000,0.000,0.000,0.000,0.000,2.26,10.77565775,106.67093104,10.51,"10°46'32.37""N, 106°40'15.35""E",FIX,
14:57:17.115,1786175837.115,TRACKING,2.199,-1.164,-3.058,0.00,0.450,-0.000,0.000,0.000,0.000,0.000,2.29,10.77565775,106.67093104,10.51,"10°46'32.37""N, 106°40'15.35""E",FIX,
14:57:17.179,1786175837.179,TRACKING,2.172,-1.166,-3.058,0.00,0.450,-0.000,0.000,0.000,0.000,0.000,2.32,10.77565775,106.67093104,10.51,"10°46'32.37""N, 106°40'15.35""E",FIX,
14:57:17.254,1786175837.255,TRACKING,2.136,-1.169,-3.058,0.00,0.450,-0.000,0.000,0.000,0.000,0.000,2.35,10.77565741,106.67093126,10.51,"10°46'32.37""N, 106°40'15.35""E",FIX,
14:57:17.344,1786175837.345,TRACKING,2.109,-1.171,-3.058,0.00,0.450,-0.000,0.000,0.000,0.000,0.000,2.38,10.77565741,106.67093126,10.51,"10°46'32.37""N, 106°40'15.35""E",FIX,
14:57:17.429,1786175837.430,TRACKING,2.073,-1.174,-3.058,0.00,0.450,-0.000,0.000,0.000,0.000,0.000,2.41,10.77565741,106.67093126,10.51,"10°46'32.37""N, 106°40'15.35""E",FIX,
14:57:17.485,1786175837.485,TRACKING,2.055,-1.176,-3.058,0.00,0.450,-0.000,0.000,0.000,0.000,0.000,2.43,10.77565706,106.67093147,10.51,"10°46'32.37""N, 106°40'15.35""E",FIX,
14:57:17.561,1786175837.561,TRACKING,2.028,-1.178,-3.058,0.00,0.450,-0.000,0.000,0.000,0.000,0.000,2.46,10.77565706,106.67093147,10.51,"10°46'32.37""N, 106°40'15.35""E",FIX,
14:57:17.640,1786175837.640,TRACKING,1.993,-1.181,-3.058,0.00,0.450,-0.000,0.000,0.000,0.000,0.000,2.50,10.77565706,106.67093147,10.51,"10°46'32.37""N, 106°40'15.35""E",FIX,
14:57:17.704,1786175837.704,TRACKING,1.966,-1.183,-3.058,0.00,0.450,-0.000,0.000,0.000,0.000,0.000,2.52,10.77565671,106.67093168,10.51,"10°46'32.36""N, 106°40'15.35""E",FIX,
14:57:17.796,1786175837.797,TRACKING,1.930,-1.186,-3.058,0.00,0.450,-0.000,0.000,0.000,0.000,0.000,2.56,10.77565671,106.67093168,10.51,"10°46'32.36""N, 106°40'15.35""E",FIX,
14:57:17.861,1786175837.862,TRACKING,1.903,-1.188,-3.058,0.00,0.450,-0.000,0.000,0.000,0.000,0.000,2.59,10.77565671,106.67093168,10.51,"10°46'32.36""N, 106°40'15.35""E",FIX,
14:57:17.930,1786175837.931,TRACKING,1.876,-1.191,-3.058,0.00,0.450,-0.000,0.000,0.000,0.000,0.000,2.61,10.77565636,106.67093189,10.51,"10°46'32.36""N, 106°40'15.35""E",FIX,
14:57:18.003,1786175838.003,TRACKING,1.849,-1.193,-3.058,0.00,0.450,-0.000,0.000,0.000,0.000,0.000,2.64,10.77565636,106.67093189,10.51,"10°46'32.36""N, 106°40'15.35""E",FIX,
14:57:18.091,1786175838.092,TRACKING,1.813,-1.196,-3.058,0.00,0.450,-0.000,0.000,0.000,0.000,0.000,2.68,10.77565636,106.67093189,10.51,"10°46'32.36""N, 106°40'15.35""E",FIX,
14:57:18.152,1786175838.153,TRACKING,1.786,-1.198,-3.058,0.00,0.450,-0.000,0.000,0.000,0.000,0.000,2.70,10.77565601,106.67093210,10.51,"10°46'32.36""N, 106°40'15.36""E",FIX,
14:57:18.226,1786175838.226,TRACKING,1.759,-1.200,-3.058,0.00,0.450,-0.000,0.000,0.000,0.000,0.000,2.73,10.77565601,106.67093210,10.51,"10°46'32.36""N, 106°40'15.36""E",FIX,
14:57:18.299,1786175838.299,TRACKING,1.732,-1.202,-3.058,0.00,0.450,-0.000,0.000,0.000,0.000,0.000,2.76,10.77565601,106.67093210,10.51,"10°46'32.36""N, 106°40'15.36""E",FIX,
14:57:18.370,1786175838.370,TRACKING,1.706,-1.205,-3.058,0.00,0.450,-0.000,0.000,0.000,0.000,0.000,2.78,10.77565566,106.67093231,10.51,"10°46'32.36""N, 106°40'15.36""E",FIX,
14:57:18.441,1786175838.441,TRACKING,1.670,-1.208,-3.058,0.00,0.450,-0.000,0.000,0.000,0.000,0.000,2.82,10.77565566,106.67093231,10.51,"10°46'32.36""N, 106°40'15.36""E",FIX,
14:57:18.528,1786175838.528,TRACKING,1.634,-1.211,-3.058,0.00,0.450,-0.000,0.000,0.000,0.000,0.000,2.86,10.77565566,106.67093231,10.51,"10°46'32.36""N, 106°40'15.36""E",FIX,
14:57:18.594,1786175838.594,TRACKING,1.607,-1.213,-3.058,0.00,0.450,-0.000,0.000,0.000,0.000,0.000,2.88,10.77565531,106.67093252,10.51,"10°46'32.36""N, 106°40'15.36""E",FIX,
14:57:18.670,1786175838.670,TRACKING,1.580,-1.215,-3.058,0.00,0.450,-0.000,0.000,0.000,0.000,0.000,2.91,10.77565531,106.67093252,10.51,"10°46'32.36""N, 106°40'15.36""E",FIX,
14:57:18.726,1786175838.727,TRACKING,1.553,-1.217,-3.058,0.00,0.450,-0.000,0.000,0.000,0.000,0.000,2.94,10.77565531,106.67093252,10.51,"10°46'32.36""N, 106°40'15.36""E",FIX,
14:57:18.815,1786175838.816,TRACKING,1.526,-1.220,-3.058,0.00,0.450,-0.000,0.000,0.000,0.000,0.000,2.96,10.77565496,106.67093273,10.51,"10°46'32.36""N, 106°40'15.36""E",FIX,
14:57:18.889,1786175838.890,TRACKING,1.490,-1.223,-3.058,0.00,0.450,-0.000,0.000,0.000,0.000,0.000,3.00,10.77565496,106.67093273,10.51,"10°46'32.36""N, 106°40'15.36""E",FIX,
14:57:18.957,1786175838.957,TRACKING,1.463,-1.225,-3.058,0.00,0.450,-0.000,0.000,0.000,0.000,0.000,3.03,10.77565496,106.67093273,10.51,"10°46'32.36""N, 106°40'15.36""E",FIX,
14:57:19.031,1786175839.031,TRACKING,1.436,-1.227,-3.058,0.00,0.450,-0.000,0.000,0.000,0.000,0.000,3.05,10.77565461,106.67093295,10.51,"10°46'32.36""N, 106°40'15.36""E",FIX,
14:57:19.101,1786175839.102,TRACKING,1.401,-1.230,-3.058,0.00,0.450,-0.000,0.000,0.000,0.000,0.000,3.09,10.77565461,106.67093295,10.51,"10°46'32.36""N, 106°40'15.36""E",FIX,
14:57:19.175,1786175839.176,TRACKING,1.374,-1.232,-3.058,0.00,0.450,-0.000,0.000,0.000,0.000,0.000,3.12,10.77565461,106.67093295,10.51,"10°46'32.36""N, 106°40'15.36""E",FIX,
14:57:19.280,1786175839.280,TRACKING,1.338,-1.235,-3.058,0.00,0.450,-0.000,0.000,0.000,0.000,0.000,3.15,10.77565426,106.67093316,10.51,"10°46'32.36""N, 106°40'15.36""E",FIX,
14:57:19.369,1786175839.369,TRACKING,1.311,-1.238,-3.058,0.00,0.450,-0.000,0.000,0.000,0.000,0.000,3.18,10.77565426,106.67093316,10.51,"10°46'32.36""N, 106°40'15.36""E",FIX,
14:57:19.452,1786175839.452,TRACKING,1.284,-1.240,-3.058,0.00,0.450,-0.000,0.000,0.000,0.000,0.000,3.21,10.77565426,106.67093316,10.51,"10°46'32.36""N, 106°40'15.36""E",FIX,
14:57:19.522,1786175839.522,TRACKING,1.257,-1.242,-3.058,0.00,0.450,-0.000,0.000,0.000,0.000,0.000,3.23,10.77565391,106.67093337,10.51,"10°46'32.35""N, 106°40'15.36""E",FIX,
14:57:19.621,1786175839.622,TRACKING,1.221,-1.245,-3.058,0.00,0.450,-0.000,0.000,0.000,0.000,0.000,3.27,10.77565391,106.67093337,10.51,"10°46'32.35""N, 106°40'15.36""E",FIX,
14:57:19.703,1786175839.704,TRACKING,1.194,-1.247,-3.058,0.00,0.450,-0.000,0.000,0.000,0.000,0.000,3.30,10.77565391,106.67093337,10.51,"10°46'32.35""N, 106°40'15.36""E",FIX,
14:57:19.775,1786175839.775,TRACKING,1.167,-1.250,-3.058,0.00,0.450,-0.000,0.000,0.000,0.000,0.000,3.32,10.77565356,106.67093358,10.51,"10°46'32.35""N, 106°40'15.36""E",FIX,
14:57:19.853,1786175839.853,TRACKING,1.140,-1.252,-3.058,0.00,0.450,-0.000,0.000,0.000,0.000,0.000,3.35,10.77565356,106.67093358,10.51,"10°46'32.35""N, 106°40'15.36""E",FIX,
14:57:19.934,1786175839.934,TRACKING,1.105,-1.255,-3.058,0.00,0.450,-0.000,0.000,0.000,0.000,0.000,3.39,10.77565356,106.67093358,10.51,"10°46'32.35""N, 106°40'15.36""E",FIX,
14:57:19.993,1786175839.993,TRACKING,1.078,-1.257,-3.058,0.00,0.450,-0.000,0.000,0.000,0.000,0.000,3.41,10.77565322,106.67093379,10.51,"10°46'32.35""N, 106°40'15.36""E",FIX,
14:57:20.073,1786175840.073,TRACKING,1.051,-1.259,-3.058,0.00,0.450,-0.000,0.000,0.000,0.000,0.000,3.44,10.77565322,106.67093379,10.51,"10°46'32.35""N, 106°40'15.36""E",FIX,
14:57:20.155,1786175840.155,TRACKING,1.015,-1.262,-3.058,0.00,0.450,-0.000,0.000,0.000,0.000,0.000,3.48,10.77565322,106.67093379,10.51,"10°46'32.35""N, 106°40'15.36""E",FIX,
14:57:20.220,1786175840.220,TRACKING,0.988,-1.265,-3.058,0.00,0.450,-0.000,0.000,0.000,0.000,0.000,3.50,10.77565287,106.67093400,10.51,"10°46'32.35""N, 106°40'15.36""E",FIX,
14:57:20.299,1786175840.299,TRACKING,0.961,-1.267,-3.058,0.00,0.450,-0.000,0.000,0.000,0.000,0.000,3.53,10.77565287,106.67093400,10.51,"10°46'32.35""N, 106°40'15.36""E",FIX,
14:57:20.360,1786175840.360,TRACKING,0.934,-1.269,-3.058,0.00,0.450,-0.000,0.000,0.000,0.000,0.000,3.56,10.77565287,106.67093400,10.51,"10°46'32.35""N, 106°40'15.36""E",FIX,
14:57:20.434,1786175840.435,TRACKING,0.898,-1.272,-3.058,0.00,0.450,-0.000,0.000,0.000,0.000,0.000,3.59,10.77565252,106.67093421,10.51,"10°46'32.35""N, 106°40'15.36""E",FIX,
