Time,Unix_Timestamp,FSM_State,Pos_X_m,Pos_Y_m,Yaw_rad,Steer_Angle_deg,Linear_Vel_mps,Angular_Vel_radps,IMU_Yaw_rad,IMU_Angular_Vel_z,IMU_Accel_x,Confidence,Dist_Traveled_m,GPS_Latitude,GPS_Longitude,GPS_Altitude_m,GPS_DMS,GPS_Status,Event
15:00:50.152,1786176050.152,TRACKING,-0.000,0.000,0.000,0.00,0.450,-0.000,0.000,0.000,0.000,0.000,0.00,10.77566700,106.67088900,10.00,"10°46'32.40""N, 106°40'15.20""E",ODOM_ESTIMATED,
15:00:50.163,1786176050.164,TRACKING,-0.000,0.000,0.000,0.00,0.450,-0.000,0.000,0.000,0.000,0.000,0.00,10.77566700,106.67088900,10.00,"10°46'32.40""N, 106°40'15.20""E",ODOM_ESTIMATED,
15:00:50.173,1786176050.173,TRACKING,-0.000,0.000,-0.000,0.00,0.450,-0.000,0.000,0.000,0.000,0.000,0.00,10.77567062,106.67087529,10.51,"10°46'32.41""N, 106°40'15.15""E",FIX,
15:00:50.187,1786176050.187,TRACKING,-0.000,0.000,-0.000,0.00,0.450,-0.000,0.000,0.000,0.000,0.000,0.00,10.77567062,106.67087529,10.51,"10°46'32.41""N, 106°40'15.15""E",FIX,
15:00:50.197,1786176050.198,TRACKING,0.008,-0.000,-0.000,0.00,0.450,-0.000,0.000,0.000,0.000,0.000,0.01,10.77567062,106.67087529,10.51,"10°46'32.41""N, 106°40'15.15""E",FIX,
15:00:50.209,1786176050.210,TRACKING,0.008,-0.000,-0.000,0.00,0.450,-0.000,0.000,0.000,0.000,0.000,0.01,10.77567062,106.67087529,10.51,"10°46'32.41""N, 106°40'15.15""E",FIX,
15:00:50.223,1786176050.224,TRACKING,0.008,-0.000,-0.000,0.00,0.450,-0.000,0.000,0.000,0.000,0.000,0.01,10.77567062,106.67087529,10.51,"10°46'32.41""N, 106°40'15.15""E",FIX,
15:00:50.235,1786176050.236,TRACKING,0.017,-0.000,-0.000,0.00,0.450,-0.000,0.000,0.000,0.000,0.000,0.02,10.77567062,106.67087533,10.51,"10°46'32.41""N, 106°40'15.15""E",FIX,
15:00:50.243,1786176050.243,TRACKING,0.017,-0.000,-0.000,0.00,0.450,-0.000,0.000,0.000,0.000,0.000,0.02,10.77567062,106.67087533,10.51,"10°46'32.41""N, 106°40'15.15""E",FIX,
15:00:50.250,1786176050.251,TRACKING,0.017,-0.000,-0.000,0.00,0.450,-0.000,0.000,0.000,0.000,0.000,0.02,10.77567062,106.67087533,10.51,"10°46'32.41""N, 106°40'15.15""E",FIX,
15:00:50.263,1786176050.263,TRACKING,0.026,-0.000,-0.000,0.00,0.450,-0.000,0.000,0.000,0.000,0.000,0.03,10.77567062,106.67087533,10.51,"10°46'32.41""N, 106°40'15.15""E",FIX,
15:00:50.321,1786176050.321,TRACKING,0.044,-0.000,-0.000,0.00,0.450,-0.000,0.000,0.000,0.000,0.000,0.04,10.77567062,106.67087533,10.51,"10°46'32.41""N, 106°40'15.15""E",FIX,
15:00:50.426,1786176050.426,TRACKING,0.071,-0.000,-0.000,0.00,0.450,-0.000,0.000,0.000,0.000,0.000,0.07,10.77567062,106.67087533,10.51,"10°46'32.41""N, 106°40'15.15""E",FIX,
15:00:50.487,1786176050.488,TRACKING,0.098,-0.000,-0.000,0.00,0.450,-0.000,0.000,0.000,0.000,0.000,0.10,10.77567062,106.67087533,10.51,"10°46'32.41""N, 106°40'15.15""E",FIX,
15:00:50.563,1786176050.563,TRACKING,0.125,-0.000,-0.000,0.00,0.450,-0.000,0.000,0.000,0.000,0.000,0.13,10.77567062,106.67087574,10.51,"10°46'32.41""N, 106°40'15.15""E",FIX,
15:00:50.645,1786176050.645,TRACKING,0.161,-0.000,-0.000,0.00,0.450,-0.000,0.000,0.000,0.000,0.000,0.16,10.77567062,106.67087574,10.51,"10°46'32.41""N, 106°40'15.15""E",FIX,
15:00:50.700,1786176050.701,TRACKING,0.188,-0.000,-0.000,0.00,0.450,-0.000,0.000,0.000,0.000,0.000,0.19,10.77567062,106.67087574,10.51,"10°46'32.41""N, 106°40'15.15""E",FIX,
15:00:50.860,1786176050.860,TRACKING,0.233,-0.000,-0.000,0.00,0.450,-0.000,0.000,0.000,0.000,0.000,0.23,10.77567062,106.67087616,10.51,"10°46'32.41""N, 106°40'15.15""E",FIX,
15:00:50.891,1786176050.891,TRACKING,0.251,-0.000,-0.000,0.00,0.450,-0.000,0.000,0.000,0.000,0.000,0.25,10.77567062,106.67087616,10.51,"10°46'32.41""N, 106°40'15.15""E",FIX,
15:00:50.967,1786176050.967,TRACKING,0.278,-0.000,-0.000,0.00,0.450,-0.000,0.000,0.000,0.000,0.021,0.28,10.77567062,106.67087616,10.51,"10°46'32.41""N, 106°40'15.15""E",FIX,
15:00:51.032,1786176051.033,TRACKING,0.305,-0.000,-0.000,0.00,0.450,-0.000,0.000,0.000,0.000,0.083,0.31,10.77567062,106.67087657,10.51,"10°46'32.41""N, 106°40'15.16""E",FIX,
15:00:51.119,1786176051.120,TRACKING,0.341,-0.000,-0.000,0.00,0.450,-0.000,0.000,0.000,0.000,0.125,0.34,10.77567062,106.67087657,10.51,"10°46'32.41""N, 106°40'15.16""E",FIX,
15:00:51.192,1786176051.193,TRACKING,0.368,-0.000,-0.000,0.00,0.450,-0.000,0.000,0.000,0.000,0.187,0.37,10.77567062,106.67087657,10.51,"10°46'32.41""N, 106°40'15.16""E",FIX,
15:00:51.252,1786176051.252,TRACKING,0.395,-0.000,-0.000,0.00,0.450,-0.000,0.000,0.000,0.000,0.250,0.40,10.77567062,106.67087698,10.51,"10°46'32.41""N, 106°40'15.16""E",FIX,
15:00:51.328,1786176051.329,TRACKING,0.422,-0.000,-0.000,0.00,0.450,-0.000,0.000,0.000,0.000,0.312,0.42,10.77567062,106.67087698,10.51,"10°46'32.41""N, 106°40'15.16""E",FIX,
15:00:51.432,1786176051.432,TRACKING,0.458,-0.000,-0.000,0.00,0.450,-0.000,0.000,0.000,0.000,0.354,0.46,10.77567062,106.67087698,10.51,"10°46'32.41""N, 106°40'15.16""E",FIX,
15:00:51.519,1786176051.519,TRACKING,0.494,-0.000,-0.000,0.00,0.450,-0.000,0.000,0.000,0.000,0.417,0.49,10.77567062,106.67087739,10.51,"10°46'32.41""N, 106°40'15.16""E",FIX,
15:00:51.604,1786176051.605,TRACKING,0.512,-0.000,-0.000,0.00,0.450,-0.000,0.000,0.000,0.000,0.479,0.51,10.77567062,106.67087739,10.51,"10°46'32.41""N, 106°40'15.16""E",FIX,
15:00:51.674,1786176051.675,TRACKING,0.539,-0.000,-0.000,0.00,0.450,-0.000,0.000,0.000,0.000,0.542,0.54,10.77567062,106.67087739,10.51,"10°46'32.41""N, 106°40'15.16""E",FIX,
15:00:51.757,1786176051.757,TRACKING,0.575,-0.000,-0.000,0.00,0.450,-0.000,0.000,0.000,0.000,0.604,0.58,10.77567062,106.67087780,10.51,"10°46'32.41""N, 106°40'15.16""E",FIX,
15:00:51.822,1786176051.822,TRACKING,0.602,-0.000,-0.000,0.00,0.450,-0.000,0.000,0.000,0.000,0.667,0.60,10.77567062,106.67087780,10.51,"10°46'32.41""N, 106°40'15.16""E",FIX,
15:00:51.907,1786176051.908,TRACKING,0.638,-0.000,-0.000,0.00,0.450,-0.000,0.000,0.000,0.000,0.750,0.64,10.77567062,106.67087780,10.51,"10°46'32.41""N, 106°40'15.16""E",FIX,
15:00:51.984,1786176051.984,TRACKING,0.665,-0.000,-0.000,0.00,0.450,-0.000,0.000,0.000,0.000,0.833,0.67,10.77567062,106.67087821,10.51,"10°46'32.41""N, 106°40'15.16""E",FIX,
15:00:52.054,1786176052.054,TRACKING,0.692,-0.000,-0.000,0.00,0.450,-0.000,0.000,0.000,0.000,0.896,0.69,10.77567062,106.67087821,10.51,"10°46'32.41""N, 106°40'15.16""E",FIX,
15:00:52.131,1786176052.132,TRACKING,0.719,-0.000,-0.000,0.00,0.450,-0.000,0.000,0.000,0.000,0.979,0.72,10.77567062,106.67087821,10.51,"10°46'32.41""N, 106°40'15.16""E",FIX,
15:00:52.218,1786176052.218,TRACKING,0.755,-0.000,-0.000,0.00,0.450,-0.000,0.000,0.000,0.000,1.000,0.76,10.77567062,106.67087862,10.51,"10°46'32.41""N, 106°40'15.16""E",FIX,
15:00:52.286,1786176052.287,TRACKING,0.782,-0.000,-0.000,0.00,0.450,-0.000,0.000,0.000,0.000,1.000,0.78,10.77567062,106.67087862,10.51,"10°46'32.41""N, 106°40'15.16""E",FIX,
15:00:52.362,1786176052.363,TRACKING,0.809,-0.000,-0.000,0.00,0.450,-0.000,0.000,0.000,0.000,1.000,0.81,10.77567062,106.67087862,10.51,"10°46'32.41""N, 106°40'15.16""E",FIX,
15:00:52.430,1786176052.430,TRACKING,0.836,-0.000,-0.000,0.00,0.450,-0.000,0.000,0.000,0.000,1.000,0.84,10.77567062,106.67087904,10.51,"10°46'32.41""N, 106°40'15.16""E",FIX,
15:00:52.507,1786176052.507,TRACKING,0.872,-0.000,-0.000,0.00,0.450,-0.000,0.000,0.000,0.000,1.000,0.87,10.77567062,106.67087904,10.51,"10°46'32.41""N, 106°40'15.16""E",FIX,
15:00:52.581,1786176052.581,TRACKING,0.899,-0.000,-0.000,0.00,0.450,-0.000,0.000,0.000,0.000,1.000,0.90,10.77567062,106.67087904,10.51,"10°46'32.41""N, 106°40'15.16""E",FIX,
15:00:52.667,1786176052.667,TRACKING,0.935,-0.000,-0.000,0.00,0.450,-0.000,0.000,0.000,0.000,1.000,0.94,10.77567062,106.67087945,10.51,"10°46'32.41""N, 106°40'15.17""E",FIX,
15:00:52.733,1786176052.734,TRACKING,0.962,-0.000,-0.000,0.00,0.450,-0.000,0.000,0.000,0.000,1.000,0.96,10.77567062,106.67087945,10.51,"10°46'32.41""N, 106°40'15.17""E",FIX,
15:00:52.805,1786176052.805,TRACKING,0.989,-0.000,-0.000,0.00,0.450,-0.000,0.000,0.000,0.000,1.000,0.99,10.77567062,106.67087945,10.51,"10°46'32.41""N, 106°40'15.17""E",FIX,
15:00:52.891,1786176052.892,TRACKING,1.025,-0.000,-0.000,0.00,0.450,-0.000,0.000,0.000,0.000,1.000,1.03,10.77567062,106.67087986,10.51,"10°46'32.41""N, 106°40'15.17""E",FIX,
15:00:52.954,1786176052.955,TRACKING,1.043,-0.000,-0.000,0.00,0.450,-0.000,0.000,0.000,0.000,1.000,1.04,10.77567062,106.67087986,10.51,"10°46'32.41""N, 106°40'15.17""E",FIX,
15:00:53.024,1786176053.024,TRACKING,1.079,-0.000,-0.000,0.00,0.450,-0.000,0.000,0.000,0.000,1.000,1.08,10.77567062,106.67087986,10.51,"10°46'32.41""N, 106°40'15.17""E",FIX,
15:00:53.104,1786176053.105,TRACKING,1.115,-0.000,-0.000,0.00,0.450,-0.000,0.000,0.000,0.000,1.000,1.12,10.77567062,106.67088027,10.51,"10°46'32.41""N, 106°40'15.17""E",FIX,
15:00:53.168,1786176053.169,TRACKING,1.133,-0.000,-0.000,0.00,0.450,-0.000,0.000,0.000,0.000,1.000,1.13,10.77567062,106.67088027,10.51,"10°46'32.41""N, 106°40'15.17""E",FIX,
15:00:53.234,1786176053.234,TRACKING,1.160,-0.000,-0.000,0.00,0.450,-0.000,0.000,0.000,0.000,1.000,1.16,10.77567062,106.67088027,10.51,"10°46'32.41""N, 106°40'15.17""E",FIX,
15:00:53.309,1786176053.309,TRACKING,1.196,-0.000,-0.000,0.00,0.450,-0.004,0.000,0.000,0.000,1.000,1.20,10.77567062,106.67088068,10.51,"10°46'32.41""N, 106°40'15.17""E",FIX,
15:00:53.384,1786176053.384,TRACKING,1.223,-0.000,-0.000,0.00,0.450,-0.006,0.000,0.000,0.000,1.000,1.22,10.77567062,106.67088068,10.51,"10°46'32.41""N, 106°40'15.17""E",FIX,
15:00:53.467,1786176053.467,TRACKING,1.259,-0.000,-0.001,0.00,0.450,-0.001,0.000,0.000,0.000,1.000,1.26,10.77567062,106.67088068,10.51,"10°46'32.41""N, 106°40'15.17""E",FIX,
15:00:53.547,1786176053.548,TRACKING,1.286,-0.000,-0.001,0.01,0.450,-0.005,0.000,0.000,0.000,1.000,1.29,10.77567062,106.67088109,10.51,"10°46'32.41""N, 106°40'15.17""E",FIX,
15:00:53.610,1786176053.610,TRACKING,1.313,-0.000,-0.001,0.00,0.450,0.004,0.000,0.000,0.000,1.000,1.31,10.77567062,106.67088109,10.51,"10°46'32.41""N, 106°40'15.17""E",FIX,
15:00:53.683,1786176053.683,TRACKING,1.349,-0.000,-0.001,-0.00,0.450,0.008,0.000,0.000,0.000,0.750,1.35,10.77567062,106.67088109,10.51,"10°46'32.41""N, 106°40'15.17""E",FIX,
15:00:53.747,1786176053.748,TRACKING,1.367,-0.000,-0.001,-0.00,0.450,0.008,0.000,0.000,0.000,0.646,1.37,10.77567062,106.67088150,10.51,"10°46'32.41""N, 106°40'15.17""E",FIX,
15:00:53.826,1786176053.827,TRACKING,1.403,-0.000,0.000,-0.01,0.450,0.005,0.000,0.000,0.000,0.708,1.40,10.77567062,106.67088150,10.51,"10°46'32.41""N, 106°40'15.17""E",FIX,
15:00:53.904,1786176053.904,TRACKING,1.439,-0.000,0.001,-0.01,0.450,0.004,0.000,0.000,0.000,0.771,1.44,10.77567062,106.67088150,10.51,"10°46'32.41""N, 106°40'15.17""E",FIX,
15:00:53.973,1786176053.974,TRACKING,1.466,-0.000,0.001,-0.01,0.450,0.004,0.000,0.000,0.000,0.854,1.47,10.77567062,106.67088192,10.51,"10°46'32.41""N, 106°40'15.17""E",FIX,
15:00:54.059,1786176054.059,TRACKING,1.502,-0.000,0.001,-0.01,0.450,0.003,0.000,0.000,0.000,0.917,1.50,10.77567062,106.67088192,10.51,"10°46'32.41""N, 106°40'15.17""E",FIX,
15:00:54.144,1786176054.145,TRACKING,1.529,-0.000,0.001,-0.01,0.450,-0.001,0.000,0.000,0.000,1.000,1.53,10.77567062,106.67088192,10.51,"10°46'32.41""N, 106°40'15.17""E",FIX,
15:00:54.239,1786176054.240,TRACKING,1.556,0.000,0.001,-0.01,0.450,-0.000,0.000,0.000,0.000,1.000,1.56,10.77567062,106.67088233,10.51,"10°46'32.41""N, 106°40'15.18""E",FIX,
15:00:54.371,1786176054.371,TRACKING,1.583,0.000,0.001,-0.01,0.450,0.004,0.000,0.000,0.000,1.000,1.58,10.77567062,106.67088233,10.51,"10°46'32.41""N, 106°40'15.18""E",FIX,
15:00:54.441,1786176054.441,TRACKING,1.619,0.000,0.002,-0.01,0.450,0.003,0.000,0.000,0.000,1.000,1.62,10.77567062,106.67088233,10.51,"10°46'32.41""N, 106°40'15.18""E",FIX,
15:00:54.528,1786176054.529,TRACKING,1.646,0.000,0.002,-0.01,0.450,-0.004,0.000,0.000,0.000,1.000,1.65,10.77567062,106.67088274,10.51,"10°46'32.41""N, 106°40'15.18""E",FIX,
15:00:54.591,1786176054.591,TRACKING,1.673,0.000,0.002,-0.01,0.450,0.005,0.000,0.000,0.000,1.000,1.67,10.77567062,106.67088274,10.51,"10°46'32.41""N, 106°40'15.18""E",FIX,
15:00:54.668,1786176054.669,TRACKING,1.700,0.000,0.002,-0.01,0.450,0.004,0.000,0.000,0.000,1.000,1.70,10.77567062,106.67088274,10.51,"10°46'32.41""N, 106°40'15.18""E",FIX,
15:00:54.748,1786176054.749,TRACKING,1.736,0.000,0.002,-0.00,0.450,-0.004,0.000,0.000,0.000,1.000,1.74,10.77567062,106.67088315,10.51,"10°46'32.41""N, 106°40'15.18""E",FIX,
15:00:54.811,1786176054.811,TRACKING,1.763,0.000,0.002,-0.01,0.450,0.005,0.000,0.000,0.000,1.000,1.76,10.77567062,106.67088315,10.51,"10°46'32.41""N, 106°40'15.18""E",FIX,
15:00:54.873,1786176054.873,TRACKING,1.790,0.000,0.002,-0.01,0.450,0.000,0.000,0.000,0.000,1.000,1.79,10.77567062,106.67088315,10.51,"10°46'32.41""N, 106°40'15.18""E",FIX,
15:00:54.945,1786176054.945,TRACKING,1.817,0.001,0.002,-0.01,0.450,0.004,0.000,0.000,0.000,1.000,1.82,10.77567062,106.67088356,10.51,"10°46'32.41""N, 106°40'15.18""E",FIX,
15:00:55.030,1786176055.030,TRACKING,1.853,0.001,0.003,-0.01,0.450,0.003,0.000,0.000,0.000,1.000,1.85,10.77567062,106.67088356,10.51,"10°46'32.41""N, 106°40'15.18""E",FIX,
15:00:55.106,1786176055.106,TRACKING,1.880,0.001,0.003,-0.01,0.450,0.003,0.000,0.000,0.000,1.000,1.88,10.77567062,106.67088356,10.51,"10°46'32.41""N, 106°40'15.18""E",FIX,
15:00:55.177,1786176055.177,TRACKING,1.907,0.001,0.003,-0.01,0.450,0.003,0.000,0.000,0.000,1.000,1.91,10.77567062,106.67088397,10.51,"10°46'32.41""N, 106°40'15.18""E",FIX,
15:00:55.260,1786176055.260,TRACKING,1.934,0.001,0.003,-0.01,0.450,0.003,0.000,0.000,0.000,1.000,1.93,10.77567062,106.67088397,10.51,"10°46'32.41""N, 106°40'15.18""E",FIX,
15:00:55.349,1786176055.350,TRACKING,1.970,0.001,0.003,-0.01,0.450,0.003,0.000,0.000,0.000,1.000,1.97,10.77567062,106.67088397,10.51,"10°46'32.41""N, 106°40'15.18""E",FIX,
15:00:55.418,1786176055.418,TRACKING,1.997,0.001,0.004,-0.01,0.450,-0.006,0.000,0.000,0.000,1.000,2.00,10.77567062,106.67088438,10.51,"10°46'32.41""N, 106°40'15.18""E",FIX,
15:00:55.495,1786176055.495,TRACKING,2.033,0.001,0.003,-0.01,0.450,0.004,0.000,0.000,0.000,1.000,2.03,10.77567062,106.67088438,10.51,"10°46'32.41""N, 106°40'15.18""E",FIX,
15:00:55.566,1786176055.566,TRACKING,2.060,0.001,0.003,0.00,0.450,-0.020,0.000,0.000,0.000,1.000,2.06,10.77567062,106.67088438,10.51,"10°46'32.41""N, 106°40'15.18""E",FIX,
15:00:55.648,1786176055.649,TRACKING,2.087,0.001,0.002,0.00,0.450,-0.006,0.000,0.000,0.000,1.000,2.09,10.77567062,106.67088480,10.51,"10°46'32.41""N, 106°40'15.19""E",FIX,
15:00:55.736,1786176055.736,TRACKING,2.123,0.001,0.002,0.01,0.450,-0.017,0.000,0.000,0.000,1.000,2.12,10.77567062,106.67088480,10.51,"10°46'32.41""N, 106°40'15.19""E",FIX,
15:00:55.797,1786176055.797,TRACKING,2.141,0.001,0.001,0.02,0.450,-0.018,0.000,0.000,0.000,0.604,2.14,10.77567062,106.67088480,10.51,"10°46'32.41""N, 106°40'15.19""E",FIX,
15:00:55.875,1786176055.875,TRACKING,2.177,0.001,-0.000,0.02,0.450,-0.005,0.000,0.000,0.000,0.667,2.18,10.77567062,106.67088521,10.51,"10°46'32.41""N, 106°40'15.19""E",FIX,
15:00:55.941,1786176055.942,TRACKING,2.204,0.001,-0.001,0.02,0.450,-0.005,0.000,0.000,0.000,0.750,2.20,10.77567062,106.67088521,10.51,"10°46'32.41""N, 106°40'15.19""E",FIX,
15:00:56.019,1786176056.019,TRACKING,2.240,0.001,-0.001,0.02,0.450,-0.005,0.000,0.000,0.000,0.833,2.24,10.77567062,106.67088521,10.51,"10°46'32.41""N, 106°40'15.19""E",FIX,
15:00:56.094,1786176056.094,TRACKING,2.267,0.001,-0.001,0.02,0.450,-0.005,0.000,0.000,0.000,0.896,2.27,10.77567062,106.67088562,10.51,"10°46'32.41""N, 106°40'15.19""E",FIX,
15:00:56.173,1786176056.173,TRACKING,2.294,0.001,-0.002,0.02,0.450,-0.005,0.000,0.000,0.000,0.979,2.29,10.77567062,106.67088562,10.51,"10°46'32.41""N, 106°40'15.19""E",FIX,
15:00:56.246,1786176056.246,TRACKING,2.330,0.001,-0.002,0.02,0.450,-0.005,0.000,0.000,0.000,1.000,2.33,10.77567062,106.67088562,10.51,"10°46'32.41""N, 106°40'15.19""E",FIX,
15:00:56.310,1786176056.311,TRACKING,2.348,0.001,-0.002,0.02,0.450,0.004,0.000,0.000,0.000,1.000,2.35,10.77567062,106.67088562,10.51,"10°46'32.41""N, 106°40'15.19""E",FIX,
15:00:56.383,1786176056.383,TRACKING,2.384,0.001,-0.002,0.01,0.450,0.001,0.000,0.000,0.000,1.000,2.38,10.77567062,106.67088603,10.51,"10°46'32.41""N, 106°40'15.19""E",FIX,
15:00:56.464,1786176056.464,TRACKING,2.420,0.001,-0.002,0.01,0.450,-0.007,0.000,0.000,0.000,1.000,2.42,10.77567062,106.67088603,10.51,"10°46'32.41""N, 106°40'15.19""E",FIX,
15:00:56.537,1786176056.537,TRACKING,2.447,0.001,-0.002,0.01,0.450,0.001,0.000,0.000,0.000,1.000,2.45,10.77567062,106.67088644,10.51,"10°46'32.41""N, 106°40'15.19""E",FIX,
15:00:56.613,1786176056.613,TRACKING,2.474,0.001,-0.003,0.01,0.450,-0.001,0.000,0.000,0.000,1.000,2.47,10.77567062,106.67088644,10.51,"10°46'32.41""N, 106°40'15.19""E",FIX,
15:00:56.677,1786176056.677,TRACKING,2.501,0.001,-0.003,0.01,0.450,-0.001,0.000,0.000,0.000,1.000,2.50,10.77567062,106.67088644,10.51,"10°46'32.41""N, 106°40'15.19""E",FIX,
15:00:56.757,1786176056.758,TRACKING,2.537,0.001,-0.003,0.01,0.450,-0.002,0.000,0.000,0.000,1.000,2.54,10.77567062,106.67088685,10.51,"10°46'32.41""N, 106°40'15.19""E",FIX,
15:00:56.837,1786176056.837,TRACKING,2.564,0.001,-0.003,0.01,0.450,-0.002,0.000,0.000,0.000,1.000,2.56,10.77567062,106.67088685,10.51,"10°46'32.41""N, 106°40'15.19""E",FIX,
15:00:56.922,1786176056.922,TRACKING,2.600,0.001,-0.003,0.01,0.450,-0.002,0.000,0.000,0.000,1.000,2.60,10.77567062,106.67088685,10.51,"10°46'32.41""N, 106°40'15.19""E",FIX,
15:00:56.989,1786176056.989,TRACKING,2.627,0.000,-0.003,0.01,0.450,-0.002,0.000,0.000,0.000,1.000,2.63,10.77567062,106.67088726,10.51,"10°46'32.41""N, 106°40'15.19""E",FIX,
15:00:57.065,1786176057.066,TRACKING,2.654,0.000,-0.003,0.01,0.450,-0.002,0.000,0.000,0.000,1.000,2.65,10.77567062,106.67088726,10.51,"10°46'32.41""N, 106°40'15.19""E",FIX,
15:00:57.121,1786176057.121,TRACKING,2.681,0.000,-0.003,0.01,0.450,-0.002,0.000,0.000,0.000,1.000,2.68,10.77567062,106.67088726,10.51,"10°46'32.41""N, 106°40'15.19""E",FIX,
15:00:57.199,1786176057.200,TRACKING,2.708,0.000,-0.003,0.01,0.450,-0.002,0.000,0.000,0.000,1.000,2.71,10.77567062,106.67088726,10.51,"10°46'32.41""N, 106°40'15.19""E",FIX,
15:00:57.263,1786176057.263,TRACKING,2.735,0.000,-0.004,0.01,0.450,-0.002,0.000,0.000,0.000,1.000,2.74,10.77567062,106.67088768,10.51,"10°46'32.41""N, 106°40'15.20""E",FIX,
15:00:57.343,1786176057.344,TRACKING,2.771,0.000,-0.004,0.01,0.450,-0.002,0.000,0.000,0.000,1.000,2.77,10.77567062,106.67088768,10.51,"10°46'32.41""N, 106°40'15.20""E",FIX,
15:00:57.424,1786176057.425,TRACKING,2.807,-0.000,-0.004,0.01,0.450,-0.002,0.000,0.000,0.000,1.000,2.81,10.77567062,106.67088809,10.51,"10°46'32.41""N, 106°40'15.20""E",FIX,
15:00:57.494,1786176057.495,TRACKING,2.825,-0.000,-0.004,0.01,0.450,0.007,0.000,0.000,0.000,1.000,2.83,10.77567062,106.67088809,10.51,"10°46'32.41""N, 106°40'15.20""E",FIX,
15:00:57.566,1786176057.566,TRACKING,2.861,-0.000,-0.004,0.00,0.450,0.003,0.000,0.000,0.000,1.000,2.86,10.77567062,106.67088809,10.51,"10°46'32.41""N, 106°40'15.20""E",FIX,
15:00:57.624,1786176057.625,TRACKING,2.888,-0.000,-0.004,0.00,0.450,0.003,0.000,0.000,0.000,1.000,2.89,10.77567062,106.67088809,10.51,"10°46'32.41""N, 106°40'15.20""E",FIX,
15:00:57.697,1786176057.697,TRACKING,2.915,-0.001,-0.003,0.00,0.450,0.001,0.000,0.000,0.000,0.500,2.92,10.77567062,106.67088850,10.51,"10°46'32.41""N, 106°40'15.20""E",FIX,
15:00:57.793,1786176057.793,TRACKING,2.951,-0.001,-0.003,0.00,0.450,0.001,0.000,0.000,0.000,0.562,2.95,10.77567062,106.67088850,10.51,"10°46'32.41""N, 106°40'15.20""E",FIX,
15:00:57.852,1786176057.852,TRACKING,2.978,-0.001,-0.003,0.00,0.450,0.001,0.000,0.000,0.000,0.625,2.98,10.77567062,106.67088850,10.51,"10°46'32.41""N, 106°40'15.20""E",FIX,
15:00:57.921,1786176057.922,TRACKING,3.005,-0.001,-0.003,0.00,0.450,0.000,0.000,0.000,0.000,0.687,3.01,10.77567062,106.67088891,10.51,"10°46'32.41""N, 106°40'15.20""E",FIX,
15:00:58.003,1786176058.003,TRACKING,3.041,-0.001,-0.003,0.00,0.450,0.000,0.000,0.000,0.000,0.771,3.04,10.77567062,106.67088891,10.51,"10°46'32.41""N, 106°40'15.20""E",FIX,
15:00:58.089,1786176058.090,TRACKING,3.068,-0.001,-0.003,0.00,0.450,0.000,0.000,0.000,0.000,0.833,3.07,10.77567062,106.67088891,10.51,"10°46'32.41""N, 106°40'15.20""E",FIX,
15:00:58.156,1786176058.157,TRACKING,3.095,-0.001,-0.003,0.00,0.450,0.000,0.000,0.000,0.000,0.917,3.10,10.77567062,106.67088932,10.51,"10°46'32.41""N, 106°40'15.20""E",FIX,
15:00:58.226,1786176058.227,TRACKING,3.122,-0.001,-0.003,0.00,0.450,0.000,0.000,0.000,0.000,1.000,3.12,10.77567062,106.67088932,10.51,"10°46'32.41""N, 106°40'15.20""E",FIX,
15:00:58.296,1786176058.297,TRACKING,3.158,-0.001,-0.003,0.00,0.450,0.000,0.000,0.000,0.000,1.000,3.16,10.77567062,106.67088932,10.51,"10°46'32.41""N, 106°40'15.20""E",FIX,
15:00:58.379,1786176058.380,TRACKING,3.194,-0.001,-0.003,-0.00,0.450,0.006,0.000,0.000,0.000,1.000,3.19,10.77567062,106.67088973,10.51,"10°46'32.41""N, 106°40'15.20""E",FIX,
15:00:58.455,1786176058.455,TRACKING,3.221,-0.001,-0.003,-0.00,0.450,-0.002,0.000,0.000,0.000,1.000,3.22,10.77567062,106.67088973,10.51,"10°46'32.41""N, 106°40'15.20""E",FIX,
15:00:58.513,1786176058.513,TRACKING,3.248,-0.002,-0.003,-0.00,0.450,-0.002,0.000,0.000,0.000,1.000,3.25,10.77567062,106.67088973,10.51,"10°46'32.41""N, 106°40'15.20""E",FIX,
15:00:58.592,1786176058.593,TRACKING,3.275,-0.002,-0.003,-0.00,0.450,-0.001,0.000,0.000,0.000,1.000,3.28,10.77567061,106.67089014,10.51,"10°46'32.41""N, 106°40'15.20""E",FIX,
15:00:58.661,1786176058.662,TRACKING,3.302,-0.002,-0.003,-0.00,0.450,-0.001,0.000,0.000,0.000,1.000,3.30,10.77567061,106.67089014,10.51,"10°46'32.41""N, 106°40'15.20""E",FIX,
15:00:58.746,1786176058.746,TRACKING,3.338,-0.002,-0.003,-0.00,0.450,-0.000,0.000,0.000,0.000,1.000,3.34,10.77567061,106.67089014,10.51,"10°46'32.41""N, 106°40'15.20""E",FIX,
15:00:58.815,1786176058.816,TRACKING,3.365,-0.002,-0.003,-0.00,0.450,0.007,0.000,0.000,0.000,1.000,3.37,10.77567061,106.67089056,10.51,"10°46'32.41""N, 106°40'15.21""E",FIX,
15:00:58.873,1786176058.874,TRACKING,3.392,-0.002,-0.003,-0.00,0.450,-0.003,0.000,0.000,0.000,1.000,3.39,10.77567061,106.67089056,10.51,"10°46'32.41""N, 106°40'15.21""E",FIX,
15:00:58.965,1786176058.965,TRACKING,3.428,-0.002,-0.003,-0.00,0.450,0.005,0.000,0.000,0.000,1.000,3.43,10.77567061,106.67089056,10.51,"10°46'32.41""N, 106°40'15.21""E",FIX,
15:00:59.019,1786176059.020,TRACKING,3.455,-0.002,-0.003,-0.01,0.450,0.006,0.000,0.000,0.000,1.000,3.46,10.77567061,106.67089097,10.51,"10°46'32.41""N, 106°40'15.21""E",FIX,
15:00:59.090,1786176059.091,TRACKING,3.482,-0.002,-0.002,-0.01,0.450,0.004,0.000,0.000,0.000,1.000,3.48,10.77567061,106.67089097,10.51,"10°46'32.41""N, 106°40'15.21""E",FIX,
15:00:59.172,1786176059.173,TRACKING,3.509,-0.002,-0.002,-0.00,0.450,-0.003,0.000,0.000,0.000,1.000,3.51,10.77567061,106.67089097,10.51,"10°46'32.41""N, 106°40'15.21""E",FIX,
15:00:59.261,1786176059.261,TRACKING,3.545,-0.002,-0.002,-0.00,0.450,-0.002,0.000,0.000,0.000,1.000,3.55,10.77567061,106.67089138,10.51,"10°46'32.41""N, 106°40'15.21""E",FIX,
15:00:59.334,1786176059.334,TRACKING,3.572,-0.002,-0.002,-0.01,0.450,0.006,0.000,0.000,0.000,1.000,3.57,10.77567061,106.67089138,10.51,"10°46'32.41""N, 106°40'15.21""E",FIX,
15:00:59.404,1786176059.405,TRACKING,3.608,-0.002,-0.002,-0.01,0.450,0.004,0.000,0.000,0.000,1.000,3.61,10.77567061,106.67089138,10.51,"10°46'32.41""N, 106°40'15.21""E",FIX,
15:00:59.475,1786176059.475,TRACKING,3.635,-0.003,-0.002,-0.00,0.450,-0.003,0.000,0.000,0.000,1.000,3.64,10.77567061,106.67089179,10.51,"10°46'32.41""N, 106°40'15.21""E",FIX,
15:00:59.543,1786176059.543,TRACKING,3.662,-0.003,-0.002,-0.00,0.450,-0.002,0.000,0.000,0.000,1.000,3.66,10.77567061,106.67089179,10.51,"10°46'32.41""N, 106°40'15.21""E",FIX,
15:00:59.613,1786176059.614,TRACKING,3.698,-0.003,-0.002,-0.00,0.450,-0.001,0.000,0.000,0.000,1.000,3.70,10.77567061,106.67089179,10.51,"10°46'32.41""N, 106°40'15.21""E",FIX,
15:00:59.681,1786176059.682,TRACKING,3.716,-0.003,-0.002,-0.00,0.450,-0.001,0.000,0.000,0.000,0.896,3.72,10.77567061,106.67089220,10.51,"10°46'32.41""N, 106°40'15.21""E",FIX,
15:00:59.750,1786176059.750,TRACKING,3.743,-0.003,-0.002,-0.00,0.450,-0.001,0.000,0.000,0.000,0.583,3.74,10.77567061,106.67089220,10.51,"10°46'32.41""N, 106°40'15.21""E",FIX,
15:00:59.825,1786176059.826,TRACKING,3.779,-0.003,-0.002,-0.00,0.450,-0.000,0.000,0.000,0.000,0.667,3.78,10.77567061,106.67089220,10.51,"10°46'32.41""N, 106°40'15.21""E",FIX,
15:00:59.895,1786176059.896,TRACKING,3.806,-0.003,-0.002,-0.00,0.450,-0.000,0.000,0.000,0.000,0.729,3.81,10.77567061,106.67089261,10.51,"10°46'32.41""N, 106°40'15.21""E",FIX,
15:00:59.965,1786176059.966,TRACKING,3.842,-0.003,-0.002,-0.00,0.450,-0.000,0.000,0.000,0.000,0.792,3.84,10.77567061,106.67089261,10.51,"10°46'32.41""N, 106°40'15.21""E",FIX,
15:01:00.042,1786176060.042,TRACKING,3.869,-0.003,-0.002,-0.00,0.450,-0.000,0.000,0.000,0.000,0.854,3.87,10.77567061,106.67089261,10.51,"10°46'32.41""N, 106°40'15.21""E",FIX,
15:01:00.117,1786176060.118,TRACKING,3.905,-0.003,-0.002,-0.00,0.450,-0.000,0.000,0.000,0.000,0.937,3.91,10.77567061,106.67089302,10.51,"10°46'32.41""N, 106°40'15.21""E",FIX,
15:01:00.190,1786176060.190,TRACKING,3.932,-0.003,-0.002,-0.00,0.450,-0.000,0.000,0.000,0.000,1.000,3.93,10.77567061,106.67089302,10.51,"10°46'32.41""N, 106°40'15.21""E",FIX,
15:01:00.251,1786176060.252,TRACKING,3.959,-0.003,-0.002,-0.00,0.450,-0.000,0.000,0.000,0.000,1.000,3.96,10.77567061,106.67089302,10.51,"10°46'32.41""N, 106°40'15.21""E",FIX,
15:01:00.333,1786176060.333,TRACKING,3.995,-0.003,-0.002,-0.00,0.450,-0.000,0.000,0.000,0.000,1.000,4.00,10.77567061,106.67089344,10.51,"10°46'32.41""N, 106°40'15.22""E",FIX,
15:01:00.396,1786176060.397,TRACKING,4.013,-0.003,-0.002,-0.00,0.450,-0.000,0.000,0.000,0.000,1.000,4.01,10.77567061,106.67089344,10.51,"10°46'32.41""N, 106°40'15.22""E",FIX,
15:01:00.463,1786176060.464,TRACKING,4.049,-0.003,-0.002,-0.00,0.450,-0.000,0.000,0.000,0.000,1.000,4.05,10.77567061,106.67089344,10.51,"10°46'32.41""N, 106°40'15.22""E",FIX,
15:01:00.542,1786176060.542,TRACKING,4.076,-0.003,-0.002,-0.00,0.450,-0.000,0.000,0.000,0.000,1.000,4.08,10.77567061,106.67089385,10.51,"10°46'32.41""N, 106°40'15.22""E",FIX,
15:01:00.602,1786176060.602,TRACKING,4.103,-0.004,-0.002,-0.00,0.450,-0.000,0.000,0.000,0.000,1.000,4.10,10.77567061,106.67089385,10.51,"10°46'32.41""N, 106°40'15.22""E",FIX,
15:01:00.665,1786176060.665,TRACKING,4.130,-0.004,-0.002,-0.00,0.450,-0.000,0.000,0.000,0.000,1.000,4.13,10.77567061,106.67089385,10.51,"10°46'32.41""N, 106°40'15.22""E",FIX,
15:01:00.745,1786176060.745,TRACKING,4.166,-0.004,-0.002,-0.00,0.450,-0.000,0.000,0.000,0.000,1.000,4.17,10.77567061,106.67089426,10.51,"10°46'32.41""N, 106°40'15.22""E",FIX,
15:01:00.823,1786176060.824,TRACKING,4.202,-0.004,-0.002,-0.00,0.450,-0.000,0.000,0.000,0.000,1.000,4.20,10.77567061,106.67089426,10.51,"10°46'32.41""N, 106°40'15.22""E",FIX,
15:01:00.897,1786176060.897,TRACKING,4.229,-0.004,-0.002,-0.00,0.450,-0.000,0.000,0.000,0.000,1.000,4.23,10.77567061,106.67089426,10.51,"10°46'32.41""N, 106°40'15.22""E",FIX,
15:01:00.953,1786176060.953,TRACKING,4.247,-0.004,-0.002,-0.00,0.450,-0.000,0.000,0.000,0.000,1.000,4.25,10.77567061,106.67089467,10.51,"10°46'32.41""N, 106°40'15.22""E",FIX,
15:01:01.035,1786176061.036,TRACKING,4.292,-0.004,-0.002,-0.00,0.450,-0.000,0.000,0.000,0.000,1.000,4.29,10.77567061,106.67089467,10.51,"10°46'32.41""N, 106°40'15.22""E",FIX,
15:01:01.122,1786176061.123,TRACKING,4.319,-0.004,-0.002,-0.00,0.450,-0.000,0.000,0.000,0.000,1.000,4.32,10.77567061,106.67089467,10.51,"10°46'32.41""N, 106°40'15.22""E",FIX,
15:01:01.172,1786176061.173,TRACKING,4.346,-0.004,-0.002,-0.00,0.450,-0.000,0.000,0.000,0.000,1.000,4.35,10.77567061,106.67089508,10.51,"10°46'32.41""N, 106°40'15.22""E",FIX,
15:01:01.248,1786176061.248,TRACKING,4.373,-0.004,-0.002,-0.00,0.450,-0.000,0.000,0.000,0.000,1.000,4.37,10.77567061,106.67089508,10.51,"10°46'32.41""N, 106°40'15.22""E",FIX,
15:01:01.311,1786176061.311,TRACKING,4.400,-0.004,-0.002,-0.00,0.450,-0.000,0.000,0.000,0.000,1.000,4.40,10.77567061,106.67089508,10.51,"10°46'32.41""N, 106°40'15.22""E",FIX,
15:01:01.395,1786176061.396,TRACKING,4.436,-0.004,-0.002,-0.00,0.450,-0.000,0.000,0.000,0.000,1.000,4.44,10.77567061,106.67089549,10.51,"10°46'32.41""N, 106°40'15.22""E",FIX,
15:01:01.474,1786176061.475,TRACKING,4.472,-0.004,-0.002,-0.00,0.450,-0.000,0.000,0.000,0.000,1.000,4.47,10.77567061,106.67089549,10.51,"10°46'32.41""N, 106°40'15.22""E",FIX,
15:01:01.535,1786176061.536,TRACKING,4.499,-0.004,-0.002,-0.00,0.450,-0.000,0.000,0.000,0.000,1.000,4.50,10.77567061,106.67089549,10.51,"10°46'32.41""N, 106°40'15.22""E",FIX,
15:01:01.600,1786176061.600,TRACKING,4.526,-0.004,-0.002,-0.00,0.450,-0.000,0.000,0.000,0.000,0.958,4.53,10.77567061,106.67089591,10.51,"10°46'32.41""N, 106°40'15.23""E",FIX,
15:01:01.677,1786176061.677,TRACKING,4.553,-0.005,-0.002,-0.00,0.450,-0.000,0.000,0.000,0.000,0.604,4.55,10.77567061,106.67089591,10.51,"10°46'32.41""N, 106°40'15.23""E",FIX,
15:01:01.743,1786176061.744,TRACKING,4.589,-0.005,-0.002,-0.00,0.450,-0.000,0.000,0.000,0.000,0.667,4.59,10.77567061,106.67089591,10.51,"10°46'32.41""N, 106°40'15.23""E",FIX,
15:01:01.820,1786176061.821,TRACKING,4.616,-0.005,-0.002,-0.00,0.450,-0.000,0.000,0.000,0.000,0.750,4.62,10.77567061,106.67089632,10.51,"10°46'32.41""N, 106°40'15.23""E",FIX,
15:01:01.891,1786176061.892,TRACKING,4.643,-0.005,-0.002,-0.00,0.450,-0.000,0.000,0.000,0.000,0.812,4.64,10.77567061,106.67089632,10.51,"10°46'32.41""N, 106°40'15.23""E",FIX,
15:01:01.958,1786176061.959,TRACKING,4.679,-0.005,-0.002,-0.00,0.450,-0.000,0.000,0.000,0.000,0.896,4.68,10.77567061,106.67089632,10.51,"10°46'32.41""N, 106°40'15.23""E",FIX,
15:01:02.024,1786176062.024,TRACKING,4.697,-0.005,-0.002,-0.00,0.450,-0.000,0.000,0.000,0.000,0.958,4.70,10.77567061,106.67089673,10.51,"10°46'32.41""N, 106°40'15.23""E",FIX,
15:01:02.110,1786176062.110,TRACKING,4.733,-0.005,-0.002,-0.00,0.450,-0.000,0.000,0.000,0.000,1.000,4.73,10.77567061,106.67089673,10.51,"10°46'32.41""N, 106°40'15.23""E",FIX,
15:01:02.174,1786176062.175,TRACKING,4.760,-0.005,-0.002,-0.00,0.450,-0.000,0.000,0.000,0.000,1.000,4.76,10.77567061,106.67089673,10.51,"10°46'32.41""N, 106°40'15.23""E",FIX,
15:01:02.244,1786176062.244,TRACKING,4.796,-0.005,-0.002,-0.00,0.450,-0.000,0.000,0.000,0.000,1.000,4.80,10.77567061,106.67089714,10.51,"10°46'32.41""N, 106°40'15.23""E",FIX,
15:01:02.302,1786176062.303,TRACKING,4.814,-0.005,-0.002,-0.00,0.450,-0.000,0.000,0.000,0.000,1.000,4.81,10.77567061,106.67089714,10.51,"10°46'32.41""N, 106°40'15.23""E",FIX,
15:01:02.382,1786176062.382,TRACKING,4.850,-0.005,-0.002,-0.00,0.450,-0.000,0.000,0.000,0.000,1.000,4.85,10.77567061,106.67089714,10.51,"10°46'32.41""N, 106°40'15.23""E",FIX,
15:01:02.450,1786176062.451,TRACKING,4.877,-0.005,-0.002,-0.00,0.450,-0.000,0.000,0.000,0.000,1.000,4.88,10.77567061,106.67089755,10.51,"10°46'32.41""N, 106°40'15.23""E",FIX,
15:01:02.526,1786176062.527,TRACKING,4.904,-0.005,-0.002,-0.00,0.450,-0.000,0.000,0.000,0.000,1.000,4.90,10.77567061,106.67089755,10.51,"10°46'32.41""N, 106°40'15.23""E",FIX,
15:01:02.597,1786176062.598,TRACKING,4.940,-0.005,-0.002,-0.00,0.450,-0.000,0.000,0.000,0.000,1.000,4.94,10.77567061,106.67089755,10.51,"10°46'32.41""N, 106°40'15.23""E",FIX,
15:01:02.668,1786176062.669,TRACKING,4.967,-0.005,-0.002,-0.00,0.450,-0.000,0.000,0.000,0.000,1.000,4.97,10.77567061,106.67089796,10.51,"10°46'32.41""N, 106°40'15.23""E",FIX,
15:01:02.747,1786176062.748,TRACKING,4.994,-0.006,-0.002,-0.00,0.450,-0.000,0.000,0.000,0.000,1.000,4.99,10.77567061,106.67089796,10.51,"10°46'32.41""N, 106°40'15.23""E",FIX,
15:01:02.817,1786176062.818,TRACKING,5.030,-0.006,-0.002,-0.00,0.450,-0.000,0.000,0.000,0.000,1.000,5.03,10.77567061,106.67089796,10.51,"10°46'32.41""N, 106°40'15.23""E",FIX,
15:01:02.891,1786176062.891,TRACKING,5.057,-0.006,-0.002,-0.00,0.450,-0.000,0.000,0.000,0.000,1.000,5.06,10.77567061,106.67089837,10.51,"10°46'32.41""N, 106°40'15.23""E",FIX,
15:01:02.974,1786176062.975,TRACKING,5.093,-0.006,-0.002,-0.00,0.450,-0.000,0.000,0.000,0.000,1.000,5.09,10.77567061,106.67089837,10.51,"10°46'32.41""N, 106°40'15.23""E",FIX,
15:01:03.030,1786176063.030,TRACKING,5.111,-0.006,-0.002,-0.00,0.450,-0.000,0.000,0.000,0.000,1.000,5.11,10.77567061,106.67089837,10.51,"10°46'32.41""N, 106°40'15.23""E",FIX,
15:01:03.113,1786176063.113,TRACKING,5.147,-0.006,-0.002,-0.00,0.450,-0.000,0.000,0.000,0.000,1.000,5.15,10.77567061,106.67089879,10.51,"10°46'32.41""N, 106°40'15.24""E",FIX,
15:01:03.182,1786176063.183,TRACKING,5.174,-0.006,-0.002,-0.00,0.450,-0.000,0.000,0.000,0.000,1.000,5.17,10.77567061,106.67089879,10.51,"10°46'32.41""N, 106°40'15.24""E",FIX,
15:01:03.259,1786176063.259,TRACKING,5.210,-0.006,-0.002,-0.00,0.450,0.003,0.000,0.000,0.000,1.000,5.21,10.77567061,106.67089879,10.51,"10°46'32.41""N, 106°40'15.24""E",FIX,
15:01:03.321,1786176063.322,TRACKING,5.237,-0.006,-0.002,-0.00,0.450,0.007,0.000,0.000,0.000,1.000,5.24,10.77567061,106.67089920,10.51,"10°46'32.41""N, 106°40'15.24""E",FIX,
15:01:03.389,1786176063.390,TRACKING,5.264,-0.006,-0.002,-0.01,0.450,0.005,0.000,0.000,0.000,1.000,5.26,10.77567061,106.67089920,10.51,"10°46'32.41""N, 106°40'15.24""E",FIX,
15:01:03.449,1786176063.449,TRACKING,5.291,-0.006,-0.001,-0.01,0.450,0.005,0.000,0.000,0.000,1.000,5.29,10.77567061,106.67089920,10.51,"10°46'32.41""N, 106°40'15.24""E",FIX,
15:01:03.530,1786176063.530,TRACKING,5.327,-0.006,-0.001,-0.01,0.450,0.017,0.000,0.000,0.000,0.604,5.33,10.77567060,106.67089961,10.51,"10°46'32.41""N, 106°40'15.24""E",FIX,
15:01:03.611,1786176063.611,TRACKING,5.354,-0.006,-0.000,-0.02,0.450,0.013,0.000,0.000,0.000,0.583,5.35,10.77567060,106.67089961,10.51,"10°46'32.41""N, 106°40'15.24""E",FIX,
15:01:03.681,1786176063.682,TRACKING,5.390,-0.006,0.001,-0.02,0.450,0.012,0.000,0.000,0.000,0.667,5.39,10.77567060,106.67089961,10.51,"10°46'32.41""N, 106°40'15.24""E",FIX,
15:01:03.751,1786176063.752,TRACKING,5.417,-0.006,0.002,-0.02,0.450,0.003,0.000,0.000,0.000,0.729,5.42,10.77567060,106.67090002,10.51,"10°46'32.41""N, 106°40'15.24""E",FIX,
15:01:03.821,1786176063.822,TRACKING,5.444,-0.006,0.002,-0.02,0.450,0.004,0.000,0.000,0.000,0.792,5.44,10.77567060,106.67090002,10.51,"10°46'32.41""N, 106°40'15.24""E",FIX,
15:01:03.895,1786176063.896,TRACKING,5.471,-0.006,0.002,-0.02,0.450,0.004,0.000,0.000,0.000,0.875,5.47,10.77567060,106.67090002,10.51,"10°46'32.41""N, 106°40'15.24""E",FIX,
15:01:03.960,1786176063.960,TRACKING,5.498,-0.006,0.002,-0.02,0.450,0.004,0.000,0.000,0.000,0.937,5.50,10.77567060,106.67090002,10.51,"10°46'32.41""N, 106°40'15.24""E",FIX,
15:01:04.050,1786176064.050,TRACKING,5.534,-0.006,0.003,-0.02,0.450,0.005,0.000,0.000,0.000,1.000,5.53,10.77567060,106.67090043,10.51,"10°46'32.41""N, 106°40'15.24""E",FIX,
15:01:04.110,1786176064.111,TRACKING,5.561,-0.006,0.003,-0.02,0.450,0.005,0.000,0.000,0.000,1.000,5.56,10.77567060,106.67090043,10.51,"10°46'32.41""N, 106°40'15.24""E",FIX,
15:01:04.189,1786176064.190,TRACKING,5.597,-0.006,0.003,-0.02,0.450,0.005,0.000,0.000,0.000,1.000,5.60,10.77567060,106.67090084,10.51,"10°46'32.41""N, 106°40'15.24""E",FIX,
15:01:04.264,1786176064.265,TRACKING,5.624,-0.006,0.004,-0.02,0.450,0.005,0.000,0.000,0.000,1.000,5.62,10.77567060,106.67090084,10.51,"10°46'32.41""N, 106°40'15.24""E",FIX,
15:01:04.339,1786176064.340,TRACKING,5.660,-0.005,0.004,-0.02,0.450,0.005,0.000,0.000,0.000,1.000,5.66,10.77567060,106.67090084,10.51,"10°46'32.41""N, 106°40'15.24""E",FIX,
15:01:04.418,1786176064.418,TRACKING,5.687,-0.005,0.004,-0.02,0.450,0.005,0.000,0.000,0.000,1.000,5.69,10.77567060,106.67090125,10.51,"10°46'32.41""N, 106°40'15.24""E",FIX,
15:01:04.474,1786176064.475,TRACKING,5.714,-0.005,0.005,-0.02,0.450,0.005,0.000,0.000,0.000,1.000,5.71,10.77567060,106.67090125,10.51,"10°46'32.41""N, 106°40'15.24""E",FIX,
15:01:04.546,1786176064.547,TRACKING,5.741,-0.005,0.005,-0.02,0.450,0.005,0.000,0.000,0.000,1.000,5.74,10.77567060,106.67090125,10.51,"10°46'32.41""N, 106°40'15.24""E",FIX,
15:01:04.610,1786176064.610,TRACKING,5.768,-0.005,0.005,-0.02,0.450,0.005,0.000,0.000,0.000,1.000,5.77,10.77567060,106.67090125,10.51,"10°46'32.41""N, 106°40'15.24""E",FIX,
15:01:04.683,1786176064.683,TRACKING,5.804,-0.005,0.006,-0.02,0.450,0.005,0.000,0.000,0.000,1.000,5.80,10.77567060,106.67090167,10.51,"10°46'32.41""N, 106°40'15.25""E",FIX,
15:01:04.744,1786176064.745,TRACKING,5.831,-0.005,0.006,-0.02,0.450,-0.003,0.000,0.000,0.000,1.000,5.83,10.77567060,106.67090167,10.51,"10°46'32.41""N, 106°40'15.25""E",FIX,
15:01:04.822,1786176064.822,TRACKING,5.858,-0.004,0.006,-0.02,0.450,0.006,0.000,0.000,0.000,1.000,5.86,10.77567060,106.67090167,10.51,"10°46'32.41""N, 106°40'15.25""E",FIX,
15:01:04.895,1786176064.895,TRACKING,5.885,-0.004,0.006,-0.02,0.450,0.006,0.000,0.000,0.000,1.000,5.89,10.77567060,106.67090208,10.51,"10°46'32.41""N, 106°40'15.25""E",FIX,
15:01:04.959,1786176064.960,TRACKING,5.912,-0.004,0.006,-0.02,0.450,0.006,0.000,0.000,0.000,1.000,5.91,10.77567060,106.67090208,10.51,"10°46'32.41""N, 106°40'15.25""E",FIX,
15:01:05.037,1786176065.037,TRACKING,5.948,-0.004,0.007,-0.01,0.450,-0.001,0.000,0.000,0.000,1.000,5.95,10.77567060,106.67090208,10.51,"10°46'32.41""N, 106°40'15.25""E",FIX,
15:01:05.118,1786176065.118,TRACKING,5.984,-0.004,0.007,-0.01,0.450,-0.000,0.000,0.000,0.000,1.000,5.98,10.77567060,106.67090249,10.51,"10°46'32.41""N, 106°40'15.25""E",FIX,
15:01:05.185,1786176065.186,TRACKING,6.002,-0.004,0.007,-0.01,0.450,-0.000,0.000,0.000,0.000,1.000,6.00,10.77567060,106.67090249,10.51,"10°46'32.41""N, 106°40'15.25""E",FIX,
15:01:05.251,1786176065.251,TRACKING,6.029,-0.003,0.007,-0.01,0.450,0.001,0.000,0.000,0.000,1.000,6.03,10.77567060,106.67090249,10.51,"10°46'32.41""N, 106°40'15.25""E",FIX,
15:01:05.330,1786176065.330,TRACKING,6.065,-0.003,0.007,-0.01,0.450,0.002,0.000,0.000,0.000,1.000,6.07,10.77567060,106.67090290,10.51,"10°46'32.41""N, 106°40'15.25""E",FIX,
15:01:05.403,1786176065.404,TRACKING,6.092,-0.003,0.007,-0.00,0.450,-0.013,0.000,0.000,0.000,1.000,6.09,10.77567060,106.67090290,10.51,"10°46'32.41""N, 106°40'15.25""E",FIX,
15:01:05.472,1786176065.472,TRACKING,6.128,-0.003,0.006,0.00,0.450,-0.009,0.000,0.000,0.000,0.854,6.13,10.77567060,106.67090290,10.51,"10°46'32.41""N, 106°40'15.25""E",FIX,
15:01:05.541,1786176065.541,TRACKING,6.155,-0.003,0.006,0.00,0.450,-0.007,0.000,0.000,0.000,0.604,6.16,10.77567061,106.67090331,10.51,"10°46'32.41""N, 106°40'15.25""E",FIX,
15:01:05.633,1786176065.634,TRACKING,6.191,-0.002,0.005,0.01,0.450,-0.005,0.000,0.000,0.000,0.667,6.19,10.77567061,106.67090331,10.51,"10°46'32.41""N, 106°40'15.25""E",FIX,
15:01:05.687,1786176065.688,TRACKING,6.209,-0.002,0.005,0.01,0.450,-0.005,0.000,0.000,0.000,0.750,6.21,10.77567061,106.67090331,10.51,"10°46'32.41""N, 106°40'15.25""E",FIX,
15:01:05.769,1786176065.770,TRACKING,6.245,-0.002,0.004,0.01,0.450,-0.003,0.000,0.000,0.000,0.833,6.25,10.77567061,106.67090372,10.51,"10°46'32.41""N, 106°40'15.25""E",FIX,
15:01:05.840,1786176065.840,TRACKING,6.281,-0.002,0.004,0.01,0.450,-0.003,0.000,0.000,0.000,0.896,6.28,10.77567061,106.67090372,10.51,"10°46'32.41""N, 106°40'15.25""E",FIX,
15:01:05.901,1786176065.902,TRACKING,6.299,-0.002,0.004,0.01,0.450,-0.003,0.000,0.000,0.000,0.979,6.30,10.77567061,106.67090372,10.51,"10°46'32.41""N, 106°40'15.25""E",FIX,
15:01:05.982,1786176065.982,TRACKING,6.335,-0.002,0.004,0.01,0.450,-0.003,0.000,0.000,0.000,1.000,6.34,10.77567061,106.67090413,10.51,"10°46'32.41""N, 106°40'15.25""E",FIX,
15:01:06.044,1786176066.045,TRACKING,6.362,-0.002,0.004,0.01,0.450,-0.003,0.000,0.000,0.000,1.000,6.36,10.77567061,106.67090413,10.51,"10°46'32.41""N, 106°40'15.25""E",FIX,
15:01:06.125,1786176066.125,TRACKING,6.398,-0.002,0.003,0.01,0.450,0.004,0.000,0.000,0.000,1.000,6.40,10.77567061,106.67090413,10.51,"10°46'32.41""N, 106°40'15.25""E",FIX,
15:01:06.197,1786176066.197,TRACKING,6.425,-0.001,0.004,0.01,0.450,-0.004,0.000,0.000,0.000,1.000,6.43,10.77567061,106.67090455,10.51,"10°46'32.41""N, 106°40'15.26""E",FIX,
15:01:06.264,1786176066.265,TRACKING,6.452,-0.001,0.003,0.01,0.450,-0.004,0.000,0.000,0.000,1.000,6.45,10.77567061,106.67090455,10.51,"10°46'32.41""N, 106°40'15.26""E",FIX,
15:01:06.348,1786176066.349,TRACKING,6.488,-0.001,0.003,0.01,0.450,-0.003,0.000,0.000,0.000,1.000,6.49,10.77567061,106.67090455,10.51,"10°46'32.41""N, 106°40'15.26""E",FIX,
15:01:06.410,1786176066.411,TRACKING,6.515,-0.001,0.003,0.01,0.450,0.005,0.000,0.000,0.000,1.000,6.52,10.77567061,106.67090496,10.51,"10°46'32.41""N, 106°40'15.26""E",FIX,
15:01:06.476,1786176066.476,TRACKING,6.542,-0.001,0.003,0.00,0.450,0.003,0.000,0.000,0.000,1.000,6.54,10.77567061,106.67090496,10.51,"10°46'32.41""N, 106°40'15.26""E",FIX,
15:01:06.537,1786176066.538,TRACKING,6.569,-0.001,0.003,0.01,0.450,-0.006,0.000,0.000,0.000,1.000,6.57,10.77567061,106.67090496,10.51,"10°46'32.41""N, 106°40'15.26""E",FIX,
15:01:06.621,1786176066.621,TRACKING,6.605,-0.001,0.003,0.01,0.450,-0.004,0.000,0.000,0.000,1.000,6.61,10.77567061,106.67090537,10.51,"10°46'32.41""N, 106°40'15.26""E",FIX,
15:01:06.691,1786176066.691,TRACKING,6.632,-0.001,0.003,0.01,0.450,-0.004,0.000,0.000,0.000,1.000,6.63,10.77567061,106.67090537,10.51,"10°46'32.41""N, 106°40'15.26""E",FIX,
15:01:06.757,1786176066.758,TRACKING,6.659,-0.001,0.003,0.01,0.450,-0.003,0.000,0.000,0.000,1.000,6.66,10.77567061,106.67090537,10.51,"10°46'32.41""N, 106°40'15.26""E",FIX,
15:01:06.847,1786176066.847,TRACKING,6.695,-0.001,0.002,0.01,0.450,-0.003,0.000,0.000,0.000,1.000,6.70,10.77567061,106.67090578,10.51,"10°46'32.41""N, 106°40'15.26""E",FIX,
15:01:06.898,1786176066.899,TRACKING,6.722,-0.001,0.002,0.01,0.450,-0.003,0.000,0.000,0.000,1.000,6.72,10.77567061,106.67090578,10.51,"10°46'32.41""N, 106°40'15.26""E",FIX,
15:01:06.968,1786176066.969,TRACKING,6.749,-0.000,0.002,0.01,0.450,-0.003,0.000,0.000,0.000,1.000,6.75,10.77567061,106.67090578,10.51,"10°46'32.41""N, 106°40'15.26""E",FIX,
15:01:07.057,1786176067.057,TRACKING,6.785,-0.000,0.002,0.01,0.450,-0.003,0.000,0.000,0.000,1.000,6.79,10.77567061,106.67090619,10.51,"10°46'32.41""N, 106°40'15.26""E",FIX,
15:01:07.126,1786176067.127,TRACKING,6.812,-0.000,0.002,0.01,0.450,-0.003,0.000,0.000,0.000,1.000,6.81,10.77567061,106.67090619,10.51,"10°46'32.41""N, 106°40'15.26""E",FIX,
15:01:07.203,1786176067.204,TRACKING,6.839,-0.000,0.001,0.01,0.450,-0.002,0.000,0.000,0.000,1.000,6.84,10.77567061,106.67090619,10.51,"10°46'32.41""N, 106°40'15.26""E",FIX,
15:01:07.276,1786176067.276,TRACKING,6.875,-0.000,0.001,0.01,0.450,-0.002,0.000,0.000,0.000,1.000,6.88,10.77567061,106.67090660,10.51,"10°46'32.41""N, 106°40'15.26""E",FIX,
15:01:07.337,1786176067.338,TRACKING,6.893,-0.000,0.001,0.01,0.450,-0.002,0.000,0.000,0.000,1.000,6.89,10.77567061,106.67090660,10.51,"10°46'32.41""N, 106°40'15.26""E",FIX,
15:01:07.403,1786176067.403,TRACKING,6.920,-0.000,0.001,0.01,0.450,-0.002,0.000,0.000,0.000,0.542,6.92,10.77567061,106.67090660,10.51,"10°46'32.41""N, 106°40'15.26""E",FIX,
15:01:07.480,1786176067.480,TRACKING,6.965,-0.000,0.001,0.01,0.450,-0.002,0.000,0.000,0.000,0.604,6.97,10.77567061,106.67090701,10.51,"10°46'32.41""N, 106°40'15.27""E",FIX,
15:01:07.547,1786176067.547,TRACKING,6.983,-0.000,0.001,0.01,0.450,-0.002,0.000,0.000,0.000,0.687,6.98,10.77567061,106.67090701,10.51,"10°46'32.41""N, 106°40'15.27""E",FIX,
15:01:07.611,1786176067.611,TRACKING,7.010,-0.000,0.000,0.01,0.450,-0.002,0.000,0.000,0.000,0.750,7.01,10.77567061,106.67090701,10.51,"10°46'32.41""N, 106°40'15.27""E",FIX,
15:01:07.702,1786176067.702,TRACKING,7.046,-0.000,0.000,0.01,0.450,-0.002,0.000,0.000,0.000,0.833,7.05,10.77567062,106.67090743,10.51,"10°46'32.41""N, 106°40'15.27""E",FIX,
15:01:07.768,1786176067.769,TRACKING,7.082,-0.000,0.000,0.01,0.450,-0.002,0.000,0.000,0.000,0.917,7.08,10.77567062,106.67090743,10.51,"10°46'32.41""N, 106°40'15.27""E",FIX,
15:01:07.828,1786176067.829,TRACKING,7.100,-0.000,-0.000,0.01,0.450,-0.002,0.000,0.000,0.000,0.979,7.10,10.77567062,106.67090743,10.51,"10°46'32.41""N, 106°40'15.27""E",FIX,
15:01:07.904,1786176067.904,TRACKING,7.127,-0.000,-0.000,0.01,0.450,-0.002,0.000,0.000,0.000,1.000,7.13,10.77567062,106.67090784,10.51,"10°46'32.41""N, 106°40'15.27""E",FIX,
15:01:07.993,1786176067.993,TRACKING,7.172,-0.000,-0.000,0.01,0.450,-0.002,0.000,0.000,0.000,1.000,7.17,10.77567062,106.67090784,10.51,"10°46'32.41""N, 106°40'15.27""E",FIX,
15:01:08.054,1786176068.055,TRACKING,7.190,-0.000,-0.001,0.01,0.450,-0.002,0.000,0.000,0.000,1.000,7.19,10.77567062,106.67090784,10.51,"10°46'32.41""N, 106°40'15.27""E",FIX,
15:01:08.128,1786176068.129,TRACKING,7.226,-0.000,-0.001,0.01,0.450,-0.002,0.000,0.000,0.000,1.000,7.23,10.77567062,106.67090825,10.51,"10°46'32.41""N, 106°40'15.27""E",FIX,
15:01:08.201,1786176068.201,TRACKING,7.253,-0.000,-0.001,0.01,0.450,-0.002,0.000,0.000,0.000,1.000,7.25,10.77567062,106.67090825,10.51,"10°46'32.41""N, 106°40'15.27""E",FIX,
15:01:08.281,1786176068.281,TRACKING,7.289,-0.000,-0.001,0.01,0.450,0.004,0.000,0.000,0.000,1.000,7.29,10.77567062,106.67090825,10.51,"10°46'32.41""N, 106°40'15.27""E",FIX,
15:01:08.354,1786176068.354,TRACKING,7.316,-0.000,-0.001,0.01,0.450,-0.000,0.000,0.000,0.000,1.000,7.32,10.77567062,106.67090866,10.51,"10°46'32.41""N, 106°40'15.27""E",FIX,
15:01:08.411,1786176068.411,TRACKING,7.343,-0.000,-0.001,0.01,0.450,-0.005,0.000,0.000,0.000,1.000,7.34,10.77567062,106.67090866,10.51,"10°46'32.41""N, 106°40'15.27""E",FIX,
15:01:08.481,1786176068.482,TRACKING,7.370,-0.000,-0.001,0.01,0.450,-0.004,0.000,0.000,0.000,1.000,7.37,10.77567062,106.67090866,10.51,"10°46'32.41""N, 106°40'15.27""E",FIX,
15:01:08.546,1786176068.547,TRACKING,7.397,-0.000,-0.001,0.00,0.450,0.004,0.000,0.000,0.000,1.000,7.40,10.77567062,106.67090907,10.51,"10°46'32.41""N, 106°40'15.27""E",FIX,
15:01:08.619,1786176068.620,TRACKING,7.433,-0.000,-0.001,0.01,0.450,-0.004,0.000,0.000,0.000,1.000,7.43,10.77567062,106.67090907,10.51,"10°46'32.41""N, 106°40'15.27""E",FIX,
15:01:08.690,1786176068.690,TRACKING,7.469,-0.000,-0.001,0.01,0.450,-0.004,0.000,0.000,0.000,1.000,7.47,10.77567062,106.67090907,10.51,"10°46'32.41""N, 106°40'15.27""E",FIX,
15:01:08.767,1786176068.767,TRACKING,7.496,-0.001,-0.002,0.01,0.450,-0.003,0.000,0.000,0.000,1.000,7.50,10.77567062,106.67090948,10.51,"10°46'32.41""N, 106°40'15.27""E",FIX,
15:01:08.838,1786176068.838,TRACKING,7.523,-0.001,-0.002,0.01,0.450,-0.003,0.000,0.000,0.000,1.000,7.52,10.77567062,106.67090948,10.51,"10°46'32.41""N, 106°40'15.27""E",FIX,
15:01:08.919,1786176068.920,TRACKING,7.559,-0.001,-0.002,0.01,0.450,0.003,0.000,0.000,0.000,1.000,7.56,10.77567062,106.67090948,10.51,"10°46'32.41""N, 106°40'15.27""E",FIX,
15:01:08.989,1786176068.989,TRACKING,7.586,-0.001,-0.002,0.00,0.450,0.003,0.000,0.000,0.000,1.000,7.59,10.77567062,106.67090989,10.51,"10°46'32.41""N, 106°40'15.28""E",FIX,
15:01:09.059,1786176069.059,TRACKING,7.613,-0.001,-0.002,0.01,0.450,-0.005,0.000,0.000,0.000,1.000,7.61,10.77567062,106.67090989,10.51,"10°46'32.41""N, 106°40'15.28""E",FIX,
15:01:09.125,1786176069.126,TRACKING,7.640,-0.001,-0.002,0.01,0.450,-0.004,0.000,0.000,0.000,1.000,7.64,10.77567062,106.67090989,10.51,"10°46'32.41""N, 106°40'15.28""E",FIX,
15:01:09.196,1786176069.196,TRACKING,7.667,-0.001,-0.002,-0.01,0.450,0.040,0.000,0.000,0.000,1.000,7.67,10.77567062,106.67091031,10.51,"10°46'32.41""N, 106°40'15.28""E",FIX,
15:01:09.267,1786176069.268,TRACKING,7.694,-0.001,-0.001,-0.02,0.450,0.024,0.000,0.000,0.000,0.958,7.69,10.77567062,106.67091031,10.51,"10°46'32.41""N, 106°40'15.28""E",FIX,
15:01:09.341,1786176069.342,TRACKING,7.730,-0.001,0.002,-0.02,0.450,0.020,0.000,0.000,0.000,0.521,7.73,10.77567062,106.67091031,10.51,"10°46'32.41""N, 106°40'15.28""E",FIX,
15:01:09.419,1786176069.420,TRACKING,7.757,-0.001,0.003,-0.03,0.450,0.009,0.000,0.000,0.000,0.583,7.76,10.77567061,106.67091072,10.51,"10°46'32.41""N, 106°40'15.28""E",FIX,
15:01:09.484,1786176069.484,TRACKING,7.784,-0.001,0.004,-0.03,0.450,0.008,0.000,0.000,0.000,0.667,7.78,10.77567061,106.67091072,10.51,"10°46'32.41""N, 106°40'15.28""E",FIX,
15:01:09.553,1786176069.554,TRACKING,7.820,-0.001,0.004,-0.03,0.450,0.008,0.000,0.000,0.000,0.729,7.82,10.77567061,106.67091072,10.51,"10°46'32.41""N, 106°40'15.28""E",FIX,
15:01:09.623,1786176069.623,TRACKING,7.847,-0.000,0.005,-0.03,0.450,0.008,0.000,0.000,0.000,0.792,7.85,10.77567061,106.67091113,10.51,"10°46'32.41""N, 106°40'15.28""E",FIX,
15:01:09.704,1786176069.704,TRACKING,7.874,-0.000,0.005,-0.03,0.450,0.007,0.000,0.000,0.000,0.875,7.87,10.77567061,106.67091113,10.51,"10°46'32.41""N, 106°40'15.28""E",FIX,
15:01:09.775,1786176069.775,TRACKING,7.910,-0.000,0.006,-0.03,0.450,0.007,0.000,0.000,0.000,0.937,7.91,10.77567061,106.67091113,10.51,"10°46'32.41""N, 106°40'15.28""E",FIX,
15:01:09.843,1786176069.843,TRACKING,7.937,0.000,0.006,-0.03,0.450,0.007,0.000,0.000,0.000,1.000,7.94,10.77567061,106.67091154,10.51,"10°46'32.41""N, 106°40'15.28""E",FIX,
15:01:09.932,1786176069.932,TRACKING,7.973,0.000,0.007,-0.03,0.450,0.007,0.000,0.000,0.000,1.000,7.97,10.77567061,106.67091154,10.51,"10°46'32.41""N, 106°40'15.28""E",FIX,
15:01:09.993,1786176069.993,TRACKING,8.000,0.001,0.007,-0.03,0.450,0.007,0.000,0.000,0.000,1.000,8.00,10.77567061,106.67091154,10.51,"10°46'32.41""N, 106°40'15.28""E",FIX,
15:01:10.057,1786176070.057,TRACKING,8.027,0.001,0.008,-0.02,0.450,-0.001,0.000,0.000,0.000,1.000,8.03,10.77567061,106.67091195,10.51,"10°46'32.41""N, 106°40'15.28""E",FIX,
15:01:10.137,1786176070.138,TRACKING,8.054,0.001,0.008,-0.02,0.450,0.002,0.000,0.000,0.000,1.000,8.05,10.77567061,106.67091195,10.51,"10°46'32.41""N, 106°40'15.28""E",FIX,
15:01:10.201,1786176070.202,TRACKING,8.081,0.001,0.008,-0.02,0.450,0.002,0.000,0.000,0.000,1.000,8.08,10.77567061,106.67091195,10.51,"10°46'32.41""N, 106°40'15.28""E",FIX,
15:01:10.282,1786176070.283,TRACKING,8.117,0.001,0.008,-0.02,0.450,0.010,0.000,0.000,0.000,1.000,8.12,10.77567061,106.67091236,10.51,"10°46'32.41""N, 106°40'15.28""E",FIX,
15:01:10.363,1786176070.364,TRACKING,8.153,0.002,0.009,-0.02,0.450,0.003,0.000,0.000,0.000,1.000,8.15,10.77567061,106.67091236,10.51,"10°46'32.41""N, 106°40'15.28""E",FIX,
15:01:10.423,1786176070.424,TRACKING,8.171,0.002,0.009,-0.02,0.450,0.002,0.000,0.000,0.000,1.000,8.17,10.77567061,106.67091236,10.51,"10°46'32.41""N, 106°40'15.28""E",FIX,
15:01:10.496,1786176070.496,TRACKING,8.198,0.002,0.009,-0.02,0.450,0.004,0.000,0.000,0.000,1.000,8.20,10.77567061,106.67091236,10.51,"10°46'32.41""N, 106°40'15.28""E",FIX,
15:01:10.570,1786176070.571,TRACKING,8.234,0.002,0.009,-0.02,0.450,0.004,0.000,0.000,0.000,1.000,8.23,10.77567061,106.67091277,10.51,"10°46'32.41""N, 106°40'15.29""E",FIX,
15:01:10.640,1786176070.640,TRACKING,8.261,0.003,0.010,-0.02,0.450,0.004,0.000,0.000,0.000,1.000,8.26,10.77567061,106.67091277,10.51,"10°46'32.41""N, 106°40'15.29""E",FIX,
15:01:10.715,1786176070.716,TRACKING,8.297,0.003,0.010,-0.02,0.450,0.005,0.000,0.000,0.000,1.000,8.30,10.77567061,106.67091319,10.51,"10°46'32.41""N, 106°40'15.29""E",FIX,
15:01:10.775,1786176070.776,TRACKING,8.324,0.003,0.010,-0.02,0.450,0.005,0.000,0.000,0.000,1.000,8.32,10.77567061,106.67091319,10.51,"10°46'32.41""N, 106°40'15.29""E",FIX,
15:01:10.845,1786176070.845,TRACKING,8.351,0.004,0.011,-0.02,0.450,0.005,0.000,0.000,0.000,1.000,8.35,10.77567061,106.67091319,10.51,"10°46'32.41""N, 106°40'15.29""E",FIX,
15:01:10.935,1786176070.935,TRACKING,8.387,0.004,0.011,-0.02,0.450,0.005,0.000,0.000,0.000,1.000,8.39,10.77567062,106.67091360,10.51,"10°46'32.41""N, 106°40'15.29""E",FIX,
15:01:11.027,1786176071.027,TRACKING,8.414,0.004,0.011,-0.02,0.450,0.005,0.000,0.000,0.000,1.000,8.41,10.77567062,106.67091360,10.51,"10°46'32.41""N, 106°40'15.29""E",FIX,
15:01:11.080,1786176071.080,TRACKING,8.441,0.005,0.012,-0.02,0.450,0.005,0.000,0.000,0.000,1.000,8.44,10.77567062,106.67091360,10.51,"10°46'32.41""N, 106°40'15.29""E",FIX,
15:01:11.169,1786176071.170,TRACKING,8.477,0.005,0.012,-0.02,0.450,0.011,0.000,0.000,0.000,1.000,8.48,10.77567062,106.67091401,10.51,"10°46'32.41""N, 106°40'15.29""E",FIX,
15:01:11.231,1786176071.231,TRACKING,8.504,0.005,0.012,-0.02,0.450,0.011,0.000,0.000,0.000,0.667,8.50,10.77567062,106.67091401,10.51,"10°46'32.41""N, 106°40'15.29""E",FIX,
15:01:12.794,1786176072.794,UTURN_PLANNING,9.139,0.014,0.014,0.00,0.000,0.000,0.000,0.000,0.000,0.000,0.00,10.77567063,106.67091689,10.51,"10°46'32.41""N, 106°40'15.30""E",FIX,
15:01:12.847,1786176072.848,PATH_FOLLOWING,9.139,0.014,0.014,88.68,0.020,-1.500,0.000,0.000,0.000,0.000,0.00,10.77567063,106.67091689,10.51,"10°46'32.41""N, 106°40'15.30""E",FIX,
15:01:12.902,1786176072.902,PATH_FOLLOWING,9.140,0.014,-0.043,88.68,0.020,-1.500,0.000,0.000,0.000,0.000,0.00,10.77567063,106.67091707,10.51,"10°46'32.41""N, 106°40'15.30""E",FIX,
15:01:12.970,1786176072.971,PATH_FOLLOWING,9.141,0.014,-0.133,88.68,0.020,-1.500,0.000,0.000,0.000,0.000,0.00,10.77567063,106.67091707,10.51,"10°46'32.41""N, 106°40'15.30""E",FIX,
15:01:13.040,1786176073.041,PATH_FOLLOWING,9.142,0.014,-0.223,88.68,0.020,-1.500,0.000,0.000,0.000,0.000,0.00,10.77567063,106.67091707,10.51,"10°46'32.41""N, 106°40'15.30""E",FIX,
15:01:13.113,1786176073.114,PATH_FOLLOWING,9.144,0.013,-0.343,88.68,0.020,-1.500,0.000,0.000,0.000,0.000,0.00,10.77567065,106.67091708,10.51,"10°46'32.41""N, 106°40'15.30""E",FIX,
15:01:13.185,1786176073.186,PATH_FOLLOWING,9.145,0.013,-0.433,88.68,0.020,-1.500,0.000,0.000,0.000,0.000,0.00,10.77567065,106.67091708,10.51,"10°46'32.41""N, 106°40'15.30""E",FIX,
15:01:13.262,1786176073.263,PATH_FOLLOWING,9.146,0.012,-0.553,88.68,0.020,-1.500,0.000,0.000,0.000,0.000,0.00,10.77567065,106.67091708,10.51,"10°46'32.41""N, 106°40'15.30""E",FIX,
15:01:13.345,1786176073.345,PATH_FOLLOWING,9.147,0.012,-0.643,88.68,0.020,-1.500,0.000,0.000,0.000,0.000,0.00,10.77567070,106.67091710,10.51,"10°46'32.41""N, 106°40'15.30""E",FIX,
15:01:13.411,1786176073.411,PATH_FOLLOWING,9.148,0.011,-0.733,88.68,0.020,-1.500,0.000,0.000,0.000,0.000,0.00,10.77567070,106.67091710,10.51,"10°46'32.41""N, 106°40'15.30""E",FIX,
15:01:13.474,1786176073.475,PATH_FOLLOWING,9.149,0.010,-0.823,88.68,0.020,-1.500,0.000,0.000,0.000,0.000,0.00,10.77567070,106.67091710,10.51,"10°46'32.41""N, 106°40'15.30""E",FIX,
15:01:13.554,1786176073.555,PATH_FOLLOWING,9.150,0.009,-0.943,87.83,0.033,-1.500,0.000,0.000,0.000,0.000,0.00,10.77567078,106.67091712,10.51,"10°46'32.41""N, 106°40'15.30""E",FIX,
15:01:13.622,1786176073.622,PATH_FOLLOWING,9.151,0.007,-1.033,86.76,0.049,-1.500,0.000,0.000,0.000,0.000,0.00,10.77567078,106.67091712,10.51,"10°46'32.41""N, 106°40'15.30""E",FIX,
15:01:13.703,1786176073.703,PATH_FOLLOWING,9.152,0.005,-1.123,85.55,0.068,-1.500,0.000,0.000,0.000,0.000,0.00,10.77567078,106.67091712,10.51,"10°46'32.41""N, 106°40'15.30""E",FIX,
15:01:13.769,1786176073.769,PATH_FOLLOWING,9.153,0.002,-1.213,84.24,0.088,-1.500,0.000,0.000,0.000,0.000,0.00,10.77567088,106.67091715,10.51,"10°46'32.42""N, 106°40'15.30""E",FIX,
15:01:13.855,1786176073.856,PATH_FOLLOWING,9.155,-0.004,-1.333,82.41,0.116,-1.500,0.000,0.000,0.000,0.000,0.00,10.77567088,106.67091715,10.51,"10°46'32.42""N, 106°40'15.30""E",FIX,
15:01:13.915,1786176073.916,PATH_FOLLOWING,9.156,-0.010,-1.423,81.03,0.137,-1.500,0.000,0.000,0.000,0.000,0.00,10.77567088,106.67091715,10.51,"10°46'32.42""N, 106°40'15.30""E",FIX,
15:01:13.999,1786176073.999,PATH_FOLLOWING,9.157,-0.020,-1.543,79.27,0.165,-1.500,0.000,0.000,0.000,0.000,0.00,10.77567093,106.67091722,10.51,"10°46'32.42""N, 106°40'15.30""E",FIX,
15:01:14.067,1786176074.067,PATH_FOLLOWING,9.157,-0.030,-1.633,78.04,0.184,-1.500,0.000,0.000,0.000,0.000,0.00,10.77567093,106.67091722,10.51,"10°46'32.42""N, 106°40'15.30""E",FIX,
15:01:14.146,1786176074.147,PATH_FOLLOWING,9.155,-0.044,-1.753,76.50,0.207,-1.490,0.000,0.000,0.000,0.000,0.00,10.77567093,106.67091722,10.51,"10°46'32.42""N, 106°40'15.30""E",FIX,
15:01:14.211,1786176074.211,PATH_FOLLOWING,9.154,-0.051,-1.813,0.00,0.000,0.000,0.000,0.000,0.000,0.771,0.00,10.77567089,106.67091733,10.51,"10°46'32.42""N, 106°40'15.30""E",FIX,
15:01:14.305,1786176074.305,TRACKING,9.152,-0.059,-1.871,0.50,0.450,-0.200,0.000,0.000,0.000,0.750,0.01,10.77567089,106.67091733,10.51,"10°46'32.42""N, 106°40'15.30""E",FIX,
15:01:14.369,1786176074.370,TRACKING,9.149,-0.067,-1.875,0.83,0.450,-0.866,0.000,0.000,0.000,0.750,0.02,10.77567089,106.67091733,10.51,"10°46'32.42""N, 106°40'15.30""E",FIX,
15:01:14.436,1786176074.437,TRACKING,9.141,-0.092,-1.906,1.02,0.450,-0.745,0.000,0.000,0.000,0.792,0.04,10.77567081,106.67091745,10.51,"10°46'32.41""N, 106°40'15.30""E",FIX,
15:01:14.512,1786176074.513,TRACKING,9.128,-0.126,-1.969,1.10,0.450,-0.419,0.000,0.000,0.000,0.812,0.08,10.77567081,106.67091745,10.51,"10°46'32.41""N, 106°40'15.30""E",FIX,
15:01:14.583,1786176074.584,TRACKING,9.117,-0.151,-2.002,1.11,0.450,-0.311,0.000,0.000,0.000,0.854,0.11,10.77567081,106.67091745,10.51,"10°46'32.41""N, 106°40'15.30""E",FIX,
15:01:14.648,1786176074.649,TRACKING,9.105,-0.175,-2.024,1.09,0.450,-0.243,0.000,0.000,0.000,0.917,0.13,10.77567052,106.67091774,10.51,"10°46'32.41""N, 106°40'15.30""E",FIX,
15:01:14.727,1786176074.727,TRACKING,9.089,-0.207,-2.046,1.05,0.450,-0.212,0.000,0.000,0.000,0.917,0.17,10.77567052,106.67091774,10.51,"10°46'32.41""N, 106°40'15.30""E",FIX,
15:01:14.790,1786176074.791,TRACKING,9.077,-0.231,-2.059,1.02,0.450,-0.218,0.000,0.000,0.000,0.917,0.20,10.77567052,106.67091774,10.51,"10°46'32.41""N, 106°40'15.30""E",FIX,
15:01:14.858,1786176074.859,TRACKING,9.064,-0.255,-2.072,1.01,0.450,-0.233,0.000,0.000,0.000,0.917,0.22,10.77567045,106.67091783,10.51,"10°46'32.41""N, 106°40'15.30""E",FIX,
15:01:14.937,1786176074.937,TRACKING,9.046,-0.286,-2.091,1.00,0.450,-0.245,0.000,0.000,0.000,0.917,0.26,10.77567045,106.67091783,10.51,"10°46'32.41""N, 106°40'15.30""E",FIX,
15:01:14.997,1786176074.998,TRACKING,9.033,-0.310,-2.105,0.99,0.450,-0.248,0.000,0.000,0.000,0.917,0.29,10.77567045,106.67091783,10.51,"10°46'32.41""N, 106°40'15.30""E",FIX,
15:01:15.071,1786176075.072,TRACKING,9.014,-0.340,-2.125,0.99,0.450,-0.253,0.000,0.000,0.000,0.917,0.32,10.77567045,106.67091783,10.51,"10°46'32.41""N, 106°40'15.30""E",FIX,
15:01:15.126,1786176075.126,TRACKING,9.004,-0.356,-2.135,0.98,0.450,-0.253,0.000,0.000,0.000,0.917,0.34,10.77567045,106.67091783,10.51,"10°46'32.41""N, 106°40'15.30""E",FIX,
15:01:15.209,1786176075.209,TRACKING,8.985,-0.386,-2.155,0.98,0.450,-0.257,0.000,0.000,0.000,0.917,0.38,10.77567045,106.67091783,10.51,"10°46'32.41""N, 106°40'15.30""E",FIX,
15:01:15.281,1786176075.281,TRACKING,8.970,-0.408,-2.170,0.98,0.450,-0.257,0.000,0.000,0.000,0.917,0.40,10.77567045,106.67091783,10.51,"10°46'32.41""N, 106°40'15.30""E",FIX,
15:01:15.360,1786176075.360,TRACKING,8.949,-0.438,-2.191,0.98,0.450,-0.258,0.000,0.000,0.000,0.917,0.44,10.77567045,106.67091783,10.51,"10°46'32.41""N, 106°40'15.30""E",FIX,
15:01:15.421,1786176075.422,TRACKING,8.933,-0.460,-2.206,0.98,0.450,-0.259,0.000,0.000,0.000,0.917,0.47,10.77567045,106.67091783,10.51,"10°46'32.41""N, 106°40'15.30""E",FIX,
15:01:15.492,1786176075.492,TRACKING,8.917,-0.481,-2.222,0.98,0.450,-0.259,0.000,0.000,0.000,0.917,0.49,10.77567045,106.67091783,10.51,"10°46'32.41""N, 106°40'15.30""E",FIX,
15:01:15.565,1786176075.565,TRACKING,8.895,-0.510,-2.243,0.98,0.450,-0.259,0.000,0.000,0.000,0.917,0.53,10.77567045,106.67091783,10.51,"10°46'32.41""N, 106°40'15.30""E",FIX,
15:01:15.619,1786176075.619,TRACKING,8.884,-0.524,-2.253,0.98,0.450,-0.259,0.000,0.000,0.000,0.917,0.55,10.77567045,106.67091783,10.51,"10°46'32.41""N, 106°40'15.30""E",FIX,
15:01:15.700,1786176075.700,TRACKING,8.861,-0.551,-2.274,0.98,0.450,-0.259,0.000,0.000,0.000,0.917,0.58,10.77567045,106.67091783,10.51,"10°46'32.41""N, 106°40'15.30""E",FIX,
15:01:15.774,1786176075.775,TRACKING,8.843,-0.572,-2.289,0.98,0.450,-0.259,0.000,0.000,0.000,0.917,0.61,10.77567045,106.67091783,10.51,"10°46'32.41""N, 106°40'15.30""E",FIX,
15:01:15.851,1786176075.852,TRACKING,8.819,-0.599,-2.310,0.98,0.450,-0.259,0.000,0.000,0.000,0.917,0.65,10.77567045,106.67091783,10.51,"10°46'32.41""N, 106°40'15.30""E",FIX,
15:01:15.910,1786176075.911,TRACKING,8.807,-0.612,-2.320,0.98,0.450,-0.259,0.000,0.000,0.000,0.917,0.66,10.77567045,106.67091783,10.51,"10°46'32.41""N, 106°40'15.30""E",FIX,
15:01:15.983,1786176075.984,TRACKING,8.782,-0.638,-2.341,0.98,0.450,-0.259,0.000,0.000,0.000,0.917,0.70,10.77567045,106.67091783,10.51,"10°46'32.41""N, 106°40'15.30""E",FIX,
15:01:16.050,1786176076.050,TRACKING,8.763,-0.657,-2.357,0.98,0.450,-0.259,0.000,0.000,0.000,0.917,0.73,10.77567045,106.67091783,10.51,"10°46'32.41""N, 106°40'15.30""E",FIX,
15:01:16.131,1786176076.131,TRACKING,8.737,-0.682,-2.378,0.98,0.450,-0.259,0.000,0.000,0.000,0.917,0.76,10.77567045,106.67091783,10.51,"10°46'32.41""N, 106°40'15.30""E",FIX,
15:01:16.214,1786176076.214,TRACKING,8.711,-0.707,-2.398,0.98,0.450,-0.259,0.000,0.000,0.000,0.917,0.80,10.77567045,106.67091783,10.51,"10°46'32.41""N, 106°40'15.30""E",FIX,
15:01:16.268,1786176076.268,TRACKING,8.698,-0.719,-2.409,0.98,0.450,-0.259,0.000,0.000,0.000,0.917,0.82,10.77567045,106.67091783,10.51,"10°46'32.41""N, 106°40'15.30""E",FIX,
15:01:16.350,1786176076.350,TRACKING,8.671,-0.743,-2.429,0.98,0.450,-0.259,0.000,0.000,0.000,0.917,0.85,10.77567045,106.67091783,10.51,"10°46'32.41""N, 106°40'15.30""E",FIX,
15:01:16.423,1786176076.423,TRACKING,8.650,-0.760,-2.445,0.98,0.450,-0.259,0.000,0.000,0.000,0.917,0.88,10.77567045,106.67091783,10.51,"10°46'32.41""N, 106°40'15.30""E",FIX,
15:01:16.482,1786176076.482,TRACKING,8.629,-0.778,-2.461,0.98,0.450,-0.259,0.000,0.000,0.000,0.917,0.91,10.77567045,106.67091783,10.51,"10°46'32.41""N, 106°40'15.30""E",FIX,
15:01:16.550,1786176076.550,TRACKING,8.608,-0.794,-2.476,0.98,0.450,-0.259,0.000,0.000,0.000,0.917,0.93,10.77567045,106.67091783,10.51,"10°46'32.41""N, 106°40'15.30""E",FIX,
15:01:16.622,1786176076.622,TRACKING,8.587,-0.811,-2.492,0.98,0.450,-0.259,0.000,0.000,0.000,0.917,0.96,10.77567045,106.67091783,10.51,"10°46'32.41""N, 106°40'15.30""E",FIX,
15:01:16.701,1786176076.702,TRACKING,8.558,-0.832,-2.512,0.98,0.450,-0.259,0.000,0.000,0.000,0.917,1.00,10.77567045,106.67091783,10.51,"10°46'32.41""N, 106°40'15.30""E",FIX,
15:01:16.768,1786176076.769,TRACKING,8.536,-0.848,-2.528,0.98,0.450,-0.259,0.000,0.000,0.000,0.917,1.02,10.77567045,106.67091783,10.51,"10°46'32.41""N, 106°40'15.30""E",FIX,
15:01:16.847,1786176076.848,TRACKING,8.507,-0.869,-2.549,0.98,0.450,-0.259,0.000,0.000,0.000,0.917,1.06,10.77567045,106.67091783,10.51,"10°46'32.41""N, 106°40'15.30""E",FIX,
15:01:16.920,1786176076.920,TRACKING,8.484,-0.883,-2.564,0.98,0.450,-0.259,0.000,0.000,0.000,0.917,1.09,10.77567045,106.67091783,10.51,"10°46'32.41""N, 106°40'15.30""E",FIX,
15:01:16.983,1786176076.984,TRACKING,8.461,-0.898,-2.580,0.98,0.450,-0.259,0.000,0.000,0.000,0.917,1.11,10.77567045,106.67091783,10.51,"10°46'32.41""N, 106°40'15.30""E",FIX,
15:01:17.056,1786176077.057,TRACKING,8.438,-0.912,-2.595,0.98,0.450,-0.259,0.000,0.000,0.000,0.917,1.14,10.77567045,106.67091783,10.51,"10°46'32.41""N, 106°40'15.30""E",FIX,
15:01:17.128,1786176077.128,TRACKING,8.415,-0.926,-2.611,0.98,0.450,-0.259,0.000,0.000,0.000,0.917,1.17,10.77567045,106.67091783,10.51,"10°46'32.41""N, 106°40'15.30""E",FIX,
15:01:17.205,1786176077.205,TRACKING,8.384,-0.944,-2.632,0.98,0.450,-0.259,0.000,0.000,0.000,0.917,1.20,10.77567045,106.67091783,10.51,"10°46'32.41""N, 106°40'15.30""E",FIX,
15:01:17.291,1786176077.292,TRACKING,8.352,-0.961,-2.652,0.98,0.450,-0.259,0.000,0.000,0.000,0.917,1.24,10.77567045,106.67091783,10.51,"10°46'32.41""N, 106°40'15.30""E",FIX,
15:01:17.356,1786176077.356,TRACKING,8.328,-0.974,-2.668,0.98,0.450,-0.259,0.000,0.000,0.000,0.917,1.27,10.77567045,106.67091783,10.51,"10°46'32.41""N, 106°40'15.30""E",FIX,
15:01:17.425,1786176077.425,TRACKING,8.304,-0.986,-2.684,0.98,0.450,-0.259,0.000,0.000,0.000,0.917,1.29,10.77567045,106.67091783,10.51,"10°46'32.41""N, 106°40'15.30""E",FIX,
15:01:17.509,1786176077.510,TRACKING,8.272,-1.001,-2.704,0.98,0.450,-0.259,0.000,0.000,0.000,0.917,1.33,10.77567045,106.67091783,10.51,"10°46'32.41""N, 106°40'15.30""E",FIX,
15:01:17.582,1786176077.583,TRACKING,8.255,-1.009,-2.715,0.98,0.450,-0.259,0.000,0.000,0.000,0.917,1.35,10.77567045,106.67091783,10.51,"10°46'32.41""N, 106°40'15.30""E",FIX,
15:01:17.644,1786176077.645,TRACKING,8.223,-1.024,-2.735,0.98,0.450,-0.259,0.000,0.000,0.000,0.917,1.38,10.77567045,106.67091783,10.51,"10°46'32.41""N, 106°40'15.30""E",FIX,
15:01:17.717,1786176077.718,TRACKING,8.189,-1.037,-2.756,0.98,0.450,-0.259,0.000,0.000,0.000,0.917,1.42,10.77567045,106.67091783,10.51,"10°46'32.41""N, 106°40'15.30""E",FIX,
15:01:17.773,1786176077.773,TRACKING,8.173,-1.044,-2.767,0.98,0.450,-0.259,0.000,0.000,0.000,0.917,1.44,10.77567045,106.67091783,10.51,"10°46'32.41""N, 106°40'15.30""E",FIX,
15:01:17.844,1786176077.845,TRACKING,8.147,-1.054,-2.782,0.98,0.450,-0.259,0.000,0.000,0.000,0.917,1.47,10.77567045,106.67091783,10.51,"10°46'32.41""N, 106°40'15.30""E",FIX,
15:01:17.926,1786176077.926,TRACKING,8.114,-1.066,-2.803,0.98,0.450,-0.259,0.000,0.000,0.000,0.917,1.50,10.77567045,106.67091783,10.51,"10°46'32.41""N, 106°40'15.30""E",FIX,
15:01:17.998,1786176077.999,TRACKING,8.079,-1.078,-2.824,0.98,0.450,-0.259,0.000,0.000,0.000,0.917,1.54,10.77567045,106.67091783,10.51,"10°46'32.41""N, 106°40'15.30""E",FIX,
15:01:18.070,1786176078.071,TRACKING,8.054,-1.086,-2.839,0.98,0.450,-0.259,0.000,0.000,0.000,0.917,1.56,10.77567045,106.67091783,10.51,"10°46'32.41""N, 106°40'15.30""E",FIX,
15:01:18.129,1786176078.129,TRACKING,8.028,-1.094,-2.855,0.98,0.450,-0.259,0.000,0.000,0.000,0.917,1.59,10.77567045,106.67091783,10.51,"10°46'32.41""N, 106°40'15.30""E",FIX,
15:01:18.212,1786176078.212,TRACKING,7.993,-1.104,-2.876,0.98,0.450,-0.259,0.000,0.000,0.000,0.917,1.63,10.77567045,106.67091783,10.51,"10°46'32.41""N, 106°40'15.30""E",FIX,
15:01:18.276,1786176078.276,TRACKING,7.967,-1.110,-2.891,0.98,0.450,-0.259,0.000,0.000,0.000,0.917,1.65,10.77567045,106.67091783,10.51,"10°46'32.41""N, 106°40'15.30""E",FIX,
15:01:18.348,1786176078.349,TRACKING,7.941,-1.117,-2.907,0.98,0.450,-0.259,0.000,0.000,0.000,0.917,1.68,10.77567045,106.67091783,10.51,"10°46'32.41""N, 106°40'15.30""E",FIX,
15:01:18.415,1786176078.415,TRACKING,7.915,-1.123,-2.922,0.98,0.450,-0.259,0.000,0.000,0.000,0.917,1.71,10.77567045,106.67091783,10.51,"10°46'32.41""N, 106°40'15.30""E",FIX,
15:01:18.487,1786176078.487,TRACKING,7.888,-1.129,-2.938,0.98,0.450,-0.259,0.000,0.000,0.000,0.917,1.74,10.77567045,106.67091783,10.51,"10°46'32.41""N, 106°40'15.30""E",FIX,
15:01:18.622,1786176078.623,REACTIVE_AVOID,7.847,-1.137,-2.962,0.98,0.000,0.000,0.000,0.000,0.000,0.917,1.76,10.77567045,106.67091783,10.51,"10°46'32.41""N, 106°40'15.30""E",FIX,
15:01:18.699,1786176078.699,REACTIVE_AVOID,7.847,-1.137,-2.962,0.98,0.000,0.000,0.000,0.000,0.000,0.917,1.76,10.77567045,106.67091783,10.51,"10°46'32.41""N, 106°40'15.30""E",FIX,
15:01:18.767,1786176078.768,REACTIVE_AVOID,7.847,-1.137,-2.962,0.98,0.000,0.000,0.000,0.000,0.000,0.917,1.76,10.77567045,106.67091783,10.51,"10°46'32.41""N, 106°40'15.30""E",FIX,
15:01:18.844,1786176078.844,REACTIVE_AVOID,7.847,-1.137,-2.962,0.98,0.000,0.000,0.000,0.000,0.000,0.917,1.76,10.77567045,106.67091783,10.51,"10°46'32.41""N, 106°40'15.30""E",FIX,
15:01:18.914,1786176078.914,REACTIVE_AVOID,7.847,-1.137,-2.962,0.98,0.000,0.000,0.000,0.000,0.000,0.917,1.76,10.77567045,106.67091783,10.51,"10°46'32.41""N, 106°40'15.30""E",FIX,
15:01:18.977,1786176078.978,REACTIVE_AVOID,7.847,-1.137,-2.962,0.98,0.000,0.000,0.000,0.000,0.000,0.917,1.76,10.77567045,106.67091783,10.51,"10°46'32.41""N, 106°40'15.30""E",FIX,
15:01:19.037,1786176079.038,REACTIVE_AVOID,7.847,-1.137,-2.962,0.98,0.000,0.000,0.000,0.000,0.000,0.917,1.76,10.77567045,106.67091783,10.51,"10°46'32.41""N, 106°40'15.30""E",FIX,
15:01:19.116,1786176079.117,REACTIVE_AVOID,7.847,-1.137,-2.962,0.98,0.000,0.000,0.000,0.000,0.000,0.917,1.76,10.77567045,106.67091783,10.51,"10°46'32.41""N, 106°40'15.30""E",FIX,
15:01:19.184,1786176079.184,REACTIVE_AVOID,7.847,-1.137,-2.962,0.98,0.000,0.000,0.000,0.000,0.000,0.917,1.76,10.77567045,106.67091783,10.51,"10°46'32.41""N, 106°40'15.30""E",FIX,
15:01:19.245,1786176079.246,REACTIVE_AVOID,7.847,-1.137,-2.962,0.98,0.000,0.000,0.000,0.000,0.000,0.917,1.76,10.77567045,106.67091783,10.51,"10°46'32.41""N, 106°40'15.30""E",FIX,
15:01:19.324,1786176079.324,REACTIVE_AVOID,7.847,-1.137,-2.962,0.98,0.000,0.000,0.000,0.000,0.000,0.917,1.76,10.77567045,106.67091783,10.51,"10°46'32.41""N, 106°40'15.30""E",FIX,
15:01:19.378,1786176079.378,REACTIVE_AVOID,7.847,-1.137,-2.962,0.98,0.000,0.000,0.000,0.000,0.000,0.917,1.76,10.77567045,106.67091783,10.51,"10°46'32.41""N, 106°40'15.30""E",FIX,
15:01:19.450,1786176079.450,REACTIVE_AVOID,7.847,-1.137,-2.962,0.98,0.000,0.000,0.000,0.000,0.000,0.917,1.76,10.77567045,106.67091783,10.51,"10°46'32.41""N, 106°40'15.30""E",FIX,
15:01:19.521,1786176079.521,REACTIVE_AVOID,7.847,-1.137,-2.962,0.98,0.000,0.000,0.000,0.000,0.000,0.917,1.76,10.77567045,106.67091783,10.51,"10°46'32.41""N, 106°40'15.30""E",FIX,
15:01:19.586,1786176079.586,REACTIVE_AVOID,7.847,-1.137,-2.962,0.98,0.000,0.000,0.000,0.000,0.000,0.917,1.76,10.77567045,106.67091783,10.51,"10°46'32.41""N, 106°40'15.30""E",FIX,
15:01:19.661,1786176079.661,REACTIVE_AVOID,7.847,-1.137,-2.962,0.98,0.000,0.000,0.000,0.000,0.000,0.917,1.76,10.77567045,106.67091783,10.51,"10°46'32.41""N, 106°40'15.30""E",FIX,
15:01:19.732,1786176079.733,REACTIVE_AVOID,7.847,-1.137,-2.962,0.98,0.000,0.000,0.000,0.000,0.000,0.917,1.76,10.77567045,106.67091783,10.51,"10°46'32.41""N, 106°40'15.30""E",FIX,
15:01:19.791,1786176079.792,REACTIVE_AVOID,7.847,-1.137,-2.962,0.98,0.000,0.000,0.000,0.000,0.000,0.917,1.76,10.77567045,106.67091783,10.51,"10°46'32.41""N, 106°40'15.30""E",FIX,
15:01:19.859,1786176079.859,REACTIVE_AVOID,7.847,-1.137,-2.962,0.98,0.000,0.000,0.000,0.000,0.000,0.917,1.76,10.77567045,106.67091783,10.51,"10°46'32.41""N, 106°40'15.30""E",FIX,
15:01:19.939,1786176079.939,REACTIVE_AVOID,7.847,-1.137,-2.962,0.98,0.000,0.000,0.000,0.000,0.000,0.917,1.76,10.77567045,106.67091783,10.51,"10°46'32.41""N, 106°40'15.30""E",FIX,
15:01:20.000,1786176080.001,REACTIVE_AVOID,7.847,-1.137,-2.962,0.98,0.000,0.000,0.000,0.000,0.000,0.917,1.76,10.77567045,106.67091783,10.51,"10°46'32.41""N, 106°40'15.30""E",FIX,
15:01:20.073,1786176080.073,REACTIVE_AVOID,7.847,-1.137,-2.962,0.98,0.000,0.000,0.000,0.000,0.000,0.917,1.76,10.77567045,106.67091783,10.51,"10°46'32.41""N, 106°40'15.30""E",FIX,
15:01:20.131,1786176080.131,REACTIVE_AVOID,7.847,-1.137,-2.962,0.98,0.000,0.000,0.000,0.000,0.000,0.917,1.76,10.77567045,106.67091783,10.51,"10°46'32.41""N, 106°40'15.30""E",FIX,
15:01:20.213,1786176080.213,REACTIVE_AVOID,7.847,-1.137,-2.962,0.98,0.000,0.000,0.000,0.000,0.000,0.917,1.76,10.77567045,106.67091783,10.51,"10°46'32.41""N, 106°40'15.30""E",FIX,
15:01:20.277,1786176080.277,REACTIVE_AVOID,7.847,-1.137,-2.962,0.98,0.000,0.000,0.000,0.000,0.000,0.917,1.76,10.77567045,106.67091783,10.51,"10°46'32.41""N, 106°40'15.30""E",FIX,
15:01:20.349,1786176080.349,REACTIVE_AVOID,7.847,-1.137,-2.962,0.98,0.000,0.000,0.000,0.000,0.000,0.917,1.76,10.77567045,106.67091783,10.51,"10°46'32.41""N, 106°40'15.30""E",FIX,
15:01:20.428,1786176080.429,REACTIVE_AVOID,7.847,-1.137,-2.962,0.98,0.000,0.000,0.000,0.000,0.000,0.917,1.76,10.77567045,106.67091783,10.51,"10°46'32.41""N, 106°40'15.30""E",FIX,
15:01:20.491,1786176080.491,REACTIVE_AVOID,7.847,-1.137,-2.962,0.98,0.000,0.000,0.000,0.000,0.000,0.917,1.76,10.77567045,106.67091783,10.51,"10°46'32.41""N, 106°40'15.30""E",FIX,
15:01:20.563,1786176080.564,REACTIVE_AVOID,7.847,-1.137,-2.962,0.98,0.000,0.000,0.000,0.000,0.000,0.917,1.76,10.77567045,106.67091783,10.51,"10°46'32.41""N, 106°40'15.30""E",FIX,
15:01:20.634,1786176080.634,REACTIVE_AVOID,7.847,-1.137,-2.962,0.98,0.000,0.000,0.000,0.000,0.000,0.917,1.76,10.77567045,106.67091783,10.51,"10°46'32.41""N, 106°40'15.30""E",FIX,
15:01:20.699,1786176080.700,REACTIVE_AVOID,7.847,-1.137,-2.962,0.98,0.000,0.000,0.000,0.000,0.000,0.917,1.76,10.77567045,106.67091783,10.51,"10°46'32.41""N, 106°40'15.30""E",FIX,
15:01:20.794,1786176080.794,REACTIVE_AVOID,7.847,-1.137,-2.962,0.98,0.000,0.000,0.000,0.000,0.000,0.917,1.76,10.77567045,106.67091783,10.51,"10°46'32.41""N, 106°40'15.30""E",FIX,
15:01:20.843,1786176080.844,REACTIVE_AVOID,7.847,-1.137,-2.962,0.98,0.000,0.000,0.000,0.000,0.000,0.917,1.76,10.77567045,106.67091783,10.51,"10°46'32.41""N, 106°40'15.30""E",FIX,
15:01:20.907,1786176080.907,REACTIVE_AVOID,7.847,-1.137,-2.962,0.98,0.000,0.000,0.000,0.000,0.000,0.917,1.76,10.77567045,106.67091783,10.51,"10°46'32.41""N, 106°40'15.30""E",FIX,
15:01:20.986,1786176080.986,REACTIVE_AVOID,7.847,-1.137,-2.962,0.98,0.000,0.000,0.000,0.000,0.000,0.917,1.76,10.77567045,106.67091783,10.51,"10°46'32.41""N, 106°40'15.30""E",FIX,
15:01:21.046,1786176081.046,REACTIVE_AVOID,7.847,-1.137,-2.962,0.98,0.000,0.000,0.000,0.000,0.000,0.917,1.76,10.77567045,106.67091783,10.51,"10°46'32.41""N, 106°40'15.30""E",FIX,
15:01:21.127,1786176081.128,REACTIVE_AVOID,7.847,-1.137,-2.962,0.98,0.000,0.000,0.000,0.000,0.000,0.917,1.76,10.77567045,106.67091783,10.51,"10°46'32.41""N, 106°40'15.30""E",FIX,
15:01:21.188,1786176081.188,REACTIVE_AVOID,7.847,-1.137,-2.962,0.98,0.000,0.000,0.000,0.000,0.000,0.917,1.76,10.77567045,106.67091783,10.51,"10°46'32.41""N, 106°40'15.30""E",FIX,
15:01:21.262,1786176081.262,REACTIVE_AVOID,7.847,-1.137,-2.962,0.98,0.000,0.000,0.000,0.000,0.000,0.917,1.76,10.77567045,106.67091783,10.51,"10°46'32.41""N, 106°40'15.30""E",FIX,
15:01:21.369,1786176081.370,REACTIVE_AVOID,7.847,-1.137,-2.962,0.98,0.000,0.000,0.000,0.000,0.000,0.917,1.76,10.77567045,106.67091783,10.51,"10°46'32.41""N, 106°40'15.30""E",FIX,
15:01:21.442,1786176081.443,REACTIVE_AVOID,7.847,-1.137,-2.962,0.98,0.000,0.000,0.000,0.000,0.000,0.917,1.76,10.77567045,106.67091783,10.51,"10°46'32.41""N, 106°40'15.30""E",FIX,
15:01:21.505,1786176081.505,REACTIVE_AVOID,7.847,-1.137,-2.962,0.98,0.000,0.000,0.000,0.000,0.000,0.917,1.76,10.77567045,106.67091783,10.51,"10°46'32.41""N, 106°40'15.30""E",FIX,
15:01:21.582,1786176081.582,REACTIVE_AVOID,7.847,-1.137,-2.962,0.98,0.000,0.000,0.000,0.000,0.000,0.917,1.76,10.77567045,106.67091783,10.51,"10°46'32.41""N, 106°40'15.30""E",FIX,
15:01:21.651,1786176081.652,REACTIVE_AVOID,7.847,-1.137,-2.962,0.98,0.000,0.000,0.000,0.000,0.000,0.917,1.76,10.77567045,106.67091783,10.51,"10°46'32.41""N, 106°40'15.30""E",FIX,
15:01:21.715,1786176081.715,REACTIVE_AVOID,7.847,-1.137,-2.962,0.98,0.000,0.000,0.000,0.000,0.000,0.917,1.76,10.77567045,106.67091783,10.51,"10°46'32.41""N, 106°40'15.30""E",FIX,
15:01:21.867,1786176081.868,AVOID_PLANNING,7.847,-1.137,-2.962,0.98,0.000,0.000,0.000,0.000,0.000,0.917,1.76,10.77567045,106.67091783,10.51,"10°46'32.41""N, 106°40'15.30""E",FIX,
15:01:21.918,1786176081.918,PATH_FOLLOWING,7.847,-1.137,-2.962,84.67,0.081,-1.500,0.000,0.000,0.000,0.917,1.76,10.77567045,106.67091783,10.51,"10°46'32.41""N, 106°40'15.30""E",FIX,
15:01:21.999,1786176082.000,PATH_FOLLOWING,7.842,-1.137,-3.043,83.49,0.099,-1.500,0.000,0.000,0.000,0.917,1.76,10.77567045,106.67091783,10.51,"10°46'32.41""N, 106°40'15.30""E",FIX,
15:01:22.075,1786176082.076,PATH_FOLLOWING,7.837,-1.138,-3.133,82.13,0.120,-1.500,0.000,0.000,0.000,0.896,1.76,10.77567045,106.67091783,10.51,"10°46'32.41""N, 106°40'15.30""E",FIX,
15:01:22.133,1786176082.133,PATH_FOLLOWING,7.830,-1.137,3.060,80.79,0.141,-1.500,0.000,0.000,0.000,0.875,1.76,10.77567032,106.67091781,10.51,"10°46'32.41""N, 106°40'15.30""E",FIX,
15:01:22.206,1786176082.206,PATH_FOLLOWING,7.822,-1.136,2.970,79.50,0.161,-1.500,0.000,0.000,0.000,0.833,1.76,10.77567032,106.67091781,10.51,"10°46'32.41""N, 106°40'15.30""E",FIX,
15:01:22.282,1786176082.283,PATH_FOLLOWING,7.810,-1.134,2.850,77.90,0.186,-1.500,0.000,0.000,0.000,0.812,1.76,10.77567032,106.67091781,10.51,"10°46'32.41""N, 106°40'15.30""E",FIX,
15:01:22.352,1786176082.352,PATH_FOLLOWING,7.800,-1.130,2.760,76.83,0.204,-1.500,0.000,0.000,0.000,0.792,1.76,10.77567020,106.67091789,10.51,"10°46'32.41""N, 106°40'15.30""E",FIX,
15:01:22.414,1786176082.414,PATH_FOLLOWING,7.790,-1.125,2.670,73.47,0.219,-1.270,0.000,0.000,0.000,0.792,1.76,10.77567020,106.67091789,10.51,"10°46'32.41""N, 106°40'15.30""E",FIX,
15:01:22.502,1786176082.502,PATH_FOLLOWING,7.775,-1.117,2.563,66.45,0.233,-0.922,0.000,0.000,0.000,0.000,1.76,10.77567020,106.67091789,10.51,"10°46'32.41""N, 106°40'15.30""E",FIX,
15:01:22.558,1786176082.558,PATH_FOLLOWING,7.767,-1.111,2.517,62.04,0.238,-0.773,0.000,0.000,0.000,0.000,1.76,10.77567013,106.67091799,10.51,"10°46'32.41""N, 106°40'15.30""E",FIX,
15:01:22.643,1786176082.643,PATH_FOLLOWING,7.753,-1.100,2.450,53.00,0.244,-0.558,0.000,0.000,0.000,0.000,1.76,10.77567013,106.67091799,10.51,"10°46'32.41""N, 106°40'15.30""E",FIX,
15:01:22.706,1786176082.706,PATH_FOLLOWING,7.738,-1.087,2.397,42.48,0.247,-0.390,0.000,0.000,0.000,0.000,1.76,10.77567013,106.67091799,10.51,"10°46'32.41""N, 106°40'15.30""E",FIX,
15:01:22.768,1786176082.769,PATH_FOLLOWING,7.727,-1.077,2.371,35.52,0.248,-0.305,0.000,0.000,0.000,0.000,1.76,10.77567013,106.67091810,10.51,"10°46'32.41""N, 106°40'15.31""E",FIX,
15:01:22.835,1786176082.836,PATH_FOLLOWING,7.717,-1.067,2.351,29.50,0.249,-0.243,0.000,0.000,0.000,0.000,1.76,10.77567013,106.67091810,10.51,"10°46'32.41""N, 106°40'15.31""E",FIX,
15:01:22.905,1786176082.906,PATH_FOLLOWING,7.706,-1.056,2.335,24.12,0.249,-0.192,0.000,0.000,0.000,0.000,1.76,10.77567013,106.67091810,10.51,"10°46'32.41""N, 106°40'15.31""E",FIX,
15:01:22.983,1786176082.983,PATH_FOLLOWING,7.693,-1.041,2.318,18.02,0.250,-0.140,0.000,0.000,0.000,0.000,1.76,10.77567017,106.67091821,10.51,"10°46'32.41""N, 106°40'15.31""E",FIX,
15:01:23.057,1786176083.057,PATH_FOLLOWING,7.683,-1.030,2.309,14.41,0.250,-0.111,0.000,0.000,0.000,0.000,1.76,10.77567017,106.67091821,10.51,"10°46'32.41""N, 106°40'15.31""E",FIX,
15:01:23.140,1786176083.141,PATH_FOLLOWING,7.669,-1.015,2.299,10.63,0.250,-0.081,0.000,0.000,0.000,0.000,1.76,10.77567017,106.67091821,10.51,"10°46'32.41""N, 106°40'15.31""E",FIX,
15:01:23.216,1786176083.216,PATH_FOLLOWING,7.659,-1.004,2.294,8.45,0.250,-0.064,0.000,0.000,0.000,0.000,1.76,10.77567022,106.67091832,10.51,"10°46'32.41""N, 106°40'15.31""E",FIX,
15:01:23.270,1786176083.270,PATH_FOLLOWING,7.653,-0.997,2.291,7.24,0.250,-0.055,0.000,0.000,0.000,0.000,1.76,10.77567022,106.67091832,10.51,"10°46'32.41""N, 106°40'15.31""E",FIX,
15:01:23.340,1786176083.341,PATH_FOLLOWING,7.640,-0.982,2.286,5.34,0.250,-0.040,0.000,0.000,0.000,0.000,1.76,10.77567022,106.67091832,10.51,"10°46'32.41""N, 106°40'15.31""E",FIX,
15:01:23.420,1786176083.421,PATH_FOLLOWING,7.630,-0.970,2.283,4.24,0.250,-0.032,0.000,0.000,0.000,0.000,1.76,10.77567027,106.67091843,10.51,"10°46'32.41""N, 106°40'15.31""E",FIX,
15:01:23.497,1786176083.497,PATH_FOLLOWING,7.620,-0.959,2.281,3.36,0.250,-0.025,0.000,0.000,0.000,0.000,1.76,10.77567027,106.67091843,10.51,"10°46'32.41""N, 106°40'15.31""E",FIX,
15:01:23.567,1786176083.568,PATH_FOLLOWING,7.607,-0.944,2.279,2.44,0.250,-0.018,0.000,0.000,0.000,0.750,1.76,10.77567027,106.67091843,10.51,"10°46'32.41""N, 106°40'15.31""E",FIX,
15:01:23.635,1786176083.635,PATH_FOLLOWING,7.597,-0.932,2.278,1.91,0.250,-0.014,0.000,0.000,0.000,0.750,1.76,10.77567033,106.67091854,10.51,"10°46'32.41""N, 106°40'15.31""E",FIX,
15:01:23.732,1786176083.732,PATH_FOLLOWING,7.581,-0.913,2.276,1.30,0.250,-0.010,0.000,0.000,0.000,0.750,1.76,10.77567033,106.67091854,10.51,"10°46'32.41""N, 106°40'15.31""E",FIX,
15:01:23.795,1786176083.795,PATH_FOLLOWING,7.574,-0.906,2.276,1.11,0.250,-0.008,0.000,0.000,0.000,0.750,1.76,10.77567033,106.67091854,10.51,"10°46'32.41""N, 106°40'15.31""E",FIX,
15:01:23.861,1786176083.862,PATH_FOLLOWING,7.565,-0.894,2.275,-79.81,0.156,1.500,0.000,0.000,0.000,0.750,1.76,10.77567039,106.67091865,10.51,"10°46'32.41""N, 106°40'15.31""E",FIX,
15:01:23.942,1786176083.942,PATH_FOLLOWING,7.555,-0.883,2.353,-78.74,0.173,1.500,0.000,0.000,0.000,0.750,1.76,10.77567039,106.67091865,10.51,"10°46'32.41""N, 106°40'15.31""E",FIX,
15:01:24.002,1786176084.003,PATH_FOLLOWING,7.547,-0.876,2.443,-77.55,0.192,1.500,0.000,0.000,0.000,0.750,1.76,10.77567039,106.67091865,10.51,"10°46'32.41""N, 106°40'15.31""E",FIX,
15:01:24.098,1786176084.098,PATH_FOLLOWING,7.538,-0.869,2.533,-76.09,0.209,1.456,0.000,0.000,0.000,0.750,1.76,10.77567053,106.67091870,10.51,"10°46'32.41""N, 106°40'15.31""E",FIX,
15:01:24.154,1786176084.154,PATH_FOLLOWING,7.528,-0.863,2.622,-71.57,0.224,1.157,0.000,0.000,0.000,0.750,1.76,10.77567053,106.67091870,10.51,"10°46'32.41""N, 106°40'15.31""E",FIX,
15:01:24.231,1786176084.231,PATH_FOLLOWING,7.513,-0.855,2.723,-63.46,0.237,0.817,0.000,0.000,0.000,0.771,1.76,10.77567053,106.67091870,10.51,"10°46'32.41""N, 106°40'15.31""E",FIX,
15:01:24.304,1786176084.304,PATH_FOLLOWING,7.500,-0.850,2.780,-56.26,0.242,0.625,0.000,0.000,0.000,0.792,1.76,10.77567063,106.67091875,10.51,"10°46'32.41""N, 106°40'15.31""E",FIX,
15:01:24.383,1786176084.383,PATH_FOLLOWING,7.482,-0.844,2.835,-46.17,0.246,0.442,0.000,0.000,0.000,0.792,1.76,10.77567063,106.67091875,10.51,"10°46'32.41""N, 106°40'15.31""E",FIX,
15:01:24.443,1786176084.443,PATH_FOLLOWING,7.468,-0.840,2.866,-38.52,0.248,0.340,0.000,0.000,0.000,0.792,1.76,10.77567063,106.67091875,10.51,"10°46'32.41""N, 106°40'15.31""E",FIX,
15:01:24.512,1786176084.512,PATH_FOLLOWING,7.453,-0.836,2.888,-31.73,0.249,0.265,0.000,0.000,0.000,0.812,1.76,10.77567076,106.67091885,10.51,"10°46'32.41""N, 106°40'15.31""E",FIX,
15:01:24.591,1786176084.592,PATH_FOLLOWING,7.439,-0.832,2.905,-25.87,0.249,0.208,0.000,0.000,0.000,0.812,1.76,10.77567076,106.67091885,10.51,"10°46'32.41""N, 106°40'15.31""E",FIX,
15:01:24.657,1786176084.657,PATH_FOLLOWING,7.424,-0.829,2.919,-20.53,0.249,0.161,0.000,0.000,0.000,0.812,1.76,10.77567076,106.67091885,10.51,"10°46'32.41""N, 106°40'15.31""E",FIX,
15:01:24.737,1786176084.738,PATH_FOLLOWING,7.405,-0.824,2.934,-14.79,0.250,0.114,0.000,0.000,0.000,0.812,1.76,10.77567088,106.67091898,10.51,"10°46'32.42""N, 106°40'15.31""E",FIX,
15:01:24.828,1786176084.829,PATH_FOLLOWING,7.385,-0.820,2.943,-10.65,0.250,0.081,0.000,0.000,0.000,0.833,1.76,10.77567088,106.67091898,10.51,"10°46'32.42""N, 106°40'15.31""E",FIX,
15:01:24.895,1786176084.896,PATH_FOLLOWING,7.371,-0.817,2.949,-8.25,0.250,0.062,0.000,0.000,0.000,0.875,1.76,10.77567088,106.67091898,10.51,"10°46'32.42""N, 106°40'15.31""E",FIX,
15:01:24.962,1786176084.963,PATH_FOLLOWING,7.356,-0.815,2.953,-6.41,0.250,0.048,0.000,0.000,0.000,0.917,1.76,10.77567074,106.67091912,10.51,"10°46'32.41""N, 106°40'15.31""E",FIX,
15:01:25.037,1786176085.038,PATH_FOLLOWING,7.341,-0.812,2.957,-5.00,0.250,0.038,0.000,0.000,0.000,0.979,1.76,10.77567074,106.67091912,10.51,"10°46'32.41""N, 106°40'15.31""E",FIX,
15:01:25.099,1786176085.100,PATH_FOLLOWING,7.326,-0.809,2.959,-3.85,0.250,0.029,0.000,0.000,0.000,1.000,1.76,10.77567074,106.67091912,10.51,"10°46'32.41""N, 106°40'15.31""E",FIX,
15:01:25.173,1786176085.174,PATH_FOLLOWING,7.312,-0.806,2.961,-2.96,0.250,0.022,0.000,0.000,0.000,1.000,1.76,10.77567074,106.67091912,10.51,"10°46'32.41""N, 106°40'15.31""E",FIX,
15:01:25.255,1786176085.255,PATH_FOLLOWING,7.292,-0.803,2.963,-2.07,0.250,0.016,0.000,0.000,0.000,1.000,1.76,10.77567056,106.67091925,10.51,"10°46'32.41""N, 106°40'15.31""E",FIX,
15:01:25.330,1786176085.331,PATH_FOLLOWING,7.272,-0.799,2.965,-1.43,0.250,0.011,0.000,0.000,0.000,1.000,1.76,10.77567056,106.67091925,10.51,"10°46'32.41""N, 106°40'15.31""E",FIX,
15:01:25.407,1786176085.408,PATH_FOLLOWING,7.257,-0.797,2.965,-1.10,0.250,0.008,0.000,0.000,0.000,1.000,1.76,10.77567037,106.67091938,10.51,"10°46'32.41""N, 106°40'15.31""E",FIX,
15:01:25.469,1786176085.469,PATH_FOLLOWING,7.243,-0.794,2.966,-0.85,0.250,0.006,0.000,0.000,0.000,1.000,1.76,10.77567037,106.67091938,10.51,"10°46'32.41""N, 106°40'15.31""E",FIX,
15:01:25.530,1786176085.530,PATH_FOLLOWING,7.228,-0.791,2.966,-0.65,0.250,0.005,0.000,0.000,0.000,1.000,1.76,10.77567037,106.67091938,10.51,"10°46'32.41""N, 106°40'15.31""E",FIX,
15:01:25.611,1786176085.612,PATH_FOLLOWING,7.208,-0.788,2.967,-0.46,0.250,0.003,0.000,0.000,0.000,1.000,1.76,10.77567019,106.67091951,10.51,"10°46'32.41""N, 106°40'15.31""E",FIX,
15:01:25.675,1786176085.676,PATH_FOLLOWING,7.198,-0.786,2.967,-0.39,0.250,0.003,0.000,0.000,0.000,1.000,1.76,10.77567019,106.67091951,10.51,"10°46'32.41""N, 106°40'15.31""E",FIX,
15:01:25.750,1786176085.751,PATH_FOLLOWING,7.179,-0.783,2.967,-0.28,0.250,0.002,0.000,0.000,0.000,1.000,1.76,10.77567019,106.67091951,10.51,"10°46'32.41""N, 106°40'15.31""E",FIX,
15:01:25.824,1786176085.824,PATH_FOLLOWING,7.164,-0.780,2.967,-0.21,0.250,0.002,0.000,0.000,0.000,1.000,1.76,10.77567019,106.67091951,10.51,"10°46'32.41""N, 106°40'15.31""E",FIX,
15:01:25.897,1786176085.897,PATH_FOLLOWING,7.144,-0.777,2.968,-0.15,0.250,0.001,0.000,0.000,0.000,1.000,1.76,10.77567000,106.67091965,10.51,"10°46'32.41""N, 106°40'15.31""E",FIX,
15:01:25.964,1786176085.964,PATH_FOLLOWING,7.129,-0.774,2.968,-0.11,0.250,0.001,0.000,0.000,0.000,1.000,1.76,10.77567000,106.67091965,10.51,"10°46'32.41""N, 106°40'15.31""E",FIX,
15:01:26.048,1786176086.049,PATH_FOLLOWING,7.110,-0.771,2.968,-0.08,0.250,0.001,0.000,0.000,0.000,1.000,1.76,10.77566982,106.67091978,10.51,"10°46'32.41""N, 106°40'15.31""E",FIX,
15:01:26.106,1786176086.107,PATH_FOLLOWING,7.100,-0.769,2.968,-0.07,0.250,0.001,0.000,0.000,0.000,1.000,1.76,10.77566982,106.67091978,10.51,"10°46'32.41""N, 106°40'15.31""E",FIX,
15:01:26.184,1786176086.184,PATH_FOLLOWING,7.080,-0.765,2.968,-0.05,0.250,0.000,0.000,0.000,0.000,1.000,1.76,10.77566982,106.67091978,10.51,"10°46'32.41""N, 106°40'15.31""E",FIX,
15:01:26.256,1786176086.257,PATH_FOLLOWING,7.065,-0.763,2.968,-0.04,0.250,0.000,0.000,0.000,0.000,1.000,1.76,10.77566982,106.67091978,10.51,"10°46'32.41""N, 106°40'15.31""E",FIX,
15:01:26.324,1786176086.325,PATH_FOLLOWING,7.046,-0.759,2.968,-0.03,0.250,0.000,0.000,0.000,0.000,1.000,1.76,10.77566964,106.67091991,10.51,"10°46'32.41""N, 106°40'15.31""E",FIX,
15:01:26.395,1786176086.395,PATH_FOLLOWING,7.031,-0.757,2.968,-0.02,0.250,0.000,0.000,0.000,0.000,1.000,1.76,10.77566964,106.67091991,10.51,"10°46'32.41""N, 106°40'15.31""E",FIX,
15:01:26.461,1786176086.462,PATH_FOLLOWING,7.016,-0.754,2.968,-0.02,0.250,0.000,0.000,0.000,0.000,0.000,1.76,10.77566964,106.67091991,10.51,"10°46'32.41""N, 106°40'15.31""E",FIX,
15:01:26.536,1786176086.537,PATH_FOLLOWING,7.001,-0.752,2.968,-0.01,0.250,0.000,0.000,0.000,0.000,0.000,1.76,10.77566945,106.67092004,10.51,"10°46'32.41""N, 106°40'15.31""E",FIX,
15:01:26.605,1786176086.605,PATH_FOLLOWING,6.987,-0.749,2.968,-0.01,0.250,0.000,0.000,0.000,0.000,0.000,1.76,10.77566945,106.67092004,10.51,"10°46'32.41""N, 106°40'15.31""E",FIX,
15:01:26.684,1786176086.685,PATH_FOLLOWING,6.967,-0.746,2.968,-0.01,0.250,0.000,0.000,0.000,0.000,0.000,1.76,10.77566945,106.67092004,10.51,"10°46'32.41""N, 106°40'15.31""E",FIX,
15:01:26.752,1786176086.753,PATH_FOLLOWING,6.947,-0.742,2.968,-0.00,0.250,0.000,0.000,0.000,0.000,0.000,1.76,10.77566942,106.67092013,10.51,"10°46'32.41""N, 106°40'15.31""E",FIX,
15:01:26.815,1786176086.816,PATH_FOLLOWING,6.937,-0.740,2.968,-0.00,0.250,0.000,0.000,0.000,0.000,0.000,1.76,10.77566942,106.67092013,10.51,"10°46'32.41""N, 106°40'15.31""E",FIX,
15:01:26.893,1786176086.893,PATH_FOLLOWING,6.918,-0.737,2.968,-0.00,0.250,0.000,0.000,0.000,0.000,0.000,1.76,10.77566942,106.67092013,10.51,"10°46'32.41""N, 106°40'15.31""E",FIX,
15:01:26.965,1786176086.965,PATH_FOLLOWING,6.903,-0.734,2.968,-0.00,0.250,0.000,0.000,0.000,0.000,0.000,1.76,10.77566947,106.67092019,10.51,"10°46'32.41""N, 106°40'15.31""E",FIX,
15:01:27.045,1786176087.046,PATH_FOLLOWING,6.883,-0.731,2.968,-0.00,0.250,0.000,0.000,0.000,0.000,0.000,1.76,10.77566947,106.67092019,10.51,"10°46'32.41""N, 106°40'15.31""E",FIX,
15:01:27.106,1786176087.106,PATH_FOLLOWING,6.868,-0.728,2.968,-0.00,0.250,0.000,0.000,0.000,0.000,0.000,1.76,10.77566947,106.67092019,10.51,"10°46'32.41""N, 106°40'15.31""E",FIX,
15:01:27.185,1786176087.186,PATH_FOLLOWING,6.849,-0.725,2.968,-0.00,0.250,0.000,0.000,0.000,0.000,0.000,1.76,10.77566951,106.67092024,10.51,"10°46'32.41""N, 106°40'15.31""E",FIX,
15:01:27.255,1786176087.255,PATH_FOLLOWING,6.834,-0.722,2.968,-0.00,0.250,0.000,0.000,0.000,0.000,0.000,1.76,10.77566951,106.67092024,10.51,"10°46'32.41""N, 106°40'15.31""E",FIX,
15:01:27.327,1786176087.327,PATH_FOLLOWING,6.819,-0.720,2.968,-0.00,0.250,0.000,0.000,0.000,0.000,0.000,1.76,10.77566951,106.67092024,10.51,"10°46'32.41""N, 106°40'15.31""E",FIX,
15:01:27.402,1786176087.403,PATH_FOLLOWING,6.804,-0.717,2.968,-0.00,0.250,0.000,0.000,0.000,0.000,0.000,1.76,10.77566954,106.67092030,10.51,"10°46'32.41""N, 106°40'15.31""E",FIX,
15:01:27.468,1786176087.468,PATH_FOLLOWING,6.790,-0.714,2.968,-0.00,0.250,0.000,0.000,0.000,0.000,0.000,1.76,10.77566954,106.67092030,10.51,"10°46'32.41""N, 106°40'15.31""E",FIX,
15:01:27.556,1786176087.557,PATH_FOLLOWING,6.770,-0.711,2.968,-0.00,0.250,0.000,0.000,0.000,0.000,0.000,1.76,10.77566954,106.67092030,10.51,"10°46'32.41""N, 106°40'15.31""E",FIX,
15:01:27.612,1786176087.612,PATH_FOLLOWING,6.755,-0.708,2.968,-0.00,0.250,0.000,0.000,0.000,0.000,0.000,1.76,10.77566958,106.67092035,10.51,"10°46'32.41""N, 106°40'15.31""E",FIX,
15:01:27.674,1786176087.675,PATH_FOLLOWING,6.740,-0.706,2.968,-0.00,0.250,0.000,0.000,0.000,0.000,0.000,1.76,10.77566958,106.67092035,10.51,"10°46'32.41""N, 106°40'15.31""E",FIX,
15:01:27.761,1786176087.761,PATH_FOLLOWING,6.721,-0.702,2.968,-0.00,0.250,0.000,0.000,0.000,0.000,0.000,1.76,10.77566958,106.67092035,10.51,"10°46'32.41""N, 106°40'15.31""E",FIX,
15:01:27.835,1786176087.835,PATH_FOLLOWING,6.706,-0.700,2.968,-0.00,0.250,0.000,0.000,0.000,0.000,0.000,1.76,10.77566961,106.67092041,10.51,"10°46'32.41""N, 106°40'15.31""E",FIX,
15:01:27.898,1786176087.899,PATH_FOLLOWING,6.691,-0.697,2.968,-79.73,0.158,1.500,0.000,0.000,0.000,0.000,1.76,10.77566961,106.67092041,10.51,"10°46'32.41""N, 106°40'15.31""E",FIX,
15:01:27.958,1786176087.959,PATH_FOLLOWING,6.679,-0.695,3.011,-79.19,0.166,1.500,0.000,0.000,0.000,0.000,1.76,10.77566961,106.67092041,10.51,"10°46'32.41""N, 106°40'15.31""E",FIX,
15:01:28.041,1786176088.041,PATH_FOLLOWING,6.666,-0.694,3.131,-77.59,0.191,1.500,0.000,0.000,0.000,0.000,1.76,10.77566963,106.67092045,10.51,"10°46'32.41""N, 106°40'15.31""E",FIX,
15:01:28.115,1786176088.115,PATH_FOLLOWING,6.655,-0.695,-3.062,-76.29,0.208,1.472,0.000,0.000,0.000,0.000,1.76,10.77566963,106.67092045,10.51,"10°46'32.41""N, 106°40'15.31""E",FIX,
15:01:28.193,1786176088.194,PATH_FOLLOWING,6.639,-0.697,-2.943,-70.06,0.227,1.079,0.000,0.000,0.000,0.000,1.76,10.77566963,106.67092045,10.51,"10°46'32.41""N, 106°40'15.31""E",FIX,
15:01:28.248,1786176088.249,PATH_FOLLOWING,6.631,-0.699,-2.890,-65.90,0.234,0.901,0.000,0.000,0.000,0.000,1.76,10.77566968,106.67092053,10.51,"10°46'32.41""N, 106°40'15.31""E",FIX,
15:01:28.322,1786176088.322,PATH_FOLLOWING,6.613,-0.704,-2.811,-57.05,0.242,0.643,0.000,0.000,0.000,0.000,1.76,10.77566968,106.67092053,10.51,"10°46'32.41""N, 106°40'15.31""E",FIX,
15:01:28.380,1786176088.381,PATH_FOLLOWING,6.600,-0.709,-2.768,-49.81,0.245,0.500,0.000,0.000,0.000,0.000,1.76,10.77566968,106.67092053,10.51,"10°46'32.41""N, 106°40'15.31""E",FIX,
15:01:28.451,1786176088.452,PATH_FOLLOWING,6.586,-0.715,-2.736,-42.91,0.247,0.396,0.000,0.000,0.000,0.000,1.76,10.77566958,106.67092065,10.51,"10°46'32.41""N, 106°40'15.31""E",FIX,
15:01:28.531,1786176088.531,PATH_FOLLOWING,6.568,-0.723,-2.702,-33.65,0.248,0.285,0.000,0.000,0.000,0.000,1.76,10.77566958,106.67092065,10.51,"10°46'32.41""N, 106°40'15.31""E",FIX,
15:01:28.600,1786176088.601,PATH_FOLLOWING,6.555,-0.729,-2.684,-27.75,0.249,0.226,0.000,0.000,0.000,0.000,1.76,10.77566958,106.67092065,10.51,"10°46'32.41""N, 106°40'15.31""E",FIX,
15:01:28.688,1786176088.688,PATH_FOLLOWING,6.537,-0.738,-2.665,-20.96,0.249,0.165,0.000,0.000,0.000,0.000,1.76,10.77566955,106.67092076,10.51,"10°46'32.41""N, 106°40'15.31""E",FIX,
15:01:28.759,1786176088.760,PATH_FOLLOWING,6.524,-0.745,-2.654,-16.85,0.250,0.130,0.000,0.000,0.000,0.000,1.76,10.77566955,106.67092076,10.51,"10°46'32.41""N, 106°40'15.31""E",FIX,
15:01:28.829,1786176088.830,PATH_FOLLOWING,6.511,-0.752,-2.646,-13.47,0.250,0.103,0.000,0.000,0.000,0.000,1.76,10.77566955,106.67092076,10.51,"10°46'32.41""N, 106°40'15.31""E",FIX,
15:01:28.902,1786176088.902,PATH_FOLLOWING,6.497,-0.759,-2.639,-10.68,0.250,0.081,0.000,0.000,0.000,0.000,1.76,10.77566965,106.67092090,10.51,"10°46'32.41""N, 106°40'15.32""E",FIX,
15:01:28.971,1786176088.972,PATH_FOLLOWING,6.480,-0.769,-2.632,-7.70,0.250,0.058,0.000,0.000,0.000,0.000,1.76,10.77566965,106.67092090,10.51,"10°46'32.41""N, 106°40'15.32""E",FIX,
15:01:29.048,1786176089.048,PATH_FOLLOWING,6.467,-0.776,-2.628,-6.10,0.250,0.046,0.000,0.000,0.000,0.000,1.76,10.77566965,106.67092090,10.51,"10°46'32.41""N, 106°40'15.32""E",FIX,
15:01:29.122,1786176089.122,PATH_FOLLOWING,6.449,-0.786,-2.624,-4.42,0.250,0.033,0.000,0.000,0.000,0.000,1.76,10.77566975,106.67092103,10.51,"10°46'32.41""N, 106°40'15.32""E",FIX,
15:01:29.190,1786176089.190,PATH_FOLLOWING,6.436,-0.794,-2.622,-3.51,0.250,0.026,0.000,0.000,0.000,0.000,1.76,10.77566975,106.67092103,10.51,"10°46'32.41""N, 106°40'15.32""E",FIX,
15:01:29.257,1786176089.257,PATH_FOLLOWING,6.423,-0.801,-2.621,-2.80,0.250,0.021,0.000,0.000,0.000,0.000,1.76,10.77566975,106.67092103,10.51,"10°46'32.41""N, 106°40'15.32""E",FIX,
15:01:29.319,1786176089.320,PATH_FOLLOWING,6.410,-0.809,-2.619,-2.23,0.250,0.017,0.000,0.000,0.000,0.000,1.76,10.77566985,106.67092116,10.51,"10°46'32.41""N, 106°40'15.32""E",FIX,
15:01:29.384,1786176089.385,PATH_FOLLOWING,6.397,-0.816,-2.618,-1.78,0.250,0.013,0.000,0.000,0.000,0.000,1.76,10.77566985,106.67092116,10.51,"10°46'32.41""N, 106°40'15.32""E",FIX,
15:01:29.472,1786176089.472,PATH_FOLLOWING,6.380,-0.826,-2.617,-1.31,0.250,0.010,0.000,0.000,0.000,0.000,1.76,10.77566985,106.67092116,10.51,"10°46'32.41""N, 106°40'15.32""E",FIX,
15:01:29.536,1786176089.536,PATH_FOLLOWING,6.367,-0.834,-2.616,-1.03,0.250,0.008,0.000,0.000,0.000,0.000,1.76,10.77566995,106.67092130,10.51,"10°46'32.41""N, 106°40'15.32""E",FIX,
15:01:29.606,1786176089.606,PATH_FOLLOWING,6.354,-0.841,-2.616,-0.82,0.250,0.006,0.000,0.000,0.000,0.000,1.76,10.77566995,106.67092130,10.51,"10°46'32.41""N, 106°40'15.32""E",FIX,
15:01:29.687,1786176089.688,PATH_FOLLOWING,6.337,-0.851,-2.615,-0.59,0.250,0.004,0.000,0.000,0.000,0.000,1.76,10.77566995,106.67092130,10.51,"10°46'32.41""N, 106°40'15.32""E",FIX,
15:01:29.743,1786176089.744,PATH_FOLLOWING,6.328,-0.856,-2.615,-0.51,0.250,0.004,0.000,0.000,0.000,0.000,1.76,10.77567005,106.67092143,10.51,"10°46'32.41""N, 106°40'15.32""E",FIX,
15:01:29.824,1786176089.824,PATH_FOLLOWING,6.311,-0.866,-2.615,-0.37,0.250,0.003,0.000,0.000,0.000,0.000,1.76,10.77567005,106.67092143,10.51,"10°46'32.41""N, 106°40'15.32""E",FIX,
15:01:29.888,1786176089.889,PATH_FOLLOWING,6.298,-0.874,-2.615,-0.29,0.250,0.002,0.000,0.000,0.000,0.000,1.76,10.77567005,106.67092143,10.51,"10°46'32.41""N, 106°40'15.32""E",FIX,
15:01:29.959,1786176089.959,PATH_FOLLOWING,6.285,-0.881,-2.614,-0.24,0.250,0.002,0.000,0.000,0.000,0.000,1.76,10.77567015,106.67092157,10.51,"10°46'32.41""N, 106°40'15.32""E",FIX,
15:01:30.041,1786176090.042,PATH_FOLLOWING,6.268,-0.891,-2.614,-0.17,0.250,0.001,0.000,0.000,0.000,0.000,1.76,10.77567015,106.67092157,10.51,"10°46'32.41""N, 106°40'15.32""E",FIX,
15:01:30.103,1786176090.103,PATH_FOLLOWING,6.255,-0.899,-2.614,-0.13,0.250,0.001,0.000,0.000,0.000,0.000,1.76,10.77567015,106.67092157,10.51,"10°46'32.41""N, 106°40'15.32""E",FIX,
15:01:30.177,1786176090.178,PATH_FOLLOWING,6.242,-0.907,-2.614,-0.11,0.250,0.001,0.000,0.000,0.000,0.000,1.76,10.77567024,106.67092171,10.51,"10°46'32.41""N, 106°40'15.32""E",FIX,
15:01:30.254,1786176090.254,PATH_FOLLOWING,6.224,-0.917,-2.614,-0.08,0.250,0.001,0.000,0.000,0.000,0.000,1.76,10.77567024,106.67092171,10.51,"10°46'32.41""N, 106°40'15.32""E",FIX,
15:01:30.334,1786176090.335,PATH_FOLLOWING,6.207,-0.927,-2.614,-0.06,0.250,0.000,0.000,0.000,0.000,0.000,1.76,10.77567024,106.67092171,10.51,"10°46'32.41""N, 106°40'15.32""E",FIX,
15:01:30.410,1786176090.411,PATH_FOLLOWING,6.194,-0.934,-2.614,-0.05,0.250,0.000,0.000,0.000,0.000,0.000,1.76,10.77567034,106.67092184,10.51,"10°46'32.41""N, 106°40'15.32""E",FIX,
15:01:30.484,1786176090.484,PATH_FOLLOWING,6.181,-0.942,-2.614,-0.04,0.250,0.000,0.000,0.000,0.000,0.000,1.76,10.77567034,106.67092184,10.51,"10°46'32.41""N, 106°40'15.32""E",FIX,
15:01:30.576,1786176090.576,PATH_FOLLOWING,6.164,-0.952,-2.614,-0.03,0.250,0.000,0.000,0.000,0.000,0.000,1.76,10.77567034,106.67092184,10.51,"10°46'32.41""N, 106°40'15.32""E",FIX,
15:01:30.653,1786176090.654,PATH_FOLLOWING,6.151,-0.959,-2.614,-0.02,0.250,0.000,0.000,0.000,0.000,0.000,1.76,10.77567044,106.67092198,10.51,"10°46'32.41""N, 106°40'15.32""E",FIX,
15:01:30.728,1786176090.728,PATH_FOLLOWING,6.142,-0.964,-2.614,76.67,0.206,-1.500,0.000,0.000,0.000,0.000,1.76,10.77567044,106.67092198,10.51,"10°46'32.41""N, 106°40'15.32""E",FIX,
15:01:30.794,1786176090.795,PATH_FOLLOWING,6.127,-0.973,-2.680,73.87,0.217,-1.295,0.000,0.000,0.000,0.000,1.76,10.77567044,106.67092198,10.51,"10°46'32.41""N, 106°40'15.32""E",FIX,
15:01:30.877,1786176090.877,PATH_FOLLOWING,6.111,-0.980,-2.786,66.74,0.233,-0.933,0.000,0.000,0.000,0.000,1.76,10.77567048,106.67092210,10.51,"10°46'32.41""N, 106°40'15.32""E",FIX,
15:01:30.944,1786176090.945,PATH_FOLLOWING,6.098,-0.985,-2.846,60.56,0.239,-0.731,0.000,0.000,0.000,0.000,1.76,10.77567048,106.67092210,10.51,"10°46'32.41""N, 106°40'15.32""E",FIX,
15:01:31.005,1786176091.005,PATH_FOLLOWING,6.084,-0.988,-2.893,53.74,0.243,-0.572,0.000,0.000,0.000,0.000,1.76,10.77567048,106.67092210,10.51,"10°46'32.41""N, 106°40'15.32""E",FIX,
15:01:31.082,1786176091.082,PATH_FOLLOWING,6.070,-0.992,-2.929,46.71,0.246,-0.450,0.000,0.000,0.000,0.000,1.76,10.77567041,106.67092222,10.51,"10°46'32.41""N, 106°40'15.32""E",FIX,
15:01:31.167,1786176091.167,PATH_FOLLOWING,6.051,-0.995,-2.966,37.22,0.248,-0.325,0.000,0.000,0.000,0.000,1.76,10.77567041,106.67092222,10.51,"10°46'32.41""N, 106°40'15.32""E",FIX,
15:01:31.240,1786176091.241,PATH_FOLLOWING,6.036,-0.998,-2.987,30.61,0.249,-0.254,0.000,0.000,0.000,0.000,1.76,10.77567041,106.67092222,10.51,"10°46'32.41""N, 106°40'15.32""E",FIX,
15:01:31.306,1786176091.307,PATH_FOLLOWING,6.021,-1.000,-3.004,24.67,0.249,-0.197,0.000,0.000,0.000,0.000,1.76,10.77567044,106.67092233,10.51,"10°46'32.41""N, 106°40'15.32""E",FIX,
15:01:31.389,1786176091.390,PATH_FOLLOWING,6.001,-1.003,-3.020,18.28,0.250,-0.142,0.000,0.000,0.000,0.000,1.76,10.77567044,106.67092233,10.51,"10°46'32.41""N, 106°40'15.32""E",FIX,
15:01:31.453,1786176091.453,PATH_FOLLOWING,5.991,-1.004,-3.026,15.71,0.250,-0.121,0.000,0.000,0.000,0.000,1.76,10.77567044,106.67092233,10.51,"10°46'32.41""N, 106°40'15.32""E",FIX,
15:01:31.527,1786176091.528,PATH_FOLLOWING,5.972,-1.006,-3.037,11.35,0.250,-0.086,0.000,0.000,0.000,0.000,1.76,10.77567049,106.67092245,10.51,"10°46'32.41""N, 106°40'15.32""E",FIX,
15:01:31.614,1786176091.615,PATH_FOLLOWING,5.952,-1.008,-3.044,8.17,0.250,-0.062,0.000,0.000,0.000,0.000,1.76,10.77567049,106.67092245,10.51,"10°46'32.41""N, 106°40'15.32""E",FIX,
15:01:31.671,1786176091.671,PATH_FOLLOWING,5.942,-1.009,-3.047,6.93,0.250,-0.052,0.000,0.000,0.000,0.000,1.76,10.77567049,106.67092245,10.51,"10°46'32.41""N, 106°40'15.32""E",FIX,
15:01:31.752,1786176091.752,PATH_FOLLOWING,5.922,-1.011,-3.051,4.97,0.250,-0.038,0.000,0.000,0.000,0.000,1.76,10.77567054,106.67092256,10.51,"10°46'32.41""N, 106°40'15.32""E",FIX,
15:01:31.831,1786176091.832,PATH_FOLLOWING,5.902,-1.013,-3.054,3.49,0.250,-0.026,0.000,0.000,0.000,0.000,1.76,10.77567054,106.67092256,10.51,"10°46'32.41""N, 106°40'15.32""E",FIX,
15:01:31.901,1786176091.901,PATH_FOLLOWING,5.892,-1.013,-3.056,2.98,0.250,-0.022,0.000,0.000,0.000,0.000,1.76,10.77567054,106.67092256,10.51,"10°46'32.41""N, 106°40'15.32""E",FIX,
15:01:31.979,1786176091.980,PATH_FOLLOWING,5.872,-1.015,-3.057,2.13,0.250,-0.016,0.000,0.000,0.000,0.000,1.76,10.77567061,106.67092268,10.51,"10°46'32.41""N, 106°40'15.32""E",FIX,
15:01:32.049,1786176092.049,PATH_FOLLOWING,5.852,-1.017,-3.059,1.50,0.250,-0.011,0.000,0.000,0.000,0.000,1.76,10.77567061,106.67092268,10.51,"10°46'32.41""N, 106°40'15.32""E",FIX,
15:01:32.112,1786176092.112,PATH_FOLLOWING,5.842,-1.018,-3.059,1.28,0.250,-0.010,0.000,0.000,0.000,0.000,1.76,10.77567061,106.67092268,10.51,"10°46'32.41""N, 106°40'15.32""E",FIX,
15:01:32.192,1786176092.193,PATH_FOLLOWING,5.822,-1.019,-3.060,0.92,0.250,-0.007,0.000,0.000,0.000,0.000,1.76,10.77567067,106.67092279,10.51,"10°46'32.41""N, 106°40'15.32""E",FIX,
15:01:32.259,1786176092.260,PATH_FOLLOWING,5.807,-1.020,-3.061,0.71,0.250,-0.005,0.000,0.000,0.000,0.000,1.76,10.77567067,106.67092279,10.51,"10°46'32.41""N, 106°40'15.32""E",FIX,
15:01:32.338,1786176092.338,PATH_FOLLOWING,5.787,-1.022,-3.061,0.50,0.250,-0.004,0.000,0.000,0.000,0.000,1.76,10.77567067,106.67092279,10.51,"10°46'32.41""N, 106°40'15.32""E",FIX,
15:01:32.398,1786176092.398,PATH_FOLLOWING,5.777,-1.023,-3.061,0.43,0.250,-0.003,0.000,0.000,0.000,0.000,1.76,10.77567067,106.67092279,10.51,"10°46'32.41""N, 106°40'15.32""E",FIX,
15:01:32.469,1786176092.470,PATH_FOLLOWING,5.757,-1.025,-3.062,0.31,0.250,-0.002,0.000,0.000,0.000,0.000,1.76,10.77567073,106.67092291,10.51,"10°46'32.41""N, 106°40'15.32""E",FIX,
15:01:32.534,1786176092.534,PATH_FOLLOWING,5.743,-1.026,-3.062,0.24,0.250,-0.002,0.000,0.000,0.000,0.000,1.76,10.77567073,106.67092291,10.51,"10°46'32.41""N, 106°40'15.32""E",FIX,
15:01:32.611,1786176092.611,PATH_FOLLOWING,5.728,-1.027,-3.062,0.19,0.250,-0.001,0.000,0.000,0.000,0.000,1.76,10.77567073,106.67092291,10.51,"10°46'32.41""N, 106°40'15.32""E",FIX,
15:01:32.685,1786176092.685,PATH_FOLLOWING,5.708,-1.028,-3.062,0.13,0.250,-0.001,0.000,0.000,0.000,0.000,1.76,10.77567080,106.67092302,10.51,"10°46'32.41""N, 106°40'15.32""E",FIX,
15:01:32.761,1786176092.762,PATH_FOLLOWING,5.693,-1.030,-3.062,0.10,0.250,-0.001,0.000,0.000,0.000,0.000,1.76,10.77567080,106.67092302,10.51,"10°46'32.41""N, 106°40'15.32""E",FIX,
15:01:32.825,1786176092.826,PATH_FOLLOWING,5.678,-1.031,-3.062,0.08,0.250,-0.001,0.000,0.000,0.000,0.000,1.76,10.77567080,106.67092302,10.51,"10°46'32.41""N, 106°40'15.32""E",FIX,
15:01:32.914,1786176092.914,PATH_FOLLOWING,5.658,-1.032,-3.062,0.06,0.250,-0.000,0.000,0.000,0.000,0.000,1.76,10.77567084,106.67092313,10.51,"10°46'32.42""N, 106°40'15.32""E",FIX,
15:01:32.992,1786176092.992,PATH_FOLLOWING,5.638,-1.034,-3.062,0.04,0.250,-0.000,0.000,0.000,0.000,0.000,1.76,10.77567084,106.67092313,10.51,"10°46'32.42""N, 106°40'15.32""E",FIX,
15:01:33.057,1786176093.058,PATH_FOLLOWING,5.623,-1.035,-3.062,0.03,0.250,-0.000,0.000,0.000,0.000,0.000,1.76,10.77567068,106.67092325,10.51,"10°46'32.41""N, 106°40'15.32""E",FIX,
15:01:33.121,1786176093.122,PATH_FOLLOWING,5.608,-1.036,-3.062,0.02,0.250,-0.000,0.000,0.000,0.000,0.000,1.76,10.77567068,106.67092325,10.51,"10°46'32.41""N, 106°40'15.32""E",FIX,
15:01:33.186,1786176093.187,PATH_FOLLOWING,5.593,-1.038,-3.062,0.02,0.250,-0.000,0.000,0.000,0.000,0.000,1.76,10.77567068,106.67092325,10.51,"10°46'32.41""N, 106°40'15.32""E",FIX,
15:01:33.267,1786176093.267,PATH_FOLLOWING,5.573,-1.039,-3.062,0.01,0.250,-0.000,0.000,0.000,0.000,0.000,1.76,10.77567048,106.67092336,10.51,"10°46'32.41""N, 106°40'15.32""E",FIX,
15:01:33.338,1786176093.338,PATH_FOLLOWING,5.558,-1.040,-3.062,0.01,0.250,-0.000,0.000,0.000,0.000,0.000,1.76,10.77567048,106.67092336,10.51,"10°46'32.41""N, 106°40'15.32""E",FIX,
15:01:33.393,1786176093.393,PATH_FOLLOWING,5.548,-1.041,-3.062,0.01,0.250,-0.000,0.000,0.000,0.000,0.000,1.76,10.77567048,106.67092336,10.51,"10°46'32.41""N, 106°40'15.32""E",FIX,
15:01:33.479,1786176093.479,PATH_FOLLOWING,5.528,-1.043,-3.062,0.01,0.250,-0.000,0.000,0.000,0.000,0.000,1.76,10.77567048,106.67092336,10.51,"10°46'32.41""N, 106°40'15.32""E",FIX,
15:01:33.548,1786176093.548,PATH_FOLLOWING,5.508,-1.044,-3.062,0.00,0.250,-0.000,0.000,0.000,0.000,0.000,1.76,10.77567029,106.67092348,10.51,"10°46'32.41""N, 106°40'15.32""E",FIX,
15:01:33.619,1786176093.619,PATH_FOLLOWING,5.493,-1.046,-3.062,0.00,0.250,-0.000,0.000,0.000,0.000,0.000,1.76,10.77567029,106.67092348,10.51,"10°46'32.41""N, 106°40'15.32""E",FIX,
15:01:33.683,1786176093.683,PATH_FOLLOWING,5.478,-1.047,-3.062,0.00,0.250,-0.000,0.000,0.000,0.000,0.000,1.76,10.77567029,106.67092348,10.51,"10°46'32.41""N, 106°40'15.32""E",FIX,
15:01:33.763,1786176093.764,PATH_FOLLOWING,5.458,-1.048,-3.062,0.00,0.250,-0.000,0.000,0.000,0.000,0.000,1.76,10.77567009,106.67092359,10.51,"10°46'32.41""N, 106°40'15.32""E",FIX,
15:01:33.834,1786176093.834,PATH_FOLLOWING,5.443,-1.050,-3.062,0.00,0.250,-0.000,0.000,0.000,0.000,0.000,1.76,10.77567009,106.67092359,10.51,"10°46'32.41""N, 106°40'15.32""E",FIX,
15:01:33.900,1786176093.900,PATH_FOLLOWING,5.429,-1.051,-3.062,0.00,0.250,-0.000,0.000,0.000,0.000,0.000,1.76,10.77567009,106.67092359,10.51,"10°46'32.41""N, 106°40'15.32""E",FIX,
15:01:33.979,1786176093.980,PATH_FOLLOWING,5.414,-1.052,-3.062,0.00,0.250,-0.000,0.000,0.000,0.000,0.000,1.76,10.77566990,106.67092371,10.51,"10°46'32.41""N, 106°40'15.33""E",FIX,
15:01:34.057,1786176094.057,PATH_FOLLOWING,5.399,-1.053,-3.062,0.00,0.250,-0.000,0.000,0.000,0.000,0.000,1.76,10.77566990,106.67092371,10.51,"10°46'32.41""N, 106°40'15.33""E",FIX,
15:01:34.115,1786176094.115,PATH_FOLLOWING,5.384,-1.054,-3.062,0.00,0.250,-0.000,0.000,0.000,0.000,0.000,1.76,10.77566990,106.67092371,10.51,"10°46'32.41""N, 106°40'15.33""E",FIX,
15:01:34.195,1786176094.196,PATH_FOLLOWING,5.364,-1.056,-3.062,0.00,0.250,-0.000,0.000,0.000,0.000,0.000,1.76,10.77566970,106.67092382,10.51,"10°46'32.41""N, 106°40'15.33""E",FIX,
15:01:34.264,1786176094.265,PATH_FOLLOWING,5.349,-1.057,-3.062,0.00,0.250,-0.000,0.000,0.000,0.000,0.000,1.76,10.77566970,106.67092382,10.51,"10°46'32.41""N, 106°40'15.33""E",FIX,
15:01:34.346,1786176094.346,PATH_FOLLOWING,5.329,-1.059,-3.062,0.00,0.250,-0.000,0.000,0.000,0.000,0.000,1.76,10.77566970,106.67092382,10.51,"10°46'32.41""N, 106°40'15.33""E",FIX,
15:01:34.419,1786176094.419,PATH_FOLLOWING,5.314,-1.060,-3.062,0.00,0.250,-0.000,0.000,0.000,0.000,0.000,1.76,10.77566950,106.67092393,10.51,"10°46'32.41""N, 106°40'15.33""E",FIX,
15:01:34.484,1786176094.485,PATH_FOLLOWING,5.299,-1.061,-3.062,0.00,0.250,-0.000,0.000,0.000,0.000,0.000,1.76,10.77566950,106.67092393,10.51,"10°46'32.41""N, 106°40'15.33""E",FIX,
15:01:34.555,1786176094.555,PATH_FOLLOWING,5.284,-1.062,-3.062,0.00,0.250,-0.000,0.000,0.000,0.000,0.000,1.76,10.77566950,106.67092393,10.51,"10°46'32.41""N, 106°40'15.33""E",FIX,
15:01:34.632,1786176094.633,PATH_FOLLOWING,5.264,-1.064,-3.062,0.00,0.250,-0.000,0.000,0.000,0.000,0.000,1.76,10.77566931,106.67092405,10.51,"10°46'32.41""N, 106°40'15.33""E",FIX,
15:01:34.704,1786176094.704,PATH_FOLLOWING,5.249,-1.065,-3.062,0.00,0.250,-0.000,0.000,0.000,0.000,0.000,1.76,10.77566931,106.67092405,10.51,"10°46'32.41""N, 106°40'15.33""E",FIX,
15:01:34.793,1786176094.794,PATH_FOLLOWING,5.229,-1.067,-3.062,0.00,0.250,-0.000,0.000,0.000,0.000,0.000,1.76,10.77566931,106.67092405,10.51,"10°46'32.41""N, 106°40'15.33""E",FIX,
15:01:34.851,1786176094.852,PATH_FOLLOWING,5.219,-1.067,-3.062,0.00,0.250,-0.000,0.000,0.000,0.000,0.000,1.76,10.77566911,106.67092416,10.51,"10°46'32.41""N, 106°40'15.33""E",FIX,
15:01:34.924,1786176094.925,PATH_FOLLOWING,5.199,-1.069,-3.062,0.00,0.250,-0.000,0.000,0.000,0.000,0.000,1.76,10.77566911,106.67092416,10.51,"10°46'32.41""N, 106°40'15.33""E",FIX,
15:01:35.011,1786176095.012,PATH_FOLLOWING,5.179,-1.071,-3.062,0.00,0.250,-0.000,0.000,0.000,0.000,0.000,1.76,10.77566911,106.67092416,10.51,"10°46'32.41""N, 106°40'15.33""E",FIX,
15:01:35.083,1786176095.083,PATH_FOLLOWING,5.164,-1.072,-3.062,0.00,0.250,-0.000,0.000,0.000,0.000,0.000,1.76,10.77566892,106.67092428,10.51,"10°46'32.41""N, 106°40'15.33""E",FIX,
15:01:35.159,1786176095.160,PATH_FOLLOWING,5.149,-1.073,-3.062,0.00,0.250,-0.000,0.000,0.000,0.000,0.000,1.76,10.77566892,106.67092428,10.51,"10°46'32.41""N, 106°40'15.33""E",FIX,
15:01:35.236,1786176095.237,PATH_FOLLOWING,5.129,-1.075,-3.062,0.00,0.250,-0.000,0.000,0.000,0.000,0.000,1.76,10.77566892,106.67092428,10.51,"10°46'32.41""N, 106°40'15.33""E",FIX,
15:01:35.301,1786176095.302,PATH_FOLLOWING,5.115,-1.076,-3.062,0.00,0.250,-0.000,0.000,0.000,0.000,0.000,1.76,10.77566872,106.67092439,10.51,"10°46'32.41""N, 106°40'15.33""E",FIX,
15:01:35.371,1786176095.371,PATH_FOLLOWING,5.100,-1.077,-3.062,0.00,0.250,-0.000,0.000,0.000,0.000,0.000,1.76,10.77566872,106.67092439,10.51,"10°46'32.41""N, 106°40'15.33""E",FIX,
15:01:35.444,1786176095.445,PATH_FOLLOWING,5.080,-1.078,-3.062,0.00,0.250,-0.000,0.000,0.000,0.000,0.000,1.76,10.77566872,106.67092439,10.51,"10°46'32.41""N, 106°40'15.33""E",FIX,
15:01:35.515,1786176095.516,PATH_FOLLOWING,5.065,-1.080,-3.062,0.00,0.250,-0.000,0.000,0.000,0.000,0.000,1.76,10.77566853,106.67092450,10.51,"10°46'32.41""N, 106°40'15.33""E",FIX,
15:01:35.590,1786176095.590,PATH_FOLLOWING,5.050,-1.081,-3.062,0.00,0.250,-0.000,0.000,0.000,0.000,0.000,1.76,10.77566853,106.67092450,10.51,"10°46'32.41""N, 106°40'15.33""E",FIX,
15:01:35.659,1786176095.659,PATH_FOLLOWING,5.035,-1.082,-3.062,0.00,0.250,-0.000,0.000,0.000,0.000,0.000,1.76,10.77566853,106.67092450,10.51,"10°46'32.41""N, 106°40'15.33""E",FIX,
15:01:35.729,1786176095.730,PATH_FOLLOWING,5.015,-1.084,-3.062,0.00,0.250,-0.000,0.000,0.000,0.000,0.000,1.76,10.77566833,106.67092462,10.51,"10°46'32.41""N, 106°40'15.33""E",FIX,
15:01:35.790,1786176095.790,PATH_FOLLOWING,5.005,-1.084,-3.062,0.00,0.250,-0.000,0.000,0.000,0.000,0.000,1.76,10.77566833,106.67092462,10.51,"10°46'32.41""N, 106°40'15.33""E",FIX,
15:01:35.866,1786176095.867,PATH_FOLLOWING,4.985,-1.086,-3.062,0.00,0.250,-0.000,0.000,0.000,0.000,0.000,1.76,10.77566833,106.67092462,10.51,"10°46'32.41""N, 106°40'15.33""E",FIX,
15:01:35.937,1786176095.937,PATH_FOLLOWING,4.970,-1.087,-3.062,0.00,0.250,-0.000,0.000,0.000,0.000,0.000,1.76,10.77566813,106.67092473,10.51,"10°46'32.41""N, 106°40'15.33""E",FIX,
15:01:36.019,1786176096.019,PATH_FOLLOWING,4.950,-1.089,-3.062,0.00,0.250,-0.000,0.000,0.000,0.000,0.000,1.76,10.77566813,106.67092473,10.51,"10°46'32.41""N, 106°40'15.33""E",FIX,
15:01:36.083,1786176096.083,PATH_FOLLOWING,4.935,-1.090,-3.062,0.00,0.250,-0.000,0.000,0.000,0.000,0.000,1.76,10.77566813,106.67092473,10.51,"10°46'32.41""N, 106°40'15.33""E",FIX,
15:01:36.158,1786176096.158,PATH_FOLLOWING,4.920,-1.091,-3.062,0.00,0.250,-0.000,0.000,0.000,0.000,0.000,1.76,10.77566794,106.67092485,10.51,"10°46'32.40""N, 106°40'15.33""E",FIX,
15:01:36.233,1786176096.233,PATH_FOLLOWING,4.900,-1.093,-3.062,0.00,0.250,-0.000,0.000,0.000,0.000,0.000,1.76,10.77566794,106.67092485,10.51,"10°46'32.40""N, 106°40'15.33""E",FIX,
15:01:36.303,1786176096.304,PATH_FOLLOWING,4.885,-1.094,-3.062,0.00,0.250,-0.000,0.000,0.000,0.000,0.000,1.76,10.77566794,106.67092485,10.51,"10°46'32.40""N, 106°40'15.33""E",FIX,
15:01:36.364,1786176096.365,PATH_FOLLOWING,4.870,-1.095,-3.062,0.00,0.250,-0.000,0.000,0.000,0.000,0.000,1.76,10.77566774,106.67092496,10.51,"10°46'32.40""N, 106°40'15.33""E",FIX,
15:01:36.444,1786176096.445,PATH_FOLLOWING,4.850,-1.097,-3.062,0.00,0.250,-0.000,0.000,0.000,0.000,0.000,1.76,10.77566774,106.67092496,10.51,"10°46'32.40""N, 106°40'15.33""E",FIX,
15:01:36.506,1786176096.507,PATH_FOLLOWING,4.835,-1.098,-3.062,0.00,0.250,-0.000,0.000,0.000,0.000,0.000,1.76,10.77566774,106.67092496,10.51,"10°46'32.40""N, 106°40'15.33""E",FIX,
15:01:36.569,1786176096.570,PATH_FOLLOWING,4.820,-1.099,-3.062,0.00,0.250,-0.000,0.000,0.000,0.000,0.000,1.76,10.77566755,106.67092507,10.51,"10°46'32.40""N, 106°40'15.33""E",FIX,
15:01:36.654,1786176096.654,PATH_FOLLOWING,4.801,-1.101,-3.062,0.00,0.250,-0.000,0.000,0.000,0.000,0.000,1.76,10.77566755,106.67092507,10.51,"10°46'32.40""N, 106°40'15.33""E",FIX,
15:01:36.724,1786176096.725,PATH_FOLLOWING,4.786,-1.102,-3.062,0.00,0.250,-0.000,0.000,0.000,0.000,0.000,1.76,10.77566755,106.67092507,10.51,"10°46'32.40""N, 106°40'15.33""E",FIX,
15:01:36.791,1786176096.792,PATH_FOLLOWING,4.771,-1.103,-3.062,0.00,0.250,-0.000,0.000,0.000,0.000,0.000,1.76,10.77566735,106.67092519,10.51,"10°46'32.40""N, 106°40'15.33""E",FIX,
15:01:36.869,1786176096.869,PATH_FOLLOWING,4.751,-1.105,-3.062,0.00,0.250,-0.000,0.000,0.000,0.000,0.000,1.76,10.77566735,106.67092519,10.51,"10°46'32.40""N, 106°40'15.33""E",FIX,
15:01:36.937,1786176096.937,PATH_FOLLOWING,4.736,-1.106,-3.062,0.00,0.250,-0.000,0.000,0.000,0.000,0.000,1.76,10.77566735,106.67092519,10.51,"10°46'32.40""N, 106°40'15.33""E",FIX,
15:01:37.008,1786176097.008,PATH_FOLLOWING,4.721,-1.107,-3.062,0.00,0.250,-0.000,0.000,0.000,0.000,0.000,1.76,10.77566715,106.67092530,10.51,"10°46'32.40""N, 106°40'15.33""E",FIX,
15:01:37.076,1786176097.077,PATH_FOLLOWING,4.706,-1.108,-3.062,0.00,0.250,-0.000,0.000,0.000,0.000,0.000,1.76,10.77566715,106.67092530,10.51,"10°46'32.40""N, 106°40'15.33""E",FIX,
15:01:37.145,1786176097.145,PATH_FOLLOWING,4.691,-1.109,-3.062,0.00,0.250,-0.000,0.000,0.000,0.000,0.000,1.76,10.77566715,106.67092530,10.51,"10°46'32.40""N, 106°40'15.33""E",FIX,
15:01:37.228,1786176097.229,PATH_FOLLOWING,4.671,-1.111,-3.062,0.00,0.250,-0.000,0.000,0.000,0.000,0.000,1.76,10.77566696,106.67092542,10.51,"10°46'32.40""N, 106°40'15.33""E",FIX,
15:01:37.290,1786176097.290,PATH_FOLLOWING,4.656,-1.112,-3.062,0.00,0.250,-0.000,0.000,0.000,0.000,0.000,1.76,10.77566696,106.67092542,10.51,"10°46'32.40""N, 106°40'15.33""E",FIX,
15:01:37.380,1786176097.381,PATH_FOLLOWING,4.636,-1.114,-3.062,0.00,0.250,-0.000,0.000,0.000,0.000,0.000,1.76,10.77566696,106.67092542,10.51,"10°46'32.40""N, 106°40'15.33""E",FIX,
15:01:37.438,1786176097.438,PATH_FOLLOWING,4.621,-1.115,-3.062,0.00,0.250,-0.000,0.000,0.000,0.000,0.000,1.76,10.77566676,106.67092553,10.51,"10°46'32.40""N, 106°40'15.33""E",FIX,
15:01:37.492,1786176097.492,PATH_FOLLOWING,4.611,-1.116,-3.062,0.00,0.250,-0.000,0.000,0.000,0.000,0.000,1.76,10.77566676,106.67092553,10.51,"10°46'32.40""N, 106°40'15.33""E",FIX,
15:01:37.576,1786176097.576,PATH_FOLLOWING,4.591,-1.117,-3.062,0.00,0.250,-0.000,0.000,0.000,0.000,0.000,1.76,10.77566676,106.67092553,10.51,"10°46'32.40""N, 106°40'15.33""E",FIX,
15:01:37.642,1786176097.643,PATH_FOLLOWING,4.576,-1.119,-3.062,0.00,0.250,-0.000,0.000,0.000,0.000,0.000,1.76,10.77566657,106.67092565,10.51,"10°46'32.40""N, 106°40'15.33""E",FIX,
15:01:37.723,1786176097.724,PATH_FOLLOWING,4.556,-1.120,-3.062,0.00,0.250,-0.000,0.000,0.000,0.000,0.000,1.76,10.77566657,106.67092565,10.51,"10°46'32.40""N, 106°40'15.33""E",FIX,
15:01:37.792,1786176097.792,PATH_FOLLOWING,4.541,-1.121,-3.062,0.00,0.000,0.000,0.000,0.000,0.000,0.000,0.00,10.77566657,106.67092565,10.51,"10°46'32.40""N, 106°40'15.33""E",FIX,
15:01:37.867,1786176097.868,TRACKING,4.536,-1.122,-3.062,0.00,0.450,-0.000,0.000,0.000,0.000,0.000,0.01,10.77566640,106.67092574,10.51,"10°46'32.40""N, 106°40'15.33""E",FIX,
15:01:37.939,1786176097.940,TRACKING,4.513,-1.124,-3.062,0.00,0.450,-0.000,0.000,0.000,0.000,0.000,0.03,10.77566640,106.67092574,10.51,"10°46'32.40""N, 106°40'15.33""E",FIX,
15:01:38.000,1786176098.000,TRACKING,4.486,-1.126,-3.062,0.00,0.450,-0.000,0.000,0.000,0.000,0.000,0.06,10.77566640,106.67092574,10.51,"10°46'32.40""N, 106°40'15.33""E",FIX,
15:01:38.084,1786176098.084,TRACKING,4.450,-1.129,-3.062,0.00,0.450,-0.000,0.000,0.000,0.000,0.000,0.09,10.77566616,106.67092591,10.51,"10°46'32.40""N, 106°40'15.33""E",FIX,
15:01:38.140,1786176098.141,TRACKING,4.432,-1.130,-3.062,0.00,0.450,-0.000,0.000,0.000,0.000,0.000,0.11,10.77566616,106.67092591,10.51,"10°46'32.40""N, 106°40'15.33""E",FIX,
15:01:38.229,1786176098.229,TRACKING,4.397,-1.133,-3.062,0.00,0.450,-0.000,0.000,0.000,0.000,0.000,0.15,10.77566616,106.67092591,10.51,"10°46'32.40""N, 106°40'15.33""E",FIX,
15:01:38.299,1786176098.300,TRACKING,4.370,-1.135,-3.062,0.00,0.450,-0.000,0.000,0.000,0.000,0.000,0.17,10.77566580,106.67092611,10.51,"10°46'32.40""N, 106°40'15.33""E",FIX,
15:01:38.375,1786176098.375,TRACKING,4.334,-1.138,-3.062,0.00,0.450,-0.000,0.000,0.000,0.000,0.000,0.21,10.77566580,106.67092611,10.51,"10°46'32.40""N, 106°40'15.33""E",FIX,
15:01:38.448,1786176098.449,TRACKING,4.307,-1.140,-3.062,0.00,0.450,-0.000,0.000,0.000,0.000,0.000,0.24,10.77566580,106.67092611,10.51,"10°46'32.40""N, 106°40'15.33""E",FIX,
15:01:38.521,1786176098.521,TRACKING,4.280,-1.142,-3.062,0.00,0.450,-0.000,0.000,0.000,0.000,0.000,0.26,10.77566545,106.67092632,10.51,"10°46'32.40""N, 106°40'15.33""E",FIX,
15:01:38.591,1786176098.592,TRACKING,4.253,-1.144,-3.062,0.00,0.450,-0.000,0.000,0.000,0.000,0.000,0.29,10.77566545,106.67092632,10.51,"10°46'32.40""N, 106°40'15.33""E",FIX,
15:01:38.677,1786176098.677,TRACKING,4.217,-1.147,-3.062,0.00,0.450,-0.000,0.000,0.000,0.000,0.000,0.33,10.77566545,106.67092632,10.51,"10°46'32.40""N, 106°40'15.33""E",FIX,
15:01:38.756,1786176098.757,TRACKING,4.190,-1.149,-3.062,0.00,0.450,-0.000,0.000,0.000,0.000,0.000,0.35,10.77566510,106.67092652,10.51,"10°46'32.39""N, 106°40'15.34""E",FIX,
15:01:38.817,1786176098.818,TRACKING,4.163,-1.151,-3.062,0.00,0.450,-0.000,0.000,0.000,0.000,0.000,0.38,10.77566510,106.67092652,10.51,"10°46'32.39""N, 106°40'15.34""E",FIX,
15:01:38.903,1786176098.903,TRACKING,4.127,-1.154,-3.062,0.00,0.450,-0.000,0.000,0.000,0.000,0.000,0.42,10.77566510,106.67092652,10.51,"10°46'32.39""N, 106°40'15.34""E",FIX,
15:01:38.977,1786176098.978,TRACKING,4.101,-1.156,-3.062,0.00,0.450,-0.000,0.000,0.000,0.000,0.000,0.44,10.77566474,106.67092673,10.51,"10°46'32.39""N, 106°40'15.34""E",FIX,
15:01:39.060,1786176099.060,TRACKING,4.065,-1.159,-3.062,0.00,0.450,-0.000,0.000,0.000,0.000,0.000,0.48,10.77566474,106.67092673,10.51,"10°46'32.39""N, 106°40'15.34""E",FIX,
15:01:39.136,1786176099.137,TRACKING,4.038,-1.161,-3.062,0.00,0.450,-0.000,0.000,0.000,0.000,0.000,0.51,10.77566474,106.67092673,10.51,"10°46'32.39""N, 106°40'15.34""E",FIX,
15:01:39.202,1786176099.203,TRACKING,4.011,-1.164,-3.062,0.00,0.450,-0.000,0.000,0.000,0.000,0.000,0.53,10.77566439,106.67092693,10.51,"10°46'32.39""N, 106°40'15.34""E",FIX,
15:01:39.287,1786176099.288,TRACKING,3.984,-1.166,-3.062,0.00,0.450,-0.000,0.000,0.000,0.000,0.000,0.56,10.77566439,106.67092693,10.51,"10°46'32.39""N, 106°40'15.34""E",FIX,
15:01:39.377,1786176099.377,TRACKING,3.948,-1.169,-3.062,0.00,0.450,-0.000,0.000,0.000,0.000,0.000,0.60,10.77566439,106.67092693,10.51,"10°46'32.39""N, 106°40'15.34""E",FIX,
15:01:39.441,1786176099.441,TRACKING,3.921,-1.171,-3.062,0.00,0.450,-0.000,0.000,0.000,0.000,0.000,0.62,10.77566404,106.67092714,10.51,"10°46'32.39""N, 106°40'15.34""E",FIX,
15:01:39.520,1786176099.520,TRACKING,3.894,-1.173,-3.062,0.00,0.450,-0.000,0.000,0.000,0.000,0.000,0.65,10.77566404,106.67092714,10.51,"10°46'32.39""N, 106°40'15.34""E",FIX,
15:01:39.598,1786176099.599,TRACKING,3.867,-1.175,-3.062,0.00,0.450,-0.000,0.000,0.000,0.000,0.000,0.68,10.77566404,106.67092714,10.51,"10°46'32.39""N, 106°40'15.34""E",FIX,
15:01:39.681,1786176099.682,TRACKING,3.831,-1.178,-3.062,0.00,0.450,-0.000,0.000,0.000,0.000,0.000,0.71,10.77566369,106.67092734,10.51,"10°46'32.39""N, 106°40'15.34""E",FIX,
15:01:39.756,1786176099.757,TRACKING,3.804,-1.180,-3.062,0.00,0.450,-0.000,0.000,0.000,0.000,0.000,0.74,10.77566369,106.67092734,10.51,"10°46'32.39""N, 106°40'15.34""E",FIX,
15:01:39.831,1786176099.831,TRACKING,3.769,-1.183,-3.062,0.00,0.450,-0.000,0.000,0.000,0.000,0.000,0.78,10.77566369,106.67092734,10.51,"10°46'32.39""N, 106°40'15.34""E",FIX,
15:01:39.899,1786176099.900,TRACKING,3.742,-1.185,-3.062,0.00,0.450,-0.000,0.000,0.000,0.000,0.000,0.80,10.77566333,106.67092755,10.51,"10°46'32.39""N, 106°40'15.34""E",FIX,
15:01:39.972,1786176099.973,TRACKING,3.715,-1.187,-3.062,0.00,0.450,-0.000,0.000,0.000,0.000,0.000,0.83,10.77566333,106.67092755,10.51,"10°46'32.39""N, 106°40'15.34""E",FIX,
15:01:40.040,1786176100.041,TRACKING,3.688,-1.189,-3.062,0.00,0.450,-0.000,0.000,0.000,0.000,0.000,0.86,10.77566333,106.67092755,10.51,"10°46'32.39""N, 106°40'15.34""E",FIX,
15:01:40.113,1786176100.113,TRACKING,3.652,-1.192,-3.062,0.00,0.450,-0.000,0.000,0.000,0.000,0.000,0.89,10.77566298,106.67092775,10.51,"10°46'32.39""N, 106°40'15.34""E",FIX,
15:01:40.185,1786176100.186,TRACKING,3.625,-1.194,-3.062,0.00,0.450,-0.000,0.000,0.000,0.000,0.000,0.92,10.77566298,106.67092775,10.51,"10°46'32.39""N, 106°40'15.34""E",FIX,
15:01:40.251,1786176100.251,TRACKING,3.598,-1.196,-3.062,0.00,0.450,-0.000,0.000,0.000,0.000,0.000,0.95,10.77566298,106.67092775,10.51,"10°46'32.39""N, 106°40'15.34""E",FIX,
15:01:40.330,1786176100.331,TRACKING,3.562,-1.199,-3.062,0.00,0.450,-0.000,0.000,0.000,0.000,0.000,0.98,10.77566263,106.67092796,10.51,"10°46'32.39""N, 106°40'15.34""E",FIX,
15:01:40.403,1786176100.403,TRACKING,3.535,-1.201,-3.062,0.00,0.450,-0.000,0.000,0.000,0.000,0.000,1.01,10.77566263,106.67092796,10.51,"10°46'32.39""N, 106°40'15.34""E",FIX,
15:01:40.471,1786176100.472,TRACKING,3.508,-1.203,-3.062,0.00,0.450,-0.000,0.000,0.000,0.000,0.000,1.04,10.77566263,106.67092796,10.51,"10°46'32.39""N, 106°40'15.34""E",FIX,
15:01:40.543,1786176100.543,TRACKING,3.472,-1.206,-3.062,0.00,0.450,-0.000,0.000,0.000,0.000,0.000,1.07,10.77566228,106.67092816,10.51,"10°46'32.38""N, 106°40'15.34""E",FIX,
15:01:40.610,1786176100.611,TRACKING,3.446,-1.208,-3.062,0.00,0.450,-0.000,0.000,0.000,0.000,0.000,1.10,10.77566228,106.67092816,10.51,"10°46'32.38""N, 106°40'15.34""E",FIX,
15:01:40.673,1786176100.674,TRACKING,3.419,-1.211,-3.062,0.00,0.450,-0.000,0.000,0.000,0.000,0.000,1.13,10.77566228,106.67092816,10.51,"10°46'32.38""N, 106°40'15.34""E",FIX,
15:01:40.754,1786176100.754,TRACKING,3.392,-1.213,-3.062,0.00,0.450,-0.000,0.000,0.000,0.000,0.000,1.15,10.77566228,106.67092816,10.51,"10°46'32.38""N, 106°40'15.34""E",FIX,
15:01:40.822,1786176100.823,TRACKING,3.356,-1.216,-3.062,0.00,0.450,-0.000,0.000,0.000,0.000,0.000,1.19,10.77566192,106.67092837,10.51,"10°46'32.38""N, 106°40'15.34""E",FIX,
15:01:40.898,1786176100.898,TRACKING,3.329,-1.218,-3.062,0.00,0.450,-0.000,0.000,0.000,0.000,0.000,1.22,10.77566192,106.67092837,10.51,"10°46'32.38""N, 106°40'15.34""E",FIX,
15:01:40.960,1786176100.961,TRACKING,3.302,-1.220,-3.062,0.00,0.450,-0.000,0.000,0.000,0.000,0.000,1.24,10.77566192,106.67092837,10.51,"10°46'32.38""N, 106°40'15.34""E",FIX,
15:01:41.025,1786176101.025,TRACKING,3.275,-1.222,-3.062,0.00,0.450,-0.000,0.000,0.000,0.000,0.000,1.27,10.77566157,106.67092857,10.51,"10°46'32.38""N, 106°40'15.34""E",FIX,
15:01:41.098,1786176101.099,TRACKING,3.248,-1.224,-3.062,0.00,0.450,-0.000,0.000,0.000,0.000,0.000,1.30,10.77566157,106.67092857,10.51,"10°46'32.38""N, 106°40'15.34""E",FIX,
15:01:41.167,1786176101.167,TRACKING,3.212,-1.227,-3.062,0.00,0.450,-0.000,0.000,0.000,0.000,0.000,1.33,10.77566157,106.67092857,10.51,"10°46'32.38""N, 106°40'15.34""E",FIX,
15:01:41.233,1786176101.234,TRACKING,3.185,-1.229,-3.062,0.00,0.450,-0.000,0.000,0.000,0.000,0.000,1.36,10.77566122,106.67092878,10.51,"10°46'32.38""N, 106°40'15.34""E",FIX,
15:01:41.320,1786176101.321,TRACKING,3.150,-1.232,-3.062,0.00,0.450,-0.000,0.000,0.000,0.000,0.000,1.40,10.77566122,106.67092878,10.51,"10°46'32.38""N, 106°40'15.34""E",FIX,
15:01:41.378,1786176101.378,TRACKING,3.132,-1.233,-3.062,0.00,0.450,-0.000,0.000,0.000,0.000,0.000,1.41,10.77566122,106.67092878,10.51,"10°46'32.38""N, 106°40'15.34""E",FIX,
15:01:41.455,1786176101.455,TRACKING,3.096,-1.236,-3.062,0.00,0.450,-0.000,0.000,0.000,0.000,0.000,1.45,10.77566086,106.67092898,10.51,"10°46'32.38""N, 106°40'15.34""E",FIX,
15:01:41.527,1786176101.528,TRACKING,3.069,-1.238,-3.062,0.00,0.450,-0.000,0.000,0.000,0.000,0.000,1.48,10.77566086,106.67092898,10.51,"10°46'32.38""N, 106°40'15.34""E",FIX,
15:01:41.595,1786176101.596,TRACKING,3.042,-1.241,-3.062,0.00,0.450,-0.000,0.000,0.000,0.000,0.000,1.50,10.77566086,106.67092898,10.51,"10°46'32.38""N, 106°40'15.34""E",FIX,
15:01:41.674,1786176101.674,TRACKING,3.006,-1.243,-3.062,0.00,0.450,-0.000,0.000,0.000,0.000,0.000,1.54,10.77566051,106.67092919,10.51,"10°46'32.38""N, 106°40'15.35""E",FIX,
15:01:41.737,1786176101.737,TRACKING,2.979,-1.246,-3.062,0.00,0.450,-0.000,0.000,0.000,0.000,0.000,1.57,10.77566051,106.67092919,10.51,"10°46'32.38""N, 106°40'15.35""E",FIX,
15:01:41.815,1786176101.816,TRACKING,2.943,-1.248,-3.062,0.00,0.450,-0.000,0.000,0.000,0.000,0.000,1.60,10.77566051,106.67092919,10.51,"10°46'32.38""N, 106°40'15.35""E",FIX,
15:01:41.894,1786176101.894,TRACKING,2.916,-1.251,-3.062,0.00,0.450,-0.000,0.000,0.000,0.000,0.000,1.63,10.77566016,106.67092939,10.51,"10°46'32.38""N, 106°40'15.35""E",FIX,
15:01:41.972,1786176101.972,TRACKING,2.889,-1.253,-3.062,0.00,0.450,-0.000,0.000,0.000,0.000,0.000,1.66,10.77566016,106.67092939,10.51,"10°46'32.38""N, 106°40'15.35""E",FIX,
15:01:42.050,1786176102.050,TRACKING,2.853,-1.256,-3.062,0.00,0.450,-0.000,0.000,0.000,0.000,0.000,1.69,10.77566016,106.67092939,10.51,"10°46'32.38""N, 106°40'15.35""E",FIX,
15:01:42.112,1786176102.112,TRACKING,2.836,-1.257,-3.062,0.00,0.450,-0.000,0.000,0.000,0.000,0.000,1.71,10.77565981,106.67092960,10.51,"10°46'32.38""N, 106°40'15.35""E",FIX,
15:01:42.197,1786176102.197,TRACKING,2.800,-1.260,-3.062,0.00,0.450,-0.000,0.000,0.000,0.000,0.000,1.75,10.77565981,106.67092960,10.51,"10°46'32.38""N, 106°40'15.35""E",FIX,
15:01:42.277,1786176102.278,TRACKING,2.764,-1.263,-3.062,0.00,0.450,-0.000,0.000,0.000,0.000,0.000,1.78,10.77565981,106.67092960,10.51,"10°46'32.38""N, 106°40'15.35""E",FIX,
15:01:42.341,1786176102.342,TRACKING,2.737,-1.265,-3.062,0.00,0.450,-0.000,0.000,0.000,0.000,0.000,1.81,10.77565945,106.67092980,10.51,"10°46'32.37""N, 106°40'15.35""E",FIX,
15:01:42.403,1786176102.404,TRACKING,2.710,-1.267,-3.062,0.00,0.450,-0.000,0.000,0.000,0.000,0.000,1.84,10.77565945,106.67092980,10.51,"10°46'32.37""N, 106°40'15.35""E",FIX,
15:01:42.495,1786176102.495,TRACKING,2.674,-1.270,-3.062,0.00,0.450,-0.000,0.000,0.000,0.000,0.000,1.87,10.77565945,106.67092980,10.51,"10°46'32.37""N, 106°40'15.35""E",FIX,
15:01:42.551,1786176102.552,TRACKING,2.656,-1.271,-3.062,0.00,0.450,-0.000,0.000,0.000,0.000,0.000,1.89,10.77565910,106.67093001,10.51,"10°46'32.37""N, 106°40'15.35""E",FIX,
15:01:42.630,1786176102.630,TRACKING,2.620,-1.274,-3.062,0.00,0.450,-0.000,0.000,0.000,0.000,0.000,1.93,10.77565910,106.67093001,10.51,"10°46'32.37""N, 106°40'15.35""E",FIX,
15:01:42.700,1786176102.700,TRACKING,2.593,-1.276,-3.062,0.00,0.450,-0.000,0.000,0.000,0.000,0.000,1.95,10.77565910,106.67093001,10.51,"10°46'32.37""N, 106°40'15.35""E",FIX,
15:01:42.769,1786176102.770,TRACKING,2.566,-1.278,-3.062,0.00,0.450,-0.000,0.000,0.000,0.000,0.000,1.98,10.77565875,106.67093021,10.51,"10°46'32.37""N, 106°40'15.35""E",FIX,
15:01:42.856,1786176102.857,TRACKING,2.530,-1.281,-3.062,0.00,0.450,-0.000,0.000,0.000,0.000,0.000,2.02,10.77565875,106.67093021,10.51,"10°46'32.37""N, 106°40'15.35""E",FIX,
15:01:42.934,1786176102.935,TRACKING,2.504,-1.283,-3.062,0.00,0.450,-0.000,0.000,0.000,0.000,0.000,2.04,10.77565875,106.67093021,10.51,"10°46'32.37""N, 106°40'15.35""E",FIX,
15:01:43.019,1786176103.019,TRACKING,2.468,-1.286,-3.062,0.00,0.450,-0.000,0.000,0.000,0.000,0.000,2.08,10.77565840,106.67093042,10.51,"10°46'32.37""N, 106°40'15.35""E",FIX,
15:01:43.095,1786176103.095,TRACKING,2.441,-1.288,-3.062,0.00,0.450,-0.000,0.000,0.000,0.000,0.000,2.11,10.77565840,106.67093042,10.51,"10°46'32.37""N, 106°40'15.35""E",FIX,
15:01:43.176,1786176103.176,TRACKING,2.414,-1.291,-3.062,0.00,0.450,-0.000,0.000,0.000,0.000,0.000,2.13,10.77565840,106.67093042,10.51,"10°46'32.37""N, 106°40'15.35""E",FIX,
15:01:43.249,1786176103.250,TRACKING,2.378,-1.293,-3.062,0.00,0.450,-0.000,0.000,0.000,0.000,0.000,2.17,10.77565804,106.67093062,10.51,"10°46'32.37""N, 106°40'15.35""E",FIX,
15:01:43.328,1786176103.328,TRACKING,2.351,-1.296,-3.062,0.00,0.450,-0.000,0.000,0.000,0.000,0.000,2.20,10.77565804,106.67093062,10.51,"10°46'32.37""N, 106°40'15.35""E",FIX,
15:01:43.400,1786176103.400,TRACKING,2.324,-1.298,-3.062,0.00,0.450,-0.000,0.000,0.000,0.000,0.000,2.22,10.77565804,106.67093062,10.51,"10°46'32.37""N, 106°40'15.35""E",FIX,
15:01:43.469,1786176103.469,TRACKING,2.297,-1.300,-3.062,0.00,0.450,-0.000,0.000,0.000,0.000,0.000,2.25,10.77565769,106.67093083,10.51,"10°46'32.37""N, 106°40'15.35""E",FIX,
15:01:43.539,1786176103.539,TRACKING,2.270,-1.302,-3.062,0.00,0.450,-0.000,0.000,0.000,0.000,0.000,2.28,10.77565769,106.67093083,10.51,"10°46'32.37""N, 106°40'15.35""E",FIX,
15:01:43.624,1786176103.625,TRACKING,2.234,-1.305,-3.062,0.00,0.450,-0.000,0.000,0.000,0.000,0.000,2.31,10.77565769,106.67093083,10.51,"10°46'32.37""N, 106°40'15.35""E",FIX,
15:01:43.696,1786176103.696,TRACKING,2.199,-1.308,-3.062,0.00,0.450,-0.000,0.000,0.000,0.000,0.000,2.35,10.77565734,106.67093103,10.51,"10°46'32.37""N, 106°40'15.35""E",FIX,
15:01:43.768,1786176103.769,TRACKING,2.172,-1.310,-3.062,0.00,0.450,-0.000,0.000,0.000,0.000,0.000,2.38,10.77565734,106.67093103,10.51,"10°46'32.37""N, 106°40'15.35""E",FIX,
15:01:43.840,1786176103.840,TRACKING,2.145,-1.312,-3.062,0.00,0.450,-0.000,0.000,0.000,0.000,0.000,2.40,10.77565734,106.67093103,10.51,"10°46'32.37""N, 106°40'15.35""E",FIX,
15:01:43.912,1786176103.912,TRACKING,2.118,-1.314,-3.062,0.00,0.450,-0.000,0.000,0.000,0.000,0.000,2.43,10.77565698,106.67093124,10.51,"10°46'32.37""N, 106°40'15.35""E",FIX,
15:01:43.988,1786176103.989,TRACKING,2.082,-1.317,-3.062,0.00,0.450,-0.000,0.000,0.000,0.000,0.000,2.47,10.77565698,106.67093124,10.51,"10°46'32.37""N, 106°40'15.35""E",FIX,
15:01:44.067,1786176104.067,TRACKING,2.064,-1.318,-3.062,0.00,0.450,-0.000,0.000,0.000,0.000,0.000,2.49,10.77565698,106.67093124,10.51,"10°46'32.37""N, 106°40'15.35""E",FIX,
15:01:44.158,1786176104.159,TRACKING,2.028,-1.321,-3.062,0.00,0.450,-0.000,0.000,0.000,0.000,0.000,2.52,10.77565663,106.67093144,10.51,"10°46'32.36""N, 106°40'15.35""E",FIX,
15:01:44.208,1786176104.209,TRACKING,2.001,-1.323,-3.062,0.00,0.450,-0.000,0.000,0.000,0.000,0.000,2.55,10.77565663,106.67093144,10.51,"10°46'32.36""N, 106°40'15.35""E",FIX,
15:01:44.282,1786176104.283,TRACKING,1.974,-1.326,-3.062,0.00,0.450,-0.000,0.000,0.000,0.000,0.000,2.58,10.77565663,106.67093144,10.51,"10°46'32.36""N, 106°40'15.35""E",FIX,
15:01:44.363,1786176104.363,TRACKING,1.938,-1.328,-3.062,0.00,0.450,-0.000,0.000,0.000,0.000,0.000,2.61,10.77565628,106.67093165,10.51,"10°46'32.36""N, 106°40'15.35""E",FIX,
15:01:44.431,1786176104.432,TRACKING,1.911,-1.331,-3.062,0.00,0.450,-0.000,0.000,0.000,0.000,0.000,2.64,10.77565628,106.67093165,10.51,"10°46'32.36""N, 106°40'15.35""E",FIX,
15:01:44.499,1786176104.500,TRACKING,1.885,-1.333,-3.062,0.00,0.450,-0.000,0.000,0.000,0.000,0.000,2.67,10.77565628,106.67093165,10.51,"10°46'32.36""N, 106°40'15.35""E",FIX,
15:01:44.575,1786176104.575,TRACKING,1.858,-1.335,-3.062,0.00,0.450,-0.000,0.000,0.000,0.000,0.000,2.69,10.77565593,106.67093185,10.51,"10°46'32.36""N, 106°40'15.35""E",FIX,
15:01:44.655,1786176104.656,TRACKING,1.822,-1.338,-3.062,0.00,0.450,-0.000,0.000,0.000,0.000,0.000,2.73,10.77565593,106.67093185,10.51,"10°46'32.36""N, 106°40'15.35""E",FIX,
15:01:44.720,1786176104.720,TRACKING,1.786,-1.341,-3.062,0.00,0.450,-0.000,0.000,0.000,0.000,0.000,2.76,10.77565593,106.67093185,10.51,"10°46'32.36""N, 106°40'15.35""E",FIX,
15:01:44.792,1786176104.793,TRACKING,1.759,-1.343,-3.062,0.00,0.450,-0.000,0.000,0.000,0.000,0.000,2.79,10.77565557,106.67093206,10.51,"10°46'32.36""N, 106°40'15.36""E",FIX,
15:01:44.852,1786176104.853,TRACKING,1.732,-1.345,-3.062,0.00,0.450,-0.000,0.000,0.000,0.000,0.000,2.82,10.77565557,106.67093206,10.51,"10°46'32.36""N, 106°40'15.36""E",FIX,
15:01:44.928,1786176104.929,TRACKING,1.705,-1.347,-3.062,0.00,0.450,-0.000,0.000,0.000,0.000,0.000,2.85,10.77565557,106.67093206,10.51,"10°46'32.36""N, 106°40'15.36""E",FIX,
15:01:45.019,1786176105.020,TRACKING,1.669,-1.350,-3.062,0.00,0.450,-0.000,0.000,0.000,0.000,0.000,2.88,10.77565522,106.67093226,10.51,"10°46'32.36""N, 106°40'15.36""E",FIX,
15:01:45.083,1786176105.083,TRACKING,1.642,-1.352,-3.062,0.00,0.450,-0.000,0.000,0.000,0.000,0.000,2.91,10.77565522,106.67093226,10.51,"10°46'32.36""N, 106°40'15.36""E",FIX,
15:01:45.171,1786176105.171,TRACKING,1.615,-1.354,-3.062,0.00,0.450,-0.000,0.000,0.000,0.000,0.000,2.94,10.77565522,106.67093226,10.51,"10°46'32.36""N, 106°40'15.36""E",FIX,
15:01:45.251,1786176105.252,TRACKING,1.579,-1.357,-3.062,0.00,0.450,-0.000,0.000,0.000,0.000,0.000,2.97,10.77565487,106.67093247,10.51,"10°46'32.36""N, 106°40'15.36""E",FIX,
15:01:45.327,1786176105.327,TRACKING,1.553,-1.359,-3.062,0.00,0.450,-0.000,0.000,0.000,0.000,0.000,3.00,10.77565487,106.67093247,10.51,"10°46'32.36""N, 106°40'15.36""E",FIX,
15:01:45.397,1786176105.398,TRACKING,1.526,-1.361,-3.062,0.00,0.450,-0.000,0.000,0.000,0.000,0.000,3.03,10.77565487,106.67093247,10.51,"10°46'32.36""N, 106°40'15.36""E",FIX,
15:01:45.466,1786176105.466,TRACKING,1.490,-1.364,-3.062,0.00,0.450,-0.000,0.000,0.000,0.000,0.000,3.06,10.77565451,106.67093267,10.51,"10°46'32.36""N, 106°40'15.36""E",FIX,
15:01:45.526,1786176105.526,TRACKING,1.472,-1.366,-3.062,0.00,0.450,-0.000,0.000,0.000,0.000,0.000,3.08,10.77565451,106.67093267,10.51,"10°46'32.36""N, 106°40'15.36""E",FIX,
15:01:45.610,1786176105.610,TRACKING,1.436,-1.368,-3.062,0.00,0.450,-0.000,0.000,0.000,0.000,0.000,3.12,10.77565451,106.67093267,10.51,"10°46'32.36""N, 106°40'15.36""E",FIX,
15:01:45.689,1786176105.690,TRACKING,1.409,-1.371,-3.062,0.00,0.450,-0.000,0.000,0.000,0.000,0.000,3.14,10.77565416,106.67093288,10.51,"10°46'32.35""N, 106°40'15.36""E",FIX,
15:01:45.751,1786176105.751,TRACKING,1.382,-1.373,-3.062,0.00,0.450,-0.000,0.000,0.000,0.000,0.000,3.17,10.77565416,106.67093288,10.51,"10°46'32.35""N, 106°40'15.36""E",FIX,
15:01:45.836,1786176105.837,TRACKING,1.346,-1.376,-3.062,0.00,0.450,-0.000,0.000,0.000,0.000,0.000,3.21,10.77565416,106.67093288,10.51,"10°46'32.35""N, 106°40'15.36""E",FIX,
15:01:45.904,1786176105.905,TRACKING,1.319,-1.378,-3.062,0.00,0.450,-0.000,0.000,0.000,0.000,0.000,3.23,10.77565381,106.67093308,10.51,"10°46'32.35""N, 106°40'15.36""E",FIX,
15:01:45.980,1786176105.980,TRACKING,1.283,-1.381,-3.062,0.00,0.450,-0.000,0.000,0.000,0.000,0.000,3.27,10.77565381,106.67093308,10.51,"10°46'32.35""N, 106°40'15.36""E",FIX,
15:01:46.050,1786176106.050,TRACKING,1.257,-1.383,-3.062,0.00,0.450,-0.000,0.000,0.000,0.000,0.000,3.30,10.77565381,106.67093308,10.51,"10°46'32.35""N, 106°40'15.36""E",FIX,
15:01:46.117,1786176106.117,TRACKING,1.230,-1.385,-3.062,0.00,0.450,-0.000,0.000,0.000,0.000,0.000,3.32,10.77565346,106.67093329,10.51,"10°46'32.35""N, 106°40'15.36""E",FIX,
15:01:46.192,1786176106.193,TRACKING,1.203,-1.387,-3.062,0.00,0.450,-0.000,0.000,0.000,0.000,0.000,3.35,10.77565346,106.67093329,10.51,"10°46'32.35""N, 106°40'15.36""E",FIX,
15:01:46.280,1786176106.281,TRACKING,1.167,-1.390,-3.062,0.00,0.450,-0.000,0.000,0.000,0.000,0.000,3.39,10.77565346,106.67093329,10.51,"10°46'32.35""N, 106°40'15.36""E",FIX,
15:01:46.347,1786176106.347,TRACKING,1.140,-1.392,-3.062,0.00,0.450,-0.000,0.000,0.000,0.000,0.000,3.41,10.77565310,106.67093349,10.51,"10°46'32.35""N, 106°40'15.36""E",FIX,
15:01:46.422,1786176106.423,TRACKING,1.113,-1.394,-3.062,0.00,0.450,-0.000,0.000,0.000,0.000,0.000,3.44,10.77565310,106.67093349,10.51,"10°46'32.35""N, 106°40'15.36""E",FIX,
15:01:46.490,1786176106.490,TRACKING,1.086,-1.396,-3.062,0.00,0.450,-0.000,0.000,0.000,0.000,0.000,3.47,10.77565310,106.67093349,10.51,"10°46'32.35""N, 106°40'15.36""E",FIX,
15:01:46.569,1786176106.569,TRACKING,1.050,-1.399,-3.062,0.00,0.450,-0.000,0.000,0.000,0.000,0.000,3.50,10.77565275,106.67093370,10.51,"10°46'32.35""N, 106°40'15.36""E",FIX,
15:01:46.684,1786176106.685,TRACKING,1.014,-1.402,-3.062,0.00,0.450,-0.000,0.000,0.000,0.000,0.000,3.54,10.77565275,106.67093370,10.51,"10°46'32.35""N, 106°40'15.36""E",FIX,
15:01:46.783,1786176106.784,TRACKING,0.987,-1.404,-3.062,0.00,0.450,-0.000,0.000,0.000,0.000,0.000,3.57,10.77565275,106.67093370,10.51,"10°46'32.35""N, 106°40'15.36""E",FIX,
15:01:46.874,1786176106.875,TRACKING,0.960,-1.406,-3.062,0.00,0.450,-0.000,0.000,0.000,0.000,0.000,3.59,10.77565240,106.67093390,10.51,"10°46'32.35""N, 106°40'15.36""E",FIX,
15:01:46.948,1786176106.948,TRACKING,0.934,-1.408,-3.062,0.00,0.450,-0.000,0.000,0.000,0.000,0.000,3.62,10.77565240,106.67093390,10.51,"10°46'32.35""N, 106°40'15.36""E",FIX,
15:01:47.032,1786176107.032,TRACKING,0.898,-1.411,-3.062,0.00,0.450,-0.000,0.000,0.000,0.000,0.000,3.66,10.77565240,106.67093390,10.51,"10°46'32.35""N, 106°40'15.36""E",FIX,
15:01:47.113,1786176107.114,TRACKING,0.871,-1.413,-3.062,0.00,0.450,-0.000,0.000,0.000,0.000,0.000,3.68,10.77565205,106.67093411,10.51,"10°46'32.35""N, 106°40'15.36""E",FIX,
15:01:47.199,1786176107.199,TRACKING,0.835,-1.416,-3.062,0.00,0.450,-0.000,0.000,0.000,0.000,0.000,3.72,10.77565205,106.67093411,10.51,"10°46'32.35""N, 106°40'15.36""E",FIX,
15:01:47.263,1786176107.263,TRACKING,0.808,-1.418,-3.062,0.00,0.450,-0.000,0.000,0.000,0.000,0.000,3.75,10.77565205,106.67093411,10.51,"10°46'32.35""N, 106°40'15.36""E",FIX,
15:01:47.334,1786176107.335,TRACKING,0.781,-1.420,-3.062,0.00,0.450,-0.000,0.000,0.000,0.000,0.000,3.77,10.77565169,106.67093431,10.51,"10°46'32.35""N, 106°40'15.36""E",FIX,
15:01:47.409,1786176107.409,TRACKING,0.754,-1.423,-3.062,0.00,0.450,-0.000,0.000,0.000,0.000,0.000,3.80,10.77565169,106.67093431,10.51,"10°46'32.35""N, 106°40'15.36""E",FIX,
15:01:47.497,1786176107.497,TRACKING,0.718,-1.425,-3.062,0.00,0.450,-0.000,0.000,0.000,0.000,0.000,3.84,10.77565169,106.67093431,10.51,"10°46'32.35""N, 106°40'15.36""E",FIX,
15:01:47.569,1786176107.569,TRACKING,0.691,-1.428,-3.062,0.00,0.450,-0.000,0.000,0.000,0.000,0.000,3.86,10.77565134,106.67093452,10.51,"10°46'32.34""N, 106°40'15.36""E",FIX,
15:01:47.651,1786176107.652,TRACKING,0.664,-1.430,-3.062,0.00,0.450,-0.000,0.000,0.000,0.000,0.000,3.89,10.77565134,106.67093452,10.51,"10°46'32.34""N, 106°40'15.36""E",FIX,
15:01:47.713,1786176107.714,TRACKING,0.637,-1.432,-3.062,0.00,0.450,-0.000,0.000,0.000,0.000,0.000,3.92,10.77565134,106.67093452,10.51,"10°46'32.34""N, 106°40'15.36""E",FIX,
15:01:47.809,1786176107.809,TRACKING,0.602,-1.435,-3.062,0.00,0.450,-0.000,0.000,0.000,0.000,0.000,3.95,10.77565099,106.67093472,10.51,"10°46'32.34""N, 106°40'15.36""E",FIX,
15:01:47.875,1786176107.876,TRACKING,0.575,-1.437,-3.062,0.00,0.450,-0.000,0.000,0.000,0.000,0.000,3.98,10.77565099,106.67093472,10.51,"10°46'32.34""N, 106°40'15.36""E",FIX,
15:01:47.946,1786176107.947,TRACKING,0.548,-1.439,-3.062,0.00,0.450,-0.000,0.000,0.000,0.000,0.000,4.01,10.77565099,106.67093472,10.51,"10°46'32.34""N, 106°40'15.36""E",FIX,
15:01:48.023,1786176108.023,TRACKING,0.512,-1.442,-3.062,0.00,0.450,-0.000,0.000,0.000,0.000,0.000,4.04,10.77565063,106.67093493,10.51,"10°46'32.34""N, 106°40'15.37""E",FIX,
15:01:48.093,1786176108.094,TRACKING,0.485,-1.444,-3.062,0.00,0.450,-0.000,0.000,0.000,0.000,0.000,4.07,10.77565063,106.67093493,10.51,"10°46'32.34""N, 106°40'15.37""E",FIX,
15:01:48.167,1786176108.168,TRACKING,0.458,-1.446,-3.062,0.00,0.450,-0.000,0.000,0.000,0.000,0.000,4.10,10.77565063,106.67093493,10.51,"10°46'32.34""N, 106°40'15.37""E",FIX,
15:01:48.240,1786176108.241,TRACKING,0.422,-1.449,-3.062,0.00,0.450,-0.000,0.000,0.000,0.000,0.000,4.13,10.77565028,106.67093513,10.51,"10°46'32.34""N, 106°40'15.37""E",FIX,
15:01:48.293,1786176108.293,TRACKING,0.404,-1.450,-3.062,0.00,0.450,-0.000,0.000,0.000,0.000,0.000,4.15,10.77565028,106.67093513,10.51,"10°46'32.34""N, 106°40'15.37""E",FIX,
15:01:48.377,1786176108.377,TRACKING,0.368,-1.453,-3.062,0.00,0.450,-0.000,0.000,0.000,0.000,0.000,4.19,10.77565028,106.67093513,10.51,"10°46'32.34""N, 106°40'15.37""E",FIX,
15:01:48.461,1786176108.461,TRACKING,0.332,-1.456,-3.062,0.00,0.450,-0.000,0.000,0.000,0.000,0.000,4.22,10.77565028,106.67093513,10.51,"10°46'32.34""N, 106°40'15.37""E",FIX,
15:01:48.526,1786176108.527,TRACKING,0.306,-1.458,-3.062,0.00,0.450,-0.000,0.000,0.000,0.000,0.000,4.25,10.77564993,106.67093534,10.51,"10°46'32.34""N, 106°40'15.37""E",FIX,
15:01:48.596,1786176108.597,TRACKING,0.288,-1.460,-3.062,0.00,0.450,-0.000,0.000,0.000,0.000,0.000,4.27,10.77564993,106.67093534,10.51,"10°46'32.34""N, 106°40'15.37""E",FIX,
15:01:48.698,1786176108.698,TRACKING,0.252,-1.463,-3.062,0.00,0.450,-0.000,0.000,0.000,0.000,0.000,4.30,10.77564993,106.67093534,10.51,"10°46'32.34""N, 106°40'15.37""E",FIX,
15:01:48.782,1786176108.782,TRACKING,0.225,-1.465,-3.062,0.00,0.450,-0.000,0.000,0.000,0.000,0.000,4.33,10.77564958,106.67093554,10.51,"10°46'32.34""N, 106°40'15.37""E",FIX,
15:01:48.862,1786176108.863,TRACKING,0.189,-1.468,-3.062,0.00,0.450,-0.000,0.000,0.000,0.000,0.000,4.37,10.77564958,106.67093554,10.51,"10°46'32.34""N, 106°40'15.37""E",FIX,
15:01:48.940,1786176108.940,TRACKING,0.162,-1.470,-3.062,0.00,0.450,-0.000,0.000,0.000,0.000,0.000,4.39,10.77564958,106.67093554,10.51,"10°46'32.34""N, 106°40'15.37""E",FIX,
15:01:49.005,1786176109.005,TRACKING,0.135,-1.472,-3.062,0.00,0.450,-0.000,0.000,0.000,0.000,0.000,4.42,10.77564922,106.67093575,10.51,"10°46'32.34""N, 106°40'15.37""E",FIX,
15:01:49.086,1786176109.086,TRACKING,0.108,-1.474,-3.062,0.00,0.450,-0.000,0.000,0.000,0.000,0.000,4.45,10.77564922,106.67093575,10.51,"10°46'32.34""N, 106°40'15.37""E",FIX,
15:01:49.154,1786176109.155,TRACKING,0.081,-1.476,-3.062,0.00,0.450,-0.000,0.000,0.000,0.000,0.000,4.47,10.77564922,106.67093575,10.51,"10°46'32.34""N, 106°40'15.37""E",FIX,
15:01:49.227,1786176109.227,TRACKING,0.045,-1.479,-3.062,0.00,0.450,-0.000,0.000,0.000,0.000,0.000,4.51,10.77564887,106.67093595,10.51,"10°46'32.34""N, 106°40'15.37""E",FIX,
15:01:49.300,1786176109.301,TRACKING,0.009,-1.482,-3.062,0.00,0.450,-0.000,0.000,0.000,0.000,0.000,4.55,10.77564887,106.67093595,10.51,"10°46'32.34""N, 106°40'15.37""E",FIX,
15:01:49.373,1786176109.374,TRACKING,-0.017,-1.484,-3.062,0.00,0.450,-0.000,0.000,0.000,0.000,0.000,4.57,10.77564887,106.67093595,10.51,"10°46'32.34""N, 106°40'15.37""E",FIX,
15:01:49.453,1786176109.454,TRACKING,-0.044,-1.486,-3.062,0.00,0.450,-0.000,0.000,0.000,0.000,0.000,4.60,10.77564852,106.67093616,10.51,"10°46'32.33""N, 106°40'15.37""E",FIX,
15:01:49.527,1786176109.527,TRACKING,-0.071,-1.488,-3.062,0.00,0.450,-0.000,0.000,0.000,0.000,0.000,4.63,10.77564852,106.67093616,10.51,"10°46'32.33""N, 106°40'15.37""E",FIX,
15:01:49.605,1786176109.605,TRACKING,-0.107,-1.491,-3.062,0.00,0.450,-0.000,0.000,0.000,0.000,0.000,4.66,10.77564852,106.67093616,10.51,"10°46'32.33""N, 106°40'15.37""E",FIX,
15:01:49.686,1786176109.686,TRACKING,-0.143,-1.494,-3.062,0.00,0.450,-0.000,0.000,0.000,0.000,0.000,4.70,10.77564817,106.67093636,10.51,"10°46'32.33""N, 106°40'15.37""E",FIX,
15:01:49.752,1786176109.752,TRACKING,-0.161,-1.495,-3.062,0.00,0.450,-0.000,0.000,0.000,0.000,0.000,4.72,10.77564817,106.67093636,10.51,"10°46'32.33""N, 106°40'15.37""E",FIX,
15:01:49.832,1786176109.832,TRACKING,-0.188,-1.498,-3.062,0.00,0.450,-0.000,0.000,0.000,0.000,0.000,4.74,10.77564817,106.67093636,10.51,"10°46'32.33""N, 106°40'15.37""E",FIX,
15:01:49.921,1786176109.922,TRACKING,-0.224,-1.500,-3.062,0.00,0.450,-0.000,0.000,0.000,0.000,0.000,4.78,10.77564781,106.67093657,10.51,"10°46'32.33""N, 106°40'15.37""E",FIX,
15:01:49.982,1786176109.982,TRACKING,-0.251,-1.503,-3.062,0.00,0.450,-0.000,0.000,0.000,0.000,0.000,4.81,10.77564781,106.67093657,10.51,"10°46'32.33""N, 106°40'15.37""E",FIX,
15:01:50.090,1786176110.090,TRACKING,-0.287,-1.505,-3.062,0.00,0.450,-0.000,0.000,0.000,0.000,0.000,4.84,10.77564781,106.67093657,10.51,"10°46'32.33""N, 106°40'15.37""E",FIX,
15:01:50.163,1786176110.164,TRACKING,-0.314,-1.508,-3.062,0.00,0.450,-0.000,0.000,0.000,0.000,0.000,4.87,10.77564746,106.67093677,10.51,"10°46'32.33""N, 106°40'15.37""E",FIX,
15:01:50.221,1786176110.221,TRACKING,-0.340,-1.510,-3.062,0.00,0.450,-0.000,0.000,0.000,0.000,0.000,4.90,10.77564746,106.67093677,10.51,"10°46'32.33""N, 106°40'15.37""E",FIX,
15:01:50.296,1786176110.296,TRACKING,-0.367,-1.512,-3.062,0.00,0.450,-0.000,0.000,0.000,0.000,0.000,4.92,10.77564746,106.67093677,10.51,"10°46'32.33""N, 106°40'15.37""E",FIX,
15:01:50.364,1786176110.365,TRACKING,-0.403,-1.515,-3.062,0.00,0.450,-0.000,0.000,0.000,0.000,0.000,4.96,10.77564711,106.67093698,10.51,"10°46'32.33""N, 106°40'15.37""E",FIX,
15:01:50.428,1786176110.428,TRACKING,-0.430,-1.517,-3.062,0.00,0.450,-0.000,0.000,0.000,0.000,0.000,4.99,10.77564711,106.67093698,10.51,"10°46'32.33""N, 106°40'15.37""E",FIX,
15:01:50.488,1786176110.488,TRACKING,-0.457,-1.519,-3.062,0.00,0.450,-0.000,0.000,0.000,0.000,0.000,5.01,10.77564711,106.67093698,10.51,"10°46'32.33""N, 106°40'15.37""E",FIX,
15:01:50.568,1786176110.568,TRACKING,-0.493,-1.522,-3.062,0.00,0.450,-0.000,0.000,0.000,0.000,0.000,5.05,10.77564675,106.67093718,10.51,"10°46'32.33""N, 106°40'15.37""E",FIX,
15:01:50.636,1786176110.637,TRACKING,-0.520,-1.524,-3.062,0.00,0.450,-0.000,0.000,0.000,0.000,0.000,5.08,10.77564675,106.67093718,10.51,"10°46'32.33""N, 106°40'15.37""E",FIX,
15:01:50.694,1786176110.694,TRACKING,-0.547,-1.526,-3.062,0.00,0.450,-0.000,0.000,0.000,0.000,0.000,5.10,10.77564675,106.67093718,10.51,"10°46'32.33""N, 106°40'15.37""E",FIX,
15:01:50.750,1786176110.751,TRACKING,-0.574,-1.528,-3.062,0.00,0.450,-0.000,0.000,0.000,0.000,0.000,5.13,10.77564640,106.67093739,10.51,"10°46'32.33""N, 106°40'15.37""E",FIX,
15:01:50.830,1786176110.830,TRACKING,-0.610,-1.531,-3.062,0.00,0.450,-0.000,0.000,0.000,0.000,0.000,5.17,10.77564640,106.67093739,10.51,"10°46'32.33""N, 106°40'15.37""E",FIX,
15:01:50.887,1786176110.888,TRACKING,-0.637,-1.533,-3.062,0.00,0.450,-0.000,0.000,0.000,0.000,0.000,5.19,10.77564640,106.67093739,10.51,"10°46'32.33""N, 106°40'15.37""E",FIX,
15:01:50.948,1786176110.949,TRACKING,-0.663,-1.535,-3.062,0.00,0.450,-0.000,0.000,0.000,0.000,0.000,5.22,10.77564605,106.67093759,10.51,"10°46'32.33""N, 106°40'15.38""E",FIX,
15:01:51.029,1786176111.030,TRACKING,-0.690,-1.538,-3.062,0.00,0.450,-0.000,0.000,0.000,0.000,0.000,5.25,10.77564605,106.67093759,10.51,"10°46'32.33""N, 106°40'15.38""E",FIX,
15:01:51.096,1786176111.097,TRACKING,-0.726,-1.540,-3.062,0.00,0.450,-0.000,0.000,0.000,0.000,0.000,5.28,10.77564605,106.67093759,10.51,"10°46'32.33""N, 106°40'15.38""E",FIX,
15:01:51.163,1786176111.163,TRACKING,-0.753,-1.543,-3.062,0.00,0.450,-0.000,0.000,0.000,0.000,0.000,5.31,10.77564570,106.67093780,10.51,"10°46'32.32""N, 106°40'15.38""E",FIX,
15:01:51.217,1786176111.217,TRACKING,-0.780,-1.545,-3.062,0.00,0.450,-0.000,0.000,0.000,0.000,0.000,5.34,10.77564570,106.67093780,10.51,"10°46'32.32""N, 106°40'15.38""E",FIX,
15:01:51.295,1786176111.295,TRACKING,-0.816,-1.548,-3.062,0.00,0.450,-0.000,0.000,0.000,0.000,0.000,5.37,10.77564570,106.67093780,10.51,"10°46'32.32""N, 106°40'15.38""E",FIX,
15:01:51.352,1786176111.352,TRACKING,-0.843,-1.550,-3.062,0.00,0.450,-0.000,0.000,0.000,0.000,0.000,5.40,10.77564534,106.67093800,10.51,"10°46'32.32""N, 106°40'15.38""E",FIX,
15:01:51.422,1786176111.422,TRACKING,-0.870,-1.552,-3.062,0.00,0.450,-0.000,0.000,0.000,0.000,0.000,5.43,10.77564534,106.67093800,10.51,"10°46'32.32""N, 106°40'15.38""E",FIX,
15:01:51.483,1786176111.484,TRACKING,-0.897,-1.554,-3.062,0.00,0.450,-0.000,0.000,0.000,0.000,0.000,5.46,10.77564534,106.67093800,10.51,"10°46'32.32""N, 106°40'15.38""E",FIX,
15:01:51.550,1786176111.550,TRACKING,-0.924,-1.556,-3.062,0.00,0.450,-0.000,0.000,0.000,0.000,0.000,5.48,10.77564499,106.67093821,10.51,"10°46'32.32""N, 106°40'15.38""E",FIX,
15:01:51.617,1786176111.617,TRACKING,-0.959,-1.559,-3.062,0.00,0.450,-0.000,0.000,0.000,0.000,0.000,5.52,10.77564499,106.67093821,10.51,"10°46'32.32""N, 106°40'15.38""E",FIX,
15:01:51.684,1786176111.684,TRACKING,-0.986,-1.561,-3.062,0.00,0.450,-0.000,0.000,0.000,0.000,0.000,5.55,10.77564499,106.67093821,10.51,"10°46'32.32""N, 106°40'15.38""E",FIX,
15:01:51.750,1786176111.751,TRACKING,-1.013,-1.563,-3.062,0.00,0.450,-0.000,0.000,0.000,0.000,0.000,5.57,10.77564464,106.67093841,10.51,"10°46'32.32""N, 106°40'15.38""E",FIX,
15:01:51.819,1786176111.820,TRACKING,-1.049,-1.566,-3.062,0.00,0.450,-0.000,0.000,0.000,0.000,0.000,5.61,10.77564464,106.67093841,10.51,"10°46'32.32""N, 106°40'15.38""E",FIX,
