Time,Unix_Timestamp,FSM_State,Pos_X_m,Pos_Y_m,Yaw_rad,Steer_Angle_deg,Linear_Vel_mps,Angular_Vel_radps,IMU_Yaw_rad,IMU_Angular_Vel_z,IMU_Accel_x,Confidence,Dist_Traveled_m,GPS_Latitude,GPS_Longitude,GPS_Altitude_m,GPS_DMS,GPS_Status,Event
00:54:42.120,1786211682.121,TRACKING,-0.000,0.000,0.000,0.00,0.450,-0.000,0.000,0.000,0.000,0.000,0.00,10.77566700,106.67088900,10.00,"10°46'32.40""N, 106°40'15.20""E",ODOM_ESTIMATED,
00:54:42.171,1786211682.172,TRACKING,0.014,0.000,0.000,0.00,0.450,-0.000,0.000,0.000,0.000,0.000,0.01,10.77566700,106.67088913,10.00,"10°46'32.40""N, 106°40'15.20""E",ODOM_ESTIMATED,
00:54:42.232,1786211682.233,TRACKING,0.041,-0.000,-0.000,0.00,0.450,-0.000,0.000,0.000,0.000,0.000,0.04,10.77566700,106.67088938,10.00,"10°46'32.40""N, 106°40'15.20""E",ODOM_ESTIMATED,
00:54:42.317,1786211682.318,TRACKING,0.077,-0.000,-0.000,0.00,0.450,-0.000,0.000,0.000,0.000,0.000,0.08,10.77567062,106.67087564,10.51,"10°46'32.41""N, 106°40'15.15""E",FIX,
00:54:42.413,1786211682.414,TRACKING,0.113,-0.000,0.000,0.00,0.450,-0.000,0.000,0.000,0.000,0.000,0.11,10.77567062,106.67087564,10.51,"10°46'32.41""N, 106°40'15.15""E",FIX,
00:54:42.475,1786211682.475,TRACKING,0.131,-0.000,0.000,0.00,0.450,-0.000,0.000,0.000,0.000,0.000,0.13,10.77567062,106.67087564,10.51,"10°46'32.41""N, 106°40'15.15""E",FIX,
00:54:42.556,1786211682.557,TRACKING,0.167,-0.000,0.000,0.00,0.450,-0.000,0.000,0.000,0.000,0.000,0.17,10.77567062,106.67087605,10.51,"10°46'32.41""N, 106°40'15.15""E",FIX,
00:54:42.645,1786211682.645,TRACKING,0.194,-0.000,0.000,0.00,0.450,-0.000,0.000,0.000,0.000,0.000,0.19,10.77567062,106.67087605,10.51,"10°46'32.41""N, 106°40'15.15""E",FIX,
00:54:42.838,1786211682.839,TRACKING,0.230,-0.000,0.000,0.00,0.450,-0.000,0.000,0.000,0.000,0.000,0.23,10.77567062,106.67087605,10.51,"10°46'32.41""N, 106°40'15.15""E",FIX,
00:54:42.945,1786211682.946,TRACKING,0.248,-0.000,0.000,0.00,0.450,-0.000,0.000,0.000,0.000,0.000,0.25,10.77567062,106.67087605,10.51,"10°46'32.41""N, 106°40'15.15""E",FIX,
00:54:43.038,1786211683.038,TRACKING,0.284,-0.000,0.000,0.00,0.450,-0.000,0.000,0.000,0.000,0.062,0.28,10.77567062,106.67087646,10.51,"10°46'32.41""N, 106°40'15.16""E",FIX,
00:54:43.106,1786211683.106,TRACKING,0.311,-0.000,0.000,0.00,0.450,-0.000,0.000,0.000,0.000,0.104,0.31,10.77567062,106.67087646,10.51,"10°46'32.41""N, 106°40'15.16""E",FIX,
00:54:43.175,1786211683.175,TRACKING,0.338,-0.000,0.000,0.00,0.450,-0.000,0.000,0.000,0.000,0.167,0.34,10.77567062,106.67087646,10.51,"10°46'32.41""N, 106°40'15.16""E",FIX,
00:54:43.258,1786211683.258,TRACKING,0.383,-0.000,0.000,0.00,0.450,-0.000,0.000,0.000,0.000,0.208,0.38,10.77567062,106.67087687,10.51,"10°46'32.41""N, 106°40'15.16""E",FIX,
00:54:43.322,1786211683.323,TRACKING,0.401,-0.000,0.000,0.00,0.450,-0.000,0.000,0.000,0.000,0.271,0.40,10.77567062,106.67087687,10.51,"10°46'32.41""N, 106°40'15.16""E",FIX,
00:54:43.388,1786211683.388,TRACKING,0.428,-0.000,0.000,0.00,0.450,-0.000,0.000,0.000,0.000,0.333,0.43,10.77567062,106.67087687,10.51,"10°46'32.41""N, 106°40'15.16""E",FIX,
00:54:43.469,1786211683.469,TRACKING,0.464,-0.000,0.000,0.00,0.450,-0.000,0.000,0.000,0.000,0.396,0.46,10.77567062,106.67087728,10.51,"10°46'32.41""N, 106°40'15.16""E",FIX,
00:54:43.539,1786211683.539,TRACKING,0.491,-0.000,0.000,0.00,0.450,-0.000,0.000,0.000,0.000,0.458,0.49,10.77567062,106.67087728,10.51,"10°46'32.41""N, 106°40'15.16""E",FIX,
00:54:43.618,1786211683.618,TRACKING,0.518,0.000,0.000,0.00,0.450,-0.000,0.000,0.000,0.000,0.500,0.52,10.77567062,106.67087728,10.51,"10°46'32.41""N, 106°40'15.16""E",FIX,
00:54:43.682,1786211683.682,TRACKING,0.545,0.000,0.000,0.00,0.450,-0.000,0.000,0.000,0.000,0.583,0.55,10.77567062,106.67087770,10.51,"10°46'32.41""N, 106°40'15.16""E",FIX,
00:54:43.755,1786211683.756,TRACKING,0.581,0.000,0.000,0.00,0.450,-0.000,0.000,0.000,0.000,0.646,0.58,10.77567062,106.67087770,10.51,"10°46'32.41""N, 106°40'15.16""E",FIX,
00:54:43.841,1786211683.842,TRACKING,0.617,0.000,0.000,0.00,0.450,-0.000,0.000,0.000,0.000,0.729,0.62,10.77567062,106.67087811,10.51,"10°46'32.41""N, 106°40'15.16""E",FIX,
00:54:43.914,1786211683.914,TRACKING,0.644,0.000,0.000,0.00,0.450,-0.000,0.000,0.000,0.000,0.792,0.64,10.77567062,106.67087811,10.51,"10°46'32.41""N, 106°40'15.16""E",FIX,
00:54:43.986,1786211683.987,TRACKING,0.671,0.000,0.000,0.00,0.450,-0.000,0.000,0.000,0.000,0.854,0.67,10.77567062,106.67087811,10.51,"10°46'32.41""N, 106°40'15.16""E",FIX,
00:54:44.056,1786211684.057,TRACKING,0.698,0.000,0.000,0.00,0.450,-0.000,0.000,0.000,0.000,0.937,0.70,10.77567062,106.67087811,10.51,"10°46'32.41""N, 106°40'15.16""E",FIX,
00:54:44.126,1786211684.126,TRACKING,0.725,0.000,0.000,0.00,0.450,-0.000,0.000,0.000,0.000,1.000,0.73,10.77567062,106.67087852,10.51,"10°46'32.41""N, 106°40'15.16""E",FIX,
00:54:44.199,1786211684.199,TRACKING,0.752,0.000,0.000,0.00,0.450,-0.000,0.000,0.000,0.000,1.000,0.75,10.77567062,106.67087852,10.51,"10°46'32.41""N, 106°40'15.16""E",FIX,
00:54:44.273,1786211684.274,TRACKING,0.788,0.000,0.000,0.00,0.450,-0.000,0.000,0.000,0.000,1.000,0.79,10.77567062,106.67087852,10.51,"10°46'32.41""N, 106°40'15.16""E",FIX,
00:54:44.345,1786211684.345,TRACKING,0.815,0.000,0.000,0.00,0.450,-0.000,0.000,0.000,0.000,1.000,0.82,10.77567062,106.67087893,10.51,"10°46'32.41""N, 106°40'15.16""E",FIX,
00:54:44.426,1786211684.426,TRACKING,0.851,0.000,0.000,0.00,0.450,-0.000,0.000,0.000,0.000,1.000,0.85,10.77567062,106.67087893,10.51,"10°46'32.41""N, 106°40'15.16""E",FIX,
00:54:44.496,1786211684.496,TRACKING,0.878,0.000,0.000,0.00,0.450,-0.000,0.000,0.000,0.000,1.000,0.88,10.77567062,106.67087893,10.51,"10°46'32.41""N, 106°40'15.16""E",FIX,
00:54:44.571,1786211684.572,TRACKING,0.905,0.000,0.000,0.00,0.450,-0.000,0.000,0.000,0.000,1.000,0.91,10.77567062,106.67087934,10.51,"10°46'32.41""N, 106°40'15.17""E",FIX,
00:54:44.639,1786211684.639,TRACKING,0.932,0.000,0.000,0.00,0.450,-0.000,0.000,0.000,0.000,1.000,0.93,10.77567062,106.67087934,10.51,"10°46'32.41""N, 106°40'15.17""E",FIX,
00:54:44.708,1786211684.709,TRACKING,0.968,0.000,0.000,0.00,0.450,-0.000,0.000,0.000,0.000,1.000,0.97,10.77567062,106.67087934,10.51,"10°46'32.41""N, 106°40'15.17""E",FIX,
00:54:44.780,1786211684.780,TRACKING,0.995,0.000,0.000,0.00,0.450,-0.000,0.000,0.000,0.000,1.000,1.00,10.77567062,106.67087975,10.51,"10°46'32.41""N, 106°40'15.17""E",FIX,
00:54:44.861,1786211684.861,TRACKING,1.031,0.000,0.000,0.00,0.450,-0.000,0.000,0.000,0.000,1.000,1.03,10.77567062,106.67087975,10.51,"10°46'32.41""N, 106°40'15.17""E",FIX,
00:54:44.926,1786211684.926,TRACKING,1.049,0.000,0.000,0.00,0.450,-0.000,0.000,0.000,0.000,1.000,1.05,10.77567062,106.67087975,10.51,"10°46'32.41""N, 106°40'15.17""E",FIX,
00:54:45.049,1786211685.050,TRACKING,1.085,0.000,0.000,0.00,0.450,-0.000,0.000,0.000,0.000,1.000,1.09,10.77567062,106.67088016,10.51,"10°46'32.41""N, 106°40'15.17""E",FIX,
00:54:45.085,1786211685.086,TRACKING,1.112,0.000,0.000,0.00,0.450,-0.000,0.000,0.000,0.000,1.000,1.11,10.77567062,106.67088016,10.51,"10°46'32.41""N, 106°40'15.17""E",FIX,
00:54:45.170,1786211685.171,TRACKING,1.148,0.000,0.000,0.00,0.450,-0.000,0.000,0.000,0.000,1.000,1.15,10.77567062,106.67088016,10.51,"10°46'32.41""N, 106°40'15.17""E",FIX,
00:54:45.243,1786211685.243,TRACKING,1.175,0.000,0.000,0.02,0.450,-0.049,0.000,0.000,0.000,1.000,1.18,10.77567062,106.67088058,10.51,"10°46'32.41""N, 106°40'15.17""E",FIX,
00:54:45.314,1786211685.314,TRACKING,1.202,-0.000,-0.002,0.01,0.450,0.013,0.000,0.000,0.000,1.000,1.20,10.77567062,106.67088058,10.51,"10°46'32.41""N, 106°40'15.17""E",FIX,
00:54:45.387,1786211685.388,TRACKING,1.238,-0.000,-0.002,0.01,0.450,0.009,0.000,0.000,0.000,1.000,1.24,10.77567062,106.67088058,10.51,"10°46'32.41""N, 106°40'15.17""E",FIX,
00:54:45.464,1786211685.464,TRACKING,1.265,-0.000,-0.002,0.01,0.450,0.005,0.000,0.000,0.000,1.000,1.27,10.77567062,106.67088099,10.51,"10°46'32.41""N, 106°40'15.17""E",FIX,
00:54:45.543,1786211685.544,TRACKING,1.292,-0.000,-0.001,0.00,0.450,0.004,0.000,0.000,0.000,1.000,1.29,10.77567062,106.67088099,10.51,"10°46'32.41""N, 106°40'15.17""E",FIX,
00:54:45.626,1786211685.626,TRACKING,1.319,-0.000,-0.001,0.00,0.450,0.002,0.000,0.000,0.000,1.000,1.32,10.77567062,106.67088099,10.51,"10°46'32.41""N, 106°40'15.17""E",FIX,
00:54:45.705,1786211685.706,TRACKING,1.355,-0.000,-0.001,-0.02,0.450,0.051,0.000,0.000,0.000,0.604,1.36,10.77567062,106.67088140,10.51,"10°46'32.41""N, 106°40'15.17""E",FIX,
00:54:45.776,1786211685.776,TRACKING,1.382,-0.000,0.001,-0.01,0.450,-0.014,0.000,0.000,0.000,0.667,1.38,10.77567062,106.67088140,10.51,"10°46'32.41""N, 106°40'15.17""E",FIX,
00:54:45.856,1786211685.856,TRACKING,1.409,-0.000,0.001,-0.01,0.450,-0.007,0.000,0.000,0.000,0.750,1.41,10.77567062,106.67088140,10.51,"10°46'32.41""N, 106°40'15.17""E",FIX,
00:54:45.930,1786211685.931,TRACKING,1.436,-0.000,0.001,-0.03,0.450,0.047,0.000,0.000,0.000,0.833,1.44,10.77567061,106.67088181,10.51,"10°46'32.41""N, 106°40'15.17""E",FIX,
00:54:46.002,1786211686.003,TRACKING,1.472,-0.000,0.003,-0.02,0.450,-0.017,0.000,0.000,0.000,0.896,1.47,10.77567061,106.67088181,10.51,"10°46'32.41""N, 106°40'15.17""E",FIX,
00:54:46.099,1786211686.100,TRACKING,1.508,-0.000,0.002,-0.01,0.450,-0.007,0.000,0.000,0.000,0.979,1.51,10.77567061,106.67088181,10.51,"10°46'32.41""N, 106°40'15.17""E",FIX,
00:54:46.173,1786211686.173,TRACKING,1.526,-0.000,0.001,-0.01,0.450,-0.008,0.000,0.000,0.000,1.000,1.53,10.77567062,106.67088222,10.51,"10°46'32.41""N, 106°40'15.18""E",FIX,
00:54:46.244,1786211686.244,TRACKING,1.562,0.000,0.001,-0.03,0.450,0.050,0.000,0.000,0.000,1.000,1.56,10.77567062,106.67088222,10.51,"10°46'32.41""N, 106°40'15.18""E",FIX,
00:54:46.333,1786211686.333,TRACKING,1.598,0.000,0.004,-0.02,0.450,-0.010,0.000,0.000,0.000,1.000,1.60,10.77567062,106.67088222,10.51,"10°46'32.41""N, 106°40'15.18""E",FIX,
00:54:46.399,1786211686.400,TRACKING,1.616,0.000,0.005,0.01,0.450,-0.075,0.000,0.000,0.000,1.000,1.62,10.77567062,106.67088263,10.51,"10°46'32.41""N, 106°40'15.18""E",FIX,
00:54:46.479,1786211686.480,TRACKING,1.652,0.000,0.001,-0.02,0.450,0.053,0.000,0.000,0.000,1.000,1.65,10.77567062,106.67088263,10.51,"10°46'32.41""N, 106°40'15.18""E",FIX,
00:54:46.542,1786211686.543,TRACKING,1.679,0.000,0.001,-0.03,0.450,0.053,0.000,0.000,0.000,1.000,1.68,10.77567062,106.67088263,10.51,"10°46'32.41""N, 106°40'15.18""E",FIX,
00:54:46.626,1786211686.626,TRACKING,1.706,0.000,0.004,0.00,0.450,-0.064,0.000,0.000,0.000,1.000,1.71,10.77567062,106.67088304,10.51,"10°46'32.41""N, 106°40'15.18""E",FIX,
00:54:46.712,1786211686.712,TRACKING,1.742,0.001,0.002,0.00,0.450,0.001,0.000,0.000,0.000,1.000,1.74,10.77567062,106.67088304,10.51,"10°46'32.41""N, 106°40'15.18""E",FIX,
00:54:46.778,1786211686.778,TRACKING,1.769,0.001,0.001,-0.02,0.450,0.060,0.000,0.000,0.000,1.000,1.77,10.77567062,106.67088304,10.51,"10°46'32.41""N, 106°40'15.18""E",FIX,
00:54:46.861,1786211686.862,TRACKING,1.796,0.001,0.004,-0.01,0.450,-0.011,0.000,0.000,0.000,1.000,1.80,10.77567062,106.67088346,10.51,"10°46'32.41""N, 106°40'15.18""E",FIX,
00:54:46.940,1786211686.940,TRACKING,1.832,0.001,0.005,0.01,0.450,-0.061,0.000,0.000,0.000,1.000,1.83,10.77567062,106.67088346,10.51,"10°46'32.41""N, 106°40'15.18""E",FIX,
00:54:47.011,1786211687.012,TRACKING,1.859,0.001,0.002,0.01,0.450,0.008,0.000,0.000,0.000,1.000,1.86,10.77567062,106.67088346,10.51,"10°46'32.41""N, 106°40'15.18""E",FIX,
00:54:47.089,1786211687.090,TRACKING,1.886,0.001,0.001,-0.02,0.450,0.057,0.000,0.000,0.000,1.000,1.89,10.77567062,106.67088387,10.51,"10°46'32.41""N, 106°40'15.18""E",FIX,
00:54:47.172,1786211687.172,TRACKING,1.913,0.001,0.004,-0.01,0.450,-0.009,0.000,0.000,0.000,1.000,1.91,10.77567062,106.67088387,10.51,"10°46'32.41""N, 106°40'15.18""E",FIX,
00:54:47.259,1786211687.260,TRACKING,1.949,0.001,0.004,-0.01,0.450,-0.005,0.000,0.000,0.000,1.000,1.95,10.77567062,106.67088387,10.51,"10°46'32.41""N, 106°40'15.18""E",FIX,
00:54:47.341,1786211687.341,TRACKING,1.976,0.001,0.004,-0.00,0.450,-0.004,0.000,0.000,0.000,1.000,1.98,10.77567062,106.67088428,10.51,"10°46'32.41""N, 106°40'15.18""E",FIX,
00:54:47.406,1786211687.406,TRACKING,2.003,0.001,0.004,-0.00,0.450,-0.003,0.000,0.000,0.000,1.000,2.00,10.77567062,106.67088428,10.51,"10°46'32.41""N, 106°40'15.18""E",FIX,
00:54:47.487,1786211687.488,TRACKING,2.039,0.001,0.003,0.02,0.450,-0.050,0.000,0.000,0.000,1.000,2.04,10.77567062,106.67088428,10.51,"10°46'32.41""N, 106°40'15.18""E",FIX,
00:54:47.573,1786211687.573,TRACKING,2.075,0.002,0.000,0.06,0.450,-0.081,0.000,0.000,0.000,1.000,2.08,10.77567062,106.67088469,10.51,"10°46'32.41""N, 106°40'15.18""E",FIX,
00:54:47.653,1786211687.653,TRACKING,2.093,0.002,-0.003,0.06,0.450,-0.021,0.000,0.000,0.000,1.000,2.09,10.77567062,106.67088469,10.51,"10°46'32.41""N, 106°40'15.18""E",FIX,
00:54:47.751,1786211687.751,TRACKING,2.129,0.001,-0.006,0.04,0.450,0.027,0.000,0.000,0.000,0.583,2.13,10.77567062,106.67088469,10.51,"10°46'32.41""N, 106°40'15.18""E",FIX,
00:54:47.841,1786211687.841,TRACKING,2.165,0.001,-0.005,0.03,0.450,0.018,0.000,0.000,0.000,0.646,2.17,10.77567062,106.67088510,10.51,"10°46'32.41""N, 106°40'15.19""E",FIX,
00:54:47.896,1786211687.896,TRACKING,2.183,0.001,-0.004,0.04,0.450,-0.053,0.000,0.000,0.000,0.708,2.18,10.77567062,106.67088510,10.51,"10°46'32.41""N, 106°40'15.19""E",FIX,
00:54:47.981,1786211687.982,TRACKING,2.210,0.001,-0.006,0.03,0.450,0.021,0.000,0.000,0.000,0.771,2.21,10.77567062,106.67088510,10.51,"10°46'32.41""N, 106°40'15.19""E",FIX,
00:54:48.065,1786211688.066,TRACKING,2.246,0.001,-0.006,0.02,0.450,0.015,0.000,0.000,0.000,0.854,2.25,10.77567062,106.67088551,10.51,"10°46'32.41""N, 106°40'15.19""E",FIX,
00:54:48.136,1786211688.137,TRACKING,2.273,0.000,-0.005,0.01,0.450,0.009,0.000,0.000,0.000,0.917,2.27,10.77567062,106.67088551,10.51,"10°46'32.41""N, 106°40'15.19""E",FIX,
00:54:48.224,1786211688.224,TRACKING,2.309,0.000,-0.005,0.01,0.450,0.004,0.000,0.000,0.000,1.000,2.31,10.77567062,106.67088551,10.51,"10°46'32.41""N, 106°40'15.19""E",FIX,
00:54:48.284,1786211688.285,TRACKING,2.336,0.000,-0.004,0.03,0.450,-0.051,0.000,0.000,0.000,1.000,2.34,10.77567062,106.67088593,10.51,"10°46'32.41""N, 106°40'15.19""E",FIX,
00:54:48.364,1786211688.365,TRACKING,2.363,0.000,-0.006,0.02,0.450,0.014,0.000,0.000,0.000,1.000,2.36,10.77567062,106.67088593,10.51,"10°46'32.41""N, 106°40'15.19""E",FIX,
00:54:48.431,1786211688.431,TRACKING,2.390,-0.000,-0.007,-0.01,0.450,0.076,0.000,0.000,0.000,1.000,2.39,10.77567062,106.67088593,10.51,"10°46'32.41""N, 106°40'15.19""E",FIX,
00:54:48.521,1786211688.521,TRACKING,2.426,-0.000,-0.003,0.02,0.450,-0.047,0.000,0.000,0.000,1.000,2.43,10.77567062,106.67088634,10.51,"10°46'32.41""N, 106°40'15.19""E",FIX,
00:54:48.602,1786211688.602,TRACKING,2.453,-0.000,-0.003,0.03,0.450,-0.053,0.000,0.000,0.000,1.000,2.45,10.77567062,106.67088634,10.51,"10°46'32.41""N, 106°40'15.19""E",FIX,
00:54:48.665,1786211688.666,TRACKING,2.480,-0.000,-0.006,0.02,0.450,0.015,0.000,0.000,0.000,1.000,2.48,10.77567062,106.67088634,10.51,"10°46'32.41""N, 106°40'15.19""E",FIX,
00:54:48.751,1786211688.751,TRACKING,2.516,-0.001,-0.006,0.01,0.450,0.010,0.000,0.000,0.000,1.000,2.52,10.77567062,106.67088675,10.51,"10°46'32.41""N, 106°40'15.19""E",FIX,
00:54:48.814,1786211688.815,TRACKING,2.543,-0.001,-0.006,0.01,0.450,0.009,0.000,0.000,0.000,1.000,2.54,10.77567062,106.67088675,10.51,"10°46'32.41""N, 106°40'15.19""E",FIX,
00:54:48.894,1786211688.895,TRACKING,2.570,-0.001,-0.005,0.01,0.450,0.005,0.000,0.000,0.000,1.000,2.57,10.77567062,106.67088675,10.51,"10°46'32.41""N, 106°40'15.19""E",FIX,
00:54:48.984,1786211688.984,TRACKING,2.606,-0.001,-0.005,0.00,0.450,0.002,0.000,0.000,0.000,1.000,2.61,10.77567062,106.67088716,10.51,"10°46'32.41""N, 106°40'15.19""E",FIX,
00:54:49.044,1786211689.044,TRACKING,2.633,-0.001,-0.004,0.00,0.450,0.003,0.000,0.000,0.000,1.000,2.63,10.77567062,106.67088716,10.51,"10°46'32.41""N, 106°40'15.19""E",FIX,
00:54:49.125,1786211689.125,TRACKING,2.660,-0.001,-0.004,0.00,0.450,0.001,0.000,0.000,0.000,1.000,2.66,10.77567062,106.67088716,10.51,"10°46'32.41""N, 106°40'15.19""E",FIX,
00:54:49.187,1786211689.188,TRACKING,2.687,-0.002,-0.004,0.00,0.450,0.001,0.000,0.000,0.000,1.000,2.69,10.77567061,106.67088757,10.51,"10°46'32.41""N, 106°40'15.20""E",FIX,
00:54:49.272,1786211689.272,TRACKING,2.714,-0.002,-0.004,0.00,0.450,0.001,0.000,0.000,0.000,1.000,2.71,10.77567061,106.67088757,10.51,"10°46'32.41""N, 106°40'15.20""E",FIX,
00:54:49.356,1786211689.357,TRACKING,2.750,-0.002,-0.004,0.00,0.450,0.000,0.000,0.000,0.000,1.000,2.75,10.77567061,106.67088757,10.51,"10°46'32.41""N, 106°40'15.20""E",FIX,
00:54:49.422,1786211689.422,TRACKING,2.777,-0.002,-0.004,0.00,0.450,0.000,0.000,0.000,0.000,1.000,2.78,10.77567061,106.67088798,10.51,"10°46'32.41""N, 106°40'15.20""E",FIX,
00:54:49.508,1786211689.509,TRACKING,2.804,-0.002,-0.004,0.00,0.450,0.000,0.000,0.000,0.000,1.000,2.80,10.77567061,106.67088798,10.51,"10°46'32.41""N, 106°40'15.20""E",FIX,
00:54:49.588,1786211689.588,TRACKING,2.831,-0.002,-0.004,0.00,0.450,0.000,0.000,0.000,0.000,1.000,2.83,10.77567061,106.67088798,10.51,"10°46'32.41""N, 106°40'15.20""E",FIX,
00:54:49.684,1786211689.684,TRACKING,2.867,-0.002,-0.004,0.00,0.450,0.000,0.000,0.000,0.000,1.000,2.87,10.77567061,106.67088839,10.51,"10°46'32.41""N, 106°40'15.20""E",FIX,
00:54:49.762,1786211689.763,TRACKING,2.894,-0.002,-0.004,-0.02,0.450,0.052,0.000,0.000,0.000,0.854,2.89,10.77567061,106.67088839,10.51,"10°46'32.41""N, 106°40'15.20""E",FIX,
00:54:49.836,1786211689.837,TRACKING,2.921,-0.002,-0.002,-0.01,0.450,-0.013,0.000,0.000,0.000,0.521,2.92,10.77567061,106.67088839,10.51,"10°46'32.41""N, 106°40'15.20""E",FIX,
00:54:49.925,1786211689.926,TRACKING,2.957,-0.002,-0.001,-0.01,0.450,-0.007,0.000,0.000,0.000,0.583,2.96,10.77567061,106.67088881,10.51,"10°46'32.41""N, 106°40'15.20""E",FIX,
00:54:50.003,1786211690.004,TRACKING,2.993,-0.003,-0.002,-0.01,0.450,-0.005,0.000,0.000,0.000,0.667,2.99,10.77567061,106.67088881,10.51,"10°46'32.41""N, 106°40'15.20""E",FIX,
00:54:50.070,1786211690.071,TRACKING,3.011,-0.003,-0.002,-0.00,0.450,-0.004,0.000,0.000,0.000,0.750,3.01,10.77567061,106.67088881,10.51,"10°46'32.41""N, 106°40'15.20""E",FIX,
00:54:50.142,1786211690.142,TRACKING,3.047,-0.003,-0.002,-0.00,0.450,-0.002,0.000,0.000,0.000,0.812,3.05,10.77567061,106.67088922,10.51,"10°46'32.41""N, 106°40'15.20""E",FIX,
00:54:50.224,1786211690.224,TRACKING,3.074,-0.003,-0.002,-0.00,0.450,-0.001,0.000,0.000,0.000,0.875,3.07,10.77567061,106.67088922,10.51,"10°46'32.41""N, 106°40'15.20""E",FIX,
00:54:50.302,1786211690.303,TRACKING,3.101,-0.003,-0.002,-0.00,0.450,-0.001,0.000,0.000,0.000,0.958,3.10,10.77567061,106.67088922,10.51,"10°46'32.41""N, 106°40'15.20""E",FIX,
00:54:50.379,1786211690.379,TRACKING,3.137,-0.003,-0.003,-0.00,0.450,-0.001,0.000,0.000,0.000,1.000,3.14,10.77567061,106.67088963,10.51,"10°46'32.41""N, 106°40'15.20""E",FIX,
00:54:50.463,1786211690.464,TRACKING,3.164,-0.003,-0.003,-0.00,0.450,-0.000,0.000,0.000,0.000,1.000,3.16,10.77567061,106.67088963,10.51,"10°46'32.41""N, 106°40'15.20""E",FIX,
00:54:50.535,1786211690.536,TRACKING,3.191,-0.003,-0.003,-0.02,0.450,0.061,0.000,0.000,0.000,1.000,3.19,10.77567061,106.67088963,10.51,"10°46'32.41""N, 106°40'15.20""E",FIX,
00:54:50.611,1786211690.611,TRACKING,3.218,-0.003,-0.000,-0.02,0.450,-0.012,0.000,0.000,0.000,1.000,3.22,10.77567061,106.67088963,10.51,"10°46'32.41""N, 106°40'15.20""E",FIX,
00:54:50.678,1786211690.678,TRACKING,3.254,-0.003,0.001,0.01,0.450,-0.062,0.000,0.000,0.000,1.000,3.25,10.77567061,106.67089004,10.51,"10°46'32.41""N, 106°40'15.20""E",FIX,
00:54:50.752,1786211690.752,TRACKING,3.281,-0.003,-0.002,-0.01,0.450,0.059,0.000,0.000,0.000,1.000,3.28,10.77567061,106.67089004,10.51,"10°46'32.41""N, 106°40'15.20""E",FIX,
00:54:50.841,1786211690.842,TRACKING,3.317,-0.003,-0.000,-0.01,0.450,-0.005,0.000,0.000,0.000,1.000,3.32,10.77567061,106.67089045,10.51,"10°46'32.41""N, 106°40'15.21""E",FIX,
00:54:50.898,1786211690.899,TRACKING,3.335,-0.003,0.001,0.02,0.450,-0.080,0.000,0.000,0.000,1.000,3.34,10.77567061,106.67089045,10.51,"10°46'32.41""N, 106°40'15.21""E",FIX,
00:54:50.988,1786211690.989,TRACKING,3.380,-0.003,-0.005,-0.01,0.450,0.049,0.000,0.000,0.000,1.000,3.38,10.77567061,106.67089045,10.51,"10°46'32.41""N, 106°40'15.21""E",FIX,
00:54:51.088,1786211691.089,TRACKING,3.407,-0.003,-0.003,-0.03,0.450,0.048,0.000,0.000,0.000,1.000,3.41,10.77567061,106.67089086,10.51,"10°46'32.41""N, 106°40'15.21""E",FIX,
00:54:51.203,1786211691.203,TRACKING,3.434,-0.003,-0.000,-0.02,0.450,-0.017,0.000,0.000,0.000,1.000,3.43,10.77567061,106.67089086,10.51,"10°46'32.41""N, 106°40'15.21""E",FIX,
00:54:51.310,1786211691.311,TRACKING,3.470,-0.003,-0.001,-0.01,0.450,-0.009,0.000,0.000,0.000,1.000,3.47,10.77567061,106.67089086,10.51,"10°46'32.41""N, 106°40'15.21""E",FIX,
00:54:51.395,1786211691.396,TRACKING,3.497,-0.003,-0.001,-0.01,0.450,-0.007,0.000,0.000,0.000,1.000,3.50,10.77567062,106.67089127,10.51,"10°46'32.41""N, 106°40'15.21""E",FIX,
00:54:51.474,1786211691.475,TRACKING,3.524,-0.003,-0.002,-0.01,0.450,-0.006,0.000,0.000,0.000,1.000,3.52,10.77567062,106.67089127,10.51,"10°46'32.41""N, 106°40'15.21""E",FIX,
00:54:51.558,1786211691.558,TRACKING,3.551,-0.003,-0.002,-0.00,0.450,-0.003,0.000,0.000,0.000,1.000,3.55,10.77567062,106.67089127,10.51,"10°46'32.41""N, 106°40'15.21""E",FIX,
00:54:51.642,1786211691.643,TRACKING,3.587,-0.003,-0.002,-0.00,0.450,-0.002,0.000,0.000,0.000,1.000,3.59,10.77567062,106.67089169,10.51,"10°46'32.41""N, 106°40'15.21""E",FIX,
00:54:51.699,1786211691.699,TRACKING,3.605,-0.004,-0.002,-0.01,0.450,0.033,0.000,0.000,0.000,1.000,3.61,10.77567062,106.67089169,10.51,"10°46'32.41""N, 106°40'15.21""E",FIX,
00:54:51.781,1786211691.782,TRACKING,3.641,-0.004,-0.001,-0.01,0.450,-0.005,0.000,0.000,0.000,1.000,3.64,10.77567062,106.67089169,10.51,"10°46'32.41""N, 106°40'15.21""E",FIX,
00:54:51.851,1786211691.851,TRACKING,3.668,-0.004,-0.000,-0.01,0.450,-0.006,0.000,0.000,0.000,1.000,3.67,10.77567062,106.67089169,10.51,"10°46'32.41""N, 106°40'15.21""E",FIX,
00:54:51.921,1786211691.921,TRACKING,3.695,-0.004,-0.001,-0.00,0.450,-0.003,0.000,0.000,0.000,1.000,3.70,10.77567062,106.67089210,10.51,"10°46'32.41""N, 106°40'15.21""E",FIX,
00:54:52.003,1786211692.004,TRACKING,3.731,-0.004,-0.001,0.02,0.450,-0.051,0.000,0.000,0.000,0.562,3.73,10.77567062,106.67089210,10.51,"10°46'32.41""N, 106°40'15.21""E",FIX,
00:54:52.140,1786211692.140,TRACKING,3.758,-0.004,-0.003,0.01,0.450,0.009,0.000,0.000,0.000,0.625,3.76,10.77567062,106.67089210,10.51,"10°46'32.41""N, 106°40'15.21""E",FIX,
00:54:52.248,1786211692.248,TRACKING,3.785,-0.004,-0.004,-0.01,0.450,0.073,0.000,0.000,0.000,0.687,3.79,10.77567062,106.67089251,10.51,"10°46'32.41""N, 106°40'15.21""E",FIX,
00:54:52.364,1786211692.365,TRACKING,3.812,-0.004,-0.001,0.01,0.450,-0.058,0.000,0.000,0.000,0.750,3.81,10.77567062,106.67089251,10.51,"10°46'32.41""N, 106°40'15.21""E",FIX,
00:54:52.418,1786211692.418,TRACKING,3.848,-0.004,0.001,0.03,0.450,-0.048,0.000,0.000,0.000,0.833,3.85,10.77567062,106.67089251,10.51,"10°46'32.41""N, 106°40'15.21""E",FIX,
00:54:52.505,1786211692.506,TRACKING,3.884,-0.004,-0.003,0.02,0.450,0.013,0.000,0.000,0.000,0.917,3.88,10.77567061,106.67089292,10.51,"10°46'32.41""N, 106°40'15.21""E",FIX,
00:54:52.608,1786211692.608,TRACKING,3.911,-0.004,-0.003,-0.01,0.450,0.061,0.000,0.000,0.000,0.979,3.91,10.77567061,106.67089292,10.51,"10°46'32.41""N, 106°40'15.21""E",FIX,
00:54:52.684,1786211692.685,TRACKING,3.938,-0.004,-0.001,-0.01,0.450,-0.006,0.000,0.000,0.000,1.000,3.94,10.77567061,106.67089292,10.51,"10°46'32.41""N, 106°40'15.21""E",FIX,
00:54:52.770,1786211692.770,TRACKING,3.965,-0.004,0.000,0.02,0.450,-0.054,0.000,0.000,0.000,1.000,3.97,10.77567061,106.67089333,10.51,"10°46'32.41""N, 106°40'15.22""E",FIX,
00:54:52.844,1786211692.844,TRACKING,3.992,-0.004,-0.001,0.01,0.450,0.012,0.000,0.000,0.000,1.000,3.99,10.77567061,106.67089333,10.51,"10°46'32.41""N, 106°40'15.22""E",FIX,
00:54:52.939,1786211692.940,TRACKING,4.028,-0.004,-0.002,0.01,0.450,0.005,0.000,0.000,0.000,1.000,4.03,10.77567061,106.67089333,10.51,"10°46'32.41""N, 106°40'15.22""E",FIX,
00:54:53.022,1786211693.023,TRACKING,4.064,-0.004,-0.001,0.01,0.450,0.004,0.000,0.000,0.000,1.000,4.06,10.77567061,106.67089374,10.51,"10°46'32.41""N, 106°40'15.22""E",FIX,
00:54:53.115,1786211693.115,TRACKING,4.091,-0.004,-0.001,0.00,0.450,0.003,0.000,0.000,0.000,1.000,4.09,10.77567061,106.67089374,10.51,"10°46'32.41""N, 106°40'15.22""E",FIX,
00:54:53.190,1786211693.190,TRACKING,4.118,-0.004,-0.001,0.01,0.450,-0.025,0.000,0.000,0.000,1.000,4.12,10.77567061,106.67089374,10.51,"10°46'32.41""N, 106°40'15.22""E",FIX,
00:54:53.255,1786211693.256,TRACKING,4.145,-0.004,-0.002,0.01,0.450,0.010,0.000,0.000,0.000,1.000,4.15,10.77567061,106.67089415,10.51,"10°46'32.41""N, 106°40'15.22""E",FIX,
00:54:53.341,1786211693.342,TRACKING,4.181,-0.004,-0.002,0.01,0.450,0.004,0.000,0.000,0.000,1.000,4.18,10.77567061,106.67089415,10.51,"10°46'32.41""N, 106°40'15.22""E",FIX,
00:54:53.410,1786211693.410,TRACKING,4.199,-0.004,-0.002,0.00,0.450,0.004,0.000,0.000,0.000,1.000,4.20,10.77567061,106.67089415,10.51,"10°46'32.41""N, 106°40'15.22""E",FIX,
00:54:53.512,1786211693.513,TRACKING,4.244,-0.004,-0.001,0.00,0.450,0.001,0.000,0.000,0.000,1.000,4.24,10.77567061,106.67089457,10.51,"10°46'32.41""N, 106°40'15.22""E",FIX,
00:54:53.583,1786211693.584,TRACKING,4.262,-0.004,-0.001,0.00,0.450,0.002,0.000,0.000,0.000,1.000,4.26,10.77567061,106.67089457,10.51,"10°46'32.41""N, 106°40'15.22""E",FIX,
00:54:53.677,1786211693.677,TRACKING,4.298,-0.005,-0.001,0.02,0.450,-0.045,0.000,0.000,0.000,1.000,4.30,10.77567061,106.67089457,10.51,"10°46'32.41""N, 106°40'15.22""E",FIX,
00:54:53.754,1786211693.755,TRACKING,4.325,-0.005,-0.003,0.02,0.450,0.012,0.000,0.000,0.000,1.000,4.33,10.77567061,106.67089498,10.51,"10°46'32.41""N, 106°40'15.22""E",FIX,
00:54:53.834,1786211693.834,TRACKING,4.352,-0.005,-0.003,0.01,0.450,0.010,0.000,0.000,0.000,1.000,4.35,10.77567061,106.67089498,10.51,"10°46'32.41""N, 106°40'15.22""E",FIX,
00:54:53.937,1786211693.938,TRACKING,4.388,-0.005,-0.002,0.01,0.450,0.004,0.000,0.000,0.000,1.000,4.39,10.77567061,106.67089498,10.51,"10°46'32.41""N, 106°40'15.22""E",FIX,
00:54:54.016,1786211694.016,TRACKING,4.415,-0.005,-0.002,0.00,0.450,0.004,0.000,0.000,0.000,1.000,4.42,10.77567061,106.67089539,10.51,"10°46'32.41""N, 106°40'15.22""E",FIX,
00:54:54.094,1786211694.095,TRACKING,4.442,-0.005,-0.002,0.00,0.450,0.003,0.000,0.000,0.000,1.000,4.44,10.77567061,106.67089539,10.51,"10°46'32.41""N, 106°40'15.22""E",FIX,
00:54:54.178,1786211694.179,TRACKING,4.469,-0.005,-0.002,0.00,0.450,0.002,0.000,0.000,0.000,1.000,4.47,10.77567061,106.67089539,10.51,"10°46'32.41""N, 106°40'15.22""E",FIX,
00:54:54.257,1786211694.257,TRACKING,4.496,-0.005,-0.002,0.00,0.450,0.001,0.000,0.000,0.000,1.000,4.50,10.77567061,106.67089580,10.51,"10°46'32.41""N, 106°40'15.22""E",FIX,
00:54:54.348,1786211694.348,TRACKING,4.532,-0.005,-0.001,0.02,0.450,-0.053,0.000,0.000,0.000,0.583,4.53,10.77567061,106.67089580,10.51,"10°46'32.41""N, 106°40'15.22""E",FIX,
00:54:54.433,1786211694.433,TRACKING,4.559,-0.005,-0.004,-0.01,0.450,0.062,0.000,0.000,0.000,0.646,4.56,10.77567061,106.67089580,10.51,"10°46'32.41""N, 106°40'15.22""E",FIX,
00:54:54.510,1786211694.511,TRACKING,4.586,-0.005,-0.003,-0.00,0.450,-0.004,0.000,0.000,0.000,0.708,4.59,10.77567061,106.67089621,10.51,"10°46'32.41""N, 106°40'15.23""E",FIX,
00:54:54.583,1786211694.584,TRACKING,4.613,-0.005,-0.001,0.02,0.450,-0.059,0.000,0.000,0.000,0.771,4.61,10.77567061,106.67089621,10.51,"10°46'32.41""N, 106°40'15.23""E",FIX,
00:54:54.676,1786211694.676,TRACKING,4.649,-0.005,-0.004,0.01,0.450,0.009,0.000,0.000,0.000,0.833,4.65,10.77567061,106.67089621,10.51,"10°46'32.41""N, 106°40'15.23""E",FIX,
00:54:54.765,1786211694.765,TRACKING,4.676,-0.005,-0.005,-0.01,0.450,0.060,0.000,0.000,0.000,0.917,4.68,10.77567061,106.67089662,10.51,"10°46'32.41""N, 106°40'15.23""E",FIX,
00:54:54.839,1786211694.839,TRACKING,4.703,-0.006,-0.003,-0.01,0.450,-0.009,0.000,0.000,0.000,1.000,4.70,10.77567061,106.67089662,10.51,"10°46'32.41""N, 106°40'15.23""E",FIX,
00:54:54.920,1786211694.920,TRACKING,4.739,-0.006,-0.001,0.02,0.450,-0.055,0.000,0.000,0.000,1.000,4.74,10.77567061,106.67089662,10.51,"10°46'32.41""N, 106°40'15.23""E",FIX,
00:54:55.004,1786211695.004,TRACKING,4.766,-0.006,-0.004,-0.01,0.450,0.063,0.000,0.000,0.000,1.000,4.77,10.77567061,106.67089703,10.51,"10°46'32.41""N, 106°40'15.23""E",FIX,
00:54:55.092,1786211695.092,TRACKING,4.793,-0.006,-0.003,-0.01,0.450,-0.006,0.000,0.000,0.000,1.000,4.79,10.77567061,106.67089703,10.51,"10°46'32.41""N, 106°40'15.23""E",FIX,
00:54:55.183,1786211695.183,TRACKING,4.829,-0.006,-0.001,0.02,0.450,-0.049,0.000,0.000,0.000,1.000,4.83,10.77567061,106.67089703,10.51,"10°46'32.41""N, 106°40'15.23""E",FIX,
00:54:55.282,1786211695.283,TRACKING,4.856,-0.006,-0.003,0.01,0.450,0.011,0.000,0.000,0.000,1.000,4.86,10.77567061,106.67089745,10.51,"10°46'32.41""N, 106°40'15.23""E",FIX,
00:54:55.369,1786211695.370,TRACKING,4.892,-0.006,-0.004,0.01,0.450,0.005,0.000,0.000,0.000,1.000,4.89,10.77567061,106.67089745,10.51,"10°46'32.41""N, 106°40'15.23""E",FIX,
00:54:55.439,1786211695.439,TRACKING,4.919,-0.006,-0.004,0.00,0.450,0.005,0.000,0.000,0.000,1.000,4.92,10.77567061,106.67089745,10.51,"10°46'32.41""N, 106°40'15.23""E",FIX,
00:54:55.524,1786211695.525,TRACKING,4.946,-0.006,-0.003,0.00,0.450,0.003,0.000,0.000,0.000,1.000,4.95,10.77567061,106.67089786,10.51,"10°46'32.41""N, 106°40'15.23""E",FIX,
00:54:55.608,1786211695.608,TRACKING,4.982,-0.006,-0.003,0.00,0.450,0.001,0.000,0.000,0.000,1.000,4.98,10.77567061,106.67089786,10.51,"10°46'32.41""N, 106°40'15.23""E",FIX,
00:54:55.697,1786211695.698,TRACKING,5.009,-0.006,-0.003,0.00,0.450,0.001,0.000,0.000,0.000,1.000,5.01,10.77567061,106.67089786,10.51,"10°46'32.41""N, 106°40'15.23""E",FIX,
00:54:55.807,1786211695.807,TRACKING,5.036,-0.007,-0.003,0.00,0.450,0.001,0.000,0.000,0.000,1.000,5.04,10.77567061,106.67089827,10.51,"10°46'32.41""N, 106°40'15.23""E",FIX,
00:54:55.897,1786211695.897,TRACKING,5.063,-0.007,-0.003,0.00,0.450,0.000,0.000,0.000,0.000,1.000,5.06,10.77567061,106.67089827,10.51,"10°46'32.41""N, 106°40'15.23""E",FIX,
00:54:55.964,1786211695.965,TRACKING,5.090,-0.007,-0.003,0.00,0.450,0.000,0.000,0.000,0.000,1.000,5.09,10.77567061,106.67089827,10.51,"10°46'32.41""N, 106°40'15.23""E",FIX,
00:54:56.051,1786211696.051,TRACKING,5.126,-0.007,-0.003,0.00,0.450,0.000,0.000,0.000,0.000,1.000,5.13,10.77567061,106.67089868,10.51,"10°46'32.41""N, 106°40'15.24""E",FIX,
00:54:56.125,1786211696.125,TRACKING,5.162,-0.007,-0.003,0.00,0.450,0.000,0.000,0.000,0.000,1.000,5.16,10.77567061,106.67089868,10.51,"10°46'32.41""N, 106°40'15.24""E",FIX,
00:54:56.211,1786211696.212,TRACKING,5.189,-0.007,-0.003,0.00,0.450,0.000,0.000,0.000,0.000,1.000,5.19,10.77567061,106.67089868,10.51,"10°46'32.41""N, 106°40'15.24""E",FIX,
00:54:56.267,1786211696.267,TRACKING,5.216,-0.007,-0.003,0.00,0.450,0.000,0.000,0.000,0.000,1.000,5.22,10.77567061,106.67089909,10.51,"10°46'32.41""N, 106°40'15.24""E",FIX,
00:54:56.339,1786211696.340,TRACKING,5.243,-0.007,-0.003,0.00,0.450,0.000,0.000,0.000,0.000,1.000,5.24,10.77567061,106.67089909,10.51,"10°46'32.41""N, 106°40'15.24""E",FIX,
00:54:56.426,1786211696.426,TRACKING,5.279,-0.007,-0.003,-0.02,0.450,0.046,0.000,0.000,0.000,1.000,5.28,10.77567061,106.67089909,10.51,"10°46'32.41""N, 106°40'15.24""E",FIX,
00:54:56.511,1786211696.511,TRACKING,5.306,-0.007,-0.001,-0.06,0.450,0.088,0.000,0.000,0.000,1.000,5.31,10.77567061,106.67089950,10.51,"10°46'32.41""N, 106°40'15.24""E",FIX,
00:54:56.570,1786211696.571,TRACKING,5.333,-0.007,0.004,-0.06,0.450,0.021,0.000,0.000,0.000,0.562,5.33,10.77567061,106.67089950,10.51,"10°46'32.41""N, 106°40'15.24""E",FIX,
00:54:56.657,1786211696.657,TRACKING,5.360,-0.007,0.006,-0.04,0.450,-0.033,0.000,0.000,0.000,0.625,5.36,10.77567061,106.67089950,10.51,"10°46'32.41""N, 106°40'15.24""E",FIX,
00:54:56.750,1786211696.750,TRACKING,5.387,-0.007,0.005,-0.05,0.450,0.031,0.000,0.000,0.000,0.687,5.39,10.77567060,106.67089991,10.51,"10°46'32.41""N, 106°40'15.24""E",FIX,
00:54:56.841,1786211696.842,TRACKING,5.423,-0.007,0.006,-0.05,0.450,0.024,0.000,0.000,0.000,0.771,5.42,10.77567060,106.67089991,10.51,"10°46'32.41""N, 106°40'15.24""E",FIX,
00:54:56.932,1786211696.933,TRACKING,5.450,-0.007,0.007,-0.04,0.450,-0.033,0.000,0.000,0.000,0.833,5.45,10.77567060,106.67089991,10.51,"10°46'32.41""N, 106°40'15.24""E",FIX,
00:54:57.027,1786211697.027,TRACKING,5.486,-0.006,0.006,-0.02,0.450,-0.016,0.000,0.000,0.000,0.917,5.49,10.77567060,106.67090033,10.51,"10°46'32.41""N, 106°40'15.24""E",FIX,
00:54:57.115,1786211697.115,TRACKING,5.513,-0.006,0.005,-0.04,0.450,0.042,0.000,0.000,0.000,1.000,5.51,10.77567060,106.67090033,10.51,"10°46'32.41""N, 106°40'15.24""E",FIX,
00:54:57.190,1786211697.190,TRACKING,5.540,-0.006,0.006,-0.02,0.450,-0.023,0.000,0.000,0.000,1.000,5.54,10.77567060,106.67090033,10.51,"10°46'32.41""N, 106°40'15.24""E",FIX,
00:54:57.284,1786211697.284,TRACKING,5.576,-0.006,0.006,-0.02,0.450,-0.012,0.000,0.000,0.000,1.000,5.58,10.77567060,106.67090074,10.51,"10°46'32.41""N, 106°40'15.24""E",FIX,
00:54:57.355,1786211697.355,TRACKING,5.594,-0.006,0.005,-0.03,0.450,0.050,0.000,0.000,0.000,1.000,5.59,10.77567060,106.67090074,10.51,"10°46'32.41""N, 106°40'15.24""E",FIX,
00:54:57.452,1786211697.452,TRACKING,5.630,-0.006,0.007,-0.02,0.450,-0.017,0.000,0.000,0.000,1.000,5.63,10.77567060,106.67090074,10.51,"10°46'32.41""N, 106°40'15.24""E",FIX,
00:54:57.542,1786211697.542,TRACKING,5.657,-0.005,0.008,-0.01,0.450,-0.011,0.000,0.000,0.000,1.000,5.66,10.77567061,106.67090115,10.51,"10°46'32.41""N, 106°40'15.24""E",FIX,
00:54:57.618,1786211697.618,TRACKING,5.684,-0.005,0.007,-0.01,0.450,-0.008,0.000,0.000,0.000,1.000,5.68,10.77567061,106.67090115,10.51,"10°46'32.41""N, 106°40'15.24""E",FIX,
00:54:57.704,1786211697.704,TRACKING,5.720,-0.005,0.006,-0.01,0.450,-0.004,0.000,0.000,0.000,1.000,5.72,10.77567061,106.67090115,10.51,"10°46'32.41""N, 106°40'15.24""E",FIX,
00:54:57.771,1786211697.772,TRACKING,5.747,-0.005,0.006,-0.00,0.450,-0.005,0.000,0.000,0.000,1.000,5.75,10.77567061,106.67090156,10.51,"10°46'32.41""N, 106°40'15.25""E",FIX,
00:54:57.856,1786211697.857,TRACKING,5.774,-0.005,0.005,-0.03,0.450,0.045,0.000,0.000,0.000,1.000,5.77,10.77567061,106.67090156,10.51,"10°46'32.41""N, 106°40'15.25""E",FIX,
00:54:57.936,1786211697.937,TRACKING,5.810,-0.004,0.008,-0.02,0.450,-0.013,0.000,0.000,0.000,1.000,5.81,10.77567061,106.67090156,10.51,"10°46'32.41""N, 106°40'15.25""E",FIX,
00:54:58.022,1786211698.022,TRACKING,5.837,-0.004,0.008,-0.01,0.450,-0.009,0.000,0.000,0.000,1.000,5.84,10.77567061,106.67090197,10.51,"10°46'32.41""N, 106°40'15.25""E",FIX,
00:54:58.108,1786211698.109,TRACKING,5.873,-0.004,0.007,-0.01,0.450,-0.005,0.000,0.000,0.000,1.000,5.87,10.77567061,106.67090197,10.51,"10°46'32.41""N, 106°40'15.25""E",FIX,
00:54:58.188,1786211698.188,TRACKING,5.900,-0.004,0.007,-0.00,0.450,-0.003,0.000,0.000,0.000,1.000,5.90,10.77567061,106.67090197,10.51,"10°46'32.41""N, 106°40'15.25""E",FIX,
00:54:58.262,1786211698.262,TRACKING,5.927,-0.004,0.006,-0.03,0.450,0.056,0.000,0.000,0.000,1.000,5.93,10.77567061,106.67090238,10.51,"10°46'32.41""N, 106°40'15.25""E",FIX,
00:54:58.328,1786211698.329,TRACKING,5.954,-0.003,0.008,-0.02,0.450,-0.017,0.000,0.000,0.000,1.000,5.95,10.77567061,106.67090238,10.51,"10°46'32.41""N, 106°40'15.25""E",FIX,
00:54:58.415,1786211698.416,TRACKING,5.990,-0.003,0.009,0.01,0.450,-0.053,0.000,0.000,0.000,1.000,5.99,10.77567061,106.67090238,10.51,"10°46'32.41""N, 106°40'15.25""E",FIX,
00:54:58.499,1786211698.500,TRACKING,6.017,-0.003,0.006,0.01,0.450,0.006,0.000,0.000,0.000,1.000,6.02,10.77567061,106.67090279,10.51,"10°46'32.41""N, 106°40'15.25""E",FIX,
00:54:58.574,1786211698.575,TRACKING,6.044,-0.003,0.005,-0.02,0.450,0.063,0.000,0.000,0.000,1.000,6.04,10.77567061,106.67090279,10.51,"10°46'32.41""N, 106°40'15.25""E",FIX,
00:54:58.661,1786211698.661,TRACKING,6.080,-0.002,0.009,-0.01,0.450,-0.009,0.000,0.000,0.000,1.000,6.08,10.77567061,106.67090279,10.51,"10°46'32.41""N, 106°40'15.25""E",FIX,
00:54:58.730,1786211698.730,TRACKING,6.107,-0.002,0.009,0.06,0.450,-0.179,0.000,0.000,0.000,1.000,6.11,10.77567061,106.67090321,10.51,"10°46'32.41""N, 106°40'15.25""E",FIX,
00:54:58.818,1786211698.818,TRACKING,6.143,-0.002,-0.003,0.04,0.450,0.024,0.000,0.000,0.000,0.583,6.14,10.77567061,106.67090321,10.51,"10°46'32.41""N, 106°40'15.25""E",FIX,
00:54:58.889,1786211698.890,TRACKING,6.170,-0.002,-0.004,-0.02,0.450,0.129,0.000,0.000,0.000,0.667,6.17,10.77567061,106.67090321,10.51,"10°46'32.41""N, 106°40'15.25""E",FIX,
00:54:58.957,1786211698.958,TRACKING,6.197,-0.002,0.003,-0.01,0.450,-0.014,0.000,0.000,0.000,0.729,6.20,10.77567062,106.67090362,10.51,"10°46'32.41""N, 106°40'15.25""E",FIX,
00:54:59.038,1786211699.038,TRACKING,6.224,-0.002,0.003,0.01,0.450,-0.056,0.000,0.000,0.000,0.792,6.22,10.77567062,106.67090362,10.51,"10°46'32.41""N, 106°40'15.25""E",FIX,
00:54:59.116,1786211699.117,TRACKING,6.251,-0.002,0.001,0.01,0.450,0.008,0.000,0.000,0.000,0.854,6.25,10.77567062,106.67090362,10.51,"10°46'32.41""N, 106°40'15.25""E",FIX,
00:54:59.196,1786211699.197,TRACKING,6.287,-0.002,-0.000,-0.02,0.450,0.057,0.000,0.000,0.000,0.937,6.29,10.77567062,106.67090403,10.51,"10°46'32.41""N, 106°40'15.25""E",FIX,
00:54:59.277,1786211699.277,TRACKING,6.314,-0.002,0.003,-0.01,0.450,-0.008,0.000,0.000,0.000,1.000,6.31,10.77567062,106.67090403,10.51,"10°46'32.41""N, 106°40'15.25""E",FIX,
00:54:59.358,1786211699.358,TRACKING,6.341,-0.002,0.004,0.02,0.450,-0.058,0.000,0.000,0.000,1.000,6.34,10.77567062,106.67090403,10.51,"10°46'32.41""N, 106°40'15.25""E",FIX,
00:54:59.438,1786211699.438,TRACKING,6.377,-0.002,0.000,0.01,0.450,0.008,0.000,0.000,0.000,1.000,6.38,10.77567062,106.67090444,10.51,"10°46'32.41""N, 106°40'15.26""E",FIX,
00:54:59.509,1786211699.510,TRACKING,6.404,-0.002,-0.000,0.01,0.450,0.007,0.000,0.000,0.000,1.000,6.40,10.77567062,106.67090444,10.51,"10°46'32.41""N, 106°40'15.26""E",FIX,
00:54:59.603,1786211699.604,TRACKING,6.440,-0.002,0.000,0.00,0.450,0.003,0.000,0.000,0.000,1.000,6.44,10.77567062,106.67090444,10.51,"10°46'32.41""N, 106°40'15.26""E",FIX,
00:54:59.670,1786211699.670,TRACKING,6.458,-0.002,0.001,0.00,0.450,0.003,0.000,0.000,0.000,1.000,6.46,10.77567062,106.67090444,10.51,"10°46'32.41""N, 106°40'15.26""E",FIX,
00:54:59.738,1786211699.739,TRACKING,6.485,-0.002,0.001,0.00,0.450,0.002,0.000,0.000,0.000,1.000,6.49,10.77567062,106.67090485,10.51,"10°46'32.41""N, 106°40'15.26""E",FIX,
00:54:59.823,1786211699.823,TRACKING,6.521,-0.002,0.001,0.00,0.450,0.001,0.000,0.000,0.000,1.000,6.52,10.77567062,106.67090485,10.51,"10°46'32.41""N, 106°40'15.26""E",FIX,
00:54:59.908,1786211699.908,TRACKING,6.548,-0.002,0.001,0.00,0.450,0.001,0.000,0.000,0.000,1.000,6.55,10.77567062,106.67090485,10.51,"10°46'32.41""N, 106°40'15.26""E",FIX,
00:54:59.990,1786211699.991,TRACKING,6.584,-0.002,0.001,0.00,0.450,0.000,0.000,0.000,0.000,1.000,6.58,10.77567062,106.67090526,10.51,"10°46'32.41""N, 106°40'15.26""E",FIX,
00:55:00.121,1786211700.122,TRACKING,6.620,-0.002,0.001,0.00,0.450,0.000,0.000,0.000,0.000,1.000,6.62,10.77567062,106.67090526,10.51,"10°46'32.41""N, 106°40'15.26""E",FIX,
00:55:00.205,1786211700.205,TRACKING,6.647,-0.002,0.001,0.00,0.450,0.000,0.000,0.000,0.000,1.000,6.65,10.77567062,106.67090567,10.51,"10°46'32.41""N, 106°40'15.26""E",FIX,
00:55:00.293,1786211700.294,TRACKING,6.674,-0.002,0.001,0.00,0.450,0.000,0.000,0.000,0.000,1.000,6.67,10.77567062,106.67090567,10.51,"10°46'32.41""N, 106°40'15.26""E",FIX,
00:55:00.434,1786211700.434,TRACKING,6.710,-0.002,0.001,0.00,0.450,0.000,0.000,0.000,0.000,1.000,6.71,10.77567062,106.67090567,10.51,"10°46'32.41""N, 106°40'15.26""E",FIX,
00:55:00.568,1786211700.569,TRACKING,6.728,-0.002,0.001,0.02,0.450,-0.073,0.000,0.000,0.000,1.000,6.73,10.77567062,106.67090567,10.51,"10°46'32.41""N, 106°40'15.26""E",FIX,
00:55:00.737,1786211700.738,TRACKING,6.764,-0.002,-0.003,-0.01,0.450,0.058,0.000,0.000,0.000,1.000,6.76,10.77567062,106.67090609,10.51,"10°46'32.41""N, 106°40'15.26""E",FIX,
00:55:00.850,1786211700.851,TRACKING,6.800,-0.002,-0.001,-0.03,0.450,0.042,0.000,0.000,0.000,1.000,6.80,10.77567062,106.67090609,10.51,"10°46'32.41""N, 106°40'15.26""E",FIX,
00:55:00.922,1786211700.922,TRACKING,6.818,-0.002,0.001,0.00,0.450,-0.102,0.000,0.000,0.000,1.000,6.82,10.77567062,106.67090609,10.51,"10°46'32.41""N, 106°40'15.26""E",FIX,
00:55:01.056,1786211701.057,TRACKING,6.854,-0.002,-0.004,0.00,0.450,0.002,0.000,0.000,0.000,1.000,6.85,10.77567062,106.67090650,10.51,"10°46'32.41""N, 106°40'15.26""E",FIX,
00:55:01.169,1786211701.170,TRACKING,6.890,-0.002,-0.006,-0.04,0.450,0.090,0.000,0.000,0.000,1.000,6.89,10.77567062,106.67090650,10.51,"10°46'32.41""N, 106°40'15.26""E",FIX,
00:55:01.267,1786211701.268,TRACKING,6.917,-0.002,-0.002,-0.05,0.450,0.030,0.000,0.000,0.000,0.708,6.92,10.77567062,106.67090691,10.51,"10°46'32.41""N, 106°40'15.26""E",FIX,
00:55:01.375,1786211701.375,TRACKING,6.944,-0.002,0.001,-0.01,0.450,-0.092,0.000,0.000,0.000,0.583,6.94,10.77567062,106.67090691,10.51,"10°46'32.41""N, 106°40'15.26""E",FIX,
00:55:01.557,1786211701.557,TRACKING,6.962,-0.002,-0.001,-0.01,0.450,-0.007,0.000,0.000,0.000,0.667,6.96,10.77567062,106.67090691,10.51,"10°46'32.41""N, 106°40'15.26""E",FIX,
00:55:01.743,1786211701.743,TRACKING,6.998,-0.002,-0.004,-0.03,0.450,0.049,0.000,0.000,0.000,0.729,7.00,10.77567062,106.67090691,10.51,"10°46'32.41""N, 106°40'15.26""E",FIX,
00:55:01.951,1786211701.951,TRACKING,7.025,-0.002,-0.002,-0.02,0.450,-0.012,0.000,0.000,0.000,0.792,7.03,10.77567062,106.67090732,10.51,"10°46'32.41""N, 106°40'15.27""E",FIX,
00:55:02.142,1786211702.143,TRACKING,7.070,-0.002,-0.001,-0.01,0.450,-0.007,0.000,0.000,0.000,0.854,7.07,10.77567062,106.67090732,10.51,"10°46'32.41""N, 106°40'15.27""E",FIX,
00:55:02.202,1786211702.203,TRACKING,7.088,-0.002,-0.002,-0.01,0.450,-0.011,0.000,0.000,0.000,0.937,7.09,10.77567062,106.67090732,10.51,"10°46'32.41""N, 106°40'15.27""E",FIX,
00:55:02.321,1786211702.321,TRACKING,7.124,-0.002,-0.002,-0.00,0.450,-0.003,0.000,0.000,0.000,1.000,7.12,10.77567061,106.67090773,10.51,"10°46'32.41""N, 106°40'15.27""E",FIX,
00:55:02.417,1786211702.417,TRACKING,7.151,-0.002,-0.003,-0.00,0.450,-0.003,0.000,0.000,0.000,1.000,7.15,10.77567061,106.67090773,10.51,"10°46'32.41""N, 106°40'15.27""E",FIX,
00:55:02.532,1786211702.532,TRACKING,7.187,-0.002,-0.003,-0.00,0.450,-0.001,0.000,0.000,0.000,1.000,7.19,10.77567062,106.67090814,10.51,"10°46'32.41""N, 106°40'15.27""E",FIX,
00:55:02.647,1786211702.648,TRACKING,7.214,-0.003,-0.003,-0.02,0.450,0.052,0.000,0.000,0.000,1.000,7.21,10.77567062,106.67090814,10.51,"10°46'32.41""N, 106°40'15.27""E",FIX,
00:55:02.751,1786211702.752,TRACKING,7.232,-0.003,-0.002,-0.02,0.450,-0.019,0.000,0.000,0.000,1.000,7.23,10.77567062,106.67090814,10.51,"10°46'32.41""N, 106°40'15.27""E",FIX,
00:55:02.910,1786211702.910,TRACKING,7.277,-0.003,-0.002,-0.01,0.450,-0.005,0.000,0.000,0.000,1.000,7.28,10.77567061,106.67090855,10.51,"10°46'32.41""N, 106°40'15.27""E",FIX,
00:55:02.998,1786211702.999,TRACKING,7.295,-0.003,-0.002,-0.01,0.450,-0.008,0.000,0.000,0.000,1.000,7.30,10.77567061,106.67090855,10.51,"10°46'32.41""N, 106°40'15.27""E",FIX,
00:55:03.129,1786211703.130,TRACKING,7.322,-0.003,-0.003,-0.00,0.450,-0.004,0.000,0.000,0.000,1.000,7.32,10.77567061,106.67090855,10.51,"10°46'32.41""N, 106°40'15.27""E",FIX,
00:55:03.293,1786211703.294,TRACKING,7.367,-0.003,-0.003,-0.00,0.450,-0.001,0.000,0.000,0.000,1.000,7.37,10.77567061,106.67090897,10.51,"10°46'32.41""N, 106°40'15.27""E",FIX,
00:55:03.398,1786211703.398,TRACKING,7.394,-0.003,-0.003,-0.00,0.450,-0.002,0.000,0.000,0.000,1.000,7.39,10.77567061,106.67090897,10.51,"10°46'32.41""N, 106°40'15.27""E",FIX,
00:55:03.488,1786211703.489,TRACKING,7.412,-0.003,-0.003,-0.00,0.450,-0.002,0.000,0.000,0.000,1.000,7.41,10.77567061,106.67090897,10.51,"10°46'32.41""N, 106°40'15.27""E",FIX,
00:55:03.608,1786211703.608,TRACKING,7.448,-0.003,-0.004,-0.01,0.450,0.022,0.000,0.000,0.000,1.000,7.45,10.77567061,106.67090897,10.51,"10°46'32.41""N, 106°40'15.27""E",FIX,
00:55:03.723,1786211703.724,TRACKING,7.484,-0.003,-0.002,-0.01,0.450,-0.005,0.000,0.000,0.000,1.000,7.48,10.77567061,106.67090938,10.51,"10°46'32.41""N, 106°40'15.27""E",FIX,
00:55:03.799,1786211703.800,TRACKING,7.502,-0.003,-0.002,-0.01,0.450,-0.009,0.000,0.000,0.000,1.000,7.50,10.77567061,106.67090938,10.51,"10°46'32.41""N, 106°40'15.27""E",FIX,
00:55:03.944,1786211703.944,TRACKING,7.538,-0.003,-0.003,-0.00,0.450,-0.002,0.000,0.000,0.000,1.000,7.54,10.77567061,106.67090938,10.51,"10°46'32.41""N, 106°40'15.27""E",FIX,
00:55:04.034,1786211704.034,TRACKING,7.565,-0.004,-0.003,-0.00,0.450,-0.002,0.000,0.000,0.000,1.000,7.57,10.77567061,106.67090979,10.51,"10°46'32.41""N, 106°40'15.28""E",FIX,
00:55:04.145,1786211704.146,TRACKING,7.592,-0.004,-0.003,-0.00,0.450,-0.002,0.000,0.000,0.000,1.000,7.59,10.77567061,106.67090979,10.51,"10°46'32.41""N, 106°40'15.28""E",FIX,
00:55:04.288,1786211704.288,TRACKING,7.628,-0.004,-0.003,-0.00,0.450,-0.000,0.000,0.000,0.000,1.000,7.63,10.77567061,106.67090979,10.51,"10°46'32.41""N, 106°40'15.28""E",FIX,
00:55:04.385,1786211704.385,TRACKING,7.655,-0.004,-0.003,-0.00,0.450,-0.001,0.000,0.000,0.000,1.000,7.66,10.77567061,106.67091020,10.51,"10°46'32.41""N, 106°40'15.28""E",FIX,
00:55:04.474,1786211704.475,TRACKING,7.682,-0.004,-0.003,-0.11,0.450,0.291,0.000,0.000,0.000,1.000,7.68,10.77567061,106.67091020,10.51,"10°46'32.41""N, 106°40'15.28""E",FIX,
00:55:04.604,1786211704.605,TRACKING,7.718,-0.004,0.017,-0.10,0.450,0.001,0.000,0.000,0.000,0.500,7.72,10.77567061,106.67091020,10.51,"10°46'32.41""N, 106°40'15.28""E",FIX,
00:55:04.692,1786211704.693,TRACKING,7.745,-0.003,0.024,0.05,0.450,-0.347,0.000,0.000,0.000,0.583,7.75,10.77567061,106.67091061,10.51,"10°46'32.41""N, 106°40'15.28""E",FIX,
00:55:04.774,1786211704.774,TRACKING,7.772,-0.003,0.011,0.06,0.450,-0.028,0.000,0.000,0.000,0.646,7.77,10.77567061,106.67091061,10.51,"10°46'32.41""N, 106°40'15.28""E",FIX,
00:55:04.905,1786211704.905,TRACKING,7.799,-0.002,0.006,-0.01,0.450,0.113,0.000,0.000,0.000,0.687,7.80,10.77567061,106.67091061,10.51,"10°46'32.41""N, 106°40'15.28""E",FIX,
00:55:05.011,1786211705.011,TRACKING,7.835,-0.002,0.010,-0.05,0.450,0.093,0.000,0.000,0.000,0.750,7.84,10.77567062,106.67091102,10.51,"10°46'32.41""N, 106°40'15.28""E",FIX,
00:55:05.114,1786211705.115,TRACKING,7.862,-0.002,0.015,-0.01,0.450,-0.086,0.000,0.000,0.000,0.833,7.86,10.77567062,106.67091102,10.51,"10°46'32.41""N, 106°40'15.28""E",FIX,
00:55:05.217,1786211705.217,TRACKING,7.889,-0.001,0.014,0.02,0.450,-0.057,0.000,0.000,0.000,0.917,7.89,10.77567062,106.67091102,10.51,"10°46'32.41""N, 106°40'15.28""E",FIX,
00:55:05.354,1786211705.354,TRACKING,7.925,-0.001,0.008,-0.01,0.450,0.054,0.000,0.000,0.000,1.000,7.93,10.77567062,106.67091143,10.51,"10°46'32.41""N, 106°40'15.28""E",FIX,
00:55:05.427,1786211705.428,TRACKING,7.952,-0.001,0.008,-0.05,0.450,0.126,0.000,0.000,0.000,1.000,7.95,10.77567062,106.67091143,10.51,"10°46'32.41""N, 106°40'15.28""E",FIX,
00:55:05.544,1786211705.545,TRACKING,7.979,-0.000,0.015,-0.01,0.450,-0.073,0.000,0.000,0.000,1.000,7.98,10.77567062,106.67091143,10.51,"10°46'32.41""N, 106°40'15.28""E",FIX,
00:55:05.659,1786211705.659,TRACKING,8.015,0.000,0.014,0.04,0.450,-0.102,0.000,0.000,0.000,1.000,8.02,10.77567062,106.67091185,10.51,"10°46'32.41""N, 106°40'15.28""E",FIX,
00:55:05.752,1786211705.752,TRACKING,8.042,0.000,0.008,0.02,0.450,0.020,0.000,0.000,0.000,1.000,8.04,10.77567062,106.67091185,10.51,"10°46'32.41""N, 106°40'15.28""E",FIX,
00:55:05.872,1786211705.873,TRACKING,8.078,0.001,0.008,-0.03,0.450,0.096,0.000,0.000,0.000,1.000,8.08,10.77567062,106.67091185,10.51,"10°46'32.41""N, 106°40'15.28""E",FIX,
00:55:05.961,1786211705.961,TRACKING,8.105,0.001,0.012,-0.04,0.450,0.045,0.000,0.000,0.000,1.000,8.11,10.77567063,106.67091226,10.51,"10°46'32.41""N, 106°40'15.28""E",FIX,
00:55:06.067,1786211706.067,TRACKING,8.132,0.001,0.015,-0.00,0.450,-0.083,0.000,0.000,0.000,1.000,8.13,10.77567063,106.67091226,10.51,"10°46'32.41""N, 106°40'15.28""E",FIX,
00:55:06.206,1786211706.206,TRACKING,8.168,0.002,0.010,-0.00,0.450,-0.002,0.000,0.000,0.000,1.000,8.17,10.77567063,106.67091226,10.51,"10°46'32.41""N, 106°40'15.28""E",FIX,
00:55:06.313,1786211706.313,TRACKING,8.195,0.002,0.009,-0.02,0.450,0.054,0.000,0.000,0.000,1.000,8.20,10.77567063,106.67091267,10.51,"10°46'32.41""N, 106°40'15.29""E",FIX,
00:55:06.406,1786211706.407,TRACKING,8.222,0.002,0.011,-0.04,0.450,0.039,0.000,0.000,0.000,1.000,8.22,10.77567063,106.67091267,10.51,"10°46'32.41""N, 106°40'15.29""E",FIX,
00:55:06.502,1786211706.502,TRACKING,8.249,0.003,0.013,-0.03,0.450,-0.022,0.000,0.000,0.000,1.000,8.25,10.77567063,106.67091267,10.51,"10°46'32.41""N, 106°40'15.29""E",FIX,
00:55:06.628,1786211706.629,TRACKING,8.285,0.003,0.013,-0.02,0.450,-0.012,0.000,0.000,0.000,1.000,8.29,10.77567063,106.67091308,10.51,"10°46'32.41""N, 106°40'15.29""E",FIX,
00:55:06.736,1786211706.736,TRACKING,8.312,0.003,0.012,-0.01,0.450,-0.010,0.000,0.000,0.000,1.000,8.31,10.77567063,106.67091308,10.51,"10°46'32.41""N, 106°40'15.29""E",FIX,
00:55:06.834,1786211706.835,TRACKING,8.339,0.004,0.012,-0.01,0.450,-0.006,0.000,0.000,0.000,1.000,8.34,10.77567063,106.67091308,10.51,"10°46'32.41""N, 106°40'15.29""E",FIX,
00:55:06.929,1786211706.929,TRACKING,8.366,0.004,0.011,-0.03,0.450,0.053,0.000,0.000,0.000,1.000,8.37,10.77567063,106.67091349,10.51,"10°46'32.41""N, 106°40'15.29""E",FIX,
00:55:07.034,1786211707.035,TRACKING,8.402,0.005,0.014,-0.02,0.450,-0.013,0.000,0.000,0.000,1.000,8.40,10.77567063,106.67091349,10.51,"10°46'32.41""N, 106°40'15.29""E",FIX,
00:55:07.147,1786211707.147,TRACKING,8.429,0.005,0.014,0.01,0.450,-0.066,0.000,0.000,0.000,1.000,8.43,10.77567063,106.67091349,10.51,"10°46'32.41""N, 106°40'15.29""E",FIX,
00:55:07.258,1786211707.258,TRACKING,8.456,0.005,0.011,-0.02,0.450,0.062,0.000,0.000,0.000,1.000,8.46,10.77567063,106.67091390,10.51,"10°46'32.41""N, 106°40'15.29""E",FIX,
00:55:07.373,1786211707.374,TRACKING,8.492,0.006,0.014,-0.03,0.450,0.038,0.000,0.000,0.000,1.000,8.49,10.77567063,106.67091390,10.51,"10°46'32.41""N, 106°40'15.29""E",FIX,
00:55:07.468,1786211707.469,TRACKING,8.519,0.006,0.017,0.00,0.450,-0.067,0.000,0.000,0.000,0.354,8.52,10.77567063,106.67091390,10.51,"10°46'32.41""N, 106°40'15.29""E",FIX,
00:55:07.572,1786211707.573,TRACKING,8.546,0.007,0.015,0.00,0.450,-0.000,0.000,0.000,0.000,0.000,8.55,10.77567063,106.67091431,10.51,"10°46'32.41""N, 106°40'15.29""E",FIX,
00:55:07.682,1786211707.683,TRACKING,8.573,0.007,0.014,0.00,0.450,-0.000,0.000,0.000,0.000,0.000,8.57,10.77567063,106.67091431,10.51,"10°46'32.41""N, 106°40'15.29""E",FIX,
00:55:07.792,1786211707.793,TRACKING,8.609,0.007,0.014,0.00,0.450,-0.000,0.000,0.000,0.000,0.000,8.61,10.77567063,106.67091431,10.51,"10°46'32.41""N, 106°40'15.29""E",FIX,
00:55:07.889,1786211707.890,TRACKING,8.636,0.008,0.014,0.00,0.450,-0.000,0.000,0.000,0.000,0.000,8.64,10.77567064,106.67091473,10.51,"10°46'32.41""N, 106°40'15.29""E",FIX,
00:55:07.996,1786211707.997,TRACKING,8.672,0.008,0.014,0.00,0.450,-0.000,0.000,0.000,0.000,0.000,8.67,10.77567064,106.67091473,10.51,"10°46'32.41""N, 106°40'15.29""E",FIX,
00:55:08.089,1786211708.089,TRACKING,8.699,0.009,0.014,0.00,0.450,-0.000,0.000,0.000,0.000,0.000,8.70,10.77567064,106.67091473,10.51,"10°46'32.41""N, 106°40'15.29""E",FIX,
00:55:08.195,1786211708.195,TRACKING,8.717,0.009,0.014,0.00,0.450,0.000,0.000,0.000,0.000,0.000,8.72,10.77567064,106.67091514,10.51,"10°46'32.41""N, 106°40'15.29""E",FIX,
00:55:08.324,1786211708.325,TRACKING,8.753,0.009,0.014,0.00,0.450,-0.000,0.000,0.000,0.000,0.000,8.75,10.77567064,106.67091514,10.51,"10°46'32.41""N, 106°40'15.29""E",FIX,
00:55:08.404,1786211708.405,TRACKING,8.780,0.010,0.014,0.00,0.450,-0.000,0.000,0.000,0.000,0.000,8.78,10.77567064,106.67091514,10.51,"10°46'32.41""N, 106°40'15.29""E",FIX,
00:55:13.764,1786211713.764,UTURN_PLANNING,10.279,0.030,0.014,0.00,0.000,0.000,0.000,0.000,0.000,0.000,0.00,10.77567068,106.67092213,10.51,"10°46'32.41""N, 106°40'15.32""E",FIX,
00:55:13.877,1786211713.878,PATH_FOLLOWING,10.279,0.030,0.014,-86.58,0.076,2.200,0.000,0.000,0.000,0.000,0.00,10.77567068,106.67092213,10.51,"10°46'32.41""N, 106°40'15.32""E",FIX,
00:55:14.006,1786211714.007,PATH_FOLLOWING,10.283,0.030,0.154,-86.00,0.089,2.200,0.000,0.000,0.000,0.000,0.00,10.77567068,106.67092228,10.51,"10°46'32.41""N, 106°40'15.32""E",FIX,
00:55:14.071,1786211714.071,PATH_FOLLOWING,10.287,0.031,0.242,-85.69,0.096,2.200,0.000,0.000,0.000,0.000,0.00,10.77567068,106.67092228,10.51,"10°46'32.41""N, 106°40'15.32""E",FIX,
00:55:14.200,1786211714.201,PATH_FOLLOWING,10.292,0.033,0.374,-78.41,0.262,2.199,0.000,0.000,0.000,0.000,0.00,10.77567068,106.67092228,10.51,"10°46'32.41""N, 106°40'15.32""E",FIX,
00:55:14.311,1786211714.311,PATH_FOLLOWING,10.307,0.040,0.550,-58.99,0.278,0.796,0.000,0.000,0.000,0.000,0.00,10.77567067,106.67092236,10.51,"10°46'32.41""N, 106°40'15.32""E",FIX,
00:55:14.429,1786211714.430,PATH_FOLLOWING,10.320,0.049,0.626,-18.67,0.280,0.163,0.000,0.000,0.000,0.000,0.00,10.77567067,106.67092236,10.51,"10°46'32.41""N, 106°40'15.32""E",FIX,
00:55:14.550,1786211714.551,PATH_FOLLOWING,10.338,0.063,0.647,-27.27,0.280,0.249,0.000,0.000,0.000,0.000,0.00,10.77567067,106.67092236,10.51,"10°46'32.41""N, 106°40'15.32""E",FIX,
00:55:14.665,1786211714.666,PATH_FOLLOWING,10.351,0.073,0.661,-16.60,0.280,0.144,0.000,0.000,0.000,0.000,0.00,10.77567069,106.67092260,10.51,"10°46'32.41""N, 106°40'15.32""E",FIX,
00:55:14.752,1786211714.753,PATH_FOLLOWING,10.364,0.083,0.672,-6.43,0.280,0.054,0.000,0.000,0.000,0.000,0.00,10.77567069,106.67092260,10.51,"10°46'32.41""N, 106°40'15.32""E",FIX,
00:55:14.885,1786211714.886,PATH_FOLLOWING,10.382,0.097,0.677,-18.91,0.280,0.165,0.000,0.000,0.000,0.000,0.00,10.77567069,106.67092260,10.51,"10°46'32.41""N, 106°40'15.32""E",FIX,
00:55:14.982,1786211714.982,PATH_FOLLOWING,10.395,0.108,0.686,-11.53,0.280,0.098,0.000,0.000,0.000,0.000,0.00,10.77567075,106.67092285,10.51,"10°46'32.41""N, 106°40'15.32""E",FIX,
00:55:15.113,1786211715.113,PATH_FOLLOWING,10.408,0.119,0.693,-4.95,0.280,0.042,0.000,0.000,0.000,0.000,0.00,10.77567075,106.67092285,10.51,"10°46'32.41""N, 106°40'15.32""E",FIX,
00:55:15.221,1786211715.221,PATH_FOLLOWING,10.425,0.133,0.697,-2.34,0.280,0.020,0.000,0.000,0.000,0.000,0.00,10.77567075,106.67092285,10.51,"10°46'32.41""N, 106°40'15.32""E",FIX,
00:55:15.337,1786211715.338,PATH_FOLLOWING,10.438,0.144,0.698,-1.05,0.280,0.009,0.000,0.000,0.000,0.000,0.00,10.77567082,106.67092309,10.51,"10°46'32.41""N, 106°40'15.32""E",FIX,
00:55:15.433,1786211715.433,PATH_FOLLOWING,10.451,0.155,0.699,-0.47,0.280,0.004,0.000,0.000,0.000,0.000,0.00,10.77567082,106.67092309,10.51,"10°46'32.41""N, 106°40'15.32""E",FIX,
00:55:15.566,1786211715.566,PATH_FOLLOWING,10.468,0.169,0.699,16.96,0.280,-0.147,0.000,0.000,0.000,0.000,0.00,10.77567082,106.67092309,10.51,"10°46'32.41""N, 106°40'15.32""E",FIX,
00:55:15.677,1786211715.677,PATH_FOLLOWING,10.481,0.180,0.693,11.29,0.280,-0.096,0.000,0.000,0.000,0.000,0.00,10.77567090,106.67092333,10.51,"10°46'32.42""N, 106°40'15.32""E",FIX,
00:55:15.796,1786211715.796,PATH_FOLLOWING,10.494,0.190,0.686,5.17,0.280,-0.044,0.000,0.000,0.000,0.000,0.00,10.77567090,106.67092333,10.51,"10°46'32.42""N, 106°40'15.32""E",FIX,
00:55:15.914,1786211715.914,PATH_FOLLOWING,10.507,0.201,0.683,36.87,0.280,-0.361,0.000,0.000,0.000,0.000,0.00,10.77567090,106.67092333,10.51,"10°46'32.42""N, 106°40'15.32""E",FIX,
00:55:16.010,1786211716.010,PATH_FOLLOWING,10.520,0.212,0.669,28.25,0.280,-0.259,0.000,0.000,0.000,0.000,0.00,10.77567099,106.67092357,10.51,"10°46'32.42""N, 106°40'15.32""E",FIX,
00:55:16.117,1786211716.117,PATH_FOLLOWING,10.538,0.225,0.646,53.55,0.278,-0.650,0.000,0.000,0.000,0.000,0.00,10.77567099,106.67092357,10.51,"10°46'32.42""N, 106°40'15.32""E",FIX,
00:55:16.220,1786211716.221,PATH_FOLLOWING,10.551,0.235,0.611,38.10,0.279,-0.378,0.000,0.000,0.000,0.000,0.00,10.77567099,106.67092357,10.51,"10°46'32.42""N, 106°40'15.32""E",FIX,
00:55:16.325,1786211716.325,PATH_FOLLOWING,10.570,0.248,0.575,63.65,0.277,-0.963,0.000,0.000,0.000,0.000,0.00,10.77567108,106.67092382,10.51,"10°46'32.42""N, 106°40'15.33""E",FIX,
00:55:16.431,1786211716.432,PATH_FOLLOWING,10.584,0.256,0.522,48.86,0.279,-0.550,0.000,0.000,0.000,0.000,0.00,10.77567108,106.67092382,10.51,"10°46'32.42""N, 106°40'15.33""E",FIX,
00:55:16.557,1786211716.557,PATH_FOLLOWING,10.604,0.267,0.472,63.92,0.276,-0.974,0.000,0.000,0.000,0.000,0.00,10.77567108,106.67092382,10.51,"10°46'32.42""N, 106°40'15.33""E",FIX,
00:55:16.645,1786211716.646,PATH_FOLLOWING,10.613,0.272,0.440,56.71,0.278,-0.730,0.000,0.000,0.000,0.000,0.00,10.77567119,106.67092406,10.51,"10°46'32.42""N, 106°40'15.33""E",FIX,
00:55:16.755,1786211716.755,PATH_FOLLOWING,10.634,0.280,0.376,24.41,0.280,-0.219,0.000,0.000,0.000,0.000,0.00,10.77567119,106.67092406,10.51,"10°46'32.42""N, 106°40'15.33""E",FIX,
00:55:16.857,1786211716.858,PATH_FOLLOWING,10.650,0.286,0.358,61.87,0.277,-0.893,0.000,0.000,0.000,0.000,0.00,10.77567119,106.67092406,10.51,"10°46'32.42""N, 106°40'15.33""E",FIX,
00:55:16.970,1786211716.971,PATH_FOLLOWING,10.665,0.292,0.316,50.11,0.279,-0.575,0.000,0.000,0.000,0.000,0.00,10.77567129,106.67092431,10.51,"10°46'32.42""N, 106°40'15.33""E",FIX,
00:55:17.077,1786211717.077,PATH_FOLLOWING,10.687,0.298,0.264,63.19,0.277,-0.944,0.000,0.000,0.000,0.000,0.00,10.77567129,106.67092431,10.51,"10°46'32.42""N, 106°40'15.33""E",FIX,
00:55:17.185,1786211717.185,PATH_FOLLOWING,10.703,0.302,0.211,47.61,0.279,-0.527,0.000,0.000,0.000,0.000,0.00,10.77567129,106.67092431,10.51,"10°46'32.42""N, 106°40'15.33""E",FIX,
00:55:17.296,1786211717.296,PATH_FOLLOWING,10.719,0.305,0.173,24.14,0.280,-0.216,0.000,0.000,0.000,0.000,0.00,10.77567137,106.67092457,10.51,"10°46'32.42""N, 106°40'15.33""E",FIX,
00:55:17.418,1786211717.418,PATH_FOLLOWING,10.741,0.309,0.147,59.01,0.278,-0.797,0.000,0.000,0.000,0.000,0.00,10.77567137,106.67092457,10.51,"10°46'32.42""N, 106°40'15.33""E",FIX,
00:55:17.534,1786211717.534,PATH_FOLLOWING,10.758,0.311,0.104,44.18,0.279,-0.468,0.000,0.000,0.000,0.000,0.00,10.77567137,106.67092457,10.51,"10°46'32.42""N, 106°40'15.33""E",FIX,
00:55:17.635,1786211717.636,PATH_FOLLOWING,10.774,0.312,0.067,62.48,0.277,-0.916,0.000,0.000,0.000,0.000,0.00,10.77567144,106.67092482,10.51,"10°46'32.42""N, 106°40'15.33""E",FIX,
00:55:17.753,1786211717.753,PATH_FOLLOWING,10.791,0.313,0.019,48.46,0.279,-0.543,0.000,0.000,0.000,0.000,0.00,10.77567144,106.67092482,10.51,"10°46'32.42""N, 106°40'15.33""E",FIX,
00:55:17.864,1786211717.864,PATH_FOLLOWING,10.813,0.313,-0.035,11.60,0.280,-0.099,0.000,0.000,0.000,0.000,0.00,10.77567144,106.67092482,10.51,"10°46'32.42""N, 106°40'15.33""E",FIX,
00:55:17.977,1786211717.978,PATH_FOLLOWING,10.830,0.312,-0.047,57.73,0.278,-0.759,0.000,0.000,0.000,0.000,0.00,10.77567151,106.67092507,10.51,"10°46'32.42""N, 106°40'15.33""E",FIX,
00:55:18.094,1786211718.094,PATH_FOLLOWING,10.847,0.311,-0.080,47.20,0.279,-0.519,0.000,0.000,0.000,0.000,0.00,10.77567151,106.67092507,10.51,"10°46'32.42""N, 106°40'15.33""E",FIX,
00:55:18.204,1786211718.204,PATH_FOLLOWING,10.869,0.309,-0.128,61.03,0.277,-0.863,0.000,0.000,0.000,0.000,0.00,10.77567151,106.67092507,10.51,"10°46'32.42""N, 106°40'15.33""E",FIX,
00:55:18.319,1786211718.320,PATH_FOLLOWING,10.891,0.305,-0.192,36.74,0.280,-0.360,0.000,0.000,0.000,0.000,0.00,10.77567152,106.67092533,10.51,"10°46'32.42""N, 106°40'15.33""E",FIX,
00:55:18.407,1786211718.408,PATH_FOLLOWING,10.902,0.303,-0.211,23.18,0.280,-0.207,0.000,0.000,0.000,0.000,0.00,10.77567152,106.67092533,10.51,"10°46'32.42""N, 106°40'15.33""E",FIX,
00:55:18.515,1786211718.515,PATH_FOLLOWING,10.924,0.298,-0.231,58.99,0.278,-0.796,0.000,0.000,0.000,0.000,0.00,10.77567152,106.67092533,10.51,"10°46'32.42""N, 106°40'15.33""E",FIX,
00:55:18.632,1786211718.633,PATH_FOLLOWING,10.940,0.294,-0.269,46.73,0.279,-0.511,0.000,0.000,0.000,0.000,0.00,10.77567154,106.67092558,10.51,"10°46'32.42""N, 106°40'15.33""E",FIX,
00:55:18.754,1786211718.754,PATH_FOLLOWING,10.961,0.288,-0.316,60.78,0.277,-0.855,0.000,0.000,0.000,0.000,0.00,10.77567154,106.67092558,10.51,"10°46'32.42""N, 106°40'15.33""E",FIX,
00:55:18.842,1786211718.842,PATH_FOLLOWING,10.977,0.282,-0.362,45.54,0.279,-0.490,0.000,0.000,0.000,0.000,0.00,10.77567154,106.67092558,10.51,"10°46'32.42""N, 106°40'15.33""E",FIX,
00:55:18.922,1786211718.922,PATH_FOLLOWING,10.987,0.278,-0.388,30.29,0.280,-0.282,0.000,0.000,0.000,0.000,0.00,10.77567156,106.67092583,10.51,"10°46'32.42""N, 106°40'15.33""E",FIX,
00:55:19.065,1786211719.066,PATH_FOLLOWING,11.008,0.269,-0.413,59.53,0.278,-0.813,0.000,0.000,0.000,0.000,0.00,10.77567156,106.67092583,10.51,"10°46'32.42""N, 106°40'15.33""E",FIX,
00:55:19.165,1786211719.165,PATH_FOLLOWING,11.023,0.262,-0.448,48.77,0.279,-0.549,0.000,0.000,0.000,0.000,0.00,10.77567156,106.67092583,10.51,"10°46'32.42""N, 106°40'15.33""E",FIX,
00:55:19.272,1786211719.272,PATH_FOLLOWING,11.038,0.255,-0.486,62.86,0.277,-0.931,0.000,0.000,0.000,0.000,0.00,10.77567156,106.67092608,10.51,"10°46'32.42""N, 106°40'15.33""E",FIX,
00:55:19.394,1786211719.394,PATH_FOLLOWING,11.057,0.244,-0.558,37.05,0.280,-0.364,0.000,0.000,0.000,0.000,0.00,10.77567156,106.67092608,10.51,"10°46'32.42""N, 106°40'15.33""E",FIX,
00:55:19.513,1786211719.514,PATH_FOLLOWING,11.076,0.232,-0.596,56.85,0.278,-0.734,0.000,0.000,0.000,0.000,0.00,10.77567156,106.67092608,10.51,"10°46'32.42""N, 106°40'15.33""E",FIX,
00:55:19.606,1786211719.607,PATH_FOLLOWING,11.085,0.225,-0.619,49.13,0.279,-0.556,0.000,0.000,0.000,0.000,0.00,10.77567155,106.67092633,10.51,"10°46'32.42""N, 106°40'15.33""E",FIX,
00:55:19.729,1786211719.729,PATH_FOLLOWING,11.103,0.212,-0.667,18.87,0.280,-0.165,0.000,0.000,0.000,0.000,0.00,10.77567155,106.67092633,10.51,"10°46'32.42""N, 106°40'15.33""E",FIX,
00:55:19.842,1786211719.843,PATH_FOLLOWING,11.116,0.201,-0.683,56.74,0.278,-0.731,0.000,0.000,0.000,0.000,0.00,10.77567155,106.67092633,10.51,"10°46'32.42""N, 106°40'15.33""E",FIX,
00:55:19.927,1786211719.927,PATH_FOLLOWING,11.129,0.191,-0.712,47.31,0.279,-0.522,0.000,0.000,0.000,0.000,0.00,10.77567151,106.67092657,10.51,"10°46'32.42""N, 106°40'15.34""E",FIX,
00:55:20.053,1786211720.053,PATH_FOLLOWING,11.145,0.176,-0.756,19.07,0.280,-0.167,0.000,0.000,0.000,0.000,0.00,10.77567151,106.67092657,10.51,"10°46'32.42""N, 106°40'15.34""E",FIX,
00:55:20.167,1786211720.168,PATH_FOLLOWING,11.157,0.164,-0.771,57.68,0.278,-0.757,0.000,0.000,0.000,0.000,0.00,10.77567151,106.67092657,10.51,"10°46'32.42""N, 106°40'15.34""E",FIX,
00:55:20.262,1786211720.263,PATH_FOLLOWING,11.169,0.152,-0.798,49.55,0.279,-0.564,0.000,0.000,0.000,0.000,0.00,10.77567145,106.67092681,10.51,"10°46'32.42""N, 106°40'15.34""E",FIX,
00:55:20.403,1786211720.403,PATH_FOLLOWING,11.184,0.136,-0.846,61.37,0.277,-0.875,0.000,0.000,0.000,0.000,0.00,10.77567145,106.67092681,10.51,"10°46'32.42""N, 106°40'15.34""E",FIX,
00:55:20.491,1786211720.491,PATH_FOLLOWING,11.195,0.123,-0.892,47.33,0.279,-0.522,0.000,0.000,0.000,0.000,0.00,10.77567145,106.67092681,10.51,"10°46'32.42""N, 106°40'15.34""E",FIX,
00:55:20.592,1786211720.593,PATH_FOLLOWING,11.205,0.110,-0.931,22.87,0.280,-0.203,0.000,0.000,0.000,0.000,0.00,10.77567139,106.67092704,10.51,"10°46'32.42""N, 106°40'15.34""E",FIX,
00:55:20.704,1786211720.704,PATH_FOLLOWING,11.219,0.092,-0.950,57.75,0.278,-0.759,0.000,0.000,0.000,0.000,0.00,10.77567139,106.67092704,10.51,"10°46'32.42""N, 106°40'15.34""E",FIX,
00:55:20.828,1786211720.829,PATH_FOLLOWING,11.228,0.078,-0.991,42.43,0.279,-0.440,0.000,0.000,0.000,0.000,0.00,10.77567139,106.67092704,10.51,"10°46'32.42""N, 106°40'15.34""E",FIX,
00:55:20.946,1786211720.947,PATH_FOLLOWING,11.237,0.064,-1.022,61.44,0.277,-0.878,0.000,0.000,0.000,0.000,0.00,10.77567131,106.67092728,10.51,"10°46'32.42""N, 106°40'15.34""E",FIX,
00:55:21.041,1786211721.042,PATH_FOLLOWING,11.245,0.050,-1.068,47.24,0.279,-0.520,0.000,0.000,0.000,0.000,0.00,10.77567131,106.67092728,10.51,"10°46'32.42""N, 106°40'15.34""E",FIX,
00:55:21.156,1786211721.156,PATH_FOLLOWING,11.256,0.030,-1.119,11.09,0.280,-0.095,0.000,0.000,0.000,0.000,0.00,10.77567131,106.67092728,10.51,"10°46'32.42""N, 106°40'15.34""E",FIX,
00:55:21.250,1786211721.250,PATH_FOLLOWING,11.263,0.015,-1.132,55.14,0.278,-0.689,0.000,0.000,0.000,0.000,0.00,10.77567123,106.67092750,10.51,"10°46'32.42""N, 106°40'15.34""E",FIX,
00:55:21.372,1786211721.373,PATH_FOLLOWING,11.270,-0.001,-1.168,40.81,0.279,-0.416,0.000,0.000,0.000,0.000,0.00,10.77567123,106.67092750,10.51,"10°46'32.42""N, 106°40'15.34""E",FIX,
00:55:21.503,1786211721.504,PATH_FOLLOWING,11.280,-0.026,-1.215,56.38,0.278,-0.721,0.000,0.000,0.000,0.000,0.00,10.77567123,106.67092750,10.51,"10°46'32.42""N, 106°40'15.34""E",FIX,
00:55:21.592,1786211721.593,PATH_FOLLOWING,11.284,-0.037,-1.241,47.20,0.279,-0.519,0.000,0.000,0.000,0.000,0.00,10.77567112,106.67092772,10.51,"10°46'32.42""N, 106°40'15.34""E",FIX,
00:55:21.692,1786211721.692,PATH_FOLLOWING,11.290,-0.058,-1.287,17.26,0.280,-0.150,0.000,0.000,0.000,0.000,0.00,10.77567112,106.67092772,10.51,"10°46'32.42""N, 106°40'15.34""E",FIX,
00:55:21.788,1786211721.788,PATH_FOLLOWING,11.295,-0.074,-1.300,57.32,0.278,-0.747,0.000,0.000,0.000,0.000,0.00,10.77567112,106.67092772,10.51,"10°46'32.42""N, 106°40'15.34""E",FIX,
00:55:21.900,1786211721.901,PATH_FOLLOWING,11.299,-0.091,-1.339,43.24,0.279,-0.453,0.000,0.000,0.000,0.000,0.00,10.77567101,106.67092794,10.51,"10°46'32.42""N, 106°40'15.34""E",FIX,
00:55:22.002,1786211722.003,PATH_FOLLOWING,11.303,-0.107,-1.369,61.62,0.277,-0.884,0.000,0.000,0.000,0.000,0.00,10.77567101,106.67092794,10.51,"10°46'32.42""N, 106°40'15.34""E",FIX,
00:55:22.116,1786211722.116,PATH_FOLLOWING,11.306,-0.129,-1.429,40.93,0.279,-0.418,0.000,0.000,0.000,0.000,0.00,10.77567101,106.67092794,10.51,"10°46'32.42""N, 106°40'15.34""E",FIX,
00:55:22.214,1786211722.214,PATH_FOLLOWING,11.309,-0.145,-1.462,17.38,0.280,-0.151,0.000,0.000,0.000,0.000,0.00,10.77567089,106.67092815,10.51,"10°46'32.42""N, 106°40'15.34""E",FIX,
00:55:22.302,1786211722.302,PATH_FOLLOWING,11.310,-0.162,-1.474,57.22,0.278,-0.744,0.000,0.000,0.000,0.000,0.00,10.77567089,106.67092815,10.51,"10°46'32.42""N, 106°40'15.34""E",FIX,
00:55:22.429,1786211722.430,PATH_FOLLOWING,11.312,-0.179,-1.509,45.07,0.279,-0.483,0.000,0.000,0.000,0.000,0.00,10.77567089,106.67092815,10.51,"10°46'32.42""N, 106°40'15.34""E",FIX,
00:55:22.539,1786211722.540,PATH_FOLLOWING,11.312,-0.201,-1.555,58.69,0.278,-0.787,0.000,0.000,0.000,0.000,0.00,10.77567075,106.67092835,10.51,"10°46'32.41""N, 106°40'15.34""E",FIX,
00:55:22.625,1786211722.626,PATH_FOLLOWING,11.312,-0.218,-1.598,42.97,0.279,-0.449,0.000,0.000,0.000,0.000,0.00,10.77567075,106.67092835,10.51,"10°46'32.41""N, 106°40'15.34""E",FIX,
00:55:22.783,1786211722.784,PATH_FOLLOWING,11.311,-0.240,-1.638,14.01,0.280,-0.120,0.000,0.000,0.000,0.000,0.00,10.77567075,106.67092835,10.51,"10°46'32.41""N, 106°40'15.34""E",FIX,
00:55:22.856,1786211722.856,PATH_FOLLOWING,11.310,-0.251,-1.650,56.30,0.278,-0.719,0.000,0.000,0.000,0.000,0.00,10.77567075,106.67092835,10.51,"10°46'32.41""N, 106°40'15.34""E",FIX,
00:55:22.966,1786211722.967,PATH_FOLLOWING,11.308,-0.273,-1.693,39.09,0.279,-0.391,0.000,0.000,0.000,0.000,0.00,10.77567061,106.67092855,10.51,"10°46'32.41""N, 106°40'15.34""E",FIX,
00:55:23.088,1786211723.089,PATH_FOLLOWING,11.306,-0.290,-1.720,19.40,0.280,-0.170,0.000,0.000,0.000,0.000,0.00,10.77567061,106.67092855,10.51,"10°46'32.41""N, 106°40'15.34""E",FIX,
00:55:23.184,1786211723.184,PATH_FOLLOWING,11.302,-0.312,-1.739,57.05,0.278,-0.739,0.000,0.000,0.000,0.000,0.00,10.77567045,106.67092874,10.51,"10°46'32.41""N, 106°40'15.34""E",FIX,
00:55:23.279,1786211723.280,PATH_FOLLOWING,11.299,-0.328,-1.779,41.83,0.279,-0.431,0.000,0.000,0.000,0.000,0.00,10.77567045,106.67092874,10.51,"10°46'32.41""N, 106°40'15.34""E",FIX,
00:55:23.373,1786211723.373,PATH_FOLLOWING,11.296,-0.345,-1.809,61.36,0.277,-0.875,0.000,0.000,0.000,0.000,0.00,10.77567045,106.67092874,10.51,"10°46'32.41""N, 106°40'15.34""E",FIX,
00:55:23.476,1786211723.476,PATH_FOLLOWING,11.291,-0.361,-1.857,46.34,0.279,-0.504,0.000,0.000,0.000,0.000,0.00,10.77567045,106.67092874,10.51,"10°46'32.41""N, 106°40'15.34""E",FIX,
00:55:23.603,1786211723.603,PATH_FOLLOWING,11.284,-0.382,-1.907,11.24,0.280,-0.096,0.000,0.000,0.000,0.000,0.00,10.77567029,106.67092893,10.51,"10°46'32.41""N, 106°40'15.34""E",FIX,
00:55:23.735,1786211723.736,PATH_FOLLOWING,11.279,-0.398,-1.918,56.15,0.278,-0.715,0.000,0.000,0.000,0.000,0.00,10.77567029,106.67092893,10.51,"10°46'32.41""N, 106°40'15.34""E",FIX,
00:55:23.847,1786211723.848,PATH_FOLLOWING,11.271,-0.419,-1.961,38.62,0.279,-0.385,0.000,0.000,0.000,0.000,0.00,10.77567011,106.67092911,10.51,"10°46'32.41""N, 106°40'15.34""E",FIX,
00:55:23.941,1786211723.942,PATH_FOLLOWING,11.264,-0.434,-1.988,60.94,0.277,-0.860,0.000,0.000,0.000,0.000,0.00,10.77567011,106.67092911,10.51,"10°46'32.41""N, 106°40'15.34""E",FIX,
00:55:24.033,1786211724.033,PATH_FOLLOWING,11.257,-0.449,-2.033,46.57,0.279,-0.508,0.000,0.000,0.000,0.000,0.00,10.77567011,106.67092911,10.51,"10°46'32.41""N, 106°40'15.34""E",FIX,
00:55:24.140,1786211724.141,PATH_FOLLOWING,11.249,-0.464,-2.067,25.99,0.280,-0.235,0.000,0.000,0.000,0.000,0.00,10.77567011,106.67092911,10.51,"10°46'32.41""N, 106°40'15.34""E",FIX,
00:55:24.258,1786211724.258,PATH_FOLLOWING,11.239,-0.483,-2.091,57.56,0.278,-0.754,0.000,0.000,0.000,0.000,0.00,10.77566993,106.67092929,10.51,"10°46'32.41""N, 106°40'15.35""E",FIX,
00:55:24.357,1786211724.357,PATH_FOLLOWING,11.233,-0.493,-2.117,48.87,0.279,-0.551,0.000,0.000,0.000,0.000,0.00,10.77566993,106.67092929,10.51,"10°46'32.41""N, 106°40'15.35""E",FIX,
00:55:24.493,1786211724.493,PATH_FOLLOWING,11.221,-0.512,-2.163,60.94,0.277,-0.860,0.000,0.000,0.000,0.000,0.00,10.77566993,106.67092929,10.51,"10°46'32.41""N, 106°40'15.35""E",FIX,
00:55:24.589,1786211724.590,PATH_FOLLOWING,11.211,-0.525,-2.209,46.38,0.279,-0.505,0.000,0.000,0.000,0.000,0.00,10.77566974,106.67092946,10.51,"10°46'32.41""N, 106°40'15.35""E",FIX,
00:55:24.699,1786211724.700,PATH_FOLLOWING,11.201,-0.539,-2.246,22.55,0.280,-0.200,0.000,0.000,0.000,0.000,0.00,10.77566974,106.67092946,10.51,"10°46'32.41""N, 106°40'15.35""E",FIX,
00:55:24.809,1786211724.810,PATH_FOLLOWING,11.187,-0.556,-2.267,56.65,0.278,-0.728,0.000,0.000,0.000,0.000,0.00,10.77566974,106.67092946,10.51,"10°46'32.41""N, 106°40'15.35""E",FIX,
00:55:24.925,1786211724.925,PATH_FOLLOWING,11.176,-0.569,-2.304,42.77,0.279,-0.445,0.000,0.000,0.000,0.000,0.00,10.77566955,106.67092962,10.51,"10°46'32.41""N, 106°40'15.35""E",FIX,
00:55:25.021,1786211725.021,PATH_FOLLOWING,11.164,-0.581,-2.338,60.35,0.277,-0.840,0.000,0.000,0.000,0.000,0.00,10.77566955,106.67092962,10.51,"10°46'32.41""N, 106°40'15.35""E",FIX,
00:55:25.189,1786211725.189,PATH_FOLLOWING,11.149,-0.596,-2.402,34.48,0.280,-0.331,0.000,0.000,0.000,0.000,0.00,10.77566955,106.67092962,10.51,"10°46'32.41""N, 106°40'15.35""E",FIX,
00:55:25.252,1786211725.253,PATH_FOLLOWING,11.136,-0.607,-2.441,0.36,0.280,-0.003,0.000,0.000,0.000,0.000,0.00,10.77566936,106.67092978,10.51,"10°46'32.41""N, 106°40'15.35""E",FIX,
00:55:25.357,1786211725.357,PATH_FOLLOWING,11.123,-0.618,-2.448,52.96,0.278,-0.636,0.000,0.000,0.000,0.000,0.00,10.77566936,106.67092978,10.51,"10°46'32.41""N, 106°40'15.35""E",FIX,
00:55:25.481,1786211725.481,PATH_FOLLOWING,11.106,-0.632,-2.493,29.79,0.280,-0.276,0.000,0.000,0.000,0.000,0.00,10.77566936,106.67092978,10.51,"10°46'32.41""N, 106°40'15.35""E",FIX,
00:55:25.579,1786211725.580,PATH_FOLLOWING,11.092,-0.642,-2.517,58.03,0.278,-0.767,0.000,0.000,0.000,0.000,0.00,10.77566916,106.67092993,10.51,"10°46'32.41""N, 106°40'15.35""E",FIX,
00:55:25.737,1786211725.738,PATH_FOLLOWING,11.078,-0.651,-2.558,42.58,0.279,-0.442,0.000,0.000,0.000,0.000,0.00,10.77566916,106.67092993,10.51,"10°46'32.41""N, 106°40'15.35""E",FIX,
00:55:25.893,1786211725.894,PATH_FOLLOWING,11.060,-0.663,-2.598,13.26,0.280,-0.114,0.000,0.000,0.000,0.000,0.00,10.77566916,106.67092993,10.51,"10°46'32.41""N, 106°40'15.35""E",FIX,
00:55:26.005,1786211726.005,PATH_FOLLOWING,11.045,-0.672,-2.612,55.80,0.278,-0.706,0.000,0.000,0.000,0.000,0.00,10.77566896,106.67093007,10.51,"10°46'32.41""N, 106°40'15.35""E",FIX,
00:55:26.125,1786211726.125,PATH_FOLLOWING,11.031,-0.680,-2.644,43.83,0.279,-0.462,0.000,0.000,0.000,0.000,0.00,10.77566896,106.67093007,10.51,"10°46'32.41""N, 106°40'15.35""E",FIX,
00:55:26.448,1786211726.448,PATH_FOLLOWING,11.016,-0.688,-2.675,23.95,0.280,-0.214,0.000,0.000,0.000,0.000,0.00,10.77566896,106.67093007,10.51,"10°46'32.41""N, 106°40'15.35""E",FIX,
00:55:26.684,1786211726.685,PATH_FOLLOWING,10.996,-0.698,-2.695,55.49,0.278,-0.698,0.000,0.000,0.000,0.000,0.00,10.77566875,106.67093022,10.51,"10°46'32.41""N, 106°40'15.35""E",FIX,
00:55:26.846,1786211726.846,PATH_FOLLOWING,10.980,-0.705,-2.729,42.28,0.279,-0.438,0.000,0.000,0.000,0.000,0.00,10.77566875,106.67093022,10.51,"10°46'32.41""N, 106°40'15.35""E",FIX,
00:55:27.008,1786211727.009,PATH_FOLLOWING,10.965,-0.711,-2.757,64.15,0.276,-0.984,0.000,0.000,0.000,0.000,0.00,10.77566875,106.67093022,10.51,"10°46'32.41""N, 106°40'15.35""E",FIX,
00:55:27.159,1786211727.159,PATH_FOLLOWING,10.944,-0.719,-2.824,43.75,0.279,-0.461,0.000,0.000,0.000,0.000,0.00,10.77566855,106.67093036,10.51,"10°46'32.41""N, 106°40'15.35""E",FIX,
00:55:27.264,1786211727.264,PATH_FOLLOWING,10.928,-0.724,-2.864,14.14,0.280,-0.122,0.000,0.000,0.000,0.000,0.00,10.77566855,106.67093036,10.51,"10°46'32.41""N, 106°40'15.35""E",FIX,
00:55:27.398,1786211727.398,PATH_FOLLOWING,10.907,-0.730,-2.879,-0.84,0.280,0.007,0.000,0.000,0.000,0.000,0.00,10.77566855,106.67093036,10.51,"10°46'32.41""N, 106°40'15.35""E",FIX,
00:55:27.506,1786211727.506,PATH_FOLLOWING,10.890,-0.734,-2.880,48.71,0.279,-0.547,0.000,0.000,0.000,0.000,0.00,10.77566834,106.67093049,10.51,"10°46'32.41""N, 106°40'15.35""E",FIX,
00:55:27.619,1786211727.620,PATH_FOLLOWING,10.874,-0.738,-2.900,39.66,0.279,-0.399,0.000,0.000,0.000,0.000,0.00,10.77566834,106.67093049,10.51,"10°46'32.41""N, 106°40'15.35""E",FIX,
00:55:27.773,1786211727.773,PATH_FOLLOWING,10.852,-0.743,-2.935,13.92,0.280,-0.120,0.000,0.000,0.000,0.000,0.00,10.77566834,106.67093049,10.51,"10°46'32.41""N, 106°40'15.35""E",FIX,
00:55:27.879,1786211727.880,PATH_FOLLOWING,10.842,-0.745,-2.944,5.24,0.280,-0.044,0.000,0.000,0.000,0.000,0.00,10.77566813,106.67093062,10.51,"10°46'32.41""N, 106°40'15.35""E",FIX,
00:55:27.975,1786211727.976,PATH_FOLLOWING,10.820,-0.750,-2.949,-0.02,0.280,0.000,0.000,0.000,0.000,0.000,0.00,10.77566813,106.67093062,10.51,"10°46'32.41""N, 106°40'15.35""E",FIX,
00:55:28.074,1786211728.074,PATH_FOLLOWING,10.803,-0.753,-2.949,40.95,0.279,-0.418,0.000,0.000,0.000,0.000,0.00,10.77566813,106.67093062,10.51,"10°46'32.41""N, 106°40'15.35""E",FIX,
00:55:28.141,1786211728.141,PATH_FOLLOWING,10.787,-0.756,-2.963,33.50,0.280,-0.319,0.000,0.000,0.000,0.000,0.00,10.77566791,106.67093074,10.51,"10°46'32.40""N, 106°40'15.35""E",FIX,
00:55:28.218,1786211728.219,PATH_FOLLOWING,10.770,-0.759,-2.984,17.56,0.280,-0.153,0.000,0.000,0.000,0.000,0.00,10.77566791,106.67093074,10.51,"10°46'32.40""N, 106°40'15.35""E",FIX,
00:55:28.299,1786211728.300,PATH_FOLLOWING,10.753,-0.761,-2.996,6.21,0.280,-0.053,0.000,0.000,0.000,0.000,0.00,10.77566791,106.67093074,10.51,"10°46'32.40""N, 106°40'15.35""E",FIX,
00:55:28.412,1786211728.412,PATH_FOLLOWING,10.726,-0.765,-3.004,30.81,0.280,-0.288,0.000,0.000,0.000,0.000,0.00,10.77566769,106.67093087,10.51,"10°46'32.40""N, 106°40'15.35""E",FIX,
00:55:28.537,1786211728.538,PATH_FOLLOWING,10.709,-0.768,-3.018,20.34,0.280,-0.179,0.000,0.000,0.000,0.000,0.00,10.77566769,106.67093087,10.51,"10°46'32.40""N, 106°40'15.35""E",FIX,
00:55:28.623,1786211728.623,PATH_FOLLOWING,10.692,-0.769,-3.030,9.20,0.280,-0.078,0.000,0.000,0.000,0.000,0.00,10.77566769,106.67093087,10.51,"10°46'32.40""N, 106°40'15.35""E",FIX,
00:55:28.733,1786211728.734,PATH_FOLLOWING,10.676,-0.771,-3.036,3.21,0.280,-0.027,0.000,0.000,0.000,0.000,0.00,10.77566747,106.67093099,10.51,"10°46'32.40""N, 106°40'15.35""E",FIX,
00:55:28.813,1786211728.813,PATH_FOLLOWING,10.659,-0.773,-3.039,0.19,0.280,-0.002,0.000,0.000,0.000,0.000,0.00,10.77566747,106.67093099,10.51,"10°46'32.40""N, 106°40'15.35""E",FIX,
00:55:28.956,1786211728.957,PATH_FOLLOWING,10.631,-0.776,-3.040,25.07,0.280,-0.226,0.000,0.000,0.000,0.000,0.00,10.77566747,106.67093099,10.51,"10°46'32.40""N, 106°40'15.35""E",FIX,
00:55:29.062,1786211729.063,PATH_FOLLOWING,10.609,-0.778,-3.054,13.42,0.280,-0.115,0.000,0.000,0.000,0.000,0.00,10.77566724,106.67093111,10.51,"10°46'32.40""N, 106°40'15.35""E",FIX,
00:55:29.122,1786211729.122,PATH_FOLLOWING,10.598,-0.779,-3.060,8.36,0.280,-0.071,0.000,0.000,0.000,0.000,0.00,10.77566724,106.67093111,10.51,"10°46'32.40""N, 106°40'15.35""E",FIX,
00:55:29.215,1786211729.216,PATH_FOLLOWING,10.575,-0.781,-3.066,2.44,0.280,-0.021,0.000,0.000,0.000,0.000,0.00,10.77566724,106.67093111,10.51,"10°46'32.40""N, 106°40'15.35""E",FIX,
00:55:29.314,1786211729.315,PATH_FOLLOWING,10.559,-0.782,-3.068,18.82,0.280,-0.164,0.000,0.000,0.000,0.000,0.00,10.77566702,106.67093123,10.51,"10°46'32.40""N, 106°40'15.35""E",FIX,
00:55:29.399,1786211729.399,PATH_FOLLOWING,10.542,-0.783,-3.076,12.11,0.280,-0.104,0.000,0.000,0.000,0.000,0.00,10.77566702,106.67093123,10.51,"10°46'32.40""N, 106°40'15.35""E",FIX,
00:55:29.464,1786211729.465,PATH_FOLLOWING,10.531,-0.784,-3.081,7.51,0.280,-0.064,0.000,0.000,0.000,0.000,0.00,10.77566702,106.67093123,10.51,"10°46'32.40""N, 106°40'15.35""E",FIX,
00:55:29.563,1786211729.563,PATH_FOLLOWING,10.508,-0.785,-3.087,1.59,0.280,-0.013,0.000,0.000,0.000,0.000,0.00,10.77566680,106.67093135,10.51,"10°46'32.40""N, 106°40'15.35""E",FIX,
00:55:29.653,1786211729.653,PATH_FOLLOWING,10.486,-0.786,-3.089,12.81,0.280,-0.110,0.000,0.000,0.000,0.000,0.00,10.77566680,106.67093135,10.51,"10°46'32.40""N, 106°40'15.35""E",FIX,
00:55:29.731,1786211729.732,PATH_FOLLOWING,10.469,-0.787,-3.094,7.73,0.280,-0.065,0.000,0.000,0.000,0.000,0.00,10.77566680,106.67093135,10.51,"10°46'32.40""N, 106°40'15.35""E",FIX,
00:55:29.843,1786211729.844,PATH_FOLLOWING,10.441,-0.788,-3.102,0.49,0.280,-0.004,0.000,0.000,0.000,0.000,0.00,10.77566658,106.67093147,10.51,"10°46'32.40""N, 106°40'15.35""E",FIX,
00:55:29.898,1786211729.898,PATH_FOLLOWING,10.436,-0.789,-3.103,-0.36,0.280,0.003,0.000,0.000,0.000,0.000,0.00,10.77566658,106.67093147,10.51,"10°46'32.40""N, 106°40'15.35""E",FIX,
00:55:29.985,1786211729.986,PATH_FOLLOWING,10.413,-0.789,-3.103,-0.33,0.280,0.003,0.000,0.000,0.000,0.000,0.00,10.77566658,106.67093147,10.51,"10°46'32.40""N, 106°40'15.35""E",FIX,
00:55:30.059,1786211730.059,PATH_FOLLOWING,10.402,-0.790,-3.102,9.63,0.280,-0.082,0.000,0.000,0.000,0.000,0.00,10.77566635,106.67093159,10.51,"10°46'32.40""N, 106°40'15.35""E",FIX,
00:55:30.149,1786211730.150,PATH_FOLLOWING,10.380,-0.791,-3.107,5.16,0.280,-0.044,0.000,0.000,0.000,0.000,0.00,10.77566635,106.67093159,10.51,"10°46'32.40""N, 106°40'15.35""E",FIX,
00:55:30.246,1786211730.246,PATH_FOLLOWING,10.357,-0.791,-3.111,1.20,0.280,-0.010,0.000,0.000,0.000,0.000,0.00,10.77566635,106.67093159,10.51,"10°46'32.40""N, 106°40'15.35""E",FIX,
00:55:30.343,1786211730.343,PATH_FOLLOWING,10.346,-0.792,-3.112,0.57,0.280,-0.005,0.000,0.000,0.000,0.000,0.00,10.77566613,106.67093171,10.51,"10°46'32.40""N, 106°40'15.35""E",FIX,
00:55:30.457,1786211730.458,PATH_FOLLOWING,10.318,-0.793,-3.113,7.26,0.280,-0.062,0.000,0.000,0.000,0.000,0.00,10.77566613,106.67093171,10.51,"10°46'32.40""N, 106°40'15.35""E",FIX,
00:55:30.541,1786211730.541,PATH_FOLLOWING,10.301,-0.793,-3.115,4.80,0.280,-0.041,0.000,0.000,0.000,0.000,0.00,10.77566613,106.67093171,10.51,"10°46'32.40""N, 106°40'15.35""E",FIX,
00:55:30.612,1786211730.612,PATH_FOLLOWING,10.290,-0.793,-3.117,2.97,0.280,-0.025,0.000,0.000,0.000,0.000,0.00,10.77566591,106.67093183,10.51,"10°46'32.40""N, 106°40'15.35""E",FIX,
00:55:30.706,1786211730.707,PATH_FOLLOWING,10.273,-0.794,-3.119,1.24,0.280,-0.010,0.000,0.000,0.000,0.000,0.00,10.77566591,106.67093183,10.51,"10°46'32.40""N, 106°40'15.35""E",FIX,
00:55:30.799,1786211730.800,PATH_FOLLOWING,10.251,-0.794,-3.120,-0.02,0.280,0.000,0.000,0.000,0.000,0.000,0.00,10.77566591,106.67093183,10.51,"10°46'32.40""N, 106°40'15.35""E",FIX,
00:55:30.864,1786211730.864,PATH_FOLLOWING,10.234,-0.795,-3.121,3.29,0.280,-0.028,0.000,0.000,0.000,0.000,0.00,10.77566568,106.67093195,10.51,"10°46'32.40""N, 106°40'15.36""E",FIX,
00:55:30.975,1786211730.975,PATH_FOLLOWING,10.212,-0.795,-3.123,1.48,0.280,-0.012,0.000,0.000,0.000,0.000,0.00,10.77566568,106.67093195,10.51,"10°46'32.40""N, 106°40'15.36""E",FIX,
00:55:31.042,1786211731.043,PATH_FOLLOWING,10.195,-0.795,-3.124,0.40,0.280,-0.003,0.000,0.000,0.000,0.000,0.00,10.77566568,106.67093195,10.51,"10°46'32.40""N, 106°40'15.36""E",FIX,
00:55:31.133,1786211731.134,PATH_FOLLOWING,10.178,-0.796,-3.124,9.41,0.280,-0.080,0.000,0.000,0.000,0.000,0.00,10.77566546,106.67093206,10.51,"10°46'32.40""N, 106°40'15.36""E",FIX,
00:55:31.197,1786211731.198,PATH_FOLLOWING,10.161,-0.796,-3.127,6.30,0.280,-0.053,0.000,0.000,0.000,0.000,0.00,10.77566546,106.67093206,10.51,"10°46'32.40""N, 106°40'15.36""E",FIX,
00:55:31.284,1786211731.285,PATH_FOLLOWING,10.139,-0.796,-3.132,1.72,0.280,-0.014,0.000,0.000,0.000,0.000,0.00,10.77566546,106.67093206,10.51,"10°46'32.40""N, 106°40'15.36""E",FIX,
00:55:31.346,1786211731.347,PATH_FOLLOWING,10.128,-0.796,-3.133,0.62,0.280,-0.005,0.000,0.000,0.000,0.000,0.00,10.77566546,106.67093206,10.51,"10°46'32.40""N, 106°40'15.36""E",FIX,
00:55:31.438,1786211731.438,PATH_FOLLOWING,10.105,-0.796,-3.134,-0.04,0.280,0.000,0.000,0.000,0.000,0.000,0.00,10.77566523,106.67093218,10.51,"10°46'32.39""N, 106°40'15.36""E",FIX,
00:55:31.515,1786211731.515,PATH_FOLLOWING,10.089,-0.797,-3.134,-0.15,0.280,0.001,0.000,0.000,0.000,0.000,0.00,10.77566523,106.67093218,10.51,"10°46'32.39""N, 106°40'15.36""E",FIX,
00:55:31.605,1786211731.606,PATH_FOLLOWING,10.066,-0.797,-3.134,-0.07,0.280,0.001,0.000,0.000,0.000,0.000,0.00,10.77566501,106.67093230,10.51,"10°46'32.39""N, 106°40'15.36""E",FIX,
00:55:31.672,1786211731.672,PATH_FOLLOWING,10.055,-0.797,-3.134,-0.04,0.280,0.000,0.000,0.000,0.000,0.000,0.00,10.77566501,106.67093230,10.51,"10°46'32.39""N, 106°40'15.36""E",FIX,
00:55:31.765,1786211731.765,PATH_FOLLOWING,10.033,-0.797,-3.134,-0.00,0.280,0.000,0.000,0.000,0.000,0.000,0.00,10.77566501,106.67093230,10.51,"10°46'32.39""N, 106°40'15.36""E",FIX,
00:55:31.870,1786211731.871,PATH_FOLLOWING,10.010,-0.797,-3.134,0.01,0.280,-0.000,0.000,0.000,0.000,0.000,0.00,10.77566478,106.67093242,10.51,"10°46'32.39""N, 106°40'15.36""E",FIX,
00:55:31.959,1786211731.960,PATH_FOLLOWING,9.988,-0.797,-3.134,0.00,0.280,-0.000,0.000,0.000,0.000,0.000,0.00,10.77566478,106.67093242,10.51,"10°46'32.39""N, 106°40'15.36""E",FIX,
00:55:32.036,1786211732.037,PATH_FOLLOWING,9.977,-0.797,-3.134,0.00,0.280,-0.000,0.000,0.000,0.000,0.000,0.00,10.77566478,106.67093242,10.51,"10°46'32.39""N, 106°40'15.36""E",FIX,
00:55:32.148,1786211732.148,PATH_FOLLOWING,9.954,-0.798,-3.134,0.00,0.280,-0.000,0.000,0.000,0.000,0.000,0.00,10.77566456,106.67093253,10.51,"10°46'32.39""N, 106°40'15.36""E",FIX,
00:55:32.241,1786211732.241,PATH_FOLLOWING,9.937,-0.798,-3.134,0.00,0.280,-0.000,0.000,0.000,0.000,0.000,0.00,10.77566456,106.67093253,10.51,"10°46'32.39""N, 106°40'15.36""E",FIX,
00:55:32.345,1786211732.346,PATH_FOLLOWING,9.921,-0.798,-3.134,0.00,0.280,-0.000,0.000,0.000,0.000,0.000,0.00,10.77566456,106.67093253,10.51,"10°46'32.39""N, 106°40'15.36""E",FIX,
00:55:32.453,1786211732.454,PATH_FOLLOWING,9.898,-0.798,-3.134,4.35,0.280,-0.037,0.000,0.000,0.000,0.000,0.00,10.77566433,106.67093265,10.51,"10°46'32.39""N, 106°40'15.36""E",FIX,
00:55:32.546,1786211732.546,PATH_FOLLOWING,9.881,-0.798,-3.135,2.86,0.280,-0.024,0.000,0.000,0.000,0.000,0.00,10.77566433,106.67093265,10.51,"10°46'32.39""N, 106°40'15.36""E",FIX,
00:55:32.606,1786211732.606,PATH_FOLLOWING,9.865,-0.798,-3.137,1.05,0.280,-0.009,0.000,0.000,0.000,0.000,0.00,10.77566433,106.67093265,10.51,"10°46'32.39""N, 106°40'15.36""E",FIX,
00:55:32.689,1786211732.689,PATH_FOLLOWING,9.848,-0.798,-3.138,0.39,0.280,-0.003,0.000,0.000,0.000,0.000,0.00,10.77566433,106.67093265,10.51,"10°46'32.39""N, 106°40'15.36""E",FIX,
00:55:32.780,1786211732.781,PATH_FOLLOWING,9.825,-0.798,-3.138,0.03,0.280,-0.000,0.000,0.000,0.000,0.000,0.00,10.77566411,106.67093277,10.51,"10°46'32.39""N, 106°40'15.36""E",FIX,
00:55:32.856,1786211732.856,PATH_FOLLOWING,9.809,-0.799,-3.138,-0.02,0.280,0.000,0.000,0.000,0.000,0.000,0.00,10.77566411,106.67093277,10.51,"10°46'32.39""N, 106°40'15.36""E",FIX,
00:55:32.927,1786211732.928,PATH_FOLLOWING,9.792,-0.799,-3.138,-0.02,0.280,0.000,0.000,0.000,0.000,0.000,0.00,10.77566411,106.67093277,10.51,"10°46'32.39""N, 106°40'15.36""E",FIX,
00:55:33.009,1786211733.010,PATH_FOLLOWING,9.769,-0.799,-3.138,-0.01,0.280,0.000,0.000,0.000,0.000,0.000,0.00,10.77566388,106.67093288,10.51,"10°46'32.39""N, 106°40'15.36""E",FIX,
00:55:33.072,1786211733.073,PATH_FOLLOWING,9.758,-0.799,-3.138,-0.00,0.280,0.000,0.000,0.000,0.000,0.000,0.00,10.77566388,106.67093288,10.51,"10°46'32.39""N, 106°40'15.36""E",FIX,
00:55:33.161,1786211733.162,PATH_FOLLOWING,9.736,-0.799,-3.138,-0.00,0.280,0.000,0.000,0.000,0.000,0.000,0.00,10.77566388,106.67093288,10.51,"10°46'32.39""N, 106°40'15.36""E",FIX,
00:55:33.236,1786211733.236,PATH_FOLLOWING,9.719,-0.799,-3.138,0.00,0.280,-0.000,0.000,0.000,0.000,0.000,0.00,10.77566366,106.67093300,10.51,"10°46'32.39""N, 106°40'15.36""E",FIX,
00:55:33.315,1786211733.315,PATH_FOLLOWING,9.697,-0.799,-3.138,0.00,0.280,-0.000,0.000,0.000,0.000,0.000,0.00,10.77566366,106.67093300,10.51,"10°46'32.39""N, 106°40'15.36""E",FIX,
00:55:33.387,1786211733.387,PATH_FOLLOWING,9.680,-0.799,-3.138,0.00,0.280,-0.000,0.000,0.000,0.000,0.000,0.00,10.77566366,106.67093300,10.51,"10°46'32.39""N, 106°40'15.36""E",FIX,
00:55:33.463,1786211733.464,PATH_FOLLOWING,9.663,-0.799,-3.138,0.00,0.280,-0.000,0.000,0.000,0.000,0.000,0.00,10.77566343,106.67093312,10.51,"10°46'32.39""N, 106°40'15.36""E",FIX,
00:55:33.545,1786211733.545,PATH_FOLLOWING,9.646,-0.799,-3.138,1.87,0.280,-0.016,0.000,0.000,0.000,0.000,0.00,10.77566343,106.67093312,10.51,"10°46'32.39""N, 106°40'15.36""E",FIX,
00:55:33.620,1786211733.621,PATH_FOLLOWING,9.629,-0.799,-3.139,1.32,0.280,-0.011,0.000,0.000,0.000,0.000,0.00,10.77566343,106.67093312,10.51,"10°46'32.39""N, 106°40'15.36""E",FIX,
00:55:33.736,1786211733.737,PATH_FOLLOWING,9.601,-0.799,-3.140,0.08,0.280,-0.001,0.000,0.000,0.000,0.000,0.00,10.77566321,106.67093324,10.51,"10°46'32.39""N, 106°40'15.36""E",FIX,
00:55:33.811,1786211733.811,PATH_FOLLOWING,9.585,-0.799,-3.140,-0.10,0.280,0.001,0.000,0.000,0.000,0.000,0.00,10.77566321,106.67093324,10.51,"10°46'32.39""N, 106°40'15.36""E",FIX,
00:55:33.884,1786211733.885,PATH_FOLLOWING,9.568,-0.799,-3.140,-0.06,0.280,0.001,0.000,0.000,0.000,0.000,0.00,10.77566321,106.67093324,10.51,"10°46'32.39""N, 106°40'15.36""E",FIX,
00:55:33.972,1786211733.972,PATH_FOLLOWING,9.551,-0.799,-3.140,-0.03,0.280,0.000,0.000,0.000,0.000,0.000,0.00,10.77566298,106.67093335,10.51,"10°46'32.39""N, 106°40'15.36""E",FIX,
00:55:34.035,1786211734.036,PATH_FOLLOWING,9.534,-0.799,-3.140,-0.01,0.280,0.000,0.000,0.000,0.000,0.000,0.00,10.77566298,106.67093335,10.51,"10°46'32.39""N, 106°40'15.36""E",FIX,
00:55:34.112,1786211734.112,PATH_FOLLOWING,9.517,-0.799,-3.140,0.00,0.280,-0.000,0.000,0.000,0.000,0.000,0.00,10.77566298,106.67093335,10.51,"10°46'32.39""N, 106°40'15.36""E",FIX,
00:55:34.205,1786211734.205,PATH_FOLLOWING,9.495,-0.799,-3.140,0.00,0.280,-0.000,0.000,0.000,0.000,0.000,0.00,10.77566276,106.67093347,10.51,"10°46'32.39""N, 106°40'15.36""E",FIX,
00:55:34.274,1786211734.274,PATH_FOLLOWING,9.478,-0.799,-3.140,0.00,0.280,-0.000,0.000,0.000,0.000,0.000,0.00,10.77566276,106.67093347,10.51,"10°46'32.39""N, 106°40'15.36""E",FIX,
00:55:34.365,1786211734.365,PATH_FOLLOWING,9.461,-0.799,-3.140,0.00,0.280,-0.000,0.000,0.000,0.000,0.000,0.00,10.77566276,106.67093347,10.51,"10°46'32.39""N, 106°40'15.36""E",FIX,
00:55:34.441,1786211734.442,PATH_FOLLOWING,9.439,-0.799,-3.140,0.00,0.280,-0.000,0.000,0.000,0.000,0.000,0.00,10.77566253,106.67093359,10.51,"10°46'32.39""N, 106°40'15.36""E",FIX,
00:55:34.516,1786211734.516,PATH_FOLLOWING,9.422,-0.800,-3.140,-0.00,0.280,0.000,0.000,0.000,0.000,0.000,0.00,10.77566253,106.67093359,10.51,"10°46'32.39""N, 106°40'15.36""E",FIX,
00:55:34.597,1786211734.597,PATH_FOLLOWING,9.405,-0.800,-3.140,-0.00,0.280,0.000,0.000,0.000,0.000,0.000,0.00,10.77566253,106.67093359,10.51,"10°46'32.39""N, 106°40'15.36""E",FIX,
00:55:34.673,1786211734.674,PATH_FOLLOWING,9.389,-0.800,-3.140,-0.00,0.280,0.000,0.000,0.000,0.000,0.000,0.00,10.77566231,106.67093370,10.51,"10°46'32.38""N, 106°40'15.36""E",FIX,
00:55:34.754,1786211734.755,PATH_FOLLOWING,9.366,-0.800,-3.140,0.88,0.280,-0.007,0.000,0.000,0.000,0.000,0.00,10.77566231,106.67093370,10.51,"10°46'32.38""N, 106°40'15.36""E",FIX,
00:55:34.847,1786211734.848,PATH_FOLLOWING,9.344,-0.800,-3.140,0.38,0.280,-0.003,0.000,0.000,0.000,0.000,0.00,10.77566231,106.67093370,10.51,"10°46'32.38""N, 106°40'15.36""E",FIX,
00:55:34.910,1786211734.911,PATH_FOLLOWING,9.333,-0.800,-3.141,0.20,0.280,-0.002,0.000,0.000,0.000,0.000,0.00,10.77566208,106.67093382,10.51,"10°46'32.38""N, 106°40'15.36""E",FIX,
00:55:34.998,1786211734.999,PATH_FOLLOWING,9.310,-0.800,-3.141,0.03,0.280,-0.000,0.000,0.000,0.000,0.000,0.00,10.77566208,106.67093382,10.51,"10°46'32.38""N, 106°40'15.36""E",FIX,
00:55:35.073,1786211735.074,PATH_FOLLOWING,9.293,-0.800,-3.141,-0.01,0.280,0.000,0.000,0.000,0.000,0.000,0.00,10.77566208,106.67093382,10.51,"10°46'32.38""N, 106°40'15.36""E",FIX,
00:55:35.147,1786211735.147,PATH_FOLLOWING,9.271,-0.800,-3.141,-0.02,0.280,0.000,0.000,0.000,0.000,0.000,0.00,10.77566186,106.67093394,10.51,"10°46'32.38""N, 106°40'15.36""E",FIX,
00:55:35.219,1786211735.219,PATH_FOLLOWING,9.254,-0.800,-3.141,-0.01,0.280,0.000,0.000,0.000,0.000,0.000,0.00,10.77566186,106.67093394,10.51,"10°46'32.38""N, 106°40'15.36""E",FIX,
00:55:35.306,1786211735.307,PATH_FOLLOWING,9.237,-0.800,-3.141,-0.00,0.280,0.000,0.000,0.000,0.000,0.000,0.00,10.77566186,106.67093394,10.51,"10°46'32.38""N, 106°40'15.36""E",FIX,
00:55:35.388,1786211735.389,PATH_FOLLOWING,9.215,-0.800,-3.141,-0.00,0.280,0.000,0.000,0.000,0.000,0.000,0.00,10.77566163,106.67093406,10.51,"10°46'32.38""N, 106°40'15.36""E",FIX,
00:55:35.448,1786211735.448,PATH_FOLLOWING,9.204,-0.800,-3.141,0.00,0.280,-0.000,0.000,0.000,0.000,0.000,0.00,10.77566163,106.67093406,10.51,"10°46'32.38""N, 106°40'15.36""E",FIX,
00:55:35.522,1786211735.523,PATH_FOLLOWING,9.181,-0.800,-3.141,0.00,0.280,-0.000,0.000,0.000,0.000,0.000,0.00,10.77566163,106.67093406,10.51,"10°46'32.38""N, 106°40'15.36""E",FIX,
00:55:35.603,1786211735.604,PATH_FOLLOWING,9.165,-0.800,-3.141,0.00,0.280,-0.000,0.000,0.000,0.000,0.000,0.00,10.77566141,106.67093417,10.51,"10°46'32.38""N, 106°40'15.36""E",FIX,
00:55:35.688,1786211735.688,PATH_FOLLOWING,9.142,-0.800,-3.141,0.00,0.280,-0.000,0.000,0.000,0.000,0.000,0.00,10.77566141,106.67093417,10.51,"10°46'32.38""N, 106°40'15.36""E",FIX,
00:55:35.760,1786211735.760,PATH_FOLLOWING,9.125,-0.800,-3.141,-0.00,0.280,0.000,0.000,0.000,0.000,0.000,0.00,10.77566141,106.67093417,10.51,"10°46'32.38""N, 106°40'15.36""E",FIX,
00:55:35.843,1786211735.843,PATH_FOLLOWING,9.103,-0.800,-3.141,0.40,0.280,-0.003,0.000,0.000,0.000,0.000,0.00,10.77566118,106.67093429,10.51,"10°46'32.38""N, 106°40'15.36""E",FIX,
00:55:35.916,1786211735.916,PATH_FOLLOWING,9.092,-0.800,-3.141,0.30,0.280,-0.003,0.000,0.000,0.000,0.000,0.00,10.77566118,106.67093429,10.51,"10°46'32.38""N, 106°40'15.36""E",FIX,
00:55:35.993,1786211735.994,PATH_FOLLOWING,9.069,-0.800,-3.141,0.08,0.280,-0.001,0.000,0.000,0.000,0.000,0.00,10.77566118,106.67093429,10.51,"10°46'32.38""N, 106°40'15.36""E",FIX,
00:55:36.077,1786211736.078,PATH_FOLLOWING,9.053,-0.800,-3.141,0.01,0.280,-0.000,0.000,0.000,0.000,0.000,0.00,10.77566096,106.67093441,10.51,"10°46'32.38""N, 106°40'15.36""E",FIX,
00:55:36.146,1786211736.147,PATH_FOLLOWING,9.036,-0.800,-3.141,-0.01,0.280,0.000,0.000,0.000,0.000,0.000,0.00,10.77566096,106.67093441,10.51,"10°46'32.38""N, 106°40'15.36""E",FIX,
00:55:36.226,1786211736.226,PATH_FOLLOWING,9.013,-0.800,-3.141,-0.01,0.280,0.000,0.000,0.000,0.000,0.000,0.00,10.77566096,106.67093441,10.51,"10°46'32.38""N, 106°40'15.36""E",FIX,
00:55:36.300,1786211736.301,PATH_FOLLOWING,8.997,-0.800,-3.141,-0.00,0.280,0.000,0.000,0.000,0.000,0.000,0.00,10.77566073,106.67093452,10.51,"10°46'32.38""N, 106°40'15.36""E",FIX,
00:55:36.391,1786211736.391,PATH_FOLLOWING,8.974,-0.800,-3.141,-0.00,0.280,0.000,0.000,0.000,0.000,0.000,0.00,10.77566073,106.67093452,10.51,"10°46'32.38""N, 106°40'15.36""E",FIX,
00:55:36.460,1786211736.461,PATH_FOLLOWING,8.963,-0.800,-3.141,-0.00,0.280,0.000,0.000,0.000,0.000,0.000,0.00,10.77566073,106.67093452,10.51,"10°46'32.38""N, 106°40'15.36""E",FIX,
00:55:36.536,1786211736.536,PATH_FOLLOWING,8.941,-0.800,-3.141,0.00,0.280,-0.000,0.000,0.000,0.000,0.000,0.00,10.77566051,106.67093464,10.51,"10°46'32.38""N, 106°40'15.36""E",FIX,
00:55:36.609,1786211736.609,PATH_FOLLOWING,8.924,-0.800,-3.141,0.00,0.280,-0.000,0.000,0.000,0.000,0.000,0.00,10.77566051,106.67093464,10.51,"10°46'32.38""N, 106°40'15.36""E",FIX,
00:55:36.685,1786211736.685,PATH_FOLLOWING,8.907,-0.800,-3.141,0.00,0.280,-0.000,0.000,0.000,0.000,0.000,0.00,10.77566051,106.67093464,10.51,"10°46'32.38""N, 106°40'15.36""E",FIX,
00:55:36.772,1786211736.773,PATH_FOLLOWING,8.885,-0.800,-3.141,0.00,0.280,-0.000,0.000,0.000,0.000,0.000,0.00,10.77566028,106.67093476,10.51,"10°46'32.38""N, 106°40'15.37""E",FIX,
00:55:36.841,1786211736.842,PATH_FOLLOWING,8.868,-0.800,-3.141,-0.00,0.280,0.000,0.000,0.000,0.000,0.000,0.00,10.77566028,106.67093476,10.51,"10°46'32.38""N, 106°40'15.37""E",FIX,
00:55:36.923,1786211736.923,PATH_FOLLOWING,8.845,-0.800,-3.141,-0.00,0.280,0.000,0.000,0.000,0.000,0.000,0.00,10.77566028,106.67093476,10.51,"10°46'32.38""N, 106°40'15.37""E",FIX,
00:55:37.007,1786211737.008,PATH_FOLLOWING,8.834,-0.800,-3.141,0.18,0.280,-0.002,0.000,0.000,0.000,0.000,0.00,10.77566006,106.67093487,10.51,"10°46'32.38""N, 106°40'15.37""E",FIX,
00:55:37.108,1786211737.108,PATH_FOLLOWING,8.812,-0.800,-3.141,0.10,0.280,-0.001,0.000,0.000,0.000,0.000,0.00,10.77566006,106.67093487,10.51,"10°46'32.38""N, 106°40'15.37""E",FIX,
00:55:37.185,1786211737.186,PATH_FOLLOWING,8.795,-0.800,-3.141,0.03,0.280,-0.000,0.000,0.000,0.000,0.000,0.00,10.77566006,106.67093487,10.51,"10°46'32.38""N, 106°40'15.37""E",FIX,
00:55:37.274,1786211737.274,PATH_FOLLOWING,8.778,-0.800,-3.141,0.00,0.280,-0.000,0.000,0.000,0.000,0.000,0.00,10.77565983,106.67093499,10.51,"10°46'32.38""N, 106°40'15.37""E",FIX,
00:55:37.350,1786211737.351,PATH_FOLLOWING,8.756,-0.800,-3.141,-0.01,0.280,0.000,0.000,0.000,0.000,0.000,0.00,10.77565983,106.67093499,10.51,"10°46'32.38""N, 106°40'15.37""E",FIX,
00:55:37.432,1786211737.433,PATH_FOLLOWING,8.733,-0.800,-3.141,-0.00,0.280,0.000,0.000,0.000,0.000,0.000,0.00,10.77565983,106.67093499,10.51,"10°46'32.38""N, 106°40'15.37""E",FIX,
00:55:37.502,1786211737.502,PATH_FOLLOWING,8.722,-0.800,-3.141,-0.00,0.280,0.000,0.000,0.000,0.000,0.000,0.00,10.77565961,106.67093511,10.51,"10°46'32.37""N, 106°40'15.37""E",FIX,
00:55:37.580,1786211737.580,PATH_FOLLOWING,8.700,-0.800,-3.141,-0.00,0.280,0.000,0.000,0.000,0.000,0.000,0.00,10.77565961,106.67093511,10.51,"10°46'32.37""N, 106°40'15.37""E",FIX,
00:55:37.659,1786211737.659,PATH_FOLLOWING,8.683,-0.800,-3.141,0.00,0.280,-0.000,0.000,0.000,0.000,0.000,0.00,10.77565961,106.67093511,10.51,"10°46'32.37""N, 106°40'15.37""E",FIX,
00:55:37.739,1786211737.740,PATH_FOLLOWING,8.666,-0.800,-3.141,0.00,0.280,-0.000,0.000,0.000,0.000,0.000,0.00,10.77565938,106.67093523,10.51,"10°46'32.37""N, 106°40'15.37""E",FIX,
00:55:37.829,1786211737.830,PATH_FOLLOWING,8.644,-0.800,-3.141,0.00,0.280,-0.000,0.000,0.000,0.000,0.000,0.00,10.77565938,106.67093523,10.51,"10°46'32.37""N, 106°40'15.37""E",FIX,
00:55:37.902,1786211737.902,PATH_FOLLOWING,8.627,-0.800,-3.141,0.00,0.280,-0.000,0.000,0.000,0.000,0.000,0.00,10.77565938,106.67093523,10.51,"10°46'32.37""N, 106°40'15.37""E",FIX,
00:55:37.966,1786211737.967,PATH_FOLLOWING,8.610,-0.800,-3.141,-0.00,0.280,0.000,0.000,0.000,0.000,0.000,0.00,10.77565916,106.67093534,10.51,"10°46'32.37""N, 106°40'15.37""E",FIX,
00:55:38.048,1786211738.048,PATH_FOLLOWING,8.593,-0.800,-3.141,-0.00,0.280,0.000,0.000,0.000,0.000,0.000,0.00,10.77565916,106.67093534,10.51,"10°46'32.37""N, 106°40'15.37""E",FIX,
00:55:38.132,1786211738.133,PATH_FOLLOWING,8.571,-0.800,-3.141,0.08,0.280,-0.001,0.000,0.000,0.000,0.000,0.00,10.77565916,106.67093534,10.51,"10°46'32.37""N, 106°40'15.37""E",FIX,
00:55:38.208,1786211738.208,PATH_FOLLOWING,8.554,-0.800,-3.141,0.05,0.280,-0.000,0.000,0.000,0.000,0.000,0.00,10.77565893,106.67093546,10.51,"10°46'32.37""N, 106°40'15.37""E",FIX,
00:55:38.293,1786211738.293,PATH_FOLLOWING,8.537,-0.800,-3.141,0.02,0.280,-0.000,0.000,0.000,0.000,0.000,0.00,10.77565893,106.67093546,10.51,"10°46'32.37""N, 106°40'15.37""E",FIX,
00:55:38.380,1786211738.380,PATH_FOLLOWING,8.515,-0.800,-3.142,0.00,0.280,-0.000,0.000,0.000,0.000,0.000,0.00,10.77565893,106.67093546,10.51,"10°46'32.37""N, 106°40'15.37""E",FIX,
00:55:38.474,1786211738.475,PATH_FOLLOWING,8.498,-0.800,-3.142,-0.00,0.280,0.000,0.000,0.000,0.000,0.000,0.00,10.77565870,106.67093558,10.51,"10°46'32.37""N, 106°40'15.37""E",FIX,
00:55:38.565,1786211738.565,PATH_FOLLOWING,8.481,-0.800,-3.142,-0.00,0.280,0.000,0.000,0.000,0.000,0.000,0.00,10.77565870,106.67093558,10.51,"10°46'32.37""N, 106°40'15.37""E",FIX,
00:55:38.652,1786211738.652,PATH_FOLLOWING,8.459,-0.800,-3.142,-0.00,0.280,0.000,0.000,0.000,0.000,0.000,0.00,10.77565870,106.67093558,10.51,"10°46'32.37""N, 106°40'15.37""E",FIX,
00:55:38.752,1786211738.752,PATH_FOLLOWING,8.442,-0.800,-3.142,-0.00,0.280,0.000,0.000,0.000,0.000,0.000,0.00,10.77565848,106.67093569,10.51,"10°46'32.37""N, 106°40'15.37""E",FIX,
00:55:38.855,1786211738.856,PATH_FOLLOWING,8.420,-0.800,-3.142,0.00,0.280,-0.000,0.000,0.000,0.000,0.000,0.00,10.77565848,106.67093569,10.51,"10°46'32.37""N, 106°40'15.37""E",FIX,
00:55:38.940,1786211738.940,PATH_FOLLOWING,8.403,-0.800,-3.142,0.00,0.280,-0.000,0.000,0.000,0.000,0.000,0.00,10.77565848,106.67093569,10.51,"10°46'32.37""N, 106°40'15.37""E",FIX,
00:55:39.018,1786211739.018,PATH_FOLLOWING,8.386,-0.800,-3.142,0.00,0.280,-0.000,0.000,0.000,0.000,0.000,0.00,10.77565825,106.67093581,10.51,"10°46'32.37""N, 106°40'15.37""E",FIX,
00:55:39.105,1786211739.105,PATH_FOLLOWING,8.369,-0.800,-3.142,0.00,0.280,-0.000,0.000,0.000,0.000,0.000,0.00,10.77565825,106.67093581,10.51,"10°46'32.37""N, 106°40'15.37""E",FIX,
00:55:39.187,1786211739.188,PATH_FOLLOWING,8.347,-0.800,-3.142,0.00,0.280,-0.000,0.000,0.000,0.000,0.000,0.00,10.77565825,106.67093581,10.51,"10°46'32.37""N, 106°40'15.37""E",FIX,
00:55:39.256,1786211739.256,PATH_FOLLOWING,8.330,-0.800,-3.142,-0.00,0.280,0.000,0.000,0.000,0.000,0.000,0.00,10.77565803,106.67093593,10.51,"10°46'32.37""N, 106°40'15.37""E",FIX,
00:55:39.347,1786211739.348,PATH_FOLLOWING,8.308,-0.800,-3.142,-0.00,0.280,0.000,0.000,0.000,0.000,0.000,0.00,10.77565803,106.67093593,10.51,"10°46'32.37""N, 106°40'15.37""E",FIX,
00:55:39.407,1786211739.408,PATH_FOLLOWING,8.297,-0.800,-3.142,0.04,0.280,-0.000,0.000,0.000,0.000,0.000,0.00,10.77565803,106.67093593,10.51,"10°46'32.37""N, 106°40'15.37""E",FIX,
00:55:39.485,1786211739.486,PATH_FOLLOWING,8.280,-0.800,-3.142,0.03,0.280,-0.000,0.000,0.000,0.000,0.000,0.00,10.77565803,106.67093593,10.51,"10°46'32.37""N, 106°40'15.37""E",FIX,
00:55:39.567,1786211739.567,PATH_FOLLOWING,8.257,-0.800,-3.142,0.01,0.280,-0.000,0.000,0.000,0.000,0.000,0.00,10.77565780,106.67093604,10.51,"10°46'32.37""N, 106°40'15.37""E",FIX,
00:55:39.658,1786211739.658,PATH_FOLLOWING,8.235,-0.800,-3.142,-0.00,0.280,0.000,0.000,0.000,0.000,0.000,0.00,10.77565780,106.67093604,10.51,"10°46'32.37""N, 106°40'15.37""E",FIX,
00:55:39.726,1786211739.726,PATH_FOLLOWING,8.224,-0.800,-3.142,-0.00,0.280,0.000,0.000,0.000,0.000,0.000,0.00,10.77565780,106.67093604,10.51,"10°46'32.37""N, 106°40'15.37""E",FIX,
00:55:39.809,1786211739.810,PATH_FOLLOWING,8.201,-0.800,-3.142,-0.00,0.280,0.000,0.000,0.000,0.000,0.000,0.00,10.77565758,106.67093616,10.51,"10°46'32.37""N, 106°40'15.37""E",FIX,
00:55:39.871,1786211739.871,PATH_FOLLOWING,8.185,-0.800,-3.142,-0.00,0.280,0.000,0.000,0.000,0.000,0.000,0.00,10.77565758,106.67093616,10.51,"10°46'32.37""N, 106°40'15.37""E",FIX,
00:55:39.958,1786211739.959,PATH_FOLLOWING,8.162,-0.800,-3.142,0.00,0.280,-0.000,0.000,0.000,0.000,0.000,0.00,10.77565735,106.67093628,10.51,"10°46'32.37""N, 106°40'15.37""E",FIX,
00:55:40.027,1786211740.027,PATH_FOLLOWING,8.145,-0.800,-3.142,0.00,0.280,-0.000,0.000,0.000,0.000,0.000,0.00,10.77565735,106.67093628,10.51,"10°46'32.37""N, 106°40'15.37""E",FIX,
00:55:40.115,1786211740.115,PATH_FOLLOWING,8.129,-0.800,-3.142,0.00,0.280,-0.000,0.000,0.000,0.000,0.000,0.00,10.77565735,106.67093628,10.51,"10°46'32.37""N, 106°40'15.37""E",FIX,
00:55:40.180,1786211740.180,PATH_FOLLOWING,8.112,-0.800,-3.142,0.00,0.280,-0.000,0.000,0.000,0.000,0.000,0.00,10.77565735,106.67093628,10.51,"10°46'32.37""N, 106°40'15.37""E",FIX,
00:55:40.256,1786211740.257,PATH_FOLLOWING,8.095,-0.800,-3.142,-0.00,0.280,0.000,0.000,0.000,0.000,0.000,0.00,10.77565713,106.67093640,10.51,"10°46'32.37""N, 106°40'15.37""E",FIX,
00:55:40.344,1786211740.344,PATH_FOLLOWING,8.073,-0.800,-3.142,-0.00,0.280,0.000,0.000,0.000,0.000,0.000,0.00,10.77565713,106.67093640,10.51,"10°46'32.37""N, 106°40'15.37""E",FIX,
00:55:40.408,1786211740.408,PATH_FOLLOWING,8.056,-0.800,-3.142,-0.00,0.280,0.000,0.000,0.000,0.000,0.000,0.00,10.77565713,106.67093640,10.51,"10°46'32.37""N, 106°40'15.37""E",FIX,
00:55:40.475,1786211740.475,PATH_FOLLOWING,8.039,-0.800,-3.142,-0.00,0.280,0.000,0.000,0.000,0.000,0.000,0.00,10.77565690,106.67093651,10.51,"10°46'32.36""N, 106°40'15.37""E",FIX,
00:55:40.552,1786211740.552,PATH_FOLLOWING,8.017,-0.800,-3.142,0.02,0.280,-0.000,0.000,0.000,0.000,0.000,0.00,10.77565690,106.67093651,10.51,"10°46'32.36""N, 106°40'15.37""E",FIX,
00:55:40.626,1786211740.627,PATH_FOLLOWING,8.000,-0.800,-3.142,0.01,0.280,-0.000,0.000,0.000,0.000,0.000,0.00,10.77565690,106.67093651,10.51,"10°46'32.36""N, 106°40'15.37""E",FIX,
00:55:40.714,1786211740.714,PATH_FOLLOWING,7.977,-0.800,-3.142,0.00,0.280,-0.000,0.000,0.000,0.000,0.000,0.00,10.77565668,106.67093663,10.51,"10°46'32.36""N, 106°40'15.37""E",FIX,
00:55:40.777,1786211740.777,PATH_FOLLOWING,7.961,-0.800,-3.142,0.00,0.280,-0.000,0.000,0.000,0.000,0.000,0.00,10.77565668,106.67093663,10.51,"10°46'32.36""N, 106°40'15.37""E",FIX,
00:55:40.862,1786211740.863,PATH_FOLLOWING,7.944,-0.800,-3.142,-0.00,0.280,0.000,0.000,0.000,0.000,0.000,0.00,10.77565668,106.67093663,10.51,"10°46'32.36""N, 106°40'15.37""E",FIX,
00:55:40.928,1786211740.928,PATH_FOLLOWING,7.927,-0.800,-3.142,-0.00,0.280,0.000,0.000,0.000,0.000,0.000,0.00,10.77565645,106.67093675,10.51,"10°46'32.36""N, 106°40'15.37""E",FIX,
00:55:41.011,1786211741.011,PATH_FOLLOWING,7.905,-0.800,-3.142,-0.00,0.280,0.000,0.000,0.000,0.000,0.000,0.00,10.77565645,106.67093675,10.51,"10°46'32.36""N, 106°40'15.37""E",FIX,
00:55:41.083,1786211741.083,PATH_FOLLOWING,7.888,-0.800,-3.142,-0.00,0.280,0.000,0.000,0.000,0.000,0.000,0.00,10.77565645,106.67093675,10.51,"10°46'32.36""N, 106°40'15.37""E",FIX,
00:55:41.149,1786211741.149,PATH_FOLLOWING,7.871,-0.800,-3.142,-0.00,0.280,0.000,0.000,0.000,0.000,0.000,0.00,10.77565623,106.67093686,10.51,"10°46'32.36""N, 106°40'15.37""E",FIX,
00:55:41.237,1786211741.237,PATH_FOLLOWING,7.849,-0.800,-3.142,0.00,0.280,-0.000,0.000,0.000,0.000,0.000,0.00,10.77565623,106.67093686,10.51,"10°46'32.36""N, 106°40'15.37""E",FIX,
00:55:41.311,1786211741.312,PATH_FOLLOWING,7.832,-0.800,-3.142,0.00,0.280,-0.000,0.000,0.000,0.000,0.000,0.00,10.77565623,106.67093686,10.51,"10°46'32.36""N, 106°40'15.37""E",FIX,
00:55:41.392,1786211741.392,PATH_FOLLOWING,7.815,-0.800,-3.142,0.00,0.280,-0.000,0.000,0.000,0.000,0.000,0.00,10.77565600,106.67093698,10.51,"10°46'32.36""N, 106°40'15.37""E",FIX,
00:55:41.492,1786211741.493,PATH_FOLLOWING,7.793,-0.800,-3.142,0.00,0.280,-0.000,0.000,0.000,0.000,0.000,0.00,10.77565600,106.67093698,10.51,"10°46'32.36""N, 106°40'15.37""E",FIX,
00:55:41.554,1786211741.554,PATH_FOLLOWING,7.776,-0.800,-3.142,-0.00,0.280,0.000,0.000,0.000,0.000,0.000,0.00,10.77565600,106.67093698,10.51,"10°46'32.36""N, 106°40'15.37""E",FIX,
00:55:41.619,1786211741.620,PATH_FOLLOWING,7.759,-0.800,-3.142,0.01,0.280,-0.000,0.000,0.000,0.000,0.000,0.00,10.77565578,106.67093710,10.51,"10°46'32.36""N, 106°40'15.37""E",FIX,
00:55:41.708,1786211741.709,PATH_FOLLOWING,7.737,-0.800,-3.142,0.00,0.280,-0.000,0.000,0.000,0.000,0.000,0.00,10.77565578,106.67093710,10.51,"10°46'32.36""N, 106°40'15.37""E",FIX,
00:55:41.776,1786211741.776,PATH_FOLLOWING,7.720,-0.800,-3.142,0.00,0.280,-0.000,0.000,0.000,0.000,0.000,0.00,10.77565578,106.67093710,10.51,"10°46'32.36""N, 106°40'15.37""E",FIX,
00:55:41.856,1786211741.856,PATH_FOLLOWING,7.703,-0.800,-3.142,0.00,0.280,-0.000,0.000,0.000,0.000,0.000,0.00,10.77565555,106.67093721,10.51,"10°46'32.36""N, 106°40'15.37""E",FIX,
00:55:41.922,1786211741.923,PATH_FOLLOWING,7.686,-0.800,-3.142,0.00,0.280,-0.000,0.000,0.000,0.000,0.000,0.00,10.77565555,106.67093721,10.51,"10°46'32.36""N, 106°40'15.37""E",FIX,
00:55:41.998,1786211741.999,PATH_FOLLOWING,7.669,-0.800,-3.142,-0.00,0.280,0.000,0.000,0.000,0.000,0.000,0.00,10.77565555,106.67093721,10.51,"10°46'32.36""N, 106°40'15.37""E",FIX,
00:55:42.077,1786211742.078,PATH_FOLLOWING,7.647,-0.800,-3.142,-0.00,0.280,0.000,0.000,0.000,0.000,0.000,0.00,10.77565533,106.67093733,10.51,"10°46'32.36""N, 106°40'15.37""E",FIX,
00:55:42.158,1786211742.159,PATH_FOLLOWING,7.630,-0.800,-3.142,-0.00,0.280,0.000,0.000,0.000,0.000,0.000,0.00,10.77565533,106.67093733,10.51,"10°46'32.36""N, 106°40'15.37""E",FIX,
00:55:42.242,1786211742.243,PATH_FOLLOWING,7.613,-0.800,-3.142,-0.00,0.280,0.000,0.000,0.000,0.000,0.000,0.00,10.77565533,106.67093733,10.51,"10°46'32.36""N, 106°40'15.37""E",FIX,
00:55:42.322,1786211742.322,PATH_FOLLOWING,7.591,-0.800,-3.142,0.00,0.280,-0.000,0.000,0.000,0.000,0.000,0.00,10.77565510,106.67093745,10.51,"10°46'32.36""N, 106°40'15.37""E",FIX,
00:55:42.400,1786211742.401,PATH_FOLLOWING,7.574,-0.800,-3.142,0.00,0.280,-0.000,0.000,0.000,0.000,0.000,0.00,10.77565510,106.67093745,10.51,"10°46'32.36""N, 106°40'15.37""E",FIX,
00:55:42.486,1786211742.486,PATH_FOLLOWING,7.552,-0.800,-3.142,0.00,0.280,-0.000,0.000,0.000,0.000,0.000,0.00,10.77565510,106.67093745,10.51,"10°46'32.36""N, 106°40'15.37""E",FIX,
00:55:42.549,1786211742.549,PATH_FOLLOWING,7.541,-0.800,-3.142,0.00,0.280,-0.000,0.000,0.000,0.000,0.000,0.00,10.77565488,106.67093757,10.51,"10°46'32.36""N, 106°40'15.38""E",FIX,
00:55:42.622,1786211742.623,PATH_FOLLOWING,7.518,-0.800,-3.142,0.00,0.280,-0.000,0.000,0.000,0.000,0.000,0.00,10.77565488,106.67093757,10.51,"10°46'32.36""N, 106°40'15.38""E",FIX,
00:55:42.709,1786211742.710,PATH_FOLLOWING,7.496,-0.800,-3.142,0.00,0.280,-0.000,0.000,0.000,0.000,0.000,0.00,10.77565488,106.67093757,10.51,"10°46'32.36""N, 106°40'15.38""E",FIX,
00:55:42.785,1786211742.785,PATH_FOLLOWING,7.479,-0.800,-3.142,0.00,0.280,-0.000,0.000,0.000,0.000,0.000,0.00,10.77565465,106.67093768,10.51,"10°46'32.36""N, 106°40'15.38""E",FIX,
00:55:42.871,1786211742.871,PATH_FOLLOWING,7.462,-0.800,-3.142,0.00,0.280,-0.000,0.000,0.000,0.000,0.000,0.00,10.77565465,106.67093768,10.51,"10°46'32.36""N, 106°40'15.38""E",FIX,
00:55:42.956,1786211742.957,PATH_FOLLOWING,7.445,-0.800,-3.142,0.00,0.280,-0.000,0.000,0.000,0.000,0.000,0.00,10.77565465,106.67093768,10.51,"10°46'32.36""N, 106°40'15.38""E",FIX,
00:55:43.029,1786211743.030,PATH_FOLLOWING,7.429,-0.800,-3.142,-0.00,0.280,0.000,0.000,0.000,0.000,0.000,0.00,10.77565443,106.67093780,10.51,"10°46'32.36""N, 106°40'15.38""E",FIX,
00:55:43.115,1786211743.115,PATH_FOLLOWING,7.406,-0.800,-3.142,-0.00,0.280,0.000,0.000,0.000,0.000,0.000,0.00,10.77565443,106.67093780,10.51,"10°46'32.36""N, 106°40'15.38""E",FIX,
00:55:43.212,1786211743.212,PATH_FOLLOWING,7.384,-0.800,-3.142,-0.00,0.280,0.000,0.000,0.000,0.000,0.000,0.00,10.77565443,106.67093780,10.51,"10°46'32.36""N, 106°40'15.38""E",FIX,
00:55:43.295,1786211743.296,PATH_FOLLOWING,7.367,-0.800,-3.142,-0.00,0.280,0.000,0.000,0.000,0.000,0.000,0.00,10.77565420,106.67093792,10.51,"10°46'32.36""N, 106°40'15.38""E",FIX,
00:55:43.372,1786211743.373,PATH_FOLLOWING,7.356,-0.800,-3.142,-0.00,0.280,0.000,0.000,0.000,0.000,0.000,0.00,10.77565420,106.67093792,10.51,"10°46'32.36""N, 106°40'15.38""E",FIX,
00:55:43.479,1786211743.479,PATH_FOLLOWING,7.333,-0.800,-3.142,-0.00,0.280,0.000,0.000,0.000,0.000,0.000,0.00,10.77565420,106.67093792,10.51,"10°46'32.36""N, 106°40'15.38""E",FIX,
00:55:43.546,1786211743.547,PATH_FOLLOWING,7.317,-0.800,-3.142,0.00,0.280,-0.000,0.000,0.000,0.000,0.000,0.00,10.77565398,106.67093803,10.51,"10°46'32.35""N, 106°40'15.38""E",FIX,
00:55:43.637,1786211743.637,PATH_FOLLOWING,7.294,-0.800,-3.142,0.00,0.280,-0.000,0.000,0.000,0.000,0.000,0.00,10.77565398,106.67093803,10.51,"10°46'32.35""N, 106°40'15.38""E",FIX,
00:55:43.706,1786211743.706,PATH_FOLLOWING,7.277,-0.800,-3.142,0.00,0.280,-0.000,0.000,0.000,0.000,0.000,0.00,10.77565398,106.67093803,10.51,"10°46'32.35""N, 106°40'15.38""E",FIX,
00:55:43.785,1786211743.786,PATH_FOLLOWING,7.255,-0.800,-3.142,0.00,0.280,-0.000,0.000,0.000,0.000,0.000,0.00,10.77565375,106.67093815,10.51,"10°46'32.35""N, 106°40'15.38""E",FIX,
00:55:43.853,1786211743.853,PATH_FOLLOWING,7.244,-0.800,-3.142,-0.00,0.280,0.000,0.000,0.000,0.000,0.000,0.00,10.77565375,106.67093815,10.51,"10°46'32.35""N, 106°40'15.38""E",FIX,
00:55:43.931,1786211743.931,PATH_FOLLOWING,7.221,-0.800,-3.142,0.00,0.280,-0.000,0.000,0.000,0.000,0.000,0.00,10.77565375,106.67093815,10.51,"10°46'32.35""N, 106°40'15.38""E",FIX,
00:55:44.014,1786211744.014,PATH_FOLLOWING,7.205,-0.800,-3.142,0.00,0.280,-0.000,0.000,0.000,0.000,0.000,0.00,10.77565353,106.67093827,10.51,"10°46'32.35""N, 106°40'15.38""E",FIX,
00:55:44.099,1786211744.100,PATH_FOLLOWING,7.188,-0.800,-3.142,0.00,0.280,-0.000,0.000,0.000,0.000,0.000,0.00,10.77565353,106.67093827,10.51,"10°46'32.35""N, 106°40'15.38""E",FIX,
00:55:44.192,1786211744.193,PATH_FOLLOWING,7.165,-0.800,-3.142,-0.00,0.280,0.000,0.000,0.000,0.000,0.000,0.00,10.77565353,106.67093827,10.51,"10°46'32.35""N, 106°40'15.38""E",FIX,
00:55:44.266,1786211744.267,PATH_FOLLOWING,7.149,-0.800,-3.142,-0.00,0.280,0.000,0.000,0.000,0.000,0.000,0.00,10.77565330,106.67093838,10.51,"10°46'32.35""N, 106°40'15.38""E",FIX,
00:55:44.352,1786211744.352,PATH_FOLLOWING,7.126,-0.800,-3.142,-0.00,0.280,0.000,0.000,0.000,0.000,0.000,0.00,10.77565330,106.67093838,10.51,"10°46'32.35""N, 106°40'15.38""E",FIX,
00:55:44.422,1786211744.423,PATH_FOLLOWING,7.115,-0.800,-3.142,-0.00,0.280,0.000,0.000,0.000,0.000,0.000,0.00,10.77565330,106.67093838,10.51,"10°46'32.35""N, 106°40'15.38""E",FIX,
00:55:44.505,1786211744.505,PATH_FOLLOWING,7.093,-0.800,-3.142,-0.00,0.280,0.000,0.000,0.000,0.000,0.000,0.00,10.77565308,106.67093850,10.51,"10°46'32.35""N, 106°40'15.38""E",FIX,
00:55:44.598,1786211744.598,PATH_FOLLOWING,7.070,-0.800,-3.142,0.00,0.280,-0.000,0.000,0.000,0.000,0.000,0.00,10.77565308,106.67093850,10.51,"10°46'32.35""N, 106°40'15.38""E",FIX,
00:55:44.658,1786211744.658,PATH_FOLLOWING,7.059,-0.800,-3.142,0.00,0.280,-0.000,0.000,0.000,0.000,0.000,0.00,10.77565308,106.67093850,10.51,"10°46'32.35""N, 106°40'15.38""E",FIX,
00:55:44.738,1786211744.739,PATH_FOLLOWING,7.037,-0.800,-3.142,0.00,0.280,-0.000,0.000,0.000,0.000,0.000,0.00,10.77565285,106.67093862,10.51,"10°46'32.35""N, 106°40'15.38""E",FIX,
00:55:44.807,1786211744.808,PATH_FOLLOWING,7.020,-0.800,-3.142,0.00,0.280,-0.000,0.000,0.000,0.000,0.000,0.00,10.77565285,106.67093862,10.51,"10°46'32.35""N, 106°40'15.38""E",FIX,
00:55:44.880,1786211744.881,PATH_FOLLOWING,7.003,-0.800,-3.142,0.00,0.280,-0.000,0.000,0.000,0.000,0.000,0.00,10.77565285,106.67093862,10.51,"10°46'32.35""N, 106°40'15.38""E",FIX,
00:55:44.960,1786211744.961,PATH_FOLLOWING,6.986,-0.800,-3.142,-0.00,0.280,0.000,0.000,0.000,0.000,0.000,0.00,10.77565263,106.67093874,10.51,"10°46'32.35""N, 106°40'15.38""E",FIX,
00:55:45.054,1786211745.055,PATH_FOLLOWING,6.964,-0.800,-3.142,-0.00,0.280,0.000,0.000,0.000,0.000,0.000,0.00,10.77565263,106.67093874,10.51,"10°46'32.35""N, 106°40'15.38""E",FIX,
00:55:45.139,1786211745.140,PATH_FOLLOWING,6.947,-0.800,-3.142,0.00,0.280,-0.000,0.000,0.000,0.000,0.000,0.00,10.77565263,106.67093874,10.51,"10°46'32.35""N, 106°40'15.38""E",FIX,
00:55:45.209,1786211745.209,PATH_FOLLOWING,6.930,-0.800,-3.142,0.00,0.280,-0.000,0.000,0.000,0.000,0.000,0.00,10.77565240,106.67093885,10.51,"10°46'32.35""N, 106°40'15.38""E",FIX,
00:55:45.282,1786211745.283,PATH_FOLLOWING,6.908,-0.800,-3.142,0.00,0.280,-0.000,0.000,0.000,0.000,0.000,0.00,10.77565240,106.67093885,10.51,"10°46'32.35""N, 106°40'15.38""E",FIX,
00:55:45.368,1786211745.369,PATH_FOLLOWING,6.891,-0.800,-3.142,0.00,0.280,-0.000,0.000,0.000,0.000,0.000,0.00,10.77565240,106.67093885,10.51,"10°46'32.35""N, 106°40'15.38""E",FIX,
00:55:45.466,1786211745.466,PATH_FOLLOWING,6.869,-0.800,-3.142,-0.00,0.280,0.000,0.000,0.000,0.000,0.000,0.00,10.77565218,106.67093897,10.51,"10°46'32.35""N, 106°40'15.38""E",FIX,
00:55:45.536,1786211745.537,PATH_FOLLOWING,6.852,-0.800,-3.142,-0.00,0.280,0.000,0.000,0.000,0.000,0.000,0.00,10.77565218,106.67093897,10.51,"10°46'32.35""N, 106°40'15.38""E",FIX,
00:55:45.613,1786211745.614,PATH_FOLLOWING,6.835,-0.800,-3.142,-0.00,0.280,0.000,0.000,0.000,0.000,0.000,0.00,10.77565218,106.67093897,10.51,"10°46'32.35""N, 106°40'15.38""E",FIX,
00:55:45.695,1786211745.696,PATH_FOLLOWING,6.818,-0.800,-3.142,-0.00,0.280,0.000,0.000,0.000,0.000,0.000,0.00,10.77565195,106.67093909,10.51,"10°46'32.35""N, 106°40'15.38""E",FIX,
00:55:45.783,1786211745.783,PATH_FOLLOWING,6.796,-0.800,-3.142,-0.00,0.280,0.000,0.000,0.000,0.000,0.000,0.00,10.77565195,106.67093909,10.51,"10°46'32.35""N, 106°40'15.38""E",FIX,
00:55:45.854,1786211745.855,PATH_FOLLOWING,6.779,-0.800,-3.142,0.00,0.280,-0.000,0.000,0.000,0.000,0.000,0.00,10.77565195,106.67093909,10.51,"10°46'32.35""N, 106°40'15.38""E",FIX,
00:55:45.930,1786211745.930,PATH_FOLLOWING,6.762,-0.800,-3.142,0.00,0.280,-0.000,0.000,0.000,0.000,0.000,0.00,10.77565172,106.67093920,10.51,"10°46'32.35""N, 106°40'15.38""E",FIX,
00:55:46.011,1786211746.011,PATH_FOLLOWING,6.740,-0.800,-3.142,0.00,0.280,-0.000,0.000,0.000,0.000,0.000,0.00,10.77565172,106.67093920,10.51,"10°46'32.35""N, 106°40'15.38""E",FIX,
00:55:46.103,1786211746.103,PATH_FOLLOWING,6.717,-0.800,-3.142,0.00,0.280,-0.000,0.000,0.000,0.000,0.000,0.00,10.77565172,106.67093920,10.51,"10°46'32.35""N, 106°40'15.38""E",FIX,
00:55:46.166,1786211746.167,PATH_FOLLOWING,6.706,-0.800,-3.142,-0.00,0.280,0.000,0.000,0.000,0.000,0.000,0.00,10.77565150,106.67093932,10.51,"10°46'32.35""N, 106°40'15.38""E",FIX,
00:55:46.319,1786211746.319,PATH_FOLLOWING,6.684,-0.800,-3.142,0.00,0.280,-0.000,0.000,0.000,0.000,0.000,0.00,10.77565150,106.67093932,10.51,"10°46'32.35""N, 106°40'15.38""E",FIX,
00:55:46.428,1786211746.428,PATH_FOLLOWING,6.661,-0.800,-3.142,0.00,0.280,-0.000,0.000,0.000,0.000,0.000,0.00,10.77565150,106.67093932,10.51,"10°46'32.35""N, 106°40'15.38""E",FIX,
00:55:46.502,1786211746.502,PATH_FOLLOWING,6.650,-0.800,-3.142,0.00,0.280,-0.000,0.000,0.000,0.000,0.000,0.00,10.77565127,106.67093944,10.51,"10°46'32.34""N, 106°40'15.38""E",FIX,
00:55:46.607,1786211746.608,PATH_FOLLOWING,6.628,-0.800,-3.142,0.00,0.280,-0.000,0.000,0.000,0.000,0.000,0.00,10.77565127,106.67093944,10.51,"10°46'32.34""N, 106°40'15.38""E",FIX,
00:55:46.710,1786211746.710,PATH_FOLLOWING,6.605,-0.800,-3.142,-0.00,0.280,0.000,0.000,0.000,0.000,0.000,0.00,10.77565127,106.67093944,10.51,"10°46'32.34""N, 106°40'15.38""E",FIX,
00:55:46.766,1786211746.766,PATH_FOLLOWING,6.594,-0.800,-3.142,-0.00,0.280,0.000,0.000,0.000,0.000,0.000,0.00,10.77565105,106.67093955,10.51,"10°46'32.34""N, 106°40'15.38""E",FIX,
00:55:46.864,1786211746.865,PATH_FOLLOWING,6.572,-0.800,-3.142,-0.00,0.280,0.000,0.000,0.000,0.000,0.000,0.00,10.77565105,106.67093955,10.51,"10°46'32.34""N, 106°40'15.38""E",FIX,
00:55:46.929,1786211746.929,PATH_FOLLOWING,6.561,-0.800,-3.142,-0.00,0.280,0.000,0.000,0.000,0.000,0.000,0.00,10.77565105,106.67093955,10.51,"10°46'32.34""N, 106°40'15.38""E",FIX,
00:55:47.012,1786211747.013,PATH_FOLLOWING,6.538,-0.800,-3.142,-0.00,0.280,0.000,0.000,0.000,0.000,0.000,0.00,10.77565082,106.67093967,10.51,"10°46'32.34""N, 106°40'15.38""E",FIX,
00:55:47.098,1786211747.098,PATH_FOLLOWING,6.521,-0.800,-3.142,0.00,0.280,-0.000,0.000,0.000,0.000,0.000,0.00,10.77565082,106.67093967,10.51,"10°46'32.34""N, 106°40'15.38""E",FIX,
00:55:47.179,1786211747.179,PATH_FOLLOWING,6.499,-0.800,-3.142,0.00,0.280,-0.000,0.000,0.000,0.000,0.000,0.00,10.77565082,106.67093967,10.51,"10°46'32.34""N, 106°40'15.38""E",FIX,
00:55:47.260,1786211747.261,PATH_FOLLOWING,6.482,-0.800,-3.142,0.00,0.280,-0.000,0.000,0.000,0.000,0.000,0.00,10.77565060,106.67093979,10.51,"10°46'32.34""N, 106°40'15.38""E",FIX,
00:55:47.326,1786211747.327,PATH_FOLLOWING,6.465,-0.800,-3.142,0.00,0.280,-0.000,0.000,0.000,0.000,0.000,0.00,10.77565060,106.67093979,10.51,"10°46'32.34""N, 106°40'15.38""E",FIX,
00:55:47.405,1786211747.405,PATH_FOLLOWING,6.449,-0.800,-3.142,0.00,0.280,-0.000,0.000,0.000,0.000,0.000,0.00,10.77565060,106.67093979,10.51,"10°46'32.34""N, 106°40'15.38""E",FIX,
00:55:47.476,1786211747.477,PATH_FOLLOWING,6.426,-0.800,-3.142,-0.00,0.280,0.000,0.000,0.000,0.000,0.000,0.00,10.77565037,106.67093990,10.51,"10°46'32.34""N, 106°40'15.38""E",FIX,
00:55:47.565,1786211747.565,PATH_FOLLOWING,6.409,-0.800,-3.142,0.00,0.280,-0.000,0.000,0.000,0.000,0.000,0.00,10.77565037,106.67093990,10.51,"10°46'32.34""N, 106°40'15.38""E",FIX,
00:55:47.645,1786211747.645,PATH_FOLLOWING,6.387,-0.800,-3.142,0.00,0.280,-0.000,0.000,0.000,0.000,0.000,0.00,10.77565037,106.67093990,10.51,"10°46'32.34""N, 106°40'15.38""E",FIX,
00:55:47.726,1786211747.726,PATH_FOLLOWING,6.370,-0.800,-3.142,0.00,0.280,-0.000,0.000,0.000,0.000,0.000,0.00,10.77565015,106.67094002,10.51,"10°46'32.34""N, 106°40'15.38""E",FIX,
00:55:47.804,1786211747.805,PATH_FOLLOWING,6.353,-0.800,-3.142,0.00,0.280,-0.000,0.000,0.000,0.000,0.000,0.00,10.77565015,106.67094002,10.51,"10°46'32.34""N, 106°40'15.38""E",FIX,
00:55:47.884,1786211747.884,PATH_FOLLOWING,6.331,-0.800,-3.142,-0.00,0.280,0.000,0.000,0.000,0.000,0.000,0.00,10.77565015,106.67094002,10.51,"10°46'32.34""N, 106°40'15.38""E",FIX,
00:55:47.954,1786211747.955,PATH_FOLLOWING,6.314,-0.800,-3.142,-0.00,0.280,0.000,0.000,0.000,0.000,0.000,0.00,10.77564992,106.67094014,10.51,"10°46'32.34""N, 106°40'15.38""E",FIX,
00:55:48.023,1786211748.024,PATH_FOLLOWING,6.303,-0.800,-3.142,-0.00,0.280,0.000,0.000,0.000,0.000,0.000,0.00,10.77564992,106.67094014,10.51,"10°46'32.34""N, 106°40'15.38""E",FIX,
00:55:48.108,1786211748.108,PATH_FOLLOWING,6.281,-0.800,-3.142,-0.00,0.280,0.000,0.000,0.000,0.000,0.000,0.00,10.77564992,106.67094014,10.51,"10°46'32.34""N, 106°40'15.38""E",FIX,
00:55:48.184,1786211748.185,PATH_FOLLOWING,6.258,-0.800,-3.142,0.00,0.280,-0.000,0.000,0.000,0.000,0.000,0.00,10.77564970,106.67094026,10.51,"10°46'32.34""N, 106°40'15.38""E",FIX,
00:55:48.262,1786211748.262,PATH_FOLLOWING,6.241,-0.800,-3.142,0.00,0.280,-0.000,0.000,0.000,0.000,0.000,0.00,10.77564970,106.67094026,10.51,"10°46'32.34""N, 106°40'15.38""E",FIX,
00:55:48.345,1786211748.346,PATH_FOLLOWING,6.225,-0.800,-3.142,0.00,0.280,-0.000,0.000,0.000,0.000,0.000,0.00,10.77564970,106.67094026,10.51,"10°46'32.34""N, 106°40'15.38""E",FIX,
00:55:48.432,1786211748.432,PATH_FOLLOWING,6.202,-0.800,-3.142,0.00,0.280,-0.000,0.000,0.000,0.000,0.000,0.00,10.77564947,106.67094037,10.51,"10°46'32.34""N, 106°40'15.39""E",FIX,
00:55:48.504,1786211748.505,PATH_FOLLOWING,6.185,-0.800,-3.142,-0.00,0.280,0.000,0.000,0.000,0.000,0.000,0.00,10.77564947,106.67094037,10.51,"10°46'32.34""N, 106°40'15.39""E",FIX,
00:55:48.572,1786211748.572,PATH_FOLLOWING,6.169,-0.800,-3.142,-0.00,0.280,0.000,0.000,0.000,0.000,0.000,0.00,10.77564947,106.67094037,10.51,"10°46'32.34""N, 106°40'15.39""E",FIX,
00:55:48.671,1786211748.672,PATH_FOLLOWING,6.152,-0.800,-3.142,0.00,0.280,-0.000,0.000,0.000,0.000,0.000,0.00,10.77564947,106.67094037,10.51,"10°46'32.34""N, 106°40'15.39""E",FIX,
00:55:48.782,1786211748.782,PATH_FOLLOWING,6.135,-0.800,-3.142,0.00,0.280,-0.000,0.000,0.000,0.000,0.000,0.00,10.77564925,106.67094049,10.51,"10°46'32.34""N, 106°40'15.39""E",FIX,
00:55:48.901,1786211748.902,PATH_FOLLOWING,6.118,-0.800,-3.142,0.00,0.280,-0.000,0.000,0.000,0.000,0.000,0.00,10.77564925,106.67094049,10.51,"10°46'32.34""N, 106°40'15.39""E",FIX,
00:55:48.991,1786211748.991,PATH_FOLLOWING,6.096,-0.800,-3.142,0.00,0.280,-0.000,0.000,0.000,0.000,0.000,0.00,10.77564925,106.67094049,10.51,"10°46'32.34""N, 106°40'15.39""E",FIX,
00:55:49.067,1786211749.068,PATH_FOLLOWING,6.073,-0.800,-3.142,-0.00,0.280,0.000,0.000,0.000,0.000,0.000,0.00,10.77564902,106.67094061,10.51,"10°46'32.34""N, 106°40'15.39""E",FIX,
00:55:49.130,1786211749.130,PATH_FOLLOWING,6.057,-0.800,-3.142,-0.00,0.280,0.000,0.000,0.000,0.000,0.000,0.00,10.77564902,106.67094061,10.51,"10°46'32.34""N, 106°40'15.39""E",FIX,
00:55:49.191,1786211749.192,PATH_FOLLOWING,6.040,-0.800,-3.142,-0.00,0.280,0.000,0.000,0.000,0.000,0.000,0.00,10.77564902,106.67094061,10.51,"10°46'32.34""N, 106°40'15.39""E",FIX,
00:55:49.245,1786211749.245,PATH_FOLLOWING,6.023,-0.800,-3.142,-0.00,0.280,0.000,0.000,0.000,0.000,0.000,0.00,10.77564880,106.67094072,10.51,"10°46'32.34""N, 106°40'15.39""E",FIX,
00:55:49.313,1786211749.314,PATH_FOLLOWING,6.006,-0.800,-3.142,-0.00,0.280,0.000,0.000,0.000,0.000,0.000,0.00,10.77564880,106.67094072,10.51,"10°46'32.34""N, 106°40'15.39""E",FIX,
00:55:49.392,1786211749.392,PATH_FOLLOWING,5.984,-0.800,-3.142,0.00,0.280,-0.000,0.000,0.000,0.000,0.000,0.00,10.77564880,106.67094072,10.51,"10°46'32.34""N, 106°40'15.39""E",FIX,
00:55:49.448,1786211749.449,PATH_FOLLOWING,5.967,-0.800,-3.142,0.00,0.280,-0.000,0.000,0.000,0.000,0.000,0.00,10.77564857,106.67094084,10.51,"10°46'32.33""N, 106°40'15.39""E",FIX,
00:55:49.516,1786211749.516,PATH_FOLLOWING,5.950,-0.800,-3.142,0.00,0.280,-0.000,0.000,0.000,0.000,0.000,0.00,10.77564857,106.67094084,10.51,"10°46'32.33""N, 106°40'15.39""E",FIX,
00:55:49.584,1786211749.584,PATH_FOLLOWING,5.928,-0.800,-3.142,0.00,0.280,-0.000,0.000,0.000,0.000,0.000,0.00,10.77564857,106.67094084,10.51,"10°46'32.33""N, 106°40'15.39""E",FIX,
00:55:49.646,1786211749.646,PATH_FOLLOWING,5.911,-0.800,-3.142,0.00,0.280,-0.000,0.000,0.000,0.000,0.000,0.00,10.77564835,106.67094096,10.51,"10°46'32.33""N, 106°40'15.39""E",FIX,
00:55:49.716,1786211749.717,PATH_FOLLOWING,5.894,-0.800,-3.142,0.00,0.280,-0.000,0.000,0.000,0.000,0.000,0.00,10.77564835,106.67094096,10.51,"10°46'32.33""N, 106°40'15.39""E",FIX,
00:55:49.785,1786211749.785,PATH_FOLLOWING,5.872,-0.800,-3.142,0.00,0.280,-0.000,0.000,0.000,0.000,0.000,0.00,10.77564835,106.67094096,10.51,"10°46'32.33""N, 106°40'15.39""E",FIX,
00:55:49.847,1786211749.847,PATH_FOLLOWING,5.855,-0.800,-3.142,0.00,0.280,-0.000,0.000,0.000,0.000,0.000,0.00,10.77564812,106.67094107,10.51,"10°46'32.33""N, 106°40'15.39""E",FIX,
00:55:49.919,1786211749.919,PATH_FOLLOWING,5.838,-0.800,-3.142,0.00,0.280,-0.000,0.000,0.000,0.000,0.000,0.00,10.77564812,106.67094107,10.51,"10°46'32.33""N, 106°40'15.39""E",FIX,
00:55:49.987,1786211749.987,PATH_FOLLOWING,5.821,-0.800,-3.142,0.00,0.280,-0.000,0.000,0.000,0.000,0.000,0.00,10.77564812,106.67094107,10.51,"10°46'32.33""N, 106°40'15.39""E",FIX,
00:55:50.052,1786211750.052,PATH_FOLLOWING,5.805,-0.800,-3.142,0.00,0.280,-0.000,0.000,0.000,0.000,0.000,0.00,10.77564790,106.67094119,10.51,"10°46'32.33""N, 106°40'15.39""E",FIX,
00:55:50.123,1786211750.123,PATH_FOLLOWING,5.782,-0.800,-3.142,-0.00,0.280,0.000,0.000,0.000,0.000,0.000,0.00,10.77564790,106.67094119,10.51,"10°46'32.33""N, 106°40'15.39""E",FIX,
00:55:50.201,1786211750.201,PATH_FOLLOWING,5.765,-0.800,-3.142,-0.00,0.280,0.000,0.000,0.000,0.000,0.000,0.00,10.77564790,106.67094119,10.51,"10°46'32.33""N, 106°40'15.39""E",FIX,
00:55:50.266,1786211750.266,PATH_FOLLOWING,5.749,-0.800,-3.142,-0.00,0.280,0.000,0.000,0.000,0.000,0.000,0.00,10.77564767,106.67094131,10.51,"10°46'32.33""N, 106°40'15.39""E",FIX,
00:55:50.331,1786211750.332,PATH_FOLLOWING,5.726,-0.800,-3.142,0.00,0.280,-0.000,0.000,0.000,0.000,0.000,0.00,10.77564767,106.67094131,10.51,"10°46'32.33""N, 106°40'15.39""E",FIX,
00:55:50.400,1786211750.400,PATH_FOLLOWING,5.709,-0.800,-3.142,0.00,0.280,-0.000,0.000,0.000,0.000,0.000,0.00,10.77564767,106.67094131,10.51,"10°46'32.33""N, 106°40'15.39""E",FIX,
00:55:50.473,1786211750.474,PATH_FOLLOWING,5.693,-0.800,-3.142,0.00,0.280,-0.000,0.000,0.000,0.000,0.000,0.00,10.77564745,106.67094143,10.51,"10°46'32.33""N, 106°40'15.39""E",FIX,
00:55:50.553,1786211750.553,PATH_FOLLOWING,5.670,-0.800,-3.142,0.00,0.280,-0.000,0.000,0.000,0.000,0.000,0.00,10.77564745,106.67094143,10.51,"10°46'32.33""N, 106°40'15.39""E",FIX,
