Time,Unix_Timestamp,FSM_State,Pos_X_m,Pos_Y_m,Yaw_rad,Steer_Angle_deg,Linear_Vel_mps,Angular_Vel_radps,IMU_Yaw_rad,IMU_Angular_Vel_z,IMU_Accel_x,Confidence,Dist_Traveled_m,GPS_Latitude,GPS_Longitude,GPS_Altitude_m,GPS_DMS,GPS_Status,Event
00:37:47.257,1786210667.258,TRACKING,-0.000,0.000,0.000,0.00,0.450,-0.000,0.000,0.000,0.000,0.000,0.00,10.77566700,106.67088900,10.00,"10°46'32.40""N, 106°40'15.20""E",ODOM_ESTIMATED,
00:37:47.316,1786210667.317,TRACKING,0.013,-0.000,-0.000,0.00,0.450,-0.000,0.000,0.000,0.000,0.000,0.01,10.77567062,106.67087532,10.51,"10°46'32.41""N, 106°40'15.15""E",FIX,
00:37:47.391,1786210667.391,TRACKING,0.041,-0.000,-0.000,0.00,0.450,-0.000,0.000,0.000,0.000,0.000,0.04,10.77567062,106.67087532,10.51,"10°46'32.41""N, 106°40'15.15""E",FIX,
00:37:47.463,1786210667.463,TRACKING,0.068,-0.000,-0.000,0.00,0.450,-0.000,0.000,0.000,0.000,0.000,0.07,10.77567062,106.67087532,10.51,"10°46'32.41""N, 106°40'15.15""E",FIX,
00:37:47.544,1786210667.545,TRACKING,0.095,-0.000,-0.000,0.00,0.450,-0.000,0.000,0.000,0.000,0.000,0.09,10.77567062,106.67087532,10.51,"10°46'32.41""N, 106°40'15.15""E",FIX,
00:37:47.613,1786210667.614,TRACKING,0.122,-0.000,-0.000,0.00,0.450,-0.000,0.000,0.000,0.000,0.000,0.12,10.77567062,106.67087576,10.51,"10°46'32.41""N, 106°40'15.15""E",FIX,
00:37:47.674,1786210667.675,TRACKING,0.149,-0.000,-0.000,0.00,0.450,-0.000,0.000,0.000,0.000,0.000,0.15,10.77567062,106.67087576,10.51,"10°46'32.41""N, 106°40'15.15""E",FIX,
00:37:47.765,1786210667.765,TRACKING,0.185,-0.000,-0.000,0.00,0.450,-0.000,0.000,0.000,0.000,0.000,0.18,10.77567062,106.67087576,10.51,"10°46'32.41""N, 106°40'15.15""E",FIX,
00:37:47.827,1786210667.827,TRACKING,0.212,-0.000,-0.000,0.00,0.450,-0.000,0.000,0.000,0.000,0.000,0.21,10.77567062,106.67087617,10.51,"10°46'32.41""N, 106°40'15.15""E",FIX,
00:37:47.915,1786210667.915,TRACKING,0.248,-0.000,-0.000,0.00,0.450,-0.000,0.000,0.000,0.000,0.000,0.25,10.77567062,106.67087617,10.51,"10°46'32.41""N, 106°40'15.15""E",FIX,
00:37:47.987,1786210667.987,TRACKING,0.275,-0.000,-0.000,0.00,0.450,-0.000,0.000,0.000,0.000,0.042,0.27,10.77567062,106.67087617,10.51,"10°46'32.41""N, 106°40'15.15""E",FIX,
00:37:48.064,1786210668.064,TRACKING,0.311,-0.000,-0.000,0.00,0.450,-0.000,0.000,0.000,0.000,0.083,0.31,10.77567062,106.67087658,10.51,"10°46'32.41""N, 106°40'15.16""E",FIX,
00:37:48.138,1786210668.138,TRACKING,0.338,-0.000,-0.000,0.00,0.450,-0.000,0.000,0.000,0.000,0.146,0.34,10.77567062,106.67087658,10.51,"10°46'32.41""N, 106°40'15.16""E",FIX,
00:37:48.202,1786210668.202,TRACKING,0.365,-0.000,-0.000,0.00,0.450,-0.000,0.000,0.000,0.000,0.187,0.36,10.77567062,106.67087658,10.51,"10°46'32.41""N, 106°40'15.16""E",FIX,
00:37:48.279,1786210668.279,TRACKING,0.392,-0.000,-0.000,0.00,0.450,-0.000,0.000,0.000,0.000,0.250,0.39,10.77567062,106.67087699,10.51,"10°46'32.41""N, 106°40'15.16""E",FIX,
00:37:48.356,1786210668.356,TRACKING,0.419,-0.000,-0.000,0.00,0.450,-0.000,0.000,0.000,0.000,0.312,0.42,10.77567062,106.67087699,10.51,"10°46'32.41""N, 106°40'15.16""E",FIX,
00:37:48.428,1786210668.429,TRACKING,0.455,-0.000,-0.000,0.00,0.450,-0.000,0.000,0.000,0.000,0.375,0.45,10.77567062,106.67087699,10.51,"10°46'32.41""N, 106°40'15.16""E",FIX,
00:37:48.546,1786210668.546,TRACKING,0.482,-0.000,-0.000,0.00,0.450,-0.000,0.000,0.000,0.000,0.417,0.48,10.77567062,106.67087740,10.51,"10°46'32.41""N, 106°40'15.16""E",FIX,
00:37:48.597,1786210668.597,TRACKING,0.518,-0.000,-0.000,0.00,0.450,-0.000,0.000,0.000,0.000,0.500,0.52,10.77567062,106.67087740,10.51,"10°46'32.41""N, 106°40'15.16""E",FIX,
00:37:48.666,1786210668.667,TRACKING,0.545,-0.000,-0.000,0.00,0.450,-0.000,0.000,0.000,0.000,0.562,0.54,10.77567062,106.67087740,10.51,"10°46'32.41""N, 106°40'15.16""E",FIX,
00:37:48.745,1786210668.746,TRACKING,0.572,-0.000,-0.000,0.00,0.450,-0.000,0.000,0.000,0.000,0.625,0.57,10.77567062,106.67087782,10.51,"10°46'32.41""N, 106°40'15.16""E",FIX,
00:37:48.810,1786210668.810,TRACKING,0.599,-0.000,-0.000,0.00,0.450,-0.000,0.000,0.000,0.000,0.687,0.60,10.77567062,106.67087782,10.51,"10°46'32.41""N, 106°40'15.16""E",FIX,
00:37:48.900,1786210668.900,TRACKING,0.635,-0.000,-0.000,0.00,0.450,-0.000,0.000,0.000,0.000,0.750,0.63,10.77567062,106.67087782,10.51,"10°46'32.41""N, 106°40'15.16""E",FIX,
00:37:48.958,1786210668.959,TRACKING,0.662,-0.000,-0.000,0.00,0.450,-0.000,0.000,0.000,0.000,0.833,0.66,10.77567062,106.67087823,10.51,"10°46'32.41""N, 106°40'15.16""E",FIX,
00:37:49.046,1786210669.047,TRACKING,0.689,-0.000,-0.000,0.00,0.450,-0.000,0.000,0.000,0.000,0.917,0.69,10.77567062,106.67087823,10.51,"10°46'32.41""N, 106°40'15.16""E",FIX,
00:37:49.129,1786210669.129,TRACKING,0.725,-0.000,-0.000,0.00,0.450,-0.000,0.000,0.000,0.000,1.000,0.72,10.77567062,106.67087823,10.51,"10°46'32.41""N, 106°40'15.16""E",FIX,
00:37:49.196,1786210669.196,TRACKING,0.752,-0.000,-0.000,0.00,0.450,-0.000,0.000,0.000,0.000,1.000,0.75,10.77567062,106.67087864,10.51,"10°46'32.41""N, 106°40'15.16""E",FIX,
00:37:49.270,1786210669.270,TRACKING,0.779,-0.000,-0.000,0.00,0.450,-0.000,0.000,0.000,0.000,1.000,0.78,10.77567062,106.67087864,10.51,"10°46'32.41""N, 106°40'15.16""E",FIX,
00:37:49.355,1786210669.356,TRACKING,0.815,-0.000,-0.000,0.00,0.450,-0.000,0.000,0.000,0.000,1.000,0.81,10.77567062,106.67087864,10.51,"10°46'32.41""N, 106°40'15.16""E",FIX,
00:37:49.420,1786210669.421,TRACKING,0.833,-0.000,-0.000,0.00,0.450,-0.000,0.000,0.000,0.000,1.000,0.83,10.77567062,106.67087905,10.51,"10°46'32.41""N, 106°40'15.16""E",FIX,
00:37:49.497,1786210669.498,TRACKING,0.869,-0.000,-0.000,0.00,0.450,-0.000,0.000,0.000,0.000,1.000,0.87,10.77567062,106.67087905,10.51,"10°46'32.41""N, 106°40'15.16""E",FIX,
00:37:49.586,1786210669.586,TRACKING,0.896,-0.000,-0.000,0.00,0.450,-0.000,0.000,0.000,0.000,1.000,0.90,10.77567062,106.67087905,10.51,"10°46'32.41""N, 106°40'15.16""E",FIX,
00:37:49.669,1786210669.670,TRACKING,0.932,-0.000,-0.000,0.00,0.450,-0.000,0.000,0.000,0.000,1.000,0.93,10.77567062,106.67087946,10.51,"10°46'32.41""N, 106°40'15.17""E",FIX,
00:37:49.736,1786210669.736,TRACKING,0.959,-0.000,-0.000,0.00,0.450,-0.000,0.000,0.000,0.000,1.000,0.96,10.77567062,106.67087946,10.51,"10°46'32.41""N, 106°40'15.17""E",FIX,
00:37:49.816,1786210669.817,TRACKING,0.986,-0.000,-0.000,0.00,0.450,-0.000,0.000,0.000,0.000,1.000,0.99,10.77567062,106.67087946,10.51,"10°46'32.41""N, 106°40'15.17""E",FIX,
00:37:49.897,1786210669.898,TRACKING,1.022,-0.000,-0.000,0.00,0.450,-0.000,0.000,0.000,0.000,1.000,1.02,10.77567062,106.67087987,10.51,"10°46'32.41""N, 106°40'15.17""E",FIX,
00:37:49.969,1786210669.970,TRACKING,1.049,-0.000,-0.000,0.00,0.450,-0.000,0.000,0.000,0.000,1.000,1.05,10.77567062,106.67087987,10.51,"10°46'32.41""N, 106°40'15.17""E",FIX,
00:37:50.042,1786210670.042,TRACKING,1.076,-0.000,-0.000,0.00,0.450,-0.000,0.000,0.000,0.000,1.000,1.08,10.77567062,106.67087987,10.51,"10°46'32.41""N, 106°40'15.17""E",FIX,
00:37:50.133,1786210670.133,TRACKING,1.112,-0.000,-0.000,0.00,0.450,-0.000,0.000,0.000,0.000,1.000,1.11,10.77567062,106.67088028,10.51,"10°46'32.41""N, 106°40'15.17""E",FIX,
00:37:50.201,1786210670.202,TRACKING,1.139,-0.000,-0.000,0.00,0.450,-0.000,0.000,0.000,0.000,1.000,1.14,10.77567062,106.67088028,10.51,"10°46'32.41""N, 106°40'15.17""E",FIX,
00:37:50.272,1786210670.273,TRACKING,1.166,-0.000,-0.000,0.00,0.450,-0.000,0.000,0.000,0.000,1.000,1.17,10.77567062,106.67088028,10.51,"10°46'32.41""N, 106°40'15.17""E",FIX,
00:37:50.346,1786210670.346,TRACKING,1.193,-0.000,-0.000,0.02,0.450,-0.052,0.000,0.000,0.000,1.000,1.19,10.77567062,106.67088070,10.51,"10°46'32.41""N, 106°40'15.17""E",FIX,
00:37:50.430,1786210670.431,TRACKING,1.228,-0.000,-0.003,0.01,0.450,0.011,0.000,0.000,0.000,1.000,1.23,10.77567062,106.67088070,10.51,"10°46'32.41""N, 106°40'15.17""E",FIX,
00:37:50.499,1786210670.499,TRACKING,1.255,-0.000,-0.003,-0.01,0.450,0.062,0.000,0.000,0.000,1.000,1.26,10.77567062,106.67088070,10.51,"10°46'32.41""N, 106°40'15.17""E",FIX,
00:37:50.586,1786210670.586,TRACKING,1.282,-0.000,-0.000,0.01,0.450,-0.054,0.000,0.000,0.000,1.000,1.28,10.77567062,106.67088111,10.51,"10°46'32.41""N, 106°40'15.17""E",FIX,
00:37:50.664,1786210670.664,TRACKING,1.318,-0.000,-0.001,0.01,0.450,0.007,0.000,0.000,0.000,1.000,1.32,10.77567062,106.67088111,10.51,"10°46'32.41""N, 106°40'15.17""E",FIX,
00:37:50.741,1786210670.741,TRACKING,1.345,-0.000,-0.002,-0.02,0.450,0.056,0.000,0.000,0.000,0.646,1.35,10.77567062,106.67088111,10.51,"10°46'32.41""N, 106°40'15.17""E",FIX,
00:37:50.809,1786210670.809,TRACKING,1.372,-0.000,0.001,-0.03,0.450,0.043,0.000,0.000,0.000,0.667,1.37,10.77567061,106.67088152,10.51,"10°46'32.41""N, 106°40'15.17""E",FIX,
00:37:50.875,1786210670.876,TRACKING,1.399,-0.000,0.003,-0.02,0.450,-0.024,0.000,0.000,0.000,0.729,1.40,10.77567061,106.67088152,10.51,"10°46'32.41""N, 106°40'15.17""E",FIX,
00:37:50.963,1786210670.964,TRACKING,1.435,-0.000,0.003,-0.01,0.450,-0.009,0.000,0.000,0.000,0.792,1.44,10.77567061,106.67088152,10.51,"10°46'32.41""N, 106°40'15.17""E",FIX,
00:37:51.048,1786210671.048,TRACKING,1.462,0.000,0.002,-0.01,0.450,-0.008,0.000,0.000,0.000,0.875,1.46,10.77567061,106.67088193,10.51,"10°46'32.41""N, 106°40'15.17""E",FIX,
00:37:51.123,1786210671.124,TRACKING,1.489,0.000,0.002,-0.03,0.450,0.050,0.000,0.000,0.000,0.937,1.49,10.77567061,106.67088193,10.51,"10°46'32.41""N, 106°40'15.17""E",FIX,
00:37:51.203,1786210671.204,TRACKING,1.516,0.000,0.003,-0.02,0.450,-0.016,0.000,0.000,0.000,1.000,1.52,10.77567061,106.67088193,10.51,"10°46'32.41""N, 106°40'15.17""E",FIX,
00:37:51.281,1786210671.282,TRACKING,1.552,0.000,0.004,-0.01,0.450,-0.010,0.000,0.000,0.000,1.000,1.55,10.77567061,106.67088234,10.51,"10°46'32.41""N, 106°40'15.18""E",FIX,
00:37:51.362,1786210671.363,TRACKING,1.579,0.000,0.003,-0.01,0.450,-0.006,0.000,0.000,0.000,1.000,1.58,10.77567061,106.67088234,10.51,"10°46'32.41""N, 106°40'15.18""E",FIX,
00:37:51.438,1786210671.439,TRACKING,1.615,0.001,0.003,-0.01,0.450,-0.004,0.000,0.000,0.000,1.000,1.62,10.77567061,106.67088234,10.51,"10°46'32.41""N, 106°40'15.18""E",FIX,
00:37:51.518,1786210671.519,TRACKING,1.642,0.001,0.002,-0.00,0.450,-0.003,0.000,0.000,0.000,1.000,1.64,10.77567061,106.67088275,10.51,"10°46'32.41""N, 106°40'15.18""E",FIX,
00:37:51.590,1786210671.590,TRACKING,1.669,0.001,0.002,-0.00,0.450,-0.002,0.000,0.000,0.000,1.000,1.67,10.77567061,106.67088275,10.51,"10°46'32.41""N, 106°40'15.18""E",FIX,
00:37:51.661,1786210671.662,TRACKING,1.696,0.001,0.002,-0.02,0.450,0.061,0.000,0.000,0.000,1.000,1.70,10.77567061,106.67088275,10.51,"10°46'32.41""N, 106°40'15.18""E",FIX,
00:37:51.739,1786210671.739,TRACKING,1.732,0.001,0.005,-0.02,0.450,-0.012,0.000,0.000,0.000,1.000,1.73,10.77567061,106.67088316,10.51,"10°46'32.41""N, 106°40'15.18""E",FIX,
00:37:51.820,1786210671.821,TRACKING,1.759,0.001,0.006,0.01,0.450,-0.054,0.000,0.000,0.000,1.000,1.76,10.77567061,106.67088316,10.51,"10°46'32.41""N, 106°40'15.18""E",FIX,
00:37:51.881,1786210671.881,TRACKING,1.786,0.001,0.004,0.01,0.450,0.009,0.000,0.000,0.000,1.000,1.79,10.77567061,106.67088316,10.51,"10°46'32.41""N, 106°40'15.18""E",FIX,
00:37:51.955,1786210671.955,TRACKING,1.813,0.001,0.003,0.01,0.450,0.004,0.000,0.000,0.000,1.000,1.81,10.77567062,106.67088358,10.51,"10°46'32.41""N, 106°40'15.18""E",FIX,
00:37:52.065,1786210672.066,TRACKING,1.849,0.001,0.003,0.00,0.450,0.002,0.000,0.000,0.000,1.000,1.85,10.77567062,106.67088358,10.51,"10°46'32.41""N, 106°40'15.18""E",FIX,
00:37:52.116,1786210672.116,TRACKING,1.876,0.001,0.004,0.00,0.450,0.002,0.000,0.000,0.000,1.000,1.88,10.77567062,106.67088358,10.51,"10°46'32.41""N, 106°40'15.18""E",FIX,
00:37:52.204,1786210672.204,TRACKING,1.912,0.002,0.004,0.00,0.450,0.001,0.000,0.000,0.000,1.000,1.91,10.77567062,106.67088399,10.51,"10°46'32.41""N, 106°40'15.18""E",FIX,
00:37:52.269,1786210672.269,TRACKING,1.939,0.002,0.004,0.00,0.450,0.001,0.000,0.000,0.000,1.000,1.94,10.77567062,106.67088399,10.51,"10°46'32.41""N, 106°40'15.18""E",FIX,
00:37:52.344,1786210672.345,TRACKING,1.966,0.002,0.004,0.00,0.450,0.000,0.000,0.000,0.000,1.000,1.97,10.77567062,106.67088399,10.51,"10°46'32.41""N, 106°40'15.18""E",FIX,
00:37:52.421,1786210672.421,TRACKING,1.993,0.002,0.004,0.00,0.450,0.000,0.000,0.000,0.000,1.000,1.99,10.77567062,106.67088440,10.51,"10°46'32.41""N, 106°40'15.18""E",FIX,
00:37:52.498,1786210672.498,TRACKING,2.020,0.002,0.004,0.00,0.450,0.000,0.000,0.000,0.000,1.000,2.02,10.77567062,106.67088440,10.51,"10°46'32.41""N, 106°40'15.18""E",FIX,
00:37:52.580,1786210672.580,TRACKING,2.056,0.002,0.004,0.05,0.450,-0.101,0.000,0.000,0.000,1.000,2.06,10.77567062,106.67088440,10.51,"10°46'32.41""N, 106°40'15.18""E",FIX,
00:37:52.672,1786210672.672,TRACKING,2.092,0.002,-0.002,0.05,0.450,-0.025,0.000,0.000,0.000,1.000,2.09,10.77567062,106.67088481,10.51,"10°46'32.41""N, 106°40'15.19""E",FIX,
00:37:52.749,1786210672.750,TRACKING,2.119,0.002,-0.005,0.03,0.450,0.028,0.000,0.000,0.000,0.562,2.12,10.77567062,106.67088481,10.51,"10°46'32.41""N, 106°40'15.19""E",FIX,
00:37:52.831,1786210672.831,TRACKING,2.155,0.002,-0.004,0.02,0.450,0.017,0.000,0.000,0.000,0.625,2.16,10.77567062,106.67088481,10.51,"10°46'32.41""N, 106°40'15.19""E",FIX,
00:37:52.908,1786210672.909,TRACKING,2.173,0.002,-0.003,0.04,0.450,-0.049,0.000,0.000,0.000,0.687,2.17,10.77567062,106.67088522,10.51,"10°46'32.41""N, 106°40'15.19""E",FIX,
00:37:52.983,1786210672.984,TRACKING,2.200,0.002,-0.005,0.02,0.450,0.020,0.000,0.000,0.000,0.750,2.20,10.77567062,106.67088522,10.51,"10°46'32.41""N, 106°40'15.19""E",FIX,
00:37:53.059,1786210673.059,TRACKING,2.236,0.002,-0.005,0.02,0.450,0.013,0.000,0.000,0.000,0.833,2.24,10.77567062,106.67088522,10.51,"10°46'32.41""N, 106°40'15.19""E",FIX,
00:37:53.131,1786210673.131,TRACKING,2.263,0.001,-0.004,0.01,0.450,0.011,0.000,0.000,0.000,0.917,2.26,10.77567062,106.67088563,10.51,"10°46'32.41""N, 106°40'15.19""E",FIX,
00:37:53.217,1786210673.217,TRACKING,2.290,0.001,-0.004,0.03,0.450,-0.043,0.000,0.000,0.000,0.979,2.29,10.77567062,106.67088563,10.51,"10°46'32.41""N, 106°40'15.19""E",FIX,
00:37:53.289,1786210673.290,TRACKING,2.317,0.001,-0.005,0.02,0.450,0.015,0.000,0.000,0.000,1.000,2.32,10.77567062,106.67088563,10.51,"10°46'32.41""N, 106°40'15.19""E",FIX,
00:37:53.383,1786210673.384,TRACKING,2.353,0.001,-0.005,0.01,0.450,0.009,0.000,0.000,0.000,1.000,2.35,10.77567062,106.67088604,10.51,"10°46'32.41""N, 106°40'15.19""E",FIX,
00:37:53.463,1786210673.464,TRACKING,2.389,0.001,-0.005,0.01,0.450,0.006,0.000,0.000,0.000,1.000,2.39,10.77567062,106.67088604,10.51,"10°46'32.41""N, 106°40'15.19""E",FIX,
00:37:53.527,1786210673.527,TRACKING,2.407,0.001,-0.004,0.01,0.450,0.006,0.000,0.000,0.000,1.000,2.41,10.77567062,106.67088604,10.51,"10°46'32.41""N, 106°40'15.19""E",FIX,
00:37:53.604,1786210673.605,TRACKING,2.443,0.001,-0.004,0.00,0.450,0.003,0.000,0.000,0.000,1.000,2.44,10.77567061,106.67088646,10.51,"10°46'32.41""N, 106°40'15.19""E",FIX,
00:37:53.688,1786210673.688,TRACKING,2.470,0.000,-0.004,0.03,0.450,-0.049,0.000,0.000,0.000,1.000,2.47,10.77567061,106.67088646,10.51,"10°46'32.41""N, 106°40'15.19""E",FIX,
00:37:53.769,1786210673.770,TRACKING,2.497,0.000,-0.005,0.02,0.450,0.013,0.000,0.000,0.000,1.000,2.50,10.77567061,106.67088646,10.51,"10°46'32.41""N, 106°40'15.19""E",FIX,
00:37:53.848,1786210673.848,TRACKING,2.533,0.000,-0.006,-0.01,0.450,0.054,0.000,0.000,0.000,1.000,2.53,10.77567061,106.67088687,10.51,"10°46'32.41""N, 106°40'15.19""E",FIX,
00:37:53.913,1786210673.914,TRACKING,2.560,-0.000,-0.004,-0.01,0.450,-0.009,0.000,0.000,0.000,1.000,2.56,10.77567061,106.67088687,10.51,"10°46'32.41""N, 106°40'15.19""E",FIX,
00:37:53.992,1786210673.993,TRACKING,2.587,-0.000,-0.003,-0.01,0.450,-0.004,0.000,0.000,0.000,1.000,2.59,10.77567061,106.67088687,10.51,"10°46'32.41""N, 106°40'15.19""E",FIX,
00:37:54.069,1786210674.069,TRACKING,2.623,-0.000,-0.004,-0.00,0.450,-0.002,0.000,0.000,0.000,1.000,2.62,10.77567061,106.67088728,10.51,"10°46'32.41""N, 106°40'15.19""E",FIX,
00:37:54.140,1786210674.140,TRACKING,2.650,-0.000,-0.004,-0.00,0.450,-0.002,0.000,0.000,0.000,1.000,2.65,10.77567061,106.67088728,10.51,"10°46'32.41""N, 106°40'15.19""E",FIX,
00:37:54.224,1786210674.224,TRACKING,2.686,-0.000,-0.004,-0.00,0.450,-0.001,0.000,0.000,0.000,1.000,2.69,10.77567061,106.67088728,10.51,"10°46'32.41""N, 106°40'15.19""E",FIX,
00:37:54.299,1786210674.300,TRACKING,2.713,-0.001,-0.004,-0.00,0.450,-0.001,0.000,0.000,0.000,1.000,2.71,10.77567061,106.67088769,10.51,"10°46'32.41""N, 106°40'15.20""E",FIX,
00:37:54.365,1786210674.366,TRACKING,2.740,-0.001,-0.004,-0.00,0.450,-0.001,0.000,0.000,0.000,1.000,2.74,10.77567061,106.67088769,10.51,"10°46'32.41""N, 106°40'15.20""E",FIX,
00:37:54.483,1786210674.484,TRACKING,2.767,-0.001,-0.004,-0.00,0.450,-0.000,0.000,0.000,0.000,1.000,2.77,10.77567061,106.67088769,10.51,"10°46'32.41""N, 106°40'15.20""E",FIX,
00:37:54.582,1786210674.583,TRACKING,2.803,-0.001,-0.004,-0.00,0.450,-0.000,0.000,0.000,0.000,1.000,2.80,10.77567061,106.67088810,10.51,"10°46'32.41""N, 106°40'15.20""E",FIX,
00:37:54.680,1786210674.680,TRACKING,2.830,-0.001,-0.004,-0.00,0.450,-0.000,0.000,0.000,0.000,1.000,2.83,10.77567061,106.67088810,10.51,"10°46'32.41""N, 106°40'15.20""E",FIX,
00:37:54.773,1786210674.774,TRACKING,2.857,-0.001,-0.004,-0.00,0.450,-0.000,0.000,0.000,0.000,1.000,2.86,10.77567061,106.67088810,10.51,"10°46'32.41""N, 106°40'15.20""E",FIX,
00:37:54.862,1786210674.863,TRACKING,2.893,-0.001,-0.004,-0.02,0.450,0.046,0.000,0.000,0.000,1.000,2.89,10.77567061,106.67088851,10.51,"10°46'32.41""N, 106°40'15.20""E",FIX,
00:37:54.927,1786210674.927,TRACKING,2.920,-0.001,-0.002,-0.04,0.450,0.045,0.000,0.000,0.000,0.500,2.92,10.77567061,106.67088851,10.51,"10°46'32.41""N, 106°40'15.20""E",FIX,
00:37:55.002,1786210675.003,TRACKING,2.947,-0.001,0.000,-0.00,0.450,-0.078,0.000,0.000,0.000,0.583,2.95,10.77567061,106.67088851,10.51,"10°46'32.41""N, 106°40'15.20""E",FIX,
00:37:55.087,1786210675.087,TRACKING,2.983,-0.001,-0.004,-0.02,0.450,0.044,0.000,0.000,0.000,0.646,2.98,10.77567061,106.67088892,10.51,"10°46'32.41""N, 106°40'15.20""E",FIX,
00:37:55.157,1786210675.158,TRACKING,3.001,-0.002,-0.003,-0.04,0.450,0.044,0.000,0.000,0.000,0.708,3.00,10.77567061,106.67088892,10.51,"10°46'32.41""N, 106°40'15.20""E",FIX,
00:37:55.226,1786210675.226,TRACKING,3.028,-0.002,-0.001,-0.02,0.450,-0.023,0.000,0.000,0.000,0.792,3.03,10.77567061,106.67088892,10.51,"10°46'32.41""N, 106°40'15.20""E",FIX,
00:37:55.318,1786210675.318,TRACKING,3.073,-0.002,-0.001,-0.02,0.450,-0.009,0.000,0.000,0.000,0.854,3.07,10.77567060,106.67088934,10.51,"10°46'32.41""N, 106°40'15.20""E",FIX,
00:37:55.375,1786210675.376,TRACKING,3.091,-0.002,-0.001,-0.01,0.450,-0.012,0.000,0.000,0.000,0.917,3.09,10.77567060,106.67088934,10.51,"10°46'32.41""N, 106°40'15.20""E",FIX,
00:37:55.453,1786210675.453,TRACKING,3.127,-0.002,-0.002,-0.03,0.450,0.046,0.000,0.000,0.000,1.000,3.13,10.77567060,106.67088934,10.51,"10°46'32.41""N, 106°40'15.20""E",FIX,
00:37:55.537,1786210675.538,TRACKING,3.154,-0.002,-0.000,-0.02,0.450,-0.013,0.000,0.000,0.000,1.000,3.15,10.77567060,106.67088934,10.51,"10°46'32.41""N, 106°40'15.20""E",FIX,
00:37:55.601,1786210675.601,TRACKING,3.181,-0.002,0.001,-0.01,0.450,-0.014,0.000,0.000,0.000,1.000,3.18,10.77567060,106.67088975,10.51,"10°46'32.41""N, 106°40'15.20""E",FIX,
00:37:55.695,1786210675.695,TRACKING,3.208,-0.002,0.000,-0.01,0.450,-0.007,0.000,0.000,0.000,1.000,3.21,10.77567060,106.67088975,10.51,"10°46'32.41""N, 106°40'15.20""E",FIX,
00:37:55.756,1786210675.757,TRACKING,3.244,-0.002,-0.001,-0.01,0.450,-0.004,0.000,0.000,0.000,1.000,3.24,10.77567060,106.67088975,10.51,"10°46'32.41""N, 106°40'15.20""E",FIX,
00:37:55.840,1786210675.841,TRACKING,3.271,-0.002,-0.001,-0.00,0.450,-0.003,0.000,0.000,0.000,1.000,3.27,10.77567060,106.67089016,10.51,"10°46'32.41""N, 106°40'15.20""E",FIX,
00:37:55.938,1786210675.939,TRACKING,3.307,-0.002,-0.001,-0.03,0.450,0.044,0.000,0.000,0.000,1.000,3.31,10.77567060,106.67089016,10.51,"10°46'32.41""N, 106°40'15.20""E",FIX,
00:37:56.012,1786210676.012,TRACKING,3.334,-0.002,0.000,-0.02,0.450,-0.015,0.000,0.000,0.000,1.000,3.33,10.77567060,106.67089016,10.51,"10°46'32.41""N, 106°40'15.20""E",FIX,
00:37:56.090,1786210676.091,TRACKING,3.370,-0.002,0.001,-0.01,0.450,-0.008,0.000,0.000,0.000,1.000,3.37,10.77567060,106.67089057,10.51,"10°46'32.41""N, 106°40'15.21""E",FIX,
00:37:56.157,1786210676.157,TRACKING,3.388,-0.002,0.000,-0.01,0.450,-0.008,0.000,0.000,0.000,1.000,3.39,10.77567060,106.67089057,10.51,"10°46'32.41""N, 106°40'15.21""E",FIX,
00:37:56.232,1786210676.233,TRACKING,3.424,-0.002,-0.000,-0.00,0.450,-0.004,0.000,0.000,0.000,1.000,3.42,10.77567060,106.67089057,10.51,"10°46'32.41""N, 106°40'15.21""E",FIX,
00:37:56.306,1786210676.307,TRACKING,3.451,-0.002,-0.001,-0.03,0.450,0.050,0.000,0.000,0.000,1.000,3.45,10.77567060,106.67089098,10.51,"10°46'32.41""N, 106°40'15.21""E",FIX,
00:37:56.400,1786210676.400,TRACKING,3.487,-0.002,0.002,-0.02,0.450,-0.010,0.000,0.000,0.000,1.000,3.49,10.77567060,106.67089098,10.51,"10°46'32.41""N, 106°40'15.21""E",FIX,
00:37:56.464,1786210676.464,TRACKING,3.514,-0.002,0.003,0.01,0.450,-0.072,0.000,0.000,0.000,1.000,3.51,10.77567060,106.67089098,10.51,"10°46'32.41""N, 106°40'15.21""E",FIX,
00:37:56.542,1786210676.543,TRACKING,3.541,-0.002,-0.000,0.01,0.450,0.005,0.000,0.000,0.000,1.000,3.54,10.77567060,106.67089139,10.51,"10°46'32.41""N, 106°40'15.21""E",FIX,
00:37:56.605,1786210676.605,TRACKING,3.568,-0.002,-0.002,-0.02,0.450,0.068,0.000,0.000,0.000,1.000,3.57,10.77567060,106.67089139,10.51,"10°46'32.41""N, 106°40'15.21""E",FIX,
00:37:56.693,1786210676.693,TRACKING,3.604,-0.002,0.002,-0.01,0.450,-0.008,0.000,0.000,0.000,1.000,3.60,10.77567060,106.67089139,10.51,"10°46'32.41""N, 106°40'15.21""E",FIX,
00:37:56.771,1786210676.771,TRACKING,3.640,-0.002,0.003,0.02,0.450,-0.054,0.000,0.000,0.000,1.000,3.64,10.77567060,106.67089180,10.51,"10°46'32.41""N, 106°40'15.21""E",FIX,
00:37:56.839,1786210676.839,TRACKING,3.658,-0.002,0.001,0.01,0.450,0.016,0.000,0.000,0.000,1.000,3.66,10.77567060,106.67089180,10.51,"10°46'32.41""N, 106°40'15.21""E",FIX,
00:37:56.918,1786210676.918,TRACKING,3.685,-0.002,0.001,0.01,0.450,0.004,0.000,0.000,0.000,1.000,3.69,10.77567060,106.67089180,10.51,"10°46'32.41""N, 106°40'15.21""E",FIX,
00:37:56.987,1786210676.988,TRACKING,3.721,-0.001,0.002,0.03,0.450,-0.048,0.000,0.000,0.000,0.833,3.72,10.77567060,106.67089222,10.51,"10°46'32.41""N, 106°40'15.21""E",FIX,
00:37:57.050,1786210677.050,TRACKING,3.748,-0.001,-0.000,0.02,0.450,0.017,0.000,0.000,0.000,0.583,3.75,10.77567060,106.67089222,10.51,"10°46'32.41""N, 106°40'15.21""E",FIX,
00:37:57.140,1786210677.141,TRACKING,3.784,-0.001,0.001,0.01,0.450,0.007,0.000,0.000,0.000,0.667,3.78,10.77567060,106.67089222,10.51,"10°46'32.41""N, 106°40'15.21""E",FIX,
00:37:57.205,1786210677.205,TRACKING,3.802,-0.001,0.001,0.03,0.450,-0.053,0.000,0.000,0.000,0.729,3.80,10.77567060,106.67089263,10.51,"10°46'32.41""N, 106°40'15.21""E",FIX,
00:37:57.289,1786210677.289,TRACKING,3.838,-0.001,-0.001,0.02,0.450,0.014,0.000,0.000,0.000,0.812,3.84,10.77567060,106.67089263,10.51,"10°46'32.41""N, 106°40'15.21""E",FIX,
00:37:57.369,1786210677.370,TRACKING,3.874,-0.001,-0.002,0.01,0.450,0.009,0.000,0.000,0.000,0.875,3.87,10.77567060,106.67089263,10.51,"10°46'32.41""N, 106°40'15.21""E",FIX,
00:37:57.447,1786210677.447,TRACKING,3.901,-0.001,-0.001,0.01,0.450,0.007,0.000,0.000,0.000,0.958,3.90,10.77567061,106.67089304,10.51,"10°46'32.41""N, 106°40'15.21""E",FIX,
00:37:57.520,1786210677.521,TRACKING,3.928,-0.002,-0.001,0.01,0.450,0.005,0.000,0.000,0.000,1.000,3.93,10.77567061,106.67089304,10.51,"10°46'32.41""N, 106°40'15.21""E",FIX,
00:37:57.594,1786210677.595,TRACKING,3.955,-0.002,-0.000,0.00,0.450,0.003,0.000,0.000,0.000,1.000,3.96,10.77567061,106.67089304,10.51,"10°46'32.41""N, 106°40'15.21""E",FIX,
00:37:57.672,1786210677.672,TRACKING,3.991,-0.002,-0.000,0.00,0.450,0.002,0.000,0.000,0.000,1.000,3.99,10.77567060,106.67089345,10.51,"10°46'32.41""N, 106°40'15.22""E",FIX,
00:37:57.745,1786210677.745,TRACKING,4.018,-0.002,0.000,0.00,0.450,0.002,0.000,0.000,0.000,1.000,4.02,10.77567060,106.67089345,10.51,"10°46'32.41""N, 106°40'15.22""E",FIX,
00:37:57.813,1786210677.814,TRACKING,4.045,-0.002,0.000,0.00,0.450,0.001,0.000,0.000,0.000,1.000,4.05,10.77567060,106.67089345,10.51,"10°46'32.41""N, 106°40'15.22""E",FIX,
00:37:57.899,1786210677.900,TRACKING,4.081,-0.002,0.000,0.02,0.450,-0.044,0.000,0.000,0.000,1.000,4.08,10.77567060,106.67089386,10.51,"10°46'32.41""N, 106°40'15.22""E",FIX,
00:37:57.969,1786210677.970,TRACKING,4.108,-0.002,-0.002,0.02,0.450,0.016,0.000,0.000,0.000,1.000,4.11,10.77567060,106.67089386,10.51,"10°46'32.41""N, 106°40'15.22""E",FIX,
00:37:58.051,1786210678.051,TRACKING,4.135,-0.002,-0.002,0.01,0.450,0.007,0.000,0.000,0.000,1.000,4.14,10.77567060,106.67089386,10.51,"10°46'32.41""N, 106°40'15.22""E",FIX,
00:37:58.122,1786210678.123,TRACKING,4.171,-0.002,-0.001,0.01,0.450,0.005,0.000,0.000,0.000,1.000,4.17,10.77567060,106.67089427,10.51,"10°46'32.41""N, 106°40'15.22""E",FIX,
00:37:58.201,1786210678.201,TRACKING,4.198,-0.002,-0.000,0.00,0.450,0.003,0.000,0.000,0.000,1.000,4.20,10.77567060,106.67089427,10.51,"10°46'32.41""N, 106°40'15.22""E",FIX,
00:37:58.270,1786210678.271,TRACKING,4.225,-0.002,-0.000,0.00,0.450,0.003,0.000,0.000,0.000,1.000,4.23,10.77567060,106.67089427,10.51,"10°46'32.41""N, 106°40'15.22""E",FIX,
00:37:58.343,1786210678.343,TRACKING,4.252,-0.002,-0.000,0.00,0.450,0.001,0.000,0.000,0.000,1.000,4.25,10.77567060,106.67089468,10.51,"10°46'32.41""N, 106°40'15.22""E",FIX,
00:37:58.411,1786210678.411,TRACKING,4.279,-0.002,0.000,0.00,0.450,0.001,0.000,0.000,0.000,1.000,4.28,10.77567060,106.67089468,10.51,"10°46'32.41""N, 106°40'15.22""E",FIX,
00:37:58.488,1786210678.489,TRACKING,4.306,-0.002,0.000,0.01,0.450,-0.025,0.000,0.000,0.000,1.000,4.31,10.77567060,106.67089468,10.51,"10°46'32.41""N, 106°40'15.22""E",FIX,
00:37:58.574,1786210678.575,TRACKING,4.351,-0.002,-0.001,0.01,0.450,0.005,0.000,0.000,0.000,1.000,4.35,10.77567060,106.67089510,10.51,"10°46'32.41""N, 106°40'15.22""E",FIX,
00:37:58.639,1786210678.640,TRACKING,4.369,-0.002,-0.002,0.01,0.450,0.006,0.000,0.000,0.000,1.000,4.37,10.77567060,106.67089510,10.51,"10°46'32.41""N, 106°40'15.22""E",FIX,
00:37:58.710,1786210678.710,TRACKING,4.405,-0.002,-0.001,0.00,0.450,0.003,0.000,0.000,0.000,1.000,4.41,10.77567060,106.67089510,10.51,"10°46'32.41""N, 106°40'15.22""E",FIX,
00:37:58.786,1786210678.786,TRACKING,4.432,-0.002,-0.001,0.00,0.450,0.002,0.000,0.000,0.000,1.000,4.43,10.77567060,106.67089551,10.51,"10°46'32.41""N, 106°40'15.22""E",FIX,
00:37:58.854,1786210678.854,TRACKING,4.459,-0.002,-0.001,0.00,0.450,0.001,0.000,0.000,0.000,1.000,4.46,10.77567060,106.67089551,10.51,"10°46'32.41""N, 106°40'15.22""E",FIX,
00:37:58.947,1786210678.947,TRACKING,4.495,-0.002,-0.001,0.00,0.450,0.001,0.000,0.000,0.000,1.000,4.50,10.77567060,106.67089551,10.51,"10°46'32.41""N, 106°40'15.22""E",FIX,
00:37:59.004,1786210679.004,TRACKING,4.522,-0.002,-0.001,0.00,0.450,0.001,0.000,0.000,0.000,0.792,4.52,10.77567060,106.67089592,10.51,"10°46'32.41""N, 106°40'15.23""E",FIX,
00:37:59.083,1786210679.084,TRACKING,4.549,-0.002,-0.001,0.00,0.450,0.000,0.000,0.000,0.000,0.604,4.55,10.77567060,106.67089592,10.51,"10°46'32.41""N, 106°40'15.23""E",FIX,
00:37:59.175,1786210679.175,TRACKING,4.576,-0.002,-0.001,0.00,0.450,0.000,0.000,0.000,0.000,0.687,4.58,10.77567060,106.67089592,10.51,"10°46'32.41""N, 106°40'15.23""E",FIX,
00:37:59.245,1786210679.246,TRACKING,4.612,-0.002,-0.001,0.02,0.450,-0.043,0.000,0.000,0.000,0.750,4.61,10.77567060,106.67089633,10.51,"10°46'32.41""N, 106°40'15.23""E",FIX,
00:37:59.310,1786210679.310,TRACKING,4.639,-0.002,-0.002,0.01,0.450,0.017,0.000,0.000,0.000,0.833,4.64,10.77567060,106.67089633,10.51,"10°46'32.41""N, 106°40'15.23""E",FIX,
00:37:59.381,1786210679.381,TRACKING,4.666,-0.002,-0.002,0.01,0.450,0.008,0.000,0.000,0.000,0.896,4.67,10.77567060,106.67089633,10.51,"10°46'32.41""N, 106°40'15.23""E",FIX,
00:37:59.451,1786210679.451,TRACKING,4.693,-0.002,-0.002,0.01,0.450,0.005,0.000,0.000,0.000,0.979,4.69,10.77567060,106.67089674,10.51,"10°46'32.41""N, 106°40'15.23""E",FIX,
00:37:59.535,1786210679.536,TRACKING,4.729,-0.002,-0.001,0.00,0.450,0.003,0.000,0.000,0.000,1.000,4.73,10.77567060,106.67089674,10.51,"10°46'32.41""N, 106°40'15.23""E",FIX,
00:37:59.610,1786210679.611,TRACKING,4.756,-0.002,-0.001,0.00,0.450,0.002,0.000,0.000,0.000,1.000,4.76,10.77567060,106.67089674,10.51,"10°46'32.41""N, 106°40'15.23""E",FIX,
00:37:59.694,1786210679.694,TRACKING,4.792,-0.002,-0.001,0.00,0.450,0.001,0.000,0.000,0.000,1.000,4.79,10.77567060,106.67089715,10.51,"10°46'32.41""N, 106°40'15.23""E",FIX,
00:37:59.759,1786210679.760,TRACKING,4.819,-0.002,-0.001,0.00,0.450,0.001,0.000,0.000,0.000,1.000,4.82,10.77567060,106.67089715,10.51,"10°46'32.41""N, 106°40'15.23""E",FIX,
00:37:59.835,1786210679.836,TRACKING,4.846,-0.002,-0.001,0.00,0.450,0.001,0.000,0.000,0.000,1.000,4.85,10.77567060,106.67089715,10.51,"10°46'32.41""N, 106°40'15.23""E",FIX,
00:37:59.925,1786210679.925,TRACKING,4.882,-0.002,-0.001,0.00,0.450,0.000,0.000,0.000,0.000,1.000,4.88,10.77567060,106.67089756,10.51,"10°46'32.41""N, 106°40'15.23""E",FIX,
00:38:00.000,1786210680.001,TRACKING,4.909,-0.002,-0.001,0.00,0.450,0.000,0.000,0.000,0.000,1.000,4.91,10.77567060,106.67089756,10.51,"10°46'32.41""N, 106°40'15.23""E",FIX,
00:38:00.070,1786210680.070,TRACKING,4.936,-0.002,-0.001,0.00,0.450,0.000,0.000,0.000,0.000,1.000,4.94,10.77567060,106.67089756,10.51,"10°46'32.41""N, 106°40'15.23""E",FIX,
00:38:00.146,1786210680.146,TRACKING,4.963,-0.002,-0.000,0.00,0.450,0.000,0.000,0.000,0.000,1.000,4.96,10.77567060,106.67089798,10.51,"10°46'32.41""N, 106°40'15.23""E",FIX,
00:38:00.217,1786210680.217,TRACKING,4.999,-0.002,-0.000,0.00,0.450,0.000,0.000,0.000,0.000,1.000,5.00,10.77567060,106.67089798,10.51,"10°46'32.41""N, 106°40'15.23""E",FIX,
00:38:00.300,1786210680.300,TRACKING,5.026,-0.002,-0.000,0.00,0.450,0.000,0.000,0.000,0.000,1.000,5.03,10.77567060,106.67089798,10.51,"10°46'32.41""N, 106°40'15.23""E",FIX,
00:38:00.375,1786210680.375,TRACKING,5.062,-0.002,-0.000,0.00,0.450,0.000,0.000,0.000,0.000,1.000,5.06,10.77567060,106.67089839,10.51,"10°46'32.41""N, 106°40'15.23""E",FIX,
00:38:00.438,1786210680.439,TRACKING,5.080,-0.002,-0.000,0.00,0.450,0.000,0.000,0.000,0.000,1.000,5.08,10.77567060,106.67089839,10.51,"10°46'32.41""N, 106°40'15.23""E",FIX,
00:38:00.506,1786210680.507,TRACKING,5.107,-0.002,-0.000,0.00,0.450,0.000,0.000,0.000,0.000,1.000,5.11,10.77567060,106.67089839,10.51,"10°46'32.41""N, 106°40'15.23""E",FIX,
00:38:00.594,1786210680.594,TRACKING,5.143,-0.002,-0.000,0.00,0.450,0.000,0.000,0.000,0.000,1.000,5.14,10.77567060,106.67089880,10.51,"10°46'32.41""N, 106°40'15.24""E",FIX,
00:38:00.673,1786210680.674,TRACKING,5.170,-0.002,-0.000,0.00,0.450,0.000,0.000,0.000,0.000,1.000,5.17,10.77567060,106.67089880,10.51,"10°46'32.41""N, 106°40'15.24""E",FIX,
00:38:00.750,1786210680.750,TRACKING,5.206,-0.002,-0.000,0.00,0.450,0.000,0.000,0.000,0.000,1.000,5.21,10.77567060,106.67089880,10.51,"10°46'32.41""N, 106°40'15.24""E",FIX,
00:38:00.824,1786210680.825,TRACKING,5.233,-0.002,-0.000,0.00,0.450,0.000,0.000,0.000,0.000,1.000,5.23,10.77567060,106.67089921,10.51,"10°46'32.41""N, 106°40'15.24""E",FIX,
00:38:00.911,1786210680.912,TRACKING,5.260,-0.002,-0.000,-0.01,0.450,0.023,0.000,0.000,0.000,1.000,5.26,10.77567060,106.67089921,10.51,"10°46'32.41""N, 106°40'15.24""E",FIX,
00:38:00.987,1786210680.988,TRACKING,5.296,-0.002,0.001,-0.03,0.450,0.040,0.000,0.000,0.000,1.000,5.30,10.77567060,106.67089921,10.51,"10°46'32.41""N, 106°40'15.24""E",FIX,
00:38:01.062,1786210681.062,TRACKING,5.323,-0.002,0.003,-0.07,0.450,0.100,0.000,0.000,0.000,0.542,5.32,10.77567060,106.67089962,10.51,"10°46'32.41""N, 106°40'15.24""E",FIX,
00:38:01.140,1786210681.141,TRACKING,5.359,-0.002,0.010,-0.04,0.450,-0.031,0.000,0.000,0.000,0.604,5.36,10.77567060,106.67089962,10.51,"10°46'32.41""N, 106°40'15.24""E",FIX,
00:38:01.217,1786210681.217,TRACKING,5.386,-0.002,0.009,-0.00,0.450,-0.082,0.000,0.000,0.000,0.667,5.39,10.77567060,106.67089962,10.51,"10°46'32.41""N, 106°40'15.24""E",FIX,
00:38:01.286,1786210681.286,TRACKING,5.413,-0.002,0.005,-0.03,0.450,0.055,0.000,0.000,0.000,0.750,5.41,10.77567060,106.67090003,10.51,"10°46'32.41""N, 106°40'15.24""E",FIX,
00:38:01.370,1786210681.370,TRACKING,5.440,-0.002,0.007,-0.04,0.450,0.035,0.000,0.000,0.000,0.812,5.44,10.77567060,106.67090003,10.51,"10°46'32.41""N, 106°40'15.24""E",FIX,
00:38:01.437,1786210681.438,TRACKING,5.467,-0.001,0.009,-0.00,0.450,-0.082,0.000,0.000,0.000,0.896,5.47,10.77567060,106.67090003,10.51,"10°46'32.41""N, 106°40'15.24""E",FIX,
00:38:01.523,1786210681.524,TRACKING,5.503,-0.001,0.006,-0.00,0.450,-0.001,0.000,0.000,0.000,0.979,5.50,10.77567059,106.67090045,10.51,"10°46'32.41""N, 106°40'15.24""E",FIX,
00:38:01.590,1786210681.590,TRACKING,5.530,-0.001,0.004,-0.05,0.450,0.115,0.000,0.000,0.000,1.000,5.53,10.77567059,106.67090045,10.51,"10°46'32.41""N, 106°40'15.24""E",FIX,
00:38:01.687,1786210681.687,TRACKING,5.566,-0.001,0.011,-0.03,0.450,-0.018,0.000,0.000,0.000,1.000,5.57,10.77567059,106.67090045,10.51,"10°46'32.41""N, 106°40'15.24""E",FIX,
00:38:01.760,1786210681.761,TRACKING,5.593,-0.000,0.013,0.03,0.450,-0.131,0.000,0.000,0.000,1.000,5.59,10.77567059,106.67090086,10.51,"10°46'32.41""N, 106°40'15.24""E",FIX,
00:38:01.845,1786210681.845,TRACKING,5.629,0.000,0.005,0.02,0.450,0.012,0.000,0.000,0.000,1.000,5.63,10.77567059,106.67090086,10.51,"10°46'32.41""N, 106°40'15.24""E",FIX,
00:38:01.900,1786210681.901,TRACKING,5.647,0.000,0.003,-0.03,0.450,0.158,0.000,0.000,0.000,1.000,5.65,10.77567059,106.67090086,10.51,"10°46'32.41""N, 106°40'15.24""E",FIX,
00:38:01.975,1786210681.975,TRACKING,5.674,0.000,0.010,0.00,0.450,-0.069,0.000,0.000,0.000,1.000,5.67,10.77567059,106.67090086,10.51,"10°46'32.41""N, 106°40'15.24""E",FIX,
00:38:02.058,1786210682.058,TRACKING,5.710,0.001,0.011,0.02,0.450,-0.044,0.000,0.000,0.000,1.000,5.71,10.77567060,106.67090127,10.51,"10°46'32.41""N, 106°40'15.24""E",FIX,
00:38:02.140,1786210682.141,TRACKING,5.746,0.001,0.006,-0.01,0.450,0.059,0.000,0.000,0.000,1.000,5.75,10.77567060,106.67090127,10.51,"10°46'32.41""N, 106°40'15.24""E",FIX,
00:38:02.202,1786210682.203,TRACKING,5.764,0.001,0.007,-0.03,0.450,0.058,0.000,0.000,0.000,1.000,5.76,10.77567060,106.67090127,10.51,"10°46'32.41""N, 106°40'15.24""E",FIX,
00:38:02.295,1786210682.296,TRACKING,5.800,0.001,0.012,0.00,0.450,-0.055,0.000,0.000,0.000,1.000,5.80,10.77567060,106.67090168,10.51,"10°46'32.41""N, 106°40'15.25""E",FIX,
00:38:02.355,1786210682.355,TRACKING,5.827,0.002,0.012,0.03,0.450,-0.062,0.000,0.000,0.000,1.000,5.83,10.77567060,106.67090168,10.51,"10°46'32.41""N, 106°40'15.25""E",FIX,
00:38:02.443,1786210682.443,TRACKING,5.863,0.002,0.007,-0.01,0.450,0.055,0.000,0.000,0.000,1.000,5.86,10.77567060,106.67090209,10.51,"10°46'32.41""N, 106°40'15.25""E",FIX,
00:38:02.499,1786210682.500,TRACKING,5.890,0.002,0.008,-0.03,0.450,0.060,0.000,0.000,0.000,1.000,5.89,10.77567060,106.67090209,10.51,"10°46'32.41""N, 106°40'15.25""E",FIX,
00:38:02.582,1786210682.583,TRACKING,5.926,0.003,0.013,0.01,0.450,-0.056,0.000,0.000,0.000,1.000,5.93,10.77567060,106.67090209,10.51,"10°46'32.41""N, 106°40'15.25""E",FIX,
00:38:02.667,1786210682.668,TRACKING,5.944,0.003,0.012,0.03,0.450,-0.058,0.000,0.000,0.000,1.000,5.94,10.77567060,106.67090209,10.51,"10°46'32.41""N, 106°40'15.25""E",FIX,
00:38:02.723,1786210682.723,TRACKING,5.980,0.003,0.007,-0.01,0.450,0.066,0.000,0.000,0.000,1.000,5.98,10.77567060,106.67090250,10.51,"10°46'32.41""N, 106°40'15.25""E",FIX,
00:38:02.809,1786210682.810,TRACKING,6.007,0.003,0.010,-0.00,0.450,-0.003,0.000,0.000,0.000,1.000,6.01,10.77567060,106.67090250,10.51,"10°46'32.41""N, 106°40'15.25""E",FIX,
00:38:02.887,1786210682.888,TRACKING,6.043,0.004,0.011,0.02,0.450,-0.054,0.000,0.000,0.000,1.000,6.04,10.77567060,106.67090291,10.51,"10°46'32.41""N, 106°40'15.25""E",FIX,
00:38:02.948,1786210682.948,TRACKING,6.061,0.004,0.010,0.01,0.450,0.014,0.000,0.000,0.000,1.000,6.06,10.77567060,106.67090291,10.51,"10°46'32.41""N, 106°40'15.25""E",FIX,
00:38:03.029,1786210683.030,TRACKING,6.097,0.004,0.009,0.03,0.450,-0.043,0.000,0.000,0.000,1.000,6.10,10.77567060,106.67090291,10.51,"10°46'32.41""N, 106°40'15.25""E",FIX,
00:38:03.104,1786210683.105,TRACKING,6.124,0.005,0.007,0.07,0.450,-0.086,0.000,0.000,0.000,0.771,6.12,10.77567060,106.67090291,10.51,"10°46'32.41""N, 106°40'15.25""E",FIX,
00:38:03.181,1786210683.181,TRACKING,6.151,0.005,0.003,0.04,0.450,0.037,0.000,0.000,0.000,0.625,6.15,10.77567060,106.67090333,10.51,"10°46'32.41""N, 106°40'15.25""E",FIX,
00:38:03.255,1786210683.256,TRACKING,6.178,0.005,0.002,0.03,0.450,0.024,0.000,0.000,0.000,0.687,6.18,10.77567060,106.67090333,10.51,"10°46'32.41""N, 106°40'15.25""E",FIX,
00:38:03.331,1786210683.332,TRACKING,6.214,0.005,0.004,0.04,0.450,-0.038,0.000,0.000,0.000,0.750,6.21,10.77567060,106.67090333,10.51,"10°46'32.41""N, 106°40'15.25""E",FIX,
00:38:03.403,1786210683.404,TRACKING,6.241,0.005,0.003,0.03,0.450,0.021,0.000,0.000,0.000,0.833,6.24,10.77567061,106.67090374,10.51,"10°46'32.41""N, 106°40'15.25""E",FIX,
00:38:03.482,1786210683.483,TRACKING,6.268,0.005,0.003,0.02,0.450,0.013,0.000,0.000,0.000,0.917,6.27,10.77567061,106.67090374,10.51,"10°46'32.41""N, 106°40'15.25""E",FIX,
00:38:03.549,1786210683.549,TRACKING,6.304,0.005,0.004,0.03,0.450,-0.044,0.000,0.000,0.000,1.000,6.30,10.77567061,106.67090374,10.51,"10°46'32.41""N, 106°40'15.25""E",FIX,
00:38:03.639,1786210683.640,TRACKING,6.340,0.005,0.001,0.02,0.450,0.014,0.000,0.000,0.000,1.000,6.34,10.77567061,106.67090415,10.51,"10°46'32.41""N, 106°40'15.25""E",FIX,
00:38:03.708,1786210683.708,TRACKING,6.358,0.005,0.001,0.01,0.450,0.015,0.000,0.000,0.000,1.000,6.36,10.77567061,106.67090415,10.51,"10°46'32.41""N, 106°40'15.25""E",FIX,
00:38:03.780,1786210683.781,TRACKING,6.385,0.005,0.002,0.01,0.450,0.008,0.000,0.000,0.000,1.000,6.39,10.77567061,106.67090415,10.51,"10°46'32.41""N, 106°40'15.25""E",FIX,
00:38:03.863,1786210683.863,TRACKING,6.421,0.005,0.003,0.03,0.450,-0.041,0.000,0.000,0.000,1.000,6.42,10.77567061,106.67090456,10.51,"10°46'32.41""N, 106°40'15.26""E",FIX,
00:38:03.940,1786210683.940,TRACKING,6.457,0.006,0.001,0.02,0.450,0.016,0.000,0.000,0.000,1.000,6.46,10.77567061,106.67090456,10.51,"10°46'32.41""N, 106°40'15.26""E",FIX,
00:38:04.018,1786210684.019,TRACKING,6.484,0.006,0.001,0.01,0.450,0.009,0.000,0.000,0.000,1.000,6.48,10.77567061,106.67090456,10.51,"10°46'32.41""N, 106°40'15.26""E",FIX,
00:38:04.085,1786210684.085,TRACKING,6.511,0.006,0.002,0.01,0.450,0.009,0.000,0.000,0.000,1.000,6.51,10.77567061,106.67090497,10.51,"10°46'32.41""N, 106°40'15.26""E",FIX,
00:38:04.168,1786210684.169,TRACKING,6.547,0.006,0.003,0.01,0.450,0.003,0.000,0.000,0.000,1.000,6.55,10.77567061,106.67090497,10.51,"10°46'32.41""N, 106°40'15.26""E",FIX,
00:38:04.244,1786210684.245,TRACKING,6.574,0.006,0.003,0.03,0.450,-0.053,0.000,0.000,0.000,1.000,6.57,10.77567061,106.67090497,10.51,"10°46'32.41""N, 106°40'15.26""E",FIX,
00:38:04.309,1786210684.310,TRACKING,6.601,0.006,0.001,0.02,0.450,0.018,0.000,0.000,0.000,1.000,6.60,10.77567061,106.67090538,10.51,"10°46'32.41""N, 106°40'15.26""E",FIX,
00:38:04.389,1786210684.389,TRACKING,6.628,0.006,0.001,0.01,0.450,0.010,0.000,0.000,0.000,1.000,6.63,10.77567061,106.67090538,10.51,"10°46'32.41""N, 106°40'15.26""E",FIX,
00:38:04.471,1786210684.472,TRACKING,6.655,0.006,0.002,0.01,0.450,0.005,0.000,0.000,0.000,1.000,6.66,10.77567061,106.67090538,10.51,"10°46'32.41""N, 106°40'15.26""E",FIX,
00:38:04.554,1786210684.554,TRACKING,6.691,0.006,0.002,0.03,0.450,-0.045,0.000,0.000,0.000,1.000,6.69,10.77567061,106.67090579,10.51,"10°46'32.41""N, 106°40'15.26""E",FIX,
00:38:04.620,1786210684.620,TRACKING,6.718,0.006,0.001,0.02,0.450,0.018,0.000,0.000,0.000,1.000,6.72,10.77567061,106.67090579,10.51,"10°46'32.41""N, 106°40'15.26""E",FIX,
00:38:04.707,1786210684.707,TRACKING,6.745,0.006,0.001,0.01,0.450,0.008,0.000,0.000,0.000,1.000,6.75,10.77567061,106.67090579,10.51,"10°46'32.41""N, 106°40'15.26""E",FIX,
00:38:04.782,1786210684.783,TRACKING,6.772,0.006,0.002,0.03,0.450,-0.046,0.000,0.000,0.000,1.000,6.77,10.77567061,106.67090621,10.51,"10°46'32.41""N, 106°40'15.26""E",FIX,
00:38:04.866,1786210684.867,TRACKING,6.808,0.006,-0.000,0.02,0.450,0.015,0.000,0.000,0.000,1.000,6.81,10.77567061,106.67090621,10.51,"10°46'32.41""N, 106°40'15.26""E",FIX,
00:38:04.940,1786210684.940,TRACKING,6.835,0.006,-0.001,0.01,0.450,0.012,0.000,0.000,0.000,1.000,6.84,10.77567061,106.67090621,10.51,"10°46'32.41""N, 106°40'15.26""E",FIX,
00:38:05.014,1786210685.015,TRACKING,6.862,0.006,0.000,0.01,0.450,0.007,0.000,0.000,0.000,1.000,6.86,10.77567061,106.67090662,10.51,"10°46'32.41""N, 106°40'15.26""E",FIX,
00:38:05.090,1786210685.090,TRACKING,6.898,0.006,0.001,0.01,0.450,0.004,0.000,0.000,0.000,1.000,6.90,10.77567061,106.67090662,10.51,"10°46'32.41""N, 106°40'15.26""E",FIX,
00:38:05.171,1786210685.171,TRACKING,6.934,0.006,0.001,0.03,0.450,-0.045,0.000,0.000,0.000,0.562,6.93,10.77567061,106.67090662,10.51,"10°46'32.41""N, 106°40'15.26""E",FIX,
00:38:05.242,1786210685.242,TRACKING,6.961,0.006,-0.001,0.02,0.450,0.015,0.000,0.000,0.000,0.625,6.96,10.77567061,106.67090703,10.51,"10°46'32.41""N, 106°40'15.27""E",FIX,
00:38:05.317,1786210685.318,TRACKING,6.988,0.006,-0.001,0.01,0.450,0.009,0.000,0.000,0.000,0.687,6.99,10.77567061,106.67090703,10.51,"10°46'32.41""N, 106°40'15.27""E",FIX,
00:38:05.386,1786210685.387,TRACKING,7.015,0.006,-0.000,0.01,0.450,0.007,0.000,0.000,0.000,0.771,7.02,10.77567061,106.67090703,10.51,"10°46'32.41""N, 106°40'15.27""E",FIX,
00:38:05.466,1786210685.466,TRACKING,7.042,0.006,0.000,0.03,0.450,-0.051,0.000,0.000,0.000,0.833,7.04,10.77567061,106.67090744,10.51,"10°46'32.41""N, 106°40'15.27""E",FIX,
00:38:05.533,1786210685.534,TRACKING,7.069,0.006,-0.001,0.02,0.450,0.015,0.000,0.000,0.000,0.917,7.07,10.77567061,106.67090744,10.51,"10°46'32.41""N, 106°40'15.27""E",FIX,
00:38:05.609,1786210685.609,TRACKING,7.105,0.006,-0.002,0.01,0.450,0.010,0.000,0.000,0.000,1.000,7.11,10.77567061,106.67090744,10.51,"10°46'32.41""N, 106°40'15.27""E",FIX,
00:38:05.687,1786210685.687,TRACKING,7.132,0.006,-0.002,0.01,0.450,0.006,0.000,0.000,0.000,1.000,7.13,10.77567061,106.67090785,10.51,"10°46'32.41""N, 106°40'15.27""E",FIX,
00:38:05.764,1786210685.765,TRACKING,7.159,0.006,-0.001,0.00,0.450,0.004,0.000,0.000,0.000,1.000,7.16,10.77567061,106.67090785,10.51,"10°46'32.41""N, 106°40'15.27""E",FIX,
00:38:05.835,1786210685.835,TRACKING,7.195,0.006,-0.001,0.00,0.450,0.003,0.000,0.000,0.000,1.000,7.20,10.77567061,106.67090785,10.51,"10°46'32.41""N, 106°40'15.27""E",FIX,
00:38:05.916,1786210685.916,TRACKING,7.222,0.006,-0.001,0.00,0.450,0.001,0.000,0.000,0.000,1.000,7.22,10.77567061,106.67090826,10.51,"10°46'32.41""N, 106°40'15.27""E",FIX,
00:38:05.988,1786210685.988,TRACKING,7.249,0.006,-0.000,0.00,0.450,0.001,0.000,0.000,0.000,1.000,7.25,10.77567061,106.67090826,10.51,"10°46'32.41""N, 106°40'15.27""E",FIX,
00:38:06.069,1786210686.069,TRACKING,7.285,0.006,-0.000,0.00,0.450,0.001,0.000,0.000,0.000,1.000,7.29,10.77567061,106.67090826,10.51,"10°46'32.41""N, 106°40'15.27""E",FIX,
00:38:06.147,1786210686.148,TRACKING,7.312,0.006,-0.000,0.02,0.450,-0.060,0.000,0.000,0.000,1.000,7.31,10.77567061,106.67090867,10.51,"10°46'32.41""N, 106°40'15.27""E",FIX,
00:38:06.205,1786210686.205,TRACKING,7.339,0.006,-0.002,0.02,0.450,0.013,0.000,0.000,0.000,1.000,7.34,10.77567061,106.67090867,10.51,"10°46'32.41""N, 106°40'15.27""E",FIX,
00:38:06.278,1786210686.278,TRACKING,7.375,0.006,-0.003,0.01,0.450,0.007,0.000,0.000,0.000,1.000,7.38,10.77567061,106.67090867,10.51,"10°46'32.41""N, 106°40'15.27""E",FIX,
00:38:06.352,1786210686.352,TRACKING,7.402,0.006,-0.002,0.01,0.450,0.006,0.000,0.000,0.000,1.000,7.40,10.77567061,106.67090909,10.51,"10°46'32.41""N, 106°40'15.27""E",FIX,
00:38:06.434,1786210686.434,TRACKING,7.429,0.006,-0.002,0.00,0.450,0.003,0.000,0.000,0.000,1.000,7.43,10.77567061,106.67090909,10.51,"10°46'32.41""N, 106°40'15.27""E",FIX,
00:38:06.513,1786210686.514,TRACKING,7.465,0.005,-0.001,0.00,0.450,0.002,0.000,0.000,0.000,1.000,7.47,10.77567061,106.67090909,10.51,"10°46'32.41""N, 106°40'15.27""E",FIX,
00:38:06.584,1786210686.585,TRACKING,7.492,0.005,-0.001,0.00,0.450,0.002,0.000,0.000,0.000,1.000,7.49,10.77567061,106.67090950,10.51,"10°46'32.41""N, 106°40'15.27""E",FIX,
00:38:06.663,1786210686.664,TRACKING,7.528,0.005,-0.001,0.00,0.450,0.001,0.000,0.000,0.000,1.000,7.53,10.77567061,106.67090950,10.51,"10°46'32.41""N, 106°40'15.27""E",FIX,
00:38:06.735,1786210686.735,TRACKING,7.555,0.005,-0.001,0.00,0.450,0.001,0.000,0.000,0.000,1.000,7.56,10.77567061,106.67090950,10.51,"10°46'32.41""N, 106°40'15.27""E",FIX,
00:38:06.811,1786210686.811,TRACKING,7.582,0.005,-0.001,0.00,0.450,0.000,0.000,0.000,0.000,1.000,7.58,10.77567061,106.67090991,10.51,"10°46'32.41""N, 106°40'15.28""E",FIX,
00:38:06.868,1786210686.868,TRACKING,7.609,0.005,-0.001,0.01,0.450,-0.032,0.000,0.000,0.000,1.000,7.61,10.77567061,106.67090991,10.51,"10°46'32.41""N, 106°40'15.28""E",FIX,
00:38:06.954,1786210686.954,TRACKING,7.636,0.005,-0.003,0.01,0.450,0.006,0.000,0.000,0.000,1.000,7.64,10.77567061,106.67090991,10.51,"10°46'32.41""N, 106°40'15.28""E",FIX,
00:38:07.020,1786210687.020,TRACKING,7.663,0.005,-0.003,-0.11,0.450,0.283,0.000,0.000,0.000,1.000,7.66,10.77567061,106.67091032,10.51,"10°46'32.41""N, 106°40'15.28""E",FIX,
00:38:07.112,1786210687.112,TRACKING,7.699,0.005,0.011,-0.09,0.450,-0.000,0.000,0.000,0.000,0.479,7.70,10.77567061,106.67091032,10.51,"10°46'32.41""N, 106°40'15.28""E",FIX,
00:38:07.184,1786210687.184,TRACKING,7.735,0.006,0.021,0.03,0.450,-0.243,0.000,0.000,0.000,0.562,7.74,10.77567061,106.67091032,10.51,"10°46'32.41""N, 106°40'15.28""E",FIX,
00:38:07.251,1786210687.252,TRACKING,7.762,0.006,0.011,0.04,0.450,-0.038,0.000,0.000,0.000,0.604,7.76,10.77567061,106.67091073,10.51,"10°46'32.41""N, 106°40'15.28""E",FIX,
00:38:07.316,1786210687.316,TRACKING,7.789,0.007,0.005,-0.04,0.450,0.212,0.000,0.000,0.000,0.667,7.79,10.77567061,106.67091073,10.51,"10°46'32.41""N, 106°40'15.28""E",FIX,
00:38:07.394,1786210687.395,TRACKING,7.816,0.007,0.013,-0.00,0.450,-0.069,0.000,0.000,0.000,0.750,7.82,10.77567061,106.67091073,10.51,"10°46'32.41""N, 106°40'15.28""E",FIX,
00:38:07.464,1786210687.465,TRACKING,7.843,0.007,0.016,0.04,0.450,-0.119,0.000,0.000,0.000,0.833,7.84,10.77567061,106.67091114,10.51,"10°46'32.41""N, 106°40'15.28""E",FIX,
00:38:07.547,1786210687.547,TRACKING,7.879,0.008,0.008,0.01,0.450,0.073,0.000,0.000,0.000,0.896,7.88,10.77567061,106.67091114,10.51,"10°46'32.41""N, 106°40'15.28""E",FIX,
00:38:07.623,1786210687.624,TRACKING,7.906,0.008,0.009,-0.02,0.450,0.053,0.000,0.000,0.000,0.979,7.91,10.77567061,106.67091114,10.51,"10°46'32.41""N, 106°40'15.28""E",FIX,
00:38:07.710,1786210687.710,TRACKING,7.942,0.008,0.014,0.01,0.450,-0.054,0.000,0.000,0.000,1.000,7.94,10.77567062,106.67091155,10.51,"10°46'32.41""N, 106°40'15.28""E",FIX,
00:38:07.772,1786210687.773,TRACKING,7.969,0.009,0.013,0.03,0.450,-0.055,0.000,0.000,0.000,1.000,7.97,10.77567062,106.67091155,10.51,"10°46'32.41""N, 106°40'15.28""E",FIX,
00:38:07.857,1786210687.857,TRACKING,7.996,0.009,0.009,0.02,0.450,0.012,0.000,0.000,0.000,1.000,8.00,10.77567062,106.67091155,10.51,"10°46'32.41""N, 106°40'15.28""E",FIX,
00:38:07.923,1786210687.924,TRACKING,8.023,0.009,0.008,-0.01,0.450,0.075,0.000,0.000,0.000,1.000,8.02,10.77567063,106.67091197,10.51,"10°46'32.41""N, 106°40'15.28""E",FIX,
00:38:08.005,1786210688.005,TRACKING,8.059,0.010,0.013,0.02,0.450,-0.056,0.000,0.000,0.000,1.000,8.06,10.77567063,106.67091197,10.51,"10°46'32.41""N, 106°40'15.28""E",FIX,
00:38:08.075,1786210688.075,TRACKING,8.086,0.010,0.011,0.03,0.450,-0.047,0.000,0.000,0.000,1.000,8.09,10.77567063,106.67091197,10.51,"10°46'32.41""N, 106°40'15.28""E",FIX,
00:38:08.158,1786210688.159,TRACKING,8.113,0.010,0.008,-0.00,0.450,0.066,0.000,0.000,0.000,1.000,8.11,10.77567063,106.67091238,10.51,"10°46'32.41""N, 106°40'15.28""E",FIX,
00:38:08.234,1786210688.235,TRACKING,8.140,0.010,0.010,-0.00,0.450,-0.001,0.000,0.000,0.000,1.000,8.14,10.77567063,106.67091238,10.51,"10°46'32.41""N, 106°40'15.28""E",FIX,
00:38:08.317,1786210688.318,TRACKING,8.176,0.011,0.012,0.02,0.450,-0.045,0.000,0.000,0.000,1.000,8.18,10.77567063,106.67091238,10.51,"10°46'32.41""N, 106°40'15.28""E",FIX,
00:38:08.388,1786210688.389,TRACKING,8.203,0.011,0.010,0.01,0.450,0.015,0.000,0.000,0.000,1.000,8.20,10.77567063,106.67091279,10.51,"10°46'32.41""N, 106°40'15.29""E",FIX,
00:38:08.469,1786210688.469,TRACKING,8.239,0.011,0.010,0.01,0.450,0.007,0.000,0.000,0.000,1.000,8.24,10.77567063,106.67091279,10.51,"10°46'32.41""N, 106°40'15.29""E",FIX,
00:38:08.551,1786210688.552,TRACKING,8.266,0.012,0.011,0.01,0.450,0.004,0.000,0.000,0.000,1.000,8.27,10.77567063,106.67091279,10.51,"10°46'32.41""N, 106°40'15.29""E",FIX,
00:38:08.619,1786210688.620,TRACKING,8.293,0.012,0.011,0.00,0.450,0.005,0.000,0.000,0.000,1.000,8.29,10.77567063,106.67091320,10.51,"10°46'32.41""N, 106°40'15.29""E",FIX,
00:38:08.707,1786210688.708,TRACKING,8.329,0.012,0.011,0.00,0.450,0.002,0.000,0.000,0.000,1.000,8.33,10.77567063,106.67091320,10.51,"10°46'32.41""N, 106°40'15.29""E",FIX,
00:38:08.771,1786210688.772,TRACKING,8.347,0.013,0.012,0.01,0.450,-0.031,0.000,0.000,0.000,1.000,8.35,10.77567063,106.67091320,10.51,"10°46'32.41""N, 106°40'15.29""E",FIX,
00:38:08.844,1786210688.845,TRACKING,8.383,0.013,0.010,0.01,0.450,0.007,0.000,0.000,0.000,1.000,8.38,10.77567063,106.67091361,10.51,"10°46'32.41""N, 106°40'15.29""E",FIX,
00:38:08.921,1786210688.922,TRACKING,8.410,0.013,0.010,0.01,0.450,0.004,0.000,0.000,0.000,1.000,8.41,10.77567063,106.67091361,10.51,"10°46'32.41""N, 106°40'15.29""E",FIX,
00:38:09.001,1786210689.002,TRACKING,8.437,0.014,0.010,0.00,0.450,0.003,0.000,0.000,0.000,1.000,8.44,10.77567063,106.67091361,10.51,"10°46'32.41""N, 106°40'15.29""E",FIX,
00:38:09.076,1786210689.077,TRACKING,8.473,0.014,0.011,-0.02,0.450,0.058,0.000,0.000,0.000,1.000,8.47,10.77567064,106.67091402,10.51,"10°46'32.41""N, 106°40'15.29""E",FIX,
00:38:09.153,1786210689.154,TRACKING,8.500,0.014,0.013,-0.01,0.450,-0.011,0.000,0.000,0.000,0.687,8.50,10.77567064,106.67091402,10.51,"10°46'32.41""N, 106°40'15.29""E",FIX,
00:38:09.230,1786210689.230,TRACKING,8.527,0.015,0.014,-0.01,0.450,0.001,0.000,0.000,0.000,0.000,8.53,10.77567064,106.67091402,10.51,"10°46'32.41""N, 106°40'15.29""E",FIX,
00:38:09.316,1786210689.316,TRACKING,8.563,0.015,0.014,-0.01,0.450,0.001,0.000,0.000,0.000,0.000,8.56,10.77567064,106.67091443,10.51,"10°46'32.41""N, 106°40'15.29""E",FIX,
00:38:09.387,1786210689.388,TRACKING,8.590,0.016,0.014,-0.01,0.450,0.000,0.000,0.000,0.000,0.000,8.59,10.77567064,106.67091443,10.51,"10°46'32.41""N, 106°40'15.29""E",FIX,
00:38:09.450,1786210689.450,TRACKING,8.617,0.016,0.014,-0.01,0.450,0.000,0.000,0.000,0.000,0.000,8.62,10.77567064,106.67091443,10.51,"10°46'32.41""N, 106°40'15.29""E",FIX,
00:38:09.537,1786210689.537,TRACKING,8.653,0.016,0.014,-0.01,0.450,0.001,0.000,0.000,0.000,0.000,8.65,10.77567064,106.67091485,10.51,"10°46'32.41""N, 106°40'15.29""E",FIX,
00:38:09.614,1786210689.614,TRACKING,8.680,0.017,0.014,-0.01,0.450,-0.000,0.000,0.000,0.000,0.000,8.68,10.77567064,106.67091485,10.51,"10°46'32.41""N, 106°40'15.29""E",FIX,
00:38:09.696,1786210689.697,TRACKING,8.716,0.017,0.014,-0.01,0.450,0.000,0.000,0.000,0.000,0.000,8.72,10.77567064,106.67091485,10.51,"10°46'32.41""N, 106°40'15.29""E",FIX,
00:38:09.775,1786210689.775,TRACKING,8.743,0.018,0.014,-0.01,0.450,0.000,0.000,0.000,0.000,0.000,8.74,10.77567064,106.67091526,10.51,"10°46'32.41""N, 106°40'15.29""E",FIX,
00:38:09.852,1786210689.853,TRACKING,8.770,0.018,0.014,-0.01,0.450,0.000,0.000,0.000,0.000,0.000,8.77,10.77567064,106.67091526,10.51,"10°46'32.41""N, 106°40'15.29""E",FIX,
00:38:09.942,1786210689.942,TRACKING,8.797,0.018,0.014,-0.00,0.450,0.000,0.000,0.000,0.000,0.000,8.80,10.77567064,106.67091526,10.51,"10°46'32.41""N, 106°40'15.29""E",FIX,
00:38:13.869,1786210693.870,UTURN_PLANNING,10.294,0.039,0.014,0.00,0.000,0.000,0.000,0.000,0.000,0.000,0.00,10.77567069,106.67092225,10.51,"10°46'32.41""N, 106°40'15.32""E",FIX,
00:38:13.949,1786210693.949,PATH_FOLLOWING,10.294,0.039,0.014,-76.70,0.247,1.800,0.000,0.000,0.000,0.000,0.00,10.77567069,106.67092225,10.51,"10°46'32.41""N, 106°40'15.32""E",FIX,
00:38:14.022,1786210694.023,PATH_FOLLOWING,10.303,0.040,0.077,-75.84,0.263,1.800,0.000,0.000,0.000,0.000,0.00,10.77567069,106.67092236,10.51,"10°46'32.41""N, 106°40'15.32""E",FIX,
00:38:14.089,1786210694.090,PATH_FOLLOWING,10.318,0.042,0.185,-71.60,0.290,1.501,0.000,0.000,0.000,0.000,0.00,10.77567069,106.67092236,10.51,"10°46'32.41""N, 106°40'15.32""E",FIX,
00:38:14.175,1786210694.175,PATH_FOLLOWING,10.340,0.047,0.311,-64.28,0.315,1.127,0.000,0.000,0.000,0.000,0.00,10.77567069,106.67092236,10.51,"10°46'32.41""N, 106°40'15.32""E",FIX,
00:38:14.240,1786210694.241,PATH_FOLLOWING,10.357,0.054,0.385,-58.34,0.327,0.914,0.000,0.000,0.000,0.000,0.00,10.77567070,106.67092261,10.51,"10°46'32.41""N, 106°40'15.32""E",FIX,
00:38:14.314,1786210694.314,PATH_FOLLOWING,10.375,0.062,0.443,-52.56,0.334,0.752,0.000,0.000,0.000,0.000,0.00,10.77567070,106.67092261,10.51,"10°46'32.41""N, 106°40'15.32""E",FIX,
00:38:14.398,1786210694.399,PATH_FOLLOWING,10.398,0.074,0.506,-44.66,0.340,0.580,0.000,0.000,0.000,0.000,0.00,10.77567070,106.67092261,10.51,"10°46'32.41""N, 106°40'15.32""E",FIX,
00:38:14.481,1786210694.481,PATH_FOLLOWING,10.416,0.084,0.543,-33.21,0.346,0.390,0.000,0.000,0.000,0.000,0.00,10.77567069,106.67092291,10.51,"10°46'32.41""N, 106°40'15.32""E",FIX,
00:38:14.550,1786210694.550,PATH_FOLLOWING,10.439,0.099,0.578,-25.45,0.348,0.285,0.000,0.000,0.000,0.000,0.00,10.77567069,106.67092291,10.51,"10°46'32.41""N, 106°40'15.32""E",FIX,
00:38:14.630,1786210694.630,PATH_FOLLOWING,10.457,0.110,0.597,-21.31,0.348,0.234,0.000,0.000,0.000,0.000,0.00,10.77567069,106.67092291,10.51,"10°46'32.41""N, 106°40'15.32""E",FIX,
00:38:14.701,1786210694.701,PATH_FOLLOWING,10.474,0.122,0.612,-17.79,0.349,0.193,0.000,0.000,0.000,0.000,0.00,10.77567072,106.67092321,10.51,"10°46'32.41""N, 106°40'15.32""E",FIX,
00:38:14.779,1786210694.779,PATH_FOLLOWING,10.491,0.134,0.624,-14.83,0.349,0.159,0.000,0.000,0.000,0.000,0.00,10.77567072,106.67092321,10.51,"10°46'32.41""N, 106°40'15.32""E",FIX,
00:38:14.848,1786210694.848,PATH_FOLLOWING,10.508,0.147,0.634,-12.26,0.350,0.131,0.000,0.000,0.000,0.000,0.00,10.77567072,106.67092321,10.51,"10°46'32.41""N, 106°40'15.32""E",FIX,
00:38:14.923,1786210694.924,PATH_FOLLOWING,10.525,0.159,0.643,-2.13,0.350,0.022,0.000,0.000,0.000,0.000,0.00,10.77567079,106.67092352,10.51,"10°46'32.41""N, 106°40'15.32""E",FIX,
00:38:14.999,1786210694.999,PATH_FOLLOWING,10.547,0.176,0.648,-0.55,0.350,0.006,0.000,0.000,0.000,0.000,0.00,10.77567079,106.67092352,10.51,"10°46'32.41""N, 106°40'15.32""E",FIX,
00:38:15.071,1786210695.072,PATH_FOLLOWING,10.564,0.189,0.649,-0.38,0.350,0.004,0.000,0.000,0.000,0.000,0.00,10.77567079,106.67092352,10.51,"10°46'32.41""N, 106°40'15.32""E",FIX,
00:38:15.158,1786210695.158,PATH_FOLLOWING,10.580,0.201,0.649,-0.30,0.350,0.003,0.000,0.000,0.000,0.000,0.00,10.77567088,106.67092382,10.51,"10°46'32.42""N, 106°40'15.33""E",FIX,
00:38:15.227,1786210695.227,PATH_FOLLOWING,10.597,0.214,0.649,-0.25,0.350,0.003,0.000,0.000,0.000,0.000,0.00,10.77567088,106.67092382,10.51,"10°46'32.42""N, 106°40'15.33""E",FIX,
00:38:15.311,1786210695.311,PATH_FOLLOWING,10.620,0.231,0.649,37.42,0.344,-0.454,0.000,0.000,0.000,0.000,0.00,10.77567088,106.67092382,10.51,"10°46'32.42""N, 106°40'15.33""E",FIX,
00:38:15.387,1786210695.387,PATH_FOLLOWING,10.636,0.243,0.634,35.46,0.345,-0.424,0.000,0.000,0.000,0.000,0.00,10.77567098,106.67092413,10.51,"10°46'32.42""N, 106°40'15.33""E",FIX,
00:38:15.471,1786210695.471,PATH_FOLLOWING,10.659,0.259,0.599,28.85,0.347,-0.329,0.000,0.000,0.000,0.000,0.00,10.77567098,106.67092413,10.51,"10°46'32.42""N, 106°40'15.33""E",FIX,
00:38:15.535,1786210695.536,PATH_FOLLOWING,10.676,0.271,0.577,51.16,0.335,-0.718,0.000,0.000,0.000,0.000,0.00,10.77567098,106.67092413,10.51,"10°46'32.42""N, 106°40'15.33""E",FIX,
00:38:15.608,1786210695.608,PATH_FOLLOWING,10.693,0.282,0.540,46.93,0.339,-0.625,0.000,0.000,0.000,0.000,0.00,10.77567108,106.67092443,10.51,"10°46'32.42""N, 106°40'15.33""E",FIX,
00:38:15.690,1786210695.691,PATH_FOLLOWING,10.711,0.292,0.501,41.19,0.342,-0.517,0.000,0.000,0.000,0.000,0.00,10.77567108,106.67092443,10.51,"10°46'32.42""N, 106°40'15.33""E",FIX,
00:38:15.765,1786210695.766,PATH_FOLLOWING,10.735,0.304,0.456,55.56,0.331,-0.831,0.000,0.000,0.000,0.000,0.00,10.77567108,106.67092443,10.51,"10°46'32.42""N, 106°40'15.33""E",FIX,
00:38:15.847,1786210695.848,PATH_FOLLOWING,10.753,0.313,0.410,50.80,0.336,-0.710,0.000,0.000,0.000,0.000,0.00,10.77567119,106.67092473,10.51,"10°46'32.42""N, 106°40'15.33""E",FIX,
00:38:15.930,1786210695.930,PATH_FOLLOWING,10.772,0.320,0.366,45.11,0.340,-0.589,0.000,0.000,0.000,0.000,0.00,10.77567119,106.67092473,10.51,"10°46'32.42""N, 106°40'15.33""E",FIX,
00:38:16.020,1786210696.020,PATH_FOLLOWING,10.797,0.329,0.316,56.95,0.329,-0.871,0.000,0.000,0.000,0.000,0.00,10.77567119,106.67092473,10.51,"10°46'32.42""N, 106°40'15.33""E",FIX,
00:38:16.099,1786210696.099,PATH_FOLLOWING,10.816,0.335,0.270,52.63,0.334,-0.754,0.000,0.000,0.000,0.000,0.00,10.77567132,106.67092503,10.51,"10°46'32.42""N, 106°40'15.33""E",FIX,
00:38:16.181,1786210696.182,PATH_FOLLOWING,10.836,0.340,0.223,46.86,0.339,-0.624,0.000,0.000,0.000,0.000,0.00,10.77567132,106.67092503,10.51,"10°46'32.42""N, 106°40'15.33""E",FIX,
00:38:16.249,1786210696.249,PATH_FOLLOWING,10.855,0.344,0.181,58.20,0.327,-0.909,0.000,0.000,0.000,0.000,0.00,10.77567132,106.67092503,10.51,"10°46'32.42""N, 106°40'15.33""E",FIX,
00:38:16.329,1786210696.330,PATH_FOLLOWING,10.882,0.348,0.118,52.09,0.335,-0.741,0.000,0.000,0.000,0.000,0.00,10.77567145,106.67092533,10.51,"10°46'32.42""N, 106°40'15.33""E",FIX,
00:38:16.410,1786210696.411,PATH_FOLLOWING,10.902,0.350,0.071,46.37,0.339,-0.614,0.000,0.000,0.000,0.000,0.00,10.77567145,106.67092533,10.51,"10°46'32.42""N, 106°40'15.33""E",FIX,
00:38:16.488,1786210696.489,PATH_FOLLOWING,10.929,0.351,0.019,56.65,0.329,-0.862,0.000,0.000,0.000,0.000,0.00,10.77567145,106.67092533,10.51,"10°46'32.42""N, 106°40'15.33""E",FIX,
00:38:16.554,1786210696.554,PATH_FOLLOWING,10.949,0.351,-0.028,51.95,0.335,-0.737,0.000,0.000,0.000,0.000,0.00,10.77567157,106.67092564,10.51,"10°46'32.42""N, 106°40'15.33""E",FIX,
00:38:16.637,1786210696.637,PATH_FOLLOWING,10.969,0.350,-0.073,46.33,0.339,-0.613,0.000,0.000,0.000,0.000,0.00,10.77567157,106.67092564,10.51,"10°46'32.42""N, 106°40'15.33""E",FIX,
00:38:16.729,1786210696.730,PATH_FOLLOWING,10.989,0.348,-0.112,40.59,0.343,-0.506,0.000,0.000,0.000,0.000,0.00,10.77567157,106.67092564,10.51,"10°46'32.42""N, 106°40'15.33""E",FIX,
00:38:16.804,1786210696.804,PATH_FOLLOWING,11.016,0.344,-0.157,53.62,0.333,-0.779,0.000,0.000,0.000,0.000,0.00,10.77567166,106.67092595,10.51,"10°46'32.42""N, 106°40'15.33""E",FIX,
00:38:16.885,1786210696.885,PATH_FOLLOWING,11.036,0.341,-0.202,48.55,0.338,-0.659,0.000,0.000,0.000,0.000,0.00,10.77567166,106.67092595,10.51,"10°46'32.42""N, 106°40'15.33""E",FIX,
00:38:16.970,1786210696.971,PATH_FOLLOWING,11.062,0.335,-0.257,40.79,0.343,-0.510,0.000,0.000,0.000,0.000,0.00,10.77567166,106.67092595,10.51,"10°46'32.42""N, 106°40'15.33""E",FIX,
00:38:17.037,1786210697.038,PATH_FOLLOWING,11.081,0.329,-0.290,54.49,0.332,-0.802,0.000,0.000,0.000,0.000,0.00,10.77567172,106.67092625,10.51,"10°46'32.42""N, 106°40'15.33""E",FIX,
00:38:17.109,1786210697.110,PATH_FOLLOWING,11.101,0.323,-0.333,50.00,0.337,-0.691,0.000,0.000,0.000,0.000,0.00,10.77567172,106.67092625,10.51,"10°46'32.42""N, 106°40'15.33""E",FIX,
00:38:17.171,1786210697.172,PATH_FOLLOWING,11.119,0.316,-0.377,44.14,0.341,-0.570,0.000,0.000,0.000,0.000,0.00,10.77567172,106.67092625,10.51,"10°46'32.42""N, 106°40'15.33""E",FIX,
00:38:17.251,1786210697.252,PATH_FOLLOWING,11.138,0.308,-0.413,55.88,0.330,-0.840,0.000,0.000,0.000,0.000,0.00,10.77567172,106.67092625,10.51,"10°46'32.42""N, 106°40'15.33""E",FIX,
00:38:17.336,1786210697.337,PATH_FOLLOWING,11.162,0.297,-0.473,49.65,0.337,-0.683,0.000,0.000,0.000,0.000,0.00,10.77567177,106.67092656,10.51,"10°46'32.42""N, 106°40'15.34""E",FIX,
00:38:17.399,1786210697.399,PATH_FOLLOWING,11.180,0.287,-0.518,43.50,0.341,-0.558,0.000,0.000,0.000,0.000,0.00,10.77567177,106.67092656,10.51,"10°46'32.42""N, 106°40'15.34""E",FIX,
00:38:17.475,1786210697.476,PATH_FOLLOWING,11.197,0.277,-0.554,55.17,0.331,-0.821,0.000,0.000,0.000,0.000,0.00,10.77567177,106.67092656,10.51,"10°46'32.42""N, 106°40'15.34""E",FIX,
00:38:17.563,1786210697.564,PATH_FOLLOWING,11.220,0.262,-0.612,48.89,0.337,-0.667,0.000,0.000,0.000,0.000,0.00,10.77567179,106.67092686,10.51,"10°46'32.42""N, 106°40'15.34""E",FIX,
00:38:17.625,1786210697.626,PATH_FOLLOWING,11.236,0.250,-0.656,42.77,0.342,-0.545,0.000,0.000,0.000,0.000,0.00,10.77567179,106.67092686,10.51,"10°46'32.42""N, 106°40'15.34""E",FIX,
00:38:17.706,1786210697.707,PATH_FOLLOWING,11.252,0.238,-0.691,37.23,0.344,-0.451,0.000,0.000,0.000,0.000,0.00,10.77567179,106.67092686,10.51,"10°46'32.42""N, 106°40'15.34""E",FIX,
00:38:17.801,1786210697.801,PATH_FOLLOWING,11.278,0.215,-0.738,50.40,0.336,-0.700,0.000,0.000,0.000,0.000,0.00,10.77567178,106.67092715,10.51,"10°46'32.42""N, 106°40'15.34""E",FIX,
00:38:17.857,1786210697.857,PATH_FOLLOWING,11.288,0.206,-0.763,47.48,0.339,-0.637,0.000,0.000,0.000,0.000,0.00,10.77567178,106.67092715,10.51,"10°46'32.42""N, 106°40'15.34""E",FIX,
00:38:17.946,1786210697.947,PATH_FOLLOWING,11.302,0.191,-0.802,42.04,0.342,-0.532,0.000,0.000,0.000,0.000,0.00,10.77567178,106.67092715,10.51,"10°46'32.42""N, 106°40'15.34""E",FIX,
00:38:18.036,1786210698.036,PATH_FOLLOWING,11.321,0.171,-0.848,53.39,0.333,-0.773,0.000,0.000,0.000,0.000,0.00,10.77567174,106.67092744,10.51,"10°46'32.42""N, 106°40'15.34""E",FIX,
00:38:18.096,1786210698.096,PATH_FOLLOWING,11.334,0.156,-0.888,49.13,0.337,-0.672,0.000,0.000,0.000,0.000,0.00,10.77567174,106.67092744,10.51,"10°46'32.42""N, 106°40'15.34""E",FIX,
00:38:18.170,1786210698.171,PATH_FOLLOWING,11.346,0.140,-0.929,43.57,0.341,-0.559,0.000,0.000,0.000,0.000,0.00,10.77567174,106.67092744,10.51,"10°46'32.42""N, 106°40'15.34""E",FIX,
00:38:18.253,1786210698.254,PATH_FOLLOWING,11.362,0.118,-0.976,54.04,0.332,-0.790,0.000,0.000,0.000,0.000,0.00,10.77567168,106.67092773,10.51,"10°46'32.42""N, 106°40'15.34""E",FIX,
00:38:18.324,1786210698.324,PATH_FOLLOWING,11.373,0.101,-1.020,49.19,0.337,-0.673,0.000,0.000,0.000,0.000,0.00,10.77567168,106.67092773,10.51,"10°46'32.42""N, 106°40'15.34""E",FIX,
00:38:18.391,1786210698.392,PATH_FOLLOWING,11.383,0.084,-1.063,43.42,0.341,-0.557,0.000,0.000,0.000,0.000,0.00,10.77567168,106.67092773,10.51,"10°46'32.42""N, 106°40'15.34""E",FIX,
00:38:18.471,1786210698.472,PATH_FOLLOWING,11.393,0.066,-1.099,54.74,0.332,-0.809,0.000,0.000,0.000,0.000,0.00,10.77567161,106.67092800,10.51,"10°46'32.42""N, 106°40'15.34""E",FIX,
00:38:18.547,1786210698.548,PATH_FOLLOWING,11.404,0.041,-1.156,48.42,0.338,-0.656,0.000,0.000,0.000,0.000,0.00,10.77567161,106.67092800,10.51,"10°46'32.42""N, 106°40'15.34""E",FIX,
00:38:18.617,1786210698.618,PATH_FOLLOWING,11.412,0.023,-1.197,42.64,0.342,-0.542,0.000,0.000,0.000,0.000,0.00,10.77567161,106.67092800,10.51,"10°46'32.42""N, 106°40'15.34""E",FIX,
00:38:18.693,1786210698.694,PATH_FOLLOWING,11.419,0.004,-1.232,37.16,0.344,-0.450,0.000,0.000,0.000,0.000,0.00,10.77567151,106.67092827,10.51,"10°46'32.42""N, 106°40'15.34""E",FIX,
00:38:18.777,1786210698.778,PATH_FOLLOWING,11.428,-0.022,-1.270,50.79,0.336,-0.710,0.000,0.000,0.000,0.000,0.00,10.77567151,106.67092827,10.51,"10°46'32.42""N, 106°40'15.34""E",FIX,
00:38:18.843,1786210698.844,PATH_FOLLOWING,11.433,-0.042,-1.309,46.13,0.340,-0.609,0.000,0.000,0.000,0.000,0.00,10.77567151,106.67092827,10.51,"10°46'32.42""N, 106°40'15.34""E",FIX,
00:38:18.933,1786210698.934,PATH_FOLLOWING,11.440,-0.068,-1.359,38.66,0.344,-0.474,0.000,0.000,0.000,0.000,0.00,10.77567138,106.67092854,10.51,"10°46'32.42""N, 106°40'15.34""E",FIX,
00:38:18.998,1786210698.998,PATH_FOLLOWING,11.442,-0.082,-1.380,53.27,0.333,-0.770,0.000,0.000,0.000,0.000,0.00,10.77567138,106.67092854,10.51,"10°46'32.42""N, 106°40'15.34""E",FIX,
00:38:19.074,1786210699.075,PATH_FOLLOWING,11.447,-0.108,-1.433,47.29,0.339,-0.633,0.000,0.000,0.000,0.000,0.00,10.77567138,106.67092854,10.51,"10°46'32.42""N, 106°40'15.34""E",FIX,
00:38:19.149,1786210699.150,PATH_FOLLOWING,11.449,-0.128,-1.473,41.57,0.342,-0.523,0.000,0.000,0.000,0.000,0.00,10.77567124,106.67092879,10.51,"10°46'32.42""N, 106°40'15.34""E",FIX,
00:38:19.237,1786210699.237,PATH_FOLLOWING,11.451,-0.149,-1.506,53.66,0.333,-0.780,0.000,0.000,0.000,0.000,0.00,10.77567124,106.67092879,10.51,"10°46'32.42""N, 106°40'15.34""E",FIX,
00:38:19.301,1786210699.301,PATH_FOLLOWING,11.452,-0.169,-1.545,49.62,0.337,-0.683,0.000,0.000,0.000,0.000,0.00,10.77567124,106.67092879,10.51,"10°46'32.42""N, 106°40'15.34""E",FIX,
00:38:19.380,1786210699.380,PATH_FOLLOWING,11.452,-0.196,-1.602,41.53,0.342,-0.523,0.000,0.000,0.000,0.000,0.00,10.77567108,106.67092904,10.51,"10°46'32.42""N, 106°40'15.34""E",FIX,
00:38:19.450,1786210699.451,PATH_FOLLOWING,11.451,-0.216,-1.637,53.36,0.333,-0.773,0.000,0.000,0.000,0.000,0.00,10.77567108,106.67092904,10.51,"10°46'32.42""N, 106°40'15.34""E",FIX,
00:38:19.536,1786210699.537,PATH_FOLLOWING,11.449,-0.236,-1.679,48.52,0.338,-0.659,0.000,0.000,0.000,0.000,0.00,10.77567108,106.67092904,10.51,"10°46'32.42""N, 106°40'15.34""E",FIX,
00:38:19.610,1786210699.611,PATH_FOLLOWING,11.445,-0.263,-1.735,40.40,0.343,-0.503,0.000,0.000,0.000,0.000,0.00,10.77567091,106.67092928,10.51,"10°46'32.42""N, 106°40'15.35""E",FIX,
00:38:19.688,1786210699.688,PATH_FOLLOWING,11.442,-0.283,-1.768,34.88,0.345,-0.415,0.000,0.000,0.000,0.000,0.00,10.77567091,106.67092928,10.51,"10°46'32.42""N, 106°40'15.35""E",FIX,
00:38:19.777,1786210699.778,PATH_FOLLOWING,11.436,-0.310,-1.802,49.70,0.337,-0.685,0.000,0.000,0.000,0.000,0.00,10.77567091,106.67092928,10.51,"10°46'32.42""N, 106°40'15.35""E",FIX,
00:38:19.848,1786210699.848,PATH_FOLLOWING,11.431,-0.330,-1.839,45.10,0.340,-0.589,0.000,0.000,0.000,0.000,0.00,10.77567071,106.67092951,10.51,"10°46'32.41""N, 106°40'15.35""E",FIX,
00:38:19.935,1786210699.935,PATH_FOLLOWING,11.425,-0.349,-1.876,39.58,0.343,-0.489,0.000,0.000,0.000,0.000,0.00,10.77567071,106.67092951,10.51,"10°46'32.41""N, 106°40'15.35""E",FIX,
00:38:20.024,1786210700.024,PATH_FOLLOWING,11.416,-0.375,-1.917,51.87,0.335,-0.735,0.000,0.000,0.000,0.000,0.00,10.77567071,106.67092951,10.51,"10°46'32.41""N, 106°40'15.35""E",FIX,
00:38:20.089,1786210700.089,PATH_FOLLOWING,11.411,-0.388,-1.943,48.88,0.337,-0.667,0.000,0.000,0.000,0.000,0.00,10.77567050,106.67092973,10.51,"10°46'32.41""N, 106°40'15.35""E",FIX,
00:38:20.168,1786210700.168,PATH_FOLLOWING,11.401,-0.413,-1.998,41.14,0.342,-0.516,0.000,0.000,0.000,0.000,0.00,10.77567050,106.67092973,10.51,"10°46'32.41""N, 106°40'15.35""E",FIX,
00:38:20.257,1786210700.258,PATH_FOLLOWING,11.392,-0.431,-2.031,53.51,0.333,-0.776,0.000,0.000,0.000,0.000,0.00,10.77567050,106.67092973,10.51,"10°46'32.41""N, 106°40'15.35""E",FIX,
00:38:20.331,1786210700.332,PATH_FOLLOWING,11.380,-0.455,-2.084,47.49,0.339,-0.637,0.000,0.000,0.000,0.000,0.00,10.77567028,106.67092995,10.51,"10°46'32.41""N, 106°40'15.35""E",FIX,
00:38:20.395,1786210700.395,PATH_FOLLOWING,11.369,-0.472,-2.125,41.67,0.342,-0.525,0.000,0.000,0.000,0.000,0.00,10.77567028,106.67092995,10.51,"10°46'32.41""N, 106°40'15.35""E",FIX,
00:38:20.476,1786210700.476,PATH_FOLLOWING,11.358,-0.490,-2.158,53.71,0.333,-0.782,0.000,0.000,0.000,0.000,0.00,10.77567028,106.67092995,10.51,"10°46'32.41""N, 106°40'15.35""E",FIX,
00:38:20.553,1786210700.553,PATH_FOLLOWING,11.347,-0.506,-2.199,49.14,0.337,-0.672,0.000,0.000,0.000,0.000,0.00,10.77567005,106.67093015,10.51,"10°46'32.41""N, 106°40'15.35""E",FIX,
00:38:20.641,1786210700.641,PATH_FOLLOWING,11.330,-0.527,-2.256,41.08,0.342,-0.515,0.000,0.000,0.000,0.000,0.00,10.77567005,106.67093015,10.51,"10°46'32.41""N, 106°40'15.35""E",FIX,
00:38:20.712,1786210700.713,PATH_FOLLOWING,11.317,-0.543,-2.290,35.30,0.345,-0.421,0.000,0.000,0.000,0.000,0.00,10.77567005,106.67093015,10.51,"10°46'32.41""N, 106°40'15.35""E",FIX,
00:38:20.789,1786210700.790,PATH_FOLLOWING,11.299,-0.563,-2.326,49.65,0.337,-0.684,0.000,0.000,0.000,0.000,0.00,10.77566982,106.67093035,10.51,"10°46'32.41""N, 106°40'15.35""E",FIX,
00:38:20.860,1786210700.860,PATH_FOLLOWING,11.289,-0.573,-2.351,46.71,0.339,-0.621,0.000,0.000,0.000,0.000,0.00,10.77566982,106.67093035,10.51,"10°46'32.41""N, 106°40'15.35""E",FIX,
00:38:20.934,1786210700.934,PATH_FOLLOWING,11.270,-0.592,-2.402,39.01,0.343,-0.480,0.000,0.000,0.000,0.000,0.00,10.77566982,106.67093035,10.51,"10°46'32.41""N, 106°40'15.35""E",FIX,
00:38:21.009,1786210701.010,PATH_FOLLOWING,11.254,-0.606,-2.433,52.36,0.334,-0.747,0.000,0.000,0.000,0.000,0.00,10.77566958,106.67093054,10.51,"10°46'32.41""N, 106°40'15.35""E",FIX,
00:38:21.092,1786210701.093,PATH_FOLLOWING,11.233,-0.623,-2.487,45.98,0.340,-0.606,0.000,0.000,0.000,0.000,0.00,10.77566958,106.67093054,10.51,"10°46'32.41""N, 106°40'15.35""E",FIX,
00:38:21.171,1786210701.171,PATH_FOLLOWING,11.217,-0.635,-2.526,40.23,0.343,-0.500,0.000,0.000,0.000,0.000,0.00,10.77566958,106.67093054,10.51,"10°46'32.41""N, 106°40'15.35""E",FIX,
00:38:21.233,1786210701.233,PATH_FOLLOWING,11.200,-0.646,-2.559,61.17,0.322,-1.008,0.000,0.000,0.000,0.000,0.00,10.77566935,106.67093072,10.51,"10°46'32.41""N, 106°40'15.35""E",FIX,
00:38:21.314,1786210701.315,PATH_FOLLOWING,11.178,-0.660,-2.628,54.76,0.332,-0.809,0.000,0.000,0.000,0.000,0.00,10.77566935,106.67093072,10.51,"10°46'32.41""N, 106°40'15.35""E",FIX,
00:38:21.384,1786210701.384,PATH_FOLLOWING,11.160,-0.669,-2.680,48.52,0.338,-0.659,0.000,0.000,0.000,0.000,0.00,10.77566935,106.67093072,10.51,"10°46'32.41""N, 106°40'15.35""E",FIX,
00:38:21.459,1786210701.459,PATH_FOLLOWING,11.142,-0.678,-2.721,42.40,0.342,-0.538,0.000,0.000,0.000,0.000,0.00,10.77566911,106.67093089,10.51,"10°46'32.41""N, 106°40'15.35""E",FIX,
00:38:21.537,1786210701.538,PATH_FOLLOWING,11.123,-0.686,-2.756,36.51,0.345,-0.440,0.000,0.000,0.000,0.000,0.00,10.77566911,106.67093089,10.51,"10°46'32.41""N, 106°40'15.35""E",FIX,
00:38:21.613,1786210701.613,PATH_FOLLOWING,11.104,-0.693,-2.785,30.81,0.346,-0.356,0.000,0.000,0.000,0.000,0.00,10.77566911,106.67093089,10.51,"10°46'32.41""N, 106°40'15.35""E",FIX,
00:38:21.705,1786210701.705,PATH_FOLLOWING,11.078,-0.702,-2.816,24.11,0.348,-0.268,0.000,0.000,0.000,0.000,0.00,10.77566887,106.67093106,10.51,"10°46'32.41""N, 106°40'15.35""E",FIX,
00:38:21.766,1786210701.767,PATH_FOLLOWING,11.058,-0.709,-2.834,19.83,0.349,-0.217,0.000,0.000,0.000,0.000,0.00,10.77566887,106.67093106,10.51,"10°46'32.41""N, 106°40'15.35""E",FIX,
00:38:21.849,1786210701.849,PATH_FOLLOWING,11.032,-0.717,-2.853,49.09,0.337,-0.671,0.000,0.000,0.000,0.000,0.00,10.77566887,106.67093106,10.51,"10°46'32.41""N, 106°40'15.35""E",FIX,
00:38:21.914,1786210701.914,PATH_FOLLOWING,11.012,-0.723,-2.885,44.26,0.341,-0.572,0.000,0.000,0.000,0.000,0.00,10.77566862,106.67093123,10.51,"10°46'32.41""N, 106°40'15.35""E",FIX,
00:38:21.994,1786210701.994,PATH_FOLLOWING,10.992,-0.727,-2.921,37.88,0.344,-0.461,0.000,0.000,0.000,0.000,0.00,10.77566862,106.67093123,10.51,"10°46'32.41""N, 106°40'15.35""E",FIX,
00:38:22.066,1786210702.067,PATH_FOLLOWING,10.972,-0.732,-2.951,31.55,0.346,-0.366,0.000,0.000,0.000,0.000,0.00,10.77566862,106.67093123,10.51,"10°46'32.41""N, 106°40'15.35""E",FIX,
00:38:22.149,1786210702.150,PATH_FOLLOWING,10.945,-0.736,-2.983,23.98,0.348,-0.267,0.000,0.000,0.000,0.000,0.00,10.77566837,106.67093138,10.51,"10°46'32.41""N, 106°40'15.35""E",FIX,
00:38:22.226,1786210702.226,PATH_FOLLOWING,10.924,-0.739,-3.000,19.59,0.349,-0.214,0.000,0.000,0.000,0.000,0.00,10.77566837,106.67093138,10.51,"10°46'32.41""N, 106°40'15.35""E",FIX,
00:38:22.296,1786210702.297,PATH_FOLLOWING,10.903,-0.742,-3.013,15.83,0.349,-0.171,0.000,0.000,0.000,0.000,0.00,10.77566837,106.67093138,10.51,"10°46'32.41""N, 106°40'15.35""E",FIX,
00:38:22.373,1786210702.373,PATH_FOLLOWING,10.876,-0.746,-3.028,11.75,0.350,-0.125,0.000,0.000,0.000,0.000,0.00,10.77566811,106.67093153,10.51,"10°46'32.41""N, 106°40'15.35""E",FIX,
00:38:22.449,1786210702.450,PATH_FOLLOWING,10.855,-0.748,-3.036,9.46,0.350,-0.101,0.000,0.000,0.000,0.000,0.00,10.77566811,106.67093153,10.51,"10°46'32.41""N, 106°40'15.35""E",FIX,
00:38:22.534,1786210702.534,PATH_FOLLOWING,10.827,-0.751,-3.045,7.03,0.350,-0.074,0.000,0.000,0.000,0.000,0.00,10.77566811,106.67093153,10.51,"10°46'32.41""N, 106°40'15.35""E",FIX,
00:38:22.604,1786210702.605,PATH_FOLLOWING,10.813,-0.752,-3.048,6.12,0.350,-0.065,0.000,0.000,0.000,0.000,0.00,10.77566784,106.67093169,10.51,"10°46'32.40""N, 106°40'15.35""E",FIX,
00:38:22.683,1786210702.684,PATH_FOLLOWING,10.785,-0.755,-3.053,4.56,0.350,-0.048,0.000,0.000,0.000,0.000,0.00,10.77566784,106.67093169,10.51,"10°46'32.40""N, 106°40'15.35""E",FIX,
00:38:22.766,1786210702.767,PATH_FOLLOWING,10.764,-0.756,-3.056,3.66,0.350,-0.039,0.000,0.000,0.000,0.000,0.00,10.77566784,106.67093169,10.51,"10°46'32.40""N, 106°40'15.35""E",FIX,
00:38:22.840,1786210702.840,PATH_FOLLOWING,10.736,-0.759,-3.060,2.70,0.350,-0.028,0.000,0.000,0.000,0.000,0.00,10.77566757,106.67093184,10.51,"10°46'32.40""N, 106°40'15.35""E",FIX,
00:38:22.907,1786210702.907,PATH_FOLLOWING,10.715,-0.760,-3.062,2.18,0.350,-0.023,0.000,0.000,0.000,0.000,0.00,10.77566757,106.67093184,10.51,"10°46'32.40""N, 106°40'15.35""E",FIX,
00:38:22.990,1786210702.991,PATH_FOLLOWING,10.694,-0.762,-3.063,1.78,0.350,-0.019,0.000,0.000,0.000,0.000,0.00,10.77566757,106.67093184,10.51,"10°46'32.40""N, 106°40'15.35""E",FIX,
00:38:23.062,1786210703.063,PATH_FOLLOWING,10.674,-0.764,-3.064,1.44,0.350,-0.015,0.000,0.000,0.000,0.000,0.00,10.77566729,106.67093199,10.51,"10°46'32.40""N, 106°40'15.36""E",FIX,
00:38:23.127,1786210703.128,PATH_FOLLOWING,10.653,-0.765,-3.065,1.16,0.350,-0.012,0.000,0.000,0.000,0.000,0.00,10.77566729,106.67093199,10.51,"10°46'32.40""N, 106°40'15.36""E",FIX,
00:38:23.207,1786210703.207,PATH_FOLLOWING,10.625,-0.768,-3.066,0.87,0.350,-0.009,0.000,0.000,0.000,0.000,0.00,10.77566729,106.67093199,10.51,"10°46'32.40""N, 106°40'15.36""E",FIX,
00:38:23.300,1786210703.300,PATH_FOLLOWING,10.597,-0.770,-3.067,0.66,0.350,-0.007,0.000,0.000,0.000,0.000,0.00,10.77566702,106.67093214,10.51,"10°46'32.40""N, 106°40'15.36""E",FIX,
00:38:23.365,1786210703.365,PATH_FOLLOWING,10.576,-0.771,-3.068,0.54,0.350,-0.006,0.000,0.000,0.000,0.000,0.00,10.77566702,106.67093214,10.51,"10°46'32.40""N, 106°40'15.36""E",FIX,
00:38:23.448,1786210703.449,PATH_FOLLOWING,10.548,-0.773,-3.068,0.42,0.350,-0.004,0.000,0.000,0.000,0.000,0.00,10.77566702,106.67093214,10.51,"10°46'32.40""N, 106°40'15.36""E",FIX,
00:38:23.519,1786210703.519,PATH_FOLLOWING,10.534,-0.774,-3.068,0.37,0.350,-0.004,0.000,0.000,0.000,0.000,0.00,10.77566674,106.67093229,10.51,"10°46'32.40""N, 106°40'15.36""E",FIX,
00:38:23.593,1786210703.594,PATH_FOLLOWING,10.513,-0.776,-3.068,14.55,0.349,-0.156,0.000,0.000,0.000,0.000,0.00,10.77566674,106.67093229,10.51,"10°46'32.40""N, 106°40'15.36""E",FIX,
00:38:23.672,1786210703.673,PATH_FOLLOWING,10.485,-0.778,-3.077,12.20,0.350,-0.130,0.000,0.000,0.000,0.000,0.00,10.77566674,106.67093229,10.51,"10°46'32.40""N, 106°40'15.36""E",FIX,
00:38:23.766,1786210703.766,PATH_FOLLOWING,10.464,-0.779,-3.085,9.86,0.350,-0.105,0.000,0.000,0.000,0.000,0.00,10.77566646,106.67093244,10.51,"10°46'32.40""N, 106°40'15.36""E",FIX,
00:38:23.847,1786210703.848,PATH_FOLLOWING,10.436,-0.780,-3.095,7.21,0.350,-0.076,0.000,0.000,0.000,0.000,0.00,10.77566646,106.67093244,10.51,"10°46'32.40""N, 106°40'15.36""E",FIX,
00:38:23.940,1786210703.940,PATH_FOLLOWING,10.415,-0.781,-3.099,5.78,0.350,-0.061,0.000,0.000,0.000,0.000,0.00,10.77566646,106.67093244,10.51,"10°46'32.40""N, 106°40'15.36""E",FIX,
00:38:24.011,1786210704.011,PATH_FOLLOWING,10.394,-0.782,-3.103,4.64,0.350,-0.049,0.000,0.000,0.000,0.000,0.00,10.77566618,106.67093259,10.51,"10°46'32.40""N, 106°40'15.36""E",FIX,
00:38:24.104,1786210704.104,PATH_FOLLOWING,10.366,-0.783,-3.107,3.47,0.350,-0.037,0.000,0.000,0.000,0.000,0.00,10.77566618,106.67093259,10.51,"10°46'32.40""N, 106°40'15.36""E",FIX,
00:38:24.167,1786210704.168,PATH_FOLLOWING,10.352,-0.784,-3.109,2.99,0.350,-0.032,0.000,0.000,0.000,0.000,0.00,10.77566618,106.67093259,10.51,"10°46'32.40""N, 106°40'15.36""E",FIX,
00:38:24.242,1786210704.242,PATH_FOLLOWING,10.324,-0.785,-3.112,2.22,0.350,-0.023,0.000,0.000,0.000,0.000,0.00,10.77566590,106.67093273,10.51,"10°46'32.40""N, 106°40'15.36""E",FIX,
00:38:24.334,1786210704.334,PATH_FOLLOWING,10.303,-0.785,-3.113,1.80,0.350,-0.019,0.000,0.000,0.000,0.000,0.00,10.77566590,106.67093273,10.51,"10°46'32.40""N, 106°40'15.36""E",FIX,
00:38:24.413,1786210704.414,PATH_FOLLOWING,10.275,-0.786,-3.115,1.32,0.350,-0.014,0.000,0.000,0.000,0.000,0.00,10.77566590,106.67093273,10.51,"10°46'32.40""N, 106°40'15.36""E",FIX,
00:38:24.482,1786210704.483,PATH_FOLLOWING,10.254,-0.787,-3.116,1.05,0.350,-0.011,0.000,0.000,0.000,0.000,0.00,10.77566562,106.67093288,10.51,"10°46'32.40""N, 106°40'15.36""E",FIX,
00:38:24.552,1786210704.552,PATH_FOLLOWING,10.233,-0.787,-3.116,0.84,0.350,-0.009,0.000,0.000,0.000,0.000,0.00,10.77566562,106.67093288,10.51,"10°46'32.40""N, 106°40'15.36""E",FIX,
00:38:24.619,1786210704.620,PATH_FOLLOWING,10.212,-0.788,-3.117,0.68,0.350,-0.007,0.000,0.000,0.000,0.000,0.00,10.77566562,106.67093288,10.51,"10°46'32.40""N, 106°40'15.36""E",FIX,
00:38:24.695,1786210704.696,PATH_FOLLOWING,10.191,-0.788,-3.117,0.54,0.350,-0.006,0.000,0.000,0.000,0.000,0.00,10.77566562,106.67093288,10.51,"10°46'32.40""N, 106°40'15.36""E",FIX,
00:38:24.774,1786210704.775,PATH_FOLLOWING,10.163,-0.789,-3.118,0.40,0.350,-0.004,0.000,0.000,0.000,0.000,0.00,10.77566534,106.67093303,10.51,"10°46'32.40""N, 106°40'15.36""E",FIX,
00:38:24.864,1786210704.864,PATH_FOLLOWING,10.135,-0.789,-3.118,0.30,0.350,-0.003,0.000,0.000,0.000,0.000,0.00,10.77566534,106.67093303,10.51,"10°46'32.40""N, 106°40'15.36""E",FIX,
00:38:24.939,1786210704.939,PATH_FOLLOWING,10.114,-0.790,-3.118,0.25,0.350,-0.003,0.000,0.000,0.000,0.000,0.00,10.77566506,106.67093318,10.51,"10°46'32.39""N, 106°40'15.36""E",FIX,
00:38:25.032,1786210705.032,PATH_FOLLOWING,10.093,-0.790,-3.119,0.20,0.350,-0.002,0.000,0.000,0.000,0.000,0.00,10.77566506,106.67093318,10.51,"10°46'32.39""N, 106°40'15.36""E",FIX,
00:38:25.113,1786210705.114,PATH_FOLLOWING,10.072,-0.791,-3.119,0.17,0.350,-0.002,0.000,0.000,0.000,0.000,0.00,10.77566506,106.67093318,10.51,"10°46'32.39""N, 106°40'15.36""E",FIX,
00:38:25.197,1786210705.198,PATH_FOLLOWING,10.044,-0.791,-3.119,0.13,0.350,-0.001,0.000,0.000,0.000,0.000,0.00,10.77566478,106.67093332,10.51,"10°46'32.39""N, 106°40'15.36""E",FIX,
00:38:25.279,1786210705.280,PATH_FOLLOWING,10.023,-0.792,-3.119,0.10,0.350,-0.001,0.000,0.000,0.000,0.000,0.00,10.77566478,106.67093332,10.51,"10°46'32.39""N, 106°40'15.36""E",FIX,
00:38:25.365,1786210705.365,PATH_FOLLOWING,9.995,-0.793,-3.119,4.56,0.350,-0.048,0.000,0.000,0.000,0.000,0.00,10.77566478,106.67093332,10.51,"10°46'32.39""N, 106°40'15.36""E",FIX,
00:38:25.431,1786210705.431,PATH_FOLLOWING,9.981,-0.793,-3.120,4.23,0.350,-0.045,0.000,0.000,0.000,0.000,0.00,10.77566478,106.67093332,10.51,"10°46'32.39""N, 106°40'15.36""E",FIX,
00:38:25.503,1786210705.503,PATH_FOLLOWING,9.960,-0.793,-3.123,3.41,0.350,-0.036,0.000,0.000,0.000,0.000,0.00,10.77566450,106.67093347,10.51,"10°46'32.39""N, 106°40'15.36""E",FIX,
00:38:25.579,1786210705.580,PATH_FOLLOWING,9.932,-0.794,-3.126,2.47,0.350,-0.026,0.000,0.000,0.000,0.000,0.00,10.77566450,106.67093347,10.51,"10°46'32.39""N, 106°40'15.36""E",FIX,
00:38:25.666,1786210705.666,PATH_FOLLOWING,9.904,-0.794,-3.128,1.80,0.350,-0.019,0.000,0.000,0.000,0.000,0.00,10.77566422,106.67093362,10.51,"10°46'32.39""N, 106°40'15.36""E",FIX,
00:38:25.748,1786210705.748,PATH_FOLLOWING,9.883,-0.794,-3.130,1.44,0.350,-0.015,0.000,0.000,0.000,0.000,0.00,10.77566422,106.67093362,10.51,"10°46'32.39""N, 106°40'15.36""E",FIX,
00:38:25.807,1786210705.807,PATH_FOLLOWING,9.862,-0.795,-3.131,1.14,0.350,-0.012,0.000,0.000,0.000,0.000,0.00,10.77566422,106.67093362,10.51,"10°46'32.39""N, 106°40'15.36""E",FIX,
00:38:25.890,1786210705.890,PATH_FOLLOWING,9.841,-0.795,-3.132,0.92,0.350,-0.010,0.000,0.000,0.000,0.000,0.00,10.77566422,106.67093362,10.51,"10°46'32.39""N, 106°40'15.36""E",FIX,
00:38:25.971,1786210705.971,PATH_FOLLOWING,9.813,-0.795,-3.132,0.67,0.350,-0.007,0.000,0.000,0.000,0.000,0.00,10.77566394,106.67093377,10.51,"10°46'32.39""N, 106°40'15.36""E",FIX,
00:38:26.047,1786210706.048,PATH_FOLLOWING,9.792,-0.795,-3.133,0.53,0.350,-0.006,0.000,0.000,0.000,0.000,0.00,10.77566394,106.67093377,10.51,"10°46'32.39""N, 106°40'15.36""E",FIX,
00:38:26.113,1786210706.113,PATH_FOLLOWING,9.772,-0.796,-3.133,0.42,0.350,-0.004,0.000,0.000,0.000,0.000,0.00,10.77566394,106.67093377,10.51,"10°46'32.39""N, 106°40'15.36""E",FIX,
00:38:26.188,1786210706.189,PATH_FOLLOWING,9.744,-0.796,-3.134,0.31,0.350,-0.003,0.000,0.000,0.000,0.000,0.00,10.77566366,106.67093391,10.51,"10°46'32.39""N, 106°40'15.36""E",FIX,
00:38:26.251,1786210706.251,PATH_FOLLOWING,9.730,-0.796,-3.134,0.27,0.350,-0.003,0.000,0.000,0.000,0.000,0.00,10.77566366,106.67093391,10.51,"10°46'32.39""N, 106°40'15.36""E",FIX,
00:38:26.335,1786210706.335,PATH_FOLLOWING,9.702,-0.796,-3.134,0.20,0.350,-0.002,0.000,0.000,0.000,0.000,0.00,10.77566366,106.67093391,10.51,"10°46'32.39""N, 106°40'15.36""E",FIX,
00:38:26.409,1786210706.409,PATH_FOLLOWING,9.681,-0.796,-3.134,0.16,0.350,-0.002,0.000,0.000,0.000,0.000,0.00,10.77566338,106.67093406,10.51,"10°46'32.39""N, 106°40'15.36""E",FIX,
00:38:26.500,1786210706.501,PATH_FOLLOWING,9.660,-0.796,-3.134,0.13,0.350,-0.001,0.000,0.000,0.000,0.000,0.00,10.77566338,106.67093406,10.51,"10°46'32.39""N, 106°40'15.36""E",FIX,
00:38:26.575,1786210706.576,PATH_FOLLOWING,9.632,-0.797,-3.134,0.10,0.350,-0.001,0.000,0.000,0.000,0.000,0.00,10.77566338,106.67093406,10.51,"10°46'32.39""N, 106°40'15.36""E",FIX,
00:38:26.661,1786210706.662,PATH_FOLLOWING,9.611,-0.797,-3.134,0.08,0.350,-0.001,0.000,0.000,0.000,0.000,0.00,10.77566309,106.67093420,10.51,"10°46'32.39""N, 106°40'15.36""E",FIX,
00:38:26.729,1786210706.730,PATH_FOLLOWING,9.590,-0.797,-3.134,0.06,0.350,-0.001,0.000,0.000,0.000,0.000,0.00,10.77566309,106.67093420,10.51,"10°46'32.39""N, 106°40'15.36""E",FIX,
00:38:26.812,1786210706.812,PATH_FOLLOWING,9.562,-0.797,-3.135,0.05,0.350,-0.001,0.000,0.000,0.000,0.000,0.00,10.77566309,106.67093420,10.51,"10°46'32.39""N, 106°40'15.36""E",FIX,
00:38:26.889,1786210706.889,PATH_FOLLOWING,9.541,-0.797,-3.135,0.04,0.350,-0.000,0.000,0.000,0.000,0.000,0.00,10.77566281,106.67093435,10.51,"10°46'32.39""N, 106°40'15.36""E",FIX,
00:38:26.969,1786210706.970,PATH_FOLLOWING,9.520,-0.797,-3.135,0.03,0.350,-0.000,0.000,0.000,0.000,0.000,0.00,10.77566281,106.67093435,10.51,"10°46'32.39""N, 106°40'15.36""E",FIX,
00:38:27.037,1786210707.037,PATH_FOLLOWING,9.499,-0.798,-3.135,0.03,0.350,-0.000,0.000,0.000,0.000,0.000,0.00,10.77566281,106.67093435,10.51,"10°46'32.39""N, 106°40'15.36""E",FIX,
00:38:27.121,1786210707.121,PATH_FOLLOWING,9.471,-0.798,-3.135,1.43,0.350,-0.015,0.000,0.000,0.000,0.000,0.00,10.77566253,106.67093450,10.51,"10°46'32.39""N, 106°40'15.36""E",FIX,
00:38:27.183,1786210707.183,PATH_FOLLOWING,9.450,-0.798,-3.135,1.29,0.350,-0.014,0.000,0.000,0.000,0.000,0.00,10.77566253,106.67093450,10.51,"10°46'32.39""N, 106°40'15.36""E",FIX,
00:38:27.262,1786210707.263,PATH_FOLLOWING,9.429,-0.798,-3.136,1.04,0.350,-0.011,0.000,0.000,0.000,0.000,0.00,10.77566253,106.67093450,10.51,"10°46'32.39""N, 106°40'15.36""E",FIX,
00:38:27.342,1786210707.342,PATH_FOLLOWING,9.401,-0.798,-3.137,0.75,0.350,-0.008,0.000,0.000,0.000,0.000,0.00,10.77566225,106.67093464,10.51,"10°46'32.38""N, 106°40'15.36""E",FIX,
00:38:27.411,1786210707.412,PATH_FOLLOWING,9.380,-0.798,-3.138,0.59,0.350,-0.006,0.000,0.000,0.000,0.000,0.00,10.77566225,106.67093464,10.51,"10°46'32.38""N, 106°40'15.36""E",FIX,
00:38:27.509,1786210707.509,PATH_FOLLOWING,9.352,-0.798,-3.138,0.44,0.350,-0.005,0.000,0.000,0.000,0.000,0.00,10.77566225,106.67093464,10.51,"10°46'32.38""N, 106°40'15.36""E",FIX,
00:38:27.577,1786210707.577,PATH_FOLLOWING,9.331,-0.798,-3.138,0.35,0.350,-0.004,0.000,0.000,0.000,0.000,0.00,10.77566197,106.67093479,10.51,"10°46'32.38""N, 106°40'15.37""E",FIX,
00:38:27.642,1786210707.643,PATH_FOLLOWING,9.310,-0.799,-3.139,0.28,0.350,-0.003,0.000,0.000,0.000,0.000,0.00,10.77566197,106.67093479,10.51,"10°46'32.38""N, 106°40'15.37""E",FIX,
00:38:27.732,1786210707.732,PATH_FOLLOWING,9.282,-0.799,-3.139,0.21,0.350,-0.002,0.000,0.000,0.000,0.000,0.00,10.77566197,106.67093479,10.51,"10°46'32.38""N, 106°40'15.37""E",FIX,
00:38:27.796,1786210707.796,PATH_FOLLOWING,9.268,-0.799,-3.139,0.18,0.350,-0.002,0.000,0.000,0.000,0.000,0.00,10.77566169,106.67093494,10.51,"10°46'32.38""N, 106°40'15.37""E",FIX,
00:38:27.882,1786210707.882,PATH_FOLLOWING,9.240,-0.799,-3.139,0.13,0.350,-0.001,0.000,0.000,0.000,0.000,0.00,10.77566169,106.67093494,10.51,"10°46'32.38""N, 106°40'15.37""E",FIX,
00:38:27.949,1786210707.949,PATH_FOLLOWING,9.219,-0.799,-3.139,0.11,0.350,-0.001,0.000,0.000,0.000,0.000,0.00,10.77566169,106.67093494,10.51,"10°46'32.38""N, 106°40'15.37""E",FIX,
00:38:28.032,1786210708.033,PATH_FOLLOWING,9.198,-0.799,-3.139,0.08,0.350,-0.001,0.000,0.000,0.000,0.000,0.00,10.77566141,106.67093508,10.51,"10°46'32.38""N, 106°40'15.37""E",FIX,
00:38:28.107,1786210708.108,PATH_FOLLOWING,9.170,-0.799,-3.139,0.06,0.350,-0.001,0.000,0.000,0.000,0.000,0.00,10.77566141,106.67093508,10.51,"10°46'32.38""N, 106°40'15.37""E",FIX,
00:38:28.197,1786210708.198,PATH_FOLLOWING,9.142,-0.799,-3.139,0.05,0.350,-0.000,0.000,0.000,0.000,0.000,0.00,10.77566141,106.67093508,10.51,"10°46'32.38""N, 106°40'15.37""E",FIX,
00:38:28.267,1786210708.267,PATH_FOLLOWING,9.128,-0.799,-3.139,0.04,0.350,-0.000,0.000,0.000,0.000,0.000,0.00,10.77566112,106.67093523,10.51,"10°46'32.38""N, 106°40'15.37""E",FIX,
00:38:28.354,1786210708.354,PATH_FOLLOWING,9.100,-0.799,-3.139,0.03,0.350,-0.000,0.000,0.000,0.000,0.000,0.00,10.77566112,106.67093523,10.51,"10°46'32.38""N, 106°40'15.37""E",FIX,
00:38:28.426,1786210708.427,PATH_FOLLOWING,9.072,-0.799,-3.139,0.02,0.350,-0.000,0.000,0.000,0.000,0.000,0.00,10.77566112,106.67093523,10.51,"10°46'32.38""N, 106°40'15.37""E",FIX,
00:38:28.502,1786210708.502,PATH_FOLLOWING,9.051,-0.799,-3.139,0.02,0.350,-0.000,0.000,0.000,0.000,0.000,0.00,10.77566084,106.67093537,10.51,"10°46'32.38""N, 106°40'15.37""E",FIX,
00:38:28.573,1786210708.574,PATH_FOLLOWING,9.030,-0.799,-3.139,0.02,0.350,-0.000,0.000,0.000,0.000,0.000,0.00,10.77566084,106.67093537,10.51,"10°46'32.38""N, 106°40'15.37""E",FIX,
00:38:28.649,1786210708.649,PATH_FOLLOWING,9.009,-0.799,-3.139,0.01,0.350,-0.000,0.000,0.000,0.000,0.000,0.00,10.77566084,106.67093537,10.51,"10°46'32.38""N, 106°40'15.37""E",FIX,
00:38:28.733,1786210708.733,PATH_FOLLOWING,8.981,-0.799,-3.139,0.42,0.350,-0.004,0.000,0.000,0.000,0.000,0.00,10.77566056,106.67093552,10.51,"10°46'32.38""N, 106°40'15.37""E",FIX,
00:38:28.805,1786210708.806,PATH_FOLLOWING,8.960,-0.799,-3.140,0.36,0.350,-0.004,0.000,0.000,0.000,0.000,0.00,10.77566056,106.67093552,10.51,"10°46'32.38""N, 106°40'15.37""E",FIX,
00:38:28.885,1786210708.886,PATH_FOLLOWING,8.939,-0.799,-3.140,0.29,0.350,-0.003,0.000,0.000,0.000,0.000,0.00,10.77566056,106.67093552,10.51,"10°46'32.38""N, 106°40'15.37""E",FIX,
00:38:28.950,1786210708.951,PATH_FOLLOWING,8.918,-0.799,-3.140,0.23,0.350,-0.002,0.000,0.000,0.000,0.000,0.00,10.77566028,106.67093567,10.51,"10°46'32.38""N, 106°40'15.37""E",FIX,
00:38:29.019,1786210709.020,PATH_FOLLOWING,8.897,-0.799,-3.140,0.18,0.350,-0.002,0.000,0.000,0.000,0.000,0.00,10.77566028,106.67093567,10.51,"10°46'32.38""N, 106°40'15.37""E",FIX,
00:38:29.096,1786210709.097,PATH_FOLLOWING,8.876,-0.799,-3.140,0.15,0.350,-0.002,0.000,0.000,0.000,0.000,0.00,10.77566028,106.67093567,10.51,"10°46'32.38""N, 106°40'15.37""E",FIX,
00:38:29.175,1786210709.175,PATH_FOLLOWING,8.848,-0.799,-3.141,0.11,0.350,-0.001,0.000,0.000,0.000,0.000,0.00,10.77566000,106.67093581,10.51,"10°46'32.38""N, 106°40'15.37""E",FIX,
00:38:29.254,1786210709.255,PATH_FOLLOWING,8.827,-0.799,-3.141,0.08,0.350,-0.001,0.000,0.000,0.000,0.000,0.00,10.77566000,106.67093581,10.51,"10°46'32.38""N, 106°40'15.37""E",FIX,
00:38:29.330,1786210709.330,PATH_FOLLOWING,8.799,-0.800,-3.141,0.06,0.350,-0.001,0.000,0.000,0.000,0.000,0.00,10.77566000,106.67093581,10.51,"10°46'32.38""N, 106°40'15.37""E",FIX,
00:38:29.395,1786210709.396,PATH_FOLLOWING,8.778,-0.800,-3.141,0.05,0.350,-0.001,0.000,0.000,0.000,0.000,0.00,10.77565972,106.67093596,10.51,"10°46'32.37""N, 106°40'15.37""E",FIX,
00:38:29.479,1786210709.479,PATH_FOLLOWING,8.750,-0.800,-3.141,0.04,0.350,-0.000,0.000,0.000,0.000,0.000,0.00,10.77565972,106.67093596,10.51,"10°46'32.37""N, 106°40'15.37""E",FIX,
00:38:29.543,1786210709.543,PATH_FOLLOWING,8.736,-0.800,-3.141,0.03,0.350,-0.000,0.000,0.000,0.000,0.000,0.00,10.77565972,106.67093596,10.51,"10°46'32.37""N, 106°40'15.37""E",FIX,
00:38:29.620,1786210709.620,PATH_FOLLOWING,8.708,-0.800,-3.141,0.02,0.350,-0.000,0.000,0.000,0.000,0.000,0.00,10.77565944,106.67093610,10.51,"10°46'32.37""N, 106°40'15.37""E",FIX,
00:38:29.692,1786210709.692,PATH_FOLLOWING,8.687,-0.800,-3.141,0.02,0.350,-0.000,0.000,0.000,0.000,0.000,0.00,10.77565944,106.67093610,10.51,"10°46'32.37""N, 106°40'15.37""E",FIX,
00:38:29.770,1786210709.770,PATH_FOLLOWING,8.659,-0.800,-3.141,0.01,0.350,-0.000,0.000,0.000,0.000,0.000,0.00,10.77565944,106.67093610,10.51,"10°46'32.37""N, 106°40'15.37""E",FIX,
00:38:29.838,1786210709.838,PATH_FOLLOWING,8.638,-0.800,-3.141,0.01,0.350,-0.000,0.000,0.000,0.000,0.000,0.00,10.77565915,106.67093625,10.51,"10°46'32.37""N, 106°40'15.37""E",FIX,
00:38:29.911,1786210709.912,PATH_FOLLOWING,8.617,-0.800,-3.141,0.01,0.350,-0.000,0.000,0.000,0.000,0.000,0.00,10.77565915,106.67093625,10.51,"10°46'32.37""N, 106°40'15.37""E",FIX,
00:38:29.991,1786210709.992,PATH_FOLLOWING,8.596,-0.800,-3.141,0.01,0.350,-0.000,0.000,0.000,0.000,0.000,0.00,10.77565915,106.67093625,10.51,"10°46'32.37""N, 106°40'15.37""E",FIX,
00:38:30.075,1786210710.075,PATH_FOLLOWING,8.568,-0.800,-3.141,0.01,0.350,-0.000,0.000,0.000,0.000,0.000,0.00,10.77565887,106.67093640,10.51,"10°46'32.37""N, 106°40'15.37""E",FIX,
00:38:30.148,1786210710.148,PATH_FOLLOWING,8.547,-0.800,-3.141,0.00,0.350,-0.000,0.000,0.000,0.000,0.000,0.00,10.77565887,106.67093640,10.51,"10°46'32.37""N, 106°40'15.37""E",FIX,
00:38:30.215,1786210710.216,PATH_FOLLOWING,8.526,-0.800,-3.141,0.00,0.350,-0.000,0.000,0.000,0.000,0.000,0.00,10.77565887,106.67093640,10.51,"10°46'32.37""N, 106°40'15.37""E",FIX,
00:38:30.298,1786210710.298,PATH_FOLLOWING,8.505,-0.800,-3.141,0.00,0.350,-0.000,0.000,0.000,0.000,0.000,0.00,10.77565859,106.67093654,10.51,"10°46'32.37""N, 106°40'15.37""E",FIX,
00:38:30.369,1786210710.370,PATH_FOLLOWING,8.477,-0.800,-3.141,0.00,0.350,-0.000,0.000,0.000,0.000,0.000,0.00,10.77565859,106.67093654,10.51,"10°46'32.37""N, 106°40'15.37""E",FIX,
00:38:30.460,1786210710.460,PATH_FOLLOWING,8.449,-0.800,-3.141,0.14,0.350,-0.001,0.000,0.000,0.000,0.000,0.00,10.77565859,106.67093654,10.51,"10°46'32.37""N, 106°40'15.37""E",FIX,
00:38:30.527,1786210710.528,PATH_FOLLOWING,8.428,-0.800,-3.141,0.12,0.350,-0.001,0.000,0.000,0.000,0.000,0.00,10.77565831,106.67093669,10.51,"10°46'32.37""N, 106°40'15.37""E",FIX,
00:38:30.594,1786210710.594,PATH_FOLLOWING,8.407,-0.800,-3.141,0.10,0.350,-0.001,0.000,0.000,0.000,0.000,0.00,10.77565831,106.67093669,10.51,"10°46'32.37""N, 106°40'15.37""E",FIX,
00:38:30.670,1786210710.670,PATH_FOLLOWING,8.386,-0.800,-3.141,0.08,0.350,-0.001,0.000,0.000,0.000,0.000,0.00,10.77565831,106.67093669,10.51,"10°46'32.37""N, 106°40'15.37""E",FIX,
00:38:30.751,1786210710.751,PATH_FOLLOWING,8.365,-0.800,-3.141,0.06,0.350,-0.001,0.000,0.000,0.000,0.000,0.00,10.77565803,106.67093683,10.51,"10°46'32.37""N, 106°40'15.37""E",FIX,
00:38:30.838,1786210710.838,PATH_FOLLOWING,8.344,-0.800,-3.141,0.05,0.350,-0.001,0.000,0.000,0.000,0.000,0.00,10.77565803,106.67093683,10.51,"10°46'32.37""N, 106°40'15.37""E",FIX,
00:38:30.903,1786210710.904,PATH_FOLLOWING,8.316,-0.800,-3.141,0.03,0.350,-0.000,0.000,0.000,0.000,0.000,0.00,10.77565803,106.67093683,10.51,"10°46'32.37""N, 106°40'15.37""E",FIX,
00:38:30.979,1786210710.979,PATH_FOLLOWING,8.295,-0.800,-3.141,0.03,0.350,-0.000,0.000,0.000,0.000,0.000,0.00,10.77565775,106.67093698,10.51,"10°46'32.37""N, 106°40'15.37""E",FIX,
00:38:31.063,1786210711.064,PATH_FOLLOWING,8.267,-0.800,-3.141,0.02,0.350,-0.000,0.000,0.000,0.000,0.000,0.00,10.77565775,106.67093698,10.51,"10°46'32.37""N, 106°40'15.37""E",FIX,
00:38:31.133,1786210711.134,PATH_FOLLOWING,8.246,-0.800,-3.141,0.02,0.350,-0.000,0.000,0.000,0.000,0.000,0.00,10.77565775,106.67093698,10.51,"10°46'32.37""N, 106°40'15.37""E",FIX,
00:38:31.220,1786210711.220,PATH_FOLLOWING,8.225,-0.800,-3.141,0.01,0.350,-0.000,0.000,0.000,0.000,0.000,0.00,10.77565746,106.67093713,10.51,"10°46'32.37""N, 106°40'15.37""E",FIX,
00:38:31.289,1786210711.290,PATH_FOLLOWING,8.204,-0.800,-3.141,0.01,0.350,-0.000,0.000,0.000,0.000,0.000,0.00,10.77565746,106.67093713,10.51,"10°46'32.37""N, 106°40'15.37""E",FIX,
00:38:31.371,1786210711.372,PATH_FOLLOWING,8.176,-0.800,-3.141,0.01,0.350,-0.000,0.000,0.000,0.000,0.000,0.00,10.77565746,106.67093713,10.51,"10°46'32.37""N, 106°40'15.37""E",FIX,
00:38:31.443,1786210711.444,PATH_FOLLOWING,8.155,-0.800,-3.141,0.01,0.350,-0.000,0.000,0.000,0.000,0.000,0.00,10.77565718,106.67093727,10.51,"10°46'32.37""N, 106°40'15.37""E",FIX,
00:38:31.523,1786210711.524,PATH_FOLLOWING,8.134,-0.800,-3.141,0.01,0.350,-0.000,0.000,0.000,0.000,0.000,0.00,10.77565718,106.67093727,10.51,"10°46'32.37""N, 106°40'15.37""E",FIX,
00:38:31.595,1786210711.595,PATH_FOLLOWING,8.113,-0.800,-3.141,0.00,0.350,-0.000,0.000,0.000,0.000,0.000,0.00,10.77565718,106.67093727,10.51,"10°46'32.37""N, 106°40'15.37""E",FIX,
00:38:31.675,1786210711.675,PATH_FOLLOWING,8.085,-0.800,-3.141,0.00,0.350,-0.000,0.000,0.000,0.000,0.000,0.00,10.77565690,106.67093742,10.51,"10°46'32.36""N, 106°40'15.37""E",FIX,
00:38:31.750,1786210711.751,PATH_FOLLOWING,8.064,-0.800,-3.141,0.00,0.350,-0.000,0.000,0.000,0.000,0.000,0.00,10.77565690,106.67093742,10.51,"10°46'32.36""N, 106°40'15.37""E",FIX,
00:38:31.833,1786210711.834,PATH_FOLLOWING,8.036,-0.800,-3.141,0.00,0.350,-0.000,0.000,0.000,0.000,0.000,0.00,10.77565690,106.67093742,10.51,"10°46'32.36""N, 106°40'15.37""E",FIX,
00:38:31.897,1786210711.897,PATH_FOLLOWING,8.015,-0.800,-3.141,0.00,0.350,-0.000,0.000,0.000,0.000,0.000,0.00,10.77565662,106.67093756,10.51,"10°46'32.36""N, 106°40'15.38""E",FIX,
00:38:31.980,1786210711.981,PATH_FOLLOWING,7.994,-0.800,-3.141,0.00,0.350,-0.000,0.000,0.000,0.000,0.000,0.00,10.77565662,106.67093756,10.51,"10°46'32.36""N, 106°40'15.38""E",FIX,
00:38:32.057,1786210712.058,PATH_FOLLOWING,7.973,-0.800,-3.141,0.00,0.350,-0.000,0.000,0.000,0.000,0.000,0.00,10.77565662,106.67093756,10.51,"10°46'32.36""N, 106°40'15.38""E",FIX,
00:38:32.129,1786210712.130,PATH_FOLLOWING,7.945,-0.800,-3.141,0.04,0.350,-0.000,0.000,0.000,0.000,0.000,0.00,10.77565634,106.67093771,10.51,"10°46'32.36""N, 106°40'15.38""E",FIX,
00:38:32.203,1786210712.203,PATH_FOLLOWING,7.924,-0.800,-3.141,0.04,0.350,-0.000,0.000,0.000,0.000,0.000,0.00,10.77565634,106.67093771,10.51,"10°46'32.36""N, 106°40'15.38""E",FIX,
00:38:32.281,1786210712.282,PATH_FOLLOWING,7.903,-0.800,-3.141,0.03,0.350,-0.000,0.000,0.000,0.000,0.000,0.00,10.77565634,106.67093771,10.51,"10°46'32.36""N, 106°40'15.38""E",FIX,
00:38:32.351,1786210712.352,PATH_FOLLOWING,7.882,-0.800,-3.141,0.02,0.350,-0.000,0.000,0.000,0.000,0.000,0.00,10.77565634,106.67093771,10.51,"10°46'32.36""N, 106°40'15.38""E",FIX,
00:38:32.430,1786210712.430,PATH_FOLLOWING,7.854,-0.800,-3.141,0.02,0.350,-0.000,0.000,0.000,0.000,0.000,0.00,10.77565606,106.67093786,10.51,"10°46'32.36""N, 106°40'15.38""E",FIX,
00:38:32.510,1786210712.510,PATH_FOLLOWING,7.826,-0.800,-3.141,0.01,0.350,-0.000,0.000,0.000,0.000,0.000,0.00,10.77565606,106.67093786,10.51,"10°46'32.36""N, 106°40'15.38""E",FIX,
00:38:32.583,1786210712.584,PATH_FOLLOWING,7.805,-0.800,-3.141,0.01,0.350,-0.000,0.000,0.000,0.000,0.000,0.00,10.77565577,106.67093800,10.51,"10°46'32.36""N, 106°40'15.38""E",FIX,
00:38:32.660,1786210712.660,PATH_FOLLOWING,7.784,-0.800,-3.141,0.01,0.350,-0.000,0.000,0.000,0.000,0.000,0.00,10.77565577,106.67093800,10.51,"10°46'32.36""N, 106°40'15.38""E",FIX,
00:38:32.725,1786210712.726,PATH_FOLLOWING,7.763,-0.800,-3.142,0.01,0.350,-0.000,0.000,0.000,0.000,0.000,0.00,10.77565577,106.67093800,10.51,"10°46'32.36""N, 106°40'15.38""E",FIX,
00:38:32.800,1786210712.801,PATH_FOLLOWING,7.742,-0.800,-3.142,0.00,0.350,-0.000,0.000,0.000,0.000,0.000,0.00,10.77565577,106.67093800,10.51,"10°46'32.36""N, 106°40'15.38""E",FIX,
00:38:32.870,1786210712.870,PATH_FOLLOWING,7.721,-0.800,-3.142,0.00,0.350,-0.000,0.000,0.000,0.000,0.000,0.00,10.77565549,106.67093815,10.51,"10°46'32.36""N, 106°40'15.38""E",FIX,
00:38:32.953,1786210712.954,PATH_FOLLOWING,7.693,-0.800,-3.142,0.00,0.350,-0.000,0.000,0.000,0.000,0.000,0.00,10.77565549,106.67093815,10.51,"10°46'32.36""N, 106°40'15.38""E",FIX,
00:38:33.023,1786210713.024,PATH_FOLLOWING,7.672,-0.800,-3.142,0.00,0.350,-0.000,0.000,0.000,0.000,0.000,0.00,10.77565549,106.67093815,10.51,"10°46'32.36""N, 106°40'15.38""E",FIX,
00:38:33.107,1786210713.107,PATH_FOLLOWING,7.644,-0.800,-3.142,0.00,0.350,-0.000,0.000,0.000,0.000,0.000,0.00,10.77565521,106.67093829,10.51,"10°46'32.36""N, 106°40'15.38""E",FIX,
00:38:33.177,1786210713.177,PATH_FOLLOWING,7.623,-0.800,-3.142,0.00,0.350,-0.000,0.000,0.000,0.000,0.000,0.00,10.77565521,106.67093829,10.51,"10°46'32.36""N, 106°40'15.38""E",FIX,
00:38:33.245,1786210713.246,PATH_FOLLOWING,7.602,-0.800,-3.142,0.00,0.350,-0.000,0.000,0.000,0.000,0.000,0.00,10.77565521,106.67093829,10.51,"10°46'32.36""N, 106°40'15.38""E",FIX,
00:38:33.325,1786210713.325,PATH_FOLLOWING,7.581,-0.800,-3.142,0.00,0.350,-0.000,0.000,0.000,0.000,0.000,0.00,10.77565493,106.67093844,10.51,"10°46'32.36""N, 106°40'15.38""E",FIX,
00:38:33.407,1786210713.407,PATH_FOLLOWING,7.553,-0.800,-3.142,0.00,0.350,-0.000,0.000,0.000,0.000,0.000,0.00,10.77565493,106.67093844,10.51,"10°46'32.36""N, 106°40'15.38""E",FIX,
00:38:33.485,1786210713.486,PATH_FOLLOWING,7.525,-0.800,-3.142,0.00,0.350,-0.000,0.000,0.000,0.000,0.000,0.00,10.77565465,106.67093859,10.51,"10°46'32.36""N, 106°40'15.38""E",FIX,
00:38:33.559,1786210713.560,PATH_FOLLOWING,7.504,-0.800,-3.142,0.00,0.350,-0.000,0.000,0.000,0.000,0.000,0.00,10.77565465,106.67093859,10.51,"10°46'32.36""N, 106°40'15.38""E",FIX,
00:38:33.626,1786210713.626,PATH_FOLLOWING,7.483,-0.800,-3.142,0.00,0.350,-0.000,0.000,0.000,0.000,0.000,0.00,10.77565465,106.67093859,10.51,"10°46'32.36""N, 106°40'15.38""E",FIX,
00:38:33.696,1786210713.697,PATH_FOLLOWING,7.462,-0.800,-3.142,0.00,0.350,-0.000,0.000,0.000,0.000,0.000,0.00,10.77565465,106.67093859,10.51,"10°46'32.36""N, 106°40'15.38""E",FIX,
00:38:33.767,1786210713.768,PATH_FOLLOWING,7.441,-0.800,-3.142,0.00,0.350,-0.000,0.000,0.000,0.000,0.000,0.00,10.77565437,106.67093873,10.51,"10°46'32.36""N, 106°40'15.38""E",FIX,
00:38:33.859,1786210713.859,PATH_FOLLOWING,7.413,-0.800,-3.142,0.01,0.350,-0.000,0.000,0.000,0.000,0.000,0.00,10.77565437,106.67093873,10.51,"10°46'32.36""N, 106°40'15.38""E",FIX,
00:38:33.934,1786210713.934,PATH_FOLLOWING,7.392,-0.800,-3.142,0.01,0.350,-0.000,0.000,0.000,0.000,0.000,0.00,10.77565437,106.67093873,10.51,"10°46'32.36""N, 106°40'15.38""E",FIX,
00:38:34.005,1786210714.005,PATH_FOLLOWING,7.371,-0.800,-3.142,0.01,0.350,-0.000,0.000,0.000,0.000,0.000,0.00,10.77565409,106.67093888,10.51,"10°46'32.35""N, 106°40'15.38""E",FIX,
00:38:34.076,1786210714.077,PATH_FOLLOWING,7.350,-0.800,-3.142,0.01,0.350,-0.000,0.000,0.000,0.000,0.000,0.00,10.77565409,106.67093888,10.51,"10°46'32.35""N, 106°40'15.38""E",FIX,
00:38:34.157,1786210714.157,PATH_FOLLOWING,7.322,-0.800,-3.142,0.01,0.350,-0.000,0.000,0.000,0.000,0.000,0.00,10.77565409,106.67093888,10.51,"10°46'32.35""N, 106°40'15.38""E",FIX,
00:38:34.236,1786210714.236,PATH_FOLLOWING,7.294,-0.800,-3.142,0.00,0.350,-0.000,0.000,0.000,0.000,0.000,0.00,10.77565380,106.67093902,10.51,"10°46'32.35""N, 106°40'15.38""E",FIX,
00:38:34.325,1786210714.325,PATH_FOLLOWING,7.273,-0.800,-3.142,0.00,0.350,-0.000,0.000,0.000,0.000,0.000,0.00,10.77565380,106.67093902,10.51,"10°46'32.35""N, 106°40'15.38""E",FIX,
00:38:34.392,1786210714.392,PATH_FOLLOWING,7.252,-0.800,-3.142,0.00,0.350,-0.000,0.000,0.000,0.000,0.000,0.00,10.77565380,106.67093902,10.51,"10°46'32.35""N, 106°40'15.38""E",FIX,
00:38:34.450,1786210714.451,PATH_FOLLOWING,7.231,-0.800,-3.142,0.00,0.350,-0.000,0.000,0.000,0.000,0.000,0.00,10.77565352,106.67093917,10.51,"10°46'32.35""N, 106°40'15.38""E",FIX,
00:38:34.527,1786210714.527,PATH_FOLLOWING,7.210,-0.800,-3.142,0.00,0.350,-0.000,0.000,0.000,0.000,0.000,0.00,10.77565352,106.67093917,10.51,"10°46'32.35""N, 106°40'15.38""E",FIX,
00:38:34.636,1786210714.636,PATH_FOLLOWING,7.182,-0.800,-3.142,0.00,0.350,-0.000,0.000,0.000,0.000,0.000,0.00,10.77565352,106.67093917,10.51,"10°46'32.35""N, 106°40'15.38""E",FIX,
00:38:34.715,1786210714.715,PATH_FOLLOWING,7.161,-0.800,-3.142,0.00,0.350,-0.000,0.000,0.000,0.000,0.000,0.00,10.77565324,106.67093932,10.51,"10°46'32.35""N, 106°40'15.38""E",FIX,
00:38:34.799,1786210714.800,PATH_FOLLOWING,7.133,-0.800,-3.142,0.00,0.350,-0.000,0.000,0.000,0.000,0.000,0.00,10.77565324,106.67093932,10.51,"10°46'32.35""N, 106°40'15.38""E",FIX,
