Time,Unix_Timestamp,FSM_State,Pos_X_m,Pos_Y_m,Yaw_rad,Steer_Angle_deg,Linear_Vel_mps,Angular_Vel_radps,IMU_Yaw_rad,IMU_Angular_Vel_z,IMU_Accel_x,Confidence,Dist_Traveled_m,GPS_Latitude,GPS_Longitude,GPS_Altitude_m,GPS_DMS,GPS_Status,Event
10:13:17.535,1786158797.535,TRACKING,-0.000,0.000,-0.000,0.00,0.450,-0.000,0.000,0.000,0.000,0.000,0.00,10.77566700,106.67088900,10.00,"10°46'32.40""N, 106°40'15.20""E",ODOM_ESTIMATED,
10:13:17.552,1786158797.552,TRACKING,-0.000,0.000,-0.000,0.00,0.450,-0.000,0.000,0.000,0.000,0.000,0.00,10.77566700,106.67088900,10.00,"10°46'32.40""N, 106°40'15.20""E",ODOM_ESTIMATED,
10:13:17.640,1786158797.641,TRACKING,0.031,-0.000,-0.000,0.00,0.450,-0.000,0.000,0.000,0.000,0.000,0.03,10.77567062,106.67087539,10.51,"10°46'32.41""N, 106°40'15.15""E",FIX,
10:13:17.703,1786158797.704,TRACKING,0.058,-0.000,-0.000,0.00,0.450,-0.000,0.000,0.000,0.000,0.000,0.06,10.77567062,106.67087539,10.51,"10°46'32.41""N, 106°40'15.15""E",FIX,
10:13:17.787,1786158797.788,TRACKING,0.085,-0.000,-0.000,0.00,0.450,-0.000,0.000,0.000,0.000,0.000,0.08,10.77567062,106.67087539,10.51,"10°46'32.41""N, 106°40'15.15""E",FIX,
10:13:17.858,1786158797.858,TRACKING,0.112,-0.000,-0.000,0.00,0.450,-0.000,0.000,0.000,0.000,0.000,0.11,10.77567062,106.67087539,10.51,"10°46'32.41""N, 106°40'15.15""E",FIX,
10:13:17.965,1786158797.965,TRACKING,0.139,-0.000,-0.000,0.00,0.450,-0.000,0.000,0.000,0.000,0.000,0.14,10.77567062,106.67087581,10.51,"10°46'32.41""N, 106°40'15.15""E",FIX,
10:13:18.072,1786158798.072,TRACKING,0.175,-0.000,-0.000,0.00,0.450,-0.000,0.000,0.000,0.000,0.000,0.17,10.77567062,106.67087581,10.51,"10°46'32.41""N, 106°40'15.15""E",FIX,
10:13:18.185,1786158798.186,TRACKING,0.202,-0.000,-0.000,0.00,0.450,-0.000,0.000,0.000,0.000,0.000,0.20,10.77567062,106.67087622,10.51,"10°46'32.41""N, 106°40'15.15""E",FIX,
10:13:18.283,1786158798.284,TRACKING,0.229,-0.000,-0.000,0.00,0.450,-0.000,0.000,0.000,0.000,0.000,0.23,10.77567062,106.67087622,10.51,"10°46'32.41""N, 106°40'15.15""E",FIX,
10:13:18.392,1786158798.393,TRACKING,0.265,-0.000,-0.000,0.00,0.450,-0.000,0.000,0.000,0.000,0.000,0.26,10.77567062,106.67087622,10.51,"10°46'32.41""N, 106°40'15.15""E",FIX,
10:13:18.487,1786158798.487,TRACKING,0.292,-0.000,-0.000,0.00,0.450,-0.000,0.000,0.000,0.000,0.062,0.29,10.77567062,106.67087622,10.51,"10°46'32.41""N, 106°40'15.15""E",FIX,
10:13:18.565,1786158798.566,TRACKING,0.319,-0.000,-0.000,0.00,0.450,-0.000,0.000,0.000,0.000,0.104,0.32,10.77567062,106.67087663,10.51,"10°46'32.41""N, 106°40'15.16""E",FIX,
10:13:18.662,1786158798.662,TRACKING,0.346,-0.000,-0.000,0.00,0.450,-0.000,0.000,0.000,0.000,0.167,0.35,10.77567062,106.67087663,10.51,"10°46'32.41""N, 106°40'15.16""E",FIX,
10:13:18.755,1786158798.756,TRACKING,0.382,-0.000,-0.000,0.00,0.450,-0.000,0.000,0.000,0.000,0.208,0.38,10.77567062,106.67087663,10.51,"10°46'32.41""N, 106°40'15.16""E",FIX,
10:13:18.862,1786158798.862,TRACKING,0.409,-0.000,-0.000,0.00,0.450,-0.000,0.000,0.000,0.000,0.271,0.41,10.77567062,106.67087704,10.51,"10°46'32.41""N, 106°40'15.16""E",FIX,
10:13:18.931,1786158798.931,TRACKING,0.436,-0.000,-0.000,0.00,0.450,-0.000,0.000,0.000,0.000,0.333,0.44,10.77567062,106.67087704,10.51,"10°46'32.41""N, 106°40'15.16""E",FIX,
10:13:19.082,1786158799.083,TRACKING,0.490,-0.000,-0.000,0.00,0.450,-0.000,0.000,0.000,0.000,0.396,0.49,10.77567062,106.67087745,10.51,"10°46'32.41""N, 106°40'15.16""E",FIX,
10:13:19.128,1786158799.128,TRACKING,0.508,-0.000,-0.000,0.00,0.450,-0.000,0.000,0.000,0.000,0.437,0.51,10.77567062,106.67087745,10.51,"10°46'32.41""N, 106°40'15.16""E",FIX,
10:13:19.187,1786158799.188,TRACKING,0.526,-0.000,-0.000,0.00,0.450,-0.000,0.000,0.000,0.000,0.500,0.53,10.77567062,106.67087745,10.51,"10°46'32.41""N, 106°40'15.16""E",FIX,
10:13:19.317,1786158799.318,TRACKING,0.562,-0.000,-0.000,0.00,0.450,-0.000,0.000,0.000,0.000,0.583,0.56,10.77567062,106.67087745,10.51,"10°46'32.41""N, 106°40'15.16""E",FIX,
10:13:19.411,1786158799.411,TRACKING,0.589,-0.000,-0.000,0.00,0.450,-0.000,0.000,0.000,0.000,0.646,0.59,10.77567062,106.67087786,10.51,"10°46'32.41""N, 106°40'15.16""E",FIX,
10:13:19.490,1786158799.490,TRACKING,0.616,-0.000,-0.000,0.00,0.450,-0.000,0.000,0.000,0.000,0.708,0.62,10.77567062,106.67087786,10.51,"10°46'32.41""N, 106°40'15.16""E",FIX,
10:13:19.570,1786158799.570,TRACKING,0.652,-0.000,-0.000,0.00,0.450,-0.000,0.000,0.000,0.000,0.792,0.65,10.77567062,106.67087786,10.51,"10°46'32.41""N, 106°40'15.16""E",FIX,
10:13:19.669,1786158799.670,TRACKING,0.679,-0.000,-0.000,0.00,0.450,-0.000,0.000,0.000,0.000,0.854,0.68,10.77567062,106.67087827,10.51,"10°46'32.41""N, 106°40'15.16""E",FIX,
10:13:19.758,1786158799.758,TRACKING,0.706,-0.000,0.000,0.00,0.450,-0.000,0.000,0.000,0.000,0.937,0.71,10.77567062,106.67087827,10.51,"10°46'32.41""N, 106°40'15.16""E",FIX,
10:13:19.840,1786158799.841,TRACKING,0.733,-0.000,0.000,0.00,0.450,-0.000,0.000,0.000,0.000,1.000,0.73,10.77567062,106.67087827,10.51,"10°46'32.41""N, 106°40'15.16""E",FIX,
10:13:19.934,1786158799.934,TRACKING,0.769,-0.000,-0.000,0.00,0.450,-0.000,0.000,0.000,0.000,1.000,0.77,10.77567062,106.67087869,10.51,"10°46'32.41""N, 106°40'15.16""E",FIX,
10:13:20.018,1786158800.019,TRACKING,0.796,-0.000,-0.000,0.00,0.450,-0.000,0.000,0.000,0.000,1.000,0.80,10.77567062,106.67087869,10.51,"10°46'32.41""N, 106°40'15.16""E",FIX,
10:13:20.105,1786158800.106,TRACKING,0.832,-0.000,-0.000,0.00,0.450,-0.000,0.000,0.000,0.000,1.000,0.83,10.77567062,106.67087869,10.51,"10°46'32.41""N, 106°40'15.16""E",FIX,
10:13:20.183,1786158800.184,TRACKING,0.859,-0.000,-0.000,0.00,0.450,-0.000,0.000,0.000,0.000,1.000,0.86,10.77567062,106.67087910,10.51,"10°46'32.41""N, 106°40'15.16""E",FIX,
10:13:20.271,1786158800.272,TRACKING,0.886,-0.000,-0.000,0.00,0.450,-0.000,0.000,0.000,0.000,1.000,0.89,10.77567062,106.67087910,10.51,"10°46'32.41""N, 106°40'15.16""E",FIX,
10:13:20.353,1786158800.353,TRACKING,0.913,-0.000,-0.000,0.00,0.450,-0.000,0.000,0.000,0.000,1.000,0.91,10.77567062,106.67087910,10.51,"10°46'32.41""N, 106°40'15.16""E",FIX,
10:13:20.453,1786158800.453,TRACKING,0.949,-0.000,-0.000,0.00,0.450,-0.000,0.000,0.000,0.000,1.000,0.95,10.77567062,106.67087951,10.51,"10°46'32.41""N, 106°40'15.17""E",FIX,
10:13:20.529,1786158800.530,TRACKING,0.976,-0.000,-0.000,0.00,0.450,-0.000,0.000,0.000,0.000,1.000,0.98,10.77567062,106.67087951,10.51,"10°46'32.41""N, 106°40'15.17""E",FIX,
10:13:20.620,1786158800.621,TRACKING,1.012,-0.000,-0.000,0.00,0.450,-0.000,0.000,0.000,0.000,1.000,1.01,10.77567062,106.67087951,10.51,"10°46'32.41""N, 106°40'15.17""E",FIX,
10:13:20.685,1786158800.686,TRACKING,1.030,-0.000,-0.000,0.00,0.450,-0.000,0.000,0.000,0.000,1.000,1.03,10.77567062,106.67087992,10.51,"10°46'32.41""N, 106°40'15.17""E",FIX,
10:13:20.793,1786158800.793,TRACKING,1.066,-0.000,-0.000,0.00,0.450,-0.000,0.000,0.000,0.000,1.000,1.07,10.77567062,106.67087992,10.51,"10°46'32.41""N, 106°40'15.17""E",FIX,
10:13:20.889,1786158800.889,TRACKING,1.102,-0.000,-0.000,0.00,0.450,-0.000,0.000,0.000,0.000,1.000,1.10,10.77567062,106.67087992,10.51,"10°46'32.41""N, 106°40'15.17""E",FIX,
10:13:20.982,1786158800.982,TRACKING,1.129,-0.000,-0.000,0.00,0.450,-0.000,0.000,0.000,0.000,1.000,1.13,10.77567062,106.67088033,10.51,"10°46'32.41""N, 106°40'15.17""E",FIX,
10:13:21.077,1786158801.078,TRACKING,1.156,-0.000,-0.000,0.00,0.450,-0.000,0.000,0.000,0.000,1.000,1.16,10.77567062,106.67088033,10.51,"10°46'32.41""N, 106°40'15.17""E",FIX,
10:13:21.205,1786158801.205,TRACKING,1.183,-0.000,-0.000,0.00,0.450,-0.000,0.000,0.000,0.000,1.000,1.18,10.77567062,106.67088033,10.51,"10°46'32.41""N, 106°40'15.17""E",FIX,
10:13:21.296,1786158801.297,TRACKING,1.210,-0.000,-0.000,0.00,0.450,-0.007,0.000,0.000,0.000,1.000,1.21,10.77567062,106.67088074,10.51,"10°46'32.41""N, 106°40'15.17""E",FIX,
10:13:21.389,1786158801.390,TRACKING,1.246,-0.000,-0.000,0.01,0.450,-0.005,0.000,0.000,0.000,1.000,1.25,10.77567062,106.67088074,10.51,"10°46'32.41""N, 106°40'15.17""E",FIX,
10:13:21.462,1786158801.463,TRACKING,1.273,-0.000,-0.001,0.01,0.450,-0.005,0.000,0.000,0.000,1.000,1.27,10.77567062,106.67088074,10.51,"10°46'32.41""N, 106°40'15.17""E",FIX,
10:13:21.584,1786158801.584,TRACKING,1.309,-0.000,-0.001,0.01,0.450,-0.000,0.000,0.000,0.000,1.000,1.31,10.77567062,106.67088116,10.51,"10°46'32.41""N, 106°40'15.17""E",FIX,
10:13:21.700,1786158801.700,TRACKING,1.336,-0.000,-0.001,0.00,0.450,0.003,0.000,0.000,0.000,1.000,1.34,10.77567062,106.67088116,10.51,"10°46'32.41""N, 106°40'15.17""E",FIX,
10:13:21.758,1786158801.759,TRACKING,1.363,-0.000,-0.001,-0.00,0.450,0.009,0.000,0.000,0.000,0.604,1.36,10.77567062,106.67088116,10.51,"10°46'32.41""N, 106°40'15.17""E",FIX,
10:13:21.859,1786158801.859,TRACKING,1.399,-0.000,-0.001,-0.00,0.450,0.006,0.000,0.000,0.000,0.667,1.40,10.77567062,106.67088157,10.51,"10°46'32.41""N, 106°40'15.17""E",FIX,
10:13:21.946,1786158801.947,TRACKING,1.417,-0.000,-0.000,-0.01,0.450,0.007,0.000,0.000,0.000,0.750,1.42,10.77567062,106.67088157,10.51,"10°46'32.41""N, 106°40'15.17""E",FIX,
10:13:22.069,1786158802.070,TRACKING,1.453,-0.000,0.000,-0.01,0.450,0.004,0.000,0.000,0.000,0.812,1.45,10.77567062,106.67088157,10.51,"10°46'32.41""N, 106°40'15.17""E",FIX,
10:13:22.159,1786158802.160,TRACKING,1.480,-0.000,0.000,-0.01,0.450,0.004,0.000,0.000,0.000,0.896,1.48,10.77567062,106.67088198,10.51,"10°46'32.41""N, 106°40'15.18""E",FIX,
10:13:22.243,1786158802.243,TRACKING,1.507,-0.000,0.001,-0.01,0.450,0.003,0.000,0.000,0.000,0.979,1.51,10.77567062,106.67088198,10.51,"10°46'32.41""N, 106°40'15.18""E",FIX,
10:13:22.323,1786158802.324,TRACKING,1.534,-0.000,0.001,-0.01,0.450,0.003,0.000,0.000,0.000,1.000,1.53,10.77567062,106.67088198,10.51,"10°46'32.41""N, 106°40'15.18""E",FIX,
10:13:22.440,1786158802.441,TRACKING,1.579,-0.000,0.001,-0.01,0.450,0.003,0.000,0.000,0.000,1.000,1.58,10.77567062,106.67088239,10.51,"10°46'32.41""N, 106°40'15.18""E",FIX,
10:13:22.516,1786158802.517,TRACKING,1.606,-0.000,0.001,-0.01,0.450,0.003,0.000,0.000,0.000,1.000,1.61,10.77567062,106.67088239,10.51,"10°46'32.41""N, 106°40'15.18""E",FIX,
10:13:22.596,1786158802.596,TRACKING,1.633,-0.000,0.002,-0.01,0.450,0.003,0.000,0.000,0.000,1.000,1.63,10.77567062,106.67088239,10.51,"10°46'32.41""N, 106°40'15.18""E",FIX,
10:13:22.680,1786158802.680,TRACKING,1.660,0.000,0.002,-0.01,0.450,0.003,0.000,0.000,0.000,1.000,1.66,10.77567061,106.67088280,10.51,"10°46'32.41""N, 106°40'15.18""E",FIX,
10:13:22.781,1786158802.782,TRACKING,1.696,0.000,0.002,-0.01,0.450,0.002,0.000,0.000,0.000,1.000,1.70,10.77567061,106.67088280,10.51,"10°46'32.41""N, 106°40'15.18""E",FIX,
10:13:22.856,1786158802.856,TRACKING,1.714,0.000,0.002,-0.01,0.450,-0.006,0.000,0.000,0.000,1.000,1.71,10.77567061,106.67088280,10.51,"10°46'32.41""N, 106°40'15.18""E",FIX,
10:13:22.936,1786158802.937,TRACKING,1.741,0.000,0.002,-0.01,0.450,0.005,0.000,0.000,0.000,1.000,1.74,10.77567062,106.67088321,10.51,"10°46'32.41""N, 106°40'15.18""E",FIX,
10:13:23.032,1786158803.033,TRACKING,1.777,0.000,0.002,-0.01,0.450,0.003,0.000,0.000,0.000,1.000,1.78,10.77567062,106.67088321,10.51,"10°46'32.41""N, 106°40'15.18""E",FIX,
10:13:23.183,1786158803.184,TRACKING,1.831,0.000,0.002,-0.01,0.450,0.003,0.000,0.000,0.000,1.000,1.83,10.77567062,106.67088362,10.51,"10°46'32.41""N, 106°40'15.18""E",FIX,
10:13:23.201,1786158803.202,TRACKING,1.831,0.000,0.002,-0.01,0.450,0.004,0.000,0.000,0.000,1.000,1.83,10.77567062,106.67088362,10.51,"10°46'32.41""N, 106°40'15.18""E",FIX,
10:13:23.268,1786158803.268,TRACKING,1.858,0.000,0.003,-0.01,0.450,0.003,0.000,0.000,0.000,1.000,1.86,10.77567062,106.67088362,10.51,"10°46'32.41""N, 106°40'15.18""E",FIX,
10:13:23.379,1786158803.380,TRACKING,1.903,0.001,0.003,-0.01,0.450,0.003,0.000,0.000,0.000,1.000,1.90,10.77567062,106.67088362,10.51,"10°46'32.41""N, 106°40'15.18""E",FIX,
10:13:23.426,1786158803.427,TRACKING,1.921,0.001,0.003,-0.01,0.450,0.003,0.000,0.000,0.000,1.000,1.92,10.77567062,106.67088404,10.51,"10°46'32.41""N, 106°40'15.18""E",FIX,
10:13:23.545,1786158803.546,TRACKING,1.957,0.001,0.003,-0.01,0.450,0.002,0.000,0.000,0.000,1.000,1.96,10.77567062,106.67088404,10.51,"10°46'32.41""N, 106°40'15.18""E",FIX,
10:13:23.624,1786158803.624,TRACKING,1.993,0.001,0.003,-0.01,0.450,0.002,0.000,0.000,0.000,1.000,1.99,10.77567062,106.67088404,10.51,"10°46'32.41""N, 106°40'15.18""E",FIX,
10:13:23.702,1786158803.703,TRACKING,2.011,0.001,0.003,-0.01,0.450,0.002,0.000,0.000,0.000,1.000,2.01,10.77567062,106.67088445,10.51,"10°46'32.41""N, 106°40'15.18""E",FIX,
10:13:23.802,1786158803.803,TRACKING,2.038,0.001,0.004,-0.00,0.450,-0.012,0.000,0.000,0.000,1.000,2.04,10.77567062,106.67088445,10.51,"10°46'32.41""N, 106°40'15.18""E",FIX,
10:13:23.927,1786158803.927,TRACKING,2.074,0.001,0.003,0.00,0.450,-0.016,0.000,0.000,0.000,1.000,2.07,10.77567062,106.67088445,10.51,"10°46'32.41""N, 106°40'15.18""E",FIX,
10:13:24.032,1786158804.032,TRACKING,2.101,0.001,0.002,0.01,0.450,-0.011,0.000,0.000,0.000,1.000,2.10,10.77567062,106.67088486,10.51,"10°46'32.41""N, 106°40'15.19""E",FIX,
10:13:24.140,1786158804.141,TRACKING,2.137,0.001,0.001,0.02,0.450,-0.016,0.000,0.000,0.000,0.583,2.14,10.77567062,106.67088486,10.51,"10°46'32.41""N, 106°40'15.19""E",FIX,
10:13:24.227,1786158804.227,TRACKING,2.164,0.001,0.000,0.02,0.450,-0.006,0.000,0.000,0.000,0.646,2.16,10.77567062,106.67088486,10.51,"10°46'32.41""N, 106°40'15.19""E",FIX,
10:13:24.341,1786158804.341,TRACKING,2.191,0.001,-0.000,0.02,0.450,-0.006,0.000,0.000,0.000,0.708,2.19,10.77567062,106.67088527,10.51,"10°46'32.41""N, 106°40'15.19""E",FIX,
10:13:24.435,1786158804.436,TRACKING,2.218,0.001,-0.001,0.02,0.450,-0.005,0.000,0.000,0.000,0.771,2.22,10.77567062,106.67088527,10.51,"10°46'32.41""N, 106°40'15.19""E",FIX,
10:13:24.524,1786158804.524,TRACKING,2.254,0.001,-0.001,0.02,0.450,-0.005,0.000,0.000,0.000,0.854,2.25,10.77567062,106.67088527,10.51,"10°46'32.41""N, 106°40'15.19""E",FIX,
10:13:24.629,1786158804.629,TRACKING,2.281,0.001,-0.001,0.02,0.450,-0.005,0.000,0.000,0.000,0.917,2.28,10.77567062,106.67088568,10.51,"10°46'32.41""N, 106°40'15.19""E",FIX,
10:13:24.731,1786158804.731,TRACKING,2.308,0.001,-0.002,0.02,0.450,-0.005,0.000,0.000,0.000,1.000,2.31,10.77567062,106.67088568,10.51,"10°46'32.41""N, 106°40'15.19""E",FIX,
10:13:24.812,1786158804.812,TRACKING,2.344,0.001,-0.002,0.02,0.450,-0.005,0.000,0.000,0.000,1.000,2.34,10.77567062,106.67088568,10.51,"10°46'32.41""N, 106°40'15.19""E",FIX,
10:13:24.893,1786158804.894,TRACKING,2.371,0.001,-0.002,0.02,0.450,-0.001,0.000,0.000,0.000,1.000,2.37,10.77567062,106.67088609,10.51,"10°46'32.41""N, 106°40'15.19""E",FIX,
10:13:24.979,1786158804.980,TRACKING,2.398,0.001,-0.002,0.01,0.450,0.001,0.000,0.000,0.000,1.000,2.40,10.77567062,106.67088609,10.51,"10°46'32.41""N, 106°40'15.19""E",FIX,
10:13:25.094,1786158805.094,TRACKING,2.434,0.001,-0.002,0.01,0.450,-0.000,0.000,0.000,0.000,1.000,2.43,10.77567062,106.67088609,10.51,"10°46'32.41""N, 106°40'15.19""E",FIX,
10:13:25.181,1786158805.182,TRACKING,2.461,0.001,-0.002,0.01,0.450,-0.001,0.000,0.000,0.000,1.000,2.46,10.77567062,106.67088650,10.51,"10°46'32.41""N, 106°40'15.19""E",FIX,
10:13:25.259,1786158805.260,TRACKING,2.488,0.001,-0.002,0.01,0.450,-0.001,0.000,0.000,0.000,1.000,2.49,10.77567062,106.67088650,10.51,"10°46'32.41""N, 106°40'15.19""E",FIX,
10:13:25.348,1786158805.349,TRACKING,2.515,0.001,-0.003,0.01,0.450,-0.002,0.000,0.000,0.000,1.000,2.51,10.77567062,106.67088650,10.51,"10°46'32.41""N, 106°40'15.19""E",FIX,
10:13:25.440,1786158805.441,TRACKING,2.542,0.001,-0.003,0.01,0.450,-0.002,0.000,0.000,0.000,1.000,2.54,10.77567062,106.67088650,10.51,"10°46'32.41""N, 106°40'15.19""E",FIX,
10:13:25.530,1786158805.530,TRACKING,2.587,0.000,-0.003,0.01,0.450,-0.002,0.000,0.000,0.000,1.000,2.59,10.77567062,106.67088692,10.51,"10°46'32.41""N, 106°40'15.19""E",FIX,
10:13:25.591,1786158805.591,TRACKING,2.605,0.000,-0.003,0.01,0.450,-0.002,0.000,0.000,0.000,1.000,2.60,10.77567062,106.67088692,10.51,"10°46'32.41""N, 106°40'15.19""E",FIX,
10:13:25.698,1786158805.699,TRACKING,2.641,0.000,-0.003,0.01,0.450,-0.002,0.000,0.000,0.000,1.000,2.64,10.77567062,106.67088733,10.51,"10°46'32.41""N, 106°40'15.19""E",FIX,
10:13:25.779,1786158805.779,TRACKING,2.668,0.000,-0.003,0.01,0.450,-0.002,0.000,0.000,0.000,1.000,2.67,10.77567062,106.67088733,10.51,"10°46'32.41""N, 106°40'15.19""E",FIX,
10:13:25.896,1786158805.896,TRACKING,2.704,0.000,-0.003,0.01,0.450,-0.002,0.000,0.000,0.000,1.000,2.70,10.77567062,106.67088733,10.51,"10°46'32.41""N, 106°40'15.19""E",FIX,
10:13:25.970,1786158805.970,TRACKING,2.731,0.000,-0.003,0.01,0.450,-0.002,0.000,0.000,0.000,1.000,2.73,10.77567062,106.67088774,10.51,"10°46'32.41""N, 106°40'15.20""E",FIX,
10:13:26.061,1786158806.062,TRACKING,2.758,-0.000,-0.004,0.01,0.450,-0.002,0.000,0.000,0.000,1.000,2.76,10.77567062,106.67088774,10.51,"10°46'32.41""N, 106°40'15.20""E",FIX,
10:13:26.151,1786158806.152,TRACKING,2.785,-0.000,-0.004,0.01,0.450,-0.002,0.000,0.000,0.000,1.000,2.78,10.77567062,106.67088774,10.51,"10°46'32.41""N, 106°40'15.20""E",FIX,
10:13:26.230,1786158806.231,TRACKING,2.812,-0.000,-0.004,0.01,0.450,0.007,0.000,0.000,0.000,1.000,2.81,10.77567062,106.67088774,10.51,"10°46'32.41""N, 106°40'15.20""E",FIX,
10:13:26.312,1786158806.312,TRACKING,2.839,-0.000,-0.004,0.00,0.450,0.003,0.000,0.000,0.000,1.000,2.84,10.77567062,106.67088815,10.51,"10°46'32.41""N, 106°40'15.20""E",FIX,
10:13:26.436,1786158806.436,TRACKING,2.875,-0.000,-0.003,0.00,0.450,0.001,0.000,0.000,0.000,1.000,2.87,10.77567062,106.67088815,10.51,"10°46'32.41""N, 106°40'15.20""E",FIX,
10:13:26.522,1786158806.523,TRACKING,2.911,-0.001,-0.003,0.00,0.450,0.001,0.000,0.000,0.000,0.792,2.91,10.77567062,106.67088856,10.51,"10°46'32.41""N, 106°40'15.20""E",FIX,
10:13:26.596,1786158806.596,TRACKING,2.929,-0.001,-0.003,0.00,0.450,0.001,0.000,0.000,0.000,0.521,2.93,10.77567062,106.67088856,10.51,"10°46'32.41""N, 106°40'15.20""E",FIX,
10:13:26.692,1786158806.693,TRACKING,2.965,-0.001,-0.003,0.00,0.450,0.000,0.000,0.000,0.000,0.583,2.96,10.77567062,106.67088856,10.51,"10°46'32.41""N, 106°40'15.20""E",FIX,
10:13:26.766,1786158806.766,TRACKING,2.992,-0.001,-0.003,0.00,0.450,0.001,0.000,0.000,0.000,0.667,2.99,10.77567062,106.67088856,10.51,"10°46'32.41""N, 106°40'15.20""E",FIX,
10:13:26.873,1786158806.874,TRACKING,3.028,-0.001,-0.003,0.00,0.450,0.000,0.000,0.000,0.000,0.729,3.03,10.77567062,106.67088897,10.51,"10°46'32.41""N, 106°40'15.20""E",FIX,
10:13:26.961,1786158806.962,TRACKING,3.055,-0.001,-0.003,0.00,0.450,0.000,0.000,0.000,0.000,0.812,3.05,10.77567062,106.67088897,10.51,"10°46'32.41""N, 106°40'15.20""E",FIX,
10:13:27.072,1786158807.072,TRACKING,3.091,-0.001,-0.003,0.00,0.450,0.000,0.000,0.000,0.000,0.875,3.09,10.77567062,106.67088938,10.51,"10°46'32.41""N, 106°40'15.20""E",FIX,
10:13:27.145,1786158807.146,TRACKING,3.109,-0.001,-0.003,0.00,0.450,0.000,0.000,0.000,0.000,0.958,3.11,10.77567062,106.67088938,10.51,"10°46'32.41""N, 106°40'15.20""E",FIX,
10:13:27.242,1786158807.242,TRACKING,3.136,-0.001,-0.003,0.00,0.450,0.000,0.000,0.000,0.000,1.000,3.14,10.77567062,106.67088938,10.51,"10°46'32.41""N, 106°40'15.20""E",FIX,
10:13:27.341,1786158807.341,TRACKING,3.172,-0.001,-0.003,0.00,0.450,0.000,0.000,0.000,0.000,1.000,3.17,10.77567062,106.67088938,10.51,"10°46'32.41""N, 106°40'15.20""E",FIX,
10:13:27.438,1786158807.439,TRACKING,3.208,-0.002,-0.003,0.00,0.450,0.000,0.000,0.000,0.000,1.000,3.21,10.77567062,106.67088980,10.51,"10°46'32.41""N, 106°40'15.20""E",FIX,
10:13:27.532,1786158807.532,TRACKING,3.235,-0.002,-0.003,0.00,0.450,0.000,0.000,0.000,0.000,1.000,3.23,10.77567062,106.67088980,10.51,"10°46'32.41""N, 106°40'15.20""E",FIX,
10:13:27.633,1786158807.633,TRACKING,3.271,-0.002,-0.003,0.00,0.450,0.000,0.000,0.000,0.000,1.000,3.27,10.77567062,106.67089021,10.51,"10°46'32.41""N, 106°40'15.20""E",FIX,
10:13:27.741,1786158807.742,TRACKING,3.289,-0.002,-0.003,-0.00,0.450,0.008,0.000,0.000,0.000,1.000,3.29,10.77567062,106.67089021,10.51,"10°46'32.41""N, 106°40'15.20""E",FIX,
10:13:27.847,1786158807.848,TRACKING,3.325,-0.002,-0.003,-0.00,0.450,-0.001,0.000,0.000,0.000,1.000,3.32,10.77567062,106.67089021,10.51,"10°46'32.41""N, 106°40'15.20""E",FIX,
10:13:27.932,1786158807.932,TRACKING,3.361,-0.002,-0.002,-0.00,0.450,-0.001,0.000,0.000,0.000,1.000,3.36,10.77567061,106.67089062,10.51,"10°46'32.41""N, 106°40'15.21""E",FIX,
10:13:27.995,1786158807.995,TRACKING,3.388,-0.002,-0.002,-0.00,0.450,-0.001,0.000,0.000,0.000,1.000,3.39,10.77567061,106.67089062,10.51,"10°46'32.41""N, 106°40'15.21""E",FIX,
10:13:28.084,1786158808.085,TRACKING,3.415,-0.002,-0.002,-0.00,0.450,-0.000,0.000,0.000,0.000,1.000,3.41,10.77567061,106.67089062,10.51,"10°46'32.41""N, 106°40'15.21""E",FIX,
10:13:28.168,1786158808.169,TRACKING,3.442,-0.002,-0.002,-0.00,0.450,-0.000,0.000,0.000,0.000,1.000,3.44,10.77567061,106.67089062,10.51,"10°46'32.41""N, 106°40'15.21""E",FIX,
10:13:28.253,1786158808.253,TRACKING,3.469,-0.002,-0.003,-0.00,0.450,-0.000,0.000,0.000,0.000,1.000,3.47,10.77567061,106.67089103,10.51,"10°46'32.41""N, 106°40'15.21""E",FIX,
10:13:28.327,1786158808.328,TRACKING,3.496,-0.002,-0.003,-0.00,0.450,0.007,0.000,0.000,0.000,1.000,3.50,10.77567061,106.67089103,10.51,"10°46'32.41""N, 106°40'15.21""E",FIX,
10:13:28.436,1786158808.437,TRACKING,3.532,-0.002,-0.002,-0.00,0.450,-0.001,0.000,0.000,0.000,1.000,3.53,10.77567061,106.67089103,10.51,"10°46'32.41""N, 106°40'15.21""E",FIX,
10:13:28.516,1786158808.517,TRACKING,3.568,-0.002,-0.002,-0.00,0.450,-0.001,0.000,0.000,0.000,1.000,3.57,10.77567061,106.67089144,10.51,"10°46'32.41""N, 106°40'15.21""E",FIX,
10:13:28.592,1786158808.592,TRACKING,3.586,-0.002,-0.002,-0.00,0.450,0.008,0.000,0.000,0.000,1.000,3.59,10.77567061,106.67089144,10.51,"10°46'32.41""N, 106°40'15.21""E",FIX,
10:13:28.707,1786158808.707,TRACKING,3.613,-0.003,-0.002,-0.00,0.450,-0.002,0.000,0.000,0.000,1.000,3.61,10.77567061,106.67089144,10.51,"10°46'32.41""N, 106°40'15.21""E",FIX,
10:13:28.790,1786158808.791,TRACKING,3.649,-0.003,-0.002,-0.00,0.450,-0.001,0.000,0.000,0.000,1.000,3.65,10.77567061,106.67089185,10.51,"10°46'32.41""N, 106°40'15.21""E",FIX,
10:13:28.877,1786158808.878,TRACKING,3.676,-0.003,-0.002,-0.00,0.450,-0.001,0.000,0.000,0.000,1.000,3.68,10.77567061,106.67089185,10.51,"10°46'32.41""N, 106°40'15.21""E",FIX,
10:13:28.973,1786158808.973,TRACKING,3.703,-0.003,-0.002,-0.00,0.450,-0.001,0.000,0.000,0.000,1.000,3.70,10.77567061,106.67089185,10.51,"10°46'32.41""N, 106°40'15.21""E",FIX,
10:13:29.077,1786158809.077,TRACKING,3.739,-0.003,-0.002,-0.00,0.450,-0.000,0.000,0.000,0.000,0.542,3.74,10.77567061,106.67089226,10.51,"10°46'32.41""N, 106°40'15.21""E",FIX,
10:13:29.179,1786158809.180,TRACKING,3.766,-0.003,-0.002,-0.00,0.450,-0.000,0.000,0.000,0.000,0.625,3.77,10.77567061,106.67089226,10.51,"10°46'32.41""N, 106°40'15.21""E",FIX,
10:13:29.290,1786158809.291,TRACKING,3.802,-0.003,-0.002,-0.00,0.450,-0.000,0.000,0.000,0.000,0.687,3.80,10.77567061,106.67089226,10.51,"10°46'32.41""N, 106°40'15.21""E",FIX,
10:13:29.366,1786158809.366,TRACKING,3.820,-0.003,-0.002,-0.00,0.450,-0.000,0.000,0.000,0.000,0.750,3.82,10.77567061,106.67089268,10.51,"10°46'32.41""N, 106°40'15.21""E",FIX,
10:13:29.473,1786158809.473,TRACKING,3.856,-0.003,-0.002,-0.00,0.450,-0.000,0.000,0.000,0.000,0.833,3.86,10.77567061,106.67089268,10.51,"10°46'32.41""N, 106°40'15.21""E",FIX,
10:13:29.599,1786158809.600,TRACKING,3.892,-0.003,-0.002,-0.00,0.450,-0.000,0.000,0.000,0.000,0.917,3.89,10.77567061,106.67089268,10.51,"10°46'32.41""N, 106°40'15.21""E",FIX,
10:13:29.666,1786158809.667,TRACKING,3.919,-0.003,-0.002,-0.00,0.450,-0.000,0.000,0.000,0.000,0.979,3.92,10.77567061,106.67089309,10.51,"10°46'32.41""N, 106°40'15.22""E",FIX,
10:13:29.766,1786158809.767,TRACKING,3.946,-0.003,-0.002,-0.00,0.450,-0.000,0.000,0.000,0.000,1.000,3.95,10.77567061,106.67089309,10.51,"10°46'32.41""N, 106°40'15.22""E",FIX,
10:13:29.835,1786158809.836,TRACKING,3.973,-0.003,-0.002,-0.00,0.450,-0.000,0.000,0.000,0.000,1.000,3.97,10.77567061,106.67089309,10.51,"10°46'32.41""N, 106°40'15.22""E",FIX,
10:13:29.923,1786158809.924,TRACKING,4.009,-0.003,-0.002,-0.00,0.450,-0.000,0.000,0.000,0.000,1.000,4.01,10.77567061,106.67089350,10.51,"10°46'32.41""N, 106°40'15.22""E",FIX,
10:13:30.022,1786158810.023,TRACKING,4.027,-0.003,-0.002,-0.00,0.450,-0.000,0.000,0.000,0.000,1.000,4.03,10.77567061,106.67089350,10.51,"10°46'32.41""N, 106°40'15.22""E",FIX,
10:13:30.142,1786158810.142,TRACKING,4.072,-0.003,-0.002,-0.00,0.450,-0.000,0.000,0.000,0.000,1.000,4.07,10.77567061,106.67089350,10.51,"10°46'32.41""N, 106°40'15.22""E",FIX,
10:13:30.198,1786158810.198,TRACKING,4.099,-0.003,-0.002,-0.00,0.450,-0.000,0.000,0.000,0.000,1.000,4.10,10.77567061,106.67089391,10.51,"10°46'32.41""N, 106°40'15.22""E",FIX,
10:13:30.274,1786158810.275,TRACKING,4.126,-0.003,-0.002,-0.00,0.450,-0.000,0.000,0.000,0.000,1.000,4.13,10.77567061,106.67089391,10.51,"10°46'32.41""N, 106°40'15.22""E",FIX,
10:13:30.357,1786158810.357,TRACKING,4.162,-0.004,-0.002,-0.00,0.450,-0.000,0.000,0.000,0.000,1.000,4.16,10.77567061,106.67089391,10.51,"10°46'32.41""N, 106°40'15.22""E",FIX,
10:13:30.449,1786158810.449,TRACKING,4.189,-0.004,-0.002,-0.00,0.450,-0.000,0.000,0.000,0.000,1.000,4.19,10.77567061,106.67089432,10.51,"10°46'32.41""N, 106°40'15.22""E",FIX,
10:13:30.530,1786158810.530,TRACKING,4.216,-0.004,-0.002,-0.00,0.450,-0.000,0.000,0.000,0.000,1.000,4.22,10.77567061,106.67089432,10.51,"10°46'32.41""N, 106°40'15.22""E",FIX,
10:13:30.598,1786158810.598,TRACKING,4.243,-0.004,-0.002,-0.00,0.450,-0.000,0.000,0.000,0.000,1.000,4.24,10.77567061,106.67089432,10.51,"10°46'32.41""N, 106°40'15.22""E",FIX,
10:13:30.703,1786158810.704,TRACKING,4.279,-0.004,-0.002,-0.00,0.450,-0.000,0.000,0.000,0.000,1.000,4.28,10.77567061,106.67089473,10.51,"10°46'32.41""N, 106°40'15.22""E",FIX,
10:13:30.769,1786158810.770,TRACKING,4.306,-0.004,-0.002,-0.00,0.450,-0.000,0.000,0.000,0.000,1.000,4.31,10.77567061,106.67089473,10.51,"10°46'32.41""N, 106°40'15.22""E",FIX,
10:13:30.844,1786158810.844,TRACKING,4.333,-0.004,-0.002,-0.00,0.450,-0.000,0.000,0.000,0.000,1.000,4.33,10.77567061,106.67089473,10.51,"10°46'32.41""N, 106°40'15.22""E",FIX,
10:13:30.935,1786158810.935,TRACKING,4.360,-0.004,-0.002,-0.00,0.450,-0.000,0.000,0.000,0.000,1.000,4.36,10.77567061,106.67089514,10.51,"10°46'32.41""N, 106°40'15.22""E",FIX,
10:13:31.042,1786158811.042,TRACKING,4.387,-0.004,-0.002,-0.00,0.450,-0.000,0.000,0.000,0.000,1.000,4.39,10.77567061,106.67089514,10.51,"10°46'32.41""N, 106°40'15.22""E",FIX,
10:13:31.162,1786158811.162,TRACKING,4.423,-0.004,-0.002,-0.00,0.450,-0.000,0.000,0.000,0.000,1.000,4.42,10.77567061,106.67089514,10.51,"10°46'32.41""N, 106°40'15.22""E",FIX,
10:13:31.247,1786158811.248,TRACKING,4.450,-0.004,-0.002,-0.00,0.450,-0.000,0.000,0.000,0.000,1.000,4.45,10.77567061,106.67089556,10.51,"10°46'32.41""N, 106°40'15.22""E",FIX,
10:13:31.348,1786158811.349,TRACKING,4.486,-0.004,-0.002,-0.00,0.450,-0.000,0.000,0.000,0.000,1.000,4.49,10.77567061,106.67089556,10.51,"10°46'32.41""N, 106°40'15.22""E",FIX,
10:13:31.422,1786158811.422,TRACKING,4.513,-0.004,-0.002,-0.00,0.450,-0.000,0.000,0.000,0.000,1.000,4.51,10.77567061,106.67089556,10.51,"10°46'32.41""N, 106°40'15.22""E",FIX,
10:13:31.500,1786158811.501,TRACKING,4.540,-0.004,-0.002,-0.00,0.450,-0.000,0.000,0.000,0.000,0.583,4.54,10.77567061,106.67089597,10.51,"10°46'32.41""N, 106°40'15.23""E",FIX,
10:13:31.587,1786158811.588,TRACKING,4.567,-0.004,-0.002,-0.00,0.450,-0.000,0.000,0.000,0.000,0.646,4.57,10.77567061,106.67089597,10.51,"10°46'32.41""N, 106°40'15.23""E",FIX,
10:13:31.679,1786158811.680,TRACKING,4.594,-0.004,-0.002,-0.00,0.450,-0.000,0.000,0.000,0.000,0.708,4.59,10.77567061,106.67089597,10.51,"10°46'32.41""N, 106°40'15.23""E",FIX,
10:13:31.789,1786158811.789,TRACKING,4.630,-0.004,-0.002,-0.00,0.450,-0.000,0.000,0.000,0.000,0.771,4.63,10.77567061,106.67089638,10.51,"10°46'32.41""N, 106°40'15.23""E",FIX,
10:13:31.867,1786158811.868,TRACKING,4.657,-0.004,-0.002,-0.00,0.450,-0.000,0.000,0.000,0.000,0.833,4.66,10.77567061,106.67089638,10.51,"10°46'32.41""N, 106°40'15.23""E",FIX,
10:13:31.943,1786158811.943,TRACKING,4.684,-0.005,-0.002,-0.00,0.450,-0.000,0.000,0.000,0.000,0.917,4.68,10.77567061,106.67089638,10.51,"10°46'32.41""N, 106°40'15.23""E",FIX,
10:13:32.028,1786158812.028,TRACKING,4.711,-0.005,-0.002,-0.00,0.450,-0.000,0.000,0.000,0.000,1.000,4.71,10.77567061,106.67089679,10.51,"10°46'32.41""N, 106°40'15.23""E",FIX,
10:13:32.127,1786158812.128,TRACKING,4.747,-0.005,-0.002,-0.00,0.450,-0.000,0.000,0.000,0.000,1.000,4.75,10.77567061,106.67089679,10.51,"10°46'32.41""N, 106°40'15.23""E",FIX,
10:13:32.226,1786158812.226,TRACKING,4.783,-0.005,-0.002,-0.00,0.450,-0.000,0.000,0.000,0.000,1.000,4.78,10.77567061,106.67089679,10.51,"10°46'32.41""N, 106°40'15.23""E",FIX,
10:13:32.312,1786158812.313,TRACKING,4.810,-0.005,-0.002,-0.00,0.450,-0.000,0.000,0.000,0.000,1.000,4.81,10.77567061,106.67089720,10.51,"10°46'32.41""N, 106°40'15.23""E",FIX,
10:13:32.423,1786158812.423,TRACKING,4.846,-0.005,-0.002,-0.00,0.450,-0.000,0.000,0.000,0.000,1.000,4.85,10.77567061,106.67089720,10.51,"10°46'32.41""N, 106°40'15.23""E",FIX,
10:13:32.489,1786158812.489,TRACKING,4.855,-0.005,-0.002,-0.00,0.450,-0.000,0.000,0.000,0.000,1.000,4.85,10.77567061,106.67089720,10.51,"10°46'32.41""N, 106°40'15.23""E",FIX,
10:13:32.598,1786158812.598,TRACKING,4.891,-0.005,-0.002,-0.00,0.450,-0.000,0.000,0.000,0.000,1.000,4.89,10.77567061,106.67089761,10.51,"10°46'32.41""N, 106°40'15.23""E",FIX,
10:13:32.694,1786158812.695,TRACKING,4.927,-0.005,-0.002,-0.00,0.450,-0.000,0.000,0.000,0.000,1.000,4.93,10.77567061,106.67089761,10.51,"10°46'32.41""N, 106°40'15.23""E",FIX,
10:13:32.785,1786158812.785,TRACKING,4.954,-0.005,-0.002,-0.00,0.450,-0.000,0.000,0.000,0.000,1.000,4.95,10.77567061,106.67089761,10.51,"10°46'32.41""N, 106°40'15.23""E",FIX,
10:13:32.860,1786158812.860,TRACKING,4.981,-0.005,-0.002,-0.00,0.450,-0.000,0.000,0.000,0.000,1.000,4.98,10.77567061,106.67089802,10.51,"10°46'32.41""N, 106°40'15.23""E",FIX,
10:13:32.968,1786158812.968,TRACKING,5.017,-0.005,-0.002,-0.00,0.450,-0.000,0.000,0.000,0.000,1.000,5.02,10.77567061,106.67089802,10.51,"10°46'32.41""N, 106°40'15.23""E",FIX,
10:13:33.051,1786158813.051,TRACKING,5.044,-0.005,-0.002,-0.00,0.450,-0.000,0.000,0.000,0.000,1.000,5.04,10.77567061,106.67089802,10.51,"10°46'32.41""N, 106°40'15.23""E",FIX,
10:13:33.125,1786158813.125,TRACKING,5.071,-0.005,-0.002,-0.00,0.450,-0.000,0.000,0.000,0.000,1.000,5.07,10.77567061,106.67089844,10.51,"10°46'32.41""N, 106°40'15.23""E",FIX,
10:13:33.222,1786158813.222,TRACKING,5.107,-0.005,-0.002,-0.00,0.450,-0.000,0.000,0.000,0.000,1.000,5.11,10.77567061,106.67089844,10.51,"10°46'32.41""N, 106°40'15.23""E",FIX,
10:13:33.293,1786158813.293,TRACKING,5.134,-0.005,-0.002,-0.00,0.450,-0.000,0.000,0.000,0.000,1.000,5.13,10.77567061,106.67089844,10.51,"10°46'32.41""N, 106°40'15.23""E",FIX,
10:13:33.416,1786158813.416,TRACKING,5.161,-0.005,-0.002,-0.00,0.450,-0.000,0.000,0.000,0.000,1.000,5.16,10.77567061,106.67089885,10.51,"10°46'32.41""N, 106°40'15.24""E",FIX,
10:13:33.515,1786158813.515,TRACKING,5.197,-0.005,-0.002,-0.00,0.450,-0.000,0.000,0.000,0.000,1.000,5.20,10.77567061,106.67089885,10.51,"10°46'32.41""N, 106°40'15.24""E",FIX,
10:13:33.599,1786158813.599,TRACKING,5.224,-0.006,-0.002,-0.00,0.450,-0.000,0.000,0.000,0.000,1.000,5.22,10.77567061,106.67089885,10.51,"10°46'32.41""N, 106°40'15.24""E",FIX,
10:13:33.700,1786158813.700,TRACKING,5.251,-0.006,-0.002,-0.00,0.450,-0.000,0.000,0.000,0.000,1.000,5.25,10.77567061,106.67089926,10.51,"10°46'32.41""N, 106°40'15.24""E",FIX,
10:13:33.794,1786158813.794,TRACKING,5.287,-0.006,-0.002,-0.00,0.450,0.007,0.000,0.000,0.000,1.000,5.29,10.77567061,106.67089926,10.51,"10°46'32.41""N, 106°40'15.24""E",FIX,
10:13:33.901,1786158813.902,TRACKING,5.314,-0.006,-0.001,-0.01,0.450,0.022,0.000,0.000,0.000,1.000,5.31,10.77567061,106.67089926,10.51,"10°46'32.41""N, 106°40'15.24""E",FIX,
10:13:34.014,1786158814.014,TRACKING,5.341,-0.006,-0.000,-0.02,0.450,0.015,0.000,0.000,0.000,0.562,5.34,10.77567060,106.67089967,10.51,"10°46'32.41""N, 106°40'15.24""E",FIX,
10:13:34.107,1786158814.108,TRACKING,5.377,-0.006,0.001,-0.02,0.450,0.012,0.000,0.000,0.000,0.625,5.38,10.77567060,106.67089967,10.51,"10°46'32.41""N, 106°40'15.24""E",FIX,
10:13:34.187,1786158814.187,TRACKING,5.395,-0.006,0.002,-0.02,0.450,0.003,0.000,0.000,0.000,0.687,5.39,10.77567060,106.67089967,10.51,"10°46'32.41""N, 106°40'15.24""E",FIX,
10:13:34.309,1786158814.309,TRACKING,5.431,-0.006,0.002,-0.02,0.450,0.004,0.000,0.000,0.000,0.750,5.43,10.77567060,106.67090008,10.51,"10°46'32.41""N, 106°40'15.24""E",FIX,
10:13:34.361,1786158814.362,TRACKING,5.467,-0.006,0.002,-0.02,0.450,0.004,0.000,0.000,0.000,0.833,5.47,10.77567060,106.67090008,10.51,"10°46'32.41""N, 106°40'15.24""E",FIX,
10:13:34.427,1786158814.427,TRACKING,5.485,-0.005,0.003,-0.02,0.450,0.004,0.000,0.000,0.000,0.917,5.48,10.77567060,106.67090008,10.51,"10°46'32.41""N, 106°40'15.24""E",FIX,
10:13:34.516,1786158814.517,TRACKING,5.521,-0.005,0.003,-0.02,0.450,0.005,0.000,0.000,0.000,1.000,5.52,10.77567060,106.67090049,10.51,"10°46'32.41""N, 106°40'15.24""E",FIX,
10:13:34.610,1786158814.611,TRACKING,5.548,-0.005,0.003,-0.02,0.450,0.005,0.000,0.000,0.000,1.000,5.55,10.77567060,106.67090049,10.51,"10°46'32.41""N, 106°40'15.24""E",FIX,
10:13:34.705,1786158814.706,TRACKING,5.584,-0.005,0.003,-0.02,0.450,0.005,0.000,0.000,0.000,1.000,5.58,10.77567060,106.67090049,10.51,"10°46'32.41""N, 106°40'15.24""E",FIX,
10:13:34.795,1786158814.795,TRACKING,5.611,-0.005,0.004,-0.02,0.450,0.005,0.000,0.000,0.000,1.000,5.61,10.77567060,106.67090090,10.51,"10°46'32.41""N, 106°40'15.24""E",FIX,
10:13:34.883,1786158814.884,TRACKING,5.647,-0.005,0.004,-0.02,0.450,0.005,0.000,0.000,0.000,1.000,5.65,10.77567060,106.67090090,10.51,"10°46'32.41""N, 106°40'15.24""E",FIX,
10:13:34.965,1786158814.966,TRACKING,5.665,-0.005,0.004,-0.02,0.450,0.005,0.000,0.000,0.000,1.000,5.66,10.77567060,106.67090090,10.51,"10°46'32.41""N, 106°40'15.24""E",FIX,
10:13:35.069,1786158815.069,TRACKING,5.692,-0.005,0.005,-0.02,0.450,0.005,0.000,0.000,0.000,1.000,5.69,10.77567060,106.67090090,10.51,"10°46'32.41""N, 106°40'15.24""E",FIX,
10:13:35.179,1786158815.180,TRACKING,5.728,-0.005,0.005,-0.02,0.450,-0.002,0.000,0.000,0.000,1.000,5.73,10.77567060,106.67090132,10.51,"10°46'32.41""N, 106°40'15.24""E",FIX,
10:13:35.265,1786158815.266,TRACKING,5.755,-0.004,0.005,-0.01,0.450,-0.001,0.000,0.000,0.000,1.000,5.75,10.77567060,106.67090132,10.51,"10°46'32.41""N, 106°40'15.24""E",FIX,
10:13:35.384,1786158815.385,TRACKING,5.782,-0.004,0.005,-0.01,0.450,0.000,0.000,0.000,0.000,1.000,5.78,10.77567060,106.67090132,10.51,"10°46'32.41""N, 106°40'15.24""E",FIX,
10:13:35.518,1786158815.518,TRACKING,5.818,-0.004,0.005,-0.01,0.450,0.004,0.000,0.000,0.000,1.000,5.82,10.77567060,106.67090173,10.51,"10°46'32.41""N, 106°40'15.25""E",FIX,
10:13:35.603,1786158815.604,TRACKING,5.845,-0.004,0.005,-0.01,0.450,0.010,0.000,0.000,0.000,1.000,5.84,10.77567060,106.67090173,10.51,"10°46'32.41""N, 106°40'15.25""E",FIX,
10:13:35.693,1786158815.694,TRACKING,5.872,-0.004,0.006,-0.02,0.450,0.007,0.000,0.000,0.000,1.000,5.87,10.77567060,106.67090214,10.51,"10°46'32.41""N, 106°40'15.25""E",FIX,
10:13:35.779,1786158815.779,TRACKING,5.908,-0.004,0.006,-0.01,0.450,-0.001,0.000,0.000,0.000,1.000,5.91,10.77567060,106.67090214,10.51,"10°46'32.41""N, 106°40'15.25""E",FIX,
10:13:35.884,1786158815.885,TRACKING,5.944,-0.003,0.006,-0.01,0.450,0.001,0.000,0.000,0.000,1.000,5.94,10.77567060,106.67090214,10.51,"10°46'32.41""N, 106°40'15.25""E",FIX,
10:13:35.964,1786158815.965,TRACKING,5.971,-0.003,0.006,-0.01,0.450,0.001,0.000,0.000,0.000,1.000,5.97,10.77567060,106.67090255,10.51,"10°46'32.41""N, 106°40'15.25""E",FIX,
10:13:36.033,1786158816.034,TRACKING,5.998,-0.003,0.006,-0.01,0.450,0.001,0.000,0.000,0.000,1.000,6.00,10.77567060,106.67090255,10.51,"10°46'32.41""N, 106°40'15.25""E",FIX,
10:13:36.120,1786158816.120,TRACKING,6.025,-0.003,0.006,-0.01,0.450,0.002,0.000,0.000,0.000,1.000,6.02,10.77567060,106.67090255,10.51,"10°46'32.41""N, 106°40'15.25""E",FIX,
10:13:36.230,1786158816.231,TRACKING,6.052,-0.003,0.006,-0.01,0.450,0.002,0.000,0.000,0.000,1.000,6.05,10.77567060,106.67090255,10.51,"10°46'32.41""N, 106°40'15.25""E",FIX,
10:13:36.309,1786158816.309,TRACKING,6.079,-0.003,0.007,-0.01,0.450,0.002,0.000,0.000,0.000,1.000,6.08,10.77567061,106.67090296,10.51,"10°46'32.41""N, 106°40'15.25""E",FIX,
10:13:36.402,1786158816.403,TRACKING,6.115,-0.002,0.007,-0.00,0.450,-0.011,0.000,0.000,0.000,1.000,6.11,10.77567061,106.67090296,10.51,"10°46'32.41""N, 106°40'15.25""E",FIX,
10:13:36.500,1786158816.501,TRACKING,6.142,-0.002,0.006,0.00,0.450,-0.008,0.000,0.000,0.000,0.583,6.14,10.77567061,106.67090296,10.51,"10°46'32.41""N, 106°40'15.25""E",FIX,
10:13:36.584,1786158816.584,TRACKING,6.169,-0.002,0.006,0.00,0.450,-0.007,0.000,0.000,0.000,0.646,6.17,10.77567061,106.67090337,10.51,"10°46'32.41""N, 106°40'15.25""E",FIX,
10:13:36.712,1786158816.712,TRACKING,6.205,-0.002,0.005,0.01,0.450,-0.005,0.000,0.000,0.000,0.708,6.20,10.77567061,106.67090337,10.51,"10°46'32.41""N, 106°40'15.25""E",FIX,
10:13:36.796,1786158816.797,TRACKING,6.232,-0.002,0.005,0.01,0.450,-0.004,0.000,0.000,0.000,0.792,6.23,10.77567061,106.67090337,10.51,"10°46'32.41""N, 106°40'15.25""E",FIX,
10:13:36.888,1786158816.888,TRACKING,6.259,-0.002,0.004,0.01,0.450,-0.003,0.000,0.000,0.000,0.854,6.26,10.77567061,106.67090378,10.51,"10°46'32.41""N, 106°40'15.25""E",FIX,
10:13:36.977,1786158816.978,TRACKING,6.295,-0.001,0.004,0.01,0.450,-0.003,0.000,0.000,0.000,0.917,6.29,10.77567061,106.67090378,10.51,"10°46'32.41""N, 106°40'15.25""E",FIX,
10:13:37.060,1786158817.061,TRACKING,6.322,-0.001,0.004,0.01,0.450,-0.003,0.000,0.000,0.000,1.000,6.32,10.77567061,106.67090378,10.51,"10°46'32.41""N, 106°40'15.25""E",FIX,
10:13:37.155,1786158817.155,TRACKING,6.349,-0.001,0.004,0.01,0.450,-0.003,0.000,0.000,0.000,1.000,6.35,10.77567061,106.67090420,10.51,"10°46'32.41""N, 106°40'15.26""E",FIX,
10:13:37.242,1786158817.242,TRACKING,6.385,-0.001,0.004,0.01,0.450,-0.003,0.000,0.000,0.000,1.000,6.38,10.77567061,106.67090420,10.51,"10°46'32.41""N, 106°40'15.26""E",FIX,
10:13:37.320,1786158817.321,TRACKING,6.412,-0.001,0.003,0.01,0.450,-0.003,0.000,0.000,0.000,1.000,6.41,10.77567061,106.67090420,10.51,"10°46'32.41""N, 106°40'15.26""E",FIX,
10:13:37.438,1786158817.439,TRACKING,6.439,-0.001,0.003,0.01,0.450,-0.003,0.000,0.000,0.000,1.000,6.44,10.77567061,106.67090461,10.51,"10°46'32.41""N, 106°40'15.26""E",FIX,
10:13:37.537,1786158817.538,TRACKING,6.466,-0.001,0.003,0.01,0.450,-0.002,0.000,0.000,0.000,1.000,6.47,10.77567061,106.67090461,10.51,"10°46'32.41""N, 106°40'15.26""E",FIX,
10:13:37.619,1786158817.620,TRACKING,6.502,-0.001,0.003,0.01,0.450,-0.002,0.000,0.000,0.000,1.000,6.50,10.77567061,106.67090461,10.51,"10°46'32.41""N, 106°40'15.26""E",FIX,
10:13:37.705,1786158817.705,TRACKING,6.538,-0.001,0.003,0.01,0.450,0.004,0.000,0.000,0.000,1.000,6.54,10.77567061,106.67090502,10.51,"10°46'32.41""N, 106°40'15.26""E",FIX,
10:13:37.792,1786158817.793,TRACKING,6.556,-0.001,0.003,0.00,0.450,0.004,0.000,0.000,0.000,1.000,6.56,10.77567061,106.67090502,10.51,"10°46'32.41""N, 106°40'15.26""E",FIX,
10:13:37.882,1786158817.882,TRACKING,6.583,-0.000,0.003,0.01,0.450,-0.005,0.000,0.000,0.000,1.000,6.58,10.77567061,106.67090502,10.51,"10°46'32.41""N, 106°40'15.26""E",FIX,
10:13:37.968,1786158817.969,TRACKING,6.610,-0.000,0.003,0.01,0.450,-0.005,0.000,0.000,0.000,1.000,6.61,10.77567061,106.67090543,10.51,"10°46'32.41""N, 106°40'15.26""E",FIX,
10:13:38.101,1786158818.101,TRACKING,6.646,-0.000,0.003,0.01,0.450,-0.003,0.000,0.000,0.000,1.000,6.65,10.77567061,106.67090543,10.51,"10°46'32.41""N, 106°40'15.26""E",FIX,
10:13:38.200,1786158818.200,TRACKING,6.682,-0.000,0.002,0.01,0.450,-0.003,0.000,0.000,0.000,1.000,6.68,10.77567061,106.67090543,10.51,"10°46'32.41""N, 106°40'15.26""E",FIX,
10:13:38.270,1786158818.271,TRACKING,6.709,-0.000,0.002,0.01,0.450,-0.003,0.000,0.000,0.000,1.000,6.71,10.77567061,106.67090584,10.51,"10°46'32.41""N, 106°40'15.26""E",FIX,
10:13:38.381,1786158818.382,TRACKING,6.736,-0.000,0.002,0.01,0.450,-0.003,0.000,0.000,0.000,1.000,6.74,10.77567061,106.67090584,10.51,"10°46'32.41""N, 106°40'15.26""E",FIX,
10:13:38.489,1786158818.489,TRACKING,6.772,0.000,0.002,0.01,0.450,-0.003,0.000,0.000,0.000,1.000,6.77,10.77567061,106.67090584,10.51,"10°46'32.41""N, 106°40'15.26""E",FIX,
10:13:38.596,1786158818.597,TRACKING,6.790,0.000,0.002,0.01,0.450,-0.003,0.000,0.000,0.000,1.000,6.79,10.77567061,106.67090625,10.51,"10°46'32.41""N, 106°40'15.26""E",FIX,
10:13:38.662,1786158818.663,TRACKING,6.826,0.000,0.001,0.01,0.450,-0.002,0.000,0.000,0.000,1.000,6.83,10.77567061,106.67090625,10.51,"10°46'32.41""N, 106°40'15.26""E",FIX,
10:13:38.777,1786158818.777,TRACKING,6.853,0.000,0.001,0.01,0.450,-0.002,0.000,0.000,0.000,1.000,6.85,10.77567061,106.67090625,10.51,"10°46'32.41""N, 106°40'15.26""E",FIX,
10:13:38.855,1786158818.856,TRACKING,6.880,0.000,0.001,0.01,0.450,-0.002,0.000,0.000,0.000,1.000,6.88,10.77567062,106.67090666,10.51,"10°46'32.41""N, 106°40'15.26""E",FIX,
10:13:38.941,1786158818.942,TRACKING,6.916,0.000,0.001,0.01,0.450,-0.002,0.000,0.000,0.000,0.854,6.92,10.77567062,106.67090666,10.51,"10°46'32.41""N, 106°40'15.26""E",FIX,
10:13:39.032,1786158819.032,TRACKING,6.943,0.000,0.001,0.01,0.450,-0.002,0.000,0.000,0.000,0.583,6.94,10.77567062,106.67090666,10.51,"10°46'32.41""N, 106°40'15.26""E",FIX,
10:13:39.122,1786158819.122,TRACKING,6.970,0.000,0.001,0.01,0.450,-0.002,0.000,0.000,0.000,0.646,6.97,10.77567062,106.67090708,10.51,"10°46'32.41""N, 106°40'15.27""E",FIX,
10:13:39.237,1786158819.238,TRACKING,7.006,0.000,0.000,0.01,0.450,-0.002,0.000,0.000,0.000,0.729,7.01,10.77567062,106.67090708,10.51,"10°46'32.41""N, 106°40'15.27""E",FIX,
10:13:39.307,1786158819.307,TRACKING,7.033,0.000,0.000,0.01,0.450,-0.002,0.000,0.000,0.000,0.792,7.03,10.77567062,106.67090708,10.51,"10°46'32.41""N, 106°40'15.27""E",FIX,
10:13:39.396,1786158819.397,TRACKING,7.060,0.000,0.000,0.01,0.450,-0.002,0.000,0.000,0.000,0.854,7.06,10.77567062,106.67090749,10.51,"10°46'32.41""N, 106°40'15.27""E",FIX,
10:13:39.515,1786158819.515,TRACKING,7.096,0.000,-0.000,0.01,0.450,-0.002,0.000,0.000,0.000,0.937,7.10,10.77567062,106.67090749,10.51,"10°46'32.41""N, 106°40'15.27""E",FIX,
10:13:39.591,1786158819.591,TRACKING,7.123,0.000,-0.000,0.01,0.450,-0.002,0.000,0.000,0.000,1.000,7.12,10.77567062,106.67090749,10.51,"10°46'32.41""N, 106°40'15.27""E",FIX,
10:13:39.682,1786158819.682,TRACKING,7.159,0.000,-0.000,0.01,0.450,-0.002,0.000,0.000,0.000,1.000,7.16,10.77567062,106.67090790,10.51,"10°46'32.41""N, 106°40'15.27""E",FIX,
10:13:39.763,1786158819.764,TRACKING,7.186,0.000,-0.001,0.01,0.450,-0.002,0.000,0.000,0.000,1.000,7.19,10.77567062,106.67090790,10.51,"10°46'32.41""N, 106°40'15.27""E",FIX,
10:13:39.842,1786158819.842,TRACKING,7.213,0.000,-0.001,0.01,0.450,-0.002,0.000,0.000,0.000,1.000,7.21,10.77567062,106.67090790,10.51,"10°46'32.41""N, 106°40'15.27""E",FIX,
10:13:39.929,1786158819.929,TRACKING,7.240,0.000,-0.001,0.01,0.450,0.005,0.000,0.000,0.000,1.000,7.24,10.77567062,106.67090831,10.51,"10°46'32.41""N, 106°40'15.27""E",FIX,
10:13:40.031,1786158820.031,TRACKING,7.267,0.000,-0.001,0.01,0.450,-0.005,0.000,0.000,0.000,1.000,7.27,10.77567062,106.67090831,10.51,"10°46'32.41""N, 106°40'15.27""E",FIX,
10:13:40.135,1786158820.135,TRACKING,7.294,0.000,-0.001,0.01,0.450,-0.004,0.000,0.000,0.000,1.000,7.29,10.77567062,106.67090831,10.51,"10°46'32.41""N, 106°40'15.27""E",FIX,
10:13:40.228,1786158820.229,TRACKING,7.330,0.000,-0.001,0.01,0.450,-0.003,0.000,0.000,0.000,1.000,7.33,10.77567062,106.67090872,10.51,"10°46'32.41""N, 106°40'15.27""E",FIX,
10:13:40.307,1786158820.307,TRACKING,7.366,0.000,-0.001,0.01,0.450,-0.003,0.000,0.000,0.000,1.000,7.37,10.77567062,106.67090872,10.51,"10°46'32.41""N, 106°40'15.27""E",FIX,
10:13:40.404,1786158820.405,TRACKING,7.393,0.000,-0.002,0.01,0.450,0.005,0.000,0.000,0.000,1.000,7.39,10.77567062,106.67090872,10.51,"10°46'32.41""N, 106°40'15.27""E",FIX,
10:13:40.496,1786158820.497,TRACKING,7.411,0.000,-0.002,0.01,0.450,-0.005,0.000,0.000,0.000,1.000,7.41,10.77567062,106.67090913,10.51,"10°46'32.41""N, 106°40'15.27""E",FIX,
10:13:40.599,1786158820.600,TRACKING,7.447,-0.000,-0.002,0.01,0.450,-0.003,0.000,0.000,0.000,1.000,7.45,10.77567062,106.67090913,10.51,"10°46'32.41""N, 106°40'15.27""E",FIX,
10:13:40.678,1786158820.678,TRACKING,7.483,-0.000,-0.002,0.01,0.450,-0.003,0.000,0.000,0.000,1.000,7.48,10.77567062,106.67090913,10.51,"10°46'32.41""N, 106°40'15.27""E",FIX,
10:13:40.775,1786158820.776,TRACKING,7.510,-0.000,-0.002,0.01,0.450,0.001,0.000,0.000,0.000,1.000,7.51,10.77567062,106.67090955,10.51,"10°46'32.41""N, 106°40'15.27""E",FIX,
10:13:40.854,1786158820.854,TRACKING,7.537,-0.000,-0.002,0.01,0.450,-0.004,0.000,0.000,0.000,1.000,7.54,10.77567062,106.67090955,10.51,"10°46'32.41""N, 106°40'15.27""E",FIX,
10:13:40.977,1786158820.978,TRACKING,7.564,-0.000,-0.002,0.00,0.450,0.004,0.000,0.000,0.000,1.000,7.56,10.77567062,106.67090955,10.51,"10°46'32.41""N, 106°40'15.27""E",FIX,
10:13:41.085,1786158821.085,TRACKING,7.600,-0.000,-0.002,0.00,0.450,0.003,0.000,0.000,0.000,1.000,7.60,10.77567062,106.67090996,10.51,"10°46'32.41""N, 106°40'15.28""E",FIX,
10:13:41.189,1786158821.189,TRACKING,7.627,-0.000,-0.002,0.01,0.450,-0.006,0.000,0.000,0.000,1.000,7.63,10.77567062,106.67090996,10.51,"10°46'32.41""N, 106°40'15.28""E",FIX,
10:13:41.331,1786158821.331,TRACKING,7.663,-0.001,-0.002,0.01,0.450,-0.004,0.000,0.000,0.000,1.000,7.66,10.77567062,106.67090996,10.51,"10°46'32.41""N, 106°40'15.28""E",FIX,
10:13:41.433,1786158821.433,TRACKING,7.690,-0.001,-0.003,-0.01,0.450,0.050,0.000,0.000,0.000,1.000,7.69,10.77567062,106.67091037,10.51,"10°46'32.41""N, 106°40'15.28""E",FIX,
10:13:41.510,1786158821.510,TRACKING,7.717,-0.001,-0.001,-0.02,0.450,0.028,0.000,0.000,0.000,0.583,7.72,10.77567062,106.67091037,10.51,"10°46'32.41""N, 106°40'15.28""E",FIX,
10:13:41.595,1786158821.595,TRACKING,7.744,-0.001,0.001,-0.03,0.450,0.017,0.000,0.000,0.000,0.562,7.74,10.77567062,106.67091037,10.51,"10°46'32.41""N, 106°40'15.28""E",FIX,
10:13:41.673,1786158821.673,TRACKING,7.780,-0.001,0.003,-0.03,0.450,0.013,0.000,0.000,0.000,0.625,7.78,10.77567061,106.67091078,10.51,"10°46'32.41""N, 106°40'15.28""E",FIX,
10:13:41.741,1786158821.741,TRACKING,7.807,-0.000,0.004,-0.03,0.450,0.005,0.000,0.000,0.000,0.687,7.81,10.77567061,106.67091078,10.51,"10°46'32.41""N, 106°40'15.28""E",FIX,
10:13:41.836,1786158821.837,TRACKING,7.843,-0.000,0.004,-0.03,0.450,0.006,0.000,0.000,0.000,0.750,7.84,10.77567061,106.67091078,10.51,"10°46'32.41""N, 106°40'15.28""E",FIX,
10:13:41.949,1786158821.950,TRACKING,7.870,-0.000,0.005,-0.03,0.450,0.007,0.000,0.000,0.000,0.833,7.87,10.77567061,106.67091119,10.51,"10°46'32.41""N, 106°40'15.28""E",FIX,
10:13:42.032,1786158822.033,TRACKING,7.888,-0.000,0.005,-0.03,0.450,0.006,0.000,0.000,0.000,0.917,7.89,10.77567061,106.67091119,10.51,"10°46'32.41""N, 106°40'15.28""E",FIX,
10:13:42.105,1786158822.105,TRACKING,7.924,0.000,0.006,-0.03,0.450,0.007,0.000,0.000,0.000,1.000,7.92,10.77567061,106.67091119,10.51,"10°46'32.41""N, 106°40'15.28""E",FIX,
10:13:42.177,1786158822.178,TRACKING,7.951,0.000,0.006,-0.03,0.450,0.007,0.000,0.000,0.000,1.000,7.95,10.77567061,106.67091160,10.51,"10°46'32.41""N, 106°40'15.28""E",FIX,
10:13:42.277,1786158822.277,TRACKING,7.978,0.000,0.006,-0.03,0.450,0.007,0.000,0.000,0.000,1.000,7.98,10.77567061,106.67091160,10.51,"10°46'32.41""N, 106°40'15.28""E",FIX,
10:13:42.377,1786158822.377,TRACKING,8.014,0.001,0.007,-0.03,0.450,0.007,0.000,0.000,0.000,1.000,8.01,10.77567061,106.67091160,10.51,"10°46'32.41""N, 106°40'15.28""E",FIX,
10:13:42.454,1786158822.455,TRACKING,8.041,0.001,0.007,-0.03,0.450,0.007,0.000,0.000,0.000,1.000,8.04,10.77567061,106.67091201,10.51,"10°46'32.41""N, 106°40'15.28""E",FIX,
10:13:42.565,1786158822.565,TRACKING,8.068,0.001,0.008,-0.03,0.450,0.007,0.000,0.000,0.000,1.000,8.07,10.77567061,106.67091201,10.51,"10°46'32.41""N, 106°40'15.28""E",FIX,
10:13:42.654,1786158822.655,TRACKING,8.104,0.001,0.008,-0.03,0.450,0.004,0.000,0.000,0.000,1.000,8.10,10.77567061,106.67091201,10.51,"10°46'32.41""N, 106°40'15.28""E",FIX,
10:13:42.742,1786158822.742,TRACKING,8.131,0.002,0.009,-0.02,0.450,0.001,0.000,0.000,0.000,1.000,8.13,10.77567061,106.67091243,10.51,"10°46'32.41""N, 106°40'15.28""E",FIX,
10:13:42.865,1786158822.866,TRACKING,8.167,0.002,0.009,-0.02,0.450,0.002,0.000,0.000,0.000,1.000,8.17,10.77567061,106.67091243,10.51,"10°46'32.41""N, 106°40'15.28""E",FIX,
10:13:42.997,1786158822.997,TRACKING,8.194,0.002,0.009,-0.02,0.450,0.003,0.000,0.000,0.000,1.000,8.19,10.77567061,106.67091243,10.51,"10°46'32.41""N, 106°40'15.28""E",FIX,
10:13:43.095,1786158823.096,TRACKING,8.221,0.002,0.009,-0.02,0.450,0.004,0.000,0.000,0.000,1.000,8.22,10.77567061,106.67091284,10.51,"10°46'32.41""N, 106°40'15.29""E",FIX,
10:13:43.176,1786158823.177,TRACKING,8.257,0.003,0.009,-0.02,0.450,0.004,0.000,0.000,0.000,1.000,8.26,10.77567061,106.67091284,10.51,"10°46'32.41""N, 106°40'15.29""E",FIX,
10:13:43.251,1786158823.252,TRACKING,8.293,0.003,0.010,-0.02,0.450,0.011,0.000,0.000,0.000,1.000,8.29,10.77567061,106.67091284,10.51,"10°46'32.41""N, 106°40'15.29""E",FIX,
10:13:43.318,1786158823.318,TRACKING,8.311,0.003,0.010,-0.02,0.450,0.002,0.000,0.000,0.000,1.000,8.31,10.77567061,106.67091325,10.51,"10°46'32.41""N, 106°40'15.29""E",FIX,
10:13:43.417,1786158823.417,TRACKING,8.338,0.004,0.010,-0.02,0.450,0.004,0.000,0.000,0.000,1.000,8.34,10.77567061,106.67091325,10.51,"10°46'32.41""N, 106°40'15.29""E",FIX,
10:13:43.513,1786158823.514,TRACKING,8.374,0.004,0.011,-0.02,0.450,0.004,0.000,0.000,0.000,1.000,8.37,10.77567061,106.67091325,10.51,"10°46'32.41""N, 106°40'15.29""E",FIX,
10:13:43.602,1786158823.602,TRACKING,8.410,0.004,0.011,-0.02,0.450,0.004,0.000,0.000,0.000,1.000,8.41,10.77567062,106.67091366,10.51,"10°46'32.41""N, 106°40'15.29""E",FIX,
10:13:43.674,1786158823.675,TRACKING,8.428,0.004,0.011,-0.02,0.450,0.004,0.000,0.000,0.000,1.000,8.43,10.77567062,106.67091366,10.51,"10°46'32.41""N, 106°40'15.29""E",FIX,
10:13:43.768,1786158823.769,TRACKING,8.455,0.005,0.011,-0.02,0.450,0.012,0.000,0.000,0.000,1.000,8.45,10.77567062,106.67091366,10.51,"10°46'32.41""N, 106°40'15.29""E",FIX,
10:13:43.870,1786158823.870,TRACKING,8.491,0.005,0.012,-0.02,0.450,0.010,0.000,0.000,0.000,1.000,8.49,10.77567062,106.67091407,10.51,"10°46'32.41""N, 106°40'15.29""E",FIX,
10:13:52.233,1786158832.233,UTURN_PLANNING,11.054,0.040,0.014,0.00,0.000,0.000,0.000,0.000,0.000,0.000,0.00,10.77567069,106.67092559,10.51,"10°46'32.41""N, 106°40'15.33""E",FIX,
10:13:52.241,1786158832.241,PATH_FOLLOWING,11.054,0.040,0.014,88.68,0.020,-1.500,0.000,0.000,0.000,0.000,0.00,10.77567069,106.67092559,10.51,"10°46'32.41""N, 106°40'15.33""E",FIX,
10:13:52.247,1786158832.248,PATH_FOLLOWING,11.054,0.040,0.014,88.68,0.020,-1.500,0.000,0.000,0.000,0.000,0.00,10.77567069,106.67092582,10.51,"10°46'32.41""N, 106°40'15.33""E",FIX,
10:13:52.253,1786158832.253,PATH_FOLLOWING,11.054,0.040,0.014,88.68,0.020,-1.500,0.000,0.000,0.000,0.000,0.00,10.77567069,106.67092582,10.51,"10°46'32.41""N, 106°40'15.33""E",FIX,
10:13:52.258,1786158832.259,PATH_FOLLOWING,11.054,0.040,0.014,88.68,0.020,-1.500,0.000,0.000,0.000,0.000,0.00,10.77567069,106.67092582,10.51,"10°46'32.41""N, 106°40'15.33""E",FIX,
10:13:52.345,1786158832.346,PATH_FOLLOWING,11.055,0.040,-0.091,88.68,0.020,-1.500,0.000,0.000,0.000,0.000,0.00,10.77567069,106.67092582,10.51,"10°46'32.41""N, 106°40'15.33""E",FIX,
10:13:52.435,1786158832.436,PATH_FOLLOWING,11.057,0.040,-0.181,88.68,0.020,-1.500,0.000,0.000,0.000,0.000,0.00,10.77567069,106.67092582,10.51,"10°46'32.41""N, 106°40'15.33""E",FIX,
10:13:52.508,1786158832.508,PATH_FOLLOWING,11.058,0.039,-0.271,88.68,0.020,-1.500,0.000,0.000,0.000,0.000,0.00,10.77567073,106.67092583,10.51,"10°46'32.41""N, 106°40'15.33""E",FIX,
10:13:52.595,1786158832.596,PATH_FOLLOWING,11.059,0.039,-0.361,88.68,0.020,-1.500,0.000,0.000,0.000,0.000,0.00,10.77567073,106.67092583,10.51,"10°46'32.41""N, 106°40'15.33""E",FIX,
10:13:52.703,1786158832.704,PATH_FOLLOWING,11.060,0.038,-0.481,88.68,0.020,-1.500,0.000,0.000,0.000,0.000,0.00,10.77567073,106.67092583,10.51,"10°46'32.41""N, 106°40'15.33""E",FIX,
10:13:52.802,1786158832.803,PATH_FOLLOWING,11.061,0.038,-0.571,88.68,0.020,-1.500,0.000,0.000,0.000,0.000,0.00,10.77567087,106.67092585,10.51,"10°46'32.42""N, 106°40'15.33""E",FIX,
10:13:52.896,1786158832.896,PATH_FOLLOWING,11.062,0.037,-0.661,88.68,0.020,-1.500,0.000,0.000,0.000,0.000,0.00,10.77567087,106.67092585,10.51,"10°46'32.42""N, 106°40'15.33""E",FIX,
10:13:53.019,1786158833.020,PATH_FOLLOWING,11.064,0.036,-0.811,87.18,0.043,-1.500,0.000,0.000,0.000,0.000,0.00,10.77567087,106.67092585,10.51,"10°46'32.42""N, 106°40'15.33""E",FIX,
10:13:53.074,1786158833.074,PATH_FOLLOWING,11.065,0.035,-0.871,86.44,0.054,-1.500,0.000,0.000,0.000,0.000,0.00,10.77567104,106.67092587,10.51,"10°46'32.42""N, 106°40'15.33""E",FIX,
10:13:53.185,1786158833.185,PATH_FOLLOWING,11.067,0.032,-0.961,85.24,0.073,-1.500,0.000,0.000,0.000,0.000,0.00,10.77567104,106.67092587,10.51,"10°46'32.42""N, 106°40'15.33""E",FIX,
10:13:53.276,1786158833.277,PATH_FOLLOWING,11.069,0.029,-1.051,83.96,0.092,-1.500,0.000,0.000,0.000,0.000,0.00,10.77567104,106.67092587,10.51,"10°46'32.42""N, 106°40'15.33""E",FIX,
10:13:53.368,1786158833.368,PATH_FOLLOWING,11.072,0.023,-1.171,82.21,0.119,-1.500,0.000,0.000,0.000,0.000,0.00,10.77567114,106.67092593,10.51,"10°46'32.42""N, 106°40'15.33""E",FIX,
10:13:53.471,1786158833.472,PATH_FOLLOWING,11.074,0.017,-1.261,80.91,0.139,-1.500,0.000,0.000,0.000,0.000,0.00,10.77567114,106.67092593,10.51,"10°46'32.42""N, 106°40'15.33""E",FIX,
10:13:53.582,1786158833.583,PATH_FOLLOWING,11.076,0.009,-1.351,79.67,0.159,-1.500,0.000,0.000,0.000,0.000,0.00,10.77567114,106.67092593,10.51,"10°46'32.42""N, 106°40'15.33""E",FIX,
10:13:53.671,1786158833.672,PATH_FOLLOWING,11.078,-0.003,-1.471,78.11,0.183,-1.500,0.000,0.000,0.000,0.000,0.00,10.77567118,106.67092604,10.51,"10°46'32.42""N, 106°40'15.33""E",FIX,
10:13:53.749,1786158833.750,PATH_FOLLOWING,11.079,-0.014,-1.561,77.06,0.200,-1.500,0.000,0.000,0.000,0.000,0.00,10.77567118,106.67092604,10.51,"10°46'32.42""N, 106°40'15.33""E",FIX,
10:13:53.842,1786158833.842,PATH_FOLLOWING,11.078,-0.025,-1.651,74.63,0.215,-1.347,0.000,0.000,0.000,0.000,0.00,10.77567118,106.67092604,10.51,"10°46'32.42""N, 106°40'15.33""E",FIX,
10:13:53.942,1786158833.942,PATH_FOLLOWING,11.076,-0.042,-1.762,68.41,0.230,-1.002,0.000,0.000,0.000,0.000,0.00,10.77567113,106.67092618,10.51,"10°46'32.42""N, 106°40'15.33""E",FIX,
10:13:54.044,1786158834.044,PATH_FOLLOWING,11.074,-0.051,-1.806,65.02,0.235,-0.869,0.000,0.000,0.000,0.000,0.00,10.77567113,106.67092618,10.51,"10°46'32.42""N, 106°40'15.33""E",FIX,
10:13:54.173,1786158834.173,PATH_FOLLOWING,11.069,-0.069,-1.878,57.35,0.241,-0.650,0.000,0.000,0.000,0.000,0.00,10.77567113,106.67092618,10.51,"10°46'32.42""N, 106°40'15.33""E",FIX,
10:13:54.273,1786158834.274,PATH_FOLLOWING,11.063,-0.087,-1.935,48.52,0.245,-0.478,0.000,0.000,0.000,0.000,0.00,10.77567100,106.67092635,10.51,"10°46'32.42""N, 106°40'15.33""E",FIX,
10:13:54.333,1786158834.333,PATH_FOLLOWING,11.057,-0.100,-1.968,41.72,0.247,-0.380,0.000,0.000,0.000,0.000,0.00,10.77567100,106.67092635,10.51,"10°46'32.42""N, 106°40'15.33""E",FIX,
10:13:54.407,1786158834.408,PATH_FOLLOWING,11.051,-0.114,-1.992,35.66,0.248,-0.307,0.000,0.000,0.000,0.000,0.00,10.77567100,106.67092635,10.51,"10°46'32.42""N, 106°40'15.33""E",FIX,
10:13:54.533,1786158834.533,PATH_FOLLOWING,11.043,-0.132,-2.018,61.29,0.239,-0.751,0.000,0.000,0.000,0.000,0.00,10.77567086,106.67092652,10.51,"10°46'32.42""N, 106°40'15.34""E",FIX,
10:13:54.592,1786158834.593,PATH_FOLLOWING,11.039,-0.141,-2.035,59.40,0.240,-0.700,0.000,0.000,0.000,0.000,0.00,10.77567086,106.67092652,10.51,"10°46'32.42""N, 106°40'15.34""E",FIX,
10:13:54.672,1786158834.673,PATH_FOLLOWING,11.029,-0.158,-2.093,50.52,0.245,-0.512,0.000,0.000,0.000,0.000,0.00,10.77567086,106.67092652,10.51,"10°46'32.42""N, 106°40'15.34""E",FIX,
10:13:54.760,1786158834.761,PATH_FOLLOWING,11.022,-0.170,-2.128,42.94,0.247,-0.396,0.000,0.000,0.000,0.000,0.00,10.77567086,106.67092652,10.51,"10°46'32.42""N, 106°40'15.34""E",FIX,
10:13:54.855,1786158834.855,PATH_FOLLOWING,11.011,-0.187,-2.163,33.62,0.248,-0.285,0.000,0.000,0.000,0.000,0.00,10.77567071,106.67092669,10.51,"10°46'32.41""N, 106°40'15.34""E",FIX,
10:13:54.964,1786158834.964,PATH_FOLLOWING,11.003,-0.199,-2.181,27.67,0.249,-0.225,0.000,0.000,0.000,0.000,0.00,10.77567071,106.67092669,10.51,"10°46'32.41""N, 106°40'15.34""E",FIX,
10:13:55.079,1786158835.080,PATH_FOLLOWING,10.994,-0.211,-2.196,22.61,0.249,-0.179,0.000,0.000,0.000,0.000,0.00,10.77567071,106.67092669,10.51,"10°46'32.41""N, 106°40'15.34""E",FIX,
10:13:55.170,1786158835.171,PATH_FOLLOWING,10.982,-0.227,-2.211,16.84,0.250,-0.130,0.000,0.000,0.000,0.000,0.00,10.77567055,106.67092685,10.51,"10°46'32.41""N, 106°40'15.34""E",FIX,
10:13:55.275,1786158835.275,PATH_FOLLOWING,10.973,-0.239,-2.219,13.60,0.250,-0.104,0.000,0.000,0.000,0.000,0.00,10.77567055,106.67092685,10.51,"10°46'32.41""N, 106°40'15.34""E",FIX,
10:13:55.389,1786158835.389,PATH_FOLLOWING,10.964,-0.251,-2.225,10.94,0.250,-0.083,0.000,0.000,0.000,0.000,0.00,10.77567055,106.67092685,10.51,"10°46'32.41""N, 106°40'15.34""E",FIX,
10:13:55.456,1786158835.456,PATH_FOLLOWING,10.955,-0.263,-2.231,8.59,0.250,-0.065,0.000,0.000,0.000,0.000,0.00,10.77567040,106.67092701,10.51,"10°46'32.41""N, 106°40'15.34""E",FIX,
10:13:55.596,1786158835.596,PATH_FOLLOWING,10.946,-0.275,-2.235,6.81,0.250,-0.051,0.000,0.000,0.000,0.000,0.00,10.77567040,106.67092701,10.51,"10°46'32.41""N, 106°40'15.34""E",FIX,
10:13:55.725,1786158835.726,PATH_FOLLOWING,10.930,-0.294,-2.241,4.54,0.250,-0.034,0.000,0.000,0.000,0.000,0.00,10.77567023,106.67092717,10.51,"10°46'32.41""N, 106°40'15.34""E",FIX,
10:13:55.780,1786158835.781,PATH_FOLLOWING,10.924,-0.302,-2.243,3.80,0.250,-0.029,0.000,0.000,0.000,0.000,0.00,10.77567023,106.67092717,10.51,"10°46'32.41""N, 106°40'15.34""E",FIX,
10:13:55.894,1786158835.895,PATH_FOLLOWING,10.912,-0.318,-2.245,2.80,0.250,-0.021,0.000,0.000,0.000,0.000,0.00,10.77567023,106.67092717,10.51,"10°46'32.41""N, 106°40'15.34""E",FIX,
10:13:55.975,1786158835.975,PATH_FOLLOWING,10.902,-0.330,-2.246,2.23,0.250,-0.017,0.000,0.000,0.000,0.000,0.00,10.77567023,106.67092717,10.51,"10°46'32.41""N, 106°40'15.34""E",FIX,
10:13:56.101,1786158836.102,PATH_FOLLOWING,10.893,-0.341,-2.247,1.79,0.250,-0.013,0.000,0.000,0.000,0.000,0.00,10.77567007,106.67092733,10.51,"10°46'32.41""N, 106°40'15.34""E",FIX,
10:13:56.180,1786158836.180,PATH_FOLLOWING,10.884,-0.353,-2.248,1.41,0.250,-0.011,0.000,0.000,0.000,0.000,0.00,10.77567007,106.67092733,10.51,"10°46'32.41""N, 106°40'15.34""E",FIX,
10:13:56.269,1786158836.270,PATH_FOLLOWING,10.874,-0.365,-2.249,1.13,0.250,-0.008,0.000,0.000,0.000,0.000,0.00,10.77567007,106.67092733,10.51,"10°46'32.41""N, 106°40'15.34""E",FIX,
10:13:56.369,1786158836.369,PATH_FOLLOWING,10.858,-0.384,-2.250,0.75,0.250,-0.006,0.000,0.000,0.000,0.000,0.00,10.77566991,106.67092749,10.51,"10°46'32.41""N, 106°40'15.34""E",FIX,
10:13:56.447,1786158836.447,PATH_FOLLOWING,10.852,-0.392,-2.250,0.63,0.250,-0.005,0.000,0.000,0.000,0.000,0.00,10.77566991,106.67092749,10.51,"10°46'32.41""N, 106°40'15.34""E",FIX,
10:13:56.566,1786158836.566,PATH_FOLLOWING,10.843,-0.404,-2.251,0.51,0.250,-0.004,0.000,0.000,0.000,0.000,0.00,10.77566991,106.67092749,10.51,"10°46'32.41""N, 106°40'15.34""E",FIX,
10:13:56.674,1786158836.674,PATH_FOLLOWING,10.827,-0.423,-2.251,0.34,0.250,-0.003,0.000,0.000,0.000,0.000,0.00,10.77566975,106.67092765,10.51,"10°46'32.41""N, 106°40'15.34""E",FIX,
10:13:56.740,1786158836.741,PATH_FOLLOWING,10.821,-0.431,-2.251,0.30,0.250,-0.002,0.000,0.000,0.000,0.000,0.00,10.77566975,106.67092765,10.51,"10°46'32.41""N, 106°40'15.34""E",FIX,
10:13:56.823,1786158836.823,PATH_FOLLOWING,10.811,-0.442,-2.251,0.24,0.250,-0.002,0.000,0.000,0.000,0.000,0.00,10.77566975,106.67092765,10.51,"10°46'32.41""N, 106°40'15.34""E",FIX,
10:13:56.909,1786158836.910,PATH_FOLLOWING,10.799,-0.458,-2.251,0.18,0.250,-0.001,0.000,0.000,0.000,0.000,0.00,10.77566959,106.67092781,10.51,"10°46'32.41""N, 106°40'15.34""E",FIX,
10:13:56.998,1786158836.999,PATH_FOLLOWING,10.789,-0.470,-2.251,0.14,0.250,-0.001,0.000,0.000,0.000,0.000,0.00,10.77566959,106.67092781,10.51,"10°46'32.41""N, 106°40'15.34""E",FIX,
10:13:57.102,1786158837.103,PATH_FOLLOWING,10.780,-0.481,-2.252,0.11,0.250,-0.001,0.000,0.000,0.000,0.000,0.00,10.77566959,106.67092781,10.51,"10°46'32.41""N, 106°40'15.34""E",FIX,
10:13:57.192,1786158837.192,PATH_FOLLOWING,10.770,-0.493,-2.252,0.09,0.250,-0.001,0.000,0.000,0.000,0.000,0.00,10.77566943,106.67092797,10.51,"10°46'32.41""N, 106°40'15.34""E",FIX,
10:13:57.290,1786158837.291,PATH_FOLLOWING,10.758,-0.509,-2.252,0.07,0.250,-0.001,0.000,0.000,0.000,0.000,0.00,10.77566943,106.67092797,10.51,"10°46'32.41""N, 106°40'15.34""E",FIX,
10:13:57.369,1786158837.369,PATH_FOLLOWING,10.745,-0.524,-2.252,0.05,0.250,-0.000,0.000,0.000,0.000,0.000,0.00,10.77566943,106.67092797,10.51,"10°46'32.41""N, 106°40'15.34""E",FIX,
10:13:57.463,1786158837.463,PATH_FOLLOWING,10.736,-0.536,-2.252,0.04,0.250,-0.000,0.000,0.000,0.000,0.000,0.00,10.77566926,106.67092813,10.51,"10°46'32.41""N, 106°40'15.34""E",FIX,
10:13:57.542,1786158837.543,PATH_FOLLOWING,10.726,-0.547,-2.252,0.04,0.250,-0.000,0.000,0.000,0.000,0.000,0.00,10.77566926,106.67092813,10.51,"10°46'32.41""N, 106°40'15.34""E",FIX,
10:13:57.617,1786158837.618,PATH_FOLLOWING,10.717,-0.559,-2.252,0.03,0.250,-0.000,0.000,0.000,0.000,0.000,0.00,10.77566926,106.67092813,10.51,"10°46'32.41""N, 106°40'15.34""E",FIX,
10:13:57.704,1786158837.704,PATH_FOLLOWING,10.704,-0.575,-2.252,0.02,0.250,-0.000,0.000,0.000,0.000,0.000,0.00,10.77566910,106.67092829,10.51,"10°46'32.41""N, 106°40'15.34""E",FIX,
10:13:57.790,1786158837.790,PATH_FOLLOWING,10.695,-0.586,-2.252,0.02,0.250,-0.000,0.000,0.000,0.000,0.000,0.00,10.77566910,106.67092829,10.51,"10°46'32.41""N, 106°40'15.34""E",FIX,
10:13:57.874,1786158837.874,PATH_FOLLOWING,10.685,-0.598,-2.252,0.02,0.250,-0.000,0.000,0.000,0.000,0.000,0.00,10.77566910,106.67092829,10.51,"10°46'32.41""N, 106°40'15.34""E",FIX,
10:13:57.963,1786158837.964,PATH_FOLLOWING,10.673,-0.613,-2.252,0.00,0.000,0.000,0.000,0.000,0.000,0.000,0.00,10.77566894,106.67092845,10.51,"10°46'32.41""N, 106°40'15.34""E",FIX,
10:13:58.050,1786158838.051,UTURN_EXECUTION,10.670,-0.617,-2.252,73.97,0.250,-1.500,0.000,0.000,0.000,0.000,0.00,10.77566894,106.67092845,10.51,"10°46'32.41""N, 106°40'15.34""E",FIX,
10:13:58.134,1786158838.135,UTURN_EXECUTION,10.660,-0.629,-2.343,73.97,0.250,-1.500,0.000,0.000,0.000,0.000,0.00,10.77566894,106.67092845,10.51,"10°46'32.41""N, 106°40'15.34""E",FIX,
10:13:58.210,1786158838.211,UTURN_EXECUTION,10.649,-0.639,-2.433,73.97,0.250,-1.500,0.000,0.000,0.000,0.000,0.00,10.77566884,106.67092856,10.51,"10°46'32.41""N, 106°40'15.34""E",FIX,
10:13:58.293,1786158838.294,UTURN_EXECUTION,10.637,-0.648,-2.523,73.97,0.250,-1.500,0.000,0.000,0.000,0.000,0.00,10.77566884,106.67092856,10.51,"10°46'32.41""N, 106°40'15.34""E",FIX,
10:13:58.376,1786158838.377,UTURN_EXECUTION,10.624,-0.656,-2.613,73.97,0.250,-1.500,0.000,0.000,0.000,0.000,0.00,10.77566884,106.67092856,10.51,"10°46'32.41""N, 106°40'15.34""E",FIX,
10:13:58.473,1786158838.474,UTURN_EXECUTION,10.606,-0.665,-2.733,73.97,0.250,-1.500,0.000,0.000,0.000,0.000,0.00,10.77566866,106.67092871,10.51,"10°46'32.41""N, 106°40'15.34""E",FIX,
10:13:58.548,1786158838.548,UTURN_EXECUTION,10.597,-0.669,-2.793,73.97,0.250,-1.500,0.000,0.000,0.000,0.000,0.00,10.77566866,106.67092871,10.51,"10°46'32.41""N, 106°40'15.34""E",FIX,
10:13:58.649,1786158838.650,UTURN_EXECUTION,10.578,-0.675,-2.913,73.97,0.250,-1.500,0.000,0.000,0.000,0.000,0.00,10.77566866,106.67092871,10.51,"10°46'32.41""N, 106°40'15.34""E",FIX,
10:13:58.744,1786158838.745,UTURN_EXECUTION,10.563,-0.677,-3.003,73.97,0.250,-1.500,0.000,0.000,0.000,0.000,0.00,10.77566848,106.67092890,10.51,"10°46'32.41""N, 106°40'15.34""E",FIX,
10:13:58.835,1786158838.836,UTURN_EXECUTION,10.543,-0.679,-3.123,73.97,0.250,-1.500,0.000,0.000,0.000,0.000,0.00,10.77566848,106.67092890,10.51,"10°46'32.41""N, 106°40'15.34""E",FIX,
10:13:58.946,1786158838.946,UTURN_EXECUTION,10.533,-0.679,3.100,73.97,0.250,-1.500,0.000,0.000,0.000,0.000,0.00,10.77566848,106.67092890,10.51,"10°46'32.41""N, 106°40'15.34""E",FIX,
10:13:59.086,1786158839.087,UTURN_EXECUTION,10.513,-0.677,2.980,73.97,0.250,-1.500,0.000,0.000,0.000,0.000,0.00,10.77566828,106.67092910,10.51,"10°46'32.41""N, 106°40'15.34""E",FIX,
10:13:59.168,1786158839.168,UTURN_EXECUTION,10.499,-0.674,2.890,73.97,0.250,-1.500,0.000,0.000,0.000,0.000,0.00,10.77566828,106.67092910,10.51,"10°46'32.41""N, 106°40'15.34""E",FIX,
10:13:59.268,1786158839.269,UTURN_EXECUTION,10.484,-0.669,2.800,73.97,0.250,-1.500,0.000,0.000,0.000,0.000,0.00,10.77566828,106.67092910,10.51,"10°46'32.41""N, 106°40'15.34""E",FIX,
10:13:59.345,1786158839.346,UTURN_EXECUTION,10.470,-0.664,2.710,73.97,0.250,-1.500,0.000,0.000,0.000,0.000,0.00,10.77566807,106.67092932,10.51,"10°46'32.41""N, 106°40'15.35""E",FIX,
10:13:59.441,1786158839.442,UTURN_EXECUTION,10.453,-0.654,2.590,73.97,0.250,-1.500,0.000,0.000,0.000,0.000,0.00,10.77566807,106.67092932,10.51,"10°46'32.41""N, 106°40'15.35""E",FIX,
10:13:59.535,1786158839.535,UTURN_EXECUTION,10.436,-0.643,2.470,73.97,0.250,-1.500,0.000,0.000,0.000,0.000,0.00,10.77566807,106.67092932,10.51,"10°46'32.41""N, 106°40'15.35""E",FIX,
10:13:59.591,1786158839.592,UTURN_EXECUTION,10.429,-0.636,2.410,73.97,0.250,-1.500,0.000,0.000,0.000,0.000,0.00,10.77566785,106.67092955,10.51,"10°46'32.40""N, 106°40'15.35""E",FIX,
10:13:59.691,1786158839.692,UTURN_EXECUTION,10.412,-0.618,2.260,73.97,0.250,-1.500,0.000,0.000,0.000,0.000,0.00,10.77566785,106.67092955,10.51,"10°46'32.40""N, 106°40'15.35""E",FIX,
10:13:59.764,1786158839.764,UTURN_EXECUTION,10.403,-0.606,2.170,73.97,0.250,-1.500,0.000,0.000,0.000,0.000,0.00,10.77566785,106.67092955,10.51,"10°46'32.40""N, 106°40'15.35""E",FIX,
10:13:59.851,1786158839.851,UTURN_EXECUTION,10.397,-0.598,2.110,73.97,0.250,-1.500,0.000,0.000,0.000,0.000,0.00,10.77566763,106.67092980,10.51,"10°46'32.40""N, 106°40'15.35""E",FIX,
10:13:59.945,1786158839.945,UTURN_EXECUTION,10.386,-0.576,1.960,73.97,0.250,-1.500,0.000,0.000,0.000,0.000,0.00,10.77566763,106.67092980,10.51,"10°46'32.40""N, 106°40'15.35""E",FIX,
10:14:00.046,1786158840.046,UTURN_EXECUTION,10.381,-0.561,1.870,73.97,0.250,-1.500,0.000,0.000,0.000,0.000,0.00,10.77566763,106.67092980,10.51,"10°46'32.40""N, 106°40'15.35""E",FIX,
10:14:00.144,1786158840.145,UTURN_EXECUTION,10.377,-0.547,1.780,73.97,0.250,-1.500,0.000,0.000,0.000,0.000,0.00,10.77566741,106.67093005,10.51,"10°46'32.40""N, 106°40'15.35""E",FIX,
10:14:00.214,1786158840.214,UTURN_EXECUTION,10.375,-0.532,1.690,73.97,0.250,-1.500,0.000,0.000,0.000,0.000,0.00,10.77566741,106.67093005,10.51,"10°46'32.40""N, 106°40'15.35""E",FIX,
10:14:00.316,1786158840.317,UTURN_EXECUTION,10.374,-0.517,1.600,73.97,0.250,-1.500,0.000,0.000,0.000,0.000,0.00,10.77566741,106.67093005,10.51,"10°46'32.40""N, 106°40'15.35""E",FIX,
10:14:00.389,1786158840.390,UTURN_EXECUTION,10.374,-0.497,1.480,73.97,0.250,-1.500,0.000,0.000,0.000,0.000,0.00,10.77566718,106.67093026,10.51,"10°46'32.40""N, 106°40'15.35""E",FIX,
10:14:00.462,1786158840.463,UTURN_EXECUTION,10.376,-0.482,1.390,73.97,0.250,-1.500,0.000,0.000,0.000,0.000,0.00,10.77566718,106.67093026,10.51,"10°46'32.40""N, 106°40'15.35""E",FIX,
10:14:00.587,1786158840.587,UTURN_EXECUTION,10.381,-0.463,1.270,73.97,0.250,-1.500,0.000,0.000,0.000,0.000,0.00,10.77566718,106.67093026,10.51,"10°46'32.40""N, 106°40'15.35""E",FIX,
10:14:00.649,1786158840.650,UTURN_EXECUTION,10.384,-0.454,1.210,73.97,0.250,-1.500,0.000,0.000,0.000,0.000,0.00,10.77566696,106.67093040,10.51,"10°46'32.40""N, 106°40'15.35""E",FIX,
10:14:00.768,1786158840.768,UTURN_EXECUTION,10.392,-0.435,1.090,73.97,0.250,-1.500,0.000,0.000,0.000,0.000,0.00,10.77566696,106.67093040,10.51,"10°46'32.40""N, 106°40'15.35""E",FIX,
10:14:00.860,1786158840.860,UTURN_EXECUTION,10.403,-0.418,0.970,73.97,0.250,-1.500,0.000,0.000,0.000,0.000,0.00,10.77566696,106.67093040,10.51,"10°46'32.40""N, 106°40'15.35""E",FIX,
10:14:00.943,1786158840.944,UTURN_EXECUTION,10.409,-0.410,0.910,73.97,0.250,-1.500,0.000,0.000,0.000,0.000,0.00,10.77566675,106.67093047,10.51,"10°46'32.40""N, 106°40'15.35""E",FIX,
10:14:01.055,1786158841.055,UTURN_EXECUTION,10.418,-0.399,0.820,73.97,0.250,-1.500,0.000,0.000,0.000,0.000,0.00,10.77566675,106.67093047,10.51,"10°46'32.40""N, 106°40'15.35""E",FIX,
10:14:01.120,1786158841.120,UTURN_EXECUTION,10.429,-0.388,0.730,73.97,0.250,-1.500,0.000,0.000,0.000,0.000,0.00,10.77566675,106.67093047,10.51,"10°46'32.40""N, 106°40'15.35""E",FIX,
10:14:01.219,1786158841.219,UTURN_EXECUTION,10.445,-0.376,0.610,73.97,0.250,-1.500,0.000,0.000,0.000,0.000,0.00,10.77566654,106.67093048,10.51,"10°46'32.40""N, 106°40'15.35""E",FIX,
10:14:01.329,1786158841.329,UTURN_EXECUTION,10.462,-0.365,0.490,73.97,0.250,-1.500,0.000,0.000,0.000,0.000,0.00,10.77566654,106.67093048,10.51,"10°46'32.40""N, 106°40'15.35""E",FIX,
10:14:01.410,1786158841.411,UTURN_EXECUTION,10.475,-0.359,0.400,73.97,0.250,-1.500,0.000,0.000,0.000,0.000,0.00,10.77566654,106.67093048,10.51,"10°46'32.40""N, 106°40'15.35""E",FIX,
10:14:01.494,1786158841.494,UTURN_EXECUTION,10.489,-0.354,0.310,73.97,0.250,-1.500,0.000,0.000,0.000,0.083,0.00,10.77566635,106.67093044,10.51,"10°46'32.40""N, 106°40'15.35""E",FIX,
10:14:01.623,1786158841.624,UTURN_EXECUTION,10.509,-0.349,0.190,73.97,0.250,-1.500,0.000,0.000,0.000,0.042,0.00,10.77566635,106.67093044,10.51,"10°46'32.40""N, 106°40'15.35""E",FIX,
10:14:01.676,1786158841.677,UTURN_EXECUTION,10.524,-0.347,0.100,73.97,0.250,-1.500,0.000,0.000,0.000,0.000,0.00,10.77566635,106.67093044,10.51,"10°46'32.40""N, 106°40'15.35""E",FIX,
10:14:01.761,1786158841.761,UTURN_EXECUTION,10.539,-0.346,0.010,73.97,0.250,-1.500,0.000,0.000,0.000,0.000,0.00,10.77566617,106.67093033,10.51,"10°46'32.40""N, 106°40'15.35""E",FIX,
10:14:01.857,1786158841.857,UTURN_EXECUTION,10.559,-0.347,-0.110,73.97,0.250,-1.500,0.000,0.000,0.000,0.000,0.00,10.77566617,106.67093033,10.51,"10°46'32.40""N, 106°40'15.35""E",FIX,
10:14:01.926,1786158841.927,UTURN_EXECUTION,10.568,-0.348,-0.170,73.97,0.250,-1.500,0.000,0.000,0.000,0.000,0.00,10.77566617,106.67093033,10.51,"10°46'32.40""N, 106°40'15.35""E",FIX,
10:14:02.039,1786158842.040,UTURN_EXECUTION,10.588,-0.353,-0.290,73.97,0.250,-1.500,0.000,0.000,0.000,0.000,0.00,10.77566600,106.67093018,10.51,"10°46'32.40""N, 106°40'15.35""E",FIX,
10:14:02.146,1786158842.146,UTURN_EXECUTION,10.607,-0.360,-0.410,73.97,0.250,-1.500,0.000,0.000,0.000,0.000,0.00,10.77566600,106.67093018,10.51,"10°46'32.40""N, 106°40'15.35""E",FIX,
10:14:02.210,1786158842.210,UTURN_EXECUTION,10.616,-0.364,-0.470,73.97,0.250,-1.500,0.000,0.000,0.000,0.000,0.00,10.77566600,106.67093018,10.51,"10°46'32.40""N, 106°40'15.35""E",FIX,
10:14:02.306,1786158842.307,UTURN_EXECUTION,10.629,-0.371,-0.560,73.97,0.250,-1.500,0.000,0.000,0.000,0.000,0.00,10.77566585,106.67093001,10.51,"10°46'32.40""N, 106°40'15.35""E",FIX,
10:14:02.395,1786158842.396,UTURN_EXECUTION,10.645,-0.383,-0.680,73.97,0.250,-1.500,0.000,0.000,0.000,0.000,0.00,10.77566585,106.67093001,10.51,"10°46'32.40""N, 106°40'15.35""E",FIX,
10:14:02.465,1786158842.466,UTURN_EXECUTION,10.656,-0.393,-0.770,73.97,0.250,-1.500,0.000,0.000,0.000,0.000,0.00,10.77566585,106.67093001,10.51,"10°46'32.40""N, 106°40'15.35""E",FIX,
10:14:02.540,1786158842.541,UTURN_EXECUTION,10.667,-0.404,-0.860,73.97,0.250,-1.500,0.000,0.000,0.000,0.000,0.00,10.77566585,106.67093001,10.51,"10°46'32.40""N, 106°40'15.35""E",FIX,
10:14:02.648,1786158842.648,UTURN_EXECUTION,10.679,-0.420,-0.980,73.97,0.250,-1.500,0.000,0.000,0.000,0.000,0.00,10.77566568,106.67092983,10.51,"10°46'32.40""N, 106°40'15.35""E",FIX,
10:14:02.783,1786158842.784,UTURN_EXECUTION,10.689,-0.437,-1.100,73.97,0.250,-1.500,0.000,0.000,0.000,0.000,0.00,10.77566568,106.67092983,10.51,"10°46'32.40""N, 106°40'15.35""E",FIX,
10:14:02.848,1786158842.849,UTURN_EXECUTION,10.695,-0.450,-1.190,73.97,0.250,-1.500,0.000,0.000,0.000,0.000,0.00,10.77566549,106.67092964,10.51,"10°46'32.40""N, 106°40'15.35""E",FIX,
10:14:02.925,1786158842.925,UTURN_EXECUTION,10.700,-0.465,-1.280,73.97,0.250,-1.500,0.000,0.000,0.000,0.000,0.00,10.77566549,106.67092964,10.51,"10°46'32.40""N, 106°40'15.35""E",FIX,
10:14:03.009,1786158843.010,UTURN_EXECUTION,10.704,-0.479,-1.370,73.97,0.250,-1.500,0.000,0.000,0.000,0.000,0.00,10.77566549,106.67092964,10.51,"10°46'32.40""N, 106°40'15.35""E",FIX,
10:14:03.140,1786158843.140,UTURN_EXECUTION,10.706,-0.499,-1.490,73.97,0.250,-1.500,0.000,0.000,0.000,0.062,0.00,10.77566528,106.67092943,10.51,"10°46'32.40""N, 106°40'15.35""E",FIX,
10:14:03.200,1786158843.201,UTURN_EXECUTION,10.707,-0.514,-1.580,73.97,0.250,-1.500,0.000,0.000,0.000,0.104,0.00,10.77566528,106.67092943,10.51,"10°46'32.40""N, 106°40'15.35""E",FIX,
10:14:03.281,1786158843.282,UTURN_EXECUTION,10.706,-0.529,-1.670,73.97,0.250,-1.500,0.000,0.000,0.000,0.167,0.00,10.77566528,106.67092943,10.51,"10°46'32.40""N, 106°40'15.35""E",FIX,
10:14:03.364,1786158843.364,UTURN_EXECUTION,10.704,-0.544,-1.760,73.97,0.250,-1.500,0.000,0.000,0.000,0.833,0.00,10.77566528,106.67092943,10.51,"10°46'32.40""N, 106°40'15.35""E",FIX,
10:14:03.456,1786158843.457,TRACKING,10.699,-0.563,-1.880,0.26,0.450,-0.103,0.000,0.000,0.000,1.000,0.02,10.77566505,106.67092922,10.51,"10°46'32.39""N, 106°40'15.35""E",FIX,
10:14:03.547,1786158843.547,TRACKING,10.689,-0.592,-1.926,0.36,0.450,-0.264,0.000,0.000,0.000,1.000,0.05,10.77566505,106.67092922,10.51,"10°46'32.39""N, 106°40'15.35""E",FIX,
10:14:03.604,1786158843.604,TRACKING,10.682,-0.609,-1.933,0.41,0.450,-0.251,0.000,0.000,0.000,1.000,0.07,10.77566505,106.67092922,10.51,"10°46'32.39""N, 106°40'15.35""E",FIX,
10:14:03.690,1786158843.690,TRACKING,10.669,-0.642,-1.954,0.52,0.450,-0.338,0.000,0.000,0.000,1.000,0.10,10.77566489,106.67092890,10.51,"10°46'32.39""N, 106°40'15.34""E",FIX,
10:14:03.764,1786158843.764,TRACKING,10.659,-0.667,-1.972,0.58,0.450,-0.279,0.000,0.000,0.000,1.000,0.13,10.77566489,106.67092890,10.51,"10°46'32.39""N, 106°40'15.34""E",FIX,
10:14:03.909,1786158843.910,TRACKING,10.644,-0.700,-1.996,0.61,0.450,-0.214,0.000,0.000,0.000,0.667,0.17,10.77566476,106.67092850,10.51,"10°46'32.39""N, 106°40'15.34""E",FIX,
10:14:03.936,1786158843.937,TRACKING,10.633,-0.725,-2.012,0.62,0.450,-0.186,0.000,0.000,0.000,0.750,0.19,10.77566476,106.67092850,10.51,"10°46'32.39""N, 106°40'15.34""E",FIX,
10:14:04.044,1786158844.044,TRACKING,10.621,-0.749,-2.024,0.61,0.450,-0.152,0.000,0.000,0.000,0.833,0.22,10.77566476,106.67092850,10.51,"10°46'32.39""N, 106°40'15.34""E",FIX,
10:14:04.155,1786158844.155,TRACKING,10.605,-0.781,-2.037,0.60,0.450,-0.145,0.000,0.000,0.000,0.917,0.26,10.77566466,106.67092810,10.51,"10°46'32.39""N, 106°40'15.34""E",FIX,
10:14:04.219,1786158844.219,TRACKING,10.597,-0.797,-2.043,0.59,0.450,-0.118,0.000,0.000,0.000,1.000,0.28,10.77566466,106.67092810,10.51,"10°46'32.39""N, 106°40'15.34""E",FIX,
10:14:04.336,1786158844.337,TRACKING,10.581,-0.829,-2.053,0.58,0.450,-0.134,0.000,0.000,0.000,1.000,0.31,10.77566466,106.67092810,10.51,"10°46'32.39""N, 106°40'15.34""E",FIX,
10:14:04.429,1786158844.429,TRACKING,10.564,-0.861,-2.063,0.57,0.450,-0.133,0.000,0.000,0.000,1.000,0.35,10.77566457,106.67092769,10.51,"10°46'32.39""N, 106°40'15.34""E",FIX,
10:14:04.485,1786158844.485,TRACKING,10.555,-0.877,-2.068,0.55,0.450,-0.109,0.000,0.000,0.000,1.000,0.37,10.77566457,106.67092769,10.51,"10°46'32.39""N, 106°40'15.34""E",FIX,
10:14:04.571,1786158844.571,TRACKING,10.542,-0.901,-2.076,0.54,0.450,-0.118,0.000,0.000,0.000,1.000,0.39,10.77566457,106.67092769,10.51,"10°46'32.39""N, 106°40'15.34""E",FIX,
10:14:04.670,1786158844.670,TRACKING,10.525,-0.932,-2.085,0.53,0.450,-0.123,0.000,0.000,0.000,1.000,0.43,10.77566457,106.67092769,10.51,"10°46'32.39""N, 106°40'15.34""E",FIX,
10:14:04.734,1786158844.734,TRACKING,10.511,-0.956,-2.092,0.52,0.450,-0.114,0.000,0.000,0.000,1.000,0.46,10.77566449,106.67092728,10.51,"10°46'32.39""N, 106°40'15.34""E",FIX,
10:14:04.813,1786158844.813,TRACKING,10.493,-0.987,-2.101,0.51,0.450,-0.116,0.000,0.000,0.000,1.000,0.49,10.77566449,106.67092728,10.51,"10°46'32.39""N, 106°40'15.34""E",FIX,
10:14:04.932,1786158844.933,TRACKING,10.475,-1.018,-2.111,0.50,0.450,-0.117,0.000,0.000,0.000,1.000,0.53,10.77566441,106.67092688,10.51,"10°46'32.39""N, 106°40'15.34""E",FIX,
10:14:05.016,1786158845.016,TRACKING,10.461,-1.041,-2.118,0.49,0.450,-0.103,0.000,0.000,0.000,1.000,0.55,10.77566441,106.67092688,10.51,"10°46'32.39""N, 106°40'15.34""E",FIX,
10:14:05.089,1786158845.090,TRACKING,10.452,-1.056,-2.122,0.48,0.450,-0.094,0.000,0.000,0.000,0.792,0.57,10.77566441,106.67092688,10.51,"10°46'32.39""N, 106°40'15.34""E",FIX,
10:14:05.196,1786158845.196,TRACKING,10.433,-1.087,-2.130,0.50,0.450,-0.161,0.000,0.000,0.000,0.479,0.61,10.77566441,106.67092688,10.51,"10°46'32.39""N, 106°40'15.34""E",FIX,
10:14:05.253,1786158845.253,TRACKING,10.423,-1.102,-2.134,0.50,0.450,-0.161,0.000,0.000,0.000,0.542,0.63,10.77566433,106.67092647,10.51,"10°46'32.39""N, 106°40'15.34""E",FIX,
10:14:05.364,1786158845.365,TRACKING,10.404,-1.132,-2.147,0.50,0.450,-0.126,0.000,0.000,0.000,0.583,0.66,10.77566433,106.67092647,10.51,"10°46'32.39""N, 106°40'15.34""E",FIX,
10:14:05.464,1786158845.464,TRACKING,10.384,-1.162,-2.158,0.49,0.450,-0.114,0.000,0.000,0.000,0.646,0.70,10.77566433,106.67092647,10.51,"10°46'32.39""N, 106°40'15.34""E",FIX,
10:14:05.540,1786158845.541,TRACKING,10.369,-1.185,-2.165,0.48,0.450,-0.111,0.000,0.000,0.000,0.708,0.73,10.77566426,106.67092606,10.51,"10°46'32.39""N, 106°40'15.33""E",FIX,
10:14:05.617,1786158845.617,TRACKING,10.354,-1.207,-2.172,0.47,0.450,-0.095,0.000,0.000,0.000,0.771,0.75,10.77566426,106.67092606,10.51,"10°46'32.39""N, 106°40'15.33""E",FIX,
10:14:05.714,1786158845.714,TRACKING,10.338,-1.229,-2.178,0.46,0.450,-0.099,0.000,0.000,0.000,0.833,0.78,10.77566426,106.67092606,10.51,"10°46'32.39""N, 106°40'15.33""E",FIX,
10:14:05.859,1786158845.859,TRACKING,10.318,-1.259,-2.185,0.45,0.450,-0.103,0.000,0.000,0.000,0.917,0.82,10.77566419,106.67092566,10.51,"10°46'32.39""N, 106°40'15.33""E",FIX,
10:14:05.942,1786158845.943,TRACKING,10.302,-1.281,-2.192,0.44,0.450,-0.089,0.000,0.000,0.000,0.583,0.84,10.77566419,106.67092566,10.51,"10°46'32.39""N, 106°40'15.33""E",FIX,
10:14:06.067,1786158846.068,TRACKING,10.281,-1.310,-2.199,0.43,0.450,-0.098,0.000,0.000,0.000,0.667,0.88,10.77566419,106.67092566,10.51,"10°46'32.39""N, 106°40'15.33""E",FIX,
10:14:06.152,1786158846.153,TRACKING,10.270,-1.325,-2.203,0.42,0.450,-0.086,0.000,0.000,0.000,0.750,0.90,10.77566413,106.67092525,10.51,"10°46'32.39""N, 106°40'15.33""E",FIX,
10:14:06.248,1786158846.248,TRACKING,10.249,-1.354,-2.210,0.41,0.450,-0.086,0.000,0.000,0.000,0.833,0.93,10.77566413,106.67092525,10.51,"10°46'32.39""N, 106°40'15.33""E",FIX,
10:14:06.321,1786158846.322,TRACKING,10.227,-1.382,-2.217,0.40,0.450,-0.083,0.000,0.000,0.000,0.896,0.97,10.77566413,106.67092525,10.51,"10°46'32.39""N, 106°40'15.33""E",FIX,
10:14:06.413,1786158846.413,TRACKING,10.217,-1.397,-2.220,0.39,0.450,-0.078,0.000,0.000,0.000,0.979,0.99,10.77566407,106.67092484,10.51,"10°46'32.39""N, 106°40'15.33""E",FIX,
10:14:06.513,1786158846.514,TRACKING,10.195,-1.425,-2.227,0.38,0.450,-0.080,0.000,0.000,0.000,1.000,1.02,10.77566407,106.67092484,10.51,"10°46'32.39""N, 106°40'15.33""E",FIX,
10:14:06.607,1786158846.607,TRACKING,10.178,-1.447,-2.231,0.37,0.450,-0.078,0.000,0.000,0.000,1.000,1.05,10.77566407,106.67092484,10.51,"10°46'32.39""N, 106°40'15.33""E",FIX,
10:14:06.676,1786158846.677,TRACKING,10.156,-1.475,-2.238,0.36,0.450,-0.076,0.000,0.000,0.000,1.000,1.09,10.77566402,106.67092443,10.51,"10°46'32.39""N, 106°40'15.33""E",FIX,
10:14:06.761,1786158846.761,TRACKING,10.139,-1.496,-2.242,0.35,0.450,-0.081,0.000,0.000,0.000,1.000,1.11,10.77566402,106.67092443,10.51,"10°46'32.39""N, 106°40'15.33""E",FIX,
10:14:06.821,1786158846.822,TRACKING,10.122,-1.517,-2.247,0.34,0.450,-0.075,0.000,0.000,0.000,1.000,1.14,10.77566402,106.67092443,10.51,"10°46'32.39""N, 106°40'15.33""E",FIX,
10:14:06.909,1786158846.910,TRACKING,10.100,-1.545,-2.253,0.33,0.450,-0.073,0.000,0.000,0.000,1.000,1.18,10.77566397,106.67092402,10.51,"10°46'32.39""N, 106°40'15.33""E",FIX,
10:14:06.995,1786158846.996,TRACKING,10.083,-1.566,-2.258,0.33,0.450,-0.069,0.000,0.000,0.000,1.000,1.20,10.77566397,106.67092402,10.51,"10°46'32.39""N, 106°40'15.33""E",FIX,
10:14:07.075,1786158847.075,TRACKING,10.066,-1.587,-2.262,0.32,0.450,-0.066,0.000,0.000,0.000,1.000,1.23,10.77566397,106.67092402,10.51,"10°46'32.39""N, 106°40'15.33""E",FIX,
10:14:07.234,1786158847.234,TRACKING,10.043,-1.615,-2.267,0.31,0.450,-0.068,0.000,0.000,0.000,1.000,1.27,10.77566392,106.67092361,10.51,"10°46'32.39""N, 106°40'15.32""E",FIX,
10:14:07.290,1786158847.291,TRACKING,10.025,-1.635,-2.271,0.30,0.450,-0.066,0.000,0.000,0.000,1.000,1.29,10.77566392,106.67092361,10.51,"10°46'32.39""N, 106°40'15.32""E",FIX,
10:14:07.377,1786158847.378,TRACKING,10.008,-1.656,-2.275,0.30,0.450,-0.064,0.000,0.000,0.000,1.000,1.32,10.77566392,106.67092361,10.51,"10°46'32.39""N, 106°40'15.32""E",FIX,
10:14:07.489,1786158847.490,TRACKING,9.990,-1.677,-2.279,0.29,0.450,-0.062,0.000,0.000,0.000,1.000,1.35,10.77566388,106.67092320,10.51,"10°46'32.39""N, 106°40'15.32""E",FIX,
10:14:07.579,1786158847.579,TRACKING,9.967,-1.704,-2.284,0.28,0.450,-0.066,0.000,0.000,0.000,1.000,1.38,10.77566388,106.67092320,10.51,"10°46'32.39""N, 106°40'15.32""E",FIX,
10:14:07.670,1786158847.670,TRACKING,9.949,-1.724,-2.288,0.28,0.450,-0.060,0.000,0.000,0.000,1.000,1.41,10.77566388,106.67092320,10.51,"10°46'32.39""N, 106°40'15.32""E",FIX,
10:14:07.745,1786158847.745,TRACKING,9.931,-1.745,-2.292,0.29,0.450,-0.109,0.000,0.000,0.000,0.958,1.44,10.77566384,106.67092279,10.51,"10°46'32.39""N, 106°40'15.32""E",FIX,
10:14:07.852,1786158847.852,TRACKING,9.907,-1.772,-2.299,0.30,0.450,-0.091,0.000,0.000,0.000,0.542,1.47,10.77566384,106.67092279,10.51,"10°46'32.39""N, 106°40'15.32""E",FIX,
10:14:07.924,1786158847.925,TRACKING,9.889,-1.792,-2.305,0.30,0.450,-0.074,0.000,0.000,0.000,0.604,1.50,10.77566384,106.67092279,10.51,"10°46'32.39""N, 106°40'15.32""E",FIX,
10:14:08.026,1786158848.026,TRACKING,9.871,-1.812,-2.310,0.29,0.450,-0.068,0.000,0.000,0.000,0.667,1.53,10.77566380,106.67092238,10.51,"10°46'32.39""N, 106°40'15.32""E",FIX,
10:14:08.100,1786158848.100,TRACKING,9.853,-1.832,-2.314,0.29,0.450,-0.062,0.000,0.000,0.000,0.729,1.55,10.77566380,106.67092238,10.51,"10°46'32.39""N, 106°40'15.32""E",FIX,
10:14:08.203,1786158848.204,TRACKING,9.835,-1.851,-2.318,0.28,0.450,-0.059,0.000,0.000,0.000,0.583,1.58,10.77566380,106.67092238,10.51,"10°46'32.39""N, 106°40'15.32""E",FIX,
10:14:08.306,1786158848.307,TRACKING,9.810,-1.878,-2.323,0.27,0.450,-0.057,0.000,0.000,0.000,0.646,1.62,10.77566376,106.67092197,10.51,"10°46'32.39""N, 106°40'15.32""E",FIX,
10:14:08.379,1786158848.379,TRACKING,9.792,-1.897,-2.326,0.26,0.450,-0.054,0.000,0.000,0.000,0.708,1.64,10.77566376,106.67092197,10.51,"10°46'32.39""N, 106°40'15.32""E",FIX,
10:14:08.461,1786158848.462,TRACKING,9.767,-1.924,-2.331,0.25,0.450,-0.051,0.000,0.000,0.000,0.792,1.68,10.77566376,106.67092197,10.51,"10°46'32.39""N, 106°40'15.32""E",FIX,
10:14:08.541,1786158848.542,TRACKING,9.755,-1.937,-2.333,0.25,0.450,-0.051,0.000,0.000,0.000,0.854,1.70,10.77566373,106.67092156,10.51,"10°46'32.39""N, 106°40'15.32""E",FIX,
10:14:08.616,1786158848.617,TRACKING,9.730,-1.963,-2.337,0.24,0.450,-0.052,0.000,0.000,0.000,0.937,1.73,10.77566373,106.67092156,10.51,"10°46'32.39""N, 106°40'15.32""E",FIX,
10:14:08.727,1786158848.727,TRACKING,9.711,-1.982,-2.340,0.23,0.450,-0.045,0.000,0.000,0.000,1.000,1.76,10.77566373,106.67092156,10.51,"10°46'32.39""N, 106°40'15.32""E",FIX,
10:14:08.814,1786158848.815,TRACKING,9.686,-2.008,-2.344,0.23,0.450,-0.052,0.000,0.000,0.000,1.000,1.80,10.77566370,106.67092115,10.51,"10°46'32.39""N, 106°40'15.32""E",FIX,
10:14:08.898,1786158848.898,TRACKING,9.667,-2.027,-2.347,0.22,0.450,-0.045,0.000,0.000,0.000,1.000,1.82,10.77566370,106.67092115,10.51,"10°46'32.39""N, 106°40'15.32""E",FIX,
10:14:08.979,1786158848.980,TRACKING,9.648,-2.046,-2.350,0.21,0.450,-0.041,0.000,0.000,0.000,1.000,1.85,10.77566370,106.67092115,10.51,"10°46'32.39""N, 106°40'15.32""E",FIX,
10:14:09.094,1786158849.094,TRACKING,9.623,-2.072,-2.353,0.21,0.450,-0.046,0.000,0.000,0.000,1.000,1.89,10.77566367,106.67092074,10.51,"10°46'32.39""N, 106°40'15.31""E",FIX,
10:14:09.189,1786158849.189,TRACKING,9.604,-2.091,-2.356,0.20,0.450,-0.042,0.000,0.000,0.000,1.000,1.91,10.77566367,106.67092074,10.51,"10°46'32.39""N, 106°40'15.31""E",FIX,
10:14:09.287,1786158849.287,TRACKING,9.585,-2.110,-2.358,0.20,0.450,-0.044,0.000,0.000,0.000,1.000,1.94,10.77566367,106.67092074,10.51,"10°46'32.39""N, 106°40'15.31""E",FIX,
10:14:09.390,1786158849.391,TRACKING,9.559,-2.136,-2.362,0.19,0.450,-0.041,0.000,0.000,0.000,1.000,1.98,10.77566365,106.67092032,10.51,"10°46'32.39""N, 106°40'15.31""E",FIX,
10:14:09.475,1786158849.475,TRACKING,9.540,-2.155,-2.364,0.19,0.450,-0.035,0.000,0.000,0.000,1.000,2.00,10.77566365,106.67092032,10.51,"10°46'32.39""N, 106°40'15.31""E",FIX,
10:14:09.557,1786158849.557,TRACKING,9.520,-2.174,-2.366,0.18,0.450,-0.038,0.000,0.000,0.000,1.000,2.03,10.77566365,106.67092032,10.51,"10°46'32.39""N, 106°40'15.31""E",FIX,
10:14:09.658,1786158849.658,TRACKING,9.501,-2.192,-2.369,0.18,0.450,-0.041,0.000,0.000,0.000,1.000,2.06,10.77566362,106.67091991,10.51,"10°46'32.39""N, 106°40'15.31""E",FIX,
10:14:09.760,1786158849.761,TRACKING,9.475,-2.217,-2.372,0.17,0.450,-0.037,0.000,0.000,0.000,1.000,2.09,10.77566362,106.67091991,10.51,"10°46'32.39""N, 106°40'15.31""E",FIX,
10:14:09.837,1786158849.837,TRACKING,9.456,-2.236,-2.374,0.17,0.450,-0.038,0.000,0.000,0.000,1.000,2.12,10.77566362,106.67091991,10.51,"10°46'32.39""N, 106°40'15.31""E",FIX,
10:14:09.942,1786158849.943,TRACKING,9.437,-2.255,-2.376,0.17,0.450,-0.034,0.000,0.000,0.000,1.000,2.15,10.77566360,106.67091950,10.51,"10°46'32.39""N, 106°40'15.31""E",FIX,
10:14:10.040,1786158850.041,TRACKING,9.411,-2.280,-2.379,0.16,0.450,-0.037,0.000,0.000,0.000,1.000,2.18,10.77566360,106.67091950,10.51,"10°46'32.39""N, 106°40'15.31""E",FIX,
10:14:10.109,1786158850.109,TRACKING,9.391,-2.298,-2.381,0.16,0.450,-0.028,0.000,0.000,0.000,1.000,2.21,10.77566360,106.67091950,10.51,"10°46'32.39""N, 106°40'15.31""E",FIX,
10:14:10.246,1786158850.247,TRACKING,9.371,-2.317,-2.383,0.15,0.450,-0.027,0.000,0.000,0.000,1.000,2.24,10.77566358,106.67091909,10.51,"10°46'32.39""N, 106°40'15.31""E",FIX,
10:14:10.355,1786158850.356,TRACKING,9.345,-2.342,-2.385,0.14,0.450,-0.025,0.000,0.000,0.000,0.833,2.27,10.77566358,106.67091909,10.51,"10°46'32.39""N, 106°40'15.31""E",FIX,
10:14:10.417,1786158850.417,TRACKING,9.326,-2.360,-2.387,0.13,0.450,-0.015,0.000,0.000,0.000,0.500,2.30,10.77566358,106.67091909,10.51,"10°46'32.39""N, 106°40'15.31""E",FIX,
10:14:10.519,1786158850.519,TRACKING,9.306,-2.379,-2.388,0.13,0.450,-0.023,0.000,0.000,0.000,0.583,2.33,10.77566357,106.67091868,10.51,"10°46'32.39""N, 106°40'15.31""E",FIX,
10:14:10.620,1786158850.621,TRACKING,9.280,-2.403,-2.390,0.13,0.450,-0.028,0.000,0.000,0.000,0.562,2.36,10.77566357,106.67091868,10.51,"10°46'32.39""N, 106°40'15.31""E",FIX,
10:14:10.671,1786158850.672,TRACKING,9.260,-2.422,-2.391,0.12,0.450,-0.026,0.000,0.000,0.000,0.625,2.39,10.77566357,106.67091868,10.51,"10°46'32.39""N, 106°40'15.31""E",FIX,
10:14:10.765,1786158850.765,TRACKING,9.240,-2.440,-2.393,0.12,0.450,-0.023,0.000,0.000,0.000,0.687,2.42,10.77566355,106.67091827,10.51,"10°46'32.39""N, 106°40'15.31""E",FIX,
10:14:10.856,1786158850.857,TRACKING,9.214,-2.465,-2.395,0.12,0.450,-0.024,0.000,0.000,0.000,0.771,2.45,10.77566355,106.67091827,10.51,"10°46'32.39""N, 106°40'15.31""E",FIX,
10:14:10.932,1786158850.932,TRACKING,9.201,-2.477,-2.396,0.11,0.450,-0.025,0.000,0.000,0.000,0.833,2.47,10.77566355,106.67091827,10.51,"10°46'32.39""N, 106°40'15.31""E",FIX,
10:14:11.042,1786158851.042,TRACKING,9.174,-2.501,-2.398,0.11,0.450,-0.020,0.000,0.000,0.000,0.917,2.51,10.77566354,106.67091786,10.51,"10°46'32.39""N, 106°40'15.30""E",FIX,
10:14:11.135,1786158851.135,TRACKING,9.154,-2.520,-2.399,0.11,0.450,-0.021,0.000,0.000,0.000,1.000,2.53,10.77566354,106.67091786,10.51,"10°46'32.39""N, 106°40'15.30""E",FIX,
10:14:11.262,1786158851.262,TRACKING,9.128,-2.544,-2.401,0.10,0.450,-0.025,0.000,0.000,0.000,1.000,2.57,10.77566354,106.67091786,10.51,"10°46'32.39""N, 106°40'15.30""E",FIX,
10:14:11.379,1786158851.380,TRACKING,9.108,-2.562,-2.402,0.10,0.450,-0.017,0.000,0.000,0.000,1.000,2.60,10.77566352,106.67091745,10.51,"10°46'32.39""N, 106°40'15.30""E",FIX,
10:14:11.446,1786158851.446,TRACKING,9.088,-2.580,-2.403,0.10,0.450,-0.019,0.000,0.000,0.000,1.000,2.62,10.77566352,106.67091745,10.51,"10°46'32.39""N, 106°40'15.30""E",FIX,
10:14:11.544,1786158851.545,TRACKING,9.068,-2.598,-2.404,0.09,0.450,-0.022,0.000,0.000,0.000,1.000,2.65,10.77566352,106.67091745,10.51,"10°46'32.39""N, 106°40'15.30""E",FIX,
10:14:11.626,1786158851.627,TRACKING,9.041,-2.623,-2.406,0.09,0.450,-0.016,0.000,0.000,0.000,1.000,2.69,10.77566351,106.67091703,10.51,"10°46'32.39""N, 106°40'15.30""E",FIX,
10:14:11.708,1786158851.709,TRACKING,9.021,-2.641,-2.407,0.09,0.450,-0.017,0.000,0.000,0.000,1.000,2.71,10.77566351,106.67091703,10.51,"10°46'32.39""N, 106°40'15.30""E",FIX,
10:14:11.784,1786158851.784,TRACKING,8.994,-2.665,-2.409,0.09,0.450,-0.019,0.000,0.000,0.000,1.000,2.75,10.77566351,106.67091703,10.51,"10°46'32.39""N, 106°40'15.30""E",FIX,
10:14:11.874,1786158851.875,TRACKING,8.974,-2.683,-2.410,0.08,0.450,-0.019,0.000,0.000,0.000,1.000,2.78,10.77566350,106.67091662,10.51,"10°46'32.39""N, 106°40'15.30""E",FIX,
10:14:11.967,1786158851.967,TRACKING,8.954,-2.701,-2.411,0.08,0.450,-0.013,0.000,0.000,0.000,1.000,2.80,10.77566350,106.67091662,10.51,"10°46'32.39""N, 106°40'15.30""E",FIX,
10:14:12.090,1786158852.090,TRACKING,8.934,-2.719,-2.412,0.08,0.450,-0.015,0.000,0.000,0.000,1.000,2.83,10.77566350,106.67091662,10.51,"10°46'32.39""N, 106°40'15.30""E",FIX,
10:14:12.194,1786158852.194,TRACKING,8.907,-2.743,-2.413,0.08,0.450,-0.017,0.000,0.000,0.000,1.000,2.87,10.77566349,106.67091621,10.51,"10°46'32.39""N, 106°40'15.30""E",FIX,
10:14:12.275,1786158852.275,TRACKING,8.887,-2.761,-2.414,0.08,0.450,-0.017,0.000,0.000,0.000,1.000,2.89,10.77566349,106.67091621,10.51,"10°46'32.39""N, 106°40'15.30""E",FIX,
10:14:12.339,1786158852.340,TRACKING,8.867,-2.779,-2.415,0.07,0.450,-0.018,0.000,0.000,0.000,1.000,2.92,10.77566349,106.67091621,10.51,"10°46'32.39""N, 106°40'15.30""E",FIX,
10:14:12.445,1786158852.445,TRACKING,8.840,-2.803,-2.416,0.07,0.450,-0.013,0.000,0.000,0.000,1.000,2.96,10.77566348,106.67091580,10.51,"10°46'32.39""N, 106°40'15.30""E",FIX,
10:14:12.528,1786158852.529,TRACKING,8.820,-2.821,-2.417,0.07,0.450,-0.012,0.000,0.000,0.000,1.000,2.98,10.77566348,106.67091580,10.51,"10°46'32.39""N, 106°40'15.30""E",FIX,
10:14:12.627,1786158852.628,TRACKING,8.793,-2.845,-2.418,0.07,0.450,-0.015,0.000,0.000,0.000,1.000,3.02,10.77566348,106.67091580,10.51,"10°46'32.39""N, 106°40'15.30""E",FIX,
10:14:12.704,1786158852.705,TRACKING,8.779,-2.856,-2.419,0.07,0.450,-0.015,0.000,0.000,0.000,1.000,3.04,10.77566348,106.67091580,10.51,"10°46'32.39""N, 106°40'15.30""E",FIX,
10:14:12.772,1786158852.773,TRACKING,8.752,-2.880,-2.420,0.07,0.450,-0.016,0.000,0.000,0.000,1.000,3.07,10.77566347,106.67091539,10.51,"10°46'32.39""N, 106°40'15.30""E",FIX,
10:14:12.852,1786158852.852,TRACKING,8.732,-2.898,-2.421,0.06,0.450,-0.010,0.000,0.000,0.000,1.000,3.10,10.77566347,106.67091539,10.51,"10°46'32.39""N, 106°40'15.30""E",FIX,
10:14:12.920,1786158852.920,TRACKING,8.712,-2.916,-2.422,0.06,0.450,-0.009,0.000,0.000,0.000,0.604,3.13,10.77566347,106.67091539,10.51,"10°46'32.39""N, 106°40'15.30""E",FIX,
10:14:13.018,1786158853.018,TRACKING,8.685,-2.940,-2.423,0.06,0.450,-0.013,0.000,0.000,0.000,0.583,3.16,10.77566346,106.67091498,10.51,"10°46'32.39""N, 106°40'15.29""E",FIX,
10:14:13.086,1786158853.086,TRACKING,8.664,-2.957,-2.423,0.05,0.450,-0.005,0.000,0.000,0.000,0.667,3.19,10.77566346,106.67091498,10.51,"10°46'32.39""N, 106°40'15.29""E",FIX,
10:14:13.198,1786158853.198,TRACKING,8.637,-2.981,-2.424,0.05,0.450,-0.009,0.000,0.000,0.000,0.729,3.23,10.77566345,106.67091457,10.51,"10°46'32.39""N, 106°40'15.29""E",FIX,
10:14:13.265,1786158853.266,TRACKING,8.624,-2.993,-2.424,0.05,0.450,-0.007,0.000,0.000,0.000,0.812,3.25,10.77566345,106.67091457,10.51,"10°46'32.39""N, 106°40'15.29""E",FIX,
10:14:13.350,1786158853.351,TRACKING,8.596,-3.017,-2.425,0.05,0.450,-0.011,0.000,0.000,0.000,0.875,3.28,10.77566345,106.67091457,10.51,"10°46'32.39""N, 106°40'15.29""E",FIX,
10:14:13.447,1786158853.447,TRACKING,8.576,-3.034,-2.425,0.05,0.450,-0.011,0.000,0.000,0.000,0.958,3.31,10.77566345,106.67091457,10.51,"10°46'32.39""N, 106°40'15.29""E",FIX,
10:14:13.520,1786158853.520,TRACKING,8.549,-3.058,-2.426,0.05,0.450,-0.011,0.000,0.000,0.000,1.000,3.34,10.77566345,106.67091415,10.51,"10°46'32.39""N, 106°40'15.29""E",FIX,
10:14:13.605,1786158853.605,TRACKING,8.529,-3.076,-2.427,0.05,0.450,-0.012,0.000,0.000,0.000,1.000,3.37,10.77566345,106.67091415,10.51,"10°46'32.39""N, 106°40'15.29""E",FIX,
10:14:13.693,1786158853.694,TRACKING,8.508,-3.093,-2.427,0.05,0.450,-0.012,0.000,0.000,0.000,1.000,3.40,10.77566345,106.67091415,10.51,"10°46'32.39""N, 106°40'15.29""E",FIX,
10:14:13.780,1786158853.781,TRACKING,8.481,-3.117,-2.428,0.05,0.450,-0.012,0.000,0.000,0.000,1.000,3.43,10.77566344,106.67091374,10.51,"10°46'32.39""N, 106°40'15.29""E",FIX,
10:14:13.860,1786158853.861,TRACKING,8.454,-3.140,-2.429,0.04,0.450,-0.009,0.000,0.000,0.000,1.000,3.47,10.77566344,106.67091374,10.51,"10°46'32.39""N, 106°40'15.29""E",FIX,
10:14:13.928,1786158853.928,TRACKING,8.440,-3.152,-2.430,0.04,0.450,-0.001,0.000,0.000,0.000,1.000,3.49,10.77566344,106.67091374,10.51,"10°46'32.39""N, 106°40'15.29""E",FIX,
10:14:14.020,1786158854.020,TRACKING,8.420,-3.170,-2.430,0.04,0.450,-0.008,0.000,0.000,0.000,1.000,3.52,10.77566343,106.67091333,10.51,"10°46'32.39""N, 106°40'15.29""E",FIX,
10:14:14.100,1786158854.101,TRACKING,8.399,-3.187,-2.430,0.04,0.450,-0.007,0.000,0.000,0.000,1.000,3.54,10.77566343,106.67091333,10.51,"10°46'32.39""N, 106°40'15.29""E",FIX,
10:14:14.212,1786158854.212,TRACKING,8.372,-3.211,-2.431,0.04,0.450,-0.009,0.000,0.000,0.000,1.000,3.58,10.77566343,106.67091333,10.51,"10°46'32.39""N, 106°40'15.29""E",FIX,
10:14:14.290,1786158854.291,TRACKING,8.351,-3.229,-2.431,0.04,0.450,-0.009,0.000,0.000,0.000,1.000,3.61,10.77566343,106.67091292,10.51,"10°46'32.39""N, 106°40'15.29""E",FIX,
10:14:14.379,1786158854.379,TRACKING,8.331,-3.246,-2.432,0.04,0.450,-0.009,0.000,0.000,0.000,1.000,3.63,10.77566343,106.67091292,10.51,"10°46'32.39""N, 106°40'15.29""E",FIX,
10:14:14.531,1786158854.532,TRACKING,8.310,-3.264,-2.432,0.04,0.450,-0.009,0.000,0.000,0.000,1.000,3.66,10.77566343,106.67091292,10.51,"10°46'32.39""N, 106°40'15.29""E",FIX,
10:14:14.646,1786158854.647,TRACKING,8.283,-3.287,-2.433,0.04,0.450,-0.010,0.000,0.000,0.000,1.000,3.70,10.77566342,106.67091251,10.51,"10°46'32.39""N, 106°40'15.29""E",FIX,
10:14:14.719,1786158854.719,TRACKING,8.263,-3.305,-2.434,0.04,0.450,-0.010,0.000,0.000,0.000,1.000,3.72,10.77566342,106.67091251,10.51,"10°46'32.39""N, 106°40'15.29""E",FIX,
10:14:14.810,1786158854.811,TRACKING,8.242,-3.322,-2.434,0.04,0.450,-0.010,0.000,0.000,0.000,1.000,3.75,10.77566342,106.67091251,10.51,"10°46'32.39""N, 106°40'15.29""E",FIX,
10:14:14.903,1786158854.903,TRACKING,8.222,-3.340,-2.435,0.04,0.450,-0.010,0.000,0.000,0.000,1.000,3.78,10.77566342,106.67091210,10.51,"10°46'32.39""N, 106°40'15.28""E",FIX,
10:14:15.023,1786158855.023,TRACKING,8.194,-3.363,-2.436,0.04,0.450,-0.010,0.000,0.000,0.000,1.000,3.81,10.77566342,106.67091210,10.51,"10°46'32.39""N, 106°40'15.28""E",FIX,
10:14:15.125,1786158855.126,TRACKING,8.167,-3.387,-2.436,0.04,0.450,-0.010,0.000,0.000,0.000,1.000,3.85,10.77566342,106.67091210,10.51,"10°46'32.39""N, 106°40'15.28""E",FIX,
10:14:15.242,1786158855.242,TRACKING,8.146,-3.404,-2.437,0.03,0.450,-0.002,0.000,0.000,0.000,1.000,3.88,10.77566341,106.67091169,10.51,"10°46'32.39""N, 106°40'15.28""E",FIX,
10:14:15.342,1786158855.343,TRACKING,8.126,-3.422,-2.437,0.03,0.450,-0.011,0.000,0.000,0.000,1.000,3.90,10.77566341,106.67091169,10.51,"10°46'32.39""N, 106°40'15.28""E",FIX,
10:14:15.405,1786158855.405,TRACKING,8.105,-3.439,-2.437,0.04,0.450,-0.011,0.000,0.000,0.000,0.500,3.93,10.77566341,106.67091169,10.51,"10°46'32.39""N, 106°40'15.28""E",FIX,
10:14:15.505,1786158855.505,TRACKING,8.078,-3.462,-2.438,0.04,0.450,-0.010,0.000,0.000,0.000,0.542,3.97,10.77566341,106.67091127,10.51,"10°46'32.39""N, 106°40'15.28""E",FIX,
10:14:15.588,1786158855.589,TRACKING,8.057,-3.480,-2.439,0.04,0.450,-0.010,0.000,0.000,0.000,0.604,3.99,10.77566341,106.67091127,10.51,"10°46'32.39""N, 106°40'15.28""E",FIX,
10:14:15.663,1786158855.663,TRACKING,8.036,-3.497,-2.440,0.04,0.450,-0.010,0.000,0.000,0.000,0.667,4.02,10.77566341,106.67091127,10.51,"10°46'32.39""N, 106°40'15.28""E",FIX,
10:14:15.741,1786158855.741,TRACKING,8.016,-3.515,-2.440,0.04,0.450,-0.010,0.000,0.000,0.000,0.750,4.05,10.77566340,106.67091086,10.51,"10°46'32.39""N, 106°40'15.28""E",FIX,
10:14:15.859,1786158855.860,TRACKING,7.988,-3.538,-2.441,0.03,0.450,-0.006,0.000,0.000,0.000,0.833,4.08,10.77566340,106.67091086,10.51,"10°46'32.39""N, 106°40'15.28""E",FIX,
10:14:15.962,1786158855.963,TRACKING,7.975,-3.549,-2.441,0.03,0.450,-0.002,0.000,0.000,0.000,0.896,4.10,10.77566340,106.67091086,10.51,"10°46'32.39""N, 106°40'15.28""E",FIX,
10:14:16.092,1786158856.092,TRACKING,7.947,-3.573,-2.442,0.03,0.450,-0.005,0.000,0.000,0.000,0.979,4.14,10.77566340,106.67091045,10.51,"10°46'32.39""N, 106°40'15.28""E",FIX,
10:14:16.192,1786158856.193,TRACKING,7.919,-3.596,-2.442,0.03,0.450,-0.006,0.000,0.000,0.000,1.000,4.17,10.77566340,106.67091045,10.51,"10°46'32.39""N, 106°40'15.28""E",FIX,
10:14:16.269,1786158856.270,TRACKING,7.899,-3.613,-2.442,0.03,0.450,-0.006,0.000,0.000,0.000,1.000,4.20,10.77566340,106.67091045,10.51,"10°46'32.39""N, 106°40'15.28""E",FIX,
10:14:16.350,1786158856.351,TRACKING,7.878,-3.631,-2.443,0.03,0.450,-0.007,0.000,0.000,0.000,1.000,4.23,10.77566340,106.67091004,10.51,"10°46'32.39""N, 106°40'15.28""E",FIX,
10:14:16.451,1786158856.451,TRACKING,7.851,-3.654,-2.443,0.03,0.450,-0.007,0.000,0.000,0.000,1.000,4.26,10.77566340,106.67091004,10.51,"10°46'32.39""N, 106°40'15.28""E",FIX,
10:14:16.508,1786158856.508,TRACKING,7.830,-3.671,-2.444,0.03,0.450,-0.007,0.000,0.000,0.000,1.000,4.29,10.77566340,106.67091004,10.51,"10°46'32.39""N, 106°40'15.28""E",FIX,
10:14:16.604,1786158856.605,TRACKING,7.809,-3.688,-2.444,0.03,0.450,-0.007,0.000,0.000,0.000,1.000,4.32,10.77566339,106.67090963,10.51,"10°46'32.39""N, 106°40'15.27""E",FIX,
10:14:16.735,1786158856.736,TRACKING,7.782,-3.712,-2.444,0.03,0.450,-0.007,0.000,0.000,0.000,1.000,4.35,10.77566339,106.67090963,10.51,"10°46'32.39""N, 106°40'15.27""E",FIX,
10:14:16.816,1786158856.817,TRACKING,7.761,-3.729,-2.445,0.03,0.450,-0.007,0.000,0.000,0.000,1.000,4.38,10.77566339,106.67090963,10.51,"10°46'32.39""N, 106°40'15.27""E",FIX,
10:14:16.904,1786158856.905,TRACKING,7.740,-3.746,-2.445,0.03,0.450,-0.007,0.000,0.000,0.000,1.000,4.41,10.77566339,106.67090922,10.51,"10°46'32.39""N, 106°40'15.27""E",FIX,
10:14:16.994,1786158856.994,TRACKING,7.720,-3.764,-2.446,0.03,0.450,-0.007,0.000,0.000,0.000,1.000,4.43,10.77566339,106.67090922,10.51,"10°46'32.39""N, 106°40'15.27""E",FIX,
10:14:17.096,1786158857.097,TRACKING,7.692,-3.787,-2.446,0.03,0.450,-0.007,0.000,0.000,0.000,1.000,4.47,10.77566339,106.67090922,10.51,"10°46'32.39""N, 106°40'15.27""E",FIX,
10:14:17.222,1786158857.223,TRACKING,7.671,-3.804,-2.447,0.03,0.450,-0.007,0.000,0.000,0.000,1.000,4.50,10.77566339,106.67090881,10.51,"10°46'32.39""N, 106°40'15.27""E",FIX,
10:14:17.345,1786158857.345,TRACKING,7.650,-3.821,-2.447,0.03,0.450,-0.007,0.000,0.000,0.000,1.000,4.52,10.77566339,106.67090881,10.51,"10°46'32.39""N, 106°40'15.27""E",FIX,
10:14:17.508,1786158857.509,TRACKING,7.630,-3.838,-2.448,0.03,0.450,-0.007,0.000,0.000,0.000,1.000,4.55,10.77566339,106.67090881,10.51,"10°46'32.39""N, 106°40'15.27""E",FIX,
10:14:17.606,1786158857.606,TRACKING,7.609,-3.856,-2.448,0.03,0.450,-0.007,0.000,0.000,0.000,1.000,4.58,10.77566338,106.67090839,10.51,"10°46'32.39""N, 106°40'15.27""E",FIX,
10:14:17.702,1786158857.703,TRACKING,7.581,-3.879,-2.449,0.03,0.450,-0.013,0.000,0.000,0.000,1.000,4.61,10.77566338,106.67090839,10.51,"10°46'32.39""N, 106°40'15.27""E",FIX,
10:14:17.791,1786158857.792,TRACKING,7.553,-3.902,-2.450,0.03,0.450,-0.006,0.000,0.000,0.000,1.000,4.65,10.77566338,106.67090839,10.51,"10°46'32.39""N, 106°40'15.27""E",FIX,
10:14:17.864,1786158857.865,TRACKING,7.533,-3.919,-2.450,0.03,0.450,-0.006,0.000,0.000,0.000,1.000,4.68,10.77566338,106.67090798,10.51,"10°46'32.39""N, 106°40'15.27""E",FIX,
10:14:17.959,1786158857.959,TRACKING,7.505,-3.942,-2.451,0.03,0.450,-0.000,0.000,0.000,0.000,1.000,4.71,10.77566338,106.67090798,10.51,"10°46'32.39""N, 106°40'15.27""E",FIX,
10:14:18.057,1786158858.057,TRACKING,7.484,-3.959,-2.451,0.02,0.450,0.013,0.000,0.000,0.000,0.604,4.74,10.77566338,106.67090798,10.51,"10°46'32.39""N, 106°40'15.27""E",FIX,
10:14:18.131,1786158858.132,TRACKING,7.463,-3.976,-2.450,0.01,0.450,0.012,0.000,0.000,0.000,0.583,4.77,10.77566338,106.67090757,10.51,"10°46'32.39""N, 106°40'15.27""E",FIX,
10:14:18.246,1786158858.246,TRACKING,7.443,-3.994,-2.450,0.01,0.450,0.005,0.000,0.000,0.000,0.667,4.79,10.77566338,106.67090757,10.51,"10°46'32.39""N, 106°40'15.27""E",FIX,
10:14:18.337,1786158858.337,TRACKING,7.415,-4.017,-2.449,0.00,0.450,0.003,0.000,0.000,0.000,0.729,4.83,10.77566338,106.67090757,10.51,"10°46'32.39""N, 106°40'15.27""E",FIX,
10:14:18.447,1786158858.447,TRACKING,7.401,-4.028,-2.449,0.00,0.450,0.003,0.000,0.000,0.000,0.792,4.85,10.77566338,106.67090716,10.51,"10°46'32.39""N, 106°40'15.27""E",FIX,
10:14:18.546,1786158858.546,TRACKING,7.373,-4.051,-2.449,0.00,0.450,0.002,0.000,0.000,0.000,0.875,4.88,10.77566338,106.67090716,10.51,"10°46'32.39""N, 106°40'15.27""E",FIX,
10:14:18.631,1786158858.631,TRACKING,7.346,-4.074,-2.448,0.00,0.450,0.001,0.000,0.000,0.000,0.937,4.92,10.77566338,106.67090716,10.51,"10°46'32.39""N, 106°40'15.27""E",FIX,
10:14:18.701,1786158858.701,TRACKING,7.332,-4.085,-2.448,0.00,0.450,0.001,0.000,0.000,0.000,1.000,4.94,10.77566338,106.67090675,10.51,"10°46'32.39""N, 106°40'15.26""E",FIX,
10:14:18.797,1786158858.797,TRACKING,7.304,-4.108,-2.448,0.00,0.450,0.000,0.000,0.000,0.000,1.000,4.97,10.77566338,106.67090675,10.51,"10°46'32.39""N, 106°40'15.26""E",FIX,
10:14:18.883,1786158858.883,TRACKING,7.283,-4.126,-2.448,0.00,0.450,0.000,0.000,0.000,0.000,1.000,5.00,10.77566338,106.67090675,10.51,"10°46'32.39""N, 106°40'15.26""E",FIX,
10:14:18.969,1786158858.970,TRACKING,7.263,-4.143,-2.448,0.00,0.450,0.000,0.000,0.000,0.000,1.000,5.03,10.77566338,106.67090634,10.51,"10°46'32.39""N, 106°40'15.26""E",FIX,
10:14:19.089,1786158859.089,TRACKING,7.235,-4.166,-2.448,0.00,0.450,0.000,0.000,0.000,0.000,1.000,5.06,10.77566338,106.67090634,10.51,"10°46'32.39""N, 106°40'15.26""E",FIX,
10:14:19.161,1786158859.161,TRACKING,7.214,-4.183,-2.448,0.00,0.450,0.000,0.000,0.000,0.000,1.000,5.09,10.77566338,106.67090634,10.51,"10°46'32.39""N, 106°40'15.26""E",FIX,
10:14:19.255,1786158859.255,TRACKING,7.193,-4.201,-2.448,0.00,0.450,-0.008,0.000,0.000,0.000,1.000,5.12,10.77566338,106.67090593,10.51,"10°46'32.39""N, 106°40'15.26""E",FIX,
10:14:19.344,1786158859.345,TRACKING,7.166,-4.224,-2.449,0.00,0.450,0.001,0.000,0.000,0.000,1.000,5.15,10.77566338,106.67090593,10.51,"10°46'32.39""N, 106°40'15.26""E",FIX,
10:14:19.426,1786158859.427,TRACKING,7.152,-4.235,-2.449,0.00,0.450,0.002,0.000,0.000,0.000,1.000,5.17,10.77566338,106.67090593,10.51,"10°46'32.39""N, 106°40'15.26""E",FIX,
10:14:19.539,1786158859.540,TRACKING,7.124,-4.258,-2.449,0.00,0.450,0.001,0.000,0.000,0.000,1.000,5.21,10.77566338,106.67090551,10.51,"10°46'32.39""N, 106°40'15.26""E",FIX,
10:14:19.657,1786158859.657,TRACKING,7.096,-4.281,-2.449,0.00,0.450,0.000,0.000,0.000,0.000,1.000,5.24,10.77566338,106.67090551,10.51,"10°46'32.39""N, 106°40'15.26""E",FIX,
10:14:19.742,1786158859.743,TRACKING,7.076,-4.298,-2.449,0.00,0.450,0.000,0.000,0.000,0.000,1.000,5.27,10.77566338,106.67090551,10.51,"10°46'32.39""N, 106°40'15.26""E",FIX,
10:14:19.821,1786158859.821,TRACKING,7.055,-4.316,-2.449,0.00,0.450,0.000,0.000,0.000,0.000,1.000,5.30,10.77566338,106.67090510,10.51,"10°46'32.39""N, 106°40'15.26""E",FIX,
10:14:19.923,1786158859.924,TRACKING,7.034,-4.333,-2.449,0.00,0.450,0.000,0.000,0.000,0.000,1.000,5.32,10.77566338,106.67090510,10.51,"10°46'32.39""N, 106°40'15.26""E",FIX,
10:14:20.024,1786158860.024,TRACKING,7.006,-4.356,-2.449,0.00,0.450,0.000,0.000,0.000,0.000,1.000,5.36,10.77566338,106.67090510,10.51,"10°46'32.39""N, 106°40'15.26""E",FIX,
10:14:20.131,1786158860.132,TRACKING,6.986,-4.373,-2.449,0.00,0.450,0.000,0.000,0.000,0.000,1.000,5.39,10.77566337,106.67090469,10.51,"10°46'32.39""N, 106°40'15.26""E",FIX,
10:14:20.222,1786158860.222,TRACKING,6.965,-4.390,-2.449,0.00,0.450,0.000,0.000,0.000,0.000,1.000,5.41,10.77566337,106.67090469,10.51,"10°46'32.39""N, 106°40'15.26""E",FIX,
10:14:20.306,1786158860.307,TRACKING,6.937,-4.413,-2.449,0.00,0.450,0.000,0.000,0.000,0.000,1.000,5.45,10.77566337,106.67090469,10.51,"10°46'32.39""N, 106°40'15.26""E",FIX,
10:14:20.394,1786158860.394,TRACKING,6.916,-4.430,-2.449,0.00,0.450,-0.004,0.000,0.000,0.000,1.000,5.48,10.77566337,106.67090428,10.51,"10°46'32.39""N, 106°40'15.26""E",FIX,
10:14:20.470,1786158860.470,TRACKING,6.896,-4.448,-2.449,0.01,0.450,-0.021,0.000,0.000,0.000,1.000,5.50,10.77566337,106.67090428,10.51,"10°46'32.39""N, 106°40'15.26""E",FIX,
10:14:20.558,1786158860.559,TRACKING,6.868,-4.471,-2.450,0.02,0.450,-0.021,0.000,0.000,0.000,1.000,5.54,10.77566337,106.67090428,10.51,"10°46'32.39""N, 106°40'15.26""E",FIX,
10:14:20.613,1786158860.613,TRACKING,6.854,-4.482,-2.451,0.03,0.450,-0.025,0.000,0.000,0.000,0.583,5.56,10.77566337,106.67090428,10.51,"10°46'32.39""N, 106°40'15.26""E",FIX,
10:14:20.737,1786158860.738,TRACKING,6.819,-4.511,-2.453,0.03,0.450,-0.014,0.000,0.000,0.000,0.667,5.60,10.77566337,106.67090387,10.51,"10°46'32.39""N, 106°40'15.25""E",FIX,
10:14:20.852,1786158860.852,TRACKING,6.798,-4.528,-2.454,0.03,0.450,-0.006,0.000,0.000,0.000,0.729,5.63,10.77566337,106.67090387,10.51,"10°46'32.39""N, 106°40'15.25""E",FIX,
10:14:20.900,1786158860.900,TRACKING,6.778,-4.545,-2.455,0.03,0.450,-0.007,0.000,0.000,0.000,0.792,5.66,10.77566337,106.67090346,10.51,"10°46'32.39""N, 106°40'15.25""E",FIX,
10:14:21.001,1786158861.002,TRACKING,6.750,-4.568,-2.455,0.03,0.450,-0.007,0.000,0.000,0.000,0.875,5.69,10.77566337,106.67090346,10.51,"10°46'32.39""N, 106°40'15.25""E",FIX,
10:14:21.097,1786158861.098,TRACKING,6.729,-4.585,-2.456,0.03,0.450,-0.007,0.000,0.000,0.000,0.937,5.72,10.77566337,106.67090346,10.51,"10°46'32.39""N, 106°40'15.25""E",FIX,
10:14:21.183,1786158861.184,TRACKING,6.708,-4.602,-2.456,0.03,0.450,-0.007,0.000,0.000,0.000,1.000,5.75,10.77566337,106.67090305,10.51,"10°46'32.39""N, 106°40'15.25""E",FIX,
10:14:21.267,1786158861.267,TRACKING,6.687,-4.619,-2.457,0.03,0.450,-0.007,0.000,0.000,0.000,1.000,5.77,10.77566337,106.67090305,10.51,"10°46'32.39""N, 106°40'15.25""E",FIX,
10:14:21.383,1786158861.384,TRACKING,6.666,-4.636,-2.457,0.03,0.450,-0.007,0.000,0.000,0.000,1.000,5.80,10.77566337,106.67090305,10.51,"10°46'32.39""N, 106°40'15.25""E",FIX,
10:14:21.472,1786158861.473,TRACKING,6.638,-4.659,-2.458,0.03,0.450,-0.007,0.000,0.000,0.000,1.000,5.84,10.77566337,106.67090263,10.51,"10°46'32.39""N, 106°40'15.25""E",FIX,
10:14:21.546,1786158861.547,TRACKING,6.617,-4.676,-2.458,0.03,0.450,-0.007,0.000,0.000,0.000,1.000,5.86,10.77566337,106.67090263,10.51,"10°46'32.39""N, 106°40'15.25""E",FIX,
10:14:21.652,1786158861.652,TRACKING,6.596,-4.693,-2.459,0.02,0.450,0.001,0.000,0.000,0.000,1.000,5.89,10.77566337,106.67090263,10.51,"10°46'32.39""N, 106°40'15.25""E",FIX,
10:14:21.785,1786158861.785,TRACKING,6.568,-4.716,-2.459,0.02,0.450,-0.003,0.000,0.000,0.000,1.000,5.93,10.77566337,106.67090222,10.51,"10°46'32.39""N, 106°40'15.25""E",FIX,
10:14:21.856,1786158861.857,TRACKING,6.547,-4.733,-2.459,0.02,0.450,-0.002,0.000,0.000,0.000,1.000,5.95,10.77566337,106.67090222,10.51,"10°46'32.39""N, 106°40'15.25""E",FIX,
10:14:21.938,1786158861.939,TRACKING,6.526,-4.750,-2.459,0.02,0.450,-0.004,0.000,0.000,0.000,1.000,5.98,10.77566337,106.67090222,10.51,"10°46'32.39""N, 106°40'15.25""E",FIX,
10:14:22.022,1786158862.023,TRACKING,6.506,-4.767,-2.459,0.02,0.450,-0.004,0.000,0.000,0.000,1.000,6.01,10.77566337,106.67090222,10.51,"10°46'32.39""N, 106°40'15.25""E",FIX,
10:14:22.117,1786158862.117,TRACKING,6.485,-4.784,-2.459,0.02,0.450,-0.004,0.000,0.000,0.000,1.000,6.04,10.77566337,106.67090181,10.51,"10°46'32.39""N, 106°40'15.25""E",FIX,
10:14:22.202,1786158862.203,TRACKING,6.464,-4.801,-2.460,0.02,0.450,-0.004,0.000,0.000,0.000,1.000,6.06,10.77566337,106.67090181,10.51,"10°46'32.39""N, 106°40'15.25""E",FIX,
10:14:22.333,1786158862.334,TRACKING,6.436,-4.824,-2.460,0.02,0.450,-0.005,0.000,0.000,0.000,1.000,6.10,10.77566337,106.67090181,10.51,"10°46'32.39""N, 106°40'15.25""E",FIX,
10:14:22.416,1786158862.417,TRACKING,6.408,-4.846,-2.460,0.02,0.450,-0.005,0.000,0.000,0.000,1.000,6.13,10.77566337,106.67090140,10.51,"10°46'32.39""N, 106°40'15.25""E",FIX,
10:14:22.500,1786158862.500,TRACKING,6.387,-4.863,-2.461,0.02,0.450,-0.005,0.000,0.000,0.000,1.000,6.16,10.77566337,106.67090140,10.51,"10°46'32.39""N, 106°40'15.25""E",FIX,
10:14:22.583,1786158862.583,TRACKING,6.359,-4.886,-2.461,0.02,0.450,-0.005,0.000,0.000,0.000,1.000,6.20,10.77566337,106.67090099,10.51,"10°46'32.39""N, 106°40'15.24""E",FIX,
10:14:22.663,1786158862.664,TRACKING,6.338,-4.903,-2.461,0.02,0.450,-0.005,0.000,0.000,0.000,1.000,6.22,10.77566337,106.67090099,10.51,"10°46'32.39""N, 106°40'15.24""E",FIX,
10:14:22.741,1786158862.741,TRACKING,6.324,-4.914,-2.461,0.02,0.450,-0.005,0.000,0.000,0.000,1.000,6.24,10.77566337,106.67090099,10.51,"10°46'32.39""N, 106°40'15.24""E",FIX,
10:14:22.841,1786158862.841,TRACKING,6.289,-4.943,-2.462,0.02,0.450,-0.005,0.000,0.000,0.000,1.000,6.29,10.77566337,106.67090058,10.51,"10°46'32.39""N, 106°40'15.24""E",FIX,
10:14:22.921,1786158862.922,TRACKING,6.268,-4.960,-2.462,0.01,0.450,0.017,0.000,0.000,0.000,1.000,6.31,10.77566337,106.67090058,10.51,"10°46'32.39""N, 106°40'15.24""E",FIX,
10:14:23.019,1786158863.019,TRACKING,6.247,-4.977,-2.462,0.00,0.450,0.012,0.000,0.000,0.000,0.521,6.34,10.77566337,106.67090058,10.51,"10°46'32.39""N, 106°40'15.24""E",FIX,
10:14:23.103,1786158863.103,TRACKING,6.226,-4.994,-2.461,-0.00,0.450,0.006,0.000,0.000,0.000,0.583,6.37,10.77566337,106.67090058,10.51,"10°46'32.39""N, 106°40'15.24""E",FIX,
10:14:23.206,1786158863.206,TRACKING,6.205,-5.011,-2.460,-0.00,0.450,-0.000,0.000,0.000,0.000,0.667,6.40,10.77566337,106.67090017,10.51,"10°46'32.39""N, 106°40'15.24""E",FIX,
10:14:23.275,1786158863.276,TRACKING,6.184,-5.028,-2.460,-0.00,0.450,-0.000,0.000,0.000,0.000,0.729,6.42,10.77566337,106.67090017,10.51,"10°46'32.39""N, 106°40'15.24""E",FIX,
10:14:23.383,1786158863.383,TRACKING,6.156,-5.050,-2.460,-0.00,0.450,-0.000,0.000,0.000,0.000,0.812,6.46,10.77566337,106.67090017,10.51,"10°46'32.39""N, 106°40'15.24""E",FIX,
10:14:23.459,1786158863.459,TRACKING,6.135,-5.067,-2.460,-0.00,0.450,-0.000,0.000,0.000,0.000,0.875,6.49,10.77566337,106.67089975,10.51,"10°46'32.39""N, 106°40'15.24""E",FIX,
10:14:23.541,1786158863.541,TRACKING,6.114,-5.084,-2.460,-0.00,0.450,-0.000,0.000,0.000,0.000,0.958,6.51,10.77566337,106.67089975,10.51,"10°46'32.39""N, 106°40'15.24""E",FIX,
10:14:23.680,1786158863.681,TRACKING,6.093,-5.101,-2.460,-0.00,0.450,0.008,0.000,0.000,0.000,1.000,6.54,10.77566337,106.67089975,10.51,"10°46'32.39""N, 106°40'15.24""E",FIX,
10:14:23.779,1786158863.780,TRACKING,6.065,-5.124,-2.460,-0.00,0.450,-0.001,0.000,0.000,0.000,1.000,6.58,10.77566337,106.67089934,10.51,"10°46'32.39""N, 106°40'15.24""E",FIX,
10:14:23.870,1786158863.871,TRACKING,6.044,-5.141,-2.459,-0.00,0.450,-0.001,0.000,0.000,0.000,1.000,6.60,10.77566337,106.67089934,10.51,"10°46'32.39""N, 106°40'15.24""E",FIX,
10:14:23.977,1786158863.977,TRACKING,6.016,-5.164,-2.460,-0.00,0.450,-0.001,0.000,0.000,0.000,1.000,6.64,10.77566337,106.67089934,10.51,"10°46'32.39""N, 106°40'15.24""E",FIX,
10:14:24.058,1786158864.059,TRACKING,5.995,-5.181,-2.460,-0.00,0.450,-0.000,0.000,0.000,0.000,1.000,6.67,10.77566337,106.67089893,10.51,"10°46'32.39""N, 106°40'15.24""E",FIX,
10:14:24.146,1786158864.146,TRACKING,5.974,-5.198,-2.460,-0.00,0.450,-0.000,0.000,0.000,0.000,1.000,6.69,10.77566337,106.67089893,10.51,"10°46'32.39""N, 106°40'15.24""E",FIX,
10:14:24.246,1786158864.246,TRACKING,5.946,-5.220,-2.460,-0.00,0.450,-0.000,0.000,0.000,0.000,1.000,6.73,10.77566337,106.67089893,10.51,"10°46'32.39""N, 106°40'15.24""E",FIX,
10:14:24.327,1786158864.327,TRACKING,5.925,-5.237,-2.460,-0.00,0.450,0.007,0.000,0.000,0.000,1.000,6.76,10.77566338,106.67089852,10.51,"10°46'32.39""N, 106°40'15.23""E",FIX,
10:14:24.418,1786158864.419,TRACKING,5.897,-5.260,-2.459,-0.00,0.450,-0.002,0.000,0.000,0.000,1.000,6.79,10.77566338,106.67089852,10.51,"10°46'32.39""N, 106°40'15.23""E",FIX,
10:14:24.482,1786158864.482,TRACKING,5.883,-5.271,-2.459,-0.00,0.450,-0.002,0.000,0.000,0.000,1.000,6.81,10.77566338,106.67089852,10.51,"10°46'32.39""N, 106°40'15.23""E",FIX,
10:14:24.581,1786158864.582,TRACKING,5.855,-5.294,-2.459,-0.00,0.450,0.005,0.000,0.000,0.000,1.000,6.85,10.77566338,106.67089811,10.51,"10°46'32.39""N, 106°40'15.23""E",FIX,
10:14:24.689,1786158864.689,TRACKING,5.834,-5.311,-2.459,-0.00,0.450,-0.003,0.000,0.000,0.000,1.000,6.87,10.77566338,106.67089811,10.51,"10°46'32.39""N, 106°40'15.23""E",FIX,
10:14:24.803,1786158864.804,TRACKING,5.814,-5.328,-2.459,-0.00,0.450,0.005,0.000,0.000,0.000,1.000,6.90,10.77566338,106.67089811,10.51,"10°46'32.39""N, 106°40'15.23""E",FIX,
10:14:24.871,1786158864.872,TRACKING,5.786,-5.351,-2.459,-0.01,0.450,0.005,0.000,0.000,0.000,1.000,6.94,10.77566338,106.67089770,10.51,"10°46'32.39""N, 106°40'15.23""E",FIX,
10:14:24.956,1786158864.956,TRACKING,5.765,-5.368,-2.459,-0.01,0.450,0.004,0.000,0.000,0.000,1.000,6.96,10.77566338,106.67089770,10.51,"10°46'32.39""N, 106°40'15.23""E",FIX,
10:14:25.046,1786158865.047,TRACKING,5.744,-5.385,-2.459,-0.00,0.450,-0.004,0.000,0.000,0.000,1.000,6.99,10.77566338,106.67089770,10.51,"10°46'32.39""N, 106°40'15.23""E",FIX,
10:14:25.140,1786158865.140,TRACKING,5.716,-5.408,-2.459,-0.01,0.450,0.004,0.000,0.000,0.000,1.000,7.03,10.77566338,106.67089729,10.51,"10°46'32.39""N, 106°40'15.23""E",FIX,
10:14:25.241,1786158865.241,TRACKING,5.695,-5.425,-2.459,-0.01,0.450,0.004,0.000,0.000,0.000,1.000,7.05,10.77566338,106.67089729,10.51,"10°46'32.39""N, 106°40'15.23""E",FIX,
10:14:25.303,1786158865.304,TRACKING,5.667,-5.447,-2.458,-0.01,0.450,0.003,0.000,0.000,0.000,1.000,7.09,10.77566338,106.67089729,10.51,"10°46'32.39""N, 106°40'15.23""E",FIX,
10:14:25.372,1786158865.373,TRACKING,5.653,-5.459,-2.458,-0.01,0.450,-0.006,0.000,0.000,0.000,0.729,7.11,10.77566338,106.67089687,10.51,"10°46'32.39""N, 106°40'15.23""E",FIX,
10:14:25.478,1786158865.479,TRACKING,5.625,-5.482,-2.458,-0.00,0.450,0.000,0.000,0.000,0.000,0.000,7.14,10.77566338,106.67089687,10.51,"10°46'32.39""N, 106°40'15.23""E",FIX,
10:14:25.601,1786158865.601,TRACKING,5.604,-5.499,-2.458,-0.00,0.450,0.000,0.000,0.000,0.000,0.000,7.17,10.77566338,106.67089687,10.51,"10°46'32.39""N, 106°40'15.23""E",FIX,
10:14:25.704,1786158865.705,TRACKING,5.576,-5.521,-2.458,-0.00,0.450,0.000,0.000,0.000,0.000,0.000,7.21,10.77566338,106.67089646,10.51,"10°46'32.39""N, 106°40'15.23""E",FIX,
10:14:25.790,1786158865.790,TRACKING,5.555,-5.538,-2.458,-0.00,0.450,0.000,0.000,0.000,0.000,0.000,7.23,10.77566338,106.67089646,10.51,"10°46'32.39""N, 106°40'15.23""E",FIX,
10:14:25.848,1786158865.849,TRACKING,5.534,-5.555,-2.458,-0.00,0.450,-0.000,0.000,0.000,0.000,0.000,7.26,10.77566338,106.67089646,10.51,"10°46'32.39""N, 106°40'15.23""E",FIX,
10:14:25.939,1786158865.939,TRACKING,5.513,-5.572,-2.458,-0.00,0.450,0.000,0.000,0.000,0.000,0.000,7.29,10.77566338,106.67089605,10.51,"10°46'32.39""N, 106°40'15.23""E",FIX,
10:14:26.043,1786158866.043,TRACKING,5.485,-5.595,-2.458,-0.00,0.450,0.000,0.000,0.000,0.000,0.000,7.32,10.77566338,106.67089605,10.51,"10°46'32.39""N, 106°40'15.23""E",FIX,
10:14:26.149,1786158866.149,TRACKING,5.457,-5.618,-2.458,-0.00,0.450,0.000,0.000,0.000,0.000,0.000,7.36,10.77566338,106.67089605,10.51,"10°46'32.39""N, 106°40'15.23""E",FIX,
10:14:26.224,1786158866.224,TRACKING,5.444,-5.629,-2.458,-0.00,0.450,0.000,0.000,0.000,0.000,0.000,7.38,10.77566338,106.67089564,10.51,"10°46'32.39""N, 106°40'15.22""E",FIX,
10:14:26.298,1786158866.298,TRACKING,5.423,-5.646,-2.458,-0.00,0.450,-0.000,0.000,0.000,0.000,0.000,7.40,10.77566338,106.67089564,10.51,"10°46'32.39""N, 106°40'15.22""E",FIX,
10:14:26.424,1786158866.424,TRACKING,5.395,-5.669,-2.458,-0.00,0.450,0.000,0.000,0.000,0.000,0.000,7.44,10.77566338,106.67089564,10.51,"10°46'32.39""N, 106°40'15.22""E",FIX,
10:14:26.484,1786158866.485,TRACKING,5.374,-5.686,-2.458,-0.00,0.450,0.000,0.000,0.000,0.000,0.000,7.47,10.77566338,106.67089523,10.51,"10°46'32.39""N, 106°40'15.22""E",FIX,
10:14:26.584,1786158866.585,TRACKING,5.353,-5.703,-2.458,-0.00,0.450,0.000,0.000,0.000,0.000,0.000,7.49,10.77566338,106.67089523,10.51,"10°46'32.39""N, 106°40'15.22""E",FIX,
10:14:26.676,1786158866.677,TRACKING,5.325,-5.726,-2.458,-0.00,0.450,0.000,0.000,0.000,0.000,0.000,7.53,10.77566338,106.67089523,10.51,"10°46'32.39""N, 106°40'15.22""E",FIX,
10:14:26.763,1786158866.763,TRACKING,5.304,-5.743,-2.458,-0.00,0.450,0.000,0.000,0.000,0.000,0.000,7.56,10.77566338,106.67089482,10.51,"10°46'32.39""N, 106°40'15.22""E",FIX,
10:14:26.853,1786158866.853,TRACKING,5.276,-5.766,-2.458,-0.00,0.450,0.000,0.000,0.000,0.000,0.000,7.59,10.77566338,106.67089482,10.51,"10°46'32.39""N, 106°40'15.22""E",FIX,
10:14:26.933,1786158866.933,TRACKING,5.262,-5.777,-2.458,-0.00,0.450,-0.000,0.000,0.000,0.000,0.000,7.61,10.77566338,106.67089482,10.51,"10°46'32.39""N, 106°40'15.22""E",FIX,
10:14:27.019,1786158867.019,TRACKING,5.241,-5.794,-2.458,-0.00,0.450,0.000,0.000,0.000,0.000,0.000,7.64,10.77566339,106.67089441,10.51,"10°46'32.39""N, 106°40'15.22""E",FIX,
10:14:27.132,1786158867.132,TRACKING,5.213,-5.817,-2.458,-0.00,0.450,0.000,0.000,0.000,0.000,0.000,7.67,10.77566339,106.67089441,10.51,"10°46'32.39""N, 106°40'15.22""E",FIX,
10:14:27.228,1786158867.228,TRACKING,5.185,-5.839,-2.458,-0.00,0.450,0.000,0.000,0.000,0.000,0.000,7.71,10.77566339,106.67089441,10.51,"10°46'32.39""N, 106°40'15.22""E",FIX,
10:14:27.334,1786158867.335,TRACKING,5.164,-5.857,-2.458,-0.00,0.450,0.000,0.000,0.000,0.000,0.000,7.74,10.77566339,106.67089399,10.51,"10°46'32.39""N, 106°40'15.22""E",FIX,
10:14:27.433,1786158867.433,TRACKING,5.143,-5.874,-2.458,-0.00,0.450,0.000,0.000,0.000,0.000,0.000,7.76,10.77566339,106.67089399,10.51,"10°46'32.39""N, 106°40'15.22""E",FIX,
10:14:27.510,1786158867.510,TRACKING,5.122,-5.891,-2.458,-0.00,0.450,0.000,0.000,0.000,0.000,0.000,7.79,10.77566339,106.67089399,10.51,"10°46'32.39""N, 106°40'15.22""E",FIX,
10:14:27.603,1786158867.603,TRACKING,5.101,-5.908,-2.458,-0.00,0.450,0.000,0.000,0.000,0.000,0.000,7.82,10.77566339,106.67089358,10.51,"10°46'32.39""N, 106°40'15.22""E",FIX,
10:14:27.719,1786158867.720,TRACKING,5.074,-5.930,-2.458,-0.00,0.450,0.000,0.000,0.000,0.000,0.000,7.85,10.77566339,106.67089358,10.51,"10°46'32.39""N, 106°40'15.22""E",FIX,
10:14:27.798,1786158867.799,TRACKING,5.046,-5.953,-2.458,-0.00,0.450,0.000,0.000,0.000,0.000,0.000,7.89,10.77566339,106.67089358,10.51,"10°46'32.39""N, 106°40'15.22""E",FIX,
10:14:27.876,1786158867.876,TRACKING,5.032,-5.964,-2.458,-0.00,0.450,0.000,0.000,0.000,0.000,0.000,7.91,10.77566339,106.67089317,10.51,"10°46'32.39""N, 106°40'15.22""E",FIX,
10:14:27.969,1786158867.969,TRACKING,5.004,-5.987,-2.458,-0.00,0.450,0.000,0.000,0.000,0.000,0.000,7.94,10.77566339,106.67089317,10.51,"10°46'32.39""N, 106°40'15.22""E",FIX,
10:14:28.087,1786158868.088,TRACKING,4.983,-6.004,-2.458,-0.00,0.450,0.000,0.000,0.000,0.000,0.000,7.97,10.77566339,106.67089317,10.51,"10°46'32.39""N, 106°40'15.22""E",FIX,
10:14:28.181,1786158868.182,TRACKING,4.962,-6.021,-2.458,-0.00,0.450,0.000,0.000,0.000,0.000,0.000,8.00,10.77566339,106.67089276,10.51,"10°46'32.39""N, 106°40'15.21""E",FIX,
10:14:28.283,1786158868.284,TRACKING,4.934,-6.044,-2.458,-0.00,0.450,0.000,0.000,0.000,0.000,0.000,8.03,10.77566339,106.67089276,10.51,"10°46'32.39""N, 106°40'15.21""E",FIX,
10:14:28.357,1786158868.357,TRACKING,4.913,-6.061,-2.458,-0.00,0.450,-0.000,0.000,0.000,0.000,0.000,8.06,10.77566339,106.67089276,10.51,"10°46'32.39""N, 106°40'15.21""E",FIX,
10:14:28.437,1786158868.437,TRACKING,4.892,-6.078,-2.458,-0.00,0.450,0.000,0.000,0.000,0.000,0.000,8.09,10.77566339,106.67089235,10.51,"10°46'32.39""N, 106°40'15.21""E",FIX,
10:14:28.557,1786158868.558,TRACKING,4.864,-6.101,-2.458,-0.00,0.450,0.000,0.000,0.000,0.000,0.000,8.12,10.77566339,106.67089235,10.51,"10°46'32.39""N, 106°40'15.21""E",FIX,
10:14:28.638,1786158868.639,TRACKING,4.843,-6.118,-2.458,-0.00,0.450,0.000,0.000,0.000,0.000,0.000,8.15,10.77566339,106.67089235,10.51,"10°46'32.39""N, 106°40'15.21""E",FIX,
10:14:28.757,1786158868.758,TRACKING,4.822,-6.135,-2.458,-0.00,0.450,0.000,0.000,0.000,0.000,0.000,8.18,10.77566339,106.67089194,10.51,"10°46'32.39""N, 106°40'15.21""E",FIX,
10:14:28.866,1786158868.867,TRACKING,4.794,-6.158,-2.458,-0.00,0.450,0.000,0.000,0.000,0.000,0.000,8.21,10.77566339,106.67089194,10.51,"10°46'32.39""N, 106°40'15.21""E",FIX,
10:14:28.931,1786158868.931,TRACKING,4.780,-6.169,-2.458,-0.00,0.450,-0.000,0.000,0.000,0.000,0.000,8.23,10.77566339,106.67089194,10.51,"10°46'32.39""N, 106°40'15.21""E",FIX,
10:14:29.049,1786158869.049,TRACKING,4.752,-6.192,-2.458,-0.00,0.450,0.000,0.000,0.000,0.000,0.000,8.27,10.77566339,106.67089152,10.51,"10°46'32.39""N, 106°40'15.21""E",FIX,
10:14:29.165,1786158869.165,TRACKING,4.725,-6.214,-2.458,-0.00,0.450,0.000,0.000,0.000,0.000,0.000,8.30,10.77566339,106.67089152,10.51,"10°46'32.39""N, 106°40'15.21""E",FIX,
10:14:29.255,1786158869.256,TRACKING,4.704,-6.232,-2.458,-0.00,0.450,0.000,0.000,0.000,0.000,0.000,8.33,10.77566339,106.67089152,10.51,"10°46'32.39""N, 106°40'15.21""E",FIX,
10:14:29.399,1786158869.399,TRACKING,4.683,-6.249,-2.458,-0.00,0.450,0.000,0.000,0.000,0.000,0.000,8.36,10.77566339,106.67089111,10.51,"10°46'32.39""N, 106°40'15.21""E",FIX,
10:14:29.491,1786158869.492,TRACKING,4.655,-6.271,-2.458,-0.00,0.450,0.000,0.000,0.000,0.000,0.000,8.39,10.77566339,106.67089111,10.51,"10°46'32.39""N, 106°40'15.21""E",FIX,
10:14:29.563,1786158869.563,TRACKING,4.634,-6.288,-2.458,-0.00,0.450,0.000,0.000,0.000,0.000,0.000,8.42,10.77566339,106.67089111,10.51,"10°46'32.39""N, 106°40'15.21""E",FIX,
10:14:29.636,1786158869.636,TRACKING,4.613,-6.305,-2.458,-0.00,0.450,0.000,0.000,0.000,0.000,0.000,8.45,10.77566339,106.67089070,10.51,"10°46'32.39""N, 106°40'15.21""E",FIX,
10:14:29.728,1786158869.729,TRACKING,4.592,-6.322,-2.458,-0.00,0.450,0.000,0.000,0.000,0.000,0.000,8.47,10.77566339,106.67089070,10.51,"10°46'32.39""N, 106°40'15.21""E",FIX,
10:14:29.830,1786158869.830,TRACKING,4.571,-6.339,-2.458,-0.00,0.450,0.000,0.000,0.000,0.000,0.000,8.50,10.77566339,106.67089070,10.51,"10°46'32.39""N, 106°40'15.21""E",FIX,
10:14:29.929,1786158869.929,TRACKING,4.550,-6.356,-2.458,-0.00,0.450,0.000,0.000,0.000,0.000,0.000,8.53,10.77566339,106.67089070,10.51,"10°46'32.39""N, 106°40'15.21""E",FIX,
10:14:30.019,1786158870.020,TRACKING,4.522,-6.379,-2.458,-0.00,0.450,0.000,0.000,0.000,0.000,0.000,8.56,10.77566339,106.67089029,10.51,"10°46'32.39""N, 106°40'15.21""E",FIX,
10:14:30.092,1786158870.092,TRACKING,4.494,-6.402,-2.458,-0.00,0.450,0.000,0.000,0.000,0.000,0.000,8.60,10.77566339,106.67089029,10.51,"10°46'32.39""N, 106°40'15.21""E",FIX,
10:14:30.267,1786158870.267,TRACKING,4.480,-6.413,-2.458,-0.00,0.450,0.000,0.000,0.000,0.000,0.000,8.62,10.77566339,106.67089029,10.51,"10°46'32.39""N, 106°40'15.21""E",FIX,
10:14:30.296,1786158870.297,TRACKING,4.473,-6.419,-2.458,-0.00,0.450,-0.000,0.000,0.000,0.000,0.000,8.63,10.77566339,106.67088988,10.51,"10°46'32.39""N, 106°40'15.20""E",FIX,
10:14:30.356,1786158870.357,TRACKING,4.431,-6.453,-2.458,-0.00,0.450,-0.000,0.000,0.000,0.000,0.000,8.68,10.77566339,106.67088988,10.51,"10°46'32.39""N, 106°40'15.20""E",FIX,
10:14:30.477,1786158870.477,TRACKING,4.410,-6.470,-2.458,-0.00,0.450,0.000,0.000,0.000,0.000,0.000,8.71,10.77566339,106.67088988,10.51,"10°46'32.39""N, 106°40'15.20""E",FIX,
10:14:30.616,1786158870.616,TRACKING,4.383,-6.493,-2.458,-0.00,0.450,0.000,0.000,0.000,0.000,0.000,8.74,10.77566339,106.67088947,10.51,"10°46'32.39""N, 106°40'15.20""E",FIX,
10:14:30.708,1786158870.709,TRACKING,4.355,-6.516,-2.458,-0.00,0.450,0.000,0.000,0.000,0.000,0.000,8.78,10.77566339,106.67088947,10.51,"10°46'32.39""N, 106°40'15.20""E",FIX,
10:14:30.775,1786158870.776,TRACKING,4.334,-6.533,-2.458,-0.00,0.450,0.000,0.000,0.000,0.000,0.000,8.81,10.77566340,106.67088906,10.51,"10°46'32.39""N, 106°40'15.20""E",FIX,
10:14:30.851,1786158870.851,TRACKING,4.313,-6.550,-2.458,-0.00,0.450,-0.000,0.000,0.000,0.000,0.000,8.83,10.77566340,106.67088906,10.51,"10°46'32.39""N, 106°40'15.20""E",FIX,
10:14:30.961,1786158870.962,TRACKING,4.292,-6.567,-2.458,-0.00,0.450,0.000,0.000,0.000,0.000,0.000,8.86,10.77566340,106.67088906,10.51,"10°46'32.39""N, 106°40'15.20""E",FIX,
10:14:31.060,1786158871.060,TRACKING,4.271,-6.584,-2.458,-0.00,0.450,0.000,0.000,0.000,0.000,0.000,8.89,10.77566340,106.67088906,10.51,"10°46'32.39""N, 106°40'15.20""E",FIX,
10:14:31.142,1786158871.143,TRACKING,4.243,-6.606,-2.458,-0.00,0.450,0.000,0.000,0.000,0.000,0.000,8.92,10.77566340,106.67088864,10.51,"10°46'32.39""N, 106°40'15.20""E",FIX,
10:14:31.249,1786158871.250,TRACKING,4.222,-6.624,-2.458,-0.00,0.450,0.000,0.000,0.000,0.000,0.000,8.95,10.77566340,106.67088864,10.51,"10°46'32.39""N, 106°40'15.20""E",FIX,
10:14:31.346,1786158871.346,TRACKING,4.201,-6.641,-2.458,-0.00,0.450,0.000,0.000,0.000,0.000,0.000,8.98,10.77566340,106.67088864,10.51,"10°46'32.39""N, 106°40'15.20""E",FIX,
10:14:31.430,1786158871.430,TRACKING,4.180,-6.658,-2.458,-0.00,0.450,0.000,0.000,0.000,0.000,0.000,9.01,10.77566340,106.67088823,10.51,"10°46'32.39""N, 106°40'15.20""E",FIX,
10:14:31.565,1786158871.566,TRACKING,4.152,-6.680,-2.458,-0.00,0.450,0.000,0.000,0.000,0.000,0.000,9.04,10.77566340,106.67088823,10.51,"10°46'32.39""N, 106°40'15.20""E",FIX,
10:14:31.673,1786158871.674,TRACKING,4.131,-6.697,-2.458,-0.00,0.450,0.000,0.000,0.000,0.000,0.000,9.07,10.77566340,106.67088823,10.51,"10°46'32.39""N, 106°40'15.20""E",FIX,
10:14:31.772,1786158871.772,TRACKING,4.103,-6.720,-2.458,-0.00,0.450,0.000,0.000,0.000,0.000,0.000,9.10,10.77566340,106.67088782,10.51,"10°46'32.39""N, 106°40'15.20""E",FIX,
10:14:31.878,1786158871.878,TRACKING,4.082,-6.737,-2.458,-0.00,0.450,0.000,0.000,0.000,0.000,0.000,9.13,10.77566340,106.67088782,10.51,"10°46'32.39""N, 106°40'15.20""E",FIX,
10:14:31.954,1786158871.954,TRACKING,4.054,-6.760,-2.458,-0.00,0.450,0.000,0.000,0.000,0.000,0.000,9.17,10.77566340,106.67088741,10.51,"10°46'32.39""N, 106°40'15.19""E",FIX,
10:14:32.043,1786158872.043,TRACKING,4.034,-6.777,-2.458,-0.00,0.450,0.000,0.000,0.000,0.000,0.000,9.19,10.77566340,106.67088741,10.51,"10°46'32.39""N, 106°40'15.19""E",FIX,
10:14:32.130,1786158872.131,TRACKING,4.013,-6.794,-2.458,-0.00,0.450,0.000,0.000,0.000,0.000,0.000,9.22,10.77566340,106.67088741,10.51,"10°46'32.39""N, 106°40'15.19""E",FIX,
10:14:32.222,1786158872.223,TRACKING,3.992,-6.811,-2.458,-0.00,0.450,0.000,0.000,0.000,0.000,0.000,9.25,10.77566340,106.67088741,10.51,"10°46'32.39""N, 106°40'15.19""E",FIX,
10:14:32.336,1786158872.336,TRACKING,3.971,-6.828,-2.458,-0.00,0.450,0.000,0.000,0.000,0.000,0.000,9.28,10.77566340,106.67088700,10.51,"10°46'32.39""N, 106°40'15.19""E",FIX,
10:14:32.405,1786158872.405,TRACKING,3.943,-6.851,-2.458,-0.00,0.450,0.000,0.000,0.000,0.000,0.000,9.31,10.77566340,106.67088700,10.51,"10°46'32.39""N, 106°40'15.19""E",FIX,
10:14:32.504,1786158872.504,TRACKING,3.922,-6.868,-2.458,-0.00,0.450,0.000,0.000,0.000,0.000,0.000,9.34,10.77566340,106.67088700,10.51,"10°46'32.39""N, 106°40'15.19""E",FIX,
10:14:32.610,1786158872.611,TRACKING,3.901,-6.885,-2.458,-0.00,0.450,0.000,0.000,0.000,0.000,0.000,9.37,10.77566340,106.67088659,10.51,"10°46'32.39""N, 106°40'15.19""E",FIX,
10:14:32.690,1786158872.691,TRACKING,3.880,-6.902,-2.458,-0.00,0.450,0.000,0.000,0.000,0.000,0.000,9.39,10.77566340,106.67088659,10.51,"10°46'32.39""N, 106°40'15.19""E",FIX,
10:14:32.791,1786158872.792,TRACKING,3.852,-6.925,-2.458,-0.00,0.450,0.000,0.000,0.000,0.000,0.000,9.43,10.77566340,106.67088659,10.51,"10°46'32.39""N, 106°40'15.19""E",FIX,
10:14:32.910,1786158872.911,TRACKING,3.824,-6.947,-2.458,-0.00,0.450,0.000,0.000,0.000,0.000,0.000,9.46,10.77566340,106.67088618,10.51,"10°46'32.39""N, 106°40'15.19""E",FIX,
10:14:32.989,1786158872.989,TRACKING,3.810,-6.959,-2.458,-0.00,0.450,-0.000,0.000,0.000,0.000,0.000,9.48,10.77566340,106.67088618,10.51,"10°46'32.39""N, 106°40'15.19""E",FIX,
10:14:33.080,1786158873.080,TRACKING,3.782,-6.981,-2.458,-0.00,0.450,0.000,0.000,0.000,0.000,0.000,9.52,10.77566340,106.67088618,10.51,"10°46'32.39""N, 106°40'15.19""E",FIX,
10:14:33.173,1786158873.173,TRACKING,3.761,-6.999,-2.458,-0.00,0.450,0.000,0.000,0.000,0.000,0.000,9.55,10.77566340,106.67088576,10.51,"10°46'32.39""N, 106°40'15.19""E",FIX,
10:14:33.256,1786158873.256,TRACKING,3.740,-7.016,-2.458,-0.00,0.450,-0.000,0.000,0.000,0.000,0.000,9.57,10.77566340,106.67088576,10.51,"10°46'32.39""N, 106°40'15.19""E",FIX,
