Time,Unix_Timestamp,FSM_State,Pos_X_m,Pos_Y_m,Yaw_rad,Steer_Angle_deg,Linear_Vel_mps,Angular_Vel_radps,IMU_Yaw_rad,IMU_Angular_Vel_z,IMU_Accel_x,Confidence,Dist_Traveled_m,GPS_Latitude,GPS_Longitude,GPS_Altitude_m,GPS_DMS,GPS_Status,Event
09:43:30.670,1786243410.671,TRACKING,-0.000,0.000,-0.000,0.00,0.450,-0.000,0.000,0.000,0.000,0.000,0.00,10.77566700,106.67088900,10.00,"10°46'32.40""N, 106°40'15.20""E",ODOM_ESTIMATED,
09:43:30.687,1786243410.688,TRACKING,-0.000,0.000,-0.000,0.00,0.450,-0.000,0.000,0.000,0.000,0.000,0.00,10.77566700,106.67088900,10.00,"10°46'32.40""N, 106°40'15.20""E",ODOM_ESTIMATED,
09:43:30.756,1786243410.756,TRACKING,0.017,-0.000,-0.000,0.00,0.450,-0.000,0.000,0.000,0.000,0.000,0.02,10.77566700,106.67088916,10.00,"10°46'32.40""N, 106°40'15.20""E",ODOM_ESTIMATED,
09:43:30.831,1786243410.832,TRACKING,0.044,-0.000,-0.000,0.00,0.450,-0.000,0.000,0.000,0.000,0.000,0.04,10.77567062,106.67087545,10.51,"10°46'32.41""N, 106°40'15.15""E",FIX,
09:43:30.906,1786243410.907,TRACKING,0.071,-0.000,-0.000,0.00,0.450,-0.000,0.000,0.000,0.000,0.000,0.07,10.77567062,106.67087545,10.51,"10°46'32.41""N, 106°40'15.15""E",FIX,
09:43:31.023,1786243411.024,TRACKING,0.116,-0.000,-0.000,0.00,0.450,-0.000,0.000,0.000,0.000,0.000,0.12,10.77567062,106.67087545,10.51,"10°46'32.41""N, 106°40'15.15""E",FIX,
09:43:31.107,1786243411.107,TRACKING,0.134,-0.000,-0.000,0.00,0.450,-0.000,0.000,0.000,0.000,0.000,0.13,10.77567062,106.67087586,10.51,"10°46'32.41""N, 106°40'15.15""E",FIX,
09:43:31.224,1786243411.224,TRACKING,0.170,-0.000,-0.000,0.00,0.450,-0.000,0.000,0.000,0.000,0.000,0.17,10.77567062,106.67087586,10.51,"10°46'32.41""N, 106°40'15.15""E",FIX,
09:43:31.311,1786243411.311,TRACKING,0.197,-0.000,-0.000,0.00,0.450,-0.000,0.000,0.000,0.000,0.000,0.20,10.77567062,106.67087586,10.51,"10°46'32.41""N, 106°40'15.15""E",FIX,
09:43:31.392,1786243411.392,TRACKING,0.224,-0.000,-0.000,0.00,0.450,-0.000,0.000,0.000,0.000,0.000,0.22,10.77567062,106.67087627,10.51,"10°46'32.41""N, 106°40'15.15""E",FIX,
09:43:31.455,1786243411.455,TRACKING,0.242,-0.000,-0.000,0.00,0.450,-0.000,0.000,0.000,0.000,0.000,0.24,10.77567062,106.67087627,10.51,"10°46'32.41""N, 106°40'15.15""E",FIX,
09:43:31.552,1786243411.552,TRACKING,0.278,-0.000,-0.000,0.00,0.450,-0.000,0.000,0.000,0.000,0.042,0.28,10.77567062,106.67087627,10.51,"10°46'32.41""N, 106°40'15.15""E",FIX,
09:43:31.636,1786243411.637,TRACKING,0.314,-0.000,-0.000,0.00,0.450,-0.000,0.000,0.000,0.000,0.083,0.31,10.77567062,106.67087668,10.51,"10°46'32.41""N, 106°40'15.16""E",FIX,
09:43:31.703,1786243411.703,TRACKING,0.332,-0.000,-0.000,0.00,0.450,-0.000,0.000,0.000,0.000,0.146,0.33,10.77567062,106.67087668,10.51,"10°46'32.41""N, 106°40'15.16""E",FIX,
09:43:31.776,1786243411.777,TRACKING,0.368,-0.000,-0.000,0.00,0.450,-0.000,0.000,0.000,0.000,0.208,0.37,10.77567062,106.67087668,10.51,"10°46'32.41""N, 106°40'15.16""E",FIX,
09:43:31.883,1786243411.883,TRACKING,0.395,-0.000,-0.000,0.00,0.450,-0.000,0.000,0.000,0.000,0.250,0.40,10.77567062,106.67087709,10.51,"10°46'32.41""N, 106°40'15.16""E",FIX,
09:43:31.982,1786243411.983,TRACKING,0.431,-0.000,-0.000,0.00,0.450,-0.000,0.000,0.000,0.000,0.333,0.43,10.77567062,106.67087709,10.51,"10°46'32.41""N, 106°40'15.16""E",FIX,
09:43:32.049,1786243412.050,TRACKING,0.458,-0.000,-0.000,0.00,0.450,-0.000,0.000,0.000,0.000,0.375,0.46,10.77567062,106.67087709,10.51,"10°46'32.41""N, 106°40'15.16""E",FIX,
09:43:32.123,1786243412.124,TRACKING,0.485,-0.000,-0.000,0.00,0.450,-0.000,0.000,0.000,0.000,0.437,0.49,10.77567062,106.67087750,10.51,"10°46'32.41""N, 106°40'15.16""E",FIX,
09:43:32.231,1786243412.232,TRACKING,0.521,-0.000,-0.000,0.00,0.450,-0.000,0.000,0.000,0.000,0.500,0.52,10.77567062,106.67087750,10.51,"10°46'32.41""N, 106°40'15.16""E",FIX,
09:43:32.316,1786243412.316,TRACKING,0.548,-0.000,-0.000,0.00,0.450,-0.000,0.000,0.000,0.000,0.562,0.55,10.77567062,106.67087750,10.51,"10°46'32.41""N, 106°40'15.16""E",FIX,
09:43:32.395,1786243412.396,TRACKING,0.575,-0.000,-0.000,0.00,0.450,-0.000,0.000,0.000,0.000,0.625,0.58,10.77567062,106.67087791,10.51,"10°46'32.41""N, 106°40'15.16""E",FIX,
09:43:32.490,1786243412.490,TRACKING,0.611,-0.000,0.000,0.00,0.450,-0.000,0.000,0.000,0.000,0.708,0.61,10.77567062,106.67087791,10.51,"10°46'32.41""N, 106°40'15.16""E",FIX,
09:43:32.566,1786243412.566,TRACKING,0.638,-0.000,0.000,0.00,0.450,-0.000,0.000,0.000,0.000,0.771,0.64,10.77567062,106.67087791,10.51,"10°46'32.41""N, 106°40'15.16""E",FIX,
09:43:32.650,1786243412.651,TRACKING,0.665,0.000,0.000,0.00,0.450,-0.000,0.000,0.000,0.000,0.833,0.67,10.77567062,106.67087833,10.51,"10°46'32.41""N, 106°40'15.16""E",FIX,
09:43:32.733,1786243412.733,TRACKING,0.692,0.000,0.000,0.00,0.450,-0.000,0.000,0.000,0.000,0.917,0.69,10.77567062,106.67087833,10.51,"10°46'32.41""N, 106°40'15.16""E",FIX,
09:43:32.827,1786243412.827,TRACKING,0.728,0.000,0.000,0.00,0.450,-0.000,0.000,0.000,0.000,1.000,0.73,10.77567062,106.67087833,10.51,"10°46'32.41""N, 106°40'15.16""E",FIX,
09:43:32.893,1786243412.893,TRACKING,0.755,0.000,0.000,0.00,0.450,-0.000,0.000,0.000,0.000,1.000,0.76,10.77567062,106.67087874,10.51,"10°46'32.41""N, 106°40'15.16""E",FIX,
09:43:32.993,1786243412.994,TRACKING,0.791,0.000,0.000,0.00,0.450,-0.000,0.000,0.000,0.000,1.000,0.79,10.77567062,106.67087874,10.51,"10°46'32.41""N, 106°40'15.16""E",FIX,
09:43:33.071,1786243413.071,TRACKING,0.809,0.000,0.000,0.00,0.450,-0.000,0.000,0.000,0.000,1.000,0.81,10.77567062,106.67087874,10.51,"10°46'32.41""N, 106°40'15.16""E",FIX,
09:43:33.163,1786243413.163,TRACKING,0.845,0.000,0.000,0.00,0.450,-0.000,0.000,0.000,0.000,1.000,0.85,10.77567062,106.67087915,10.51,"10°46'32.41""N, 106°40'15.16""E",FIX,
09:43:33.234,1786243413.235,TRACKING,0.872,0.000,0.000,0.00,0.450,-0.000,0.000,0.000,0.000,1.000,0.87,10.77567062,106.67087915,10.51,"10°46'32.41""N, 106°40'15.16""E",FIX,
09:43:33.328,1786243413.328,TRACKING,0.908,0.000,0.000,0.00,0.450,-0.000,0.000,0.000,0.000,1.000,0.91,10.77567062,106.67087915,10.51,"10°46'32.41""N, 106°40'15.16""E",FIX,
09:43:33.393,1786243413.394,TRACKING,0.935,0.000,0.000,0.00,0.450,-0.000,0.000,0.000,0.000,1.000,0.94,10.77567062,106.67087956,10.51,"10°46'32.41""N, 106°40'15.17""E",FIX,
09:43:33.478,1786243413.478,TRACKING,0.971,0.000,0.000,0.00,0.450,-0.000,0.000,0.000,0.000,1.000,0.97,10.77567062,106.67087956,10.51,"10°46'32.41""N, 106°40'15.17""E",FIX,
09:43:33.531,1786243413.531,TRACKING,0.989,0.000,0.000,0.00,0.450,-0.000,0.000,0.000,0.000,1.000,0.99,10.77567062,106.67087956,10.51,"10°46'32.41""N, 106°40'15.17""E",FIX,
09:43:33.627,1786243413.627,TRACKING,1.025,0.000,0.000,0.00,0.450,-0.000,0.000,0.000,0.000,1.000,1.03,10.77567062,106.67087997,10.51,"10°46'32.41""N, 106°40'15.17""E",FIX,
09:43:33.698,1786243413.698,TRACKING,1.052,0.000,0.000,0.00,0.450,-0.000,0.000,0.000,0.000,1.000,1.05,10.77567062,106.67087997,10.51,"10°46'32.41""N, 106°40'15.17""E",FIX,
09:43:33.760,1786243413.761,TRACKING,1.079,0.000,0.000,0.00,0.450,-0.000,0.000,0.000,0.000,1.000,1.08,10.77567062,106.67087997,10.51,"10°46'32.41""N, 106°40'15.17""E",FIX,
09:43:33.839,1786243413.839,TRACKING,1.106,0.000,0.000,0.00,0.450,-0.000,0.000,0.000,0.000,1.000,1.11,10.77567062,106.67087997,10.51,"10°46'32.41""N, 106°40'15.17""E",FIX,
09:43:33.915,1786243413.916,TRACKING,1.142,0.000,0.000,0.00,0.450,-0.000,0.000,0.000,0.000,1.000,1.14,10.77567062,106.67088038,10.51,"10°46'32.41""N, 106°40'15.17""E",FIX,
09:43:33.984,1786243413.985,TRACKING,1.169,0.000,0.000,0.00,0.450,-0.000,0.000,0.000,0.000,1.000,1.17,10.77567062,106.67088038,10.51,"10°46'32.41""N, 106°40'15.17""E",FIX,
09:43:34.065,1786243414.065,TRACKING,1.196,0.000,0.000,0.02,0.450,-0.049,0.000,0.000,0.000,1.000,1.20,10.77567062,106.67088038,10.51,"10°46'32.41""N, 106°40'15.17""E",FIX,
09:43:34.153,1786243414.153,TRACKING,1.232,-0.000,-0.002,0.01,0.450,0.011,0.000,0.000,0.000,1.000,1.23,10.77567062,106.67088079,10.51,"10°46'32.41""N, 106°40'15.17""E",FIX,
09:43:34.227,1786243414.227,TRACKING,1.259,-0.000,-0.003,-0.01,0.450,0.062,0.000,0.000,0.000,1.000,1.26,10.77567062,106.67088079,10.51,"10°46'32.41""N, 106°40'15.17""E",FIX,
09:43:34.308,1786243414.308,TRACKING,1.295,-0.000,0.000,-0.01,0.450,-0.006,0.000,0.000,0.000,1.000,1.30,10.77567062,106.67088121,10.51,"10°46'32.41""N, 106°40'15.17""E",FIX,
09:43:34.368,1786243414.368,TRACKING,1.313,-0.000,0.001,0.02,0.450,-0.079,0.000,0.000,0.000,1.000,1.31,10.77567062,106.67088121,10.51,"10°46'32.41""N, 106°40'15.17""E",FIX,
09:43:34.470,1786243414.471,TRACKING,1.349,-0.000,-0.003,-0.01,0.450,0.054,0.000,0.000,0.000,0.583,1.35,10.77567062,106.67088121,10.51,"10°46'32.41""N, 106°40'15.17""E",FIX,
09:43:34.523,1786243414.524,TRACKING,1.376,-0.000,-0.005,-0.08,0.450,0.168,0.000,0.000,0.000,0.667,1.38,10.77567062,106.67088121,10.51,"10°46'32.41""N, 106°40'15.17""E",FIX,
09:43:34.607,1786243414.607,TRACKING,1.412,-0.000,0.007,-0.03,0.450,-0.080,0.000,0.000,0.000,0.750,1.41,10.77567062,106.67088162,10.51,"10°46'32.41""N, 106°40'15.17""E",FIX,
09:43:34.673,1786243414.674,TRACKING,1.430,-0.000,0.007,0.03,0.450,-0.140,0.000,0.000,0.000,0.812,1.43,10.77567062,106.67088162,10.51,"10°46'32.41""N, 106°40'15.17""E",FIX,
09:43:34.752,1786243414.752,TRACKING,1.466,-0.000,-0.003,-0.03,0.450,0.111,0.000,0.000,0.000,0.875,1.47,10.77567062,106.67088162,10.51,"10°46'32.41""N, 106°40'15.17""E",FIX,
09:43:34.836,1786243414.836,TRACKING,1.502,-0.000,0.001,-0.04,0.450,0.033,0.000,0.000,0.000,0.958,1.50,10.77567062,106.67088203,10.51,"10°46'32.41""N, 106°40'15.18""E",FIX,
09:43:34.909,1786243414.910,TRACKING,1.529,-0.000,0.004,-0.00,0.450,-0.078,0.000,0.000,0.000,1.000,1.53,10.77567062,106.67088203,10.51,"10°46'32.41""N, 106°40'15.18""E",FIX,
09:43:34.971,1786243414.972,TRACKING,1.556,0.000,0.002,-0.00,0.450,-0.003,0.000,0.000,0.000,1.000,1.56,10.77567062,106.67088203,10.51,"10°46'32.41""N, 106°40'15.18""E",FIX,
09:43:35.048,1786243415.049,TRACKING,1.583,0.000,0.000,-0.00,0.450,-0.001,0.000,0.000,0.000,1.000,1.58,10.77567062,106.67088244,10.51,"10°46'32.41""N, 106°40'15.18""E",FIX,
09:43:35.134,1786243415.134,TRACKING,1.619,0.000,0.000,-0.00,0.450,-0.001,0.000,0.000,0.000,1.000,1.62,10.77567062,106.67088244,10.51,"10°46'32.41""N, 106°40'15.18""E",FIX,
09:43:35.206,1786243415.207,TRACKING,1.646,0.000,0.000,-0.02,0.450,0.054,0.000,0.000,0.000,1.000,1.65,10.77567062,106.67088244,10.51,"10°46'32.41""N, 106°40'15.18""E",FIX,
09:43:35.272,1786243415.273,TRACKING,1.673,0.000,0.002,-0.02,0.450,-0.017,0.000,0.000,0.000,1.000,1.67,10.77567062,106.67088285,10.51,"10°46'32.41""N, 106°40'15.18""E",FIX,
09:43:35.360,1786243415.360,TRACKING,1.709,0.000,0.002,-0.01,0.450,-0.006,0.000,0.000,0.000,1.000,1.71,10.77567062,106.67088285,10.51,"10°46'32.41""N, 106°40'15.18""E",FIX,
09:43:35.429,1786243415.430,TRACKING,1.736,0.000,0.002,-0.01,0.450,-0.007,0.000,0.000,0.000,1.000,1.74,10.77567062,106.67088285,10.51,"10°46'32.41""N, 106°40'15.18""E",FIX,
09:43:35.511,1786243415.511,TRACKING,1.763,0.000,0.001,-0.00,0.450,-0.003,0.000,0.000,0.000,1.000,1.76,10.77567062,106.67088326,10.51,"10°46'32.41""N, 106°40'15.18""E",FIX,
09:43:35.588,1786243415.589,TRACKING,1.799,0.000,0.001,-0.00,0.450,-0.002,0.000,0.000,0.000,1.000,1.80,10.77567062,106.67088326,10.51,"10°46'32.41""N, 106°40'15.18""E",FIX,
09:43:35.659,1786243415.659,TRACKING,1.826,0.000,0.001,-0.02,0.450,0.051,0.000,0.000,0.000,1.000,1.83,10.77567062,106.67088326,10.51,"10°46'32.41""N, 106°40'15.18""E",FIX,
09:43:35.735,1786243415.735,TRACKING,1.853,0.000,0.003,-0.02,0.450,-0.015,0.000,0.000,0.000,1.000,1.85,10.77567062,106.67088367,10.51,"10°46'32.41""N, 106°40'15.18""E",FIX,
09:43:35.810,1786243415.811,TRACKING,1.880,0.000,0.003,-0.01,0.450,-0.009,0.000,0.000,0.000,1.000,1.88,10.77567062,106.67088367,10.51,"10°46'32.41""N, 106°40'15.18""E",FIX,
09:43:35.897,1786243415.898,TRACKING,1.916,0.001,0.003,-0.01,0.450,-0.004,0.000,0.000,0.000,1.000,1.92,10.77567062,106.67088367,10.51,"10°46'32.41""N, 106°40'15.18""E",FIX,
09:43:35.962,1786243415.962,TRACKING,1.934,0.001,0.002,-0.00,0.450,-0.005,0.000,0.000,0.000,1.000,1.93,10.77567062,106.67088409,10.51,"10°46'32.41""N, 106°40'15.18""E",FIX,
09:43:36.039,1786243416.039,TRACKING,1.970,0.001,0.002,-0.00,0.450,-0.002,0.000,0.000,0.000,1.000,1.97,10.77567062,106.67088409,10.51,"10°46'32.41""N, 106°40'15.18""E",FIX,
09:43:36.114,1786243416.114,TRACKING,1.997,0.001,0.002,-0.00,0.450,-0.002,0.000,0.000,0.000,1.000,2.00,10.77567062,106.67088409,10.51,"10°46'32.41""N, 106°40'15.18""E",FIX,
09:43:36.205,1786243416.206,TRACKING,2.033,0.001,0.002,-0.00,0.450,-0.001,0.000,0.000,0.000,1.000,2.03,10.77567063,106.67088450,10.51,"10°46'32.41""N, 106°40'15.18""E",FIX,
09:43:36.273,1786243416.274,TRACKING,2.060,0.001,0.002,0.04,0.450,-0.121,0.000,0.000,0.000,1.000,2.06,10.77567063,106.67088450,10.51,"10°46'32.41""N, 106°40'15.18""E",FIX,
09:43:36.347,1786243416.348,TRACKING,2.087,0.001,-0.003,0.05,0.450,-0.030,0.000,0.000,0.000,1.000,2.09,10.77567063,106.67088450,10.51,"10°46'32.41""N, 106°40'15.18""E",FIX,
09:43:36.434,1786243416.435,TRACKING,2.123,0.001,-0.008,0.03,0.450,0.021,0.000,0.000,0.000,0.562,2.12,10.77567063,106.67088491,10.51,"10°46'32.41""N, 106°40'15.19""E",FIX,
09:43:36.504,1786243416.505,TRACKING,2.150,0.000,-0.008,0.02,0.450,0.026,0.000,0.000,0.000,0.625,2.15,10.77567063,106.67088491,10.51,"10°46'32.41""N, 106°40'15.19""E",FIX,
09:43:36.615,1786243416.615,TRACKING,2.186,0.000,-0.006,0.01,0.450,0.007,0.000,0.000,0.000,0.687,2.19,10.77567063,106.67088491,10.51,"10°46'32.41""N, 106°40'15.19""E",FIX,
09:43:36.689,1786243416.689,TRACKING,2.213,0.000,-0.005,0.03,0.450,-0.048,0.000,0.000,0.000,0.750,2.21,10.77567063,106.67088532,10.51,"10°46'32.41""N, 106°40'15.19""E",FIX,
09:43:36.769,1786243416.770,TRACKING,2.240,-0.000,-0.007,0.02,0.450,0.021,0.000,0.000,0.000,0.833,2.24,10.77567063,106.67088532,10.51,"10°46'32.41""N, 106°40'15.19""E",FIX,
09:43:36.853,1786243416.853,TRACKING,2.267,-0.000,-0.007,0.01,0.450,0.013,0.000,0.000,0.000,0.917,2.27,10.77567063,106.67088532,10.51,"10°46'32.41""N, 106°40'15.19""E",FIX,
09:43:36.947,1786243416.948,TRACKING,2.303,-0.001,-0.005,0.01,0.450,0.006,0.000,0.000,0.000,1.000,2.30,10.77567063,106.67088573,10.51,"10°46'32.41""N, 106°40'15.19""E",FIX,
09:43:37.019,1786243417.019,TRACKING,2.321,-0.001,-0.005,0.03,0.450,-0.055,0.000,0.000,0.000,1.000,2.32,10.77567063,106.67088573,10.51,"10°46'32.41""N, 106°40'15.19""E",FIX,
09:43:37.116,1786243417.117,TRACKING,2.366,-0.001,-0.009,0.02,0.450,0.011,0.000,0.000,0.000,1.000,2.37,10.77567063,106.67088573,10.51,"10°46'32.41""N, 106°40'15.19""E",FIX,
09:43:37.186,1786243417.187,TRACKING,2.384,-0.001,-0.009,-0.01,0.450,0.075,0.000,0.000,0.000,1.000,2.38,10.77567062,106.67088614,10.51,"10°46'32.41""N, 106°40'15.19""E",FIX,
09:43:37.280,1786243417.281,TRACKING,2.420,-0.001,-0.005,-0.01,0.450,-0.006,0.000,0.000,0.000,1.000,2.42,10.77567062,106.67088614,10.51,"10°46'32.41""N, 106°40'15.19""E",FIX,
09:43:37.367,1786243417.368,TRACKING,2.447,-0.001,-0.004,0.02,0.450,-0.047,0.000,0.000,0.000,1.000,2.45,10.77567062,106.67088614,10.51,"10°46'32.41""N, 106°40'15.19""E",FIX,
09:43:37.442,1786243417.443,TRACKING,2.483,-0.002,-0.007,0.01,0.450,0.010,0.000,0.000,0.000,1.000,2.48,10.77567062,106.67088655,10.51,"10°46'32.41""N, 106°40'15.19""E",FIX,
09:43:37.502,1786243417.503,TRACKING,2.501,-0.002,-0.007,0.01,0.450,0.009,0.000,0.000,0.000,1.000,2.50,10.77567062,106.67088655,10.51,"10°46'32.41""N, 106°40'15.19""E",FIX,
09:43:37.588,1786243417.589,TRACKING,2.537,-0.002,-0.007,0.01,0.450,0.003,0.000,0.000,0.000,1.000,2.54,10.77567062,106.67088655,10.51,"10°46'32.41""N, 106°40'15.19""E",FIX,
09:43:37.659,1786243417.659,TRACKING,2.564,-0.002,-0.006,0.00,0.450,0.003,0.000,0.000,0.000,1.000,2.56,10.77567062,106.67088697,10.51,"10°46'32.41""N, 106°40'15.19""E",FIX,
09:43:37.736,1786243417.737,TRACKING,2.591,-0.002,-0.006,0.00,0.450,0.002,0.000,0.000,0.000,1.000,2.59,10.77567062,106.67088697,10.51,"10°46'32.41""N, 106°40'15.19""E",FIX,
09:43:37.822,1786243417.823,TRACKING,2.627,-0.003,-0.006,0.00,0.450,0.001,0.000,0.000,0.000,1.000,2.63,10.77567062,106.67088697,10.51,"10°46'32.41""N, 106°40'15.19""E",FIX,
09:43:37.890,1786243417.890,TRACKING,2.654,-0.003,-0.006,0.00,0.450,0.001,0.000,0.000,0.000,1.000,2.65,10.77567062,106.67088738,10.51,"10°46'32.41""N, 106°40'15.19""E",FIX,
09:43:37.963,1786243417.963,TRACKING,2.681,-0.003,-0.006,0.00,0.450,0.000,0.000,0.000,0.000,1.000,2.68,10.77567062,106.67088738,10.51,"10°46'32.41""N, 106°40'15.19""E",FIX,
09:43:38.051,1786243418.052,TRACKING,2.708,-0.003,-0.006,0.00,0.450,0.000,0.000,0.000,0.000,1.000,2.71,10.77567062,106.67088738,10.51,"10°46'32.41""N, 106°40'15.19""E",FIX,
09:43:38.128,1786243418.129,TRACKING,2.744,-0.003,-0.006,0.00,0.450,0.000,0.000,0.000,0.000,1.000,2.74,10.77567062,106.67088779,10.51,"10°46'32.41""N, 106°40'15.20""E",FIX,
09:43:38.196,1786243418.196,TRACKING,2.771,-0.003,-0.006,0.00,0.450,0.000,0.000,0.000,0.000,1.000,2.77,10.77567062,106.67088779,10.51,"10°46'32.41""N, 106°40'15.20""E",FIX,
09:43:38.266,1786243418.267,TRACKING,2.798,-0.004,-0.006,0.00,0.450,0.000,0.000,0.000,0.000,1.000,2.80,10.77567062,106.67088779,10.51,"10°46'32.41""N, 106°40'15.20""E",FIX,
09:43:38.344,1786243418.344,TRACKING,2.825,-0.004,-0.006,0.00,0.450,0.000,0.000,0.000,0.000,1.000,2.83,10.77567062,106.67088820,10.51,"10°46'32.41""N, 106°40'15.20""E",FIX,
09:43:38.441,1786243418.442,TRACKING,2.870,-0.004,-0.006,-0.02,0.450,0.042,0.000,0.000,0.000,1.000,2.87,10.77567062,106.67088820,10.51,"10°46'32.41""N, 106°40'15.20""E",FIX,
09:43:38.517,1786243418.517,TRACKING,2.897,-0.004,-0.004,-0.04,0.450,0.042,0.000,0.000,0.000,1.000,2.90,10.77567062,106.67088820,10.51,"10°46'32.41""N, 106°40'15.20""E",FIX,
09:43:38.585,1786243418.586,TRACKING,2.924,-0.004,-0.001,-0.02,0.450,-0.025,0.000,0.000,0.000,0.521,2.92,10.77567062,106.67088861,10.51,"10°46'32.41""N, 106°40'15.20""E",FIX,
09:43:38.663,1786243418.664,TRACKING,2.951,-0.004,-0.002,-0.02,0.450,-0.012,0.000,0.000,0.000,0.583,2.95,10.77567062,106.67088861,10.51,"10°46'32.41""N, 106°40'15.20""E",FIX,
09:43:38.749,1786243418.750,TRACKING,2.987,-0.004,-0.003,-0.01,0.450,-0.007,0.000,0.000,0.000,0.667,2.99,10.77567062,106.67088861,10.51,"10°46'32.41""N, 106°40'15.20""E",FIX,
09:43:38.808,1786243418.809,TRACKING,3.014,-0.004,-0.003,-0.03,0.450,0.057,0.000,0.000,0.000,0.729,3.01,10.77567061,106.67088902,10.51,"10°46'32.41""N, 106°40'15.20""E",FIX,
09:43:38.881,1786243418.882,TRACKING,3.041,-0.004,-0.001,-0.02,0.450,-0.016,0.000,0.000,0.000,0.792,3.04,10.77567061,106.67088902,10.51,"10°46'32.41""N, 106°40'15.20""E",FIX,
09:43:38.964,1786243418.964,TRACKING,3.068,-0.004,-0.001,-0.01,0.450,-0.010,0.000,0.000,0.000,0.854,3.07,10.77567061,106.67088902,10.51,"10°46'32.41""N, 106°40'15.20""E",FIX,
09:43:39.047,1786243419.048,TRACKING,3.104,-0.005,-0.002,-0.01,0.450,-0.006,0.000,0.000,0.000,0.937,3.10,10.77567061,106.67088943,10.51,"10°46'32.41""N, 106°40'15.20""E",FIX,
09:43:39.112,1786243419.112,TRACKING,3.131,-0.005,-0.002,-0.01,0.450,-0.005,0.000,0.000,0.000,1.000,3.13,10.77567061,106.67088943,10.51,"10°46'32.41""N, 106°40'15.20""E",FIX,
09:43:39.202,1786243419.202,TRACKING,3.167,-0.005,-0.003,-0.00,0.450,-0.002,0.000,0.000,0.000,1.000,3.17,10.77567061,106.67088943,10.51,"10°46'32.41""N, 106°40'15.20""E",FIX,
09:43:39.270,1786243419.271,TRACKING,3.185,-0.005,-0.003,-0.03,0.450,0.061,0.000,0.000,0.000,1.000,3.19,10.77567061,106.67088985,10.51,"10°46'32.41""N, 106°40'15.20""E",FIX,
09:43:39.333,1786243419.334,TRACKING,3.212,-0.005,-0.001,-0.02,0.450,-0.015,0.000,0.000,0.000,1.000,3.21,10.77567061,106.67088985,10.51,"10°46'32.41""N, 106°40'15.20""E",FIX,
09:43:39.414,1786243419.414,TRACKING,3.248,-0.005,0.000,-0.01,0.450,-0.008,0.000,0.000,0.000,1.000,3.25,10.77567061,106.67088985,10.51,"10°46'32.41""N, 106°40'15.20""E",FIX,
09:43:39.492,1786243419.493,TRACKING,3.275,-0.005,-0.001,-0.01,0.450,-0.005,0.000,0.000,0.000,1.000,3.28,10.77567061,106.67089026,10.51,"10°46'32.41""N, 106°40'15.20""E",FIX,
09:43:39.567,1786243419.567,TRACKING,3.302,-0.005,-0.001,-0.00,0.450,-0.004,0.000,0.000,0.000,1.000,3.30,10.77567061,106.67089026,10.51,"10°46'32.41""N, 106°40'15.20""E",FIX,
09:43:39.653,1786243419.654,TRACKING,3.338,-0.005,-0.001,-0.00,0.450,-0.002,0.000,0.000,0.000,1.000,3.34,10.77567061,106.67089026,10.51,"10°46'32.41""N, 106°40'15.20""E",FIX,
09:43:39.725,1786243419.726,TRACKING,3.365,-0.005,-0.001,-0.00,0.450,-0.003,0.000,0.000,0.000,1.000,3.37,10.77567061,106.67089067,10.51,"10°46'32.41""N, 106°40'15.21""E",FIX,
09:43:39.818,1786243419.818,TRACKING,3.392,-0.005,-0.002,-0.00,0.450,-0.001,0.000,0.000,0.000,1.000,3.39,10.77567061,106.67089067,10.51,"10°46'32.41""N, 106°40'15.21""E",FIX,
09:43:39.908,1786243419.909,TRACKING,3.428,-0.005,-0.002,-0.00,0.450,-0.001,0.000,0.000,0.000,1.000,3.43,10.77567061,106.67089067,10.51,"10°46'32.41""N, 106°40'15.21""E",FIX,
09:43:39.977,1786243419.978,TRACKING,3.455,-0.005,-0.002,-0.00,0.450,-0.001,0.000,0.000,0.000,1.000,3.46,10.77567061,106.67089108,10.51,"10°46'32.41""N, 106°40'15.21""E",FIX,
09:43:40.076,1786243420.076,TRACKING,3.491,-0.005,-0.002,-0.00,0.450,-0.000,0.000,0.000,0.000,1.000,3.49,10.77567061,106.67089108,10.51,"10°46'32.41""N, 106°40'15.21""E",FIX,
09:43:40.149,1786243420.149,TRACKING,3.518,-0.005,-0.002,-0.02,0.450,0.054,0.000,0.000,0.000,1.000,3.52,10.77567061,106.67089108,10.51,"10°46'32.41""N, 106°40'15.21""E",FIX,
09:43:40.214,1786243420.215,TRACKING,3.545,-0.005,0.000,-0.01,0.450,-0.017,0.000,0.000,0.000,1.000,3.55,10.77567061,106.67089149,10.51,"10°46'32.41""N, 106°40'15.21""E",FIX,
09:43:40.280,1786243420.280,TRACKING,3.572,-0.005,0.000,-0.01,0.450,-0.008,0.000,0.000,0.000,1.000,3.57,10.77567061,106.67089149,10.51,"10°46'32.41""N, 106°40'15.21""E",FIX,
09:43:40.378,1786243420.379,TRACKING,3.608,-0.005,-0.001,-0.01,0.450,-0.004,0.000,0.000,0.000,1.000,3.61,10.77567061,106.67089149,10.51,"10°46'32.41""N, 106°40'15.21""E",FIX,
09:43:40.448,1786243420.449,TRACKING,3.635,-0.005,-0.001,-0.00,0.450,-0.005,0.000,0.000,0.000,1.000,3.64,10.77567061,106.67089190,10.51,"10°46'32.41""N, 106°40'15.21""E",FIX,
09:43:40.522,1786243420.523,TRACKING,3.662,-0.005,-0.001,-0.00,0.450,-0.002,0.000,0.000,0.000,1.000,3.66,10.77567061,106.67089190,10.51,"10°46'32.41""N, 106°40'15.21""E",FIX,
09:43:40.609,1786243420.610,TRACKING,3.689,-0.005,-0.001,-0.00,0.450,-0.001,0.000,0.000,0.000,1.000,3.69,10.77567061,106.67089190,10.51,"10°46'32.41""N, 106°40'15.21""E",FIX,
09:43:40.683,1786243420.683,TRACKING,3.725,-0.005,-0.002,-0.00,0.450,-0.001,0.000,0.000,0.000,0.667,3.73,10.77567061,106.67089231,10.51,"10°46'32.41""N, 106°40'15.21""E",FIX,
09:43:40.767,1786243420.768,TRACKING,3.752,-0.005,-0.002,-0.00,0.450,-0.000,0.000,0.000,0.000,0.604,3.75,10.77567061,106.67089231,10.51,"10°46'32.41""N, 106°40'15.21""E",FIX,
09:43:40.832,1786243420.833,TRACKING,3.779,-0.005,-0.002,-0.00,0.450,-0.001,0.000,0.000,0.000,0.667,3.78,10.77567061,106.67089231,10.51,"10°46'32.41""N, 106°40'15.21""E",FIX,
09:43:40.907,1786243420.908,TRACKING,3.806,-0.005,-0.002,-0.00,0.450,-0.000,0.000,0.000,0.000,0.750,3.81,10.77567061,106.67089231,10.51,"10°46'32.41""N, 106°40'15.21""E",FIX,
09:43:40.994,1786243420.994,TRACKING,3.842,-0.006,-0.002,-0.00,0.450,-0.000,0.000,0.000,0.000,0.812,3.84,10.77567061,106.67089273,10.51,"10°46'32.41""N, 106°40'15.21""E",FIX,
09:43:41.079,1786243421.080,TRACKING,3.878,-0.006,-0.002,-0.00,0.450,-0.000,0.000,0.000,0.000,0.896,3.88,10.77567061,106.67089273,10.51,"10°46'32.41""N, 106°40'15.21""E",FIX,
09:43:41.158,1786243421.158,TRACKING,3.905,-0.006,-0.002,-0.00,0.450,-0.000,0.000,0.000,0.000,0.958,3.91,10.77567061,106.67089314,10.51,"10°46'32.41""N, 106°40'15.22""E",FIX,
09:43:41.238,1786243421.239,TRACKING,3.932,-0.006,-0.002,-0.00,0.450,-0.000,0.000,0.000,0.000,1.000,3.93,10.77567061,106.67089314,10.51,"10°46'32.41""N, 106°40'15.22""E",FIX,
09:43:41.340,1786243421.340,TRACKING,3.968,-0.006,-0.002,-0.00,0.450,-0.000,0.000,0.000,0.000,1.000,3.97,10.77567061,106.67089314,10.51,"10°46'32.41""N, 106°40'15.22""E",FIX,
09:43:41.401,1786243421.402,TRACKING,3.995,-0.006,-0.002,-0.00,0.450,-0.000,0.000,0.000,0.000,1.000,4.00,10.77567061,106.67089355,10.51,"10°46'32.41""N, 106°40'15.22""E",FIX,
09:43:41.474,1786243421.474,TRACKING,4.022,-0.006,-0.002,-0.00,0.450,-0.000,0.000,0.000,0.000,1.000,4.02,10.77567061,106.67089355,10.51,"10°46'32.41""N, 106°40'15.22""E",FIX,
09:43:41.548,1786243421.549,TRACKING,4.049,-0.006,-0.002,-0.00,0.450,-0.000,0.000,0.000,0.000,1.000,4.05,10.77567061,106.67089355,10.51,"10°46'32.41""N, 106°40'15.22""E",FIX,
09:43:41.621,1786243421.622,TRACKING,4.076,-0.006,-0.002,-0.00,0.450,-0.000,0.000,0.000,0.000,1.000,4.08,10.77567061,106.67089355,10.51,"10°46'32.41""N, 106°40'15.22""E",FIX,
09:43:41.691,1786243421.691,TRACKING,4.112,-0.006,-0.002,-0.00,0.450,-0.000,0.000,0.000,0.000,1.000,4.11,10.77567061,106.67089396,10.51,"10°46'32.41""N, 106°40'15.22""E",FIX,
09:43:41.766,1786243421.766,TRACKING,4.139,-0.006,-0.002,-0.00,0.450,-0.000,0.000,0.000,0.000,1.000,4.14,10.77567061,106.67089396,10.51,"10°46'32.41""N, 106°40'15.22""E",FIX,
09:43:41.823,1786243421.824,TRACKING,4.166,-0.006,-0.002,-0.00,0.450,-0.000,0.000,0.000,0.000,1.000,4.17,10.77567061,106.67089396,10.51,"10°46'32.41""N, 106°40'15.22""E",FIX,
09:43:41.894,1786243421.895,TRACKING,4.193,-0.006,-0.002,-0.00,0.450,-0.000,0.000,0.000,0.000,1.000,4.19,10.77567061,106.67089437,10.51,"10°46'32.41""N, 106°40'15.22""E",FIX,
09:43:41.980,1786243421.981,TRACKING,4.229,-0.006,-0.002,-0.00,0.450,-0.000,0.000,0.000,0.000,1.000,4.23,10.77567061,106.67089437,10.51,"10°46'32.41""N, 106°40'15.22""E",FIX,
09:43:42.042,1786243422.043,TRACKING,4.256,-0.006,-0.002,-0.00,0.450,-0.000,0.000,0.000,0.000,1.000,4.26,10.77567061,106.67089437,10.51,"10°46'32.41""N, 106°40'15.22""E",FIX,
09:43:42.121,1786243422.122,TRACKING,4.283,-0.006,-0.002,-0.00,0.450,-0.000,0.000,0.000,0.000,1.000,4.28,10.77567061,106.67089478,10.51,"10°46'32.41""N, 106°40'15.22""E",FIX,
09:43:42.195,1786243422.196,TRACKING,4.319,-0.006,-0.002,-0.00,0.450,-0.000,0.000,0.000,0.000,1.000,4.32,10.77567061,106.67089478,10.51,"10°46'32.41""N, 106°40'15.22""E",FIX,
09:43:42.276,1786243422.277,TRACKING,4.346,-0.006,-0.002,-0.00,0.450,-0.000,0.000,0.000,0.000,1.000,4.35,10.77567061,106.67089478,10.51,"10°46'32.41""N, 106°40'15.22""E",FIX,
09:43:42.347,1786243422.347,TRACKING,4.373,-0.006,-0.002,-0.00,0.450,-0.000,0.000,0.000,0.000,1.000,4.37,10.77567061,106.67089520,10.51,"10°46'32.41""N, 106°40'15.22""E",FIX,
09:43:42.433,1786243422.433,TRACKING,4.409,-0.007,-0.002,-0.00,0.450,-0.000,0.000,0.000,0.000,1.000,4.41,10.77567061,106.67089520,10.51,"10°46'32.41""N, 106°40'15.22""E",FIX,
09:43:42.490,1786243422.490,TRACKING,4.436,-0.007,-0.002,-0.00,0.450,-0.000,0.000,0.000,0.000,1.000,4.44,10.77567061,106.67089520,10.51,"10°46'32.41""N, 106°40'15.22""E",FIX,
09:43:42.579,1786243422.579,TRACKING,4.472,-0.007,-0.002,-0.00,0.450,-0.000,0.000,0.000,0.000,1.000,4.47,10.77567061,106.67089561,10.51,"10°46'32.41""N, 106°40'15.22""E",FIX,
09:43:42.641,1786243422.641,TRACKING,4.490,-0.007,-0.002,-0.00,0.450,-0.000,0.000,0.000,0.000,1.000,4.49,10.77567061,106.67089561,10.51,"10°46'32.41""N, 106°40'15.22""E",FIX,
09:43:42.723,1786243422.723,TRACKING,4.526,-0.007,-0.002,-0.00,0.450,-0.000,0.000,0.000,0.000,0.687,4.53,10.77567061,106.67089561,10.51,"10°46'32.41""N, 106°40'15.22""E",FIX,
09:43:42.812,1786243422.812,TRACKING,4.562,-0.007,-0.002,-0.00,0.450,-0.000,0.000,0.000,0.000,0.625,4.56,10.77567061,106.67089602,10.51,"10°46'32.41""N, 106°40'15.23""E",FIX,
09:43:42.891,1786243422.891,TRACKING,4.589,-0.007,-0.002,-0.00,0.450,-0.000,0.000,0.000,0.000,0.687,4.59,10.77567061,106.67089602,10.51,"10°46'32.41""N, 106°40'15.23""E",FIX,
09:43:42.947,1786243422.948,TRACKING,4.616,-0.007,-0.002,-0.00,0.450,-0.000,0.000,0.000,0.000,0.750,4.62,10.77567061,106.67089602,10.51,"10°46'32.41""N, 106°40'15.23""E",FIX,
09:43:43.023,1786243423.024,TRACKING,4.643,-0.007,-0.002,-0.00,0.450,-0.000,0.000,0.000,0.000,0.833,4.64,10.77567061,106.67089643,10.51,"10°46'32.41""N, 106°40'15.23""E",FIX,
09:43:43.104,1786243423.104,TRACKING,4.679,-0.007,-0.002,-0.00,0.450,-0.000,0.000,0.000,0.000,0.917,4.68,10.77567061,106.67089643,10.51,"10°46'32.41""N, 106°40'15.23""E",FIX,
09:43:43.163,1786243423.163,TRACKING,4.697,-0.007,-0.002,-0.00,0.450,-0.000,0.000,0.000,0.000,1.000,4.70,10.77567061,106.67089643,10.51,"10°46'32.41""N, 106°40'15.23""E",FIX,
09:43:43.255,1786243423.255,TRACKING,4.742,-0.007,-0.002,-0.00,0.450,-0.000,0.000,0.000,0.000,1.000,4.74,10.77567061,106.67089684,10.51,"10°46'32.41""N, 106°40'15.23""E",FIX,
09:43:43.318,1786243423.319,TRACKING,4.760,-0.007,-0.002,-0.00,0.450,-0.000,0.000,0.000,0.000,1.000,4.76,10.77567061,106.67089684,10.51,"10°46'32.41""N, 106°40'15.23""E",FIX,
09:43:43.390,1786243423.390,TRACKING,4.787,-0.007,-0.002,-0.00,0.450,-0.000,0.000,0.000,0.000,1.000,4.79,10.77567061,106.67089684,10.51,"10°46'32.41""N, 106°40'15.23""E",FIX,
09:43:43.475,1786243423.475,TRACKING,4.823,-0.007,-0.002,-0.00,0.450,-0.000,0.000,0.000,0.000,1.000,4.82,10.77567061,106.67089725,10.51,"10°46'32.41""N, 106°40'15.23""E",FIX,
09:43:43.535,1786243423.535,TRACKING,4.850,-0.007,-0.002,-0.00,0.450,-0.000,0.000,0.000,0.000,1.000,4.85,10.77567061,106.67089725,10.51,"10°46'32.41""N, 106°40'15.23""E",FIX,
09:43:43.628,1786243423.629,TRACKING,4.886,-0.007,-0.002,-0.00,0.450,-0.000,0.000,0.000,0.000,1.000,4.89,10.77567061,106.67089725,10.51,"10°46'32.41""N, 106°40'15.23""E",FIX,
09:43:43.686,1786243423.687,TRACKING,4.904,-0.007,-0.002,-0.00,0.450,-0.000,0.000,0.000,0.000,1.000,4.90,10.77567061,106.67089766,10.51,"10°46'32.41""N, 106°40'15.23""E",FIX,
09:43:43.776,1786243423.777,TRACKING,4.940,-0.008,-0.002,-0.00,0.450,-0.000,0.000,0.000,0.000,1.000,4.94,10.77567061,106.67089766,10.51,"10°46'32.41""N, 106°40'15.23""E",FIX,
09:43:43.862,1786243423.862,TRACKING,4.976,-0.008,-0.002,-0.00,0.450,-0.000,0.000,0.000,0.000,1.000,4.98,10.77567061,106.67089766,10.51,"10°46'32.41""N, 106°40'15.23""E",FIX,
09:43:43.944,1786243423.945,TRACKING,5.003,-0.008,-0.002,-0.00,0.450,-0.000,0.000,0.000,0.000,1.000,5.00,10.77567061,106.67089808,10.51,"10°46'32.41""N, 106°40'15.23""E",FIX,
09:43:44.024,1786243424.024,TRACKING,5.030,-0.008,-0.002,-0.00,0.450,-0.000,0.000,0.000,0.000,1.000,5.03,10.77567061,106.67089808,10.51,"10°46'32.41""N, 106°40'15.23""E",FIX,
09:43:44.120,1786243424.121,TRACKING,5.066,-0.008,-0.002,-0.00,0.450,-0.000,0.000,0.000,0.000,1.000,5.07,10.77567061,106.67089808,10.51,"10°46'32.41""N, 106°40'15.23""E",FIX,
09:43:44.191,1786243424.192,TRACKING,5.093,-0.008,-0.002,-0.00,0.450,-0.000,0.000,0.000,0.000,1.000,5.09,10.77567061,106.67089849,10.51,"10°46'32.41""N, 106°40'15.23""E",FIX,
09:43:44.269,1786243424.269,TRACKING,5.120,-0.008,-0.002,-0.00,0.450,-0.000,0.000,0.000,0.000,1.000,5.12,10.77567061,106.67089849,10.51,"10°46'32.41""N, 106°40'15.23""E",FIX,
09:43:44.365,1786243424.366,TRACKING,5.156,-0.008,-0.002,-0.00,0.450,-0.000,0.000,0.000,0.000,1.000,5.16,10.77567061,106.67089849,10.51,"10°46'32.41""N, 106°40'15.23""E",FIX,
09:43:44.437,1786243424.437,TRACKING,5.183,-0.008,-0.002,-0.00,0.450,-0.000,0.000,0.000,0.000,1.000,5.18,10.77567061,106.67089890,10.51,"10°46'32.41""N, 106°40'15.24""E",FIX,
09:43:44.505,1786243424.505,TRACKING,5.210,-0.008,-0.002,-0.02,0.450,0.063,0.000,0.000,0.000,1.000,5.21,10.77567061,106.67089890,10.51,"10°46'32.41""N, 106°40'15.24""E",FIX,
09:43:44.592,1786243424.593,TRACKING,5.237,-0.008,0.001,0.01,0.450,-0.057,0.000,0.000,0.000,1.000,5.24,10.77567061,106.67089890,10.51,"10°46'32.41""N, 106°40'15.24""E",FIX,
09:43:44.659,1786243424.659,TRACKING,5.264,-0.008,0.002,0.01,0.450,0.005,0.000,0.000,0.000,1.000,5.26,10.77567061,106.67089931,10.51,"10°46'32.41""N, 106°40'15.24""E",FIX,
09:43:44.748,1786243424.749,TRACKING,5.300,-0.008,0.000,-0.04,0.450,0.104,0.000,0.000,0.000,1.000,5.30,10.77567061,106.67089931,10.51,"10°46'32.41""N, 106°40'15.24""E",FIX,
09:43:44.836,1786243424.837,TRACKING,5.327,-0.008,0.006,-0.05,0.450,0.029,0.000,0.000,0.000,0.542,5.33,10.77567061,106.67089931,10.51,"10°46'32.41""N, 106°40'15.24""E",FIX,
09:43:44.928,1786243424.929,TRACKING,5.354,-0.008,0.009,-0.01,0.450,-0.075,0.000,0.000,0.000,0.604,5.35,10.77567060,106.67089972,10.51,"10°46'32.41""N, 106°40'15.24""E",FIX,
09:43:44.993,1786243424.994,TRACKING,5.381,-0.007,0.007,-0.01,0.450,-0.006,0.000,0.000,0.000,0.667,5.38,10.77567060,106.67089972,10.51,"10°46'32.41""N, 106°40'15.24""E",FIX,
09:43:45.076,1786243425.077,TRACKING,5.417,-0.007,0.005,-0.03,0.450,0.042,0.000,0.000,0.000,0.750,5.42,10.77567060,106.67089972,10.51,"10°46'32.41""N, 106°40'15.24""E",FIX,
09:43:45.167,1786243425.167,TRACKING,5.453,-0.007,0.007,-0.04,0.450,0.037,0.000,0.000,0.000,0.833,5.45,10.77567060,106.67090013,10.51,"10°46'32.41""N, 106°40'15.24""E",FIX,
09:43:45.219,1786243425.219,TRACKING,5.480,-0.007,0.010,-0.03,0.450,-0.025,0.000,0.000,0.000,0.917,5.48,10.77567060,106.67090013,10.51,"10°46'32.41""N, 106°40'15.24""E",FIX,
09:43:45.293,1786243425.293,TRACKING,5.507,-0.007,0.009,-0.02,0.450,-0.013,0.000,0.000,0.000,0.979,5.51,10.77567060,106.67090013,10.51,"10°46'32.41""N, 106°40'15.24""E",FIX,
09:43:45.365,1786243425.366,TRACKING,5.534,-0.006,0.008,-0.01,0.450,-0.010,0.000,0.000,0.000,1.000,5.53,10.77567060,106.67090054,10.51,"10°46'32.41""N, 106°40'15.24""E",FIX,
09:43:45.451,1786243425.451,TRACKING,5.570,-0.006,0.007,-0.01,0.450,-0.005,0.000,0.000,0.000,1.000,5.57,10.77567060,106.67090054,10.51,"10°46'32.41""N, 106°40'15.24""E",FIX,
09:43:45.507,1786243425.507,TRACKING,5.588,-0.006,0.007,-0.03,0.450,0.061,0.000,0.000,0.000,1.000,5.59,10.77567060,106.67090054,10.51,"10°46'32.41""N, 106°40'15.24""E",FIX,
09:43:45.606,1786243425.606,TRACKING,5.633,-0.006,0.011,-0.02,0.450,-0.010,0.000,0.000,0.000,1.000,5.63,10.77567060,106.67090096,10.51,"10°46'32.41""N, 106°40'15.24""E",FIX,
09:43:45.674,1786243425.675,TRACKING,5.660,-0.005,0.011,0.01,0.450,-0.063,0.000,0.000,0.000,1.000,5.66,10.77567060,106.67090096,10.51,"10°46'32.41""N, 106°40'15.24""E",FIX,
09:43:45.741,1786243425.741,TRACKING,5.687,-0.005,0.008,0.01,0.450,0.007,0.000,0.000,0.000,1.000,5.69,10.77567060,106.67090096,10.51,"10°46'32.41""N, 106°40'15.24""E",FIX,
09:43:45.809,1786243425.810,TRACKING,5.714,-0.005,0.007,0.00,0.450,0.005,0.000,0.000,0.000,1.000,5.71,10.77567061,106.67090137,10.51,"10°46'32.41""N, 106°40'15.24""E",FIX,
09:43:45.894,1786243425.895,TRACKING,5.741,-0.005,0.008,0.00,0.450,0.002,0.000,0.000,0.000,1.000,5.74,10.77567061,106.67090137,10.51,"10°46'32.41""N, 106°40'15.24""E",FIX,
09:43:45.961,1786243425.961,TRACKING,5.768,-0.004,0.008,0.00,0.450,0.002,0.000,0.000,0.000,1.000,5.77,10.77567061,106.67090137,10.51,"10°46'32.41""N, 106°40'15.24""E",FIX,
09:43:46.049,1786243426.050,TRACKING,5.813,-0.004,0.008,0.00,0.450,0.001,0.000,0.000,0.000,1.000,5.81,10.77567061,106.67090178,10.51,"10°46'32.41""N, 106°40'15.25""E",FIX,
09:43:46.118,1786243426.118,TRACKING,5.840,-0.004,0.008,0.00,0.450,0.001,0.000,0.000,0.000,1.000,5.84,10.77567061,106.67090178,10.51,"10°46'32.41""N, 106°40'15.25""E",FIX,
09:43:46.179,1786243426.179,TRACKING,5.858,-0.004,0.008,0.00,0.450,0.001,0.000,0.000,0.000,1.000,5.86,10.77567061,106.67090178,10.51,"10°46'32.41""N, 106°40'15.25""E",FIX,
09:43:46.265,1786243426.266,TRACKING,5.894,-0.003,0.008,0.00,0.450,0.000,0.000,0.000,0.000,1.000,5.89,10.77567061,106.67090219,10.51,"10°46'32.41""N, 106°40'15.25""E",FIX,
09:43:46.337,1786243426.338,TRACKING,5.921,-0.003,0.008,0.00,0.450,0.000,0.000,0.000,0.000,1.000,5.92,10.77567061,106.67090219,10.51,"10°46'32.41""N, 106°40'15.25""E",FIX,
09:43:46.405,1786243426.406,TRACKING,5.948,-0.003,0.008,0.00,0.450,0.000,0.000,0.000,0.000,1.000,5.95,10.77567061,106.67090219,10.51,"10°46'32.41""N, 106°40'15.25""E",FIX,
09:43:46.486,1786243426.487,TRACKING,5.975,-0.003,0.008,0.00,0.450,0.000,0.000,0.000,0.000,1.000,5.98,10.77567061,106.67090260,10.51,"10°46'32.41""N, 106°40'15.25""E",FIX,
09:43:46.554,1786243426.554,TRACKING,6.011,-0.002,0.008,0.00,0.450,0.000,0.000,0.000,0.000,1.000,6.01,10.77567061,106.67090260,10.51,"10°46'32.41""N, 106°40'15.25""E",FIX,
09:43:46.632,1786243426.633,TRACKING,6.038,-0.002,0.008,0.00,0.450,0.000,0.000,0.000,0.000,1.000,6.04,10.77567061,106.67090260,10.51,"10°46'32.41""N, 106°40'15.25""E",FIX,
09:43:46.716,1786243426.716,TRACKING,6.065,-0.002,0.008,0.00,0.450,0.000,0.000,0.000,0.000,1.000,6.07,10.77567061,106.67090301,10.51,"10°46'32.41""N, 106°40'15.25""E",FIX,
09:43:46.799,1786243426.800,TRACKING,6.101,-0.002,0.008,0.05,0.450,-0.087,0.000,0.000,0.000,1.000,6.10,10.77567061,106.67090301,10.51,"10°46'32.41""N, 106°40'15.25""E",FIX,
09:43:46.861,1786243426.862,TRACKING,6.128,-0.001,0.005,0.05,0.450,-0.031,0.000,0.000,0.000,0.646,6.13,10.77567061,106.67090301,10.51,"10°46'32.41""N, 106°40'15.25""E",FIX,
09:43:46.946,1786243426.947,TRACKING,6.164,-0.001,0.002,0.03,0.450,0.023,0.000,0.000,0.000,0.646,6.16,10.77567061,106.67090342,10.51,"10°46'32.41""N, 106°40'15.25""E",FIX,
09:43:47.019,1786243427.019,TRACKING,6.191,-0.001,0.003,0.02,0.450,0.021,0.000,0.000,0.000,0.708,6.19,10.77567061,106.67090342,10.51,"10°46'32.41""N, 106°40'15.25""E",FIX,
09:43:47.096,1786243427.097,TRACKING,6.218,-0.001,0.004,0.04,0.450,-0.036,0.000,0.000,0.000,0.771,6.22,10.77567061,106.67090342,10.51,"10°46'32.41""N, 106°40'15.25""E",FIX,
09:43:47.172,1786243427.172,TRACKING,6.254,-0.001,0.003,0.02,0.450,0.020,0.000,0.000,0.000,0.833,6.25,10.77567061,106.67090384,10.51,"10°46'32.41""N, 106°40'15.25""E",FIX,
09:43:47.237,1786243427.238,TRACKING,6.272,-0.001,0.003,0.02,0.450,0.016,0.000,0.000,0.000,0.917,6.27,10.77567061,106.67090384,10.51,"10°46'32.41""N, 106°40'15.25""E",FIX,
09:43:47.313,1786243427.314,TRACKING,6.308,-0.001,0.004,0.03,0.450,-0.042,0.000,0.000,0.000,1.000,6.31,10.77567061,106.67090384,10.51,"10°46'32.41""N, 106°40'15.25""E",FIX,
09:43:47.391,1786243427.391,TRACKING,6.335,-0.001,0.003,0.02,0.450,0.019,0.000,0.000,0.000,1.000,6.34,10.77567061,106.67090425,10.51,"10°46'32.41""N, 106°40'15.26""E",FIX,
09:43:47.475,1786243427.475,TRACKING,6.362,-0.001,0.003,0.01,0.450,0.011,0.000,0.000,0.000,1.000,6.36,10.77567061,106.67090425,10.51,"10°46'32.41""N, 106°40'15.26""E",FIX,
09:43:47.542,1786243427.542,TRACKING,6.389,-0.001,0.004,0.03,0.450,-0.048,0.000,0.000,0.000,1.000,6.39,10.77567061,106.67090425,10.51,"10°46'32.41""N, 106°40'15.26""E",FIX,
09:43:47.627,1786243427.628,TRACKING,6.425,-0.000,0.002,0.02,0.450,0.016,0.000,0.000,0.000,1.000,6.43,10.77567061,106.67090466,10.51,"10°46'32.41""N, 106°40'15.26""E",FIX,
09:43:47.710,1786243427.710,TRACKING,6.461,-0.000,0.002,0.01,0.450,0.009,0.000,0.000,0.000,1.000,6.46,10.77567061,106.67090466,10.51,"10°46'32.41""N, 106°40'15.26""E",FIX,
09:43:47.794,1786243427.794,TRACKING,6.488,-0.000,0.002,0.01,0.450,0.006,0.000,0.000,0.000,1.000,6.49,10.77567061,106.67090466,10.51,"10°46'32.41""N, 106°40'15.26""E",FIX,
09:43:47.854,1786243427.854,TRACKING,6.515,-0.000,0.003,0.01,0.450,0.008,0.000,0.000,0.000,1.000,6.52,10.77567061,106.67090507,10.51,"10°46'32.41""N, 106°40'15.26""E",FIX,
09:43:47.947,1786243427.947,TRACKING,6.551,-0.000,0.003,0.03,0.450,-0.040,0.000,0.000,0.000,1.000,6.55,10.77567061,106.67090507,10.51,"10°46'32.41""N, 106°40'15.26""E",FIX,
09:43:48.014,1786243428.015,TRACKING,6.578,-0.000,0.002,0.02,0.450,0.014,0.000,0.000,0.000,1.000,6.58,10.77567061,106.67090507,10.51,"10°46'32.41""N, 106°40'15.26""E",FIX,
09:43:48.080,1786243428.081,TRACKING,6.605,-0.000,0.002,0.01,0.450,0.013,0.000,0.000,0.000,1.000,6.61,10.77567061,106.67090548,10.51,"10°46'32.41""N, 106°40'15.26""E",FIX,
09:43:48.166,1786243428.166,TRACKING,6.632,-0.000,0.002,0.01,0.450,0.005,0.000,0.000,0.000,1.000,6.63,10.77567061,106.67090548,10.51,"10°46'32.41""N, 106°40'15.26""E",FIX,
09:43:48.243,1786243428.244,TRACKING,6.668,0.000,0.003,0.03,0.450,-0.045,0.000,0.000,0.000,1.000,6.67,10.77567061,106.67090548,10.51,"10°46'32.41""N, 106°40'15.26""E",FIX,
09:43:48.305,1786243428.306,TRACKING,6.695,0.000,0.001,0.02,0.450,0.019,0.000,0.000,0.000,1.000,6.70,10.77567061,106.67090589,10.51,"10°46'32.41""N, 106°40'15.26""E",FIX,
09:43:48.389,1786243428.389,TRACKING,6.731,0.000,0.002,0.01,0.450,0.007,0.000,0.000,0.000,1.000,6.73,10.77567061,106.67090589,10.51,"10°46'32.41""N, 106°40'15.26""E",FIX,
09:43:48.450,1786243428.450,TRACKING,6.749,0.000,0.002,0.03,0.450,-0.058,0.000,0.000,0.000,1.000,6.75,10.77567061,106.67090589,10.51,"10°46'32.41""N, 106°40'15.26""E",FIX,
09:43:48.524,1786243428.524,TRACKING,6.776,0.000,0.001,0.02,0.450,0.017,0.000,0.000,0.000,1.000,6.78,10.77567061,106.67090589,10.51,"10°46'32.41""N, 106°40'15.26""E",FIX,
09:43:48.629,1786243428.630,TRACKING,6.821,0.000,0.000,0.01,0.450,0.008,0.000,0.000,0.000,1.000,6.82,10.77567061,106.67090630,10.51,"10°46'32.41""N, 106°40'15.26""E",FIX,
09:43:48.686,1786243428.687,TRACKING,6.839,0.000,0.001,0.01,0.450,0.008,0.000,0.000,0.000,1.000,6.84,10.77567061,106.67090630,10.51,"10°46'32.41""N, 106°40'15.26""E",FIX,
09:43:48.765,1786243428.766,TRACKING,6.866,0.000,0.001,0.03,0.450,-0.052,0.000,0.000,0.000,1.000,6.87,10.77567061,106.67090630,10.51,"10°46'32.41""N, 106°40'15.26""E",FIX,
09:43:48.854,1786243428.854,TRACKING,6.902,0.000,-0.001,0.02,0.450,0.013,0.000,0.000,0.000,1.000,6.90,10.77567061,106.67090672,10.51,"10°46'32.41""N, 106°40'15.26""E",FIX,
09:43:48.932,1786243428.933,TRACKING,6.929,0.000,-0.002,0.01,0.450,0.011,0.000,0.000,0.000,0.583,6.93,10.77567061,106.67090672,10.51,"10°46'32.41""N, 106°40'15.26""E",FIX,
09:43:49.009,1786243429.009,TRACKING,6.956,0.000,-0.001,0.01,0.450,0.006,0.000,0.000,0.000,0.646,6.96,10.77567061,106.67090672,10.51,"10°46'32.41""N, 106°40'15.26""E",FIX,
09:43:49.076,1786243429.077,TRACKING,6.983,0.000,-0.001,0.01,0.450,0.005,0.000,0.000,0.000,0.708,6.98,10.77567061,106.67090713,10.51,"10°46'32.41""N, 106°40'15.27""E",FIX,
09:43:49.147,1786243429.148,TRACKING,7.019,0.000,-0.000,0.00,0.450,0.003,0.000,0.000,0.000,0.771,7.02,10.77567061,106.67090713,10.51,"10°46'32.41""N, 106°40'15.27""E",FIX,
09:43:49.226,1786243429.227,TRACKING,7.046,0.000,0.000,0.00,0.450,0.002,0.000,0.000,0.000,0.854,7.05,10.77567061,106.67090713,10.51,"10°46'32.41""N, 106°40'15.27""E",FIX,
09:43:49.300,1786243429.301,TRACKING,7.082,0.000,0.000,0.00,0.450,0.001,0.000,0.000,0.000,0.917,7.08,10.77567061,106.67090754,10.51,"10°46'32.41""N, 106°40'15.27""E",FIX,
09:43:49.361,1786243429.362,TRACKING,7.109,0.000,0.000,0.00,0.450,0.001,0.000,0.000,0.000,1.000,7.11,10.77567061,106.67090754,10.51,"10°46'32.41""N, 106°40'15.27""E",FIX,
09:43:49.448,1786243429.448,TRACKING,7.145,0.000,0.000,0.02,0.450,-0.042,0.000,0.000,0.000,1.000,7.15,10.77567061,106.67090795,10.51,"10°46'32.41""N, 106°40'15.27""E",FIX,
09:43:49.520,1786243429.520,TRACKING,7.172,0.000,-0.001,0.02,0.450,0.013,0.000,0.000,0.000,1.000,7.17,10.77567061,106.67090795,10.51,"10°46'32.41""N, 106°40'15.27""E",FIX,
09:43:49.598,1786243429.599,TRACKING,7.199,0.000,-0.002,0.01,0.450,0.008,0.000,0.000,0.000,1.000,7.20,10.77567061,106.67090795,10.51,"10°46'32.41""N, 106°40'15.27""E",FIX,
09:43:49.656,1786243429.657,TRACKING,7.226,0.000,-0.001,0.01,0.450,0.007,0.000,0.000,0.000,1.000,7.23,10.77567061,106.67090795,10.51,"10°46'32.41""N, 106°40'15.27""E",FIX,
09:43:49.739,1786243429.739,TRACKING,7.262,0.000,-0.000,0.00,0.450,0.003,0.000,0.000,0.000,1.000,7.26,10.77567061,106.67090836,10.51,"10°46'32.41""N, 106°40'15.27""E",FIX,
09:43:49.804,1786243429.805,TRACKING,7.280,0.000,-0.000,0.00,0.450,0.003,0.000,0.000,0.000,1.000,7.28,10.77567061,106.67090836,10.51,"10°46'32.41""N, 106°40'15.27""E",FIX,
09:43:49.873,1786243429.874,TRACKING,7.316,0.000,-0.000,0.02,0.450,-0.050,0.000,0.000,0.000,1.000,7.32,10.77567061,106.67090836,10.51,"10°46'32.41""N, 106°40'15.27""E",FIX,
09:43:49.955,1786243429.955,TRACKING,7.343,0.000,-0.002,0.02,0.450,0.012,0.000,0.000,0.000,1.000,7.34,10.77567061,106.67090877,10.51,"10°46'32.41""N, 106°40'15.27""E",FIX,
09:43:50.036,1786243430.036,TRACKING,7.379,-0.000,-0.003,-0.01,0.450,0.053,0.000,0.000,0.000,1.000,7.38,10.77567061,106.67090877,10.51,"10°46'32.41""N, 106°40'15.27""E",FIX,
09:43:50.119,1786243430.120,TRACKING,7.415,-0.000,0.000,-0.01,0.450,-0.006,0.000,0.000,0.000,1.000,7.42,10.77567061,106.67090918,10.51,"10°46'32.41""N, 106°40'15.27""E",FIX,
09:43:50.188,1786243430.189,TRACKING,7.442,-0.000,0.001,0.02,0.450,-0.059,0.000,0.000,0.000,1.000,7.44,10.77567061,106.67090918,10.51,"10°46'32.41""N, 106°40'15.27""E",FIX,
09:43:50.255,1786243430.255,TRACKING,7.460,-0.000,-0.001,0.01,0.450,0.012,0.000,0.000,0.000,1.000,7.46,10.77567061,106.67090918,10.51,"10°46'32.41""N, 106°40'15.27""E",FIX,
09:43:50.334,1786243430.335,TRACKING,7.496,-0.000,-0.002,0.01,0.450,0.005,0.000,0.000,0.000,1.000,7.50,10.77567061,106.67090918,10.51,"10°46'32.41""N, 106°40'15.27""E",FIX,
09:43:50.401,1786243430.402,TRACKING,7.523,-0.000,-0.002,0.00,0.450,0.005,0.000,0.000,0.000,1.000,7.52,10.77567061,106.67090960,10.51,"10°46'32.41""N, 106°40'15.27""E",FIX,
09:43:50.481,1786243430.482,TRACKING,7.559,-0.000,-0.002,0.00,0.450,0.002,0.000,0.000,0.000,1.000,7.56,10.77567061,106.67090960,10.51,"10°46'32.41""N, 106°40'15.27""E",FIX,
09:43:50.543,1786243430.544,TRACKING,7.586,-0.000,-0.001,0.00,0.450,0.002,0.000,0.000,0.000,1.000,7.59,10.77567061,106.67090960,10.51,"10°46'32.41""N, 106°40'15.27""E",FIX,
09:43:50.633,1786243430.634,TRACKING,7.613,-0.000,-0.001,0.00,0.450,0.001,0.000,0.000,0.000,1.000,7.61,10.77567061,106.67091001,10.51,"10°46'32.41""N, 106°40'15.28""E",FIX,
09:43:50.720,1786243430.720,TRACKING,7.649,-0.000,-0.001,0.00,0.450,0.001,0.000,0.000,0.000,1.000,7.65,10.77567061,106.67091001,10.51,"10°46'32.41""N, 106°40'15.28""E",FIX,
09:43:50.786,1786243430.786,TRACKING,7.676,-0.000,-0.001,-0.11,0.450,0.271,0.000,0.000,0.000,1.000,7.68,10.77567061,106.67091001,10.51,"10°46'32.41""N, 106°40'15.28""E",FIX,
09:43:50.855,1786243430.856,TRACKING,7.703,-0.000,0.009,-0.12,0.450,0.045,0.000,0.000,0.000,0.479,7.70,10.77567061,106.67091042,10.51,"10°46'32.41""N, 106°40'15.28""E",FIX,
09:43:50.932,1786243430.932,TRACKING,7.730,0.000,0.017,-0.03,0.450,-0.153,0.000,0.000,0.000,0.562,7.73,10.77567061,106.67091042,10.51,"10°46'32.41""N, 106°40'15.28""E",FIX,
09:43:51.008,1786243431.008,TRACKING,7.766,0.001,0.011,-0.02,0.450,-0.016,0.000,0.000,0.000,0.625,7.77,10.77567061,106.67091042,10.51,"10°46'32.41""N, 106°40'15.28""E",FIX,
09:43:51.075,1786243431.076,TRACKING,7.793,0.001,0.008,-0.06,0.450,0.107,0.000,0.000,0.000,0.667,7.79,10.77567061,106.67091083,10.51,"10°46'32.41""N, 106°40'15.28""E",FIX,
09:43:51.163,1786243431.164,TRACKING,7.820,0.001,0.012,-0.04,0.450,-0.030,0.000,0.000,0.000,0.750,7.82,10.77567061,106.67091083,10.51,"10°46'32.41""N, 106°40'15.28""E",FIX,
09:43:51.244,1786243431.244,TRACKING,7.856,0.002,0.013,-0.03,0.450,-0.017,0.000,0.000,0.000,0.833,7.86,10.77567061,106.67091083,10.51,"10°46'32.41""N, 106°40'15.28""E",FIX,
09:43:51.316,1786243431.317,TRACKING,7.883,0.002,0.012,-0.02,0.450,-0.014,0.000,0.000,0.000,0.917,7.88,10.77567061,106.67091124,10.51,"10°46'32.41""N, 106°40'15.28""E",FIX,
09:43:51.389,1786243431.390,TRACKING,7.910,0.002,0.011,-0.03,0.450,0.050,0.000,0.000,0.000,0.979,7.91,10.77567061,106.67091124,10.51,"10°46'32.41""N, 106°40'15.28""E",FIX,
09:43:51.473,1786243431.473,TRACKING,7.946,0.003,0.014,-0.02,0.450,-0.015,0.000,0.000,0.000,1.000,7.95,10.77567061,106.67091124,10.51,"10°46'32.41""N, 106°40'15.28""E",FIX,
09:43:51.536,1786243431.536,TRACKING,7.964,0.003,0.014,-0.01,0.450,-0.015,0.000,0.000,0.000,1.000,7.96,10.77567061,106.67091165,10.51,"10°46'32.41""N, 106°40'15.28""E",FIX,
09:43:51.612,1786243431.612,TRACKING,8.000,0.003,0.013,-0.01,0.450,-0.008,0.000,0.000,0.000,1.000,8.00,10.77567061,106.67091165,10.51,"10°46'32.41""N, 106°40'15.28""E",FIX,
09:43:51.706,1786243431.707,TRACKING,8.036,0.004,0.012,-0.01,0.450,-0.004,0.000,0.000,0.000,1.000,8.04,10.77567061,106.67091165,10.51,"10°46'32.41""N, 106°40'15.28""E",FIX,
09:43:51.778,1786243431.778,TRACKING,8.063,0.004,0.012,-0.03,0.450,0.049,0.000,0.000,0.000,1.000,8.06,10.77567061,106.67091206,10.51,"10°46'32.41""N, 106°40'15.28""E",FIX,
09:43:51.846,1786243431.846,TRACKING,8.090,0.004,0.014,-0.02,0.450,-0.019,0.000,0.000,0.000,1.000,8.09,10.77567061,106.67091206,10.51,"10°46'32.41""N, 106°40'15.28""E",FIX,
09:43:51.928,1786243431.928,TRACKING,8.117,0.005,0.013,-0.01,0.450,-0.008,0.000,0.000,0.000,1.000,8.12,10.77567061,106.67091206,10.51,"10°46'32.41""N, 106°40'15.28""E",FIX,
09:43:51.992,1786243431.993,TRACKING,8.144,0.005,0.012,-0.01,0.450,-0.007,0.000,0.000,0.000,1.000,8.14,10.77567062,106.67091248,10.51,"10°46'32.41""N, 106°40'15.28""E",FIX,
09:43:52.091,1786243432.091,TRACKING,8.180,0.006,0.012,-0.03,0.450,0.042,0.000,0.000,0.000,1.000,8.18,10.77567062,106.67091248,10.51,"10°46'32.41""N, 106°40'15.28""E",FIX,
09:43:52.136,1786243432.137,TRACKING,8.207,0.006,0.013,-0.02,0.450,-0.020,0.000,0.000,0.000,1.000,8.21,10.77567062,106.67091248,10.51,"10°46'32.41""N, 106°40'15.28""E",FIX,
09:43:52.216,1786243432.217,TRACKING,8.234,0.006,0.012,-0.01,0.450,-0.009,0.000,0.000,0.000,1.000,8.23,10.77567062,106.67091289,10.51,"10°46'32.41""N, 106°40'15.29""E",FIX,
09:43:52.289,1786243432.290,TRACKING,8.261,0.007,0.012,-0.03,0.450,0.046,0.000,0.000,0.000,1.000,8.26,10.77567062,106.67091289,10.51,"10°46'32.41""N, 106°40'15.29""E",FIX,
09:43:52.375,1786243432.375,TRACKING,8.297,0.007,0.013,-0.02,0.450,-0.013,0.000,0.000,0.000,1.000,8.30,10.77567062,106.67091289,10.51,"10°46'32.41""N, 106°40'15.29""E",FIX,
09:43:52.445,1786243432.446,TRACKING,8.333,0.008,0.014,-0.01,0.450,-0.011,0.000,0.000,0.000,1.000,8.33,10.77567062,106.67091330,10.51,"10°46'32.41""N, 106°40'15.29""E",FIX,
09:43:52.509,1786243432.509,TRACKING,8.351,0.008,0.014,-0.01,0.450,-0.009,0.000,0.000,0.000,1.000,8.35,10.77567062,106.67091330,10.51,"10°46'32.41""N, 106°40'15.29""E",FIX,
09:43:52.591,1786243432.591,TRACKING,8.387,0.008,0.013,-0.01,0.450,-0.004,0.000,0.000,0.000,1.000,8.39,10.77567062,106.67091330,10.51,"10°46'32.41""N, 106°40'15.29""E",FIX,
09:43:52.664,1786243432.665,TRACKING,8.423,0.009,0.012,-0.03,0.450,0.048,0.000,0.000,0.000,1.000,8.42,10.77567063,106.67091371,10.51,"10°46'32.41""N, 106°40'15.29""E",FIX,
09:43:52.739,1786243432.739,TRACKING,8.450,0.009,0.015,-0.02,0.450,-0.014,0.000,0.000,0.000,1.000,8.45,10.77567063,106.67091371,10.51,"10°46'32.41""N, 106°40'15.29""E",FIX,
09:43:52.816,1786243432.817,TRACKING,8.477,0.009,0.015,-0.01,0.450,-0.009,0.000,0.000,0.000,1.000,8.48,10.77567063,106.67091371,10.51,"10°46'32.41""N, 106°40'15.29""E",FIX,
09:43:52.895,1786243432.895,TRACKING,8.513,0.010,0.014,-0.03,0.450,0.045,0.000,0.000,0.000,0.542,8.51,10.77567063,106.67091412,10.51,"10°46'32.41""N, 106°40'15.29""E",FIX,
09:43:52.975,1786243432.976,TRACKING,8.531,0.010,0.015,-0.03,0.450,0.000,0.000,0.000,0.000,0.000,8.53,10.77567063,106.67091412,10.51,"10°46'32.41""N, 106°40'15.29""E",FIX,
09:43:53.058,1786243433.058,TRACKING,8.567,0.011,0.016,-0.02,0.450,0.001,0.000,0.000,0.000,0.000,8.57,10.77567063,106.67091412,10.51,"10°46'32.41""N, 106°40'15.29""E",FIX,
09:43:53.140,1786243433.141,TRACKING,8.594,0.011,0.016,-0.02,0.450,0.001,0.000,0.000,0.000,0.000,8.59,10.77567063,106.67091453,10.51,"10°46'32.41""N, 106°40'15.29""E",FIX,
09:43:53.213,1786243433.214,TRACKING,8.630,0.012,0.017,-0.02,0.450,0.001,0.000,0.000,0.000,0.000,8.63,10.77567063,106.67091453,10.51,"10°46'32.41""N, 106°40'15.29""E",FIX,
09:43:53.274,1786243433.274,TRACKING,8.648,0.012,0.017,-0.02,0.450,-0.001,0.000,0.000,0.000,0.000,8.65,10.77567063,106.67091453,10.51,"10°46'32.41""N, 106°40'15.29""E",FIX,
09:43:53.357,1786243433.358,TRACKING,8.684,0.013,0.017,-0.02,0.450,0.001,0.000,0.000,0.000,0.000,8.68,10.77567063,106.67091494,10.51,"10°46'32.41""N, 106°40'15.29""E",FIX,
09:43:53.426,1786243433.427,TRACKING,8.711,0.013,0.017,-0.01,0.450,0.001,0.000,0.000,0.000,0.000,8.71,10.77567063,106.67091494,10.51,"10°46'32.41""N, 106°40'15.29""E",FIX,
09:43:53.497,1786243433.498,TRACKING,8.738,0.014,0.017,-0.01,0.450,0.000,0.000,0.000,0.000,0.000,8.74,10.77567063,106.67091494,10.51,"10°46'32.41""N, 106°40'15.29""E",FIX,
09:43:53.573,1786243433.574,TRACKING,8.774,0.014,0.017,-0.01,0.450,0.001,0.000,0.000,0.000,0.000,8.77,10.77567064,106.67091536,10.51,"10°46'32.41""N, 106°40'15.30""E",FIX,
09:43:57.370,1786243437.370,UTURN_PLANNING,10.268,0.039,0.017,0.00,0.000,0.000,0.000,0.000,0.000,0.000,0.00,10.77567069,106.67092194,10.51,"10°46'32.41""N, 106°40'15.32""E",FIX,
09:43:57.444,1786243437.445,PATH_FOLLOWING,10.268,0.039,0.017,-86.57,0.076,2.200,0.000,0.000,0.000,0.000,0.00,10.77567069,106.67092223,10.51,"10°46'32.41""N, 106°40'15.32""E",FIX,
09:43:57.522,1786243437.522,PATH_FOLLOWING,10.272,0.040,0.131,-86.09,0.087,2.200,0.000,0.000,0.000,0.000,0.00,10.77567069,106.67092223,10.51,"10°46'32.41""N, 106°40'15.32""E",FIX,
09:43:57.595,1786243437.595,PATH_FOLLOWING,10.277,0.041,0.263,-85.62,0.098,2.200,0.000,0.000,0.000,0.000,0.00,10.77567069,106.67092223,10.51,"10°46'32.41""N, 106°40'15.32""E",FIX,
09:43:57.680,1786243437.681,PATH_FOLLOWING,10.284,0.043,0.439,-74.57,0.269,1.683,0.000,0.000,0.000,0.000,0.00,10.77567068,106.67092228,10.51,"10°46'32.41""N, 106°40'15.32""E",FIX,
09:43:57.747,1786243437.747,PATH_FOLLOWING,10.292,0.047,0.512,-66.76,0.275,1.106,0.000,0.000,0.000,0.000,0.00,10.77567068,106.67092228,10.51,"10°46'32.41""N, 106°40'15.32""E",FIX,
09:43:57.822,1786243437.822,PATH_FOLLOWING,10.310,0.059,0.615,-29.14,0.280,0.269,0.000,0.000,0.000,0.000,0.00,10.77567068,106.67092228,10.51,"10°46'32.41""N, 106°40'15.32""E",FIX,
09:43:57.907,1786243437.907,PATH_FOLLOWING,10.328,0.072,0.649,-26.93,0.280,0.245,0.000,0.000,0.000,0.000,0.00,10.77567068,106.67092246,10.51,"10°46'32.41""N, 106°40'15.32""E",FIX,
09:43:57.975,1786243437.975,PATH_FOLLOWING,10.337,0.079,0.659,-18.98,0.280,0.166,0.000,0.000,0.000,0.000,0.00,10.77567068,106.67092246,10.51,"10°46'32.41""N, 106°40'15.32""E",FIX,
09:43:58.062,1786243438.063,PATH_FOLLOWING,10.355,0.093,0.674,-4.80,0.280,0.041,0.000,0.000,0.000,0.000,0.00,10.77567068,106.67092246,10.51,"10°46'32.41""N, 106°40'15.32""E",FIX,
09:43:58.126,1786243438.127,PATH_FOLLOWING,10.368,0.104,0.680,-16.37,0.280,0.142,0.000,0.000,0.000,0.000,0.00,10.77567072,106.67092271,10.51,"10°46'32.41""N, 106°40'15.32""E",FIX,
09:43:58.210,1786243438.211,PATH_FOLLOWING,10.385,0.118,0.689,-8.27,0.280,0.070,0.000,0.000,0.000,0.000,0.00,10.77567072,106.67092271,10.51,"10°46'32.41""N, 106°40'15.32""E",FIX,
09:43:58.275,1786243438.276,PATH_FOLLOWING,10.394,0.125,0.693,-4.94,0.280,0.042,0.000,0.000,0.000,0.000,0.00,10.77567072,106.67092271,10.51,"10°46'32.41""N, 106°40'15.32""E",FIX,
09:43:58.357,1786243438.357,PATH_FOLLOWING,10.411,0.139,0.697,-2.64,0.280,0.022,0.000,0.000,0.000,0.000,0.00,10.77567079,106.67092296,10.51,"10°46'32.41""N, 106°40'15.32""E",FIX,
09:43:58.423,1786243438.424,PATH_FOLLOWING,10.424,0.150,0.699,-0.92,0.280,0.008,0.000,0.000,0.000,0.000,0.00,10.77567079,106.67092296,10.51,"10°46'32.41""N, 106°40'15.32""E",FIX,
09:43:58.502,1786243438.502,PATH_FOLLOWING,10.437,0.161,0.700,-0.18,0.280,0.002,0.000,0.000,0.000,0.000,0.00,10.77567079,106.67092296,10.51,"10°46'32.41""N, 106°40'15.32""E",FIX,
09:43:58.590,1786243438.591,PATH_FOLLOWING,10.454,0.175,0.700,16.95,0.280,-0.147,0.000,0.000,0.000,0.000,0.00,10.77567087,106.67092320,10.51,"10°46'32.42""N, 106°40'15.32""E",FIX,
09:43:58.667,1786243438.667,PATH_FOLLOWING,10.467,0.186,0.694,12.61,0.280,-0.108,0.000,0.000,0.000,0.000,0.00,10.77567087,106.67092320,10.51,"10°46'32.42""N, 106°40'15.32""E",FIX,
09:43:58.747,1786243438.747,PATH_FOLLOWING,10.479,0.197,0.687,5.99,0.280,-0.051,0.000,0.000,0.000,0.000,0.00,10.77567087,106.67092320,10.51,"10°46'32.42""N, 106°40'15.32""E",FIX,
09:43:58.818,1786243438.819,PATH_FOLLOWING,10.492,0.207,0.683,36.19,0.280,-0.353,0.000,0.000,0.000,0.000,0.00,10.77567095,106.67092344,10.51,"10°46'32.42""N, 106°40'15.32""E",FIX,
09:43:58.908,1786243438.909,PATH_FOLLOWING,10.510,0.221,0.663,22.76,0.280,-0.202,0.000,0.000,0.000,0.000,0.00,10.77567095,106.67092344,10.51,"10°46'32.42""N, 106°40'15.32""E",FIX,
09:43:59.003,1786243439.003,PATH_FOLLOWING,10.528,0.235,0.644,52.69,0.279,-0.630,0.000,0.000,0.000,0.000,0.00,10.77567095,106.67092344,10.51,"10°46'32.42""N, 106°40'15.32""E",FIX,
09:43:59.055,1786243439.055,PATH_FOLLOWING,10.537,0.242,0.630,47.69,0.279,-0.528,0.000,0.000,0.000,0.000,0.00,10.77567104,106.67092368,10.51,"10°46'32.42""N, 106°40'15.33""E",FIX,
09:43:59.140,1786243439.141,PATH_FOLLOWING,10.555,0.254,0.584,18.54,0.280,-0.162,0.000,0.000,0.000,0.000,0.00,10.77567104,106.67092368,10.51,"10°46'32.42""N, 106°40'15.33""E",FIX,
09:43:59.214,1786243439.215,PATH_FOLLOWING,10.569,0.263,0.567,2.59,0.280,-0.022,0.000,0.000,0.000,0.000,0.00,10.77567104,106.67092368,10.51,"10°46'32.42""N, 106°40'15.33""E",FIX,
09:43:59.297,1786243439.298,PATH_FOLLOWING,10.588,0.275,0.562,-2.81,0.280,0.024,0.000,0.000,0.000,0.000,0.00,10.77567114,106.67092393,10.51,"10°46'32.42""N, 106°40'15.33""E",FIX,
09:43:59.359,1786243439.359,PATH_FOLLOWING,10.602,0.284,0.563,-2.33,0.280,0.020,0.000,0.000,0.000,0.000,0.00,10.77567114,106.67092393,10.51,"10°46'32.42""N, 106°40'15.33""E",FIX,
09:43:59.445,1786243439.445,PATH_FOLLOWING,10.616,0.293,0.564,-1.24,0.280,0.010,0.000,0.000,0.000,0.000,0.00,10.77567114,106.67092393,10.51,"10°46'32.42""N, 106°40'15.33""E",FIX,
09:43:59.522,1786243439.522,PATH_FOLLOWING,10.635,0.305,0.565,-0.21,0.280,0.002,0.000,0.000,0.000,0.000,0.00,10.77567120,106.67092418,10.51,"10°46'32.42""N, 106°40'15.33""E",FIX,
09:43:59.598,1786243439.599,PATH_FOLLOWING,10.650,0.314,0.565,0.03,0.280,-0.000,0.000,0.000,0.000,0.000,0.00,10.77567120,106.67092418,10.51,"10°46'32.42""N, 106°40'15.33""E",FIX,
09:43:59.662,1786243439.662,PATH_FOLLOWING,10.664,0.323,0.565,0.06,0.280,-0.001,0.000,0.000,0.000,0.000,0.00,10.77567120,106.67092418,10.51,"10°46'32.42""N, 106°40'15.33""E",FIX,
09:43:59.750,1786243439.751,PATH_FOLLOWING,10.683,0.335,0.565,0.03,0.280,-0.000,0.000,0.000,0.000,0.000,0.00,10.77567127,106.67092442,10.51,"10°46'32.42""N, 106°40'15.33""E",FIX,
09:43:59.828,1786243439.828,PATH_FOLLOWING,10.697,0.344,0.565,0.02,0.280,-0.000,0.000,0.000,0.000,0.000,0.00,10.77567127,106.67092442,10.51,"10°46'32.42""N, 106°40'15.33""E",FIX,
09:43:59.895,1786243439.895,PATH_FOLLOWING,10.711,0.353,0.565,0.01,0.280,-0.000,0.000,0.000,0.000,0.000,0.00,10.77567127,106.67092442,10.51,"10°46'32.42""N, 106°40'15.33""E",FIX,
09:43:59.972,1786243439.973,PATH_FOLLOWING,10.725,0.362,0.565,0.00,0.000,0.000,0.000,0.000,0.000,0.000,0.00,10.77567134,106.67092467,10.51,"10°46'32.42""N, 106°40'15.33""E",FIX,
09:44:00.051,1786243440.052,UTURN_EXECUTION,10.730,0.365,0.565,53.40,0.280,-0.650,0.000,0.000,0.000,0.000,0.00,10.77567134,106.67092467,10.51,"10°46'32.42""N, 106°40'15.33""E",FIX,
09:44:00.127,1786243440.127,UTURN_EXECUTION,10.742,0.372,0.534,53.40,0.280,-0.650,0.000,0.000,0.000,0.000,0.00,10.77567134,106.67092467,10.51,"10°46'32.42""N, 106°40'15.33""E",FIX,
09:44:00.206,1786243440.207,UTURN_EXECUTION,10.761,0.383,0.482,53.40,0.280,-0.650,0.000,0.000,0.000,0.000,0.00,10.77567136,106.67092483,10.51,"10°46'32.42""N, 106°40'15.33""E",FIX,
09:44:00.271,1786243440.271,UTURN_EXECUTION,10.771,0.388,0.456,53.40,0.280,-0.650,0.000,0.000,0.000,0.000,0.00,10.77567136,106.67092483,10.51,"10°46'32.42""N, 106°40'15.33""E",FIX,
09:44:00.351,1786243440.352,UTURN_EXECUTION,10.792,0.398,0.404,53.40,0.280,-0.650,0.000,0.000,0.000,0.000,0.00,10.77567136,106.67092483,10.51,"10°46'32.42""N, 106°40'15.33""E",FIX,
09:44:00.415,1786243440.415,UTURN_EXECUTION,10.807,0.404,0.365,53.40,0.280,-0.650,0.000,0.000,0.000,0.000,0.00,10.77567137,106.67092508,10.51,"10°46'32.42""N, 106°40'15.33""E",FIX,
09:44:00.497,1786243440.497,UTURN_EXECUTION,10.828,0.411,0.313,53.40,0.280,-0.650,0.000,0.000,0.000,0.000,0.00,10.77567137,106.67092508,10.51,"10°46'32.42""N, 106°40'15.33""E",FIX,
09:44:00.576,1786243440.577,UTURN_EXECUTION,10.844,0.416,0.274,53.40,0.280,-0.650,0.000,0.000,0.000,0.000,0.00,10.77567137,106.67092508,10.51,"10°46'32.42""N, 106°40'15.33""E",FIX,
09:44:00.647,1786243440.647,UTURN_EXECUTION,10.861,0.421,0.235,53.40,0.280,-0.650,0.000,0.000,0.000,0.000,0.00,10.77567138,106.67092534,10.51,"10°46'32.42""N, 106°40'15.33""E",FIX,
09:44:00.713,1786243440.714,UTURN_EXECUTION,10.877,0.424,0.196,53.40,0.280,-0.650,0.000,0.000,0.000,0.000,0.00,10.77567138,106.67092534,10.51,"10°46'32.42""N, 106°40'15.33""E",FIX,
09:44:00.792,1786243440.793,UTURN_EXECUTION,10.894,0.427,0.157,53.40,0.280,-0.650,0.000,0.000,0.000,0.000,0.00,10.77567138,106.67092534,10.51,"10°46'32.42""N, 106°40'15.33""E",FIX,
09:44:00.868,1786243440.868,UTURN_EXECUTION,10.916,0.430,0.105,53.40,0.280,-0.650,0.000,0.000,0.000,0.000,0.00,10.77567141,106.67092559,10.51,"10°46'32.42""N, 106°40'15.33""E",FIX,
09:44:00.943,1786243440.944,UTURN_EXECUTION,10.933,0.431,0.066,53.40,0.280,-0.650,0.000,0.000,0.000,0.000,0.00,10.77567141,106.67092559,10.51,"10°46'32.42""N, 106°40'15.33""E",FIX,
09:44:01.012,1786243441.013,UTURN_EXECUTION,10.949,0.432,0.027,53.40,0.280,-0.650,0.000,0.000,0.000,0.000,0.00,10.77567141,106.67092559,10.51,"10°46'32.42""N, 106°40'15.33""E",FIX,
09:44:01.094,1786243441.094,UTURN_EXECUTION,10.972,0.432,-0.025,53.40,0.280,-0.650,0.000,0.000,0.000,0.000,0.00,10.77567144,106.67092585,10.51,"10°46'32.42""N, 106°40'15.33""E",FIX,
09:44:01.158,1786243441.158,UTURN_EXECUTION,10.989,0.431,-0.064,53.40,0.280,-0.650,0.000,0.000,0.000,0.000,0.00,10.77567144,106.67092585,10.51,"10°46'32.42""N, 106°40'15.33""E",FIX,
09:44:01.235,1786243441.236,UTURN_EXECUTION,11.005,0.430,-0.103,53.40,0.280,-0.650,0.000,0.000,0.000,0.000,0.00,10.77567144,106.67092585,10.51,"10°46'32.42""N, 106°40'15.33""E",FIX,
09:44:01.317,1786243441.317,UTURN_EXECUTION,11.027,0.427,-0.155,53.40,0.280,-0.650,0.000,0.000,0.000,0.000,0.00,10.77567149,106.67092610,10.51,"10°46'32.42""N, 106°40'15.33""E",FIX,
09:44:01.390,1786243441.390,UTURN_EXECUTION,11.044,0.424,-0.194,53.40,0.280,-0.650,0.000,0.000,0.000,0.000,0.00,10.77567149,106.67092610,10.51,"10°46'32.42""N, 106°40'15.33""E",FIX,
09:44:01.456,1786243441.456,UTURN_EXECUTION,11.066,0.419,-0.246,53.40,0.280,-0.650,0.000,0.000,0.000,0.000,0.00,10.77567149,106.67092610,10.51,"10°46'32.42""N, 106°40'15.33""E",FIX,
09:44:01.523,1786243441.524,UTURN_EXECUTION,11.082,0.415,-0.285,53.40,0.280,-0.650,0.000,0.000,0.000,0.000,0.00,10.77567154,106.67092636,10.51,"10°46'32.42""N, 106°40'15.33""E",FIX,
09:44:01.591,1786243441.591,UTURN_EXECUTION,11.098,0.410,-0.324,53.40,0.280,-0.650,0.000,0.000,0.000,0.000,0.00,10.77567154,106.67092636,10.51,"10°46'32.42""N, 106°40'15.33""E",FIX,
09:44:01.674,1786243441.674,UTURN_EXECUTION,11.119,0.402,-0.376,53.40,0.280,-0.650,0.000,0.000,0.000,0.000,0.00,10.77567154,106.67092636,10.51,"10°46'32.42""N, 106°40'15.33""E",FIX,
09:44:01.744,1786243441.745,UTURN_EXECUTION,11.135,0.396,-0.415,53.40,0.280,-0.650,0.000,0.000,0.000,0.000,0.00,10.77567160,106.67092661,10.51,"10°46'32.42""N, 106°40'15.34""E",FIX,
09:44:01.825,1786243441.826,UTURN_EXECUTION,11.150,0.389,-0.454,53.40,0.280,-0.650,0.000,0.000,0.000,0.000,0.00,10.77567160,106.67092661,10.51,"10°46'32.42""N, 106°40'15.34""E",FIX,
09:44:01.902,1786243441.902,UTURN_EXECUTION,11.165,0.381,-0.493,53.40,0.280,-0.650,0.000,0.000,0.000,0.000,0.00,10.77567160,106.67092661,10.51,"10°46'32.42""N, 106°40'15.34""E",FIX,
09:44:01.970,1786243441.971,UTURN_EXECUTION,11.179,0.373,-0.532,53.40,0.280,-0.650,0.000,0.000,0.000,0.000,0.00,10.77567165,106.67092686,10.51,"10°46'32.42""N, 106°40'15.34""E",FIX,
09:44:02.031,1786243442.032,UTURN_EXECUTION,11.194,0.364,-0.571,53.40,0.280,-0.650,0.000,0.000,0.000,0.000,0.00,10.77567165,106.67092686,10.51,"10°46'32.42""N, 106°40'15.34""E",FIX,
09:44:02.110,1786243442.111,UTURN_EXECUTION,11.212,0.351,-0.623,53.40,0.280,-0.650,0.000,0.000,0.000,0.000,0.00,10.77567165,106.67092686,10.51,"10°46'32.42""N, 106°40'15.34""E",FIX,
09:44:02.183,1786243442.183,UTURN_EXECUTION,11.226,0.341,-0.662,53.40,0.280,-0.650,0.000,0.000,0.000,0.000,0.00,10.77567167,106.67092710,10.51,"10°46'32.42""N, 106°40'15.34""E",FIX,
09:44:02.255,1786243442.256,UTURN_EXECUTION,11.239,0.331,-0.701,53.40,0.280,-0.650,0.000,0.000,0.000,0.000,0.00,10.77567167,106.67092710,10.51,"10°46'32.42""N, 106°40'15.34""E",FIX,
09:44:02.346,1786243442.346,UTURN_EXECUTION,11.255,0.316,-0.753,53.40,0.280,-0.650,0.000,0.000,0.000,0.000,0.00,10.77567167,106.67092710,10.51,"10°46'32.42""N, 106°40'15.34""E",FIX,
09:44:02.418,1786243442.418,UTURN_EXECUTION,11.268,0.304,-0.792,53.40,0.280,-0.650,0.000,0.000,0.000,0.000,0.00,10.77567167,106.67092735,10.51,"10°46'32.42""N, 106°40'15.34""E",FIX,
09:44:02.484,1786243442.485,UTURN_EXECUTION,11.279,0.292,-0.831,53.40,0.280,-0.650,0.000,0.000,0.000,0.000,0.00,10.77567167,106.67092735,10.51,"10°46'32.42""N, 106°40'15.34""E",FIX,
09:44:02.565,1786243442.565,UTURN_EXECUTION,11.294,0.275,-0.883,53.40,0.280,-0.650,0.000,0.000,0.000,0.000,0.00,10.77567167,106.67092735,10.51,"10°46'32.42""N, 106°40'15.34""E",FIX,
09:44:02.639,1786243442.639,UTURN_EXECUTION,11.304,0.262,-0.922,53.40,0.280,-0.650,0.000,0.000,0.000,0.000,0.00,10.77567164,106.67092758,10.51,"10°46'32.42""N, 106°40'15.34""E",FIX,
09:44:02.735,1786243442.736,UTURN_EXECUTION,11.317,0.243,-0.974,53.40,0.280,-0.650,0.000,0.000,0.000,0.000,0.00,10.77567164,106.67092758,10.51,"10°46'32.42""N, 106°40'15.34""E",FIX,
09:44:02.790,1786243442.791,UTURN_EXECUTION,11.323,0.234,-1.000,53.40,0.280,-0.650,0.000,0.000,0.000,0.000,0.00,10.77567164,106.67092758,10.51,"10°46'32.42""N, 106°40'15.34""E",FIX,
09:44:02.882,1786243442.883,UTURN_EXECUTION,11.335,0.215,-1.052,53.40,0.280,-0.650,0.000,0.000,0.000,0.000,0.00,10.77567160,106.67092781,10.51,"10°46'32.42""N, 106°40'15.34""E",FIX,
09:44:02.956,1786243442.956,UTURN_EXECUTION,11.346,0.195,-1.104,53.40,0.280,-0.650,0.000,0.000,0.000,0.000,0.00,10.77567160,106.67092781,10.51,"10°46'32.42""N, 106°40'15.34""E",FIX,
09:44:03.027,1786243443.028,UTURN_EXECUTION,11.350,0.185,-1.130,53.40,0.280,-0.650,0.000,0.000,0.000,0.000,0.00,10.77567160,106.67092781,10.51,"10°46'32.42""N, 106°40'15.34""E",FIX,
09:44:03.099,1786243443.099,UTURN_EXECUTION,11.359,0.165,-1.182,53.40,0.280,-0.650,0.000,0.000,0.000,0.000,0.00,10.77567153,106.67092804,10.51,"10°46'32.42""N, 106°40'15.34""E",FIX,
09:44:03.186,1786243443.186,UTURN_EXECUTION,11.367,0.144,-1.234,53.40,0.280,-0.650,0.000,0.000,0.000,0.000,0.00,10.77567153,106.67092804,10.51,"10°46'32.42""N, 106°40'15.34""E",FIX,
09:44:03.249,1786243443.249,UTURN_EXECUTION,11.371,0.133,-1.260,53.40,0.280,-0.650,0.000,0.000,0.000,0.000,0.00,10.77567153,106.67092804,10.51,"10°46'32.42""N, 106°40'15.34""E",FIX,
09:44:03.329,1786243443.330,UTURN_EXECUTION,11.377,0.112,-1.312,53.40,0.280,-0.650,0.000,0.000,0.000,0.000,0.00,10.77567144,106.67092825,10.51,"10°46'32.42""N, 106°40'15.34""E",FIX,
09:44:03.396,1786243443.397,UTURN_EXECUTION,11.381,0.095,-1.351,53.40,0.280,-0.650,0.000,0.000,0.000,0.000,0.00,10.77567144,106.67092825,10.51,"10°46'32.42""N, 106°40'15.34""E",FIX,
09:44:03.473,1786243443.474,UTURN_EXECUTION,11.385,0.079,-1.390,53.40,0.280,-0.650,0.000,0.000,0.000,0.000,0.00,10.77567144,106.67092825,10.51,"10°46'32.42""N, 106°40'15.34""E",FIX,
09:44:03.542,1786243443.543,UTURN_EXECUTION,11.387,0.062,-1.429,53.40,0.280,-0.650,0.000,0.000,0.000,0.000,0.00,10.77567144,106.67092825,10.51,"10°46'32.42""N, 106°40'15.34""E",FIX,
09:44:03.623,1786243443.624,UTURN_EXECUTION,11.390,0.040,-1.481,53.40,0.280,-0.650,0.000,0.000,0.000,0.000,0.00,10.77567134,106.67092847,10.51,"10°46'32.42""N, 106°40'15.34""E",FIX,
09:44:03.702,1786243443.703,UTURN_EXECUTION,11.391,0.018,-1.533,53.40,0.280,-0.650,0.000,0.000,0.000,0.000,0.00,10.77567134,106.67092847,10.51,"10°46'32.42""N, 106°40'15.34""E",FIX,
09:44:03.767,1786243443.768,UTURN_EXECUTION,11.392,0.006,-1.559,53.40,0.280,-0.650,0.000,0.000,0.000,0.000,0.00,10.77567134,106.67092847,10.51,"10°46'32.42""N, 106°40'15.34""E",FIX,
09:44:03.842,1786243443.843,UTURN_EXECUTION,11.391,-0.016,-1.611,53.40,0.280,-0.650,0.000,0.000,0.000,0.000,0.00,10.77567121,106.67092867,10.51,"10°46'32.42""N, 106°40'15.34""E",FIX,
09:44:03.926,1786243443.926,UTURN_EXECUTION,11.390,-0.033,-1.650,53.40,0.280,-0.650,0.000,0.000,0.000,0.000,0.00,10.77567121,106.67092867,10.51,"10°46'32.42""N, 106°40'15.34""E",FIX,
09:44:03.998,1786243443.998,UTURN_EXECUTION,11.388,-0.049,-1.689,53.40,0.280,-0.650,0.000,0.000,0.000,0.000,0.00,10.77567121,106.67092867,10.51,"10°46'32.42""N, 106°40'15.34""E",FIX,
09:44:04.075,1786243444.075,UTURN_EXECUTION,11.385,-0.072,-1.741,53.40,0.280,-0.650,0.000,0.000,0.000,0.000,0.00,10.77567107,106.67092887,10.51,"10°46'32.42""N, 106°40'15.34""E",FIX,
09:44:04.152,1786243444.152,UTURN_EXECUTION,11.381,-0.094,-1.793,53.40,0.280,-0.650,0.000,0.000,0.000,0.000,0.00,10.77567107,106.67092887,10.51,"10°46'32.42""N, 106°40'15.34""E",FIX,
09:44:04.209,1786243444.210,UTURN_EXECUTION,11.378,-0.104,-1.819,53.40,0.280,-0.650,0.000,0.000,0.000,0.000,0.00,10.77567107,106.67092887,10.51,"10°46'32.42""N, 106°40'15.34""E",FIX,
09:44:04.282,1786243444.283,UTURN_EXECUTION,11.372,-0.126,-1.871,53.40,0.280,-0.650,0.000,0.000,0.000,0.000,0.00,10.77567091,106.67092906,10.51,"10°46'32.42""N, 106°40'15.34""E",FIX,
09:44:04.355,1786243444.355,UTURN_EXECUTION,11.367,-0.142,-1.910,53.40,0.280,-0.650,0.000,0.000,0.000,0.000,0.00,10.77567091,106.67092906,10.51,"10°46'32.42""N, 106°40'15.34""E",FIX,
09:44:04.435,1786243444.436,UTURN_EXECUTION,11.361,-0.158,-1.949,53.40,0.280,-0.650,0.000,0.000,0.000,0.000,0.00,10.77567091,106.67092906,10.51,"10°46'32.42""N, 106°40'15.34""E",FIX,
09:44:04.511,1786243444.511,UTURN_EXECUTION,11.352,-0.178,-2.001,53.40,0.280,-0.650,0.000,0.000,0.000,0.000,0.00,10.77567074,106.67092924,10.51,"10°46'32.41""N, 106°40'15.35""E",FIX,
09:44:04.582,1786243444.582,UTURN_EXECUTION,11.345,-0.193,-2.040,53.40,0.280,-0.650,0.000,0.000,0.000,0.000,0.00,10.77567074,106.67092924,10.51,"10°46'32.41""N, 106°40'15.35""E",FIX,
09:44:04.646,1786243444.646,UTURN_EXECUTION,11.337,-0.208,-2.079,53.40,0.280,-0.650,0.000,0.000,0.000,0.000,0.00,10.77567074,106.67092924,10.51,"10°46'32.41""N, 106°40'15.35""E",FIX,
09:44:04.733,1786243444.733,UTURN_EXECUTION,11.326,-0.228,-2.131,53.40,0.280,-0.650,0.000,0.000,0.000,0.000,0.00,10.77567056,106.67092941,10.51,"10°46'32.41""N, 106°40'15.35""E",FIX,
09:44:04.803,1786243444.803,UTURN_EXECUTION,11.316,-0.242,-2.170,53.40,0.280,-0.650,0.000,0.000,0.000,0.000,0.00,10.77567056,106.67092941,10.51,"10°46'32.41""N, 106°40'15.35""E",FIX,
09:44:04.866,1786243444.866,UTURN_EXECUTION,11.307,-0.255,-2.209,53.40,0.280,-0.650,0.000,0.000,0.000,0.000,0.00,10.77567056,106.67092941,10.51,"10°46'32.41""N, 106°40'15.35""E",FIX,
09:44:04.942,1786243444.943,UTURN_EXECUTION,11.296,-0.269,-2.248,53.40,0.280,-0.650,0.000,0.000,0.000,0.000,0.00,10.77567037,106.67092958,10.51,"10°46'32.41""N, 106°40'15.35""E",FIX,
09:44:05.016,1786243445.016,UTURN_EXECUTION,11.282,-0.286,-2.300,53.40,0.280,-0.650,0.000,0.000,0.000,0.000,0.00,10.77567037,106.67092958,10.51,"10°46'32.41""N, 106°40'15.35""E",FIX,
09:44:05.079,1786243445.080,UTURN_EXECUTION,11.270,-0.298,-2.339,53.40,0.280,-0.650,0.000,0.000,0.000,0.000,0.00,10.77567037,106.67092958,10.51,"10°46'32.41""N, 106°40'15.35""E",FIX,
09:44:05.156,1786243445.156,UTURN_EXECUTION,11.258,-0.310,-2.378,53.40,0.280,-0.650,0.000,0.000,0.000,0.000,0.00,10.77567018,106.67092974,10.51,"10°46'32.41""N, 106°40'15.35""E",FIX,
09:44:05.240,1786243445.241,UTURN_EXECUTION,11.242,-0.325,-2.430,53.40,0.280,-0.650,0.000,0.000,0.000,0.000,0.00,10.77567018,106.67092974,10.51,"10°46'32.41""N, 106°40'15.35""E",FIX,
09:44:05.310,1786243445.311,UTURN_EXECUTION,11.229,-0.336,-2.469,53.40,0.280,-0.650,0.000,0.000,0.000,0.000,0.00,10.77567018,106.67092974,10.51,"10°46'32.41""N, 106°40'15.35""E",FIX,
09:44:05.381,1786243445.382,UTURN_EXECUTION,11.216,-0.346,-2.508,53.40,0.280,-0.650,0.000,0.000,0.000,0.000,0.00,10.77566999,106.67092990,10.51,"10°46'32.41""N, 106°40'15.35""E",FIX,
09:44:05.458,1786243445.459,UTURN_EXECUTION,11.197,-0.358,-2.560,53.40,0.280,-0.650,0.000,0.000,0.000,0.000,0.00,10.77566999,106.67092990,10.51,"10°46'32.41""N, 106°40'15.35""E",FIX,
09:44:05.521,1786243445.521,UTURN_EXECUTION,11.188,-0.365,-2.586,53.40,0.280,-0.650,0.000,0.000,0.000,0.000,0.00,10.77566999,106.67092990,10.51,"10°46'32.41""N, 106°40'15.35""E",FIX,
09:44:05.600,1786243445.600,UTURN_EXECUTION,11.168,-0.376,-2.638,53.40,0.280,-0.650,0.000,0.000,0.000,0.000,0.00,10.77566980,106.67093004,10.51,"10°46'32.41""N, 106°40'15.35""E",FIX,
09:44:05.682,1786243445.683,UTURN_EXECUTION,11.149,-0.386,-2.690,53.40,0.280,-0.650,0.000,0.000,0.000,0.000,0.00,10.77566980,106.67093004,10.51,"10°46'32.41""N, 106°40'15.35""E",FIX,
09:44:05.758,1786243445.758,UTURN_EXECUTION,11.133,-0.393,-2.729,53.40,0.280,-0.650,0.000,0.000,0.000,0.000,0.00,10.77566980,106.67093004,10.51,"10°46'32.41""N, 106°40'15.35""E",FIX,
09:44:05.832,1786243445.832,UTURN_EXECUTION,11.118,-0.400,-2.768,53.40,0.280,-0.650,0.000,0.000,0.000,0.000,0.00,10.77566961,106.67093019,10.51,"10°46'32.41""N, 106°40'15.35""E",FIX,
09:44:05.893,1786243445.893,UTURN_EXECUTION,11.102,-0.405,-2.807,53.40,0.280,-0.650,0.000,0.000,0.000,0.000,0.00,10.77566961,106.67093019,10.51,"10°46'32.41""N, 106°40'15.35""E",FIX,
09:44:05.970,1786243445.970,UTURN_EXECUTION,11.086,-0.411,-2.846,53.40,0.280,-0.650,0.000,0.000,0.000,0.000,0.00,10.77566961,106.67093019,10.51,"10°46'32.41""N, 106°40'15.35""E",FIX,
09:44:06.041,1786243446.042,UTURN_EXECUTION,11.064,-0.417,-2.898,53.40,0.280,-0.650,0.000,0.000,0.000,0.000,0.00,10.77566942,106.67093032,10.51,"10°46'32.41""N, 106°40'15.35""E",FIX,
09:44:06.123,1786243446.124,UTURN_EXECUTION,11.048,-0.420,-2.937,53.40,0.280,-0.650,0.000,0.000,0.000,0.000,0.00,10.77566942,106.67093032,10.51,"10°46'32.41""N, 106°40'15.35""E",FIX,
09:44:06.196,1786243446.196,UTURN_EXECUTION,11.032,-0.423,-2.976,53.40,0.280,-0.650,0.000,0.000,0.000,0.000,0.00,10.77566942,106.67093032,10.51,"10°46'32.41""N, 106°40'15.35""E",FIX,
09:44:06.274,1786243446.274,UTURN_EXECUTION,11.009,-0.426,-3.028,53.40,0.280,-0.650,0.000,0.000,0.000,0.000,0.00,10.77566923,106.67093045,10.51,"10°46'32.41""N, 106°40'15.35""E",FIX,
09:44:06.353,1786243446.354,UTURN_EXECUTION,10.993,-0.428,-3.067,53.40,0.280,-0.650,0.000,0.000,0.000,0.000,0.00,10.77566923,106.67093045,10.51,"10°46'32.41""N, 106°40'15.35""E",FIX,
09:44:06.431,1786243446.432,UTURN_EXECUTION,10.970,-0.429,-3.119,53.40,0.280,-0.650,0.000,0.000,0.000,0.000,0.00,10.77566923,106.67093045,10.51,"10°46'32.41""N, 106°40'15.35""E",FIX,
09:44:06.501,1786243446.501,UTURN_EXECUTION,10.953,-0.429,3.125,53.40,0.280,-0.650,0.000,0.000,0.000,0.000,0.00,10.77566904,106.67093057,10.51,"10°46'32.41""N, 106°40'15.35""E",FIX,
09:44:06.574,1786243446.575,UTURN_EXECUTION,10.937,-0.429,3.086,53.40,0.280,-0.650,0.000,0.000,0.000,0.000,0.00,10.77566904,106.67093057,10.51,"10°46'32.41""N, 106°40'15.35""E",FIX,
09:44:06.665,1786243446.666,UTURN_EXECUTION,10.914,-0.427,3.034,53.40,0.280,-0.650,0.000,0.000,0.000,0.000,0.00,10.77566904,106.67093057,10.51,"10°46'32.41""N, 106°40'15.35""E",FIX,
09:44:06.741,1786243446.741,UTURN_EXECUTION,10.898,-0.425,2.995,53.40,0.280,-0.650,0.000,0.000,0.000,0.000,0.00,10.77566885,106.67093068,10.51,"10°46'32.41""N, 106°40'15.35""E",FIX,
09:44:06.817,1786243446.818,UTURN_EXECUTION,10.881,-0.422,2.956,53.40,0.280,-0.650,0.000,0.000,0.000,0.000,0.00,10.77566885,106.67093068,10.51,"10°46'32.41""N, 106°40'15.35""E",FIX,
09:44:06.897,1786243446.897,UTURN_EXECUTION,10.859,-0.417,2.904,53.40,0.280,-0.650,0.000,0.000,0.000,0.000,0.00,10.77566885,106.67093068,10.51,"10°46'32.41""N, 106°40'15.35""E",FIX,
09:44:06.961,1786243446.961,UTURN_EXECUTION,10.848,-0.414,2.878,53.40,0.280,-0.650,0.000,0.000,0.000,0.000,0.00,10.77566865,106.67093079,10.51,"10°46'32.41""N, 106°40'15.35""E",FIX,
09:44:07.038,1786243447.039,UTURN_EXECUTION,10.827,-0.408,2.826,53.40,0.280,-0.650,0.000,0.000,0.000,0.000,0.00,10.77566865,106.67093079,10.51,"10°46'32.41""N, 106°40'15.35""E",FIX,
09:44:07.124,1786243447.124,UTURN_EXECUTION,10.811,-0.402,2.787,53.40,0.280,-0.650,0.000,0.000,0.000,0.000,0.00,10.77566865,106.67093079,10.51,"10°46'32.41""N, 106°40'15.35""E",FIX,
09:44:07.193,1786243447.193,UTURN_EXECUTION,10.790,-0.394,2.735,53.40,0.280,-0.650,0.000,0.000,0.000,0.000,0.00,10.77566846,106.67093089,10.51,"10°46'32.41""N, 106°40'15.35""E",FIX,
09:44:07.264,1786243447.264,UTURN_EXECUTION,10.775,-0.387,2.696,53.40,0.280,-0.650,0.000,0.000,0.000,0.000,0.00,10.77566846,106.67093089,10.51,"10°46'32.41""N, 106°40'15.35""E",FIX,
09:44:07.334,1786243447.335,UTURN_EXECUTION,10.760,-0.380,2.657,53.40,0.280,-0.650,0.000,0.000,0.000,0.000,0.00,10.77566846,106.67093089,10.51,"10°46'32.41""N, 106°40'15.35""E",FIX,
09:44:07.409,1786243447.409,UTURN_EXECUTION,10.740,-0.369,2.605,53.40,0.280,-0.650,0.000,0.000,0.000,0.000,0.00,10.77566827,106.67093099,10.51,"10°46'32.41""N, 106°40'15.35""E",FIX,
09:44:07.476,1786243447.476,UTURN_EXECUTION,10.731,-0.363,2.579,53.40,0.280,-0.650,0.000,0.000,0.000,0.000,0.00,10.77566827,106.67093099,10.51,"10°46'32.41""N, 106°40'15.35""E",FIX,
09:44:07.546,1786243447.547,UTURN_EXECUTION,10.712,-0.350,2.527,53.40,0.280,-0.650,0.000,0.000,0.000,0.000,0.00,10.77566827,106.67093099,10.51,"10°46'32.41""N, 106°40'15.35""E",FIX,
09:44:07.632,1786243447.632,UTURN_EXECUTION,10.699,-0.340,2.488,53.40,0.280,-0.650,0.000,0.000,0.000,0.000,0.00,10.77566808,106.67093108,10.51,"10°46'32.41""N, 106°40'15.35""E",FIX,
09:44:07.709,1786243447.710,UTURN_EXECUTION,10.681,-0.326,2.436,53.40,0.280,-0.650,0.000,0.000,0.000,0.000,0.00,10.77566808,106.67093108,10.51,"10°46'32.41""N, 106°40'15.35""E",FIX,
09:44:07.773,1786243447.773,UTURN_EXECUTION,10.669,-0.315,2.397,53.40,0.280,-0.650,0.000,0.000,0.000,0.000,0.00,10.77566808,106.67093108,10.51,"10°46'32.41""N, 106°40'15.35""E",FIX,
09:44:07.842,1786243447.842,UTURN_EXECUTION,10.657,-0.303,2.358,53.40,0.280,-0.650,0.000,0.000,0.000,0.000,0.00,10.77566789,106.67093116,10.51,"10°46'32.40""N, 106°40'15.35""E",FIX,
09:44:07.913,1786243447.914,UTURN_EXECUTION,10.645,-0.291,2.319,53.40,0.280,-0.650,0.000,0.000,0.000,0.000,0.00,10.77566789,106.67093116,10.51,"10°46'32.40""N, 106°40'15.35""E",FIX,
09:44:07.990,1786243447.990,UTURN_EXECUTION,10.630,-0.275,2.267,53.40,0.280,-0.650,0.000,0.000,0.000,0.000,0.00,10.77566789,106.67093116,10.51,"10°46'32.40""N, 106°40'15.35""E",FIX,
09:44:08.071,1786243448.072,UTURN_EXECUTION,10.616,-0.257,2.215,53.40,0.280,-0.650,0.000,0.000,0.000,0.000,0.00,10.77566770,106.67093125,10.51,"10°46'32.40""N, 106°40'15.35""E",FIX,
09:44:08.133,1786243448.134,UTURN_EXECUTION,10.610,-0.248,2.189,53.40,0.280,-0.650,0.000,0.000,0.000,0.000,0.00,10.77566770,106.67093125,10.51,"10°46'32.40""N, 106°40'15.35""E",FIX,
09:44:08.209,1786243448.209,UTURN_EXECUTION,10.597,-0.229,2.137,53.40,0.280,-0.650,0.000,0.000,0.000,0.000,0.00,10.77566770,106.67093125,10.51,"10°46'32.40""N, 106°40'15.35""E",FIX,
09:44:08.279,1786243448.280,UTURN_EXECUTION,10.588,-0.215,2.098,53.40,0.280,-0.650,0.000,0.000,0.000,0.000,0.00,10.77566751,106.67093132,10.51,"10°46'32.40""N, 106°40'15.35""E",FIX,
09:44:08.352,1786243448.352,UTURN_EXECUTION,10.580,-0.200,2.059,53.40,0.280,-0.650,0.000,0.000,0.000,0.000,0.00,10.77566751,106.67093132,10.51,"10°46'32.40""N, 106°40'15.35""E",FIX,
09:44:08.429,1786243448.430,UTURN_EXECUTION,10.570,-0.180,2.007,53.40,0.280,-0.650,0.000,0.000,0.000,0.000,0.00,10.77566751,106.67093132,10.51,"10°46'32.40""N, 106°40'15.35""E",FIX,
09:44:08.491,1786243448.492,UTURN_EXECUTION,10.563,-0.165,1.968,53.40,0.280,-0.650,0.000,0.000,0.000,0.000,0.00,10.77566732,106.67093139,10.51,"10°46'32.40""N, 106°40'15.35""E",FIX,
09:44:08.582,1786243448.582,UTURN_EXECUTION,10.555,-0.144,1.916,53.40,0.280,-0.650,0.000,0.000,0.000,0.000,0.00,10.77566732,106.67093139,10.51,"10°46'32.40""N, 106°40'15.35""E",FIX,
09:44:08.633,1786243448.634,UTURN_EXECUTION,10.552,-0.133,1.890,53.40,0.280,-0.650,0.000,0.000,0.000,0.000,0.00,10.77566732,106.67093139,10.51,"10°46'32.40""N, 106°40'15.35""E",FIX,
09:44:08.712,1786243448.713,UTURN_EXECUTION,10.547,-0.117,1.851,53.40,0.280,-0.650,0.000,0.000,0.000,0.000,0.00,10.77566713,106.67093146,10.51,"10°46'32.40""N, 106°40'15.35""E",FIX,
09:44:08.787,1786243448.788,UTURN_EXECUTION,10.541,-0.096,1.799,53.40,0.280,-0.650,0.000,0.000,0.000,0.000,0.00,10.77566713,106.67093146,10.51,"10°46'32.40""N, 106°40'15.35""E",FIX,
09:44:08.864,1786243448.865,UTURN_EXECUTION,10.537,-0.074,1.747,53.40,0.280,-0.650,0.000,0.000,0.000,0.000,0.00,10.77566713,106.67093146,10.51,"10°46'32.40""N, 106°40'15.35""E",FIX,
09:44:08.929,1786243448.930,UTURN_EXECUTION,10.535,-0.063,1.721,53.40,0.280,-0.650,0.000,0.000,0.000,0.000,0.00,10.77566694,106.67093152,10.51,"10°46'32.40""N, 106°40'15.35""E",FIX,
09:44:09.006,1786243449.006,UTURN_EXECUTION,10.532,-0.041,1.669,53.40,0.280,-0.650,0.000,0.000,0.000,0.000,0.00,10.77566694,106.67093152,10.51,"10°46'32.40""N, 106°40'15.35""E",FIX,
09:44:09.082,1786243449.082,UTURN_EXECUTION,10.530,-0.018,1.617,53.40,0.280,-0.650,0.000,0.000,0.000,0.000,0.00,10.77566694,106.67093152,10.51,"10°46'32.40""N, 106°40'15.35""E",FIX,
09:44:09.147,1786243449.147,UTURN_EXECUTION,10.530,-0.007,1.591,53.40,0.280,-0.650,0.000,0.000,0.000,0.000,0.00,10.77566675,106.67093158,10.51,"10°46'32.40""N, 106°40'15.35""E",FIX,
09:44:09.229,1786243449.230,UTURN_EXECUTION,10.530,0.010,1.552,53.40,0.280,-0.650,0.000,0.000,0.000,0.000,0.00,10.77566675,106.67093158,10.51,"10°46'32.40""N, 106°40'15.35""E",FIX,
09:44:09.298,1786243449.299,UTURN_EXECUTION,10.531,0.032,1.500,53.40,0.280,-0.650,0.000,0.000,0.000,0.000,0.00,10.77566675,106.67093158,10.51,"10°46'32.40""N, 106°40'15.35""E",FIX,
09:44:09.374,1786243449.375,UTURN_EXECUTION,10.533,0.049,1.461,53.40,0.280,-0.650,0.000,0.000,0.000,0.000,0.00,10.77566655,106.67093163,10.51,"10°46'32.40""N, 106°40'15.35""E",FIX,
09:44:09.455,1786243449.455,UTURN_EXECUTION,10.536,0.071,1.409,53.40,0.280,-0.650,0.000,0.000,0.000,0.000,0.00,10.77566655,106.67093163,10.51,"10°46'32.40""N, 106°40'15.35""E",FIX,
09:44:09.531,1786243449.531,UTURN_EXECUTION,10.540,0.093,1.357,53.40,0.280,-0.650,0.000,0.000,0.000,0.000,0.00,10.77566655,106.67093163,10.51,"10°46'32.40""N, 106°40'15.35""E",FIX,
09:44:09.598,1786243449.598,UTURN_EXECUTION,10.544,0.109,1.318,53.40,0.280,-0.650,0.000,0.000,0.000,0.000,0.00,10.77566636,106.67093168,10.51,"10°46'32.40""N, 106°40'15.35""E",FIX,
09:44:09.665,1786243449.665,UTURN_EXECUTION,10.547,0.120,1.292,53.40,0.280,-0.650,0.000,0.000,0.000,0.000,0.00,10.77566636,106.67093168,10.51,"10°46'32.40""N, 106°40'15.35""E",FIX,
09:44:09.733,1786243449.734,UTURN_EXECUTION,10.553,0.142,1.240,53.40,0.280,-0.650,0.000,0.000,0.000,0.000,0.00,10.77566636,106.67093168,10.51,"10°46'32.40""N, 106°40'15.35""E",FIX,
09:44:09.819,1786243449.820,UTURN_EXECUTION,10.559,0.157,1.201,53.40,0.280,-0.650,0.000,0.000,0.000,0.000,0.00,10.77566617,106.67093173,10.51,"10°46'32.40""N, 106°40'15.35""E",FIX,
09:44:09.890,1786243449.890,UTURN_EXECUTION,10.566,0.173,1.162,53.40,0.280,-0.650,0.000,0.000,0.000,0.000,0.00,10.77566617,106.67093173,10.51,"10°46'32.40""N, 106°40'15.35""E",FIX,
09:44:09.964,1786243449.965,UTURN_EXECUTION,10.573,0.188,1.123,53.40,0.280,-0.650,0.000,0.000,0.000,0.000,0.00,10.77566617,106.67093173,10.51,"10°46'32.40""N, 106°40'15.35""E",FIX,
09:44:10.036,1786243450.037,UTURN_EXECUTION,10.583,0.208,1.071,53.40,0.280,-0.650,0.000,0.000,0.000,0.000,0.00,10.77566598,106.67093177,10.51,"10°46'32.40""N, 106°40'15.35""E",FIX,
09:44:10.113,1786243450.113,UTURN_EXECUTION,10.591,0.223,1.032,53.40,0.280,-0.650,0.000,0.000,0.000,0.000,0.00,10.77566598,106.67093177,10.51,"10°46'32.40""N, 106°40'15.35""E",FIX,
09:44:10.192,1786243450.193,UTURN_EXECUTION,10.600,0.237,0.993,53.40,0.280,-0.650,0.000,0.000,0.000,0.000,0.00,10.77566598,106.67093177,10.51,"10°46'32.40""N, 106°40'15.35""E",FIX,
09:44:10.265,1786243450.266,UTURN_EXECUTION,10.613,0.255,0.941,53.40,0.280,-0.650,0.000,0.000,0.000,0.000,0.00,10.77566579,106.67093182,10.51,"10°46'32.40""N, 106°40'15.35""E",FIX,
09:44:10.337,1786243450.338,UTURN_EXECUTION,10.623,0.269,0.902,53.40,0.280,-0.650,0.000,0.000,0.000,0.000,0.00,10.77566579,106.67093182,10.51,"10°46'32.40""N, 106°40'15.35""E",FIX,
09:44:10.416,1786243450.416,UTURN_EXECUTION,10.634,0.282,0.863,53.40,0.280,-0.650,0.000,0.000,0.000,0.000,0.00,10.77566579,106.67093182,10.51,"10°46'32.40""N, 106°40'15.35""E",FIX,
09:44:10.488,1786243450.488,UTURN_EXECUTION,10.649,0.298,0.811,53.40,0.280,-0.650,0.000,0.000,0.000,0.000,0.00,10.77566560,106.67093185,10.51,"10°46'32.40""N, 106°40'15.35""E",FIX,
09:44:10.562,1786243450.563,UTURN_EXECUTION,10.660,0.310,0.772,53.40,0.280,-0.650,0.000,0.000,0.000,0.000,0.00,10.77566560,106.67093185,10.51,"10°46'32.40""N, 106°40'15.35""E",FIX,
09:44:10.635,1786243450.635,UTURN_EXECUTION,10.673,0.322,0.733,53.40,0.280,-0.650,0.000,0.000,0.000,0.000,0.00,10.77566560,106.67093185,10.51,"10°46'32.40""N, 106°40'15.35""E",FIX,
09:44:10.708,1786243450.709,UTURN_EXECUTION,10.690,0.336,0.681,53.40,0.280,-0.650,0.000,0.000,0.000,0.000,0.00,10.77566541,106.67093189,10.51,"10°46'32.40""N, 106°40'15.35""E",FIX,
09:44:10.783,1786243450.784,UTURN_EXECUTION,10.703,0.347,0.642,53.40,0.280,-0.650,0.000,0.000,0.000,0.000,0.00,10.77566541,106.67093189,10.51,"10°46'32.40""N, 106°40'15.35""E",FIX,
09:44:10.866,1786243450.866,UTURN_EXECUTION,10.717,0.356,0.603,53.40,0.280,-0.650,0.000,0.000,0.000,0.000,0.00,10.77566541,106.67093189,10.51,"10°46'32.40""N, 106°40'15.35""E",FIX,
09:44:10.944,1786243450.945,UTURN_EXECUTION,10.735,0.369,0.551,53.40,0.280,-0.650,0.000,0.000,0.000,0.000,0.00,10.77566522,106.67093192,10.51,"10°46'32.39""N, 106°40'15.35""E",FIX,
09:44:11.009,1786243451.009,UTURN_EXECUTION,10.750,0.377,0.512,53.40,0.280,-0.650,0.000,0.000,0.000,0.000,0.00,10.77566522,106.67093192,10.51,"10°46'32.39""N, 106°40'15.35""E",FIX,
09:44:11.106,1786243451.107,UTURN_EXECUTION,10.770,0.388,0.460,53.40,0.280,-0.650,0.000,0.000,0.000,0.000,0.00,10.77566522,106.67093192,10.51,"10°46'32.39""N, 106°40'15.35""E",FIX,
09:44:11.168,1786243451.169,UTURN_EXECUTION,10.780,0.392,0.434,53.40,0.280,-0.650,0.000,0.000,0.000,0.000,0.00,10.77566522,106.67093192,10.51,"10°46'32.39""N, 106°40'15.35""E",FIX,
09:44:11.256,1786243451.256,UTURN_EXECUTION,10.800,0.401,0.382,53.40,0.280,-0.650,0.000,0.000,0.000,0.000,0.00,10.77566503,106.67093195,10.51,"10°46'32.39""N, 106°40'15.36""E",FIX,
09:44:11.325,1786243451.325,UTURN_EXECUTION,10.816,0.407,0.343,53.40,0.280,-0.650,0.000,0.000,0.000,0.000,0.00,10.77566503,106.67093195,10.51,"10°46'32.39""N, 106°40'15.36""E",FIX,
09:44:11.419,1786243451.420,UTURN_EXECUTION,10.837,0.414,0.291,53.40,0.280,-0.650,0.000,0.000,0.000,0.000,0.00,10.77566483,106.67093198,10.51,"10°46'32.39""N, 106°40'15.36""E",FIX,
09:44:11.498,1786243451.499,UTURN_EXECUTION,10.859,0.420,0.239,53.40,0.280,-0.650,0.000,0.000,0.000,0.000,0.00,10.77566483,106.67093198,10.51,"10°46'32.39""N, 106°40'15.36""E",FIX,
09:44:11.568,1786243451.569,UTURN_EXECUTION,10.875,0.424,0.200,53.40,0.280,-0.650,0.000,0.000,0.000,0.000,0.00,10.77566483,106.67093198,10.51,"10°46'32.39""N, 106°40'15.36""E",FIX,
09:44:11.644,1786243451.645,UTURN_EXECUTION,10.892,0.427,0.161,53.40,0.280,-0.650,0.000,0.000,0.000,0.000,0.00,10.77566464,106.67093200,10.51,"10°46'32.39""N, 106°40'15.36""E",FIX,
09:44:11.707,1786243451.708,UTURN_EXECUTION,10.903,0.428,0.135,53.40,0.280,-0.650,0.000,0.000,0.000,0.000,0.00,10.77566464,106.67093200,10.51,"10°46'32.39""N, 106°40'15.36""E",FIX,
09:44:11.781,1786243451.781,UTURN_EXECUTION,10.925,0.431,0.083,53.40,0.280,-0.650,0.000,0.000,0.000,0.000,0.00,10.77566464,106.67093200,10.51,"10°46'32.39""N, 106°40'15.36""E",FIX,
09:44:11.868,1786243451.869,UTURN_EXECUTION,10.948,0.432,0.031,53.40,0.280,-0.650,0.000,0.000,0.000,0.000,0.00,10.77566445,106.67093203,10.51,"10°46'32.39""N, 106°40'15.36""E",FIX,
09:44:11.931,1786243451.932,UTURN_EXECUTION,10.959,0.432,0.005,53.40,0.280,-0.650,0.000,0.000,0.000,0.000,0.00,10.77566445,106.67093203,10.51,"10°46'32.39""N, 106°40'15.36""E",FIX,
09:44:12.004,1786243452.005,UTURN_EXECUTION,10.981,0.432,-0.047,53.40,0.280,-0.650,0.000,0.000,0.000,0.000,0.00,10.77566445,106.67093203,10.51,"10°46'32.39""N, 106°40'15.36""E",FIX,
09:44:12.078,1786243452.079,UTURN_EXECUTION,10.998,0.431,-0.086,53.40,0.280,-0.650,0.000,0.000,0.000,0.000,0.00,10.77566445,106.67093203,10.51,"10°46'32.39""N, 106°40'15.36""E",FIX,
09:44:12.148,1786243452.149,UTURN_EXECUTION,11.015,0.429,-0.125,53.40,0.280,-0.650,0.000,0.000,0.000,0.000,0.00,10.77566426,106.67093205,10.51,"10°46'32.39""N, 106°40'15.36""E",FIX,
09:44:12.232,1786243452.232,UTURN_EXECUTION,11.037,0.426,-0.177,53.40,0.280,-0.650,0.000,0.000,0.000,0.000,0.00,10.77566426,106.67093205,10.51,"10°46'32.39""N, 106°40'15.36""E",FIX,
09:44:12.304,1786243452.304,UTURN_EXECUTION,11.053,0.422,-0.216,53.40,0.280,-0.650,0.000,0.000,0.000,0.000,0.00,10.77566426,106.67093205,10.51,"10°46'32.39""N, 106°40'15.36""E",FIX,
09:44:12.366,1786243452.367,UTURN_EXECUTION,11.070,0.418,-0.255,53.40,0.280,-0.650,0.000,0.000,0.000,0.000,0.00,10.77566407,106.67093207,10.51,"10°46'32.39""N, 106°40'15.36""E",FIX,
09:44:12.440,1786243452.440,UTURN_EXECUTION,11.091,0.412,-0.307,53.40,0.280,-0.650,0.000,0.000,0.000,0.000,0.00,10.77566407,106.67093207,10.51,"10°46'32.39""N, 106°40'15.36""E",FIX,
09:44:12.516,1786243452.516,UTURN_EXECUTION,11.107,0.407,-0.346,53.40,0.280,-0.650,0.000,0.000,0.000,0.000,0.00,10.77566407,106.67093207,10.51,"10°46'32.39""N, 106°40'15.36""E",FIX,
09:44:12.581,1786243452.582,UTURN_EXECUTION,11.123,0.401,-0.385,53.40,0.280,-0.650,0.000,0.000,0.000,0.000,0.00,10.77566388,106.67093209,10.51,"10°46'32.39""N, 106°40'15.36""E",FIX,
09:44:12.673,1786243452.673,UTURN_EXECUTION,11.138,0.394,-0.424,53.40,0.280,-0.650,0.000,0.000,0.000,0.000,0.00,10.77566388,106.67093209,10.51,"10°46'32.39""N, 106°40'15.36""E",FIX,
09:44:12.739,1786243452.740,UTURN_EXECUTION,11.158,0.384,-0.476,53.40,0.280,-0.650,0.000,0.000,0.000,0.000,0.00,10.77566388,106.67093209,10.51,"10°46'32.39""N, 106°40'15.36""E",FIX,
09:44:12.819,1786243452.819,UTURN_EXECUTION,11.173,0.376,-0.515,53.40,0.280,-0.650,0.000,0.000,0.000,0.000,0.00,10.77566369,106.67093210,10.51,"10°46'32.39""N, 106°40'15.36""E",FIX,
09:44:12.901,1786243452.902,UTURN_EXECUTION,11.192,0.365,-0.567,53.40,0.280,-0.650,0.000,0.000,0.000,0.000,0.00,10.77566369,106.67093210,10.51,"10°46'32.39""N, 106°40'15.36""E",FIX,
09:44:12.964,1786243452.964,UTURN_EXECUTION,11.206,0.356,-0.606,53.40,0.280,-0.650,0.000,0.000,0.000,0.000,0.00,10.77566369,106.67093210,10.51,"10°46'32.39""N, 106°40'15.36""E",FIX,
09:44:13.043,1786243453.043,UTURN_EXECUTION,11.220,0.346,-0.645,53.40,0.280,-0.650,0.000,0.000,0.000,0.000,0.00,10.77566349,106.67093212,10.51,"10°46'32.39""N, 106°40'15.36""E",FIX,
09:44:13.108,1786243453.108,UTURN_EXECUTION,11.233,0.335,-0.684,53.40,0.280,-0.650,0.000,0.000,0.000,0.000,0.00,10.77566349,106.67093212,10.51,"10°46'32.39""N, 106°40'15.36""E",FIX,
09:44:13.192,1786243453.193,UTURN_EXECUTION,11.250,0.321,-0.736,53.40,0.280,-0.650,0.000,0.000,0.000,0.000,0.00,10.77566349,106.67093212,10.51,"10°46'32.39""N, 106°40'15.36""E",FIX,
09:44:13.265,1786243453.265,UTURN_EXECUTION,11.262,0.309,-0.775,53.40,0.280,-0.650,0.000,0.000,0.000,0.000,0.00,10.77566330,106.67093213,10.51,"10°46'32.39""N, 106°40'15.36""E",FIX,
09:44:13.335,1786243453.335,UTURN_EXECUTION,11.274,0.297,-0.814,53.40,0.280,-0.650,0.000,0.000,0.000,0.000,0.00,10.77566330,106.67093213,10.51,"10°46'32.39""N, 106°40'15.36""E",FIX,
09:44:13.397,1786243453.398,UTURN_EXECUTION,11.285,0.285,-0.853,53.40,0.280,-0.650,0.000,0.000,0.000,0.000,0.00,10.77566330,106.67093213,10.51,"10°46'32.39""N, 106°40'15.36""E",FIX,
09:44:13.483,1786243453.483,UTURN_EXECUTION,11.300,0.268,-0.905,53.40,0.280,-0.650,0.000,0.000,0.000,0.000,0.00,10.77566311,106.67093214,10.51,"10°46'32.39""N, 106°40'15.36""E",FIX,
09:44:13.544,1786243453.544,UTURN_EXECUTION,11.310,0.254,-0.944,53.40,0.280,-0.650,0.000,0.000,0.000,0.000,0.00,10.77566311,106.67093214,10.51,"10°46'32.39""N, 106°40'15.36""E",FIX,
09:44:13.628,1786243453.628,UTURN_EXECUTION,11.319,0.240,-0.983,53.40,0.280,-0.650,0.000,0.000,0.000,0.000,0.00,10.77566311,106.67093214,10.51,"10°46'32.39""N, 106°40'15.36""E",FIX,
09:44:13.700,1786243453.701,UTURN_EXECUTION,11.331,0.221,-1.035,53.40,0.280,-0.650,0.000,0.000,0.000,0.000,0.00,10.77566292,106.67093216,10.51,"10°46'32.39""N, 106°40'15.36""E",FIX,
09:44:13.780,1786243453.780,UTURN_EXECUTION,11.340,0.207,-1.074,53.40,0.280,-0.650,0.000,0.000,0.000,0.000,0.00,10.77566292,106.67093216,10.51,"10°46'32.39""N, 106°40'15.36""E",FIX,
09:44:13.867,1786243453.867,UTURN_EXECUTION,11.350,0.187,-1.126,53.40,0.280,-0.650,0.000,0.000,0.000,0.000,0.00,10.77566292,106.67093216,10.51,"10°46'32.39""N, 106°40'15.36""E",FIX,
09:44:13.937,1786243453.938,UTURN_EXECUTION,11.357,0.171,-1.165,53.40,0.280,-0.650,0.000,0.000,0.000,0.000,0.00,10.77566273,106.67093217,10.51,"10°46'32.39""N, 106°40'15.36""E",FIX,
09:44:14.017,1786243454.017,UTURN_EXECUTION,11.363,0.156,-1.204,53.40,0.280,-0.650,0.000,0.000,0.000,0.000,0.00,10.77566273,106.67093217,10.51,"10°46'32.39""N, 106°40'15.36""E",FIX,
09:44:14.100,1786243454.101,UTURN_EXECUTION,11.370,0.135,-1.256,53.40,0.280,-0.650,0.000,0.000,0.000,0.000,0.00,10.77566273,106.67093217,10.51,"10°46'32.39""N, 106°40'15.36""E",FIX,
09:44:14.169,1786243454.169,UTURN_EXECUTION,11.374,0.124,-1.282,53.40,0.280,-0.650,0.000,0.000,0.000,0.000,0.00,10.77566254,106.67093218,10.51,"10°46'32.39""N, 106°40'15.36""E",FIX,
09:44:14.251,1786243454.251,UTURN_EXECUTION,11.380,0.102,-1.334,53.40,0.280,-0.650,0.000,0.000,0.000,0.000,0.00,10.77566254,106.67093218,10.51,"10°46'32.39""N, 106°40'15.36""E",FIX,
09:44:14.319,1786243454.320,UTURN_EXECUTION,11.383,0.086,-1.373,53.40,0.280,-0.650,0.000,0.000,0.000,0.000,0.00,10.77566254,106.67093218,10.51,"10°46'32.39""N, 106°40'15.36""E",FIX,
09:44:14.406,1786243454.407,UTURN_EXECUTION,11.387,0.064,-1.425,53.40,0.280,-0.650,0.000,0.000,0.000,0.000,0.00,10.77566235,106.67093219,10.51,"10°46'32.38""N, 106°40'15.36""E",FIX,
09:44:14.478,1786243454.478,UTURN_EXECUTION,11.389,0.047,-1.464,53.40,0.280,-0.650,0.000,0.000,0.000,0.000,0.00,10.77566235,106.67093219,10.51,"10°46'32.38""N, 106°40'15.36""E",FIX,
09:44:14.554,1786243454.555,UTURN_EXECUTION,11.391,0.025,-1.516,53.40,0.280,-0.650,0.000,0.000,0.000,0.000,0.00,10.77566235,106.67093219,10.51,"10°46'32.38""N, 106°40'15.36""E",FIX,
09:44:14.623,1786243454.623,UTURN_EXECUTION,11.391,0.008,-1.555,53.40,0.280,-0.650,0.000,0.000,0.000,0.000,0.00,10.77566216,106.67093219,10.51,"10°46'32.38""N, 106°40'15.36""E",FIX,
09:44:14.698,1786243454.698,UTURN_EXECUTION,11.391,-0.009,-1.594,53.40,0.280,-0.650,0.000,0.000,0.000,0.000,0.00,10.77566216,106.67093219,10.51,"10°46'32.38""N, 106°40'15.36""E",FIX,
09:44:14.761,1786243454.762,UTURN_EXECUTION,11.391,-0.025,-1.633,53.40,0.280,-0.650,0.000,0.000,0.000,0.000,0.00,10.77566216,106.67093219,10.51,"10°46'32.38""N, 106°40'15.36""E",FIX,
09:44:14.846,1786243454.846,UTURN_EXECUTION,11.389,-0.048,-1.685,53.40,0.280,-0.650,0.000,0.000,0.000,0.000,0.00,10.77566196,106.67093220,10.51,"10°46'32.38""N, 106°40'15.36""E",FIX,
09:44:14.905,1786243454.905,UTURN_EXECUTION,11.387,-0.059,-1.711,53.40,0.280,-0.650,0.000,0.000,0.000,0.000,0.00,10.77566196,106.67093220,10.51,"10°46'32.38""N, 106°40'15.36""E",FIX,
09:44:14.980,1786243454.981,UTURN_EXECUTION,11.384,-0.081,-1.763,53.40,0.280,-0.650,0.000,0.000,0.000,0.000,0.00,10.77566196,106.67093220,10.51,"10°46'32.38""N, 106°40'15.36""E",FIX,
09:44:15.049,1786243455.049,UTURN_EXECUTION,11.380,-0.097,-1.802,53.40,0.280,-0.650,0.000,0.000,0.000,0.000,0.00,10.77566177,106.67093221,10.51,"10°46'32.38""N, 106°40'15.36""E",FIX,
09:44:15.136,1786243455.136,UTURN_EXECUTION,11.374,-0.119,-1.854,53.40,0.280,-0.650,0.000,0.000,0.000,0.000,0.00,10.77566177,106.67093221,10.51,"10°46'32.38""N, 106°40'15.36""E",FIX,
09:44:15.196,1786243455.196,UTURN_EXECUTION,11.371,-0.130,-1.880,53.40,0.280,-0.650,0.000,0.000,0.000,0.000,0.00,10.77566177,106.67093221,10.51,"10°46'32.38""N, 106°40'15.36""E",FIX,
09:44:15.269,1786243455.269,UTURN_EXECUTION,11.364,-0.151,-1.932,53.40,0.280,-0.650,0.000,0.000,0.000,0.000,0.00,10.77566158,106.67093221,10.51,"10°46'32.38""N, 106°40'15.36""E",FIX,
09:44:15.353,1786243455.354,UTURN_EXECUTION,11.355,-0.172,-1.984,53.40,0.280,-0.650,0.000,0.000,0.000,0.000,0.00,10.77566158,106.67093221,10.51,"10°46'32.38""N, 106°40'15.36""E",FIX,
09:44:15.418,1786243455.418,UTURN_EXECUTION,11.351,-0.182,-2.010,53.40,0.280,-0.650,0.000,0.000,0.000,0.000,0.00,10.77566158,106.67093221,10.51,"10°46'32.38""N, 106°40'15.36""E",FIX,
09:44:15.494,1786243455.495,UTURN_EXECUTION,11.341,-0.202,-2.062,53.40,0.280,-0.650,0.000,0.000,0.000,0.000,0.00,10.77566139,106.67093222,10.51,"10°46'32.38""N, 106°40'15.36""E",FIX,
09:44:15.560,1786243455.560,UTURN_EXECUTION,11.332,-0.216,-2.101,53.40,0.280,-0.650,0.000,0.000,0.000,0.000,0.00,10.77566139,106.67093222,10.51,"10°46'32.38""N, 106°40'15.36""E",FIX,
09:44:15.642,1786243455.642,UTURN_EXECUTION,11.320,-0.235,-2.153,53.40,0.280,-0.650,0.000,0.000,0.000,0.000,0.00,10.77566139,106.67093222,10.51,"10°46'32.38""N, 106°40'15.36""E",FIX,
09:44:15.711,1786243455.712,UTURN_EXECUTION,11.311,-0.249,-2.192,53.40,0.280,-0.650,0.000,0.000,0.000,0.000,0.00,10.77566120,106.67093223,10.51,"10°46'32.38""N, 106°40'15.36""E",FIX,
09:44:15.780,1786243455.780,UTURN_EXECUTION,11.301,-0.263,-2.231,53.40,0.280,-0.650,0.000,0.000,0.000,0.000,0.00,10.77566120,106.67093223,10.51,"10°46'32.38""N, 106°40'15.36""E",FIX,
09:44:15.866,1786243455.867,UTURN_EXECUTION,11.287,-0.280,-2.283,53.40,0.280,-0.650,0.000,0.000,0.000,0.000,0.00,10.77566120,106.67093223,10.51,"10°46'32.38""N, 106°40'15.36""E",FIX,
09:44:15.939,1786243455.940,UTURN_EXECUTION,11.276,-0.293,-2.322,53.40,0.280,-0.650,0.000,0.000,0.000,0.000,0.00,10.77566101,106.67093223,10.51,"10°46'32.38""N, 106°40'15.36""E",FIX,
09:44:16.036,1786243456.036,UTURN_EXECUTION,11.260,-0.308,-2.374,53.40,0.280,-0.650,0.000,0.000,0.000,0.000,0.00,10.77566101,106.67093223,10.51,"10°46'32.38""N, 106°40'15.36""E",FIX,
09:44:16.107,1786243456.107,UTURN_EXECUTION,11.247,-0.320,-2.413,53.40,0.280,-0.650,0.000,0.000,0.000,0.000,0.00,10.77566101,106.67093223,10.51,"10°46'32.38""N, 106°40'15.36""E",FIX,
09:44:16.176,1786243456.176,UTURN_EXECUTION,11.235,-0.331,-2.452,53.40,0.280,-0.650,0.000,0.000,0.000,0.000,0.00,10.77566082,106.67093223,10.51,"10°46'32.38""N, 106°40'15.36""E",FIX,
09:44:16.249,1786243456.250,UTURN_EXECUTION,11.222,-0.341,-2.491,53.40,0.280,-0.650,0.000,0.000,0.000,0.000,0.00,10.77566082,106.67093223,10.51,"10°46'32.38""N, 106°40'15.36""E",FIX,
09:44:16.309,1786243456.310,UTURN_EXECUTION,11.208,-0.351,-2.530,53.40,0.280,-0.650,0.000,0.000,0.000,0.000,0.00,10.77566082,106.67093223,10.51,"10°46'32.38""N, 106°40'15.36""E",FIX,
09:44:16.389,1786243456.389,UTURN_EXECUTION,11.194,-0.361,-2.569,53.40,0.280,-0.650,0.000,0.000,0.000,0.000,0.00,10.77566062,106.67093224,10.51,"10°46'32.38""N, 106°40'15.36""E",FIX,
09:44:16.471,1786243456.472,UTURN_EXECUTION,11.175,-0.372,-2.621,53.40,0.280,-0.650,0.000,0.000,0.000,0.000,0.00,10.77566062,106.67093224,10.51,"10°46'32.38""N, 106°40'15.36""E",FIX,
09:44:16.545,1786243456.546,UTURN_EXECUTION,11.155,-0.383,-2.673,53.40,0.280,-0.650,0.000,0.000,0.000,0.000,0.00,10.77566062,106.67093224,10.51,"10°46'32.38""N, 106°40'15.36""E",FIX,
09:44:16.622,1786243456.623,UTURN_EXECUTION,11.140,-0.390,-2.712,53.40,0.280,-0.650,0.000,0.000,0.000,0.000,0.00,10.77566043,106.67093224,10.51,"10°46'32.38""N, 106°40'15.36""E",FIX,
09:44:16.687,1786243456.687,UTURN_EXECUTION,11.125,-0.397,-2.751,53.40,0.280,-0.650,0.000,0.000,0.000,0.000,0.00,10.77566043,106.67093224,10.51,"10°46'32.38""N, 106°40'15.36""E",FIX,
09:44:16.758,1786243456.758,UTURN_EXECUTION,11.109,-0.403,-2.790,53.40,0.280,-0.650,0.000,0.000,0.000,0.000,0.00,10.77566043,106.67093224,10.51,"10°46'32.38""N, 106°40'15.36""E",FIX,
09:44:16.830,1786243456.831,UTURN_EXECUTION,11.093,-0.408,-2.829,53.40,0.280,-0.650,0.000,0.000,0.000,0.000,0.00,10.77566024,106.67093225,10.51,"10°46'32.38""N, 106°40'15.36""E",FIX,
09:44:16.912,1786243456.913,UTURN_EXECUTION,11.072,-0.415,-2.881,53.40,0.280,-0.650,0.000,0.000,0.000,0.000,0.00,10.77566024,106.67093225,10.51,"10°46'32.38""N, 106°40'15.36""E",FIX,
09:44:16.974,1786243456.975,UTURN_EXECUTION,11.055,-0.419,-2.920,53.40,0.280,-0.650,0.000,0.000,0.000,0.000,0.00,10.77566024,106.67093225,10.51,"10°46'32.38""N, 106°40'15.36""E",FIX,
09:44:17.055,1786243457.055,UTURN_EXECUTION,11.039,-0.422,-2.959,53.40,0.280,-0.650,0.000,0.000,0.000,0.000,0.00,10.77566005,106.67093225,10.51,"10°46'32.38""N, 106°40'15.36""E",FIX,
09:44:17.122,1786243457.122,UTURN_EXECUTION,11.022,-0.425,-2.998,53.40,0.280,-0.650,0.000,0.000,0.000,0.000,0.00,10.77566005,106.67093225,10.51,"10°46'32.38""N, 106°40'15.36""E",FIX,
09:44:17.197,1786243457.197,UTURN_EXECUTION,11.000,-0.427,-3.050,53.40,0.280,-0.650,0.000,0.000,0.000,0.000,0.00,10.77566005,106.67093225,10.51,"10°46'32.38""N, 106°40'15.36""E",FIX,
09:44:17.277,1786243457.278,UTURN_EXECUTION,10.983,-0.429,-3.089,53.40,0.280,-0.650,0.000,0.000,0.000,0.000,0.00,10.77565986,106.67093225,10.51,"10°46'32.38""N, 106°40'15.36""E",FIX,
09:44:17.352,1786243457.353,UTURN_EXECUTION,10.966,-0.429,-3.128,53.40,0.280,-0.650,0.000,0.000,0.000,0.000,0.00,10.77565986,106.67093225,10.51,"10°46'32.38""N, 106°40'15.36""E",FIX,
09:44:17.427,1786243457.428,UTURN_EXECUTION,10.950,-0.429,3.116,53.40,0.280,-0.650,0.000,0.000,0.000,0.000,0.00,10.77565986,106.67093225,10.51,"10°46'32.38""N, 106°40'15.36""E",FIX,
09:44:17.515,1786243457.516,UTURN_EXECUTION,10.927,-0.428,3.064,53.40,0.280,-0.650,0.000,0.000,0.000,0.000,0.00,10.77565967,106.67093225,10.51,"10°46'32.37""N, 106°40'15.36""E",FIX,
09:44:17.587,1786243457.588,UTURN_EXECUTION,10.911,-0.426,3.025,53.40,0.280,-0.650,0.000,0.000,0.000,0.000,0.00,10.77565967,106.67093225,10.51,"10°46'32.37""N, 106°40'15.36""E",FIX,
09:44:17.663,1786243457.664,UTURN_EXECUTION,10.894,-0.424,2.986,53.40,0.280,-0.650,0.000,0.000,0.000,0.000,0.00,10.77565967,106.67093225,10.51,"10°46'32.37""N, 106°40'15.36""E",FIX,
09:44:17.744,1786243457.744,UTURN_EXECUTION,10.872,-0.420,2.934,53.40,0.280,-0.650,0.000,0.000,0.000,0.000,0.00,10.77565948,106.67093226,10.51,"10°46'32.37""N, 106°40'15.36""E",FIX,
09:44:17.824,1786243457.824,UTURN_EXECUTION,10.856,-0.416,2.895,53.40,0.280,-0.650,0.000,0.000,0.000,0.000,0.00,10.77565948,106.67093226,10.51,"10°46'32.37""N, 106°40'15.36""E",FIX,
09:44:17.893,1786243457.893,UTURN_EXECUTION,10.839,-0.412,2.856,53.40,0.280,-0.650,0.000,0.000,0.000,0.000,0.00,10.77565948,106.67093226,10.51,"10°46'32.37""N, 106°40'15.36""E",FIX,
09:44:17.970,1786243457.970,UTURN_EXECUTION,10.818,-0.405,2.804,53.40,0.280,-0.650,0.000,0.000,0.000,0.000,0.00,10.77565928,106.67093226,10.51,"10°46'32.37""N, 106°40'15.36""E",FIX,
09:44:18.055,1786243458.055,UTURN_EXECUTION,10.802,-0.399,2.765,53.40,0.280,-0.650,0.000,0.000,0.000,0.000,0.00,10.77565928,106.67093226,10.51,"10°46'32.37""N, 106°40'15.36""E",FIX,
09:44:18.130,1786243458.131,UTURN_EXECUTION,10.787,-0.393,2.726,53.40,0.280,-0.650,0.000,0.000,0.000,0.000,0.00,10.77565928,106.67093226,10.51,"10°46'32.37""N, 106°40'15.36""E",FIX,
09:44:18.196,1786243458.197,UTURN_EXECUTION,10.767,-0.383,2.674,53.40,0.280,-0.650,0.000,0.000,0.000,0.000,0.00,10.77565909,106.67093226,10.51,"10°46'32.37""N, 106°40'15.36""E",FIX,
09:44:18.278,1786243458.279,UTURN_EXECUTION,10.752,-0.375,2.635,53.40,0.280,-0.650,0.000,0.000,0.000,0.000,0.00,10.77565909,106.67093226,10.51,"10°46'32.37""N, 106°40'15.36""E",FIX,
09:44:18.344,1786243458.345,UTURN_EXECUTION,10.737,-0.367,2.596,53.40,0.280,-0.650,0.000,0.000,0.000,0.000,0.00,10.77565909,106.67093226,10.51,"10°46'32.37""N, 106°40'15.36""E",FIX,
09:44:18.432,1786243458.432,UTURN_EXECUTION,10.718,-0.355,2.544,53.40,0.280,-0.650,0.000,0.000,0.000,0.000,0.00,10.77565890,106.67093226,10.51,"10°46'32.37""N, 106°40'15.36""E",FIX,
09:44:18.497,1786243458.497,UTURN_EXECUTION,10.705,-0.345,2.505,53.40,0.280,-0.650,0.000,0.000,0.000,0.000,0.00,10.77565890,106.67093226,10.51,"10°46'32.37""N, 106°40'15.36""E",FIX,
09:44:18.583,1786243458.584,UTURN_EXECUTION,10.687,-0.331,2.453,53.40,0.280,-0.650,0.000,0.000,0.000,0.000,0.00,10.77565890,106.67093226,10.51,"10°46'32.37""N, 106°40'15.36""E",FIX,
09:44:18.645,1786243458.645,UTURN_EXECUTION,10.678,-0.324,2.427,53.40,0.280,-0.650,0.000,0.000,0.000,0.000,0.00,10.77565890,106.67093226,10.51,"10°46'32.37""N, 106°40'15.36""E",FIX,
09:44:18.734,1786243458.735,UTURN_EXECUTION,10.662,-0.309,2.375,53.40,0.280,-0.650,0.000,0.000,0.000,0.000,0.00,10.77565871,106.67093226,10.51,"10°46'32.37""N, 106°40'15.36""E",FIX,
09:44:18.810,1786243458.810,UTURN_EXECUTION,10.646,-0.293,2.323,53.40,0.280,-0.650,0.000,0.000,0.000,0.000,0.00,10.77565871,106.67093226,10.51,"10°46'32.37""N, 106°40'15.36""E",FIX,
09:44:18.881,1786243458.881,UTURN_EXECUTION,10.635,-0.280,2.284,53.40,0.280,-0.650,0.000,0.000,0.000,0.000,0.00,10.77565852,106.67093227,10.51,"10°46'32.37""N, 106°40'15.36""E",FIX,
09:44:18.948,1786243458.949,UTURN_EXECUTION,10.628,-0.272,2.258,53.40,0.280,-0.650,0.000,0.000,0.000,0.000,0.00,10.77565852,106.67093227,10.51,"10°46'32.37""N, 106°40'15.36""E",FIX,
09:44:19.023,1786243459.023,UTURN_EXECUTION,10.614,-0.254,2.206,53.40,0.280,-0.650,0.000,0.000,0.000,0.000,0.00,10.77565852,106.67093227,10.51,"10°46'32.37""N, 106°40'15.36""E",FIX,
09:44:19.112,1786243459.113,UTURN_EXECUTION,10.601,-0.236,2.154,53.40,0.280,-0.650,0.000,0.000,0.000,0.000,0.00,10.77565833,106.67093227,10.51,"10°46'32.37""N, 106°40'15.36""E",FIX,
09:44:19.188,1786243459.188,UTURN_EXECUTION,10.592,-0.221,2.115,53.40,0.280,-0.650,0.000,0.000,0.000,0.000,0.00,10.77565833,106.67093227,10.51,"10°46'32.37""N, 106°40'15.36""E",FIX,
09:44:19.265,1786243459.265,UTURN_EXECUTION,10.584,-0.207,2.076,53.40,0.280,-0.650,0.000,0.000,0.000,0.000,0.00,10.77565833,106.67093227,10.51,"10°46'32.37""N, 106°40'15.36""E",FIX,
09:44:19.349,1786243459.349,UTURN_EXECUTION,10.576,-0.192,2.037,53.40,0.280,-0.650,0.000,0.000,0.000,0.000,0.00,10.77565833,106.67093227,10.51,"10°46'32.37""N, 106°40'15.36""E",FIX,
09:44:19.436,1786243459.436,UTURN_EXECUTION,10.569,-0.177,1.998,53.40,0.280,-0.650,0.000,0.000,0.000,0.000,0.00,10.77565814,106.67093227,10.51,"10°46'32.37""N, 106°40'15.36""E",FIX,
09:44:19.512,1786243459.512,UTURN_EXECUTION,10.560,-0.156,1.946,53.40,0.280,-0.650,0.000,0.000,0.000,0.000,0.00,10.77565814,106.67093227,10.51,"10°46'32.37""N, 106°40'15.36""E",FIX,
09:44:19.600,1786243459.601,UTURN_EXECUTION,10.554,-0.141,1.907,53.40,0.280,-0.650,0.000,0.000,0.000,0.000,0.00,10.77565814,106.67093227,10.51,"10°46'32.37""N, 106°40'15.36""E",FIX,
09:44:19.662,1786243459.662,UTURN_EXECUTION,10.549,-0.125,1.868,53.40,0.280,-0.650,0.000,0.000,0.000,0.000,0.00,10.77565795,106.67093227,10.51,"10°46'32.37""N, 106°40'15.36""E",FIX,
09:44:19.745,1786243459.746,UTURN_EXECUTION,10.543,-0.103,1.816,53.40,0.280,-0.650,0.000,0.000,0.000,0.000,0.00,10.77565795,106.67093227,10.51,"10°46'32.37""N, 106°40'15.36""E",FIX,
09:44:19.822,1786243459.822,UTURN_EXECUTION,10.539,-0.087,1.777,53.40,0.280,-0.650,0.000,0.000,0.000,0.000,0.00,10.77565795,106.67093227,10.51,"10°46'32.37""N, 106°40'15.36""E",FIX,
09:44:19.899,1786243459.900,UTURN_EXECUTION,10.535,-0.065,1.725,53.40,0.280,-0.650,0.000,0.000,0.000,0.000,0.00,10.77565775,106.67093227,10.51,"10°46'32.37""N, 106°40'15.36""E",FIX,
09:44:19.961,1786243459.962,UTURN_EXECUTION,10.533,-0.048,1.686,53.40,0.280,-0.650,0.000,0.000,0.000,0.000,0.00,10.77565775,106.67093227,10.51,"10°46'32.37""N, 106°40'15.36""E",FIX,
09:44:20.044,1786243460.044,UTURN_EXECUTION,10.531,-0.031,1.647,53.40,0.280,-0.650,0.000,0.000,0.000,0.000,0.00,10.77565775,106.67093227,10.51,"10°46'32.37""N, 106°40'15.36""E",FIX,
09:44:20.106,1786243460.106,UTURN_EXECUTION,10.530,-0.014,1.608,53.40,0.280,-0.650,0.000,0.000,0.000,0.000,0.00,10.77565756,106.67093227,10.51,"10°46'32.37""N, 106°40'15.36""E",FIX,
09:44:20.192,1786243460.193,UTURN_EXECUTION,10.530,0.008,1.556,53.40,0.280,-0.650,0.000,0.000,0.000,0.000,0.00,10.77565756,106.67093227,10.51,"10°46'32.37""N, 106°40'15.36""E",FIX,
09:44:20.253,1786243460.253,UTURN_EXECUTION,10.531,0.025,1.517,53.40,0.280,-0.650,0.000,0.000,0.000,0.000,0.00,10.77565756,106.67093227,10.51,"10°46'32.37""N, 106°40'15.36""E",FIX,
09:44:20.322,1786243460.322,UTURN_EXECUTION,10.532,0.042,1.478,53.40,0.280,-0.650,0.000,0.000,0.000,0.000,0.00,10.77565737,106.67093227,10.51,"10°46'32.37""N, 106°40'15.36""E",FIX,
09:44:20.402,1786243460.403,UTURN_EXECUTION,10.534,0.058,1.439,53.40,0.280,-0.650,0.000,0.000,0.000,0.000,0.00,10.77565737,106.67093227,10.51,"10°46'32.37""N, 106°40'15.36""E",FIX,
