Time,Unix_Timestamp,FSM_State,Pos_X_m,Pos_Y_m,Yaw_rad,Steer_Angle_deg,Linear_Vel_mps,Angular_Vel_radps,IMU_Yaw_rad,IMU_Angular_Vel_z,IMU_Accel_x,Confidence,Dist_Traveled_m,GPS_Latitude,GPS_Longitude,GPS_Altitude_m,GPS_DMS,GPS_Status,Event
10:22:37.758,1786159357.758,TRACKING,-0.000,0.000,-0.000,0.00,0.450,-0.000,0.000,0.000,0.000,0.000,0.00,10.77566700,106.67088900,10.00,"10°46'32.40""N, 106°40'15.20""E",ODOM_ESTIMATED,
10:22:37.789,1786159357.789,TRACKING,0.006,-0.000,-0.000,0.00,0.450,-0.000,0.000,0.000,0.000,0.000,0.01,10.77566700,106.67088905,10.00,"10°46'32.40""N, 106°40'15.20""E",ODOM_ESTIMATED,
10:22:37.854,1786159357.855,TRACKING,0.033,-0.000,-0.000,0.00,0.450,-0.000,0.000,0.000,0.000,0.000,0.03,10.77567062,106.67087532,10.51,"10°46'32.41""N, 106°40'15.15""E",FIX,
10:22:37.960,1786159357.961,TRACKING,0.060,-0.000,-0.000,0.00,0.450,-0.000,0.000,0.000,0.000,0.000,0.06,10.77567062,106.67087532,10.51,"10°46'32.41""N, 106°40'15.15""E",FIX,
10:22:38.039,1786159358.039,TRACKING,0.087,-0.000,-0.000,0.00,0.450,-0.000,0.000,0.000,0.000,0.000,0.09,10.77567062,106.67087532,10.51,"10°46'32.41""N, 106°40'15.15""E",FIX,
10:22:38.145,1786159358.145,TRACKING,0.114,-0.000,0.000,0.00,0.450,-0.000,0.000,0.000,0.000,0.000,0.11,10.77567062,106.67087573,10.51,"10°46'32.41""N, 106°40'15.15""E",FIX,
10:22:38.244,1786159358.244,TRACKING,0.150,-0.000,0.000,0.00,0.450,-0.000,0.000,0.000,0.000,0.000,0.15,10.77567062,106.67087573,10.51,"10°46'32.41""N, 106°40'15.15""E",FIX,
10:22:38.344,1786159358.344,TRACKING,0.177,-0.000,-0.000,0.00,0.450,-0.000,0.000,0.000,0.000,0.000,0.18,10.77567062,106.67087573,10.51,"10°46'32.41""N, 106°40'15.15""E",FIX,
10:22:38.435,1786159358.435,TRACKING,0.213,-0.000,-0.000,0.00,0.450,-0.000,0.000,0.000,0.000,0.000,0.21,10.77567062,106.67087615,10.51,"10°46'32.41""N, 106°40'15.15""E",FIX,
10:22:38.519,1786159358.520,TRACKING,0.240,-0.000,-0.000,0.00,0.450,-0.000,0.000,0.000,0.000,0.000,0.24,10.77567062,106.67087615,10.51,"10°46'32.41""N, 106°40'15.15""E",FIX,
10:22:38.614,1786159358.614,TRACKING,0.267,-0.000,0.000,0.00,0.450,-0.000,0.000,0.000,0.000,0.000,0.27,10.77567062,106.67087615,10.51,"10°46'32.41""N, 106°40'15.15""E",FIX,
10:22:38.686,1786159358.686,TRACKING,0.294,-0.000,0.000,0.00,0.450,-0.000,0.000,0.000,0.000,0.062,0.29,10.77567062,106.67087656,10.51,"10°46'32.41""N, 106°40'15.16""E",FIX,
10:22:38.776,1786159358.777,TRACKING,0.330,-0.000,0.000,0.00,0.450,-0.000,0.000,0.000,0.000,0.104,0.33,10.77567062,106.67087656,10.51,"10°46'32.41""N, 106°40'15.16""E",FIX,
10:22:38.848,1786159358.848,TRACKING,0.357,-0.000,0.000,0.00,0.450,-0.000,0.000,0.000,0.000,0.167,0.36,10.77567062,106.67087656,10.51,"10°46'32.41""N, 106°40'15.16""E",FIX,
10:22:38.925,1786159358.926,TRACKING,0.384,-0.000,-0.000,0.00,0.450,-0.000,0.000,0.000,0.000,0.229,0.38,10.77567062,106.67087697,10.51,"10°46'32.41""N, 106°40'15.16""E",FIX,
10:22:39.018,1786159359.018,TRACKING,0.420,-0.000,-0.000,0.00,0.450,-0.000,0.000,0.000,0.000,0.271,0.42,10.77567062,106.67087697,10.51,"10°46'32.41""N, 106°40'15.16""E",FIX,
10:22:39.091,1786159359.091,TRACKING,0.447,-0.000,-0.000,0.00,0.450,-0.000,0.000,0.000,0.000,0.333,0.45,10.77567062,106.67087697,10.51,"10°46'32.41""N, 106°40'15.16""E",FIX,
10:22:39.170,1786159359.171,TRACKING,0.474,-0.000,-0.000,0.00,0.450,-0.000,0.000,0.000,0.000,0.396,0.47,10.77567062,106.67087738,10.51,"10°46'32.41""N, 106°40'15.16""E",FIX,
10:22:39.277,1786159359.277,TRACKING,0.510,-0.000,0.000,0.00,0.450,-0.000,0.000,0.000,0.000,0.458,0.51,10.77567062,106.67087738,10.51,"10°46'32.41""N, 106°40'15.16""E",FIX,
10:22:39.378,1786159359.378,TRACKING,0.555,-0.000,0.000,0.00,0.450,-0.000,0.000,0.000,0.000,0.521,0.55,10.77567062,106.67087779,10.51,"10°46'32.41""N, 106°40'15.16""E",FIX,
10:22:39.421,1786159359.421,TRACKING,0.564,-0.000,0.000,0.00,0.450,-0.000,0.000,0.000,0.000,0.583,0.56,10.77567062,106.67087779,10.51,"10°46'32.41""N, 106°40'15.16""E",FIX,
10:22:39.505,1786159359.506,TRACKING,0.600,-0.000,0.000,0.00,0.450,-0.000,0.000,0.000,0.000,0.667,0.60,10.77567062,106.67087779,10.51,"10°46'32.41""N, 106°40'15.16""E",FIX,
10:22:39.590,1786159359.590,TRACKING,0.627,-0.000,0.000,0.00,0.450,-0.000,0.000,0.000,0.000,0.729,0.63,10.77567062,106.67087779,10.51,"10°46'32.41""N, 106°40'15.16""E",FIX,
10:22:39.668,1786159359.669,TRACKING,0.654,-0.000,0.000,0.00,0.450,-0.000,0.000,0.000,0.000,0.792,0.65,10.77567062,106.67087820,10.51,"10°46'32.41""N, 106°40'15.16""E",FIX,
10:22:39.744,1786159359.745,TRACKING,0.681,0.000,0.000,0.00,0.450,-0.000,0.000,0.000,0.000,0.875,0.68,10.77567062,106.67087820,10.51,"10°46'32.41""N, 106°40'15.16""E",FIX,
10:22:39.853,1786159359.853,TRACKING,0.717,0.000,0.000,0.00,0.450,-0.000,0.000,0.000,0.000,0.937,0.72,10.77567062,106.67087820,10.51,"10°46'32.41""N, 106°40'15.16""E",FIX,
10:22:39.949,1786159359.949,TRACKING,0.744,0.000,0.000,0.00,0.450,-0.000,0.000,0.000,0.000,1.000,0.74,10.77567062,106.67087861,10.51,"10°46'32.41""N, 106°40'15.16""E",FIX,
10:22:40.056,1786159360.057,TRACKING,0.780,0.000,0.000,0.00,0.450,-0.000,0.000,0.000,0.000,1.000,0.78,10.77567062,106.67087861,10.51,"10°46'32.41""N, 106°40'15.16""E",FIX,
10:22:40.129,1786159360.129,TRACKING,0.807,0.000,0.000,0.00,0.450,-0.000,0.000,0.000,0.000,1.000,0.81,10.77567062,106.67087861,10.51,"10°46'32.41""N, 106°40'15.16""E",FIX,
10:22:40.225,1786159360.225,TRACKING,0.834,0.000,0.000,0.00,0.450,-0.000,0.000,0.000,0.000,1.000,0.83,10.77567062,106.67087903,10.51,"10°46'32.41""N, 106°40'15.16""E",FIX,
10:22:40.294,1786159360.294,TRACKING,0.861,0.000,0.000,0.00,0.450,-0.000,0.000,0.000,0.000,1.000,0.86,10.77567062,106.67087903,10.51,"10°46'32.41""N, 106°40'15.16""E",FIX,
10:22:40.376,1786159360.376,TRACKING,0.888,0.000,0.000,0.00,0.450,-0.000,0.000,0.000,0.000,1.000,0.89,10.77567062,106.67087903,10.51,"10°46'32.41""N, 106°40'15.16""E",FIX,
10:22:40.474,1786159360.475,TRACKING,0.924,0.000,0.000,0.00,0.450,-0.000,0.000,0.000,0.000,1.000,0.92,10.77567062,106.67087944,10.51,"10°46'32.41""N, 106°40'15.17""E",FIX,
10:22:40.574,1786159360.575,TRACKING,0.960,0.000,0.000,0.00,0.450,-0.000,0.000,0.000,0.000,1.000,0.96,10.77567062,106.67087944,10.51,"10°46'32.41""N, 106°40'15.17""E",FIX,
10:22:40.624,1786159360.625,TRACKING,0.978,0.000,0.000,0.00,0.450,-0.000,0.000,0.000,0.000,1.000,0.98,10.77567062,106.67087944,10.51,"10°46'32.41""N, 106°40'15.17""E",FIX,
10:22:40.712,1786159360.713,TRACKING,1.014,0.000,0.000,0.00,0.450,-0.000,0.000,0.000,0.000,1.000,1.01,10.77567062,106.67087985,10.51,"10°46'32.41""N, 106°40'15.17""E",FIX,
10:22:40.784,1786159360.785,TRACKING,1.032,0.000,0.000,0.00,0.450,-0.000,0.000,0.000,0.000,1.000,1.03,10.77567062,106.67087985,10.51,"10°46'32.41""N, 106°40'15.17""E",FIX,
10:22:40.892,1786159360.893,TRACKING,1.068,0.000,0.000,0.00,0.450,-0.000,0.000,0.000,0.000,1.000,1.07,10.77567062,106.67087985,10.51,"10°46'32.41""N, 106°40'15.17""E",FIX,
10:22:40.995,1786159360.996,TRACKING,1.095,0.000,0.000,0.00,0.450,-0.000,0.000,0.000,0.000,1.000,1.09,10.77567062,106.67088026,10.51,"10°46'32.41""N, 106°40'15.17""E",FIX,
10:22:41.104,1786159361.105,TRACKING,1.131,0.000,0.000,0.00,0.450,-0.000,0.000,0.000,0.000,1.000,1.13,10.77567062,106.67088026,10.51,"10°46'32.41""N, 106°40'15.17""E",FIX,
10:22:41.174,1786159361.174,TRACKING,1.158,0.000,0.000,0.00,0.450,-0.000,0.000,0.000,0.000,1.000,1.16,10.77567062,106.67088026,10.51,"10°46'32.41""N, 106°40'15.17""E",FIX,
10:22:41.257,1786159361.257,TRACKING,1.185,0.000,0.000,0.00,0.450,-0.000,0.000,0.000,0.000,1.000,1.18,10.77567062,106.67088067,10.51,"10°46'32.41""N, 106°40'15.17""E",FIX,
10:22:41.345,1786159361.345,TRACKING,1.212,0.000,0.000,0.00,0.450,-0.007,0.000,0.000,0.000,1.000,1.21,10.77567062,106.67088067,10.51,"10°46'32.41""N, 106°40'15.17""E",FIX,
10:22:41.451,1786159361.452,TRACKING,1.248,-0.000,-0.000,0.01,0.450,-0.005,0.000,0.000,0.000,1.000,1.25,10.77567062,106.67088067,10.51,"10°46'32.41""N, 106°40'15.17""E",FIX,
10:22:41.538,1786159361.538,TRACKING,1.275,-0.000,-0.001,0.01,0.450,-0.001,0.000,0.000,0.000,1.000,1.27,10.77567062,106.67088108,10.51,"10°46'32.41""N, 106°40'15.17""E",FIX,
10:22:41.647,1786159361.648,TRACKING,1.311,-0.000,-0.001,0.01,0.450,-0.004,0.000,0.000,0.000,1.000,1.31,10.77567062,106.67088108,10.51,"10°46'32.41""N, 106°40'15.17""E",FIX,
10:22:41.742,1786159361.742,TRACKING,1.329,-0.000,-0.001,0.00,0.450,0.005,0.000,0.000,0.000,1.000,1.33,10.77567062,106.67088108,10.51,"10°46'32.41""N, 106°40'15.17""E",FIX,
10:22:41.835,1786159361.835,TRACKING,1.365,-0.000,-0.001,-0.00,0.450,0.010,0.000,0.000,0.000,0.625,1.36,10.77567062,106.67088149,10.51,"10°46'32.41""N, 106°40'15.17""E",FIX,
10:22:41.943,1786159361.944,TRACKING,1.401,-0.000,-0.000,-0.00,0.450,0.006,0.000,0.000,0.000,0.687,1.40,10.77567062,106.67088149,10.51,"10°46'32.41""N, 106°40'15.17""E",FIX,
10:22:42.017,1786159362.017,TRACKING,1.428,-0.000,0.000,-0.01,0.450,0.006,0.000,0.000,0.000,0.750,1.43,10.77567062,106.67088149,10.51,"10°46'32.41""N, 106°40'15.17""E",FIX,
10:22:42.090,1786159362.091,TRACKING,1.446,-0.000,0.000,-0.01,0.450,0.005,0.000,0.000,0.000,0.833,1.45,10.77567062,106.67088149,10.51,"10°46'32.41""N, 106°40'15.17""E",FIX,
10:22:42.205,1786159362.205,TRACKING,1.482,-0.000,0.001,-0.01,0.450,0.004,0.000,0.000,0.000,0.917,1.48,10.77567062,106.67088191,10.51,"10°46'32.41""N, 106°40'15.17""E",FIX,
10:22:42.321,1786159362.321,TRACKING,1.518,-0.000,0.001,-0.01,0.450,0.003,0.000,0.000,0.000,0.979,1.52,10.77567062,106.67088191,10.51,"10°46'32.41""N, 106°40'15.17""E",FIX,
10:22:42.407,1786159362.408,TRACKING,1.545,-0.000,0.001,-0.01,0.450,-0.005,0.000,0.000,0.000,1.000,1.54,10.77567062,106.67088232,10.51,"10°46'32.41""N, 106°40'15.18""E",FIX,
10:22:42.494,1786159362.494,TRACKING,1.581,0.000,0.001,-0.00,0.450,-0.003,0.000,0.000,0.000,1.000,1.58,10.77567062,106.67088232,10.51,"10°46'32.41""N, 106°40'15.18""E",FIX,
10:22:42.553,1786159362.554,TRACKING,1.599,0.000,0.001,-0.01,0.450,0.007,0.000,0.000,0.000,1.000,1.60,10.77567062,106.67088232,10.51,"10°46'32.41""N, 106°40'15.18""E",FIX,
10:22:42.653,1786159362.653,TRACKING,1.635,0.000,0.001,-0.01,0.450,0.004,0.000,0.000,0.000,1.000,1.63,10.77567062,106.67088273,10.51,"10°46'32.41""N, 106°40'15.18""E",FIX,
10:22:42.717,1786159362.718,TRACKING,1.662,0.000,0.002,-0.01,0.450,0.004,0.000,0.000,0.000,1.000,1.66,10.77567062,106.67088273,10.51,"10°46'32.41""N, 106°40'15.18""E",FIX,
10:22:42.808,1786159362.809,TRACKING,1.689,0.000,0.002,-0.01,0.450,0.003,0.000,0.000,0.000,1.000,1.69,10.77567062,106.67088273,10.51,"10°46'32.41""N, 106°40'15.18""E",FIX,
10:22:42.890,1786159362.891,TRACKING,1.725,0.000,0.002,-0.01,0.450,-0.004,0.000,0.000,0.000,1.000,1.72,10.77567061,106.67088314,10.51,"10°46'32.41""N, 106°40'15.18""E",FIX,
10:22:42.993,1786159362.994,TRACKING,1.752,0.000,0.002,-0.01,0.450,0.004,0.000,0.000,0.000,1.000,1.75,10.77567061,106.67088314,10.51,"10°46'32.41""N, 106°40'15.18""E",FIX,
10:22:43.075,1786159363.075,TRACKING,1.779,0.000,0.002,-0.01,0.450,0.004,0.000,0.000,0.000,1.000,1.78,10.77567061,106.67088314,10.51,"10°46'32.41""N, 106°40'15.18""E",FIX,
10:22:43.171,1786159363.172,TRACKING,1.806,0.000,0.002,-0.01,0.450,-0.001,0.000,0.000,0.000,1.000,1.81,10.77567061,106.67088314,10.51,"10°46'32.41""N, 106°40'15.18""E",FIX,
10:22:43.266,1786159363.267,TRACKING,1.842,0.001,0.002,-0.01,0.450,0.004,0.000,0.000,0.000,1.000,1.84,10.77567062,106.67088355,10.51,"10°46'32.41""N, 106°40'15.18""E",FIX,
10:22:43.345,1786159363.346,TRACKING,1.869,0.001,0.002,-0.01,0.450,0.003,0.000,0.000,0.000,1.000,1.87,10.77567062,106.67088355,10.51,"10°46'32.41""N, 106°40'15.18""E",FIX,
10:22:43.447,1786159363.447,TRACKING,1.905,0.001,0.003,-0.01,0.450,0.003,0.000,0.000,0.000,1.000,1.90,10.77567062,106.67088396,10.51,"10°46'32.41""N, 106°40'15.18""E",FIX,
10:22:43.531,1786159363.532,TRACKING,1.932,0.001,0.003,-0.01,0.450,0.003,0.000,0.000,0.000,1.000,1.93,10.77567062,106.67088396,10.51,"10°46'32.41""N, 106°40'15.18""E",FIX,
10:22:43.609,1786159363.609,TRACKING,1.959,0.001,0.003,-0.01,0.450,0.003,0.000,0.000,0.000,1.000,1.96,10.77567062,106.67088396,10.51,"10°46'32.41""N, 106°40'15.18""E",FIX,
10:22:43.706,1786159363.706,TRACKING,1.995,0.001,0.003,-0.01,0.450,0.003,0.000,0.000,0.000,1.000,1.99,10.77567062,106.67088437,10.51,"10°46'32.41""N, 106°40'15.18""E",FIX,
10:22:43.798,1786159363.798,TRACKING,2.022,0.001,0.003,-0.01,0.450,0.003,0.000,0.000,0.000,1.000,2.02,10.77567062,106.67088437,10.51,"10°46'32.41""N, 106°40'15.18""E",FIX,
10:22:43.877,1786159363.877,TRACKING,2.058,0.001,0.004,-0.00,0.450,-0.011,0.000,0.000,0.000,1.000,2.06,10.77567062,106.67088437,10.51,"10°46'32.41""N, 106°40'15.18""E",FIX,
10:22:43.958,1786159363.958,TRACKING,2.076,0.001,0.003,0.00,0.450,-0.018,0.000,0.000,0.000,1.000,2.08,10.77567062,106.67088437,10.51,"10°46'32.41""N, 106°40'15.18""E",FIX,
10:22:44.041,1786159364.041,TRACKING,2.112,0.001,0.002,0.01,0.450,-0.012,0.000,0.000,0.000,1.000,2.11,10.77567062,106.67088479,10.51,"10°46'32.41""N, 106°40'15.19""E",FIX,
10:22:44.120,1786159364.121,TRACKING,2.139,0.001,0.001,0.02,0.450,-0.017,0.000,0.000,0.000,0.583,2.14,10.77567062,106.67088479,10.51,"10°46'32.41""N, 106°40'15.19""E",FIX,
10:22:44.227,1786159364.228,TRACKING,2.166,0.001,0.000,0.02,0.450,-0.006,0.000,0.000,0.000,0.667,2.17,10.77567062,106.67088479,10.51,"10°46'32.41""N, 106°40'15.19""E",FIX,
10:22:44.326,1786159364.327,TRACKING,2.193,0.001,-0.000,0.02,0.450,-0.006,0.000,0.000,0.000,0.729,2.19,10.77567062,106.67088520,10.51,"10°46'32.41""N, 106°40'15.19""E",FIX,
10:22:44.430,1786159364.430,TRACKING,2.229,0.001,-0.001,0.02,0.450,-0.005,0.000,0.000,0.000,0.792,2.23,10.77567062,106.67088520,10.51,"10°46'32.41""N, 106°40'15.19""E",FIX,
10:22:44.531,1786159364.532,TRACKING,2.265,0.001,-0.001,0.02,0.450,-0.005,0.000,0.000,0.000,0.875,2.26,10.77567062,106.67088561,10.51,"10°46'32.41""N, 106°40'15.19""E",FIX,
10:22:44.621,1786159364.622,TRACKING,2.292,0.001,-0.002,0.02,0.450,-0.005,0.000,0.000,0.000,0.937,2.29,10.77567062,106.67088561,10.51,"10°46'32.41""N, 106°40'15.19""E",FIX,
10:22:44.724,1786159364.724,TRACKING,2.319,0.001,-0.002,0.01,0.450,0.002,0.000,0.000,0.000,1.000,2.32,10.77567062,106.67088561,10.51,"10°46'32.41""N, 106°40'15.19""E",FIX,
10:22:44.814,1786159364.815,TRACKING,2.346,0.001,-0.002,0.02,0.450,-0.006,0.000,0.000,0.000,1.000,2.35,10.77567062,106.67088561,10.51,"10°46'32.41""N, 106°40'15.19""E",FIX,
10:22:44.896,1786159364.896,TRACKING,2.373,0.001,-0.002,0.02,0.450,-0.006,0.000,0.000,0.000,1.000,2.37,10.77567062,106.67088602,10.51,"10°46'32.41""N, 106°40'15.19""E",FIX,
10:22:44.999,1786159364.999,TRACKING,2.409,0.001,-0.003,0.01,0.450,0.001,0.000,0.000,0.000,1.000,2.41,10.77567062,106.67088602,10.51,"10°46'32.41""N, 106°40'15.19""E",FIX,
10:22:45.131,1786159365.132,TRACKING,2.445,0.001,-0.003,0.01,0.450,-0.000,0.000,0.000,0.000,1.000,2.44,10.77567062,106.67088643,10.51,"10°46'32.41""N, 106°40'15.19""E",FIX,
10:22:45.210,1786159365.210,TRACKING,2.472,0.001,-0.003,0.01,0.450,-0.001,0.000,0.000,0.000,1.000,2.47,10.77567062,106.67088643,10.51,"10°46'32.41""N, 106°40'15.19""E",FIX,
10:22:45.289,1786159365.289,TRACKING,2.499,0.001,-0.003,0.01,0.450,-0.001,0.000,0.000,0.000,1.000,2.50,10.77567062,106.67088643,10.51,"10°46'32.41""N, 106°40'15.19""E",FIX,
10:22:45.380,1786159365.380,TRACKING,2.526,0.001,-0.003,0.01,0.450,-0.002,0.000,0.000,0.000,1.000,2.53,10.77567062,106.67088643,10.51,"10°46'32.41""N, 106°40'15.19""E",FIX,
10:22:45.441,1786159365.442,TRACKING,2.553,0.001,-0.003,0.01,0.450,-0.002,0.000,0.000,0.000,1.000,2.55,10.77567062,106.67088684,10.51,"10°46'32.41""N, 106°40'15.19""E",FIX,
10:22:45.536,1786159365.536,TRACKING,2.580,0.001,-0.003,0.01,0.450,-0.002,0.000,0.000,0.000,1.000,2.58,10.77567062,106.67088684,10.51,"10°46'32.41""N, 106°40'15.19""E",FIX,
10:22:45.632,1786159365.633,TRACKING,2.616,0.001,-0.003,0.01,0.450,-0.002,0.000,0.000,0.000,1.000,2.62,10.77567062,106.67088684,10.51,"10°46'32.41""N, 106°40'15.19""E",FIX,
10:22:45.735,1786159365.736,TRACKING,2.643,0.000,-0.003,0.01,0.450,-0.002,0.000,0.000,0.000,1.000,2.64,10.77567062,106.67088725,10.51,"10°46'32.41""N, 106°40'15.19""E",FIX,
10:22:45.830,1786159365.831,TRACKING,2.670,0.000,-0.003,0.01,0.450,-0.002,0.000,0.000,0.000,1.000,2.67,10.77567062,106.67088725,10.51,"10°46'32.41""N, 106°40'15.19""E",FIX,
10:22:45.936,1786159365.936,TRACKING,2.697,0.000,-0.003,0.01,0.450,-0.002,0.000,0.000,0.000,1.000,2.70,10.77567062,106.67088725,10.51,"10°46'32.41""N, 106°40'15.19""E",FIX,
10:22:46.007,1786159366.007,TRACKING,2.733,0.000,-0.004,0.01,0.450,-0.002,0.000,0.000,0.000,1.000,2.73,10.77567062,106.67088767,10.51,"10°46'32.41""N, 106°40'15.20""E",FIX,
10:22:46.102,1786159366.102,TRACKING,2.760,0.000,-0.004,0.01,0.450,-0.002,0.000,0.000,0.000,1.000,2.76,10.77567062,106.67088767,10.51,"10°46'32.41""N, 106°40'15.20""E",FIX,
10:22:46.201,1786159366.202,TRACKING,2.796,-0.000,-0.004,0.01,0.450,-0.002,0.000,0.000,0.000,1.000,2.80,10.77567062,106.67088767,10.51,"10°46'32.41""N, 106°40'15.20""E",FIX,
10:22:46.286,1786159366.287,TRACKING,2.823,-0.000,-0.004,0.01,0.450,0.005,0.000,0.000,0.000,1.000,2.82,10.77567062,106.67088808,10.51,"10°46'32.41""N, 106°40'15.20""E",FIX,
10:22:46.373,1786159366.374,TRACKING,2.850,-0.000,-0.004,0.00,0.450,0.003,0.000,0.000,0.000,1.000,2.85,10.77567062,106.67088808,10.51,"10°46'32.41""N, 106°40'15.20""E",FIX,
10:22:46.455,1786159366.456,TRACKING,2.877,-0.000,-0.004,0.00,0.450,0.002,0.000,0.000,0.000,1.000,2.88,10.77567062,106.67088808,10.51,"10°46'32.41""N, 106°40'15.20""E",FIX,
10:22:46.565,1786159366.566,TRACKING,2.913,-0.001,-0.004,0.00,0.450,0.001,0.000,0.000,0.000,0.646,2.91,10.77567062,106.67088849,10.51,"10°46'32.41""N, 106°40'15.20""E",FIX,
10:22:46.650,1786159366.651,TRACKING,2.940,-0.001,-0.003,0.00,0.450,0.001,0.000,0.000,0.000,0.542,2.94,10.77567062,106.67088849,10.51,"10°46'32.41""N, 106°40'15.20""E",FIX,
10:22:46.748,1786159366.749,TRACKING,2.976,-0.001,-0.003,0.00,0.450,0.001,0.000,0.000,0.000,0.604,2.98,10.77567062,106.67088849,10.51,"10°46'32.41""N, 106°40'15.20""E",FIX,
10:22:46.815,1786159366.816,TRACKING,2.994,-0.001,-0.003,0.00,0.450,0.000,0.000,0.000,0.000,0.667,2.99,10.77567062,106.67088890,10.51,"10°46'32.41""N, 106°40'15.20""E",FIX,
10:22:46.923,1786159366.924,TRACKING,3.030,-0.001,-0.003,0.00,0.450,0.000,0.000,0.000,0.000,0.750,3.03,10.77567062,106.67088890,10.51,"10°46'32.41""N, 106°40'15.20""E",FIX,
10:22:47.010,1786159367.011,TRACKING,3.066,-0.001,-0.003,0.00,0.450,0.000,0.000,0.000,0.000,0.812,3.07,10.77567062,106.67088890,10.51,"10°46'32.41""N, 106°40'15.20""E",FIX,
10:22:47.116,1786159367.116,TRACKING,3.093,-0.001,-0.003,0.00,0.450,0.000,0.000,0.000,0.000,0.896,3.09,10.77567062,106.67088931,10.51,"10°46'32.41""N, 106°40'15.20""E",FIX,
10:22:47.203,1786159367.203,TRACKING,3.120,-0.001,-0.003,0.00,0.450,0.000,0.000,0.000,0.000,0.958,3.12,10.77567062,106.67088931,10.51,"10°46'32.41""N, 106°40'15.20""E",FIX,
10:22:47.292,1786159367.292,TRACKING,3.147,-0.001,-0.003,0.00,0.450,0.000,0.000,0.000,0.000,1.000,3.15,10.77567062,106.67088931,10.51,"10°46'32.41""N, 106°40'15.20""E",FIX,
10:22:47.377,1786159367.377,TRACKING,3.174,-0.001,-0.003,0.00,0.450,0.000,0.000,0.000,0.000,1.000,3.17,10.77567062,106.67088972,10.51,"10°46'32.41""N, 106°40'15.20""E",FIX,
10:22:47.513,1786159367.513,TRACKING,3.201,-0.002,-0.003,-0.00,0.450,0.004,0.000,0.000,0.000,1.000,3.20,10.77567062,106.67088972,10.51,"10°46'32.41""N, 106°40'15.20""E",FIX,
10:22:47.628,1786159367.629,TRACKING,3.237,-0.002,-0.003,-0.00,0.450,0.006,0.000,0.000,0.000,1.000,3.24,10.77567062,106.67088972,10.51,"10°46'32.41""N, 106°40'15.20""E",FIX,
10:22:47.719,1786159367.719,TRACKING,3.264,-0.002,-0.003,-0.00,0.450,-0.002,0.000,0.000,0.000,1.000,3.26,10.77567062,106.67089013,10.51,"10°46'32.41""N, 106°40'15.20""E",FIX,
10:22:47.811,1786159367.811,TRACKING,3.300,-0.002,-0.003,-0.00,0.450,-0.001,0.000,0.000,0.000,1.000,3.30,10.77567062,106.67089013,10.51,"10°46'32.41""N, 106°40'15.20""E",FIX,
10:22:47.900,1786159367.901,TRACKING,3.327,-0.002,-0.003,-0.00,0.450,-0.001,0.000,0.000,0.000,1.000,3.33,10.77567062,106.67089013,10.51,"10°46'32.41""N, 106°40'15.20""E",FIX,
10:22:47.989,1786159367.989,TRACKING,3.363,-0.002,-0.003,-0.00,0.450,0.006,0.000,0.000,0.000,1.000,3.36,10.77567061,106.67089055,10.51,"10°46'32.41""N, 106°40'15.21""E",FIX,
10:22:48.069,1786159368.069,TRACKING,3.390,-0.002,-0.003,-0.01,0.450,0.005,0.000,0.000,0.000,1.000,3.39,10.77567061,106.67089055,10.51,"10°46'32.41""N, 106°40'15.21""E",FIX,
10:22:48.136,1786159368.137,TRACKING,3.417,-0.002,-0.002,-0.00,0.450,-0.004,0.000,0.000,0.000,1.000,3.42,10.77567061,106.67089055,10.51,"10°46'32.41""N, 106°40'15.21""E",FIX,
10:22:48.220,1786159368.221,TRACKING,3.444,-0.002,-0.002,-0.00,0.450,-0.002,0.000,0.000,0.000,1.000,3.44,10.77567061,106.67089096,10.51,"10°46'32.41""N, 106°40'15.21""E",FIX,
10:22:48.322,1786159368.323,TRACKING,3.480,-0.002,-0.003,-0.00,0.450,-0.001,0.000,0.000,0.000,1.000,3.48,10.77567061,106.67089096,10.51,"10°46'32.41""N, 106°40'15.21""E",FIX,
10:22:48.396,1786159368.396,TRACKING,3.507,-0.002,-0.003,-0.00,0.450,0.007,0.000,0.000,0.000,1.000,3.51,10.77567061,106.67089096,10.51,"10°46'32.41""N, 106°40'15.21""E",FIX,
10:22:48.489,1786159368.489,TRACKING,3.534,-0.002,-0.002,-0.01,0.450,0.005,0.000,0.000,0.000,1.000,3.53,10.77567061,106.67089137,10.51,"10°46'32.41""N, 106°40'15.21""E",FIX,
10:22:48.578,1786159368.579,TRACKING,3.561,-0.002,-0.002,-0.01,0.450,0.004,0.000,0.000,0.000,1.000,3.56,10.77567061,106.67089137,10.51,"10°46'32.41""N, 106°40'15.21""E",FIX,
10:22:48.682,1786159368.683,TRACKING,3.597,-0.003,-0.002,-0.00,0.450,-0.004,0.000,0.000,0.000,1.000,3.60,10.77567061,106.67089137,10.51,"10°46'32.41""N, 106°40'15.21""E",FIX,
10:22:48.760,1786159368.761,TRACKING,3.624,-0.003,-0.002,-0.00,0.450,-0.002,0.000,0.000,0.000,1.000,3.62,10.77567061,106.67089178,10.51,"10°46'32.41""N, 106°40'15.21""E",FIX,
10:22:48.847,1786159368.848,TRACKING,3.660,-0.003,-0.002,-0.01,0.450,0.006,0.000,0.000,0.000,1.000,3.66,10.77567061,106.67089178,10.51,"10°46'32.41""N, 106°40'15.21""E",FIX,
10:22:48.918,1786159368.918,TRACKING,3.687,-0.003,-0.002,-0.01,0.450,0.005,0.000,0.000,0.000,1.000,3.69,10.77567061,106.67089178,10.51,"10°46'32.41""N, 106°40'15.21""E",FIX,
10:22:48.983,1786159368.984,TRACKING,3.705,-0.003,-0.001,-0.00,0.450,-0.005,0.000,0.000,0.000,1.000,3.70,10.77567061,106.67089219,10.51,"10°46'32.41""N, 106°40'15.21""E",FIX,
10:22:49.098,1786159369.098,TRACKING,3.741,-0.003,-0.002,-0.00,0.450,-0.002,0.000,0.000,0.000,0.562,3.74,10.77567061,106.67089219,10.51,"10°46'32.41""N, 106°40'15.21""E",FIX,
10:22:49.169,1786159369.170,TRACKING,3.777,-0.003,-0.002,-0.00,0.450,-0.001,0.000,0.000,0.000,0.625,3.78,10.77567061,106.67089219,10.51,"10°46'32.41""N, 106°40'15.21""E",FIX,
10:22:49.257,1786159369.258,TRACKING,3.804,-0.003,-0.002,-0.00,0.450,-0.001,0.000,0.000,0.000,0.687,3.80,10.77567061,106.67089260,10.51,"10°46'32.41""N, 106°40'15.21""E",FIX,
10:22:49.334,1786159369.335,TRACKING,3.831,-0.003,-0.002,-0.00,0.450,-0.001,0.000,0.000,0.000,0.771,3.83,10.77567061,106.67089260,10.51,"10°46'32.41""N, 106°40'15.21""E",FIX,
10:22:49.428,1786159369.428,TRACKING,3.867,-0.003,-0.002,-0.00,0.450,-0.000,0.000,0.000,0.000,0.833,3.87,10.77567061,106.67089260,10.51,"10°46'32.41""N, 106°40'15.21""E",FIX,
10:22:49.503,1786159369.504,TRACKING,3.885,-0.003,-0.002,-0.00,0.450,-0.000,0.000,0.000,0.000,0.917,3.88,10.77567061,106.67089302,10.51,"10°46'32.41""N, 106°40'15.21""E",FIX,
10:22:49.600,1786159369.601,TRACKING,3.921,-0.003,-0.002,-0.00,0.450,-0.000,0.000,0.000,0.000,1.000,3.92,10.77567061,106.67089302,10.51,"10°46'32.41""N, 106°40'15.21""E",FIX,
10:22:49.691,1786159369.692,TRACKING,3.957,-0.003,-0.002,-0.00,0.450,-0.000,0.000,0.000,0.000,1.000,3.96,10.77567061,106.67089302,10.51,"10°46'32.41""N, 106°40'15.21""E",FIX,
10:22:49.770,1786159369.771,TRACKING,3.993,-0.003,-0.002,-0.00,0.450,-0.000,0.000,0.000,0.000,1.000,3.99,10.77567061,106.67089343,10.51,"10°46'32.41""N, 106°40'15.22""E",FIX,
10:22:49.840,1786159369.841,TRACKING,4.002,-0.003,-0.002,-0.00,0.450,-0.000,0.000,0.000,0.000,1.000,4.00,10.77567061,106.67089343,10.51,"10°46'32.41""N, 106°40'15.22""E",FIX,
10:22:49.943,1786159369.944,TRACKING,4.038,-0.003,-0.002,-0.00,0.450,-0.000,0.000,0.000,0.000,1.000,4.04,10.77567061,106.67089343,10.51,"10°46'32.41""N, 106°40'15.22""E",FIX,
10:22:50.056,1786159370.056,TRACKING,4.065,-0.003,-0.002,-0.00,0.450,-0.000,0.000,0.000,0.000,1.000,4.06,10.77567061,106.67089384,10.51,"10°46'32.41""N, 106°40'15.22""E",FIX,
10:22:50.135,1786159370.135,TRACKING,4.101,-0.004,-0.002,-0.00,0.450,-0.000,0.000,0.000,0.000,1.000,4.10,10.77567061,106.67089384,10.51,"10°46'32.41""N, 106°40'15.22""E",FIX,
10:22:50.193,1786159370.193,TRACKING,4.128,-0.004,-0.002,-0.00,0.450,-0.000,0.000,0.000,0.000,1.000,4.13,10.77567061,106.67089384,10.51,"10°46'32.41""N, 106°40'15.22""E",FIX,
10:22:50.302,1786159370.303,TRACKING,4.155,-0.004,-0.002,-0.00,0.450,-0.000,0.000,0.000,0.000,1.000,4.15,10.77567061,106.67089425,10.51,"10°46'32.41""N, 106°40'15.22""E",FIX,
10:22:50.394,1786159370.394,TRACKING,4.191,-0.004,-0.002,-0.00,0.450,-0.000,0.000,0.000,0.000,1.000,4.19,10.77567061,106.67089425,10.51,"10°46'32.41""N, 106°40'15.22""E",FIX,
10:22:50.469,1786159370.469,TRACKING,4.218,-0.004,-0.002,-0.00,0.450,-0.000,0.000,0.000,0.000,1.000,4.22,10.77567061,106.67089425,10.51,"10°46'32.41""N, 106°40'15.22""E",FIX,
10:22:50.537,1786159370.537,TRACKING,4.245,-0.004,-0.002,-0.00,0.450,-0.000,0.000,0.000,0.000,1.000,4.24,10.77567061,106.67089466,10.51,"10°46'32.41""N, 106°40'15.22""E",FIX,
10:22:50.621,1786159370.621,TRACKING,4.281,-0.004,-0.002,-0.00,0.450,-0.000,0.000,0.000,0.000,1.000,4.28,10.77567061,106.67089466,10.51,"10°46'32.41""N, 106°40'15.22""E",FIX,
10:22:50.715,1786159370.716,TRACKING,4.308,-0.004,-0.002,-0.00,0.450,-0.000,0.000,0.000,0.000,1.000,4.31,10.77567061,106.67089466,10.51,"10°46'32.41""N, 106°40'15.22""E",FIX,
10:22:50.810,1786159370.810,TRACKING,4.335,-0.004,-0.002,-0.00,0.450,-0.000,0.000,0.000,0.000,1.000,4.33,10.77567061,106.67089507,10.51,"10°46'32.41""N, 106°40'15.22""E",FIX,
10:22:50.897,1786159370.898,TRACKING,4.362,-0.004,-0.002,-0.00,0.450,-0.000,0.000,0.000,0.000,1.000,4.36,10.77567061,106.67089507,10.51,"10°46'32.41""N, 106°40'15.22""E",FIX,
10:22:50.990,1786159370.991,TRACKING,4.398,-0.004,-0.002,-0.00,0.450,-0.000,0.000,0.000,0.000,1.000,4.40,10.77567061,106.67089507,10.51,"10°46'32.41""N, 106°40'15.22""E",FIX,
10:22:51.069,1786159371.069,TRACKING,4.425,-0.004,-0.002,-0.00,0.450,-0.000,0.000,0.000,0.000,1.000,4.42,10.77567061,106.67089548,10.51,"10°46'32.41""N, 106°40'15.22""E",FIX,
10:22:51.150,1786159371.151,TRACKING,4.461,-0.004,-0.002,-0.00,0.450,-0.000,0.000,0.000,0.000,1.000,4.46,10.77567061,106.67089548,10.51,"10°46'32.41""N, 106°40'15.22""E",FIX,
10:22:51.272,1786159371.272,TRACKING,4.497,-0.004,-0.002,-0.00,0.450,-0.000,0.000,0.000,0.000,1.000,4.50,10.77567061,106.67089548,10.51,"10°46'32.41""N, 106°40'15.22""E",FIX,
10:22:51.336,1786159371.337,TRACKING,4.515,-0.004,-0.002,-0.00,0.450,-0.000,0.000,0.000,0.000,1.000,4.51,10.77567061,106.67089590,10.51,"10°46'32.41""N, 106°40'15.23""E",FIX,
10:22:51.426,1786159371.426,TRACKING,4.542,-0.004,-0.002,-0.00,0.450,-0.000,0.000,0.000,0.000,0.583,4.54,10.77567061,106.67089590,10.51,"10°46'32.41""N, 106°40'15.23""E",FIX,
10:22:51.509,1786159371.510,TRACKING,4.578,-0.005,-0.002,-0.00,0.450,-0.000,0.000,0.000,0.000,0.646,4.58,10.77567061,106.67089590,10.51,"10°46'32.41""N, 106°40'15.23""E",FIX,
10:22:51.587,1786159371.588,TRACKING,4.605,-0.005,-0.002,-0.00,0.450,-0.000,0.000,0.000,0.000,0.708,4.60,10.77567061,106.67089631,10.51,"10°46'32.41""N, 106°40'15.23""E",FIX,
10:22:51.672,1786159371.672,TRACKING,4.632,-0.005,-0.002,-0.00,0.450,-0.000,0.000,0.000,0.000,0.792,4.63,10.77567061,106.67089631,10.51,"10°46'32.41""N, 106°40'15.23""E",FIX,
10:22:51.758,1786159371.758,TRACKING,4.659,-0.005,-0.002,-0.00,0.450,-0.000,0.000,0.000,0.000,0.854,4.66,10.77567061,106.67089631,10.51,"10°46'32.41""N, 106°40'15.23""E",FIX,
10:22:51.851,1786159371.851,TRACKING,4.695,-0.005,-0.002,-0.00,0.450,-0.000,0.000,0.000,0.000,0.937,4.69,10.77567061,106.67089672,10.51,"10°46'32.41""N, 106°40'15.23""E",FIX,
10:22:51.955,1786159371.956,TRACKING,4.722,-0.005,-0.002,-0.00,0.450,-0.000,0.000,0.000,0.000,1.000,4.72,10.77567061,106.67089672,10.51,"10°46'32.41""N, 106°40'15.23""E",FIX,
10:22:52.053,1786159372.053,TRACKING,4.749,-0.005,-0.002,-0.00,0.450,-0.000,0.000,0.000,0.000,1.000,4.75,10.77567061,106.67089672,10.51,"10°46'32.41""N, 106°40'15.23""E",FIX,
10:22:52.147,1786159372.147,TRACKING,4.785,-0.005,-0.002,-0.00,0.450,-0.000,0.000,0.000,0.000,1.000,4.78,10.77567061,106.67089713,10.51,"10°46'32.41""N, 106°40'15.23""E",FIX,
10:22:52.250,1786159372.250,TRACKING,4.812,-0.005,-0.002,-0.00,0.450,-0.000,0.000,0.000,0.000,1.000,4.81,10.77567061,106.67089713,10.51,"10°46'32.41""N, 106°40'15.23""E",FIX,
10:22:52.322,1786159372.323,TRACKING,4.848,-0.005,-0.002,-0.00,0.450,-0.000,0.000,0.000,0.000,1.000,4.85,10.77567061,106.67089713,10.51,"10°46'32.41""N, 106°40'15.23""E",FIX,
10:22:52.416,1786159372.416,TRACKING,4.875,-0.005,-0.002,-0.00,0.450,-0.000,0.000,0.000,0.000,1.000,4.87,10.77567061,106.67089754,10.51,"10°46'32.41""N, 106°40'15.23""E",FIX,
10:22:52.524,1786159372.525,TRACKING,4.902,-0.005,-0.002,-0.00,0.450,-0.000,0.000,0.000,0.000,1.000,4.90,10.77567061,106.67089754,10.51,"10°46'32.41""N, 106°40'15.23""E",FIX,
10:22:52.615,1786159372.615,TRACKING,4.929,-0.005,-0.002,-0.00,0.450,-0.000,0.000,0.000,0.000,1.000,4.93,10.77567061,106.67089754,10.51,"10°46'32.41""N, 106°40'15.23""E",FIX,
10:22:52.699,1786159372.699,TRACKING,4.956,-0.005,-0.002,-0.00,0.450,-0.000,0.000,0.000,0.000,1.000,4.96,10.77567061,106.67089754,10.51,"10°46'32.41""N, 106°40'15.23""E",FIX,
10:22:52.782,1786159372.783,TRACKING,4.992,-0.005,-0.002,-0.00,0.450,-0.000,0.000,0.000,0.000,1.000,4.99,10.77567061,106.67089795,10.51,"10°46'32.41""N, 106°40'15.23""E",FIX,
10:22:52.860,1786159372.860,TRACKING,5.019,-0.005,-0.002,-0.00,0.450,-0.000,0.000,0.000,0.000,1.000,5.02,10.77567061,106.67089795,10.51,"10°46'32.41""N, 106°40'15.23""E",FIX,
10:22:52.942,1786159372.943,TRACKING,5.055,-0.006,-0.002,-0.00,0.450,-0.000,0.000,0.000,0.000,1.000,5.05,10.77567061,106.67089836,10.51,"10°46'32.41""N, 106°40'15.23""E",FIX,
10:22:53.015,1786159373.015,TRACKING,5.073,-0.006,-0.002,-0.00,0.450,-0.000,0.000,0.000,0.000,1.000,5.07,10.77567061,106.67089836,10.51,"10°46'32.41""N, 106°40'15.23""E",FIX,
10:22:53.147,1786159373.147,TRACKING,5.109,-0.006,-0.002,-0.00,0.450,-0.000,0.000,0.000,0.000,1.000,5.11,10.77567061,106.67089836,10.51,"10°46'32.41""N, 106°40'15.23""E",FIX,
10:22:53.198,1786159373.199,TRACKING,5.127,-0.006,-0.002,-0.00,0.450,-0.000,0.000,0.000,0.000,1.000,5.13,10.77567061,106.67089836,10.51,"10°46'32.41""N, 106°40'15.23""E",FIX,
10:22:53.304,1786159373.304,TRACKING,5.172,-0.006,-0.002,-0.00,0.450,-0.000,0.000,0.000,0.000,1.000,5.17,10.77567061,106.67089878,10.51,"10°46'32.41""N, 106°40'15.24""E",FIX,
10:22:53.378,1786159373.379,TRACKING,5.199,-0.006,-0.002,-0.00,0.450,-0.000,0.000,0.000,0.000,1.000,5.20,10.77567061,106.67089878,10.51,"10°46'32.41""N, 106°40'15.24""E",FIX,
10:22:53.449,1786159373.450,TRACKING,5.226,-0.006,-0.002,-0.00,0.450,0.004,0.000,0.000,0.000,1.000,5.23,10.77567061,106.67089878,10.51,"10°46'32.41""N, 106°40'15.24""E",FIX,
10:22:53.540,1786159373.541,TRACKING,5.253,-0.006,-0.002,-0.00,0.450,0.007,0.000,0.000,0.000,1.000,5.25,10.77567061,106.67089919,10.51,"10°46'32.41""N, 106°40'15.24""E",FIX,
10:22:53.661,1786159373.661,TRACKING,5.289,-0.006,-0.002,-0.01,0.450,0.005,0.000,0.000,0.000,1.000,5.29,10.77567061,106.67089919,10.51,"10°46'32.41""N, 106°40'15.24""E",FIX,
10:22:53.752,1786159373.752,TRACKING,5.316,-0.006,-0.001,-0.01,0.450,0.018,0.000,0.000,0.000,0.937,5.32,10.77567061,106.67089919,10.51,"10°46'32.41""N, 106°40'15.24""E",FIX,
10:22:53.858,1786159373.859,TRACKING,5.352,-0.006,-0.000,-0.02,0.450,0.014,0.000,0.000,0.000,0.562,5.35,10.77567060,106.67089960,10.51,"10°46'32.41""N, 106°40'15.24""E",FIX,
10:22:53.936,1786159373.936,TRACKING,5.379,-0.006,0.001,-0.02,0.450,0.013,0.000,0.000,0.000,0.625,5.38,10.77567060,106.67089960,10.51,"10°46'32.41""N, 106°40'15.24""E",FIX,
10:22:54.034,1786159374.034,TRACKING,5.406,-0.006,0.002,-0.02,0.450,0.003,0.000,0.000,0.000,0.708,5.41,10.77567060,106.67089960,10.51,"10°46'32.41""N, 106°40'15.24""E",FIX,
10:22:54.136,1786159374.137,TRACKING,5.433,-0.006,0.002,-0.02,0.450,0.004,0.000,0.000,0.000,0.771,5.43,10.77567060,106.67090001,10.51,"10°46'32.41""N, 106°40'15.24""E",FIX,
10:22:54.206,1786159374.206,TRACKING,5.469,-0.006,0.002,-0.02,0.450,0.004,0.000,0.000,0.000,0.833,5.47,10.77567060,106.67090001,10.51,"10°46'32.41""N, 106°40'15.24""E",FIX,
10:22:54.319,1786159374.319,TRACKING,5.496,-0.006,0.003,-0.02,0.450,0.004,0.000,0.000,0.000,0.917,5.50,10.77567060,106.67090001,10.51,"10°46'32.41""N, 106°40'15.24""E",FIX,
10:22:54.404,1786159374.404,TRACKING,5.523,-0.006,0.003,-0.02,0.450,0.004,0.000,0.000,0.000,1.000,5.52,10.77567060,106.67090042,10.51,"10°46'32.41""N, 106°40'15.24""E",FIX,
10:22:54.510,1786159374.511,TRACKING,5.550,-0.006,0.003,-0.02,0.450,0.005,0.000,0.000,0.000,1.000,5.55,10.77567060,106.67090042,10.51,"10°46'32.41""N, 106°40'15.24""E",FIX,
10:22:54.608,1786159374.608,TRACKING,5.586,-0.006,0.004,-0.02,0.450,0.005,0.000,0.000,0.000,1.000,5.59,10.77567060,106.67090042,10.51,"10°46'32.41""N, 106°40'15.24""E",FIX,
10:22:54.698,1786159374.699,TRACKING,5.613,-0.005,0.004,-0.02,0.450,0.005,0.000,0.000,0.000,1.000,5.61,10.77567060,106.67090083,10.51,"10°46'32.41""N, 106°40'15.24""E",FIX,
10:22:54.814,1786159374.815,TRACKING,5.640,-0.005,0.004,-0.02,0.450,0.005,0.000,0.000,0.000,1.000,5.64,10.77567060,106.67090083,10.51,"10°46'32.41""N, 106°40'15.24""E",FIX,
10:22:54.902,1786159374.902,TRACKING,5.676,-0.005,0.004,-0.02,0.450,0.005,0.000,0.000,0.000,1.000,5.68,10.77567060,106.67090083,10.51,"10°46'32.41""N, 106°40'15.24""E",FIX,
10:22:55.012,1786159375.012,TRACKING,5.703,-0.005,0.005,-0.02,0.450,0.005,0.000,0.000,0.000,1.000,5.70,10.77567060,106.67090124,10.51,"10°46'32.41""N, 106°40'15.24""E",FIX,
10:22:55.102,1786159375.103,TRACKING,5.730,-0.005,0.005,-0.02,0.450,0.001,0.000,0.000,0.000,1.000,5.73,10.77567060,106.67090124,10.51,"10°46'32.41""N, 106°40'15.24""E",FIX,
10:22:55.188,1786159375.189,TRACKING,5.766,-0.005,0.005,-0.01,0.450,-0.001,0.000,0.000,0.000,1.000,5.77,10.77567060,106.67090124,10.51,"10°46'32.41""N, 106°40'15.24""E",FIX,
10:22:55.286,1786159375.287,TRACKING,5.793,-0.005,0.005,-0.01,0.450,0.000,0.000,0.000,0.000,1.000,5.79,10.77567060,106.67090166,10.51,"10°46'32.41""N, 106°40'15.25""E",FIX,
10:22:55.387,1786159375.387,TRACKING,5.820,-0.005,0.005,-0.01,0.450,0.000,0.000,0.000,0.000,1.000,5.82,10.77567060,106.67090166,10.51,"10°46'32.41""N, 106°40'15.25""E",FIX,
10:22:55.480,1786159375.480,TRACKING,5.856,-0.004,0.005,-0.01,0.450,0.008,0.000,0.000,0.000,1.000,5.86,10.77567060,106.67090166,10.51,"10°46'32.41""N, 106°40'15.25""E",FIX,
10:22:55.532,1786159375.533,TRACKING,5.883,-0.004,0.005,-0.02,0.450,0.009,0.000,0.000,0.000,1.000,5.88,10.77567060,106.67090207,10.51,"10°46'32.41""N, 106°40'15.25""E",FIX,
10:22:55.632,1786159375.632,TRACKING,5.910,-0.004,0.006,-0.02,0.450,0.006,0.000,0.000,0.000,1.000,5.91,10.77567060,106.67090207,10.51,"10°46'32.41""N, 106°40'15.25""E",FIX,
10:22:55.744,1786159375.744,TRACKING,5.937,-0.004,0.006,-0.01,0.450,-0.001,0.000,0.000,0.000,1.000,5.94,10.77567060,106.67090207,10.51,"10°46'32.41""N, 106°40'15.25""E",FIX,
10:22:55.852,1786159375.853,TRACKING,5.964,-0.004,0.007,-0.01,0.450,-0.000,0.000,0.000,0.000,1.000,5.96,10.77567060,106.67090248,10.51,"10°46'32.41""N, 106°40'15.25""E",FIX,
10:22:55.941,1786159375.942,TRACKING,6.000,-0.003,0.006,-0.01,0.450,0.001,0.000,0.000,0.000,1.000,6.00,10.77567060,106.67090248,10.51,"10°46'32.41""N, 106°40'15.25""E",FIX,
10:22:56.035,1786159376.036,TRACKING,6.036,-0.003,0.006,-0.01,0.450,0.002,0.000,0.000,0.000,1.000,6.04,10.77567060,106.67090248,10.51,"10°46'32.41""N, 106°40'15.25""E",FIX,
10:22:56.089,1786159376.089,TRACKING,6.054,-0.003,0.007,-0.01,0.450,0.001,0.000,0.000,0.000,1.000,6.05,10.77567060,106.67090289,10.51,"10°46'32.41""N, 106°40'15.25""E",FIX,
10:22:56.211,1786159376.212,TRACKING,6.090,-0.003,0.007,-0.01,0.450,0.002,0.000,0.000,0.000,1.000,6.09,10.77567060,106.67090289,10.51,"10°46'32.41""N, 106°40'15.25""E",FIX,
10:22:56.306,1786159376.306,TRACKING,6.126,-0.003,0.007,-0.00,0.450,-0.011,0.000,0.000,0.000,1.000,6.13,10.77567060,106.67090289,10.51,"10°46'32.41""N, 106°40'15.25""E",FIX,
10:22:56.395,1786159376.395,TRACKING,6.153,-0.002,0.006,0.00,0.450,-0.008,0.000,0.000,0.000,0.583,6.15,10.77567061,106.67090330,10.51,"10°46'32.41""N, 106°40'15.25""E",FIX,
10:22:56.467,1786159376.467,TRACKING,6.180,-0.002,0.006,0.00,0.450,-0.008,0.000,0.000,0.000,0.667,6.18,10.77567061,106.67090330,10.51,"10°46'32.41""N, 106°40'15.25""E",FIX,
10:22:56.550,1786159376.550,TRACKING,6.207,-0.002,0.005,0.01,0.450,-0.005,0.000,0.000,0.000,0.729,6.21,10.77567061,106.67090330,10.51,"10°46'32.41""N, 106°40'15.25""E",FIX,
10:22:56.644,1786159376.644,TRACKING,6.234,-0.002,0.005,0.01,0.450,-0.004,0.000,0.000,0.000,0.792,6.23,10.77567061,106.67090371,10.51,"10°46'32.41""N, 106°40'15.25""E",FIX,
10:22:56.721,1786159376.722,TRACKING,6.270,-0.002,0.004,0.01,0.450,-0.004,0.000,0.000,0.000,0.875,6.27,10.77567061,106.67090371,10.51,"10°46'32.41""N, 106°40'15.25""E",FIX,
10:22:56.806,1786159376.806,TRACKING,6.297,-0.002,0.004,0.01,0.450,-0.003,0.000,0.000,0.000,0.937,6.30,10.77567061,106.67090371,10.51,"10°46'32.41""N, 106°40'15.25""E",FIX,
10:22:56.885,1786159376.886,TRACKING,6.324,-0.002,0.004,0.01,0.450,-0.003,0.000,0.000,0.000,1.000,6.32,10.77567061,106.67090412,10.51,"10°46'32.41""N, 106°40'15.25""E",FIX,
10:22:56.971,1786159376.971,TRACKING,6.360,-0.001,0.004,0.01,0.450,-0.003,0.000,0.000,0.000,1.000,6.36,10.77567061,106.67090412,10.51,"10°46'32.41""N, 106°40'15.25""E",FIX,
10:22:57.047,1786159377.047,TRACKING,6.387,-0.001,0.004,0.01,0.450,-0.003,0.000,0.000,0.000,1.000,6.39,10.77567061,106.67090412,10.51,"10°46'32.41""N, 106°40'15.25""E",FIX,
10:22:57.134,1786159377.134,TRACKING,6.414,-0.001,0.004,0.01,0.450,-0.003,0.000,0.000,0.000,1.000,6.41,10.77567061,106.67090454,10.51,"10°46'32.41""N, 106°40'15.26""E",FIX,
10:22:57.215,1786159377.216,TRACKING,6.441,-0.001,0.003,0.01,0.450,-0.003,0.000,0.000,0.000,1.000,6.44,10.77567061,106.67090454,10.51,"10°46'32.41""N, 106°40'15.26""E",FIX,
10:22:57.307,1786159377.308,TRACKING,6.477,-0.001,0.003,0.01,0.450,-0.002,0.000,0.000,0.000,1.000,6.48,10.77567061,106.67090454,10.51,"10°46'32.41""N, 106°40'15.26""E",FIX,
10:22:57.404,1786159377.405,TRACKING,6.504,-0.001,0.003,0.01,0.450,-0.002,0.000,0.000,0.000,1.000,6.50,10.77567061,106.67090495,10.51,"10°46'32.41""N, 106°40'15.26""E",FIX,
10:22:57.513,1786159377.514,TRACKING,6.540,-0.001,0.003,0.01,0.450,-0.002,0.000,0.000,0.000,1.000,6.54,10.77567061,106.67090495,10.51,"10°46'32.41""N, 106°40'15.26""E",FIX,
10:22:57.599,1786159377.600,TRACKING,6.567,-0.001,0.003,0.01,0.450,0.005,0.000,0.000,0.000,1.000,6.57,10.77567061,106.67090495,10.51,"10°46'32.41""N, 106°40'15.26""E",FIX,
10:22:57.698,1786159377.698,TRACKING,6.603,-0.001,0.003,0.00,0.450,0.003,0.000,0.000,0.000,1.000,6.60,10.77567061,106.67090536,10.51,"10°46'32.41""N, 106°40'15.26""E",FIX,
10:22:57.770,1786159377.770,TRACKING,6.621,-0.001,0.003,0.01,0.450,-0.006,0.000,0.000,0.000,1.000,6.62,10.77567061,106.67090536,10.51,"10°46'32.41""N, 106°40'15.26""E",FIX,
10:22:57.868,1786159377.869,TRACKING,6.648,-0.001,0.003,0.01,0.450,-0.004,0.000,0.000,0.000,1.000,6.65,10.77567061,106.67090536,10.51,"10°46'32.41""N, 106°40'15.26""E",FIX,
10:22:57.964,1786159377.964,TRACKING,6.684,-0.000,0.002,0.01,0.450,-0.003,0.000,0.000,0.000,1.000,6.68,10.77567061,106.67090577,10.51,"10°46'32.41""N, 106°40'15.26""E",FIX,
10:22:58.057,1786159378.057,TRACKING,6.720,-0.000,0.002,0.01,0.450,-0.003,0.000,0.000,0.000,1.000,6.72,10.77567061,106.67090577,10.51,"10°46'32.41""N, 106°40'15.26""E",FIX,
10:22:58.141,1786159378.141,TRACKING,6.747,-0.000,0.002,0.01,0.450,-0.003,0.000,0.000,0.000,1.000,6.75,10.77567061,106.67090577,10.51,"10°46'32.41""N, 106°40'15.26""E",FIX,
10:22:58.210,1786159378.211,TRACKING,6.774,-0.000,0.002,0.01,0.450,-0.003,0.000,0.000,0.000,1.000,6.77,10.77567061,106.67090618,10.51,"10°46'32.41""N, 106°40'15.26""E",FIX,
10:22:58.311,1786159378.312,TRACKING,6.801,-0.000,0.002,0.01,0.450,-0.003,0.000,0.000,0.000,1.000,6.80,10.77567061,106.67090618,10.51,"10°46'32.41""N, 106°40'15.26""E",FIX,
10:22:58.381,1786159378.381,TRACKING,6.828,-0.000,0.001,0.01,0.450,-0.003,0.000,0.000,0.000,1.000,6.83,10.77567061,106.67090618,10.51,"10°46'32.41""N, 106°40'15.26""E",FIX,
10:22:58.482,1786159378.483,TRACKING,6.864,-0.000,0.001,0.01,0.450,-0.003,0.000,0.000,0.000,1.000,6.86,10.77567061,106.67090659,10.51,"10°46'32.41""N, 106°40'15.26""E",FIX,
10:22:58.595,1786159378.596,TRACKING,6.891,-0.000,0.001,0.01,0.450,-0.002,0.000,0.000,0.000,1.000,6.89,10.77567061,106.67090659,10.51,"10°46'32.41""N, 106°40'15.26""E",FIX,
10:22:58.692,1786159378.692,TRACKING,6.927,-0.000,0.001,0.01,0.450,-0.002,0.000,0.000,0.000,0.729,6.93,10.77567061,106.67090659,10.51,"10°46'32.41""N, 106°40'15.26""E",FIX,
10:22:58.749,1786159378.749,TRACKING,6.945,-0.000,0.001,0.01,0.450,-0.002,0.000,0.000,0.000,0.583,6.94,10.77567062,106.67090700,10.51,"10°46'32.41""N, 106°40'15.27""E",FIX,
10:22:58.836,1786159378.837,TRACKING,6.972,-0.000,0.001,0.01,0.450,-0.002,0.000,0.000,0.000,0.667,6.97,10.77567062,106.67090700,10.51,"10°46'32.41""N, 106°40'15.27""E",FIX,
10:22:58.933,1786159378.934,TRACKING,7.017,-0.000,0.000,0.01,0.450,-0.002,0.000,0.000,0.000,0.729,7.02,10.77567062,106.67090700,10.51,"10°46'32.41""N, 106°40'15.27""E",FIX,
10:22:59.002,1786159379.003,TRACKING,7.035,-0.000,0.000,0.01,0.450,-0.002,0.000,0.000,0.000,0.812,7.03,10.77567062,106.67090742,10.51,"10°46'32.41""N, 106°40'15.27""E",FIX,
10:22:59.098,1786159379.099,TRACKING,7.071,-0.000,0.000,0.01,0.450,-0.002,0.000,0.000,0.000,0.875,7.07,10.77567062,106.67090742,10.51,"10°46'32.41""N, 106°40'15.27""E",FIX,
10:22:59.204,1786159379.204,TRACKING,7.098,-0.000,-0.000,0.01,0.450,-0.002,0.000,0.000,0.000,0.958,7.10,10.77567062,106.67090742,10.51,"10°46'32.41""N, 106°40'15.27""E",FIX,
10:22:59.281,1786159379.281,TRACKING,7.125,-0.000,-0.000,0.01,0.450,-0.002,0.000,0.000,0.000,1.000,7.12,10.77567062,106.67090783,10.51,"10°46'32.41""N, 106°40'15.27""E",FIX,
10:22:59.370,1786159379.370,TRACKING,7.161,-0.000,-0.000,0.01,0.450,-0.002,0.000,0.000,0.000,1.000,7.16,10.77567062,106.67090783,10.51,"10°46'32.41""N, 106°40'15.27""E",FIX,
10:22:59.462,1786159379.462,TRACKING,7.188,-0.000,-0.001,0.01,0.450,-0.002,0.000,0.000,0.000,1.000,7.19,10.77567062,106.67090783,10.51,"10°46'32.41""N, 106°40'15.27""E",FIX,
10:22:59.573,1786159379.574,TRACKING,7.215,-0.000,-0.001,0.01,0.450,-0.002,0.000,0.000,0.000,1.000,7.21,10.77567062,106.67090824,10.51,"10°46'32.41""N, 106°40'15.27""E",FIX,
10:22:59.670,1786159379.670,TRACKING,7.251,-0.000,-0.001,0.01,0.450,0.004,0.000,0.000,0.000,1.000,7.25,10.77567062,106.67090824,10.51,"10°46'32.41""N, 106°40'15.27""E",FIX,
10:22:59.742,1786159379.743,TRACKING,7.269,-0.000,-0.001,0.01,0.450,-0.000,0.000,0.000,0.000,1.000,7.27,10.77567062,106.67090824,10.51,"10°46'32.41""N, 106°40'15.27""E",FIX,
10:22:59.858,1786159379.859,TRACKING,7.305,-0.000,-0.001,0.01,0.450,-0.004,0.000,0.000,0.000,1.000,7.30,10.77567062,106.67090865,10.51,"10°46'32.41""N, 106°40'15.27""E",FIX,
10:22:59.936,1786159379.936,TRACKING,7.332,-0.000,-0.001,0.01,0.450,-0.004,0.000,0.000,0.000,1.000,7.33,10.77567062,106.67090865,10.51,"10°46'32.41""N, 106°40'15.27""E",FIX,
10:23:00.051,1786159380.051,TRACKING,7.368,-0.000,-0.001,0.01,0.450,-0.003,0.000,0.000,0.000,1.000,7.37,10.77567062,106.67090865,10.51,"10°46'32.41""N, 106°40'15.27""E",FIX,
10:23:00.139,1786159380.140,TRACKING,7.395,-0.000,-0.001,0.01,0.450,-0.003,0.000,0.000,0.000,1.000,7.39,10.77567062,106.67090906,10.51,"10°46'32.41""N, 106°40'15.27""E",FIX,
10:23:00.216,1786159380.217,TRACKING,7.422,-0.000,-0.002,0.01,0.450,0.007,0.000,0.000,0.000,1.000,7.42,10.77567062,106.67090906,10.51,"10°46'32.41""N, 106°40'15.27""E",FIX,
10:23:00.298,1786159380.299,TRACKING,7.458,-0.000,-0.001,0.01,0.450,-0.004,0.000,0.000,0.000,1.000,7.46,10.77567062,106.67090906,10.51,"10°46'32.41""N, 106°40'15.27""E",FIX,
10:23:00.369,1786159380.370,TRACKING,7.485,-0.000,-0.001,0.01,0.450,-0.004,0.000,0.000,0.000,1.000,7.48,10.77567062,106.67090947,10.51,"10°46'32.41""N, 106°40'15.27""E",FIX,
10:23:00.484,1786159380.484,TRACKING,7.512,-0.000,-0.001,0.01,0.450,-0.003,0.000,0.000,0.000,1.000,7.51,10.77567062,106.67090947,10.51,"10°46'32.41""N, 106°40'15.27""E",FIX,
10:23:00.582,1786159380.582,TRACKING,7.548,-0.000,-0.002,0.01,0.450,-0.003,0.000,0.000,0.000,1.000,7.55,10.77567062,106.67090947,10.51,"10°46'32.41""N, 106°40'15.27""E",FIX,
10:23:00.660,1786159380.661,TRACKING,7.575,-0.000,-0.002,0.01,0.450,-0.003,0.000,0.000,0.000,1.000,7.57,10.77567062,106.67090988,10.51,"10°46'32.41""N, 106°40'15.28""E",FIX,
10:23:00.750,1786159380.750,TRACKING,7.602,-0.001,-0.002,0.01,0.450,-0.003,0.000,0.000,0.000,1.000,7.60,10.77567062,106.67090988,10.51,"10°46'32.41""N, 106°40'15.28""E",FIX,
10:23:00.839,1786159380.839,TRACKING,7.638,-0.001,-0.002,0.01,0.450,0.004,0.000,0.000,0.000,1.000,7.64,10.77567062,106.67090988,10.51,"10°46'32.41""N, 106°40'15.28""E",FIX,
10:23:00.906,1786159380.907,TRACKING,7.665,-0.001,-0.002,0.01,0.450,-0.000,0.000,0.000,0.000,1.000,7.66,10.77567062,106.67091030,10.51,"10°46'32.41""N, 106°40'15.28""E",FIX,
10:23:01.025,1786159381.025,TRACKING,7.692,-0.001,-0.002,-0.01,0.450,0.037,0.000,0.000,0.000,1.000,7.69,10.77567062,106.67091030,10.51,"10°46'32.41""N, 106°40'15.28""E",FIX,
10:23:01.116,1786159381.117,TRACKING,7.719,-0.001,-0.001,-0.02,0.450,0.033,0.000,0.000,0.000,0.500,7.72,10.77567062,106.67091030,10.51,"10°46'32.41""N, 106°40'15.28""E",FIX,
10:23:01.216,1786159381.216,TRACKING,7.755,-0.001,0.002,-0.03,0.450,0.016,0.000,0.000,0.000,0.562,7.75,10.77567061,106.67091071,10.51,"10°46'32.41""N, 106°40'15.28""E",FIX,
10:23:01.312,1786159381.313,TRACKING,7.782,-0.001,0.003,-0.03,0.450,0.014,0.000,0.000,0.000,0.625,7.78,10.77567061,106.67091071,10.51,"10°46'32.41""N, 106°40'15.28""E",FIX,
10:23:01.408,1786159381.409,TRACKING,7.818,-0.001,0.004,-0.03,0.450,0.006,0.000,0.000,0.000,0.708,7.82,10.77567061,106.67091071,10.51,"10°46'32.41""N, 106°40'15.28""E",FIX,
10:23:01.522,1786159381.522,TRACKING,7.845,-0.000,0.005,-0.03,0.450,0.006,0.000,0.000,0.000,0.771,7.84,10.77567061,106.67091112,10.51,"10°46'32.41""N, 106°40'15.28""E",FIX,
10:23:01.603,1786159381.604,TRACKING,7.872,-0.000,0.005,-0.03,0.450,0.006,0.000,0.000,0.000,0.833,7.87,10.77567061,106.67091112,10.51,"10°46'32.41""N, 106°40'15.28""E",FIX,
10:23:01.704,1786159381.704,TRACKING,7.908,-0.000,0.005,-0.03,0.450,0.007,0.000,0.000,0.000,0.917,7.91,10.77567061,106.67091112,10.51,"10°46'32.41""N, 106°40'15.28""E",FIX,
10:23:01.767,1786159381.768,TRACKING,7.935,-0.000,0.006,-0.03,0.450,0.007,0.000,0.000,0.000,1.000,7.93,10.77567061,106.67091153,10.51,"10°46'32.41""N, 106°40'15.28""E",FIX,
10:23:01.842,1786159381.843,TRACKING,7.962,0.000,0.006,-0.03,0.450,0.007,0.000,0.000,0.000,1.000,7.96,10.77567061,106.67091153,10.51,"10°46'32.41""N, 106°40'15.28""E",FIX,
10:23:01.923,1786159381.924,TRACKING,7.989,0.000,0.007,-0.03,0.450,0.007,0.000,0.000,0.000,1.000,7.99,10.77567061,106.67091153,10.51,"10°46'32.41""N, 106°40'15.28""E",FIX,
10:23:02.015,1786159382.016,TRACKING,8.025,0.001,0.007,-0.03,0.450,0.007,0.000,0.000,0.000,1.000,8.02,10.77567061,106.67091194,10.51,"10°46'32.41""N, 106°40'15.28""E",FIX,
10:23:02.092,1786159382.092,TRACKING,8.052,0.001,0.008,-0.03,0.450,0.007,0.000,0.000,0.000,1.000,8.05,10.77567061,106.67091194,10.51,"10°46'32.41""N, 106°40'15.28""E",FIX,
10:23:02.167,1786159382.168,TRACKING,8.079,0.001,0.008,-0.03,0.450,0.007,0.000,0.000,0.000,1.000,8.08,10.77567061,106.67091194,10.51,"10°46'32.41""N, 106°40'15.28""E",FIX,
10:23:02.250,1786159382.250,TRACKING,8.115,0.001,0.009,-0.02,0.450,0.000,0.000,0.000,0.000,1.000,8.11,10.77567061,106.67091235,10.51,"10°46'32.41""N, 106°40'15.28""E",FIX,
10:23:02.329,1786159382.330,TRACKING,8.133,0.001,0.009,-0.02,0.450,0.000,0.000,0.000,0.000,1.000,8.13,10.77567061,106.67091235,10.51,"10°46'32.41""N, 106°40'15.28""E",FIX,
10:23:02.428,1786159382.429,TRACKING,8.169,0.002,0.009,-0.02,0.450,0.003,0.000,0.000,0.000,1.000,8.17,10.77567061,106.67091235,10.51,"10°46'32.41""N, 106°40'15.28""E",FIX,
10:23:02.559,1786159382.560,TRACKING,8.205,0.002,0.009,-0.02,0.450,0.007,0.000,0.000,0.000,1.000,8.20,10.77567061,106.67091276,10.51,"10°46'32.41""N, 106°40'15.29""E",FIX,
10:23:02.633,1786159382.633,TRACKING,8.223,0.002,0.009,-0.02,0.450,0.012,0.000,0.000,0.000,1.000,8.22,10.77567061,106.67091276,10.51,"10°46'32.41""N, 106°40'15.29""E",FIX,
10:23:02.713,1786159382.714,TRACKING,8.250,0.002,0.010,-0.02,0.450,0.001,0.000,0.000,0.000,1.000,8.25,10.77567061,106.67091276,10.51,"10°46'32.41""N, 106°40'15.29""E",FIX,
10:23:02.848,1786159382.848,TRACKING,8.286,0.003,0.010,-0.02,0.450,0.003,0.000,0.000,0.000,1.000,8.29,10.77567061,106.67091276,10.51,"10°46'32.41""N, 106°40'15.29""E",FIX,
10:23:02.924,1786159382.924,TRACKING,8.313,0.003,0.010,-0.02,0.450,0.004,0.000,0.000,0.000,1.000,8.31,10.77567061,106.67091318,10.51,"10°46'32.41""N, 106°40'15.29""E",FIX,
10:23:02.990,1786159382.990,TRACKING,8.340,0.003,0.010,-0.02,0.450,0.004,0.000,0.000,0.000,1.000,8.34,10.77567061,106.67091318,10.51,"10°46'32.41""N, 106°40'15.29""E",FIX,
10:23:03.123,1786159383.123,TRACKING,8.385,0.004,0.011,-0.02,0.450,0.005,0.000,0.000,0.000,1.000,8.38,10.77567062,106.67091359,10.51,"10°46'32.41""N, 106°40'15.29""E",FIX,
10:23:03.177,1786159383.178,TRACKING,8.412,0.004,0.011,-0.02,0.450,0.004,0.000,0.000,0.000,1.000,8.41,10.77567062,106.67091359,10.51,"10°46'32.41""N, 106°40'15.29""E",FIX,
10:23:03.241,1786159383.242,TRACKING,8.439,0.004,0.011,-0.02,0.450,0.005,0.000,0.000,0.000,1.000,8.44,10.77567062,106.67091359,10.51,"10°46'32.41""N, 106°40'15.29""E",FIX,
10:23:03.333,1786159383.333,TRACKING,8.457,0.005,0.011,-0.02,0.450,0.014,0.000,0.000,0.000,1.000,8.46,10.77567062,106.67091359,10.51,"10°46'32.41""N, 106°40'15.29""E",FIX,
10:23:03.447,1786159383.447,TRACKING,8.502,0.005,0.013,-0.02,0.450,0.009,0.000,0.000,0.000,1.000,8.50,10.77567062,106.67091400,10.51,"10°46'32.41""N, 106°40'15.29""E",FIX,
10:23:11.355,1786159391.355,UTURN_PLANNING,11.027,0.040,0.014,0.00,0.000,0.000,0.000,0.000,0.000,0.000,0.00,10.77567069,106.67092552,10.51,"10°46'32.41""N, 106°40'15.33""E",FIX,
10:23:11.365,1786159391.365,PATH_FOLLOWING,11.027,0.040,0.014,88.68,0.020,-1.500,0.000,0.000,0.000,0.000,0.00,10.77567069,106.67092552,10.51,"10°46'32.41""N, 106°40'15.33""E",FIX,
10:23:11.373,1786159391.373,PATH_FOLLOWING,11.027,0.040,0.014,88.68,0.020,-1.500,0.000,0.000,0.000,0.000,0.00,10.77567069,106.67092570,10.51,"10°46'32.41""N, 106°40'15.33""E",FIX,
10:23:11.381,1786159391.382,PATH_FOLLOWING,11.027,0.040,0.014,88.68,0.020,-1.500,0.000,0.000,0.000,0.000,0.00,10.77567069,106.67092570,10.51,"10°46'32.41""N, 106°40'15.33""E",FIX,
10:23:11.388,1786159391.389,PATH_FOLLOWING,11.027,0.040,0.014,88.68,0.020,-1.500,0.000,0.000,0.000,0.000,0.00,10.77567069,106.67092570,10.51,"10°46'32.41""N, 106°40'15.33""E",FIX,
10:23:11.398,1786159391.398,PATH_FOLLOWING,11.028,0.040,-0.019,88.68,0.020,-1.500,0.000,0.000,0.000,0.000,0.00,10.77567069,106.67092570,10.51,"10°46'32.41""N, 106°40'15.33""E",FIX,
10:23:11.508,1786159391.509,PATH_FOLLOWING,11.029,0.040,-0.109,88.68,0.020,-1.500,0.000,0.000,0.000,0.000,0.00,10.77567069,106.67092570,10.51,"10°46'32.41""N, 106°40'15.33""E",FIX,
10:23:11.623,1786159391.623,PATH_FOLLOWING,11.031,0.040,-0.229,88.68,0.020,-1.500,0.000,0.000,0.000,0.000,0.00,10.77567072,106.67092571,10.51,"10°46'32.41""N, 106°40'15.33""E",FIX,
10:23:11.670,1786159391.670,PATH_FOLLOWING,11.031,0.040,-0.289,88.68,0.020,-1.500,0.000,0.000,0.000,0.000,0.00,10.77567072,106.67092571,10.51,"10°46'32.41""N, 106°40'15.33""E",FIX,
10:23:11.775,1786159391.775,PATH_FOLLOWING,11.033,0.039,-0.409,88.68,0.020,-1.500,0.000,0.000,0.000,0.000,0.00,10.77567072,106.67092571,10.51,"10°46'32.41""N, 106°40'15.33""E",FIX,
10:23:11.884,1786159391.884,PATH_FOLLOWING,11.034,0.039,-0.499,88.68,0.020,-1.500,0.000,0.000,0.000,0.000,0.00,10.77567072,106.67092571,10.51,"10°46'32.41""N, 106°40'15.33""E",FIX,
10:23:11.976,1786159391.976,PATH_FOLLOWING,11.035,0.038,-0.589,88.68,0.020,-1.500,0.000,0.000,0.000,0.000,0.00,10.77567085,106.67092573,10.51,"10°46'32.42""N, 106°40'15.33""E",FIX,
10:23:12.038,1786159392.039,PATH_FOLLOWING,11.036,0.037,-0.679,88.59,0.021,-1.500,0.000,0.000,0.000,0.000,0.00,10.77567085,106.67092573,10.51,"10°46'32.42""N, 106°40'15.33""E",FIX,
10:23:12.136,1786159392.136,PATH_FOLLOWING,11.037,0.036,-0.799,87.34,0.040,-1.500,0.000,0.000,0.000,0.000,0.00,10.77567085,106.67092573,10.51,"10°46'32.42""N, 106°40'15.33""E",FIX,
10:23:12.241,1786159392.241,PATH_FOLLOWING,11.039,0.035,-0.889,86.22,0.057,-1.500,0.000,0.000,0.000,0.000,0.00,10.77567102,106.67092575,10.51,"10°46'32.42""N, 106°40'15.33""E",FIX,
10:23:12.324,1786159392.324,PATH_FOLLOWING,11.041,0.032,-0.979,85.00,0.076,-1.500,0.000,0.000,0.000,0.000,0.00,10.77567102,106.67092575,10.51,"10°46'32.42""N, 106°40'15.33""E",FIX,
10:23:12.418,1786159392.418,PATH_FOLLOWING,11.044,0.027,-1.099,83.27,0.103,-1.500,0.000,0.000,0.000,0.000,0.00,10.77567102,106.67092575,10.51,"10°46'32.42""N, 106°40'15.33""E",FIX,
10:23:12.505,1786159392.505,PATH_FOLLOWING,11.046,0.022,-1.189,81.97,0.123,-1.500,0.000,0.000,0.000,0.000,0.00,10.77567113,106.67092580,10.51,"10°46'32.42""N, 106°40'15.33""E",FIX,
10:23:12.602,1786159392.602,PATH_FOLLOWING,11.048,0.015,-1.279,80.68,0.143,-1.500,0.000,0.000,0.000,0.000,0.00,10.77567113,106.67092580,10.51,"10°46'32.42""N, 106°40'15.33""E",FIX,
10:23:12.688,1786159392.688,PATH_FOLLOWING,11.051,0.004,-1.399,79.04,0.168,-1.500,0.000,0.000,0.000,0.000,0.00,10.77567113,106.67092580,10.51,"10°46'32.42""N, 106°40'15.33""E",FIX,
10:23:12.772,1786159392.772,PATH_FOLLOWING,11.052,-0.005,-1.489,77.91,0.186,-1.500,0.000,0.000,0.000,0.000,0.00,10.77567118,106.67092590,10.51,"10°46'32.42""N, 106°40'15.33""E",FIX,
10:23:12.858,1786159392.859,PATH_FOLLOWING,11.052,-0.016,-1.579,76.89,0.203,-1.500,0.000,0.000,0.000,0.000,0.00,10.77567118,106.67092590,10.51,"10°46'32.42""N, 106°40'15.33""E",FIX,
10:23:12.945,1786159392.945,PATH_FOLLOWING,11.051,-0.032,-1.699,72.37,0.222,-1.202,0.000,0.000,0.000,0.000,0.00,10.77567118,106.67092590,10.51,"10°46'32.42""N, 106°40'15.33""E",FIX,
10:23:13.029,1786159393.030,PATH_FOLLOWING,11.049,-0.044,-1.777,67.47,0.232,-0.963,0.000,0.000,0.000,0.000,0.00,10.77567114,106.67092604,10.51,"10°46'32.42""N, 106°40'15.33""E",FIX,
10:23:13.117,1786159393.118,PATH_FOLLOWING,11.046,-0.058,-1.840,61.91,0.238,-0.769,0.000,0.000,0.000,0.000,0.00,10.77567114,106.67092604,10.51,"10°46'32.42""N, 106°40'15.33""E",FIX,
10:23:13.190,1786159393.191,PATH_FOLLOWING,11.040,-0.076,-1.906,53.46,0.244,-0.567,0.000,0.000,0.000,0.000,0.00,10.77567114,106.67092604,10.51,"10°46'32.42""N, 106°40'15.33""E",FIX,
10:23:13.272,1786159393.273,PATH_FOLLOWING,11.035,-0.089,-1.941,47.56,0.246,-0.463,0.000,0.000,0.000,0.000,0.00,10.77567102,106.67092621,10.51,"10°46'32.42""N, 106°40'15.33""E",FIX,
10:23:13.362,1786159393.363,PATH_FOLLOWING,11.030,-0.103,-1.971,41.42,0.247,-0.376,0.000,0.000,0.000,0.000,0.00,10.77567102,106.67092621,10.51,"10°46'32.42""N, 106°40'15.33""E",FIX,
10:23:13.463,1786159393.463,PATH_FOLLOWING,11.024,-0.117,-1.994,35.65,0.248,-0.307,0.000,0.000,0.000,0.000,0.00,10.77567102,106.67092621,10.51,"10°46'32.42""N, 106°40'15.33""E",FIX,
10:23:13.553,1786159393.553,PATH_FOLLOWING,11.017,-0.130,-2.015,61.63,0.238,-0.761,0.000,0.000,0.000,0.000,0.00,10.77567088,106.67092638,10.51,"10°46'32.42""N, 106°40'15.33""E",FIX,
10:23:13.647,1786159393.648,PATH_FOLLOWING,11.009,-0.147,-2.063,55.55,0.242,-0.610,0.000,0.000,0.000,0.000,0.00,10.77567088,106.67092638,10.51,"10°46'32.42""N, 106°40'15.33""E",FIX,
10:23:13.733,1786159393.733,PATH_FOLLOWING,11.002,-0.160,-2.102,48.78,0.245,-0.483,0.000,0.000,0.000,0.000,0.00,10.77567088,106.67092638,10.51,"10°46'32.42""N, 106°40'15.33""E",FIX,
10:23:13.827,1786159393.828,PATH_FOLLOWING,10.994,-0.173,-2.134,41.79,0.247,-0.381,0.000,0.000,0.000,0.000,0.00,10.77567073,106.67092654,10.51,"10°46'32.41""N, 106°40'15.34""E",FIX,
10:23:13.932,1786159393.932,PATH_FOLLOWING,10.983,-0.189,-2.167,32.44,0.248,-0.272,0.000,0.000,0.000,0.000,0.00,10.77567073,106.67092654,10.51,"10°46'32.41""N, 106°40'15.34""E",FIX,
10:23:13.994,1786159393.994,PATH_FOLLOWING,10.975,-0.201,-2.186,26.33,0.249,-0.213,0.000,0.000,0.000,0.000,0.00,10.77567073,106.67092654,10.51,"10°46'32.41""N, 106°40'15.34""E",FIX,
10:23:14.069,1786159394.070,PATH_FOLLOWING,10.966,-0.213,-2.199,21.35,0.249,-0.168,0.000,0.000,0.000,0.000,0.00,10.77567058,106.67092671,10.51,"10°46'32.41""N, 106°40'15.34""E",FIX,
10:23:14.180,1786159394.180,PATH_FOLLOWING,10.954,-0.229,-2.214,15.71,0.250,-0.121,0.000,0.000,0.000,0.000,0.00,10.77567058,106.67092671,10.51,"10°46'32.41""N, 106°40'15.34""E",FIX,
10:23:14.262,1786159394.263,PATH_FOLLOWING,10.945,-0.241,-2.222,12.47,0.250,-0.095,0.000,0.000,0.000,0.000,0.00,10.77567058,106.67092671,10.51,"10°46'32.41""N, 106°40'15.34""E",FIX,
10:23:14.343,1786159394.343,PATH_FOLLOWING,10.936,-0.253,-2.228,9.92,0.250,-0.075,0.000,0.000,0.000,0.000,0.00,10.77567042,106.67092687,10.51,"10°46'32.41""N, 106°40'15.34""E",FIX,
10:23:14.441,1786159394.442,PATH_FOLLOWING,10.924,-0.269,-2.235,7.27,0.250,-0.055,0.000,0.000,0.000,0.000,0.00,10.77567042,106.67092687,10.51,"10°46'32.41""N, 106°40'15.34""E",FIX,
10:23:14.515,1786159394.515,PATH_FOLLOWING,10.911,-0.285,-2.239,5.28,0.250,-0.040,0.000,0.000,0.000,0.000,0.00,10.77567042,106.67092687,10.51,"10°46'32.41""N, 106°40'15.34""E",FIX,
10:23:14.602,1786159394.602,PATH_FOLLOWING,10.902,-0.297,-2.242,4.22,0.250,-0.032,0.000,0.000,0.000,0.000,0.00,10.77567026,106.67092703,10.51,"10°46'32.41""N, 106°40'15.34""E",FIX,
10:23:14.677,1786159394.677,PATH_FOLLOWING,10.896,-0.304,-2.243,3.60,0.250,-0.027,0.000,0.000,0.000,0.000,0.00,10.77567026,106.67092703,10.51,"10°46'32.41""N, 106°40'15.34""E",FIX,
10:23:14.751,1786159394.752,PATH_FOLLOWING,10.886,-0.316,-2.245,2.84,0.250,-0.021,0.000,0.000,0.000,0.000,0.00,10.77567026,106.67092703,10.51,"10°46'32.41""N, 106°40'15.34""E",FIX,
10:23:14.845,1786159394.846,PATH_FOLLOWING,10.874,-0.332,-2.247,2.02,0.250,-0.015,0.000,0.000,0.000,0.000,0.00,10.77567010,106.67092719,10.51,"10°46'32.41""N, 106°40'15.34""E",FIX,
10:23:14.952,1786159394.953,PATH_FOLLOWING,10.861,-0.347,-2.248,1.50,0.250,-0.011,0.000,0.000,0.000,0.000,0.00,10.77567010,106.67092719,10.51,"10°46'32.41""N, 106°40'15.34""E",FIX,
10:23:15.014,1786159395.015,PATH_FOLLOWING,10.855,-0.355,-2.249,1.29,0.250,-0.010,0.000,0.000,0.000,0.000,0.00,10.77567010,106.67092719,10.51,"10°46'32.41""N, 106°40'15.34""E",FIX,
10:23:15.109,1786159395.110,PATH_FOLLOWING,10.843,-0.371,-2.250,0.95,0.250,-0.007,0.000,0.000,0.000,0.000,0.00,10.77566993,106.67092735,10.51,"10°46'32.41""N, 106°40'15.34""E",FIX,
10:23:15.193,1786159395.193,PATH_FOLLOWING,10.830,-0.386,-2.250,0.69,0.250,-0.005,0.000,0.000,0.000,0.000,0.00,10.77566993,106.67092735,10.51,"10°46'32.41""N, 106°40'15.34""E",FIX,
10:23:15.283,1786159395.283,PATH_FOLLOWING,10.821,-0.398,-2.251,0.56,0.250,-0.004,0.000,0.000,0.000,0.000,0.00,10.77566993,106.67092735,10.51,"10°46'32.41""N, 106°40'15.34""E",FIX,
10:23:15.352,1786159395.353,PATH_FOLLOWING,10.811,-0.410,-2.251,0.45,0.250,-0.003,0.000,0.000,0.000,0.000,0.00,10.77566977,106.67092751,10.51,"10°46'32.41""N, 106°40'15.34""E",FIX,
10:23:15.428,1786159395.428,PATH_FOLLOWING,10.802,-0.421,-2.251,0.35,0.250,-0.003,0.000,0.000,0.000,0.000,0.00,10.77566977,106.67092751,10.51,"10°46'32.41""N, 106°40'15.34""E",FIX,
10:23:15.520,1786159395.520,PATH_FOLLOWING,10.789,-0.437,-2.252,0.26,0.250,-0.002,0.000,0.000,0.000,0.000,0.00,10.77566977,106.67092751,10.51,"10°46'32.41""N, 106°40'15.34""E",FIX,
10:23:15.605,1786159395.605,PATH_FOLLOWING,10.780,-0.448,-2.252,0.21,0.250,-0.002,0.000,0.000,0.000,0.000,0.00,10.77566961,106.67092767,10.51,"10°46'32.41""N, 106°40'15.34""E",FIX,
10:23:15.684,1786159395.684,PATH_FOLLOWING,10.770,-0.460,-2.252,0.17,0.250,-0.001,0.000,0.000,0.000,0.000,0.00,10.77566961,106.67092767,10.51,"10°46'32.41""N, 106°40'15.34""E",FIX,
10:23:15.750,1786159395.751,PATH_FOLLOWING,10.761,-0.472,-2.252,0.13,0.250,-0.001,0.000,0.000,0.000,0.000,0.00,10.77566961,106.67092767,10.51,"10°46'32.41""N, 106°40'15.34""E",FIX,
10:23:15.860,1786159395.860,PATH_FOLLOWING,10.748,-0.487,-2.252,0.10,0.250,-0.001,0.000,0.000,0.000,0.000,0.00,10.77566945,106.67092783,10.51,"10°46'32.41""N, 106°40'15.34""E",FIX,
10:23:15.932,1786159395.933,PATH_FOLLOWING,10.739,-0.499,-2.252,0.08,0.250,-0.001,0.000,0.000,0.000,0.000,0.00,10.77566945,106.67092783,10.51,"10°46'32.41""N, 106°40'15.34""E",FIX,
10:23:16.017,1786159396.018,PATH_FOLLOWING,10.729,-0.511,-2.252,0.06,0.250,-0.000,0.000,0.000,0.000,0.000,0.00,10.77566945,106.67092783,10.51,"10°46'32.41""N, 106°40'15.34""E",FIX,
10:23:16.116,1786159396.117,PATH_FOLLOWING,10.717,-0.526,-2.252,0.05,0.250,-0.000,0.000,0.000,0.000,0.000,0.00,10.77566929,106.67092799,10.51,"10°46'32.41""N, 106°40'15.34""E",FIX,
10:23:16.223,1786159396.224,PATH_FOLLOWING,10.707,-0.538,-2.252,0.04,0.250,-0.000,0.000,0.000,0.000,0.000,0.00,10.77566929,106.67092799,10.51,"10°46'32.41""N, 106°40'15.34""E",FIX,
10:23:16.360,1786159396.360,PATH_FOLLOWING,10.695,-0.553,-2.252,0.03,0.250,-0.000,0.000,0.000,0.000,0.000,0.00,10.77566929,106.67092799,10.51,"10°46'32.41""N, 106°40'15.34""E",FIX,
10:23:16.455,1786159396.455,PATH_FOLLOWING,10.688,-0.561,-2.252,0.03,0.250,-0.000,0.000,0.000,0.000,0.000,0.00,10.77566913,106.67092815,10.51,"10°46'32.41""N, 106°40'15.34""E",FIX,
10:23:16.542,1786159396.543,PATH_FOLLOWING,10.676,-0.577,-2.252,0.02,0.250,-0.000,0.000,0.000,0.000,0.000,0.00,10.77566913,106.67092815,10.51,"10°46'32.41""N, 106°40'15.34""E",FIX,
10:23:16.620,1786159396.620,PATH_FOLLOWING,10.666,-0.588,-2.252,0.02,0.250,-0.000,0.000,0.000,0.000,0.000,0.00,10.77566913,106.67092815,10.51,"10°46'32.41""N, 106°40'15.34""E",FIX,
10:23:16.715,1786159396.715,PATH_FOLLOWING,10.657,-0.600,-2.252,0.01,0.250,-0.000,0.000,0.000,0.000,0.000,0.00,10.77566896,106.67092831,10.51,"10°46'32.41""N, 106°40'15.34""E",FIX,
10:23:16.816,1786159396.817,PATH_FOLLOWING,10.644,-0.615,-2.252,0.00,0.000,0.000,0.000,0.000,0.000,0.000,0.00,10.77566896,106.67092831,10.51,"10°46'32.41""N, 106°40'15.34""E",FIX,
10:23:16.917,1786159396.918,UTURN_EXECUTION,10.642,-0.618,-2.252,73.97,0.250,-1.500,0.000,0.000,0.000,0.000,0.00,10.77566896,106.67092831,10.51,"10°46'32.41""N, 106°40'15.34""E",FIX,
10:23:16.988,1786159396.988,UTURN_EXECUTION,10.637,-0.624,-2.297,73.97,0.250,-1.500,0.000,0.000,0.000,0.000,0.00,10.77566887,106.67092840,10.51,"10°46'32.41""N, 106°40'15.34""E",FIX,
10:23:17.073,1786159397.073,UTURN_EXECUTION,10.623,-0.638,-2.417,73.97,0.250,-1.500,0.000,0.000,0.000,0.000,0.00,10.77566887,106.67092840,10.51,"10°46'32.41""N, 106°40'15.34""E",FIX,
10:23:17.160,1786159397.160,UTURN_EXECUTION,10.611,-0.648,-2.507,73.97,0.250,-1.500,0.000,0.000,0.000,0.000,0.00,10.77566887,106.67092840,10.51,"10°46'32.41""N, 106°40'15.34""E",FIX,
10:23:17.251,1786159397.251,UTURN_EXECUTION,10.599,-0.656,-2.597,73.97,0.250,-1.500,0.000,0.000,0.000,0.000,0.00,10.77566870,106.67092856,10.51,"10°46'32.41""N, 106°40'15.34""E",FIX,
10:23:17.351,1786159397.352,UTURN_EXECUTION,10.581,-0.665,-2.717,73.97,0.250,-1.500,0.000,0.000,0.000,0.000,0.00,10.77566870,106.67092856,10.51,"10°46'32.41""N, 106°40'15.34""E",FIX,
10:23:17.430,1786159397.431,UTURN_EXECUTION,10.567,-0.671,-2.807,73.97,0.250,-1.500,0.000,0.000,0.000,0.000,0.00,10.77566870,106.67092856,10.51,"10°46'32.41""N, 106°40'15.34""E",FIX,
10:23:17.504,1786159397.504,UTURN_EXECUTION,10.553,-0.675,-2.897,73.97,0.250,-1.500,0.000,0.000,0.000,0.000,0.00,10.77566852,106.67092873,10.51,"10°46'32.41""N, 106°40'15.34""E",FIX,
10:23:17.602,1786159397.603,UTURN_EXECUTION,10.533,-0.679,-3.017,73.97,0.250,-1.500,0.000,0.000,0.000,0.000,0.00,10.77566852,106.67092873,10.51,"10°46'32.41""N, 106°40'15.34""E",FIX,
10:23:17.675,1786159397.676,UTURN_EXECUTION,10.518,-0.680,-3.107,73.97,0.250,-1.500,0.000,0.000,0.000,0.000,0.00,10.77566852,106.67092873,10.51,"10°46'32.41""N, 106°40'15.34""E",FIX,
10:23:17.795,1786159397.796,UTURN_EXECUTION,10.503,-0.680,3.086,73.97,0.250,-1.500,0.000,0.000,0.000,0.000,0.00,10.77566832,106.67092893,10.51,"10°46'32.41""N, 106°40'15.34""E",FIX,
10:23:17.932,1786159397.932,UTURN_EXECUTION,10.488,-0.678,2.996,73.97,0.250,-1.500,0.000,0.000,0.000,0.000,0.00,10.77566832,106.67092893,10.51,"10°46'32.41""N, 106°40'15.34""E",FIX,
10:23:18.034,1786159398.034,UTURN_EXECUTION,10.469,-0.674,2.876,73.97,0.250,-1.500,0.000,0.000,0.000,0.000,0.00,10.77566832,106.67092893,10.51,"10°46'32.41""N, 106°40'15.34""E",FIX,
10:23:18.113,1786159398.114,UTURN_EXECUTION,10.454,-0.670,2.786,73.97,0.250,-1.500,0.000,0.000,0.000,0.000,0.00,10.77566812,106.67092915,10.51,"10°46'32.41""N, 106°40'15.34""E",FIX,
10:23:18.189,1786159398.190,UTURN_EXECUTION,10.441,-0.664,2.696,73.97,0.250,-1.500,0.000,0.000,0.000,0.000,0.00,10.77566812,106.67092915,10.51,"10°46'32.41""N, 106°40'15.34""E",FIX,
10:23:18.299,1786159398.299,UTURN_EXECUTION,10.423,-0.654,2.576,73.97,0.250,-1.500,0.000,0.000,0.000,0.000,0.00,10.77566812,106.67092915,10.51,"10°46'32.41""N, 106°40'15.34""E",FIX,
10:23:18.387,1786159398.388,UTURN_EXECUTION,10.411,-0.646,2.486,73.97,0.250,-1.500,0.000,0.000,0.000,0.000,0.00,10.77566790,106.67092938,10.51,"10°46'32.40""N, 106°40'15.35""E",FIX,
10:23:18.470,1786159398.470,UTURN_EXECUTION,10.399,-0.636,2.396,73.97,0.250,-1.500,0.000,0.000,0.000,0.000,0.00,10.77566790,106.67092938,10.51,"10°46'32.40""N, 106°40'15.35""E",FIX,
10:23:18.566,1786159398.567,UTURN_EXECUTION,10.385,-0.622,2.276,73.97,0.250,-1.500,0.000,0.000,0.000,0.000,0.00,10.77566790,106.67092938,10.51,"10°46'32.40""N, 106°40'15.35""E",FIX,
10:23:18.631,1786159398.632,UTURN_EXECUTION,10.376,-0.610,2.186,73.97,0.250,-1.500,0.000,0.000,0.000,0.000,0.00,10.77566768,106.67092962,10.51,"10°46'32.40""N, 106°40'15.35""E",FIX,
10:23:18.747,1786159398.747,UTURN_EXECUTION,10.366,-0.593,2.066,73.97,0.250,-1.500,0.000,0.000,0.000,0.000,0.00,10.77566768,106.67092962,10.51,"10°46'32.40""N, 106°40'15.35""E",FIX,
10:23:18.808,1786159398.808,UTURN_EXECUTION,10.359,-0.579,1.976,73.97,0.250,-1.500,0.000,0.000,0.000,0.000,0.00,10.77566768,106.67092962,10.51,"10°46'32.40""N, 106°40'15.35""E",FIX,
10:23:18.883,1786159398.883,UTURN_EXECUTION,10.354,-0.565,1.886,73.97,0.250,-1.500,0.000,0.000,0.000,0.000,0.00,10.77566746,106.67092987,10.51,"10°46'32.40""N, 106°40'15.35""E",FIX,
10:23:18.958,1786159398.959,UTURN_EXECUTION,10.350,-0.551,1.796,73.97,0.250,-1.500,0.000,0.000,0.000,0.000,0.00,10.77566746,106.67092987,10.51,"10°46'32.40""N, 106°40'15.35""E",FIX,
10:23:19.056,1786159399.056,UTURN_EXECUTION,10.347,-0.531,1.676,73.97,0.250,-1.500,0.000,0.000,0.000,0.000,0.00,10.77566746,106.67092987,10.51,"10°46'32.40""N, 106°40'15.35""E",FIX,
10:23:19.120,1786159399.120,UTURN_EXECUTION,10.346,-0.516,1.586,73.97,0.250,-1.500,0.000,0.000,0.000,0.000,0.00,10.77566723,106.67093010,10.51,"10°46'32.40""N, 106°40'15.35""E",FIX,
10:23:19.197,1786159399.197,UTURN_EXECUTION,10.346,-0.501,1.496,73.97,0.250,-1.500,0.000,0.000,0.000,0.000,0.00,10.77566723,106.67093010,10.51,"10°46'32.40""N, 106°40'15.35""E",FIX,
10:23:19.309,1786159399.310,UTURN_EXECUTION,10.348,-0.486,1.406,73.97,0.250,-1.500,0.000,0.000,0.000,0.000,0.00,10.77566723,106.67093010,10.51,"10°46'32.40""N, 106°40'15.35""E",FIX,
10:23:19.383,1786159399.383,UTURN_EXECUTION,10.351,-0.472,1.316,73.97,0.250,-1.500,0.000,0.000,0.000,0.000,0.00,10.77566723,106.67093010,10.51,"10°46'32.40""N, 106°40'15.35""E",FIX,
10:23:19.482,1786159399.483,UTURN_EXECUTION,10.357,-0.453,1.196,73.97,0.250,-1.500,0.000,0.000,0.000,0.000,0.00,10.77566701,106.67093025,10.51,"10°46'32.40""N, 106°40'15.35""E",FIX,
10:23:19.564,1786159399.564,UTURN_EXECUTION,10.363,-0.439,1.106,73.97,0.250,-1.500,0.000,0.000,0.000,0.000,0.00,10.77566701,106.67093025,10.51,"10°46'32.40""N, 106°40'15.35""E",FIX,
10:23:19.659,1786159399.660,UTURN_EXECUTION,10.371,-0.426,1.016,73.97,0.250,-1.500,0.000,0.000,0.000,0.000,0.00,10.77566701,106.67093025,10.51,"10°46'32.40""N, 106°40'15.35""E",FIX,
10:23:19.762,1786159399.763,UTURN_EXECUTION,10.382,-0.409,0.896,73.97,0.250,-1.500,0.000,0.000,0.000,0.000,0.00,10.77566679,106.67093035,10.51,"10°46'32.40""N, 106°40'15.35""E",FIX,
10:23:19.887,1786159399.887,UTURN_EXECUTION,10.392,-0.398,0.806,73.97,0.250,-1.500,0.000,0.000,0.000,0.000,0.00,10.77566679,106.67093035,10.51,"10°46'32.40""N, 106°40'15.35""E",FIX,
10:23:19.949,1786159399.950,UTURN_EXECUTION,10.403,-0.388,0.716,73.97,0.250,-1.500,0.000,0.000,0.000,0.000,0.00,10.77566679,106.67093035,10.51,"10°46'32.40""N, 106°40'15.35""E",FIX,
10:23:20.037,1786159400.037,UTURN_EXECUTION,10.419,-0.376,0.596,73.97,0.250,-1.500,0.000,0.000,0.000,0.000,0.00,10.77566659,106.67093037,10.51,"10°46'32.40""N, 106°40'15.35""E",FIX,
10:23:20.115,1786159400.115,UTURN_EXECUTION,10.432,-0.368,0.506,73.97,0.250,-1.500,0.000,0.000,0.000,0.000,0.00,10.77566659,106.67093037,10.51,"10°46'32.40""N, 106°40'15.35""E",FIX,
10:23:20.198,1786159400.198,UTURN_EXECUTION,10.445,-0.361,0.416,73.97,0.250,-1.500,0.000,0.000,0.000,0.000,0.00,10.77566659,106.67093037,10.51,"10°46'32.40""N, 106°40'15.35""E",FIX,
10:23:20.263,1786159400.263,UTURN_EXECUTION,10.459,-0.356,0.326,73.97,0.250,-1.500,0.000,0.000,0.000,0.104,0.00,10.77566639,106.67093034,10.51,"10°46'32.40""N, 106°40'15.35""E",FIX,
10:23:20.357,1786159400.357,UTURN_EXECUTION,10.478,-0.350,0.206,73.97,0.250,-1.500,0.000,0.000,0.000,0.083,0.00,10.77566639,106.67093034,10.51,"10°46'32.40""N, 106°40'15.35""E",FIX,
10:23:20.463,1786159400.463,UTURN_EXECUTION,10.498,-0.347,0.086,73.97,0.250,-1.500,0.000,0.000,0.000,0.042,0.00,10.77566621,106.67093025,10.51,"10°46'32.40""N, 106°40'15.35""E",FIX,
10:23:20.538,1786159400.539,UTURN_EXECUTION,10.513,-0.347,-0.004,73.97,0.250,-1.500,0.000,0.000,0.000,0.000,0.00,10.77566621,106.67093025,10.51,"10°46'32.40""N, 106°40'15.35""E",FIX,
10:23:20.622,1786159400.622,UTURN_EXECUTION,10.528,-0.348,-0.094,73.97,0.250,-1.500,0.000,0.000,0.000,0.000,0.00,10.77566621,106.67093025,10.51,"10°46'32.40""N, 106°40'15.35""E",FIX,
10:23:20.694,1786159400.695,UTURN_EXECUTION,10.543,-0.350,-0.184,73.97,0.250,-1.500,0.000,0.000,0.000,0.000,0.00,10.77566621,106.67093025,10.51,"10°46'32.40""N, 106°40'15.35""E",FIX,
10:23:20.755,1786159400.755,UTURN_EXECUTION,10.557,-0.353,-0.274,73.97,0.250,-1.500,0.000,0.000,0.000,0.000,0.00,10.77566604,106.67093011,10.51,"10°46'32.40""N, 106°40'15.35""E",FIX,
10:23:20.829,1786159400.829,UTURN_EXECUTION,10.576,-0.360,-0.394,73.97,0.250,-1.500,0.000,0.000,0.000,0.000,0.00,10.77566604,106.67093011,10.51,"10°46'32.40""N, 106°40'15.35""E",FIX,
10:23:20.901,1786159400.902,UTURN_EXECUTION,10.590,-0.366,-0.484,73.97,0.250,-1.500,0.000,0.000,0.000,0.000,0.00,10.77566604,106.67093011,10.51,"10°46'32.40""N, 106°40'15.35""E",FIX,
10:23:20.991,1786159400.992,UTURN_EXECUTION,10.603,-0.374,-0.574,73.97,0.250,-1.500,0.000,0.000,0.000,0.000,0.00,10.77566588,106.67092995,10.51,"10°46'32.40""N, 106°40'15.35""E",FIX,
10:23:21.073,1786159401.074,UTURN_EXECUTION,10.615,-0.382,-0.664,73.97,0.250,-1.500,0.000,0.000,0.000,0.000,0.00,10.77566588,106.67092995,10.51,"10°46'32.40""N, 106°40'15.35""E",FIX,
10:23:21.180,1786159401.180,UTURN_EXECUTION,10.630,-0.396,-0.784,73.97,0.250,-1.500,0.000,0.000,0.000,0.000,0.00,10.77566588,106.67092995,10.51,"10°46'32.40""N, 106°40'15.35""E",FIX,
10:23:21.260,1786159401.260,UTURN_EXECUTION,10.640,-0.407,-0.874,73.97,0.250,-1.500,0.000,0.000,0.000,0.000,0.00,10.77566572,106.67092977,10.51,"10°46'32.40""N, 106°40'15.35""E",FIX,
10:23:21.351,1786159401.352,UTURN_EXECUTION,10.649,-0.418,-0.964,73.97,0.250,-1.500,0.000,0.000,0.000,0.000,0.00,10.77566572,106.67092977,10.51,"10°46'32.40""N, 106°40'15.35""E",FIX,
10:23:21.442,1786159401.443,UTURN_EXECUTION,10.657,-0.431,-1.054,73.97,0.250,-1.500,0.000,0.000,0.000,0.000,0.00,10.77566572,106.67092977,10.51,"10°46'32.40""N, 106°40'15.35""E",FIX,
10:23:21.546,1786159401.547,UTURN_EXECUTION,10.666,-0.449,-1.174,73.97,0.250,-1.500,0.000,0.000,0.000,0.000,0.00,10.77566553,106.67092957,10.51,"10°46'32.40""N, 106°40'15.35""E",FIX,
10:23:21.658,1786159401.658,UTURN_EXECUTION,10.671,-0.463,-1.264,73.97,0.250,-1.500,0.000,0.000,0.000,0.000,0.00,10.77566553,106.67092957,10.51,"10°46'32.40""N, 106°40'15.35""E",FIX,
10:23:21.743,1786159401.743,UTURN_EXECUTION,10.676,-0.483,-1.384,73.97,0.250,-1.500,0.000,0.000,0.000,0.042,0.00,10.77566553,106.67092957,10.51,"10°46'32.40""N, 106°40'15.35""E",FIX,
10:23:21.856,1786159401.857,UTURN_EXECUTION,10.678,-0.497,-1.474,73.97,0.250,-1.500,0.000,0.000,0.000,0.083,0.00,10.77566533,106.67092937,10.51,"10°46'32.40""N, 106°40'15.35""E",FIX,
10:23:21.924,1786159401.924,UTURN_EXECUTION,10.679,-0.512,-1.564,73.97,0.250,-1.500,0.000,0.000,0.000,0.146,0.00,10.77566533,106.67092937,10.51,"10°46'32.40""N, 106°40'15.35""E",FIX,
10:23:22.034,1786159402.035,UTURN_EXECUTION,10.678,-0.532,-1.684,73.97,0.250,-1.500,0.000,0.000,0.000,0.187,0.00,10.77566533,106.67092937,10.51,"10°46'32.40""N, 106°40'15.35""E",FIX,
10:23:22.109,1786159402.110,UTURN_EXECUTION,10.676,-0.547,-1.774,73.97,0.250,-1.500,0.000,0.000,0.000,0.250,0.00,10.77566511,106.67092916,10.51,"10°46'32.39""N, 106°40'15.34""E",FIX,
10:23:22.176,1786159402.177,UTURN_EXECUTION,10.672,-0.562,-1.864,73.97,0.250,-1.500,0.000,0.000,0.000,1.000,0.00,10.77566511,106.67092916,10.51,"10°46'32.39""N, 106°40'15.34""E",FIX,
10:23:22.253,1786159402.253,TRACKING,10.665,-0.580,-1.984,0.18,0.450,-0.071,0.000,0.000,0.000,1.000,0.02,10.77566511,106.67092916,10.51,"10°46'32.39""N, 106°40'15.34""E",FIX,
10:23:22.342,1786159402.342,TRACKING,10.655,-0.603,-2.003,0.32,0.450,-0.368,0.000,0.000,0.000,1.000,0.04,10.77566487,106.67092894,10.51,"10°46'32.39""N, 106°40'15.34""E",FIX,
10:23:22.423,1786159402.424,TRACKING,10.643,-0.628,-2.018,0.40,0.450,-0.278,0.000,0.000,0.000,0.583,0.07,10.77566487,106.67092894,10.51,"10°46'32.39""N, 106°40'15.34""E",FIX,
10:23:22.508,1786159402.509,TRACKING,10.627,-0.660,-2.043,0.44,0.450,-0.184,0.000,0.000,0.000,0.667,0.11,10.77566487,106.67092894,10.51,"10°46'32.39""N, 106°40'15.34""E",FIX,
10:23:22.613,1786159402.614,TRACKING,10.615,-0.684,-2.055,0.45,0.450,-0.140,0.000,0.000,0.000,0.750,0.13,10.77566477,106.67092853,10.51,"10°46'32.39""N, 106°40'15.34""E",FIX,
10:23:22.712,1786159402.712,TRACKING,10.602,-0.708,-2.065,0.45,0.450,-0.119,0.000,0.000,0.000,0.833,0.16,10.77566477,106.67092853,10.51,"10°46'32.39""N, 106°40'15.34""E",FIX,
10:23:22.768,1786159402.769,TRACKING,10.589,-0.731,-2.073,0.44,0.450,-0.103,0.000,0.000,0.000,0.917,0.19,10.77566477,106.67092853,10.51,"10°46'32.39""N, 106°40'15.34""E",FIX,
10:23:22.877,1786159402.878,TRACKING,10.572,-0.763,-2.081,0.43,0.450,-0.102,0.000,0.000,0.000,1.000,0.22,10.77566468,106.67092813,10.51,"10°46'32.39""N, 106°40'15.34""E",FIX,
10:23:22.946,1786159402.946,TRACKING,10.558,-0.786,-2.088,0.42,0.450,-0.085,0.000,0.000,0.000,1.000,0.25,10.77566468,106.67092813,10.51,"10°46'32.39""N, 106°40'15.34""E",FIX,
10:23:23.043,1786159403.044,TRACKING,10.545,-0.810,-2.093,0.42,0.450,-0.097,0.000,0.000,0.000,1.000,0.28,10.77566468,106.67092813,10.51,"10°46'32.39""N, 106°40'15.34""E",FIX,
10:23:23.153,1786159403.153,TRACKING,10.527,-0.841,-2.100,0.41,0.450,-0.096,0.000,0.000,0.000,1.000,0.31,10.77566460,106.67092772,10.51,"10°46'32.39""N, 106°40'15.34""E",FIX,
10:23:23.209,1786159403.210,TRACKING,10.513,-0.864,-2.106,0.40,0.450,-0.080,0.000,0.000,0.000,1.000,0.34,10.77566460,106.67092772,10.51,"10°46'32.39""N, 106°40'15.34""E",FIX,
10:23:23.290,1786159403.291,TRACKING,10.499,-0.887,-2.111,0.39,0.450,-0.084,0.000,0.000,0.000,1.000,0.37,10.77566460,106.67092772,10.51,"10°46'32.39""N, 106°40'15.34""E",FIX,
10:23:23.422,1786159403.423,TRACKING,10.485,-0.911,-2.116,0.39,0.450,-0.092,0.000,0.000,0.000,1.000,0.40,10.77566453,106.67092732,10.51,"10°46'32.39""N, 106°40'15.34""E",FIX,
10:23:23.515,1786159403.515,TRACKING,10.471,-0.934,-2.121,0.38,0.450,-0.086,0.000,0.000,0.000,1.000,0.42,10.77566453,106.67092732,10.51,"10°46'32.39""N, 106°40'15.34""E",FIX,
10:23:23.615,1786159403.615,TRACKING,10.452,-0.964,-2.128,0.37,0.450,-0.083,0.000,0.000,0.000,1.000,0.46,10.77566453,106.67092732,10.51,"10°46'32.39""N, 106°40'15.34""E",FIX,
10:23:23.683,1786159403.683,TRACKING,10.438,-0.987,-2.133,0.36,0.450,-0.077,0.000,0.000,0.000,1.000,0.49,10.77566446,106.67092691,10.51,"10°46'32.39""N, 106°40'15.34""E",FIX,
10:23:23.779,1786159403.780,TRACKING,10.419,-1.017,-2.140,0.36,0.450,-0.086,0.000,0.000,0.000,1.000,0.52,10.77566446,106.67092691,10.51,"10°46'32.39""N, 106°40'15.34""E",FIX,
10:23:23.869,1786159403.870,TRACKING,10.404,-1.040,-2.145,0.35,0.450,-0.080,0.000,0.000,0.000,1.000,0.55,10.77566446,106.67092691,10.51,"10°46'32.39""N, 106°40'15.34""E",FIX,
10:23:23.948,1786159403.948,TRACKING,10.389,-1.063,-2.150,0.35,0.450,-0.081,0.000,0.000,0.000,1.000,0.58,10.77566439,106.67092650,10.51,"10°46'32.39""N, 106°40'15.34""E",FIX,
10:23:24.051,1786159404.052,TRACKING,10.370,-1.093,-2.156,0.38,0.450,-0.152,0.000,0.000,0.000,0.542,0.61,10.77566439,106.67092650,10.51,"10°46'32.39""N, 106°40'15.34""E",FIX,
10:23:24.128,1786159404.128,TRACKING,10.355,-1.115,-2.164,0.39,0.450,-0.135,0.000,0.000,0.000,0.604,0.64,10.77566439,106.67092650,10.51,"10°46'32.39""N, 106°40'15.34""E",FIX,
10:23:24.212,1786159404.212,TRACKING,10.340,-1.138,-2.173,0.39,0.450,-0.114,0.000,0.000,0.000,0.667,0.67,10.77566432,106.67092609,10.51,"10°46'32.39""N, 106°40'15.33""E",FIX,
10:23:24.303,1786159404.303,TRACKING,10.324,-1.160,-2.180,0.39,0.450,-0.096,0.000,0.000,0.000,0.729,0.69,10.77566432,106.67092609,10.51,"10°46'32.39""N, 106°40'15.33""E",FIX,
10:23:24.369,1786159404.369,TRACKING,10.309,-1.182,-2.186,0.38,0.450,-0.079,0.000,0.000,0.000,0.792,0.72,10.77566432,106.67092609,10.51,"10°46'32.39""N, 106°40'15.33""E",FIX,
10:23:24.489,1786159404.490,TRACKING,10.288,-1.211,-2.193,0.37,0.450,-0.084,0.000,0.000,0.000,0.771,0.76,10.77566426,106.67092568,10.51,"10°46'32.39""N, 106°40'15.33""E",FIX,
10:23:24.582,1786159404.583,TRACKING,10.267,-1.240,-2.199,0.36,0.450,-0.082,0.000,0.000,0.000,0.562,0.79,10.77566426,106.67092568,10.51,"10°46'32.39""N, 106°40'15.33""E",FIX,
10:23:24.665,1786159404.666,TRACKING,10.256,-1.255,-2.203,0.35,0.450,-0.067,0.000,0.000,0.000,0.646,0.81,10.77566426,106.67092568,10.51,"10°46'32.39""N, 106°40'15.33""E",FIX,
10:23:24.788,1786159404.788,TRACKING,10.229,-1.291,-2.210,0.35,0.450,-0.079,0.000,0.000,0.000,0.708,0.85,10.77566420,106.67092528,10.51,"10°46'32.39""N, 106°40'15.33""E",FIX,
10:23:24.842,1786159404.842,TRACKING,10.219,-1.306,-2.213,0.34,0.450,-0.072,0.000,0.000,0.000,0.771,0.87,10.77566420,106.67092528,10.51,"10°46'32.39""N, 106°40'15.33""E",FIX,
10:23:24.949,1786159404.949,TRACKING,10.202,-1.327,-2.217,0.33,0.450,-0.071,0.000,0.000,0.000,0.854,0.90,10.77566420,106.67092528,10.51,"10°46'32.39""N, 106°40'15.33""E",FIX,
10:23:25.076,1786159405.077,TRACKING,10.186,-1.349,-2.222,0.33,0.450,-0.072,0.000,0.000,0.000,0.937,0.93,10.77566414,106.67092487,10.51,"10°46'32.39""N, 106°40'15.33""E",FIX,
10:23:25.162,1786159405.163,TRACKING,10.164,-1.377,-2.227,0.32,0.450,-0.068,0.000,0.000,0.000,1.000,0.96,10.77566414,106.67092487,10.51,"10°46'32.39""N, 106°40'15.33""E",FIX,
10:23:25.240,1786159405.240,TRACKING,10.148,-1.399,-2.232,0.31,0.450,-0.065,0.000,0.000,0.000,1.000,0.99,10.77566414,106.67092487,10.51,"10°46'32.39""N, 106°40'15.33""E",FIX,
10:23:25.321,1786159405.322,TRACKING,10.125,-1.427,-2.237,0.30,0.450,-0.064,0.000,0.000,0.000,1.000,1.03,10.77566409,106.67092446,10.51,"10°46'32.39""N, 106°40'15.33""E",FIX,
10:23:25.404,1786159405.404,TRACKING,10.109,-1.448,-2.241,0.29,0.450,-0.066,0.000,0.000,0.000,1.000,1.05,10.77566409,106.67092446,10.51,"10°46'32.39""N, 106°40'15.33""E",FIX,
10:23:25.487,1786159405.488,TRACKING,10.086,-1.476,-2.246,0.29,0.450,-0.062,0.000,0.000,0.000,1.000,1.09,10.77566409,106.67092446,10.51,"10°46'32.39""N, 106°40'15.33""E",FIX,
10:23:25.566,1786159405.566,TRACKING,10.075,-1.490,-2.249,0.28,0.450,-0.054,0.000,0.000,0.000,1.000,1.11,10.77566404,106.67092405,10.51,"10°46'32.39""N, 106°40'15.33""E",FIX,
10:23:25.677,1786159405.678,TRACKING,10.058,-1.511,-2.252,0.27,0.450,-0.063,0.000,0.000,0.000,1.000,1.13,10.77566404,106.67092405,10.51,"10°46'32.39""N, 106°40'15.33""E",FIX,
10:23:25.779,1786159405.779,TRACKING,10.030,-1.546,-2.258,0.27,0.450,-0.061,0.000,0.000,0.000,1.000,1.18,10.77566404,106.67092405,10.51,"10°46'32.39""N, 106°40'15.33""E",FIX,
10:23:25.840,1786159405.841,TRACKING,10.018,-1.560,-2.260,0.26,0.450,-0.048,0.000,0.000,0.000,1.000,1.20,10.77566400,106.67092364,10.51,"10°46'32.39""N, 106°40'15.33""E",FIX,
10:23:25.946,1786159405.947,TRACKING,9.995,-1.588,-2.265,0.26,0.450,-0.059,0.000,0.000,0.000,1.000,1.23,10.77566400,106.67092364,10.51,"10°46'32.39""N, 106°40'15.33""E",FIX,
10:23:26.040,1786159406.041,TRACKING,9.972,-1.616,-2.269,0.25,0.450,-0.062,0.000,0.000,0.000,1.000,1.27,10.77566400,106.67092364,10.51,"10°46'32.39""N, 106°40'15.33""E",FIX,
10:23:26.115,1786159406.115,TRACKING,9.961,-1.629,-2.272,0.25,0.450,-0.052,0.000,0.000,0.000,1.000,1.29,10.77566396,106.67092323,10.51,"10°46'32.39""N, 106°40'15.32""E",FIX,
10:23:26.200,1786159406.201,TRACKING,9.937,-1.657,-2.276,0.24,0.450,-0.052,0.000,0.000,0.000,1.000,1.32,10.77566396,106.67092323,10.51,"10°46'32.39""N, 106°40'15.32""E",FIX,
10:23:26.261,1786159406.262,TRACKING,9.926,-1.670,-2.278,0.24,0.450,-0.053,0.000,0.000,0.000,1.000,1.34,10.77566396,106.67092323,10.51,"10°46'32.39""N, 106°40'15.32""E",FIX,
10:23:26.357,1786159406.357,TRACKING,9.902,-1.698,-2.282,0.23,0.450,-0.049,0.000,0.000,0.000,1.000,1.38,10.77566392,106.67092282,10.51,"10°46'32.39""N, 106°40'15.32""E",FIX,
10:23:26.435,1786159406.436,TRACKING,9.884,-1.718,-2.285,0.25,0.450,-0.115,0.000,0.000,0.000,1.000,1.40,10.77566392,106.67092282,10.51,"10°46'32.39""N, 106°40'15.32""E",FIX,
10:23:26.536,1786159406.537,TRACKING,9.861,-1.745,-2.293,0.26,0.450,-0.088,0.000,0.000,0.000,0.583,1.44,10.77566392,106.67092282,10.51,"10°46'32.39""N, 106°40'15.32""E",FIX,
10:23:26.621,1786159406.621,TRACKING,9.843,-1.766,-2.299,0.27,0.450,-0.078,0.000,0.000,0.000,0.646,1.47,10.77566387,106.67092241,10.51,"10°46'32.39""N, 106°40'15.32""E",FIX,
10:23:26.690,1786159406.690,TRACKING,9.819,-1.792,-2.305,0.26,0.450,-0.062,0.000,0.000,0.000,0.708,1.50,10.77566387,106.67092241,10.51,"10°46'32.39""N, 106°40'15.32""E",FIX,
10:23:26.816,1786159406.817,TRACKING,9.807,-1.806,-2.308,0.26,0.450,-0.054,0.000,0.000,0.000,0.521,1.52,10.77566387,106.67092241,10.51,"10°46'32.39""N, 106°40'15.32""E",FIX,
10:23:26.872,1786159406.873,TRACKING,9.782,-1.832,-2.313,0.25,0.450,-0.060,0.000,0.000,0.000,0.583,1.56,10.77566383,106.67092200,10.51,"10°46'32.39""N, 106°40'15.32""E",FIX,
10:23:26.970,1786159406.971,TRACKING,9.764,-1.852,-2.317,0.25,0.450,-0.054,0.000,0.000,0.000,0.667,1.58,10.77566383,106.67092200,10.51,"10°46'32.39""N, 106°40'15.32""E",FIX,
10:23:27.099,1786159407.099,TRACKING,9.740,-1.878,-2.321,0.24,0.450,-0.053,0.000,0.000,0.000,0.750,1.62,10.77566383,106.67092200,10.51,"10°46'32.39""N, 106°40'15.32""E",FIX,
10:23:27.198,1786159407.199,TRACKING,9.721,-1.898,-2.324,0.23,0.450,-0.045,0.000,0.000,0.000,0.833,1.65,10.77566380,106.67092159,10.51,"10°46'32.39""N, 106°40'15.32""E",FIX,
10:23:27.278,1786159407.278,TRACKING,9.703,-1.918,-2.327,0.23,0.450,-0.050,0.000,0.000,0.000,0.896,1.67,10.77566380,106.67092159,10.51,"10°46'32.39""N, 106°40'15.32""E",FIX,
10:23:27.345,1786159407.345,TRACKING,9.678,-1.944,-2.331,0.22,0.450,-0.048,0.000,0.000,0.000,0.979,1.71,10.77566380,106.67092159,10.51,"10°46'32.39""N, 106°40'15.32""E",FIX,
10:23:27.436,1786159407.437,TRACKING,9.659,-1.964,-2.334,0.21,0.450,-0.039,0.000,0.000,0.000,1.000,1.74,10.77566377,106.67092118,10.51,"10°46'32.39""N, 106°40'15.32""E",FIX,
10:23:27.519,1786159407.519,TRACKING,9.641,-1.983,-2.336,0.21,0.450,-0.046,0.000,0.000,0.000,1.000,1.76,10.77566377,106.67092118,10.51,"10°46'32.39""N, 106°40'15.32""E",FIX,
10:23:27.619,1786159407.619,TRACKING,9.622,-2.002,-2.339,0.20,0.450,-0.042,0.000,0.000,0.000,1.000,1.79,10.77566377,106.67092118,10.51,"10°46'32.39""N, 106°40'15.32""E",FIX,
10:23:27.699,1786159407.699,TRACKING,9.597,-2.028,-2.342,0.20,0.450,-0.045,0.000,0.000,0.000,1.000,1.83,10.77566374,106.67092076,10.51,"10°46'32.39""N, 106°40'15.31""E",FIX,
10:23:27.804,1786159407.805,TRACKING,9.578,-2.048,-2.345,0.19,0.450,-0.041,0.000,0.000,0.000,1.000,1.85,10.77566374,106.67092076,10.51,"10°46'32.39""N, 106°40'15.31""E",FIX,
10:23:27.901,1786159407.901,TRACKING,9.559,-2.067,-2.348,0.19,0.450,-0.042,0.000,0.000,0.000,1.000,1.88,10.77566374,106.67092076,10.51,"10°46'32.39""N, 106°40'15.31""E",FIX,
10:23:27.982,1786159407.983,TRACKING,9.540,-2.086,-2.350,0.18,0.450,-0.036,0.000,0.000,0.000,1.000,1.91,10.77566374,106.67092076,10.51,"10°46'32.39""N, 106°40'15.31""E",FIX,
10:23:28.065,1786159408.066,TRACKING,9.515,-2.112,-2.353,0.18,0.450,-0.041,0.000,0.000,0.000,1.000,1.94,10.77566372,106.67092035,10.51,"10°46'32.39""N, 106°40'15.31""E",FIX,
10:23:28.178,1786159408.178,TRACKING,9.489,-2.137,-2.356,0.17,0.450,-0.037,0.000,0.000,0.000,1.000,1.98,10.77566372,106.67092035,10.51,"10°46'32.39""N, 106°40'15.31""E",FIX,
10:23:28.247,1786159408.247,TRACKING,9.470,-2.156,-2.359,0.17,0.450,-0.038,0.000,0.000,0.000,1.000,2.01,10.77566369,106.67091994,10.51,"10°46'32.39""N, 106°40'15.31""E",FIX,
10:23:28.340,1786159408.341,TRACKING,9.458,-2.169,-2.360,0.17,0.450,-0.030,0.000,0.000,0.000,1.000,2.02,10.77566369,106.67091994,10.51,"10°46'32.39""N, 106°40'15.31""E",FIX,
10:23:28.415,1786159408.416,TRACKING,9.432,-2.194,-2.363,0.16,0.450,-0.036,0.000,0.000,0.000,1.000,2.06,10.77566369,106.67091994,10.51,"10°46'32.39""N, 106°40'15.31""E",FIX,
10:23:28.502,1786159408.503,TRACKING,9.406,-2.220,-2.366,0.16,0.450,-0.032,0.000,0.000,0.000,1.000,2.10,10.77566367,106.67091953,10.51,"10°46'32.39""N, 106°40'15.31""E",FIX,
10:23:28.592,1786159408.592,TRACKING,9.387,-2.238,-2.368,0.15,0.450,-0.033,0.000,0.000,0.000,1.000,2.12,10.77566367,106.67091953,10.51,"10°46'32.39""N, 106°40'15.31""E",FIX,
10:23:28.686,1786159408.686,TRACKING,9.361,-2.264,-2.370,0.15,0.450,-0.036,0.000,0.000,0.000,1.000,2.16,10.77566367,106.67091953,10.51,"10°46'32.39""N, 106°40'15.31""E",FIX,
10:23:28.751,1786159408.751,TRACKING,9.348,-2.276,-2.372,0.15,0.450,-0.027,0.000,0.000,0.000,1.000,2.18,10.77566367,106.67091953,10.51,"10°46'32.39""N, 106°40'15.31""E",FIX,
10:23:28.828,1786159408.828,TRACKING,9.322,-2.301,-2.374,0.14,0.450,-0.032,0.000,0.000,0.000,1.000,2.21,10.77566365,106.67091912,10.51,"10°46'32.39""N, 106°40'15.31""E",FIX,
10:23:28.931,1786159408.931,TRACKING,9.303,-2.320,-2.376,0.14,0.450,-0.025,0.000,0.000,0.000,0.625,2.24,10.77566365,106.67091912,10.51,"10°46'32.39""N, 106°40'15.31""E",FIX,
10:23:29.028,1786159409.028,TRACKING,9.283,-2.339,-2.377,0.13,0.450,-0.022,0.000,0.000,0.000,0.562,2.27,10.77566365,106.67091912,10.51,"10°46'32.39""N, 106°40'15.31""E",FIX,
10:23:29.100,1786159409.101,TRACKING,9.257,-2.363,-2.379,0.13,0.450,-0.025,0.000,0.000,0.000,0.521,2.30,10.77566363,106.67091871,10.51,"10°46'32.39""N, 106°40'15.31""E",FIX,
10:23:29.194,1786159409.194,TRACKING,9.238,-2.382,-2.381,0.12,0.450,-0.027,0.000,0.000,0.000,0.583,2.33,10.77566363,106.67091871,10.51,"10°46'32.39""N, 106°40'15.31""E",FIX,
10:23:29.286,1786159409.287,TRACKING,9.218,-2.401,-2.382,0.12,0.450,-0.021,0.000,0.000,0.000,0.667,2.36,10.77566363,106.67091871,10.51,"10°46'32.39""N, 106°40'15.31""E",FIX,
10:23:29.380,1786159409.381,TRACKING,9.199,-2.419,-2.384,0.12,0.450,-0.024,0.000,0.000,0.000,0.729,2.38,10.77566361,106.67091830,10.51,"10°46'32.39""N, 106°40'15.31""E",FIX,
10:23:29.455,1786159409.455,TRACKING,9.179,-2.438,-2.385,0.11,0.450,-0.025,0.000,0.000,0.000,0.792,2.41,10.77566361,106.67091830,10.51,"10°46'32.39""N, 106°40'15.31""E",FIX,
10:23:29.558,1786159409.558,TRACKING,9.146,-2.469,-2.388,0.11,0.450,-0.022,0.000,0.000,0.000,0.875,2.46,10.77566359,106.67091789,10.51,"10°46'32.39""N, 106°40'15.30""E",FIX,
10:23:29.656,1786159409.657,TRACKING,9.127,-2.487,-2.389,0.11,0.450,-0.022,0.000,0.000,0.000,0.937,2.48,10.77566359,106.67091789,10.51,"10°46'32.39""N, 106°40'15.30""E",FIX,
10:23:29.723,1786159409.723,TRACKING,9.107,-2.506,-2.390,0.10,0.450,-0.023,0.000,0.000,0.000,1.000,2.51,10.77566359,106.67091789,10.51,"10°46'32.39""N, 106°40'15.30""E",FIX,
10:23:29.809,1786159409.810,TRACKING,9.087,-2.524,-2.392,0.10,0.450,-0.025,0.000,0.000,0.000,1.000,2.54,10.77566359,106.67091789,10.51,"10°46'32.39""N, 106°40'15.30""E",FIX,
10:23:29.905,1786159409.906,TRACKING,9.061,-2.548,-2.394,0.10,0.450,-0.019,0.000,0.000,0.000,1.000,2.57,10.77566358,106.67091748,10.51,"10°46'32.39""N, 106°40'15.30""E",FIX,
10:23:30.008,1786159410.008,TRACKING,9.048,-2.561,-2.395,0.10,0.450,-0.018,0.000,0.000,0.000,1.000,2.59,10.77566358,106.67091748,10.51,"10°46'32.39""N, 106°40'15.30""E",FIX,
10:23:30.124,1786159410.125,TRACKING,9.021,-2.585,-2.396,0.09,0.450,-0.022,0.000,0.000,0.000,1.000,2.63,10.77566358,106.67091748,10.51,"10°46'32.39""N, 106°40'15.30""E",FIX,
10:23:30.197,1786159410.197,TRACKING,9.001,-2.603,-2.397,0.09,0.450,-0.015,0.000,0.000,0.000,1.000,2.65,10.77566356,106.67091706,10.51,"10°46'32.39""N, 106°40'15.30""E",FIX,
10:23:30.272,1786159410.273,TRACKING,8.981,-2.622,-2.398,0.09,0.450,-0.017,0.000,0.000,0.000,1.000,2.68,10.77566356,106.67091706,10.51,"10°46'32.39""N, 106°40'15.30""E",FIX,
10:23:30.370,1786159410.370,TRACKING,8.955,-2.646,-2.400,0.09,0.450,-0.020,0.000,0.000,0.000,1.000,2.72,10.77566356,106.67091706,10.51,"10°46'32.39""N, 106°40'15.30""E",FIX,
10:23:30.439,1786159410.440,TRACKING,8.935,-2.664,-2.401,0.08,0.450,-0.020,0.000,0.000,0.000,1.000,2.74,10.77566355,106.67091665,10.51,"10°46'32.39""N, 106°40'15.30""E",FIX,
10:23:30.526,1786159410.527,TRACKING,8.915,-2.683,-2.402,0.08,0.450,-0.013,0.000,0.000,0.000,1.000,2.77,10.77566355,106.67091665,10.51,"10°46'32.39""N, 106°40'15.30""E",FIX,
10:23:30.622,1786159410.623,TRACKING,8.888,-2.707,-2.403,0.08,0.450,-0.016,0.000,0.000,0.000,1.000,2.81,10.77566355,106.67091665,10.51,"10°46'32.39""N, 106°40'15.30""E",FIX,
10:23:30.699,1786159410.700,TRACKING,8.869,-2.725,-2.404,0.08,0.450,-0.017,0.000,0.000,0.000,1.000,2.83,10.77566354,106.67091624,10.51,"10°46'32.39""N, 106°40'15.30""E",FIX,
10:23:30.788,1786159410.789,TRACKING,8.849,-2.743,-2.405,0.08,0.450,-0.017,0.000,0.000,0.000,1.000,2.86,10.77566354,106.67091624,10.51,"10°46'32.39""N, 106°40'15.30""E",FIX,
10:23:30.917,1786159410.918,TRACKING,8.822,-2.767,-2.406,0.07,0.450,-0.018,0.000,0.000,0.000,1.000,2.90,10.77566354,106.67091624,10.51,"10°46'32.39""N, 106°40'15.30""E",FIX,
10:23:30.951,1786159410.952,TRACKING,8.802,-2.785,-2.407,0.07,0.450,-0.019,0.000,0.000,0.000,1.000,2.92,10.77566353,106.67091583,10.51,"10°46'32.39""N, 106°40'15.30""E",FIX,
10:23:31.028,1786159411.028,TRACKING,8.782,-2.803,-2.409,0.07,0.450,-0.012,0.000,0.000,0.000,1.000,2.95,10.77566353,106.67091583,10.51,"10°46'32.39""N, 106°40'15.30""E",FIX,
10:23:31.106,1786159411.107,TRACKING,8.762,-2.821,-2.409,0.07,0.450,-0.013,0.000,0.000,0.000,1.000,2.98,10.77566353,106.67091583,10.51,"10°46'32.39""N, 106°40'15.30""E",FIX,
10:23:31.200,1786159411.200,TRACKING,8.735,-2.846,-2.410,0.07,0.450,-0.015,0.000,0.000,0.000,1.000,3.01,10.77566351,106.67091542,10.51,"10°46'32.39""N, 106°40'15.30""E",FIX,
10:23:31.286,1786159411.287,TRACKING,8.715,-2.864,-2.411,0.07,0.450,-0.015,0.000,0.000,0.000,1.000,3.04,10.77566351,106.67091542,10.51,"10°46'32.39""N, 106°40'15.30""E",FIX,
10:23:31.377,1786159411.378,TRACKING,8.695,-2.882,-2.412,0.06,0.450,-0.008,0.000,0.000,0.000,1.000,3.07,10.77566351,106.67091542,10.51,"10°46'32.39""N, 106°40'15.30""E",FIX,
10:23:31.469,1786159411.470,TRACKING,8.668,-2.906,-2.413,0.06,0.450,-0.011,0.000,0.000,0.000,0.542,3.10,10.77566350,106.67091501,10.51,"10°46'32.39""N, 106°40'15.29""E",FIX,
10:23:31.588,1786159411.588,TRACKING,8.648,-2.923,-2.414,0.06,0.450,-0.012,0.000,0.000,0.000,0.625,3.13,10.77566350,106.67091501,10.51,"10°46'32.39""N, 106°40'15.29""E",FIX,
10:23:31.671,1786159411.672,TRACKING,8.627,-2.941,-2.414,0.06,0.450,-0.013,0.000,0.000,0.000,0.687,3.16,10.77566350,106.67091501,10.51,"10°46'32.39""N, 106°40'15.29""E",FIX,
10:23:31.755,1786159411.755,TRACKING,8.601,-2.965,-2.415,0.06,0.450,-0.014,0.000,0.000,0.000,0.750,3.19,10.77566349,106.67091460,10.51,"10°46'32.39""N, 106°40'15.29""E",FIX,
10:23:31.830,1786159411.830,TRACKING,8.580,-2.983,-2.416,0.06,0.450,-0.014,0.000,0.000,0.000,0.833,3.22,10.77566349,106.67091460,10.51,"10°46'32.39""N, 106°40'15.29""E",FIX,
10:23:31.911,1786159411.912,TRACKING,8.560,-3.001,-2.417,0.06,0.450,-0.014,0.000,0.000,0.000,0.917,3.25,10.77566349,106.67091460,10.51,"10°46'32.39""N, 106°40'15.29""E",FIX,
10:23:32.006,1786159412.007,TRACKING,8.540,-3.019,-2.418,0.05,0.450,-0.005,0.000,0.000,0.000,0.979,3.28,10.77566349,106.67091418,10.51,"10°46'32.39""N, 106°40'15.29""E",FIX,
10:23:32.096,1786159412.096,TRACKING,8.520,-3.037,-2.418,0.05,0.450,-0.009,0.000,0.000,0.000,1.000,3.30,10.77566349,106.67091418,10.51,"10°46'32.39""N, 106°40'15.29""E",FIX,
10:23:32.183,1786159412.184,TRACKING,8.493,-3.061,-2.419,0.05,0.450,-0.010,0.000,0.000,0.000,1.000,3.34,10.77566349,106.67091418,10.51,"10°46'32.39""N, 106°40'15.29""E",FIX,
10:23:32.263,1786159412.263,TRACKING,8.472,-3.079,-2.420,0.05,0.450,-0.010,0.000,0.000,0.000,1.000,3.37,10.77566348,106.67091377,10.51,"10°46'32.39""N, 106°40'15.29""E",FIX,
10:23:32.344,1786159412.345,TRACKING,8.445,-3.102,-2.420,0.05,0.450,-0.011,0.000,0.000,0.000,1.000,3.40,10.77566348,106.67091377,10.51,"10°46'32.39""N, 106°40'15.29""E",FIX,
10:23:32.433,1786159412.433,TRACKING,8.425,-3.120,-2.421,0.05,0.450,-0.011,0.000,0.000,0.000,1.000,3.43,10.77566348,106.67091377,10.51,"10°46'32.39""N, 106°40'15.29""E",FIX,
10:23:32.501,1786159412.501,TRACKING,8.405,-3.138,-2.422,0.05,0.450,-0.012,0.000,0.000,0.000,1.000,3.46,10.77566347,106.67091336,10.51,"10°46'32.39""N, 106°40'15.29""E",FIX,
10:23:32.626,1786159412.626,TRACKING,8.378,-3.162,-2.423,0.05,0.450,-0.012,0.000,0.000,0.000,1.000,3.49,10.77566347,106.67091336,10.51,"10°46'32.39""N, 106°40'15.29""E",FIX,
10:23:32.713,1786159412.714,TRACKING,8.357,-3.180,-2.423,0.05,0.450,-0.012,0.000,0.000,0.000,1.000,3.52,10.77566347,106.67091336,10.51,"10°46'32.39""N, 106°40'15.29""E",FIX,
10:23:32.789,1786159412.789,TRACKING,8.337,-3.197,-2.424,0.05,0.450,-0.012,0.000,0.000,0.000,1.000,3.55,10.77566346,106.67091295,10.51,"10°46'32.39""N, 106°40'15.29""E",FIX,
10:23:32.865,1786159412.865,TRACKING,8.317,-3.215,-2.425,0.04,0.450,-0.005,0.000,0.000,0.000,1.000,3.57,10.77566346,106.67091295,10.51,"10°46'32.39""N, 106°40'15.29""E",FIX,
10:23:32.947,1786159412.948,TRACKING,8.290,-3.239,-2.425,0.04,0.450,-0.007,0.000,0.000,0.000,1.000,3.61,10.77566346,106.67091295,10.51,"10°46'32.39""N, 106°40'15.29""E",FIX,
10:23:33.026,1786159413.027,TRACKING,8.269,-3.256,-2.426,0.04,0.450,-0.007,0.000,0.000,0.000,1.000,3.64,10.77566345,106.67091254,10.51,"10°46'32.39""N, 106°40'15.29""E",FIX,
10:23:33.118,1786159413.119,TRACKING,8.242,-3.280,-2.426,0.04,0.450,-0.008,0.000,0.000,0.000,1.000,3.67,10.77566345,106.67091254,10.51,"10°46'32.39""N, 106°40'15.29""E",FIX,
10:23:33.218,1786159413.219,TRACKING,8.222,-3.298,-2.427,0.04,0.450,-0.009,0.000,0.000,0.000,1.000,3.70,10.77566345,106.67091254,10.51,"10°46'32.39""N, 106°40'15.29""E",FIX,
10:23:33.302,1786159413.303,TRACKING,8.201,-3.315,-2.427,0.04,0.450,-0.018,0.000,0.000,0.000,1.000,3.73,10.77566345,106.67091213,10.51,"10°46'32.39""N, 106°40'15.28""E",FIX,
10:23:33.417,1786159413.418,TRACKING,8.174,-3.339,-2.429,0.04,0.450,-0.008,0.000,0.000,0.000,1.000,3.76,10.77566345,106.67091213,10.51,"10°46'32.39""N, 106°40'15.28""E",FIX,
10:23:33.498,1786159413.499,TRACKING,8.160,-3.351,-2.429,0.04,0.450,-0.007,0.000,0.000,0.000,1.000,3.78,10.77566345,106.67091213,10.51,"10°46'32.39""N, 106°40'15.28""E",FIX,
10:23:33.617,1786159413.618,TRACKING,8.133,-3.374,-2.430,0.04,0.450,-0.009,0.000,0.000,0.000,1.000,3.82,10.77566344,106.67091172,10.51,"10°46'32.39""N, 106°40'15.28""E",FIX,
10:23:33.754,1786159413.754,TRACKING,8.113,-3.392,-2.430,0.04,0.450,-0.009,0.000,0.000,0.000,1.000,3.84,10.77566344,106.67091172,10.51,"10°46'32.39""N, 106°40'15.28""E",FIX,
10:23:33.826,1786159413.826,TRACKING,8.092,-3.409,-2.431,0.04,0.450,-0.017,0.000,0.000,0.000,0.854,3.87,10.77566344,106.67091172,10.51,"10°46'32.39""N, 106°40'15.28""E",FIX,
10:23:33.916,1786159413.917,TRACKING,8.065,-3.433,-2.432,0.04,0.450,-0.015,0.000,0.000,0.000,0.500,3.91,10.77566344,106.67091130,10.51,"10°46'32.39""N, 106°40'15.28""E",FIX,
10:23:34.023,1786159414.023,TRACKING,8.044,-3.451,-2.433,0.04,0.450,-0.007,0.000,0.000,0.000,0.583,3.93,10.77566344,106.67091130,10.51,"10°46'32.39""N, 106°40'15.28""E",FIX,
10:23:34.098,1786159414.099,TRACKING,8.024,-3.468,-2.434,0.04,0.450,-0.008,0.000,0.000,0.000,0.646,3.96,10.77566344,106.67091130,10.51,"10°46'32.39""N, 106°40'15.28""E",FIX,
10:23:34.184,1786159414.184,TRACKING,7.997,-3.491,-2.434,0.04,0.450,-0.008,0.000,0.000,0.000,0.708,4.00,10.77566343,106.67091089,10.51,"10°46'32.39""N, 106°40'15.28""E",FIX,
10:23:34.279,1786159414.279,TRACKING,7.976,-3.509,-2.435,0.04,0.450,-0.009,0.000,0.000,0.000,0.771,4.02,10.77566343,106.67091089,10.51,"10°46'32.39""N, 106°40'15.28""E",FIX,
10:23:34.357,1786159414.358,TRACKING,7.956,-3.527,-2.435,0.04,0.450,-0.009,0.000,0.000,0.000,0.854,4.05,10.77566343,106.67091089,10.51,"10°46'32.39""N, 106°40'15.28""E",FIX,
10:23:34.433,1786159414.434,TRACKING,7.935,-3.544,-2.436,0.04,0.450,-0.009,0.000,0.000,0.000,0.917,4.08,10.77566342,106.67091048,10.51,"10°46'32.39""N, 106°40'15.28""E",FIX,
10:23:34.558,1786159414.558,TRACKING,7.908,-3.567,-2.437,0.04,0.450,-0.010,0.000,0.000,0.000,1.000,4.11,10.77566342,106.67091048,10.51,"10°46'32.39""N, 106°40'15.28""E",FIX,
10:23:34.629,1786159414.630,TRACKING,7.887,-3.585,-2.437,0.04,0.450,-0.010,0.000,0.000,0.000,1.000,4.14,10.77566342,106.67091048,10.51,"10°46'32.39""N, 106°40'15.28""E",FIX,
10:23:34.705,1786159414.706,TRACKING,7.866,-3.602,-2.438,0.04,0.450,-0.010,0.000,0.000,0.000,1.000,4.17,10.77566342,106.67091007,10.51,"10°46'32.39""N, 106°40'15.28""E",FIX,
10:23:34.799,1786159414.799,TRACKING,7.839,-3.626,-2.438,0.04,0.450,-0.010,0.000,0.000,0.000,1.000,4.20,10.77566342,106.67091007,10.51,"10°46'32.39""N, 106°40'15.28""E",FIX,
10:23:34.885,1786159414.885,TRACKING,7.818,-3.643,-2.439,0.03,0.450,-0.003,0.000,0.000,0.000,1.000,4.23,10.77566342,106.67091007,10.51,"10°46'32.39""N, 106°40'15.28""E",FIX,
10:23:34.993,1786159414.993,TRACKING,7.798,-3.661,-2.439,0.03,0.450,-0.004,0.000,0.000,0.000,1.000,4.26,10.77566341,106.67090966,10.51,"10°46'32.39""N, 106°40'15.27""E",FIX,
10:23:35.033,1786159415.034,TRACKING,7.777,-3.678,-2.440,0.03,0.450,-0.013,0.000,0.000,0.000,1.000,4.28,10.77566341,106.67090966,10.51,"10°46'32.39""N, 106°40'15.27""E",FIX,
10:23:35.134,1786159415.134,TRACKING,7.750,-3.701,-2.440,0.03,0.450,-0.005,0.000,0.000,0.000,1.000,4.32,10.77566341,106.67090966,10.51,"10°46'32.39""N, 106°40'15.27""E",FIX,
10:23:35.224,1786159415.225,TRACKING,7.729,-3.719,-2.441,0.03,0.450,-0.005,0.000,0.000,0.000,1.000,4.35,10.77566341,106.67090925,10.51,"10°46'32.39""N, 106°40'15.27""E",FIX,
10:23:35.328,1786159415.329,TRACKING,7.702,-3.742,-2.441,0.03,0.450,-0.012,0.000,0.000,0.000,1.000,4.38,10.77566341,106.67090925,10.51,"10°46'32.39""N, 106°40'15.27""E",FIX,
10:23:35.400,1786159415.400,TRACKING,7.681,-3.759,-2.442,0.03,0.450,-0.012,0.000,0.000,0.000,1.000,4.41,10.77566341,106.67090925,10.51,"10°46'32.39""N, 106°40'15.27""E",FIX,
10:23:35.473,1786159415.474,TRACKING,7.660,-3.777,-2.443,0.03,0.450,-0.011,0.000,0.000,0.000,1.000,4.44,10.77566341,106.67090884,10.51,"10°46'32.39""N, 106°40'15.27""E",FIX,
10:23:35.583,1786159415.583,TRACKING,7.640,-3.794,-2.443,0.03,0.450,-0.004,0.000,0.000,0.000,1.000,4.46,10.77566341,106.67090884,10.51,"10°46'32.39""N, 106°40'15.27""E",FIX,
10:23:35.668,1786159415.668,TRACKING,7.612,-3.817,-2.444,0.03,0.450,-0.008,0.000,0.000,0.000,1.000,4.50,10.77566341,106.67090884,10.51,"10°46'32.39""N, 106°40'15.27""E",FIX,
10:23:35.755,1786159415.756,TRACKING,7.591,-3.835,-2.444,0.03,0.450,-0.012,0.000,0.000,0.000,1.000,4.53,10.77566340,106.67090842,10.51,"10°46'32.39""N, 106°40'15.27""E",FIX,
10:23:35.854,1786159415.855,TRACKING,7.571,-3.852,-2.445,0.03,0.450,-0.011,0.000,0.000,0.000,1.000,4.55,10.77566340,106.67090842,10.51,"10°46'32.39""N, 106°40'15.27""E",FIX,
10:23:35.976,1786159415.977,TRACKING,7.543,-3.875,-2.446,0.03,0.450,-0.005,0.000,0.000,0.000,1.000,4.59,10.77566340,106.67090842,10.51,"10°46'32.39""N, 106°40'15.27""E",FIX,
10:23:36.019,1786159416.019,TRACKING,7.522,-3.892,-2.446,0.03,0.450,-0.004,0.000,0.000,0.000,1.000,4.62,10.77566340,106.67090801,10.51,"10°46'32.39""N, 106°40'15.27""E",FIX,
10:23:36.105,1786159416.106,TRACKING,7.501,-3.910,-2.447,0.03,0.450,-0.005,0.000,0.000,0.000,1.000,4.64,10.77566340,106.67090801,10.51,"10°46'32.39""N, 106°40'15.27""E",FIX,
10:23:36.195,1786159416.196,TRACKING,7.481,-3.927,-2.447,0.02,0.450,0.016,0.000,0.000,0.000,1.000,4.67,10.77566340,106.67090801,10.51,"10°46'32.39""N, 106°40'15.27""E",FIX,
10:23:36.284,1786159416.285,TRACKING,7.453,-3.950,-2.446,0.01,0.450,0.008,0.000,0.000,0.000,0.562,4.71,10.77566340,106.67090760,10.51,"10°46'32.39""N, 106°40'15.27""E",FIX,
10:23:36.364,1786159416.365,TRACKING,7.432,-3.967,-2.446,0.01,0.450,0.007,0.000,0.000,0.000,0.625,4.73,10.77566340,106.67090760,10.51,"10°46'32.39""N, 106°40'15.27""E",FIX,
10:23:36.449,1786159416.450,TRACKING,7.412,-3.984,-2.445,0.01,0.450,-0.003,0.000,0.000,0.000,0.687,4.76,10.77566340,106.67090760,10.51,"10°46'32.39""N, 106°40'15.27""E",FIX,
10:23:36.548,1786159416.548,TRACKING,7.384,-4.008,-2.445,0.01,0.450,-0.003,0.000,0.000,0.000,0.750,4.80,10.77566340,106.67090719,10.51,"10°46'32.39""N, 106°40'15.27""E",FIX,
10:23:36.608,1786159416.608,TRACKING,7.363,-4.025,-2.445,0.01,0.450,-0.003,0.000,0.000,0.000,0.833,4.82,10.77566340,106.67090719,10.51,"10°46'32.39""N, 106°40'15.27""E",FIX,
10:23:36.686,1786159416.686,TRACKING,7.343,-4.042,-2.445,0.01,0.450,-0.003,0.000,0.000,0.000,0.917,4.85,10.77566340,106.67090719,10.51,"10°46'32.39""N, 106°40'15.27""E",FIX,
10:23:36.784,1786159416.785,TRACKING,7.315,-4.065,-2.446,0.01,0.450,-0.003,0.000,0.000,0.000,1.000,4.89,10.77566340,106.67090678,10.51,"10°46'32.39""N, 106°40'15.26""E",FIX,
10:23:36.889,1786159416.889,TRACKING,7.294,-4.083,-2.446,0.01,0.450,0.004,0.000,0.000,0.000,1.000,4.91,10.77566340,106.67090678,10.51,"10°46'32.39""N, 106°40'15.26""E",FIX,
10:23:36.966,1786159416.966,TRACKING,7.274,-4.100,-2.446,0.00,0.450,0.003,0.000,0.000,0.000,1.000,4.94,10.77566340,106.67090678,10.51,"10°46'32.39""N, 106°40'15.26""E",FIX,
10:23:37.037,1786159417.038,TRACKING,7.246,-4.123,-2.445,0.01,0.450,-0.005,0.000,0.000,0.000,1.000,4.98,10.77566339,106.67090637,10.51,"10°46'32.39""N, 106°40'15.26""E",FIX,
10:23:37.139,1786159417.140,TRACKING,7.225,-4.140,-2.446,0.01,0.450,-0.004,0.000,0.000,0.000,1.000,5.00,10.77566339,106.67090637,10.51,"10°46'32.39""N, 106°40'15.26""E",FIX,
10:23:37.210,1786159417.210,TRACKING,7.204,-4.158,-2.446,0.00,0.450,0.005,0.000,0.000,0.000,1.000,5.03,10.77566339,106.67090637,10.51,"10°46'32.39""N, 106°40'15.26""E",FIX,
10:23:37.298,1786159417.299,TRACKING,7.184,-4.175,-2.446,0.00,0.450,0.002,0.000,0.000,0.000,1.000,5.06,10.77566339,106.67090637,10.51,"10°46'32.39""N, 106°40'15.26""E",FIX,
10:23:37.375,1786159417.376,TRACKING,7.156,-4.198,-2.446,0.01,0.450,-0.006,0.000,0.000,0.000,1.000,5.09,10.77566339,106.67090596,10.51,"10°46'32.39""N, 106°40'15.26""E",FIX,
10:23:37.461,1786159417.462,TRACKING,7.135,-4.215,-2.446,0.01,0.450,-0.004,0.000,0.000,0.000,1.000,5.12,10.77566339,106.67090596,10.51,"10°46'32.39""N, 106°40'15.26""E",FIX,
10:23:37.552,1786159417.552,TRACKING,7.108,-4.238,-2.446,0.00,0.450,0.003,0.000,0.000,0.000,1.000,5.16,10.77566339,106.67090554,10.51,"10°46'32.39""N, 106°40'15.26""E",FIX,
10:23:37.639,1786159417.639,TRACKING,7.087,-4.256,-2.446,0.00,0.450,0.002,0.000,0.000,0.000,1.000,5.18,10.77566339,106.67090554,10.51,"10°46'32.39""N, 106°40'15.26""E",FIX,
10:23:37.717,1786159417.717,TRACKING,7.066,-4.273,-2.446,0.00,0.450,0.001,0.000,0.000,0.000,1.000,5.21,10.77566339,106.67090554,10.51,"10°46'32.39""N, 106°40'15.26""E",FIX,
10:23:37.793,1786159417.794,TRACKING,7.046,-4.290,-2.446,0.00,0.450,0.001,0.000,0.000,0.000,1.000,5.24,10.77566339,106.67090554,10.51,"10°46'32.39""N, 106°40'15.26""E",FIX,
10:23:37.880,1786159417.881,TRACKING,7.025,-4.308,-2.446,0.00,0.450,0.001,0.000,0.000,0.000,1.000,5.26,10.77566339,106.67090513,10.51,"10°46'32.39""N, 106°40'15.26""E",FIX,
10:23:37.995,1786159417.995,TRACKING,6.997,-4.331,-2.446,0.00,0.450,-0.003,0.000,0.000,0.000,1.000,5.30,10.77566339,106.67090513,10.51,"10°46'32.39""N, 106°40'15.26""E",FIX,
10:23:38.097,1786159418.098,TRACKING,6.976,-4.348,-2.446,0.00,0.450,-0.002,0.000,0.000,0.000,1.000,5.33,10.77566339,106.67090513,10.51,"10°46'32.39""N, 106°40'15.26""E",FIX,
10:23:38.184,1786159418.185,TRACKING,6.949,-4.371,-2.446,0.00,0.450,-0.002,0.000,0.000,0.000,1.000,5.36,10.77566339,106.67090472,10.51,"10°46'32.39""N, 106°40'15.26""E",FIX,
10:23:38.282,1786159418.283,TRACKING,6.928,-4.388,-2.446,0.00,0.450,0.002,0.000,0.000,0.000,1.000,5.39,10.77566339,106.67090472,10.51,"10°46'32.39""N, 106°40'15.26""E",FIX,
10:23:38.364,1786159418.364,TRACKING,6.907,-4.406,-2.446,0.00,0.450,-0.006,0.000,0.000,0.000,1.000,5.42,10.77566339,106.67090472,10.51,"10°46'32.39""N, 106°40'15.26""E",FIX,
10:23:38.452,1786159418.452,TRACKING,6.887,-4.423,-2.446,0.01,0.450,-0.013,0.000,0.000,0.000,1.000,5.44,10.77566339,106.67090431,10.51,"10°46'32.39""N, 106°40'15.26""E",FIX,
10:23:38.524,1786159418.525,TRACKING,6.866,-4.440,-2.447,0.02,0.450,-0.016,0.000,0.000,0.000,1.000,5.47,10.77566339,106.67090431,10.51,"10°46'32.39""N, 106°40'15.26""E",FIX,
10:23:38.603,1786159418.604,TRACKING,6.838,-4.463,-2.448,0.03,0.450,-0.028,0.000,0.000,0.000,0.625,5.51,10.77566339,106.67090431,10.51,"10°46'32.39""N, 106°40'15.26""E",FIX,
10:23:38.698,1786159418.698,TRACKING,6.817,-4.481,-2.450,0.03,0.450,-0.016,0.000,0.000,0.000,0.604,5.53,10.77566338,106.67090390,10.51,"10°46'32.39""N, 106°40'15.25""E",FIX,
10:23:38.804,1786159418.804,TRACKING,6.797,-4.498,-2.451,0.03,0.450,-0.013,0.000,0.000,0.000,0.687,5.56,10.77566338,106.67090390,10.51,"10°46'32.39""N, 106°40'15.25""E",FIX,
10:23:38.936,1786159418.937,TRACKING,6.769,-4.521,-2.452,0.03,0.450,-0.011,0.000,0.000,0.000,0.750,5.60,10.77566338,106.67090390,10.51,"10°46'32.39""N, 106°40'15.25""E",FIX,
10:23:39.078,1786159419.078,TRACKING,6.748,-4.538,-2.453,0.03,0.450,-0.003,0.000,0.000,0.000,0.833,5.62,10.77566338,106.67090349,10.51,"10°46'32.39""N, 106°40'15.25""E",FIX,
10:23:39.153,1786159419.154,TRACKING,6.727,-4.555,-2.453,0.03,0.450,-0.005,0.000,0.000,0.000,0.917,5.65,10.77566338,106.67090349,10.51,"10°46'32.39""N, 106°40'15.25""E",FIX,
10:23:39.234,1786159419.234,TRACKING,6.699,-4.578,-2.453,0.03,0.450,-0.006,0.000,0.000,0.000,0.979,5.69,10.77566338,106.67090349,10.51,"10°46'32.39""N, 106°40'15.25""E",FIX,
10:23:39.306,1786159419.307,TRACKING,6.679,-4.595,-2.454,0.03,0.450,-0.006,0.000,0.000,0.000,1.000,5.71,10.77566338,106.67090308,10.51,"10°46'32.39""N, 106°40'15.25""E",FIX,
10:23:39.392,1786159419.392,TRACKING,6.658,-4.612,-2.454,0.03,0.450,-0.007,0.000,0.000,0.000,1.000,5.74,10.77566338,106.67090308,10.51,"10°46'32.39""N, 106°40'15.25""E",FIX,
10:23:39.479,1786159419.480,TRACKING,6.630,-4.635,-2.455,0.03,0.450,-0.007,0.000,0.000,0.000,1.000,5.78,10.77566338,106.67090308,10.51,"10°46'32.39""N, 106°40'15.25""E",FIX,
10:23:39.592,1786159419.592,TRACKING,6.609,-4.652,-2.455,0.03,0.450,-0.007,0.000,0.000,0.000,1.000,5.80,10.77566338,106.67090266,10.51,"10°46'32.39""N, 106°40'15.25""E",FIX,
10:23:39.693,1786159419.693,TRACKING,6.588,-4.669,-2.455,0.03,0.450,-0.007,0.000,0.000,0.000,1.000,5.83,10.77566338,106.67090266,10.51,"10°46'32.39""N, 106°40'15.25""E",FIX,
10:23:39.816,1786159419.816,TRACKING,6.560,-4.692,-2.456,0.03,0.450,-0.007,0.000,0.000,0.000,1.000,5.87,10.77566338,106.67090266,10.51,"10°46'32.39""N, 106°40'15.25""E",FIX,
10:23:39.860,1786159419.860,TRACKING,6.539,-4.709,-2.456,0.03,0.450,-0.007,0.000,0.000,0.000,1.000,5.89,10.77566338,106.67090225,10.51,"10°46'32.39""N, 106°40'15.25""E",FIX,
10:23:39.936,1786159419.936,TRACKING,6.518,-4.726,-2.457,0.03,0.450,-0.007,0.000,0.000,0.000,1.000,5.92,10.77566338,106.67090225,10.51,"10°46'32.39""N, 106°40'15.25""E",FIX,
10:23:40.013,1786159420.014,TRACKING,6.498,-4.743,-2.457,0.03,0.450,-0.007,0.000,0.000,0.000,1.000,5.95,10.77566338,106.67090225,10.51,"10°46'32.39""N, 106°40'15.25""E",FIX,
10:23:40.121,1786159420.121,TRACKING,6.470,-4.766,-2.458,0.02,0.450,-0.001,0.000,0.000,0.000,1.000,5.98,10.77566337,106.67090184,10.51,"10°46'32.39""N, 106°40'15.25""E",FIX,
10:23:40.187,1786159420.188,TRACKING,6.449,-4.783,-2.458,0.02,0.450,-0.001,0.000,0.000,0.000,1.000,6.01,10.77566337,106.67090184,10.51,"10°46'32.39""N, 106°40'15.25""E",FIX,
10:23:40.298,1786159420.298,TRACKING,6.421,-4.806,-2.458,0.02,0.450,-0.003,0.000,0.000,0.000,1.000,6.05,10.77566337,106.67090184,10.51,"10°46'32.39""N, 106°40'15.25""E",FIX,
10:23:40.383,1786159420.384,TRACKING,6.400,-4.823,-2.458,0.02,0.450,-0.011,0.000,0.000,0.000,1.000,6.07,10.77566337,106.67090143,10.51,"10°46'32.39""N, 106°40'15.25""E",FIX,
10:23:40.490,1786159420.490,TRACKING,6.379,-4.840,-2.459,0.02,0.450,-0.002,0.000,0.000,0.000,1.000,6.10,10.77566337,106.67090143,10.51,"10°46'32.39""N, 106°40'15.25""E",FIX,
10:23:40.586,1786159420.587,TRACKING,6.358,-4.857,-2.459,0.02,0.450,-0.003,0.000,0.000,0.000,1.000,6.13,10.77566337,106.67090143,10.51,"10°46'32.39""N, 106°40'15.25""E",FIX,
10:23:40.677,1786159420.678,TRACKING,6.330,-4.880,-2.459,0.02,0.450,-0.004,0.000,0.000,0.000,1.000,6.16,10.77566337,106.67090102,10.51,"10°46'32.39""N, 106°40'15.24""E",FIX,
10:23:40.780,1786159420.780,TRACKING,6.309,-4.897,-2.460,0.02,0.450,-0.004,0.000,0.000,0.000,1.000,6.19,10.77566337,106.67090102,10.51,"10°46'32.39""N, 106°40'15.24""E",FIX,
10:23:40.879,1786159420.880,TRACKING,6.281,-4.919,-2.460,0.02,0.450,-0.004,0.000,0.000,0.000,1.000,6.23,10.77566337,106.67090102,10.51,"10°46'32.39""N, 106°40'15.24""E",FIX,
10:23:40.962,1786159420.962,TRACKING,6.260,-4.936,-2.460,0.01,0.450,0.012,0.000,0.000,0.000,1.000,6.25,10.77566338,106.67090061,10.51,"10°46'32.39""N, 106°40'15.24""E",FIX,
10:23:41.056,1786159421.056,TRACKING,6.246,-4.948,-2.460,0.01,0.450,0.008,0.000,0.000,0.000,1.000,6.27,10.77566338,106.67090061,10.51,"10°46'32.39""N, 106°40'15.24""E",FIX,
10:23:41.161,1786159421.162,TRACKING,6.211,-4.976,-2.459,0.01,0.450,0.003,0.000,0.000,0.000,0.562,6.32,10.77566338,106.67090061,10.51,"10°46'32.39""N, 106°40'15.24""E",FIX,
10:23:41.241,1786159421.241,TRACKING,6.190,-4.993,-2.459,0.00,0.450,0.003,0.000,0.000,0.000,0.625,6.34,10.77566338,106.67090020,10.51,"10°46'32.39""N, 106°40'15.24""E",FIX,
10:23:41.326,1786159421.327,TRACKING,6.169,-5.010,-2.459,0.00,0.450,0.002,0.000,0.000,0.000,0.687,6.37,10.77566338,106.67090020,10.51,"10°46'32.39""N, 106°40'15.24""E",FIX,
10:23:41.396,1786159421.396,TRACKING,6.148,-5.027,-2.459,0.00,0.450,0.001,0.000,0.000,0.000,0.750,6.40,10.77566338,106.67090020,10.51,"10°46'32.39""N, 106°40'15.24""E",FIX,
10:23:41.472,1786159421.473,TRACKING,6.127,-5.044,-2.458,0.00,0.450,0.001,0.000,0.000,0.000,0.833,6.43,10.77566338,106.67089978,10.51,"10°46'32.39""N, 106°40'15.24""E",FIX,
10:23:41.587,1786159421.588,TRACKING,6.100,-5.067,-2.458,0.00,0.450,0.000,0.000,0.000,0.000,0.917,6.46,10.77566338,106.67089978,10.51,"10°46'32.39""N, 106°40'15.24""E",FIX,
10:23:41.661,1786159421.662,TRACKING,6.086,-5.078,-2.458,0.00,0.450,0.000,0.000,0.000,0.000,1.000,6.48,10.77566338,106.67089978,10.51,"10°46'32.39""N, 106°40'15.24""E",FIX,
10:23:41.750,1786159421.751,TRACKING,6.058,-5.101,-2.458,0.00,0.450,0.000,0.000,0.000,0.000,1.000,6.52,10.77566338,106.67089937,10.51,"10°46'32.39""N, 106°40'15.24""E",FIX,
10:23:41.839,1786159421.840,TRACKING,6.030,-5.124,-2.458,0.00,0.450,0.000,0.000,0.000,0.000,1.000,6.55,10.77566338,106.67089937,10.51,"10°46'32.39""N, 106°40'15.24""E",FIX,
10:23:41.911,1786159421.912,TRACKING,6.009,-5.141,-2.458,0.00,0.450,0.000,0.000,0.000,0.000,1.000,6.58,10.77566338,106.67089937,10.51,"10°46'32.39""N, 106°40'15.24""E",FIX,
10:23:42.002,1786159422.003,TRACKING,5.988,-5.158,-2.458,0.00,0.450,0.000,0.000,0.000,0.000,1.000,6.61,10.77566338,106.67089896,10.51,"10°46'32.39""N, 106°40'15.24""E",FIX,
10:23:42.087,1786159422.088,TRACKING,5.967,-5.175,-2.458,0.00,0.450,0.000,0.000,0.000,0.000,1.000,6.63,10.77566338,106.67089896,10.51,"10°46'32.39""N, 106°40'15.24""E",FIX,
10:23:42.183,1786159422.183,TRACKING,5.946,-5.192,-2.458,0.00,0.450,0.000,0.000,0.000,0.000,1.000,6.66,10.77566338,106.67089896,10.51,"10°46'32.39""N, 106°40'15.24""E",FIX,
10:23:42.280,1786159422.281,TRACKING,5.918,-5.215,-2.458,0.00,0.450,0.000,0.000,0.000,0.000,1.000,6.70,10.77566338,106.67089855,10.51,"10°46'32.39""N, 106°40'15.23""E",FIX,
10:23:42.371,1786159422.371,TRACKING,5.897,-5.232,-2.458,0.00,0.450,0.000,0.000,0.000,0.000,1.000,6.72,10.77566338,106.67089855,10.51,"10°46'32.39""N, 106°40'15.23""E",FIX,
10:23:42.442,1786159422.442,TRACKING,5.876,-5.249,-2.458,0.00,0.450,0.000,0.000,0.000,0.000,1.000,6.75,10.77566338,106.67089855,10.51,"10°46'32.39""N, 106°40'15.23""E",FIX,
10:23:42.534,1786159422.535,TRACKING,5.848,-5.271,-2.458,0.00,0.450,0.000,0.000,0.000,0.000,1.000,6.79,10.77566338,106.67089814,10.51,"10°46'32.39""N, 106°40'15.23""E",FIX,
10:23:42.625,1786159422.625,TRACKING,5.827,-5.288,-2.458,0.00,0.450,0.000,0.000,0.000,0.000,1.000,6.81,10.77566338,106.67089814,10.51,"10°46'32.39""N, 106°40'15.23""E",FIX,
10:23:42.720,1786159422.720,TRACKING,5.806,-5.306,-2.458,0.00,0.450,0.000,0.000,0.000,0.000,1.000,6.84,10.77566338,106.67089814,10.51,"10°46'32.39""N, 106°40'15.23""E",FIX,
10:23:42.813,1786159422.814,TRACKING,5.778,-5.328,-2.458,0.00,0.450,0.000,0.000,0.000,0.000,1.000,6.88,10.77566338,106.67089773,10.51,"10°46'32.39""N, 106°40'15.23""E",FIX,
10:23:42.887,1786159422.888,TRACKING,5.758,-5.345,-2.458,0.00,0.450,0.000,0.000,0.000,0.000,1.000,6.90,10.77566338,106.67089773,10.51,"10°46'32.39""N, 106°40'15.23""E",FIX,
10:23:42.963,1786159422.964,TRACKING,5.737,-5.362,-2.458,-0.00,0.450,0.008,0.000,0.000,0.000,1.000,6.93,10.77566338,106.67089773,10.51,"10°46'32.39""N, 106°40'15.23""E",FIX,
10:23:43.045,1786159423.046,TRACKING,5.716,-5.379,-2.458,-0.00,0.450,-0.002,0.000,0.000,0.000,1.000,6.96,10.77566338,106.67089732,10.51,"10°46'32.39""N, 106°40'15.23""E",FIX,
10:23:43.131,1786159423.132,TRACKING,5.688,-5.402,-2.458,-0.00,0.450,-0.001,0.000,0.000,0.000,1.000,6.99,10.77566338,106.67089732,10.51,"10°46'32.39""N, 106°40'15.23""E",FIX,
10:23:43.233,1786159423.233,TRACKING,5.660,-5.425,-2.458,-0.00,0.450,-0.001,0.000,0.000,0.000,1.000,7.03,10.77566338,106.67089732,10.51,"10°46'32.39""N, 106°40'15.23""E",FIX,
10:23:43.303,1786159423.303,TRACKING,5.646,-5.436,-2.458,-0.00,0.450,0.009,0.000,0.000,0.000,1.000,7.05,10.77566338,106.67089690,10.51,"10°46'32.39""N, 106°40'15.23""E",FIX,
10:23:43.396,1786159423.396,TRACKING,5.618,-5.459,-2.458,-0.00,0.450,0.000,0.000,0.000,0.000,0.250,7.08,10.77566338,106.67089690,10.51,"10°46'32.39""N, 106°40'15.23""E",FIX,
10:23:43.467,1786159423.468,TRACKING,5.597,-5.476,-2.457,-0.00,0.450,-0.000,0.000,0.000,0.000,0.000,7.11,10.77566338,106.67089690,10.51,"10°46'32.39""N, 106°40'15.23""E",FIX,
10:23:43.568,1786159423.569,TRACKING,5.576,-5.493,-2.457,-0.00,0.450,0.000,0.000,0.000,0.000,0.000,7.14,10.77566338,106.67089649,10.51,"10°46'32.39""N, 106°40'15.23""E",FIX,
10:23:43.663,1786159423.664,TRACKING,5.548,-5.516,-2.457,-0.00,0.450,0.000,0.000,0.000,0.000,0.000,7.17,10.77566338,106.67089649,10.51,"10°46'32.39""N, 106°40'15.23""E",FIX,
10:23:43.751,1786159423.752,TRACKING,5.527,-5.533,-2.457,-0.00,0.450,0.000,0.000,0.000,0.000,0.000,7.20,10.77566338,106.67089649,10.51,"10°46'32.39""N, 106°40'15.23""E",FIX,
10:23:43.837,1786159423.838,TRACKING,5.506,-5.550,-2.457,-0.00,0.450,0.000,0.000,0.000,0.000,0.000,7.23,10.77566339,106.67089608,10.51,"10°46'32.39""N, 106°40'15.23""E",FIX,
10:23:43.916,1786159423.916,TRACKING,5.478,-5.573,-2.457,-0.00,0.450,0.000,0.000,0.000,0.000,0.000,7.26,10.77566339,106.67089608,10.51,"10°46'32.39""N, 106°40'15.23""E",FIX,
10:23:44.002,1786159424.003,TRACKING,5.465,-5.584,-2.457,-0.00,0.450,-0.000,0.000,0.000,0.000,0.000,7.28,10.77566339,106.67089608,10.51,"10°46'32.39""N, 106°40'15.23""E",FIX,
10:23:44.111,1786159424.112,TRACKING,5.437,-5.607,-2.457,-0.00,0.450,0.000,0.000,0.000,0.000,0.000,7.32,10.77566339,106.67089567,10.51,"10°46'32.39""N, 106°40'15.22""E",FIX,
10:23:44.205,1786159424.206,TRACKING,5.416,-5.624,-2.457,-0.00,0.450,0.000,0.000,0.000,0.000,0.000,7.34,10.77566339,106.67089567,10.51,"10°46'32.39""N, 106°40'15.22""E",FIX,
10:23:44.306,1786159424.306,TRACKING,5.388,-5.647,-2.457,-0.00,0.450,0.000,0.000,0.000,0.000,0.000,7.38,10.77566339,106.67089567,10.51,"10°46'32.39""N, 106°40'15.22""E",FIX,
10:23:44.389,1786159424.389,TRACKING,5.367,-5.664,-2.457,-0.00,0.450,0.000,0.000,0.000,0.000,0.000,7.41,10.77566339,106.67089526,10.51,"10°46'32.39""N, 106°40'15.22""E",FIX,
10:23:44.479,1786159424.479,TRACKING,5.339,-5.687,-2.457,-0.00,0.450,0.000,0.000,0.000,0.000,0.000,7.44,10.77566339,106.67089526,10.51,"10°46'32.39""N, 106°40'15.22""E",FIX,
10:23:44.568,1786159424.568,TRACKING,5.318,-5.704,-2.457,-0.00,0.450,0.000,0.000,0.000,0.000,0.000,7.47,10.77566339,106.67089526,10.51,"10°46'32.39""N, 106°40'15.22""E",FIX,
10:23:44.658,1786159424.659,TRACKING,5.297,-5.721,-2.457,-0.00,0.450,-0.000,0.000,0.000,0.000,0.000,7.50,10.77566339,106.67089485,10.51,"10°46'32.39""N, 106°40'15.22""E",FIX,
10:23:44.749,1786159424.749,TRACKING,5.269,-5.743,-2.457,-0.00,0.450,0.000,0.000,0.000,0.000,0.000,7.53,10.77566339,106.67089485,10.51,"10°46'32.39""N, 106°40'15.22""E",FIX,
10:23:44.832,1786159424.832,TRACKING,5.248,-5.761,-2.457,-0.00,0.450,0.000,0.000,0.000,0.000,0.000,7.56,10.77566339,106.67089485,10.51,"10°46'32.39""N, 106°40'15.22""E",FIX,
10:23:44.910,1786159424.910,TRACKING,5.227,-5.778,-2.457,-0.00,0.450,0.000,0.000,0.000,0.000,0.000,7.59,10.77566339,106.67089444,10.51,"10°46'32.39""N, 106°40'15.22""E",FIX,
10:23:44.984,1786159424.985,TRACKING,5.207,-5.795,-2.457,-0.00,0.450,-0.000,0.000,0.000,0.000,0.000,7.61,10.77566339,106.67089444,10.51,"10°46'32.39""N, 106°40'15.22""E",FIX,
10:23:45.059,1786159425.059,TRACKING,5.186,-5.812,-2.457,-0.00,0.450,0.000,0.000,0.000,0.000,0.000,7.64,10.77566339,106.67089444,10.51,"10°46'32.39""N, 106°40'15.22""E",FIX,
10:23:45.149,1786159425.149,TRACKING,5.158,-5.834,-2.457,-0.00,0.450,0.000,0.000,0.000,0.000,0.000,7.68,10.77566339,106.67089402,10.51,"10°46'32.39""N, 106°40'15.22""E",FIX,
10:23:45.233,1786159425.233,TRACKING,5.137,-5.852,-2.457,-0.00,0.450,0.000,0.000,0.000,0.000,0.000,7.70,10.77566339,106.67089402,10.51,"10°46'32.39""N, 106°40'15.22""E",FIX,
10:23:45.325,1786159425.326,TRACKING,5.116,-5.869,-2.457,-0.00,0.450,0.000,0.000,0.000,0.000,0.000,7.73,10.77566339,106.67089402,10.51,"10°46'32.39""N, 106°40'15.22""E",FIX,
10:23:45.407,1786159425.408,TRACKING,5.095,-5.886,-2.457,-0.00,0.450,0.000,0.000,0.000,0.000,0.000,7.76,10.77566339,106.67089402,10.51,"10°46'32.39""N, 106°40'15.22""E",FIX,
10:23:45.502,1786159425.502,TRACKING,5.074,-5.903,-2.457,-0.00,0.450,0.000,0.000,0.000,0.000,0.000,7.78,10.77566339,106.67089361,10.51,"10°46'32.39""N, 106°40'15.22""E",FIX,
10:23:45.640,1786159425.641,TRACKING,5.046,-5.925,-2.457,-0.00,0.450,0.000,0.000,0.000,0.000,0.000,7.82,10.77566339,106.67089361,10.51,"10°46'32.39""N, 106°40'15.22""E",FIX,
10:23:45.741,1786159425.741,TRACKING,5.025,-5.943,-2.457,-0.00,0.450,0.000,0.000,0.000,0.000,0.000,7.85,10.77566339,106.67089361,10.51,"10°46'32.39""N, 106°40'15.22""E",FIX,
10:23:45.851,1786159425.852,TRACKING,4.997,-5.965,-2.457,-0.00,0.450,0.000,0.000,0.000,0.000,0.000,7.88,10.77566339,106.67089320,10.51,"10°46'32.39""N, 106°40'15.22""E",FIX,
10:23:45.924,1786159425.924,TRACKING,4.976,-5.982,-2.457,-0.00,0.450,0.000,0.000,0.000,0.000,0.000,7.91,10.77566339,106.67089320,10.51,"10°46'32.39""N, 106°40'15.22""E",FIX,
10:23:46.001,1786159426.002,TRACKING,4.955,-5.999,-2.457,-0.00,0.450,-0.000,0.000,0.000,0.000,0.000,7.94,10.77566339,106.67089320,10.51,"10°46'32.39""N, 106°40'15.22""E",FIX,
10:23:46.097,1786159426.098,TRACKING,4.928,-6.022,-2.457,-0.00,0.450,0.000,0.000,0.000,0.000,0.000,7.97,10.77566339,106.67089279,10.51,"10°46'32.39""N, 106°40'15.21""E",FIX,
10:23:46.184,1786159426.184,TRACKING,4.907,-6.039,-2.457,-0.00,0.450,0.000,0.000,0.000,0.000,0.000,8.00,10.77566339,106.67089279,10.51,"10°46'32.39""N, 106°40'15.21""E",FIX,
10:23:46.269,1786159426.269,TRACKING,4.879,-6.062,-2.457,-0.00,0.450,0.000,0.000,0.000,0.000,0.000,8.04,10.77566339,106.67089238,10.51,"10°46'32.39""N, 106°40'15.21""E",FIX,
10:23:46.360,1786159426.361,TRACKING,4.865,-6.073,-2.457,-0.00,0.450,0.000,0.000,0.000,0.000,0.000,8.05,10.77566339,106.67089238,10.51,"10°46'32.39""N, 106°40'15.21""E",FIX,
10:23:46.438,1786159426.439,TRACKING,4.844,-6.090,-2.457,-0.00,0.450,0.000,0.000,0.000,0.000,0.000,8.08,10.77566339,106.67089238,10.51,"10°46'32.39""N, 106°40'15.21""E",FIX,
10:23:46.557,1786159426.557,TRACKING,4.816,-6.113,-2.457,-0.00,0.450,0.000,0.000,0.000,0.000,0.000,8.12,10.77566339,106.67089238,10.51,"10°46'32.39""N, 106°40'15.21""E",FIX,
10:23:46.648,1786159426.648,TRACKING,4.788,-6.136,-2.457,-0.00,0.450,0.000,0.000,0.000,0.000,0.000,8.15,10.77566339,106.67089197,10.51,"10°46'32.39""N, 106°40'15.21""E",FIX,
10:23:46.746,1786159426.747,TRACKING,4.767,-6.153,-2.457,-0.00,0.450,0.000,0.000,0.000,0.000,0.000,8.18,10.77566339,106.67089197,10.51,"10°46'32.39""N, 106°40'15.21""E",FIX,
10:23:46.815,1786159426.816,TRACKING,4.746,-6.170,-2.457,-0.00,0.450,-0.000,0.000,0.000,0.000,0.000,8.21,10.77566339,106.67089197,10.51,"10°46'32.39""N, 106°40'15.21""E",FIX,
10:23:46.906,1786159426.907,TRACKING,4.718,-6.193,-2.457,-0.00,0.450,0.000,0.000,0.000,0.000,0.000,8.24,10.77566339,106.67089156,10.51,"10°46'32.39""N, 106°40'15.21""E",FIX,
10:23:47.018,1786159427.018,TRACKING,4.697,-6.210,-2.457,-0.00,0.450,0.000,0.000,0.000,0.000,0.000,8.27,10.77566339,106.67089156,10.51,"10°46'32.39""N, 106°40'15.21""E",FIX,
10:23:47.065,1786159427.066,TRACKING,4.683,-6.221,-2.457,-0.00,0.450,-0.000,0.000,0.000,0.000,0.000,8.29,10.77566339,106.67089156,10.51,"10°46'32.39""N, 106°40'15.21""E",FIX,
10:23:47.155,1786159427.156,TRACKING,4.656,-6.244,-2.457,-0.00,0.450,0.000,0.000,0.000,0.000,0.000,8.32,10.77566339,106.67089114,10.51,"10°46'32.39""N, 106°40'15.21""E",FIX,
10:23:47.279,1786159427.279,TRACKING,4.628,-6.267,-2.457,-0.00,0.450,0.000,0.000,0.000,0.000,0.000,8.36,10.77566339,106.67089114,10.51,"10°46'32.39""N, 106°40'15.21""E",FIX,
10:23:47.339,1786159427.339,TRACKING,4.607,-6.284,-2.457,-0.00,0.450,0.000,0.000,0.000,0.000,0.000,8.39,10.77566339,106.67089114,10.51,"10°46'32.39""N, 106°40'15.21""E",FIX,
10:23:47.427,1786159427.427,TRACKING,4.586,-6.301,-2.457,-0.00,0.450,0.000,0.000,0.000,0.000,0.000,8.41,10.77566339,106.67089073,10.51,"10°46'32.39""N, 106°40'15.21""E",FIX,
10:23:47.524,1786159427.525,TRACKING,4.565,-6.318,-2.457,-0.00,0.450,0.000,0.000,0.000,0.000,0.000,8.44,10.77566339,106.67089073,10.51,"10°46'32.39""N, 106°40'15.21""E",FIX,
10:23:47.617,1786159427.617,TRACKING,4.537,-6.341,-2.457,-0.00,0.450,0.000,0.000,0.000,0.000,0.000,8.48,10.77566339,106.67089073,10.51,"10°46'32.39""N, 106°40'15.21""E",FIX,
10:23:47.701,1786159427.702,TRACKING,4.516,-6.358,-2.457,-0.00,0.450,0.000,0.000,0.000,0.000,0.000,8.50,10.77566339,106.67089032,10.51,"10°46'32.39""N, 106°40'15.21""E",FIX,
10:23:47.813,1786159427.813,TRACKING,4.495,-6.375,-2.457,-0.00,0.450,0.000,0.000,0.000,0.000,0.000,8.53,10.77566339,106.67089032,10.51,"10°46'32.39""N, 106°40'15.21""E",FIX,
10:23:47.917,1786159427.917,TRACKING,4.467,-6.398,-2.457,-0.00,0.450,0.000,0.000,0.000,0.000,0.000,8.57,10.77566339,106.67089032,10.51,"10°46'32.39""N, 106°40'15.21""E",FIX,
10:23:47.987,1786159427.987,TRACKING,4.446,-6.415,-2.457,-0.00,0.450,0.000,0.000,0.000,0.000,0.000,8.59,10.77566339,106.67088991,10.51,"10°46'32.39""N, 106°40'15.20""E",FIX,
10:23:48.081,1786159428.081,TRACKING,4.425,-6.432,-2.457,-0.00,0.450,0.000,0.000,0.000,0.000,0.000,8.62,10.77566339,106.67088991,10.51,"10°46'32.39""N, 106°40'15.20""E",FIX,
10:23:48.155,1786159428.156,TRACKING,4.405,-6.449,-2.457,-0.00,0.450,0.000,0.000,0.000,0.000,0.000,8.65,10.77566339,106.67088991,10.51,"10°46'32.39""N, 106°40'15.20""E",FIX,
10:23:48.261,1786159428.261,TRACKING,4.377,-6.472,-2.457,-0.00,0.450,0.000,0.000,0.000,0.000,0.000,8.68,10.77566339,106.67088950,10.51,"10°46'32.39""N, 106°40'15.20""E",FIX,
10:23:48.326,1786159428.326,TRACKING,4.356,-6.489,-2.457,-0.00,0.450,0.000,0.000,0.000,0.000,0.000,8.71,10.77566339,106.67088950,10.51,"10°46'32.39""N, 106°40'15.20""E",FIX,
10:23:48.419,1786159428.420,TRACKING,4.328,-6.511,-2.457,-0.00,0.450,0.000,0.000,0.000,0.000,0.000,8.75,10.77566339,106.67088950,10.51,"10°46'32.39""N, 106°40'15.20""E",FIX,
10:23:48.495,1786159428.496,TRACKING,4.307,-6.529,-2.457,-0.00,0.450,0.000,0.000,0.000,0.000,0.000,8.77,10.77566339,106.67088909,10.51,"10°46'32.39""N, 106°40'15.20""E",FIX,
10:23:48.581,1786159428.582,TRACKING,4.286,-6.546,-2.457,-0.00,0.450,0.000,0.000,0.000,0.000,0.000,8.80,10.77566339,106.67088909,10.51,"10°46'32.39""N, 106°40'15.20""E",FIX,
10:23:48.664,1786159428.664,TRACKING,4.265,-6.563,-2.457,-0.00,0.450,0.000,0.000,0.000,0.000,0.000,8.83,10.77566339,106.67088909,10.51,"10°46'32.39""N, 106°40'15.20""E",FIX,
10:23:48.750,1786159428.751,TRACKING,4.237,-6.585,-2.457,-0.00,0.450,0.000,0.000,0.000,0.000,0.000,8.86,10.77566340,106.67088868,10.51,"10°46'32.39""N, 106°40'15.20""E",FIX,
10:23:48.837,1786159428.838,TRACKING,4.216,-6.603,-2.457,-0.00,0.450,0.000,0.000,0.000,0.000,0.000,8.89,10.77566340,106.67088868,10.51,"10°46'32.39""N, 106°40'15.20""E",FIX,
10:23:48.904,1786159428.905,TRACKING,4.195,-6.620,-2.457,-0.00,0.450,-0.000,0.000,0.000,0.000,0.000,8.92,10.77566340,106.67088868,10.51,"10°46'32.39""N, 106°40'15.20""E",FIX,
10:23:49.012,1786159429.013,TRACKING,4.167,-6.642,-2.457,-0.00,0.450,0.000,0.000,0.000,0.000,0.000,8.95,10.77566340,106.67088826,10.51,"10°46'32.39""N, 106°40'15.20""E",FIX,
10:23:49.091,1786159429.091,TRACKING,4.147,-6.659,-2.457,-0.00,0.450,0.000,0.000,0.000,0.000,0.000,8.98,10.77566340,106.67088826,10.51,"10°46'32.39""N, 106°40'15.20""E",FIX,
10:23:49.188,1786159429.189,TRACKING,4.126,-6.676,-2.457,-0.00,0.450,0.000,0.000,0.000,0.000,0.000,9.01,10.77566340,106.67088826,10.51,"10°46'32.39""N, 106°40'15.20""E",FIX,
10:23:49.288,1786159429.288,TRACKING,4.098,-6.699,-2.457,-0.00,0.450,0.000,0.000,0.000,0.000,0.000,9.04,10.77566340,106.67088785,10.51,"10°46'32.39""N, 106°40'15.20""E",FIX,
10:23:49.378,1786159429.378,TRACKING,4.077,-6.716,-2.457,-0.00,0.450,0.000,0.000,0.000,0.000,0.000,9.07,10.77566340,106.67088785,10.51,"10°46'32.39""N, 106°40'15.20""E",FIX,
10:23:49.468,1786159429.469,TRACKING,4.049,-6.739,-2.457,-0.00,0.450,0.000,0.000,0.000,0.000,0.000,9.11,10.77566340,106.67088785,10.51,"10°46'32.39""N, 106°40'15.20""E",FIX,
10:23:49.565,1786159429.566,TRACKING,4.035,-6.750,-2.457,-0.00,0.450,0.000,0.000,0.000,0.000,0.000,9.13,10.77566340,106.67088744,10.51,"10°46'32.39""N, 106°40'15.19""E",FIX,
10:23:49.652,1786159429.653,TRACKING,4.007,-6.773,-2.457,-0.00,0.450,0.000,0.000,0.000,0.000,0.000,9.16,10.77566340,106.67088744,10.51,"10°46'32.39""N, 106°40'15.19""E",FIX,
10:23:49.771,1786159429.771,TRACKING,3.986,-6.790,-2.457,-0.00,0.450,0.000,0.000,0.000,0.000,0.000,9.19,10.77566340,106.67088744,10.51,"10°46'32.39""N, 106°40'15.19""E",FIX,
10:23:49.857,1786159429.858,TRACKING,3.958,-6.813,-2.457,-0.00,0.450,0.000,0.000,0.000,0.000,0.000,9.22,10.77566340,106.67088703,10.51,"10°46'32.39""N, 106°40'15.19""E",FIX,
10:23:49.932,1786159429.933,TRACKING,3.937,-6.830,-2.457,-0.00,0.450,0.000,0.000,0.000,0.000,0.000,9.25,10.77566340,106.67088703,10.51,"10°46'32.39""N, 106°40'15.19""E",FIX,
10:23:50.015,1786159430.015,TRACKING,3.916,-6.847,-2.457,-0.00,0.450,0.000,0.000,0.000,0.000,0.000,9.28,10.77566340,106.67088703,10.51,"10°46'32.39""N, 106°40'15.19""E",FIX,
10:23:50.085,1786159430.086,TRACKING,3.895,-6.864,-2.457,-0.00,0.450,0.000,0.000,0.000,0.000,0.000,9.31,10.77566340,106.67088662,10.51,"10°46'32.39""N, 106°40'15.19""E",FIX,
10:23:50.155,1786159430.156,TRACKING,3.868,-6.887,-2.457,-0.00,0.450,0.000,0.000,0.000,0.000,0.000,9.34,10.77566340,106.67088662,10.51,"10°46'32.39""N, 106°40'15.19""E",FIX,
10:23:50.225,1786159430.225,TRACKING,3.847,-6.904,-2.457,-0.00,0.450,0.000,0.000,0.000,0.000,0.000,9.37,10.77566340,106.67088662,10.51,"10°46'32.39""N, 106°40'15.19""E",FIX,
10:23:50.301,1786159430.302,TRACKING,3.819,-6.927,-2.457,-0.00,0.450,0.000,0.000,0.000,0.000,0.000,9.40,10.77566340,106.67088621,10.51,"10°46'32.39""N, 106°40'15.19""E",FIX,
10:23:50.361,1786159430.361,TRACKING,3.805,-6.938,-2.457,-0.00,0.450,-0.000,0.000,0.000,0.000,0.000,9.42,10.77566340,106.67088621,10.51,"10°46'32.39""N, 106°40'15.19""E",FIX,
10:23:50.441,1786159430.442,TRACKING,3.777,-6.961,-2.457,-0.00,0.450,0.000,0.000,0.000,0.000,0.000,9.46,10.77566340,106.67088621,10.51,"10°46'32.39""N, 106°40'15.19""E",FIX,
10:23:50.542,1786159430.542,TRACKING,3.756,-6.978,-2.457,-0.00,0.450,0.000,0.000,0.000,0.000,0.000,9.49,10.77566340,106.67088579,10.51,"10°46'32.39""N, 106°40'15.19""E",FIX,
10:23:50.631,1786159430.632,TRACKING,3.728,-7.001,-2.457,-0.00,0.450,0.000,0.000,0.000,0.000,0.000,9.52,10.77566340,106.67088579,10.51,"10°46'32.39""N, 106°40'15.19""E",FIX,
10:23:50.704,1786159430.705,TRACKING,3.714,-7.012,-2.457,-0.00,0.450,-0.000,0.000,0.000,0.000,0.000,9.54,10.77566340,106.67088579,10.51,"10°46'32.39""N, 106°40'15.19""E",FIX,
10:23:50.783,1786159430.783,TRACKING,3.686,-7.035,-2.457,-0.00,0.450,0.000,0.000,0.000,0.000,0.000,9.58,10.77566340,106.67088538,10.51,"10°46'32.39""N, 106°40'15.19""E",FIX,
10:23:50.854,1786159430.854,TRACKING,3.665,-7.052,-2.457,-0.00,0.450,0.000,0.000,0.000,0.000,0.000,9.60,10.77566340,106.67088538,10.51,"10°46'32.39""N, 106°40'15.19""E",FIX,
10:23:50.947,1786159430.947,TRACKING,3.637,-7.075,-2.457,-0.00,0.450,0.000,0.000,0.000,0.000,0.000,9.64,10.77566340,106.67088538,10.51,"10°46'32.39""N, 106°40'15.19""E",FIX,
10:23:51.015,1786159431.016,TRACKING,3.617,-7.092,-2.457,-0.00,0.450,-0.000,0.000,0.000,0.000,0.000,9.67,10.77566340,106.67088497,10.51,"10°46'32.39""N, 106°40'15.19""E",FIX,
10:23:51.091,1786159431.092,TRACKING,3.596,-7.109,-2.457,-0.00,0.450,0.000,0.000,0.000,0.000,0.000,9.69,10.77566340,106.67088497,10.51,"10°46'32.39""N, 106°40'15.19""E",FIX,
10:23:51.173,1786159431.174,TRACKING,3.575,-7.126,-2.457,-0.00,0.450,0.000,0.000,0.000,0.000,0.000,9.72,10.77566340,106.67088497,10.51,"10°46'32.39""N, 106°40'15.19""E",FIX,
10:23:51.244,1786159431.245,TRACKING,3.547,-7.149,-2.457,-0.00,0.450,0.000,0.000,0.000,0.000,0.000,9.76,10.77566340,106.67088456,10.51,"10°46'32.39""N, 106°40'15.18""E",FIX,
10:23:51.319,1786159431.319,TRACKING,3.526,-7.166,-2.457,-0.00,0.450,0.000,0.000,0.000,0.000,0.000,9.78,10.77566340,106.67088456,10.51,"10°46'32.39""N, 106°40'15.18""E",FIX,
10:23:51.394,1786159431.395,TRACKING,3.498,-7.188,-2.457,-0.00,0.450,0.000,0.000,0.000,0.000,0.000,9.82,10.77566340,106.67088456,10.51,"10°46'32.39""N, 106°40'15.18""E",FIX,
10:23:51.477,1786159431.477,TRACKING,3.477,-7.206,-2.457,-0.00,0.450,0.000,0.000,0.000,0.000,0.000,9.85,10.77566340,106.67088415,10.51,"10°46'32.39""N, 106°40'15.18""E",FIX,
10:23:51.550,1786159431.551,TRACKING,3.456,-7.223,-2.457,-0.00,0.450,0.000,0.000,0.000,0.000,0.000,9.87,10.77566340,106.67088415,10.51,"10°46'32.39""N, 106°40'15.18""E",FIX,
10:23:51.627,1786159431.628,TRACKING,3.435,-7.240,-2.457,-0.00,0.450,0.000,0.000,0.000,0.000,0.000,9.90,10.77566340,106.67088415,10.51,"10°46'32.39""N, 106°40'15.18""E",FIX,
10:23:51.699,1786159431.700,TRACKING,3.407,-7.262,-2.457,-0.00,0.450,0.000,0.000,0.000,0.000,0.000,9.94,10.77566340,106.67088374,10.51,"10°46'32.39""N, 106°40'15.18""E",FIX,
10:23:51.775,1786159431.775,TRACKING,3.386,-7.280,-2.457,-0.00,0.450,0.000,0.000,0.000,0.000,0.000,9.96,10.77566340,106.67088374,10.51,"10°46'32.39""N, 106°40'15.18""E",FIX,
10:23:51.841,1786159431.842,TRACKING,3.365,-7.297,-2.457,-0.00,0.450,0.000,0.000,0.000,0.000,0.000,9.99,10.77566340,106.67088374,10.51,"10°46'32.39""N, 106°40'15.18""E",FIX,
10:23:51.910,1786159431.910,TRACKING,3.345,-7.314,-2.457,-0.00,0.450,0.000,0.000,0.000,0.000,0.000,10.02,10.77566340,106.67088333,10.51,"10°46'32.39""N, 106°40'15.18""E",FIX,
10:23:51.989,1786159431.989,TRACKING,3.317,-7.336,-2.457,-0.00,0.450,0.000,0.000,0.000,0.000,0.000,10.05,10.77566340,106.67088333,10.51,"10°46'32.39""N, 106°40'15.18""E",FIX,
10:23:52.059,1786159432.060,TRACKING,3.296,-7.353,-2.457,-0.00,0.450,0.000,0.000,0.000,0.000,0.000,10.08,10.77566340,106.67088333,10.51,"10°46'32.39""N, 106°40'15.18""E",FIX,
10:23:52.126,1786159432.127,TRACKING,3.275,-7.371,-2.457,-0.00,0.450,-0.000,0.000,0.000,0.000,0.000,10.11,10.77566340,106.67088291,10.51,"10°46'32.39""N, 106°40'15.18""E",FIX,
10:23:52.216,1786159432.216,TRACKING,3.247,-7.393,-2.457,-0.00,0.450,0.000,0.000,0.000,0.000,0.000,10.14,10.77566340,106.67088291,10.51,"10°46'32.39""N, 106°40'15.18""E",FIX,
10:23:52.285,1786159432.285,TRACKING,3.226,-7.410,-2.457,-0.00,0.450,0.000,0.000,0.000,0.000,0.000,10.17,10.77566340,106.67088291,10.51,"10°46'32.39""N, 106°40'15.18""E",FIX,
10:23:52.354,1786159432.355,TRACKING,3.205,-7.427,-2.457,-0.00,0.450,0.000,0.000,0.000,0.000,0.000,10.20,10.77566340,106.67088250,10.51,"10°46'32.39""N, 106°40'15.18""E",FIX,
10:23:52.450,1786159432.451,TRACKING,3.177,-7.450,-2.457,-0.00,0.450,0.000,0.000,0.000,0.000,0.000,10.23,10.77566340,106.67088250,10.51,"10°46'32.39""N, 106°40'15.18""E",FIX,
10:23:52.524,1786159432.524,TRACKING,3.156,-7.467,-2.457,-0.00,0.450,0.000,0.000,0.000,0.000,0.000,10.26,10.77566340,106.67088250,10.51,"10°46'32.39""N, 106°40'15.18""E",FIX,
10:23:52.596,1786159432.596,TRACKING,3.135,-7.484,-2.457,-0.00,0.450,-0.000,0.000,0.000,0.000,0.000,10.29,10.77566340,106.67088209,10.51,"10°46'32.39""N, 106°40'15.18""E",FIX,
10:23:52.690,1786159432.691,TRACKING,3.114,-7.501,-2.457,-0.00,0.450,0.000,0.000,0.000,0.000,0.000,10.31,10.77566340,106.67088209,10.51,"10°46'32.39""N, 106°40'15.18""E",FIX,
10:23:52.761,1786159432.762,TRACKING,3.086,-7.524,-2.457,-0.00,0.450,0.000,0.000,0.000,0.000,0.000,10.35,10.77566340,106.67088209,10.51,"10°46'32.39""N, 106°40'15.18""E",FIX,
10:23:52.842,1786159432.842,TRACKING,3.066,-7.541,-2.457,-0.00,0.450,0.000,0.000,0.000,0.000,0.000,10.38,10.77566340,106.67088168,10.51,"10°46'32.39""N, 106°40'15.17""E",FIX,
10:23:52.913,1786159432.914,TRACKING,3.038,-7.564,-2.457,-0.00,0.450,0.000,0.000,0.000,0.000,0.000,10.41,10.77566340,106.67088168,10.51,"10°46'32.39""N, 106°40'15.17""E",FIX,
10:23:52.976,1786159432.976,TRACKING,3.024,-7.575,-2.457,-0.00,0.450,-0.000,0.000,0.000,0.000,0.000,10.43,10.77566340,106.67088168,10.51,"10°46'32.39""N, 106°40'15.17""E",FIX,
10:23:53.061,1786159433.061,TRACKING,2.996,-7.598,-2.457,-0.00,0.450,0.000,0.000,0.000,0.000,0.000,10.47,10.77566340,106.67088127,10.51,"10°46'32.39""N, 106°40'15.17""E",FIX,
10:23:53.122,1786159433.123,TRACKING,2.975,-7.615,-2.457,-0.00,0.450,-0.000,0.000,0.000,0.000,0.000,10.49,10.77566340,106.67088127,10.51,"10°46'32.39""N, 106°40'15.17""E",FIX,
10:23:53.201,1786159433.201,TRACKING,2.947,-7.638,-2.457,-0.00,0.450,0.000,0.000,0.000,0.000,0.000,10.53,10.77566340,106.67088127,10.51,"10°46'32.39""N, 106°40'15.17""E",FIX,
10:23:53.266,1786159433.267,TRACKING,2.933,-7.649,-2.457,-0.00,0.450,-0.000,0.000,0.000,0.000,0.000,10.55,10.77566340,106.67088127,10.51,"10°46'32.39""N, 106°40'15.17""E",FIX,
10:23:53.346,1786159433.346,TRACKING,2.905,-7.672,-2.457,-0.00,0.450,0.000,0.000,0.000,0.000,0.000,10.58,10.77566341,106.67088086,10.51,"10°46'32.39""N, 106°40'15.17""E",FIX,
10:23:53.411,1786159433.411,TRACKING,2.884,-7.689,-2.457,-0.00,0.450,0.000,0.000,0.000,0.000,0.000,10.61,10.77566341,106.67088086,10.51,"10°46'32.39""N, 106°40'15.17""E",FIX,
10:23:53.481,1786159433.481,TRACKING,2.863,-7.706,-2.457,-0.00,0.450,0.000,0.000,0.000,0.000,0.000,10.64,10.77566341,106.67088086,10.51,"10°46'32.39""N, 106°40'15.17""E",FIX,
10:23:53.551,1786159433.552,TRACKING,2.835,-7.729,-2.457,-0.00,0.450,0.000,0.000,0.000,0.000,0.000,10.67,10.77566341,106.67088045,10.51,"10°46'32.39""N, 106°40'15.17""E",FIX,
10:23:53.627,1786159433.628,TRACKING,2.815,-7.746,-2.457,-0.00,0.450,0.000,0.000,0.000,0.000,0.000,10.70,10.77566341,106.67088045,10.51,"10°46'32.39""N, 106°40'15.17""E",FIX,
10:23:53.704,1786159433.704,TRACKING,2.787,-7.769,-2.457,-0.00,0.450,0.000,0.000,0.000,0.000,0.000,10.74,10.77566341,106.67088003,10.51,"10°46'32.39""N, 106°40'15.17""E",FIX,
10:23:53.768,1786159433.769,TRACKING,2.773,-7.780,-2.457,-0.00,0.450,-0.000,0.000,0.000,0.000,0.000,10.75,10.77566341,106.67088003,10.51,"10°46'32.39""N, 106°40'15.17""E",FIX,
