Time,Unix_Timestamp,FSM_State,Pos_X_m,Pos_Y_m,Yaw_rad,Steer_Angle_deg,Linear_Vel_mps,Angular_Vel_radps,IMU_Yaw_rad,IMU_Angular_Vel_z,IMU_Accel_x,Confidence,Dist_Traveled_m,GPS_Latitude,GPS_Longitude,GPS_Altitude_m,GPS_DMS,GPS_Status,Event
13:25:52.247,1786256752.248,TRACKING,-0.000,0.000,-0.000,0.00,0.450,-0.000,0.000,0.000,0.000,0.000,0.00,10.77566700,106.67088900,10.00,"10°46'32.40""N, 106°40'15.20""E",ODOM_ESTIMATED,
13:25:52.273,1786256752.274,TRACKING,0.002,-0.000,-0.000,0.00,0.450,-0.000,0.000,0.000,0.000,0.000,0.00,10.77567062,106.67087529,10.51,"10°46'32.41""N, 106°40'15.15""E",FIX,
13:25:52.387,1786256752.387,TRACKING,0.029,-0.000,-0.000,0.00,0.450,-0.000,0.000,0.000,0.000,0.000,0.03,10.77567062,106.67087529,10.51,"10°46'32.41""N, 106°40'15.15""E",FIX,
13:25:52.496,1786256752.496,TRACKING,0.065,-0.000,-0.000,0.00,0.450,-0.000,0.000,0.000,0.000,0.000,0.07,10.77567062,106.67087529,10.51,"10°46'32.41""N, 106°40'15.15""E",FIX,
13:25:52.605,1786256752.605,TRACKING,0.092,-0.000,0.000,0.00,0.450,-0.000,0.000,0.000,0.000,0.000,0.09,10.77567062,106.67087564,10.51,"10°46'32.41""N, 106°40'15.15""E",FIX,
13:25:52.700,1786256752.700,TRACKING,0.119,-0.000,0.000,0.00,0.450,-0.000,0.000,0.000,0.000,0.000,0.12,10.77567062,106.67087564,10.51,"10°46'32.41""N, 106°40'15.15""E",FIX,
13:25:52.770,1786256752.771,TRACKING,0.146,-0.000,0.000,0.00,0.450,-0.000,0.000,0.000,0.000,0.000,0.15,10.77567062,106.67087564,10.51,"10°46'32.41""N, 106°40'15.15""E",FIX,
13:25:52.870,1786256752.870,TRACKING,0.173,-0.000,0.000,0.00,0.450,-0.000,0.000,0.000,0.000,0.000,0.17,10.77567062,106.67087605,10.51,"10°46'32.41""N, 106°40'15.15""E",FIX,
13:25:52.964,1786256752.964,TRACKING,0.218,-0.000,-0.000,0.00,0.450,-0.000,0.000,0.000,0.000,0.000,0.22,10.77567062,106.67087605,10.51,"10°46'32.41""N, 106°40'15.15""E",FIX,
13:25:53.070,1786256753.071,TRACKING,0.245,-0.000,-0.000,0.00,0.450,-0.000,0.000,0.000,0.000,0.000,0.25,10.77567062,106.67087605,10.51,"10°46'32.41""N, 106°40'15.15""E",FIX,
13:25:53.162,1786256753.162,TRACKING,0.272,-0.000,-0.000,0.00,0.450,-0.000,0.000,0.000,0.000,0.000,0.27,10.77567062,106.67087646,10.51,"10°46'32.41""N, 106°40'15.16""E",FIX,
13:25:53.255,1786256753.255,TRACKING,0.299,-0.000,-0.000,0.00,0.450,-0.000,0.000,0.000,0.000,0.062,0.30,10.77567062,106.67087646,10.51,"10°46'32.41""N, 106°40'15.16""E",FIX,
13:25:53.344,1786256753.345,TRACKING,0.326,-0.000,-0.000,0.00,0.450,-0.000,0.000,0.000,0.000,0.104,0.33,10.77567062,106.67087646,10.51,"10°46'32.41""N, 106°40'15.16""E",FIX,
13:25:53.418,1786256753.418,TRACKING,0.353,-0.000,-0.000,0.00,0.450,-0.000,0.000,0.000,0.000,0.167,0.35,10.77567062,106.67087687,10.51,"10°46'32.41""N, 106°40'15.16""E",FIX,
13:25:53.533,1786256753.534,TRACKING,0.389,-0.000,-0.000,0.00,0.450,-0.000,0.000,0.000,0.000,0.229,0.39,10.77567062,106.67087687,10.51,"10°46'32.41""N, 106°40'15.16""E",FIX,
13:25:53.636,1786256753.637,TRACKING,0.416,-0.000,-0.000,0.00,0.450,-0.000,0.000,0.000,0.000,0.271,0.42,10.77567062,106.67087687,10.51,"10°46'32.41""N, 106°40'15.16""E",FIX,
13:25:53.702,1786256753.702,TRACKING,0.443,-0.000,-0.000,0.00,0.450,-0.000,0.000,0.000,0.000,0.333,0.44,10.77567062,106.67087728,10.51,"10°46'32.41""N, 106°40'15.16""E",FIX,
13:25:53.809,1786256753.810,TRACKING,0.488,-0.000,-0.000,0.00,0.450,-0.000,0.000,0.000,0.000,0.417,0.49,10.77567062,106.67087728,10.51,"10°46'32.41""N, 106°40'15.16""E",FIX,
13:25:53.864,1786256753.864,TRACKING,0.497,-0.000,-0.000,0.00,0.450,-0.000,0.000,0.000,0.000,0.458,0.50,10.77567062,106.67087728,10.51,"10°46'32.41""N, 106°40'15.16""E",FIX,
13:25:53.983,1786256753.984,TRACKING,0.533,-0.000,-0.000,0.00,0.450,-0.000,0.000,0.000,0.000,0.521,0.53,10.77567062,106.67087769,10.51,"10°46'32.41""N, 106°40'15.16""E",FIX,
13:25:54.085,1786256754.086,TRACKING,0.560,-0.000,-0.000,0.00,0.450,-0.000,0.000,0.000,0.000,0.583,0.56,10.77567062,106.67087769,10.51,"10°46'32.41""N, 106°40'15.16""E",FIX,
13:25:54.199,1786256754.200,TRACKING,0.605,-0.000,-0.000,0.00,0.450,-0.000,0.000,0.000,0.000,0.667,0.61,10.77567062,106.67087769,10.51,"10°46'32.41""N, 106°40'15.16""E",FIX,
13:25:54.277,1786256754.277,TRACKING,0.623,-0.000,-0.000,0.00,0.450,-0.000,0.000,0.000,0.000,0.729,0.62,10.77567062,106.67087810,10.51,"10°46'32.41""N, 106°40'15.16""E",FIX,
13:25:54.381,1786256754.382,TRACKING,0.659,-0.000,-0.000,0.00,0.450,-0.000,0.000,0.000,0.000,0.812,0.66,10.77567062,106.67087810,10.51,"10°46'32.41""N, 106°40'15.16""E",FIX,
13:25:54.455,1786256754.456,TRACKING,0.686,-0.000,-0.000,0.00,0.450,-0.000,0.000,0.000,0.000,0.875,0.69,10.77567062,106.67087810,10.51,"10°46'32.41""N, 106°40'15.16""E",FIX,
13:25:54.558,1786256754.559,TRACKING,0.713,-0.000,-0.000,0.00,0.450,-0.000,0.000,0.000,0.000,0.958,0.71,10.77567062,106.67087852,10.51,"10°46'32.41""N, 106°40'15.16""E",FIX,
13:25:54.647,1786256754.648,TRACKING,0.749,-0.000,-0.000,0.00,0.450,-0.000,0.000,0.000,0.000,1.000,0.75,10.77567062,106.67087852,10.51,"10°46'32.41""N, 106°40'15.16""E",FIX,
13:25:54.730,1786256754.730,TRACKING,0.776,-0.000,-0.000,0.00,0.450,-0.000,0.000,0.000,0.000,1.000,0.78,10.77567062,106.67087852,10.51,"10°46'32.41""N, 106°40'15.16""E",FIX,
13:25:54.826,1786256754.827,TRACKING,0.803,-0.000,-0.000,0.00,0.450,-0.000,0.000,0.000,0.000,1.000,0.80,10.77567062,106.67087893,10.51,"10°46'32.41""N, 106°40'15.16""E",FIX,
13:25:54.926,1786256754.926,TRACKING,0.839,-0.000,-0.000,0.00,0.450,-0.000,0.000,0.000,0.000,1.000,0.84,10.77567062,106.67087893,10.51,"10°46'32.41""N, 106°40'15.16""E",FIX,
13:25:55.007,1786256755.007,TRACKING,0.866,-0.000,-0.000,0.00,0.450,-0.000,0.000,0.000,0.000,1.000,0.87,10.77567062,106.67087893,10.51,"10°46'32.41""N, 106°40'15.16""E",FIX,
13:25:55.112,1786256755.113,TRACKING,0.902,-0.000,-0.000,0.00,0.450,-0.000,0.000,0.000,0.000,1.000,0.90,10.77567062,106.67087934,10.51,"10°46'32.41""N, 106°40'15.17""E",FIX,
13:25:55.182,1786256755.183,TRACKING,0.920,-0.000,-0.000,0.00,0.450,-0.000,0.000,0.000,0.000,1.000,0.92,10.77567062,106.67087934,10.51,"10°46'32.41""N, 106°40'15.17""E",FIX,
13:25:55.292,1786256755.293,TRACKING,0.947,-0.000,-0.000,0.00,0.450,-0.000,0.000,0.000,0.000,1.000,0.95,10.77567062,106.67087934,10.51,"10°46'32.41""N, 106°40'15.17""E",FIX,
13:25:55.375,1786256755.375,TRACKING,0.983,-0.000,-0.000,0.00,0.450,-0.000,0.000,0.000,0.000,1.000,0.98,10.77567062,106.67087975,10.51,"10°46'32.41""N, 106°40'15.17""E",FIX,
13:25:55.475,1786256755.475,TRACKING,1.010,-0.000,-0.000,0.00,0.450,-0.000,0.000,0.000,0.000,1.000,1.01,10.77567062,106.67087975,10.51,"10°46'32.41""N, 106°40'15.17""E",FIX,
13:25:55.550,1786256755.550,TRACKING,1.037,-0.000,-0.000,0.00,0.450,-0.000,0.000,0.000,0.000,1.000,1.04,10.77567062,106.67087975,10.51,"10°46'32.41""N, 106°40'15.17""E",FIX,
13:25:55.655,1786256755.655,TRACKING,1.082,-0.000,-0.000,0.00,0.450,-0.000,0.000,0.000,0.000,1.000,1.08,10.77567062,106.67088016,10.51,"10°46'32.41""N, 106°40'15.17""E",FIX,
13:25:55.722,1786256755.722,TRACKING,1.109,-0.000,-0.000,0.00,0.450,-0.000,0.000,0.000,0.000,1.000,1.11,10.77567062,106.67088016,10.51,"10°46'32.41""N, 106°40'15.17""E",FIX,
13:25:55.783,1786256755.783,TRACKING,1.136,-0.000,-0.000,0.00,0.450,-0.000,0.000,0.000,0.000,1.000,1.14,10.77567062,106.67088016,10.51,"10°46'32.41""N, 106°40'15.17""E",FIX,
13:25:55.851,1786256755.852,TRACKING,1.163,-0.000,-0.000,0.00,0.450,-0.000,0.000,0.000,0.000,1.000,1.16,10.77567062,106.67088057,10.51,"10°46'32.41""N, 106°40'15.17""E",FIX,
13:25:55.935,1786256755.936,TRACKING,1.190,-0.000,-0.000,0.00,0.450,-0.000,0.000,0.000,0.000,1.000,1.19,10.77567062,106.67088057,10.51,"10°46'32.41""N, 106°40'15.17""E",FIX,
13:25:56.018,1786256756.019,TRACKING,1.217,-0.000,-0.000,0.00,0.450,-0.002,0.000,0.000,0.000,1.000,1.22,10.77567062,106.67088057,10.51,"10°46'32.41""N, 106°40'15.17""E",FIX,
13:25:56.113,1786256756.113,TRACKING,1.253,-0.000,-0.000,0.00,0.450,-0.001,0.000,0.000,0.000,1.000,1.25,10.77567062,106.67088098,10.51,"10°46'32.41""N, 106°40'15.17""E",FIX,
13:25:56.199,1786256756.199,TRACKING,1.280,-0.000,-0.000,0.01,0.450,-0.002,0.000,0.000,0.000,1.000,1.28,10.77567062,106.67088098,10.51,"10°46'32.41""N, 106°40'15.17""E",FIX,
13:25:56.283,1786256756.284,TRACKING,1.307,-0.000,-0.000,0.01,0.450,-0.001,0.000,0.000,0.000,1.000,1.31,10.77567062,106.67088098,10.51,"10°46'32.41""N, 106°40'15.17""E",FIX,
13:25:56.421,1786256756.422,TRACKING,1.343,-0.000,-0.000,0.00,0.450,0.002,0.000,0.000,0.000,0.958,1.34,10.77567062,106.67088140,10.51,"10°46'32.41""N, 106°40'15.17""E",FIX,
13:25:56.493,1786256756.494,TRACKING,1.370,-0.000,-0.000,-0.00,0.450,0.002,0.000,0.000,0.000,0.625,1.37,10.77567062,106.67088140,10.51,"10°46'32.41""N, 106°40'15.17""E",FIX,
13:25:56.585,1786256756.585,TRACKING,1.397,-0.000,-0.000,-0.00,0.450,0.002,0.000,0.000,0.000,0.687,1.40,10.77567062,106.67088140,10.51,"10°46'32.41""N, 106°40'15.17""E",FIX,
13:25:56.675,1786256756.675,TRACKING,1.424,-0.000,-0.000,-0.00,0.450,0.002,0.000,0.000,0.000,0.750,1.42,10.77567062,106.67088140,10.51,"10°46'32.41""N, 106°40'15.17""E",FIX,
13:25:56.746,1786256756.746,TRACKING,1.451,-0.000,-0.000,-0.01,0.450,0.002,0.000,0.000,0.000,0.833,1.45,10.77567062,106.67088181,10.51,"10°46'32.41""N, 106°40'15.17""E",FIX,
13:25:56.833,1786256756.833,TRACKING,1.487,-0.000,0.000,-0.01,0.450,0.001,0.000,0.000,0.000,0.917,1.49,10.77567062,106.67088181,10.51,"10°46'32.41""N, 106°40'15.17""E",FIX,
13:25:56.930,1786256756.930,TRACKING,1.523,-0.000,0.000,-0.01,0.450,0.001,0.000,0.000,0.000,1.000,1.52,10.77567062,106.67088222,10.51,"10°46'32.41""N, 106°40'15.18""E",FIX,
13:25:57.011,1786256757.011,TRACKING,1.550,-0.000,0.000,-0.01,0.450,0.001,0.000,0.000,0.000,1.000,1.55,10.77567062,106.67088222,10.51,"10°46'32.41""N, 106°40'15.18""E",FIX,
13:25:57.122,1786256757.123,TRACKING,1.577,-0.000,0.000,-0.01,0.450,0.001,0.000,0.000,0.000,1.000,1.58,10.77567062,106.67088222,10.51,"10°46'32.41""N, 106°40'15.18""E",FIX,
13:25:57.207,1786256757.208,TRACKING,1.613,-0.000,0.000,-0.01,0.450,0.001,0.000,0.000,0.000,1.000,1.61,10.77567062,106.67088263,10.51,"10°46'32.41""N, 106°40'15.18""E",FIX,
13:25:57.284,1786256757.284,TRACKING,1.631,-0.000,0.000,-0.01,0.450,0.001,0.000,0.000,0.000,1.000,1.63,10.77567062,106.67088263,10.51,"10°46'32.41""N, 106°40'15.18""E",FIX,
13:25:57.398,1786256757.398,TRACKING,1.667,0.000,0.001,-0.01,0.450,0.001,0.000,0.000,0.000,1.000,1.67,10.77567062,106.67088263,10.51,"10°46'32.41""N, 106°40'15.18""E",FIX,
13:25:57.508,1786256757.509,TRACKING,1.703,0.000,0.001,-0.01,0.450,0.001,0.000,0.000,0.000,1.000,1.70,10.77567062,106.67088304,10.51,"10°46'32.41""N, 106°40'15.18""E",FIX,
13:25:57.586,1786256757.587,TRACKING,1.721,0.000,0.001,-0.01,0.450,0.001,0.000,0.000,0.000,1.000,1.72,10.77567062,106.67088304,10.51,"10°46'32.41""N, 106°40'15.18""E",FIX,
13:25:57.703,1786256757.703,TRACKING,1.748,0.000,0.001,-0.01,0.450,0.001,0.000,0.000,0.000,1.000,1.75,10.77567062,106.67088304,10.51,"10°46'32.41""N, 106°40'15.18""E",FIX,
13:25:57.800,1786256757.801,TRACKING,1.784,0.000,0.001,-0.01,0.450,0.001,0.000,0.000,0.000,1.000,1.78,10.77567062,106.67088304,10.51,"10°46'32.41""N, 106°40'15.18""E",FIX,
13:25:57.883,1786256757.884,TRACKING,1.820,0.000,0.001,-0.01,0.450,0.001,0.000,0.000,0.000,1.000,1.82,10.77567062,106.67088345,10.51,"10°46'32.41""N, 106°40'15.18""E",FIX,
13:25:57.966,1786256757.966,TRACKING,1.847,0.000,0.001,-0.01,0.450,0.001,0.000,0.000,0.000,1.000,1.85,10.77567062,106.67088345,10.51,"10°46'32.41""N, 106°40'15.18""E",FIX,
13:25:58.048,1786256758.049,TRACKING,1.874,0.000,0.001,-0.01,0.450,0.001,0.000,0.000,0.000,1.000,1.87,10.77567062,106.67088345,10.51,"10°46'32.41""N, 106°40'15.18""E",FIX,
13:25:58.146,1786256758.146,TRACKING,1.901,0.000,0.001,-0.01,0.450,0.001,0.000,0.000,0.000,1.000,1.90,10.77567062,106.67088386,10.51,"10°46'32.41""N, 106°40'15.18""E",FIX,
13:25:58.276,1786256758.276,TRACKING,1.928,0.000,0.001,-0.01,0.450,0.002,0.000,0.000,0.000,1.000,1.93,10.77567062,106.67088386,10.51,"10°46'32.41""N, 106°40'15.18""E",FIX,
13:25:58.377,1786256758.377,TRACKING,1.964,0.000,0.001,-0.01,0.450,0.002,0.000,0.000,0.000,1.000,1.96,10.77567062,106.67088386,10.51,"10°46'32.41""N, 106°40'15.18""E",FIX,
13:25:58.482,1786256758.483,TRACKING,1.991,0.000,0.001,-0.01,0.450,0.000,0.000,0.000,0.000,1.000,1.99,10.77567062,106.67088428,10.51,"10°46'32.41""N, 106°40'15.18""E",FIX,
13:25:58.580,1786256758.581,TRACKING,2.018,0.000,0.001,-0.01,0.450,0.000,0.000,0.000,0.000,1.000,2.02,10.77567062,106.67088428,10.51,"10°46'32.41""N, 106°40'15.18""E",FIX,
13:25:58.684,1786256758.685,TRACKING,2.054,0.000,0.001,-0.00,0.450,-0.004,0.000,0.000,0.000,1.000,2.05,10.77567062,106.67088428,10.51,"10°46'32.41""N, 106°40'15.18""E",FIX,
13:25:58.762,1786256758.762,TRACKING,2.081,0.000,0.001,-0.00,0.450,-0.002,0.000,0.000,0.000,1.000,2.08,10.77567062,106.67088469,10.51,"10°46'32.41""N, 106°40'15.18""E",FIX,
13:25:58.863,1786256758.864,TRACKING,2.108,0.000,0.001,0.00,0.450,-0.004,0.000,0.000,0.000,1.000,2.11,10.77567062,106.67088469,10.51,"10°46'32.41""N, 106°40'15.18""E",FIX,
13:25:58.952,1786256758.953,TRACKING,2.135,0.000,0.001,0.01,0.450,-0.003,0.000,0.000,0.000,0.583,2.14,10.77567062,106.67088469,10.51,"10°46'32.41""N, 106°40'15.18""E",FIX,
13:25:59.043,1786256759.043,TRACKING,2.171,0.000,0.000,0.01,0.450,-0.003,0.000,0.000,0.000,0.667,2.17,10.77567062,106.67088510,10.51,"10°46'32.41""N, 106°40'15.19""E",FIX,
13:25:59.145,1786256759.146,TRACKING,2.198,0.000,0.000,0.01,0.450,-0.003,0.000,0.000,0.000,0.729,2.20,10.77567062,106.67088510,10.51,"10°46'32.41""N, 106°40'15.19""E",FIX,
13:25:59.248,1786256759.248,TRACKING,2.225,0.000,0.000,0.01,0.450,-0.002,0.000,0.000,0.000,0.792,2.23,10.77567062,106.67088510,10.51,"10°46'32.41""N, 106°40'15.19""E",FIX,
13:25:59.357,1786256759.357,TRACKING,2.261,0.000,-0.000,0.01,0.450,-0.002,0.000,0.000,0.000,0.875,2.26,10.77567062,106.67088551,10.51,"10°46'32.41""N, 106°40'15.19""E",FIX,
13:25:59.429,1786256759.430,TRACKING,2.288,0.000,-0.000,0.02,0.450,-0.002,0.000,0.000,0.000,0.937,2.29,10.77567062,106.67088551,10.51,"10°46'32.41""N, 106°40'15.19""E",FIX,
13:25:59.532,1786256759.532,TRACKING,2.324,0.000,-0.000,0.02,0.450,-0.002,0.000,0.000,0.000,1.000,2.32,10.77567062,106.67088551,10.51,"10°46'32.41""N, 106°40'15.19""E",FIX,
13:25:59.624,1786256759.625,TRACKING,2.351,0.000,-0.000,0.02,0.450,-0.002,0.000,0.000,0.000,1.000,2.35,10.77567062,106.67088592,10.51,"10°46'32.41""N, 106°40'15.19""E",FIX,
13:25:59.685,1786256759.686,TRACKING,2.369,0.000,-0.001,0.02,0.450,-0.002,0.000,0.000,0.000,1.000,2.37,10.77567062,106.67088592,10.51,"10°46'32.41""N, 106°40'15.19""E",FIX,
13:25:59.800,1786256759.800,TRACKING,2.405,0.000,-0.001,0.02,0.450,-0.002,0.000,0.000,0.000,1.000,2.41,10.77567062,106.67088592,10.51,"10°46'32.41""N, 106°40'15.19""E",FIX,
13:25:59.889,1786256759.889,TRACKING,2.441,0.000,-0.001,0.02,0.450,-0.002,0.000,0.000,0.000,1.000,2.44,10.77567062,106.67088633,10.51,"10°46'32.41""N, 106°40'15.19""E",FIX,
13:25:59.974,1786256759.975,TRACKING,2.468,0.000,-0.001,0.02,0.450,-0.002,0.000,0.000,0.000,1.000,2.47,10.77567062,106.67088633,10.51,"10°46'32.41""N, 106°40'15.19""E",FIX,
13:26:00.069,1786256760.070,TRACKING,2.495,0.000,-0.001,0.02,0.450,-0.001,0.000,0.000,0.000,1.000,2.50,10.77567062,106.67088633,10.51,"10°46'32.41""N, 106°40'15.19""E",FIX,
13:26:00.162,1786256760.162,TRACKING,2.522,0.000,-0.001,0.02,0.450,-0.001,0.000,0.000,0.000,1.000,2.52,10.77567062,106.67088674,10.51,"10°46'32.41""N, 106°40'15.19""E",FIX,
13:26:00.262,1786256760.263,TRACKING,2.558,0.000,-0.001,0.02,0.450,-0.001,0.000,0.000,0.000,1.000,2.56,10.77567062,106.67088674,10.51,"10°46'32.41""N, 106°40'15.19""E",FIX,
13:26:00.340,1786256760.341,TRACKING,2.585,0.000,-0.001,0.02,0.450,-0.001,0.000,0.000,0.000,1.000,2.59,10.77567062,106.67088674,10.51,"10°46'32.41""N, 106°40'15.19""E",FIX,
13:26:00.450,1786256760.451,TRACKING,2.621,0.000,-0.001,0.02,0.450,-0.001,0.000,0.000,0.000,1.000,2.62,10.77567062,106.67088716,10.51,"10°46'32.41""N, 106°40'15.19""E",FIX,
13:26:00.513,1786256760.513,TRACKING,2.648,0.000,-0.002,0.02,0.450,-0.001,0.000,0.000,0.000,1.000,2.65,10.77567062,106.67088716,10.51,"10°46'32.41""N, 106°40'15.19""E",FIX,
13:26:00.611,1786256760.611,TRACKING,2.675,0.000,-0.002,0.02,0.450,-0.001,0.000,0.000,0.000,1.000,2.68,10.77567062,106.67088716,10.51,"10°46'32.41""N, 106°40'15.19""E",FIX,
13:26:00.734,1786256760.735,TRACKING,2.702,0.000,-0.002,0.02,0.450,-0.001,0.000,0.000,0.000,1.000,2.70,10.77567062,106.67088757,10.51,"10°46'32.41""N, 106°40'15.20""E",FIX,
13:26:00.805,1786256760.806,TRACKING,2.738,-0.000,-0.002,0.02,0.450,-0.001,0.000,0.000,0.000,1.000,2.74,10.77567062,106.67088757,10.51,"10°46'32.41""N, 106°40'15.20""E",FIX,
13:26:00.888,1786256760.889,TRACKING,2.756,-0.000,-0.002,0.02,0.450,0.001,0.000,0.000,0.000,1.000,2.76,10.77567062,106.67088757,10.51,"10°46'32.41""N, 106°40'15.20""E",FIX,
13:26:01.012,1786256761.013,TRACKING,2.792,-0.000,-0.002,0.01,0.450,0.000,0.000,0.000,0.000,1.000,2.79,10.77567062,106.67088798,10.51,"10°46'32.41""N, 106°40'15.20""E",FIX,
13:26:01.110,1786256761.111,TRACKING,2.828,-0.000,-0.002,0.01,0.450,-0.000,0.000,0.000,0.000,1.000,2.83,10.77567062,106.67088798,10.51,"10°46'32.41""N, 106°40'15.20""E",FIX,
13:26:01.193,1786256761.193,TRACKING,2.855,-0.000,-0.002,0.01,0.450,-0.000,0.000,0.000,0.000,1.000,2.86,10.77567062,106.67088798,10.51,"10°46'32.41""N, 106°40'15.20""E",FIX,
13:26:01.295,1786256761.296,TRACKING,2.882,-0.000,-0.002,0.01,0.450,-0.000,0.000,0.000,0.000,1.000,2.88,10.77567062,106.67088839,10.51,"10°46'32.41""N, 106°40'15.20""E",FIX,
13:26:01.381,1786256761.382,TRACKING,2.909,-0.000,-0.002,0.01,0.450,0.002,0.000,0.000,0.000,0.500,2.91,10.77567062,106.67088839,10.51,"10°46'32.41""N, 106°40'15.20""E",FIX,
13:26:01.482,1786256761.482,TRACKING,2.936,-0.000,-0.002,0.01,0.450,0.001,0.000,0.000,0.000,0.542,2.94,10.77567062,106.67088839,10.51,"10°46'32.41""N, 106°40'15.20""E",FIX,
13:26:01.577,1786256761.577,TRACKING,2.972,-0.000,-0.002,0.00,0.450,0.001,0.000,0.000,0.000,0.604,2.97,10.77567062,106.67088880,10.51,"10°46'32.41""N, 106°40'15.20""E",FIX,
13:26:01.674,1786256761.674,TRACKING,2.999,-0.000,-0.002,0.00,0.450,0.001,0.000,0.000,0.000,0.667,3.00,10.77567062,106.67088880,10.51,"10°46'32.41""N, 106°40'15.20""E",FIX,
13:26:01.777,1786256761.778,TRACKING,3.035,-0.001,-0.002,0.00,0.450,0.000,0.000,0.000,0.000,0.750,3.04,10.77567062,106.67088880,10.51,"10°46'32.41""N, 106°40'15.20""E",FIX,
13:26:01.862,1786256761.862,TRACKING,3.062,-0.001,-0.002,0.00,0.450,0.000,0.000,0.000,0.000,0.833,3.06,10.77567062,106.67088921,10.51,"10°46'32.41""N, 106°40'15.20""E",FIX,
13:26:01.942,1786256761.943,TRACKING,3.089,-0.001,-0.001,0.00,0.450,0.000,0.000,0.000,0.000,0.896,3.09,10.77567062,106.67088921,10.51,"10°46'32.41""N, 106°40'15.20""E",FIX,
13:26:02.043,1786256762.043,TRACKING,3.125,-0.001,-0.001,0.00,0.450,0.000,0.000,0.000,0.000,0.979,3.13,10.77567062,106.67088921,10.51,"10°46'32.41""N, 106°40'15.20""E",FIX,
13:26:02.109,1786256762.109,TRACKING,3.152,-0.001,-0.001,0.00,0.450,0.000,0.000,0.000,0.000,1.000,3.15,10.77567062,106.67088962,10.51,"10°46'32.41""N, 106°40'15.20""E",FIX,
13:26:02.203,1786256762.203,TRACKING,3.179,-0.001,-0.001,0.00,0.450,0.000,0.000,0.000,0.000,1.000,3.18,10.77567062,106.67088962,10.51,"10°46'32.41""N, 106°40'15.20""E",FIX,
13:26:02.296,1786256762.296,TRACKING,3.206,-0.001,-0.001,0.00,0.450,0.000,0.000,0.000,0.000,1.000,3.21,10.77567062,106.67088962,10.51,"10°46'32.41""N, 106°40'15.20""E",FIX,
13:26:02.408,1786256762.408,TRACKING,3.242,-0.001,-0.001,0.00,0.450,0.000,0.000,0.000,0.000,1.000,3.24,10.77567062,106.67089004,10.51,"10°46'32.41""N, 106°40'15.20""E",FIX,
13:26:02.484,1786256762.485,TRACKING,3.269,-0.001,-0.001,0.00,0.450,0.000,0.000,0.000,0.000,1.000,3.27,10.77567062,106.67089004,10.51,"10°46'32.41""N, 106°40'15.20""E",FIX,
13:26:02.598,1786256762.599,TRACKING,3.305,-0.001,-0.001,0.00,0.450,0.000,0.000,0.000,0.000,1.000,3.31,10.77567062,106.67089004,10.51,"10°46'32.41""N, 106°40'15.20""E",FIX,
13:26:02.671,1786256762.672,TRACKING,3.323,-0.001,-0.001,0.00,0.450,0.000,0.000,0.000,0.000,1.000,3.32,10.77567062,106.67089045,10.51,"10°46'32.41""N, 106°40'15.21""E",FIX,
13:26:02.753,1786256762.753,TRACKING,3.359,-0.001,-0.001,0.00,0.450,0.000,0.000,0.000,0.000,1.000,3.36,10.77567062,106.67089045,10.51,"10°46'32.41""N, 106°40'15.21""E",FIX,
13:26:02.844,1786256762.845,TRACKING,3.395,-0.001,-0.001,0.00,0.450,0.000,0.000,0.000,0.000,1.000,3.40,10.77567062,106.67089045,10.51,"10°46'32.41""N, 106°40'15.21""E",FIX,
13:26:02.907,1786256762.907,TRACKING,3.413,-0.001,-0.001,0.00,0.450,0.000,0.000,0.000,0.000,1.000,3.41,10.77567062,106.67089086,10.51,"10°46'32.41""N, 106°40'15.21""E",FIX,
13:26:03.028,1786256763.029,TRACKING,3.449,-0.001,-0.001,0.00,0.450,0.000,0.000,0.000,0.000,1.000,3.45,10.77567062,106.67089086,10.51,"10°46'32.41""N, 106°40'15.21""E",FIX,
13:26:03.112,1786256763.112,TRACKING,3.476,-0.001,-0.001,0.00,0.450,0.000,0.000,0.000,0.000,1.000,3.48,10.77567062,106.67089086,10.51,"10°46'32.41""N, 106°40'15.21""E",FIX,
13:26:03.219,1786256763.219,TRACKING,3.503,-0.001,-0.001,0.00,0.450,0.000,0.000,0.000,0.000,1.000,3.50,10.77567061,106.67089127,10.51,"10°46'32.41""N, 106°40'15.21""E",FIX,
13:26:03.293,1786256763.294,TRACKING,3.539,-0.001,-0.001,0.00,0.450,0.000,0.000,0.000,0.000,1.000,3.54,10.77567061,106.67089127,10.51,"10°46'32.41""N, 106°40'15.21""E",FIX,
13:26:03.401,1786256763.402,TRACKING,3.566,-0.001,-0.001,0.00,0.450,0.000,0.000,0.000,0.000,1.000,3.57,10.77567061,106.67089127,10.51,"10°46'32.41""N, 106°40'15.21""E",FIX,
13:26:03.521,1786256763.521,TRACKING,3.593,-0.001,-0.001,0.00,0.450,0.000,0.000,0.000,0.000,1.000,3.59,10.77567061,106.67089168,10.51,"10°46'32.41""N, 106°40'15.21""E",FIX,
13:26:03.589,1786256763.590,TRACKING,3.629,-0.001,-0.001,0.00,0.450,0.000,0.000,0.000,0.000,1.000,3.63,10.77567061,106.67089168,10.51,"10°46'32.41""N, 106°40'15.21""E",FIX,
13:26:03.690,1786256763.691,TRACKING,3.656,-0.001,-0.001,0.00,0.450,0.000,0.000,0.000,0.000,1.000,3.66,10.77567061,106.67089168,10.51,"10°46'32.41""N, 106°40'15.21""E",FIX,
13:26:03.775,1786256763.776,TRACKING,3.683,-0.001,-0.001,0.00,0.450,0.000,0.000,0.000,0.000,1.000,3.68,10.77567061,106.67089209,10.51,"10°46'32.41""N, 106°40'15.21""E",FIX,
13:26:03.860,1786256763.860,TRACKING,3.710,-0.001,-0.001,0.00,0.450,0.000,0.000,0.000,0.000,1.000,3.71,10.77567061,106.67089209,10.51,"10°46'32.41""N, 106°40'15.21""E",FIX,
13:26:03.953,1786256763.953,TRACKING,3.746,-0.002,-0.001,0.00,0.450,-0.002,0.000,0.000,0.000,0.562,3.75,10.77567061,106.67089209,10.51,"10°46'32.41""N, 106°40'15.21""E",FIX,
13:26:04.037,1786256764.038,TRACKING,3.773,-0.002,-0.001,0.00,0.450,0.000,0.000,0.000,0.000,0.625,3.77,10.77567061,106.67089250,10.51,"10°46'32.41""N, 106°40'15.21""E",FIX,
13:26:04.163,1786256764.164,TRACKING,3.800,-0.002,-0.001,0.00,0.450,0.000,0.000,0.000,0.000,0.687,3.80,10.77567061,106.67089250,10.51,"10°46'32.41""N, 106°40'15.21""E",FIX,
13:26:04.266,1786256764.267,TRACKING,3.827,-0.002,-0.001,0.00,0.450,0.000,0.000,0.000,0.000,0.771,3.83,10.77567061,106.67089250,10.51,"10°46'32.41""N, 106°40'15.21""E",FIX,
13:26:04.361,1786256764.362,TRACKING,3.863,-0.002,-0.001,0.00,0.450,0.000,0.000,0.000,0.000,0.833,3.86,10.77567061,106.67089292,10.51,"10°46'32.41""N, 106°40'15.21""E",FIX,
13:26:04.441,1786256764.441,TRACKING,3.899,-0.002,-0.001,0.00,0.450,0.000,0.000,0.000,0.000,0.917,3.90,10.77567061,106.67089292,10.51,"10°46'32.41""N, 106°40'15.21""E",FIX,
13:26:04.506,1786256764.507,TRACKING,3.926,-0.002,-0.001,0.00,0.450,0.000,0.000,0.000,0.000,1.000,3.93,10.77567061,106.67089292,10.51,"10°46'32.41""N, 106°40'15.21""E",FIX,
13:26:04.605,1786256764.605,TRACKING,3.953,-0.002,-0.001,0.00,0.450,0.000,0.000,0.000,0.000,1.000,3.95,10.77567061,106.67089333,10.51,"10°46'32.41""N, 106°40'15.22""E",FIX,
13:26:04.699,1786256764.700,TRACKING,3.989,-0.002,-0.001,0.00,0.450,-0.002,0.000,0.000,0.000,1.000,3.99,10.77567061,106.67089333,10.51,"10°46'32.41""N, 106°40'15.22""E",FIX,
13:26:04.789,1786256764.790,TRACKING,4.016,-0.002,-0.001,0.00,0.450,0.000,0.000,0.000,0.000,1.000,4.02,10.77567061,106.67089333,10.51,"10°46'32.41""N, 106°40'15.22""E",FIX,
13:26:04.865,1786256764.865,TRACKING,4.034,-0.002,-0.002,0.00,0.450,-0.002,0.000,0.000,0.000,1.000,4.03,10.77567061,106.67089333,10.51,"10°46'32.41""N, 106°40'15.22""E",FIX,
13:26:04.994,1786256764.995,TRACKING,4.070,-0.002,-0.002,0.00,0.450,0.000,0.000,0.000,0.000,1.000,4.07,10.77567061,106.67089374,10.51,"10°46'32.41""N, 106°40'15.22""E",FIX,
13:26:05.037,1786256765.038,TRACKING,4.106,-0.002,-0.002,0.00,0.450,0.000,0.000,0.000,0.000,1.000,4.11,10.77567061,106.67089374,10.51,"10°46'32.41""N, 106°40'15.22""E",FIX,
13:26:05.120,1786256765.120,TRACKING,4.133,-0.002,-0.002,0.00,0.450,0.000,0.000,0.000,0.000,1.000,4.13,10.77567061,106.67089415,10.51,"10°46'32.41""N, 106°40'15.22""E",FIX,
13:26:05.217,1786256765.218,TRACKING,4.160,-0.002,-0.002,0.00,0.450,0.000,0.000,0.000,0.000,1.000,4.16,10.77567061,106.67089415,10.51,"10°46'32.41""N, 106°40'15.22""E",FIX,
13:26:05.324,1786256765.325,TRACKING,4.187,-0.002,-0.002,0.00,0.450,0.000,0.000,0.000,0.000,1.000,4.19,10.77567061,106.67089415,10.51,"10°46'32.41""N, 106°40'15.22""E",FIX,
13:26:05.478,1786256765.478,TRACKING,4.214,-0.002,-0.002,0.00,0.450,0.000,0.000,0.000,0.000,1.000,4.21,10.77567061,106.67089415,10.51,"10°46'32.41""N, 106°40'15.22""E",FIX,
13:26:05.599,1786256765.600,TRACKING,4.250,-0.002,-0.002,0.00,0.450,0.000,0.000,0.000,0.000,1.000,4.25,10.77567061,106.67089456,10.51,"10°46'32.41""N, 106°40'15.22""E",FIX,
13:26:05.681,1786256765.682,TRACKING,4.277,-0.002,-0.002,0.00,0.450,0.000,0.000,0.000,0.000,1.000,4.28,10.77567061,106.67089456,10.51,"10°46'32.41""N, 106°40'15.22""E",FIX,
13:26:05.780,1786256765.781,TRACKING,4.313,-0.002,-0.002,0.00,0.450,0.000,0.000,0.000,0.000,1.000,4.31,10.77567061,106.67089497,10.51,"10°46'32.41""N, 106°40'15.22""E",FIX,
13:26:05.867,1786256765.867,TRACKING,4.340,-0.002,-0.002,0.00,0.450,0.000,0.000,0.000,0.000,1.000,4.34,10.77567061,106.67089497,10.51,"10°46'32.41""N, 106°40'15.22""E",FIX,
13:26:05.955,1786256765.955,TRACKING,4.367,-0.003,-0.002,0.00,0.450,0.000,0.000,0.000,0.000,1.000,4.37,10.77567061,106.67089497,10.51,"10°46'32.41""N, 106°40'15.22""E",FIX,
13:26:06.023,1786256766.023,TRACKING,4.394,-0.003,-0.002,0.00,0.450,0.000,0.000,0.000,0.000,1.000,4.39,10.77567061,106.67089497,10.51,"10°46'32.41""N, 106°40'15.22""E",FIX,
13:26:06.111,1786256766.111,TRACKING,4.430,-0.003,-0.002,0.00,0.450,0.000,0.000,0.000,0.000,1.000,4.43,10.77567061,106.67089539,10.51,"10°46'32.41""N, 106°40'15.22""E",FIX,
13:26:06.221,1786256766.222,TRACKING,4.457,-0.003,-0.002,0.00,0.450,0.000,0.000,0.000,0.000,1.000,4.46,10.77567061,106.67089539,10.51,"10°46'32.41""N, 106°40'15.22""E",FIX,
13:26:06.311,1786256766.312,TRACKING,4.484,-0.003,-0.002,0.00,0.450,0.000,0.000,0.000,0.000,1.000,4.48,10.77567061,106.67089539,10.51,"10°46'32.41""N, 106°40'15.22""E",FIX,
13:26:06.402,1786256766.403,TRACKING,4.511,-0.003,-0.002,0.00,0.450,-0.002,0.000,0.000,0.000,1.000,4.51,10.77567061,106.67089580,10.51,"10°46'32.41""N, 106°40'15.22""E",FIX,
13:26:06.499,1786256766.499,TRACKING,4.547,-0.003,-0.002,0.00,0.450,-0.002,0.000,0.000,0.000,0.583,4.55,10.77567061,106.67089580,10.51,"10°46'32.41""N, 106°40'15.22""E",FIX,
13:26:06.615,1786256766.616,TRACKING,4.574,-0.003,-0.002,0.01,0.450,-0.001,0.000,0.000,0.000,0.667,4.57,10.77567061,106.67089580,10.51,"10°46'32.41""N, 106°40'15.22""E",FIX,
13:26:06.688,1786256766.688,TRACKING,4.610,-0.003,-0.002,0.01,0.450,-0.001,0.000,0.000,0.000,0.729,4.61,10.77567061,106.67089621,10.51,"10°46'32.41""N, 106°40'15.23""E",FIX,
13:26:06.785,1786256766.785,TRACKING,4.637,-0.003,-0.002,0.01,0.450,-0.001,0.000,0.000,0.000,0.792,4.64,10.77567061,106.67089621,10.51,"10°46'32.41""N, 106°40'15.23""E",FIX,
13:26:06.882,1786256766.882,TRACKING,4.664,-0.003,-0.002,0.01,0.450,-0.001,0.000,0.000,0.000,0.854,4.66,10.77567061,106.67089621,10.51,"10°46'32.41""N, 106°40'15.23""E",FIX,
13:26:06.970,1786256766.971,TRACKING,4.691,-0.003,-0.002,0.01,0.450,0.001,0.000,0.000,0.000,0.937,4.69,10.77567061,106.67089662,10.51,"10°46'32.41""N, 106°40'15.23""E",FIX,
13:26:07.098,1786256767.099,TRACKING,4.718,-0.003,-0.002,0.00,0.450,0.001,0.000,0.000,0.000,1.000,4.72,10.77567061,106.67089662,10.51,"10°46'32.41""N, 106°40'15.23""E",FIX,
13:26:07.189,1786256767.189,TRACKING,4.754,-0.003,-0.002,0.00,0.450,0.001,0.000,0.000,0.000,1.000,4.75,10.77567061,106.67089662,10.51,"10°46'32.41""N, 106°40'15.23""E",FIX,
13:26:07.277,1786256767.278,TRACKING,4.781,-0.003,-0.002,0.00,0.450,0.001,0.000,0.000,0.000,1.000,4.78,10.77567061,106.67089703,10.51,"10°46'32.41""N, 106°40'15.23""E",FIX,
13:26:07.372,1786256767.373,TRACKING,4.808,-0.003,-0.002,0.00,0.450,0.000,0.000,0.000,0.000,1.000,4.81,10.77567061,106.67089703,10.51,"10°46'32.41""N, 106°40'15.23""E",FIX,
13:26:07.471,1786256767.471,TRACKING,4.844,-0.003,-0.002,0.00,0.450,0.000,0.000,0.000,0.000,1.000,4.84,10.77567061,106.67089703,10.51,"10°46'32.41""N, 106°40'15.23""E",FIX,
13:26:07.565,1786256767.565,TRACKING,4.871,-0.003,-0.002,0.00,0.450,0.000,0.000,0.000,0.000,1.000,4.87,10.77567061,106.67089744,10.51,"10°46'32.41""N, 106°40'15.23""E",FIX,
13:26:07.680,1786256767.680,TRACKING,4.898,-0.004,-0.002,0.00,0.450,0.000,0.000,0.000,0.000,1.000,4.90,10.77567061,106.67089744,10.51,"10°46'32.41""N, 106°40'15.23""E",FIX,
13:26:07.765,1786256767.766,TRACKING,4.934,-0.004,-0.002,0.00,0.450,0.000,0.000,0.000,0.000,1.000,4.93,10.77567061,106.67089744,10.51,"10°46'32.41""N, 106°40'15.23""E",FIX,
13:26:07.849,1786256767.849,TRACKING,4.970,-0.004,-0.002,0.00,0.450,0.000,0.000,0.000,0.000,1.000,4.97,10.77567061,106.67089785,10.51,"10°46'32.41""N, 106°40'15.23""E",FIX,
13:26:07.918,1786256767.919,TRACKING,4.988,-0.004,-0.002,0.00,0.450,0.000,0.000,0.000,0.000,1.000,4.99,10.77567061,106.67089785,10.51,"10°46'32.41""N, 106°40'15.23""E",FIX,
13:26:08.001,1786256768.001,TRACKING,5.015,-0.004,-0.002,0.00,0.450,0.000,0.000,0.000,0.000,1.000,5.02,10.77567061,106.67089785,10.51,"10°46'32.41""N, 106°40'15.23""E",FIX,
13:26:08.120,1786256768.120,TRACKING,5.051,-0.004,-0.002,0.00,0.450,0.000,0.000,0.000,0.000,1.000,5.05,10.77567061,106.67089827,10.51,"10°46'32.41""N, 106°40'15.23""E",FIX,
13:26:08.194,1786256768.195,TRACKING,5.078,-0.004,-0.002,0.00,0.450,0.000,0.000,0.000,0.000,1.000,5.08,10.77567061,106.67089827,10.51,"10°46'32.41""N, 106°40'15.23""E",FIX,
13:26:08.278,1786256768.278,TRACKING,5.105,-0.004,-0.002,0.00,0.450,0.000,0.000,0.000,0.000,1.000,5.11,10.77567061,106.67089827,10.51,"10°46'32.41""N, 106°40'15.23""E",FIX,
13:26:08.362,1786256768.363,TRACKING,5.141,-0.004,-0.002,0.00,0.450,0.000,0.000,0.000,0.000,1.000,5.14,10.77567061,106.67089868,10.51,"10°46'32.41""N, 106°40'15.24""E",FIX,
13:26:08.450,1786256768.451,TRACKING,5.168,-0.004,-0.002,0.00,0.450,0.000,0.000,0.000,0.000,1.000,5.17,10.77567061,106.67089868,10.51,"10°46'32.41""N, 106°40'15.24""E",FIX,
13:26:08.542,1786256768.543,TRACKING,5.204,-0.004,-0.002,0.00,0.450,0.000,0.000,0.000,0.000,1.000,5.20,10.77567061,106.67089868,10.51,"10°46'32.41""N, 106°40'15.24""E",FIX,
13:26:08.625,1786256768.625,TRACKING,5.231,-0.004,-0.002,0.00,0.450,0.000,0.000,0.000,0.000,1.000,5.23,10.77567061,106.67089909,10.51,"10°46'32.41""N, 106°40'15.24""E",FIX,
13:26:08.730,1786256768.730,TRACKING,5.258,-0.004,-0.002,0.00,0.450,0.000,0.000,0.000,0.000,1.000,5.26,10.77567061,106.67089909,10.51,"10°46'32.41""N, 106°40'15.24""E",FIX,
13:26:08.818,1786256768.819,TRACKING,5.285,-0.004,-0.002,-0.00,0.450,0.002,0.000,0.000,0.000,1.000,5.29,10.77567061,106.67089909,10.51,"10°46'32.41""N, 106°40'15.24""E",FIX,
13:26:08.908,1786256768.908,TRACKING,5.321,-0.004,-0.002,-0.01,0.450,0.005,0.000,0.000,0.000,0.875,5.32,10.77567061,106.67089950,10.51,"10°46'32.41""N, 106°40'15.24""E",FIX,
13:26:09.005,1786256769.006,TRACKING,5.348,-0.004,-0.002,-0.01,0.450,0.005,0.000,0.000,0.000,0.583,5.35,10.77567061,106.67089950,10.51,"10°46'32.41""N, 106°40'15.24""E",FIX,
13:26:09.104,1786256769.105,TRACKING,5.375,-0.004,-0.001,-0.02,0.450,0.004,0.000,0.000,0.000,0.646,5.38,10.77567061,106.67089950,10.51,"10°46'32.41""N, 106°40'15.24""E",FIX,
13:26:09.178,1786256769.179,TRACKING,5.402,-0.004,-0.001,-0.02,0.450,0.004,0.000,0.000,0.000,0.708,5.40,10.77567061,106.67089991,10.51,"10°46'32.41""N, 106°40'15.24""E",FIX,
13:26:09.295,1786256769.296,TRACKING,5.438,-0.004,-0.001,-0.02,0.450,0.003,0.000,0.000,0.000,0.771,5.44,10.77567061,106.67089991,10.51,"10°46'32.41""N, 106°40'15.24""E",FIX,
13:26:09.373,1786256769.373,TRACKING,5.465,-0.004,-0.000,-0.02,0.450,0.003,0.000,0.000,0.000,0.833,5.47,10.77567061,106.67089991,10.51,"10°46'32.41""N, 106°40'15.24""E",FIX,
13:26:09.445,1786256769.446,TRACKING,5.492,-0.004,-0.000,-0.02,0.450,0.003,0.000,0.000,0.000,0.917,5.49,10.77567061,106.67090032,10.51,"10°46'32.41""N, 106°40'15.24""E",FIX,
13:26:09.545,1786256769.546,TRACKING,5.528,-0.004,-0.000,-0.02,0.450,0.003,0.000,0.000,0.000,1.000,5.53,10.77567061,106.67090032,10.51,"10°46'32.41""N, 106°40'15.24""E",FIX,
13:26:09.616,1786256769.616,TRACKING,5.555,-0.004,0.000,-0.03,0.450,0.003,0.000,0.000,0.000,1.000,5.56,10.77567061,106.67090032,10.51,"10°46'32.41""N, 106°40'15.24""E",FIX,
13:26:09.730,1786256769.730,TRACKING,5.582,-0.004,0.000,-0.03,0.450,0.002,0.000,0.000,0.000,1.000,5.58,10.77567061,106.67090073,10.51,"10°46'32.41""N, 106°40'15.24""E",FIX,
13:26:09.826,1786256769.827,TRACKING,5.618,-0.004,0.000,-0.03,0.450,0.002,0.000,0.000,0.000,1.000,5.62,10.77567061,106.67090073,10.51,"10°46'32.41""N, 106°40'15.24""E",FIX,
13:26:09.941,1786256769.942,TRACKING,5.645,-0.004,0.001,-0.03,0.450,0.002,0.000,0.000,0.000,1.000,5.65,10.77567061,106.67090073,10.51,"10°46'32.41""N, 106°40'15.24""E",FIX,
13:26:10.026,1786256770.027,TRACKING,5.672,-0.004,0.001,-0.03,0.450,0.002,0.000,0.000,0.000,1.000,5.67,10.77567061,106.67090115,10.51,"10°46'32.41""N, 106°40'15.24""E",FIX,
13:26:10.114,1786256770.115,TRACKING,5.699,-0.004,0.001,-0.03,0.450,0.002,0.000,0.000,0.000,1.000,5.70,10.77567061,106.67090115,10.51,"10°46'32.41""N, 106°40'15.24""E",FIX,
13:26:10.244,1786256770.245,TRACKING,5.735,-0.004,0.001,-0.03,0.450,0.002,0.000,0.000,0.000,1.000,5.74,10.77567061,106.67090115,10.51,"10°46'32.41""N, 106°40'15.24""E",FIX,
13:26:10.372,1786256770.372,TRACKING,5.762,-0.004,0.001,-0.03,0.450,0.002,0.000,0.000,0.000,1.000,5.76,10.77567061,106.67090156,10.51,"10°46'32.41""N, 106°40'15.25""E",FIX,
13:26:10.433,1786256770.434,TRACKING,5.798,-0.004,0.001,-0.03,0.450,0.002,0.000,0.000,0.000,1.000,5.80,10.77567061,106.67090156,10.51,"10°46'32.41""N, 106°40'15.25""E",FIX,
13:26:10.532,1786256770.533,TRACKING,5.825,-0.004,0.002,-0.03,0.450,0.002,0.000,0.000,0.000,1.000,5.83,10.77567061,106.67090156,10.51,"10°46'32.41""N, 106°40'15.25""E",FIX,
13:26:10.616,1786256770.617,TRACKING,5.852,-0.004,0.002,-0.03,0.450,0.002,0.000,0.000,0.000,1.000,5.85,10.77567061,106.67090197,10.51,"10°46'32.41""N, 106°40'15.25""E",FIX,
13:26:10.719,1786256770.720,TRACKING,5.888,-0.004,0.002,-0.03,0.450,0.002,0.000,0.000,0.000,1.000,5.89,10.77567061,106.67090197,10.51,"10°46'32.41""N, 106°40'15.25""E",FIX,
13:26:10.801,1786256770.802,TRACKING,5.915,-0.004,0.002,-0.03,0.450,0.002,0.000,0.000,0.000,1.000,5.92,10.77567061,106.67090197,10.51,"10°46'32.41""N, 106°40'15.25""E",FIX,
13:26:10.880,1786256770.880,TRACKING,5.942,-0.004,0.002,-0.03,0.450,0.002,0.000,0.000,0.000,1.000,5.94,10.77567061,106.67090238,10.51,"10°46'32.41""N, 106°40'15.25""E",FIX,
13:26:10.964,1786256770.964,TRACKING,5.969,-0.004,0.002,-0.03,0.450,0.002,0.000,0.000,0.000,1.000,5.97,10.77567061,106.67090238,10.51,"10°46'32.41""N, 106°40'15.25""E",FIX,
13:26:11.049,1786256771.049,TRACKING,6.005,-0.004,0.002,-0.03,0.450,0.002,0.000,0.000,0.000,1.000,6.01,10.77567061,106.67090238,10.51,"10°46'32.41""N, 106°40'15.25""E",FIX,
13:26:11.135,1786256771.136,TRACKING,6.032,-0.004,0.003,-0.03,0.450,0.002,0.000,0.000,0.000,1.000,6.03,10.77567061,106.67090279,10.51,"10°46'32.41""N, 106°40'15.25""E",FIX,
13:26:11.269,1786256771.269,TRACKING,6.059,-0.004,0.003,-0.03,0.450,0.002,0.000,0.000,0.000,1.000,6.06,10.77567061,106.67090279,10.51,"10°46'32.41""N, 106°40'15.25""E",FIX,
13:26:11.350,1786256771.350,TRACKING,6.095,-0.004,0.003,-0.02,0.450,-0.002,0.000,0.000,0.000,1.000,6.10,10.77567061,106.67090279,10.51,"10°46'32.41""N, 106°40'15.25""E",FIX,
13:26:11.444,1786256771.445,TRACKING,6.122,-0.004,0.003,-0.02,0.450,-0.003,0.000,0.000,0.000,0.937,6.12,10.77567061,106.67090320,10.51,"10°46'32.41""N, 106°40'15.25""E",FIX,
13:26:11.546,1786256771.547,TRACKING,6.149,-0.004,0.003,-0.01,0.450,-0.002,0.000,0.000,0.000,0.583,6.15,10.77567061,106.67090320,10.51,"10°46'32.41""N, 106°40'15.25""E",FIX,
13:26:11.637,1786256771.637,TRACKING,6.185,-0.003,0.002,-0.01,0.450,-0.002,0.000,0.000,0.000,0.667,6.19,10.77567061,106.67090320,10.51,"10°46'32.41""N, 106°40'15.25""E",FIX,
13:26:11.722,1786256771.722,TRACKING,6.212,-0.003,0.002,-0.01,0.450,-0.001,0.000,0.000,0.000,0.729,6.21,10.77567061,106.67090361,10.51,"10°46'32.41""N, 106°40'15.25""E",FIX,
13:26:11.800,1786256771.800,TRACKING,6.239,-0.003,0.002,-0.01,0.450,-0.001,0.000,0.000,0.000,0.812,6.24,10.77567061,106.67090361,10.51,"10°46'32.41""N, 106°40'15.25""E",FIX,
13:26:11.872,1786256771.872,TRACKING,6.266,-0.003,0.002,-0.00,0.450,-0.001,0.000,0.000,0.000,0.875,6.27,10.77567061,106.67090361,10.51,"10°46'32.41""N, 106°40'15.25""E",FIX,
13:26:11.987,1786256771.987,TRACKING,6.293,-0.003,0.002,-0.00,0.450,-0.001,0.000,0.000,0.000,0.958,6.29,10.77567061,106.67090403,10.51,"10°46'32.41""N, 106°40'15.25""E",FIX,
13:26:12.090,1786256772.091,TRACKING,6.329,-0.003,0.002,-0.00,0.450,-0.000,0.000,0.000,0.000,1.000,6.33,10.77567061,106.67090403,10.51,"10°46'32.41""N, 106°40'15.25""E",FIX,
13:26:12.191,1786256772.191,TRACKING,6.347,-0.003,0.002,-0.00,0.450,-0.001,0.000,0.000,0.000,1.000,6.35,10.77567061,106.67090403,10.51,"10°46'32.41""N, 106°40'15.25""E",FIX,
13:26:12.333,1786256772.334,TRACKING,6.383,-0.003,0.002,-0.00,0.450,-0.000,0.000,0.000,0.000,1.000,6.38,10.77567061,106.67090444,10.51,"10°46'32.41""N, 106°40'15.26""E",FIX,
13:26:12.457,1786256772.458,TRACKING,6.419,-0.003,0.002,-0.00,0.450,-0.000,0.000,0.000,0.000,1.000,6.42,10.77567061,106.67090444,10.51,"10°46'32.41""N, 106°40'15.26""E",FIX,
13:26:12.562,1786256772.562,TRACKING,6.446,-0.003,0.002,-0.00,0.450,-0.000,0.000,0.000,0.000,1.000,6.45,10.77567061,106.67090444,10.51,"10°46'32.41""N, 106°40'15.26""E",FIX,
13:26:12.668,1786256772.669,TRACKING,6.473,-0.003,0.002,-0.00,0.450,-0.000,0.000,0.000,0.000,1.000,6.47,10.77567061,106.67090485,10.51,"10°46'32.41""N, 106°40'15.26""E",FIX,
13:26:12.790,1786256772.791,TRACKING,6.500,-0.003,0.002,-0.00,0.450,-0.000,0.000,0.000,0.000,1.000,6.50,10.77567061,106.67090485,10.51,"10°46'32.41""N, 106°40'15.26""E",FIX,
13:26:12.869,1786256772.869,TRACKING,6.527,-0.003,0.002,-0.00,0.450,-0.000,0.000,0.000,0.000,1.000,6.53,10.77567061,106.67090485,10.51,"10°46'32.41""N, 106°40'15.26""E",FIX,
13:26:12.979,1786256772.979,TRACKING,6.563,-0.003,0.002,-0.00,0.450,-0.000,0.000,0.000,0.000,1.000,6.56,10.77567061,106.67090526,10.51,"10°46'32.41""N, 106°40'15.26""E",FIX,
13:26:13.062,1786256773.063,TRACKING,6.590,-0.003,0.002,-0.00,0.450,-0.000,0.000,0.000,0.000,1.000,6.59,10.77567061,106.67090526,10.51,"10°46'32.41""N, 106°40'15.26""E",FIX,
13:26:13.178,1786256773.178,TRACKING,6.617,-0.003,0.002,-0.00,0.450,-0.000,0.000,0.000,0.000,1.000,6.62,10.77567061,106.67090526,10.51,"10°46'32.41""N, 106°40'15.26""E",FIX,
13:26:13.299,1786256773.299,TRACKING,6.653,-0.003,0.002,-0.00,0.450,-0.000,0.000,0.000,0.000,1.000,6.65,10.77567061,106.67090567,10.51,"10°46'32.41""N, 106°40'15.26""E",FIX,
13:26:13.398,1786256773.399,TRACKING,6.680,-0.002,0.002,-0.00,0.450,-0.000,0.000,0.000,0.000,1.000,6.68,10.77567061,106.67090567,10.51,"10°46'32.41""N, 106°40'15.26""E",FIX,
13:26:13.519,1786256773.520,TRACKING,6.716,-0.002,0.002,-0.00,0.450,-0.000,0.000,0.000,0.000,1.000,6.72,10.77567061,106.67090567,10.51,"10°46'32.41""N, 106°40'15.26""E",FIX,
13:26:13.573,1786256773.574,TRACKING,6.743,-0.002,0.002,-0.00,0.450,-0.000,0.000,0.000,0.000,1.000,6.74,10.77567061,106.67090608,10.51,"10°46'32.41""N, 106°40'15.26""E",FIX,
13:26:13.667,1786256773.667,TRACKING,6.779,-0.002,0.002,-0.00,0.450,-0.000,0.000,0.000,0.000,1.000,6.78,10.77567061,106.67090608,10.51,"10°46'32.41""N, 106°40'15.26""E",FIX,
13:26:13.767,1786256773.768,TRACKING,6.806,-0.002,0.002,-0.00,0.450,-0.000,0.000,0.000,0.000,1.000,6.81,10.77567061,106.67090608,10.51,"10°46'32.41""N, 106°40'15.26""E",FIX,
13:26:13.847,1786256773.847,TRACKING,6.833,-0.002,0.002,0.00,0.450,-0.002,0.000,0.000,0.000,1.000,6.83,10.77567061,106.67090649,10.51,"10°46'32.41""N, 106°40'15.26""E",FIX,
13:26:13.965,1786256773.966,TRACKING,6.869,-0.002,0.002,0.00,0.450,-0.002,0.000,0.000,0.000,1.000,6.87,10.77567061,106.67090649,10.51,"10°46'32.41""N, 106°40'15.26""E",FIX,
13:26:14.047,1786256774.048,TRACKING,6.896,-0.002,0.002,0.01,0.450,-0.001,0.000,0.000,0.000,1.000,6.90,10.77567061,106.67090649,10.51,"10°46'32.41""N, 106°40'15.26""E",FIX,
13:26:14.140,1786256774.140,TRACKING,6.923,-0.002,0.002,0.01,0.450,-0.001,0.000,0.000,0.000,0.667,6.92,10.77567061,106.67090691,10.51,"10°46'32.41""N, 106°40'15.26""E",FIX,
13:26:14.237,1786256774.238,TRACKING,6.950,-0.002,0.001,0.01,0.450,-0.001,0.000,0.000,0.000,0.583,6.95,10.77567061,106.67090691,10.51,"10°46'32.41""N, 106°40'15.26""E",FIX,
13:26:14.334,1786256774.335,TRACKING,6.977,-0.002,0.001,0.01,0.450,-0.001,0.000,0.000,0.000,0.667,6.98,10.77567061,106.67090691,10.51,"10°46'32.41""N, 106°40'15.26""E",FIX,
13:26:14.438,1786256774.438,TRACKING,7.013,-0.002,0.001,0.01,0.450,-0.001,0.000,0.000,0.000,0.750,7.01,10.77567061,106.67090732,10.51,"10°46'32.41""N, 106°40'15.27""E",FIX,
13:26:14.517,1786256774.517,TRACKING,7.040,-0.002,0.001,0.01,0.450,-0.001,0.000,0.000,0.000,0.812,7.04,10.77567061,106.67090732,10.51,"10°46'32.41""N, 106°40'15.27""E",FIX,
13:26:14.606,1786256774.607,TRACKING,7.067,-0.002,0.001,0.01,0.450,-0.001,0.000,0.000,0.000,0.875,7.07,10.77567061,106.67090732,10.51,"10°46'32.41""N, 106°40'15.27""E",FIX,
13:26:14.720,1786256774.721,TRACKING,7.103,-0.002,0.001,0.01,0.450,-0.001,0.000,0.000,0.000,0.958,7.10,10.77567061,106.67090773,10.51,"10°46'32.41""N, 106°40'15.27""E",FIX,
13:26:14.788,1786256774.789,TRACKING,7.130,-0.002,0.001,0.01,0.450,-0.001,0.000,0.000,0.000,1.000,7.13,10.77567061,106.67090773,10.51,"10°46'32.41""N, 106°40'15.27""E",FIX,
13:26:14.892,1786256774.892,TRACKING,7.157,-0.002,0.001,0.01,0.450,-0.001,0.000,0.000,0.000,1.000,7.16,10.77567061,106.67090773,10.51,"10°46'32.41""N, 106°40'15.27""E",FIX,
13:26:15.008,1786256775.009,TRACKING,7.184,-0.002,0.001,0.01,0.450,-0.001,0.000,0.000,0.000,1.000,7.18,10.77567061,106.67090773,10.51,"10°46'32.41""N, 106°40'15.27""E",FIX,
13:26:15.116,1786256775.117,TRACKING,7.220,-0.002,0.001,0.01,0.450,-0.001,0.000,0.000,0.000,1.000,7.22,10.77567061,106.67090814,10.51,"10°46'32.41""N, 106°40'15.27""E",FIX,
13:26:15.193,1786256775.194,TRACKING,7.247,-0.002,0.001,0.01,0.450,-0.001,0.000,0.000,0.000,1.000,7.25,10.77567061,106.67090814,10.51,"10°46'32.41""N, 106°40'15.27""E",FIX,
13:26:15.285,1786256775.285,TRACKING,7.283,-0.002,0.001,0.01,0.450,-0.001,0.000,0.000,0.000,1.000,7.28,10.77567061,106.67090855,10.51,"10°46'32.41""N, 106°40'15.27""E",FIX,
13:26:15.426,1786256775.426,TRACKING,7.301,-0.002,0.001,0.01,0.450,-0.001,0.000,0.000,0.000,1.000,7.30,10.77567061,106.67090855,10.51,"10°46'32.41""N, 106°40'15.27""E",FIX,
13:26:15.530,1786256775.530,TRACKING,7.337,-0.002,0.001,0.01,0.450,-0.001,0.000,0.000,0.000,1.000,7.34,10.77567061,106.67090855,10.51,"10°46'32.41""N, 106°40'15.27""E",FIX,
13:26:15.593,1786256775.594,TRACKING,7.373,-0.002,0.001,0.01,0.450,-0.001,0.000,0.000,0.000,1.000,7.37,10.77567061,106.67090896,10.51,"10°46'32.41""N, 106°40'15.27""E",FIX,
13:26:15.681,1786256775.682,TRACKING,7.400,-0.002,0.001,0.01,0.450,-0.001,0.000,0.000,0.000,1.000,7.40,10.77567061,106.67090896,10.51,"10°46'32.41""N, 106°40'15.27""E",FIX,
13:26:15.790,1786256775.790,TRACKING,7.427,-0.002,0.001,0.01,0.450,-0.001,0.000,0.000,0.000,1.000,7.43,10.77567061,106.67090896,10.51,"10°46'32.41""N, 106°40'15.27""E",FIX,
13:26:15.866,1786256775.867,TRACKING,7.463,-0.002,0.001,0.01,0.450,-0.001,0.000,0.000,0.000,1.000,7.46,10.77567061,106.67090937,10.51,"10°46'32.41""N, 106°40'15.27""E",FIX,
13:26:15.941,1786256775.942,TRACKING,7.481,-0.001,0.000,0.01,0.450,-0.001,0.000,0.000,0.000,1.000,7.48,10.77567061,106.67090937,10.51,"10°46'32.41""N, 106°40'15.27""E",FIX,
13:26:16.032,1786256776.033,TRACKING,7.517,-0.001,0.000,0.01,0.450,-0.001,0.000,0.000,0.000,1.000,7.52,10.77567061,106.67090937,10.51,"10°46'32.41""N, 106°40'15.27""E",FIX,
13:26:16.158,1786256776.158,TRACKING,7.562,-0.001,0.000,0.01,0.450,-0.001,0.000,0.000,0.000,1.000,7.56,10.77567061,106.67090979,10.51,"10°46'32.41""N, 106°40'15.28""E",FIX,
13:26:16.201,1786256776.201,TRACKING,7.571,-0.001,0.000,0.01,0.450,-0.001,0.000,0.000,0.000,1.000,7.57,10.77567061,106.67090979,10.51,"10°46'32.41""N, 106°40'15.28""E",FIX,
13:26:16.307,1786256776.307,TRACKING,7.607,-0.001,0.000,0.01,0.450,-0.001,0.000,0.000,0.000,1.000,7.61,10.77567061,106.67090979,10.51,"10°46'32.41""N, 106°40'15.28""E",FIX,
13:26:16.393,1786256776.393,TRACKING,7.634,-0.001,0.000,0.01,0.450,-0.001,0.000,0.000,0.000,1.000,7.63,10.77567061,106.67090979,10.51,"10°46'32.41""N, 106°40'15.28""E",FIX,
13:26:16.536,1786256776.537,TRACKING,7.661,-0.001,0.000,0.01,0.450,-0.001,0.000,0.000,0.000,1.000,7.66,10.77567061,106.67091020,10.51,"10°46'32.41""N, 106°40'15.28""E",FIX,
13:26:16.618,1786256776.619,TRACKING,7.688,-0.001,0.000,-0.00,0.450,0.010,0.000,0.000,0.000,1.000,7.69,10.77567061,106.67091020,10.51,"10°46'32.41""N, 106°40'15.28""E",FIX,
13:26:16.693,1786256776.694,TRACKING,7.724,-0.001,0.001,-0.01,0.450,0.007,0.000,0.000,0.000,0.500,7.72,10.77567061,106.67091020,10.51,"10°46'32.41""N, 106°40'15.28""E",FIX,
13:26:16.780,1786256776.780,TRACKING,7.760,-0.001,0.001,-0.02,0.450,0.006,0.000,0.000,0.000,0.583,7.76,10.77567061,106.67091061,10.51,"10°46'32.41""N, 106°40'15.28""E",FIX,
13:26:16.841,1786256776.841,TRACKING,7.778,-0.001,0.001,-0.02,0.450,0.007,0.000,0.000,0.000,0.646,7.78,10.77567061,106.67091061,10.51,"10°46'32.41""N, 106°40'15.28""E",FIX,
13:26:16.941,1786256776.942,TRACKING,7.814,-0.001,0.002,-0.03,0.450,0.005,0.000,0.000,0.000,0.708,7.81,10.77567061,106.67091061,10.51,"10°46'32.41""N, 106°40'15.28""E",FIX,
13:26:17.039,1786256777.039,TRACKING,7.841,-0.001,0.002,-0.03,0.450,0.005,0.000,0.000,0.000,0.771,7.84,10.77567061,106.67091102,10.51,"10°46'32.41""N, 106°40'15.28""E",FIX,
13:26:17.130,1786256777.131,TRACKING,7.868,-0.001,0.003,-0.03,0.450,0.004,0.000,0.000,0.000,0.833,7.87,10.77567061,106.67091102,10.51,"10°46'32.41""N, 106°40'15.28""E",FIX,
13:26:17.226,1786256777.226,TRACKING,7.904,-0.001,0.003,-0.03,0.450,0.004,0.000,0.000,0.000,0.917,7.90,10.77567061,106.67091102,10.51,"10°46'32.41""N, 106°40'15.28""E",FIX,
13:26:17.323,1786256777.324,TRACKING,7.922,-0.001,0.003,-0.03,0.450,0.004,0.000,0.000,0.000,1.000,7.92,10.77567061,106.67091143,10.51,"10°46'32.41""N, 106°40'15.28""E",FIX,
13:26:17.421,1786256777.421,TRACKING,7.958,-0.001,0.003,-0.03,0.450,0.003,0.000,0.000,0.000,1.000,7.96,10.77567061,106.67091143,10.51,"10°46'32.41""N, 106°40'15.28""E",FIX,
13:26:17.528,1786256777.529,TRACKING,7.994,-0.001,0.004,-0.03,0.450,0.003,0.000,0.000,0.000,1.000,7.99,10.77567061,106.67091143,10.51,"10°46'32.41""N, 106°40'15.28""E",FIX,
13:26:17.656,1786256777.656,TRACKING,8.021,-0.001,0.004,-0.04,0.450,0.003,0.000,0.000,0.000,1.000,8.02,10.77567061,106.67091184,10.51,"10°46'32.41""N, 106°40'15.28""E",FIX,
13:26:17.747,1786256777.747,TRACKING,8.048,-0.001,0.004,-0.04,0.450,0.003,0.000,0.000,0.000,1.000,8.05,10.77567061,106.67091184,10.51,"10°46'32.41""N, 106°40'15.28""E",FIX,
13:26:17.837,1786256777.837,TRACKING,8.075,-0.000,0.004,-0.04,0.450,0.003,0.000,0.000,0.000,1.000,8.08,10.77567061,106.67091184,10.51,"10°46'32.41""N, 106°40'15.28""E",FIX,
13:26:17.944,1786256777.945,TRACKING,8.111,-0.000,0.004,-0.04,0.450,0.003,0.000,0.000,0.000,1.000,8.11,10.77567061,106.67091225,10.51,"10°46'32.41""N, 106°40'15.28""E",FIX,
13:26:17.998,1786256777.998,TRACKING,8.129,-0.000,0.005,-0.04,0.450,0.003,0.000,0.000,0.000,1.000,8.13,10.77567061,106.67091225,10.51,"10°46'32.41""N, 106°40'15.28""E",FIX,
13:26:18.107,1786256778.107,TRACKING,8.174,-0.000,0.005,-0.04,0.450,0.003,0.000,0.000,0.000,1.000,8.17,10.77567061,106.67091225,10.51,"10°46'32.41""N, 106°40'15.28""E",FIX,
13:26:18.193,1786256778.194,TRACKING,8.201,0.000,0.005,-0.04,0.450,0.003,0.000,0.000,0.000,1.000,8.20,10.77567061,106.67091267,10.51,"10°46'32.41""N, 106°40'15.29""E",FIX,
13:26:18.273,1786256778.273,TRACKING,8.228,0.000,0.005,-0.04,0.450,0.003,0.000,0.000,0.000,1.000,8.23,10.77567061,106.67091267,10.51,"10°46'32.41""N, 106°40'15.29""E",FIX,
13:26:18.378,1786256778.379,TRACKING,8.255,0.000,0.005,-0.04,0.450,0.003,0.000,0.000,0.000,1.000,8.26,10.77567061,106.67091267,10.51,"10°46'32.41""N, 106°40'15.29""E",FIX,
13:26:18.511,1786256778.511,TRACKING,8.291,0.001,0.006,-0.04,0.450,0.005,0.000,0.000,0.000,1.000,8.29,10.77567061,106.67091308,10.51,"10°46'32.41""N, 106°40'15.29""E",FIX,
13:26:18.592,1786256778.592,TRACKING,8.318,0.001,0.006,-0.04,0.450,0.005,0.000,0.000,0.000,1.000,8.32,10.77567061,106.67091308,10.51,"10°46'32.41""N, 106°40'15.29""E",FIX,
13:26:18.666,1786256778.666,TRACKING,8.345,0.001,0.006,-0.04,0.450,0.004,0.000,0.000,0.000,1.000,8.35,10.77567061,106.67091308,10.51,"10°46'32.41""N, 106°40'15.29""E",FIX,
13:26:18.757,1786256778.758,TRACKING,8.381,0.001,0.006,-0.04,0.450,0.004,0.000,0.000,0.000,1.000,8.38,10.77567061,106.67091349,10.51,"10°46'32.41""N, 106°40'15.29""E",FIX,
13:26:18.821,1786256778.821,TRACKING,8.408,0.001,0.007,-0.04,0.450,0.004,0.000,0.000,0.000,1.000,8.41,10.77567061,106.67091349,10.51,"10°46'32.41""N, 106°40'15.29""E",FIX,
13:26:18.902,1786256778.902,TRACKING,8.444,0.002,0.007,-0.04,0.450,0.004,0.000,0.000,0.000,1.000,8.44,10.77567061,106.67091349,10.51,"10°46'32.41""N, 106°40'15.29""E",FIX,
13:26:18.996,1786256778.996,TRACKING,8.462,0.002,0.007,-0.04,0.450,0.004,0.000,0.000,0.000,1.000,8.46,10.77567061,106.67091390,10.51,"10°46'32.41""N, 106°40'15.29""E",FIX,
13:26:19.106,1786256779.107,TRACKING,8.498,0.002,0.008,-0.05,0.450,0.006,0.000,0.000,0.000,0.667,8.50,10.77567061,106.67091390,10.51,"10°46'32.41""N, 106°40'15.29""E",FIX,
13:26:27.574,1786256787.574,UTURN_PLANNING,11.061,0.023,0.008,0.00,0.000,0.000,0.000,0.000,0.000,0.000,0.00,10.77567066,106.67092583,10.51,"10°46'32.41""N, 106°40'15.33""E",FIX,
13:26:27.585,1786256787.586,PATH_FOLLOWING,11.061,0.023,0.008,0.00,0.020,-1.500,0.000,0.000,0.000,0.000,0.00,10.77567066,106.67092583,10.51,"10°46'32.41""N, 106°40'15.33""E",FIX,
13:26:27.595,1786256787.595,PATH_FOLLOWING,11.061,0.023,0.008,0.00,0.020,-1.500,0.000,0.000,0.000,0.000,0.00,10.77567066,106.67092586,10.51,"10°46'32.41""N, 106°40'15.33""E",FIX,
13:26:27.603,1786256787.603,PATH_FOLLOWING,11.061,0.023,0.008,0.00,0.020,-1.500,0.000,0.000,0.000,0.000,0.00,10.77567066,106.67092586,10.51,"10°46'32.41""N, 106°40'15.33""E",FIX,
13:26:27.610,1786256787.611,PATH_FOLLOWING,11.061,0.023,0.008,0.00,0.020,-1.500,0.000,0.000,0.000,0.000,0.00,10.77567066,106.67092586,10.51,"10°46'32.41""N, 106°40'15.33""E",FIX,
13:26:27.673,1786256787.674,PATH_FOLLOWING,11.062,0.023,-0.073,0.00,0.020,-1.500,0.000,0.000,0.000,0.000,0.00,10.77567066,106.67092586,10.51,"10°46'32.41""N, 106°40'15.33""E",FIX,
13:26:27.752,1786256787.753,PATH_FOLLOWING,11.064,0.023,-0.163,0.00,0.020,-1.500,0.000,0.000,0.000,0.000,0.00,10.77567067,106.67092586,10.51,"10°46'32.41""N, 106°40'15.33""E",FIX,
13:26:27.860,1786256787.860,PATH_FOLLOWING,11.065,0.023,-0.253,0.00,0.020,-1.500,0.000,0.000,0.000,0.000,0.00,10.77567067,106.67092586,10.51,"10°46'32.41""N, 106°40'15.33""E",FIX,
13:26:27.954,1786256787.955,PATH_FOLLOWING,11.066,0.022,-0.343,0.00,0.020,-1.500,0.000,0.000,0.000,0.000,0.00,10.77567067,106.67092586,10.51,"10°46'32.41""N, 106°40'15.33""E",FIX,
13:26:28.051,1786256788.051,PATH_FOLLOWING,11.067,0.022,-0.463,0.00,0.020,-1.500,0.000,0.000,0.000,0.000,0.00,10.77567075,106.67092588,10.51,"10°46'32.41""N, 106°40'15.33""E",FIX,
13:26:28.125,1786256788.126,PATH_FOLLOWING,11.069,0.021,-0.583,0.00,0.020,-1.500,0.000,0.000,0.000,0.000,0.00,10.77567075,106.67092588,10.51,"10°46'32.41""N, 106°40'15.33""E",FIX,
13:26:28.186,1786256788.187,PATH_FOLLOWING,11.070,0.020,-0.673,0.00,0.021,-1.500,0.000,0.000,0.000,0.000,0.00,10.77567075,106.67092588,10.51,"10°46'32.41""N, 106°40'15.33""E",FIX,
13:26:28.267,1786256788.268,PATH_FOLLOWING,11.071,0.020,-0.763,0.00,0.034,-1.500,0.000,0.000,0.000,0.000,0.00,10.77567092,106.67092589,10.51,"10°46'32.42""N, 106°40'15.33""E",FIX,
13:26:28.343,1786256788.343,PATH_FOLLOWING,11.072,0.018,-0.853,0.00,0.050,-1.500,0.000,0.000,0.000,0.000,0.00,10.77567092,106.67092589,10.51,"10°46'32.42""N, 106°40'15.33""E",FIX,
13:26:28.464,1786256788.464,PATH_FOLLOWING,11.074,0.015,-0.973,0.00,0.075,-1.500,0.000,0.000,0.000,0.000,0.00,10.77567092,106.67092589,10.51,"10°46'32.42""N, 106°40'15.33""E",FIX,
13:26:28.544,1786256788.545,PATH_FOLLOWING,11.076,0.012,-1.063,0.00,0.095,-1.500,0.000,0.000,0.000,0.000,0.00,10.77567106,106.67092593,10.51,"10°46'32.42""N, 106°40'15.33""E",FIX,
13:26:28.632,1786256788.632,PATH_FOLLOWING,11.079,0.007,-1.153,0.00,0.115,-1.500,0.000,0.000,0.000,0.000,0.00,10.77567106,106.67092593,10.51,"10°46'32.42""N, 106°40'15.33""E",FIX,
13:26:28.726,1786256788.727,PATH_FOLLOWING,11.081,0.001,-1.243,0.00,0.135,-1.500,0.000,0.000,0.000,0.000,0.00,10.77567106,106.67092593,10.51,"10°46'32.42""N, 106°40'15.33""E",FIX,
13:26:28.822,1786256788.822,PATH_FOLLOWING,11.084,-0.009,-1.363,0.00,0.161,-1.500,0.000,0.000,0.000,0.000,0.00,10.77567113,106.67092601,10.51,"10°46'32.42""N, 106°40'15.33""E",FIX,
13:26:28.903,1786256788.903,PATH_FOLLOWING,11.085,-0.018,-1.453,0.00,0.179,-1.500,0.000,0.000,0.000,0.000,0.00,10.77567113,106.67092601,10.51,"10°46'32.42""N, 106°40'15.33""E",FIX,
13:26:28.982,1786256788.982,PATH_FOLLOWING,11.086,-0.029,-1.543,0.00,0.196,-1.500,0.000,0.000,0.000,0.000,0.00,10.77567113,106.67092601,10.51,"10°46'32.42""N, 106°40'15.33""E",FIX,
13:26:29.096,1786256789.097,PATH_FOLLOWING,11.086,-0.044,-1.663,0.00,0.216,-1.314,0.000,0.000,0.000,0.000,0.00,10.77567113,106.67092613,10.51,"10°46'32.42""N, 106°40'15.33""E",FIX,
13:26:29.162,1786256789.163,PATH_FOLLOWING,11.085,-0.052,-1.720,0.00,0.225,-1.138,0.000,0.000,0.000,0.000,0.00,10.77567113,106.67092613,10.51,"10°46'32.42""N, 106°40'15.33""E",FIX,
13:26:29.270,1786256789.270,PATH_FOLLOWING,11.081,-0.069,-1.815,0.00,0.236,-0.843,0.000,0.000,0.000,0.000,0.00,10.77567113,106.67092613,10.51,"10°46'32.42""N, 106°40'15.33""E",FIX,
13:26:29.344,1786256789.344,PATH_FOLLOWING,11.077,-0.083,-1.873,0.00,0.241,-0.665,0.000,0.000,0.000,0.000,0.00,10.77567104,106.67092629,10.51,"10°46'32.42""N, 106°40'15.33""E",FIX,
13:26:29.446,1786256789.447,PATH_FOLLOWING,11.073,-0.096,-1.918,0.00,0.244,-0.529,0.000,0.000,0.000,0.000,0.00,10.77567104,106.67092629,10.51,"10°46'32.42""N, 106°40'15.33""E",FIX,
13:26:29.624,1786256789.625,PATH_FOLLOWING,11.058,-0.132,-2.006,0.00,0.249,-0.261,0.000,0.000,0.000,0.000,0.00,10.77567091,106.67092646,10.51,"10°46'32.42""N, 106°40'15.34""E",FIX,
13:26:29.633,1786256789.633,PATH_FOLLOWING,11.058,-0.132,-2.006,0.00,0.249,-0.261,0.000,0.000,0.000,0.000,0.00,10.77567091,106.67092646,10.51,"10°46'32.42""N, 106°40'15.34""E",FIX,
13:26:29.688,1786256789.688,PATH_FOLLOWING,11.051,-0.146,-2.026,0.00,0.240,-0.716,0.000,0.000,0.000,0.000,0.00,10.77567091,106.67092646,10.51,"10°46'32.42""N, 106°40'15.34""E",FIX,
13:26:29.768,1786256789.769,PATH_FOLLOWING,11.045,-0.159,-2.063,0.00,0.243,-0.600,0.000,0.000,0.000,0.000,0.00,10.77567091,106.67092646,10.51,"10°46'32.42""N, 106°40'15.34""E",FIX,
13:26:29.868,1786256789.869,PATH_FOLLOWING,11.038,-0.171,-2.101,0.00,0.245,-0.476,0.000,0.000,0.000,0.000,0.00,10.77567076,106.67092663,10.51,"10°46'32.41""N, 106°40'15.34""E",FIX,
13:26:29.936,1786256789.937,PATH_FOLLOWING,11.030,-0.184,-2.134,0.00,0.247,-0.370,0.000,0.000,0.000,0.000,0.00,10.77567076,106.67092663,10.51,"10°46'32.41""N, 106°40'15.34""E",FIX,
13:26:30.032,1786256790.033,PATH_FOLLOWING,11.022,-0.196,-2.159,0.00,0.248,-0.290,0.000,0.000,0.000,0.000,0.00,10.77567076,106.67092663,10.51,"10°46'32.41""N, 106°40'15.34""E",FIX,
13:26:30.138,1786256790.139,PATH_FOLLOWING,11.014,-0.208,-2.179,0.00,0.249,-0.225,0.000,0.000,0.000,0.000,0.00,10.77567061,106.67092679,10.51,"10°46'32.41""N, 106°40'15.34""E",FIX,
13:26:30.255,1786256790.256,PATH_FOLLOWING,10.999,-0.229,-2.202,0.00,0.250,-0.150,0.000,0.000,0.000,0.000,0.00,10.77567061,106.67092679,10.51,"10°46'32.41""N, 106°40'15.34""E",FIX,
13:26:30.341,1786256790.341,PATH_FOLLOWING,10.990,-0.241,-2.212,0.00,0.250,-0.119,0.000,0.000,0.000,0.000,0.00,10.77567061,106.67092679,10.51,"10°46'32.41""N, 106°40'15.34""E",FIX,
13:26:30.448,1786256790.449,PATH_FOLLOWING,10.978,-0.257,-2.222,0.00,0.250,-0.087,0.000,0.000,0.000,0.000,0.00,10.77567045,106.67092695,10.51,"10°46'32.41""N, 106°40'15.34""E",FIX,
13:26:30.511,1786256790.511,PATH_FOLLOWING,10.969,-0.269,-2.228,0.00,0.250,-0.068,0.000,0.000,0.000,0.000,0.00,10.77567045,106.67092695,10.51,"10°46'32.41""N, 106°40'15.34""E",FIX,
13:26:30.578,1786256790.579,PATH_FOLLOWING,10.960,-0.280,-2.232,0.00,0.250,-0.054,0.000,0.000,0.000,0.000,0.00,10.77567045,106.67092695,10.51,"10°46'32.41""N, 106°40'15.34""E",FIX,
13:26:30.673,1786256790.673,PATH_FOLLOWING,10.951,-0.292,-2.235,0.00,0.250,-0.043,0.000,0.000,0.000,0.000,0.00,10.77567029,106.67092711,10.51,"10°46'32.41""N, 106°40'15.34""E",FIX,
13:26:30.815,1786256790.815,PATH_FOLLOWING,10.941,-0.304,-2.238,0.00,0.250,-0.034,0.000,0.000,0.000,0.000,0.00,10.77567029,106.67092711,10.51,"10°46'32.41""N, 106°40'15.34""E",FIX,
13:26:30.984,1786256790.984,PATH_FOLLOWING,10.932,-0.316,-2.240,0.00,0.250,-0.028,0.000,0.000,0.000,0.000,0.00,10.77567029,106.67092711,10.51,"10°46'32.41""N, 106°40'15.34""E",FIX,
13:26:31.050,1786256791.051,PATH_FOLLOWING,10.923,-0.328,-2.242,0.00,0.250,-0.022,0.000,0.000,0.000,0.000,0.00,10.77567013,106.67092727,10.51,"10°46'32.41""N, 106°40'15.34""E",FIX,
13:26:31.150,1786256791.151,PATH_FOLLOWING,10.913,-0.339,-2.244,0.00,0.250,-0.017,0.000,0.000,0.000,0.000,0.00,10.77567013,106.67092727,10.51,"10°46'32.41""N, 106°40'15.34""E",FIX,
13:26:31.257,1786256791.257,PATH_FOLLOWING,10.901,-0.355,-2.245,0.00,0.250,-0.013,0.000,0.000,0.000,0.000,0.00,10.77567013,106.67092727,10.51,"10°46'32.41""N, 106°40'15.34""E",FIX,
13:26:31.358,1786256791.358,PATH_FOLLOWING,10.892,-0.367,-2.246,0.00,0.250,-0.010,0.000,0.000,0.000,0.000,0.00,10.77566997,106.67092743,10.51,"10°46'32.41""N, 106°40'15.34""E",FIX,
13:26:31.438,1786256791.439,PATH_FOLLOWING,10.879,-0.382,-2.247,0.00,0.250,-0.007,0.000,0.000,0.000,0.000,0.00,10.77566997,106.67092743,10.51,"10°46'32.41""N, 106°40'15.34""E",FIX,
13:26:31.524,1786256791.524,PATH_FOLLOWING,10.870,-0.394,-2.247,0.00,0.250,-0.006,0.000,0.000,0.000,0.000,0.00,10.77566997,106.67092743,10.51,"10°46'32.41""N, 106°40'15.34""E",FIX,
13:26:31.634,1786256791.634,PATH_FOLLOWING,10.860,-0.406,-2.248,0.00,0.250,-0.005,0.000,0.000,0.000,0.000,0.00,10.77566981,106.67092759,10.51,"10°46'32.41""N, 106°40'15.34""E",FIX,
13:26:31.735,1786256791.735,PATH_FOLLOWING,10.851,-0.417,-2.248,0.00,0.250,-0.004,0.000,0.000,0.000,0.000,0.00,10.77566981,106.67092759,10.51,"10°46'32.41""N, 106°40'15.34""E",FIX,
13:26:31.849,1786256791.850,PATH_FOLLOWING,10.838,-0.433,-2.248,0.00,0.250,-0.003,0.000,0.000,0.000,0.000,0.00,10.77566981,106.67092759,10.51,"10°46'32.41""N, 106°40'15.34""E",FIX,
13:26:31.903,1786256791.903,PATH_FOLLOWING,10.832,-0.441,-2.248,0.00,0.250,-0.002,0.000,0.000,0.000,0.000,0.00,10.77566981,106.67092759,10.51,"10°46'32.41""N, 106°40'15.34""E",FIX,
13:26:32.008,1786256792.009,PATH_FOLLOWING,10.820,-0.456,-2.249,0.00,0.250,-0.002,0.000,0.000,0.000,0.000,0.00,10.77566964,106.67092775,10.51,"10°46'32.41""N, 106°40'15.34""E",FIX,
13:26:32.126,1786256792.126,PATH_FOLLOWING,10.804,-0.476,-2.249,0.00,0.250,-0.001,0.000,0.000,0.000,0.000,0.00,10.77566964,106.67092775,10.51,"10°46'32.41""N, 106°40'15.34""E",FIX,
13:26:32.179,1786256792.179,PATH_FOLLOWING,10.798,-0.484,-2.249,0.00,0.250,-0.001,0.000,0.000,0.000,0.000,0.00,10.77566948,106.67092791,10.51,"10°46'32.41""N, 106°40'15.34""E",FIX,
13:26:32.289,1786256792.290,PATH_FOLLOWING,10.785,-0.499,-2.249,0.00,0.250,-0.001,0.000,0.000,0.000,0.000,0.00,10.77566948,106.67092791,10.51,"10°46'32.41""N, 106°40'15.34""E",FIX,
13:26:32.385,1786256792.385,PATH_FOLLOWING,10.779,-0.507,-2.249,0.00,0.250,-0.001,0.000,0.000,0.000,0.000,0.00,10.77566948,106.67092791,10.51,"10°46'32.41""N, 106°40'15.34""E",FIX,
13:26:32.481,1786256792.481,PATH_FOLLOWING,10.766,-0.522,-2.249,0.00,0.250,-0.000,0.000,0.000,0.000,0.000,0.00,10.77566932,106.67092807,10.51,"10°46'32.41""N, 106°40'15.34""E",FIX,
13:26:32.564,1786256792.565,PATH_FOLLOWING,10.757,-0.534,-2.249,0.00,0.250,-0.000,0.000,0.000,0.000,0.000,0.00,10.77566932,106.67092807,10.51,"10°46'32.41""N, 106°40'15.34""E",FIX,
13:26:32.680,1786256792.680,PATH_FOLLOWING,10.744,-0.550,-2.249,0.00,0.250,-0.000,0.000,0.000,0.000,0.000,0.00,10.77566932,106.67092807,10.51,"10°46'32.41""N, 106°40'15.34""E",FIX,
13:26:32.778,1786256792.778,PATH_FOLLOWING,10.735,-0.561,-2.249,0.00,0.250,-0.000,0.000,0.000,0.000,0.000,0.00,10.77566916,106.67092823,10.51,"10°46'32.41""N, 106°40'15.34""E",FIX,
13:26:32.874,1786256792.874,PATH_FOLLOWING,10.726,-0.573,-2.249,0.00,0.250,-0.000,0.000,0.000,0.000,0.000,0.00,10.77566916,106.67092823,10.51,"10°46'32.41""N, 106°40'15.34""E",FIX,
13:26:32.992,1786256792.993,PATH_FOLLOWING,10.716,-0.585,-2.249,0.00,0.250,-0.000,0.000,0.000,0.000,0.000,0.00,10.77566916,106.67092823,10.51,"10°46'32.41""N, 106°40'15.34""E",FIX,
13:26:33.119,1786256793.119,PATH_FOLLOWING,10.704,-0.600,-2.249,0.00,0.250,-0.000,0.000,0.000,0.000,0.000,0.00,10.77566900,106.67092839,10.51,"10°46'32.41""N, 106°40'15.34""E",FIX,
13:26:33.224,1786256793.224,PATH_FOLLOWING,10.694,-0.612,-2.249,0.00,0.250,-0.000,0.000,0.000,0.000,0.000,0.00,10.77566900,106.67092839,10.51,"10°46'32.41""N, 106°40'15.34""E",FIX,
13:26:33.356,1786256793.357,PATH_FOLLOWING,10.682,-0.628,-2.249,0.00,0.000,0.000,0.000,0.000,0.000,0.000,0.00,10.77566900,106.67092839,10.51,"10°46'32.41""N, 106°40'15.34""E",FIX,
13:26:33.440,1786256793.440,UTURN_EXECUTION,10.679,-0.631,-2.249,0.00,0.250,-1.500,0.000,0.000,0.000,0.000,0.00,10.77566887,106.67092852,10.51,"10°46'32.41""N, 106°40'15.34""E",FIX,
13:26:33.554,1786256793.554,UTURN_EXECUTION,10.671,-0.640,-2.326,0.00,0.250,-1.500,0.000,0.000,0.000,0.000,0.00,10.77566887,106.67092852,10.51,"10°46'32.41""N, 106°40'15.34""E",FIX,
13:26:33.686,1786256793.686,UTURN_EXECUTION,10.660,-0.651,-2.416,0.00,0.250,-1.500,0.000,0.000,0.000,0.000,0.00,10.77566887,106.67092852,10.51,"10°46'32.41""N, 106°40'15.34""E",FIX,
13:26:33.798,1786256793.799,UTURN_EXECUTION,10.648,-0.660,-2.506,0.00,0.250,-1.500,0.000,0.000,0.000,0.000,0.00,10.77566887,106.67092852,10.51,"10°46'32.41""N, 106°40'15.34""E",FIX,
13:26:33.913,1786256793.913,UTURN_EXECUTION,10.627,-0.673,-2.656,0.00,0.250,-1.500,0.000,0.000,0.000,0.000,0.00,10.77566872,106.67092866,10.51,"10°46'32.41""N, 106°40'15.34""E",FIX,
13:26:33.979,1786256793.980,UTURN_EXECUTION,10.614,-0.680,-2.746,0.00,0.250,-1.500,0.000,0.000,0.000,0.000,0.00,10.77566872,106.67092866,10.51,"10°46'32.41""N, 106°40'15.34""E",FIX,
13:26:34.040,1786256794.040,UTURN_EXECUTION,10.604,-0.683,-2.806,0.00,0.250,-1.500,0.000,0.000,0.000,0.000,0.00,10.77566854,106.67092883,10.51,"10°46'32.41""N, 106°40'15.34""E",FIX,
13:26:34.129,1786256794.130,UTURN_EXECUTION,10.585,-0.689,-2.926,0.00,0.250,-1.500,0.000,0.000,0.000,0.000,0.00,10.77566854,106.67092883,10.51,"10°46'32.41""N, 106°40'15.34""E",FIX,
13:26:34.228,1786256794.229,UTURN_EXECUTION,10.570,-0.691,-3.016,0.00,0.250,-1.500,0.000,0.000,0.000,0.000,0.00,10.77566854,106.67092883,10.51,"10°46'32.41""N, 106°40'15.34""E",FIX,
13:26:34.347,1786256794.347,UTURN_EXECUTION,10.550,-0.693,-3.136,0.00,0.250,-1.500,0.000,0.000,0.000,0.000,0.00,10.77566835,106.67092902,10.51,"10°46'32.41""N, 106°40'15.34""E",FIX,
13:26:34.399,1786256794.400,UTURN_EXECUTION,10.540,-0.693,3.088,0.00,0.250,-1.500,0.000,0.000,0.000,0.000,0.00,10.77566835,106.67092902,10.51,"10°46'32.41""N, 106°40'15.34""E",FIX,
13:26:34.512,1786256794.512,UTURN_EXECUTION,10.516,-0.689,2.938,0.00,0.250,-1.500,0.000,0.000,0.000,0.000,0.00,10.77566835,106.67092902,10.51,"10°46'32.41""N, 106°40'15.34""E",FIX,
13:26:34.568,1786256794.569,UTURN_EXECUTION,10.506,-0.687,2.878,0.00,0.250,-1.500,0.000,0.000,0.000,0.000,0.00,10.77566835,106.67092902,10.51,"10°46'32.41""N, 106°40'15.34""E",FIX,
13:26:34.650,1786256794.650,UTURN_EXECUTION,10.487,-0.681,2.758,0.00,0.250,-1.500,0.000,0.000,0.000,0.000,0.00,10.77566815,106.67092924,10.51,"10°46'32.41""N, 106°40'15.35""E",FIX,
13:26:34.741,1786256794.742,UTURN_EXECUTION,10.478,-0.677,2.698,0.00,0.250,-1.500,0.000,0.000,0.000,0.000,0.00,10.77566815,106.67092924,10.51,"10°46'32.41""N, 106°40'15.35""E",FIX,
13:26:34.831,1786256794.831,UTURN_EXECUTION,10.460,-0.667,2.578,0.00,0.250,-1.500,0.000,0.000,0.000,0.000,0.00,10.77566815,106.67092924,10.51,"10°46'32.41""N, 106°40'15.35""E",FIX,
13:26:34.929,1786256794.930,UTURN_EXECUTION,10.444,-0.655,2.458,0.00,0.250,-1.500,0.000,0.000,0.000,0.000,0.00,10.77566793,106.67092946,10.51,"10°46'32.40""N, 106°40'15.35""E",FIX,
13:26:35.014,1786256795.014,UTURN_EXECUTION,10.436,-0.649,2.398,0.00,0.250,-1.500,0.000,0.000,0.000,0.000,0.00,10.77566793,106.67092946,10.51,"10°46'32.40""N, 106°40'15.35""E",FIX,
13:26:35.115,1786256795.116,UTURN_EXECUTION,10.423,-0.634,2.278,0.00,0.250,-1.500,0.000,0.000,0.000,0.000,0.00,10.77566793,106.67092946,10.51,"10°46'32.40""N, 106°40'15.35""E",FIX,
13:26:35.220,1786256795.221,UTURN_EXECUTION,10.411,-0.618,2.158,0.00,0.250,-1.500,0.000,0.000,0.000,0.000,0.00,10.77566771,106.67092971,10.51,"10°46'32.40""N, 106°40'15.35""E",FIX,
13:26:35.335,1786256795.336,UTURN_EXECUTION,10.405,-0.610,2.098,0.00,0.250,-1.500,0.000,0.000,0.000,0.000,0.00,10.77566771,106.67092971,10.51,"10°46'32.40""N, 106°40'15.35""E",FIX,
13:26:35.413,1786256795.414,UTURN_EXECUTION,10.396,-0.592,1.978,0.00,0.250,-1.500,0.000,0.000,0.000,0.000,0.00,10.77566771,106.67092971,10.51,"10°46'32.40""N, 106°40'15.35""E",FIX,
13:26:35.552,1786256795.552,UTURN_EXECUTION,10.389,-0.573,1.858,0.00,0.250,-1.500,0.000,0.000,0.000,0.000,0.00,10.77566749,106.67092996,10.51,"10°46'32.40""N, 106°40'15.35""E",FIX,
13:26:35.646,1786256795.646,UTURN_EXECUTION,10.386,-0.559,1.768,0.00,0.250,-1.500,0.000,0.000,0.000,0.000,0.00,10.77566749,106.67092996,10.51,"10°46'32.40""N, 106°40'15.35""E",FIX,
13:26:35.713,1786256795.713,UTURN_EXECUTION,10.384,-0.544,1.678,0.00,0.250,-1.500,0.000,0.000,0.000,0.000,0.00,10.77566749,106.67092996,10.51,"10°46'32.40""N, 106°40'15.35""E",FIX,
13:26:35.818,1786256795.818,UTURN_EXECUTION,10.383,-0.529,1.588,0.00,0.250,-1.500,0.000,0.000,0.000,0.000,0.00,10.77566726,106.67093019,10.51,"10°46'32.40""N, 106°40'15.35""E",FIX,
13:26:35.891,1786256795.892,UTURN_EXECUTION,10.383,-0.514,1.498,0.00,0.250,-1.500,0.000,0.000,0.000,0.000,0.00,10.77566726,106.67093019,10.51,"10°46'32.40""N, 106°40'15.35""E",FIX,
13:26:35.999,1786256795.999,UTURN_EXECUTION,10.385,-0.499,1.408,0.00,0.250,-1.500,0.000,0.000,0.000,0.000,0.00,10.77566726,106.67093019,10.51,"10°46'32.40""N, 106°40'15.35""E",FIX,
13:26:36.094,1786256796.095,UTURN_EXECUTION,10.388,-0.484,1.318,0.00,0.250,-1.500,0.000,0.000,0.000,0.000,0.00,10.77566704,106.67093036,10.51,"10°46'32.40""N, 106°40'15.35""E",FIX,
13:26:36.209,1786256796.209,UTURN_EXECUTION,10.394,-0.465,1.198,0.00,0.250,-1.500,0.000,0.000,0.000,0.000,0.00,10.77566704,106.67093036,10.51,"10°46'32.40""N, 106°40'15.35""E",FIX,
13:26:36.277,1786256796.278,UTURN_EXECUTION,10.400,-0.452,1.108,0.00,0.250,-1.500,0.000,0.000,0.000,0.000,0.00,10.77566704,106.67093036,10.51,"10°46'32.40""N, 106°40'15.35""E",FIX,
13:26:36.396,1786256796.397,UTURN_EXECUTION,10.410,-0.434,0.988,0.00,0.250,-1.500,0.000,0.000,0.000,0.000,0.00,10.77566682,106.67093047,10.51,"10°46'32.40""N, 106°40'15.35""E",FIX,
13:26:36.511,1786256796.511,UTURN_EXECUTION,10.419,-0.422,0.898,0.00,0.250,-1.500,0.000,0.000,0.000,0.000,0.00,10.77566682,106.67093047,10.51,"10°46'32.40""N, 106°40'15.35""E",FIX,
13:26:36.637,1786256796.638,UTURN_EXECUTION,10.429,-0.411,0.808,0.00,0.250,-1.500,0.000,0.000,0.000,0.000,0.00,10.77566682,106.67093047,10.51,"10°46'32.40""N, 106°40'15.35""E",FIX,
13:26:36.746,1786256796.746,UTURN_EXECUTION,10.444,-0.397,0.688,0.00,0.250,-1.500,0.000,0.000,0.000,0.000,0.00,10.77566661,106.67093051,10.51,"10°46'32.40""N, 106°40'15.35""E",FIX,
13:26:36.811,1786256796.812,UTURN_EXECUTION,10.456,-0.388,0.598,0.00,0.250,-1.500,0.000,0.000,0.000,0.000,0.00,10.77566661,106.67093051,10.51,"10°46'32.40""N, 106°40'15.35""E",FIX,
13:26:36.905,1786256796.905,UTURN_EXECUTION,10.473,-0.378,0.478,0.00,0.250,-1.500,0.000,0.000,0.000,0.000,0.00,10.77566661,106.67093051,10.51,"10°46'32.40""N, 106°40'15.35""E",FIX,
13:26:37.004,1786256797.005,UTURN_EXECUTION,10.491,-0.370,0.358,0.00,0.250,-1.500,0.000,0.000,0.000,0.000,0.00,10.77566642,106.67093049,10.51,"10°46'32.40""N, 106°40'15.35""E",FIX,
13:26:37.070,1786256797.070,UTURN_EXECUTION,10.500,-0.367,0.298,0.00,0.250,-1.500,0.000,0.000,0.000,0.083,0.00,10.77566642,106.67093049,10.51,"10°46'32.40""N, 106°40'15.35""E",FIX,
13:26:37.134,1786256797.134,UTURN_EXECUTION,10.515,-0.363,0.208,0.00,0.250,-1.500,0.000,0.000,0.000,0.042,0.00,10.77566642,106.67093049,10.51,"10°46'32.40""N, 106°40'15.35""E",FIX,
13:26:37.224,1786256797.224,UTURN_EXECUTION,10.535,-0.360,0.088,0.00,0.250,-1.500,0.000,0.000,0.000,0.000,0.00,10.77566623,106.67093041,10.51,"10°46'32.40""N, 106°40'15.35""E",FIX,
13:26:37.339,1786256797.340,UTURN_EXECUTION,10.550,-0.359,-0.002,0.00,0.250,-1.500,0.000,0.000,0.000,0.000,0.00,10.77566623,106.67093041,10.51,"10°46'32.40""N, 106°40'15.35""E",FIX,
13:26:37.420,1786256797.421,UTURN_EXECUTION,10.565,-0.360,-0.092,0.00,0.250,-1.500,0.000,0.000,0.000,0.000,0.00,10.77566623,106.67093041,10.51,"10°46'32.40""N, 106°40'15.35""E",FIX,
13:26:37.521,1786256797.522,UTURN_EXECUTION,10.584,-0.363,-0.212,0.00,0.250,-1.500,0.000,0.000,0.000,0.000,0.00,10.77566606,106.67093027,10.51,"10°46'32.40""N, 106°40'15.35""E",FIX,
13:26:37.619,1786256797.620,UTURN_EXECUTION,10.599,-0.367,-0.302,0.00,0.250,-1.500,0.000,0.000,0.000,0.000,0.00,10.77566606,106.67093027,10.51,"10°46'32.40""N, 106°40'15.35""E",FIX,
13:26:37.706,1786256797.707,UTURN_EXECUTION,10.613,-0.372,-0.392,0.00,0.250,-1.500,0.000,0.000,0.000,0.000,0.00,10.77566606,106.67093027,10.51,"10°46'32.40""N, 106°40'15.35""E",FIX,
13:26:37.849,1786256797.850,UTURN_EXECUTION,10.627,-0.378,-0.482,0.00,0.250,-1.500,0.000,0.000,0.000,0.000,0.00,10.77566589,106.67093011,10.51,"10°46'32.40""N, 106°40'15.35""E",FIX,
13:26:37.953,1786256797.954,UTURN_EXECUTION,10.644,-0.389,-0.602,0.00,0.250,-1.500,0.000,0.000,0.000,0.000,0.00,10.77566589,106.67093011,10.51,"10°46'32.40""N, 106°40'15.35""E",FIX,
13:26:38.072,1786256798.072,UTURN_EXECUTION,10.656,-0.398,-0.692,0.00,0.250,-1.500,0.000,0.000,0.000,0.000,0.00,10.77566589,106.67093011,10.51,"10°46'32.40""N, 106°40'15.35""E",FIX,
13:26:38.157,1786256798.157,UTURN_EXECUTION,10.670,-0.411,-0.812,0.00,0.250,-1.500,0.000,0.000,0.000,0.000,0.00,10.77566574,106.67092994,10.51,"10°46'32.40""N, 106°40'15.35""E",FIX,
13:26:38.244,1786256798.244,UTURN_EXECUTION,10.680,-0.423,-0.902,0.00,0.250,-1.500,0.000,0.000,0.000,0.000,0.00,10.77566574,106.67092994,10.51,"10°46'32.40""N, 106°40'15.35""E",FIX,
13:26:38.322,1786256798.322,UTURN_EXECUTION,10.689,-0.435,-0.992,0.00,0.250,-1.500,0.000,0.000,0.000,0.000,0.00,10.77566574,106.67092994,10.51,"10°46'32.40""N, 106°40'15.35""E",FIX,
13:26:38.438,1786256798.438,UTURN_EXECUTION,10.697,-0.448,-1.082,0.00,0.250,-1.500,0.000,0.000,0.000,0.000,0.00,10.77566556,106.67092975,10.51,"10°46'32.40""N, 106°40'15.35""E",FIX,
13:26:38.540,1786256798.541,UTURN_EXECUTION,10.705,-0.466,-1.202,0.00,0.250,-1.500,0.000,0.000,0.000,0.000,0.00,10.77566556,106.67092975,10.51,"10°46'32.40""N, 106°40'15.35""E",FIX,
13:26:38.632,1786256798.633,UTURN_EXECUTION,10.710,-0.480,-1.292,0.00,0.250,-1.500,0.000,0.000,0.000,0.000,0.00,10.77566556,106.67092975,10.51,"10°46'32.40""N, 106°40'15.35""E",FIX,
13:26:38.736,1786256798.737,UTURN_EXECUTION,10.713,-0.495,-1.382,0.00,0.250,-1.500,0.000,0.000,0.000,0.000,0.00,10.77566535,106.67092955,10.51,"10°46'32.40""N, 106°40'15.35""E",FIX,
13:26:38.788,1786256798.789,UTURN_EXECUTION,10.715,-0.510,-1.472,0.00,0.250,-1.500,0.000,0.000,0.000,0.062,0.00,10.77566535,106.67092955,10.51,"10°46'32.40""N, 106°40'15.35""E",FIX,
13:26:38.903,1786256798.903,UTURN_EXECUTION,10.716,-0.530,-1.592,0.00,0.250,-1.500,0.000,0.000,0.000,0.104,0.00,10.77566535,106.67092955,10.51,"10°46'32.40""N, 106°40'15.35""E",FIX,
13:26:38.971,1786256798.972,UTURN_EXECUTION,10.715,-0.545,-1.682,0.00,0.250,-1.500,0.000,0.000,0.000,0.167,0.00,10.77566514,106.67092934,10.51,"10°46'32.39""N, 106°40'15.35""E",FIX,
13:26:39.051,1786256799.051,UTURN_EXECUTION,10.713,-0.559,-1.772,0.00,0.250,-1.500,0.000,0.000,0.000,1.000,0.00,10.77566514,106.67092934,10.51,"10°46'32.39""N, 106°40'15.35""E",FIX,
13:26:39.138,1786256799.138,TRACKING,10.706,-0.583,-1.919,0.18,0.450,-0.024,0.000,0.000,0.000,1.000,0.02,10.77566514,106.67092934,10.51,"10°46'32.39""N, 106°40'15.35""E",FIX,
13:26:39.225,1786256799.226,TRACKING,10.697,-0.605,-1.945,0.27,0.450,-0.080,0.000,0.000,0.000,1.000,0.05,10.77566491,106.67092912,10.51,"10°46'32.39""N, 106°40'15.34""E",FIX,
13:26:39.278,1786256799.279,TRACKING,10.691,-0.622,-1.946,0.33,0.450,-0.120,0.000,0.000,0.000,1.000,0.07,10.77566491,106.67092912,10.51,"10°46'32.39""N, 106°40'15.34""E",FIX,
13:26:39.375,1786256799.376,TRACKING,10.677,-0.655,-1.955,0.43,0.450,-0.100,0.000,0.000,0.000,1.000,0.10,10.77566491,106.67092912,10.51,"10°46'32.39""N, 106°40'15.34""E",FIX,
13:26:39.468,1786256799.468,TRACKING,10.667,-0.680,-1.961,0.49,0.450,-0.095,0.000,0.000,0.000,1.000,0.13,10.77566481,106.67092872,10.51,"10°46'32.39""N, 106°40'15.34""E",FIX,
13:26:39.546,1786256799.546,TRACKING,10.657,-0.705,-1.967,0.56,0.450,-0.104,0.000,0.000,0.000,1.000,0.16,10.77566481,106.67092872,10.51,"10°46'32.39""N, 106°40'15.34""E",FIX,
13:26:39.697,1786256799.698,TRACKING,10.643,-0.739,-1.975,0.60,0.450,-0.079,0.000,0.000,0.000,0.729,0.19,10.77566481,106.67092872,10.51,"10°46'32.39""N, 106°40'15.34""E",FIX,
13:26:39.783,1786256799.784,TRACKING,10.632,-0.763,-1.981,0.64,0.450,-0.079,0.000,0.000,0.000,0.792,0.22,10.77566471,106.67092832,10.51,"10°46'32.39""N, 106°40'15.34""E",FIX,
13:26:39.883,1786256799.883,TRACKING,10.621,-0.788,-1.986,0.66,0.450,-0.071,0.000,0.000,0.000,0.875,0.25,10.77566471,106.67092832,10.51,"10°46'32.39""N, 106°40'15.34""E",FIX,
13:26:39.969,1786256799.970,TRACKING,10.607,-0.821,-1.992,0.68,0.450,-0.069,0.000,0.000,0.000,0.958,0.28,10.77566471,106.67092832,10.51,"10°46'32.39""N, 106°40'15.34""E",FIX,
13:26:40.082,1786256800.082,TRACKING,10.596,-0.846,-1.996,0.70,0.450,-0.067,0.000,0.000,0.000,1.000,0.31,10.77566462,106.67092792,10.51,"10°46'32.39""N, 106°40'15.34""E",FIX,
13:26:40.145,1786256800.146,TRACKING,10.584,-0.870,-2.000,0.71,0.450,-0.067,0.000,0.000,0.000,1.000,0.34,10.77566462,106.67092792,10.51,"10°46'32.39""N, 106°40'15.34""E",FIX,
13:26:40.261,1786256800.262,TRACKING,10.573,-0.895,-2.004,0.72,0.450,-0.064,0.000,0.000,0.000,1.000,0.36,10.77566462,106.67092792,10.51,"10°46'32.39""N, 106°40'15.34""E",FIX,
13:26:40.368,1786256800.369,TRACKING,10.558,-0.927,-2.009,0.73,0.450,-0.061,0.000,0.000,0.000,0.604,0.40,10.77566453,106.67092751,10.51,"10°46'32.39""N, 106°40'15.34""E",FIX,
13:26:40.448,1786256800.449,TRACKING,10.546,-0.952,-2.013,0.65,0.450,0.031,0.000,0.000,0.000,0.208,0.43,10.77566453,106.67092751,10.51,"10°46'32.39""N, 106°40'15.34""E",FIX,
13:26:40.562,1786256800.563,TRACKING,10.531,-0.984,-2.012,0.59,0.450,-0.002,0.000,0.000,0.000,0.250,0.46,10.77566453,106.67092751,10.51,"10°46'32.39""N, 106°40'15.34""E",FIX,
13:26:40.633,1786256800.633,TRACKING,10.523,-1.001,-2.012,0.53,0.450,0.035,0.000,0.000,0.000,0.312,0.48,10.77566445,106.67092711,10.51,"10°46'32.39""N, 106°40'15.34""E",FIX,
13:26:40.741,1786256800.741,TRACKING,10.508,-1.033,-2.010,0.56,0.450,-0.064,0.000,0.000,0.000,0.375,0.52,10.77566445,106.67092711,10.51,"10°46'32.39""N, 106°40'15.34""E",FIX,
13:26:40.810,1786256800.810,TRACKING,10.497,-1.058,-2.011,0.59,0.450,-0.071,0.000,0.000,0.000,0.437,0.54,10.77566445,106.67092711,10.51,"10°46'32.39""N, 106°40'15.34""E",FIX,
13:26:40.921,1786256800.922,TRACKING,10.485,-1.082,-2.015,0.66,0.450,-0.115,0.000,0.000,0.000,0.500,0.57,10.77566437,106.67092671,10.51,"10°46'32.39""N, 106°40'15.34""E",FIX,
13:26:41.029,1786256801.029,TRACKING,10.469,-1.114,-2.023,0.71,0.450,-0.088,0.000,0.000,0.000,0.562,0.61,10.77566437,106.67092671,10.51,"10°46'32.39""N, 106°40'15.34""E",FIX,
13:26:41.107,1786256801.108,TRACKING,10.458,-1.139,-2.029,0.75,0.450,-0.088,0.000,0.000,0.000,0.604,0.63,10.77566437,106.67092671,10.51,"10°46'32.39""N, 106°40'15.34""E",FIX,
13:26:41.184,1786256801.185,TRACKING,10.446,-1.163,-2.034,0.78,0.450,-0.094,0.000,0.000,0.000,0.667,0.66,10.77566428,106.67092630,10.51,"10°46'32.39""N, 106°40'15.33""E",FIX,
13:26:41.291,1786256801.291,TRACKING,10.429,-1.195,-2.041,0.80,0.450,-0.076,0.000,0.000,0.000,0.750,0.70,10.77566428,106.67092630,10.51,"10°46'32.39""N, 106°40'15.33""E",FIX,
13:26:41.380,1786256801.380,TRACKING,10.417,-1.219,-2.046,0.81,0.450,-0.076,0.000,0.000,0.000,0.812,0.72,10.77566428,106.67092630,10.51,"10°46'32.39""N, 106°40'15.33""E",FIX,
13:26:41.470,1786256801.471,TRACKING,10.405,-1.243,-2.051,0.83,0.450,-0.078,0.000,0.000,0.000,0.875,0.75,10.77566420,106.67092590,10.51,"10°46'32.39""N, 106°40'15.33""E",FIX,
13:26:41.564,1786256801.564,TRACKING,10.388,-1.275,-2.057,0.83,0.450,-0.071,0.000,0.000,0.000,0.937,0.79,10.77566420,106.67092590,10.51,"10°46'32.39""N, 106°40'15.33""E",FIX,
13:26:41.651,1786256801.652,TRACKING,10.375,-1.299,-2.061,0.84,0.450,-0.071,0.000,0.000,0.000,1.000,0.81,10.77566420,106.67092590,10.51,"10°46'32.39""N, 106°40'15.33""E",FIX,
13:26:41.722,1786256801.723,TRACKING,10.362,-1.322,-2.066,0.85,0.450,-0.073,0.000,0.000,0.000,1.000,0.84,10.77566412,106.67092549,10.51,"10°46'32.39""N, 106°40'15.33""E",FIX,
13:26:41.822,1786256801.822,TRACKING,10.350,-1.346,-2.070,0.85,0.450,-0.070,0.000,0.000,0.000,1.000,0.87,10.77566412,106.67092549,10.51,"10°46'32.39""N, 106°40'15.33""E",FIX,
13:26:41.909,1786256801.910,TRACKING,10.337,-1.370,-2.074,0.86,0.450,-0.070,0.000,0.000,0.000,1.000,0.89,10.77566412,106.67092549,10.51,"10°46'32.39""N, 106°40'15.33""E",FIX,
13:26:41.999,1786256802.000,TRACKING,10.319,-1.401,-2.080,0.86,0.450,-0.070,0.000,0.000,0.000,1.000,0.93,10.77566404,106.67092508,10.51,"10°46'32.39""N, 106°40'15.33""E",FIX,
13:26:42.091,1786256802.092,TRACKING,10.301,-1.433,-2.086,0.86,0.450,-0.069,0.000,0.000,0.000,1.000,0.97,10.77566404,106.67092508,10.51,"10°46'32.39""N, 106°40'15.33""E",FIX,
13:26:42.173,1786256802.173,TRACKING,10.288,-1.456,-2.090,0.86,0.450,-0.070,0.000,0.000,0.000,1.000,0.99,10.77566404,106.67092508,10.51,"10°46'32.39""N, 106°40'15.33""E",FIX,
13:26:42.269,1786256802.269,TRACKING,10.275,-1.480,-2.094,0.87,0.450,-0.073,0.000,0.000,0.000,0.937,1.02,10.77566397,106.67092468,10.51,"10°46'32.39""N, 106°40'15.33""E",FIX,
13:26:42.346,1786256802.346,TRACKING,10.257,-1.511,-2.100,0.87,0.450,-0.072,0.000,0.000,0.000,1.000,1.06,10.77566397,106.67092468,10.51,"10°46'32.39""N, 106°40'15.33""E",FIX,
13:26:42.437,1786256802.438,TRACKING,10.248,-1.526,-2.103,0.87,0.450,-0.069,0.000,0.000,0.000,0.583,1.07,10.77566397,106.67092468,10.51,"10°46'32.39""N, 106°40'15.33""E",FIX,
13:26:42.514,1786256802.515,TRACKING,10.234,-1.550,-2.107,0.79,0.450,0.025,0.000,0.000,0.000,0.104,1.10,10.77566397,106.67092468,10.51,"10°46'32.39""N, 106°40'15.33""E",FIX,
13:26:42.639,1786256802.639,TRACKING,10.215,-1.580,-2.108,0.71,0.450,0.008,0.000,0.000,0.000,0.042,1.14,10.77566390,106.67092427,10.51,"10°46'32.39""N, 106°40'15.33""E",FIX,
13:26:42.752,1786256802.753,TRACKING,10.202,-1.604,-2.107,0.64,0.450,0.003,0.000,0.000,0.000,0.083,1.16,10.77566390,106.67092427,10.51,"10°46'32.39""N, 106°40'15.33""E",FIX,
13:26:42.869,1786256802.869,TRACKING,10.183,-1.635,-2.107,0.57,0.450,-0.007,0.000,0.000,0.000,0.146,1.20,10.77566384,106.67092386,10.51,"10°46'32.39""N, 106°40'15.33""E",FIX,
13:26:42.927,1786256802.927,TRACKING,10.169,-1.658,-2.107,0.52,0.450,0.015,0.000,0.000,0.000,0.208,1.23,10.77566384,106.67092386,10.51,"10°46'32.39""N, 106°40'15.33""E",FIX,
13:26:43.025,1786256803.026,TRACKING,10.156,-1.681,-2.107,0.46,0.450,0.006,0.000,0.000,0.000,0.250,1.25,10.77566384,106.67092386,10.51,"10°46'32.39""N, 106°40'15.33""E",FIX,
13:26:43.140,1786256803.140,TRACKING,10.142,-1.704,-2.106,0.42,0.450,0.010,0.000,0.000,0.000,0.333,1.28,10.77566384,106.67092386,10.51,"10°46'32.39""N, 106°40'15.33""E",FIX,
13:26:43.243,1786256803.244,TRACKING,10.128,-1.727,-2.106,0.54,0.450,-0.149,0.000,0.000,0.000,0.375,1.31,10.77566378,106.67092346,10.51,"10°46'32.39""N, 106°40'15.32""E",FIX,
13:26:43.349,1786256803.350,TRACKING,10.105,-1.766,-2.112,0.64,0.450,-0.106,0.000,0.000,0.000,0.437,1.35,10.77566378,106.67092346,10.51,"10°46'32.39""N, 106°40'15.32""E",FIX,
13:26:43.420,1786256803.420,TRACKING,10.096,-1.782,-2.118,0.71,0.450,-0.125,0.000,0.000,0.000,0.500,1.37,10.77566378,106.67092346,10.51,"10°46'32.39""N, 106°40'15.32""E",FIX,
13:26:43.548,1786256803.549,TRACKING,10.077,-1.812,-2.127,0.75,0.450,-0.093,0.000,0.000,0.000,0.542,1.41,10.77566371,106.67092305,10.51,"10°46'32.39""N, 106°40'15.32""E",FIX,
13:26:43.636,1786256803.636,TRACKING,10.058,-1.843,-2.136,0.79,0.450,-0.085,0.000,0.000,0.000,0.604,1.44,10.77566371,106.67092305,10.51,"10°46'32.39""N, 106°40'15.32""E",FIX,
13:26:43.703,1786256803.704,TRACKING,10.048,-1.858,-2.139,0.81,0.450,-0.085,0.000,0.000,0.000,0.667,1.46,10.77566371,106.67092305,10.51,"10°46'32.39""N, 106°40'15.32""E",FIX,
13:26:43.796,1786256803.797,TRACKING,10.029,-1.888,-2.146,0.83,0.450,-0.078,0.000,0.000,0.000,0.729,1.50,10.77566364,106.67092264,10.51,"10°46'32.39""N, 106°40'15.32""E",FIX,
13:26:43.877,1786256803.877,TRACKING,10.014,-1.911,-2.151,0.84,0.450,-0.074,0.000,0.000,0.000,0.792,1.52,10.77566364,106.67092264,10.51,"10°46'32.39""N, 106°40'15.32""E",FIX,
13:26:43.987,1786256803.987,TRACKING,9.999,-1.933,-2.155,0.84,0.450,-0.071,0.000,0.000,0.000,0.854,1.55,10.77566364,106.67092264,10.51,"10°46'32.39""N, 106°40'15.32""E",FIX,
13:26:44.056,1786256804.057,TRACKING,9.979,-1.963,-2.161,0.85,0.450,-0.069,0.000,0.000,0.000,0.937,1.59,10.77566357,106.67092224,10.51,"10°46'32.39""N, 106°40'15.32""E",FIX,
13:26:44.172,1786256804.173,TRACKING,9.959,-1.993,-2.167,0.85,0.450,-0.067,0.000,0.000,0.000,1.000,1.62,10.77566357,106.67092224,10.51,"10°46'32.39""N, 106°40'15.32""E",FIX,
13:26:44.231,1786256804.231,TRACKING,9.949,-2.008,-2.170,0.85,0.450,-0.067,0.000,0.000,0.000,1.000,1.64,10.77566357,106.67092224,10.51,"10°46'32.39""N, 106°40'15.32""E",FIX,
13:26:44.362,1786256804.362,TRACKING,9.928,-2.038,-2.175,0.85,0.450,-0.067,0.000,0.000,0.000,1.000,1.68,10.77566351,106.67092183,10.51,"10°46'32.39""N, 106°40'15.32""E",FIX,
13:26:44.446,1786256804.446,TRACKING,9.913,-2.060,-2.179,0.85,0.450,-0.067,0.000,0.000,0.000,1.000,1.70,10.77566351,106.67092183,10.51,"10°46'32.39""N, 106°40'15.32""E",FIX,
13:26:44.538,1786256804.538,TRACKING,9.898,-2.082,-2.183,0.85,0.450,-0.065,0.000,0.000,0.000,1.000,1.73,10.77566351,106.67092183,10.51,"10°46'32.39""N, 106°40'15.32""E",FIX,
13:26:44.685,1786256804.686,TRACKING,9.882,-2.104,-2.187,0.85,0.450,-0.065,0.000,0.000,0.000,1.000,1.76,10.77566345,106.67092142,10.51,"10°46'32.39""N, 106°40'15.32""E",FIX,
13:26:44.770,1786256804.770,TRACKING,9.866,-2.126,-2.191,0.84,0.450,-0.063,0.000,0.000,0.000,1.000,1.79,10.77566345,106.67092142,10.51,"10°46'32.39""N, 106°40'15.32""E",FIX,
13:26:44.874,1786256804.875,TRACKING,9.845,-2.155,-2.196,0.84,0.450,-0.064,0.000,0.000,0.000,0.937,1.82,10.77566345,106.67092142,10.51,"10°46'32.39""N, 106°40'15.32""E",FIX,
13:26:44.966,1786256804.966,TRACKING,9.824,-2.184,-2.201,0.76,0.450,0.003,0.000,0.000,0.000,0.000,1.86,10.77566339,106.67092101,10.51,"10°46'32.39""N, 106°40'15.32""E",FIX,
13:26:45.033,1786256805.033,TRACKING,9.814,-2.199,-2.202,0.68,0.450,0.031,0.000,0.000,0.000,0.000,1.88,10.77566339,106.67092101,10.51,"10°46'32.39""N, 106°40'15.32""E",FIX,
13:26:45.152,1786256805.152,TRACKING,9.787,-2.235,-2.200,0.61,0.450,-0.010,0.000,0.000,0.000,0.000,1.92,10.77566335,106.67092060,10.51,"10°46'32.39""N, 106°40'15.31""E",FIX,
13:26:45.207,1786256805.208,TRACKING,9.776,-2.250,-2.199,0.55,0.450,0.030,0.000,0.000,0.000,0.000,1.94,10.77566335,106.67092060,10.51,"10°46'32.39""N, 106°40'15.31""E",FIX,
13:26:45.341,1786256805.342,TRACKING,9.761,-2.272,-2.199,0.50,0.450,0.008,0.000,0.000,0.000,0.021,1.97,10.77566335,106.67092060,10.51,"10°46'32.39""N, 106°40'15.31""E",FIX,
13:26:45.431,1786256805.431,TRACKING,9.745,-2.294,-2.197,0.45,0.450,0.001,0.000,0.000,0.000,0.083,1.99,10.77566335,106.67092060,10.51,"10°46'32.39""N, 106°40'15.31""E",FIX,
13:26:45.520,1786256805.521,TRACKING,9.724,-2.323,-2.197,0.40,0.450,0.007,0.000,0.000,0.000,0.125,2.03,10.77566330,106.67092019,10.51,"10°46'32.39""N, 106°40'15.31""E",FIX,
13:26:45.616,1786256805.617,TRACKING,9.708,-2.345,-2.197,0.36,0.450,0.003,0.000,0.000,0.000,0.167,2.06,10.77566330,106.67092019,10.51,"10°46'32.39""N, 106°40'15.31""E",FIX,
13:26:45.704,1786256805.704,TRACKING,9.692,-2.367,-2.196,0.33,0.450,0.004,0.000,0.000,0.000,0.229,2.08,10.77566330,106.67092019,10.51,"10°46'32.39""N, 106°40'15.31""E",FIX,
13:26:45.822,1786256805.822,TRACKING,9.671,-2.396,-2.196,0.29,0.450,-0.003,0.000,0.000,0.000,0.292,2.12,10.77566326,106.67091978,10.51,"10°46'32.39""N, 106°40'15.31""E",FIX,
13:26:45.900,1786256805.901,TRACKING,9.655,-2.418,-2.196,0.26,0.450,0.012,0.000,0.000,0.000,0.333,2.15,10.77566326,106.67091978,10.51,"10°46'32.39""N, 106°40'15.31""E",FIX,
13:26:45.999,1786256805.999,TRACKING,9.639,-2.440,-2.195,0.44,0.450,-0.160,0.000,0.000,0.000,0.417,2.17,10.77566326,106.67091978,10.51,"10°46'32.39""N, 106°40'15.31""E",FIX,
13:26:46.078,1786256806.079,TRACKING,9.618,-2.469,-2.202,0.56,0.450,-0.132,0.000,0.000,0.000,0.479,2.21,10.77566321,106.67091938,10.51,"10°46'32.39""N, 106°40'15.31""E",FIX,
13:26:46.157,1786256806.157,TRACKING,9.602,-2.490,-2.211,0.66,0.450,-0.135,0.000,0.000,0.000,0.521,2.24,10.77566321,106.67091938,10.51,"10°46'32.39""N, 106°40'15.31""E",FIX,
13:26:46.250,1786256806.251,TRACKING,9.581,-2.519,-2.221,0.73,0.450,-0.106,0.000,0.000,0.000,0.583,2.27,10.77566321,106.67091938,10.51,"10°46'32.39""N, 106°40'15.31""E",FIX,
13:26:46.332,1786256806.332,TRACKING,9.564,-2.541,-2.229,0.77,0.450,-0.099,0.000,0.000,0.000,0.646,2.30,10.77566315,106.67091897,10.51,"10°46'32.39""N, 106°40'15.31""E",FIX,
13:26:46.470,1786256806.471,TRACKING,9.548,-2.562,-2.235,0.81,0.450,-0.096,0.000,0.000,0.000,0.687,2.33,10.77566315,106.67091897,10.51,"10°46'32.39""N, 106°40'15.31""E",FIX,
13:26:46.610,1786256806.611,TRACKING,9.525,-2.590,-2.243,0.83,0.450,-0.083,0.000,0.000,0.000,0.750,2.36,10.77566315,106.67091897,10.51,"10°46'32.39""N, 106°40'15.31""E",FIX,
13:26:46.678,1786256806.679,TRACKING,9.508,-2.611,-2.248,0.85,0.450,-0.082,0.000,0.000,0.000,0.833,2.39,10.77566309,106.67091856,10.51,"10°46'32.39""N, 106°40'15.31""E",FIX,
13:26:46.790,1786256806.791,TRACKING,9.491,-2.632,-2.253,0.86,0.450,-0.076,0.000,0.000,0.000,0.896,2.42,10.77566309,106.67091856,10.51,"10°46'32.39""N, 106°40'15.31""E",FIX,
13:26:46.882,1786256806.882,TRACKING,9.474,-2.653,-2.258,0.87,0.450,-0.075,0.000,0.000,0.000,0.958,2.44,10.77566309,106.67091856,10.51,"10°46'32.39""N, 106°40'15.31""E",FIX,
13:26:46.985,1786256806.986,TRACKING,9.446,-2.688,-2.265,0.87,0.450,-0.071,0.000,0.000,0.000,1.000,2.49,10.77566305,106.67091815,10.51,"10°46'32.39""N, 106°40'15.31""E",FIX,
13:26:47.051,1786256807.052,TRACKING,9.434,-2.702,-2.268,0.87,0.450,-0.070,0.000,0.000,0.000,1.000,2.51,10.77566305,106.67091815,10.51,"10°46'32.39""N, 106°40'15.31""E",FIX,
13:26:47.121,1786256807.121,TRACKING,9.417,-2.722,-2.273,0.88,0.450,-0.072,0.000,0.000,0.000,1.000,2.53,10.77566305,106.67091815,10.51,"10°46'32.39""N, 106°40'15.31""E",FIX,
13:26:47.215,1786256807.216,TRACKING,9.393,-2.750,-2.278,0.88,0.450,-0.072,0.000,0.000,0.000,1.000,2.57,10.77566300,106.67091774,10.51,"10°46'32.39""N, 106°40'15.30""E",FIX,
13:26:47.322,1786256807.323,TRACKING,9.376,-2.770,-2.283,0.88,0.450,-0.069,0.000,0.000,0.000,1.000,2.60,10.77566300,106.67091774,10.51,"10°46'32.39""N, 106°40'15.30""E",FIX,
13:26:47.411,1786256807.412,TRACKING,9.358,-2.791,-2.287,0.88,0.450,-0.069,0.000,0.000,0.000,1.000,2.62,10.77566300,106.67091774,10.51,"10°46'32.39""N, 106°40'15.30""E",FIX,
13:26:47.519,1786256807.520,TRACKING,9.334,-2.818,-2.292,0.87,0.450,-0.063,0.000,0.000,0.000,1.000,2.66,10.77566296,106.67091733,10.51,"10°46'32.39""N, 106°40'15.30""E",FIX,
13:26:47.592,1786256807.592,TRACKING,9.322,-2.831,-2.295,0.84,0.450,-0.030,0.000,0.000,0.000,0.854,2.68,10.77566296,106.67091733,10.51,"10°46'32.39""N, 106°40'15.30""E",FIX,
13:26:47.711,1786256807.712,TRACKING,9.305,-2.851,-2.298,0.82,0.450,-0.041,0.000,0.000,0.000,0.437,2.70,10.77566296,106.67091733,10.51,"10°46'32.39""N, 106°40'15.30""E",FIX,
13:26:47.837,1786256807.837,TRACKING,9.275,-2.885,-2.301,0.73,0.450,-0.012,0.000,0.000,0.000,0.000,2.75,10.77566292,106.67091692,10.51,"10°46'32.39""N, 106°40'15.30""E",FIX,
13:26:47.915,1786256807.915,TRACKING,9.257,-2.905,-2.303,0.66,0.450,0.007,0.000,0.000,0.000,0.000,2.78,10.77566292,106.67091692,10.51,"10°46'32.39""N, 106°40'15.30""E",FIX,
13:26:47.995,1786256807.995,TRACKING,9.238,-2.925,-2.304,0.59,0.450,0.024,0.000,0.000,0.000,0.000,2.80,10.77566292,106.67091692,10.51,"10°46'32.39""N, 106°40'15.30""E",FIX,
13:26:48.107,1786256808.107,TRACKING,9.214,-2.952,-2.302,0.53,0.450,-0.007,0.000,0.000,0.000,0.042,2.84,10.77566289,106.67091651,10.51,"10°46'32.39""N, 106°40'15.30""E",FIX,
13:26:48.244,1786256808.244,TRACKING,9.196,-2.972,-2.302,0.48,0.450,0.019,0.000,0.000,0.000,0.083,2.87,10.77566289,106.67091651,10.51,"10°46'32.39""N, 106°40'15.30""E",FIX,
13:26:48.287,1786256808.288,TRACKING,9.196,-2.972,-2.302,0.43,0.450,0.001,0.000,0.000,0.000,0.167,2.87,10.77566289,106.67091651,10.51,"10°46'32.39""N, 106°40'15.30""E",FIX,
13:26:48.412,1786256808.412,TRACKING,9.160,-3.012,-2.302,0.39,0.450,0.014,0.000,0.000,0.000,0.208,2.92,10.77566287,106.67091610,10.51,"10°46'32.39""N, 106°40'15.30""E",FIX,
13:26:48.544,1786256808.544,TRACKING,9.142,-3.032,-2.302,0.35,0.450,0.002,0.000,0.000,0.000,0.250,2.95,10.77566287,106.67091610,10.51,"10°46'32.39""N, 106°40'15.30""E",FIX,
13:26:48.617,1786256808.618,TRACKING,9.118,-3.059,-2.301,0.32,0.450,0.003,0.000,0.000,0.000,0.333,2.98,10.77566287,106.67091610,10.51,"10°46'32.39""N, 106°40'15.30""E",FIX,
13:26:48.719,1786256808.720,TRACKING,9.100,-3.079,-2.301,0.44,0.450,-0.135,0.000,0.000,0.000,0.375,3.01,10.77566284,106.67091568,10.51,"10°46'32.39""N, 106°40'15.30""E",FIX,
13:26:48.830,1786256808.831,TRACKING,9.082,-3.099,-2.305,0.54,0.450,-0.116,0.000,0.000,0.000,0.437,3.04,10.77566284,106.67091568,10.51,"10°46'32.39""N, 106°40'15.30""E",FIX,
13:26:48.888,1786256808.888,TRACKING,9.064,-3.119,-2.313,0.61,0.450,-0.109,0.000,0.000,0.000,0.500,3.06,10.77566284,106.67091568,10.51,"10°46'32.39""N, 106°40'15.30""E",FIX,
13:26:49.013,1786256809.013,TRACKING,9.040,-3.146,-2.322,0.66,0.450,-0.090,0.000,0.000,0.000,0.562,3.10,10.77566280,106.67091527,10.51,"10°46'32.39""N, 106°40'15.29""E",FIX,
13:26:49.101,1786256809.102,TRACKING,9.021,-3.165,-2.328,0.69,0.450,-0.079,0.000,0.000,0.000,0.604,3.13,10.77566280,106.67091527,10.51,"10°46'32.39""N, 106°40'15.29""E",FIX,
13:26:49.202,1786256809.203,TRACKING,9.003,-3.185,-2.333,0.72,0.450,-0.073,0.000,0.000,0.000,0.667,3.15,10.77566280,106.67091527,10.51,"10°46'32.39""N, 106°40'15.29""E",FIX,
13:26:49.289,1786256809.290,TRACKING,8.978,-3.211,-2.339,0.73,0.450,-0.075,0.000,0.000,0.000,0.750,3.19,10.77566276,106.67091486,10.51,"10°46'32.39""N, 106°40'15.29""E",FIX,
13:26:49.397,1786256809.398,TRACKING,8.959,-3.230,-2.343,0.75,0.450,-0.071,0.000,0.000,0.000,0.812,3.22,10.77566276,106.67091486,10.51,"10°46'32.39""N, 106°40'15.29""E",FIX,
13:26:49.504,1786256809.504,TRACKING,8.940,-3.250,-2.348,0.75,0.450,-0.065,0.000,0.000,0.000,0.875,3.24,10.77566276,106.67091486,10.51,"10°46'32.39""N, 106°40'15.29""E",FIX,
13:26:49.621,1786256809.621,TRACKING,8.915,-3.275,-2.353,0.76,0.450,-0.064,0.000,0.000,0.000,0.937,3.28,10.77566273,106.67091445,10.51,"10°46'32.39""N, 106°40'15.29""E",FIX,
13:26:49.708,1786256809.708,TRACKING,8.902,-3.288,-2.356,0.76,0.450,-0.065,0.000,0.000,0.000,1.000,3.30,10.77566273,106.67091445,10.51,"10°46'32.39""N, 106°40'15.29""E",FIX,
13:26:49.825,1786256809.826,TRACKING,8.876,-3.313,-2.361,0.77,0.450,-0.061,0.000,0.000,0.000,1.000,3.33,10.77566273,106.67091445,10.51,"10°46'32.39""N, 106°40'15.29""E",FIX,
13:26:49.912,1786256809.912,TRACKING,8.857,-3.332,-2.365,0.77,0.450,-0.063,0.000,0.000,0.000,1.000,3.36,10.77566271,106.67091404,10.51,"10°46'32.39""N, 106°40'15.29""E",FIX,
13:26:50.089,1786256810.090,TRACKING,8.831,-3.358,-2.370,0.77,0.450,-0.062,0.000,0.000,0.000,1.000,3.40,10.77566271,106.67091404,10.51,"10°46'32.39""N, 106°40'15.29""E",FIX,
13:26:50.151,1786256810.152,TRACKING,8.812,-3.376,-2.373,0.77,0.450,-0.060,0.000,0.000,0.000,1.000,3.42,10.77566271,106.67091404,10.51,"10°46'32.39""N, 106°40'15.29""E",FIX,
13:26:50.253,1786256810.253,TRACKING,8.793,-3.395,-2.377,0.79,0.450,-0.086,0.000,0.000,0.000,1.000,3.45,10.77566270,106.67091367,10.51,"10°46'32.39""N, 106°40'15.29""E",FIX,
13:26:50.390,1786256810.390,TRACKING,8.767,-3.420,-2.384,-0.04,0.450,0.501,0.000,0.000,0.000,1.000,3.49,10.77566270,106.67091367,10.51,"10°46'32.39""N, 106°40'15.29""E",FIX,
13:26:50.486,1786256810.486,TRACKING,8.747,-3.439,-2.371,-0.62,0.450,0.594,0.000,0.000,0.000,1.000,3.51,10.77566270,106.67091367,10.51,"10°46'32.39""N, 106°40'15.29""E",FIX,
13:26:50.584,1786256810.585,TRACKING,8.728,-3.458,-2.339,-1.01,0.450,0.391,0.000,0.000,0.000,1.000,3.54,10.77566279,106.67091345,10.51,"10°46'32.39""N, 106°40'15.29""E",FIX,
13:26:50.662,1786256810.663,TRACKING,8.709,-3.477,-2.308,-0.47,0.450,-0.443,0.000,0.000,0.000,1.000,3.57,10.77566279,106.67091345,10.51,"10°46'32.39""N, 106°40'15.29""E",FIX,
13:26:50.772,1786256810.772,TRACKING,8.679,-3.511,-2.318,-0.81,0.450,0.260,0.000,0.000,0.000,1.000,3.61,10.77566279,106.67091345,10.51,"10°46'32.39""N, 106°40'15.29""E",FIX,
13:26:50.844,1786256810.844,TRACKING,8.667,-3.524,-2.324,-1.04,0.450,0.326,0.000,0.000,0.000,1.000,3.63,10.77566283,106.67091325,10.51,"10°46'32.39""N, 106°40'15.29""E",FIX,
13:26:50.989,1786256810.989,TRACKING,8.643,-3.550,-2.300,-1.16,0.450,0.168,0.000,0.000,0.000,1.000,3.67,10.77566283,106.67091325,10.51,"10°46'32.39""N, 106°40'15.29""E",FIX,
13:26:51.037,1786256811.037,TRACKING,8.631,-3.564,-2.287,-1.20,0.450,0.152,0.000,0.000,0.000,1.000,3.68,10.77566283,106.67091325,10.51,"10°46'32.39""N, 106°40'15.29""E",FIX,
13:26:51.153,1786256811.153,TRACKING,8.607,-3.591,-2.273,-1.19,0.450,0.085,0.000,0.000,0.000,1.000,3.72,10.77566284,106.67091304,10.51,"10°46'32.39""N, 106°40'15.29""E",FIX,
13:26:51.246,1786256811.246,TRACKING,8.590,-3.612,-2.266,-1.13,0.450,0.037,0.000,0.000,0.000,1.000,3.75,10.77566284,106.67091304,10.51,"10°46'32.39""N, 106°40'15.29""E",FIX,
13:26:51.334,1786256811.335,TRACKING,8.567,-3.640,-2.261,-1.03,0.450,0.019,0.000,0.000,0.000,1.000,3.78,10.77566284,106.67091304,10.51,"10°46'32.39""N, 106°40'15.29""E",FIX,
13:26:51.448,1786256811.449,TRACKING,8.550,-3.661,-2.259,-0.91,0.450,-0.031,0.000,0.000,0.000,1.000,3.81,10.77566278,106.67091288,10.51,"10°46'32.39""N, 106°40'15.29""E",FIX,
13:26:51.532,1786256811.532,TRACKING,8.533,-3.681,-2.260,-0.77,0.450,-0.076,0.000,0.000,0.000,1.000,3.84,10.77566278,106.67091288,10.51,"10°46'32.39""N, 106°40'15.29""E",FIX,
13:26:51.660,1786256811.661,TRACKING,8.510,-3.709,-2.266,-0.60,0.450,-0.057,0.000,0.000,0.000,1.000,3.87,10.77566278,106.67091288,10.51,"10°46'32.39""N, 106°40'15.29""E",FIX,
13:26:51.813,1786256811.814,REACTIVE_AVOID,8.486,-3.738,-2.271,-0.60,0.000,0.000,0.000,0.000,0.000,1.000,3.90,10.77566267,106.67091276,10.51,"10°46'32.39""N, 106°40'15.29""E",FIX,
13:26:51.906,1786256811.906,REACTIVE_AVOID,8.486,-3.738,-2.271,-0.60,0.000,0.000,0.000,0.000,0.000,1.000,3.90,10.77566267,106.67091276,10.51,"10°46'32.39""N, 106°40'15.29""E",FIX,
13:26:52.005,1786256812.005,REACTIVE_AVOID,8.486,-3.738,-2.271,-0.60,0.000,0.000,0.000,0.000,0.000,1.000,3.90,10.77566266,106.67091274,10.51,"10°46'32.39""N, 106°40'15.29""E",FIX,
13:26:52.090,1786256812.091,REACTIVE_AVOID,8.486,-3.738,-2.271,-0.60,0.000,0.000,0.000,0.000,0.000,1.000,3.90,10.77566266,106.67091274,10.51,"10°46'32.39""N, 106°40'15.29""E",FIX,
13:26:52.181,1786256812.181,REACTIVE_AVOID,8.486,-3.738,-2.271,-0.60,0.000,0.000,0.000,0.000,0.000,1.000,3.90,10.77566266,106.67091274,10.51,"10°46'32.39""N, 106°40'15.29""E",FIX,
13:26:52.278,1786256812.279,REACTIVE_AVOID,8.486,-3.738,-2.271,-0.60,0.000,0.000,0.000,0.000,0.000,1.000,3.90,10.77566266,106.67091274,10.51,"10°46'32.39""N, 106°40'15.29""E",FIX,
13:26:52.370,1786256812.371,REACTIVE_AVOID,8.486,-3.738,-2.271,-0.60,0.000,0.000,0.000,0.000,0.000,1.000,3.90,10.77566266,106.67091274,10.51,"10°46'32.39""N, 106°40'15.29""E",FIX,
13:26:52.467,1786256812.468,REACTIVE_AVOID,8.486,-3.738,-2.271,-0.60,0.000,0.000,0.000,0.000,0.000,1.000,3.90,10.77566266,106.67091274,10.51,"10°46'32.39""N, 106°40'15.29""E",FIX,
13:26:52.568,1786256812.569,REACTIVE_AVOID,8.486,-3.738,-2.271,-0.60,0.000,0.000,0.000,0.000,0.000,1.000,3.90,10.77566266,106.67091274,10.51,"10°46'32.39""N, 106°40'15.29""E",FIX,
13:26:52.678,1786256812.678,REACTIVE_AVOID,8.486,-3.738,-2.271,-0.60,0.000,0.000,0.000,0.000,0.000,1.000,3.90,10.77566266,106.67091274,10.51,"10°46'32.39""N, 106°40'15.29""E",FIX,
13:26:52.760,1786256812.760,REACTIVE_AVOID,8.486,-3.738,-2.271,-0.60,0.000,0.000,0.000,0.000,0.000,1.000,3.90,10.77566266,106.67091274,10.51,"10°46'32.39""N, 106°40'15.29""E",FIX,
13:26:52.872,1786256812.873,REACTIVE_AVOID,8.486,-3.738,-2.271,-0.60,0.000,0.000,0.000,0.000,0.000,1.000,3.90,10.77566266,106.67091274,10.51,"10°46'32.39""N, 106°40'15.29""E",FIX,
13:26:52.965,1786256812.966,REACTIVE_AVOID,8.486,-3.738,-2.271,-0.60,0.000,0.000,0.000,0.000,0.000,1.000,3.90,10.77566266,106.67091274,10.51,"10°46'32.39""N, 106°40'15.29""E",FIX,
13:26:53.048,1786256813.049,REACTIVE_AVOID,8.486,-3.738,-2.271,-0.60,0.000,0.000,0.000,0.000,0.000,1.000,3.90,10.77566266,106.67091274,10.51,"10°46'32.39""N, 106°40'15.29""E",FIX,
13:26:53.149,1786256813.150,REACTIVE_AVOID,8.486,-3.738,-2.271,-0.60,0.000,0.000,0.000,0.000,0.000,1.000,3.90,10.77566266,106.67091274,10.51,"10°46'32.39""N, 106°40'15.29""E",FIX,
13:26:53.216,1786256813.216,REACTIVE_AVOID,8.486,-3.738,-2.271,-0.60,0.000,0.000,0.000,0.000,0.000,1.000,3.90,10.77566266,106.67091274,10.51,"10°46'32.39""N, 106°40'15.29""E",FIX,
13:26:53.327,1786256813.327,REACTIVE_AVOID,8.486,-3.738,-2.271,-0.60,0.000,0.000,0.000,0.000,0.000,1.000,3.90,10.77566266,106.67091274,10.51,"10°46'32.39""N, 106°40'15.29""E",FIX,
13:26:53.390,1786256813.391,REACTIVE_AVOID,8.486,-3.738,-2.271,-0.60,0.000,0.000,0.000,0.000,0.000,1.000,3.90,10.77566266,106.67091274,10.51,"10°46'32.39""N, 106°40'15.29""E",FIX,
13:26:53.477,1786256813.478,REACTIVE_AVOID,8.486,-3.738,-2.271,-0.60,0.000,0.000,0.000,0.000,0.000,1.000,3.90,10.77566266,106.67091274,10.51,"10°46'32.39""N, 106°40'15.29""E",FIX,
13:26:53.610,1786256813.610,REACTIVE_AVOID,8.486,-3.738,-2.271,-0.60,0.000,0.000,0.000,0.000,0.000,1.000,3.90,10.77566266,106.67091274,10.51,"10°46'32.39""N, 106°40'15.29""E",FIX,
13:26:53.654,1786256813.655,REACTIVE_AVOID,8.486,-3.738,-2.271,-0.60,0.000,0.000,0.000,0.000,0.000,1.000,3.90,10.77566266,106.67091274,10.51,"10°46'32.39""N, 106°40'15.29""E",FIX,
13:26:53.758,1786256813.758,REACTIVE_AVOID,8.486,-3.738,-2.271,-0.60,0.000,0.000,0.000,0.000,0.000,1.000,3.90,10.77566266,106.67091274,10.51,"10°46'32.39""N, 106°40'15.29""E",FIX,
13:26:53.882,1786256813.883,REACTIVE_AVOID,8.486,-3.738,-2.271,-0.60,0.000,0.000,0.000,0.000,0.000,1.000,3.90,10.77566266,106.67091274,10.51,"10°46'32.39""N, 106°40'15.29""E",FIX,
13:26:53.945,1786256813.946,REACTIVE_AVOID,8.486,-3.738,-2.271,-0.60,0.000,0.000,0.000,0.000,0.000,1.000,3.90,10.77566266,106.67091274,10.51,"10°46'32.39""N, 106°40'15.29""E",FIX,
13:26:54.034,1786256814.034,REACTIVE_AVOID,8.486,-3.738,-2.271,-0.60,0.000,0.000,0.000,0.000,0.000,1.000,3.90,10.77566266,106.67091274,10.51,"10°46'32.39""N, 106°40'15.29""E",FIX,
13:26:54.130,1786256814.131,REACTIVE_AVOID,8.486,-3.738,-2.271,-0.60,0.000,0.000,0.000,0.000,0.000,1.000,3.90,10.77566266,106.67091274,10.51,"10°46'32.39""N, 106°40'15.29""E",FIX,
13:26:54.232,1786256814.233,REACTIVE_AVOID,8.486,-3.738,-2.271,-0.60,0.000,0.000,0.000,0.000,0.000,1.000,3.90,10.77566266,106.67091274,10.51,"10°46'32.39""N, 106°40'15.29""E",FIX,
13:26:54.325,1786256814.325,REACTIVE_AVOID,8.486,-3.738,-2.271,-0.60,0.000,0.000,0.000,0.000,0.000,1.000,3.90,10.77566266,106.67091274,10.51,"10°46'32.39""N, 106°40'15.29""E",FIX,
13:26:54.419,1786256814.420,REACTIVE_AVOID,8.486,-3.738,-2.271,-0.60,0.000,0.000,0.000,0.000,0.000,1.000,3.90,10.77566266,106.67091274,10.51,"10°46'32.39""N, 106°40'15.29""E",FIX,
13:26:54.536,1786256814.536,REACTIVE_AVOID,8.486,-3.738,-2.271,-0.60,0.000,0.000,0.000,0.000,0.000,1.000,3.90,10.77566266,106.67091274,10.51,"10°46'32.39""N, 106°40'15.29""E",FIX,
13:26:54.599,1786256814.600,REACTIVE_AVOID,8.486,-3.738,-2.271,-0.60,0.000,0.000,0.000,0.000,0.000,1.000,3.90,10.77566266,106.67091274,10.51,"10°46'32.39""N, 106°40'15.29""E",FIX,
13:26:54.674,1786256814.675,REACTIVE_AVOID,8.486,-3.738,-2.271,-0.60,0.000,0.000,0.000,0.000,0.000,1.000,3.90,10.77566266,106.67091274,10.51,"10°46'32.39""N, 106°40'15.29""E",FIX,
13:26:54.765,1786256814.765,REACTIVE_AVOID,8.486,-3.738,-2.271,-0.60,0.000,0.000,0.000,0.000,0.000,1.000,3.90,10.77566266,106.67091274,10.51,"10°46'32.39""N, 106°40'15.29""E",FIX,
13:26:54.853,1786256814.853,REACTIVE_AVOID,8.486,-3.738,-2.271,-0.60,0.000,0.000,0.000,0.000,0.000,1.000,3.90,10.77566266,106.67091274,10.51,"10°46'32.39""N, 106°40'15.29""E",FIX,
13:26:54.921,1786256814.922,REACTIVE_AVOID,8.486,-3.738,-2.271,-0.60,0.000,0.000,0.000,0.000,0.000,1.000,3.90,10.77566266,106.67091274,10.51,"10°46'32.39""N, 106°40'15.29""E",FIX,
13:26:55.015,1786256815.015,REACTIVE_AVOID,8.486,-3.738,-2.271,-0.60,0.000,0.000,0.000,0.000,0.000,1.000,3.90,10.77566266,106.67091274,10.51,"10°46'32.39""N, 106°40'15.29""E",FIX,
13:26:55.092,1786256815.092,REACTIVE_AVOID,8.486,-3.738,-2.271,-0.60,0.000,0.000,0.000,0.000,0.000,1.000,3.90,10.77566266,106.67091274,10.51,"10°46'32.39""N, 106°40'15.29""E",FIX,
13:26:55.199,1786256815.199,REACTIVE_AVOID,8.486,-3.738,-2.271,-0.60,0.000,0.000,0.000,0.000,0.000,1.000,3.90,10.77566266,106.67091274,10.51,"10°46'32.39""N, 106°40'15.29""E",FIX,
13:26:55.309,1786256815.309,REACTIVE_AVOID,8.486,-3.738,-2.271,-0.60,0.000,0.000,0.000,0.000,0.000,1.000,3.90,10.77566266,106.67091274,10.51,"10°46'32.39""N, 106°40'15.29""E",FIX,
13:26:55.364,1786256815.365,REACTIVE_AVOID,8.486,-3.738,-2.271,-0.60,0.000,0.000,0.000,0.000,0.000,1.000,3.90,10.77566266,106.67091274,10.51,"10°46'32.39""N, 106°40'15.29""E",FIX,
13:26:55.493,1786256815.493,REACTIVE_AVOID,8.486,-3.738,-2.271,-0.60,0.000,0.000,0.000,0.000,0.000,1.000,3.90,10.77566266,106.67091274,10.51,"10°46'32.39""N, 106°40'15.29""E",FIX,
13:26:55.611,1786256815.611,REACTIVE_AVOID,8.486,-3.738,-2.271,-0.60,0.000,0.000,0.000,0.000,0.000,1.000,3.90,10.77566266,106.67091274,10.51,"10°46'32.39""N, 106°40'15.29""E",FIX,
13:26:55.697,1786256815.698,REACTIVE_AVOID,8.486,-3.738,-2.271,-0.60,0.000,0.000,0.000,0.000,0.000,1.000,3.90,10.77566266,106.67091274,10.51,"10°46'32.39""N, 106°40'15.29""E",FIX,
13:26:55.770,1786256815.770,REACTIVE_AVOID,8.486,-3.738,-2.271,-0.60,0.000,0.000,0.000,0.000,0.000,1.000,3.90,10.77566266,106.67091274,10.51,"10°46'32.39""N, 106°40'15.29""E",FIX,
13:26:55.859,1786256815.860,REACTIVE_AVOID,8.486,-3.738,-2.271,-0.60,0.000,0.000,0.000,0.000,0.000,1.000,3.90,10.77566266,106.67091274,10.51,"10°46'32.39""N, 106°40'15.29""E",FIX,
13:26:56.107,1786256816.107,AVOID_PLANNING,8.486,-3.738,-2.271,-0.60,0.000,0.000,0.000,0.000,0.000,1.000,3.90,10.77566266,106.67091274,10.51,"10°46'32.39""N, 106°40'15.29""E",FIX,
13:26:56.188,1786256816.188,PATH_FOLLOWING,8.486,-3.738,-2.271,-0.60,0.020,-1.500,0.000,0.000,0.000,1.000,3.90,10.77566266,106.67091274,10.51,"10°46'32.39""N, 106°40'15.29""E",FIX,
