Time,Unix_Timestamp,FSM_State,Pos_X_m,Pos_Y_m,Yaw_rad,Steer_Angle_deg,Linear_Vel_mps,Angular_Vel_radps,IMU_Yaw_rad,IMU_Angular_Vel_z,IMU_Accel_x,Confidence,Dist_Traveled_m,GPS_Latitude,GPS_Longitude,GPS_Altitude_m,GPS_DMS,GPS_Status,Event
23:23:29.148,1786206209.149,TRACKING,-0.000,0.000,-0.000,0.00,0.450,-0.000,0.000,0.000,0.000,0.000,0.00,10.77567062,106.67087529,10.51,"10°46'32.41""N, 106°40'15.15""E",FIX,
23:23:29.162,1786206209.162,TRACKING,-0.000,0.000,-0.000,0.00,0.450,-0.000,0.000,0.000,0.000,0.000,0.00,10.77567062,106.67087529,10.51,"10°46'32.41""N, 106°40'15.15""E",FIX,
23:23:29.175,1786206209.175,TRACKING,-0.000,0.000,-0.000,0.00,0.450,-0.000,0.000,0.000,0.000,0.000,0.00,10.77567062,106.67087529,10.51,"10°46'32.41""N, 106°40'15.15""E",FIX,
23:23:29.185,1786206209.185,TRACKING,-0.000,0.000,-0.000,0.00,0.450,-0.000,0.000,0.000,0.000,0.000,0.00,10.77567062,106.67087529,10.51,"10°46'32.41""N, 106°40'15.15""E",FIX,
23:23:29.265,1786206209.266,TRACKING,0.029,-0.000,0.000,0.00,0.450,-0.000,0.000,0.000,0.000,0.000,0.03,10.77567062,106.67087529,10.51,"10°46'32.41""N, 106°40'15.15""E",FIX,
23:23:29.387,1786206209.387,TRACKING,0.074,0.000,0.000,0.00,0.450,-0.000,0.000,0.000,0.000,0.000,0.07,10.77567062,106.67087562,10.51,"10°46'32.41""N, 106°40'15.15""E",FIX,
23:23:29.454,1786206209.455,TRACKING,0.092,0.000,0.000,0.00,0.450,-0.000,0.000,0.000,0.000,0.000,0.09,10.77567062,106.67087562,10.51,"10°46'32.41""N, 106°40'15.15""E",FIX,
23:23:29.530,1786206209.531,TRACKING,0.119,0.000,0.000,0.00,0.450,-0.000,0.000,0.000,0.000,0.000,0.12,10.77567062,106.67087562,10.51,"10°46'32.41""N, 106°40'15.15""E",FIX,
23:23:29.611,1786206209.611,TRACKING,0.155,0.000,0.000,0.00,0.450,-0.000,0.000,0.000,0.000,0.000,0.15,10.77567062,106.67087562,10.51,"10°46'32.41""N, 106°40'15.15""E",FIX,
23:23:29.682,1786206209.683,TRACKING,0.182,0.000,0.000,0.00,0.450,-0.000,0.000,0.000,0.000,0.000,0.18,10.77567062,106.67087603,10.51,"10°46'32.41""N, 106°40'15.15""E",FIX,
23:23:29.745,1786206209.745,TRACKING,0.200,0.000,0.000,0.00,0.450,-0.000,0.000,0.000,0.000,0.000,0.20,10.77567062,106.67087603,10.51,"10°46'32.41""N, 106°40'15.15""E",FIX,
23:23:29.823,1786206209.823,TRACKING,0.236,0.000,0.000,0.00,0.450,-0.000,0.000,0.000,0.000,0.000,0.24,10.77567062,106.67087603,10.51,"10°46'32.41""N, 106°40'15.15""E",FIX,
23:23:29.891,1786206209.891,TRACKING,0.263,0.000,0.000,0.00,0.450,-0.000,0.000,0.000,0.000,0.021,0.26,10.77567062,106.67087645,10.51,"10°46'32.41""N, 106°40'15.16""E",FIX,
23:23:29.979,1786206209.979,TRACKING,0.299,0.000,0.000,0.00,0.450,-0.000,0.000,0.000,0.000,0.083,0.30,10.77567062,106.67087645,10.51,"10°46'32.41""N, 106°40'15.16""E",FIX,
23:23:30.058,1786206210.058,TRACKING,0.326,0.000,0.000,0.00,0.450,-0.000,0.000,0.000,0.000,0.125,0.33,10.77567062,106.67087645,10.51,"10°46'32.41""N, 106°40'15.16""E",FIX,
23:23:30.152,1786206210.153,TRACKING,0.362,0.000,0.000,0.00,0.450,-0.000,0.000,0.000,0.000,0.167,0.36,10.77567062,106.67087686,10.51,"10°46'32.41""N, 106°40'15.16""E",FIX,
23:23:30.223,1786206210.223,TRACKING,0.389,0.000,0.000,0.00,0.450,-0.000,0.000,0.000,0.000,0.250,0.39,10.77567062,106.67087686,10.51,"10°46'32.41""N, 106°40'15.16""E",FIX,
23:23:30.290,1786206210.290,TRACKING,0.416,0.000,0.000,0.00,0.450,-0.000,0.000,0.000,0.000,0.292,0.42,10.77567062,106.67087686,10.51,"10°46'32.41""N, 106°40'15.16""E",FIX,
23:23:30.371,1786206210.371,TRACKING,0.443,0.000,0.000,0.00,0.450,-0.000,0.000,0.000,0.000,0.354,0.44,10.77567062,106.67087727,10.51,"10°46'32.41""N, 106°40'15.16""E",FIX,
23:23:30.435,1786206210.435,TRACKING,0.470,0.000,0.000,0.00,0.450,-0.000,0.000,0.000,0.000,0.417,0.47,10.77567062,106.67087727,10.51,"10°46'32.41""N, 106°40'15.16""E",FIX,
23:23:30.533,1786206210.534,TRACKING,0.506,0.000,0.000,0.00,0.450,-0.000,0.000,0.000,0.000,0.479,0.51,10.77567062,106.67087727,10.51,"10°46'32.41""N, 106°40'15.16""E",FIX,
23:23:30.607,1786206210.607,TRACKING,0.542,0.000,0.000,0.00,0.450,-0.000,0.000,0.000,0.000,0.542,0.54,10.77567062,106.67087768,10.51,"10°46'32.41""N, 106°40'15.16""E",FIX,
23:23:30.673,1786206210.674,TRACKING,0.560,0.000,0.000,0.00,0.450,-0.000,0.000,0.000,0.000,0.604,0.56,10.77567062,106.67087768,10.51,"10°46'32.41""N, 106°40'15.16""E",FIX,
23:23:30.758,1786206210.759,TRACKING,0.596,0.000,0.000,0.00,0.450,-0.000,0.000,0.000,0.000,0.667,0.60,10.77567062,106.67087768,10.51,"10°46'32.41""N, 106°40'15.16""E",FIX,
23:23:30.831,1786206210.831,TRACKING,0.623,0.000,0.000,0.00,0.450,-0.000,0.000,0.000,0.000,0.750,0.62,10.77567062,106.67087809,10.51,"10°46'32.41""N, 106°40'15.16""E",FIX,
23:23:30.918,1786206210.918,TRACKING,0.659,0.000,0.000,0.00,0.450,-0.000,0.000,0.000,0.000,0.833,0.66,10.77567062,106.67087809,10.51,"10°46'32.41""N, 106°40'15.16""E",FIX,
23:23:30.994,1786206210.994,TRACKING,0.686,0.000,0.000,0.00,0.450,-0.000,0.000,0.000,0.000,0.896,0.69,10.77567062,106.67087809,10.51,"10°46'32.41""N, 106°40'15.16""E",FIX,
23:23:31.060,1786206211.060,TRACKING,0.713,0.000,0.000,0.00,0.450,-0.000,0.000,0.000,0.000,0.958,0.71,10.77567062,106.67087850,10.51,"10°46'32.41""N, 106°40'15.16""E",FIX,
23:23:31.156,1786206211.156,TRACKING,0.749,0.000,0.000,0.00,0.450,-0.000,0.000,0.000,0.000,1.000,0.75,10.77567062,106.67087850,10.51,"10°46'32.41""N, 106°40'15.16""E",FIX,
23:23:31.230,1786206211.230,TRACKING,0.776,0.000,0.000,0.00,0.450,-0.000,0.000,0.000,0.000,1.000,0.78,10.77567062,106.67087850,10.51,"10°46'32.41""N, 106°40'15.16""E",FIX,
23:23:31.322,1786206211.322,TRACKING,0.812,0.000,0.000,0.00,0.450,-0.000,0.000,0.000,0.000,1.000,0.81,10.77567062,106.67087891,10.51,"10°46'32.41""N, 106°40'15.16""E",FIX,
23:23:31.383,1786206211.384,TRACKING,0.839,0.000,0.000,0.00,0.450,-0.000,0.000,0.000,0.000,1.000,0.84,10.77567062,106.67087891,10.51,"10°46'32.41""N, 106°40'15.16""E",FIX,
23:23:31.470,1786206211.470,TRACKING,0.866,0.000,0.000,0.00,0.450,-0.000,0.000,0.000,0.000,1.000,0.87,10.77567062,106.67087891,10.51,"10°46'32.41""N, 106°40'15.16""E",FIX,
23:23:31.568,1786206211.569,TRACKING,0.902,0.000,0.000,0.00,0.450,-0.000,0.000,0.000,0.000,1.000,0.90,10.77567062,106.67087933,10.51,"10°46'32.41""N, 106°40'15.17""E",FIX,
23:23:31.633,1786206211.634,TRACKING,0.920,0.000,0.000,0.00,0.450,-0.000,0.000,0.000,0.000,1.000,0.92,10.77567062,106.67087933,10.51,"10°46'32.41""N, 106°40'15.17""E",FIX,
23:23:31.709,1786206211.709,TRACKING,0.947,0.000,0.000,0.00,0.450,-0.000,0.000,0.000,0.000,1.000,0.95,10.77567062,106.67087933,10.51,"10°46'32.41""N, 106°40'15.17""E",FIX,
23:23:31.789,1786206211.790,TRACKING,0.983,0.000,0.000,0.00,0.450,-0.000,0.000,0.000,0.000,1.000,0.98,10.77567062,106.67087974,10.51,"10°46'32.41""N, 106°40'15.17""E",FIX,
23:23:31.864,1786206211.864,TRACKING,1.010,0.000,0.000,0.00,0.450,-0.000,0.000,0.000,0.000,1.000,1.01,10.77567062,106.67087974,10.51,"10°46'32.41""N, 106°40'15.17""E",FIX,
23:23:31.942,1786206211.943,TRACKING,1.037,0.000,0.000,0.00,0.450,-0.000,0.000,0.000,0.000,1.000,1.04,10.77567062,106.67087974,10.51,"10°46'32.41""N, 106°40'15.17""E",FIX,
23:23:32.036,1786206212.037,TRACKING,1.073,0.000,0.000,0.00,0.450,-0.000,0.000,0.000,0.000,1.000,1.07,10.77567062,106.67088015,10.51,"10°46'32.41""N, 106°40'15.17""E",FIX,
23:23:32.111,1786206212.112,TRACKING,1.100,0.000,0.000,0.00,0.450,-0.000,0.000,0.000,0.000,1.000,1.10,10.77567062,106.67088015,10.51,"10°46'32.41""N, 106°40'15.17""E",FIX,
23:23:32.197,1786206212.197,TRACKING,1.136,0.000,0.000,0.00,0.450,-0.000,0.000,0.000,0.000,1.000,1.14,10.77567062,106.67088015,10.51,"10°46'32.41""N, 106°40'15.17""E",FIX,
23:23:32.273,1786206212.273,TRACKING,1.154,0.000,0.000,0.00,0.450,-0.000,0.000,0.000,0.000,1.000,1.15,10.77567062,106.67088056,10.51,"10°46'32.41""N, 106°40'15.17""E",FIX,
23:23:32.380,1786206212.381,TRACKING,1.190,0.000,0.000,0.00,0.450,-0.007,0.000,0.000,0.000,1.000,1.19,10.77567062,106.67088056,10.51,"10°46'32.41""N, 106°40'15.17""E",FIX,
23:23:32.489,1786206212.490,TRACKING,1.226,-0.000,-0.000,0.00,0.450,-0.002,0.000,0.000,0.000,1.000,1.23,10.77567062,106.67088056,10.51,"10°46'32.41""N, 106°40'15.17""E",FIX,
23:23:32.570,1786206212.570,TRACKING,1.253,-0.000,-0.001,0.00,0.450,0.002,0.000,0.000,0.000,1.000,1.25,10.77567062,106.67088097,10.51,"10°46'32.41""N, 106°40'15.17""E",FIX,
23:23:32.653,1786206212.654,TRACKING,1.280,-0.000,-0.001,0.00,0.450,-0.006,0.000,0.000,0.000,1.000,1.28,10.77567062,106.67088097,10.51,"10°46'32.41""N, 106°40'15.17""E",FIX,
23:23:32.724,1786206212.724,TRACKING,1.307,-0.000,-0.001,0.01,0.450,-0.005,0.000,0.000,0.000,1.000,1.31,10.77567062,106.67088097,10.51,"10°46'32.41""N, 106°40'15.17""E",FIX,
23:23:32.832,1786206212.833,TRACKING,1.334,-0.000,-0.001,0.00,0.450,0.012,0.000,0.000,0.000,0.833,1.33,10.77567062,106.67088138,10.51,"10°46'32.41""N, 106°40'15.17""E",FIX,
23:23:32.899,1786206212.900,TRACKING,1.361,-0.000,-0.001,-0.00,0.450,0.008,0.000,0.000,0.000,0.646,1.36,10.77567062,106.67088138,10.51,"10°46'32.41""N, 106°40'15.17""E",FIX,
23:23:32.986,1786206212.987,TRACKING,1.397,-0.000,-0.000,-0.00,0.450,0.005,0.000,0.000,0.000,0.708,1.40,10.77567062,106.67088138,10.51,"10°46'32.41""N, 106°40'15.17""E",FIX,
23:23:33.064,1786206213.064,TRACKING,1.424,-0.000,0.000,-0.01,0.450,0.006,0.000,0.000,0.000,0.771,1.42,10.77567062,106.67088179,10.51,"10°46'32.41""N, 106°40'15.17""E",FIX,
23:23:33.159,1786206213.159,TRACKING,1.451,-0.000,0.001,-0.01,0.450,0.004,0.000,0.000,0.000,0.833,1.45,10.77567062,106.67088179,10.51,"10°46'32.41""N, 106°40'15.17""E",FIX,
23:23:33.238,1786206213.238,TRACKING,1.487,-0.000,0.001,-0.01,0.450,0.003,0.000,0.000,0.000,0.917,1.49,10.77567062,106.67088179,10.51,"10°46'32.41""N, 106°40'15.17""E",FIX,
23:23:33.315,1786206213.316,TRACKING,1.514,-0.000,0.001,-0.01,0.450,0.003,0.000,0.000,0.000,1.000,1.51,10.77567062,106.67088221,10.51,"10°46'32.41""N, 106°40'15.18""E",FIX,
23:23:33.410,1786206213.410,TRACKING,1.550,-0.000,0.001,-0.01,0.450,-0.003,0.000,0.000,0.000,1.000,1.55,10.77567062,106.67088221,10.51,"10°46'32.41""N, 106°40'15.18""E",FIX,
23:23:33.491,1786206213.492,TRACKING,1.577,0.000,0.001,-0.01,0.450,0.004,0.000,0.000,0.000,1.000,1.58,10.77567062,106.67088221,10.51,"10°46'32.41""N, 106°40'15.18""E",FIX,
23:23:33.561,1786206213.561,TRACKING,1.604,0.000,0.001,-0.00,0.450,-0.005,0.000,0.000,0.000,1.000,1.60,10.77567062,106.67088262,10.51,"10°46'32.41""N, 106°40'15.18""E",FIX,
23:23:33.652,1786206213.653,TRACKING,1.640,0.000,0.001,-0.01,0.450,0.004,0.000,0.000,0.000,1.000,1.64,10.77567062,106.67088262,10.51,"10°46'32.41""N, 106°40'15.18""E",FIX,
23:23:33.716,1786206213.717,TRACKING,1.667,0.000,0.001,-0.01,0.450,0.005,0.000,0.000,0.000,1.000,1.67,10.77567062,106.67088262,10.51,"10°46'32.41""N, 106°40'15.18""E",FIX,
23:23:33.792,1786206213.792,TRACKING,1.685,0.000,0.001,-0.01,0.450,0.004,0.000,0.000,0.000,1.000,1.68,10.77567062,106.67088262,10.51,"10°46'32.41""N, 106°40'15.18""E",FIX,
23:23:33.884,1786206213.884,TRACKING,1.721,0.000,0.002,-0.01,0.450,0.003,0.000,0.000,0.000,1.000,1.72,10.77567062,106.67088303,10.51,"10°46'32.41""N, 106°40'15.18""E",FIX,
23:23:33.963,1786206213.964,TRACKING,1.757,0.000,0.002,-0.01,0.450,0.003,0.000,0.000,0.000,1.000,1.76,10.77567062,106.67088303,10.51,"10°46'32.41""N, 106°40'15.18""E",FIX,
23:23:34.043,1786206214.044,TRACKING,1.784,0.000,0.002,-0.01,0.450,-0.004,0.000,0.000,0.000,1.000,1.78,10.77567062,106.67088344,10.51,"10°46'32.41""N, 106°40'15.18""E",FIX,
23:23:34.120,1786206214.120,TRACKING,1.811,0.000,0.002,-0.01,0.450,0.005,0.000,0.000,0.000,1.000,1.81,10.77567062,106.67088344,10.51,"10°46'32.41""N, 106°40'15.18""E",FIX,
23:23:34.190,1786206214.191,TRACKING,1.838,0.000,0.002,-0.01,0.450,0.004,0.000,0.000,0.000,1.000,1.84,10.77567062,106.67088344,10.51,"10°46'32.41""N, 106°40'15.18""E",FIX,
23:23:34.288,1786206214.289,TRACKING,1.874,0.001,0.002,-0.01,0.450,0.003,0.000,0.000,0.000,1.000,1.87,10.77567062,106.67088385,10.51,"10°46'32.41""N, 106°40'15.18""E",FIX,
23:23:34.370,1786206214.371,TRACKING,1.901,0.001,0.003,-0.01,0.450,0.003,0.000,0.000,0.000,1.000,1.90,10.77567062,106.67088385,10.51,"10°46'32.41""N, 106°40'15.18""E",FIX,
23:23:34.444,1786206214.445,TRACKING,1.928,0.001,0.003,-0.01,0.450,0.003,0.000,0.000,0.000,1.000,1.93,10.77567062,106.67088385,10.51,"10°46'32.41""N, 106°40'15.18""E",FIX,
23:23:34.541,1786206214.542,TRACKING,1.964,0.001,0.003,-0.01,0.450,0.003,0.000,0.000,0.000,1.000,1.96,10.77567062,106.67088426,10.51,"10°46'32.41""N, 106°40'15.18""E",FIX,
23:23:34.617,1786206214.618,TRACKING,1.991,0.001,0.003,-0.01,0.450,-0.005,0.000,0.000,0.000,1.000,1.99,10.77567062,106.67088426,10.51,"10°46'32.41""N, 106°40'15.18""E",FIX,
23:23:34.694,1786206214.694,TRACKING,2.018,0.001,0.003,-0.01,0.450,0.000,0.000,0.000,0.000,1.000,2.02,10.77567062,106.67088426,10.51,"10°46'32.41""N, 106°40'15.18""E",FIX,
23:23:34.782,1786206214.783,TRACKING,2.054,0.001,0.003,0.00,0.450,-0.017,0.000,0.000,0.000,1.000,2.05,10.77567062,106.67088467,10.51,"10°46'32.41""N, 106°40'15.18""E",FIX,
23:23:34.865,1786206214.866,TRACKING,2.081,0.001,0.002,0.01,0.450,-0.005,0.000,0.000,0.000,1.000,2.08,10.77567062,106.67088467,10.51,"10°46'32.41""N, 106°40'15.18""E",FIX,
23:23:34.934,1786206214.935,TRACKING,2.108,0.001,0.002,0.01,0.450,-0.014,0.000,0.000,0.000,1.000,2.11,10.77567062,106.67088467,10.51,"10°46'32.41""N, 106°40'15.18""E",FIX,
23:23:35.023,1786206215.024,TRACKING,2.144,0.001,0.001,0.01,0.450,-0.008,0.000,0.000,0.000,0.604,2.14,10.77567062,106.67088509,10.51,"10°46'32.41""N, 106°40'15.19""E",FIX,
23:23:35.086,1786206215.087,TRACKING,2.162,0.001,0.000,0.01,0.450,-0.009,0.000,0.000,0.000,0.667,2.16,10.77567062,106.67088509,10.51,"10°46'32.41""N, 106°40'15.19""E",FIX,
23:23:35.156,1786206215.156,TRACKING,2.189,0.001,-0.000,0.02,0.450,-0.007,0.000,0.000,0.000,0.750,2.19,10.77567062,106.67088509,10.51,"10°46'32.41""N, 106°40'15.19""E",FIX,
23:23:35.233,1786206215.234,TRACKING,2.225,0.001,-0.001,0.02,0.450,-0.006,0.000,0.000,0.000,0.812,2.22,10.77567062,106.67088509,10.51,"10°46'32.41""N, 106°40'15.19""E",FIX,
23:23:35.313,1786206215.314,TRACKING,2.252,0.001,-0.001,0.02,0.450,-0.006,0.000,0.000,0.000,0.896,2.25,10.77567062,106.67088550,10.51,"10°46'32.41""N, 106°40'15.19""E",FIX,
23:23:35.389,1786206215.389,TRACKING,2.288,0.001,-0.002,0.02,0.450,-0.005,0.000,0.000,0.000,0.958,2.29,10.77567062,106.67088550,10.51,"10°46'32.41""N, 106°40'15.19""E",FIX,
23:23:35.483,1786206215.483,TRACKING,2.324,0.001,-0.002,0.02,0.450,-0.005,0.000,0.000,0.000,1.000,2.32,10.77567062,106.67088591,10.51,"10°46'32.41""N, 106°40'15.19""E",FIX,
23:23:35.549,1786206215.550,TRACKING,2.351,0.001,-0.003,0.01,0.450,0.002,0.000,0.000,0.000,1.000,2.35,10.77567062,106.67088591,10.51,"10°46'32.41""N, 106°40'15.19""E",FIX,
23:23:35.629,1786206215.630,TRACKING,2.378,0.001,-0.002,0.01,0.450,0.001,0.000,0.000,0.000,1.000,2.38,10.77567062,106.67088591,10.51,"10°46'32.41""N, 106°40'15.19""E",FIX,
23:23:35.717,1786206215.718,TRACKING,2.405,0.001,-0.002,0.01,0.450,-0.001,0.000,0.000,0.000,1.000,2.40,10.77567062,106.67088591,10.51,"10°46'32.41""N, 106°40'15.19""E",FIX,
23:23:35.787,1786206215.788,TRACKING,2.432,0.001,-0.002,0.01,0.450,-0.001,0.000,0.000,0.000,1.000,2.43,10.77567062,106.67088632,10.51,"10°46'32.41""N, 106°40'15.19""E",FIX,
23:23:35.869,1786206215.870,TRACKING,2.468,0.001,-0.002,0.01,0.450,-0.002,0.000,0.000,0.000,1.000,2.47,10.77567062,106.67088632,10.51,"10°46'32.41""N, 106°40'15.19""E",FIX,
23:23:35.949,1786206215.950,TRACKING,2.495,0.001,-0.003,0.01,0.450,-0.002,0.000,0.000,0.000,1.000,2.49,10.77567062,106.67088632,10.51,"10°46'32.41""N, 106°40'15.19""E",FIX,
23:23:36.025,1786206216.026,TRACKING,2.531,0.001,-0.003,0.01,0.450,-0.002,0.000,0.000,0.000,1.000,2.53,10.77567062,106.67088673,10.51,"10°46'32.41""N, 106°40'15.19""E",FIX,
23:23:36.092,1786206216.092,TRACKING,2.558,0.000,-0.003,0.01,0.450,-0.002,0.000,0.000,0.000,1.000,2.56,10.77567062,106.67088673,10.51,"10°46'32.41""N, 106°40'15.19""E",FIX,
23:23:36.275,1786206216.276,TRACKING,2.594,0.000,-0.003,0.01,0.450,-0.002,0.000,0.000,0.000,1.000,2.59,10.77567062,106.67088714,10.51,"10°46'32.41""N, 106°40'15.19""E",FIX,
23:23:36.362,1786206216.362,TRACKING,2.621,0.000,-0.003,0.01,0.450,-0.002,0.000,0.000,0.000,1.000,2.62,10.77567062,106.67088714,10.51,"10°46'32.41""N, 106°40'15.19""E",FIX,
23:23:36.480,1786206216.481,TRACKING,2.648,0.000,-0.003,0.01,0.450,-0.002,0.000,0.000,0.000,1.000,2.65,10.77567062,106.67088714,10.51,"10°46'32.41""N, 106°40'15.19""E",FIX,
23:23:36.564,1786206216.564,TRACKING,2.675,0.000,-0.003,0.01,0.450,-0.002,0.000,0.000,0.000,1.000,2.67,10.77567062,106.67088714,10.51,"10°46'32.41""N, 106°40'15.19""E",FIX,
23:23:36.688,1786206216.689,TRACKING,2.711,-0.000,-0.004,0.01,0.450,-0.002,0.000,0.000,0.000,1.000,2.71,10.77567062,106.67088755,10.51,"10°46'32.41""N, 106°40'15.20""E",FIX,
23:23:36.748,1786206216.749,TRACKING,2.738,-0.000,-0.004,0.01,0.450,-0.002,0.000,0.000,0.000,1.000,2.74,10.77567062,106.67088755,10.51,"10°46'32.41""N, 106°40'15.20""E",FIX,
23:23:36.827,1786206216.828,TRACKING,2.774,-0.000,-0.004,0.01,0.450,0.001,0.000,0.000,0.000,1.000,2.77,10.77567062,106.67088797,10.51,"10°46'32.41""N, 106°40'15.20""E",FIX,
23:23:36.877,1786206216.878,TRACKING,2.792,-0.000,-0.004,0.00,0.450,0.007,0.000,0.000,0.000,1.000,2.79,10.77567062,106.67088797,10.51,"10°46'32.41""N, 106°40'15.20""E",FIX,
23:23:36.957,1786206216.958,TRACKING,2.819,-0.000,-0.004,0.00,0.450,0.003,0.000,0.000,0.000,1.000,2.82,10.77567062,106.67088797,10.51,"10°46'32.41""N, 106°40'15.20""E",FIX,
23:23:37.042,1786206217.042,TRACKING,2.855,-0.001,-0.003,0.00,0.450,0.001,0.000,0.000,0.000,1.000,2.85,10.77567062,106.67088797,10.51,"10°46'32.41""N, 106°40'15.20""E",FIX,
23:23:37.124,1786206217.125,TRACKING,2.891,-0.001,-0.003,0.00,0.450,0.001,0.000,0.000,0.000,1.000,2.89,10.77567062,106.67088838,10.51,"10°46'32.41""N, 106°40'15.20""E",FIX,
23:23:37.197,1786206217.198,TRACKING,2.909,-0.001,-0.003,0.00,0.450,0.001,0.000,0.000,0.000,0.500,2.91,10.77567062,106.67088838,10.51,"10°46'32.41""N, 106°40'15.20""E",FIX,
23:23:37.277,1786206217.277,TRACKING,2.936,-0.001,-0.003,0.00,0.450,0.000,0.000,0.000,0.000,0.562,2.94,10.77567062,106.67088838,10.51,"10°46'32.41""N, 106°40'15.20""E",FIX,
23:23:37.362,1786206217.362,TRACKING,2.981,-0.001,-0.003,0.00,0.450,0.000,0.000,0.000,0.000,0.625,2.98,10.77567062,106.67088879,10.51,"10°46'32.41""N, 106°40'15.20""E",FIX,
23:23:37.432,1786206217.433,TRACKING,2.999,-0.001,-0.003,0.00,0.450,0.000,0.000,0.000,0.000,0.687,3.00,10.77567062,106.67088879,10.51,"10°46'32.41""N, 106°40'15.20""E",FIX,
23:23:37.502,1786206217.503,TRACKING,3.026,-0.001,-0.003,0.00,0.450,0.000,0.000,0.000,0.000,0.750,3.03,10.77567062,106.67088879,10.51,"10°46'32.41""N, 106°40'15.20""E",FIX,
23:23:37.580,1786206217.581,TRACKING,3.053,-0.001,-0.003,0.00,0.450,0.000,0.000,0.000,0.000,0.833,3.05,10.77567062,106.67088920,10.51,"10°46'32.41""N, 106°40'15.20""E",FIX,
23:23:37.671,1786206217.672,TRACKING,3.089,-0.001,-0.003,0.00,0.450,0.000,0.000,0.000,0.000,0.917,3.09,10.77567062,106.67088920,10.51,"10°46'32.41""N, 106°40'15.20""E",FIX,
23:23:37.750,1786206217.751,TRACKING,3.125,-0.001,-0.003,0.00,0.450,0.000,0.000,0.000,0.000,1.000,3.12,10.77567062,106.67088920,10.51,"10°46'32.41""N, 106°40'15.20""E",FIX,
23:23:37.819,1786206217.819,TRACKING,3.152,-0.001,-0.003,-0.00,0.450,0.007,0.000,0.000,0.000,1.000,3.15,10.77567062,106.67088961,10.51,"10°46'32.41""N, 106°40'15.20""E",FIX,
23:23:37.887,1786206217.888,TRACKING,3.179,-0.002,-0.003,-0.00,0.450,-0.002,0.000,0.000,0.000,1.000,3.18,10.77567062,106.67088961,10.51,"10°46'32.41""N, 106°40'15.20""E",FIX,
23:23:37.982,1786206217.982,TRACKING,3.206,-0.002,-0.003,-0.00,0.450,-0.001,0.000,0.000,0.000,1.000,3.21,10.77567062,106.67088961,10.51,"10°46'32.41""N, 106°40'15.20""E",FIX,
23:23:38.063,1786206218.064,TRACKING,3.242,-0.002,-0.003,-0.00,0.450,-0.001,0.000,0.000,0.000,1.000,3.24,10.77567061,106.67089002,10.51,"10°46'32.41""N, 106°40'15.20""E",FIX,
23:23:38.139,1786206218.140,TRACKING,3.269,-0.002,-0.003,-0.00,0.450,-0.001,0.000,0.000,0.000,1.000,3.27,10.77567061,106.67089002,10.51,"10°46'32.41""N, 106°40'15.20""E",FIX,
23:23:38.212,1786206218.213,TRACKING,3.296,-0.002,-0.003,-0.00,0.450,0.008,0.000,0.000,0.000,1.000,3.30,10.77567061,106.67089002,10.51,"10°46'32.41""N, 106°40'15.20""E",FIX,
23:23:38.299,1786206218.300,TRACKING,3.332,-0.002,-0.002,-0.00,0.450,-0.002,0.000,0.000,0.000,1.000,3.33,10.77567061,106.67089043,10.51,"10°46'32.41""N, 106°40'15.21""E",FIX,
23:23:38.361,1786206218.361,TRACKING,3.350,-0.002,-0.002,-0.00,0.450,-0.002,0.000,0.000,0.000,1.000,3.35,10.77567061,106.67089043,10.51,"10°46'32.41""N, 106°40'15.21""E",FIX,
23:23:38.439,1786206218.439,TRACKING,3.386,-0.002,-0.002,-0.00,0.450,-0.001,0.000,0.000,0.000,1.000,3.39,10.77567061,106.67089043,10.51,"10°46'32.41""N, 106°40'15.21""E",FIX,
23:23:38.522,1786206218.523,TRACKING,3.422,-0.002,-0.003,-0.00,0.450,0.006,0.000,0.000,0.000,1.000,3.42,10.77567061,106.67089085,10.51,"10°46'32.41""N, 106°40'15.21""E",FIX,
23:23:38.597,1786206218.598,TRACKING,3.449,-0.002,-0.002,-0.01,0.450,0.006,0.000,0.000,0.000,1.000,3.45,10.77567061,106.67089085,10.51,"10°46'32.41""N, 106°40'15.21""E",FIX,
23:23:38.673,1786206218.673,TRACKING,3.476,-0.002,-0.002,-0.00,0.450,-0.003,0.000,0.000,0.000,1.000,3.48,10.77567061,106.67089085,10.51,"10°46'32.41""N, 106°40'15.21""E",FIX,
23:23:38.745,1786206218.746,TRACKING,3.503,-0.002,-0.002,-0.00,0.450,-0.002,0.000,0.000,0.000,1.000,3.50,10.77567061,106.67089126,10.51,"10°46'32.41""N, 106°40'15.21""E",FIX,
23:23:38.811,1786206218.811,TRACKING,3.530,-0.002,-0.002,-0.00,0.450,0.007,0.000,0.000,0.000,1.000,3.53,10.77567061,106.67089126,10.51,"10°46'32.41""N, 106°40'15.21""E",FIX,
23:23:38.910,1786206218.911,TRACKING,3.566,-0.002,-0.002,-0.00,0.450,-0.002,0.000,0.000,0.000,1.000,3.57,10.77567061,106.67089126,10.51,"10°46'32.41""N, 106°40'15.21""E",FIX,
23:23:38.963,1786206218.963,TRACKING,3.593,-0.003,-0.002,-0.00,0.450,-0.003,0.000,0.000,0.000,1.000,3.59,10.77567061,106.67089167,10.51,"10°46'32.41""N, 106°40'15.21""E",FIX,
23:23:39.044,1786206219.045,TRACKING,3.620,-0.003,-0.002,-0.00,0.450,0.006,0.000,0.000,0.000,1.000,3.62,10.77567061,106.67089167,10.51,"10°46'32.41""N, 106°40'15.21""E",FIX,
23:23:39.124,1786206219.124,TRACKING,3.656,-0.003,-0.001,-0.00,0.450,-0.002,0.000,0.000,0.000,1.000,3.66,10.77567061,106.67089167,10.51,"10°46'32.41""N, 106°40'15.21""E",FIX,
23:23:39.204,1786206219.204,TRACKING,3.683,-0.003,-0.001,-0.00,0.450,-0.002,0.000,0.000,0.000,1.000,3.68,10.77567061,106.67089208,10.51,"10°46'32.41""N, 106°40'15.21""E",FIX,
23:23:39.283,1786206219.283,TRACKING,3.710,-0.003,-0.002,-0.00,0.450,-0.001,0.000,0.000,0.000,0.958,3.71,10.77567061,106.67089208,10.51,"10°46'32.41""N, 106°40'15.21""E",FIX,
23:23:39.371,1786206219.371,TRACKING,3.746,-0.003,-0.002,-0.00,0.450,-0.001,0.000,0.000,0.000,0.583,3.75,10.77567061,106.67089208,10.51,"10°46'32.41""N, 106°40'15.21""E",FIX,
23:23:39.459,1786206219.460,TRACKING,3.773,-0.003,-0.002,-0.00,0.450,-0.000,0.000,0.000,0.000,0.646,3.77,10.77567061,106.67089249,10.51,"10°46'32.41""N, 106°40'15.21""E",FIX,
23:23:39.532,1786206219.533,TRACKING,3.800,-0.003,-0.002,-0.00,0.450,-0.000,0.000,0.000,0.000,0.708,3.80,10.77567061,106.67089249,10.51,"10°46'32.41""N, 106°40'15.21""E",FIX,
23:23:39.605,1786206219.605,TRACKING,3.827,-0.003,-0.002,-0.00,0.450,-0.000,0.000,0.000,0.000,0.792,3.83,10.77567061,106.67089249,10.51,"10°46'32.41""N, 106°40'15.21""E",FIX,
23:23:39.695,1786206219.695,TRACKING,3.863,-0.003,-0.002,-0.00,0.450,-0.000,0.000,0.000,0.000,0.854,3.86,10.77567061,106.67089290,10.51,"10°46'32.41""N, 106°40'15.21""E",FIX,
23:23:39.751,1786206219.751,TRACKING,3.890,-0.003,-0.002,-0.00,0.450,-0.000,0.000,0.000,0.000,0.937,3.89,10.77567061,106.67089290,10.51,"10°46'32.41""N, 106°40'15.21""E",FIX,
23:23:39.832,1786206219.832,TRACKING,3.917,-0.003,-0.002,-0.00,0.450,-0.000,0.000,0.000,0.000,1.000,3.92,10.77567061,106.67089290,10.51,"10°46'32.41""N, 106°40'15.21""E",FIX,
23:23:39.932,1786206219.932,TRACKING,3.953,-0.003,-0.002,-0.00,0.450,-0.000,0.000,0.000,0.000,1.000,3.95,10.77567061,106.67089331,10.51,"10°46'32.41""N, 106°40'15.22""E",FIX,
23:23:39.991,1786206219.992,TRACKING,3.980,-0.003,-0.002,-0.00,0.450,-0.000,0.000,0.000,0.000,1.000,3.98,10.77567061,106.67089331,10.51,"10°46'32.41""N, 106°40'15.22""E",FIX,
23:23:40.073,1786206220.074,TRACKING,4.007,-0.003,-0.002,-0.00,0.450,-0.000,0.000,0.000,0.000,1.000,4.01,10.77567061,106.67089331,10.51,"10°46'32.41""N, 106°40'15.22""E",FIX,
23:23:40.155,1786206220.156,TRACKING,4.043,-0.003,-0.002,-0.00,0.450,-0.000,0.000,0.000,0.000,1.000,4.04,10.77567061,106.67089373,10.51,"10°46'32.41""N, 106°40'15.22""E",FIX,
23:23:40.246,1786206220.247,TRACKING,4.079,-0.003,-0.002,-0.00,0.450,-0.000,0.000,0.000,0.000,1.000,4.08,10.77567061,106.67089373,10.51,"10°46'32.41""N, 106°40'15.22""E",FIX,
23:23:40.293,1786206220.293,TRACKING,4.097,-0.003,-0.002,-0.00,0.450,-0.000,0.000,0.000,0.000,1.000,4.10,10.77567061,106.67089373,10.51,"10°46'32.41""N, 106°40'15.22""E",FIX,
23:23:40.369,1786206220.369,TRACKING,4.124,-0.003,-0.002,-0.00,0.450,-0.000,0.000,0.000,0.000,1.000,4.12,10.77567061,106.67089414,10.51,"10°46'32.41""N, 106°40'15.22""E",FIX,
23:23:40.452,1786206220.452,TRACKING,4.160,-0.003,-0.002,-0.00,0.450,-0.000,0.000,0.000,0.000,1.000,4.16,10.77567061,106.67089414,10.51,"10°46'32.41""N, 106°40'15.22""E",FIX,
23:23:40.541,1786206220.541,TRACKING,4.187,-0.004,-0.002,-0.00,0.450,-0.000,0.000,0.000,0.000,1.000,4.19,10.77567061,106.67089414,10.51,"10°46'32.41""N, 106°40'15.22""E",FIX,
23:23:40.616,1786206220.616,TRACKING,4.223,-0.004,-0.002,-0.00,0.450,-0.000,0.000,0.000,0.000,1.000,4.22,10.77567061,106.67089455,10.51,"10°46'32.41""N, 106°40'15.22""E",FIX,
23:23:40.696,1786206220.696,TRACKING,4.250,-0.004,-0.002,-0.00,0.450,-0.000,0.000,0.000,0.000,1.000,4.25,10.77567061,106.67089455,10.51,"10°46'32.41""N, 106°40'15.22""E",FIX,
23:23:40.751,1786206220.751,TRACKING,4.277,-0.004,-0.002,-0.00,0.450,-0.000,0.000,0.000,0.000,1.000,4.28,10.77567061,106.67089455,10.51,"10°46'32.41""N, 106°40'15.22""E",FIX,
23:23:40.835,1786206220.835,TRACKING,4.304,-0.004,-0.002,-0.00,0.450,-0.000,0.000,0.000,0.000,1.000,4.30,10.77567061,106.67089496,10.51,"10°46'32.41""N, 106°40'15.22""E",FIX,
23:23:40.926,1786206220.927,TRACKING,4.340,-0.004,-0.002,-0.00,0.450,-0.000,0.000,0.000,0.000,1.000,4.34,10.77567061,106.67089496,10.51,"10°46'32.41""N, 106°40'15.22""E",FIX,
23:23:41.002,1786206221.003,TRACKING,4.367,-0.004,-0.002,-0.00,0.450,-0.000,0.000,0.000,0.000,1.000,4.37,10.77567061,106.67089496,10.51,"10°46'32.41""N, 106°40'15.22""E",FIX,
23:23:41.070,1786206221.071,TRACKING,4.394,-0.004,-0.002,-0.00,0.450,-0.000,0.000,0.000,0.000,1.000,4.39,10.77567061,106.67089537,10.51,"10°46'32.41""N, 106°40'15.22""E",FIX,
23:23:41.160,1786206221.160,TRACKING,4.421,-0.004,-0.002,-0.00,0.450,-0.000,0.000,0.000,0.000,1.000,4.42,10.77567061,106.67089537,10.51,"10°46'32.41""N, 106°40'15.22""E",FIX,
23:23:41.238,1786206221.238,TRACKING,4.457,-0.004,-0.002,-0.00,0.450,-0.000,0.000,0.000,0.000,1.000,4.46,10.77567061,106.67089537,10.51,"10°46'32.41""N, 106°40'15.22""E",FIX,
23:23:41.310,1786206221.311,TRACKING,4.484,-0.004,-0.002,-0.00,0.450,-0.000,0.000,0.000,0.000,1.000,4.48,10.77567061,106.67089578,10.51,"10°46'32.41""N, 106°40'15.22""E",FIX,
23:23:41.390,1786206221.390,TRACKING,4.520,-0.004,-0.002,-0.00,0.450,-0.000,0.000,0.000,0.000,1.000,4.52,10.77567061,106.67089578,10.51,"10°46'32.41""N, 106°40'15.22""E",FIX,
23:23:41.475,1786206221.475,TRACKING,4.547,-0.004,-0.002,-0.00,0.450,-0.000,0.000,0.000,0.000,0.583,4.55,10.77567061,106.67089578,10.51,"10°46'32.41""N, 106°40'15.22""E",FIX,
23:23:41.559,1786206221.560,TRACKING,4.574,-0.004,-0.002,-0.00,0.450,-0.000,0.000,0.000,0.000,0.667,4.57,10.77567061,106.67089619,10.51,"10°46'32.41""N, 106°40'15.23""E",FIX,
23:23:41.639,1786206221.640,TRACKING,4.601,-0.004,-0.002,-0.00,0.450,-0.000,0.000,0.000,0.000,0.729,4.60,10.77567061,106.67089619,10.51,"10°46'32.41""N, 106°40'15.23""E",FIX,
23:23:41.734,1786206221.735,TRACKING,4.637,-0.004,-0.002,-0.00,0.450,-0.000,0.000,0.000,0.000,0.812,4.64,10.77567061,106.67089619,10.51,"10°46'32.41""N, 106°40'15.23""E",FIX,
23:23:41.806,1786206221.807,TRACKING,4.664,-0.004,-0.002,-0.00,0.450,-0.000,0.000,0.000,0.000,0.875,4.66,10.77567061,106.67089661,10.51,"10°46'32.41""N, 106°40'15.23""E",FIX,
23:23:41.885,1786206221.885,TRACKING,4.691,-0.004,-0.002,-0.00,0.450,-0.000,0.000,0.000,0.000,0.958,4.69,10.77567061,106.67089661,10.51,"10°46'32.41""N, 106°40'15.23""E",FIX,
23:23:41.956,1786206221.956,TRACKING,4.727,-0.004,-0.002,-0.00,0.450,-0.000,0.000,0.000,0.000,1.000,4.73,10.77567061,106.67089661,10.51,"10°46'32.41""N, 106°40'15.23""E",FIX,
23:23:42.029,1786206222.030,TRACKING,4.754,-0.005,-0.002,-0.00,0.450,-0.000,0.000,0.000,0.000,1.000,4.75,10.77567061,106.67089702,10.51,"10°46'32.41""N, 106°40'15.23""E",FIX,
23:23:42.109,1786206222.109,TRACKING,4.781,-0.005,-0.002,-0.00,0.450,-0.000,0.000,0.000,0.000,1.000,4.78,10.77567061,106.67089702,10.51,"10°46'32.41""N, 106°40'15.23""E",FIX,
23:23:42.205,1786206222.205,TRACKING,4.817,-0.005,-0.002,-0.00,0.450,-0.000,0.000,0.000,0.000,1.000,4.82,10.77567061,106.67089702,10.51,"10°46'32.41""N, 106°40'15.23""E",FIX,
23:23:42.277,1786206222.277,TRACKING,4.844,-0.005,-0.002,-0.00,0.450,-0.000,0.000,0.000,0.000,1.000,4.84,10.77567061,106.67089743,10.51,"10°46'32.41""N, 106°40'15.23""E",FIX,
23:23:42.341,1786206222.342,TRACKING,4.871,-0.005,-0.002,-0.00,0.450,-0.000,0.000,0.000,0.000,1.000,4.87,10.77567061,106.67089743,10.51,"10°46'32.41""N, 106°40'15.23""E",FIX,
23:23:42.432,1786206222.433,TRACKING,4.898,-0.005,-0.002,-0.00,0.450,-0.000,0.000,0.000,0.000,1.000,4.90,10.77567061,106.67089743,10.51,"10°46'32.41""N, 106°40'15.23""E",FIX,
23:23:42.503,1786206222.504,TRACKING,4.925,-0.005,-0.002,-0.00,0.450,-0.000,0.000,0.000,0.000,1.000,4.92,10.77567061,106.67089743,10.51,"10°46'32.41""N, 106°40'15.23""E",FIX,
23:23:42.600,1786206222.601,TRACKING,4.970,-0.005,-0.002,-0.00,0.450,-0.000,0.000,0.000,0.000,1.000,4.97,10.77567061,106.67089784,10.51,"10°46'32.41""N, 106°40'15.23""E",FIX,
23:23:42.678,1786206222.679,TRACKING,4.988,-0.005,-0.002,-0.00,0.450,-0.000,0.000,0.000,0.000,1.000,4.99,10.77567061,106.67089784,10.51,"10°46'32.41""N, 106°40'15.23""E",FIX,
23:23:42.791,1786206222.791,TRACKING,5.024,-0.005,-0.002,-0.00,0.450,-0.000,0.000,0.000,0.000,1.000,5.02,10.77567061,106.67089825,10.51,"10°46'32.41""N, 106°40'15.23""E",FIX,
23:23:42.879,1786206222.880,TRACKING,5.051,-0.005,-0.002,-0.00,0.450,-0.000,0.000,0.000,0.000,1.000,5.05,10.77567061,106.67089825,10.51,"10°46'32.41""N, 106°40'15.23""E",FIX,
23:23:42.963,1786206222.964,TRACKING,5.078,-0.005,-0.002,-0.00,0.450,-0.000,0.000,0.000,0.000,1.000,5.08,10.77567061,106.67089825,10.51,"10°46'32.41""N, 106°40'15.23""E",FIX,
23:23:43.046,1786206223.047,TRACKING,5.114,-0.005,-0.002,-0.00,0.450,-0.000,0.000,0.000,0.000,1.000,5.11,10.77567061,106.67089866,10.51,"10°46'32.41""N, 106°40'15.24""E",FIX,
23:23:43.120,1786206223.121,TRACKING,5.141,-0.005,-0.002,-0.00,0.450,-0.000,0.000,0.000,0.000,1.000,5.14,10.77567061,106.67089866,10.51,"10°46'32.41""N, 106°40'15.24""E",FIX,
23:23:43.208,1786206223.209,TRACKING,5.168,-0.005,-0.002,-0.00,0.450,-0.000,0.000,0.000,0.000,1.000,5.17,10.77567061,106.67089866,10.51,"10°46'32.41""N, 106°40'15.24""E",FIX,
23:23:43.280,1786206223.281,TRACKING,5.195,-0.005,-0.002,-0.00,0.450,-0.000,0.000,0.000,0.000,1.000,5.19,10.77567061,106.67089866,10.51,"10°46'32.41""N, 106°40'15.24""E",FIX,
23:23:43.358,1786206223.359,TRACKING,5.231,-0.005,-0.002,-0.00,0.450,-0.000,0.000,0.000,0.000,1.000,5.23,10.77567061,106.67089908,10.51,"10°46'32.41""N, 106°40'15.24""E",FIX,
23:23:43.433,1786206223.434,TRACKING,5.258,-0.005,-0.002,-0.00,0.450,-0.000,0.000,0.000,0.000,1.000,5.26,10.77567061,106.67089908,10.51,"10°46'32.41""N, 106°40'15.24""E",FIX,
23:23:43.512,1786206223.513,TRACKING,5.285,-0.006,-0.002,-0.00,0.450,0.008,0.000,0.000,0.000,1.000,5.28,10.77567061,106.67089908,10.51,"10°46'32.41""N, 106°40'15.24""E",FIX,
23:23:43.588,1786206223.589,TRACKING,5.321,-0.006,-0.001,-0.01,0.450,0.020,0.000,0.000,0.000,0.687,5.32,10.77567061,106.67089949,10.51,"10°46'32.41""N, 106°40'15.24""E",FIX,
23:23:43.668,1786206223.669,TRACKING,5.348,-0.006,-0.000,-0.02,0.450,0.016,0.000,0.000,0.000,0.583,5.35,10.77567061,106.67089949,10.51,"10°46'32.41""N, 106°40'15.24""E",FIX,
23:23:43.734,1786206223.734,TRACKING,5.375,-0.006,0.001,-0.02,0.450,0.010,0.000,0.000,0.000,0.667,5.37,10.77567061,106.67089949,10.51,"10°46'32.41""N, 106°40'15.24""E",FIX,
23:23:43.815,1786206223.815,TRACKING,5.411,-0.006,0.002,-0.02,0.450,0.004,0.000,0.000,0.000,0.729,5.41,10.77567060,106.67089990,10.51,"10°46'32.41""N, 106°40'15.24""E",FIX,
23:23:43.907,1786206223.908,TRACKING,5.438,-0.005,0.002,-0.02,0.450,0.005,0.000,0.000,0.000,0.792,5.44,10.77567060,106.67089990,10.51,"10°46'32.41""N, 106°40'15.24""E",FIX,
23:23:43.961,1786206223.961,TRACKING,5.465,-0.005,0.002,-0.02,0.450,0.005,0.000,0.000,0.000,0.854,5.46,10.77567060,106.67089990,10.51,"10°46'32.41""N, 106°40'15.24""E",FIX,
23:23:44.048,1786206224.049,TRACKING,5.501,-0.005,0.002,-0.02,0.450,0.005,0.000,0.000,0.000,0.937,5.50,10.77567060,106.67090031,10.51,"10°46'32.41""N, 106°40'15.24""E",FIX,
23:23:44.114,1786206224.115,TRACKING,5.519,-0.005,0.003,-0.02,0.450,0.005,0.000,0.000,0.000,1.000,5.52,10.77567060,106.67090031,10.51,"10°46'32.41""N, 106°40'15.24""E",FIX,
23:23:44.190,1786206224.191,TRACKING,5.555,-0.005,0.003,-0.02,0.450,0.005,0.000,0.000,0.000,1.000,5.55,10.77567060,106.67090031,10.51,"10°46'32.41""N, 106°40'15.24""E",FIX,
23:23:44.295,1786206224.295,TRACKING,5.591,-0.005,0.003,-0.02,0.450,0.005,0.000,0.000,0.000,1.000,5.59,10.77567060,106.67090072,10.51,"10°46'32.41""N, 106°40'15.24""E",FIX,
23:23:44.373,1786206224.374,TRACKING,5.618,-0.005,0.004,-0.02,0.450,0.005,0.000,0.000,0.000,1.000,5.62,10.77567060,106.67090072,10.51,"10°46'32.41""N, 106°40'15.24""E",FIX,
23:23:44.447,1786206224.447,TRACKING,5.645,-0.005,0.004,-0.02,0.450,0.005,0.000,0.000,0.000,1.000,5.64,10.77567060,106.67090072,10.51,"10°46'32.41""N, 106°40'15.24""E",FIX,
23:23:44.532,1786206224.532,TRACKING,5.681,-0.005,0.004,-0.02,0.450,0.005,0.000,0.000,0.000,1.000,5.68,10.77567060,106.67090113,10.51,"10°46'32.41""N, 106°40'15.24""E",FIX,
23:23:44.586,1786206224.586,TRACKING,5.699,-0.005,0.005,-0.02,0.450,-0.006,0.000,0.000,0.000,1.000,5.70,10.77567060,106.67090113,10.51,"10°46'32.41""N, 106°40'15.24""E",FIX,
23:23:44.663,1786206224.663,TRACKING,5.726,-0.005,0.005,-0.02,0.450,0.006,0.000,0.000,0.000,1.000,5.73,10.77567060,106.67090113,10.51,"10°46'32.41""N, 106°40'15.24""E",FIX,
23:23:44.747,1786206224.748,TRACKING,5.762,-0.004,0.005,-0.02,0.450,0.006,0.000,0.000,0.000,1.000,5.76,10.77567060,106.67090154,10.51,"10°46'32.41""N, 106°40'15.25""E",FIX,
23:23:44.824,1786206224.825,TRACKING,5.789,-0.004,0.005,-0.01,0.450,-0.003,0.000,0.000,0.000,1.000,5.79,10.77567060,106.67090154,10.51,"10°46'32.41""N, 106°40'15.25""E",FIX,
23:23:44.906,1786206224.907,TRACKING,5.825,-0.004,0.005,-0.01,0.450,-0.000,0.000,0.000,0.000,1.000,5.82,10.77567060,106.67090154,10.51,"10°46'32.41""N, 106°40'15.25""E",FIX,
23:23:44.989,1786206224.990,TRACKING,5.852,-0.004,0.005,-0.01,0.450,0.007,0.000,0.000,0.000,1.000,5.85,10.77567060,106.67090196,10.51,"10°46'32.41""N, 106°40'15.25""E",FIX,
23:23:45.063,1786206225.064,TRACKING,5.879,-0.004,0.005,-0.02,0.450,0.007,0.000,0.000,0.000,1.000,5.88,10.77567060,106.67090196,10.51,"10°46'32.41""N, 106°40'15.25""E",FIX,
23:23:45.145,1786206225.145,TRACKING,5.906,-0.004,0.006,-0.02,0.450,0.006,0.000,0.000,0.000,1.000,5.91,10.77567060,106.67090196,10.51,"10°46'32.41""N, 106°40'15.25""E",FIX,
23:23:45.221,1786206225.221,TRACKING,5.942,-0.003,0.006,-0.01,0.450,-0.001,0.000,0.000,0.000,1.000,5.94,10.77567060,106.67090237,10.51,"10°46'32.41""N, 106°40'15.25""E",FIX,
23:23:45.303,1786206225.304,TRACKING,5.969,-0.003,0.006,-0.01,0.450,-0.001,0.000,0.000,0.000,1.000,5.97,10.77567060,106.67090237,10.51,"10°46'32.41""N, 106°40'15.25""E",FIX,
23:23:45.388,1786206225.389,TRACKING,6.005,-0.003,0.006,-0.01,0.450,0.001,0.000,0.000,0.000,1.000,6.00,10.77567060,106.67090237,10.51,"10°46'32.41""N, 106°40'15.25""E",FIX,
23:23:45.452,1786206225.452,TRACKING,6.023,-0.003,0.006,-0.01,0.450,0.001,0.000,0.000,0.000,1.000,6.02,10.77567061,106.67090278,10.51,"10°46'32.41""N, 106°40'15.25""E",FIX,
23:23:45.531,1786206225.532,TRACKING,6.059,-0.003,0.006,-0.01,0.450,0.002,0.000,0.000,0.000,1.000,6.06,10.77567061,106.67090278,10.51,"10°46'32.41""N, 106°40'15.25""E",FIX,
23:23:45.616,1786206225.616,TRACKING,6.095,-0.002,0.006,-0.00,0.450,-0.007,0.000,0.000,0.000,1.000,6.09,10.77567061,106.67090278,10.51,"10°46'32.41""N, 106°40'15.25""E",FIX,
23:23:45.674,1786206225.675,TRACKING,6.122,-0.002,0.006,0.00,0.450,-0.013,0.000,0.000,0.000,0.958,6.12,10.77567061,106.67090319,10.51,"10°46'32.41""N, 106°40'15.25""E",FIX,
23:23:45.745,1786206225.745,TRACKING,6.149,-0.002,0.005,0.00,0.450,-0.008,0.000,0.000,0.000,0.604,6.15,10.77567061,106.67090319,10.51,"10°46'32.41""N, 106°40'15.25""E",FIX,
23:23:45.824,1786206225.824,TRACKING,6.176,-0.002,0.005,0.01,0.450,-0.005,0.000,0.000,0.000,0.667,6.18,10.77567061,106.67090319,10.51,"10°46'32.41""N, 106°40'15.25""E",FIX,
23:23:45.918,1786206225.918,TRACKING,6.212,-0.002,0.004,0.01,0.450,-0.004,0.000,0.000,0.000,0.750,6.21,10.77567061,106.67090360,10.51,"10°46'32.41""N, 106°40'15.25""E",FIX,
23:23:45.998,1786206225.998,TRACKING,6.239,-0.002,0.004,0.01,0.450,-0.004,0.000,0.000,0.000,0.833,6.24,10.77567061,106.67090360,10.51,"10°46'32.41""N, 106°40'15.25""E",FIX,
23:23:46.068,1786206226.069,TRACKING,6.266,-0.002,0.004,0.01,0.450,-0.003,0.000,0.000,0.000,0.896,6.27,10.77567061,106.67090360,10.51,"10°46'32.41""N, 106°40'15.25""E",FIX,
23:23:46.145,1786206226.146,TRACKING,6.302,-0.001,0.004,0.01,0.450,-0.003,0.000,0.000,0.000,0.979,6.30,10.77567061,106.67090401,10.51,"10°46'32.41""N, 106°40'15.25""E",FIX,
23:23:46.224,1786206226.224,TRACKING,6.329,-0.001,0.003,0.01,0.450,-0.003,0.000,0.000,0.000,1.000,6.33,10.77567061,106.67090401,10.51,"10°46'32.41""N, 106°40'15.25""E",FIX,
23:23:46.287,1786206226.288,TRACKING,6.356,-0.001,0.003,0.01,0.450,0.006,0.000,0.000,0.000,1.000,6.36,10.77567061,106.67090401,10.51,"10°46'32.41""N, 106°40'15.25""E",FIX,
23:23:46.374,1786206226.375,TRACKING,6.383,-0.001,0.004,0.01,0.450,-0.004,0.000,0.000,0.000,1.000,6.38,10.77567061,106.67090442,10.51,"10°46'32.41""N, 106°40'15.26""E",FIX,
23:23:46.444,1786206226.444,TRACKING,6.410,-0.001,0.004,0.01,0.450,-0.004,0.000,0.000,0.000,1.000,6.41,10.77567061,106.67090442,10.51,"10°46'32.41""N, 106°40'15.26""E",FIX,
23:23:46.522,1786206226.523,TRACKING,6.446,-0.001,0.003,0.01,0.450,-0.003,0.000,0.000,0.000,1.000,6.45,10.77567061,106.67090442,10.51,"10°46'32.41""N, 106°40'15.26""E",FIX,
23:23:46.595,1786206226.596,TRACKING,6.473,-0.001,0.003,0.01,0.450,-0.003,0.000,0.000,0.000,1.000,6.47,10.77567061,106.67090484,10.51,"10°46'32.41""N, 106°40'15.26""E",FIX,
23:23:46.680,1786206226.680,TRACKING,6.509,-0.001,0.003,0.01,0.450,-0.003,0.000,0.000,0.000,1.000,6.51,10.77567061,106.67090484,10.51,"10°46'32.41""N, 106°40'15.26""E",FIX,
23:23:46.744,1786206226.745,TRACKING,6.536,-0.001,0.003,0.01,0.450,0.005,0.000,0.000,0.000,1.000,6.54,10.77567061,106.67090484,10.51,"10°46'32.41""N, 106°40'15.26""E",FIX,
23:23:46.821,1786206226.821,TRACKING,6.563,-0.001,0.003,0.01,0.450,-0.004,0.000,0.000,0.000,1.000,6.56,10.77567061,106.67090525,10.51,"10°46'32.41""N, 106°40'15.26""E",FIX,
23:23:46.897,1786206226.897,TRACKING,6.590,-0.001,0.003,0.01,0.450,-0.004,0.000,0.000,0.000,1.000,6.59,10.77567061,106.67090525,10.51,"10°46'32.41""N, 106°40'15.26""E",FIX,
23:23:46.975,1786206226.975,TRACKING,6.626,-0.000,0.002,0.01,0.450,-0.003,0.000,0.000,0.000,1.000,6.63,10.77567061,106.67090525,10.51,"10°46'32.41""N, 106°40'15.26""E",FIX,
23:23:47.040,1786206227.041,TRACKING,6.653,-0.000,0.002,0.01,0.450,-0.003,0.000,0.000,0.000,1.000,6.65,10.77567061,106.67090566,10.51,"10°46'32.41""N, 106°40'15.26""E",FIX,
23:23:47.117,1786206227.118,TRACKING,6.680,-0.000,0.002,0.01,0.450,-0.003,0.000,0.000,0.000,1.000,6.68,10.77567061,106.67090566,10.51,"10°46'32.41""N, 106°40'15.26""E",FIX,
23:23:47.188,1786206227.189,TRACKING,6.707,-0.000,0.002,0.01,0.450,-0.003,0.000,0.000,0.000,1.000,6.71,10.77567061,106.67090566,10.51,"10°46'32.41""N, 106°40'15.26""E",FIX,
23:23:47.286,1786206227.287,TRACKING,6.752,-0.000,0.002,0.01,0.450,-0.003,0.000,0.000,0.000,1.000,6.75,10.77567061,106.67090607,10.51,"10°46'32.41""N, 106°40'15.26""E",FIX,
23:23:47.342,1786206227.343,TRACKING,6.770,-0.000,0.001,0.01,0.450,-0.003,0.000,0.000,0.000,1.000,6.77,10.77567061,106.67090607,10.51,"10°46'32.41""N, 106°40'15.26""E",FIX,
23:23:47.442,1786206227.443,TRACKING,6.806,-0.000,0.001,0.01,0.450,-0.002,0.000,0.000,0.000,1.000,6.81,10.77567061,106.67090607,10.51,"10°46'32.41""N, 106°40'15.26""E",FIX,
23:23:47.511,1786206227.512,TRACKING,6.833,-0.000,0.001,0.01,0.450,-0.002,0.000,0.000,0.000,1.000,6.83,10.77567062,106.67090648,10.51,"10°46'32.41""N, 106°40'15.26""E",FIX,
23:23:47.588,1786206227.588,TRACKING,6.860,-0.000,0.001,0.01,0.450,-0.002,0.000,0.000,0.000,1.000,6.86,10.77567062,106.67090648,10.51,"10°46'32.41""N, 106°40'15.26""E",FIX,
23:23:47.648,1786206227.649,TRACKING,6.887,-0.000,0.001,0.01,0.450,-0.002,0.000,0.000,0.000,1.000,6.89,10.77567062,106.67090648,10.51,"10°46'32.41""N, 106°40'15.26""E",FIX,
23:23:47.737,1786206227.737,TRACKING,6.923,-0.000,0.001,0.01,0.450,-0.002,0.000,0.000,0.000,0.542,6.92,10.77567062,106.67090689,10.51,"10°46'32.41""N, 106°40'15.26""E",FIX,
23:23:47.821,1786206227.822,TRACKING,6.959,-0.000,0.000,0.01,0.450,-0.002,0.000,0.000,0.000,0.604,6.96,10.77567062,106.67090689,10.51,"10°46'32.41""N, 106°40'15.26""E",FIX,
23:23:47.880,1786206227.881,TRACKING,6.977,-0.000,0.000,0.01,0.450,-0.002,0.000,0.000,0.000,0.667,6.98,10.77567062,106.67090689,10.51,"10°46'32.41""N, 106°40'15.26""E",FIX,
23:23:47.977,1786206227.977,TRACKING,7.013,-0.000,0.000,0.01,0.450,-0.002,0.000,0.000,0.000,0.750,7.01,10.77567062,106.67090730,10.51,"10°46'32.41""N, 106°40'15.27""E",FIX,
23:23:48.052,1786206228.053,TRACKING,7.031,-0.000,0.000,0.01,0.450,-0.002,0.000,0.000,0.000,0.833,7.03,10.77567062,106.67090730,10.51,"10°46'32.41""N, 106°40'15.27""E",FIX,
23:23:48.150,1786206228.150,TRACKING,7.076,-0.000,-0.000,0.01,0.450,-0.002,0.000,0.000,0.000,0.896,7.08,10.77567062,106.67090730,10.51,"10°46'32.41""N, 106°40'15.27""E",FIX,
23:23:48.228,1786206228.229,TRACKING,7.103,-0.000,-0.000,0.01,0.450,-0.002,0.000,0.000,0.000,0.979,7.10,10.77567062,106.67090772,10.51,"10°46'32.41""N, 106°40'15.27""E",FIX,
23:23:48.293,1786206228.294,TRACKING,7.130,-0.000,-0.000,0.01,0.450,-0.002,0.000,0.000,0.000,1.000,7.13,10.77567062,106.67090772,10.51,"10°46'32.41""N, 106°40'15.27""E",FIX,
23:23:48.375,1786206228.375,TRACKING,7.157,-0.000,-0.001,0.01,0.450,-0.002,0.000,0.000,0.000,1.000,7.16,10.77567062,106.67090772,10.51,"10°46'32.41""N, 106°40'15.27""E",FIX,
23:23:48.443,1786206228.443,TRACKING,7.184,-0.000,-0.001,0.01,0.450,-0.002,0.000,0.000,0.000,1.000,7.18,10.77567062,106.67090813,10.51,"10°46'32.41""N, 106°40'15.27""E",FIX,
23:23:48.533,1786206228.533,TRACKING,7.220,-0.000,-0.001,0.01,0.450,-0.002,0.000,0.000,0.000,1.000,7.22,10.77567062,106.67090813,10.51,"10°46'32.41""N, 106°40'15.27""E",FIX,
23:23:48.605,1786206228.605,TRACKING,7.247,-0.000,-0.001,0.01,0.450,0.005,0.000,0.000,0.000,1.000,7.25,10.77567062,106.67090813,10.51,"10°46'32.41""N, 106°40'15.27""E",FIX,
23:23:48.671,1786206228.672,TRACKING,7.274,-0.000,-0.001,0.00,0.450,0.005,0.000,0.000,0.000,1.000,7.27,10.77567062,106.67090854,10.51,"10°46'32.41""N, 106°40'15.27""E",FIX,
23:23:48.756,1786206228.756,TRACKING,7.301,-0.000,-0.001,0.01,0.450,-0.005,0.000,0.000,0.000,1.000,7.30,10.77567062,106.67090854,10.51,"10°46'32.41""N, 106°40'15.27""E",FIX,
23:23:48.846,1786206228.847,TRACKING,7.337,-0.000,-0.001,0.01,0.450,-0.004,0.000,0.000,0.000,1.000,7.34,10.77567062,106.67090854,10.51,"10°46'32.41""N, 106°40'15.27""E",FIX,
23:23:48.920,1786206228.920,TRACKING,7.364,-0.000,-0.001,0.01,0.450,-0.004,0.000,0.000,0.000,1.000,7.36,10.77567062,106.67090895,10.51,"10°46'32.41""N, 106°40'15.27""E",FIX,
23:23:49.003,1786206229.003,TRACKING,7.400,-0.000,-0.001,0.00,0.450,0.003,0.000,0.000,0.000,1.000,7.40,10.77567062,106.67090895,10.51,"10°46'32.41""N, 106°40'15.27""E",FIX,
23:23:49.072,1786206229.072,TRACKING,7.418,-0.000,-0.001,0.01,0.450,-0.005,0.000,0.000,0.000,1.000,7.42,10.77567062,106.67090895,10.51,"10°46'32.41""N, 106°40'15.27""E",FIX,
23:23:49.162,1786206229.162,TRACKING,7.454,-0.000,-0.002,0.01,0.450,-0.004,0.000,0.000,0.000,1.000,7.45,10.77567062,106.67090936,10.51,"10°46'32.41""N, 106°40'15.27""E",FIX,
23:23:49.230,1786206229.231,TRACKING,7.481,-0.000,-0.002,0.01,0.450,-0.004,0.000,0.000,0.000,1.000,7.48,10.77567062,106.67090936,10.51,"10°46'32.41""N, 106°40'15.27""E",FIX,
23:23:49.319,1786206229.319,TRACKING,7.517,-0.000,-0.002,0.01,0.450,0.003,0.000,0.000,0.000,1.000,7.52,10.77567062,106.67090936,10.51,"10°46'32.41""N, 106°40'15.27""E",FIX,
23:23:49.389,1786206229.389,TRACKING,7.544,-0.001,-0.002,0.01,0.450,-0.004,0.000,0.000,0.000,1.000,7.54,10.77567062,106.67090977,10.51,"10°46'32.41""N, 106°40'15.28""E",FIX,
23:23:49.461,1786206229.461,TRACKING,7.580,-0.001,-0.002,0.00,0.450,0.003,0.000,0.000,0.000,1.000,7.58,10.77567062,106.67090977,10.51,"10°46'32.41""N, 106°40'15.28""E",FIX,
23:23:49.539,1786206229.539,TRACKING,7.607,-0.001,-0.002,0.00,0.450,0.002,0.000,0.000,0.000,1.000,7.61,10.77567062,106.67090977,10.51,"10°46'32.41""N, 106°40'15.28""E",FIX,
23:23:49.622,1786206229.623,TRACKING,7.634,-0.001,-0.002,0.01,0.450,-0.006,0.000,0.000,0.000,1.000,7.63,10.77567062,106.67091018,10.51,"10°46'32.41""N, 106°40'15.28""E",FIX,
23:23:49.691,1786206229.692,TRACKING,7.661,-0.001,-0.002,0.00,0.450,0.003,0.000,0.000,0.000,1.000,7.66,10.77567062,106.67091018,10.51,"10°46'32.41""N, 106°40'15.28""E",FIX,
23:23:49.772,1786206229.772,TRACKING,7.697,-0.001,-0.002,-0.01,0.450,0.033,0.000,0.000,0.000,1.000,7.70,10.77567062,106.67091018,10.51,"10°46'32.41""N, 106°40'15.28""E",FIX,
23:23:49.845,1786206229.845,TRACKING,7.724,-0.001,-0.001,-0.03,0.450,0.030,0.000,0.000,0.000,0.500,7.72,10.77567062,106.67091060,10.51,"10°46'32.41""N, 106°40'15.28""E",FIX,
23:23:49.930,1786206229.930,TRACKING,7.760,-0.001,0.002,-0.03,0.450,0.015,0.000,0.000,0.000,0.583,7.76,10.77567062,106.67091060,10.51,"10°46'32.41""N, 106°40'15.28""E",FIX,
23:23:49.995,1786206229.995,TRACKING,7.778,-0.001,0.003,-0.03,0.450,0.016,0.000,0.000,0.000,0.646,7.78,10.77567062,106.67091060,10.51,"10°46'32.41""N, 106°40'15.28""E",FIX,
23:23:50.079,1786206230.079,TRACKING,7.814,-0.001,0.004,-0.03,0.450,0.006,0.000,0.000,0.000,0.729,7.81,10.77567061,106.67091101,10.51,"10°46'32.41""N, 106°40'15.28""E",FIX,
23:23:50.153,1786206230.154,TRACKING,7.841,-0.001,0.004,-0.03,0.450,0.006,0.000,0.000,0.000,0.792,7.84,10.77567061,106.67091101,10.51,"10°46'32.41""N, 106°40'15.28""E",FIX,
23:23:50.220,1786206230.220,TRACKING,7.868,-0.000,0.005,-0.03,0.450,0.006,0.000,0.000,0.000,0.854,7.87,10.77567061,106.67091101,10.51,"10°46'32.41""N, 106°40'15.28""E",FIX,
23:23:50.303,1786206230.304,TRACKING,7.904,-0.000,0.005,-0.03,0.450,0.007,0.000,0.000,0.000,0.937,7.90,10.77567061,106.67091142,10.51,"10°46'32.41""N, 106°40'15.28""E",FIX,
23:23:50.375,1786206230.376,TRACKING,7.931,-0.000,0.006,-0.03,0.450,0.007,0.000,0.000,0.000,1.000,7.93,10.77567061,106.67091142,10.51,"10°46'32.41""N, 106°40'15.28""E",FIX,
23:23:50.454,1786206230.454,TRACKING,7.958,0.000,0.006,-0.03,0.450,0.007,0.000,0.000,0.000,1.000,7.96,10.77567061,106.67091142,10.51,"10°46'32.41""N, 106°40'15.28""E",FIX,
23:23:50.526,1786206230.527,TRACKING,7.985,0.000,0.006,-0.03,0.450,0.007,0.000,0.000,0.000,1.000,7.98,10.77567061,106.67091142,10.51,"10°46'32.41""N, 106°40'15.28""E",FIX,
23:23:50.604,1786206230.605,TRACKING,8.021,0.000,0.007,-0.03,0.450,0.007,0.000,0.000,0.000,1.000,8.02,10.77567061,106.67091183,10.51,"10°46'32.41""N, 106°40'15.28""E",FIX,
23:23:50.685,1786206230.685,TRACKING,8.048,0.001,0.007,-0.03,0.450,0.007,0.000,0.000,0.000,1.000,8.05,10.77567061,106.67091183,10.51,"10°46'32.41""N, 106°40'15.28""E",FIX,
23:23:50.760,1786206230.761,TRACKING,8.075,0.001,0.008,-0.02,0.450,-0.001,0.000,0.000,0.000,1.000,8.07,10.77567061,106.67091183,10.51,"10°46'32.41""N, 106°40'15.28""E",FIX,
23:23:50.829,1786206230.829,TRACKING,8.102,0.001,0.008,-0.02,0.450,0.001,0.000,0.000,0.000,1.000,8.10,10.77567061,106.67091224,10.51,"10°46'32.41""N, 106°40'15.28""E",FIX,
23:23:50.924,1786206230.925,TRACKING,8.138,0.001,0.008,-0.02,0.450,0.009,0.000,0.000,0.000,1.000,8.14,10.77567061,106.67091224,10.51,"10°46'32.41""N, 106°40'15.28""E",FIX,
23:23:51.010,1786206231.010,TRACKING,8.174,0.002,0.009,-0.02,0.450,0.002,0.000,0.000,0.000,1.000,8.17,10.77567061,106.67091265,10.51,"10°46'32.41""N, 106°40'15.29""E",FIX,
23:23:51.064,1786206231.065,TRACKING,8.201,0.002,0.009,-0.02,0.450,0.003,0.000,0.000,0.000,1.000,8.20,10.77567061,106.67091265,10.51,"10°46'32.41""N, 106°40'15.29""E",FIX,
23:23:51.145,1786206231.145,TRACKING,8.228,0.002,0.009,-0.02,0.450,0.004,0.000,0.000,0.000,1.000,8.23,10.77567061,106.67091265,10.51,"10°46'32.41""N, 106°40'15.29""E",FIX,
23:23:51.211,1786206231.212,TRACKING,8.255,0.002,0.009,-0.02,0.450,0.004,0.000,0.000,0.000,1.000,8.25,10.77567061,106.67091265,10.51,"10°46'32.41""N, 106°40'15.29""E",FIX,
23:23:51.300,1786206231.301,TRACKING,8.291,0.003,0.010,-0.02,0.450,0.004,0.000,0.000,0.000,1.000,8.29,10.77567061,106.67091306,10.51,"10°46'32.41""N, 106°40'15.29""E",FIX,
23:23:51.374,1786206231.375,TRACKING,8.318,0.003,0.010,-0.02,0.450,0.004,0.000,0.000,0.000,1.000,8.32,10.77567061,106.67091306,10.51,"10°46'32.41""N, 106°40'15.29""E",FIX,
23:23:51.444,1786206231.444,TRACKING,8.345,0.003,0.010,-0.02,0.450,0.005,0.000,0.000,0.000,1.000,8.34,10.77567061,106.67091306,10.51,"10°46'32.41""N, 106°40'15.29""E",FIX,
23:23:51.524,1786206231.525,TRACKING,8.372,0.004,0.010,-0.02,0.450,0.005,0.000,0.000,0.000,1.000,8.37,10.77567062,106.67091348,10.51,"10°46'32.41""N, 106°40'15.29""E",FIX,
23:23:51.620,1786206231.620,TRACKING,8.408,0.004,0.011,-0.02,0.450,0.005,0.000,0.000,0.000,1.000,8.41,10.77567062,106.67091348,10.51,"10°46'32.41""N, 106°40'15.29""E",FIX,
23:23:51.671,1786206231.672,TRACKING,8.426,0.004,0.011,-0.02,0.450,0.005,0.000,0.000,0.000,1.000,8.43,10.77567062,106.67091348,10.51,"10°46'32.41""N, 106°40'15.29""E",FIX,
23:23:51.745,1786206231.746,TRACKING,8.462,0.005,0.011,-0.02,0.450,0.012,0.000,0.000,0.000,1.000,8.46,10.77567062,106.67091389,10.51,"10°46'32.41""N, 106°40'15.29""E",FIX,
23:23:51.832,1786206231.833,TRACKING,8.498,0.005,0.012,-0.02,0.450,0.010,0.000,0.000,0.000,0.750,8.50,10.77567062,106.67091389,10.51,"10°46'32.41""N, 106°40'15.29""E",FIX,
23:23:53.613,1786206233.614,UTURN_PLANNING,9.159,0.014,0.014,0.00,0.000,0.000,0.000,0.000,0.000,0.000,0.00,10.77567064,106.67091717,10.51,"10°46'32.41""N, 106°40'15.30""E",FIX,
23:23:53.678,1786206233.679,PATH_FOLLOWING,9.159,0.014,0.014,88.68,0.020,-1.500,0.000,0.000,0.000,0.000,0.00,10.77567064,106.67091717,10.51,"10°46'32.41""N, 106°40'15.30""E",FIX,
23:23:53.756,1786206233.757,PATH_FOLLOWING,9.159,0.014,-0.042,88.68,0.020,-1.500,0.000,0.000,0.000,0.000,0.00,10.77567064,106.67091717,10.51,"10°46'32.41""N, 106°40'15.30""E",FIX,
23:23:53.828,1786206233.828,PATH_FOLLOWING,9.161,0.014,-0.162,88.68,0.020,-1.500,0.000,0.000,0.000,0.000,0.00,10.77567064,106.67091716,10.51,"10°46'32.41""N, 106°40'15.30""E",FIX,
23:23:53.906,1786206233.907,PATH_FOLLOWING,9.162,0.013,-0.252,88.68,0.020,-1.500,0.000,0.000,0.000,0.000,0.00,10.77567064,106.67091716,10.51,"10°46'32.41""N, 106°40'15.30""E",FIX,
23:23:53.998,1786206233.998,PATH_FOLLOWING,9.163,0.013,-0.342,88.68,0.020,-1.500,0.000,0.000,0.000,0.000,0.00,10.77567064,106.67091716,10.51,"10°46'32.41""N, 106°40'15.30""E",FIX,
23:23:54.081,1786206234.082,PATH_FOLLOWING,9.165,0.013,-0.462,88.68,0.020,-1.500,0.000,0.000,0.000,0.000,0.00,10.77567065,106.67091718,10.51,"10°46'32.41""N, 106°40'15.30""E",FIX,
23:23:54.158,1786206234.159,PATH_FOLLOWING,9.166,0.012,-0.552,88.68,0.020,-1.500,0.000,0.000,0.000,0.000,0.00,10.77567065,106.67091718,10.51,"10°46'32.41""N, 106°40'15.30""E",FIX,
23:23:54.228,1786206234.228,PATH_FOLLOWING,9.167,0.011,-0.642,88.68,0.020,-1.500,0.000,0.000,0.000,0.000,0.00,10.77567065,106.67091718,10.51,"10°46'32.41""N, 106°40'15.30""E",FIX,
23:23:54.322,1786206234.322,PATH_FOLLOWING,9.168,0.010,-0.762,88.68,0.020,-1.500,0.000,0.000,0.000,0.000,0.00,10.77567068,106.67091720,10.51,"10°46'32.41""N, 106°40'15.30""E",FIX,
23:23:54.392,1786206234.393,PATH_FOLLOWING,9.169,0.009,-0.852,88.68,0.020,-1.500,0.000,0.000,0.000,0.000,0.00,10.77567068,106.67091720,10.51,"10°46'32.41""N, 106°40'15.30""E",FIX,
23:23:54.467,1786206234.467,PATH_FOLLOWING,9.170,0.008,-0.942,87.84,0.033,-1.500,0.000,0.000,0.000,0.000,0.00,10.77567068,106.67091720,10.51,"10°46'32.41""N, 106°40'15.30""E",FIX,
23:23:54.554,1786206234.555,PATH_FOLLOWING,9.171,0.007,-1.032,86.77,0.049,-1.500,0.000,0.000,0.000,0.000,0.00,10.77567071,106.67091722,10.51,"10°46'32.41""N, 106°40'15.30""E",FIX,
23:23:54.604,1786206234.605,PATH_FOLLOWING,9.172,0.005,-1.122,85.56,0.068,-1.500,0.000,0.000,0.000,0.000,0.00,10.77567071,106.67091722,10.51,"10°46'32.41""N, 106°40'15.30""E",FIX,
23:23:54.690,1786206234.690,PATH_FOLLOWING,9.173,0.001,-1.242,83.79,0.095,-1.500,0.000,0.000,0.000,0.000,0.00,10.77567071,106.67091722,10.51,"10°46'32.41""N, 106°40'15.30""E",FIX,
23:23:54.779,1786206234.779,PATH_FOLLOWING,9.175,-0.004,-1.332,82.42,0.116,-1.500,0.000,0.000,0.000,0.000,0.00,10.77567096,106.67091726,10.51,"10°46'32.42""N, 106°40'15.30""E",FIX,
23:23:54.929,1786206234.929,PATH_FOLLOWING,9.176,-0.010,-1.422,81.05,0.137,-1.500,0.000,0.000,0.000,0.000,0.00,10.77567096,106.67091726,10.51,"10°46'32.42""N, 106°40'15.30""E",FIX,
23:23:55.063,1786206235.064,PATH_FOLLOWING,9.177,-0.021,-1.542,79.28,0.165,-1.500,0.000,0.000,0.000,0.000,0.00,10.77567096,106.67091726,10.51,"10°46'32.42""N, 106°40'15.30""E",FIX,
23:23:55.137,1786206235.137,PATH_FOLLOWING,9.177,-0.030,-1.632,78.06,0.184,-1.500,0.000,0.000,0.000,0.000,0.00,10.77567104,106.67091735,10.51,"10°46'32.42""N, 106°40'15.30""E",FIX,
23:23:55.207,1786206235.208,PATH_FOLLOWING,9.176,-0.040,-1.722,76.94,0.202,-1.500,0.000,0.000,0.000,0.000,0.00,10.77567104,106.67091735,10.51,"10°46'32.42""N, 106°40'15.30""E",FIX,
23:23:55.287,1786206235.288,PATH_FOLLOWING,9.173,-0.051,-1.812,0.00,0.000,0.000,0.000,0.000,0.000,0.750,0.00,10.77567104,106.67091735,10.51,"10°46'32.42""N, 106°40'15.30""E",FIX,
23:23:55.347,1786206235.348,TRACKING,9.171,-0.059,-1.875,0.55,0.450,-0.220,0.000,0.000,0.000,0.729,0.01,10.77567098,106.67091744,10.51,"10°46'32.42""N, 106°40'15.30""E",FIX,
23:23:55.427,1786206235.428,TRACKING,9.165,-0.078,-1.884,0.90,0.450,-0.908,0.000,0.000,0.000,0.750,0.03,10.77567098,106.67091744,10.51,"10°46'32.42""N, 106°40'15.30""E",FIX,
23:23:55.521,1786206235.521,TRACKING,9.153,-0.112,-1.941,1.09,0.450,-0.612,0.000,0.000,0.000,0.792,0.06,10.77567098,106.67091744,10.51,"10°46'32.42""N, 106°40'15.30""E",FIX,
23:23:55.616,1786206235.617,TRACKING,9.139,-0.145,-1.996,1.15,0.450,-0.423,0.000,0.000,0.000,0.833,0.10,10.77567070,106.67091767,10.51,"10°46'32.41""N, 106°40'15.30""E",FIX,
23:23:55.686,1786206235.686,TRACKING,9.128,-0.169,-2.024,1.16,0.450,-0.312,0.000,0.000,0.000,0.896,0.13,10.77567070,106.67091767,10.51,"10°46'32.41""N, 106°40'15.30""E",FIX,
23:23:55.746,1786206235.746,TRACKING,9.120,-0.186,-2.039,1.12,0.450,-0.205,0.000,0.000,0.000,1.000,0.14,10.77567070,106.67091767,10.51,"10°46'32.41""N, 106°40'15.30""E",FIX,
23:23:55.828,1786206235.828,TRACKING,9.103,-0.218,-2.058,1.23,0.450,-0.536,0.000,0.000,0.000,1.000,0.18,10.77567065,106.67091771,10.52,"10°46'32.41""N, 106°40'15.30""E",FIX,
23:23:55.912,1786206235.913,TRACKING,9.090,-0.241,-2.084,1.43,0.450,-0.752,0.000,0.000,0.000,1.000,0.21,10.77567065,106.67091771,10.52,"10°46'32.41""N, 106°40'15.30""E",FIX,
23:23:55.992,1786206235.992,TRACKING,9.072,-0.272,-2.136,1.49,0.450,-0.479,0.000,0.000,0.000,1.000,0.24,10.77567065,106.67091771,10.52,"10°46'32.41""N, 106°40'15.30""E",FIX,
23:23:56.056,1786206236.057,TRACKING,9.057,-0.295,-2.172,1.43,0.450,-0.203,0.000,0.000,0.000,1.000,0.27,10.77567108,106.67091730,10.54,"10°46'32.42""N, 106°40'15.30""E",FIX,
23:23:56.131,1786206236.132,TRACKING,9.042,-0.317,-2.189,1.34,0.450,-0.200,0.000,0.000,0.000,1.000,0.30,10.77567108,106.67091730,10.54,"10°46'32.42""N, 106°40'15.30""E",FIX,
23:23:56.202,1786206236.202,TRACKING,9.026,-0.339,-2.201,1.26,0.450,-0.143,0.000,0.000,0.000,1.000,0.32,10.77567108,106.67091730,10.54,"10°46'32.42""N, 106°40'15.30""E",FIX,
23:23:56.280,1786206236.280,TRACKING,9.004,-0.368,-2.214,1.21,0.450,-0.227,0.000,0.000,0.000,1.000,0.36,10.77567133,106.67091711,10.55,"10°46'32.42""N, 106°40'15.30""E",FIX,
23:23:56.363,1786206236.363,TRACKING,8.988,-0.389,-2.227,1.21,0.450,-0.318,0.000,0.000,0.000,1.000,0.39,10.77567133,106.67091711,10.55,"10°46'32.42""N, 106°40'15.30""E",FIX,
23:23:56.431,1786206236.431,TRACKING,8.971,-0.410,-2.244,1.25,0.450,-0.418,0.000,0.000,0.000,1.000,0.41,10.77567133,106.67091711,10.55,"10°46'32.42""N, 106°40'15.30""E",FIX,
23:23:56.500,1786206236.500,TRACKING,8.954,-0.431,-2.266,1.30,0.450,-0.495,0.000,0.000,0.000,1.000,0.44,10.77567151,106.67091741,10.55,"10°46'32.42""N, 106°40'15.30""E",FIX,
23:23:56.603,1786206236.603,TRACKING,8.937,-0.452,-2.295,1.38,0.450,-0.500,0.000,0.000,0.000,1.000,0.47,10.77567151,106.67091741,10.55,"10°46'32.42""N, 106°40'15.30""E",FIX,
23:23:56.692,1786206236.693,TRACKING,8.912,-0.478,-2.335,1.46,0.450,-0.523,0.000,0.000,0.000,1.000,0.50,10.77567151,106.67091741,10.55,"10°46'32.42""N, 106°40'15.30""E",FIX,
23:23:56.765,1786206236.765,TRACKING,8.893,-0.498,-2.365,1.53,0.450,-0.593,0.000,0.000,0.000,1.000,0.53,10.77567181,106.67091718,10.56,"10°46'32.42""N, 106°40'15.30""E",FIX,
23:23:56.868,1786206236.869,TRACKING,8.867,-0.522,-2.410,1.60,0.450,-0.525,0.000,0.000,0.000,1.000,0.57,10.77567181,106.67091718,10.56,"10°46'32.42""N, 106°40'15.30""E",FIX,
23:23:56.960,1786206236.960,TRACKING,8.840,-0.546,-2.454,1.63,0.450,-0.493,0.000,0.000,0.000,1.000,0.60,10.77567181,106.67091718,10.56,"10°46'32.42""N, 106°40'15.30""E",FIX,
23:23:57.020,1786206237.020,TRACKING,8.826,-0.557,-2.475,1.64,0.450,-0.462,0.000,0.000,0.000,1.000,0.62,10.77567200,106.67091700,10.56,"10°46'32.42""N, 106°40'15.30""E",FIX,
23:23:57.094,1786206237.095,TRACKING,8.804,-0.573,-2.504,1.63,0.450,-0.402,0.000,0.000,0.000,1.000,0.65,10.77567200,106.67091700,10.56,"10°46'32.42""N, 106°40'15.30""E",FIX,
23:23:57.175,1786206237.176,TRACKING,8.782,-0.589,-2.530,1.59,0.450,-0.352,0.000,0.000,0.000,1.000,0.68,10.77567200,106.67091700,10.56,"10°46'32.42""N, 106°40'15.30""E",FIX,
23:23:57.257,1786206237.257,TRACKING,8.753,-0.609,-2.560,1.54,0.450,-0.306,0.000,0.000,0.000,1.000,0.71,10.77567213,106.67091686,10.55,"10°46'32.42""N, 106°40'15.30""E",FIX,
23:23:57.340,1786206237.340,TRACKING,8.730,-0.624,-2.579,1.49,0.450,-0.286,0.000,0.000,0.000,1.000,0.74,10.77567213,106.67091686,10.55,"10°46'32.42""N, 106°40'15.30""E",FIX,
23:23:57.414,1786206237.414,TRACKING,8.699,-0.643,-2.603,1.42,0.450,-0.254,0.000,0.000,0.000,1.000,0.77,10.77567213,106.67091686,10.55,"10°46'32.42""N, 106°40'15.30""E",FIX,
23:23:57.487,1786206237.487,TRACKING,8.676,-0.656,-2.619,1.35,0.450,-0.204,0.000,0.000,0.000,1.000,0.80,10.77567223,106.67091675,10.53,"10°46'32.42""N, 106°40'15.30""E",FIX,
23:23:57.577,1786206237.578,TRACKING,8.652,-0.670,-2.632,1.29,0.450,-0.248,0.000,0.000,0.000,1.000,0.83,10.77567223,106.67091675,10.53,"10°46'32.42""N, 106°40'15.30""E",FIX,
23:23:57.643,1786206237.643,TRACKING,8.629,-0.683,-2.645,1.23,0.450,-0.178,0.000,0.000,0.000,0.917,0.86,10.77567223,106.67091675,10.53,"10°46'32.42""N, 106°40'15.30""E",FIX,
23:23:57.731,1786206237.732,TRACKING,8.597,-0.700,-2.662,1.36,0.450,-0.592,0.000,0.000,0.000,0.500,0.89,10.77567229,106.67091669,10.51,"10°46'32.42""N, 106°40'15.30""E",FIX,
23:23:57.809,1786206237.809,TRACKING,8.573,-0.712,-2.685,1.42,0.450,-0.480,0.000,0.000,0.000,0.500,0.92,10.77567229,106.67091669,10.51,"10°46'32.42""N, 106°40'15.30""E",FIX,
23:23:57.894,1786206237.895,TRACKING,8.540,-0.727,-2.728,1.40,0.450,-0.343,0.000,0.000,0.000,1.000,0.95,10.77567229,106.67091669,10.51,"10°46'32.42""N, 106°40'15.30""E",FIX,
23:23:57.957,1786206237.957,TRACKING,8.515,-0.737,-2.752,1.33,0.450,-0.148,0.000,0.000,0.000,1.000,0.98,10.77567231,106.67091665,10.48,"10°46'32.42""N, 106°40'15.30""E",FIX,
23:23:58.043,1786206238.043,TRACKING,8.490,-0.748,-2.764,1.24,0.450,-0.174,0.000,0.000,0.000,1.000,1.01,10.77567231,106.67091665,10.48,"10°46'32.42""N, 106°40'15.30""E",FIX,
23:23:58.113,1786206238.114,TRACKING,8.465,-0.757,-2.773,1.15,0.450,-0.109,0.000,0.000,0.000,1.000,1.04,10.77567231,106.67091665,10.48,"10°46'32.42""N, 106°40'15.30""E",FIX,
23:23:58.181,1786206238.182,TRACKING,8.440,-0.767,-2.782,1.06,0.450,-0.089,0.000,0.000,0.000,0.875,1.06,10.77567231,106.67091665,10.48,"10°46'32.42""N, 106°40'15.30""E",FIX,
23:23:58.280,1786206238.281,TRACKING,8.406,-0.780,-2.790,0.95,0.450,-0.075,0.000,0.000,0.000,0.000,1.10,10.77567247,106.67091651,10.44,"10°46'32.42""N, 106°40'15.30""E",FIX,
23:23:58.343,1786206238.344,TRACKING,8.381,-0.789,-2.795,0.86,0.450,-0.027,0.000,0.000,0.000,0.000,1.13,10.77567247,106.67091651,10.44,"10°46'32.42""N, 106°40'15.30""E",FIX,
23:23:58.419,1786206238.419,TRACKING,8.347,-0.801,-2.799,0.77,0.450,-0.042,0.000,0.000,0.000,0.000,1.16,10.77567289,106.67091608,10.32,"10°46'32.42""N, 106°40'15.30""E",FIX,
23:23:58.496,1786206238.496,TRACKING,8.322,-0.810,-2.801,0.70,0.450,-0.019,0.000,0.000,0.000,0.000,1.19,10.77567289,106.67091608,10.32,"10°46'32.42""N, 106°40'15.30""E",FIX,
23:23:58.577,1786206238.578,TRACKING,8.296,-0.819,-2.803,0.63,0.450,-0.030,0.000,0.000,0.000,0.000,1.22,10.77567289,106.67091608,10.32,"10°46'32.42""N, 106°40'15.30""E",FIX,
23:23:58.647,1786206238.648,TRACKING,8.262,-0.831,-2.805,0.56,0.450,-0.018,0.000,0.000,0.000,0.000,1.25,10.77567289,106.67091605,10.30,"10°46'32.42""N, 106°40'15.30""E",FIX,
23:23:58.724,1786206238.724,TRACKING,8.237,-0.840,-2.806,0.51,0.450,-0.016,0.000,0.000,0.000,0.000,1.28,10.77567289,106.67091605,10.30,"10°46'32.42""N, 106°40'15.30""E",FIX,
23:23:58.791,1786206238.792,TRACKING,8.211,-0.849,-2.807,0.46,0.450,0.001,0.000,0.000,0.000,0.000,1.31,10.77567289,106.67091605,10.30,"10°46'32.42""N, 106°40'15.30""E",FIX,
23:23:58.877,1786206238.877,TRACKING,8.186,-0.858,-2.807,0.41,0.450,-0.030,0.000,0.000,0.000,0.000,1.33,10.77567289,106.67091605,10.30,"10°46'32.42""N, 106°40'15.30""E",FIX,
23:23:58.969,1786206238.970,TRACKING,8.152,-0.869,-2.809,0.37,0.450,-0.027,0.000,0.000,0.000,0.000,1.37,10.77567284,106.67091621,10.30,"10°46'32.42""N, 106°40'15.30""E",FIX,
23:23:59.039,1786206239.040,TRACKING,8.126,-0.878,-2.810,0.33,0.450,-0.004,0.000,0.000,0.000,0.000,1.40,10.77567284,106.67091621,10.30,"10°46'32.42""N, 106°40'15.30""E",FIX,
23:23:59.211,1786206239.212,TRACKING,8.092,-0.890,-2.811,0.30,0.450,-0.016,0.000,0.000,0.000,0.000,1.43,10.77567275,106.67091627,10.30,"10°46'32.42""N, 106°40'15.30""E",FIX,
23:23:59.267,1786206239.267,TRACKING,8.067,-0.899,-2.812,0.27,0.450,-0.012,0.000,0.000,0.000,0.000,1.46,10.77567275,106.67091627,10.30,"10°46'32.42""N, 106°40'15.30""E",FIX,
23:23:59.331,1786206239.332,TRACKING,8.041,-0.907,-2.812,0.24,0.450,0.007,0.000,0.000,0.000,0.000,1.49,10.77567275,106.67091627,10.30,"10°46'32.42""N, 106°40'15.30""E",FIX,
23:23:59.401,1786206239.401,TRACKING,8.015,-0.916,-2.812,0.22,0.450,-0.008,0.000,0.000,0.000,0.000,1.51,10.77567275,106.67091627,10.30,"10°46'32.42""N, 106°40'15.30""E",FIX,
23:23:59.476,1786206239.477,TRACKING,7.990,-0.925,-2.813,0.20,0.450,-0.008,0.000,0.000,0.000,0.000,1.54,10.77567266,106.67091634,10.30,"10°46'32.42""N, 106°40'15.30""E",FIX,
23:23:59.571,1786206239.572,TRACKING,7.956,-0.936,-2.813,0.18,0.450,-0.017,0.000,0.000,0.000,0.000,1.58,10.77567266,106.67091634,10.30,"10°46'32.42""N, 106°40'15.30""E",FIX,
23:23:59.634,1786206239.634,TRACKING,7.930,-0.945,-2.814,0.16,0.450,0.000,0.000,0.000,0.000,0.000,1.60,10.77567266,106.67091634,10.30,"10°46'32.42""N, 106°40'15.30""E",FIX,
23:23:59.717,1786206239.718,TRACKING,7.905,-0.954,-2.814,0.14,0.450,-0.008,0.000,0.000,0.000,0.000,1.63,10.77567258,106.67091642,10.30,"10°46'32.42""N, 106°40'15.30""E",FIX,
23:23:59.784,1786206239.785,TRACKING,7.879,-0.962,-2.814,0.13,0.450,0.001,0.000,0.000,0.000,0.000,1.66,10.77567258,106.67091642,10.30,"10°46'32.42""N, 106°40'15.30""E",FIX,
23:23:59.874,1786206239.874,TRACKING,7.845,-0.974,-2.815,0.12,0.450,-0.009,0.000,0.000,0.000,0.000,1.69,10.77567258,106.67091642,10.30,"10°46'32.42""N, 106°40'15.30""E",FIX,
23:23:59.951,1786206239.952,TRACKING,7.819,-0.983,-2.815,0.10,0.450,-0.004,0.000,0.000,0.000,0.000,1.72,10.77567247,106.67091652,10.30,"10°46'32.42""N, 106°40'15.30""E",FIX,
23:24:00.058,1786206240.058,TRACKING,7.785,-0.994,-2.815,0.09,0.450,-0.006,0.000,0.000,0.000,0.000,1.76,10.77567247,106.67091652,10.30,"10°46'32.42""N, 106°40'15.30""E",FIX,
23:24:00.133,1786206240.134,TRACKING,7.760,-1.003,-2.816,0.08,0.450,-0.001,0.000,0.000,0.000,0.000,1.78,10.77567247,106.67091652,10.30,"10°46'32.42""N, 106°40'15.30""E",FIX,
23:24:00.218,1786206240.218,TRACKING,7.734,-1.012,-2.816,0.08,0.450,-0.003,0.000,0.000,0.000,0.000,1.81,10.77567240,106.67091661,10.30,"10°46'32.42""N, 106°40'15.30""E",FIX,
23:24:00.305,1786206240.306,TRACKING,7.709,-1.020,-2.816,0.07,0.450,-0.002,0.000,0.000,0.000,0.000,1.84,10.77567240,106.67091661,10.30,"10°46'32.42""N, 106°40'15.30""E",FIX,
23:24:00.436,1786206240.437,TRACKING,7.674,-1.032,-2.816,0.06,0.450,-0.005,0.000,0.000,0.000,0.000,1.87,10.77567240,106.67091661,10.30,"10°46'32.42""N, 106°40'15.30""E",FIX,
23:24:00.524,1786206240.524,TRACKING,7.640,-1.043,-2.816,0.06,0.450,-0.003,0.000,0.000,0.000,0.000,1.91,10.77567238,106.67091690,10.30,"10°46'32.42""N, 106°40'15.30""E",FIX,
23:24:00.612,1786206240.612,TRACKING,7.623,-1.049,-2.817,0.05,0.450,0.002,0.000,0.000,0.000,0.000,1.93,10.77567238,106.67091690,10.30,"10°46'32.42""N, 106°40'15.30""E",FIX,
23:24:00.698,1786206240.698,TRACKING,7.589,-1.060,-2.817,0.04,0.450,-0.003,0.000,0.000,0.000,0.000,1.96,10.77567238,106.67091690,10.30,"10°46'32.42""N, 106°40'15.30""E",FIX,
23:24:00.755,1786206240.756,TRACKING,7.572,-1.066,-2.817,0.04,0.450,0.002,0.000,0.000,0.000,0.000,1.98,10.77567238,106.67091722,10.30,"10°46'32.42""N, 106°40'15.30""E",FIX,
23:24:00.827,1786206240.827,TRACKING,7.538,-1.078,-2.817,0.04,0.450,-0.001,0.000,0.000,0.000,0.000,2.02,10.77567238,106.67091722,10.30,"10°46'32.42""N, 106°40'15.30""E",FIX,
23:24:00.903,1786206240.903,TRACKING,7.512,-1.086,-2.817,0.03,0.450,-0.002,0.000,0.000,0.000,0.000,2.04,10.77567238,106.67091722,10.30,"10°46'32.42""N, 106°40'15.30""E",FIX,
23:24:00.988,1786206240.988,TRACKING,7.478,-1.098,-2.817,0.03,0.450,-0.002,0.000,0.000,0.000,0.000,2.08,10.77567238,106.67091754,10.30,"10°46'32.42""N, 106°40'15.30""E",FIX,
23:24:01.065,1786206241.066,TRACKING,7.453,-1.106,-2.817,0.03,0.450,-0.001,0.000,0.000,0.000,0.000,2.11,10.77567238,106.67091754,10.30,"10°46'32.42""N, 106°40'15.30""E",FIX,
23:24:01.145,1786206241.146,TRACKING,7.419,-1.118,-2.817,0.02,0.450,-0.001,0.000,0.000,0.000,0.000,2.14,10.77567238,106.67091754,10.30,"10°46'32.42""N, 106°40'15.30""E",FIX,
23:24:01.214,1786206241.214,TRACKING,7.393,-1.126,-2.817,0.02,0.450,-0.001,0.000,0.000,0.000,0.000,2.17,10.77567238,106.67091786,10.30,"10°46'32.42""N, 106°40'15.30""E",FIX,
23:24:01.293,1786206241.294,TRACKING,7.367,-1.135,-2.817,0.02,0.450,-0.001,0.000,0.000,0.000,0.000,2.20,10.77567238,106.67091786,10.30,"10°46'32.42""N, 106°40'15.30""E",FIX,
23:24:01.369,1786206241.370,TRACKING,7.342,-1.144,-2.817,0.02,0.450,-0.000,0.000,0.000,0.000,0.000,2.22,10.77567238,106.67091786,10.30,"10°46'32.42""N, 106°40'15.30""E",FIX,
23:24:01.447,1786206241.448,TRACKING,7.316,-1.152,-2.817,0.02,0.450,-0.001,0.000,0.000,0.000,0.000,2.25,10.77567238,106.67091818,10.30,"10°46'32.42""N, 106°40'15.31""E",FIX,
23:24:01.524,1786206241.525,TRACKING,7.282,-1.164,-2.817,0.01,0.450,-0.001,0.000,0.000,0.000,0.000,2.29,10.77567238,106.67091818,10.30,"10°46'32.42""N, 106°40'15.31""E",FIX,
23:24:01.597,1786206241.597,TRACKING,7.257,-1.172,-2.817,0.01,0.450,-0.000,0.000,0.000,0.000,0.000,2.31,10.77567238,106.67091818,10.30,"10°46'32.42""N, 106°40'15.31""E",FIX,
23:24:01.676,1786206241.676,TRACKING,7.222,-1.184,-2.817,0.01,0.450,-0.001,0.000,0.000,0.000,0.000,2.35,10.77567238,106.67091850,10.30,"10°46'32.42""N, 106°40'15.31""E",FIX,
23:24:01.751,1786206241.752,TRACKING,7.197,-1.192,-2.817,0.01,0.450,-0.000,0.000,0.000,0.000,0.000,2.38,10.77567238,106.67091850,10.30,"10°46'32.42""N, 106°40'15.31""E",FIX,
23:24:01.817,1786206241.817,TRACKING,7.171,-1.201,-2.817,0.01,0.450,0.000,0.000,0.000,0.000,0.000,2.40,10.77567238,106.67091850,10.30,"10°46'32.42""N, 106°40'15.31""E",FIX,
23:24:01.902,1786206241.903,TRACKING,7.137,-1.213,-2.817,0.01,0.450,-0.001,0.000,0.000,0.000,0.000,2.44,10.77567238,106.67091882,10.30,"10°46'32.42""N, 106°40'15.31""E",FIX,
23:24:01.992,1786206241.993,TRACKING,7.112,-1.221,-2.817,0.01,0.450,-0.000,0.000,0.000,0.000,0.000,2.47,10.77567238,106.67091882,10.30,"10°46'32.42""N, 106°40'15.31""E",FIX,
23:24:02.079,1786206242.079,TRACKING,7.077,-1.233,-2.817,0.01,0.450,-0.001,0.000,0.000,0.000,0.000,2.50,10.77567238,106.67091882,10.30,"10°46'32.42""N, 106°40'15.31""E",FIX,
23:24:02.153,1786206242.154,TRACKING,7.052,-1.241,-2.817,0.01,0.450,-0.000,0.000,0.000,0.000,0.000,2.53,10.77567238,106.67091914,10.30,"10°46'32.42""N, 106°40'15.31""E",FIX,
23:24:02.225,1786206242.225,TRACKING,7.026,-1.250,-2.817,0.01,0.450,-0.000,0.000,0.000,0.000,0.000,2.56,10.77567238,106.67091914,10.30,"10°46'32.42""N, 106°40'15.31""E",FIX,
23:24:02.300,1786206242.301,TRACKING,7.001,-1.258,-2.817,0.00,0.450,-0.000,0.000,0.000,0.000,0.000,2.58,10.77567238,106.67091914,10.30,"10°46'32.42""N, 106°40'15.31""E",FIX,
23:24:02.369,1786206242.370,TRACKING,6.975,-1.267,-2.817,0.00,0.450,-0.000,0.000,0.000,0.000,0.000,2.61,10.77567238,106.67091946,10.30,"10°46'32.42""N, 106°40'15.31""E",FIX,
23:24:02.456,1786206242.457,TRACKING,6.941,-1.278,-2.817,0.00,0.450,-0.000,0.000,0.000,0.000,0.000,2.65,10.77567238,106.67091946,10.30,"10°46'32.42""N, 106°40'15.31""E",FIX,
23:24:02.530,1786206242.530,TRACKING,6.915,-1.287,-2.818,0.00,0.450,-0.000,0.000,0.000,0.000,0.000,2.67,10.77567238,106.67091946,10.30,"10°46'32.42""N, 106°40'15.31""E",FIX,
23:24:02.608,1786206242.608,TRACKING,6.890,-1.296,-2.818,0.00,0.450,-0.000,0.000,0.000,0.000,0.000,2.70,10.77567238,106.67091978,10.30,"10°46'32.42""N, 106°40'15.31""E",FIX,
23:24:02.668,1786206242.669,TRACKING,6.864,-1.304,-2.818,0.00,0.450,0.000,0.000,0.000,0.000,0.000,2.73,10.77567238,106.67091978,10.30,"10°46'32.42""N, 106°40'15.31""E",FIX,
23:24:02.761,1786206242.761,TRACKING,6.830,-1.316,-2.818,0.00,0.450,-0.000,0.000,0.000,0.000,0.000,2.76,10.77567238,106.67091978,10.30,"10°46'32.42""N, 106°40'15.31""E",FIX,
23:24:02.832,1786206242.833,TRACKING,6.804,-1.324,-2.818,0.00,0.450,-0.000,0.000,0.000,0.000,0.000,2.79,10.77567238,106.67092010,10.30,"10°46'32.42""N, 106°40'15.31""E",FIX,
23:24:02.900,1786206242.900,TRACKING,6.779,-1.333,-2.818,0.00,0.450,-0.000,0.000,0.000,0.000,0.000,2.82,10.77567238,106.67092010,10.30,"10°46'32.42""N, 106°40'15.31""E",FIX,
23:24:02.994,1786206242.995,TRACKING,6.745,-1.344,-2.818,0.00,0.450,-0.000,0.000,0.000,0.000,0.000,2.85,10.77567238,106.67092010,10.30,"10°46'32.42""N, 106°40'15.31""E",FIX,
23:24:03.070,1786206243.070,TRACKING,6.719,-1.353,-2.818,0.00,0.450,-0.000,0.000,0.000,0.000,0.000,2.88,10.77567238,106.67092041,10.30,"10°46'32.42""N, 106°40'15.31""E",FIX,
23:24:03.148,1786206243.148,TRACKING,6.685,-1.364,-2.818,0.00,0.450,-0.000,0.000,0.000,0.000,0.000,2.92,10.77567238,106.67092041,10.30,"10°46'32.42""N, 106°40'15.31""E",FIX,
23:24:03.206,1786206243.207,TRACKING,6.668,-1.370,-2.818,0.00,0.450,0.000,0.000,0.000,0.000,0.000,2.93,10.77567238,106.67092041,10.30,"10°46'32.42""N, 106°40'15.31""E",FIX,
23:24:03.290,1786206243.290,TRACKING,6.634,-1.382,-2.818,0.00,0.450,-0.000,0.000,0.000,0.000,0.000,2.97,10.77567238,106.67092073,10.30,"10°46'32.42""N, 106°40'15.31""E",FIX,
23:24:03.379,1786206243.379,TRACKING,6.608,-1.390,-2.818,0.00,0.450,-0.000,0.000,0.000,0.000,0.000,3.00,10.77567238,106.67092073,10.30,"10°46'32.42""N, 106°40'15.31""E",FIX,
23:24:03.449,1786206243.449,TRACKING,6.583,-1.399,-2.818,0.00,0.450,-0.000,0.000,0.000,0.000,0.000,3.02,10.77567238,106.67092073,10.30,"10°46'32.42""N, 106°40'15.31""E",FIX,
23:24:03.532,1786206243.533,TRACKING,6.557,-1.407,-2.818,0.00,0.450,-0.000,0.000,0.000,0.000,0.000,3.05,10.77567238,106.67092105,10.30,"10°46'32.42""N, 106°40'15.32""E",FIX,
23:24:03.611,1786206243.611,TRACKING,6.523,-1.419,-2.818,0.00,0.450,-0.000,0.000,0.000,0.000,0.000,3.09,10.77567238,106.67092105,10.30,"10°46'32.42""N, 106°40'15.32""E",FIX,
23:24:03.705,1786206243.706,TRACKING,6.489,-1.430,-2.818,0.00,0.450,-0.000,0.000,0.000,0.000,0.000,3.12,10.77567238,106.67092105,10.30,"10°46'32.42""N, 106°40'15.32""E",FIX,
23:24:03.787,1786206243.788,TRACKING,6.463,-1.439,-2.818,0.00,0.450,-0.000,0.000,0.000,0.000,0.000,3.15,10.77567238,106.67092137,10.30,"10°46'32.42""N, 106°40'15.32""E",FIX,
23:24:03.854,1786206243.855,TRACKING,6.438,-1.448,-2.818,0.00,0.450,0.000,0.000,0.000,0.000,0.000,3.18,10.77567238,106.67092137,10.30,"10°46'32.42""N, 106°40'15.32""E",FIX,
23:24:03.929,1786206243.930,TRACKING,6.412,-1.456,-2.818,0.00,0.450,-0.000,0.000,0.000,0.000,0.000,3.20,10.77567238,106.67092137,10.30,"10°46'32.42""N, 106°40'15.32""E",FIX,
23:24:04.013,1786206244.013,TRACKING,6.386,-1.465,-2.818,0.00,0.450,-0.000,0.000,0.000,0.000,0.000,3.23,10.77567238,106.67092169,10.30,"10°46'32.42""N, 106°40'15.32""E",FIX,
23:24:04.087,1786206244.087,TRACKING,6.361,-1.473,-2.818,0.00,0.450,-0.000,0.000,0.000,0.000,0.000,3.26,10.77567238,106.67092169,10.30,"10°46'32.42""N, 106°40'15.32""E",FIX,
23:24:04.180,1786206244.181,TRACKING,6.327,-1.485,-2.818,0.00,0.450,-0.000,0.000,0.000,0.000,0.000,3.29,10.77567238,106.67092169,10.30,"10°46'32.42""N, 106°40'15.32""E",FIX,
23:24:04.257,1786206244.258,TRACKING,6.292,-1.496,-2.818,0.00,0.450,-0.000,0.000,0.000,0.000,0.000,3.33,10.77567238,106.67092201,10.30,"10°46'32.42""N, 106°40'15.32""E",FIX,
23:24:04.320,1786206244.320,TRACKING,6.275,-1.502,-2.818,0.00,0.450,0.000,0.000,0.000,0.000,0.000,3.35,10.77567238,106.67092201,10.30,"10°46'32.42""N, 106°40'15.32""E",FIX,
23:24:04.411,1786206244.411,TRACKING,6.241,-1.513,-2.818,0.00,0.450,-0.000,0.000,0.000,0.000,0.000,3.38,10.77567238,106.67092201,10.30,"10°46'32.42""N, 106°40'15.32""E",FIX,
23:24:04.489,1786206244.490,TRACKING,6.216,-1.522,-2.818,0.00,0.450,0.000,0.000,0.000,0.000,0.000,3.41,10.77567238,106.67092233,10.30,"10°46'32.42""N, 106°40'15.32""E",FIX,
23:24:04.562,1786206244.563,TRACKING,6.190,-1.531,-2.818,0.00,0.450,-0.000,0.000,0.000,0.000,0.000,3.44,10.77567238,106.67092233,10.30,"10°46'32.42""N, 106°40'15.32""E",FIX,
23:24:04.642,1786206244.643,TRACKING,6.156,-1.542,-2.818,0.00,0.450,-0.000,0.000,0.000,0.000,0.000,3.47,10.77567238,106.67092233,10.30,"10°46'32.42""N, 106°40'15.32""E",FIX,
23:24:04.709,1786206244.709,TRACKING,6.130,-1.551,-2.818,0.00,0.450,0.000,0.000,0.000,0.000,0.000,3.50,10.77567238,106.67092265,10.30,"10°46'32.42""N, 106°40'15.32""E",FIX,
23:24:04.796,1786206244.797,TRACKING,6.105,-1.559,-2.818,0.00,0.450,-0.000,0.000,0.000,0.000,0.000,3.53,10.77567238,106.67092265,10.30,"10°46'32.42""N, 106°40'15.32""E",FIX,
23:24:04.875,1786206244.876,TRACKING,6.071,-1.571,-2.818,0.00,0.450,-0.000,0.000,0.000,0.000,0.000,3.56,10.77567238,106.67092265,10.30,"10°46'32.42""N, 106°40'15.32""E",FIX,
23:24:04.947,1786206244.948,TRACKING,6.045,-1.579,-2.818,0.00,0.450,-0.000,0.000,0.000,0.000,0.000,3.59,10.77567238,106.67092297,10.30,"10°46'32.42""N, 106°40'15.32""E",FIX,
23:24:05.029,1786206245.030,TRACKING,6.011,-1.591,-2.818,0.00,0.450,-0.000,0.000,0.000,0.000,0.000,3.63,10.77567238,106.67092297,10.30,"10°46'32.42""N, 106°40'15.32""E",FIX,
23:24:05.097,1786206245.097,TRACKING,5.985,-1.599,-2.818,0.00,0.450,0.000,0.000,0.000,0.000,0.000,3.65,10.77567238,106.67092297,10.30,"10°46'32.42""N, 106°40'15.32""E",FIX,
23:24:05.170,1786206245.171,TRACKING,5.960,-1.608,-2.818,0.00,0.450,-0.000,0.000,0.000,0.000,0.000,3.68,10.77567238,106.67092329,10.30,"10°46'32.42""N, 106°40'15.32""E",FIX,
23:24:05.237,1786206245.237,TRACKING,5.934,-1.617,-2.818,0.00,0.450,-0.000,0.000,0.000,0.000,0.000,3.71,10.77567238,106.67092329,10.30,"10°46'32.42""N, 106°40'15.32""E",FIX,
23:24:05.325,1786206245.326,TRACKING,5.900,-1.628,-2.818,0.00,0.450,-0.000,0.000,0.000,0.000,0.000,3.74,10.77567238,106.67092329,10.30,"10°46'32.42""N, 106°40'15.32""E",FIX,
23:24:05.395,1786206245.395,TRACKING,5.874,-1.637,-2.818,0.00,0.450,-0.000,0.000,0.000,0.000,0.000,3.77,10.77567238,106.67092361,10.30,"10°46'32.42""N, 106°40'15.32""E",FIX,
23:24:05.469,1786206245.470,TRACKING,5.849,-1.645,-2.818,0.00,0.450,-0.000,0.000,0.000,0.000,0.000,3.80,10.77567238,106.67092361,10.30,"10°46'32.42""N, 106°40'15.32""E",FIX,
23:24:05.569,1786206245.569,TRACKING,5.815,-1.657,-2.818,0.00,0.450,-0.000,0.000,0.000,0.000,0.000,3.83,10.77567238,106.67092361,10.30,"10°46'32.42""N, 106°40'15.32""E",FIX,
23:24:05.626,1786206245.626,TRACKING,5.789,-1.665,-2.818,0.00,0.450,0.000,0.000,0.000,0.000,0.000,3.86,10.77567238,106.67092393,10.30,"10°46'32.42""N, 106°40'15.33""E",FIX,
23:24:05.694,1786206245.695,TRACKING,5.764,-1.674,-2.818,0.00,0.450,-0.000,0.000,0.000,0.000,0.000,3.89,10.77567238,106.67092393,10.30,"10°46'32.42""N, 106°40'15.33""E",FIX,
23:24:05.791,1786206245.792,TRACKING,5.729,-1.685,-2.818,0.00,0.450,-0.000,0.000,0.000,0.000,0.000,3.92,10.77567238,106.67092393,10.30,"10°46'32.42""N, 106°40'15.33""E",FIX,
23:24:05.871,1786206245.871,TRACKING,5.704,-1.694,-2.818,0.00,0.450,-0.000,0.000,0.000,0.000,0.000,3.95,10.77567238,106.67092425,10.30,"10°46'32.42""N, 106°40'15.33""E",FIX,
23:24:05.950,1786206245.950,TRACKING,5.670,-1.705,-2.818,0.00,0.450,-0.000,0.000,0.000,0.000,0.000,3.99,10.77567238,106.67092425,10.30,"10°46'32.42""N, 106°40'15.33""E",FIX,
23:24:06.028,1786206246.028,TRACKING,5.653,-1.711,-2.818,0.00,0.450,0.000,0.000,0.000,0.000,0.000,4.01,10.77567238,106.67092425,10.30,"10°46'32.42""N, 106°40'15.33""E",FIX,
23:24:06.127,1786206246.128,TRACKING,5.618,-1.723,-2.818,0.00,0.450,-0.000,0.000,0.000,0.000,0.000,4.04,10.77567238,106.67092456,10.30,"10°46'32.42""N, 106°40'15.33""E",FIX,
23:24:06.205,1786206246.205,TRACKING,5.593,-1.731,-2.818,0.00,0.450,-0.000,0.000,0.000,0.000,0.000,4.07,10.77567238,106.67092456,10.30,"10°46'32.42""N, 106°40'15.33""E",FIX,
23:24:06.287,1786206246.287,TRACKING,5.559,-1.743,-2.818,0.00,0.450,-0.000,0.000,0.000,0.000,0.000,4.10,10.77567238,106.67092456,10.30,"10°46'32.42""N, 106°40'15.33""E",FIX,
23:24:06.371,1786206246.372,TRACKING,5.533,-1.751,-2.818,0.00,0.450,-0.000,0.000,0.000,0.000,0.000,4.13,10.77567238,106.67092488,10.30,"10°46'32.42""N, 106°40'15.33""E",FIX,
23:24:06.435,1786206246.436,TRACKING,5.508,-1.760,-2.818,0.00,0.450,-0.000,0.000,0.000,0.000,0.000,4.16,10.77567238,106.67092488,10.30,"10°46'32.42""N, 106°40'15.33""E",FIX,
23:24:06.503,1786206246.503,TRACKING,5.491,-1.766,-2.818,0.00,0.450,0.000,0.000,0.000,0.000,0.000,4.18,10.77567238,106.67092488,10.30,"10°46'32.42""N, 106°40'15.33""E",FIX,
23:24:06.601,1786206246.601,TRACKING,5.448,-1.780,-2.818,0.00,0.450,-0.000,0.000,0.000,0.000,0.000,4.22,10.77567238,106.67092520,10.30,"10°46'32.42""N, 106°40'15.33""E",FIX,
23:24:06.675,1786206246.676,TRACKING,5.422,-1.789,-2.818,0.00,0.450,-0.000,0.000,0.000,0.000,0.000,4.25,10.77567238,106.67092520,10.30,"10°46'32.42""N, 106°40'15.33""E",FIX,
23:24:06.748,1786206246.748,TRACKING,5.397,-1.797,-2.818,0.00,0.450,-0.000,0.000,0.000,0.000,0.000,4.28,10.77567238,106.67092520,10.30,"10°46'32.42""N, 106°40'15.33""E",FIX,
23:24:06.840,1786206246.841,TRACKING,5.363,-1.809,-2.818,0.00,0.450,-0.000,0.000,0.000,0.000,0.000,4.31,10.77567238,106.67092552,10.30,"10°46'32.42""N, 106°40'15.33""E",FIX,
23:24:06.906,1786206246.907,TRACKING,5.337,-1.817,-2.818,0.00,0.450,-0.000,0.000,0.000,0.000,0.000,4.34,10.77567238,106.67092552,10.30,"10°46'32.42""N, 106°40'15.33""E",FIX,
23:24:06.977,1786206246.978,TRACKING,5.311,-1.826,-2.818,0.00,0.450,-0.000,0.000,0.000,0.000,0.000,4.37,10.77567238,106.67092552,10.30,"10°46'32.42""N, 106°40'15.33""E",FIX,
23:24:07.043,1786206247.044,TRACKING,5.286,-1.834,-2.818,0.00,0.450,-0.000,0.000,0.000,0.000,0.000,4.39,10.77567238,106.67092552,10.30,"10°46'32.42""N, 106°40'15.33""E",FIX,
23:24:07.127,1786206247.128,TRACKING,5.252,-1.846,-2.818,0.00,0.450,-0.000,0.000,0.000,0.000,0.000,4.43,10.77567238,106.67092584,10.30,"10°46'32.42""N, 106°40'15.33""E",FIX,
23:24:07.208,1786206247.208,TRACKING,5.226,-1.854,-2.818,0.00,0.450,-0.000,0.000,0.000,0.000,0.000,4.46,10.77567238,106.67092584,10.30,"10°46'32.42""N, 106°40'15.33""E",FIX,
23:24:07.281,1786206247.281,TRACKING,5.200,-1.863,-2.818,0.00,0.450,-0.000,0.000,0.000,0.000,0.000,4.48,10.77567238,106.67092584,10.30,"10°46'32.42""N, 106°40'15.33""E",FIX,
23:24:07.359,1786206247.359,TRACKING,5.175,-1.872,-2.818,0.00,0.450,-0.000,0.000,0.000,0.000,0.000,4.51,10.77567238,106.67092616,10.30,"10°46'32.42""N, 106°40'15.33""E",FIX,
23:24:07.438,1786206247.438,TRACKING,5.149,-1.880,-2.818,0.00,0.450,-0.000,0.000,0.000,0.000,0.000,4.54,10.77567238,106.67092616,10.30,"10°46'32.42""N, 106°40'15.33""E",FIX,
23:24:07.525,1786206247.525,TRACKING,5.115,-1.892,-2.818,0.00,0.450,-0.000,0.000,0.000,0.000,0.000,4.57,10.77567238,106.67092616,10.30,"10°46'32.42""N, 106°40'15.33""E",FIX,
23:24:07.616,1786206247.616,TRACKING,5.081,-1.903,-2.818,0.00,0.450,-0.000,0.000,0.000,0.000,0.000,4.61,10.77567238,106.67092648,10.30,"10°46'32.42""N, 106°40'15.34""E",FIX,
23:24:07.694,1786206247.694,TRACKING,5.055,-1.912,-2.818,0.00,0.450,-0.000,0.000,0.000,0.000,0.000,4.64,10.77567238,106.67092648,10.30,"10°46'32.42""N, 106°40'15.34""E",FIX,
23:24:07.752,1786206247.753,TRACKING,5.038,-1.917,-2.818,0.00,0.450,0.000,0.000,0.000,0.000,0.000,4.65,10.77567238,106.67092648,10.30,"10°46'32.42""N, 106°40'15.34""E",FIX,
23:24:07.834,1786206247.834,TRACKING,5.004,-1.929,-2.818,0.00,0.450,-0.000,0.000,0.000,0.000,0.000,4.69,10.77567238,106.67092680,10.30,"10°46'32.42""N, 106°40'15.34""E",FIX,
23:24:07.910,1786206247.910,TRACKING,4.979,-1.938,-2.818,0.00,0.450,-0.000,0.000,0.000,0.000,0.000,4.72,10.77567238,106.67092680,10.30,"10°46'32.42""N, 106°40'15.34""E",FIX,
23:24:08.012,1786206248.012,TRACKING,4.944,-1.949,-2.818,0.00,0.450,-0.000,0.000,0.000,0.000,0.000,4.75,10.77567238,106.67092680,10.30,"10°46'32.42""N, 106°40'15.34""E",FIX,
23:24:08.127,1786206248.127,TRACKING,4.910,-1.960,-2.818,0.00,0.450,-0.000,0.000,0.000,0.000,0.000,4.79,10.77567238,106.67092712,10.30,"10°46'32.42""N, 106°40'15.34""E",FIX,
23:24:08.186,1786206248.187,TRACKING,4.885,-1.969,-2.818,0.00,0.450,0.000,0.000,0.000,0.000,0.000,4.82,10.77567238,106.67092712,10.30,"10°46'32.42""N, 106°40'15.34""E",FIX,
23:24:08.250,1786206248.251,TRACKING,4.868,-1.975,-2.818,0.00,0.450,0.000,0.000,0.000,0.000,0.000,4.83,10.77567238,106.67092712,10.30,"10°46'32.42""N, 106°40'15.34""E",FIX,
23:24:08.332,1786206248.332,TRACKING,4.834,-1.986,-2.818,0.00,0.450,-0.000,0.000,0.000,0.000,0.000,4.87,10.77567238,106.67092744,10.30,"10°46'32.42""N, 106°40'15.34""E",FIX,
23:24:08.408,1786206248.408,TRACKING,4.808,-1.995,-2.818,0.00,0.450,-0.000,0.000,0.000,0.000,0.000,4.90,10.77567238,106.67092744,10.30,"10°46'32.42""N, 106°40'15.34""E",FIX,
23:24:08.481,1786206248.482,TRACKING,4.782,-2.003,-2.818,0.00,0.450,-0.000,0.000,0.000,0.000,0.000,4.92,10.77567238,106.67092744,10.30,"10°46'32.42""N, 106°40'15.34""E",FIX,
23:24:08.554,1786206248.555,TRACKING,4.748,-2.015,-2.818,0.00,0.450,-0.000,0.000,0.000,0.000,0.000,4.96,10.77567238,106.67092776,10.30,"10°46'32.42""N, 106°40'15.34""E",FIX,
23:24:08.620,1786206248.620,TRACKING,4.723,-2.023,-2.818,0.00,0.450,0.000,0.000,0.000,0.000,0.000,4.99,10.77567238,106.67092776,10.30,"10°46'32.42""N, 106°40'15.34""E",FIX,
23:24:08.702,1786206248.702,TRACKING,4.697,-2.032,-2.818,0.00,0.450,-0.000,0.000,0.000,0.000,0.000,5.01,10.77567238,106.67092776,10.30,"10°46'32.42""N, 106°40'15.34""E",FIX,
23:24:08.787,1786206248.787,TRACKING,4.663,-2.044,-2.818,0.00,0.450,-0.000,0.000,0.000,0.000,0.000,5.05,10.77567238,106.67092808,10.30,"10°46'32.42""N, 106°40'15.34""E",FIX,
23:24:08.871,1786206248.872,TRACKING,4.637,-2.052,-2.818,0.00,0.450,-0.000,0.000,0.000,0.000,0.000,5.08,10.77567238,106.67092808,10.30,"10°46'32.42""N, 106°40'15.34""E",FIX,
23:24:08.953,1786206248.953,TRACKING,4.603,-2.064,-2.818,0.00,0.450,-0.000,0.000,0.000,0.000,0.000,5.11,10.77567238,106.67092808,10.30,"10°46'32.42""N, 106°40'15.34""E",FIX,
23:24:09.018,1786206249.019,TRACKING,4.578,-2.072,-2.818,0.00,0.450,-0.000,0.000,0.000,0.000,0.000,5.14,10.77567238,106.67092840,10.30,"10°46'32.42""N, 106°40'15.34""E",FIX,
23:24:09.110,1786206249.110,TRACKING,4.552,-2.081,-2.818,0.00,0.450,-0.000,0.000,0.000,0.000,0.000,5.17,10.77567238,106.67092840,10.30,"10°46'32.42""N, 106°40'15.34""E",FIX,
23:24:09.186,1786206249.186,TRACKING,4.526,-2.089,-2.818,0.00,0.450,-0.000,0.000,0.000,0.000,0.000,5.19,10.77567238,106.67092840,10.30,"10°46'32.42""N, 106°40'15.34""E",FIX,
23:24:09.253,1786206249.253,TRACKING,4.501,-2.098,-2.818,0.00,0.450,-0.000,0.000,0.000,0.000,0.000,5.22,10.77567238,106.67092871,10.30,"10°46'32.42""N, 106°40'15.34""E",FIX,
23:24:09.326,1786206249.326,TRACKING,4.475,-2.107,-2.818,0.00,0.450,-0.000,0.000,0.000,0.000,0.000,5.25,10.77567238,106.67092871,10.30,"10°46'32.42""N, 106°40'15.34""E",FIX,
23:24:09.416,1786206249.417,TRACKING,4.441,-2.118,-2.818,0.00,0.450,-0.000,0.000,0.000,0.000,0.000,5.28,10.77567238,106.67092871,10.30,"10°46'32.42""N, 106°40'15.34""E",FIX,
23:24:09.483,1786206249.484,TRACKING,4.416,-2.127,-2.818,0.00,0.450,0.000,0.000,0.000,0.000,0.000,5.31,10.77567238,106.67092903,10.30,"10°46'32.42""N, 106°40'15.34""E",FIX,
23:24:09.561,1786206249.561,TRACKING,4.381,-2.138,-2.818,0.00,0.450,-0.000,0.000,0.000,0.000,0.000,5.35,10.77567238,106.67092903,10.30,"10°46'32.42""N, 106°40'15.34""E",FIX,
23:24:09.643,1786206249.643,TRACKING,4.356,-2.147,-2.818,0.00,0.450,-0.000,0.000,0.000,0.000,0.000,5.37,10.77567238,106.67092903,10.30,"10°46'32.42""N, 106°40'15.34""E",FIX,
23:24:09.707,1786206249.708,TRACKING,4.330,-2.155,-2.818,0.00,0.450,0.000,0.000,0.000,0.000,0.000,5.40,10.77567238,106.67092935,10.30,"10°46'32.42""N, 106°40'15.35""E",FIX,
23:24:09.794,1786206249.795,TRACKING,4.296,-2.167,-2.818,0.00,0.450,-0.000,0.000,0.000,0.000,0.000,5.44,10.77567238,106.67092935,10.30,"10°46'32.42""N, 106°40'15.35""E",FIX,
23:24:09.855,1786206249.855,TRACKING,4.270,-2.175,-2.818,0.00,0.450,0.000,0.000,0.000,0.000,0.000,5.46,10.77567238,106.67092935,10.30,"10°46'32.42""N, 106°40'15.35""E",FIX,
23:24:09.948,1786206249.948,TRACKING,4.236,-2.187,-2.818,0.00,0.450,-0.000,0.000,0.000,0.000,0.000,5.50,10.77567238,106.67092967,10.30,"10°46'32.42""N, 106°40'15.35""E",FIX,
23:24:10.003,1786206250.004,TRACKING,4.219,-2.193,-2.818,0.00,0.450,0.000,0.000,0.000,0.000,0.000,5.52,10.77567238,106.67092967,10.30,"10°46'32.42""N, 106°40'15.35""E",FIX,
23:24:10.087,1786206250.087,TRACKING,4.194,-2.201,-2.818,0.00,0.450,-0.000,0.000,0.000,0.000,0.000,5.54,10.77567238,106.67092967,10.30,"10°46'32.42""N, 106°40'15.35""E",FIX,
23:24:10.166,1786206250.167,TRACKING,4.160,-2.213,-2.818,0.00,0.450,-0.000,0.000,0.000,0.000,0.000,5.58,10.77567238,106.67092999,10.30,"10°46'32.42""N, 106°40'15.35""E",FIX,
23:24:10.241,1786206250.241,TRACKING,4.134,-2.221,-2.818,0.00,0.450,-0.000,0.000,0.000,0.000,0.000,5.61,10.77567238,106.67092999,10.30,"10°46'32.42""N, 106°40'15.35""E",FIX,
23:24:10.313,1786206250.313,TRACKING,4.108,-2.230,-2.818,0.00,0.450,-0.000,0.000,0.000,0.000,0.000,5.63,10.77567238,106.67092999,10.30,"10°46'32.42""N, 106°40'15.35""E",FIX,
23:24:10.396,1786206250.396,TRACKING,4.074,-2.241,-2.818,0.00,0.450,-0.000,0.000,0.000,0.000,0.000,5.67,10.77567238,106.67093031,10.30,"10°46'32.42""N, 106°40'15.35""E",FIX,
23:24:10.466,1786206250.467,TRACKING,4.049,-2.250,-2.818,0.00,0.450,-0.000,0.000,0.000,0.000,0.000,5.70,10.77567238,106.67093031,10.30,"10°46'32.42""N, 106°40'15.35""E",FIX,
23:24:10.534,1786206250.535,TRACKING,4.023,-2.258,-2.818,0.00,0.450,-0.000,0.000,0.000,0.000,0.000,5.72,10.77567238,106.67093031,10.30,"10°46'32.42""N, 106°40'15.35""E",FIX,
23:24:10.609,1786206250.610,TRACKING,3.989,-2.270,-2.818,0.00,0.450,-0.000,0.000,0.000,0.000,0.000,5.76,10.77567238,106.67093063,10.30,"10°46'32.42""N, 106°40'15.35""E",FIX,
23:24:10.698,1786206250.698,TRACKING,3.955,-2.281,-2.818,0.00,0.450,-0.000,0.000,0.000,0.000,0.000,5.80,10.77567238,106.67093063,10.30,"10°46'32.42""N, 106°40'15.35""E",FIX,
23:24:10.762,1786206250.763,TRACKING,3.938,-2.287,-2.818,0.00,0.450,0.000,0.000,0.000,0.000,0.000,5.81,10.77567238,106.67093063,10.30,"10°46'32.42""N, 106°40'15.35""E",FIX,
23:24:10.850,1786206250.850,TRACKING,3.904,-2.299,-2.818,0.00,0.450,-0.000,0.000,0.000,0.000,0.000,5.85,10.77567238,106.67093095,10.30,"10°46'32.42""N, 106°40'15.35""E",FIX,
23:24:10.922,1786206250.923,TRACKING,3.878,-2.307,-2.818,0.00,0.450,-0.000,0.000,0.000,0.000,0.000,5.88,10.77567238,106.67093095,10.30,"10°46'32.42""N, 106°40'15.35""E",FIX,
23:24:11.043,1786206251.044,TRACKING,3.835,-2.321,-2.818,0.00,0.450,-0.000,0.000,0.000,0.000,0.000,5.92,10.77567238,106.67093095,10.30,"10°46'32.42""N, 106°40'15.35""E",FIX,
23:24:11.132,1786206251.132,TRACKING,3.810,-2.330,-2.818,0.00,0.450,-0.000,0.000,0.000,0.000,0.000,5.95,10.77567238,106.67093127,10.30,"10°46'32.42""N, 106°40'15.35""E",FIX,
23:24:11.198,1786206251.198,TRACKING,3.793,-2.336,-2.818,0.00,0.450,0.000,0.000,0.000,0.000,0.000,5.97,10.77567238,106.67093127,10.30,"10°46'32.42""N, 106°40'15.35""E",FIX,
23:24:11.285,1786206251.286,TRACKING,3.759,-2.347,-2.818,0.00,0.450,-0.000,0.000,0.000,0.000,0.000,6.00,10.77567238,106.67093127,10.30,"10°46'32.42""N, 106°40'15.35""E",FIX,
23:24:11.375,1786206251.375,TRACKING,3.733,-2.356,-2.818,0.00,0.450,-0.000,0.000,0.000,0.000,0.000,6.03,10.77567238,106.67093159,10.30,"10°46'32.42""N, 106°40'15.35""E",FIX,
23:24:11.446,1786206251.446,TRACKING,3.699,-2.367,-2.818,0.00,0.450,-0.000,0.000,0.000,0.000,0.000,6.07,10.77567238,106.67093159,10.30,"10°46'32.42""N, 106°40'15.35""E",FIX,
23:24:11.507,1786206251.508,TRACKING,3.682,-2.373,-2.818,0.00,0.450,0.000,0.000,0.000,0.000,0.000,6.08,10.77567238,106.67093159,10.30,"10°46'32.42""N, 106°40'15.35""E",FIX,
23:24:11.595,1786206251.596,TRACKING,3.648,-2.384,-2.818,0.00,0.450,-0.000,0.000,0.000,0.000,0.000,6.12,10.77567238,106.67093191,10.30,"10°46'32.42""N, 106°40'15.35""E",FIX,
23:24:11.664,1786206251.665,TRACKING,3.622,-2.393,-2.818,0.00,0.450,-0.000,0.000,0.000,0.000,0.000,6.15,10.77567238,106.67093191,10.30,"10°46'32.42""N, 106°40'15.35""E",FIX,
23:24:11.726,1786206251.726,TRACKING,3.596,-2.402,-2.818,0.00,0.450,0.000,0.000,0.000,0.000,0.000,6.17,10.77567238,106.67093191,10.30,"10°46'32.42""N, 106°40'15.35""E",FIX,
23:24:11.813,1786206251.813,TRACKING,3.571,-2.410,-2.818,0.00,0.450,-0.000,0.000,0.000,0.000,0.000,6.20,10.77567238,106.67093223,10.30,"10°46'32.42""N, 106°40'15.36""E",FIX,
23:24:11.889,1786206251.890,TRACKING,3.537,-2.422,-2.818,0.00,0.450,-0.000,0.000,0.000,0.000,0.000,6.24,10.77567238,106.67093223,10.30,"10°46'32.42""N, 106°40'15.36""E",FIX,
23:24:11.953,1786206251.954,TRACKING,3.511,-2.430,-2.818,0.00,0.450,0.000,0.000,0.000,0.000,0.000,6.26,10.77567238,106.67093223,10.30,"10°46'32.42""N, 106°40'15.36""E",FIX,
23:24:12.041,1786206252.042,TRACKING,3.486,-2.439,-2.818,0.00,0.450,-0.000,0.000,0.000,0.000,0.000,6.29,10.77567238,106.67093255,10.30,"10°46'32.42""N, 106°40'15.36""E",FIX,
23:24:12.132,1786206252.132,TRACKING,3.451,-2.450,-2.818,0.00,0.450,-0.000,0.000,0.000,0.000,0.000,6.33,10.77567238,106.67093255,10.30,"10°46'32.42""N, 106°40'15.36""E",FIX,
23:24:12.210,1786206252.211,TRACKING,3.426,-2.459,-2.818,0.00,0.450,-0.000,0.000,0.000,0.000,0.000,6.35,10.77567238,106.67093255,10.30,"10°46'32.42""N, 106°40'15.36""E",FIX,
23:24:12.290,1786206252.291,TRACKING,3.400,-2.468,-2.818,0.00,0.450,0.000,0.000,0.000,0.000,0.000,6.38,10.77567238,106.67093287,10.30,"10°46'32.42""N, 106°40'15.36""E",FIX,
23:24:12.370,1786206252.371,TRACKING,3.366,-2.479,-2.818,0.00,0.450,-0.000,0.000,0.000,0.000,0.000,6.42,10.77567238,106.67093287,10.30,"10°46'32.42""N, 106°40'15.36""E",FIX,
23:24:12.468,1786206252.468,TRACKING,3.341,-2.488,-2.818,0.00,0.450,-0.000,0.000,0.000,0.000,0.000,6.44,10.77567238,106.67093287,10.30,"10°46'32.42""N, 106°40'15.36""E",FIX,
23:24:12.587,1786206252.588,TRACKING,3.315,-2.496,-2.818,0.00,0.450,-0.000,0.000,0.000,0.000,0.000,6.47,10.77567238,106.67093318,10.30,"10°46'32.42""N, 106°40'15.36""E",FIX,
23:24:12.689,1786206252.690,TRACKING,3.281,-2.508,-2.818,0.00,0.450,-0.000,0.000,0.000,0.000,0.000,6.51,10.77567238,106.67093318,10.30,"10°46'32.42""N, 106°40'15.36""E",FIX,
23:24:12.770,1786206252.771,TRACKING,3.255,-2.516,-2.818,0.00,0.450,-0.000,0.000,0.000,0.000,0.000,6.53,10.77567238,106.67093318,10.30,"10°46'32.42""N, 106°40'15.36""E",FIX,
23:24:12.856,1786206252.857,TRACKING,3.230,-2.525,-2.818,0.00,0.450,0.000,0.000,0.000,0.000,0.000,6.56,10.77567238,106.67093350,10.30,"10°46'32.42""N, 106°40'15.36""E",FIX,
23:24:12.938,1786206252.938,TRACKING,3.195,-2.536,-2.818,0.00,0.450,-0.000,0.000,0.000,0.000,0.000,6.60,10.77567238,106.67093350,10.30,"10°46'32.42""N, 106°40'15.36""E",FIX,
23:24:13.009,1786206253.010,TRACKING,3.170,-2.545,-2.818,0.00,0.450,-0.000,0.000,0.000,0.000,0.000,6.62,10.77567238,106.67093350,10.30,"10°46'32.42""N, 106°40'15.36""E",FIX,
23:24:13.082,1786206253.083,TRACKING,3.144,-2.554,-2.818,0.00,0.450,-0.000,0.000,0.000,0.000,0.000,6.65,10.77567238,106.67093382,10.30,"10°46'32.42""N, 106°40'15.36""E",FIX,
23:24:13.166,1786206253.167,TRACKING,3.119,-2.562,-2.818,0.00,0.450,-0.000,0.000,0.000,0.000,0.000,6.68,10.77567238,106.67093382,10.30,"10°46'32.42""N, 106°40'15.36""E",FIX,
23:24:13.231,1786206253.231,TRACKING,3.093,-2.571,-2.818,0.00,0.450,0.000,0.000,0.000,0.000,0.000,6.71,10.77567238,106.67093382,10.30,"10°46'32.42""N, 106°40'15.36""E",FIX,
23:24:13.335,1786206253.336,TRACKING,3.059,-2.582,-2.818,0.00,0.450,-0.000,0.000,0.000,0.000,0.000,6.74,10.77567238,106.67093414,10.30,"10°46'32.42""N, 106°40'15.36""E",FIX,
23:24:13.406,1786206253.406,TRACKING,3.033,-2.591,-2.818,0.00,0.450,-0.000,0.000,0.000,0.000,0.000,6.77,10.77567238,106.67093414,10.30,"10°46'32.42""N, 106°40'15.36""E",FIX,
23:24:13.490,1786206253.490,TRACKING,3.008,-2.599,-2.818,0.00,0.450,-0.000,0.000,0.000,0.000,0.000,6.80,10.77567238,106.67093414,10.30,"10°46'32.42""N, 106°40'15.36""E",FIX,
23:24:13.564,1786206253.564,TRACKING,2.974,-2.611,-2.818,0.00,0.450,-0.000,0.000,0.000,0.000,0.000,6.83,10.77567238,106.67093446,10.30,"10°46'32.42""N, 106°40'15.36""E",FIX,
23:24:13.652,1786206253.653,TRACKING,2.940,-2.622,-2.818,0.00,0.450,-0.000,0.000,0.000,0.000,0.000,6.87,10.77567238,106.67093446,10.30,"10°46'32.42""N, 106°40'15.36""E",FIX,
23:24:13.718,1786206253.718,TRACKING,2.914,-2.631,-2.818,0.00,0.450,-0.000,0.000,0.000,0.000,0.000,6.89,10.77567238,106.67093446,10.30,"10°46'32.42""N, 106°40'15.36""E",FIX,
23:24:13.783,1786206253.783,TRACKING,2.897,-2.637,-2.818,0.00,0.450,0.000,0.000,0.000,0.000,0.000,6.91,10.77567238,106.67093446,10.30,"10°46'32.42""N, 106°40'15.36""E",FIX,
23:24:13.871,1786206253.872,TRACKING,2.863,-2.648,-2.818,0.00,0.450,-0.000,0.000,0.000,0.000,0.000,6.95,10.77567238,106.67093478,10.30,"10°46'32.42""N, 106°40'15.37""E",FIX,
23:24:13.939,1786206253.940,TRACKING,2.837,-2.657,-2.818,0.00,0.450,-0.000,0.000,0.000,0.000,0.000,6.98,10.77567238,106.67093478,10.30,"10°46'32.42""N, 106°40'15.37""E",FIX,
23:24:14.021,1786206254.021,TRACKING,2.803,-2.668,-2.818,0.00,0.450,-0.000,0.000,0.000,0.000,0.000,7.01,10.77567238,106.67093510,10.30,"10°46'32.42""N, 106°40'15.37""E",FIX,
23:24:14.083,1786206254.084,TRACKING,2.786,-2.674,-2.818,0.00,0.450,0.000,0.000,0.000,0.000,0.000,7.03,10.77567238,106.67093510,10.30,"10°46'32.42""N, 106°40'15.37""E",FIX,
23:24:14.165,1786206254.166,TRACKING,2.752,-2.685,-2.818,0.00,0.450,-0.000,0.000,0.000,0.000,0.000,7.07,10.77567238,106.67093510,10.30,"10°46'32.42""N, 106°40'15.37""E",FIX,
23:24:14.253,1786206254.253,TRACKING,2.718,-2.697,-2.818,0.00,0.450,-0.000,0.000,0.000,0.000,0.000,7.10,10.77567238,106.67093542,10.30,"10°46'32.42""N, 106°40'15.37""E",FIX,
23:24:14.331,1786206254.332,TRACKING,2.692,-2.705,-2.818,0.00,0.450,-0.000,0.000,0.000,0.000,0.000,7.13,10.77567238,106.67093542,10.30,"10°46'32.42""N, 106°40'15.37""E",FIX,
23:24:14.407,1786206254.407,TRACKING,2.667,-2.714,-2.818,0.00,0.450,-0.000,0.000,0.000,0.000,0.000,7.16,10.77567238,106.67093542,10.30,"10°46'32.42""N, 106°40'15.37""E",FIX,
23:24:14.476,1786206254.477,TRACKING,2.641,-2.723,-2.818,0.00,0.450,-0.000,0.000,0.000,0.000,0.000,7.18,10.77567238,106.67093542,10.30,"10°46'32.42""N, 106°40'15.37""E",FIX,
23:24:14.544,1786206254.544,TRACKING,2.615,-2.731,-2.818,0.00,0.450,-0.000,0.000,0.000,0.000,0.000,7.21,10.77567238,106.67093574,10.30,"10°46'32.42""N, 106°40'15.37""E",FIX,
23:24:14.624,1786206254.625,TRACKING,2.590,-2.740,-2.818,0.00,0.450,-0.000,0.000,0.000,0.000,0.000,7.24,10.77567238,106.67093574,10.30,"10°46'32.42""N, 106°40'15.37""E",FIX,
23:24:14.711,1786206254.711,TRACKING,2.556,-2.751,-2.818,0.00,0.450,-0.000,0.000,0.000,0.000,0.000,7.27,10.77567238,106.67093574,10.30,"10°46'32.42""N, 106°40'15.37""E",FIX,
23:24:14.774,1786206254.774,TRACKING,2.530,-2.760,-2.818,0.00,0.450,0.000,0.000,0.000,0.000,0.000,7.30,10.77567238,106.67093606,10.30,"10°46'32.42""N, 106°40'15.37""E",FIX,
23:24:14.848,1786206254.849,TRACKING,2.496,-2.771,-2.818,0.00,0.450,-0.000,0.000,0.000,0.000,0.000,7.34,10.77567238,106.67093606,10.30,"10°46'32.42""N, 106°40'15.37""E",FIX,
23:24:14.927,1786206254.927,TRACKING,2.470,-2.780,-2.818,0.00,0.450,-0.000,0.000,0.000,0.000,0.000,7.36,10.77567238,106.67093606,10.30,"10°46'32.42""N, 106°40'15.37""E",FIX,
23:24:15.003,1786206255.004,TRACKING,2.445,-2.788,-2.818,0.00,0.450,-0.000,0.000,0.000,0.000,0.000,7.39,10.77567238,106.67093638,10.30,"10°46'32.42""N, 106°40'15.37""E",FIX,
23:24:15.083,1786206255.083,TRACKING,2.411,-2.800,-2.818,0.00,0.450,-0.000,0.000,0.000,0.000,0.000,7.43,10.77567238,106.67093638,10.30,"10°46'32.42""N, 106°40'15.37""E",FIX,
23:24:15.151,1786206255.152,TRACKING,2.385,-2.809,-2.818,0.00,0.450,-0.000,0.000,0.000,0.000,0.000,7.45,10.77567238,106.67093638,10.30,"10°46'32.42""N, 106°40'15.37""E",FIX,
23:24:15.231,1786206255.232,TRACKING,2.351,-2.820,-2.818,0.00,0.450,-0.000,0.000,0.000,0.000,0.000,7.49,10.77567238,106.67093670,10.30,"10°46'32.42""N, 106°40'15.37""E",FIX,
23:24:15.299,1786206255.300,TRACKING,2.334,-2.826,-2.818,0.00,0.450,0.000,0.000,0.000,0.000,0.000,7.51,10.77567238,106.67093670,10.30,"10°46'32.42""N, 106°40'15.37""E",FIX,
23:24:15.383,1786206255.383,TRACKING,2.300,-2.837,-2.818,0.00,0.450,-0.000,0.000,0.000,0.000,0.000,7.54,10.77567238,106.67093670,10.30,"10°46'32.42""N, 106°40'15.37""E",FIX,
23:24:15.446,1786206255.447,TRACKING,2.274,-2.846,-2.818,0.00,0.450,0.000,0.000,0.000,0.000,0.000,7.57,10.77567238,106.67093702,10.30,"10°46'32.42""N, 106°40'15.37""E",FIX,
23:24:15.541,1786206255.541,TRACKING,2.240,-2.857,-2.818,0.00,0.450,-0.000,0.000,0.000,0.000,0.000,7.61,10.77567238,106.67093702,10.30,"10°46'32.42""N, 106°40'15.37""E",FIX,
23:24:15.624,1786206255.625,TRACKING,2.214,-2.866,-2.818,0.00,0.450,-0.000,0.000,0.000,0.000,0.000,7.63,10.77567238,106.67093702,10.30,"10°46'32.42""N, 106°40'15.37""E",FIX,
23:24:15.705,1786206255.706,TRACKING,2.180,-2.877,-2.818,0.00,0.450,-0.000,0.000,0.000,0.000,0.000,7.67,10.77567238,106.67093733,10.30,"10°46'32.42""N, 106°40'15.37""E",FIX,
23:24:15.767,1786206255.768,TRACKING,2.163,-2.883,-2.818,0.00,0.450,0.000,0.000,0.000,0.000,0.000,7.69,10.77567238,106.67093733,10.30,"10°46'32.42""N, 106°40'15.37""E",FIX,
23:24:15.842,1786206255.843,TRACKING,2.129,-2.894,-2.818,0.00,0.450,-0.000,0.000,0.000,0.000,0.000,7.72,10.77567238,106.67093733,10.30,"10°46'32.42""N, 106°40'15.37""E",FIX,
23:24:15.911,1786206255.911,TRACKING,2.103,-2.903,-2.818,0.00,0.450,-0.000,0.000,0.000,0.000,0.000,7.75,10.77567238,106.67093765,10.30,"10°46'32.42""N, 106°40'15.38""E",FIX,
23:24:15.991,1786206255.991,TRACKING,2.078,-2.912,-2.818,0.00,0.450,-0.000,0.000,0.000,0.000,0.000,7.78,10.77567238,106.67093765,10.30,"10°46'32.42""N, 106°40'15.38""E",FIX,
23:24:16.077,1786206256.078,TRACKING,2.044,-2.923,-2.818,0.00,0.450,-0.000,0.000,0.000,0.000,0.000,7.81,10.77567238,106.67093765,10.30,"10°46'32.42""N, 106°40'15.38""E",FIX,
23:24:16.143,1786206256.144,TRACKING,2.018,-2.932,-2.818,0.00,0.450,0.000,0.000,0.000,0.000,0.000,7.84,10.77567238,106.67093797,10.30,"10°46'32.42""N, 106°40'15.38""E",FIX,
23:24:16.213,1786206256.213,TRACKING,1.993,-2.940,-2.818,0.00,0.450,0.000,0.000,0.000,0.000,0.000,7.87,10.77567238,106.67093797,10.30,"10°46'32.42""N, 106°40'15.38""E",FIX,
23:24:16.304,1786206256.305,TRACKING,1.967,-2.949,-2.818,0.00,0.450,-0.000,0.000,0.000,0.000,0.000,7.89,10.77567238,106.67093797,10.30,"10°46'32.42""N, 106°40'15.38""E",FIX,
23:24:16.399,1786206256.399,TRACKING,1.933,-2.960,-2.818,0.00,0.450,-0.000,0.000,0.000,0.000,0.000,7.93,10.77567238,106.67093829,10.30,"10°46'32.42""N, 106°40'15.38""E",FIX,
23:24:16.461,1786206256.462,TRACKING,1.907,-2.969,-2.818,0.00,0.450,-0.000,0.000,0.000,0.000,0.000,7.96,10.77567238,106.67093829,10.30,"10°46'32.42""N, 106°40'15.38""E",FIX,
23:24:16.553,1786206256.554,TRACKING,1.873,-2.980,-2.818,0.00,0.450,-0.000,0.000,0.000,0.000,0.000,7.99,10.77567238,106.67093829,10.30,"10°46'32.42""N, 106°40'15.38""E",FIX,
23:24:16.628,1786206256.628,TRACKING,1.847,-2.989,-2.818,0.00,0.450,-0.000,0.000,0.000,0.000,0.000,8.02,10.77567238,106.67093861,10.30,"10°46'32.42""N, 106°40'15.38""E",FIX,
23:24:16.701,1786206256.702,TRACKING,1.822,-2.998,-2.818,0.00,0.450,0.000,0.000,0.000,0.000,0.000,8.05,10.77567238,106.67093861,10.30,"10°46'32.42""N, 106°40'15.38""E",FIX,
23:24:16.789,1786206256.790,TRACKING,1.796,-3.006,-2.818,0.00,0.450,-0.000,0.000,0.000,0.000,0.000,8.07,10.77567238,106.67093861,10.30,"10°46'32.42""N, 106°40'15.38""E",FIX,
23:24:16.858,1786206256.859,TRACKING,1.771,-3.015,-2.818,0.00,0.450,-0.000,0.000,0.000,0.000,0.000,8.10,10.77567238,106.67093893,10.30,"10°46'32.42""N, 106°40'15.38""E",FIX,
23:24:16.931,1786206256.932,TRACKING,1.737,-3.026,-2.818,0.00,0.450,-0.000,0.000,0.000,0.000,0.000,8.14,10.77567238,106.67093893,10.30,"10°46'32.42""N, 106°40'15.38""E",FIX,
23:24:17.010,1786206257.010,TRACKING,1.711,-3.035,-2.818,0.00,0.450,-0.000,0.000,0.000,0.000,0.000,8.16,10.77567238,106.67093893,10.30,"10°46'32.42""N, 106°40'15.38""E",FIX,
23:24:17.091,1786206257.092,TRACKING,1.685,-3.043,-2.818,0.00,0.450,-0.000,0.000,0.000,0.000,0.000,8.19,10.77567238,106.67093925,10.30,"10°46'32.42""N, 106°40'15.38""E",FIX,
23:24:17.178,1786206257.178,TRACKING,1.651,-3.055,-2.818,0.00,0.450,-0.000,0.000,0.000,0.000,0.000,8.23,10.77567238,106.67093925,10.30,"10°46'32.42""N, 106°40'15.38""E",FIX,
23:24:17.256,1786206257.256,TRACKING,1.617,-3.066,-2.818,0.00,0.450,-0.000,0.000,0.000,0.000,0.000,8.26,10.77567238,106.67093925,10.30,"10°46'32.42""N, 106°40'15.38""E",FIX,
23:24:17.315,1786206257.316,TRACKING,1.600,-3.072,-2.818,0.00,0.450,0.000,0.000,0.000,0.000,0.000,8.28,10.77567238,106.67093957,10.30,"10°46'32.42""N, 106°40'15.38""E",FIX,
23:24:17.419,1786206257.419,TRACKING,1.566,-3.084,-2.818,0.00,0.450,-0.000,0.000,0.000,0.000,0.000,8.32,10.77567238,106.67093957,10.30,"10°46'32.42""N, 106°40'15.38""E",FIX,
23:24:17.487,1786206257.488,TRACKING,1.540,-3.092,-2.818,0.00,0.450,-0.000,0.000,0.000,0.000,0.000,8.34,10.77567238,106.67093957,10.30,"10°46'32.42""N, 106°40'15.38""E",FIX,
23:24:17.561,1786206257.562,TRACKING,1.515,-3.101,-2.818,0.00,0.450,-0.000,0.000,0.000,0.000,0.000,8.37,10.77567238,106.67093989,10.30,"10°46'32.42""N, 106°40'15.38""E",FIX,
23:24:17.656,1786206257.657,TRACKING,1.481,-3.112,-2.818,0.00,0.450,-0.000,0.000,0.000,0.000,0.000,8.41,10.77567238,106.67093989,10.30,"10°46'32.42""N, 106°40'15.38""E",FIX,
23:24:17.731,1786206257.732,TRACKING,1.455,-3.121,-2.818,0.00,0.450,-0.000,0.000,0.000,0.000,0.000,8.43,10.77567238,106.67093989,10.30,"10°46'32.42""N, 106°40'15.38""E",FIX,
23:24:17.793,1786206257.793,TRACKING,1.429,-3.129,-2.818,0.00,0.450,0.000,0.000,0.000,0.000,0.000,8.46,10.77567238,106.67094021,10.30,"10°46'32.42""N, 106°40'15.38""E",FIX,
23:24:17.876,1786206257.877,TRACKING,1.395,-3.141,-2.818,0.00,0.450,-0.000,0.000,0.000,0.000,0.000,8.50,10.77567238,106.67094021,10.30,"10°46'32.42""N, 106°40'15.38""E",FIX,
23:24:17.944,1786206257.945,TRACKING,1.370,-3.150,-2.818,0.00,0.450,-0.000,0.000,0.000,0.000,0.000,8.52,10.77567238,106.67094021,10.30,"10°46'32.42""N, 106°40'15.38""E",FIX,
23:24:18.029,1786206258.029,TRACKING,1.336,-3.161,-2.818,0.00,0.450,-0.000,0.000,0.000,0.000,0.000,8.56,10.77567238,106.67094053,10.30,"10°46'32.42""N, 106°40'15.39""E",FIX,
23:24:18.089,1786206258.089,TRACKING,1.318,-3.167,-2.818,0.00,0.450,0.000,0.000,0.000,0.000,0.000,8.58,10.77567238,106.67094053,10.30,"10°46'32.42""N, 106°40'15.39""E",FIX,
23:24:18.166,1786206258.166,TRACKING,1.284,-3.178,-2.818,0.00,0.450,-0.000,0.000,0.000,0.000,0.000,8.61,10.77567238,106.67094053,10.30,"10°46'32.42""N, 106°40'15.39""E",FIX,
23:24:18.253,1786206258.254,TRACKING,1.259,-3.187,-2.818,0.00,0.450,-0.000,0.000,0.000,0.000,0.000,8.64,10.77567238,106.67094085,10.30,"10°46'32.42""N, 106°40'15.39""E",FIX,
23:24:18.315,1786206258.315,TRACKING,1.233,-3.195,-2.818,0.00,0.450,0.000,0.000,0.000,0.000,0.000,8.67,10.77567238,106.67094085,10.30,"10°46'32.42""N, 106°40'15.39""E",FIX,
23:24:18.394,1786206258.395,TRACKING,1.199,-3.207,-2.818,0.00,0.450,-0.000,0.000,0.000,0.000,0.000,8.70,10.77567238,106.67094085,10.30,"10°46'32.42""N, 106°40'15.39""E",FIX,
23:24:18.460,1786206258.460,TRACKING,1.173,-3.215,-2.818,0.00,0.450,0.000,0.000,0.000,0.000,0.000,8.73,10.77567238,106.67094117,10.30,"10°46'32.42""N, 106°40'15.39""E",FIX,
23:24:18.537,1786206258.538,TRACKING,1.148,-3.224,-2.818,0.00,0.450,-0.000,0.000,0.000,0.000,0.000,8.76,10.77567238,106.67094117,10.30,"10°46'32.42""N, 106°40'15.39""E",FIX,
23:24:18.617,1786206258.618,TRACKING,1.114,-3.235,-2.818,0.00,0.450,-0.000,0.000,0.000,0.000,0.000,8.79,10.77567238,106.67094117,10.30,"10°46'32.42""N, 106°40'15.39""E",FIX,
23:24:18.691,1786206258.691,TRACKING,1.088,-3.244,-2.818,0.00,0.450,-0.000,0.000,0.000,0.000,0.000,8.82,10.77567238,106.67094148,10.30,"10°46'32.42""N, 106°40'15.39""E",FIX,
23:24:18.768,1786206258.769,TRACKING,1.063,-3.253,-2.818,0.00,0.450,-0.000,0.000,0.000,0.000,0.000,8.85,10.77567238,106.67094148,10.30,"10°46'32.42""N, 106°40'15.39""E",FIX,
23:24:18.835,1786206258.835,TRACKING,1.037,-3.261,-2.818,0.00,0.450,0.000,0.000,0.000,0.000,0.000,8.87,10.77567238,106.67094148,10.30,"10°46'32.42""N, 106°40'15.39""E",FIX,
23:24:18.929,1786206258.929,TRACKING,1.003,-3.273,-2.818,0.00,0.450,-0.000,0.000,0.000,0.000,0.000,8.91,10.77567238,106.67094180,10.30,"10°46'32.42""N, 106°40'15.39""E",FIX,
23:24:19.002,1786206259.003,TRACKING,0.977,-3.281,-2.818,0.00,0.450,-0.000,0.000,0.000,0.000,0.000,8.94,10.77567238,106.67094180,10.30,"10°46'32.42""N, 106°40'15.39""E",FIX,
23:24:19.079,1786206259.079,TRACKING,0.943,-3.293,-2.818,0.00,0.450,-0.000,0.000,0.000,0.000,0.000,8.97,10.77567238,106.67094180,10.30,"10°46'32.42""N, 106°40'15.39""E",FIX,
23:24:19.141,1786206259.142,TRACKING,0.926,-3.298,-2.818,0.00,0.450,0.000,0.000,0.000,0.000,0.000,8.99,10.77567238,106.67094212,10.30,"10°46'32.42""N, 106°40'15.39""E",FIX,
23:24:19.227,1786206259.228,TRACKING,0.892,-3.310,-2.818,0.00,0.450,-0.000,0.000,0.000,0.000,0.000,9.03,10.77567238,106.67094212,10.30,"10°46'32.42""N, 106°40'15.39""E",FIX,
23:24:19.304,1786206259.304,TRACKING,0.866,-3.319,-2.818,0.00,0.450,-0.000,0.000,0.000,0.000,0.000,9.05,10.77567238,106.67094212,10.30,"10°46'32.42""N, 106°40'15.39""E",FIX,
23:24:19.386,1786206259.386,TRACKING,0.832,-3.330,-2.818,0.00,0.450,-0.000,0.000,0.000,0.000,0.000,9.09,10.77567238,106.67094244,10.30,"10°46'32.42""N, 106°40'15.39""E",FIX,
23:24:19.464,1786206259.464,TRACKING,0.807,-3.339,-2.818,0.00,0.450,-0.000,0.000,0.000,0.000,0.000,9.12,10.77567238,106.67094244,10.30,"10°46'32.42""N, 106°40'15.39""E",FIX,
23:24:19.531,1786206259.531,TRACKING,0.781,-3.347,-2.818,0.00,0.450,-0.000,0.000,0.000,0.000,0.000,9.14,10.77567238,106.67094244,10.30,"10°46'32.42""N, 106°40'15.39""E",FIX,
23:24:19.601,1786206259.601,TRACKING,0.755,-3.356,-2.818,0.00,0.450,-0.000,0.000,0.000,0.000,0.000,9.17,10.77567238,106.67094276,10.30,"10°46'32.42""N, 106°40'15.39""E",FIX,
23:24:19.673,1786206259.674,TRACKING,0.721,-3.367,-2.818,0.00,0.450,-0.000,0.000,0.000,0.000,0.000,9.21,10.77567238,106.67094276,10.30,"10°46'32.42""N, 106°40'15.39""E",FIX,
23:24:19.756,1786206259.756,TRACKING,0.696,-3.376,-2.818,0.00,0.450,-0.000,0.000,0.000,0.000,0.000,9.23,10.77567238,106.67094276,10.30,"10°46'32.42""N, 106°40'15.39""E",FIX,
23:24:19.812,1786206259.812,TRACKING,0.670,-3.384,-2.818,0.00,0.450,0.000,0.000,0.000,0.000,0.000,9.26,10.77567238,106.67094308,10.30,"10°46'32.42""N, 106°40'15.40""E",FIX,
23:24:19.912,1786206259.912,TRACKING,0.636,-3.396,-2.818,0.00,0.450,-0.000,0.000,0.000,0.000,0.000,9.30,10.77567238,106.67094308,10.30,"10°46'32.42""N, 106°40'15.40""E",FIX,
23:24:19.961,1786206259.961,TRACKING,0.619,-3.402,-2.818,0.00,0.450,0.000,0.000,0.000,0.000,0.000,9.32,10.77567238,106.67094308,10.30,"10°46'32.42""N, 106°40'15.40""E",FIX,
23:24:20.042,1786206260.042,TRACKING,0.585,-3.413,-2.818,0.00,0.450,-0.000,0.000,0.000,0.000,0.000,9.35,10.77567238,106.67094340,10.30,"10°46'32.42""N, 106°40'15.40""E",FIX,
23:24:20.128,1786206260.128,TRACKING,0.551,-3.425,-2.818,0.00,0.450,-0.000,0.000,0.000,0.000,0.000,9.39,10.77567238,106.67094340,10.30,"10°46'32.42""N, 106°40'15.40""E",FIX,
23:24:20.201,1786206260.202,TRACKING,0.525,-3.433,-2.818,0.00,0.450,-0.000,0.000,0.000,0.000,0.000,9.41,10.77567238,106.67094340,10.30,"10°46'32.42""N, 106°40'15.40""E",FIX,
23:24:20.279,1786206260.279,TRACKING,0.499,-3.442,-2.818,0.00,0.450,-0.000,0.000,0.000,0.000,0.000,9.44,10.77567238,106.67094372,10.30,"10°46'32.42""N, 106°40'15.40""E",FIX,
23:24:20.371,1786206260.371,TRACKING,0.465,-3.453,-2.818,0.00,0.450,-0.000,0.000,0.000,0.000,0.000,9.48,10.77567238,106.67094372,10.30,"10°46'32.42""N, 106°40'15.40""E",FIX,
23:24:20.447,1786206260.448,TRACKING,0.440,-3.462,-2.818,0.00,0.450,-0.000,0.000,0.000,0.000,0.000,9.50,10.77567238,106.67094372,10.30,"10°46'32.42""N, 106°40'15.40""E",FIX,
23:24:20.531,1786206260.532,TRACKING,0.414,-3.470,-2.818,0.00,0.450,-0.000,0.000,0.000,0.000,0.000,9.53,10.77567238,106.67094404,10.30,"10°46'32.42""N, 106°40'15.40""E",FIX,
23:24:20.617,1786206260.617,TRACKING,0.389,-3.479,-2.818,0.00,0.450,-0.000,0.000,0.000,0.000,0.000,9.56,10.77567238,106.67094404,10.30,"10°46'32.42""N, 106°40'15.40""E",FIX,
23:24:20.708,1786206260.709,TRACKING,0.354,-3.490,-2.818,0.00,0.450,-0.000,0.000,0.000,0.000,0.000,9.59,10.77567238,106.67094404,10.30,"10°46'32.42""N, 106°40'15.40""E",FIX,
23:24:20.765,1786206260.765,TRACKING,0.329,-3.499,-2.818,0.00,0.450,0.000,0.000,0.000,0.000,0.000,9.62,10.77567238,106.67094436,10.30,"10°46'32.42""N, 106°40'15.40""E",FIX,
23:24:20.853,1786206260.853,TRACKING,0.303,-3.508,-2.818,0.00,0.450,-0.000,0.000,0.000,0.000,0.000,9.65,10.77567238,106.67094436,10.30,"10°46'32.42""N, 106°40'15.40""E",FIX,
23:24:20.931,1786206260.932,TRACKING,0.269,-3.519,-2.818,0.00,0.450,-0.000,0.000,0.000,0.000,0.000,9.68,10.77567238,106.67094436,10.30,"10°46'32.42""N, 106°40'15.40""E",FIX,
23:24:21.010,1786206261.010,TRACKING,0.244,-3.528,-2.818,0.00,0.450,-0.000,0.000,0.000,0.000,0.000,9.71,10.77567238,106.67094468,10.30,"10°46'32.42""N, 106°40'15.40""E",FIX,
23:24:21.089,1786206261.090,TRACKING,0.218,-3.536,-2.818,0.00,0.450,-0.000,0.000,0.000,0.000,0.000,9.74,10.77567238,106.67094468,10.30,"10°46'32.42""N, 106°40'15.40""E",FIX,
23:24:21.166,1786206261.167,TRACKING,0.192,-3.545,-2.818,0.00,0.450,-0.000,0.000,0.000,0.000,0.000,9.77,10.77567238,106.67094468,10.30,"10°46'32.42""N, 106°40'15.40""E",FIX,
23:24:21.259,1786206261.259,TRACKING,0.158,-3.556,-2.818,0.00,0.450,-0.000,0.000,0.000,0.000,0.000,9.80,10.77567238,106.67094500,10.30,"10°46'32.42""N, 106°40'15.40""E",FIX,
23:24:21.376,1786206261.376,TRACKING,0.124,-3.568,-2.818,0.00,0.450,-0.000,0.000,0.000,0.000,0.000,9.84,10.77567238,106.67094500,10.30,"10°46'32.42""N, 106°40'15.40""E",FIX,
23:24:21.444,1786206261.444,TRACKING,0.107,-3.574,-2.818,0.00,0.450,0.000,0.000,0.000,0.000,0.000,9.86,10.77567238,106.67094500,10.30,"10°46'32.42""N, 106°40'15.40""E",FIX,
