Time,Unix_Timestamp,FSM_State,Pos_X_m,Pos_Y_m,Yaw_rad,Steer_Angle_deg,Linear_Vel_mps,Angular_Vel_radps,IMU_Yaw_rad,IMU_Angular_Vel_z,IMU_Accel_x,Confidence,Dist_Traveled_m,GPS_Latitude,GPS_Longitude,GPS_Altitude_m,GPS_DMS,GPS_Status,Event
14:04:03.621,1786172643.622,TRACKING,-1.500,0.400,-0.000,0.00,0.450,-0.000,0.000,0.000,0.000,0.000,0.00,10.77567059,106.67087528,10.00,"10°46'32.41""N, 106°40'15.15""E",ODOM_ESTIMATED,
14:04:03.637,1786172643.638,TRACKING,-1.500,0.400,-0.000,0.00,0.450,-0.000,0.000,0.000,0.000,0.000,0.00,10.77567059,106.67087528,10.00,"10°46'32.41""N, 106°40'15.15""E",ODOM_ESTIMATED,
14:04:03.650,1786172643.650,TRACKING,-1.500,0.400,-0.000,0.00,0.450,-0.000,0.000,0.000,0.000,0.000,0.00,10.77567062,106.67087529,10.51,"10°46'32.41""N, 106°40'15.15""E",FIX,
14:04:03.662,1786172643.663,TRACKING,-1.500,0.400,-0.000,0.00,0.450,-0.000,0.000,0.000,0.000,0.000,0.00,10.77567062,106.67087529,10.51,"10°46'32.41""N, 106°40'15.15""E",FIX,
14:04:03.675,1786172643.676,TRACKING,-1.500,0.400,-0.000,0.00,0.450,-0.000,0.000,0.000,0.000,0.000,0.00,10.77567062,106.67087529,10.51,"10°46'32.41""N, 106°40'15.15""E",FIX,
14:04:03.685,1786172643.686,TRACKING,-1.500,0.400,-0.000,0.00,0.450,-0.000,0.000,0.000,0.000,0.000,0.00,10.77567062,106.67087529,10.51,"10°46'32.41""N, 106°40'15.15""E",FIX,
14:04:03.735,1786172643.735,TRACKING,-1.495,0.400,-0.000,0.00,0.450,-0.000,0.000,0.000,0.000,0.000,0.01,10.77567062,106.67087529,10.51,"10°46'32.41""N, 106°40'15.15""E",FIX,
14:04:03.819,1786172643.820,TRACKING,-1.472,0.400,-0.000,0.00,0.450,-0.000,0.000,0.000,0.000,0.000,0.03,10.77567062,106.67087529,10.51,"10°46'32.41""N, 106°40'15.15""E",FIX,
14:04:03.891,1786172643.892,TRACKING,-1.464,0.400,0.000,0.00,0.450,-0.000,0.000,0.000,0.000,0.000,0.04,10.77567062,106.67087529,10.51,"10°46'32.41""N, 106°40'15.15""E",FIX,
14:04:03.967,1786172643.968,TRACKING,-1.441,0.400,0.000,0.00,0.450,-0.000,0.000,0.000,0.000,0.000,0.06,10.77567062,106.67087569,10.51,"10°46'32.41""N, 106°40'15.15""E",FIX,
14:04:04.039,1786172644.040,TRACKING,-1.426,0.400,0.000,0.00,0.450,-0.000,0.000,0.000,0.000,0.000,0.07,10.77567062,106.67087569,10.51,"10°46'32.41""N, 106°40'15.15""E",FIX,
14:04:04.101,1786172644.102,TRACKING,-1.418,0.400,0.000,0.00,0.450,-0.000,0.000,0.000,0.000,0.000,0.08,10.77567062,106.67087569,10.51,"10°46'32.41""N, 106°40'15.15""E",FIX,
14:04:04.175,1786172644.176,TRACKING,-1.403,0.400,0.000,0.00,0.450,-0.000,0.000,0.000,0.000,0.000,0.10,10.77567062,106.67087610,10.51,"10°46'32.41""N, 106°40'15.15""E",FIX,
14:04:04.254,1786172644.254,TRACKING,-1.388,0.400,0.000,0.00,0.450,-0.000,0.000,0.000,0.000,0.000,0.11,10.77567062,106.67087610,10.51,"10°46'32.41""N, 106°40'15.15""E",FIX,
14:04:04.331,1786172644.332,TRACKING,-1.372,0.400,0.000,0.00,0.450,-0.000,0.000,0.000,0.000,0.000,0.13,10.77567062,106.67087610,10.51,"10°46'32.41""N, 106°40'15.15""E",FIX,
14:04:04.419,1786172644.419,TRACKING,-1.357,0.400,0.000,0.00,0.450,-0.000,0.000,0.000,0.000,0.062,0.14,10.77567062,106.67087651,10.51,"10°46'32.41""N, 106°40'15.16""E",FIX,
14:04:04.495,1786172644.496,TRACKING,-1.342,0.400,0.000,0.00,0.450,-0.000,0.000,0.000,0.000,0.104,0.16,10.77567062,106.67087651,10.51,"10°46'32.41""N, 106°40'15.16""E",FIX,
14:04:04.572,1786172644.572,TRACKING,-1.326,0.400,0.000,0.00,0.450,-0.000,0.000,0.000,0.000,0.167,0.17,10.77567062,106.67087692,10.51,"10°46'32.41""N, 106°40'15.16""E",FIX,
14:04:04.642,1786172644.643,TRACKING,-1.311,0.400,0.000,0.00,0.450,-0.000,0.000,0.000,0.000,0.229,0.19,10.77567062,106.67087692,10.51,"10°46'32.41""N, 106°40'15.16""E",FIX,
14:04:04.704,1786172644.704,TRACKING,-1.296,0.400,0.000,0.00,0.450,-0.000,0.000,0.000,0.000,0.271,0.20,10.77567062,106.67087692,10.51,"10°46'32.41""N, 106°40'15.16""E",FIX,
14:04:04.790,1786172644.791,TRACKING,-1.281,0.400,0.000,0.00,0.450,-0.000,0.000,0.000,0.000,0.333,0.22,10.77567062,106.67087692,10.51,"10°46'32.41""N, 106°40'15.16""E",FIX,
14:04:04.858,1786172644.858,TRACKING,-1.265,0.400,0.000,0.00,0.450,-0.000,0.000,0.000,0.000,0.417,0.23,10.77567062,106.67087733,10.51,"10°46'32.41""N, 106°40'15.16""E",FIX,
14:04:04.939,1786172644.940,TRACKING,-1.250,0.400,0.000,0.00,0.450,-0.000,0.000,0.000,0.000,0.458,0.25,10.77567062,106.67087733,10.51,"10°46'32.41""N, 106°40'15.16""E",FIX,
14:04:05.006,1786172645.006,TRACKING,-1.235,0.400,0.000,0.00,0.450,-0.000,0.000,0.000,0.000,0.521,0.27,10.77567062,106.67087733,10.51,"10°46'32.41""N, 106°40'15.16""E",FIX,
14:04:05.079,1786172645.079,TRACKING,-1.219,0.400,0.000,0.00,0.450,-0.000,0.000,0.000,0.000,0.583,0.28,10.77567062,106.67087774,10.51,"10°46'32.41""N, 106°40'15.16""E",FIX,
14:04:05.148,1786172645.148,TRACKING,-1.204,0.400,0.000,0.00,0.450,-0.000,0.000,0.000,0.000,0.667,0.30,10.77567062,106.67087774,10.51,"10°46'32.41""N, 106°40'15.16""E",FIX,
14:04:05.218,1786172645.219,TRACKING,-1.189,0.400,0.000,0.00,0.450,-0.000,0.000,0.000,0.000,0.729,0.31,10.77567062,106.67087774,10.51,"10°46'32.41""N, 106°40'15.16""E",FIX,
14:04:05.279,1786172645.280,TRACKING,-1.181,0.400,0.000,0.00,0.450,-0.000,0.000,0.000,0.000,0.792,0.32,10.77567062,106.67087816,10.51,"10°46'32.41""N, 106°40'15.16""E",FIX,
14:04:05.363,1786172645.363,TRACKING,-1.166,0.400,0.000,0.00,0.450,-0.000,0.000,0.000,0.000,0.875,0.33,10.77567062,106.67087816,10.51,"10°46'32.41""N, 106°40'15.16""E",FIX,
14:04:05.442,1786172645.443,TRACKING,-1.150,0.400,0.000,0.00,0.450,-0.000,0.000,0.000,0.000,0.958,0.35,10.77567062,106.67087816,10.51,"10°46'32.41""N, 106°40'15.16""E",FIX,
14:04:05.537,1786172645.537,TRACKING,-1.135,0.400,0.000,0.00,0.450,-0.000,0.000,0.000,0.000,1.000,0.36,10.77567062,106.67087857,10.51,"10°46'32.41""N, 106°40'15.16""E",FIX,
14:04:05.622,1786172645.623,TRACKING,-1.120,0.400,0.000,0.00,0.450,-0.000,0.000,0.000,0.000,1.000,0.38,10.77567062,106.67087857,10.51,"10°46'32.41""N, 106°40'15.16""E",FIX,
14:04:05.708,1786172645.709,TRACKING,-1.105,0.400,0.000,0.00,0.450,-0.000,0.000,0.000,0.000,1.000,0.40,10.77567062,106.67087857,10.51,"10°46'32.41""N, 106°40'15.16""E",FIX,
14:04:05.780,1786172645.781,TRACKING,-1.089,0.400,0.000,0.00,0.450,-0.000,0.000,0.000,0.000,1.000,0.41,10.77567062,106.67087898,10.51,"10°46'32.41""N, 106°40'15.16""E",FIX,
14:04:05.873,1786172645.874,TRACKING,-1.074,0.400,0.000,0.00,0.450,-0.000,0.000,0.000,0.000,1.000,0.43,10.77567062,106.67087898,10.51,"10°46'32.41""N, 106°40'15.16""E",FIX,
14:04:05.947,1786172645.948,TRACKING,-1.059,0.400,0.000,0.00,0.450,-0.000,0.000,0.000,0.000,1.000,0.44,10.77567062,106.67087898,10.51,"10°46'32.41""N, 106°40'15.16""E",FIX,
14:04:06.028,1786172646.029,TRACKING,-1.043,0.400,0.000,0.00,0.450,-0.000,0.000,0.000,0.000,1.000,0.46,10.77567062,106.67087939,10.51,"10°46'32.41""N, 106°40'15.17""E",FIX,
14:04:06.100,1786172646.101,TRACKING,-1.028,0.400,0.000,0.00,0.450,-0.000,0.000,0.000,0.000,1.000,0.47,10.77567062,106.67087939,10.51,"10°46'32.41""N, 106°40'15.17""E",FIX,
14:04:06.179,1786172646.179,TRACKING,-1.013,0.400,0.000,0.00,0.450,-0.000,0.000,0.000,0.000,1.000,0.49,10.77567062,106.67087939,10.51,"10°46'32.41""N, 106°40'15.17""E",FIX,
14:04:06.264,1786172646.265,TRACKING,-0.997,0.400,0.000,0.00,0.450,-0.000,0.000,0.000,0.000,1.000,0.50,10.77567062,106.67087980,10.51,"10°46'32.41""N, 106°40'15.17""E",FIX,
14:04:06.344,1786172646.344,TRACKING,-0.982,0.400,0.000,0.00,0.450,-0.000,0.000,0.000,0.000,1.000,0.52,10.77567062,106.67087980,10.51,"10°46'32.41""N, 106°40'15.17""E",FIX,
14:04:06.419,1786172646.419,TRACKING,-0.967,0.400,0.000,0.00,0.450,-0.000,0.000,0.000,0.000,1.000,0.53,10.77567062,106.67087980,10.51,"10°46'32.41""N, 106°40'15.17""E",FIX,
14:04:06.524,1786172646.524,TRACKING,-0.952,0.400,0.000,0.00,0.450,-0.000,0.000,0.000,0.000,1.000,0.55,10.77567062,106.67088021,10.51,"10°46'32.41""N, 106°40'15.17""E",FIX,
14:04:06.623,1786172646.624,TRACKING,-0.944,0.400,0.000,0.00,0.450,-0.000,0.000,0.000,0.000,1.000,0.56,10.77567062,106.67088021,10.51,"10°46'32.41""N, 106°40'15.17""E",FIX,
14:04:06.749,1786172646.750,TRACKING,-0.921,0.400,0.000,0.00,0.450,-0.000,0.000,0.000,0.000,1.000,0.58,10.77567062,106.67088021,10.51,"10°46'32.41""N, 106°40'15.17""E",FIX,
14:04:06.848,1786172646.848,TRACKING,-0.913,0.400,0.000,0.00,0.450,-0.000,0.000,0.000,0.000,1.000,0.59,10.77567062,106.67088062,10.51,"10°46'32.41""N, 106°40'15.17""E",FIX,
14:04:06.973,1786172646.974,TRACKING,-0.898,0.400,0.000,0.00,0.450,-0.008,0.000,0.000,0.000,1.000,0.60,10.77567062,106.67088062,10.51,"10°46'32.41""N, 106°40'15.17""E",FIX,
14:04:07.088,1786172647.088,TRACKING,-0.883,0.400,-0.000,0.01,0.450,-0.005,0.000,0.000,0.000,1.000,0.62,10.77567062,106.67088062,10.51,"10°46'32.41""N, 106°40'15.17""E",FIX,
14:04:07.210,1786172647.210,TRACKING,-0.867,0.400,-0.000,0.01,0.450,-0.005,0.000,0.000,0.000,1.000,0.63,10.77567062,106.67088104,10.51,"10°46'32.41""N, 106°40'15.17""E",FIX,
14:04:07.304,1786172647.305,TRACKING,-0.852,0.400,-0.000,0.00,0.450,0.003,0.000,0.000,0.000,1.000,0.65,10.77567062,106.67088104,10.51,"10°46'32.41""N, 106°40'15.17""E",FIX,
14:04:07.405,1786172647.405,TRACKING,-0.837,0.400,-0.000,-0.00,0.450,0.011,0.000,0.000,0.000,1.000,0.66,10.77567062,106.67088104,10.51,"10°46'32.41""N, 106°40'15.17""E",FIX,
14:04:07.528,1786172647.528,TRACKING,-0.822,0.400,-0.000,-0.00,0.450,0.006,0.000,0.000,0.000,0.625,0.68,10.77567062,106.67088145,10.51,"10°46'32.41""N, 106°40'15.17""E",FIX,
14:04:07.641,1786172647.641,TRACKING,-0.806,0.400,0.000,-0.01,0.450,0.006,0.000,0.000,0.000,0.687,0.69,10.77567062,106.67088145,10.51,"10°46'32.41""N, 106°40'15.17""E",FIX,
14:04:07.753,1786172647.753,TRACKING,-0.791,0.400,0.000,-0.01,0.450,0.004,0.000,0.000,0.000,0.750,0.71,10.77567062,106.67088145,10.51,"10°46'32.41""N, 106°40'15.17""E",FIX,
14:04:07.865,1786172647.866,TRACKING,-0.776,0.400,0.000,-0.01,0.450,0.004,0.000,0.000,0.000,0.833,0.72,10.77567062,106.67088186,10.51,"10°46'32.41""N, 106°40'15.17""E",FIX,
14:04:07.977,1786172647.978,TRACKING,-0.760,0.400,0.000,-0.01,0.450,0.003,0.000,0.000,0.000,0.917,0.74,10.77567062,106.67088186,10.51,"10°46'32.41""N, 106°40'15.17""E",FIX,
14:04:08.064,1786172648.064,TRACKING,-0.753,0.400,0.001,-0.01,0.450,-0.006,0.000,0.000,0.000,1.000,0.75,10.77567062,106.67088186,10.51,"10°46'32.41""N, 106°40'15.17""E",FIX,
14:04:08.176,1786172648.176,TRACKING,-0.730,0.400,0.000,-0.01,0.450,0.004,0.000,0.000,0.000,1.000,0.77,10.77567062,106.67088227,10.51,"10°46'32.41""N, 106°40'15.18""E",FIX,
14:04:08.302,1786172648.302,TRACKING,-0.714,0.400,0.001,-0.01,0.450,0.004,0.000,0.000,0.000,1.000,0.79,10.77567062,106.67088227,10.51,"10°46'32.41""N, 106°40'15.18""E",FIX,
14:04:08.409,1786172648.409,TRACKING,-0.699,0.400,0.001,-0.01,0.450,0.003,0.000,0.000,0.000,1.000,0.80,10.77567062,106.67088227,10.51,"10°46'32.41""N, 106°40'15.18""E",FIX,
14:04:08.508,1786172648.509,TRACKING,-0.691,0.400,0.001,-0.01,0.450,0.003,0.000,0.000,0.000,1.000,0.81,10.77567062,106.67088268,10.51,"10°46'32.41""N, 106°40'15.18""E",FIX,
14:04:08.623,1786172648.623,TRACKING,-0.669,0.400,0.001,-0.01,0.450,0.003,0.000,0.000,0.000,1.000,0.83,10.77567062,106.67088268,10.51,"10°46'32.41""N, 106°40'15.18""E",FIX,
14:04:08.738,1786172648.739,TRACKING,-0.661,0.400,0.001,-0.01,0.450,0.003,0.000,0.000,0.000,1.000,0.84,10.77567062,106.67088268,10.51,"10°46'32.41""N, 106°40'15.18""E",FIX,
14:04:08.864,1786172648.864,TRACKING,-0.638,0.400,0.001,-0.01,0.450,-0.004,0.000,0.000,0.000,1.000,0.86,10.77567062,106.67088309,10.51,"10°46'32.41""N, 106°40'15.18""E",FIX,
14:04:08.975,1786172648.975,TRACKING,-0.630,0.400,0.001,-0.00,0.450,-0.003,0.000,0.000,0.000,1.000,0.87,10.77567062,106.67088309,10.51,"10°46'32.41""N, 106°40'15.18""E",FIX,
14:04:09.080,1786172649.081,TRACKING,-0.615,0.400,0.001,-0.01,0.450,0.006,0.000,0.000,0.000,1.000,0.89,10.77567062,106.67088309,10.51,"10°46'32.41""N, 106°40'15.18""E",FIX,
14:04:09.205,1786172649.205,TRACKING,-0.600,0.400,0.001,-0.01,0.450,0.004,0.000,0.000,0.000,1.000,0.90,10.77567062,106.67088350,10.51,"10°46'32.41""N, 106°40'15.18""E",FIX,
14:04:09.303,1786172649.303,TRACKING,-0.584,0.400,0.001,-0.01,0.450,0.004,0.000,0.000,0.000,1.000,0.92,10.77567062,106.67088350,10.51,"10°46'32.41""N, 106°40'15.18""E",FIX,
14:04:09.409,1786172649.409,TRACKING,-0.569,0.400,0.001,-0.01,0.450,0.003,0.000,0.000,0.000,1.000,0.93,10.77567062,106.67088350,10.51,"10°46'32.41""N, 106°40'15.18""E",FIX,
14:04:09.518,1786172649.519,TRACKING,-0.554,0.400,0.001,-0.01,0.450,0.003,0.000,0.000,0.000,1.000,0.95,10.77567062,106.67088392,10.51,"10°46'32.41""N, 106°40'15.18""E",FIX,
14:04:09.641,1786172649.641,TRACKING,-0.538,0.400,0.001,-0.01,0.450,0.003,0.000,0.000,0.000,1.000,0.96,10.77567062,106.67088392,10.51,"10°46'32.41""N, 106°40'15.18""E",FIX,
14:04:09.728,1786172649.728,TRACKING,-0.523,0.400,0.001,-0.01,0.450,-0.002,0.000,0.000,0.000,1.000,0.98,10.77567062,106.67088392,10.51,"10°46'32.41""N, 106°40'15.18""E",FIX,
14:04:09.852,1786172649.852,TRACKING,-0.508,0.400,0.001,-0.01,0.450,0.003,0.000,0.000,0.000,1.000,0.99,10.77567062,106.67088433,10.51,"10°46'32.41""N, 106°40'15.18""E",FIX,
14:04:09.960,1786172649.961,TRACKING,-0.493,0.400,0.002,-0.01,0.450,-0.000,0.000,0.000,0.000,1.000,1.01,10.77567062,106.67088433,10.51,"10°46'32.41""N, 106°40'15.18""E",FIX,
14:04:10.058,1786172650.059,TRACKING,-0.477,0.400,0.002,-0.00,0.450,-0.012,0.000,0.000,0.000,1.000,1.02,10.77567062,106.67088433,10.51,"10°46'32.41""N, 106°40'15.18""E",FIX,
14:04:10.177,1786172650.178,TRACKING,-0.462,0.400,0.001,0.01,0.450,-0.015,0.000,0.000,0.000,1.000,1.04,10.77567062,106.67088474,10.51,"10°46'32.41""N, 106°40'15.19""E",FIX,
14:04:10.292,1786172650.292,TRACKING,-0.447,0.400,0.001,0.01,0.450,-0.011,0.000,0.000,0.000,1.000,1.05,10.77567062,106.67088474,10.51,"10°46'32.41""N, 106°40'15.19""E",FIX,
14:04:10.372,1786172650.372,TRACKING,-0.439,0.400,0.001,0.02,0.450,-0.022,0.000,0.000,0.000,0.583,1.06,10.77567062,106.67088474,10.51,"10°46'32.41""N, 106°40'15.19""E",FIX,
14:04:10.486,1786172650.486,TRACKING,-0.424,0.400,0.000,0.02,0.450,-0.006,0.000,0.000,0.000,0.667,1.08,10.77567062,106.67088515,10.51,"10°46'32.41""N, 106°40'15.19""E",FIX,
14:04:10.598,1786172650.598,TRACKING,-0.401,0.400,-0.000,0.02,0.450,-0.005,0.000,0.000,0.000,0.729,1.10,10.77567062,106.67088515,10.51,"10°46'32.41""N, 106°40'15.19""E",FIX,
14:04:10.715,1786172650.716,TRACKING,-0.385,0.400,-0.001,0.02,0.450,-0.005,0.000,0.000,0.000,0.792,1.11,10.77567062,106.67088515,10.51,"10°46'32.41""N, 106°40'15.19""E",FIX,
14:04:10.822,1786172650.823,TRACKING,-0.378,0.400,-0.001,0.02,0.450,-0.005,0.000,0.000,0.000,0.875,1.12,10.77567062,106.67088556,10.51,"10°46'32.41""N, 106°40'15.19""E",FIX,
14:04:10.953,1786172650.953,TRACKING,-0.363,0.400,-0.001,0.02,0.450,-0.005,0.000,0.000,0.000,0.937,1.14,10.77567062,106.67088556,10.51,"10°46'32.41""N, 106°40'15.19""E",FIX,
14:04:11.048,1786172651.049,TRACKING,-0.347,0.400,-0.001,0.01,0.450,0.002,0.000,0.000,0.000,1.000,1.15,10.77567062,106.67088556,10.51,"10°46'32.41""N, 106°40'15.19""E",FIX,
14:04:11.160,1786172651.160,TRACKING,-0.332,0.400,-0.001,0.01,0.450,0.001,0.000,0.000,0.000,1.000,1.17,10.77567062,106.67088597,10.51,"10°46'32.41""N, 106°40'15.19""E",FIX,
14:04:11.296,1786172651.296,TRACKING,-0.317,0.400,-0.001,0.01,0.450,-0.007,0.000,0.000,0.000,1.000,1.18,10.77567062,106.67088597,10.51,"10°46'32.41""N, 106°40'15.19""E",FIX,
14:04:11.408,1786172651.409,TRACKING,-0.301,0.400,-0.001,0.01,0.450,0.000,0.000,0.000,0.000,1.000,1.20,10.77567062,106.67088597,10.51,"10°46'32.41""N, 106°40'15.19""E",FIX,
14:04:11.501,1786172651.501,TRACKING,-0.286,0.400,-0.001,0.01,0.450,0.000,0.000,0.000,0.000,1.000,1.21,10.77567062,106.67088638,10.51,"10°46'32.41""N, 106°40'15.19""E",FIX,
14:04:11.613,1786172651.614,TRACKING,-0.271,0.400,-0.001,0.01,0.450,-0.001,0.000,0.000,0.000,1.000,1.23,10.77567062,106.67088638,10.51,"10°46'32.41""N, 106°40'15.19""E",FIX,
14:04:11.735,1786172651.735,TRACKING,-0.255,0.400,-0.001,0.01,0.450,-0.002,0.000,0.000,0.000,1.000,1.24,10.77567062,106.67088638,10.51,"10°46'32.41""N, 106°40'15.19""E",FIX,
14:04:11.838,1786172651.838,TRACKING,-0.240,0.400,-0.001,0.01,0.450,-0.001,0.000,0.000,0.000,1.000,1.26,10.77567062,106.67088680,10.51,"10°46'32.41""N, 106°40'15.19""E",FIX,
14:04:11.945,1786172651.946,TRACKING,-0.225,0.400,-0.001,0.01,0.450,-0.002,0.000,0.000,0.000,1.000,1.28,10.77567062,106.67088680,10.51,"10°46'32.41""N, 106°40'15.19""E",FIX,
14:04:12.059,1786172652.059,TRACKING,-0.210,0.400,-0.001,0.01,0.450,-0.002,0.000,0.000,0.000,1.000,1.29,10.77567062,106.67088680,10.51,"10°46'32.41""N, 106°40'15.19""E",FIX,
14:04:12.171,1786172652.172,TRACKING,-0.202,0.400,-0.001,0.01,0.450,-0.002,0.000,0.000,0.000,1.000,1.30,10.77567062,106.67088721,10.51,"10°46'32.41""N, 106°40'15.19""E",FIX,
14:04:12.311,1786172652.311,TRACKING,-0.179,0.400,-0.002,0.01,0.450,-0.002,0.000,0.000,0.000,1.000,1.32,10.77567062,106.67088721,10.51,"10°46'32.41""N, 106°40'15.19""E",FIX,
14:04:12.409,1786172652.409,TRACKING,-0.164,0.400,-0.002,0.01,0.450,-0.002,0.000,0.000,0.000,1.000,1.34,10.77567062,106.67088721,10.51,"10°46'32.41""N, 106°40'15.19""E",FIX,
14:04:12.512,1786172652.512,TRACKING,-0.156,0.400,-0.002,0.01,0.450,-0.002,0.000,0.000,0.000,1.000,1.34,10.77567062,106.67088762,10.51,"10°46'32.41""N, 106°40'15.20""E",FIX,
14:04:12.626,1786172652.627,TRACKING,-0.133,0.400,-0.002,0.01,0.450,-0.002,0.000,0.000,0.000,1.000,1.37,10.77567062,106.67088762,10.51,"10°46'32.41""N, 106°40'15.20""E",FIX,
14:04:12.724,1786172652.724,TRACKING,-0.118,0.400,-0.002,0.01,0.450,-0.002,0.000,0.000,0.000,1.000,1.38,10.77567062,106.67088762,10.51,"10°46'32.41""N, 106°40'15.20""E",FIX,
14:04:12.820,1786172652.821,TRACKING,-0.110,0.400,-0.002,0.01,0.450,0.006,0.000,0.000,0.000,1.000,1.39,10.77567062,106.67088803,10.51,"10°46'32.41""N, 106°40'15.20""E",FIX,
14:04:12.943,1786172652.944,TRACKING,-0.095,0.400,-0.002,0.00,0.450,0.003,0.000,0.000,0.000,1.000,1.41,10.77567062,106.67088803,10.51,"10°46'32.41""N, 106°40'15.20""E",FIX,
14:04:13.047,1786172653.048,TRACKING,-0.072,0.400,-0.002,0.00,0.450,-0.002,0.000,0.000,0.000,1.000,1.43,10.77567062,106.67088803,10.51,"10°46'32.41""N, 106°40'15.20""E",FIX,
14:04:13.144,1786172653.145,TRACKING,-0.064,0.400,-0.002,0.00,0.450,0.003,0.000,0.000,0.000,1.000,1.44,10.77567062,106.67088844,10.51,"10°46'32.41""N, 106°40'15.20""E",FIX,
14:04:13.264,1786172653.264,TRACKING,-0.049,0.400,-0.002,0.00,0.450,0.001,0.000,0.000,0.000,0.604,1.45,10.77567062,106.67088844,10.51,"10°46'32.41""N, 106°40'15.20""E",FIX,
14:04:13.358,1786172653.358,TRACKING,-0.034,0.400,-0.002,0.00,0.450,0.001,0.000,0.000,0.000,0.542,1.47,10.77567062,106.67088844,10.51,"10°46'32.41""N, 106°40'15.20""E",FIX,
14:04:13.484,1786172653.484,TRACKING,-0.018,0.400,-0.001,0.00,0.450,0.000,0.000,0.000,0.000,0.604,1.48,10.77567062,106.67088885,10.51,"10°46'32.41""N, 106°40'15.20""E",FIX,
14:04:13.582,1786172653.582,TRACKING,-0.003,0.400,-0.001,0.00,0.450,0.000,0.000,0.000,0.000,0.667,1.50,10.77567062,106.67088885,10.51,"10°46'32.41""N, 106°40'15.20""E",FIX,
14:04:13.685,1786172653.686,TRACKING,0.012,0.400,-0.001,0.00,0.450,0.000,0.000,0.000,0.000,0.750,1.51,10.77567062,106.67088885,10.51,"10°46'32.41""N, 106°40'15.20""E",FIX,
14:04:13.803,1786172653.803,TRACKING,0.028,0.400,-0.001,0.00,0.450,0.000,0.000,0.000,0.000,0.833,1.53,10.77567062,106.67088926,10.51,"10°46'32.41""N, 106°40'15.20""E",FIX,
14:04:13.915,1786172653.916,TRACKING,0.043,0.400,-0.001,0.00,0.450,0.000,0.000,0.000,0.000,0.896,1.54,10.77567062,106.67088926,10.51,"10°46'32.41""N, 106°40'15.20""E",FIX,
14:04:14.035,1786172654.035,TRACKING,0.058,0.400,-0.001,0.00,0.450,0.000,0.000,0.000,0.000,0.979,1.56,10.77567062,106.67088926,10.51,"10°46'32.41""N, 106°40'15.20""E",FIX,
14:04:14.135,1786172654.136,TRACKING,0.066,0.400,-0.001,0.00,0.450,0.000,0.000,0.000,0.000,1.000,1.57,10.77567062,106.67088926,10.51,"10°46'32.41""N, 106°40'15.20""E",FIX,
14:04:14.261,1786172654.261,TRACKING,0.089,0.400,-0.001,0.00,0.450,0.000,0.000,0.000,0.000,1.000,1.59,10.77567062,106.67088968,10.51,"10°46'32.41""N, 106°40'15.20""E",FIX,
14:04:14.347,1786172654.348,TRACKING,0.096,0.400,-0.001,0.00,0.450,0.000,0.000,0.000,0.000,1.000,1.60,10.77567062,106.67088968,10.51,"10°46'32.41""N, 106°40'15.20""E",FIX,
14:04:14.464,1786172654.464,TRACKING,0.112,0.400,-0.001,-0.00,0.450,0.006,0.000,0.000,0.000,1.000,1.61,10.77567062,106.67089009,10.51,"10°46'32.41""N, 106°40'15.20""E",FIX,
14:04:14.555,1786172654.555,TRACKING,0.127,0.400,-0.001,-0.00,0.450,-0.002,0.000,0.000,0.000,1.000,1.63,10.77567062,106.67089009,10.51,"10°46'32.41""N, 106°40'15.20""E",FIX,
14:04:14.653,1786172654.654,TRACKING,0.142,0.400,-0.001,-0.00,0.450,-0.001,0.000,0.000,0.000,1.000,1.64,10.77567062,106.67089009,10.51,"10°46'32.41""N, 106°40'15.20""E",FIX,
14:04:14.736,1786172654.737,TRACKING,0.158,0.400,-0.001,-0.00,0.450,-0.001,0.000,0.000,0.000,1.000,1.66,10.77567062,106.67089009,10.51,"10°46'32.41""N, 106°40'15.20""E",FIX,
14:04:14.839,1786172654.840,TRACKING,0.173,0.400,-0.001,-0.00,0.450,0.006,0.000,0.000,0.000,1.000,1.67,10.77567061,106.67089050,10.51,"10°46'32.41""N, 106°40'15.21""E",FIX,
14:04:14.942,1786172654.943,TRACKING,0.188,0.400,-0.001,-0.01,0.450,0.005,0.000,0.000,0.000,1.000,1.69,10.77567061,106.67089050,10.51,"10°46'32.41""N, 106°40'15.21""E",FIX,
14:04:15.032,1786172655.032,TRACKING,0.204,0.400,-0.001,-0.00,0.450,-0.003,0.000,0.000,0.000,1.000,1.70,10.77567061,106.67089050,10.51,"10°46'32.41""N, 106°40'15.21""E",FIX,
14:04:15.112,1786172655.113,TRACKING,0.219,0.400,-0.001,-0.00,0.450,-0.003,0.000,0.000,0.000,1.000,1.72,10.77567061,106.67089091,10.51,"10°46'32.41""N, 106°40'15.21""E",FIX,
14:04:15.236,1786172655.237,TRACKING,0.234,0.400,-0.001,-0.00,0.450,-0.001,0.000,0.000,0.000,1.000,1.73,10.77567061,106.67089091,10.51,"10°46'32.41""N, 106°40'15.21""E",FIX,
14:04:15.321,1786172655.321,TRACKING,0.249,0.400,-0.001,-0.00,0.450,0.008,0.000,0.000,0.000,1.000,1.75,10.77567061,106.67089091,10.51,"10°46'32.41""N, 106°40'15.21""E",FIX,
14:04:15.432,1786172655.432,TRACKING,0.265,0.400,-0.001,-0.01,0.450,0.005,0.000,0.000,0.000,1.000,1.76,10.77567061,106.67089132,10.51,"10°46'32.41""N, 106°40'15.21""E",FIX,
14:04:15.530,1786172655.531,TRACKING,0.280,0.400,-0.001,-0.00,0.450,-0.003,0.000,0.000,0.000,1.000,1.78,10.77567061,106.67089132,10.51,"10°46'32.41""N, 106°40'15.21""E",FIX,
14:04:15.626,1786172655.627,TRACKING,0.295,0.400,-0.001,-0.00,0.450,-0.002,0.000,0.000,0.000,1.000,1.80,10.77567061,106.67089173,10.51,"10°46'32.41""N, 106°40'15.21""E",FIX,
14:04:15.698,1786172655.699,TRACKING,0.303,0.400,-0.001,-0.00,0.450,0.008,0.000,0.000,0.000,1.000,1.80,10.77567061,106.67089173,10.51,"10°46'32.41""N, 106°40'15.21""E",FIX,
14:04:15.806,1786172655.806,TRACKING,0.326,0.400,-0.001,-0.00,0.450,-0.002,0.000,0.000,0.000,1.000,1.83,10.77567061,106.67089173,10.51,"10°46'32.41""N, 106°40'15.21""E",FIX,
14:04:15.918,1786172655.919,TRACKING,0.341,0.400,-0.001,-0.00,0.450,-0.002,0.000,0.000,0.000,1.000,1.84,10.77567061,106.67089173,10.51,"10°46'32.41""N, 106°40'15.21""E",FIX,
14:04:16.017,1786172656.018,TRACKING,0.349,0.400,-0.001,-0.00,0.450,-0.001,0.000,0.000,0.000,1.000,1.85,10.77567061,106.67089214,10.51,"10°46'32.41""N, 106°40'15.21""E",FIX,
14:04:16.146,1786172656.147,TRACKING,0.364,0.400,-0.001,-0.00,0.450,-0.001,0.000,0.000,0.000,0.562,1.86,10.77567061,106.67089214,10.51,"10°46'32.41""N, 106°40'15.21""E",FIX,
14:04:16.255,1786172656.255,TRACKING,0.380,0.400,-0.001,-0.00,0.450,-0.000,0.000,0.000,0.000,0.625,1.88,10.77567061,106.67089214,10.51,"10°46'32.41""N, 106°40'15.21""E",FIX,
14:04:16.374,1786172656.375,TRACKING,0.395,0.399,-0.001,-0.00,0.450,-0.000,0.000,0.000,0.000,0.687,1.89,10.77567061,106.67089256,10.51,"10°46'32.41""N, 106°40'15.21""E",FIX,
14:04:16.463,1786172656.463,TRACKING,0.410,0.399,-0.001,-0.00,0.450,-0.000,0.000,0.000,0.000,0.771,1.91,10.77567061,106.67089256,10.51,"10°46'32.41""N, 106°40'15.21""E",FIX,
14:04:16.590,1786172656.590,TRACKING,0.425,0.399,-0.001,-0.00,0.450,-0.000,0.000,0.000,0.000,0.833,1.93,10.77567061,106.67089256,10.51,"10°46'32.41""N, 106°40'15.21""E",FIX,
14:04:16.696,1786172656.696,TRACKING,0.441,0.399,-0.001,-0.00,0.450,-0.000,0.000,0.000,0.000,0.917,1.94,10.77567061,106.67089297,10.51,"10°46'32.41""N, 106°40'15.21""E",FIX,
14:04:16.811,1786172656.811,TRACKING,0.456,0.399,-0.001,-0.00,0.450,-0.000,0.000,0.000,0.000,1.000,1.96,10.77567061,106.67089297,10.51,"10°46'32.41""N, 106°40'15.21""E",FIX,
14:04:16.927,1786172656.927,TRACKING,0.471,0.399,-0.001,-0.00,0.450,-0.000,0.000,0.000,0.000,1.000,1.97,10.77567061,106.67089297,10.51,"10°46'32.41""N, 106°40'15.21""E",FIX,
14:04:17.030,1786172657.030,TRACKING,0.487,0.399,-0.001,-0.00,0.450,-0.000,0.000,0.000,0.000,1.000,1.99,10.77567061,106.67089338,10.51,"10°46'32.41""N, 106°40'15.22""E",FIX,
14:04:17.142,1786172657.142,TRACKING,0.502,0.399,-0.001,-0.00,0.450,-0.000,0.000,0.000,0.000,1.000,2.00,10.77567061,106.67089338,10.51,"10°46'32.41""N, 106°40'15.22""E",FIX,
14:04:17.228,1786172657.228,TRACKING,0.517,0.399,-0.001,-0.00,0.450,-0.000,0.000,0.000,0.000,1.000,2.02,10.77567061,106.67089338,10.51,"10°46'32.41""N, 106°40'15.22""E",FIX,
14:04:17.340,1786172657.341,TRACKING,0.533,0.399,-0.001,-0.00,0.450,-0.000,0.000,0.000,0.000,1.000,2.03,10.77567061,106.67089379,10.51,"10°46'32.41""N, 106°40'15.22""E",FIX,
14:04:17.421,1786172657.421,TRACKING,0.540,0.399,-0.001,-0.00,0.450,-0.000,0.000,0.000,0.000,1.000,2.04,10.77567061,106.67089379,10.51,"10°46'32.41""N, 106°40'15.22""E",FIX,
14:04:17.561,1786172657.562,TRACKING,0.563,0.399,-0.001,-0.00,0.450,-0.000,0.000,0.000,0.000,1.000,2.06,10.77567061,106.67089379,10.51,"10°46'32.41""N, 106°40'15.22""E",FIX,
14:04:17.660,1786172657.660,TRACKING,0.578,0.399,-0.001,-0.00,0.450,-0.000,0.000,0.000,0.000,1.000,2.08,10.77567061,106.67089420,10.51,"10°46'32.41""N, 106°40'15.22""E",FIX,
14:04:17.767,1786172657.768,TRACKING,0.594,0.399,-0.001,-0.00,0.450,-0.000,0.000,0.000,0.000,1.000,2.09,10.77567061,106.67089420,10.51,"10°46'32.41""N, 106°40'15.22""E",FIX,
14:04:17.871,1786172657.872,TRACKING,0.609,0.399,-0.001,-0.00,0.450,-0.000,0.000,0.000,0.000,1.000,2.11,10.77567061,106.67089420,10.51,"10°46'32.41""N, 106°40'15.22""E",FIX,
14:04:17.954,1786172657.955,TRACKING,0.617,0.399,-0.001,-0.00,0.450,-0.000,0.000,0.000,0.000,1.000,2.12,10.77567061,106.67089461,10.51,"10°46'32.41""N, 106°40'15.22""E",FIX,
14:04:18.029,1786172658.030,TRACKING,0.632,0.399,-0.001,-0.00,0.450,-0.000,0.000,0.000,0.000,1.000,2.13,10.77567061,106.67089461,10.51,"10°46'32.41""N, 106°40'15.22""E",FIX,
14:04:18.124,1786172658.124,TRACKING,0.647,0.399,-0.001,-0.00,0.450,-0.000,0.000,0.000,0.000,1.000,2.15,10.77567061,106.67089461,10.51,"10°46'32.41""N, 106°40'15.22""E",FIX,
14:04:18.244,1786172658.245,TRACKING,0.663,0.399,-0.001,-0.00,0.450,-0.000,0.000,0.000,0.000,1.000,2.16,10.77567061,106.67089502,10.51,"10°46'32.41""N, 106°40'15.22""E",FIX,
14:04:18.396,1786172658.396,TRACKING,0.678,0.399,-0.001,-0.00,0.450,-0.000,0.000,0.000,0.000,1.000,2.18,10.77567061,106.67089502,10.51,"10°46'32.41""N, 106°40'15.22""E",FIX,
14:04:18.499,1786172658.499,TRACKING,0.693,0.399,-0.001,-0.00,0.450,-0.000,0.000,0.000,0.000,1.000,2.19,10.77567061,106.67089502,10.51,"10°46'32.41""N, 106°40'15.22""E",FIX,
14:04:18.601,1786172658.602,TRACKING,0.708,0.399,-0.001,-0.00,0.450,-0.000,0.000,0.000,0.000,1.000,2.21,10.77567061,106.67089544,10.51,"10°46'32.41""N, 106°40'15.22""E",FIX,
14:04:18.709,1786172658.709,TRACKING,0.724,0.399,-0.001,-0.00,0.450,-0.000,0.000,0.000,0.000,1.000,2.22,10.77567061,106.67089544,10.51,"10°46'32.41""N, 106°40'15.22""E",FIX,
14:04:18.811,1786172658.811,TRACKING,0.739,0.399,-0.001,-0.00,0.450,-0.000,0.000,0.000,0.000,1.000,2.24,10.77567061,106.67089544,10.51,"10°46'32.41""N, 106°40'15.22""E",FIX,
14:04:18.922,1786172658.923,TRACKING,0.754,0.399,-0.001,-0.00,0.450,-0.000,0.000,0.000,0.000,1.000,2.25,10.77567061,106.67089585,10.51,"10°46'32.41""N, 106°40'15.23""E",FIX,
14:04:19.021,1786172659.021,TRACKING,0.770,0.399,-0.001,-0.00,0.450,-0.000,0.000,0.000,0.000,0.583,2.27,10.77567061,106.67089585,10.51,"10°46'32.41""N, 106°40'15.23""E",FIX,
14:04:19.130,1786172659.130,TRACKING,0.785,0.399,-0.001,-0.00,0.450,-0.000,0.000,0.000,0.000,0.646,2.28,10.77567061,106.67089585,10.51,"10°46'32.41""N, 106°40'15.23""E",FIX,
14:04:19.250,1786172659.251,TRACKING,0.800,0.399,-0.001,-0.00,0.450,-0.000,0.000,0.000,0.000,0.729,2.30,10.77567061,106.67089626,10.51,"10°46'32.41""N, 106°40'15.23""E",FIX,
14:04:19.330,1786172659.331,TRACKING,0.808,0.399,-0.001,-0.00,0.450,-0.000,0.000,0.000,0.000,0.792,2.31,10.77567061,106.67089626,10.51,"10°46'32.41""N, 106°40'15.23""E",FIX,
14:04:19.444,1786172659.444,TRACKING,0.831,0.399,-0.001,-0.00,0.450,-0.000,0.000,0.000,0.000,0.854,2.33,10.77567061,106.67089626,10.51,"10°46'32.41""N, 106°40'15.23""E",FIX,
14:04:19.537,1786172659.538,TRACKING,0.839,0.399,-0.001,-0.00,0.450,-0.000,0.000,0.000,0.000,0.937,2.34,10.77567061,106.67089667,10.51,"10°46'32.41""N, 106°40'15.23""E",FIX,
14:04:19.648,1786172659.648,TRACKING,0.861,0.399,-0.001,-0.00,0.450,-0.000,0.000,0.000,0.000,1.000,2.36,10.77567061,106.67089667,10.51,"10°46'32.41""N, 106°40'15.23""E",FIX,
14:04:19.749,1786172659.749,TRACKING,0.877,0.399,-0.001,-0.00,0.450,-0.000,0.000,0.000,0.000,1.000,2.38,10.77567061,106.67089667,10.51,"10°46'32.41""N, 106°40'15.23""E",FIX,
14:04:19.836,1786172659.836,TRACKING,0.884,0.399,-0.001,-0.00,0.450,-0.000,0.000,0.000,0.000,1.000,2.38,10.77567061,106.67089708,10.51,"10°46'32.41""N, 106°40'15.23""E",FIX,
14:04:19.932,1786172659.932,TRACKING,0.900,0.399,-0.001,-0.00,0.450,-0.000,0.000,0.000,0.000,1.000,2.40,10.77567061,106.67089708,10.51,"10°46'32.41""N, 106°40'15.23""E",FIX,
14:04:20.036,1786172660.037,TRACKING,0.915,0.399,-0.001,-0.00,0.450,-0.000,0.000,0.000,0.000,1.000,2.42,10.77567061,106.67089708,10.51,"10°46'32.41""N, 106°40'15.23""E",FIX,
14:04:20.137,1786172660.138,TRACKING,0.930,0.399,-0.001,-0.00,0.450,-0.000,0.000,0.000,0.000,1.000,2.43,10.77567061,106.67089749,10.51,"10°46'32.41""N, 106°40'15.23""E",FIX,
14:04:20.243,1786172660.244,TRACKING,0.946,0.399,-0.001,-0.00,0.450,-0.000,0.000,0.000,0.000,1.000,2.45,10.77567061,106.67089749,10.51,"10°46'32.41""N, 106°40'15.23""E",FIX,
14:04:20.347,1786172660.348,TRACKING,0.961,0.399,-0.001,-0.00,0.450,-0.000,0.000,0.000,0.000,1.000,2.46,10.77567061,106.67089749,10.51,"10°46'32.41""N, 106°40'15.23""E",FIX,
14:04:20.465,1786172660.465,TRACKING,0.976,0.399,-0.001,-0.00,0.450,-0.000,0.000,0.000,0.000,1.000,2.48,10.77567061,106.67089791,10.51,"10°46'32.41""N, 106°40'15.23""E",FIX,
14:04:20.563,1786172660.563,TRACKING,0.992,0.399,-0.001,-0.00,0.450,-0.000,0.000,0.000,0.000,1.000,2.49,10.77567061,106.67089791,10.51,"10°46'32.41""N, 106°40'15.23""E",FIX,
14:04:20.674,1786172660.674,TRACKING,1.007,0.399,-0.001,-0.00,0.450,-0.000,0.000,0.000,0.000,1.000,2.51,10.77567061,106.67089791,10.51,"10°46'32.41""N, 106°40'15.23""E",FIX,
14:04:20.801,1786172660.801,TRACKING,1.022,0.399,-0.001,-0.00,0.450,-0.000,0.000,0.000,0.000,1.000,2.52,10.77567061,106.67089832,10.51,"10°46'32.41""N, 106°40'15.23""E",FIX,
14:04:20.892,1786172660.892,TRACKING,1.037,0.399,-0.001,-0.00,0.450,-0.000,0.000,0.000,0.000,1.000,2.54,10.77567061,106.67089832,10.51,"10°46'32.41""N, 106°40'15.23""E",FIX,
14:04:20.968,1786172660.968,TRACKING,1.053,0.399,-0.001,-0.00,0.450,-0.000,0.000,0.000,0.000,1.000,2.55,10.77567061,106.67089832,10.51,"10°46'32.41""N, 106°40'15.23""E",FIX,
14:04:21.073,1786172661.074,TRACKING,1.068,0.399,-0.001,-0.00,0.450,-0.000,0.000,0.000,0.000,1.000,2.57,10.77567061,106.67089873,10.51,"10°46'32.41""N, 106°40'15.24""E",FIX,
14:04:21.157,1786172661.157,TRACKING,1.083,0.399,-0.001,-0.00,0.450,-0.000,0.000,0.000,0.000,1.000,2.58,10.77567061,106.67089873,10.51,"10°46'32.41""N, 106°40'15.24""E",FIX,
14:04:21.256,1786172661.256,TRACKING,1.091,0.399,-0.001,-0.00,0.450,-0.000,0.000,0.000,0.000,1.000,2.59,10.77567061,106.67089873,10.51,"10°46'32.41""N, 106°40'15.24""E",FIX,
14:04:21.343,1786172661.343,TRACKING,1.106,0.399,-0.001,-0.00,0.450,-0.000,0.000,0.000,0.000,1.000,2.61,10.77567061,106.67089914,10.51,"10°46'32.41""N, 106°40'15.24""E",FIX,
14:04:21.447,1786172661.447,TRACKING,1.122,0.399,-0.001,-0.00,0.450,-0.000,0.000,0.000,0.000,1.000,2.62,10.77567061,106.67089914,10.51,"10°46'32.41""N, 106°40'15.24""E",FIX,
14:04:21.538,1786172661.538,TRACKING,1.137,0.399,-0.001,-0.00,0.450,0.008,0.000,0.000,0.000,1.000,2.64,10.77567061,106.67089914,10.51,"10°46'32.41""N, 106°40'15.24""E",FIX,
14:04:21.640,1786172661.641,TRACKING,1.152,0.399,-0.001,-0.01,0.450,0.021,0.000,0.000,0.000,0.917,2.65,10.77567061,106.67089955,10.51,"10°46'32.41""N, 106°40'15.24""E",FIX,
14:04:21.742,1786172661.743,TRACKING,1.167,0.399,-0.000,-0.02,0.450,0.014,0.000,0.000,0.000,0.583,2.67,10.77567061,106.67089955,10.51,"10°46'32.41""N, 106°40'15.24""E",FIX,
14:04:21.860,1786172661.860,TRACKING,1.183,0.399,0.000,-0.02,0.450,0.013,0.000,0.000,0.000,0.646,2.68,10.77567061,106.67089955,10.51,"10°46'32.41""N, 106°40'15.24""E",FIX,
14:04:21.936,1786172661.937,TRACKING,1.198,0.399,0.001,-0.02,0.450,0.003,0.000,0.000,0.000,0.708,2.70,10.77567060,106.67089996,10.51,"10°46'32.41""N, 106°40'15.24""E",FIX,
14:04:22.033,1786172662.034,TRACKING,1.213,0.398,0.001,-0.02,0.450,0.004,0.000,0.000,0.000,0.771,2.71,10.77567060,106.67089996,10.51,"10°46'32.41""N, 106°40'15.24""E",FIX,
14:04:22.129,1786172662.130,TRACKING,1.229,0.398,0.001,-0.02,0.450,0.004,0.000,0.000,0.000,0.833,2.73,10.77567060,106.67089996,10.51,"10°46'32.41""N, 106°40'15.24""E",FIX,
14:04:22.232,1786172662.232,TRACKING,1.244,0.398,0.001,-0.02,0.450,0.004,0.000,0.000,0.000,0.917,2.74,10.77567060,106.67090037,10.51,"10°46'32.41""N, 106°40'15.24""E",FIX,
14:04:22.325,1786172662.325,TRACKING,1.259,0.398,0.001,-0.02,0.450,0.005,0.000,0.000,0.000,1.000,2.76,10.77567060,106.67090037,10.51,"10°46'32.41""N, 106°40'15.24""E",FIX,
14:04:22.415,1786172662.415,TRACKING,1.275,0.398,0.001,-0.02,0.450,0.005,0.000,0.000,0.000,1.000,2.77,10.77567060,106.67090037,10.51,"10°46'32.41""N, 106°40'15.24""E",FIX,
14:04:22.498,1786172662.498,TRACKING,1.282,0.398,0.002,-0.02,0.450,0.005,0.000,0.000,0.000,1.000,2.78,10.77567060,106.67090079,10.51,"10°46'32.41""N, 106°40'15.24""E",FIX,
14:04:22.611,1786172662.612,TRACKING,1.305,0.398,0.002,-0.02,0.450,0.005,0.000,0.000,0.000,1.000,2.81,10.77567060,106.67090079,10.51,"10°46'32.41""N, 106°40'15.24""E",FIX,
14:04:22.701,1786172662.702,TRACKING,1.320,0.398,0.002,-0.02,0.450,0.005,0.000,0.000,0.000,1.000,2.82,10.77567060,106.67090079,10.51,"10°46'32.41""N, 106°40'15.24""E",FIX,
14:04:22.814,1786172662.815,TRACKING,1.336,0.398,0.002,-0.02,0.450,0.005,0.000,0.000,0.000,1.000,2.84,10.77567060,106.67090120,10.51,"10°46'32.41""N, 106°40'15.24""E",FIX,
14:04:22.913,1786172662.914,TRACKING,1.351,0.398,0.002,-0.02,0.450,0.005,0.000,0.000,0.000,1.000,2.85,10.77567060,106.67090120,10.51,"10°46'32.41""N, 106°40'15.24""E",FIX,
14:04:22.991,1786172662.992,TRACKING,1.359,0.398,0.002,-0.02,0.450,-0.004,0.000,0.000,0.000,1.000,2.86,10.77567060,106.67090120,10.51,"10°46'32.41""N, 106°40'15.24""E",FIX,
14:04:23.092,1786172663.093,TRACKING,1.374,0.398,0.002,-0.01,0.450,-0.000,0.000,0.000,0.000,1.000,2.87,10.77567060,106.67090161,10.51,"10°46'32.41""N, 106°40'15.25""E",FIX,
14:04:23.182,1786172663.182,TRACKING,1.389,0.399,0.002,-0.01,0.450,0.000,0.000,0.000,0.000,1.000,2.89,10.77567060,106.67090161,10.51,"10°46'32.41""N, 106°40'15.25""E",FIX,
14:04:23.280,1786172663.281,TRACKING,1.405,0.399,0.002,-0.01,0.450,0.008,0.000,0.000,0.000,1.000,2.90,10.77567060,106.67090161,10.51,"10°46'32.41""N, 106°40'15.25""E",FIX,
14:04:23.383,1786172663.384,TRACKING,1.420,0.399,0.002,-0.02,0.450,0.007,0.000,0.000,0.000,1.000,2.92,10.77567060,106.67090161,10.51,"10°46'32.41""N, 106°40'15.25""E",FIX,
14:04:23.489,1786172663.490,TRACKING,1.435,0.399,0.003,-0.02,0.450,0.006,0.000,0.000,0.000,1.000,2.94,10.77567060,106.67090202,10.51,"10°46'32.41""N, 106°40'15.25""E",FIX,
14:04:23.603,1786172663.603,TRACKING,1.451,0.399,0.003,-0.01,0.450,-0.002,0.000,0.000,0.000,1.000,2.95,10.77567060,106.67090202,10.51,"10°46'32.41""N, 106°40'15.25""E",FIX,
14:04:23.714,1786172663.714,TRACKING,1.466,0.399,0.003,-0.01,0.450,0.000,0.000,0.000,0.000,1.000,2.97,10.77567060,106.67090202,10.51,"10°46'32.41""N, 106°40'15.25""E",FIX,
14:04:23.852,1786172663.852,TRACKING,1.481,0.399,0.003,-0.01,0.450,0.001,0.000,0.000,0.000,1.000,2.98,10.77567060,106.67090243,10.51,"10°46'32.41""N, 106°40'15.25""E",FIX,
14:04:23.945,1786172663.945,TRACKING,1.496,0.399,0.003,-0.01,0.450,0.001,0.000,0.000,0.000,1.000,3.00,10.77567060,106.67090243,10.51,"10°46'32.41""N, 106°40'15.25""E",FIX,
14:04:24.054,1786172664.054,TRACKING,1.512,0.399,0.003,-0.01,0.450,0.002,0.000,0.000,0.000,1.000,3.01,10.77567060,106.67090284,10.51,"10°46'32.41""N, 106°40'15.25""E",FIX,
14:04:24.149,1786172664.149,TRACKING,1.527,0.399,0.003,-0.01,0.450,0.002,0.000,0.000,0.000,1.000,3.03,10.77567060,106.67090284,10.51,"10°46'32.41""N, 106°40'15.25""E",FIX,
14:04:24.252,1786172664.252,TRACKING,1.542,0.399,0.003,-0.01,0.450,0.002,0.000,0.000,0.000,1.000,3.04,10.77567060,106.67090284,10.51,"10°46'32.41""N, 106°40'15.25""E",FIX,
14:04:24.342,1786172664.343,TRACKING,1.558,0.399,0.003,-0.00,0.450,-0.014,0.000,0.000,0.000,1.000,3.06,10.77567060,106.67090284,10.51,"10°46'32.41""N, 106°40'15.25""E",FIX,
14:04:24.459,1786172664.459,TRACKING,1.573,0.399,0.003,0.00,0.450,-0.008,0.000,0.000,0.000,0.583,3.07,10.77567061,106.67090325,10.51,"10°46'32.41""N, 106°40'15.25""E",FIX,
14:04:24.549,1786172664.549,TRACKING,1.588,0.399,0.002,0.00,0.450,-0.007,0.000,0.000,0.000,0.667,3.09,10.77567061,106.67090325,10.51,"10°46'32.41""N, 106°40'15.25""E",FIX,
14:04:24.646,1786172664.646,TRACKING,1.603,0.399,0.002,0.01,0.450,-0.005,0.000,0.000,0.000,0.729,3.10,10.77567061,106.67090367,10.51,"10°46'32.41""N, 106°40'15.25""E",FIX,
14:04:24.740,1786172664.741,TRACKING,1.619,0.399,0.002,0.01,0.450,-0.004,0.000,0.000,0.000,0.792,3.12,10.77567061,106.67090367,10.51,"10°46'32.41""N, 106°40'15.25""E",FIX,
14:04:24.834,1786172664.834,TRACKING,1.626,0.399,0.002,0.01,0.450,-0.004,0.000,0.000,0.000,0.875,3.13,10.77567061,106.67090367,10.51,"10°46'32.41""N, 106°40'15.25""E",FIX,
14:04:24.923,1786172664.924,TRACKING,1.642,0.399,0.002,0.01,0.450,-0.003,0.000,0.000,0.000,0.958,3.14,10.77567061,106.67090367,10.51,"10°46'32.41""N, 106°40'15.25""E",FIX,
14:04:25.060,1786172665.061,TRACKING,1.665,0.399,0.002,0.01,0.450,-0.003,0.000,0.000,0.000,1.000,3.16,10.77567061,106.67090408,10.51,"10°46'32.41""N, 106°40'15.25""E",FIX,
14:04:25.142,1786172665.142,TRACKING,1.672,0.399,0.002,0.01,0.450,-0.003,0.000,0.000,0.000,1.000,3.17,10.77567061,106.67090408,10.51,"10°46'32.41""N, 106°40'15.25""E",FIX,
14:04:25.251,1786172665.252,TRACKING,1.688,0.399,0.002,0.01,0.450,-0.003,0.000,0.000,0.000,1.000,3.19,10.77567061,106.67090408,10.51,"10°46'32.41""N, 106°40'15.25""E",FIX,
14:04:25.341,1786172665.341,TRACKING,1.703,0.399,0.002,0.01,0.450,-0.003,0.000,0.000,0.000,1.000,3.20,10.77567061,106.67090449,10.51,"10°46'32.41""N, 106°40'15.26""E",FIX,
14:04:25.449,1786172665.449,TRACKING,1.718,0.399,0.001,0.01,0.450,-0.003,0.000,0.000,0.000,1.000,3.22,10.77567061,106.67090449,10.51,"10°46'32.41""N, 106°40'15.26""E",FIX,
14:04:25.544,1786172665.545,TRACKING,1.734,0.400,0.001,0.01,0.450,0.004,0.000,0.000,0.000,1.000,3.23,10.77567061,106.67090449,10.51,"10°46'32.41""N, 106°40'15.26""E",FIX,
14:04:25.645,1786172665.645,TRACKING,1.749,0.400,0.001,0.01,0.450,-0.004,0.000,0.000,0.000,1.000,3.25,10.77567061,106.67090490,10.51,"10°46'32.41""N, 106°40'15.26""E",FIX,
14:04:25.728,1786172665.728,TRACKING,1.764,0.400,0.001,0.01,0.450,-0.004,0.000,0.000,0.000,1.000,3.26,10.77567061,106.67090490,10.51,"10°46'32.41""N, 106°40'15.26""E",FIX,
14:04:25.822,1786172665.822,TRACKING,1.779,0.400,0.001,0.01,0.450,0.000,0.000,0.000,0.000,1.000,3.28,10.77567061,106.67090490,10.51,"10°46'32.41""N, 106°40'15.26""E",FIX,
14:04:25.909,1786172665.909,TRACKING,1.795,0.400,0.001,0.01,0.450,-0.004,0.000,0.000,0.000,1.000,3.29,10.77567061,106.67090531,10.51,"10°46'32.41""N, 106°40'15.26""E",FIX,
14:04:25.999,1786172666.000,TRACKING,1.810,0.400,0.001,0.00,0.450,0.005,0.000,0.000,0.000,1.000,3.31,10.77567061,106.67090531,10.51,"10°46'32.41""N, 106°40'15.26""E",FIX,
14:04:26.099,1786172666.100,TRACKING,1.825,0.400,0.001,0.01,0.450,-0.004,0.000,0.000,0.000,1.000,3.33,10.77567061,106.67090531,10.51,"10°46'32.41""N, 106°40'15.26""E",FIX,
14:04:26.200,1786172666.201,TRACKING,1.841,0.400,0.001,0.01,0.450,-0.004,0.000,0.000,0.000,1.000,3.34,10.77567061,106.67090572,10.51,"10°46'32.41""N, 106°40'15.26""E",FIX,
14:04:26.317,1786172666.317,TRACKING,1.848,0.400,0.001,0.01,0.450,-0.004,0.000,0.000,0.000,1.000,3.35,10.77567061,106.67090572,10.51,"10°46'32.41""N, 106°40'15.26""E",FIX,
14:04:26.439,1786172666.440,TRACKING,1.871,0.400,0.001,0.01,0.450,-0.003,0.000,0.000,0.000,1.000,3.37,10.77567061,106.67090572,10.51,"10°46'32.41""N, 106°40'15.26""E",FIX,
14:04:26.497,1786172666.497,TRACKING,1.879,0.400,0.001,0.01,0.450,-0.003,0.000,0.000,0.000,1.000,3.38,10.77567061,106.67090613,10.51,"10°46'32.41""N, 106°40'15.26""E",FIX,
14:04:26.597,1786172666.598,TRACKING,1.894,0.400,0.001,0.01,0.450,-0.003,0.000,0.000,0.000,1.000,3.39,10.77567061,106.67090613,10.51,"10°46'32.41""N, 106°40'15.26""E",FIX,
14:04:26.701,1786172666.702,TRACKING,1.909,0.400,0.001,0.01,0.450,-0.003,0.000,0.000,0.000,1.000,3.41,10.77567061,106.67090613,10.51,"10°46'32.41""N, 106°40'15.26""E",FIX,
14:04:26.780,1786172666.781,TRACKING,1.925,0.400,0.001,0.01,0.450,-0.003,0.000,0.000,0.000,1.000,3.42,10.77567061,106.67090655,10.51,"10°46'32.41""N, 106°40'15.26""E",FIX,
14:04:26.860,1786172666.860,TRACKING,1.940,0.400,0.001,0.01,0.450,-0.003,0.000,0.000,0.000,1.000,3.44,10.77567061,106.67090655,10.51,"10°46'32.41""N, 106°40'15.26""E",FIX,
14:04:26.956,1786172666.956,TRACKING,1.955,0.400,0.000,0.01,0.450,-0.002,0.000,0.000,0.000,0.687,3.46,10.77567061,106.67090655,10.51,"10°46'32.41""N, 106°40'15.26""E",FIX,
14:04:27.061,1786172667.062,TRACKING,1.971,0.400,0.000,0.01,0.450,-0.002,0.000,0.000,0.000,0.583,3.47,10.77567062,106.67090696,10.51,"10°46'32.41""N, 106°40'15.27""E",FIX,
14:04:27.179,1786172667.180,TRACKING,1.986,0.400,0.000,0.01,0.450,-0.002,0.000,0.000,0.000,0.667,3.49,10.77567062,106.67090696,10.51,"10°46'32.41""N, 106°40'15.27""E",FIX,
14:04:27.276,1786172667.277,TRACKING,2.001,0.400,0.000,0.01,0.450,-0.002,0.000,0.000,0.000,0.729,3.50,10.77567062,106.67090696,10.51,"10°46'32.41""N, 106°40'15.27""E",FIX,
14:04:27.381,1786172667.382,TRACKING,2.017,0.400,0.000,0.01,0.450,-0.002,0.000,0.000,0.000,0.812,3.52,10.77567062,106.67090737,10.51,"10°46'32.41""N, 106°40'15.27""E",FIX,
14:04:27.473,1786172667.474,TRACKING,2.032,0.400,0.000,0.01,0.450,-0.002,0.000,0.000,0.000,0.875,3.53,10.77567062,106.67090737,10.51,"10°46'32.41""N, 106°40'15.27""E",FIX,
14:04:27.573,1786172667.574,TRACKING,2.047,0.400,-0.000,0.01,0.450,-0.002,0.000,0.000,0.000,0.958,3.55,10.77567062,106.67090737,10.51,"10°46'32.41""N, 106°40'15.27""E",FIX,
14:04:27.681,1786172667.681,TRACKING,2.062,0.400,-0.000,0.01,0.450,-0.002,0.000,0.000,0.000,1.000,3.56,10.77567062,106.67090778,10.51,"10°46'32.41""N, 106°40'15.27""E",FIX,
14:04:27.773,1786172667.773,TRACKING,2.078,0.400,-0.000,0.01,0.450,-0.002,0.000,0.000,0.000,1.000,3.58,10.77567062,106.67090778,10.51,"10°46'32.41""N, 106°40'15.27""E",FIX,
14:04:27.848,1786172667.849,TRACKING,2.085,0.400,-0.000,0.01,0.450,-0.002,0.000,0.000,0.000,1.000,3.59,10.77567062,106.67090778,10.51,"10°46'32.41""N, 106°40'15.27""E",FIX,
14:04:27.946,1786172667.947,TRACKING,2.108,0.400,-0.000,0.01,0.450,-0.002,0.000,0.000,0.000,1.000,3.61,10.77567062,106.67090819,10.51,"10°46'32.41""N, 106°40'15.27""E",FIX,
14:04:28.014,1786172668.014,TRACKING,2.116,0.400,-0.000,0.01,0.450,-0.002,0.000,0.000,0.000,1.000,3.62,10.77567062,106.67090819,10.51,"10°46'32.41""N, 106°40'15.27""E",FIX,
14:04:28.120,1786172668.120,TRACKING,2.131,0.400,-0.000,0.01,0.450,0.004,0.000,0.000,0.000,1.000,3.63,10.77567062,106.67090819,10.51,"10°46'32.41""N, 106°40'15.27""E",FIX,
14:04:28.220,1786172668.221,TRACKING,2.147,0.400,-0.000,0.01,0.450,-0.004,0.000,0.000,0.000,1.000,3.65,10.77567062,106.67090860,10.51,"10°46'32.41""N, 106°40'15.27""E",FIX,
14:04:28.334,1786172668.334,TRACKING,2.162,0.400,-0.000,0.01,0.450,-0.003,0.000,0.000,0.000,1.000,3.66,10.77567062,106.67090860,10.51,"10°46'32.41""N, 106°40'15.27""E",FIX,
14:04:28.435,1786172668.436,TRACKING,2.177,0.400,-0.001,0.01,0.450,-0.003,0.000,0.000,0.000,1.000,3.68,10.77567062,106.67090860,10.51,"10°46'32.41""N, 106°40'15.27""E",FIX,
14:04:28.531,1786172668.532,TRACKING,2.193,0.400,-0.001,0.01,0.450,-0.003,0.000,0.000,0.000,1.000,3.69,10.77567062,106.67090901,10.51,"10°46'32.41""N, 106°40'15.27""E",FIX,
14:04:28.632,1786172668.632,TRACKING,2.208,0.400,-0.001,0.01,0.450,-0.003,0.000,0.000,0.000,1.000,3.71,10.77567062,106.67090901,10.51,"10°46'32.41""N, 106°40'15.27""E",FIX,
14:04:28.734,1786172668.735,TRACKING,2.223,0.400,-0.001,0.01,0.450,-0.003,0.000,0.000,0.000,1.000,3.72,10.77567062,106.67090901,10.51,"10°46'32.41""N, 106°40'15.27""E",FIX,
14:04:28.836,1786172668.836,TRACKING,2.238,0.400,-0.001,0.01,0.450,0.005,0.000,0.000,0.000,1.000,3.74,10.77567062,106.67090943,10.51,"10°46'32.41""N, 106°40'15.27""E",FIX,
14:04:28.931,1786172668.931,TRACKING,2.254,0.400,-0.001,0.01,0.450,-0.004,0.000,0.000,0.000,1.000,3.75,10.77567062,106.67090943,10.51,"10°46'32.41""N, 106°40'15.27""E",FIX,
14:04:29.011,1786172669.012,TRACKING,2.269,0.400,-0.001,0.01,0.450,-0.004,0.000,0.000,0.000,1.000,3.77,10.77567062,106.67090943,10.51,"10°46'32.41""N, 106°40'15.27""E",FIX,
14:04:29.114,1786172669.115,TRACKING,2.284,0.400,-0.001,0.01,0.450,-0.003,0.000,0.000,0.000,1.000,3.78,10.77567062,106.67090984,10.51,"10°46'32.41""N, 106°40'15.28""E",FIX,
14:04:29.211,1786172669.212,TRACKING,2.300,0.400,-0.001,0.01,0.450,0.004,0.000,0.000,0.000,1.000,3.80,10.77567062,106.67090984,10.51,"10°46'32.41""N, 106°40'15.28""E",FIX,
14:04:29.303,1786172669.303,TRACKING,2.307,0.400,-0.001,0.00,0.450,0.004,0.000,0.000,0.000,1.000,3.81,10.77567062,106.67090984,10.51,"10°46'32.41""N, 106°40'15.28""E",FIX,
14:04:29.409,1786172669.410,TRACKING,2.330,0.400,-0.001,0.01,0.450,-0.005,0.000,0.000,0.000,1.000,3.83,10.77567062,106.67091025,10.51,"10°46'32.41""N, 106°40'15.28""E",FIX,
14:04:29.507,1786172669.507,TRACKING,2.346,0.400,-0.001,-0.01,0.450,0.039,0.000,0.000,0.000,1.000,3.85,10.77567062,106.67091025,10.51,"10°46'32.41""N, 106°40'15.28""E",FIX,
14:04:29.614,1786172669.615,TRACKING,2.361,0.400,-0.000,-0.02,0.450,0.028,0.000,0.000,0.000,0.500,3.86,10.77567062,106.67091025,10.51,"10°46'32.41""N, 106°40'15.28""E",FIX,
14:04:29.699,1786172669.699,TRACKING,2.368,0.400,0.000,-0.03,0.450,0.020,0.000,0.000,0.000,0.562,3.87,10.77567061,106.67091066,10.51,"10°46'32.41""N, 106°40'15.28""E",FIX,
14:04:29.799,1786172669.799,TRACKING,2.384,0.400,0.001,-0.03,0.450,0.014,0.000,0.000,0.000,0.646,3.88,10.77567061,106.67091066,10.51,"10°46'32.41""N, 106°40'15.28""E",FIX,
14:04:29.902,1786172669.903,TRACKING,2.399,0.400,0.002,-0.03,0.450,0.005,0.000,0.000,0.000,0.708,3.90,10.77567061,106.67091066,10.51,"10°46'32.41""N, 106°40'15.28""E",FIX,
14:04:29.995,1786172669.995,TRACKING,2.414,0.400,0.002,-0.03,0.450,0.006,0.000,0.000,0.000,0.771,3.91,10.77567061,106.67091107,10.51,"10°46'32.41""N, 106°40'15.28""E",FIX,
14:04:30.096,1786172670.096,TRACKING,2.430,0.400,0.002,-0.03,0.450,0.006,0.000,0.000,0.000,0.833,3.93,10.77567061,106.67091107,10.51,"10°46'32.41""N, 106°40'15.28""E",FIX,
14:04:30.169,1786172670.169,TRACKING,2.445,0.400,0.002,-0.03,0.450,0.007,0.000,0.000,0.000,0.917,3.95,10.77567061,106.67091107,10.51,"10°46'32.41""N, 106°40'15.28""E",FIX,
14:04:30.245,1786172670.245,TRACKING,2.460,0.400,0.003,-0.03,0.450,0.007,0.000,0.000,0.000,1.000,3.96,10.77567061,106.67091148,10.51,"10°46'32.41""N, 106°40'15.28""E",FIX,
14:04:30.325,1786172670.326,TRACKING,2.476,0.400,0.003,-0.03,0.450,0.007,0.000,0.000,0.000,1.000,3.98,10.77567061,106.67091148,10.51,"10°46'32.41""N, 106°40'15.28""E",FIX,
14:04:30.404,1786172670.404,TRACKING,2.491,0.400,0.003,-0.03,0.450,0.007,0.000,0.000,0.000,1.000,3.99,10.77567061,106.67091148,10.51,"10°46'32.41""N, 106°40'15.28""E",FIX,
14:04:30.479,1786172670.480,TRACKING,2.506,0.400,0.003,-0.03,0.450,0.007,0.000,0.000,0.000,1.000,4.01,10.77567061,106.67091189,10.51,"10°46'32.41""N, 106°40'15.28""E",FIX,
14:04:30.555,1786172670.555,TRACKING,2.521,0.400,0.003,-0.03,0.450,0.007,0.000,0.000,0.000,1.000,4.02,10.77567061,106.67091189,10.51,"10°46'32.41""N, 106°40'15.28""E",FIX,
14:04:30.628,1786172670.628,TRACKING,2.537,0.400,0.004,-0.03,0.450,0.007,0.000,0.000,0.000,1.000,4.04,10.77567061,106.67091189,10.51,"10°46'32.41""N, 106°40'15.28""E",FIX,
14:04:30.719,1786172670.719,TRACKING,2.552,0.400,0.004,-0.02,0.450,-0.000,0.000,0.000,0.000,1.000,4.05,10.77567061,106.67091231,10.51,"10°46'32.41""N, 106°40'15.28""E",FIX,
14:04:30.777,1786172670.778,TRACKING,2.560,0.400,0.004,-0.02,0.450,0.001,0.000,0.000,0.000,1.000,4.06,10.77567061,106.67091231,10.51,"10°46'32.41""N, 106°40'15.28""E",FIX,
14:04:30.868,1786172670.869,TRACKING,2.583,0.400,0.004,-0.02,0.450,0.003,0.000,0.000,0.000,1.000,4.08,10.77567061,106.67091231,10.51,"10°46'32.41""N, 106°40'15.28""E",FIX,
14:04:30.940,1786172670.940,TRACKING,2.590,0.400,0.004,-0.02,0.450,0.003,0.000,0.000,0.000,1.000,4.09,10.77567061,106.67091272,10.51,"10°46'32.41""N, 106°40'15.29""E",FIX,
14:04:31.026,1786172671.027,TRACKING,2.613,0.400,0.004,-0.02,0.450,0.004,0.000,0.000,0.000,1.000,4.11,10.77567061,106.67091272,10.51,"10°46'32.41""N, 106°40'15.29""E",FIX,
14:04:31.101,1786172671.101,TRACKING,2.629,0.400,0.004,-0.02,0.450,0.004,0.000,0.000,0.000,1.000,4.13,10.77567061,106.67091272,10.51,"10°46'32.41""N, 106°40'15.29""E",FIX,
14:04:31.172,1786172671.172,TRACKING,2.636,0.400,0.004,-0.02,0.450,0.014,0.000,0.000,0.000,1.000,4.14,10.77567061,106.67091313,10.51,"10°46'32.41""N, 106°40'15.29""E",FIX,
14:04:31.246,1786172671.246,TRACKING,2.652,0.400,0.005,-0.02,0.450,0.003,0.000,0.000,0.000,1.000,4.15,10.77567061,106.67091313,10.51,"10°46'32.41""N, 106°40'15.29""E",FIX,
14:04:31.332,1786172671.333,TRACKING,2.667,0.400,0.005,-0.02,0.450,0.004,0.000,0.000,0.000,1.000,4.17,10.77567061,106.67091313,10.51,"10°46'32.41""N, 106°40'15.29""E",FIX,
14:04:31.423,1786172671.424,TRACKING,2.682,0.400,0.005,-0.02,0.450,0.004,0.000,0.000,0.000,1.000,4.18,10.77567062,106.67091354,10.51,"10°46'32.41""N, 106°40'15.29""E",FIX,
14:04:31.492,1786172671.493,TRACKING,2.697,0.400,0.005,-0.02,0.450,0.004,0.000,0.000,0.000,1.000,4.20,10.77567062,106.67091354,10.51,"10°46'32.41""N, 106°40'15.29""E",FIX,
14:04:31.583,1786172671.584,TRACKING,2.713,0.400,0.005,-0.02,0.450,0.005,0.000,0.000,0.000,1.000,4.21,10.77567062,106.67091354,10.51,"10°46'32.41""N, 106°40'15.29""E",FIX,
14:04:31.663,1786172671.664,TRACKING,2.728,0.400,0.005,-0.02,0.450,0.013,0.000,0.000,0.000,1.000,4.23,10.77567062,106.67091395,10.51,"10°46'32.41""N, 106°40'15.29""E",FIX,
14:04:31.750,1786172671.751,TRACKING,2.743,0.400,0.006,-0.02,0.450,0.010,0.000,0.000,0.000,0.979,4.24,10.77567062,106.67091395,10.51,"10°46'32.41""N, 106°40'15.29""E",FIX,
14:04:31.818,1786172671.818,TRACKING,2.759,0.400,0.006,-0.02,0.450,-0.001,0.000,0.000,0.000,0.000,4.26,10.77567062,106.67091395,10.51,"10°46'32.41""N, 106°40'15.29""E",FIX,
14:04:31.907,1786172671.908,TRACKING,2.774,0.400,0.006,-0.02,0.450,0.001,0.000,0.000,0.000,0.000,4.27,10.77567062,106.67091436,10.51,"10°46'32.41""N, 106°40'15.29""E",FIX,
14:04:31.974,1786172671.974,TRACKING,2.782,0.400,0.006,-0.02,0.450,-0.000,0.000,0.000,0.000,0.000,4.28,10.77567062,106.67091436,10.51,"10°46'32.41""N, 106°40'15.29""E",FIX,
14:04:32.057,1786172672.057,TRACKING,2.805,0.400,0.006,-0.02,0.450,0.001,0.000,0.000,0.000,0.000,4.30,10.77567062,106.67091436,10.51,"10°46'32.41""N, 106°40'15.29""E",FIX,
14:04:32.148,1786172672.148,TRACKING,2.820,0.400,0.006,-0.01,0.450,0.001,0.000,0.000,0.000,0.000,4.32,10.77567062,106.67091477,10.51,"10°46'32.41""N, 106°40'15.29""E",FIX,
14:04:32.237,1786172672.237,TRACKING,2.835,0.401,0.006,-0.01,0.450,0.001,0.000,0.000,0.000,0.000,4.34,10.77567062,106.67091477,10.51,"10°46'32.41""N, 106°40'15.29""E",FIX,
14:04:32.319,1786172672.319,TRACKING,2.850,0.401,0.006,-0.01,0.450,0.000,0.000,0.000,0.000,0.000,4.35,10.77567062,106.67091477,10.51,"10°46'32.41""N, 106°40'15.29""E",FIX,
14:04:32.378,1786172672.379,TRACKING,2.858,0.401,0.006,-0.01,0.450,-0.000,0.000,0.000,0.000,0.000,4.36,10.77567062,106.67091477,10.51,"10°46'32.41""N, 106°40'15.29""E",FIX,
14:04:32.475,1786172672.475,TRACKING,2.881,0.401,0.006,-0.01,0.450,0.001,0.000,0.000,0.000,0.000,4.38,10.77567062,106.67091519,10.51,"10°46'32.41""N, 106°40'15.29""E",FIX,
14:04:32.542,1786172672.543,TRACKING,2.889,0.401,0.006,-0.01,0.450,0.000,0.000,0.000,0.000,0.000,4.39,10.77567062,106.67091519,10.51,"10°46'32.41""N, 106°40'15.29""E",FIX,
14:04:32.623,1786172672.623,TRACKING,2.904,0.401,0.006,-0.01,0.450,0.000,0.000,0.000,0.000,0.000,4.40,10.77567063,106.67091560,10.51,"10°46'32.41""N, 106°40'15.30""E",FIX,
14:04:32.687,1786172672.688,TRACKING,2.919,0.401,0.006,-0.01,0.450,0.000,0.000,0.000,0.000,0.000,4.42,10.77567063,106.67091560,10.51,"10°46'32.41""N, 106°40'15.30""E",FIX,
14:04:32.759,1786172672.760,TRACKING,2.935,0.401,0.006,-0.01,0.450,0.000,0.000,0.000,0.000,0.000,4.43,10.77567063,106.67091560,10.51,"10°46'32.41""N, 106°40'15.30""E",FIX,
14:04:32.835,1786172672.836,TRACKING,2.950,0.401,0.006,-0.01,0.450,0.000,0.000,0.000,0.000,0.000,4.45,10.77567063,106.67091601,10.51,"10°46'32.41""N, 106°40'15.30""E",FIX,
14:04:32.903,1786172672.904,TRACKING,2.965,0.401,0.006,-0.00,0.450,-0.000,0.000,0.000,0.000,0.000,4.47,10.77567063,106.67091601,10.51,"10°46'32.41""N, 106°40'15.30""E",FIX,
14:04:32.980,1786172672.981,TRACKING,2.980,0.401,0.006,-0.00,0.450,0.000,0.000,0.000,0.000,0.000,4.48,10.77567063,106.67091601,10.51,"10°46'32.41""N, 106°40'15.30""E",FIX,
14:04:33.057,1786172673.057,TRACKING,2.996,0.402,0.006,-0.00,0.450,0.000,0.000,0.000,0.000,0.000,4.50,10.77567063,106.67091642,10.51,"10°46'32.41""N, 106°40'15.30""E",FIX,
14:04:33.111,1786172673.112,TRACKING,3.003,0.402,0.006,-0.00,0.450,-0.000,0.000,0.000,0.000,0.000,4.50,10.77567063,106.67091642,10.51,"10°46'32.41""N, 106°40'15.30""E",FIX,
14:04:33.187,1786172673.187,TRACKING,3.019,0.402,0.006,-0.00,0.450,0.000,0.000,0.000,0.000,0.000,4.52,10.77567063,106.67091642,10.51,"10°46'32.41""N, 106°40'15.30""E",FIX,
14:04:33.269,1786172673.269,TRACKING,3.042,0.402,0.006,-0.00,0.450,0.000,0.000,0.000,0.000,0.000,4.54,10.77567063,106.67091683,10.51,"10°46'32.41""N, 106°40'15.30""E",FIX,
14:04:33.349,1786172673.350,TRACKING,3.057,0.402,0.006,-0.00,0.450,0.000,0.000,0.000,0.000,0.000,4.56,10.77567063,106.67091683,10.51,"10°46'32.41""N, 106°40'15.30""E",FIX,
14:04:33.414,1786172673.414,TRACKING,3.072,0.402,0.006,-0.00,0.450,0.000,0.000,0.000,0.000,0.000,4.57,10.77567063,106.67091683,10.51,"10°46'32.41""N, 106°40'15.30""E",FIX,
14:04:33.490,1786172673.490,TRACKING,3.088,0.402,0.006,-0.00,0.450,0.000,0.000,0.000,0.000,0.000,4.59,10.77567063,106.67091683,10.51,"10°46'32.41""N, 106°40'15.30""E",FIX,
14:04:33.550,1786172673.551,TRACKING,3.095,0.402,0.006,-0.00,0.450,-0.000,0.000,0.000,0.000,0.000,4.60,10.77567064,106.67091724,10.51,"10°46'32.41""N, 106°40'15.30""E",FIX,
14:04:33.631,1786172673.631,TRACKING,3.118,0.402,0.006,-0.00,0.450,0.000,0.000,0.000,0.000,0.000,4.62,10.77567064,106.67091724,10.51,"10°46'32.41""N, 106°40'15.30""E",FIX,
14:04:33.700,1786172673.701,TRACKING,3.126,0.402,0.006,-0.00,0.450,0.000,0.000,0.000,0.000,0.000,4.63,10.77567064,106.67091724,10.51,"10°46'32.41""N, 106°40'15.30""E",FIX,
14:04:33.762,1786172673.763,TRACKING,3.141,0.402,0.006,-0.00,0.450,-0.000,0.000,0.000,0.000,0.000,4.64,10.77567064,106.67091765,10.51,"10°46'32.41""N, 106°40'15.30""E",FIX,
14:04:33.841,1786172673.842,TRACKING,3.156,0.403,0.006,-0.00,0.450,0.000,0.000,0.000,0.000,0.000,4.66,10.77567064,106.67091765,10.51,"10°46'32.41""N, 106°40'15.30""E",FIX,
14:04:33.920,1786172673.920,TRACKING,3.172,0.403,0.006,-0.00,0.450,0.000,0.000,0.000,0.000,0.000,4.67,10.77567064,106.67091765,10.51,"10°46'32.41""N, 106°40'15.30""E",FIX,
14:04:33.987,1786172673.988,TRACKING,3.187,0.403,0.006,-0.00,0.450,0.000,0.000,0.000,0.000,0.000,4.69,10.77567064,106.67091807,10.51,"10°46'32.41""N, 106°40'15.31""E",FIX,
14:04:34.057,1786172674.057,TRACKING,3.202,0.403,0.006,-0.00,0.450,0.000,0.000,0.000,0.000,0.000,4.70,10.77567064,106.67091807,10.51,"10°46'32.41""N, 106°40'15.31""E",FIX,
14:04:34.135,1786172674.136,TRACKING,3.218,0.403,0.006,-0.00,0.450,0.000,0.000,0.000,0.000,0.000,4.72,10.77567064,106.67091807,10.51,"10°46'32.41""N, 106°40'15.31""E",FIX,
14:04:34.210,1786172674.210,TRACKING,3.233,0.403,0.006,-0.00,0.450,-0.000,0.000,0.000,0.000,0.000,4.73,10.77567064,106.67091848,10.51,"10°46'32.41""N, 106°40'15.31""E",FIX,
14:04:34.280,1786172674.280,TRACKING,3.248,0.403,0.006,-0.00,0.450,0.000,0.000,0.000,0.000,0.000,4.75,10.77567064,106.67091848,10.51,"10°46'32.41""N, 106°40'15.31""E",FIX,
14:04:34.351,1786172674.351,TRACKING,3.264,0.403,0.006,-0.00,0.450,0.000,0.000,0.000,0.000,0.000,4.76,10.77567064,106.67091848,10.51,"10°46'32.41""N, 106°40'15.31""E",FIX,
14:04:34.426,1786172674.427,TRACKING,3.279,0.403,0.006,-0.00,0.450,0.000,0.000,0.000,0.000,0.000,4.78,10.77567065,106.67091889,10.51,"10°46'32.41""N, 106°40'15.31""E",FIX,
14:04:34.500,1786172674.501,TRACKING,3.294,0.403,0.006,-0.00,0.450,0.000,0.000,0.000,0.000,0.000,4.79,10.77567065,106.67091889,10.51,"10°46'32.41""N, 106°40'15.31""E",FIX,
14:04:34.574,1786172674.574,TRACKING,3.309,0.404,0.006,-0.00,0.450,0.000,0.000,0.000,0.000,0.000,4.81,10.77567065,106.67091889,10.51,"10°46'32.41""N, 106°40'15.31""E",FIX,
14:04:34.643,1786172674.644,TRACKING,3.325,0.404,0.006,-0.00,0.450,0.000,0.000,0.000,0.000,0.000,4.82,10.77567065,106.67091930,10.51,"10°46'32.41""N, 106°40'15.31""E",FIX,
14:04:34.711,1786172674.712,TRACKING,3.332,0.404,0.006,-0.00,0.450,0.000,0.000,0.000,0.000,0.000,4.83,10.77567065,106.67091930,10.51,"10°46'32.41""N, 106°40'15.31""E",FIX,
14:04:34.793,1786172674.794,TRACKING,3.355,0.404,0.006,-0.00,0.450,0.000,0.000,0.000,0.000,0.000,4.86,10.77567065,106.67091930,10.51,"10°46'32.41""N, 106°40'15.31""E",FIX,
14:04:34.854,1786172674.854,TRACKING,3.363,0.404,0.006,-0.00,0.450,0.000,0.000,0.000,0.000,0.000,4.86,10.77567065,106.67091971,10.51,"10°46'32.41""N, 106°40'15.31""E",FIX,
14:04:34.925,1786172674.926,TRACKING,3.378,0.404,0.006,-0.00,0.450,-0.000,0.000,0.000,0.000,0.000,4.88,10.77567065,106.67091971,10.51,"10°46'32.41""N, 106°40'15.31""E",FIX,
14:04:34.999,1786172674.999,TRACKING,3.394,0.404,0.006,-0.00,0.450,0.000,0.000,0.000,0.000,0.000,4.89,10.77567065,106.67091971,10.51,"10°46'32.41""N, 106°40'15.31""E",FIX,
14:04:35.094,1786172675.095,TRACKING,3.417,0.404,0.006,-0.00,0.450,0.000,0.000,0.000,0.000,0.000,4.92,10.77567065,106.67092012,10.51,"10°46'32.41""N, 106°40'15.31""E",FIX,
14:04:35.151,1786172675.151,TRACKING,3.424,0.404,0.006,-0.00,0.450,-0.000,0.000,0.000,0.000,0.000,4.92,10.77567065,106.67092012,10.51,"10°46'32.41""N, 106°40'15.31""E",FIX,
14:04:35.238,1786172675.239,TRACKING,3.439,0.404,0.006,-0.00,0.450,0.000,0.000,0.000,0.000,0.000,4.94,10.77567065,106.67092012,10.51,"10°46'32.41""N, 106°40'15.31""E",FIX,
14:04:35.305,1786172675.306,TRACKING,3.455,0.404,0.006,-0.00,0.450,0.000,0.000,0.000,0.000,0.000,4.95,10.77567066,106.67092053,10.51,"10°46'32.41""N, 106°40'15.31""E",FIX,
14:04:35.384,1786172675.384,TRACKING,3.470,0.405,0.006,-0.00,0.450,0.000,0.000,0.000,0.000,0.000,4.97,10.77567066,106.67092053,10.51,"10°46'32.41""N, 106°40'15.31""E",FIX,
14:04:35.458,1786172675.458,TRACKING,3.485,0.405,0.006,-0.00,0.450,0.000,0.000,0.000,0.000,0.000,4.99,10.77567066,106.67092053,10.51,"10°46'32.41""N, 106°40'15.31""E",FIX,
14:04:47.863,1786172687.864,UTURN_PLANNING,6.017,0.421,0.006,0.00,0.000,0.000,0.000,0.000,0.000,0.000,0.00,10.77567080,106.67094399,10.51,"10°46'32.41""N, 106°40'15.40""E",FIX,
14:04:47.875,1786172687.876,PATH_FOLLOWING,6.017,0.421,0.006,88.68,0.020,-1.500,0.000,0.000,0.000,0.000,0.00,10.77567080,106.67094399,10.51,"10°46'32.41""N, 106°40'15.40""E",FIX,
14:04:47.891,1786172687.891,PATH_FOLLOWING,6.017,0.421,0.006,88.68,0.020,-1.500,0.000,0.000,0.000,0.000,0.00,10.77567080,106.67094401,10.51,"10°46'32.41""N, 106°40'15.40""E",FIX,
14:04:47.900,1786172687.901,PATH_FOLLOWING,6.017,0.421,0.006,88.68,0.020,-1.500,0.000,0.000,0.000,0.000,0.00,10.77567080,106.67094401,10.51,"10°46'32.41""N, 106°40'15.40""E",FIX,
14:04:47.912,1786172687.913,PATH_FOLLOWING,6.017,0.421,0.006,88.68,0.020,-1.500,0.000,0.000,0.000,0.000,0.00,10.77567080,106.67094401,10.51,"10°46'32.41""N, 106°40'15.40""E",FIX,
14:04:47.919,1786172687.919,PATH_FOLLOWING,6.017,0.421,0.006,88.68,0.020,-1.500,0.000,0.000,0.000,0.000,0.00,10.77567080,106.67094401,10.51,"10°46'32.41""N, 106°40'15.40""E",FIX,
14:04:47.976,1786172687.976,PATH_FOLLOWING,6.017,0.422,-0.026,88.68,0.020,-1.500,0.000,0.000,0.000,0.000,0.00,10.77567080,106.67094401,10.51,"10°46'32.41""N, 106°40'15.40""E",FIX,
14:04:48.053,1786172688.054,PATH_FOLLOWING,6.018,0.424,-0.071,88.68,0.020,-1.500,0.000,0.000,0.000,0.000,0.00,10.77567080,106.67094401,10.51,"10°46'32.41""N, 106°40'15.40""E",FIX,
14:04:48.126,1786172688.127,PATH_FOLLOWING,6.018,0.425,-0.094,88.68,0.020,-1.500,0.000,0.000,0.000,0.000,0.00,10.77567080,106.67094401,10.51,"10°46'32.41""N, 106°40'15.40""E",FIX,
14:04:48.193,1786172688.193,PATH_FOLLOWING,6.019,0.429,-0.137,88.68,0.020,-1.500,0.000,0.000,0.000,0.000,0.00,10.77567086,106.67094403,10.51,"10°46'32.42""N, 106°40'15.40""E",FIX,
14:04:48.270,1786172688.270,PATH_FOLLOWING,6.019,0.434,-0.180,88.68,0.020,-1.500,0.000,0.000,0.000,0.000,0.00,10.77567086,106.67094403,10.51,"10°46'32.42""N, 106°40'15.40""E",FIX,
14:04:48.340,1786172688.340,PATH_FOLLOWING,6.020,0.440,-0.222,88.68,0.020,-1.500,0.000,0.000,0.000,0.000,0.00,10.77567086,106.67094403,10.51,"10°46'32.42""N, 106°40'15.40""E",FIX,
14:04:48.411,1786172688.412,PATH_FOLLOWING,6.021,0.447,-0.262,88.68,0.020,-1.500,0.000,0.000,0.000,0.000,0.00,10.77567101,106.67094405,10.51,"10°46'32.42""N, 106°40'15.40""E",FIX,
14:04:48.486,1786172688.486,PATH_FOLLOWING,6.021,0.453,-0.302,88.68,0.020,-1.500,0.000,0.000,0.000,0.000,0.00,10.77567101,106.67094405,10.51,"10°46'32.42""N, 106°40'15.40""E",FIX,
14:04:48.562,1786172688.563,PATH_FOLLOWING,6.022,0.459,-0.341,88.68,0.020,-1.500,0.000,0.000,0.000,0.000,0.00,10.77567101,106.67094405,10.51,"10°46'32.42""N, 106°40'15.40""E",FIX,
14:04:48.639,1786172688.639,PATH_FOLLOWING,6.023,0.464,-0.379,88.68,0.020,-1.500,0.000,0.000,0.000,0.000,0.00,10.77567117,106.67094406,10.51,"10°46'32.42""N, 106°40'15.40""E",FIX,
14:04:48.702,1786172688.702,PATH_FOLLOWING,6.023,0.469,-0.416,88.68,0.020,-1.500,0.000,0.000,0.000,0.000,0.00,10.77567117,106.67094406,10.51,"10°46'32.42""N, 106°40'15.40""E",FIX,
14:04:48.764,1786172688.764,PATH_FOLLOWING,6.024,0.473,-0.452,88.68,0.020,-1.500,0.000,0.000,0.000,0.000,0.00,10.77567117,106.67094406,10.51,"10°46'32.42""N, 106°40'15.40""E",FIX,
14:04:48.848,1786172688.848,PATH_FOLLOWING,6.025,0.477,-0.487,88.68,0.020,-1.500,0.000,0.000,0.000,0.000,0.00,10.77567129,106.67094408,10.51,"10°46'32.42""N, 106°40'15.40""E",FIX,
14:04:48.921,1786172688.921,PATH_FOLLOWING,6.025,0.480,-0.522,88.68,0.020,-1.500,0.000,0.000,0.000,0.000,0.00,10.77567129,106.67094408,10.51,"10°46'32.42""N, 106°40'15.40""E",FIX,
14:04:49.000,1786172689.001,PATH_FOLLOWING,6.026,0.482,-0.556,88.68,0.020,-1.500,0.000,0.000,0.000,0.000,0.00,10.77567129,106.67094408,10.51,"10°46'32.42""N, 106°40'15.40""E",FIX,
14:04:49.076,1786172689.077,PATH_FOLLOWING,6.026,0.484,-0.590,88.68,0.020,-1.500,0.000,0.000,0.000,0.000,0.00,10.77567137,106.67094410,10.51,"10°46'32.42""N, 106°40'15.40""E",FIX,
14:04:49.152,1786172689.153,PATH_FOLLOWING,6.027,0.486,-0.622,88.68,0.020,-1.500,0.000,0.000,0.000,0.000,0.00,10.77567137,106.67094410,10.51,"10°46'32.42""N, 106°40'15.40""E",FIX,
14:04:49.228,1786172689.228,PATH_FOLLOWING,6.027,0.487,-0.654,88.68,0.020,-1.500,0.000,0.000,0.000,0.000,0.00,10.77567137,106.67094410,10.51,"10°46'32.42""N, 106°40'15.40""E",FIX,
14:04:49.306,1786172689.307,PATH_FOLLOWING,6.028,0.487,-0.685,88.68,0.020,-1.500,0.000,0.000,0.000,0.000,0.00,10.77567140,106.67094411,10.51,"10°46'32.42""N, 106°40'15.40""E",FIX,
14:04:49.366,1786172689.367,PATH_FOLLOWING,6.028,0.487,-0.701,88.68,0.020,-1.500,0.000,0.000,0.000,0.000,0.00,10.77567140,106.67094411,10.51,"10°46'32.42""N, 106°40'15.40""E",FIX,
14:04:49.445,1786172689.445,PATH_FOLLOWING,6.029,0.487,-0.731,88.68,0.020,-1.500,0.000,0.000,0.000,0.000,0.00,10.77567140,106.67094411,10.51,"10°46'32.42""N, 106°40'15.40""E",FIX,
14:04:49.529,1786172689.530,PATH_FOLLOWING,6.030,0.486,-0.777,88.68,0.020,-1.500,0.000,0.000,0.000,0.000,0.00,10.77567140,106.67094413,10.51,"10°46'32.42""N, 106°40'15.40""E",FIX,
14:04:49.602,1786172689.603,PATH_FOLLOWING,6.030,0.486,-0.793,88.68,0.020,-1.500,0.000,0.000,0.000,0.000,0.00,10.77567140,106.67094413,10.51,"10°46'32.42""N, 106°40'15.40""E",FIX,
14:04:49.674,1786172689.674,PATH_FOLLOWING,6.031,0.486,-0.824,88.67,0.020,-1.500,0.000,0.000,0.000,0.000,0.00,10.77567140,106.67094413,10.51,"10°46'32.42""N, 106°40'15.40""E",FIX,
14:04:49.753,1786172689.753,PATH_FOLLOWING,6.031,0.485,-0.855,88.39,0.024,-1.500,0.000,0.000,0.000,0.000,0.00,10.77567139,106.67094414,10.51,"10°46'32.42""N, 106°40'15.40""E",FIX,
14:04:49.818,1786172689.818,PATH_FOLLOWING,6.032,0.485,-0.885,88.09,0.029,-1.500,0.000,0.000,0.000,0.000,0.00,10.77567139,106.67094414,10.51,"10°46'32.42""N, 106°40'15.40""E",FIX,
14:04:49.877,1786172689.878,PATH_FOLLOWING,6.033,0.484,-0.917,87.76,0.034,-1.500,0.000,0.000,0.000,0.000,0.00,10.77567139,106.67094414,10.51,"10°46'32.42""N, 106°40'15.40""E",FIX,
14:04:49.958,1786172689.958,PATH_FOLLOWING,6.035,0.483,-0.949,87.42,0.039,-1.500,0.000,0.000,0.000,0.000,0.00,10.77567137,106.67094418,10.51,"10°46'32.42""N, 106°40'15.40""E",FIX,
14:04:50.031,1786172690.032,PATH_FOLLOWING,6.038,0.482,-0.981,87.05,0.045,-1.500,0.000,0.000,0.000,0.000,0.00,10.77567137,106.67094418,10.51,"10°46'32.42""N, 106°40'15.40""E",FIX,
14:04:50.097,1786172690.097,PATH_FOLLOWING,6.041,0.481,-1.014,86.66,0.051,-1.500,0.000,0.000,0.000,0.000,0.00,10.77567137,106.67094418,10.51,"10°46'32.42""N, 106°40'15.40""E",FIX,
14:04:50.174,1786172690.175,PATH_FOLLOWING,6.045,0.480,-1.048,86.26,0.057,-1.500,0.000,0.000,0.000,0.000,0.00,10.77567134,106.67094425,10.51,"10°46'32.42""N, 106°40'15.40""E",FIX,
14:04:50.241,1786172690.241,PATH_FOLLOWING,6.049,0.478,-1.083,85.83,0.063,-1.500,0.000,0.000,0.000,0.000,0.00,10.77567134,106.67094425,10.51,"10°46'32.42""N, 106°40'15.40""E",FIX,
14:04:50.312,1786172690.312,PATH_FOLLOWING,6.054,0.476,-1.119,85.39,0.070,-1.500,0.000,0.000,0.000,0.000,0.00,10.77567134,106.67094425,10.51,"10°46'32.42""N, 106°40'15.40""E",FIX,
14:04:50.384,1786172690.384,PATH_FOLLOWING,6.059,0.474,-1.155,84.94,0.077,-1.500,0.000,0.000,0.000,0.000,0.00,10.77567130,106.67094438,10.51,"10°46'32.42""N, 106°40'15.40""E",FIX,
14:04:50.451,1786172690.452,PATH_FOLLOWING,6.062,0.473,-1.173,84.70,0.081,-1.500,0.000,0.000,0.000,0.000,0.00,10.77567130,106.67094438,10.51,"10°46'32.42""N, 106°40'15.40""E",FIX,
14:04:50.524,1786172690.524,PATH_FOLLOWING,6.072,0.469,-1.230,83.98,0.092,-1.500,0.000,0.000,0.000,0.000,0.00,10.77567130,106.67094438,10.51,"10°46'32.42""N, 106°40'15.40""E",FIX,
14:04:50.610,1786172690.610,PATH_FOLLOWING,6.078,0.466,-1.269,83.48,0.099,-1.500,0.000,0.000,0.000,0.000,0.00,10.77567123,106.67094454,10.51,"10°46'32.42""N, 106°40'15.40""E",FIX,
14:04:50.684,1786172690.685,PATH_FOLLOWING,6.086,0.463,-1.308,82.97,0.107,-1.500,0.000,0.000,0.000,0.000,0.00,10.77567123,106.67094454,10.51,"10°46'32.42""N, 106°40'15.40""E",FIX,
14:04:50.743,1786172690.744,PATH_FOLLOWING,6.090,0.461,-1.328,82.71,0.111,-1.500,0.000,0.000,0.000,0.000,0.00,10.77567123,106.67094454,10.51,"10°46'32.42""N, 106°40'15.40""E",FIX,
14:04:50.818,1786172690.819,PATH_FOLLOWING,6.098,0.458,-1.370,82.19,0.119,-1.500,0.000,0.000,0.000,0.000,0.00,10.77567114,106.67094474,10.51,"10°46'32.42""N, 106°40'15.40""E",FIX,
14:04:50.890,1786172690.890,PATH_FOLLOWING,6.106,0.454,-1.412,81.65,0.128,-1.500,0.000,0.000,0.000,0.000,0.00,10.77567114,106.67094474,10.51,"10°46'32.42""N, 106°40'15.40""E",FIX,
14:04:50.947,1786172690.948,PATH_FOLLOWING,6.115,0.450,-1.455,81.11,0.136,-1.500,0.000,0.000,0.000,0.000,0.00,10.77567114,106.67094474,10.51,"10°46'32.42""N, 106°40'15.40""E",FIX,
14:04:51.034,1786172691.034,PATH_FOLLOWING,6.124,0.445,-1.499,80.55,0.145,-1.500,0.000,0.000,0.000,0.000,0.00,10.77567103,106.67094498,10.51,"10°46'32.42""N, 106°40'15.40""E",FIX,
14:04:51.101,1786172691.101,PATH_FOLLOWING,6.133,0.440,-1.545,80.00,0.153,-1.500,0.000,0.000,0.000,0.000,0.00,10.77567103,106.67094498,10.51,"10°46'32.42""N, 106°40'15.40""E",FIX,
14:04:51.178,1786172691.179,PATH_FOLLOWING,6.142,0.435,-1.591,79.44,0.162,-1.500,0.000,0.000,0.000,0.000,0.00,10.77567103,106.67094498,10.51,"10°46'32.42""N, 106°40'15.40""E",FIX,
14:04:51.257,1786172691.257,PATH_FOLLOWING,6.151,0.430,-1.637,78.90,0.171,-1.500,0.000,0.000,0.000,0.000,0.00,10.77567090,106.67094522,10.51,"10°46'32.42""N, 106°40'15.40""E",FIX,
14:04:51.316,1786172691.317,PATH_FOLLOWING,6.159,0.424,-1.681,78.40,0.179,-1.500,0.000,0.000,0.000,0.000,0.00,10.77567090,106.67094522,10.51,"10°46'32.42""N, 106°40'15.40""E",FIX,
14:04:51.393,1786172691.394,PATH_FOLLOWING,6.166,0.418,-1.725,77.92,0.186,-1.500,0.000,0.000,0.000,0.000,0.00,10.77567090,106.67094522,10.51,"10°46'32.42""N, 106°40'15.40""E",FIX,
14:04:51.476,1786172691.476,PATH_FOLLOWING,6.173,0.412,-1.767,77.47,0.193,-1.500,0.000,0.000,0.000,0.000,0.00,10.77567074,106.67094542,10.51,"10°46'32.41""N, 106°40'15.40""E",FIX,
14:04:51.547,1786172691.547,PATH_FOLLOWING,6.179,0.406,-1.808,77.05,0.200,-1.500,0.000,0.000,0.000,0.000,0.00,10.77567074,106.67094542,10.51,"10°46'32.41""N, 106°40'15.40""E",FIX,
14:04:51.621,1786172691.622,PATH_FOLLOWING,6.184,0.399,-1.848,76.65,0.206,-1.500,0.000,0.000,0.000,0.000,0.00,10.77567074,106.67094542,10.51,"10°46'32.41""N, 106°40'15.40""E",FIX,
14:04:51.693,1786172691.693,PATH_FOLLOWING,6.188,0.393,-1.888,75.30,0.212,-1.396,0.000,0.000,0.000,0.000,0.00,10.77567057,106.67094557,10.51,"10°46'32.41""N, 106°40'15.40""E",FIX,
14:04:51.764,1786172691.764,PATH_FOLLOWING,6.190,0.389,-1.906,74.57,0.215,-1.343,0.000,0.000,0.000,0.000,0.00,10.77567057,106.67094557,10.51,"10°46'32.41""N, 106°40'15.40""E",FIX,
14:04:51.844,1786172691.845,PATH_FOLLOWING,6.193,0.379,-1.958,72.24,0.222,-1.195,0.000,0.000,0.000,0.000,0.00,10.77567057,106.67094557,10.51,"10°46'32.41""N, 106°40'15.40""E",FIX,
14:04:51.917,1786172691.918,PATH_FOLLOWING,6.194,0.376,-1.973,71.44,0.224,-1.150,0.000,0.000,0.000,0.000,0.00,10.77567039,106.67094563,10.51,"10°46'32.41""N, 106°40'15.40""E",FIX,
14:04:51.979,1786172691.979,PATH_FOLLOWING,6.194,0.369,-2.002,69.81,0.227,-1.067,0.000,0.000,0.000,0.000,0.00,10.77567039,106.67094563,10.51,"10°46'32.41""N, 106°40'15.40""E",FIX,
14:04:52.066,1786172692.067,PATH_FOLLOWING,6.194,0.362,-2.028,68.11,0.231,-0.990,0.000,0.000,0.000,0.000,0.00,10.77567039,106.67094563,10.51,"10°46'32.41""N, 106°40'15.40""E",FIX,
14:04:52.132,1786172692.133,PATH_FOLLOWING,6.193,0.355,-2.053,66.34,0.233,-0.918,0.000,0.000,0.000,0.000,0.00,10.77567021,106.67094563,10.51,"10°46'32.41""N, 106°40'15.40""E",FIX,
14:04:52.210,1786172692.211,PATH_FOLLOWING,6.192,0.348,-2.075,64.53,0.235,-0.852,0.000,0.000,0.000,0.000,0.00,10.77567021,106.67094563,10.51,"10°46'32.41""N, 106°40'15.40""E",FIX,
14:04:52.277,1786172692.278,RECOVERY,6.191,0.344,-2.086,-180.00,-0.200,0.000,0.000,0.000,0.000,0.000,0.00,10.77567021,106.67094563,10.51,"10°46'32.41""N, 106°40'15.40""E",FIX,
14:04:52.361,1786172692.361,RECOVERY,6.192,0.343,-2.099,-180.00,-0.200,0.000,0.000,0.000,0.000,0.000,0.00,10.77567010,106.67094561,10.51,"10°46'32.41""N, 106°40'15.40""E",FIX,
14:04:52.428,1786172692.429,RECOVERY,6.195,0.349,-2.099,-180.00,-0.200,0.000,0.000,0.000,0.000,0.000,0.00,10.77567010,106.67094561,10.51,"10°46'32.41""N, 106°40'15.40""E",FIX,
14:04:52.500,1786172692.500,RECOVERY,6.199,0.355,-2.099,-180.00,-0.200,0.000,0.000,0.000,0.000,0.000,0.00,10.77567010,106.67094561,10.51,"10°46'32.41""N, 106°40'15.40""E",FIX,
14:04:52.559,1786172692.560,RECOVERY,6.201,0.358,-2.099,-180.00,-0.200,0.000,0.000,0.000,0.000,0.000,0.00,10.77567026,106.67094571,10.51,"10°46'32.41""N, 106°40'15.40""E",FIX,
14:04:52.638,1786172692.639,RECOVERY,6.204,0.364,-2.099,-180.00,-0.200,0.000,0.000,0.000,0.000,0.000,0.00,10.77567026,106.67094571,10.51,"10°46'32.41""N, 106°40'15.40""E",FIX,
14:04:52.719,1786172692.720,RECOVERY,6.209,0.373,-2.099,-180.00,-0.200,0.000,0.000,0.000,0.000,0.000,0.00,10.77567026,106.67094571,10.51,"10°46'32.41""N, 106°40'15.40""E",FIX,
14:04:52.789,1786172692.790,RECOVERY,6.213,0.379,-2.099,-180.00,-0.200,0.000,0.000,0.000,0.000,0.000,0.00,10.77567042,106.67094580,10.51,"10°46'32.41""N, 106°40'15.40""E",FIX,
14:04:52.868,1786172692.868,RECOVERY,6.216,0.385,-2.099,-180.00,-0.200,0.000,0.000,0.000,0.000,0.000,0.00,10.77567042,106.67094580,10.51,"10°46'32.41""N, 106°40'15.40""E",FIX,
14:04:52.939,1786172692.939,RECOVERY,6.219,0.390,-2.099,-180.00,-0.200,0.000,0.000,0.000,0.000,0.000,0.00,10.77567042,106.67094580,10.51,"10°46'32.41""N, 106°40'15.40""E",FIX,
14:04:53.011,1786172693.012,RECOVERY,6.221,0.393,-2.099,-180.00,-0.200,0.000,0.000,0.000,0.000,0.000,0.00,10.77567057,106.67094589,10.51,"10°46'32.41""N, 106°40'15.41""E",FIX,
14:04:53.091,1786172693.091,RECOVERY,6.226,0.402,-2.099,-180.00,-0.200,0.000,0.000,0.000,0.000,0.000,0.00,10.77567057,106.67094589,10.51,"10°46'32.41""N, 106°40'15.41""E",FIX,
14:04:53.159,1786172693.159,RECOVERY,6.228,0.405,-2.099,-180.00,-0.200,0.000,0.000,0.000,0.000,0.000,0.00,10.77567057,106.67094589,10.51,"10°46'32.41""N, 106°40'15.41""E",FIX,
14:04:53.242,1786172693.243,RECOVERY,6.231,0.411,-2.099,-180.00,-0.200,0.000,0.000,0.000,0.000,0.000,0.00,10.77567073,106.67094598,10.51,"10°46'32.41""N, 106°40'15.41""E",FIX,
14:04:53.307,1786172693.307,RECOVERY,6.235,0.417,-2.099,-180.00,-0.200,0.000,0.000,0.000,0.000,0.000,0.00,10.77567073,106.67094598,10.51,"10°46'32.41""N, 106°40'15.41""E",FIX,
14:04:53.381,1786172693.382,RECOVERY,6.238,0.423,-2.099,-180.00,-0.200,0.000,0.000,0.000,0.000,0.000,0.00,10.77567073,106.67094598,10.51,"10°46'32.41""N, 106°40'15.41""E",FIX,
14:04:53.453,1786172693.453,RECOVERY,6.242,0.429,-2.099,-180.00,-0.200,0.000,0.000,0.000,0.000,0.000,0.00,10.77567088,106.67094607,10.51,"10°46'32.42""N, 106°40'15.41""E",FIX,
14:04:53.515,1786172693.516,RECOVERY,6.245,0.434,-2.099,-180.00,-0.200,0.000,0.000,0.000,0.000,0.000,0.00,10.77567088,106.67094607,10.51,"10°46'32.42""N, 106°40'15.41""E",FIX,
14:04:53.582,1786172693.582,RECOVERY,6.248,0.440,-2.099,-180.00,-0.200,0.000,0.000,0.000,0.000,0.000,0.00,10.77567088,106.67094607,10.51,"10°46'32.42""N, 106°40'15.41""E",FIX,
14:04:53.659,1786172693.659,RECOVERY,6.252,0.446,-2.099,-180.00,-0.200,0.000,0.000,0.000,0.000,0.000,0.00,10.77567088,106.67094607,10.51,"10°46'32.42""N, 106°40'15.41""E",FIX,
14:04:53.734,1786172693.734,RECOVERY,6.255,0.452,-2.099,-180.00,-0.200,0.000,0.000,0.000,0.000,0.000,0.00,10.77567104,106.67094617,10.51,"10°46'32.42""N, 106°40'15.41""E",FIX,
14:04:53.804,1786172693.804,RECOVERY,6.259,0.458,-2.099,-180.00,-0.200,0.000,0.000,0.000,0.000,0.000,0.00,10.77567104,106.67094617,10.51,"10°46'32.42""N, 106°40'15.41""E",FIX,
14:04:53.875,1786172693.875,RECOVERY,6.262,0.464,-2.099,-180.00,-0.200,0.000,0.000,0.000,0.000,0.000,0.00,10.77567120,106.67094626,10.51,"10°46'32.42""N, 106°40'15.41""E",FIX,
14:04:53.950,1786172693.950,RECOVERY,6.264,0.467,-2.099,-180.00,-0.200,0.000,0.000,0.000,0.000,0.000,0.00,10.77567120,106.67094626,10.51,"10°46'32.42""N, 106°40'15.41""E",FIX,
14:04:54.020,1786172694.020,RECOVERY,6.269,0.476,-2.099,-180.00,-0.200,0.000,0.000,0.000,0.000,0.000,0.00,10.77567120,106.67094626,10.51,"10°46'32.42""N, 106°40'15.41""E",FIX,
14:04:54.090,1786172694.091,RECOVERY,6.272,0.481,-2.099,-180.00,-0.200,0.000,0.000,0.000,0.000,0.000,0.00,10.77567135,106.67094635,10.51,"10°46'32.42""N, 106°40'15.41""E",FIX,
14:04:54.152,1786172694.152,RECOVERY,6.274,0.484,-2.099,-180.00,-0.200,0.000,0.000,0.000,0.000,0.000,0.00,10.77567135,106.67094635,10.51,"10°46'32.42""N, 106°40'15.41""E",FIX,
14:04:54.231,1786172694.232,RECOVERY,6.279,0.493,-2.099,-180.00,-0.200,0.000,0.000,0.000,0.000,0.000,0.00,10.77567135,106.67094635,10.51,"10°46'32.42""N, 106°40'15.41""E",FIX,
14:04:54.304,1786172694.305,RECOVERY,6.283,0.499,-2.099,-180.00,-0.200,0.000,0.000,0.000,0.000,0.000,0.00,10.77567151,106.67094644,10.51,"10°46'32.42""N, 106°40'15.41""E",FIX,
14:04:54.369,1786172694.369,RECOVERY,6.284,0.502,-2.099,-180.00,-0.200,0.000,0.000,0.000,0.000,0.000,0.00,10.77567151,106.67094644,10.51,"10°46'32.42""N, 106°40'15.41""E",FIX,
14:04:54.451,1786172694.451,RECOVERY,6.288,0.508,-2.099,-180.00,-0.200,0.000,0.000,0.000,0.000,0.000,0.00,10.77567151,106.67094644,10.51,"10°46'32.42""N, 106°40'15.41""E",FIX,
14:04:54.527,1786172694.527,RECOVERY,6.291,0.514,-2.099,-180.00,-0.200,0.000,0.000,0.000,0.000,0.000,0.00,10.77567166,106.67094654,10.51,"10°46'32.42""N, 106°40'15.41""E",FIX,
14:04:54.591,1786172694.592,RECOVERY,6.295,0.520,-2.099,-180.00,-0.200,0.000,0.000,0.000,0.000,0.000,0.00,10.77567166,106.67094654,10.51,"10°46'32.42""N, 106°40'15.41""E",FIX,
14:04:54.662,1786172694.662,RECOVERY,6.298,0.525,-2.099,-180.00,-0.200,0.000,0.000,0.000,0.000,0.000,0.00,10.77567166,106.67094654,10.51,"10°46'32.42""N, 106°40'15.41""E",FIX,
14:04:54.735,1786172694.735,RECOVERY,6.302,0.531,-2.099,-180.00,-0.200,0.000,0.000,0.000,0.000,0.000,0.00,10.77567182,106.67094663,10.51,"10°46'32.42""N, 106°40'15.41""E",FIX,
14:04:54.813,1786172694.813,RECOVERY,6.305,0.537,-2.099,-180.00,-0.200,0.000,0.000,0.000,0.000,0.000,0.00,10.77567182,106.67094663,10.51,"10°46'32.42""N, 106°40'15.41""E",FIX,
14:04:54.881,1786172694.881,RECOVERY,6.308,0.543,-2.099,-180.00,-0.200,0.000,0.000,0.000,0.000,0.000,0.00,10.77567182,106.67094663,10.51,"10°46'32.42""N, 106°40'15.41""E",FIX,
14:04:54.946,1786172694.946,RECOVERY,6.312,0.549,-2.099,-180.00,-0.200,0.000,0.000,0.000,0.000,0.000,0.00,10.77567182,106.67094663,10.51,"10°46'32.42""N, 106°40'15.41""E",FIX,
14:04:55.024,1786172695.024,RECOVERY,6.315,0.555,-2.099,-180.00,-0.200,0.000,0.000,0.000,0.000,0.000,0.00,10.77567198,106.67094672,10.51,"10°46'32.42""N, 106°40'15.41""E",FIX,
14:04:55.103,1786172695.103,RECOVERY,6.319,0.561,-2.099,-180.00,-0.200,0.000,0.000,0.000,0.000,0.000,0.00,10.77567198,106.67094672,10.51,"10°46'32.42""N, 106°40'15.41""E",FIX,
14:04:55.172,1786172695.173,RECOVERY,6.322,0.567,-2.099,-180.00,-0.200,0.000,0.000,0.000,0.000,0.000,0.00,10.77567198,106.67094672,10.51,"10°46'32.42""N, 106°40'15.41""E",FIX,
14:04:55.243,1786172695.244,RECOVERY,6.326,0.572,-2.099,-180.00,-0.200,0.000,0.000,0.000,0.000,0.000,0.00,10.77567213,106.67094681,10.51,"10°46'32.42""N, 106°40'15.41""E",FIX,
14:04:55.312,1786172695.313,RECOVERY,6.327,0.575,-2.099,-180.00,-0.200,0.000,0.000,0.000,0.000,0.000,0.00,10.77567213,106.67094681,10.51,"10°46'32.42""N, 106°40'15.41""E",FIX,
14:04:55.392,1786172695.392,RECOVERY,6.332,0.584,-2.099,-180.00,-0.200,0.000,0.000,0.000,0.000,0.000,0.00,10.77567213,106.67094681,10.51,"10°46'32.42""N, 106°40'15.41""E",FIX,
14:04:55.456,1786172695.456,RECOVERY,6.334,0.587,-2.099,-180.00,-0.200,0.000,0.000,0.000,0.000,0.000,0.00,10.77567229,106.67094690,10.51,"10°46'32.42""N, 106°40'15.41""E",FIX,
14:04:55.535,1786172695.535,RECOVERY,6.339,0.596,-2.099,-180.00,-0.200,0.000,0.000,0.000,0.000,0.000,0.00,10.77567229,106.67094690,10.51,"10°46'32.42""N, 106°40'15.41""E",FIX,
14:04:55.602,1786172695.603,RECOVERY,6.341,0.599,-2.099,-180.00,-0.200,0.000,0.000,0.000,0.000,0.000,0.00,10.77567229,106.67094690,10.51,"10°46'32.42""N, 106°40'15.41""E",FIX,
14:04:55.682,1786172695.682,RECOVERY,6.344,0.605,-2.099,-180.00,-0.200,0.000,0.000,0.000,0.000,0.000,0.00,10.77567245,106.67094700,10.51,"10°46'32.42""N, 106°40'15.41""E",FIX,
14:04:55.761,1786172695.762,RECOVERY,6.348,0.611,-2.099,-180.00,-0.200,0.000,0.000,0.000,0.000,0.000,0.00,10.77567245,106.67094700,10.51,"10°46'32.42""N, 106°40'15.41""E",FIX,
14:04:55.830,1786172695.831,RECOVERY,6.351,0.617,-2.099,-180.00,-0.200,0.000,0.000,0.000,0.000,0.000,0.00,10.77567245,106.67094700,10.51,"10°46'32.42""N, 106°40'15.41""E",FIX,
14:04:55.910,1786172695.911,RECOVERY,6.355,0.622,-2.099,-180.00,-0.200,0.000,0.000,0.000,0.000,0.000,0.00,10.77567260,106.67094709,10.51,"10°46'32.42""N, 106°40'15.41""E",FIX,
14:04:55.979,1786172695.979,RECOVERY,6.358,0.628,-2.099,-180.00,-0.200,0.000,0.000,0.000,0.000,0.000,0.00,10.77567260,106.67094709,10.51,"10°46'32.42""N, 106°40'15.41""E",FIX,
14:04:56.047,1786172696.047,RECOVERY,6.362,0.634,-2.099,-180.00,-0.200,0.000,0.000,0.000,0.000,0.000,0.00,10.77567260,106.67094709,10.51,"10°46'32.42""N, 106°40'15.41""E",FIX,
14:04:56.113,1786172696.114,RECOVERY,6.365,0.640,-2.099,-180.00,-0.200,0.000,0.000,0.000,0.000,0.000,0.00,10.77567276,106.67094718,10.51,"10°46'32.42""N, 106°40'15.41""E",FIX,
14:04:56.174,1786172696.174,RECOVERY,6.367,0.643,-2.099,-180.00,-0.200,0.000,0.000,0.000,0.000,0.000,0.00,10.77567276,106.67094718,10.51,"10°46'32.42""N, 106°40'15.41""E",FIX,
14:04:56.260,1786172696.261,RECOVERY,6.372,0.652,-2.099,-180.00,-0.200,0.000,0.000,0.000,0.000,0.000,0.00,10.77567276,106.67094718,10.51,"10°46'32.42""N, 106°40'15.41""E",FIX,
14:04:56.328,1786172696.329,RECOVERY,6.375,0.658,-2.099,-180.00,-0.200,0.000,0.000,0.000,0.000,0.000,0.00,10.77567291,106.67094727,10.51,"10°46'32.42""N, 106°40'15.41""E",FIX,
14:04:56.403,1786172696.403,RECOVERY,6.379,0.664,-2.099,-180.00,-0.200,0.000,0.000,0.000,0.000,0.000,0.00,10.77567291,106.67094727,10.51,"10°46'32.42""N, 106°40'15.41""E",FIX,
14:04:56.482,1786172696.483,RECOVERY,6.382,0.669,-2.099,-180.00,-0.200,0.000,0.000,0.000,0.000,0.000,0.00,10.77567291,106.67094727,10.51,"10°46'32.42""N, 106°40'15.41""E",FIX,
14:04:56.543,1786172696.544,RECOVERY,6.384,0.672,-2.099,-180.00,-0.200,0.000,0.000,0.000,0.000,0.000,0.00,10.77567307,106.67094736,10.51,"10°46'32.42""N, 106°40'15.41""E",FIX,
14:04:56.616,1786172696.617,RECOVERY,6.387,0.678,-2.099,-180.00,-0.200,0.000,0.000,0.000,0.000,0.000,0.00,10.77567307,106.67094736,10.51,"10°46'32.42""N, 106°40'15.41""E",FIX,
14:04:56.701,1786172696.701,RECOVERY,6.392,0.687,-2.099,-180.00,-0.200,0.000,0.000,0.000,0.000,0.000,0.00,10.77567307,106.67094736,10.51,"10°46'32.42""N, 106°40'15.41""E",FIX,
14:04:56.767,1786172696.767,RECOVERY,6.394,0.690,-2.099,-180.00,-0.200,0.000,0.000,0.000,0.000,0.000,0.00,10.77567323,106.67094746,10.51,"10°46'32.42""N, 106°40'15.41""E",FIX,
14:04:56.846,1786172696.847,RECOVERY,6.398,0.696,-2.099,-180.00,-0.200,0.000,0.000,0.000,0.000,0.000,0.00,10.77567323,106.67094746,10.51,"10°46'32.42""N, 106°40'15.41""E",FIX,
14:04:56.923,1786172696.923,RECOVERY,6.401,0.702,-2.099,-180.00,-0.200,0.000,0.000,0.000,0.000,0.000,0.00,10.77567323,106.67094746,10.51,"10°46'32.42""N, 106°40'15.41""E",FIX,
14:04:57.003,1786172697.003,RECOVERY,6.404,0.708,-2.099,-180.00,-0.200,0.000,0.000,0.000,0.000,0.000,0.00,10.77567338,106.67094755,10.51,"10°46'32.42""N, 106°40'15.41""E",FIX,
14:04:57.074,1786172697.074,RECOVERY,6.408,0.713,-2.099,-180.00,-0.200,0.000,0.000,0.000,0.000,0.000,0.00,10.77567338,106.67094755,10.51,"10°46'32.42""N, 106°40'15.41""E",FIX,
14:04:57.146,1786172697.147,RECOVERY,6.411,0.719,-2.099,-180.00,-0.200,0.000,0.000,0.000,0.000,0.000,0.00,10.77567338,106.67094755,10.51,"10°46'32.42""N, 106°40'15.41""E",FIX,
14:04:57.215,1786172697.216,RECOVERY,6.415,0.725,-2.099,-180.00,-0.200,0.000,0.000,0.000,0.000,0.000,0.00,10.77567354,106.67094764,10.51,"10°46'32.42""N, 106°40'15.41""E",FIX,
14:04:57.298,1786172697.298,RECOVERY,6.418,0.731,-2.099,-180.00,-0.200,0.000,0.000,0.000,0.000,0.000,0.00,10.77567354,106.67094764,10.51,"10°46'32.42""N, 106°40'15.41""E",FIX,
14:04:57.353,1786172697.354,RECOVERY,6.421,0.737,-2.099,-180.00,-0.200,0.000,0.000,0.000,0.000,0.000,0.00,10.77567354,106.67094764,10.51,"10°46'32.42""N, 106°40'15.41""E",FIX,
14:04:57.424,1786172697.424,RECOVERY,6.425,0.743,-2.099,-180.00,-0.200,0.000,0.000,0.000,0.000,0.000,0.00,10.77567370,106.67094773,10.51,"10°46'32.43""N, 106°40'15.41""E",FIX,
14:04:57.492,1786172697.493,RECOVERY,6.428,0.749,-2.099,-180.00,-0.200,0.000,0.000,0.000,0.000,0.000,0.00,10.77567370,106.67094773,10.51,"10°46'32.43""N, 106°40'15.41""E",FIX,
14:04:57.561,1786172697.561,RECOVERY,6.432,0.755,-2.099,-180.00,-0.200,0.000,0.000,0.000,0.000,0.000,0.00,10.77567370,106.67094773,10.51,"10°46'32.43""N, 106°40'15.41""E",FIX,
14:04:57.643,1786172697.644,RECOVERY,6.435,0.760,-2.099,-180.00,-0.200,0.000,0.000,0.000,0.000,0.000,0.00,10.77567385,106.67094783,10.51,"10°46'32.43""N, 106°40'15.41""E",FIX,
14:04:57.718,1786172697.719,RECOVERY,6.439,0.766,-2.099,-180.00,-0.200,0.000,0.000,0.000,0.000,0.000,0.00,10.77567385,106.67094783,10.51,"10°46'32.43""N, 106°40'15.41""E",FIX,
14:04:57.780,1786172697.781,RECOVERY,6.442,0.772,-2.099,-180.00,-0.200,0.000,0.000,0.000,0.000,0.000,0.00,10.77567385,106.67094783,10.51,"10°46'32.43""N, 106°40'15.41""E",FIX,
14:04:57.845,1786172697.846,RECOVERY,6.444,0.775,-2.099,-180.00,-0.200,0.000,0.000,0.000,0.000,0.000,0.00,10.77567401,106.67094792,10.51,"10°46'32.43""N, 106°40'15.41""E",FIX,
14:04:57.921,1786172697.922,RECOVERY,6.447,0.781,-2.099,-180.00,-0.200,0.000,0.000,0.000,0.000,0.000,0.00,10.77567401,106.67094792,10.51,"10°46'32.43""N, 106°40'15.41""E",FIX,
14:04:57.986,1786172697.986,RECOVERY,6.451,0.787,-2.099,-180.00,-0.200,0.000,0.000,0.000,0.000,0.000,0.00,10.77567401,106.67094792,10.51,"10°46'32.43""N, 106°40'15.41""E",FIX,
14:04:58.069,1786172698.070,RECOVERY,6.454,0.793,-2.099,-180.00,-0.200,0.000,0.000,0.000,0.000,0.000,0.00,10.77567416,106.67094801,10.51,"10°46'32.43""N, 106°40'15.41""E",FIX,
14:04:58.148,1786172698.149,RECOVERY,6.457,0.799,-2.099,-180.00,-0.200,0.000,0.000,0.000,0.000,0.000,0.00,10.77567416,106.67094801,10.51,"10°46'32.43""N, 106°40'15.41""E",FIX,
14:04:58.218,1786172698.219,RECOVERY,6.461,0.804,-2.099,-180.00,-0.200,0.000,0.000,0.000,0.000,0.000,0.00,10.77567416,106.67094801,10.51,"10°46'32.43""N, 106°40'15.41""E",FIX,
14:04:58.281,1786172698.282,RECOVERY,6.464,0.810,-2.099,-180.00,-0.200,0.000,0.000,0.000,0.000,0.000,0.00,10.77567432,106.67094810,10.51,"10°46'32.43""N, 106°40'15.41""E",FIX,
14:04:58.361,1786172698.361,RECOVERY,6.468,0.816,-2.099,-180.00,-0.200,0.000,0.000,0.000,0.000,0.000,0.00,10.77567432,106.67094810,10.51,"10°46'32.43""N, 106°40'15.41""E",FIX,
14:04:58.423,1786172698.424,RECOVERY,6.471,0.822,-2.099,-180.00,-0.200,0.000,0.000,0.000,0.000,0.000,0.00,10.77567432,106.67094810,10.51,"10°46'32.43""N, 106°40'15.41""E",FIX,
14:04:58.496,1786172698.496,RECOVERY,6.475,0.828,-2.099,-180.00,-0.200,0.000,0.000,0.000,0.000,0.000,0.00,10.77567448,106.67094819,10.51,"10°46'32.43""N, 106°40'15.41""E",FIX,
14:04:58.583,1786172698.584,RECOVERY,6.478,0.834,-2.099,-180.00,-0.200,0.000,0.000,0.000,0.000,0.000,0.00,10.77567448,106.67094819,10.51,"10°46'32.43""N, 106°40'15.41""E",FIX,
14:04:58.641,1786172698.642,RECOVERY,6.481,0.840,-2.099,-180.00,-0.200,0.000,0.000,0.000,0.000,0.000,0.00,10.77567448,106.67094819,10.51,"10°46'32.43""N, 106°40'15.41""E",FIX,
14:04:58.730,1786172698.731,RECOVERY,6.485,0.846,-2.099,-180.00,-0.200,0.000,0.000,0.000,0.000,0.000,0.00,10.77567463,106.67094829,10.51,"10°46'32.43""N, 106°40'15.41""E",FIX,
14:04:58.790,1786172698.790,RECOVERY,6.488,0.851,-2.099,-180.00,-0.200,0.000,0.000,0.000,0.000,0.000,0.00,10.77567463,106.67094829,10.51,"10°46'32.43""N, 106°40'15.41""E",FIX,
14:04:58.862,1786172698.862,RECOVERY,6.492,0.857,-2.099,-180.00,-0.200,0.000,0.000,0.000,0.000,0.000,0.00,10.77567463,106.67094829,10.51,"10°46'32.43""N, 106°40'15.41""E",FIX,
14:04:58.937,1786172698.938,RECOVERY,6.495,0.863,-2.099,-180.00,-0.200,0.000,0.000,0.000,0.000,0.000,0.00,10.77567479,106.67094838,10.51,"10°46'32.43""N, 106°40'15.41""E",FIX,
14:04:59.008,1786172699.009,RECOVERY,6.499,0.869,-2.099,-180.00,-0.200,0.000,0.000,0.000,0.000,0.000,0.00,10.77567479,106.67094838,10.51,"10°46'32.43""N, 106°40'15.41""E",FIX,
14:04:59.076,1786172699.077,RECOVERY,6.502,0.875,-2.099,-180.00,-0.200,0.000,0.000,0.000,0.000,0.000,0.00,10.77567479,106.67094838,10.51,"10°46'32.43""N, 106°40'15.41""E",FIX,
14:04:59.153,1786172699.154,RECOVERY,6.505,0.881,-2.099,-180.00,-0.200,0.000,0.000,0.000,0.000,0.000,0.00,10.77567494,106.67094847,10.51,"10°46'32.43""N, 106°40'15.41""E",FIX,
14:04:59.227,1786172699.228,RECOVERY,6.509,0.887,-2.099,-180.00,-0.200,0.000,0.000,0.000,0.000,0.000,0.00,10.77567494,106.67094847,10.51,"10°46'32.43""N, 106°40'15.41""E",FIX,
14:04:59.297,1786172699.298,RECOVERY,6.511,0.890,-2.099,-180.00,-0.200,0.000,0.000,0.000,0.000,0.000,0.00,10.77567494,106.67094847,10.51,"10°46'32.43""N, 106°40'15.41""E",FIX,
14:04:59.373,1786172699.373,RECOVERY,6.516,0.898,-2.099,-180.00,-0.200,0.000,0.000,0.000,0.000,0.000,0.00,10.77567510,106.67094856,10.51,"10°46'32.43""N, 106°40'15.41""E",FIX,
14:04:59.443,1786172699.444,RECOVERY,6.517,0.901,-2.099,-180.00,-0.200,0.000,0.000,0.000,0.000,0.000,0.00,10.77567510,106.67094856,10.51,"10°46'32.43""N, 106°40'15.41""E",FIX,
14:04:59.512,1786172699.512,RECOVERY,6.521,0.907,-2.099,-180.00,-0.200,0.000,0.000,0.000,0.000,0.000,0.00,10.77567510,106.67094856,10.51,"10°46'32.43""N, 106°40'15.41""E",FIX,
14:04:59.585,1786172699.585,RECOVERY,6.524,0.913,-2.099,-180.00,-0.200,0.000,0.000,0.000,0.000,0.000,0.00,10.77567526,106.67094865,10.51,"10°46'32.43""N, 106°40'15.42""E",FIX,
14:04:59.643,1786172699.643,RECOVERY,6.528,0.919,-2.099,-180.00,-0.200,0.000,0.000,0.000,0.000,0.000,0.00,10.77567526,106.67094865,10.51,"10°46'32.43""N, 106°40'15.42""E",FIX,
14:04:59.721,1786172699.722,RECOVERY,6.531,0.925,-2.099,-180.00,-0.200,0.000,0.000,0.000,0.000,0.000,0.00,10.77567526,106.67094865,10.51,"10°46'32.43""N, 106°40'15.42""E",FIX,
14:04:59.789,1786172699.789,RECOVERY,6.533,0.928,-2.099,-180.00,-0.200,0.000,0.000,0.000,0.000,0.000,0.00,10.77567541,106.67094875,10.51,"10°46'32.43""N, 106°40'15.42""E",FIX,
14:04:59.873,1786172699.874,RECOVERY,6.538,0.937,-2.099,-180.00,-0.200,0.000,0.000,0.000,0.000,0.000,0.00,10.77567541,106.67094875,10.51,"10°46'32.43""N, 106°40'15.42""E",FIX,
14:04:59.949,1786172699.950,RECOVERY,6.541,0.943,-2.099,-180.00,-0.200,0.000,0.000,0.000,0.000,0.000,0.00,10.77567541,106.67094875,10.51,"10°46'32.43""N, 106°40'15.42""E",FIX,
14:05:00.023,1786172700.023,RECOVERY,6.545,0.948,-2.099,-180.00,-0.200,0.000,0.000,0.000,0.000,0.000,0.00,10.77567557,106.67094884,10.51,"10°46'32.43""N, 106°40'15.42""E",FIX,
14:05:00.093,1786172700.093,RECOVERY,6.547,0.951,-2.099,-180.00,-0.200,0.000,0.000,0.000,0.000,0.000,0.00,10.77567557,106.67094884,10.51,"10°46'32.43""N, 106°40'15.42""E",FIX,
14:05:00.169,1786172700.170,RECOVERY,6.552,0.960,-2.099,-180.00,-0.200,0.000,0.000,0.000,0.000,0.000,0.00,10.77567557,106.67094884,10.51,"10°46'32.43""N, 106°40'15.42""E",FIX,
14:05:00.242,1786172700.242,RECOVERY,6.555,0.966,-2.099,-180.00,-0.200,0.000,0.000,0.000,0.000,0.000,0.00,10.77567573,106.67094893,10.51,"10°46'32.43""N, 106°40'15.42""E",FIX,
14:05:00.322,1786172700.323,RECOVERY,6.559,0.972,-2.099,-180.00,-0.200,0.000,0.000,0.000,0.000,0.000,0.00,10.77567573,106.67094893,10.51,"10°46'32.43""N, 106°40'15.42""E",FIX,
14:05:00.379,1786172700.380,RECOVERY,6.560,0.975,-2.099,-180.00,-0.200,0.000,0.000,0.000,0.000,0.000,0.00,10.77567573,106.67094893,10.51,"10°46'32.43""N, 106°40'15.42""E",FIX,
14:05:00.459,1786172700.460,RECOVERY,6.564,0.981,-2.099,-180.00,-0.200,0.000,0.000,0.000,0.000,0.000,0.00,10.77567588,106.67094902,10.51,"10°46'32.43""N, 106°40'15.42""E",FIX,
14:05:00.522,1786172700.522,RECOVERY,6.567,0.987,-2.099,-180.00,-0.200,0.000,0.000,0.000,0.000,0.000,0.00,10.77567588,106.67094902,10.51,"10°46'32.43""N, 106°40'15.42""E",FIX,
14:05:00.607,1786172700.607,RECOVERY,6.571,0.992,-2.099,-180.00,-0.200,0.000,0.000,0.000,0.000,0.000,0.00,10.77567588,106.67094902,10.51,"10°46'32.43""N, 106°40'15.42""E",FIX,
14:05:00.675,1786172700.675,RECOVERY,6.574,0.998,-2.099,-180.00,-0.200,0.000,0.000,0.000,0.000,0.000,0.00,10.77567604,106.67094911,10.51,"10°46'32.43""N, 106°40'15.42""E",FIX,
14:05:00.748,1786172700.748,RECOVERY,6.577,1.004,-2.099,-180.00,-0.200,0.000,0.000,0.000,0.000,0.000,0.00,10.77567604,106.67094911,10.51,"10°46'32.43""N, 106°40'15.42""E",FIX,
14:05:00.822,1786172700.823,RECOVERY,6.581,1.010,-2.099,-180.00,-0.200,0.000,0.000,0.000,0.000,0.000,0.00,10.77567604,106.67094911,10.51,"10°46'32.43""N, 106°40'15.42""E",FIX,
14:05:00.892,1786172700.893,RECOVERY,6.584,1.016,-2.099,-180.00,-0.200,0.000,0.000,0.000,0.000,0.000,0.00,10.77567619,106.67094921,10.51,"10°46'32.43""N, 106°40'15.42""E",FIX,
14:05:00.964,1786172700.964,RECOVERY,6.588,1.022,-2.099,-180.00,-0.200,0.000,0.000,0.000,0.000,0.000,0.00,10.77567619,106.67094921,10.51,"10°46'32.43""N, 106°40'15.42""E",FIX,
14:05:01.033,1786172701.033,RECOVERY,6.591,1.028,-2.099,-180.00,-0.200,0.000,0.000,0.000,0.000,0.000,0.00,10.77567619,106.67094921,10.51,"10°46'32.43""N, 106°40'15.42""E",FIX,
14:05:01.103,1786172701.103,RECOVERY,6.594,1.034,-2.099,-180.00,-0.200,0.000,0.000,0.000,0.000,0.000,0.00,10.77567635,106.67094930,10.51,"10°46'32.43""N, 106°40'15.42""E",FIX,
14:05:01.182,1786172701.183,RECOVERY,6.598,1.039,-2.099,-180.00,-0.200,0.000,0.000,0.000,0.000,0.000,0.00,10.77567635,106.67094930,10.51,"10°46'32.43""N, 106°40'15.42""E",FIX,
14:05:01.249,1786172701.250,RECOVERY,6.601,1.045,-2.099,-180.00,-0.200,0.000,0.000,0.000,0.000,0.000,0.00,10.77567635,106.67094930,10.51,"10°46'32.43""N, 106°40'15.42""E",FIX,
14:05:01.337,1786172701.337,RECOVERY,6.605,1.051,-2.099,-180.00,-0.200,0.000,0.000,0.000,0.000,0.000,0.00,10.77567651,106.67094939,10.51,"10°46'32.44""N, 106°40'15.42""E",FIX,
14:05:01.394,1786172701.394,RECOVERY,6.606,1.054,-2.099,-180.00,-0.200,0.000,0.000,0.000,0.000,0.000,0.00,10.77567651,106.67094939,10.51,"10°46'32.44""N, 106°40'15.42""E",FIX,
14:05:01.478,1786172701.479,RECOVERY,6.612,1.063,-2.099,-180.00,-0.200,0.000,0.000,0.000,0.000,0.000,0.00,10.77567651,106.67094939,10.51,"10°46'32.44""N, 106°40'15.42""E",FIX,
14:05:01.547,1786172701.548,RECOVERY,6.615,1.069,-2.099,-180.00,-0.200,0.000,0.000,0.000,0.000,0.000,0.00,10.77567666,106.67094948,10.51,"10°46'32.44""N, 106°40'15.42""E",FIX,
14:05:01.619,1786172701.619,RECOVERY,6.618,1.075,-2.099,-180.00,-0.200,0.000,0.000,0.000,0.000,0.000,0.00,10.77567666,106.67094948,10.51,"10°46'32.44""N, 106°40'15.42""E",FIX,
14:05:01.692,1786172701.693,RECOVERY,6.622,1.081,-2.099,-180.00,-0.200,0.000,0.000,0.000,0.000,0.000,0.00,10.77567666,106.67094948,10.51,"10°46'32.44""N, 106°40'15.42""E",FIX,
14:05:01.754,1786172701.755,RECOVERY,6.624,1.084,-2.099,-180.00,-0.200,0.000,0.000,0.000,0.000,0.000,0.00,10.77567666,106.67094948,10.51,"10°46'32.44""N, 106°40'15.42""E",FIX,
14:05:01.827,1786172701.827,RECOVERY,6.627,1.089,-2.099,-180.00,-0.200,0.000,0.000,0.000,0.000,0.000,0.00,10.77567682,106.67094958,10.51,"10°46'32.44""N, 106°40'15.42""E",FIX,
14:05:01.916,1786172701.917,RECOVERY,6.630,1.095,-2.099,-180.00,-0.200,0.000,0.000,0.000,0.000,0.000,0.00,10.77567682,106.67094958,10.51,"10°46'32.44""N, 106°40'15.42""E",FIX,
14:05:01.975,1786172701.975,RECOVERY,6.634,1.101,-2.099,-180.00,-0.200,0.000,0.000,0.000,0.000,0.000,0.00,10.77567682,106.67094958,10.51,"10°46'32.44""N, 106°40'15.42""E",FIX,
14:05:02.055,1786172702.056,RECOVERY,6.637,1.107,-2.099,-180.00,-0.200,0.000,0.000,0.000,0.000,0.000,0.00,10.77567698,106.67094967,10.51,"10°46'32.44""N, 106°40'15.42""E",FIX,
14:05:02.126,1786172702.127,RECOVERY,6.641,1.113,-2.099,-180.00,-0.200,0.000,0.000,0.000,0.000,0.000,0.00,10.77567698,106.67094967,10.51,"10°46'32.44""N, 106°40'15.42""E",FIX,
14:05:02.194,1786172702.195,RECOVERY,6.644,1.119,-2.099,-180.00,-0.200,0.000,0.000,0.000,0.000,0.000,0.00,10.77567698,106.67094967,10.51,"10°46'32.44""N, 106°40'15.42""E",FIX,
14:05:02.270,1786172702.270,RECOVERY,6.648,1.125,-2.099,-180.00,-0.200,0.000,0.000,0.000,0.000,0.000,0.00,10.77567713,106.67094976,10.51,"10°46'32.44""N, 106°40'15.42""E",FIX,
14:05:02.343,1786172702.344,RECOVERY,6.651,1.130,-2.099,-180.00,-0.200,0.000,0.000,0.000,0.000,0.000,0.00,10.77567713,106.67094976,10.51,"10°46'32.44""N, 106°40'15.42""E",FIX,
14:05:02.416,1786172702.417,RECOVERY,6.654,1.136,-2.099,-180.00,-0.200,0.000,0.000,0.000,0.000,0.000,0.00,10.77567713,106.67094976,10.51,"10°46'32.44""N, 106°40'15.42""E",FIX,
14:05:02.499,1786172702.499,RECOVERY,6.658,1.142,-2.099,-180.00,-0.200,0.000,0.000,0.000,0.000,0.000,0.00,10.77567729,106.67094985,10.51,"10°46'32.44""N, 106°40'15.42""E",FIX,
14:05:02.561,1786172702.561,RECOVERY,6.661,1.148,-2.099,-180.00,-0.200,0.000,0.000,0.000,0.000,0.000,0.00,10.77567729,106.67094985,10.51,"10°46'32.44""N, 106°40'15.42""E",FIX,
14:05:02.639,1786172702.640,RECOVERY,6.665,1.154,-2.099,-180.00,-0.200,0.000,0.000,0.000,0.000,0.000,0.00,10.77567729,106.67094985,10.51,"10°46'32.44""N, 106°40'15.42""E",FIX,
14:05:02.699,1786172702.699,RECOVERY,6.666,1.157,-2.099,-180.00,-0.200,0.000,0.000,0.000,0.000,0.000,0.00,10.77567744,106.67094994,10.51,"10°46'32.44""N, 106°40'15.42""E",FIX,
14:05:02.788,1786172702.789,RECOVERY,6.672,1.166,-2.099,-180.00,-0.200,0.000,0.000,0.000,0.000,0.000,0.00,10.77567744,106.67094994,10.51,"10°46'32.44""N, 106°40'15.42""E",FIX,
14:05:02.854,1786172702.854,RECOVERY,6.675,1.172,-2.099,-180.00,-0.200,0.000,0.000,0.000,0.000,0.000,0.00,10.77567744,106.67094994,10.51,"10°46'32.44""N, 106°40'15.42""E",FIX,
14:05:02.910,1786172702.911,RECOVERY,6.677,1.175,-2.099,-180.00,-0.200,0.000,0.000,0.000,0.000,0.000,0.00,10.77567760,106.67095004,10.51,"10°46'32.44""N, 106°40'15.42""E",FIX,
14:05:02.991,1786172702.991,RECOVERY,6.680,1.180,-2.099,-180.00,-0.200,0.000,0.000,0.000,0.000,0.000,0.00,10.77567760,106.67095004,10.51,"10°46'32.44""N, 106°40'15.42""E",FIX,
14:05:03.060,1786172703.061,RECOVERY,6.684,1.186,-2.099,-180.00,-0.200,0.000,0.000,0.000,0.000,0.000,0.00,10.77567760,106.67095004,10.51,"10°46'32.44""N, 106°40'15.42""E",FIX,
14:05:03.138,1786172703.139,RECOVERY,6.687,1.192,-2.099,-180.00,-0.200,0.000,0.000,0.000,0.000,0.000,0.00,10.77567776,106.67095013,10.51,"10°46'32.44""N, 106°40'15.42""E",FIX,
14:05:03.214,1786172703.214,RECOVERY,6.690,1.198,-2.099,-180.00,-0.200,0.000,0.000,0.000,0.000,0.000,0.00,10.77567776,106.67095013,10.51,"10°46'32.44""N, 106°40'15.42""E",FIX,
14:05:03.285,1786172703.286,RECOVERY,6.694,1.204,-2.099,-180.00,-0.200,0.000,0.000,0.000,0.000,0.000,0.00,10.77567776,106.67095013,10.51,"10°46'32.44""N, 106°40'15.42""E",FIX,
14:05:03.354,1786172703.354,RECOVERY,6.697,1.210,-2.099,0.00,0.000,0.000,0.000,0.000,0.000,0.000,0.00,10.77567791,106.67095022,10.51,"10°46'32.44""N, 106°40'15.42""E",FIX,
14:05:03.431,1786172703.431,TRACKING,6.699,1.212,-2.099,0.00,0.450,-0.000,0.000,0.000,0.000,0.000,0.00,10.77567791,106.67095022,10.51,"10°46'32.44""N, 106°40'15.42""E",FIX,
14:05:03.506,1786172703.507,TRACKING,6.694,1.206,-2.097,0.00,0.450,-0.000,0.000,0.000,0.000,0.000,0.01,10.77567791,106.67095022,10.51,"10°46'32.44""N, 106°40'15.42""E",FIX,
14:05:03.578,1786172703.579,TRACKING,6.687,1.193,-2.097,0.00,0.450,-0.000,0.000,0.000,0.000,0.000,0.03,10.77567785,106.67095017,10.51,"10°46'32.44""N, 106°40'15.42""E",FIX,
14:05:03.654,1786172703.655,TRACKING,6.679,1.180,-2.097,0.00,0.450,-0.000,0.000,0.000,0.000,0.000,0.04,10.77567785,106.67095017,10.51,"10°46'32.44""N, 106°40'15.42""E",FIX,
14:05:03.730,1786172703.730,TRACKING,6.671,1.166,-2.097,0.00,0.450,-0.000,0.000,0.000,0.000,0.000,0.06,10.77567785,106.67095017,10.51,"10°46'32.44""N, 106°40'15.42""E",FIX,
14:05:03.802,1786172703.802,TRACKING,6.663,1.153,-2.097,0.00,0.450,-0.000,0.000,0.000,0.000,0.000,0.07,10.77567750,106.67094997,10.51,"10°46'32.44""N, 106°40'15.42""E",FIX,
14:05:03.876,1786172703.876,TRACKING,6.656,1.140,-2.097,0.00,0.450,-0.000,0.000,0.000,0.000,0.000,0.09,10.77567750,106.67094997,10.51,"10°46'32.44""N, 106°40'15.42""E",FIX,
14:05:03.963,1786172703.963,TRACKING,6.648,1.127,-2.097,0.00,0.450,-0.000,0.000,0.000,0.000,0.000,0.10,10.77567750,106.67094997,10.51,"10°46'32.44""N, 106°40'15.42""E",FIX,
14:05:04.022,1786172704.022,TRACKING,6.640,1.114,-2.097,0.00,0.450,-0.000,0.000,0.000,0.000,0.000,0.12,10.77567714,106.67094976,10.51,"10°46'32.44""N, 106°40'15.42""E",FIX,
14:05:04.082,1786172704.082,TRACKING,6.637,1.107,-2.097,0.00,0.450,-0.000,0.000,0.000,0.000,0.000,0.13,10.77567714,106.67094976,10.51,"10°46'32.44""N, 106°40'15.42""E",FIX,
14:05:04.163,1786172704.163,TRACKING,6.625,1.087,-2.097,0.00,0.450,-0.000,0.000,0.000,0.000,0.000,0.15,10.77567714,106.67094976,10.51,"10°46'32.44""N, 106°40'15.42""E",FIX,
14:05:04.233,1786172704.233,TRACKING,6.621,1.081,-2.097,0.00,0.450,-0.000,0.000,0.000,0.000,0.000,0.16,10.77567679,106.67094955,10.51,"10°46'32.44""N, 106°40'15.42""E",FIX,
14:05:04.299,1786172704.300,TRACKING,6.614,1.067,-2.097,0.00,0.450,-0.000,0.000,0.000,0.000,0.000,0.17,10.77567679,106.67094955,10.51,"10°46'32.44""N, 106°40'15.42""E",FIX,
14:05:04.379,1786172704.379,TRACKING,6.606,1.054,-2.097,0.00,0.450,-0.000,0.000,0.000,0.000,0.000,0.19,10.77567679,106.67094955,10.51,"10°46'32.44""N, 106°40'15.42""E",FIX,
14:05:04.442,1786172704.442,TRACKING,6.598,1.041,-2.097,0.00,0.450,-0.000,0.000,0.000,0.000,0.000,0.20,10.77567644,106.67094935,10.51,"10°46'32.44""N, 106°40'15.42""E",FIX,
14:05:04.531,1786172704.532,TRACKING,6.590,1.028,-2.097,0.00,0.450,-0.000,0.000,0.000,0.000,0.000,0.22,10.77567644,106.67094935,10.51,"10°46'32.44""N, 106°40'15.42""E",FIX,
14:05:04.597,1786172704.598,TRACKING,6.583,1.014,-2.097,0.00,0.450,-0.000,0.000,0.000,0.000,0.000,0.23,10.77567644,106.67094935,10.51,"10°46'32.44""N, 106°40'15.42""E",FIX,
14:05:04.659,1786172704.660,TRACKING,6.575,1.001,-2.097,0.00,0.450,-0.000,0.000,0.000,0.000,0.000,0.25,10.77567609,106.67094914,10.51,"10°46'32.43""N, 106°40'15.42""E",FIX,
14:05:04.725,1786172704.726,TRACKING,6.567,0.988,-2.097,0.00,0.450,-0.000,0.000,0.000,0.000,0.000,0.26,10.77567609,106.67094914,10.51,"10°46'32.43""N, 106°40'15.42""E",FIX,
14:05:04.810,1786172704.811,TRACKING,6.560,0.975,-2.097,0.00,0.450,-0.000,0.000,0.000,0.000,0.000,0.28,10.77567609,106.67094914,10.51,"10°46'32.43""N, 106°40'15.42""E",FIX,
14:05:04.882,1786172704.883,TRACKING,6.552,0.961,-2.097,0.00,0.450,-0.000,0.000,0.000,0.000,0.000,0.29,10.77567574,106.67094893,10.51,"10°46'32.43""N, 106°40'15.42""E",FIX,
14:05:04.948,1786172704.949,TRACKING,6.548,0.955,-2.097,0.00,0.450,-0.000,0.000,0.000,0.000,0.000,0.30,10.77567574,106.67094893,10.51,"10°46'32.43""N, 106°40'15.42""E",FIX,
14:05:05.022,1786172705.023,TRACKING,6.537,0.935,-2.097,0.00,0.450,-0.000,0.000,0.000,0.000,0.000,0.32,10.77567574,106.67094893,10.51,"10°46'32.43""N, 106°40'15.42""E",FIX,
14:05:05.086,1786172705.087,TRACKING,6.533,0.928,-2.097,0.00,0.450,-0.000,0.000,0.000,0.000,0.000,0.33,10.77567539,106.67094873,10.51,"10°46'32.43""N, 106°40'15.42""E",FIX,
14:05:05.174,1786172705.175,TRACKING,6.521,0.909,-2.097,0.00,0.450,-0.000,0.000,0.000,0.000,0.000,0.35,10.77567539,106.67094873,10.51,"10°46'32.43""N, 106°40'15.42""E",FIX,
14:05:05.235,1786172705.236,TRACKING,6.517,0.902,-2.097,0.00,0.450,-0.000,0.000,0.000,0.000,0.000,0.36,10.77567539,106.67094873,10.51,"10°46'32.43""N, 106°40'15.42""E",FIX,
14:05:05.313,1786172705.313,TRACKING,6.506,0.882,-2.097,0.00,0.450,-0.000,0.000,0.000,0.000,0.000,0.39,10.77567503,106.67094852,10.51,"10°46'32.43""N, 106°40'15.41""E",FIX,
14:05:05.381,1786172705.381,TRACKING,6.502,0.876,-2.097,0.00,0.450,-0.000,0.000,0.000,0.000,0.000,0.39,10.77567503,106.67094852,10.51,"10°46'32.43""N, 106°40'15.41""E",FIX,
14:05:05.460,1786172705.461,TRACKING,6.494,0.862,-2.097,0.00,0.450,-0.000,0.000,0.000,0.000,0.000,0.41,10.77567503,106.67094852,10.51,"10°46'32.43""N, 106°40'15.41""E",FIX,
14:05:05.533,1786172705.534,TRACKING,6.487,0.849,-2.097,0.00,0.450,-0.000,0.000,0.000,0.000,0.000,0.42,10.77567468,106.67094831,10.51,"10°46'32.43""N, 106°40'15.41""E",FIX,
14:05:05.590,1786172705.590,TRACKING,6.479,0.836,-2.097,0.00,0.450,-0.000,0.000,0.000,0.000,0.000,0.44,10.77567468,106.67094831,10.51,"10°46'32.43""N, 106°40'15.41""E",FIX,
14:05:05.674,1786172705.674,TRACKING,6.471,0.823,-2.097,0.00,0.450,-0.000,0.000,0.000,0.000,0.000,0.45,10.77567468,106.67094831,10.51,"10°46'32.43""N, 106°40'15.41""E",FIX,
14:05:05.743,1786172705.743,TRACKING,6.464,0.809,-2.097,0.00,0.450,-0.000,0.000,0.000,0.000,0.000,0.47,10.77567433,106.67094811,10.51,"10°46'32.43""N, 106°40'15.41""E",FIX,
14:05:05.818,1786172705.818,TRACKING,6.456,0.796,-2.097,0.00,0.450,-0.000,0.000,0.000,0.000,0.000,0.48,10.77567433,106.67094811,10.51,"10°46'32.43""N, 106°40'15.41""E",FIX,
14:05:05.890,1786172705.890,TRACKING,6.448,0.783,-2.097,0.00,0.450,-0.000,0.000,0.000,0.000,0.000,0.50,10.77567433,106.67094811,10.51,"10°46'32.43""N, 106°40'15.41""E",FIX,
14:05:05.963,1786172705.963,TRACKING,6.440,0.770,-2.097,0.00,0.450,-0.000,0.000,0.000,0.000,0.000,0.52,10.77567398,106.67094790,10.51,"10°46'32.43""N, 106°40'15.41""E",FIX,
14:05:06.035,1786172706.035,TRACKING,6.433,0.756,-2.097,0.00,0.450,-0.000,0.000,0.000,0.000,0.000,0.53,10.77567398,106.67094790,10.51,"10°46'32.43""N, 106°40'15.41""E",FIX,
14:05:06.109,1786172706.110,TRACKING,6.425,0.743,-2.097,0.00,0.450,-0.000,0.000,0.000,0.000,0.000,0.55,10.77567398,106.67094790,10.51,"10°46'32.43""N, 106°40'15.41""E",FIX,
14:05:06.183,1786172706.183,TRACKING,6.417,0.730,-2.097,0.00,0.450,-0.000,0.000,0.000,0.000,0.000,0.56,10.77567363,106.67094769,10.51,"10°46'32.43""N, 106°40'15.41""E",FIX,
14:05:06.251,1786172706.251,TRACKING,6.410,0.717,-2.097,0.00,0.450,-0.000,0.000,0.000,0.000,0.000,0.58,10.77567363,106.67094769,10.51,"10°46'32.43""N, 106°40'15.41""E",FIX,
14:05:06.308,1786172706.309,TRACKING,6.406,0.710,-2.097,0.00,0.450,-0.000,0.000,0.000,0.000,0.000,0.58,10.77567363,106.67094769,10.51,"10°46'32.43""N, 106°40'15.41""E",FIX,
14:05:06.392,1786172706.392,TRACKING,6.398,0.697,-2.097,0.00,0.450,-0.000,0.000,0.000,0.000,0.000,0.60,10.77567328,106.67094749,10.51,"10°46'32.42""N, 106°40'15.41""E",FIX,
14:05:06.470,1786172706.471,TRACKING,6.387,0.677,-2.097,0.00,0.450,-0.000,0.000,0.000,0.000,0.000,0.62,10.77567328,106.67094749,10.51,"10°46'32.42""N, 106°40'15.41""E",FIX,
14:05:06.547,1786172706.548,TRACKING,6.379,0.664,-2.097,0.00,0.450,-0.000,0.000,0.000,0.000,0.000,0.64,10.77567328,106.67094749,10.51,"10°46'32.42""N, 106°40'15.41""E",FIX,
14:05:06.624,1786172706.625,TRACKING,6.371,0.651,-2.097,0.00,0.450,-0.000,0.000,0.000,0.000,0.000,0.65,10.77567292,106.67094728,10.51,"10°46'32.42""N, 106°40'15.41""E",FIX,
14:05:06.696,1786172706.696,TRACKING,6.364,0.637,-2.097,0.00,0.450,-0.000,0.000,0.000,0.000,0.000,0.67,10.77567292,106.67094728,10.51,"10°46'32.42""N, 106°40'15.41""E",FIX,
14:05:06.747,1786172706.748,TRACKING,6.360,0.631,-2.097,0.00,0.450,-0.000,0.000,0.000,0.000,0.000,0.68,10.77567292,106.67094728,10.51,"10°46'32.42""N, 106°40'15.41""E",FIX,
14:05:06.827,1786172706.827,TRACKING,6.352,0.618,-2.097,0.00,0.450,-0.000,0.000,0.000,0.000,0.000,0.69,10.77567257,106.67094707,10.51,"10°46'32.42""N, 106°40'15.41""E",FIX,
14:05:06.904,1786172706.904,TRACKING,6.344,0.604,-2.097,0.00,0.450,-0.000,0.000,0.000,0.000,0.000,0.71,10.77567257,106.67094707,10.51,"10°46'32.42""N, 106°40'15.41""E",FIX,
14:05:06.962,1786172706.962,TRACKING,6.337,0.591,-2.097,0.00,0.450,-0.000,0.000,0.000,0.000,0.000,0.72,10.77567257,106.67094707,10.51,"10°46'32.42""N, 106°40'15.41""E",FIX,
14:05:07.047,1786172707.047,TRACKING,6.329,0.578,-2.097,0.00,0.450,-0.000,0.000,0.000,0.000,0.000,0.74,10.77567222,106.67094687,10.51,"10°46'32.42""N, 106°40'15.41""E",FIX,
14:05:07.128,1786172707.128,TRACKING,6.321,0.565,-2.097,0.00,0.450,-0.000,0.000,0.000,0.000,0.000,0.75,10.77567222,106.67094687,10.51,"10°46'32.42""N, 106°40'15.41""E",FIX,
14:05:07.202,1786172707.202,TRACKING,6.314,0.551,-2.097,0.00,0.450,-0.000,0.000,0.000,0.000,0.000,0.77,10.77567222,106.67094687,10.51,"10°46'32.42""N, 106°40'15.41""E",FIX,
14:05:07.281,1786172707.281,TRACKING,6.306,0.538,-2.097,0.00,0.450,-0.000,0.000,0.000,0.000,0.000,0.78,10.77567187,106.67094666,10.51,"10°46'32.42""N, 106°40'15.41""E",FIX,
14:05:07.348,1786172707.348,TRACKING,6.298,0.525,-2.097,0.00,0.450,-0.000,0.000,0.000,0.000,0.000,0.80,10.77567187,106.67094666,10.51,"10°46'32.42""N, 106°40'15.41""E",FIX,
14:05:07.422,1786172707.422,TRACKING,6.291,0.512,-2.097,0.00,0.450,-0.000,0.000,0.000,0.000,0.000,0.81,10.77567187,106.67094666,10.51,"10°46'32.42""N, 106°40'15.41""E",FIX,
14:05:07.490,1786172707.490,TRACKING,6.283,0.499,-2.097,0.00,0.450,-0.000,0.000,0.000,0.000,0.000,0.83,10.77567152,106.67094645,10.51,"10°46'32.42""N, 106°40'15.41""E",FIX,
14:05:07.570,1786172707.571,TRACKING,6.275,0.485,-2.097,0.00,0.450,-0.000,0.000,0.000,0.000,0.000,0.84,10.77567152,106.67094645,10.51,"10°46'32.42""N, 106°40'15.41""E",FIX,
14:05:07.640,1786172707.640,TRACKING,6.267,0.472,-2.097,0.00,0.450,-0.000,0.000,0.000,0.000,0.000,0.86,10.77567152,106.67094645,10.51,"10°46'32.42""N, 106°40'15.41""E",FIX,
14:05:07.711,1786172707.711,TRACKING,6.260,0.459,-2.097,0.00,0.450,-0.000,0.000,0.000,0.000,0.000,0.87,10.77567117,106.67094625,10.51,"10°46'32.42""N, 106°40'15.41""E",FIX,
14:05:07.779,1786172707.779,TRACKING,6.256,0.452,-2.097,0.00,0.450,-0.000,0.000,0.000,0.000,0.000,0.88,10.77567117,106.67094625,10.51,"10°46'32.42""N, 106°40'15.41""E",FIX,
14:05:07.849,1786172707.849,TRACKING,6.248,0.439,-2.097,0.00,0.450,-0.000,0.000,0.000,0.000,0.000,0.90,10.77567117,106.67094625,10.51,"10°46'32.42""N, 106°40'15.41""E",FIX,
14:05:07.921,1786172707.922,TRACKING,6.241,0.426,-2.097,0.00,0.450,-0.000,0.000,0.000,0.000,0.000,0.91,10.77567081,106.67094604,10.51,"10°46'32.41""N, 106°40'15.41""E",FIX,
14:05:07.986,1786172707.986,TRACKING,6.233,0.413,-2.097,0.00,0.450,-0.000,0.000,0.000,0.000,0.000,0.93,10.77567081,106.67094604,10.51,"10°46'32.41""N, 106°40'15.41""E",FIX,
14:05:08.068,1786172708.069,TRACKING,6.225,0.399,-2.097,0.00,0.450,-0.000,0.000,0.000,0.000,0.000,0.94,10.77567081,106.67094604,10.51,"10°46'32.41""N, 106°40'15.41""E",FIX,
14:05:08.146,1786172708.146,TRACKING,6.217,0.386,-2.097,0.00,0.450,-0.000,0.000,0.000,0.000,0.000,0.96,10.77567046,106.67094583,10.51,"10°46'32.41""N, 106°40'15.40""E",FIX,
14:05:08.220,1786172708.221,TRACKING,6.210,0.373,-2.097,0.00,0.450,-0.000,0.000,0.000,0.000,0.000,0.97,10.77567046,106.67094583,10.51,"10°46'32.41""N, 106°40'15.40""E",FIX,
14:05:08.280,1786172708.281,TRACKING,6.202,0.360,-2.097,0.00,0.450,-0.000,0.000,0.000,0.000,0.000,0.99,10.77567046,106.67094583,10.51,"10°46'32.41""N, 106°40'15.40""E",FIX,
14:05:08.360,1786172708.361,TRACKING,6.194,0.346,-2.097,0.00,0.450,-0.000,0.000,0.000,0.000,0.000,1.00,10.77567011,106.67094562,10.51,"10°46'32.41""N, 106°40'15.40""E",FIX,
14:05:08.433,1786172708.433,TRACKING,6.187,0.333,-2.097,0.00,0.450,-0.000,0.000,0.000,0.000,0.000,1.02,10.77567011,106.67094562,10.51,"10°46'32.41""N, 106°40'15.40""E",FIX,
14:05:08.489,1786172708.490,TRACKING,6.179,0.320,-2.097,0.00,0.450,-0.000,0.000,0.000,0.000,0.000,1.04,10.77567011,106.67094562,10.51,"10°46'32.41""N, 106°40'15.40""E",FIX,
14:05:08.578,1786172708.578,TRACKING,6.171,0.307,-2.097,0.00,0.450,-0.000,0.000,0.000,0.000,0.000,1.05,10.77566976,106.67094542,10.51,"10°46'32.41""N, 106°40'15.40""E",FIX,
14:05:08.644,1786172708.645,TRACKING,6.164,0.294,-2.097,0.00,0.450,-0.000,0.000,0.000,0.000,0.000,1.07,10.77566976,106.67094542,10.51,"10°46'32.41""N, 106°40'15.40""E",FIX,
14:05:08.722,1786172708.722,TRACKING,6.156,0.280,-2.097,0.00,0.450,-0.000,0.000,0.000,0.000,0.000,1.08,10.77566976,106.67094542,10.51,"10°46'32.41""N, 106°40'15.40""E",FIX,
14:05:08.791,1786172708.792,TRACKING,6.148,0.267,-2.097,0.00,0.450,-0.000,0.000,0.000,0.000,0.000,1.10,10.77566941,106.67094521,10.51,"10°46'32.41""N, 106°40'15.40""E",FIX,
14:05:08.851,1786172708.851,TRACKING,6.144,0.260,-2.097,0.00,0.450,-0.000,0.000,0.000,0.000,0.000,1.10,10.77566941,106.67094521,10.51,"10°46'32.41""N, 106°40'15.40""E",FIX,
14:05:08.931,1786172708.932,TRACKING,6.133,0.241,-2.097,0.00,0.450,-0.000,0.000,0.000,0.000,0.000,1.13,10.77566941,106.67094521,10.51,"10°46'32.41""N, 106°40'15.40""E",FIX,
14:05:09.008,1786172709.008,TRACKING,6.125,0.227,-2.097,0.00,0.450,-0.000,0.000,0.000,0.000,0.000,1.14,10.77566906,106.67094500,10.51,"10°46'32.41""N, 106°40'15.40""E",FIX,
14:05:09.082,1786172709.083,TRACKING,6.117,0.214,-2.097,0.00,0.450,-0.000,0.000,0.000,0.000,0.000,1.16,10.77566906,106.67094500,10.51,"10°46'32.41""N, 106°40'15.40""E",FIX,
14:05:09.156,1786172709.156,TRACKING,6.114,0.208,-2.097,0.00,0.450,-0.000,0.000,0.000,0.000,0.000,1.17,10.77566906,106.67094500,10.51,"10°46'32.41""N, 106°40'15.40""E",FIX,
14:05:09.232,1786172709.232,TRACKING,6.106,0.194,-2.097,0.00,0.450,-0.000,0.000,0.000,0.000,0.000,1.18,10.77566870,106.67094480,10.51,"10°46'32.41""N, 106°40'15.40""E",FIX,
14:05:09.308,1786172709.309,TRACKING,6.098,0.181,-2.097,0.00,0.450,-0.000,0.000,0.000,0.000,0.000,1.20,10.77566870,106.67094480,10.51,"10°46'32.41""N, 106°40'15.40""E",FIX,
14:05:09.375,1786172709.376,TRACKING,6.091,0.168,-2.097,0.00,0.450,-0.000,0.000,0.000,0.000,0.000,1.21,10.77566870,106.67094480,10.51,"10°46'32.41""N, 106°40'15.40""E",FIX,
14:05:09.444,1786172709.444,TRACKING,6.083,0.155,-2.097,0.00,0.450,-0.000,0.000,0.000,0.000,0.000,1.23,10.77566870,106.67094480,10.51,"10°46'32.41""N, 106°40'15.40""E",FIX,
14:05:09.519,1786172709.520,TRACKING,6.075,0.141,-2.097,0.00,0.450,-0.000,0.000,0.000,0.000,0.000,1.24,10.77566835,106.67094459,10.51,"10°46'32.41""N, 106°40'15.40""E",FIX,
14:05:09.587,1786172709.588,TRACKING,6.068,0.128,-2.097,0.00,0.450,-0.000,0.000,0.000,0.000,0.000,1.26,10.77566835,106.67094459,10.51,"10°46'32.41""N, 106°40'15.40""E",FIX,
14:05:09.669,1786172709.670,TRACKING,6.060,0.115,-2.097,0.00,0.450,-0.000,0.000,0.000,0.000,0.000,1.27,10.77566835,106.67094459,10.51,"10°46'32.41""N, 106°40'15.40""E",FIX,
14:05:09.739,1786172709.740,TRACKING,6.052,0.102,-2.097,0.00,0.450,-0.000,0.000,0.000,0.000,0.000,1.29,10.77566800,106.67094438,10.51,"10°46'32.40""N, 106°40'15.40""E",FIX,
14:05:09.811,1786172709.811,TRACKING,6.044,0.089,-2.097,0.00,0.450,-0.000,0.000,0.000,0.000,0.000,1.30,10.77566800,106.67094438,10.51,"10°46'32.40""N, 106°40'15.40""E",FIX,
14:05:09.880,1786172709.881,TRACKING,6.037,0.075,-2.097,0.00,0.450,-0.000,0.000,0.000,0.000,0.000,1.32,10.77566800,106.67094438,10.51,"10°46'32.40""N, 106°40'15.40""E",FIX,
14:05:09.954,1786172709.955,TRACKING,6.029,0.062,-2.097,0.00,0.450,-0.000,0.000,0.000,0.000,0.000,1.33,10.77566765,106.67094418,10.51,"10°46'32.40""N, 106°40'15.40""E",FIX,
14:05:10.028,1786172710.029,TRACKING,6.021,0.049,-2.097,0.00,0.450,-0.000,0.000,0.000,0.000,0.000,1.35,10.77566765,106.67094418,10.51,"10°46'32.40""N, 106°40'15.40""E",FIX,
14:05:10.098,1786172710.099,TRACKING,6.014,0.036,-2.097,0.00,0.450,-0.000,0.000,0.000,0.000,0.000,1.36,10.77566765,106.67094418,10.51,"10°46'32.40""N, 106°40'15.40""E",FIX,
14:05:10.174,1786172710.174,TRACKING,6.006,0.022,-2.097,0.00,0.450,-0.000,0.000,0.000,0.000,0.000,1.38,10.77566730,106.67094397,10.51,"10°46'32.40""N, 106°40'15.40""E",FIX,
14:05:10.244,1786172710.245,TRACKING,5.998,0.009,-2.097,0.00,0.450,-0.000,0.000,0.000,0.000,0.000,1.40,10.77566730,106.67094397,10.51,"10°46'32.40""N, 106°40'15.40""E",FIX,
14:05:10.319,1786172710.319,TRACKING,5.991,-0.004,-2.097,0.00,0.450,-0.000,0.000,0.000,0.000,0.000,1.41,10.77566730,106.67094397,10.51,"10°46'32.40""N, 106°40'15.40""E",FIX,
14:05:10.375,1786172710.375,TRACKING,5.987,-0.011,-2.097,0.00,0.450,-0.000,0.000,0.000,0.000,0.000,1.42,10.77566695,106.67094376,10.51,"10°46'32.40""N, 106°40'15.40""E",FIX,
14:05:10.462,1786172710.463,TRACKING,5.979,-0.024,-2.097,0.00,0.450,-0.000,0.000,0.000,0.000,0.000,1.43,10.77566695,106.67094376,10.51,"10°46'32.40""N, 106°40'15.40""E",FIX,
14:05:10.534,1786172710.535,TRACKING,5.971,-0.037,-2.097,0.00,0.450,-0.000,0.000,0.000,0.000,0.000,1.45,10.77566695,106.67094376,10.51,"10°46'32.40""N, 106°40'15.40""E",FIX,
14:05:10.626,1786172710.627,TRACKING,5.964,-0.050,-2.097,0.00,0.450,-0.000,0.000,0.000,0.000,0.000,1.46,10.77566659,106.67094356,10.51,"10°46'32.40""N, 106°40'15.40""E",FIX,
14:05:10.681,1786172710.682,TRACKING,5.956,-0.064,-2.097,0.00,0.450,-0.000,0.000,0.000,0.000,0.000,1.48,10.77566659,106.67094356,10.51,"10°46'32.40""N, 106°40'15.40""E",FIX,
14:05:10.753,1786172710.753,TRACKING,5.948,-0.077,-2.097,0.00,0.450,-0.000,0.000,0.000,0.000,0.000,1.49,10.77566659,106.67094356,10.51,"10°46'32.40""N, 106°40'15.40""E",FIX,
14:05:10.826,1786172710.826,TRACKING,5.941,-0.090,-2.097,0.00,0.450,-0.000,0.000,0.000,0.000,0.000,1.51,10.77566624,106.67094335,10.51,"10°46'32.40""N, 106°40'15.40""E",FIX,
14:05:10.904,1786172710.905,TRACKING,5.933,-0.103,-2.097,0.00,0.450,-0.000,0.000,0.000,0.000,0.000,1.53,10.77566624,106.67094335,10.51,"10°46'32.40""N, 106°40'15.40""E",FIX,
14:05:10.979,1786172710.979,TRACKING,5.925,-0.117,-2.097,0.00,0.450,-0.000,0.000,0.000,0.000,0.000,1.54,10.77566624,106.67094335,10.51,"10°46'32.40""N, 106°40'15.40""E",FIX,
14:05:11.050,1786172711.050,TRACKING,5.918,-0.130,-2.097,0.00,0.450,-0.000,0.000,0.000,0.000,0.000,1.56,10.77566589,106.67094314,10.51,"10°46'32.40""N, 106°40'15.40""E",FIX,
14:05:11.124,1786172711.125,TRACKING,5.910,-0.143,-2.097,0.00,0.450,-0.000,0.000,0.000,0.000,0.000,1.57,10.77566589,106.67094314,10.51,"10°46'32.40""N, 106°40'15.40""E",FIX,
14:05:11.199,1786172711.199,TRACKING,5.902,-0.156,-2.097,0.00,0.450,-0.000,0.000,0.000,0.000,0.000,1.59,10.77566589,106.67094314,10.51,"10°46'32.40""N, 106°40'15.40""E",FIX,
14:05:11.270,1786172711.270,TRACKING,5.894,-0.169,-2.097,0.00,0.450,-0.000,0.000,0.000,0.000,0.000,1.60,10.77566554,106.67094294,10.51,"10°46'32.40""N, 106°40'15.39""E",FIX,
14:05:11.334,1786172711.334,TRACKING,5.891,-0.176,-2.097,0.00,0.450,-0.000,0.000,0.000,0.000,0.000,1.61,10.77566554,106.67094294,10.51,"10°46'32.40""N, 106°40'15.39""E",FIX,
14:05:11.403,1786172711.404,TRACKING,5.883,-0.189,-2.097,0.00,0.450,-0.000,0.000,0.000,0.000,0.000,1.62,10.77566554,106.67094294,10.51,"10°46'32.40""N, 106°40'15.39""E",FIX,
14:05:11.480,1786172711.480,TRACKING,5.875,-0.202,-2.097,0.00,0.450,-0.000,0.000,0.000,0.000,0.000,1.64,10.77566519,106.67094273,10.51,"10°46'32.39""N, 106°40'15.39""E",FIX,
14:05:11.558,1786172711.558,TRACKING,5.868,-0.216,-2.097,0.00,0.450,-0.000,0.000,0.000,0.000,0.000,1.66,10.77566519,106.67094273,10.51,"10°46'32.39""N, 106°40'15.39""E",FIX,
14:05:11.640,1786172711.640,TRACKING,5.860,-0.229,-2.097,0.00,0.450,-0.000,0.000,0.000,0.000,0.000,1.67,10.77566519,106.67094273,10.51,"10°46'32.39""N, 106°40'15.39""E",FIX,
14:05:11.707,1786172711.708,TRACKING,5.852,-0.242,-2.097,0.00,0.450,-0.000,0.000,0.000,0.000,0.000,1.69,10.77566484,106.67094252,10.51,"10°46'32.39""N, 106°40'15.39""E",FIX,
14:05:11.785,1786172711.786,TRACKING,5.844,-0.255,-2.097,0.00,0.450,-0.000,0.000,0.000,0.000,0.000,1.70,10.77566484,106.67094252,10.51,"10°46'32.39""N, 106°40'15.39""E",FIX,
14:05:11.853,1786172711.854,TRACKING,5.837,-0.269,-2.097,0.00,0.450,-0.000,0.000,0.000,0.000,0.000,1.72,10.77566484,106.67094252,10.51,"10°46'32.39""N, 106°40'15.39""E",FIX,
14:05:11.914,1786172711.915,TRACKING,5.829,-0.282,-2.097,0.00,0.450,-0.000,0.000,0.000,0.000,0.000,1.73,10.77566448,106.67094232,10.51,"10°46'32.39""N, 106°40'15.39""E",FIX,
14:05:11.995,1786172711.996,TRACKING,5.821,-0.295,-2.097,0.00,0.450,-0.000,0.000,0.000,0.000,0.000,1.75,10.77566448,106.67094232,10.51,"10°46'32.39""N, 106°40'15.39""E",FIX,
14:05:12.072,1786172712.072,TRACKING,5.814,-0.308,-2.097,0.00,0.450,-0.000,0.000,0.000,0.000,0.000,1.76,10.77566448,106.67094232,10.51,"10°46'32.39""N, 106°40'15.39""E",FIX,
14:05:12.138,1786172712.139,TRACKING,5.806,-0.322,-2.097,0.00,0.450,-0.000,0.000,0.000,0.000,0.000,1.78,10.77566413,106.67094211,10.51,"10°46'32.39""N, 106°40'15.39""E",FIX,
14:05:12.220,1786172712.221,TRACKING,5.798,-0.335,-2.097,0.00,0.450,-0.000,0.000,0.000,0.000,0.000,1.79,10.77566413,106.67094211,10.51,"10°46'32.39""N, 106°40'15.39""E",FIX,
14:05:12.281,1786172712.281,TRACKING,5.791,-0.348,-2.097,0.00,0.450,-0.000,0.000,0.000,0.000,0.000,1.81,10.77566413,106.67094211,10.51,"10°46'32.39""N, 106°40'15.39""E",FIX,
14:05:12.361,1786172712.362,TRACKING,5.783,-0.361,-2.097,0.00,0.450,-0.000,0.000,0.000,0.000,0.000,1.82,10.77566378,106.67094190,10.51,"10°46'32.39""N, 106°40'15.39""E",FIX,
14:05:12.430,1786172712.430,TRACKING,5.775,-0.374,-2.097,0.00,0.450,-0.000,0.000,0.000,0.000,0.000,1.84,10.77566378,106.67094190,10.51,"10°46'32.39""N, 106°40'15.39""E",FIX,
14:05:12.498,1786172712.499,TRACKING,5.768,-0.388,-2.097,0.00,0.450,-0.000,0.000,0.000,0.000,0.000,1.85,10.77566378,106.67094190,10.51,"10°46'32.39""N, 106°40'15.39""E",FIX,
14:05:12.569,1786172712.569,TRACKING,5.760,-0.401,-2.097,0.00,0.450,-0.000,0.000,0.000,0.000,0.000,1.87,10.77566343,106.67094170,10.51,"10°46'32.39""N, 106°40'15.39""E",FIX,
14:05:12.641,1786172712.641,TRACKING,5.752,-0.414,-2.097,0.00,0.450,-0.000,0.000,0.000,0.000,0.000,1.88,10.77566343,106.67094170,10.51,"10°46'32.39""N, 106°40'15.39""E",FIX,
14:05:12.707,1786172712.708,TRACKING,5.748,-0.421,-2.097,0.00,0.450,-0.000,0.000,0.000,0.000,0.000,1.89,10.77566343,106.67094170,10.51,"10°46'32.39""N, 106°40'15.39""E",FIX,
14:05:12.788,1786172712.789,TRACKING,5.737,-0.441,-2.097,0.00,0.450,-0.000,0.000,0.000,0.000,0.000,1.92,10.77566308,106.67094149,10.51,"10°46'32.39""N, 106°40'15.39""E",FIX,
14:05:12.846,1786172712.846,TRACKING,5.733,-0.447,-2.097,0.00,0.450,-0.000,0.000,0.000,0.000,0.000,1.92,10.77566308,106.67094149,10.51,"10°46'32.39""N, 106°40'15.39""E",FIX,
14:05:12.926,1786172712.926,TRACKING,5.725,-0.460,-2.097,0.00,0.450,-0.000,0.000,0.000,0.000,0.000,1.94,10.77566308,106.67094149,10.51,"10°46'32.39""N, 106°40'15.39""E",FIX,
14:05:12.993,1786172712.994,TRACKING,5.718,-0.474,-2.097,0.00,0.450,-0.000,0.000,0.000,0.000,0.000,1.95,10.77566273,106.67094128,10.51,"10°46'32.39""N, 106°40'15.39""E",FIX,
14:05:13.071,1786172713.071,TRACKING,5.710,-0.487,-2.097,0.00,0.450,-0.000,0.000,0.000,0.000,0.000,1.97,10.77566273,106.67094128,10.51,"10°46'32.39""N, 106°40'15.39""E",FIX,
14:05:13.128,1786172713.129,TRACKING,5.702,-0.500,-2.097,0.00,0.450,-0.000,0.000,0.000,0.000,0.000,1.98,10.77566273,106.67094128,10.51,"10°46'32.39""N, 106°40'15.39""E",FIX,
14:05:13.216,1786172713.216,TRACKING,5.695,-0.513,-2.097,0.00,0.450,-0.000,0.000,0.000,0.000,0.000,2.00,10.77566237,106.67094108,10.51,"10°46'32.38""N, 106°40'15.39""E",FIX,
14:05:13.280,1786172713.281,TRACKING,5.687,-0.527,-2.097,0.00,0.450,-0.000,0.000,0.000,0.000,0.000,2.01,10.77566237,106.67094108,10.51,"10°46'32.38""N, 106°40'15.39""E",FIX,
14:05:13.346,1786172713.346,TRACKING,5.679,-0.540,-2.097,0.00,0.450,-0.000,0.000,0.000,0.000,0.000,2.03,10.77566237,106.67094108,10.51,"10°46'32.38""N, 106°40'15.39""E",FIX,
14:05:13.424,1786172713.425,TRACKING,5.671,-0.553,-2.097,0.00,0.450,-0.000,0.000,0.000,0.000,0.000,2.05,10.77566202,106.67094087,10.51,"10°46'32.38""N, 106°40'15.39""E",FIX,
14:05:13.502,1786172713.503,TRACKING,5.664,-0.566,-2.097,0.00,0.450,-0.000,0.000,0.000,0.000,0.000,2.06,10.77566202,106.67094087,10.51,"10°46'32.38""N, 106°40'15.39""E",FIX,
14:05:13.582,1786172713.582,TRACKING,5.656,-0.579,-2.097,0.00,0.450,-0.000,0.000,0.000,0.000,0.000,2.08,10.77566202,106.67094087,10.51,"10°46'32.38""N, 106°40'15.39""E",FIX,
14:05:13.647,1786172713.648,TRACKING,5.648,-0.593,-2.097,0.00,0.450,-0.000,0.000,0.000,0.000,0.000,2.09,10.77566167,106.67094066,10.51,"10°46'32.38""N, 106°40'15.39""E",FIX,
14:05:13.721,1786172713.721,TRACKING,5.641,-0.606,-2.097,0.00,0.450,-0.000,0.000,0.000,0.000,0.000,2.11,10.77566167,106.67094066,10.51,"10°46'32.38""N, 106°40'15.39""E",FIX,
14:05:13.801,1786172713.802,TRACKING,5.633,-0.619,-2.097,0.00,0.450,-0.000,0.000,0.000,0.000,0.000,2.12,10.77566167,106.67094066,10.51,"10°46'32.38""N, 106°40'15.39""E",FIX,
14:05:13.873,1786172713.873,TRACKING,5.625,-0.632,-2.097,0.00,0.450,-0.000,0.000,0.000,0.000,0.000,2.14,10.77566132,106.67094045,10.51,"10°46'32.38""N, 106°40'15.39""E",FIX,
14:05:13.949,1786172713.950,TRACKING,5.621,-0.639,-2.097,0.00,0.450,-0.000,0.000,0.000,0.000,0.000,2.14,10.77566132,106.67094045,10.51,"10°46'32.38""N, 106°40'15.39""E",FIX,
14:05:14.012,1786172714.013,TRACKING,5.614,-0.652,-2.097,0.00,0.450,-0.000,0.000,0.000,0.000,0.000,2.16,10.77566132,106.67094045,10.51,"10°46'32.38""N, 106°40'15.39""E",FIX,
14:05:14.085,1786172714.085,TRACKING,5.606,-0.665,-2.097,0.00,0.450,-0.000,0.000,0.000,0.000,0.000,2.18,10.77566097,106.67094025,10.51,"10°46'32.38""N, 106°40'15.38""E",FIX,
14:05:14.164,1786172714.165,TRACKING,5.598,-0.679,-2.097,0.00,0.450,-0.000,0.000,0.000,0.000,0.000,2.19,10.77566097,106.67094025,10.51,"10°46'32.38""N, 106°40'15.38""E",FIX,
14:05:14.239,1786172714.239,TRACKING,5.591,-0.692,-2.097,0.00,0.450,-0.000,0.000,0.000,0.000,0.000,2.21,10.77566097,106.67094025,10.51,"10°46'32.38""N, 106°40'15.38""E",FIX,
14:05:14.303,1786172714.304,TRACKING,5.583,-0.705,-2.097,0.00,0.450,-0.000,0.000,0.000,0.000,0.000,2.22,10.77566061,106.67094004,10.51,"10°46'32.38""N, 106°40'15.38""E",FIX,
14:05:14.381,1786172714.382,TRACKING,5.575,-0.718,-2.097,0.00,0.450,-0.000,0.000,0.000,0.000,0.000,2.24,10.77566061,106.67094004,10.51,"10°46'32.38""N, 106°40'15.38""E",FIX,
14:05:14.458,1786172714.458,TRACKING,5.568,-0.732,-2.097,0.00,0.450,-0.000,0.000,0.000,0.000,0.000,2.25,10.77566061,106.67094004,10.51,"10°46'32.38""N, 106°40'15.38""E",FIX,
14:05:14.525,1786172714.525,TRACKING,5.560,-0.745,-2.097,0.00,0.450,-0.000,0.000,0.000,0.000,0.000,2.27,10.77566026,106.67093983,10.51,"10°46'32.38""N, 106°40'15.38""E",FIX,
14:05:14.603,1786172714.603,TRACKING,5.552,-0.758,-2.097,0.00,0.450,-0.000,0.000,0.000,0.000,0.000,2.28,10.77566026,106.67093983,10.51,"10°46'32.38""N, 106°40'15.38""E",FIX,
14:05:14.673,1786172714.674,TRACKING,5.545,-0.771,-2.097,0.00,0.450,-0.000,0.000,0.000,0.000,0.000,2.30,10.77566026,106.67093983,10.51,"10°46'32.38""N, 106°40'15.38""E",FIX,
14:05:14.742,1786172714.743,TRACKING,5.537,-0.784,-2.097,0.00,0.450,-0.000,0.000,0.000,0.000,0.000,2.31,10.77565991,106.67093963,10.51,"10°46'32.38""N, 106°40'15.38""E",FIX,
14:05:14.808,1786172714.809,TRACKING,5.533,-0.791,-2.097,0.00,0.450,-0.000,0.000,0.000,0.000,0.000,2.32,10.77565991,106.67093963,10.51,"10°46'32.38""N, 106°40'15.38""E",FIX,
14:05:14.895,1786172714.895,TRACKING,5.522,-0.811,-2.097,0.00,0.450,-0.000,0.000,0.000,0.000,0.000,2.34,10.77565991,106.67093963,10.51,"10°46'32.38""N, 106°40'15.38""E",FIX,
14:05:14.967,1786172714.967,TRACKING,5.514,-0.824,-2.097,0.00,0.450,-0.000,0.000,0.000,0.000,0.000,2.36,10.77565956,106.67093942,10.51,"10°46'32.37""N, 106°40'15.38""E",FIX,
14:05:15.034,1786172715.035,TRACKING,5.506,-0.837,-2.097,0.00,0.450,-0.000,0.000,0.000,0.000,0.000,2.37,10.77565956,106.67093942,10.51,"10°46'32.37""N, 106°40'15.38""E",FIX,
14:05:15.096,1786172715.097,TRACKING,5.502,-0.844,-2.097,0.00,0.450,-0.000,0.000,0.000,0.000,0.000,2.38,10.77565956,106.67093942,10.51,"10°46'32.37""N, 106°40'15.38""E",FIX,
14:05:15.174,1786172715.175,TRACKING,5.491,-0.864,-2.097,0.00,0.450,-0.000,0.000,0.000,0.000,0.000,2.40,10.77565921,106.67093921,10.51,"10°46'32.37""N, 106°40'15.38""E",FIX,
14:05:15.241,1786172715.242,TRACKING,5.487,-0.870,-2.097,0.00,0.450,-0.000,0.000,0.000,0.000,0.000,2.41,10.77565921,106.67093921,10.51,"10°46'32.37""N, 106°40'15.38""E",FIX,
14:05:15.318,1786172715.319,TRACKING,5.479,-0.884,-2.097,0.00,0.450,-0.000,0.000,0.000,0.000,0.000,2.43,10.77565921,106.67093921,10.51,"10°46'32.37""N, 106°40'15.38""E",FIX,
14:05:15.403,1786172715.403,TRACKING,5.472,-0.897,-2.097,0.00,0.450,-0.000,0.000,0.000,0.000,0.000,2.44,10.77565886,106.67093901,10.51,"10°46'32.37""N, 106°40'15.38""E",FIX,
14:05:15.471,1786172715.472,TRACKING,5.464,-0.910,-2.097,0.00,0.450,-0.000,0.000,0.000,0.000,0.000,2.46,10.77565886,106.67093901,10.51,"10°46'32.37""N, 106°40'15.38""E",FIX,
14:05:15.536,1786172715.536,TRACKING,5.456,-0.923,-2.097,0.00,0.450,-0.000,0.000,0.000,0.000,0.000,2.47,10.77565886,106.67093901,10.51,"10°46'32.37""N, 106°40'15.38""E",FIX,
14:05:15.618,1786172715.619,TRACKING,5.448,-0.937,-2.097,0.00,0.450,-0.000,0.000,0.000,0.000,0.000,2.49,10.77565850,106.67093880,10.51,"10°46'32.37""N, 106°40'15.38""E",FIX,
14:05:15.688,1786172715.689,TRACKING,5.441,-0.950,-2.097,0.00,0.450,-0.000,0.000,0.000,0.000,0.000,2.50,10.77565850,106.67093880,10.51,"10°46'32.37""N, 106°40'15.38""E",FIX,
14:05:15.750,1786172715.751,TRACKING,5.433,-0.963,-2.097,0.00,0.450,-0.000,0.000,0.000,0.000,0.000,2.52,10.77565850,106.67093880,10.51,"10°46'32.37""N, 106°40'15.38""E",FIX,
14:05:15.827,1786172715.828,TRACKING,5.425,-0.976,-2.097,0.00,0.450,-0.000,0.000,0.000,0.000,0.000,2.53,10.77565815,106.67093859,10.51,"10°46'32.37""N, 106°40'15.38""E",FIX,
14:05:15.903,1786172715.903,TRACKING,5.418,-0.989,-2.097,0.00,0.450,-0.000,0.000,0.000,0.000,0.000,2.55,10.77565815,106.67093859,10.51,"10°46'32.37""N, 106°40'15.38""E",FIX,
14:05:15.966,1786172715.967,TRACKING,5.410,-1.003,-2.097,0.00,0.450,-0.000,0.000,0.000,0.000,0.000,2.57,10.77565815,106.67093859,10.51,"10°46'32.37""N, 106°40'15.38""E",FIX,
14:05:16.042,1786172716.042,TRACKING,5.402,-1.016,-2.097,0.00,0.450,-0.000,0.000,0.000,0.000,0.000,2.58,10.77565780,106.67093839,10.51,"10°46'32.37""N, 106°40'15.38""E",FIX,
14:05:16.112,1786172716.113,TRACKING,5.395,-1.029,-2.097,0.00,0.450,-0.000,0.000,0.000,0.000,0.000,2.60,10.77565780,106.67093839,10.51,"10°46'32.37""N, 106°40'15.38""E",FIX,
14:05:16.181,1786172716.181,TRACKING,5.387,-1.042,-2.097,0.00,0.450,-0.000,0.000,0.000,0.000,0.000,2.61,10.77565780,106.67093839,10.51,"10°46'32.37""N, 106°40'15.38""E",FIX,
14:05:16.254,1786172716.254,TRACKING,5.379,-1.056,-2.097,0.00,0.450,-0.000,0.000,0.000,0.000,0.000,2.63,10.77565745,106.67093818,10.51,"10°46'32.37""N, 106°40'15.38""E",FIX,
14:05:16.320,1786172716.320,TRACKING,5.372,-1.069,-2.097,0.00,0.450,-0.000,0.000,0.000,0.000,0.000,2.64,10.77565745,106.67093818,10.51,"10°46'32.37""N, 106°40'15.38""E",FIX,
14:05:16.393,1786172716.393,TRACKING,5.364,-1.082,-2.097,0.00,0.450,-0.000,0.000,0.000,0.000,0.000,2.66,10.77565745,106.67093818,10.51,"10°46'32.37""N, 106°40'15.38""E",FIX,
14:05:16.465,1786172716.465,TRACKING,5.356,-1.095,-2.097,0.00,0.450,-0.000,0.000,0.000,0.000,0.000,2.67,10.77565710,106.67093797,10.51,"10°46'32.37""N, 106°40'15.38""E",FIX,
14:05:16.531,1786172716.532,TRACKING,5.352,-1.102,-2.097,0.00,0.450,-0.000,0.000,0.000,0.000,0.000,2.68,10.77565710,106.67093797,10.51,"10°46'32.37""N, 106°40'15.38""E",FIX,
14:05:16.608,1786172716.608,TRACKING,5.345,-1.115,-2.097,0.00,0.450,-0.000,0.000,0.000,0.000,0.000,2.70,10.77565710,106.67093797,10.51,"10°46'32.37""N, 106°40'15.38""E",FIX,
14:05:16.682,1786172716.683,TRACKING,5.337,-1.128,-2.097,0.00,0.450,-0.000,0.000,0.000,0.000,0.000,2.71,10.77565710,106.67093797,10.51,"10°46'32.37""N, 106°40'15.38""E",FIX,
14:05:16.751,1786172716.751,TRACKING,5.329,-1.142,-2.097,0.00,0.450,-0.000,0.000,0.000,0.000,0.000,2.73,10.77565675,106.67093777,10.51,"10°46'32.36""N, 106°40'15.38""E",FIX,
14:05:16.820,1786172716.821,TRACKING,5.322,-1.155,-2.097,0.00,0.450,-0.000,0.000,0.000,0.000,0.000,2.74,10.77565675,106.67093777,10.51,"10°46'32.36""N, 106°40'15.38""E",FIX,
14:05:16.882,1786172716.882,TRACKING,5.314,-1.168,-2.097,0.00,0.450,-0.000,0.000,0.000,0.000,0.000,2.76,10.77565675,106.67093777,10.51,"10°46'32.36""N, 106°40'15.38""E",FIX,
14:05:16.961,1786172716.961,TRACKING,5.306,-1.181,-2.097,0.00,0.450,-0.000,0.000,0.000,0.000,0.000,2.77,10.77565639,106.67093756,10.51,"10°46'32.36""N, 106°40'15.38""E",FIX,
14:05:17.031,1786172717.032,TRACKING,5.298,-1.195,-2.097,0.00,0.450,-0.000,0.000,0.000,0.000,0.000,2.79,10.77565639,106.67093756,10.51,"10°46'32.36""N, 106°40'15.38""E",FIX,
14:05:17.113,1786172717.113,TRACKING,5.291,-1.208,-2.097,0.00,0.450,-0.000,0.000,0.000,0.000,0.000,2.80,10.77565604,106.67093735,10.51,"10°46'32.36""N, 106°40'15.37""E",FIX,
14:05:17.174,1786172717.174,TRACKING,5.283,-1.221,-2.097,0.00,0.450,-0.000,0.000,0.000,0.000,0.000,2.82,10.77565604,106.67093735,10.51,"10°46'32.36""N, 106°40'15.37""E",FIX,
14:05:17.266,1786172717.266,TRACKING,5.275,-1.234,-2.097,0.00,0.450,-0.000,0.000,0.000,0.000,0.000,2.83,10.77565604,106.67093735,10.51,"10°46'32.36""N, 106°40'15.37""E",FIX,
14:05:17.321,1786172717.321,TRACKING,5.268,-1.247,-2.097,0.00,0.450,-0.000,0.000,0.000,0.000,0.000,2.85,10.77565604,106.67093735,10.51,"10°46'32.36""N, 106°40'15.37""E",FIX,
14:05:17.392,1786172717.392,TRACKING,5.260,-1.261,-2.097,0.00,0.450,-0.000,0.000,0.000,0.000,0.000,2.86,10.77565569,106.67093715,10.51,"10°46'32.36""N, 106°40'15.37""E",FIX,
14:05:17.473,1786172717.473,TRACKING,5.252,-1.274,-2.097,0.00,0.450,-0.000,0.000,0.000,0.000,0.000,2.88,10.77565569,106.67093715,10.51,"10°46'32.36""N, 106°40'15.37""E",FIX,
14:05:17.549,1786172717.549,TRACKING,5.245,-1.287,-2.097,0.00,0.450,-0.000,0.000,0.000,0.000,0.000,2.89,10.77565569,106.67093715,10.51,"10°46'32.36""N, 106°40'15.37""E",FIX,
14:05:17.618,1786172717.619,TRACKING,5.237,-1.300,-2.097,0.00,0.450,-0.000,0.000,0.000,0.000,0.000,2.91,10.77565534,106.67093694,10.51,"10°46'32.36""N, 106°40'15.37""E",FIX,
14:05:17.689,1786172717.689,TRACKING,5.229,-1.314,-2.097,0.00,0.450,-0.000,0.000,0.000,0.000,0.000,2.93,10.77565534,106.67093694,10.51,"10°46'32.36""N, 106°40'15.37""E",FIX,
14:05:17.756,1786172717.757,TRACKING,5.225,-1.320,-2.097,0.00,0.450,-0.000,0.000,0.000,0.000,0.000,2.93,10.77565534,106.67093694,10.51,"10°46'32.36""N, 106°40'15.37""E",FIX,
14:05:17.829,1786172717.829,TRACKING,5.218,-1.333,-2.097,0.00,0.450,-0.000,0.000,0.000,0.000,0.000,2.95,10.77565499,106.67093673,10.51,"10°46'32.36""N, 106°40'15.37""E",FIX,
14:05:17.895,1786172717.896,TRACKING,5.210,-1.347,-2.097,0.00,0.450,-0.000,0.000,0.000,0.000,0.000,2.96,10.77565499,106.67093673,10.51,"10°46'32.36""N, 106°40'15.37""E",FIX,
14:05:17.969,1786172717.969,TRACKING,5.202,-1.360,-2.097,0.00,0.450,-0.000,0.000,0.000,0.000,0.000,2.98,10.77565499,106.67093673,10.51,"10°46'32.36""N, 106°40'15.37""E",FIX,
14:05:18.036,1786172718.036,TRACKING,5.195,-1.373,-2.097,0.00,0.450,-0.000,0.000,0.000,0.000,0.000,2.99,10.77565464,106.67093653,10.51,"10°46'32.36""N, 106°40'15.37""E",FIX,
14:05:18.112,1786172718.113,TRACKING,5.187,-1.386,-2.097,0.00,0.450,-0.000,0.000,0.000,0.000,0.000,3.01,10.77565464,106.67093653,10.51,"10°46'32.36""N, 106°40'15.37""E",FIX,
14:05:18.185,1786172718.185,TRACKING,5.179,-1.400,-2.097,0.00,0.450,-0.000,0.000,0.000,0.000,0.000,3.02,10.77565464,106.67093653,10.51,"10°46'32.36""N, 106°40'15.37""E",FIX,
14:05:18.272,1786172718.273,TRACKING,5.172,-1.413,-2.097,0.00,0.450,-0.000,0.000,0.000,0.000,0.000,3.04,10.77565428,106.67093632,10.51,"10°46'32.36""N, 106°40'15.37""E",FIX,
14:05:18.339,1786172718.339,TRACKING,5.164,-1.426,-2.097,0.00,0.450,-0.000,0.000,0.000,0.000,0.000,3.06,10.77565428,106.67093632,10.51,"10°46'32.36""N, 106°40'15.37""E",FIX,
14:05:18.404,1786172718.404,TRACKING,5.156,-1.439,-2.097,0.00,0.450,-0.000,0.000,0.000,0.000,0.000,3.07,10.77565428,106.67093632,10.51,"10°46'32.36""N, 106°40'15.37""E",FIX,
14:05:18.485,1786172718.486,TRACKING,5.149,-1.452,-2.097,0.00,0.450,-0.000,0.000,0.000,0.000,0.000,3.09,10.77565393,106.67093611,10.51,"10°46'32.35""N, 106°40'15.37""E",FIX,
14:05:18.573,1786172718.574,TRACKING,5.141,-1.466,-2.097,0.00,0.450,-0.000,0.000,0.000,0.000,0.000,3.10,10.77565393,106.67093611,10.51,"10°46'32.35""N, 106°40'15.37""E",FIX,
14:05:18.692,1786172718.693,TRACKING,5.137,-1.472,-2.097,0.00,0.450,-0.000,0.000,0.000,0.000,0.000,3.11,10.77565393,106.67093611,10.51,"10°46'32.35""N, 106°40'15.37""E",FIX,
14:05:18.799,1786172718.800,TRACKING,5.129,-1.486,-2.097,0.00,0.450,-0.000,0.000,0.000,0.000,0.000,3.12,10.77565358,106.67093591,10.51,"10°46'32.35""N, 106°40'15.37""E",FIX,
14:05:18.875,1786172718.875,TRACKING,5.118,-1.505,-2.097,0.00,0.450,-0.000,0.000,0.000,0.000,0.000,3.15,10.77565358,106.67093591,10.51,"10°46'32.35""N, 106°40'15.37""E",FIX,
14:05:18.951,1786172718.952,TRACKING,5.110,-1.519,-2.097,0.00,0.450,-0.000,0.000,0.000,0.000,0.000,3.16,10.77565358,106.67093591,10.51,"10°46'32.35""N, 106°40'15.37""E",FIX,
14:05:19.020,1786172719.020,TRACKING,5.102,-1.532,-2.097,0.00,0.450,-0.000,0.000,0.000,0.000,0.000,3.18,10.77565323,106.67093570,10.51,"10°46'32.35""N, 106°40'15.37""E",FIX,
14:05:19.091,1786172719.092,TRACKING,5.099,-1.538,-2.097,0.00,0.450,-0.000,0.000,0.000,0.000,0.000,3.19,10.77565323,106.67093570,10.51,"10°46'32.35""N, 106°40'15.37""E",FIX,
14:05:19.155,1786172719.156,TRACKING,5.091,-1.552,-2.097,0.00,0.450,-0.000,0.000,0.000,0.000,0.000,3.20,10.77565323,106.67093570,10.51,"10°46'32.35""N, 106°40'15.37""E",FIX,
14:05:19.232,1786172719.233,TRACKING,5.083,-1.565,-2.097,0.00,0.450,-0.000,0.000,0.000,0.000,0.000,3.22,10.77565288,106.67093549,10.51,"10°46'32.35""N, 106°40'15.37""E",FIX,
14:05:19.304,1786172719.304,TRACKING,5.075,-1.578,-2.097,0.00,0.450,-0.000,0.000,0.000,0.000,0.000,3.23,10.77565288,106.67093549,10.51,"10°46'32.35""N, 106°40'15.37""E",FIX,
14:05:19.380,1786172719.381,TRACKING,5.068,-1.591,-2.097,0.00,0.450,-0.000,0.000,0.000,0.000,0.000,3.25,10.77565288,106.67093549,10.51,"10°46'32.35""N, 106°40'15.37""E",FIX,
14:05:19.441,1786172719.441,TRACKING,5.060,-1.605,-2.097,0.00,0.450,-0.000,0.000,0.000,0.000,0.000,3.26,10.77565253,106.67093528,10.51,"10°46'32.35""N, 106°40'15.37""E",FIX,
14:05:19.522,1786172719.522,TRACKING,5.052,-1.618,-2.097,0.00,0.450,-0.000,0.000,0.000,0.000,0.000,3.28,10.77565253,106.67093528,10.51,"10°46'32.35""N, 106°40'15.37""E",FIX,
14:05:19.588,1786172719.589,TRACKING,5.045,-1.631,-2.097,0.00,0.450,-0.000,0.000,0.000,0.000,0.000,3.29,10.77565253,106.67093528,10.51,"10°46'32.35""N, 106°40'15.37""E",FIX,
14:05:19.664,1786172719.664,TRACKING,5.037,-1.644,-2.097,0.00,0.450,-0.000,0.000,0.000,0.000,0.000,3.31,10.77565217,106.67093508,10.51,"10°46'32.35""N, 106°40'15.37""E",FIX,
14:05:19.741,1786172719.742,TRACKING,5.029,-1.657,-2.097,0.00,0.450,-0.000,0.000,0.000,0.000,0.000,3.32,10.77565217,106.67093508,10.51,"10°46'32.35""N, 106°40'15.37""E",FIX,
14:05:19.818,1786172719.818,TRACKING,5.022,-1.671,-2.097,0.00,0.450,-0.000,0.000,0.000,0.000,0.000,3.34,10.77565217,106.67093508,10.51,"10°46'32.35""N, 106°40'15.37""E",FIX,
14:05:19.886,1786172719.886,TRACKING,5.014,-1.684,-2.097,0.00,0.450,-0.000,0.000,0.000,0.000,0.000,3.35,10.77565182,106.67093487,10.51,"10°46'32.35""N, 106°40'15.37""E",FIX,
14:05:19.961,1786172719.962,TRACKING,5.006,-1.697,-2.097,0.00,0.450,-0.000,0.000,0.000,0.000,0.000,3.37,10.77565182,106.67093487,10.51,"10°46'32.35""N, 106°40'15.37""E",FIX,
14:05:20.028,1786172720.028,TRACKING,4.999,-1.710,-2.097,0.00,0.450,-0.000,0.000,0.000,0.000,0.000,3.38,10.77565182,106.67093487,10.51,"10°46'32.35""N, 106°40'15.37""E",FIX,
14:05:20.099,1786172720.099,TRACKING,4.991,-1.724,-2.097,0.00,0.450,-0.000,0.000,0.000,0.000,0.000,3.40,10.77565147,106.67093466,10.51,"10°46'32.35""N, 106°40'15.36""E",FIX,
14:05:20.168,1786172720.169,TRACKING,4.983,-1.737,-2.097,0.00,0.450,-0.000,0.000,0.000,0.000,0.000,3.41,10.77565147,106.67093466,10.51,"10°46'32.35""N, 106°40'15.36""E",FIX,
14:05:20.244,1786172720.244,TRACKING,4.979,-1.743,-2.097,0.00,0.450,-0.000,0.000,0.000,0.000,0.000,3.42,10.77565147,106.67093466,10.51,"10°46'32.35""N, 106°40'15.36""E",FIX,
14:05:20.308,1786172720.309,TRACKING,4.972,-1.757,-2.097,0.00,0.450,-0.000,0.000,0.000,0.000,0.000,3.44,10.77565112,106.67093446,10.51,"10°46'32.34""N, 106°40'15.36""E",FIX,
14:05:20.389,1786172720.390,TRACKING,4.964,-1.770,-2.097,0.00,0.450,-0.000,0.000,0.000,0.000,0.000,3.45,10.77565112,106.67093446,10.51,"10°46'32.34""N, 106°40'15.36""E",FIX,
14:05:20.452,1786172720.452,TRACKING,4.956,-1.783,-2.097,0.00,0.450,-0.000,0.000,0.000,0.000,0.000,3.47,10.77565112,106.67093446,10.51,"10°46'32.34""N, 106°40'15.36""E",FIX,
14:05:20.527,1786172720.527,TRACKING,4.949,-1.796,-2.097,0.00,0.450,-0.000,0.000,0.000,0.000,0.000,3.48,10.77565077,106.67093425,10.51,"10°46'32.34""N, 106°40'15.36""E",FIX,
14:05:20.593,1786172720.593,TRACKING,4.941,-1.810,-2.097,0.00,0.450,-0.000,0.000,0.000,0.000,0.000,3.50,10.77565077,106.67093425,10.51,"10°46'32.34""N, 106°40'15.36""E",FIX,
14:05:20.688,1786172720.689,TRACKING,4.933,-1.823,-2.097,0.00,0.450,-0.000,0.000,0.000,0.000,0.000,3.51,10.77565077,106.67093425,10.51,"10°46'32.34""N, 106°40'15.36""E",FIX,
14:05:20.751,1786172720.752,TRACKING,4.926,-1.836,-2.097,0.00,0.450,-0.000,0.000,0.000,0.000,0.000,3.53,10.77565042,106.67093404,10.51,"10°46'32.34""N, 106°40'15.36""E",FIX,
14:05:20.822,1786172720.823,TRACKING,4.918,-1.849,-2.097,0.00,0.450,-0.000,0.000,0.000,0.000,0.000,3.54,10.77565042,106.67093404,10.51,"10°46'32.34""N, 106°40'15.36""E",FIX,
14:05:20.896,1786172720.897,TRACKING,4.910,-1.862,-2.097,0.00,0.450,-0.000,0.000,0.000,0.000,0.000,3.56,10.77565042,106.67093404,10.51,"10°46'32.34""N, 106°40'15.36""E",FIX,
14:05:20.966,1786172720.967,TRACKING,4.902,-1.876,-2.097,0.00,0.450,-0.000,0.000,0.000,0.000,0.000,3.58,10.77565006,106.67093384,10.51,"10°46'32.34""N, 106°40'15.36""E",FIX,
14:05:21.036,1786172721.036,TRACKING,4.895,-1.889,-2.097,0.00,0.450,-0.000,0.000,0.000,0.000,0.000,3.59,10.77565006,106.67093384,10.51,"10°46'32.34""N, 106°40'15.36""E",FIX,
14:05:21.115,1786172721.115,TRACKING,4.887,-1.902,-2.097,0.00,0.450,-0.000,0.000,0.000,0.000,0.000,3.61,10.77565006,106.67093384,10.51,"10°46'32.34""N, 106°40'15.36""E",FIX,
14:05:21.185,1786172721.186,TRACKING,4.879,-1.915,-2.097,0.00,0.450,-0.000,0.000,0.000,0.000,0.000,3.62,10.77564971,106.67093363,10.51,"10°46'32.34""N, 106°40'15.36""E",FIX,
14:05:21.264,1786172721.264,TRACKING,4.872,-1.929,-2.097,0.00,0.450,-0.000,0.000,0.000,0.000,0.000,3.64,10.77564971,106.67093363,10.51,"10°46'32.34""N, 106°40'15.36""E",FIX,
14:05:21.330,1786172721.330,TRACKING,4.864,-1.942,-2.097,0.00,0.450,-0.000,0.000,0.000,0.000,0.000,3.65,10.77564971,106.67093363,10.51,"10°46'32.34""N, 106°40'15.36""E",FIX,
14:05:21.406,1786172721.407,TRACKING,4.856,-1.955,-2.097,0.00,0.450,-0.000,0.000,0.000,0.000,0.000,3.67,10.77564936,106.67093342,10.51,"10°46'32.34""N, 106°40'15.36""E",FIX,
14:05:21.477,1786172721.477,TRACKING,4.849,-1.968,-2.097,0.00,0.450,-0.000,0.000,0.000,0.000,0.000,3.68,10.77564936,106.67093342,10.51,"10°46'32.34""N, 106°40'15.36""E",FIX,
14:05:21.543,1786172721.543,TRACKING,4.845,-1.975,-2.097,0.00,0.450,-0.000,0.000,0.000,0.000,0.000,3.69,10.77564936,106.67093342,10.51,"10°46'32.34""N, 106°40'15.36""E",FIX,
14:05:21.610,1786172721.611,TRACKING,4.837,-1.988,-2.097,0.00,0.450,-0.000,0.000,0.000,0.000,0.000,3.71,10.77564901,106.67093322,10.51,"10°46'32.34""N, 106°40'15.36""E",FIX,
14:05:21.679,1786172721.680,TRACKING,4.829,-2.001,-2.097,0.00,0.450,-0.000,0.000,0.000,0.000,0.000,3.72,10.77564901,106.67093322,10.51,"10°46'32.34""N, 106°40'15.36""E",FIX,
14:05:21.758,1786172721.758,TRACKING,4.822,-2.015,-2.097,0.00,0.450,-0.000,0.000,0.000,0.000,0.000,3.74,10.77564901,106.67093322,10.51,"10°46'32.34""N, 106°40'15.36""E",FIX,
14:05:21.835,1786172721.836,TRACKING,4.814,-2.028,-2.097,0.00,0.450,-0.000,0.000,0.000,0.000,0.000,3.75,10.77564866,106.67093301,10.51,"10°46'32.34""N, 106°40'15.36""E",FIX,
14:05:21.906,1786172721.906,TRACKING,4.806,-2.041,-2.097,0.00,0.450,-0.000,0.000,0.000,0.000,0.000,3.77,10.77564866,106.67093301,10.51,"10°46'32.34""N, 106°40'15.36""E",FIX,
14:05:21.988,1786172721.988,TRACKING,4.799,-2.054,-2.097,0.00,0.450,-0.000,0.000,0.000,0.000,0.000,3.78,10.77564866,106.67093301,10.51,"10°46'32.34""N, 106°40'15.36""E",FIX,
14:05:22.055,1786172722.055,TRACKING,4.791,-2.067,-2.097,0.00,0.450,-0.000,0.000,0.000,0.000,0.000,3.80,10.77564831,106.67093280,10.51,"10°46'32.33""N, 106°40'15.36""E",FIX,
14:05:22.123,1786172722.124,TRACKING,4.783,-2.081,-2.097,0.00,0.450,-0.000,0.000,0.000,0.000,0.000,3.81,10.77564831,106.67093280,10.51,"10°46'32.33""N, 106°40'15.36""E",FIX,
14:05:22.211,1786172722.211,TRACKING,4.776,-2.094,-2.097,0.00,0.450,-0.000,0.000,0.000,0.000,0.000,3.83,10.77564831,106.67093280,10.51,"10°46'32.33""N, 106°40'15.36""E",FIX,
14:05:22.293,1786172722.293,TRACKING,4.768,-2.107,-2.097,0.00,0.450,-0.000,0.000,0.000,0.000,0.000,3.84,10.77564795,106.67093260,10.51,"10°46'32.33""N, 106°40'15.36""E",FIX,
14:05:22.366,1786172722.366,TRACKING,4.760,-2.120,-2.097,0.00,0.450,-0.000,0.000,0.000,0.000,0.000,3.86,10.77564795,106.67093260,10.51,"10°46'32.33""N, 106°40'15.36""E",FIX,
14:05:22.445,1786172722.445,TRACKING,4.752,-2.134,-2.097,0.00,0.450,-0.000,0.000,0.000,0.000,0.000,3.87,10.77564795,106.67093260,10.51,"10°46'32.33""N, 106°40'15.36""E",FIX,
14:05:22.513,1786172722.513,TRACKING,4.745,-2.147,-2.097,0.00,0.450,-0.000,0.000,0.000,0.000,0.000,3.89,10.77564760,106.67093239,10.51,"10°46'32.33""N, 106°40'15.36""E",FIX,
14:05:22.586,1786172722.587,TRACKING,4.737,-2.160,-2.097,0.00,0.450,-0.000,0.000,0.000,0.000,0.000,3.90,10.77564760,106.67093239,10.51,"10°46'32.33""N, 106°40'15.36""E",FIX,
14:05:22.651,1786172722.652,TRACKING,4.729,-2.173,-2.097,0.00,0.450,-0.000,0.000,0.000,0.000,0.000,3.92,10.77564760,106.67093239,10.51,"10°46'32.33""N, 106°40'15.36""E",FIX,
14:05:22.723,1786172722.724,TRACKING,4.722,-2.187,-2.097,0.00,0.450,-0.000,0.000,0.000,0.000,0.000,3.93,10.77564725,106.67093218,10.51,"10°46'32.33""N, 106°40'15.36""E",FIX,
14:05:22.792,1786172722.793,TRACKING,4.714,-2.200,-2.097,0.00,0.450,-0.000,0.000,0.000,0.000,0.000,3.95,10.77564725,106.67093218,10.51,"10°46'32.33""N, 106°40'15.36""E",FIX,
14:05:22.865,1786172722.865,TRACKING,4.710,-2.206,-2.097,0.00,0.450,-0.000,0.000,0.000,0.000,0.000,3.96,10.77564725,106.67093218,10.51,"10°46'32.33""N, 106°40'15.36""E",FIX,
14:05:22.934,1786172722.935,TRACKING,4.703,-2.220,-2.097,0.00,0.450,-0.000,0.000,0.000,0.000,0.000,3.97,10.77564690,106.67093198,10.51,"10°46'32.33""N, 106°40'15.36""E",FIX,
14:05:23.009,1786172723.009,TRACKING,4.695,-2.233,-2.097,0.00,0.450,-0.000,0.000,0.000,0.000,0.000,3.99,10.77564690,106.67093198,10.51,"10°46'32.33""N, 106°40'15.36""E",FIX,
14:05:23.080,1786172723.081,TRACKING,4.687,-2.246,-2.097,0.00,0.450,-0.000,0.000,0.000,0.000,0.000,4.00,10.77564690,106.67093198,10.51,"10°46'32.33""N, 106°40'15.36""E",FIX,
14:05:23.149,1786172723.149,TRACKING,4.679,-2.259,-2.097,0.00,0.450,-0.000,0.000,0.000,0.000,0.000,4.02,10.77564655,106.67093177,10.51,"10°46'32.33""N, 106°40'15.35""E",FIX,
14:05:23.218,1786172723.218,TRACKING,4.672,-2.273,-2.097,0.00,0.450,-0.000,0.000,0.000,0.000,0.000,4.03,10.77564655,106.67093177,10.51,"10°46'32.33""N, 106°40'15.35""E",FIX,
14:05:23.297,1786172723.297,TRACKING,4.664,-2.286,-2.097,0.00,0.450,-0.000,0.000,0.000,0.000,0.000,4.05,10.77564655,106.67093177,10.51,"10°46'32.33""N, 106°40'15.35""E",FIX,
14:05:23.359,1786172723.359,TRACKING,4.656,-2.299,-2.097,0.00,0.450,-0.000,0.000,0.000,0.000,0.000,4.06,10.77564655,106.67093177,10.51,"10°46'32.33""N, 106°40'15.35""E",FIX,
14:05:23.439,1786172723.439,TRACKING,4.649,-2.312,-2.097,0.00,0.450,-0.000,0.000,0.000,0.000,0.000,4.08,10.77564620,106.67093156,10.51,"10°46'32.33""N, 106°40'15.35""E",FIX,
14:05:23.499,1786172723.499,TRACKING,4.641,-2.325,-2.097,0.00,0.450,-0.000,0.000,0.000,0.000,0.000,4.10,10.77564620,106.67093156,10.51,"10°46'32.33""N, 106°40'15.35""E",FIX,
14:05:23.581,1786172723.581,TRACKING,4.633,-2.339,-2.097,0.00,0.450,-0.000,0.000,0.000,0.000,0.000,4.11,10.77564584,106.67093136,10.51,"10°46'32.33""N, 106°40'15.35""E",FIX,
14:05:23.646,1786172723.646,TRACKING,4.626,-2.352,-2.097,0.00,0.450,-0.000,0.000,0.000,0.000,0.000,4.13,10.77564584,106.67093136,10.51,"10°46'32.33""N, 106°40'15.35""E",FIX,
14:05:23.703,1786172723.704,TRACKING,4.622,-2.358,-2.097,0.00,0.450,-0.000,0.000,0.000,0.000,0.000,4.13,10.77564584,106.67093136,10.51,"10°46'32.33""N, 106°40'15.35""E",FIX,
14:05:23.785,1786172723.786,TRACKING,4.610,-2.378,-2.097,0.00,0.450,-0.000,0.000,0.000,0.000,0.000,4.16,10.77564549,106.67093115,10.51,"10°46'32.32""N, 106°40'15.35""E",FIX,
14:05:23.846,1786172723.846,TRACKING,4.606,-2.385,-2.097,0.00,0.450,-0.000,0.000,0.000,0.000,0.000,4.16,10.77564549,106.67093115,10.51,"10°46'32.32""N, 106°40'15.35""E",FIX,
14:05:23.928,1786172723.929,TRACKING,4.595,-2.405,-2.097,0.00,0.450,-0.000,0.000,0.000,0.000,0.000,4.19,10.77564549,106.67093115,10.51,"10°46'32.32""N, 106°40'15.35""E",FIX,
14:05:24.017,1786172724.018,TRACKING,4.591,-2.411,-2.097,0.00,0.450,-0.000,0.000,0.000,0.000,0.000,4.20,10.77564549,106.67093115,10.51,"10°46'32.32""N, 106°40'15.35""E",FIX,
14:05:24.070,1786172724.070,TRACKING,4.583,-2.425,-2.097,0.00,0.450,-0.000,0.000,0.000,0.000,0.000,4.21,10.77564514,106.67093094,10.51,"10°46'32.32""N, 106°40'15.35""E",FIX,
14:05:24.145,1786172724.145,TRACKING,4.576,-2.438,-2.097,0.00,0.450,-0.000,0.000,0.000,0.000,0.000,4.23,10.77564514,106.67093094,10.51,"10°46'32.32""N, 106°40'15.35""E",FIX,
14:05:24.209,1786172724.209,TRACKING,4.568,-2.451,-2.097,0.00,0.450,-0.000,0.000,0.000,0.000,0.000,4.24,10.77564514,106.67093094,10.51,"10°46'32.32""N, 106°40'15.35""E",FIX,
14:05:24.288,1786172724.288,TRACKING,4.560,-2.464,-2.097,0.00,0.450,-0.000,0.000,0.000,0.000,0.000,4.26,10.77564479,106.67093074,10.51,"10°46'32.32""N, 106°40'15.35""E",FIX,
14:05:24.358,1786172724.359,TRACKING,4.553,-2.478,-2.097,0.00,0.450,-0.000,0.000,0.000,0.000,0.000,4.27,10.77564479,106.67093074,10.51,"10°46'32.32""N, 106°40'15.35""E",FIX,
14:05:24.437,1786172724.438,TRACKING,4.545,-2.491,-2.097,0.00,0.450,-0.000,0.000,0.000,0.000,0.000,4.29,10.77564479,106.67093074,10.51,"10°46'32.32""N, 106°40'15.35""E",FIX,
14:05:24.500,1786172724.500,TRACKING,4.537,-2.504,-2.097,0.00,0.450,-0.000,0.000,0.000,0.000,0.000,4.30,10.77564444,106.67093053,10.51,"10°46'32.32""N, 106°40'15.35""E",FIX,
14:05:24.579,1786172724.580,TRACKING,4.529,-2.517,-2.097,0.00,0.450,-0.000,0.000,0.000,0.000,0.000,4.32,10.77564444,106.67093053,10.51,"10°46'32.32""N, 106°40'15.35""E",FIX,
14:05:24.647,1786172724.647,TRACKING,4.522,-2.530,-2.097,0.00,0.450,-0.000,0.000,0.000,0.000,0.000,4.33,10.77564444,106.67093053,10.51,"10°46'32.32""N, 106°40'15.35""E",FIX,
14:05:24.722,1786172724.722,TRACKING,4.514,-2.544,-2.097,0.00,0.450,-0.000,0.000,0.000,0.000,0.000,4.35,10.77564408,106.67093032,10.51,"10°46'32.32""N, 106°40'15.35""E",FIX,
14:05:24.788,1786172724.789,TRACKING,4.506,-2.557,-2.097,0.00,0.450,-0.000,0.000,0.000,0.000,0.000,4.36,10.77564408,106.67093032,10.51,"10°46'32.32""N, 106°40'15.35""E",FIX,
14:05:24.853,1786172724.854,TRACKING,4.503,-2.563,-2.097,0.00,0.450,-0.000,0.000,0.000,0.000,0.000,4.37,10.77564408,106.67093032,10.51,"10°46'32.32""N, 106°40'15.35""E",FIX,
14:05:24.932,1786172724.932,TRACKING,4.491,-2.583,-2.097,0.00,0.450,-0.000,0.000,0.000,0.000,0.000,4.39,10.77564373,106.67093011,10.51,"10°46'32.32""N, 106°40'15.35""E",FIX,
14:05:25.008,1786172725.008,TRACKING,4.483,-2.597,-2.097,0.00,0.450,-0.000,0.000,0.000,0.000,0.000,4.41,10.77564373,106.67093011,10.51,"10°46'32.32""N, 106°40'15.35""E",FIX,
14:05:25.079,1786172725.080,TRACKING,4.476,-2.610,-2.097,0.00,0.450,-0.000,0.000,0.000,0.000,0.000,4.42,10.77564373,106.67093011,10.51,"10°46'32.32""N, 106°40'15.35""E",FIX,
14:05:25.156,1786172725.156,TRACKING,4.468,-2.623,-2.097,0.00,0.450,-0.000,0.000,0.000,0.000,0.000,4.44,10.77564338,106.67092991,10.51,"10°46'32.32""N, 106°40'15.35""E",FIX,
14:05:25.222,1786172725.222,TRACKING,4.464,-2.630,-2.097,0.00,0.450,-0.000,0.000,0.000,0.000,0.000,4.45,10.77564338,106.67092991,10.51,"10°46'32.32""N, 106°40'15.35""E",FIX,
14:05:25.290,1786172725.291,TRACKING,4.456,-2.643,-2.097,0.00,0.450,-0.000,0.000,0.000,0.000,0.000,4.46,10.77564338,106.67092991,10.51,"10°46'32.32""N, 106°40'15.35""E",FIX,
14:05:25.369,1786172725.369,TRACKING,4.449,-2.656,-2.097,0.00,0.450,-0.000,0.000,0.000,0.000,0.000,4.48,10.77564303,106.67092970,10.51,"10°46'32.31""N, 106°40'15.35""E",FIX,
14:05:25.441,1786172725.442,TRACKING,4.441,-2.669,-2.097,0.00,0.450,-0.000,0.000,0.000,0.000,0.000,4.49,10.77564303,106.67092970,10.51,"10°46'32.31""N, 106°40'15.35""E",FIX,
14:05:25.507,1786172725.508,TRACKING,4.433,-2.683,-2.097,0.00,0.450,-0.000,0.000,0.000,0.000,0.000,4.51,10.77564303,106.67092970,10.51,"10°46'32.31""N, 106°40'15.35""E",FIX,
14:05:25.591,1786172725.592,TRACKING,4.426,-2.696,-2.097,0.00,0.450,-0.000,0.000,0.000,0.000,0.000,4.52,10.77564268,106.67092949,10.51,"10°46'32.31""N, 106°40'15.35""E",FIX,
14:05:25.665,1786172725.665,TRACKING,4.418,-2.709,-2.097,0.00,0.450,-0.000,0.000,0.000,0.000,0.000,4.54,10.77564268,106.67092949,10.51,"10°46'32.31""N, 106°40'15.35""E",FIX,
14:05:25.739,1786172725.739,TRACKING,4.410,-2.722,-2.097,0.00,0.450,-0.000,0.000,0.000,0.000,0.000,4.55,10.77564268,106.67092949,10.51,"10°46'32.31""N, 106°40'15.35""E",FIX,
14:05:25.803,1786172725.804,TRACKING,4.403,-2.735,-2.097,0.00,0.450,-0.000,0.000,0.000,0.000,0.000,4.57,10.77564233,106.67092929,10.51,"10°46'32.31""N, 106°40'15.35""E",FIX,
14:05:25.882,1786172725.883,TRACKING,4.395,-2.749,-2.097,0.00,0.450,-0.000,0.000,0.000,0.000,0.000,4.59,10.77564233,106.67092929,10.51,"10°46'32.31""N, 106°40'15.35""E",FIX,
14:05:25.950,1786172725.951,TRACKING,4.387,-2.762,-2.097,0.00,0.450,-0.000,0.000,0.000,0.000,0.000,4.60,10.77564233,106.67092929,10.51,"10°46'32.31""N, 106°40'15.35""E",FIX,
14:05:26.024,1786172726.025,TRACKING,4.380,-2.775,-2.097,0.00,0.450,-0.000,0.000,0.000,0.000,0.000,4.62,10.77564197,106.67092908,10.51,"10°46'32.31""N, 106°40'15.34""E",FIX,
14:05:26.098,1786172726.098,TRACKING,4.372,-2.788,-2.097,0.00,0.450,-0.000,0.000,0.000,0.000,0.000,4.63,10.77564197,106.67092908,10.51,"10°46'32.31""N, 106°40'15.34""E",FIX,
14:05:26.173,1786172726.173,TRACKING,4.364,-2.802,-2.097,0.00,0.450,-0.000,0.000,0.000,0.000,0.000,4.65,10.77564197,106.67092908,10.51,"10°46'32.31""N, 106°40'15.34""E",FIX,
14:05:26.235,1786172726.236,TRACKING,4.356,-2.815,-2.097,0.00,0.450,-0.000,0.000,0.000,0.000,0.000,4.66,10.77564162,106.67092887,10.51,"10°46'32.31""N, 106°40'15.34""E",FIX,
14:05:26.298,1786172726.299,TRACKING,4.353,-2.821,-2.097,0.00,0.450,-0.000,0.000,0.000,0.000,0.000,4.67,10.77564162,106.67092887,10.51,"10°46'32.31""N, 106°40'15.34""E",FIX,
14:05:26.376,1786172726.376,TRACKING,4.345,-2.835,-2.097,0.00,0.450,-0.000,0.000,0.000,0.000,0.000,4.68,10.77564162,106.67092887,10.51,"10°46'32.31""N, 106°40'15.34""E",FIX,
14:05:26.445,1786172726.446,TRACKING,4.337,-2.848,-2.097,0.00,0.450,-0.000,0.000,0.000,0.000,0.000,4.70,10.77564127,106.67092867,10.51,"10°46'32.31""N, 106°40'15.34""E",FIX,
14:05:26.522,1786172726.522,TRACKING,4.326,-2.868,-2.097,0.00,0.450,-0.000,0.000,0.000,0.000,0.000,4.72,10.77564127,106.67092867,10.51,"10°46'32.31""N, 106°40'15.34""E",FIX,
14:05:26.597,1786172726.597,TRACKING,4.322,-2.874,-2.097,0.00,0.450,-0.000,0.000,0.000,0.000,0.000,4.73,10.77564127,106.67092867,10.51,"10°46'32.31""N, 106°40'15.34""E",FIX,
14:05:26.665,1786172726.666,TRACKING,4.314,-2.888,-2.097,0.00,0.450,-0.000,0.000,0.000,0.000,0.000,4.75,10.77564092,106.67092846,10.51,"10°46'32.31""N, 106°40'15.34""E",FIX,
14:05:26.735,1786172726.736,TRACKING,4.306,-2.901,-2.097,0.00,0.450,-0.000,0.000,0.000,0.000,0.000,4.76,10.77564092,106.67092846,10.51,"10°46'32.31""N, 106°40'15.34""E",FIX,
14:05:26.801,1786172726.801,TRACKING,4.299,-2.914,-2.097,0.00,0.450,-0.000,0.000,0.000,0.000,0.000,4.78,10.77564092,106.67092846,10.51,"10°46'32.31""N, 106°40'15.34""E",FIX,
14:05:26.883,1786172726.883,TRACKING,4.291,-2.927,-2.097,0.00,0.450,-0.000,0.000,0.000,0.000,0.000,4.79,10.77564057,106.67092825,10.51,"10°46'32.31""N, 106°40'15.34""E",FIX,
14:05:26.950,1786172726.951,TRACKING,4.283,-2.940,-2.097,0.00,0.450,-0.000,0.000,0.000,0.000,0.000,4.81,10.77564057,106.67092825,10.51,"10°46'32.31""N, 106°40'15.34""E",FIX,
14:05:27.020,1786172727.021,TRACKING,4.276,-2.954,-2.097,0.00,0.450,-0.000,0.000,0.000,0.000,0.000,4.82,10.77564057,106.67092825,10.51,"10°46'32.31""N, 106°40'15.34""E",FIX,
14:05:27.080,1786172727.080,TRACKING,4.268,-2.967,-2.097,0.00,0.450,-0.000,0.000,0.000,0.000,0.000,4.84,10.77564022,106.67092805,10.51,"10°46'32.30""N, 106°40'15.34""E",FIX,
14:05:27.173,1786172727.173,TRACKING,4.260,-2.980,-2.097,0.00,0.450,-0.000,0.000,0.000,0.000,0.000,4.85,10.77564022,106.67092805,10.51,"10°46'32.30""N, 106°40'15.34""E",FIX,
14:05:27.237,1786172727.237,TRACKING,4.253,-2.993,-2.097,0.00,0.450,-0.000,0.000,0.000,0.000,0.000,4.87,10.77564022,106.67092805,10.51,"10°46'32.30""N, 106°40'15.34""E",FIX,
14:05:27.317,1786172727.318,TRACKING,4.245,-3.007,-2.097,0.00,0.450,-0.000,0.000,0.000,0.000,0.000,4.88,10.77563986,106.67092784,10.51,"10°46'32.30""N, 106°40'15.34""E",FIX,
14:05:27.377,1786172727.378,TRACKING,4.237,-3.020,-2.097,0.00,0.450,-0.000,0.000,0.000,0.000,0.000,4.90,10.77563986,106.67092784,10.51,"10°46'32.30""N, 106°40'15.34""E",FIX,
14:05:27.443,1786172727.443,TRACKING,4.230,-3.033,-2.097,0.00,0.450,-0.000,0.000,0.000,0.000,0.000,4.91,10.77563986,106.67092784,10.51,"10°46'32.30""N, 106°40'15.34""E",FIX,
14:05:27.517,1786172727.518,TRACKING,4.222,-3.046,-2.097,0.00,0.450,-0.000,0.000,0.000,0.000,0.000,4.93,10.77563951,106.67092763,10.51,"10°46'32.30""N, 106°40'15.34""E",FIX,
14:05:27.583,1786172727.584,TRACKING,4.214,-3.060,-2.097,0.00,0.450,-0.000,0.000,0.000,0.000,0.000,4.94,10.77563951,106.67092763,10.51,"10°46'32.30""N, 106°40'15.34""E",FIX,
14:05:27.656,1786172727.656,TRACKING,4.210,-3.066,-2.097,0.00,0.450,-0.000,0.000,0.000,0.000,0.000,4.95,10.77563951,106.67092763,10.51,"10°46'32.30""N, 106°40'15.34""E",FIX,
14:05:27.729,1786172727.729,TRACKING,4.199,-3.086,-2.097,0.00,0.450,-0.000,0.000,0.000,0.000,0.000,4.98,10.77563916,106.67092743,10.51,"10°46'32.30""N, 106°40'15.34""E",FIX,
14:05:27.805,1786172727.805,TRACKING,4.191,-3.099,-2.097,0.00,0.450,-0.000,0.000,0.000,0.000,0.000,4.99,10.77563916,106.67092743,10.51,"10°46'32.30""N, 106°40'15.34""E",FIX,
14:05:27.875,1786172727.876,TRACKING,4.187,-3.106,-2.097,0.00,0.450,-0.000,0.000,0.000,0.000,0.000,5.00,10.77563916,106.67092743,10.51,"10°46'32.30""N, 106°40'15.34""E",FIX,
14:05:27.932,1786172727.933,TRACKING,4.180,-3.119,-2.097,0.00,0.450,-0.000,0.000,0.000,0.000,0.000,5.01,10.77563881,106.67092722,10.51,"10°46'32.30""N, 106°40'15.34""E",FIX,
14:05:28.012,1786172728.012,TRACKING,4.172,-3.132,-2.097,0.00,0.450,-0.000,0.000,0.000,0.000,0.000,5.03,10.77563881,106.67092722,10.51,"10°46'32.30""N, 106°40'15.34""E",FIX,
14:05:28.082,1786172728.082,TRACKING,4.164,-3.145,-2.097,0.00,0.450,-0.000,0.000,0.000,0.000,0.000,5.04,10.77563881,106.67092722,10.51,"10°46'32.30""N, 106°40'15.34""E",FIX,
14:05:28.162,1786172728.162,TRACKING,4.157,-3.159,-2.097,0.00,0.450,-0.000,0.000,0.000,0.000,0.000,5.06,10.77563846,106.67092701,10.51,"10°46'32.30""N, 106°40'15.34""E",FIX,
14:05:28.229,1786172728.230,TRACKING,4.149,-3.172,-2.097,0.00,0.450,-0.000,0.000,0.000,0.000,0.000,5.07,10.77563846,106.67092701,10.51,"10°46'32.30""N, 106°40'15.34""E",FIX,
14:05:28.304,1786172728.305,TRACKING,4.141,-3.185,-2.097,0.00,0.450,-0.000,0.000,0.000,0.000,0.000,5.09,10.77563846,106.67092701,10.51,"10°46'32.30""N, 106°40'15.34""E",FIX,
14:05:28.367,1786172728.368,TRACKING,4.133,-3.198,-2.097,0.00,0.450,-0.000,0.000,0.000,0.000,0.000,5.11,10.77563811,106.67092681,10.51,"10°46'32.30""N, 106°40'15.34""E",FIX,
14:05:28.445,1786172728.446,TRACKING,4.126,-3.212,-2.097,0.00,0.450,-0.000,0.000,0.000,0.000,0.000,5.12,10.77563811,106.67092681,10.51,"10°46'32.30""N, 106°40'15.34""E",FIX,
14:05:28.507,1786172728.508,TRACKING,4.118,-3.225,-2.097,0.00,0.450,-0.000,0.000,0.000,0.000,0.000,5.14,10.77563811,106.67092681,10.51,"10°46'32.30""N, 106°40'15.34""E",FIX,
14:05:28.579,1786172728.580,TRACKING,4.114,-3.231,-2.097,0.00,0.450,-0.000,0.000,0.000,0.000,0.000,5.14,10.77563775,106.67092660,10.51,"10°46'32.30""N, 106°40'15.34""E",FIX,
14:05:28.670,1786172728.671,TRACKING,4.103,-3.251,-2.097,0.00,0.450,-0.000,0.000,0.000,0.000,0.000,5.17,10.77563775,106.67092660,10.51,"10°46'32.30""N, 106°40'15.34""E",FIX,
14:05:28.734,1786172728.735,TRACKING,4.095,-3.265,-2.097,0.00,0.450,-0.000,0.000,0.000,0.000,0.000,5.18,10.77563775,106.67092660,10.51,"10°46'32.30""N, 106°40'15.34""E",FIX,
14:05:28.795,1786172728.795,TRACKING,4.091,-3.271,-2.097,0.00,0.450,-0.000,0.000,0.000,0.000,0.000,5.19,10.77563740,106.67092639,10.51,"10°46'32.29""N, 106°40'15.34""E",FIX,
14:05:28.882,1786172728.882,TRACKING,4.083,-3.284,-2.097,0.00,0.450,-0.000,0.000,0.000,0.000,0.000,5.20,10.77563740,106.67092639,10.51,"10°46'32.29""N, 106°40'15.34""E",FIX,
14:05:28.957,1786172728.957,TRACKING,4.076,-3.298,-2.097,0.00,0.450,-0.000,0.000,0.000,0.000,0.000,5.22,10.77563740,106.67092639,10.51,"10°46'32.29""N, 106°40'15.34""E",FIX,
14:05:29.029,1786172729.029,TRACKING,4.068,-3.311,-2.097,0.00,0.450,-0.000,0.000,0.000,0.000,0.000,5.24,10.77563705,106.67092619,10.51,"10°46'32.29""N, 106°40'15.33""E",FIX,
14:05:29.103,1786172729.103,TRACKING,4.060,-3.324,-2.097,0.00,0.450,-0.000,0.000,0.000,0.000,0.000,5.25,10.77563705,106.67092619,10.51,"10°46'32.29""N, 106°40'15.33""E",FIX,
14:05:29.167,1786172729.168,TRACKING,4.053,-3.337,-2.097,0.00,0.450,-0.000,0.000,0.000,0.000,0.000,5.27,10.77563705,106.67092619,10.51,"10°46'32.29""N, 106°40'15.33""E",FIX,
14:05:29.242,1786172729.243,TRACKING,4.045,-3.351,-2.097,0.00,0.450,-0.000,0.000,0.000,0.000,0.000,5.28,10.77563670,106.67092598,10.51,"10°46'32.29""N, 106°40'15.33""E",FIX,
14:05:29.320,1786172729.321,TRACKING,4.037,-3.364,-2.097,0.00,0.450,-0.000,0.000,0.000,0.000,0.000,5.30,10.77563670,106.67092598,10.51,"10°46'32.29""N, 106°40'15.33""E",FIX,
14:05:29.397,1786172729.398,TRACKING,4.030,-3.377,-2.097,0.00,0.450,-0.000,0.000,0.000,0.000,0.000,5.31,10.77563670,106.67092598,10.51,"10°46'32.29""N, 106°40'15.33""E",FIX,
14:05:29.471,1786172729.471,TRACKING,4.022,-3.390,-2.097,0.00,0.450,-0.000,0.000,0.000,0.000,0.000,5.33,10.77563635,106.67092577,10.51,"10°46'32.29""N, 106°40'15.33""E",FIX,
14:05:29.547,1786172729.548,TRACKING,4.014,-3.403,-2.097,0.00,0.450,-0.000,0.000,0.000,0.000,0.000,5.34,10.77563635,106.67092577,10.51,"10°46'32.29""N, 106°40'15.33""E",FIX,
14:05:29.609,1786172729.609,TRACKING,4.007,-3.417,-2.097,0.00,0.450,-0.000,0.000,0.000,0.000,0.000,5.36,10.77563635,106.67092577,10.51,"10°46'32.29""N, 106°40'15.33""E",FIX,
14:05:29.689,1786172729.689,TRACKING,3.999,-3.430,-2.097,0.00,0.450,-0.000,0.000,0.000,0.000,0.000,5.37,10.77563600,106.67092556,10.51,"10°46'32.29""N, 106°40'15.33""E",FIX,
14:05:29.765,1786172729.765,TRACKING,3.991,-3.443,-2.097,0.00,0.450,-0.000,0.000,0.000,0.000,0.000,5.39,10.77563600,106.67092556,10.51,"10°46'32.29""N, 106°40'15.33""E",FIX,
14:05:29.832,1786172729.833,TRACKING,3.983,-3.456,-2.097,0.00,0.450,-0.000,0.000,0.000,0.000,0.000,5.40,10.77563600,106.67092556,10.51,"10°46'32.29""N, 106°40'15.33""E",FIX,
14:05:29.913,1786172729.914,TRACKING,3.976,-3.470,-2.097,0.00,0.450,-0.000,0.000,0.000,0.000,0.000,5.42,10.77563564,106.67092536,10.51,"10°46'32.29""N, 106°40'15.33""E",FIX,
14:05:29.972,1786172729.973,TRACKING,3.972,-3.476,-2.097,0.00,0.450,-0.000,0.000,0.000,0.000,0.000,5.43,10.77563564,106.67092536,10.51,"10°46'32.29""N, 106°40'15.33""E",FIX,
14:05:30.054,1786172730.054,TRACKING,3.960,-3.496,-2.097,0.00,0.450,-0.000,0.000,0.000,0.000,0.000,5.45,10.77563564,106.67092536,10.51,"10°46'32.29""N, 106°40'15.33""E",FIX,
14:05:30.125,1786172730.125,TRACKING,3.957,-3.503,-2.097,0.00,0.450,-0.000,0.000,0.000,0.000,0.000,5.46,10.77563529,106.67092515,10.51,"10°46'32.29""N, 106°40'15.33""E",FIX,
14:05:30.199,1786172730.199,TRACKING,3.949,-3.516,-2.097,0.00,0.450,-0.000,0.000,0.000,0.000,0.000,5.47,10.77563529,106.67092515,10.51,"10°46'32.29""N, 106°40'15.33""E",FIX,
14:05:30.270,1786172730.270,TRACKING,3.941,-3.529,-2.097,0.00,0.450,-0.000,0.000,0.000,0.000,0.000,5.49,10.77563529,106.67092515,10.51,"10°46'32.29""N, 106°40'15.33""E",FIX,
14:05:30.334,1786172730.334,TRACKING,3.934,-3.542,-2.097,0.00,0.450,-0.000,0.000,0.000,0.000,0.000,5.50,10.77563529,106.67092515,10.51,"10°46'32.29""N, 106°40'15.33""E",FIX,
14:05:30.407,1786172730.408,TRACKING,3.926,-3.556,-2.097,0.00,0.450,-0.000,0.000,0.000,0.000,0.000,5.52,10.77563494,106.67092494,10.51,"10°46'32.29""N, 106°40'15.33""E",FIX,
14:05:30.480,1786172730.480,TRACKING,3.918,-3.569,-2.097,0.00,0.450,-0.000,0.000,0.000,0.000,0.000,5.53,10.77563494,106.67092494,10.51,"10°46'32.29""N, 106°40'15.33""E",FIX,
14:05:30.551,1786172730.552,TRACKING,3.910,-3.582,-2.097,0.00,0.450,-0.000,0.000,0.000,0.000,0.000,5.55,10.77563494,106.67092494,10.51,"10°46'32.29""N, 106°40'15.33""E",FIX,
14:05:30.642,1786172730.642,TRACKING,3.903,-3.595,-2.097,0.00,0.450,-0.000,0.000,0.000,0.000,0.000,5.56,10.77563459,106.67092474,10.51,"10°46'32.28""N, 106°40'15.33""E",FIX,
14:05:30.704,1786172730.704,TRACKING,3.895,-3.608,-2.097,0.00,0.450,-0.000,0.000,0.000,0.000,0.000,5.58,10.77563459,106.67092474,10.51,"10°46'32.28""N, 106°40'15.33""E",FIX,
14:05:30.771,1786172730.772,TRACKING,3.887,-3.622,-2.097,0.00,0.450,-0.000,0.000,0.000,0.000,0.000,5.59,10.77563424,106.67092453,10.51,"10°46'32.28""N, 106°40'15.33""E",FIX,
14:05:30.835,1786172730.835,TRACKING,3.880,-3.635,-2.097,0.00,0.450,-0.000,0.000,0.000,0.000,0.000,5.61,10.77563424,106.67092453,10.51,"10°46'32.28""N, 106°40'15.33""E",FIX,
14:05:30.918,1786172730.919,TRACKING,3.872,-3.648,-2.097,0.00,0.450,-0.000,0.000,0.000,0.000,0.000,5.63,10.77563424,106.67092453,10.51,"10°46'32.28""N, 106°40'15.33""E",FIX,
14:05:30.977,1786172730.977,TRACKING,3.868,-3.655,-2.097,0.00,0.450,-0.000,0.000,0.000,0.000,0.000,5.63,10.77563424,106.67092453,10.51,"10°46'32.28""N, 106°40'15.33""E",FIX,
14:05:31.057,1786172731.057,TRACKING,3.857,-3.675,-2.097,0.00,0.450,-0.000,0.000,0.000,0.000,0.000,5.66,10.77563389,106.67092432,10.51,"10°46'32.28""N, 106°40'15.33""E",FIX,
14:05:31.132,1786172731.132,TRACKING,3.849,-3.688,-2.097,0.00,0.450,-0.000,0.000,0.000,0.000,0.000,5.67,10.77563389,106.67092432,10.51,"10°46'32.28""N, 106°40'15.33""E",FIX,
14:05:31.210,1786172731.210,TRACKING,3.841,-3.701,-2.097,0.00,0.450,-0.000,0.000,0.000,0.000,0.000,5.69,10.77563353,106.67092412,10.51,"10°46'32.28""N, 106°40'15.33""E",FIX,
14:05:31.278,1786172731.278,TRACKING,3.834,-3.714,-2.097,0.00,0.450,-0.000,0.000,0.000,0.000,0.000,5.70,10.77563353,106.67092412,10.51,"10°46'32.28""N, 106°40'15.33""E",FIX,
14:05:31.358,1786172731.358,TRACKING,3.826,-3.727,-2.097,0.00,0.450,-0.000,0.000,0.000,0.000,0.000,5.72,10.77563353,106.67092412,10.51,"10°46'32.28""N, 106°40'15.33""E",FIX,
14:05:31.419,1786172731.420,TRACKING,3.822,-3.734,-2.097,0.00,0.450,-0.000,0.000,0.000,0.000,0.000,5.73,10.77563353,106.67092412,10.51,"10°46'32.28""N, 106°40'15.33""E",FIX,
14:05:31.492,1786172731.492,TRACKING,3.814,-3.747,-2.097,0.00,0.450,-0.000,0.000,0.000,0.000,0.000,5.74,10.77563318,106.67092391,10.51,"10°46'32.28""N, 106°40'15.33""E",FIX,
14:05:31.561,1786172731.562,TRACKING,3.807,-3.761,-2.097,0.00,0.450,-0.000,0.000,0.000,0.000,0.000,5.76,10.77563318,106.67092391,10.51,"10°46'32.28""N, 106°40'15.33""E",FIX,
14:05:31.632,1786172731.632,TRACKING,3.799,-3.774,-2.097,0.00,0.450,-0.000,0.000,0.000,0.000,0.000,5.77,10.77563318,106.67092391,10.51,"10°46'32.28""N, 106°40'15.33""E",FIX,
14:05:31.702,1786172731.702,TRACKING,3.791,-3.787,-2.097,0.00,0.450,-0.000,0.000,0.000,0.000,0.000,5.79,10.77563283,106.67092370,10.51,"10°46'32.28""N, 106°40'15.33""E",FIX,
14:05:31.778,1786172731.779,TRACKING,3.784,-3.800,-2.097,0.00,0.450,-0.000,0.000,0.000,0.000,0.000,5.80,10.77563283,106.67092370,10.51,"10°46'32.28""N, 106°40'15.33""E",FIX,
14:05:31.842,1786172731.843,TRACKING,3.776,-3.813,-2.097,0.00,0.450,-0.000,0.000,0.000,0.000,0.000,5.82,10.77563283,106.67092370,10.51,"10°46'32.28""N, 106°40'15.33""E",FIX,
14:05:31.914,1786172731.914,TRACKING,3.768,-3.827,-2.097,0.00,0.450,-0.000,0.000,0.000,0.000,0.000,5.83,10.77563248,106.67092350,10.51,"10°46'32.28""N, 106°40'15.32""E",FIX,
14:05:31.989,1786172731.989,TRACKING,3.760,-3.840,-2.097,0.00,0.450,-0.000,0.000,0.000,0.000,0.000,5.85,10.77563248,106.67092350,10.51,"10°46'32.28""N, 106°40'15.32""E",FIX,
14:05:32.054,1786172732.054,TRACKING,3.753,-3.853,-2.097,0.00,0.450,-0.000,0.000,0.000,0.000,0.000,5.86,10.77563248,106.67092350,10.51,"10°46'32.28""N, 106°40'15.32""E",FIX,
14:05:32.132,1786172732.133,TRACKING,3.745,-3.866,-2.097,0.00,0.450,-0.000,0.000,0.000,0.000,0.000,5.88,10.77563213,106.67092329,10.51,"10°46'32.28""N, 106°40'15.32""E",FIX,
14:05:32.207,1786172732.208,TRACKING,3.737,-3.880,-2.097,0.00,0.450,-0.000,0.000,0.000,0.000,0.000,5.89,10.77563213,106.67092329,10.51,"10°46'32.28""N, 106°40'15.32""E",FIX,
14:05:32.283,1786172732.283,TRACKING,3.730,-3.893,-2.097,0.00,0.450,-0.000,0.000,0.000,0.000,0.000,5.91,10.77563213,106.67092329,10.51,"10°46'32.28""N, 106°40'15.32""E",FIX,
14:05:32.357,1786172732.357,TRACKING,3.722,-3.906,-2.097,0.00,0.450,-0.000,0.000,0.000,0.000,0.000,5.92,10.77563178,106.67092308,10.51,"10°46'32.27""N, 106°40'15.32""E",FIX,
14:05:32.428,1786172732.429,TRACKING,3.718,-3.913,-2.097,0.00,0.450,-0.000,0.000,0.000,0.000,0.000,5.93,10.77563178,106.67092308,10.51,"10°46'32.27""N, 106°40'15.32""E",FIX,
14:05:32.516,1786172732.517,TRACKING,3.707,-3.932,-2.097,0.00,0.450,-0.000,0.000,0.000,0.000,0.000,5.95,10.77563178,106.67092308,10.51,"10°46'32.27""N, 106°40'15.32""E",FIX,
14:05:32.575,1786172732.576,TRACKING,3.703,-3.939,-2.097,0.00,0.450,-0.000,0.000,0.000,0.000,0.000,5.96,10.77563142,106.67092288,10.51,"10°46'32.27""N, 106°40'15.32""E",FIX,
14:05:32.653,1786172732.654,TRACKING,3.695,-3.952,-2.097,0.00,0.450,-0.000,0.000,0.000,0.000,0.000,5.98,10.77563142,106.67092288,10.51,"10°46'32.27""N, 106°40'15.32""E",FIX,
14:05:32.729,1786172732.730,TRACKING,3.687,-3.966,-2.097,0.00,0.450,-0.000,0.000,0.000,0.000,0.000,5.99,10.77563142,106.67092288,10.51,"10°46'32.27""N, 106°40'15.32""E",FIX,
14:05:32.801,1786172732.801,TRACKING,3.680,-3.979,-2.097,0.00,0.450,-0.000,0.000,0.000,0.000,0.000,6.01,10.77563107,106.67092267,10.51,"10°46'32.27""N, 106°40'15.32""E",FIX,
14:05:32.871,1786172732.871,TRACKING,3.672,-3.992,-2.097,0.00,0.450,-0.000,0.000,0.000,0.000,0.000,6.02,10.77563107,106.67092267,10.51,"10°46'32.27""N, 106°40'15.32""E",FIX,
14:05:32.946,1786172732.946,TRACKING,3.664,-4.005,-2.097,0.00,0.450,-0.000,0.000,0.000,0.000,0.000,6.04,10.77563107,106.67092267,10.51,"10°46'32.27""N, 106°40'15.32""E",FIX,
14:05:33.018,1786172733.018,TRACKING,3.657,-4.018,-2.097,0.00,0.450,-0.000,0.000,0.000,0.000,0.000,6.05,10.77563072,106.67092246,10.51,"10°46'32.27""N, 106°40'15.32""E",FIX,
14:05:33.088,1786172733.089,TRACKING,3.649,-4.032,-2.097,0.00,0.450,-0.000,0.000,0.000,0.000,0.000,6.07,10.77563072,106.67092246,10.51,"10°46'32.27""N, 106°40'15.32""E",FIX,
14:05:33.159,1786172733.159,TRACKING,3.641,-4.045,-2.097,0.00,0.450,-0.000,0.000,0.000,0.000,0.000,6.08,10.77563072,106.67092246,10.51,"10°46'32.27""N, 106°40'15.32""E",FIX,
14:05:33.228,1786172733.228,TRACKING,3.634,-4.058,-2.097,0.00,0.450,-0.000,0.000,0.000,0.000,0.000,6.10,10.77563037,106.67092226,10.51,"10°46'32.27""N, 106°40'15.32""E",FIX,
14:05:33.308,1786172733.309,TRACKING,3.626,-4.071,-2.097,0.00,0.450,-0.000,0.000,0.000,0.000,0.000,6.12,10.77563037,106.67092226,10.51,"10°46'32.27""N, 106°40'15.32""E",FIX,
14:05:33.384,1786172733.384,TRACKING,3.618,-4.085,-2.097,0.00,0.450,-0.000,0.000,0.000,0.000,0.000,6.13,10.77563037,106.67092226,10.51,"10°46'32.27""N, 106°40'15.32""E",FIX,
14:05:33.451,1786172733.451,TRACKING,3.611,-4.098,-2.097,0.00,0.450,-0.000,0.000,0.000,0.000,0.000,6.15,10.77563002,106.67092205,10.51,"10°46'32.27""N, 106°40'15.32""E",FIX,
14:05:33.533,1786172733.533,TRACKING,3.603,-4.111,-2.097,0.00,0.450,-0.000,0.000,0.000,0.000,0.000,6.16,10.77563002,106.67092205,10.51,"10°46'32.27""N, 106°40'15.32""E",FIX,
14:05:33.597,1786172733.597,TRACKING,3.595,-4.124,-2.097,0.00,0.450,-0.000,0.000,0.000,0.000,0.000,6.18,10.77563002,106.67092205,10.51,"10°46'32.27""N, 106°40'15.32""E",FIX,
14:05:33.670,1786172733.670,TRACKING,3.587,-4.138,-2.097,0.00,0.450,-0.000,0.000,0.000,0.000,0.000,6.19,10.77562967,106.67092184,10.51,"10°46'32.27""N, 106°40'15.32""E",FIX,
14:05:33.737,1786172733.737,TRACKING,3.580,-4.151,-2.097,0.00,0.450,-0.000,0.000,0.000,0.000,0.000,6.21,10.77562967,106.67092184,10.51,"10°46'32.27""N, 106°40'15.32""E",FIX,
14:05:33.797,1786172733.798,TRACKING,3.576,-4.157,-2.097,0.00,0.450,-0.000,0.000,0.000,0.000,0.000,6.21,10.77562967,106.67092184,10.51,"10°46'32.27""N, 106°40'15.32""E",FIX,
14:05:33.867,1786172733.868,TRACKING,3.568,-4.171,-2.097,0.00,0.450,-0.000,0.000,0.000,0.000,0.000,6.23,10.77562931,106.67092164,10.51,"10°46'32.27""N, 106°40'15.32""E",FIX,
14:05:33.966,1786172733.967,TRACKING,3.561,-4.184,-2.097,0.00,0.450,-0.000,0.000,0.000,0.000,0.000,6.25,10.77562931,106.67092164,10.51,"10°46'32.27""N, 106°40'15.32""E",FIX,
14:05:34.022,1786172734.023,TRACKING,3.553,-4.197,-2.097,0.00,0.450,-0.000,0.000,0.000,0.000,0.000,6.26,10.77562931,106.67092164,10.51,"10°46'32.27""N, 106°40'15.32""E",FIX,
14:05:34.090,1786172734.091,TRACKING,3.545,-4.210,-2.097,0.00,0.450,-0.000,0.000,0.000,0.000,0.000,6.28,10.77562896,106.67092143,10.51,"10°46'32.26""N, 106°40'15.32""E",FIX,
14:05:34.172,1786172734.173,TRACKING,3.537,-4.223,-2.097,0.00,0.450,-0.000,0.000,0.000,0.000,0.000,6.29,10.77562896,106.67092143,10.51,"10°46'32.26""N, 106°40'15.32""E",FIX,
14:05:34.244,1786172734.244,TRACKING,3.530,-4.237,-2.097,0.00,0.450,-0.000,0.000,0.000,0.000,0.000,6.31,10.77562896,106.67092143,10.51,"10°46'32.26""N, 106°40'15.32""E",FIX,
14:05:34.304,1786172734.305,TRACKING,3.522,-4.250,-2.097,0.00,0.450,-0.000,0.000,0.000,0.000,0.000,6.32,10.77562861,106.67092122,10.51,"10°46'32.26""N, 106°40'15.32""E",FIX,
14:05:34.389,1786172734.389,TRACKING,3.514,-4.263,-2.097,0.00,0.450,-0.000,0.000,0.000,0.000,0.000,6.34,10.77562861,106.67092122,10.51,"10°46'32.26""N, 106°40'15.32""E",FIX,
14:05:34.457,1786172734.458,TRACKING,3.507,-4.276,-2.097,0.00,0.450,-0.000,0.000,0.000,0.000,0.000,6.35,10.77562861,106.67092122,10.51,"10°46'32.26""N, 106°40'15.32""E",FIX,
14:05:34.540,1786172734.541,TRACKING,3.499,-4.290,-2.097,0.00,0.450,-0.000,0.000,0.000,0.000,0.000,6.37,10.77562826,106.67092102,10.51,"10°46'32.26""N, 106°40'15.32""E",FIX,
14:05:34.604,1786172734.605,TRACKING,3.491,-4.303,-2.097,0.00,0.450,-0.000,0.000,0.000,0.000,0.000,6.38,10.77562826,106.67092102,10.51,"10°46'32.26""N, 106°40'15.32""E",FIX,
14:05:34.673,1786172734.674,TRACKING,3.487,-4.309,-2.097,0.00,0.450,-0.000,0.000,0.000,0.000,0.000,6.39,10.77562826,106.67092102,10.51,"10°46'32.26""N, 106°40'15.32""E",FIX,
14:05:34.751,1786172734.751,TRACKING,3.476,-4.329,-2.097,0.00,0.450,-0.000,0.000,0.000,0.000,0.000,6.41,10.77562791,106.67092081,10.51,"10°46'32.26""N, 106°40'15.31""E",FIX,
14:05:34.821,1786172734.821,TRACKING,3.468,-4.343,-2.097,0.00,0.450,-0.000,0.000,0.000,0.000,0.000,6.43,10.77562791,106.67092081,10.51,"10°46'32.26""N, 106°40'15.31""E",FIX,
14:05:34.878,1786172734.878,TRACKING,3.464,-4.349,-2.097,0.00,0.450,-0.000,0.000,0.000,0.000,0.000,6.44,10.77562791,106.67092081,10.51,"10°46'32.26""N, 106°40'15.31""E",FIX,
14:05:34.958,1786172734.959,TRACKING,3.453,-4.369,-2.097,0.00,0.450,-0.000,0.000,0.000,0.000,0.000,6.46,10.77562756,106.67092060,10.51,"10°46'32.26""N, 106°40'15.31""E",FIX,
14:05:35.033,1786172735.034,TRACKING,3.445,-4.382,-2.097,0.00,0.450,-0.000,0.000,0.000,0.000,0.000,6.47,10.77562756,106.67092060,10.51,"10°46'32.26""N, 106°40'15.31""E",FIX,
14:05:35.111,1786172735.111,TRACKING,3.437,-4.395,-2.097,0.00,0.450,-0.000,0.000,0.000,0.000,0.000,6.49,10.77562756,106.67092060,10.51,"10°46'32.26""N, 106°40'15.31""E",FIX,
14:05:35.163,1786172735.164,TRACKING,3.434,-4.402,-2.097,0.00,0.450,-0.000,0.000,0.000,0.000,0.000,6.50,10.77562720,106.67092039,10.51,"10°46'32.26""N, 106°40'15.31""E",FIX,
14:05:35.248,1786172735.249,TRACKING,3.426,-4.415,-2.097,0.00,0.450,-0.000,0.000,0.000,0.000,0.000,6.51,10.77562720,106.67092039,10.51,"10°46'32.26""N, 106°40'15.31""E",FIX,
14:05:35.322,1786172735.322,TRACKING,3.418,-4.428,-2.097,0.00,0.450,-0.000,0.000,0.000,0.000,0.000,6.53,10.77562720,106.67092039,10.51,"10°46'32.26""N, 106°40'15.31""E",FIX,
14:05:35.392,1786172735.392,TRACKING,3.411,-4.442,-2.097,0.00,0.450,-0.000,0.000,0.000,0.000,0.000,6.54,10.77562685,106.67092019,10.51,"10°46'32.26""N, 106°40'15.31""E",FIX,
14:05:35.449,1786172735.449,TRACKING,3.403,-4.455,-2.097,0.00,0.450,-0.000,0.000,0.000,0.000,0.000,6.56,10.77562685,106.67092019,10.51,"10°46'32.26""N, 106°40'15.31""E",FIX,
14:05:35.529,1786172735.529,TRACKING,3.395,-4.468,-2.097,0.00,0.450,-0.000,0.000,0.000,0.000,0.000,6.57,10.77562685,106.67092019,10.51,"10°46'32.26""N, 106°40'15.31""E",FIX,
14:05:35.605,1786172735.605,TRACKING,3.388,-4.481,-2.097,0.00,0.450,-0.000,0.000,0.000,0.000,0.000,6.59,10.77562650,106.67091998,10.51,"10°46'32.26""N, 106°40'15.31""E",FIX,
14:05:35.680,1786172735.681,TRACKING,3.380,-4.495,-2.097,0.00,0.450,-0.000,0.000,0.000,0.000,0.000,6.60,10.77562650,106.67091998,10.51,"10°46'32.26""N, 106°40'15.31""E",FIX,
14:05:35.744,1786172735.744,TRACKING,3.372,-4.508,-2.097,0.00,0.450,-0.000,0.000,0.000,0.000,0.000,6.62,10.77562650,106.67091998,10.51,"10°46'32.26""N, 106°40'15.31""E",FIX,
14:05:35.818,1786172735.819,TRACKING,3.364,-4.521,-2.097,0.00,0.450,-0.000,0.000,0.000,0.000,0.000,6.64,10.77562615,106.67091977,10.51,"10°46'32.25""N, 106°40'15.31""E",FIX,
14:05:35.887,1786172735.888,TRACKING,3.357,-4.534,-2.097,0.00,0.450,-0.000,0.000,0.000,0.000,0.000,6.65,10.77562615,106.67091977,10.51,"10°46'32.25""N, 106°40'15.31""E",FIX,
14:05:35.960,1786172735.961,TRACKING,3.349,-4.548,-2.097,0.00,0.450,-0.000,0.000,0.000,0.000,0.000,6.67,10.77562615,106.67091977,10.51,"10°46'32.25""N, 106°40'15.31""E",FIX,
14:05:36.031,1786172736.032,TRACKING,3.345,-4.554,-2.097,0.00,0.450,-0.000,0.000,0.000,0.000,0.000,6.67,10.77562580,106.67091957,10.51,"10°46'32.25""N, 106°40'15.31""E",FIX,
14:05:36.111,1786172736.111,TRACKING,3.338,-4.567,-2.097,0.00,0.450,-0.000,0.000,0.000,0.000,0.000,6.69,10.77562580,106.67091957,10.51,"10°46'32.25""N, 106°40'15.31""E",FIX,
14:05:36.186,1786172736.187,TRACKING,3.330,-4.581,-2.097,0.00,0.450,-0.000,0.000,0.000,0.000,0.000,6.70,10.77562580,106.67091957,10.51,"10°46'32.25""N, 106°40'15.31""E",FIX,
14:05:36.260,1786172736.260,TRACKING,3.322,-4.594,-2.097,0.00,0.450,-0.000,0.000,0.000,0.000,0.000,6.72,10.77562544,106.67091936,10.51,"10°46'32.25""N, 106°40'15.31""E",FIX,
14:05:36.334,1786172736.335,TRACKING,3.314,-4.607,-2.097,0.00,0.450,-0.000,0.000,0.000,0.000,0.000,6.73,10.77562544,106.67091936,10.51,"10°46'32.25""N, 106°40'15.31""E",FIX,
14:05:36.403,1786172736.404,TRACKING,3.307,-4.620,-2.097,0.00,0.450,-0.000,0.000,0.000,0.000,0.000,6.75,10.77562544,106.67091936,10.51,"10°46'32.25""N, 106°40'15.31""E",FIX,
14:05:36.487,1786172736.488,TRACKING,3.299,-4.634,-2.097,0.00,0.450,-0.000,0.000,0.000,0.000,0.000,6.77,10.77562509,106.67091915,10.51,"10°46'32.25""N, 106°40'15.31""E",FIX,
14:05:36.571,1786172736.571,TRACKING,3.291,-4.647,-2.097,0.00,0.450,-0.000,0.000,0.000,0.000,0.000,6.78,10.77562509,106.67091915,10.51,"10°46'32.25""N, 106°40'15.31""E",FIX,
14:05:36.636,1786172736.636,TRACKING,3.284,-4.660,-2.097,0.00,0.450,-0.000,0.000,0.000,0.000,0.000,6.80,10.77562509,106.67091915,10.51,"10°46'32.25""N, 106°40'15.31""E",FIX,
14:05:36.714,1786172736.714,TRACKING,3.276,-4.673,-2.097,0.00,0.450,-0.000,0.000,0.000,0.000,0.000,6.81,10.77562474,106.67091895,10.51,"10°46'32.25""N, 106°40'15.31""E",FIX,
14:05:36.774,1786172736.774,TRACKING,3.268,-4.686,-2.097,0.00,0.450,-0.000,0.000,0.000,0.000,0.000,6.83,10.77562474,106.67091895,10.51,"10°46'32.25""N, 106°40'15.31""E",FIX,
14:05:36.863,1786172736.864,TRACKING,3.261,-4.700,-2.097,0.00,0.450,-0.000,0.000,0.000,0.000,0.000,6.84,10.77562474,106.67091895,10.51,"10°46'32.25""N, 106°40'15.31""E",FIX,
14:05:36.926,1786172736.926,TRACKING,3.253,-4.713,-2.097,0.00,0.450,-0.000,0.000,0.000,0.000,0.000,6.86,10.77562439,106.67091874,10.51,"10°46'32.25""N, 106°40'15.31""E",FIX,
14:05:37.006,1786172737.006,TRACKING,3.245,-4.726,-2.097,0.00,0.450,-0.000,0.000,0.000,0.000,0.000,6.87,10.77562439,106.67091874,10.51,"10°46'32.25""N, 106°40'15.31""E",FIX,
14:05:37.083,1786172737.083,TRACKING,3.238,-4.739,-2.097,0.00,0.450,-0.000,0.000,0.000,0.000,0.000,6.89,10.77562439,106.67091874,10.51,"10°46'32.25""N, 106°40'15.31""E",FIX,
14:05:37.155,1786172737.155,TRACKING,3.230,-4.753,-2.097,0.00,0.450,-0.000,0.000,0.000,0.000,0.000,6.90,10.77562404,106.67091853,10.51,"10°46'32.25""N, 106°40'15.31""E",FIX,
14:05:37.214,1786172737.215,TRACKING,3.226,-4.759,-2.097,0.00,0.450,-0.000,0.000,0.000,0.000,0.000,6.91,10.77562404,106.67091853,10.51,"10°46'32.25""N, 106°40'15.31""E",FIX,
14:05:37.301,1786172737.302,TRACKING,3.214,-4.779,-2.097,0.00,0.450,-0.000,0.000,0.000,0.000,0.000,6.93,10.77562404,106.67091853,10.51,"10°46'32.25""N, 106°40'15.31""E",FIX,
14:05:37.360,1786172737.361,TRACKING,3.207,-4.792,-2.097,0.00,0.450,-0.000,0.000,0.000,0.000,0.000,6.95,10.77562369,106.67091833,10.51,"10°46'32.25""N, 106°40'15.31""E",FIX,
14:05:37.432,1786172737.432,TRACKING,3.199,-4.805,-2.097,0.00,0.450,-0.000,0.000,0.000,0.000,0.000,6.96,10.77562369,106.67091833,10.51,"10°46'32.25""N, 106°40'15.31""E",FIX,
14:05:37.504,1786172737.505,TRACKING,3.195,-4.812,-2.097,0.00,0.450,-0.000,0.000,0.000,0.000,0.000,6.97,10.77562369,106.67091833,10.51,"10°46'32.25""N, 106°40'15.31""E",FIX,
14:05:37.581,1786172737.582,TRACKING,3.188,-4.825,-2.097,0.00,0.450,-0.000,0.000,0.000,0.000,0.000,6.99,10.77562333,106.67091812,10.51,"10°46'32.24""N, 106°40'15.31""E",FIX,
14:05:37.650,1786172737.650,TRACKING,3.180,-4.839,-2.097,0.00,0.450,-0.000,0.000,0.000,0.000,0.000,7.00,10.77562333,106.67091812,10.51,"10°46'32.24""N, 106°40'15.31""E",FIX,
14:05:37.729,1786172737.730,TRACKING,3.172,-4.852,-2.097,0.00,0.450,-0.000,0.000,0.000,0.000,0.000,7.02,10.77562333,106.67091812,10.51,"10°46'32.24""N, 106°40'15.31""E",FIX,
14:05:37.798,1786172737.799,TRACKING,3.164,-4.865,-2.097,0.00,0.450,-0.000,0.000,0.000,0.000,0.000,7.03,10.77562298,106.67091791,10.51,"10°46'32.24""N, 106°40'15.30""E",FIX,
14:05:37.870,1786172737.871,TRACKING,3.157,-4.878,-2.097,0.00,0.450,-0.000,0.000,0.000,0.000,0.000,7.05,10.77562298,106.67091791,10.51,"10°46'32.24""N, 106°40'15.30""E",FIX,
14:05:37.937,1786172737.938,TRACKING,3.149,-4.891,-2.097,0.00,0.450,-0.000,0.000,0.000,0.000,0.000,7.06,10.77562298,106.67091791,10.51,"10°46'32.24""N, 106°40'15.30""E",FIX,
14:05:38.010,1786172738.010,TRACKING,3.141,-4.905,-2.097,0.00,0.450,-0.000,0.000,0.000,0.000,0.000,7.08,10.77562263,106.67091771,10.51,"10°46'32.24""N, 106°40'15.30""E",FIX,
14:05:38.083,1786172738.083,TRACKING,3.134,-4.918,-2.097,0.00,0.450,-0.000,0.000,0.000,0.000,0.000,7.09,10.77562263,106.67091771,10.51,"10°46'32.24""N, 106°40'15.30""E",FIX,
14:05:38.153,1786172738.153,TRACKING,3.126,-4.931,-2.097,0.00,0.450,-0.000,0.000,0.000,0.000,0.000,7.11,10.77562263,106.67091771,10.51,"10°46'32.24""N, 106°40'15.30""E",FIX,
14:05:38.230,1786172738.230,TRACKING,3.118,-4.944,-2.097,0.00,0.450,-0.000,0.000,0.000,0.000,0.000,7.12,10.77562228,106.67091750,10.51,"10°46'32.24""N, 106°40'15.30""E",FIX,
14:05:38.291,1786172738.292,TRACKING,3.115,-4.951,-2.097,0.00,0.450,-0.000,0.000,0.000,0.000,0.000,7.13,10.77562228,106.67091750,10.51,"10°46'32.24""N, 106°40'15.30""E",FIX,
14:05:38.361,1786172738.361,TRACKING,3.107,-4.964,-2.097,0.00,0.450,-0.000,0.000,0.000,0.000,0.000,7.15,10.77562228,106.67091750,10.51,"10°46'32.24""N, 106°40'15.30""E",FIX,
14:05:38.446,1786172738.446,TRACKING,3.095,-4.984,-2.097,0.00,0.450,-0.000,0.000,0.000,0.000,0.000,7.17,10.77562228,106.67091750,10.51,"10°46'32.24""N, 106°40'15.30""E",FIX,
14:05:38.515,1786172738.515,TRACKING,3.088,-4.997,-2.097,0.00,0.450,-0.000,0.000,0.000,0.000,0.000,7.19,10.77562193,106.67091729,10.51,"10°46'32.24""N, 106°40'15.30""E",FIX,
14:05:38.584,1786172738.585,TRACKING,3.080,-5.010,-2.097,0.00,0.450,-0.000,0.000,0.000,0.000,0.000,7.20,10.77562193,106.67091729,10.51,"10°46'32.24""N, 106°40'15.30""E",FIX,
14:05:38.644,1786172738.645,TRACKING,3.076,-5.017,-2.097,0.00,0.450,-0.000,0.000,0.000,0.000,0.000,7.21,10.77562193,106.67091729,10.51,"10°46'32.24""N, 106°40'15.30""E",FIX,
14:05:38.724,1786172738.725,TRACKING,3.068,-5.030,-2.097,0.00,0.450,-0.000,0.000,0.000,0.000,0.000,7.22,10.77562158,106.67091709,10.51,"10°46'32.24""N, 106°40'15.30""E",FIX,
14:05:38.800,1786172738.800,TRACKING,3.061,-5.044,-2.097,0.00,0.450,-0.000,0.000,0.000,0.000,0.000,7.24,10.77562158,106.67091709,10.51,"10°46'32.24""N, 106°40'15.30""E",FIX,
14:05:38.872,1786172738.872,TRACKING,3.053,-5.057,-2.097,0.00,0.450,-0.000,0.000,0.000,0.000,0.000,7.26,10.77562158,106.67091709,10.51,"10°46'32.24""N, 106°40'15.30""E",FIX,
14:05:38.937,1786172738.938,TRACKING,3.045,-5.070,-2.097,0.00,0.450,-0.000,0.000,0.000,0.000,0.000,7.27,10.77562122,106.67091688,10.51,"10°46'32.24""N, 106°40'15.30""E",FIX,
14:05:39.016,1786172739.017,TRACKING,3.038,-5.083,-2.097,0.00,0.450,-0.000,0.000,0.000,0.000,0.000,7.29,10.77562122,106.67091688,10.51,"10°46'32.24""N, 106°40'15.30""E",FIX,
14:05:39.089,1786172739.089,TRACKING,3.030,-5.096,-2.097,0.00,0.450,-0.000,0.000,0.000,0.000,0.000,7.30,10.77562122,106.67091688,10.51,"10°46'32.24""N, 106°40'15.30""E",FIX,
14:05:39.168,1786172739.168,TRACKING,3.022,-5.110,-2.097,0.00,0.450,-0.000,0.000,0.000,0.000,0.000,7.32,10.77562087,106.67091667,10.51,"10°46'32.24""N, 106°40'15.30""E",FIX,
14:05:39.236,1786172739.237,TRACKING,3.015,-5.123,-2.097,0.00,0.450,-0.000,0.000,0.000,0.000,0.000,7.33,10.77562087,106.67091667,10.51,"10°46'32.24""N, 106°40'15.30""E",FIX,
14:05:39.307,1786172739.307,TRACKING,3.007,-5.136,-2.097,0.00,0.450,-0.000,0.000,0.000,0.000,0.000,7.35,10.77562087,106.67091667,10.51,"10°46'32.24""N, 106°40'15.30""E",FIX,
14:05:39.383,1786172739.384,TRACKING,2.999,-5.149,-2.097,0.00,0.450,-0.000,0.000,0.000,0.000,0.000,7.36,10.77562052,106.67091647,10.51,"10°46'32.23""N, 106°40'15.30""E",FIX,
14:05:39.454,1786172739.454,TRACKING,2.991,-5.163,-2.097,0.00,0.450,-0.000,0.000,0.000,0.000,0.000,7.38,10.77562052,106.67091647,10.51,"10°46'32.23""N, 106°40'15.30""E",FIX,
14:05:39.515,1786172739.516,TRACKING,2.984,-5.176,-2.097,0.00,0.450,-0.000,0.000,0.000,0.000,0.000,7.39,10.77562052,106.67091647,10.51,"10°46'32.23""N, 106°40'15.30""E",FIX,
14:05:39.591,1786172739.591,TRACKING,2.976,-5.189,-2.097,0.00,0.450,-0.000,0.000,0.000,0.000,0.000,7.41,10.77562017,106.67091626,10.51,"10°46'32.23""N, 106°40'15.30""E",FIX,
14:05:39.648,1786172739.649,TRACKING,2.972,-5.196,-2.097,0.00,0.450,-0.000,0.000,0.000,0.000,0.000,7.42,10.77562017,106.67091626,10.51,"10°46'32.23""N, 106°40'15.30""E",FIX,
14:05:39.737,1786172739.737,TRACKING,2.961,-5.215,-2.097,0.00,0.450,-0.000,0.000,0.000,0.000,0.000,7.44,10.77562017,106.67091626,10.51,"10°46'32.23""N, 106°40'15.30""E",FIX,
14:05:39.808,1786172739.808,TRACKING,2.953,-5.229,-2.097,0.00,0.450,-0.000,0.000,0.000,0.000,0.000,7.45,10.77561982,106.67091605,10.51,"10°46'32.23""N, 106°40'15.30""E",FIX,
14:05:39.882,1786172739.883,TRACKING,2.949,-5.235,-2.097,0.00,0.450,-0.000,0.000,0.000,0.000,0.000,7.46,10.77561982,106.67091605,10.51,"10°46'32.23""N, 106°40'15.30""E",FIX,
14:05:39.959,1786172739.960,TRACKING,2.941,-5.249,-2.097,0.00,0.450,-0.000,0.000,0.000,0.000,0.000,7.48,10.77561982,106.67091605,10.51,"10°46'32.23""N, 106°40'15.30""E",FIX,
14:05:40.036,1786172740.036,TRACKING,2.934,-5.262,-2.097,0.00,0.450,-0.000,0.000,0.000,0.000,0.000,7.49,10.77561947,106.67091585,10.51,"10°46'32.23""N, 106°40'15.30""E",FIX,
14:05:40.103,1786172740.103,TRACKING,2.926,-5.275,-2.097,0.00,0.450,-0.000,0.000,0.000,0.000,0.000,7.51,10.77561947,106.67091585,10.51,"10°46'32.23""N, 106°40'15.30""E",FIX,
14:05:40.180,1786172740.181,TRACKING,2.918,-5.288,-2.097,0.00,0.450,-0.000,0.000,0.000,0.000,0.000,7.52,10.77561947,106.67091585,10.51,"10°46'32.23""N, 106°40'15.30""E",FIX,
14:05:40.239,1786172740.240,TRACKING,2.911,-5.301,-2.097,0.00,0.450,-0.000,0.000,0.000,0.000,0.000,7.54,10.77561911,106.67091564,10.51,"10°46'32.23""N, 106°40'15.30""E",FIX,
14:05:40.321,1786172740.322,TRACKING,2.903,-5.315,-2.097,0.00,0.450,-0.000,0.000,0.000,0.000,0.000,7.55,10.77561911,106.67091564,10.51,"10°46'32.23""N, 106°40'15.30""E",FIX,
14:05:40.382,1786172740.382,TRACKING,2.895,-5.328,-2.097,0.00,0.450,-0.000,0.000,0.000,0.000,0.000,7.57,10.77561911,106.67091564,10.51,"10°46'32.23""N, 106°40'15.30""E",FIX,
14:05:40.465,1786172740.466,TRACKING,2.888,-5.341,-2.097,0.00,0.450,-0.000,0.000,0.000,0.000,0.000,7.58,10.77561876,106.67091543,10.51,"10°46'32.23""N, 106°40'15.30""E",FIX,
14:05:40.539,1786172740.539,TRACKING,2.880,-5.354,-2.097,0.00,0.450,-0.000,0.000,0.000,0.000,0.000,7.60,10.77561876,106.67091543,10.51,"10°46'32.23""N, 106°40'15.30""E",FIX,
14:05:40.609,1786172740.609,TRACKING,2.872,-5.368,-2.097,0.00,0.450,-0.000,0.000,0.000,0.000,0.000,7.61,10.77561876,106.67091543,10.51,"10°46'32.23""N, 106°40'15.30""E",FIX,
14:05:40.675,1786172740.675,TRACKING,2.865,-5.381,-2.097,0.00,0.450,-0.000,0.000,0.000,0.000,0.000,7.63,10.77561841,106.67091522,10.51,"10°46'32.23""N, 106°40'15.29""E",FIX,
14:05:40.754,1786172740.754,TRACKING,2.857,-5.394,-2.097,0.00,0.450,-0.000,0.000,0.000,0.000,0.000,7.65,10.77561841,106.67091522,10.51,"10°46'32.23""N, 106°40'15.29""E",FIX,
14:05:40.827,1786172740.828,TRACKING,2.849,-5.407,-2.097,0.00,0.450,-0.000,0.000,0.000,0.000,0.000,7.66,10.77561841,106.67091522,10.51,"10°46'32.23""N, 106°40'15.29""E",FIX,
14:05:40.901,1786172740.902,TRACKING,2.842,-5.421,-2.097,0.00,0.450,-0.000,0.000,0.000,0.000,0.000,7.68,10.77561806,106.67091502,10.51,"10°46'32.23""N, 106°40'15.29""E",FIX,
14:05:40.965,1786172740.966,TRACKING,2.834,-5.434,-2.097,0.00,0.450,-0.000,0.000,0.000,0.000,0.000,7.69,10.77561806,106.67091502,10.51,"10°46'32.23""N, 106°40'15.29""E",FIX,
14:05:41.029,1786172741.030,TRACKING,2.830,-5.440,-2.097,0.00,0.450,-0.000,0.000,0.000,0.000,0.000,7.70,10.77561806,106.67091502,10.51,"10°46'32.23""N, 106°40'15.29""E",FIX,
14:05:41.115,1786172741.116,TRACKING,2.818,-5.460,-2.097,0.00,0.450,-0.000,0.000,0.000,0.000,0.000,7.72,10.77561771,106.67091481,10.51,"10°46'32.22""N, 106°40'15.29""E",FIX,
14:05:41.189,1786172741.190,TRACKING,2.811,-5.473,-2.097,0.00,0.450,-0.000,0.000,0.000,0.000,0.000,7.74,10.77561771,106.67091481,10.51,"10°46'32.22""N, 106°40'15.29""E",FIX,
14:05:41.246,1786172741.246,TRACKING,2.807,-5.480,-2.097,0.00,0.450,-0.000,0.000,0.000,0.000,0.000,7.74,10.77561771,106.67091481,10.51,"10°46'32.22""N, 106°40'15.29""E",FIX,
14:05:41.326,1786172741.327,TRACKING,2.799,-5.493,-2.097,0.00,0.450,-0.000,0.000,0.000,0.000,0.000,7.76,10.77561736,106.67091460,10.51,"10°46'32.22""N, 106°40'15.29""E",FIX,
14:05:41.401,1786172741.402,TRACKING,2.792,-5.506,-2.097,0.00,0.450,-0.000,0.000,0.000,0.000,0.000,7.78,10.77561736,106.67091460,10.51,"10°46'32.22""N, 106°40'15.29""E",FIX,
14:05:41.480,1786172741.480,TRACKING,2.784,-5.520,-2.097,0.00,0.450,-0.000,0.000,0.000,0.000,0.000,7.79,10.77561736,106.67091460,10.51,"10°46'32.22""N, 106°40'15.29""E",FIX,
14:05:41.541,1786172741.542,TRACKING,2.776,-5.533,-2.097,0.00,0.450,-0.000,0.000,0.000,0.000,0.000,7.81,10.77561700,106.67091440,10.51,"10°46'32.22""N, 106°40'15.29""E",FIX,
14:05:41.613,1786172741.613,TRACKING,2.768,-5.546,-2.097,0.00,0.450,-0.000,0.000,0.000,0.000,0.000,7.82,10.77561700,106.67091440,10.51,"10°46'32.22""N, 106°40'15.29""E",FIX,
14:05:41.681,1786172741.682,TRACKING,2.761,-5.559,-2.097,0.00,0.450,-0.000,0.000,0.000,0.000,0.000,7.84,10.77561700,106.67091440,10.51,"10°46'32.22""N, 106°40'15.29""E",FIX,
14:05:41.748,1786172741.749,TRACKING,2.753,-5.573,-2.097,0.00,0.450,-0.000,0.000,0.000,0.000,0.000,7.85,10.77561665,106.67091419,10.51,"10°46'32.22""N, 106°40'15.29""E",FIX,
14:05:41.817,1786172741.817,TRACKING,2.745,-5.586,-2.097,0.00,0.450,-0.000,0.000,0.000,0.000,0.000,7.87,10.77561665,106.67091419,10.51,"10°46'32.22""N, 106°40'15.29""E",FIX,
14:05:41.896,1786172741.897,TRACKING,2.738,-5.599,-2.097,0.00,0.450,-0.000,0.000,0.000,0.000,0.000,7.88,10.77561665,106.67091419,10.51,"10°46'32.22""N, 106°40'15.29""E",FIX,
14:05:41.976,1786172741.976,TRACKING,2.730,-5.612,-2.097,0.00,0.450,-0.000,0.000,0.000,0.000,0.000,7.90,10.77561630,106.67091398,10.51,"10°46'32.22""N, 106°40'15.29""E",FIX,
14:05:42.053,1786172742.053,TRACKING,2.722,-5.626,-2.097,0.00,0.450,-0.000,0.000,0.000,0.000,0.000,7.91,10.77561630,106.67091398,10.51,"10°46'32.22""N, 106°40'15.29""E",FIX,
14:05:42.109,1786172742.109,TRACKING,2.718,-5.632,-2.097,0.00,0.450,-0.000,0.000,0.000,0.000,0.000,7.92,10.77561630,106.67091398,10.51,"10°46'32.22""N, 106°40'15.29""E",FIX,
14:05:42.191,1786172742.191,TRACKING,2.707,-5.652,-2.097,0.00,0.450,-0.000,0.000,0.000,0.000,0.000,7.94,10.77561595,106.67091378,10.51,"10°46'32.22""N, 106°40'15.29""E",FIX,
14:05:42.257,1786172742.257,TRACKING,2.699,-5.665,-2.097,0.00,0.450,-0.000,0.000,0.000,0.000,0.000,7.96,10.77561595,106.67091378,10.51,"10°46'32.22""N, 106°40'15.29""E",FIX,
14:05:42.331,1786172742.331,TRACKING,2.692,-5.678,-2.097,0.00,0.450,-0.000,0.000,0.000,0.000,0.000,7.97,10.77561595,106.67091378,10.51,"10°46'32.22""N, 106°40'15.29""E",FIX,
14:05:42.395,1786172742.396,TRACKING,2.688,-5.685,-2.097,0.00,0.450,-0.000,0.000,0.000,0.000,0.000,7.98,10.77561560,106.67091357,10.51,"10°46'32.22""N, 106°40'15.29""E",FIX,
14:05:42.473,1786172742.473,TRACKING,2.680,-5.698,-2.097,0.00,0.450,-0.000,0.000,0.000,0.000,0.000,8.00,10.77561560,106.67091357,10.51,"10°46'32.22""N, 106°40'15.29""E",FIX,
14:05:42.529,1786172742.530,TRACKING,2.672,-5.712,-2.097,0.00,0.450,-0.000,0.000,0.000,0.000,0.000,8.01,10.77561560,106.67091357,10.51,"10°46'32.22""N, 106°40'15.29""E",FIX,
14:05:42.617,1786172742.618,TRACKING,2.665,-5.725,-2.097,0.00,0.450,-0.000,0.000,0.000,0.000,0.000,8.03,10.77561525,106.67091336,10.51,"10°46'32.21""N, 106°40'15.29""E",FIX,
14:05:42.685,1786172742.686,TRACKING,2.657,-5.738,-2.097,0.00,0.450,-0.000,0.000,0.000,0.000,0.000,8.04,10.77561525,106.67091336,10.51,"10°46'32.21""N, 106°40'15.29""E",FIX,
14:05:42.757,1786172742.758,TRACKING,2.649,-5.751,-2.097,0.00,0.450,-0.000,0.000,0.000,0.000,0.000,8.06,10.77561525,106.67091336,10.51,"10°46'32.21""N, 106°40'15.29""E",FIX,
14:05:42.836,1786172742.836,TRACKING,2.642,-5.764,-2.097,0.00,0.450,-0.000,0.000,0.000,0.000,0.000,8.07,10.77561489,106.67091316,10.51,"10°46'32.21""N, 106°40'15.29""E",FIX,
14:05:42.912,1786172742.912,TRACKING,2.634,-5.778,-2.097,0.00,0.450,-0.000,0.000,0.000,0.000,0.000,8.09,10.77561489,106.67091316,10.51,"10°46'32.21""N, 106°40'15.29""E",FIX,
14:05:42.981,1786172742.981,TRACKING,2.626,-5.791,-2.097,0.00,0.450,-0.000,0.000,0.000,0.000,0.000,8.10,10.77561489,106.67091316,10.51,"10°46'32.21""N, 106°40'15.29""E",FIX,
14:05:43.054,1786172743.055,TRACKING,2.618,-5.804,-2.097,0.00,0.450,-0.000,0.000,0.000,0.000,0.000,8.12,10.77561454,106.67091295,10.51,"10°46'32.21""N, 106°40'15.29""E",FIX,
14:05:43.118,1786172743.119,TRACKING,2.611,-5.817,-2.097,0.00,0.450,-0.000,0.000,0.000,0.000,0.000,8.13,10.77561454,106.67091295,10.51,"10°46'32.21""N, 106°40'15.29""E",FIX,
14:05:43.198,1786172743.199,TRACKING,2.603,-5.831,-2.097,0.00,0.450,-0.000,0.000,0.000,0.000,0.000,8.15,10.77561454,106.67091295,10.51,"10°46'32.21""N, 106°40'15.29""E",FIX,
14:05:43.265,1786172743.265,TRACKING,2.599,-5.837,-2.097,0.00,0.450,-0.000,0.000,0.000,0.000,0.000,8.16,10.77561419,106.67091274,10.51,"10°46'32.21""N, 106°40'15.29""E",FIX,
14:05:43.349,1786172743.350,TRACKING,2.588,-5.857,-2.097,0.00,0.450,-0.000,0.000,0.000,0.000,0.000,8.18,10.77561419,106.67091274,10.51,"10°46'32.21""N, 106°40'15.29""E",FIX,
14:05:43.418,1786172743.418,TRACKING,2.580,-5.870,-2.097,0.00,0.450,-0.000,0.000,0.000,0.000,0.000,8.20,10.77561419,106.67091274,10.51,"10°46'32.21""N, 106°40'15.29""E",FIX,
14:05:43.488,1786172743.489,TRACKING,2.576,-5.877,-2.097,0.00,0.450,-0.000,0.000,0.000,0.000,0.000,8.20,10.77561384,106.67091254,10.51,"10°46'32.21""N, 106°40'15.29""E",FIX,
14:05:43.567,1786172743.568,TRACKING,2.569,-5.890,-2.097,0.00,0.450,-0.000,0.000,0.000,0.000,0.000,8.22,10.77561384,106.67091254,10.51,"10°46'32.21""N, 106°40'15.29""E",FIX,
14:05:43.639,1786172743.639,TRACKING,2.561,-5.903,-2.097,0.00,0.450,-0.000,0.000,0.000,0.000,0.000,8.23,10.77561384,106.67091254,10.51,"10°46'32.21""N, 106°40'15.29""E",FIX,
14:05:43.705,1786172743.706,TRACKING,2.553,-5.917,-2.097,0.00,0.450,-0.000,0.000,0.000,0.000,0.000,8.25,10.77561349,106.67091233,10.51,"10°46'32.21""N, 106°40'15.28""E",FIX,
14:05:43.777,1786172743.777,TRACKING,2.545,-5.930,-2.097,0.00,0.450,-0.000,0.000,0.000,0.000,0.000,8.26,10.77561349,106.67091233,10.51,"10°46'32.21""N, 106°40'15.28""E",FIX,
14:05:43.853,1786172743.853,TRACKING,2.538,-5.943,-2.097,0.00,0.450,-0.000,0.000,0.000,0.000,0.000,8.28,10.77561349,106.67091233,10.51,"10°46'32.21""N, 106°40'15.28""E",FIX,
14:05:43.940,1786172743.940,TRACKING,2.530,-5.956,-2.097,0.00,0.450,-0.000,0.000,0.000,0.000,0.000,8.30,10.77561314,106.67091212,10.51,"10°46'32.21""N, 106°40'15.28""E",FIX,
14:05:44.010,1786172744.011,TRACKING,2.522,-5.969,-2.097,0.00,0.450,-0.000,0.000,0.000,0.000,0.000,8.31,10.77561314,106.67091212,10.51,"10°46'32.21""N, 106°40'15.28""E",FIX,
14:05:44.087,1786172744.087,TRACKING,2.515,-5.983,-2.097,0.00,0.450,-0.000,0.000,0.000,0.000,0.000,8.33,10.77561314,106.67091212,10.51,"10°46'32.21""N, 106°40'15.28""E",FIX,
14:05:44.160,1786172744.160,TRACKING,2.507,-5.996,-2.097,0.00,0.450,-0.000,0.000,0.000,0.000,0.000,8.34,10.77561278,106.67091192,10.51,"10°46'32.21""N, 106°40'15.28""E",FIX,
14:05:44.223,1786172744.223,TRACKING,2.499,-6.009,-2.097,0.00,0.450,-0.000,0.000,0.000,0.000,0.000,8.36,10.77561278,106.67091192,10.51,"10°46'32.21""N, 106°40'15.28""E",FIX,
14:05:44.304,1786172744.305,TRACKING,2.492,-6.022,-2.097,0.00,0.450,-0.000,0.000,0.000,0.000,0.000,8.37,10.77561278,106.67091192,10.51,"10°46'32.21""N, 106°40'15.28""E",FIX,
14:05:44.376,1786172744.377,TRACKING,2.484,-6.036,-2.097,0.00,0.450,-0.000,0.000,0.000,0.000,0.000,8.39,10.77561243,106.67091171,10.51,"10°46'32.20""N, 106°40'15.28""E",FIX,
14:05:44.444,1786172744.444,TRACKING,2.476,-6.049,-2.097,0.00,0.450,-0.000,0.000,0.000,0.000,0.000,8.40,10.77561243,106.67091171,10.51,"10°46'32.20""N, 106°40'15.28""E",FIX,
14:05:44.512,1786172744.512,TRACKING,2.472,-6.055,-2.097,0.00,0.450,-0.000,0.000,0.000,0.000,0.000,8.41,10.77561243,106.67091171,10.51,"10°46'32.20""N, 106°40'15.28""E",FIX,
14:05:44.589,1786172744.589,TRACKING,2.461,-6.075,-2.097,0.00,0.450,-0.000,0.000,0.000,0.000,0.000,8.43,10.77561208,106.67091150,10.51,"10°46'32.20""N, 106°40'15.28""E",FIX,
14:05:44.658,1786172744.658,TRACKING,2.457,-6.082,-2.097,0.00,0.450,-0.000,0.000,0.000,0.000,0.000,8.44,10.77561208,106.67091150,10.51,"10°46'32.20""N, 106°40'15.28""E",FIX,
14:05:44.719,1786172744.720,TRACKING,2.449,-6.095,-2.097,0.00,0.450,-0.000,0.000,0.000,0.000,0.000,8.46,10.77561208,106.67091150,10.51,"10°46'32.20""N, 106°40'15.28""E",FIX,
14:05:44.805,1786172744.806,TRACKING,2.438,-6.115,-2.097,0.00,0.450,-0.000,0.000,0.000,0.000,0.000,8.48,10.77561173,106.67091130,10.51,"10°46'32.20""N, 106°40'15.28""E",FIX,
14:05:44.869,1786172744.869,TRACKING,2.434,-6.122,-2.097,0.00,0.450,-0.000,0.000,0.000,0.000,0.000,8.49,10.77561173,106.67091130,10.51,"10°46'32.20""N, 106°40'15.28""E",FIX,
14:05:44.945,1786172744.945,TRACKING,2.426,-6.135,-2.097,0.00,0.450,-0.000,0.000,0.000,0.000,0.000,8.50,10.77561173,106.67091130,10.51,"10°46'32.20""N, 106°40'15.28""E",FIX,
14:05:45.011,1786172745.012,TRACKING,2.419,-6.148,-2.097,0.00,0.450,-0.000,0.000,0.000,0.000,0.000,8.52,10.77561138,106.67091109,10.51,"10°46'32.20""N, 106°40'15.28""E",FIX,
14:05:45.084,1786172745.084,TRACKING,2.411,-6.161,-2.097,0.00,0.450,-0.000,0.000,0.000,0.000,0.000,8.53,10.77561138,106.67091109,10.51,"10°46'32.20""N, 106°40'15.28""E",FIX,
14:05:45.154,1786172745.154,TRACKING,2.403,-6.174,-2.097,0.00,0.450,-0.000,0.000,0.000,0.000,0.000,8.55,10.77561138,106.67091109,10.51,"10°46'32.20""N, 106°40'15.28""E",FIX,
14:05:45.216,1786172745.217,TRACKING,2.395,-6.188,-2.097,0.00,0.450,-0.000,0.000,0.000,0.000,0.000,8.56,10.77561138,106.67091109,10.51,"10°46'32.20""N, 106°40'15.28""E",FIX,
14:05:45.297,1786172745.298,TRACKING,2.388,-6.201,-2.097,0.00,0.450,-0.000,0.000,0.000,0.000,0.000,8.58,10.77561103,106.67091088,10.51,"10°46'32.20""N, 106°40'15.28""E",FIX,
14:05:45.375,1786172745.375,TRACKING,2.380,-6.214,-2.097,0.00,0.450,-0.000,0.000,0.000,0.000,0.000,8.59,10.77561103,106.67091088,10.51,"10°46'32.20""N, 106°40'15.28""E",FIX,
14:05:45.446,1786172745.446,TRACKING,2.372,-6.227,-2.097,0.00,0.450,-0.000,0.000,0.000,0.000,0.000,8.61,10.77561067,106.67091068,10.51,"10°46'32.20""N, 106°40'15.28""E",FIX,
14:05:45.515,1786172745.516,TRACKING,2.365,-6.241,-2.097,0.00,0.450,-0.000,0.000,0.000,0.000,0.000,8.62,10.77561067,106.67091068,10.51,"10°46'32.20""N, 106°40'15.28""E",FIX,
14:05:45.589,1786172745.589,TRACKING,2.357,-6.254,-2.097,0.00,0.450,-0.000,0.000,0.000,0.000,0.000,8.64,10.77561067,106.67091068,10.51,"10°46'32.20""N, 106°40'15.28""E",FIX,
14:05:45.664,1786172745.664,TRACKING,2.349,-6.267,-2.097,0.00,0.450,-0.000,0.000,0.000,0.000,0.000,8.65,10.77561032,106.67091047,10.51,"10°46'32.20""N, 106°40'15.28""E",FIX,
14:05:45.729,1786172745.730,TRACKING,2.342,-6.280,-2.097,0.00,0.450,-0.000,0.000,0.000,0.000,0.000,8.67,10.77561032,106.67091047,10.51,"10°46'32.20""N, 106°40'15.28""E",FIX,
14:05:45.800,1786172745.801,TRACKING,2.334,-6.293,-2.097,0.00,0.450,-0.000,0.000,0.000,0.000,0.000,8.69,10.77561032,106.67091047,10.51,"10°46'32.20""N, 106°40'15.28""E",FIX,
14:05:45.867,1786172745.867,TRACKING,2.326,-6.307,-2.097,0.00,0.450,-0.000,0.000,0.000,0.000,0.000,8.70,10.77561032,106.67091047,10.51,"10°46'32.20""N, 106°40'15.28""E",FIX,
14:05:45.946,1786172745.946,TRACKING,2.319,-6.320,-2.097,0.00,0.450,-0.000,0.000,0.000,0.000,0.000,8.72,10.77560997,106.67091026,10.51,"10°46'32.20""N, 106°40'15.28""E",FIX,
14:05:46.015,1786172746.015,TRACKING,2.311,-6.333,-2.097,0.00,0.450,-0.000,0.000,0.000,0.000,0.000,8.73,10.77560997,106.67091026,10.51,"10°46'32.20""N, 106°40'15.28""E",FIX,
14:05:46.083,1786172746.083,TRACKING,2.307,-6.340,-2.097,0.00,0.450,-0.000,0.000,0.000,0.000,0.000,8.74,10.77560997,106.67091026,10.51,"10°46'32.20""N, 106°40'15.28""E",FIX,
14:05:46.156,1786172746.156,TRACKING,2.299,-6.353,-2.097,0.00,0.450,-0.000,0.000,0.000,0.000,0.000,8.75,10.77560962,106.67091005,10.51,"10°46'32.19""N, 106°40'15.28""E",FIX,
14:05:46.245,1786172746.246,TRACKING,2.292,-6.366,-2.097,0.00,0.450,-0.000,0.000,0.000,0.000,0.000,8.77,10.77560962,106.67091005,10.51,"10°46'32.19""N, 106°40'15.28""E",FIX,
14:05:46.318,1786172746.319,TRACKING,2.284,-6.379,-2.097,0.00,0.450,-0.000,0.000,0.000,0.000,0.000,8.79,10.77560962,106.67091005,10.51,"10°46'32.19""N, 106°40'15.28""E",FIX,
14:05:46.389,1786172746.389,TRACKING,2.276,-6.393,-2.097,0.00,0.450,-0.000,0.000,0.000,0.000,0.000,8.80,10.77560927,106.67090985,10.51,"10°46'32.19""N, 106°40'15.28""E",FIX,
14:05:46.461,1786172746.461,TRACKING,2.269,-6.406,-2.097,0.00,0.450,-0.000,0.000,0.000,0.000,0.000,8.82,10.77560927,106.67090985,10.51,"10°46'32.19""N, 106°40'15.28""E",FIX,
14:05:46.535,1786172746.536,TRACKING,2.261,-6.419,-2.097,0.00,0.450,-0.000,0.000,0.000,0.000,0.000,8.83,10.77560927,106.67090985,10.51,"10°46'32.19""N, 106°40'15.28""E",FIX,
14:05:46.602,1786172746.602,TRACKING,2.253,-6.432,-2.097,0.00,0.450,-0.000,0.000,0.000,0.000,0.000,8.85,10.77560891,106.67090964,10.51,"10°46'32.19""N, 106°40'15.27""E",FIX,
14:05:46.679,1786172746.680,TRACKING,2.246,-6.446,-2.097,0.00,0.450,-0.000,0.000,0.000,0.000,0.000,8.86,10.77560891,106.67090964,10.51,"10°46'32.19""N, 106°40'15.27""E",FIX,
14:05:46.739,1786172746.739,TRACKING,2.238,-6.459,-2.097,0.00,0.450,-0.000,0.000,0.000,0.000,0.000,8.88,10.77560891,106.67090964,10.51,"10°46'32.19""N, 106°40'15.27""E",FIX,
14:05:46.821,1786172746.821,TRACKING,2.230,-6.472,-2.097,0.00,0.450,-0.000,0.000,0.000,0.000,0.000,8.89,10.77560856,106.67090943,10.51,"10°46'32.19""N, 106°40'15.27""E",FIX,
14:05:46.888,1786172746.888,TRACKING,2.222,-6.485,-2.097,0.00,0.450,-0.000,0.000,0.000,0.000,0.000,8.91,10.77560856,106.67090943,10.51,"10°46'32.19""N, 106°40'15.27""E",FIX,
14:05:46.970,1786172746.971,TRACKING,2.215,-6.499,-2.097,0.00,0.450,-0.000,0.000,0.000,0.000,0.000,8.92,10.77560856,106.67090943,10.51,"10°46'32.19""N, 106°40'15.27""E",FIX,
14:05:47.030,1786172747.031,TRACKING,2.211,-6.505,-2.097,0.00,0.450,-0.000,0.000,0.000,0.000,0.000,8.93,10.77560821,106.67090923,10.51,"10°46'32.19""N, 106°40'15.27""E",FIX,
14:05:47.112,1786172747.112,TRACKING,2.203,-6.518,-2.097,0.00,0.450,-0.000,0.000,0.000,0.000,0.000,8.95,10.77560821,106.67090923,10.51,"10°46'32.19""N, 106°40'15.27""E",FIX,
14:05:47.193,1786172747.194,TRACKING,2.192,-6.538,-2.097,0.00,0.450,-0.000,0.000,0.000,0.000,0.000,8.97,10.77560821,106.67090923,10.51,"10°46'32.19""N, 106°40'15.27""E",FIX,
14:05:47.280,1786172747.280,TRACKING,2.184,-6.551,-2.097,0.00,0.450,-0.000,0.000,0.000,0.000,0.000,8.98,10.77560786,106.67090902,10.51,"10°46'32.19""N, 106°40'15.27""E",FIX,
14:05:47.333,1786172747.334,TRACKING,2.180,-6.558,-2.097,0.00,0.450,-0.000,0.000,0.000,0.000,0.000,8.99,10.77560786,106.67090902,10.51,"10°46'32.19""N, 106°40'15.27""E",FIX,
14:05:47.406,1786172747.406,TRACKING,2.172,-6.571,-2.097,0.00,0.450,-0.000,0.000,0.000,0.000,0.000,9.01,10.77560786,106.67090902,10.51,"10°46'32.19""N, 106°40'15.27""E",FIX,
14:05:47.479,1786172747.480,TRACKING,2.165,-6.584,-2.097,0.00,0.450,-0.000,0.000,0.000,0.000,0.000,9.02,10.77560751,106.67090881,10.51,"10°46'32.19""N, 106°40'15.27""E",FIX,
14:05:47.553,1786172747.553,TRACKING,2.157,-6.598,-2.097,0.00,0.450,-0.000,0.000,0.000,0.000,0.000,9.04,10.77560751,106.67090881,10.51,"10°46'32.19""N, 106°40'15.27""E",FIX,
14:05:47.620,1786172747.621,TRACKING,2.149,-6.611,-2.097,0.00,0.450,-0.000,0.000,0.000,0.000,0.000,9.05,10.77560751,106.67090881,10.51,"10°46'32.19""N, 106°40'15.27""E",FIX,
14:05:47.696,1786172747.696,TRACKING,2.142,-6.624,-2.097,0.00,0.450,-0.000,0.000,0.000,0.000,0.000,9.07,10.77560716,106.67090861,10.51,"10°46'32.19""N, 106°40'15.27""E",FIX,
14:05:47.774,1786172747.775,TRACKING,2.134,-6.637,-2.097,0.00,0.450,-0.000,0.000,0.000,0.000,0.000,9.08,10.77560716,106.67090861,10.51,"10°46'32.19""N, 106°40'15.27""E",FIX,
14:05:47.848,1786172747.848,TRACKING,2.126,-6.651,-2.097,0.00,0.450,-0.000,0.000,0.000,0.000,0.000,9.10,10.77560716,106.67090861,10.51,"10°46'32.19""N, 106°40'15.27""E",FIX,
14:05:47.914,1786172747.915,TRACKING,2.119,-6.664,-2.097,0.00,0.450,-0.000,0.000,0.000,0.000,0.000,9.11,10.77560680,106.67090840,10.51,"10°46'32.18""N, 106°40'15.27""E",FIX,
14:05:47.987,1786172747.987,TRACKING,2.111,-6.677,-2.097,0.00,0.450,-0.000,0.000,0.000,0.000,0.000,9.13,10.77560680,106.67090840,10.51,"10°46'32.18""N, 106°40'15.27""E",FIX,
14:05:48.057,1786172748.057,TRACKING,2.103,-6.690,-2.097,0.00,0.450,-0.000,0.000,0.000,0.000,0.000,9.14,10.77560680,106.67090840,10.51,"10°46'32.18""N, 106°40'15.27""E",FIX,
14:05:48.129,1786172748.130,TRACKING,2.096,-6.704,-2.097,0.00,0.450,-0.000,0.000,0.000,0.000,0.000,9.16,10.77560645,106.67090819,10.51,"10°46'32.18""N, 106°40'15.27""E",FIX,
14:05:48.207,1786172748.208,TRACKING,2.088,-6.717,-2.097,0.00,0.450,-0.000,0.000,0.000,0.000,0.000,9.18,10.77560645,106.67090819,10.51,"10°46'32.18""N, 106°40'15.27""E",FIX,
14:05:48.285,1786172748.286,TRACKING,2.080,-6.730,-2.097,0.00,0.450,-0.000,0.000,0.000,0.000,0.000,9.19,10.77560645,106.67090819,10.51,"10°46'32.18""N, 106°40'15.27""E",FIX,
14:05:48.350,1786172748.351,TRACKING,2.076,-6.737,-2.097,0.00,0.450,-0.000,0.000,0.000,0.000,0.000,9.20,10.77560610,106.67090799,10.51,"10°46'32.18""N, 106°40'15.27""E",FIX,
14:05:48.449,1786172748.450,TRACKING,2.065,-6.756,-2.097,0.00,0.450,-0.000,0.000,0.000,0.000,0.000,9.22,10.77560610,106.67090799,10.51,"10°46'32.18""N, 106°40'15.27""E",FIX,
14:05:48.514,1786172748.515,TRACKING,2.057,-6.770,-2.097,0.00,0.450,-0.000,0.000,0.000,0.000,0.000,9.24,10.77560610,106.67090799,10.51,"10°46'32.18""N, 106°40'15.27""E",FIX,
14:05:48.591,1786172748.592,TRACKING,2.049,-6.783,-2.097,0.00,0.450,-0.000,0.000,0.000,0.000,0.000,9.25,10.77560575,106.67090778,10.51,"10°46'32.18""N, 106°40'15.27""E",FIX,
14:05:48.665,1786172748.666,TRACKING,2.042,-6.796,-2.097,0.00,0.450,-0.000,0.000,0.000,0.000,0.000,9.27,10.77560575,106.67090778,10.51,"10°46'32.18""N, 106°40'15.27""E",FIX,
14:05:48.738,1786172748.739,TRACKING,2.038,-6.803,-2.097,0.00,0.450,-0.000,0.000,0.000,0.000,0.000,9.27,10.77560575,106.67090778,10.51,"10°46'32.18""N, 106°40'15.27""E",FIX,
14:05:48.813,1786172748.814,TRACKING,2.030,-6.816,-2.097,0.00,0.450,-0.000,0.000,0.000,0.000,0.000,9.29,10.77560540,106.67090757,10.51,"10°46'32.18""N, 106°40'15.27""E",FIX,
14:05:48.891,1786172748.891,TRACKING,2.023,-6.829,-2.097,0.00,0.450,-0.000,0.000,0.000,0.000,0.000,9.31,10.77560540,106.67090757,10.51,"10°46'32.18""N, 106°40'15.27""E",FIX,
14:05:48.958,1786172748.959,TRACKING,2.015,-6.842,-2.097,0.00,0.450,-0.000,0.000,0.000,0.000,0.000,9.32,10.77560540,106.67090757,10.51,"10°46'32.18""N, 106°40'15.27""E",FIX,
14:05:49.028,1786172749.028,TRACKING,2.007,-6.856,-2.097,0.00,0.450,-0.000,0.000,0.000,0.000,0.000,9.34,10.77560505,106.67090737,10.51,"10°46'32.18""N, 106°40'15.27""E",FIX,
14:05:49.119,1786172749.119,TRACKING,1.999,-6.869,-2.097,0.00,0.450,-0.000,0.000,0.000,0.000,0.000,9.35,10.77560505,106.67090737,10.51,"10°46'32.18""N, 106°40'15.27""E",FIX,
14:05:49.184,1786172749.184,TRACKING,1.992,-6.882,-2.097,0.00,0.450,-0.000,0.000,0.000,0.000,0.000,9.37,10.77560505,106.67090737,10.51,"10°46'32.18""N, 106°40'15.27""E",FIX,
14:05:49.260,1786172749.261,TRACKING,1.984,-6.895,-2.097,0.00,0.450,-0.000,0.000,0.000,0.000,0.000,9.38,10.77560469,106.67090716,10.51,"10°46'32.18""N, 106°40'15.27""E",FIX,
14:05:49.347,1786172749.348,TRACKING,1.976,-6.909,-2.097,0.00,0.450,-0.000,0.000,0.000,0.000,0.000,9.40,10.77560469,106.67090716,10.51,"10°46'32.18""N, 106°40'15.27""E",FIX,
14:05:49.412,1786172749.412,TRACKING,1.969,-6.922,-2.097,0.00,0.450,-0.000,0.000,0.000,0.000,0.000,9.41,10.77560469,106.67090716,10.51,"10°46'32.18""N, 106°40'15.27""E",FIX,
14:05:49.497,1786172749.497,TRACKING,1.961,-6.935,-2.097,0.00,0.450,-0.000,0.000,0.000,0.000,0.000,9.43,10.77560434,106.67090695,10.51,"10°46'32.18""N, 106°40'15.27""E",FIX,
14:05:49.585,1786172749.585,TRACKING,1.953,-6.948,-2.097,0.00,0.450,-0.000,0.000,0.000,0.000,0.000,9.44,10.77560434,106.67090695,10.51,"10°46'32.18""N, 106°40'15.27""E",FIX,
14:05:49.668,1786172749.668,TRACKING,1.946,-6.961,-2.097,0.00,0.450,-0.000,0.000,0.000,0.000,0.000,9.46,10.77560434,106.67090695,10.51,"10°46'32.18""N, 106°40'15.27""E",FIX,
14:05:49.741,1786172749.742,TRACKING,1.938,-6.975,-2.097,0.00,0.450,-0.000,0.000,0.000,0.000,0.000,9.47,10.77560399,106.67090675,10.51,"10°46'32.17""N, 106°40'15.26""E",FIX,
14:05:49.819,1786172749.820,TRACKING,1.930,-6.988,-2.097,0.00,0.450,-0.000,0.000,0.000,0.000,0.000,9.49,10.77560399,106.67090675,10.51,"10°46'32.17""N, 106°40'15.26""E",FIX,
14:05:49.888,1786172749.888,TRACKING,1.926,-6.995,-2.097,0.00,0.450,-0.000,0.000,0.000,0.000,0.000,9.50,10.77560399,106.67090675,10.51,"10°46'32.17""N, 106°40'15.26""E",FIX,
14:05:49.961,1786172749.962,TRACKING,1.919,-7.008,-2.097,0.00,0.450,-0.000,0.000,0.000,0.000,0.000,9.51,10.77560364,106.67090654,10.51,"10°46'32.17""N, 106°40'15.26""E",FIX,
14:05:50.032,1786172750.032,TRACKING,1.911,-7.021,-2.097,0.00,0.450,-0.000,0.000,0.000,0.000,0.000,9.53,10.77560364,106.67090654,10.51,"10°46'32.17""N, 106°40'15.26""E",FIX,
14:05:50.107,1786172750.107,TRACKING,1.903,-7.034,-2.097,0.00,0.450,-0.000,0.000,0.000,0.000,0.000,9.54,10.77560364,106.67090654,10.51,"10°46'32.17""N, 106°40'15.26""E",FIX,
14:05:50.179,1786172750.180,TRACKING,1.896,-7.047,-2.097,0.00,0.450,-0.000,0.000,0.000,0.000,0.000,9.56,10.77560329,106.67090633,10.51,"10°46'32.17""N, 106°40'15.26""E",FIX,
14:05:50.259,1786172750.259,TRACKING,1.888,-7.061,-2.097,0.00,0.450,-0.000,0.000,0.000,0.000,0.000,9.57,10.77560329,106.67090633,10.51,"10°46'32.17""N, 106°40'15.26""E",FIX,
14:05:50.328,1786172750.328,TRACKING,1.880,-7.074,-2.097,0.00,0.450,-0.000,0.000,0.000,0.000,0.000,9.59,10.77560329,106.67090633,10.51,"10°46'32.17""N, 106°40'15.26""E",FIX,
14:05:50.403,1786172750.404,TRACKING,1.873,-7.087,-2.097,0.00,0.450,-0.000,0.000,0.000,0.000,0.000,9.60,10.77560294,106.67090613,10.51,"10°46'32.17""N, 106°40'15.26""E",FIX,
14:05:50.478,1786172750.479,TRACKING,1.865,-7.100,-2.097,0.00,0.450,-0.000,0.000,0.000,0.000,0.000,9.62,10.77560294,106.67090613,10.51,"10°46'32.17""N, 106°40'15.26""E",FIX,
14:05:50.550,1786172750.551,TRACKING,1.857,-7.114,-2.097,0.00,0.450,-0.000,0.000,0.000,0.000,0.000,9.63,10.77560294,106.67090613,10.51,"10°46'32.17""N, 106°40'15.26""E",FIX,
14:05:50.619,1786172750.619,TRACKING,1.849,-7.127,-2.097,0.00,0.450,-0.000,0.000,0.000,0.000,0.000,9.65,10.77560258,106.67090592,10.51,"10°46'32.17""N, 106°40'15.26""E",FIX,
14:05:50.705,1786172750.706,TRACKING,1.842,-7.140,-2.097,0.00,0.450,-0.000,0.000,0.000,0.000,0.000,9.66,10.77560258,106.67090592,10.51,"10°46'32.17""N, 106°40'15.26""E",FIX,
14:05:50.764,1786172750.764,TRACKING,1.834,-7.153,-2.097,0.00,0.450,-0.000,0.000,0.000,0.000,0.000,9.68,10.77560258,106.67090592,10.51,"10°46'32.17""N, 106°40'15.26""E",FIX,
14:05:50.841,1786172750.841,TRACKING,1.830,-7.160,-2.097,0.00,0.450,-0.000,0.000,0.000,0.000,0.000,9.69,10.77560223,106.67090571,10.51,"10°46'32.17""N, 106°40'15.26""E",FIX,
14:05:50.923,1786172750.923,TRACKING,1.819,-7.180,-2.097,0.00,0.450,-0.000,0.000,0.000,0.000,0.000,9.71,10.77560223,106.67090571,10.51,"10°46'32.17""N, 106°40'15.26""E",FIX,
14:05:51.003,1786172751.004,TRACKING,1.811,-7.193,-2.097,0.00,0.450,-0.000,0.000,0.000,0.000,0.000,9.73,10.77560223,106.67090571,10.51,"10°46'32.17""N, 106°40'15.26""E",FIX,
14:05:51.065,1786172751.066,TRACKING,1.807,-7.200,-2.097,0.00,0.450,-0.000,0.000,0.000,0.000,0.000,9.73,10.77560188,106.67090550,10.51,"10°46'32.17""N, 106°40'15.26""E",FIX,
14:05:51.147,1786172751.147,TRACKING,1.799,-7.213,-2.097,0.00,0.450,-0.000,0.000,0.000,0.000,0.000,9.75,10.77560188,106.67090550,10.51,"10°46'32.17""N, 106°40'15.26""E",FIX,
14:05:51.215,1786172751.215,TRACKING,1.792,-7.226,-2.097,0.00,0.450,-0.000,0.000,0.000,0.000,0.000,9.76,10.77560188,106.67090550,10.51,"10°46'32.17""N, 106°40'15.26""E",FIX,
14:05:51.296,1786172751.296,TRACKING,1.784,-7.239,-2.097,0.00,0.450,-0.000,0.000,0.000,0.000,0.000,9.78,10.77560153,106.67090530,10.51,"10°46'32.17""N, 106°40'15.26""E",FIX,
14:05:51.370,1786172751.371,TRACKING,1.776,-7.252,-2.097,0.00,0.450,-0.000,0.000,0.000,0.000,0.000,9.79,10.77560153,106.67090530,10.51,"10°46'32.17""N, 106°40'15.26""E",FIX,
14:05:51.438,1786172751.439,TRACKING,1.769,-7.266,-2.097,0.00,0.450,-0.000,0.000,0.000,0.000,0.000,9.81,10.77560153,106.67090530,10.51,"10°46'32.17""N, 106°40'15.26""E",FIX,
14:05:51.508,1786172751.508,TRACKING,1.761,-7.279,-2.097,0.00,0.450,-0.000,0.000,0.000,0.000,0.000,9.83,10.77560118,106.67090509,10.51,"10°46'32.16""N, 106°40'15.26""E",FIX,
14:05:51.583,1786172751.584,TRACKING,1.753,-7.292,-2.097,0.00,0.450,-0.000,0.000,0.000,0.000,0.000,9.84,10.77560118,106.67090509,10.51,"10°46'32.16""N, 106°40'15.26""E",FIX,
14:05:51.656,1786172751.657,TRACKING,1.746,-7.305,-2.097,0.00,0.450,-0.000,0.000,0.000,0.000,0.000,9.86,10.77560118,106.67090509,10.51,"10°46'32.16""N, 106°40'15.26""E",FIX,
14:05:51.751,1786172751.751,TRACKING,1.738,-7.319,-2.097,0.00,0.450,-0.000,0.000,0.000,0.000,0.000,9.87,10.77560083,106.67090488,10.51,"10°46'32.16""N, 106°40'15.26""E",FIX,
14:05:51.825,1786172751.826,TRACKING,1.730,-7.332,-2.097,0.00,0.450,-0.000,0.000,0.000,0.000,0.000,9.89,10.77560083,106.67090488,10.51,"10°46'32.16""N, 106°40'15.26""E",FIX,
14:05:51.901,1786172751.902,TRACKING,1.723,-7.345,-2.097,0.00,0.450,-0.000,0.000,0.000,0.000,0.000,9.90,10.77560083,106.67090488,10.51,"10°46'32.16""N, 106°40'15.26""E",FIX,
14:05:51.966,1786172751.966,TRACKING,1.715,-7.358,-2.097,0.00,0.450,-0.000,0.000,0.000,0.000,0.000,9.92,10.77560083,106.67090488,10.51,"10°46'32.16""N, 106°40'15.26""E",FIX,
14:05:52.043,1786172752.044,TRACKING,1.707,-7.371,-2.097,0.00,0.450,-0.000,0.000,0.000,0.000,0.000,9.93,10.77560047,106.67090468,10.51,"10°46'32.16""N, 106°40'15.26""E",FIX,
14:05:52.118,1786172752.118,TRACKING,1.700,-7.385,-2.097,0.00,0.450,-0.000,0.000,0.000,0.000,0.000,9.95,10.77560047,106.67090468,10.51,"10°46'32.16""N, 106°40'15.26""E",FIX,
14:05:52.194,1786172752.195,TRACKING,1.692,-7.398,-2.097,0.00,0.450,-0.000,0.000,0.000,0.000,0.000,9.96,10.77560012,106.67090447,10.51,"10°46'32.16""N, 106°40'15.26""E",FIX,
14:05:52.261,1786172752.261,TRACKING,1.688,-7.405,-2.097,0.00,0.450,-0.000,0.000,0.000,0.000,0.000,9.97,10.77560012,106.67090447,10.51,"10°46'32.16""N, 106°40'15.26""E",FIX,
14:05:52.330,1786172752.331,TRACKING,1.680,-7.418,-2.097,0.00,0.450,-0.000,0.000,0.000,0.000,0.000,9.99,10.77560012,106.67090447,10.51,"10°46'32.16""N, 106°40'15.26""E",FIX,
14:05:52.407,1786172752.408,TRACKING,1.673,-7.431,-2.097,0.00,0.450,-0.000,0.000,0.000,0.000,0.000,10.00,10.77560012,106.67090447,10.51,"10°46'32.16""N, 106°40'15.26""E",FIX,
14:05:52.482,1786172752.482,TRACKING,1.665,-7.444,-2.097,0.00,0.450,-0.000,0.000,0.000,0.000,0.000,10.02,10.77559977,106.67090426,10.51,"10°46'32.16""N, 106°40'15.26""E",FIX,
14:05:52.550,1786172752.550,TRACKING,1.657,-7.457,-2.097,0.00,0.450,-0.000,0.000,0.000,0.000,0.000,10.03,10.77559977,106.67090426,10.51,"10°46'32.16""N, 106°40'15.26""E",FIX,
14:05:52.625,1786172752.625,TRACKING,1.650,-7.471,-2.097,0.00,0.450,-0.000,0.000,0.000,0.000,0.000,10.05,10.77559942,106.67090406,10.51,"10°46'32.16""N, 106°40'15.25""E",FIX,
14:05:52.701,1786172752.701,TRACKING,1.642,-7.484,-2.097,0.00,0.450,-0.000,0.000,0.000,0.000,0.000,10.06,10.77559942,106.67090406,10.51,"10°46'32.16""N, 106°40'15.25""E",FIX,
14:05:52.766,1786172752.766,TRACKING,1.634,-7.497,-2.097,0.00,0.450,-0.000,0.000,0.000,0.000,0.000,10.08,10.77559942,106.67090406,10.51,"10°46'32.16""N, 106°40'15.25""E",FIX,
14:05:52.826,1786172752.827,TRACKING,1.626,-7.510,-2.097,0.00,0.450,-0.000,0.000,0.000,0.000,0.000,10.09,10.77559942,106.67090406,10.51,"10°46'32.16""N, 106°40'15.25""E",FIX,
14:05:52.909,1786172752.910,TRACKING,1.619,-7.524,-2.097,0.00,0.450,-0.000,0.000,0.000,0.000,0.000,10.11,10.77559907,106.67090385,10.51,"10°46'32.16""N, 106°40'15.25""E",FIX,
14:05:52.982,1786172752.983,TRACKING,1.611,-7.537,-2.097,0.00,0.450,-0.000,0.000,0.000,0.000,0.000,10.12,10.77559907,106.67090385,10.51,"10°46'32.16""N, 106°40'15.25""E",FIX,
14:05:53.059,1786172753.060,TRACKING,1.603,-7.550,-2.097,0.00,0.450,-0.000,0.000,0.000,0.000,0.000,10.14,10.77559872,106.67090364,10.51,"10°46'32.16""N, 106°40'15.25""E",FIX,
14:05:53.115,1786172753.115,TRACKING,1.600,-7.557,-2.097,0.00,0.450,-0.000,0.000,0.000,0.000,0.000,10.15,10.77559872,106.67090364,10.51,"10°46'32.16""N, 106°40'15.25""E",FIX,
14:05:53.202,1786172753.202,TRACKING,1.588,-7.577,-2.097,0.00,0.450,-0.000,0.000,0.000,0.000,0.000,10.17,10.77559872,106.67090364,10.51,"10°46'32.16""N, 106°40'15.25""E",FIX,
14:05:53.262,1786172753.263,TRACKING,1.584,-7.583,-2.097,0.00,0.450,-0.000,0.000,0.000,0.000,0.000,10.18,10.77559872,106.67090364,10.51,"10°46'32.16""N, 106°40'15.25""E",FIX,
14:05:53.335,1786172753.336,TRACKING,1.576,-7.596,-2.097,0.00,0.450,-0.000,0.000,0.000,0.000,0.000,10.19,10.77559836,106.67090344,10.51,"10°46'32.15""N, 106°40'15.25""E",FIX,
14:05:53.405,1786172753.405,TRACKING,1.569,-7.610,-2.097,0.00,0.450,-0.000,0.000,0.000,0.000,0.000,10.21,10.77559836,106.67090344,10.51,"10°46'32.15""N, 106°40'15.25""E",FIX,
14:05:53.485,1786172753.486,TRACKING,1.557,-7.629,-2.097,0.00,0.450,-0.000,0.000,0.000,0.000,0.000,10.23,10.77559836,106.67090344,10.51,"10°46'32.15""N, 106°40'15.25""E",FIX,
14:05:53.560,1786172753.560,TRACKING,1.550,-7.643,-2.097,0.00,0.450,-0.000,0.000,0.000,0.000,0.000,10.25,10.77559801,106.67090323,10.51,"10°46'32.15""N, 106°40'15.25""E",FIX,
14:05:53.646,1786172753.647,TRACKING,1.546,-7.649,-2.097,0.00,0.450,-0.000,0.000,0.000,0.000,0.000,10.25,10.77559801,106.67090323,10.51,"10°46'32.15""N, 106°40'15.25""E",FIX,
14:05:53.740,1786172753.740,TRACKING,1.534,-7.669,-2.097,0.00,0.450,-0.000,0.000,0.000,0.000,0.000,10.28,10.77559766,106.67090302,10.51,"10°46'32.15""N, 106°40'15.25""E",FIX,
14:05:53.818,1786172753.819,TRACKING,1.526,-7.682,-2.097,0.00,0.450,-0.000,0.000,0.000,0.000,0.000,10.29,10.77559766,106.67090302,10.51,"10°46'32.15""N, 106°40'15.25""E",FIX,
14:05:53.877,1786172753.878,TRACKING,1.523,-7.689,-2.097,0.00,0.450,-0.000,0.000,0.000,0.000,0.000,10.30,10.77559766,106.67090302,10.51,"10°46'32.15""N, 106°40'15.25""E",FIX,
14:05:53.957,1786172753.957,TRACKING,1.515,-7.702,-2.097,0.00,0.450,-0.000,0.000,0.000,0.000,0.000,10.32,10.77559766,106.67090302,10.51,"10°46'32.15""N, 106°40'15.25""E",FIX,
14:05:54.022,1786172754.022,TRACKING,1.507,-7.715,-2.097,0.00,0.450,-0.000,0.000,0.000,0.000,0.000,10.33,10.77559731,106.67090282,10.51,"10°46'32.15""N, 106°40'15.25""E",FIX,
14:05:54.115,1786172754.115,TRACKING,1.500,-7.729,-2.097,0.00,0.450,-0.000,0.000,0.000,0.000,0.000,10.35,10.77559731,106.67090282,10.51,"10°46'32.15""N, 106°40'15.25""E",FIX,
14:05:54.162,1786172754.162,TRACKING,1.492,-7.742,-2.097,0.00,0.450,-0.000,0.000,0.000,0.000,0.000,10.36,10.77559731,106.67090282,10.51,"10°46'32.15""N, 106°40'15.25""E",FIX,
14:05:54.250,1786172754.250,TRACKING,1.484,-7.755,-2.097,0.00,0.450,-0.000,0.000,0.000,0.000,0.000,10.38,10.77559696,106.67090261,10.51,"10°46'32.15""N, 106°40'15.25""E",FIX,
14:05:54.330,1786172754.331,TRACKING,1.477,-7.768,-2.097,0.00,0.450,-0.000,0.000,0.000,0.000,0.000,10.39,10.77559696,106.67090261,10.51,"10°46'32.15""N, 106°40'15.25""E",FIX,
14:05:54.429,1786172754.429,TRACKING,1.469,-7.782,-2.097,0.00,0.450,-0.000,0.000,0.000,0.000,0.000,10.41,10.77559661,106.67090240,10.51,"10°46'32.15""N, 106°40'15.25""E",FIX,
14:05:54.480,1786172754.481,TRACKING,1.461,-7.795,-2.097,0.00,0.450,-0.000,0.000,0.000,0.000,0.000,10.42,10.77559661,106.67090240,10.51,"10°46'32.15""N, 106°40'15.25""E",FIX,
14:05:54.555,1786172754.556,TRACKING,1.453,-7.808,-2.097,0.00,0.450,-0.000,0.000,0.000,0.000,0.000,10.44,10.77559661,106.67090240,10.51,"10°46'32.15""N, 106°40'15.25""E",FIX,
14:05:54.631,1786172754.631,TRACKING,1.446,-7.821,-2.097,0.00,0.450,-0.000,0.000,0.000,0.000,0.000,10.45,10.77559661,106.67090240,10.51,"10°46'32.15""N, 106°40'15.25""E",FIX,
14:05:54.706,1786172754.707,TRACKING,1.438,-7.834,-2.097,0.00,0.450,-0.000,0.000,0.000,0.000,0.000,10.47,10.77559625,106.67090220,10.51,"10°46'32.15""N, 106°40'15.25""E",FIX,
14:05:54.776,1786172754.776,TRACKING,1.434,-7.841,-2.097,0.00,0.450,-0.000,0.000,0.000,0.000,0.000,10.48,10.77559625,106.67090220,10.51,"10°46'32.15""N, 106°40'15.25""E",FIX,
14:05:54.864,1786172754.865,TRACKING,1.423,-7.861,-2.097,0.00,0.450,-0.000,0.000,0.000,0.000,0.000,10.50,10.77559625,106.67090220,10.51,"10°46'32.15""N, 106°40'15.25""E",FIX,
14:05:54.941,1786172754.942,TRACKING,1.419,-7.867,-2.097,0.00,0.450,-0.000,0.000,0.000,0.000,0.000,10.51,10.77559590,106.67090199,10.51,"10°46'32.15""N, 106°40'15.25""E",FIX,
14:05:55.042,1786172755.042,TRACKING,1.411,-7.881,-2.097,0.00,0.450,-0.000,0.000,0.000,0.000,0.000,10.52,10.77559590,106.67090199,10.51,"10°46'32.15""N, 106°40'15.25""E",FIX,
14:05:55.122,1786172755.122,TRACKING,1.403,-7.894,-2.097,0.00,0.450,-0.000,0.000,0.000,0.000,0.000,10.54,10.77559590,106.67090199,10.51,"10°46'32.15""N, 106°40'15.25""E",FIX,
14:05:55.193,1786172755.194,TRACKING,1.396,-7.907,-2.097,0.00,0.450,-0.000,0.000,0.000,0.000,0.000,10.55,10.77559555,106.67090178,10.51,"10°46'32.14""N, 106°40'15.25""E",FIX,
14:05:55.267,1786172755.268,TRACKING,1.388,-7.920,-2.097,0.00,0.450,-0.000,0.000,0.000,0.000,0.000,10.57,10.77559555,106.67090178,10.51,"10°46'32.14""N, 106°40'15.25""E",FIX,
14:05:55.334,1786172755.335,TRACKING,1.380,-7.934,-2.097,0.00,0.450,-0.000,0.000,0.000,0.000,0.000,10.58,10.77559555,106.67090178,10.51,"10°46'32.14""N, 106°40'15.25""E",FIX,
14:05:55.407,1786172755.408,TRACKING,1.373,-7.947,-2.097,0.00,0.450,-0.000,0.000,0.000,0.000,0.000,10.60,10.77559520,106.67090158,10.51,"10°46'32.14""N, 106°40'15.25""E",FIX,
14:05:55.493,1786172755.494,TRACKING,1.365,-7.960,-2.097,0.00,0.450,-0.000,0.000,0.000,0.000,0.000,10.61,10.77559520,106.67090158,10.51,"10°46'32.14""N, 106°40'15.25""E",FIX,
14:05:55.571,1786172755.571,TRACKING,1.357,-7.973,-2.097,0.00,0.450,-0.000,0.000,0.000,0.000,0.000,10.63,10.77559520,106.67090158,10.51,"10°46'32.14""N, 106°40'15.25""E",FIX,
14:05:55.672,1786172755.672,TRACKING,1.346,-7.993,-2.097,0.00,0.450,-0.000,0.000,0.000,0.000,0.000,10.65,10.77559485,106.67090137,10.51,"10°46'32.14""N, 106°40'15.24""E",FIX,
14:05:55.724,1786172755.724,TRACKING,1.342,-8.000,-2.097,0.00,0.450,-0.000,0.000,0.000,0.000,0.000,10.66,10.77559485,106.67090137,10.51,"10°46'32.14""N, 106°40'15.24""E",FIX,
14:05:55.807,1786172755.808,TRACKING,1.334,-8.013,-2.097,0.00,0.450,-0.000,0.000,0.000,0.000,0.000,10.67,10.77559485,106.67090137,10.51,"10°46'32.14""N, 106°40'15.24""E",FIX,
14:05:55.874,1786172755.875,TRACKING,1.327,-8.026,-2.097,0.00,0.450,-0.000,0.000,0.000,0.000,0.000,10.69,10.77559450,106.67090116,10.51,"10°46'32.14""N, 106°40'15.24""E",FIX,
14:05:55.942,1786172755.942,TRACKING,1.323,-8.033,-2.097,0.00,0.450,-0.000,0.000,0.000,0.000,0.000,10.70,10.77559450,106.67090116,10.51,"10°46'32.14""N, 106°40'15.24""E",FIX,
14:05:56.030,1786172756.031,TRACKING,1.311,-8.053,-2.097,0.00,0.450,-0.000,0.000,0.000,0.000,0.000,10.72,10.77559450,106.67090116,10.51,"10°46'32.14""N, 106°40'15.24""E",FIX,
14:05:56.121,1786172756.122,TRACKING,1.303,-8.066,-2.097,0.00,0.450,-0.000,0.000,0.000,0.000,0.000,10.74,10.77559414,106.67090096,10.51,"10°46'32.14""N, 106°40'15.24""E",FIX,
14:05:56.181,1786172756.181,TRACKING,1.300,-8.073,-2.097,0.00,0.450,-0.000,0.000,0.000,0.000,0.000,10.74,10.77559414,106.67090096,10.51,"10°46'32.14""N, 106°40'15.24""E",FIX,
14:05:56.257,1786172756.258,TRACKING,1.292,-8.086,-2.097,0.00,0.450,-0.000,0.000,0.000,0.000,0.000,10.76,10.77559414,106.67090096,10.51,"10°46'32.14""N, 106°40'15.24""E",FIX,
14:05:56.328,1786172756.328,TRACKING,1.284,-8.099,-2.097,0.00,0.450,-0.000,0.000,0.000,0.000,0.000,10.77,10.77559379,106.67090075,10.51,"10°46'32.14""N, 106°40'15.24""E",FIX,
14:05:56.422,1786172756.423,TRACKING,1.273,-8.119,-2.097,0.00,0.450,-0.000,0.000,0.000,0.000,0.000,10.80,10.77559379,106.67090075,10.51,"10°46'32.14""N, 106°40'15.24""E",FIX,
14:05:56.488,1786172756.489,TRACKING,1.269,-8.125,-2.097,0.00,0.450,-0.000,0.000,0.000,0.000,0.000,10.80,10.77559379,106.67090075,10.51,"10°46'32.14""N, 106°40'15.24""E",FIX,
14:05:56.583,1786172756.584,TRACKING,1.261,-8.139,-2.097,0.00,0.450,-0.000,0.000,0.000,0.000,0.000,10.82,10.77559344,106.67090054,10.51,"10°46'32.14""N, 106°40'15.24""E",FIX,
14:05:56.675,1786172756.676,TRACKING,1.253,-8.152,-2.097,0.00,0.450,-0.000,0.000,0.000,0.000,0.000,10.84,10.77559344,106.67090054,10.51,"10°46'32.14""N, 106°40'15.24""E",FIX,
14:05:56.771,1786172756.771,TRACKING,1.242,-8.172,-2.097,0.00,0.450,-0.000,0.000,0.000,0.000,0.000,10.86,10.77559344,106.67090054,10.51,"10°46'32.14""N, 106°40'15.24""E",FIX,
14:05:56.837,1786172756.837,TRACKING,1.238,-8.178,-2.097,0.00,0.450,-0.000,0.000,0.000,0.000,0.000,10.87,10.77559309,106.67090033,10.51,"10°46'32.14""N, 106°40'15.24""E",FIX,
14:05:56.908,1786172756.908,TRACKING,1.230,-8.192,-2.097,0.00,0.450,-0.000,0.000,0.000,0.000,0.000,10.88,10.77559309,106.67090033,10.51,"10°46'32.14""N, 106°40'15.24""E",FIX,
14:05:56.973,1786172756.973,TRACKING,1.223,-8.205,-2.097,0.00,0.450,-0.000,0.000,0.000,0.000,0.000,10.90,10.77559309,106.67090033,10.51,"10°46'32.14""N, 106°40'15.24""E",FIX,
14:05:57.057,1786172757.057,TRACKING,1.215,-8.218,-2.097,0.00,0.450,-0.000,0.000,0.000,0.000,0.000,10.91,10.77559274,106.67090013,10.51,"10°46'32.13""N, 106°40'15.24""E",FIX,
14:05:57.127,1786172757.127,TRACKING,1.207,-8.231,-2.097,0.00,0.450,-0.000,0.000,0.000,0.000,0.000,10.93,10.77559274,106.67090013,10.51,"10°46'32.13""N, 106°40'15.24""E",FIX,
14:05:57.201,1786172757.202,TRACKING,1.200,-8.244,-2.097,0.00,0.450,-0.000,0.000,0.000,0.000,0.000,10.94,10.77559274,106.67090013,10.51,"10°46'32.13""N, 106°40'15.24""E",FIX,
14:05:57.284,1786172757.285,TRACKING,1.192,-8.258,-2.097,0.00,0.450,-0.000,0.000,0.000,0.000,0.000,10.96,10.77559238,106.67089992,10.51,"10°46'32.13""N, 106°40'15.24""E",FIX,
14:05:57.375,1786172757.376,TRACKING,1.184,-8.271,-2.097,0.00,0.450,-0.000,0.000,0.000,0.000,0.000,10.97,10.77559238,106.67089992,10.51,"10°46'32.13""N, 106°40'15.24""E",FIX,
14:05:57.436,1786172757.437,TRACKING,1.177,-8.284,-2.097,0.00,0.450,-0.000,0.000,0.000,0.000,0.000,10.99,10.77559238,106.67089992,10.51,"10°46'32.13""N, 106°40'15.24""E",FIX,
14:05:57.499,1786172757.499,TRACKING,1.173,-8.291,-2.097,0.00,0.450,-0.000,0.000,0.000,0.000,0.000,11.00,10.77559203,106.67089971,10.51,"10°46'32.13""N, 106°40'15.24""E",FIX,
14:05:57.587,1786172757.588,TRACKING,1.161,-8.311,-2.097,0.00,0.450,-0.000,0.000,0.000,0.000,0.000,11.02,10.77559203,106.67089971,10.51,"10°46'32.13""N, 106°40'15.24""E",FIX,
14:05:57.667,1786172757.667,TRACKING,1.157,-8.317,-2.097,0.00,0.450,-0.000,0.000,0.000,0.000,0.000,11.03,10.77559203,106.67089971,10.51,"10°46'32.13""N, 106°40'15.24""E",FIX,
14:05:57.739,1786172757.740,TRACKING,1.150,-8.330,-2.097,0.00,0.450,-0.000,0.000,0.000,0.000,0.000,11.04,10.77559168,106.67089951,10.51,"10°46'32.13""N, 106°40'15.24""E",FIX,
14:05:57.830,1786172757.831,TRACKING,1.142,-8.344,-2.097,0.00,0.450,-0.000,0.000,0.000,0.000,0.000,11.06,10.77559168,106.67089951,10.51,"10°46'32.13""N, 106°40'15.24""E",FIX,
14:05:57.926,1786172757.926,TRACKING,1.130,-8.364,-2.097,0.00,0.450,-0.000,0.000,0.000,0.000,0.000,11.08,10.77559168,106.67089951,10.51,"10°46'32.13""N, 106°40'15.24""E",FIX,
14:05:58.008,1786172758.008,TRACKING,1.123,-8.377,-2.097,0.00,0.450,-0.000,0.000,0.000,0.000,0.000,11.10,10.77559133,106.67089930,10.51,"10°46'32.13""N, 106°40'15.24""E",FIX,
14:05:58.056,1786172758.057,TRACKING,1.119,-8.383,-2.097,0.00,0.450,-0.000,0.000,0.000,0.000,0.000,11.10,10.77559133,106.67089930,10.51,"10°46'32.13""N, 106°40'15.24""E",FIX,
14:05:58.143,1786172758.143,TRACKING,1.111,-8.397,-2.097,0.00,0.450,-0.000,0.000,0.000,0.000,0.000,11.12,10.77559133,106.67089930,10.51,"10°46'32.13""N, 106°40'15.24""E",FIX,
14:05:58.207,1786172758.207,TRACKING,1.104,-8.410,-2.097,0.00,0.450,-0.000,0.000,0.000,0.000,0.000,11.13,10.77559098,106.67089909,10.51,"10°46'32.13""N, 106°40'15.24""E",FIX,
14:05:58.305,1786172758.306,TRACKING,1.096,-8.423,-2.097,0.00,0.450,-0.000,0.000,0.000,0.000,0.000,11.15,10.77559098,106.67089909,10.51,"10°46'32.13""N, 106°40'15.24""E",FIX,
14:05:58.376,1786172758.377,TRACKING,1.088,-8.436,-2.097,0.00,0.450,-0.000,0.000,0.000,0.000,0.000,11.16,10.77559098,106.67089909,10.51,"10°46'32.13""N, 106°40'15.24""E",FIX,
14:05:58.460,1786172758.460,TRACKING,1.080,-8.449,-2.097,0.00,0.450,-0.000,0.000,0.000,0.000,0.000,11.18,10.77559063,106.67089889,10.51,"10°46'32.13""N, 106°40'15.24""E",FIX,
14:05:58.537,1786172758.537,TRACKING,1.073,-8.463,-2.097,0.00,0.450,-0.000,0.000,0.000,0.000,0.000,11.19,10.77559063,106.67089889,10.51,"10°46'32.13""N, 106°40'15.24""E",FIX,
14:05:58.616,1786172758.616,TRACKING,1.065,-8.476,-2.097,0.00,0.450,-0.000,0.000,0.000,0.000,0.000,11.21,10.77559063,106.67089889,10.51,"10°46'32.13""N, 106°40'15.24""E",FIX,
14:05:58.697,1786172758.697,TRACKING,1.061,-8.483,-2.097,0.00,0.450,-0.000,0.000,0.000,0.000,0.000,11.22,10.77559027,106.67089868,10.51,"10°46'32.12""N, 106°40'15.24""E",FIX,
14:05:58.792,1786172758.792,TRACKING,1.050,-8.502,-2.097,0.00,0.450,-0.000,0.000,0.000,0.000,0.000,11.24,10.77559027,106.67089868,10.51,"10°46'32.12""N, 106°40'15.24""E",FIX,
14:05:58.858,1786172758.859,TRACKING,1.046,-8.509,-2.097,0.00,0.450,-0.000,0.000,0.000,0.000,0.000,11.25,10.77559027,106.67089868,10.51,"10°46'32.12""N, 106°40'15.24""E",FIX,
14:05:58.958,1786172758.959,TRACKING,1.038,-8.522,-2.097,0.00,0.450,-0.000,0.000,0.000,0.000,0.000,11.26,10.77558992,106.67089847,10.51,"10°46'32.12""N, 106°40'15.23""E",FIX,
14:05:59.059,1786172759.060,TRACKING,1.027,-8.542,-2.097,0.00,0.450,-0.000,0.000,0.000,0.000,0.000,11.29,10.77558992,106.67089847,10.51,"10°46'32.12""N, 106°40'15.23""E",FIX,
14:05:59.138,1786172759.139,TRACKING,1.019,-8.555,-2.097,0.00,0.450,-0.000,0.000,0.000,0.000,0.000,11.30,10.77558992,106.67089847,10.51,"10°46'32.12""N, 106°40'15.23""E",FIX,
14:05:59.205,1786172759.205,TRACKING,1.015,-8.562,-2.097,0.00,0.450,-0.000,0.000,0.000,0.000,0.000,11.31,10.77558957,106.67089827,10.51,"10°46'32.12""N, 106°40'15.23""E",FIX,
14:05:59.275,1786172759.276,TRACKING,1.007,-8.575,-2.097,0.00,0.450,-0.000,0.000,0.000,0.000,0.000,11.32,10.77558957,106.67089827,10.51,"10°46'32.12""N, 106°40'15.23""E",FIX,
14:05:59.332,1786172759.332,TRACKING,1.000,-8.588,-2.097,0.00,0.450,-0.000,0.000,0.000,0.000,0.000,11.34,10.77558957,106.67089827,10.51,"10°46'32.12""N, 106°40'15.23""E",FIX,
14:05:59.427,1786172759.427,TRACKING,0.992,-8.602,-2.097,0.00,0.450,-0.000,0.000,0.000,0.000,0.000,11.36,10.77558922,106.67089806,10.51,"10°46'32.12""N, 106°40'15.23""E",FIX,
14:05:59.521,1786172759.521,TRACKING,0.980,-8.621,-2.097,0.00,0.450,-0.000,0.000,0.000,0.000,0.000,11.38,10.77558922,106.67089806,10.51,"10°46'32.12""N, 106°40'15.23""E",FIX,
14:05:59.608,1786172759.608,TRACKING,0.973,-8.635,-2.097,0.00,0.450,-0.000,0.000,0.000,0.000,0.000,11.39,10.77558922,106.67089806,10.51,"10°46'32.12""N, 106°40'15.23""E",FIX,
