Time,Unix_Timestamp,FSM_State,Pos_X_m,Pos_Y_m,Yaw_rad,Steer_Angle_deg,Linear_Vel_mps,Angular_Vel_radps,IMU_Yaw_rad,IMU_Angular_Vel_z,IMU_Accel_x,Confidence,Dist_Traveled_m,GPS_Latitude,GPS_Longitude,GPS_Altitude_m,GPS_DMS,GPS_Status,Event
23:54:40.496,1786208080.497,TRACKING,0.000,0.000,0.000,0.00,0.450,-0.000,0.000,0.000,0.000,0.000,0.00,10.77566700,106.67088900,10.00,"10°46'32.40""N, 106°40'15.20""E",ODOM_ESTIMATED,
23:54:40.569,1786208080.570,TRACKING,0.022,0.000,-0.000,0.00,0.450,-0.000,0.000,0.000,0.000,0.000,0.02,10.77566700,106.67088920,10.00,"10°46'32.40""N, 106°40'15.20""E",ODOM_ESTIMATED,
23:54:40.648,1786208080.649,TRACKING,0.049,-0.000,-0.000,0.00,0.450,-0.000,0.000,0.000,0.000,0.000,0.05,10.77566700,106.67088944,10.00,"10°46'32.40""N, 106°40'15.20""E",ODOM_ESTIMATED,
23:54:40.732,1786208080.732,TRACKING,0.076,-0.000,-0.000,0.00,0.450,-0.000,0.000,0.000,0.000,0.000,0.08,10.77567062,106.67087563,10.51,"10°46'32.41""N, 106°40'15.15""E",FIX,
23:54:40.800,1786208080.801,TRACKING,0.103,-0.000,-0.000,0.00,0.450,-0.000,0.000,0.000,0.000,0.000,0.10,10.77567062,106.67087563,10.51,"10°46'32.41""N, 106°40'15.15""E",FIX,
23:54:40.912,1786208080.913,TRACKING,0.139,-0.000,-0.000,0.00,0.450,-0.000,0.000,0.000,0.000,0.000,0.14,10.77567062,106.67087563,10.51,"10°46'32.41""N, 106°40'15.15""E",FIX,
23:54:41.018,1786208081.019,TRACKING,0.166,-0.000,-0.000,0.00,0.450,-0.000,0.000,0.000,0.000,0.000,0.17,10.77567062,106.67087604,10.51,"10°46'32.41""N, 106°40'15.15""E",FIX,
23:54:41.082,1786208081.082,TRACKING,0.193,-0.000,-0.000,0.00,0.450,-0.000,0.000,0.000,0.000,0.000,0.19,10.77567062,106.67087604,10.51,"10°46'32.41""N, 106°40'15.15""E",FIX,
23:54:41.153,1786208081.154,TRACKING,0.220,-0.000,-0.000,0.00,0.450,-0.000,0.000,0.000,0.000,0.000,0.22,10.77567062,106.67087604,10.51,"10°46'32.41""N, 106°40'15.15""E",FIX,
23:54:41.224,1786208081.224,TRACKING,0.247,-0.000,-0.000,0.00,0.450,-0.000,0.000,0.000,0.000,0.000,0.25,10.77567062,106.67087604,10.51,"10°46'32.41""N, 106°40'15.15""E",FIX,
23:54:41.303,1786208081.303,TRACKING,0.283,-0.000,-0.000,0.00,0.450,-0.000,0.000,0.000,0.000,0.042,0.28,10.77567062,106.67087645,10.51,"10°46'32.41""N, 106°40'15.16""E",FIX,
23:54:41.384,1786208081.385,TRACKING,0.310,-0.000,-0.000,0.00,0.450,-0.000,0.000,0.000,0.000,0.104,0.31,10.77567062,106.67087645,10.51,"10°46'32.41""N, 106°40'15.16""E",FIX,
23:54:41.462,1786208081.463,TRACKING,0.346,-0.000,-0.000,0.00,0.450,-0.000,0.000,0.000,0.000,0.167,0.35,10.77567062,106.67087686,10.51,"10°46'32.41""N, 106°40'15.16""E",FIX,
23:54:41.528,1786208081.529,TRACKING,0.373,-0.000,-0.000,0.00,0.450,-0.000,0.000,0.000,0.000,0.208,0.37,10.77567062,106.67087686,10.51,"10°46'32.41""N, 106°40'15.16""E",FIX,
23:54:41.619,1786208081.619,TRACKING,0.409,-0.000,-0.000,0.00,0.450,-0.000,0.000,0.000,0.000,0.250,0.41,10.77567062,106.67087686,10.51,"10°46'32.41""N, 106°40'15.16""E",FIX,
23:54:41.691,1786208081.691,TRACKING,0.436,-0.000,-0.000,0.00,0.450,-0.000,0.000,0.000,0.000,0.333,0.44,10.77567062,106.67087728,10.51,"10°46'32.41""N, 106°40'15.16""E",FIX,
23:54:41.779,1786208081.779,TRACKING,0.463,-0.000,-0.000,0.00,0.450,-0.000,0.000,0.000,0.000,0.375,0.46,10.77567062,106.67087728,10.51,"10°46'32.41""N, 106°40'15.16""E",FIX,
23:54:41.871,1786208081.872,TRACKING,0.499,-0.000,-0.000,0.00,0.450,-0.000,0.000,0.000,0.000,0.437,0.50,10.77567062,106.67087728,10.51,"10°46'32.41""N, 106°40'15.16""E",FIX,
23:54:41.960,1786208081.960,TRACKING,0.526,-0.000,-0.000,0.00,0.450,-0.000,0.000,0.000,0.000,0.500,0.53,10.77567062,106.67087769,10.51,"10°46'32.41""N, 106°40'15.16""E",FIX,
23:54:42.037,1786208082.037,TRACKING,0.553,-0.000,-0.000,0.00,0.450,-0.000,0.000,0.000,0.000,0.583,0.55,10.77567062,106.67087769,10.51,"10°46'32.41""N, 106°40'15.16""E",FIX,
23:54:42.101,1786208082.102,TRACKING,0.580,-0.000,-0.000,0.00,0.450,-0.000,0.000,0.000,0.000,0.646,0.58,10.77567062,106.67087769,10.51,"10°46'32.41""N, 106°40'15.16""E",FIX,
23:54:42.183,1786208082.184,TRACKING,0.616,-0.000,-0.000,0.00,0.450,-0.000,0.000,0.000,0.000,0.708,0.62,10.77567062,106.67087810,10.51,"10°46'32.41""N, 106°40'15.16""E",FIX,
23:54:42.252,1786208082.252,TRACKING,0.643,-0.000,-0.000,0.00,0.450,-0.000,0.000,0.000,0.000,0.771,0.64,10.77567062,106.67087810,10.51,"10°46'32.41""N, 106°40'15.16""E",FIX,
23:54:42.325,1786208082.326,TRACKING,0.670,-0.000,-0.000,0.00,0.450,-0.000,0.000,0.000,0.000,0.854,0.67,10.77567062,106.67087810,10.51,"10°46'32.41""N, 106°40'15.16""E",FIX,
23:54:42.392,1786208082.393,TRACKING,0.697,-0.000,-0.000,0.00,0.450,-0.000,0.000,0.000,0.000,0.917,0.70,10.77567062,106.67087810,10.51,"10°46'32.41""N, 106°40'15.16""E",FIX,
23:54:42.806,1786208082.807,TRACKING,0.724,-0.000,-0.000,0.00,0.450,-0.000,0.000,0.000,0.000,1.000,0.72,10.77567062,106.67087851,10.51,"10°46'32.41""N, 106°40'15.16""E",FIX,
23:54:42.829,1786208082.830,TRACKING,0.724,-0.000,-0.000,0.00,0.450,-0.000,0.000,0.000,0.000,1.000,0.72,10.77567062,106.67087851,10.51,"10°46'32.41""N, 106°40'15.16""E",FIX,
23:54:42.851,1786208082.852,TRACKING,0.769,-0.000,-0.000,0.00,0.450,-0.000,0.000,0.000,0.000,1.000,0.77,10.77567062,106.67087851,10.51,"10°46'32.41""N, 106°40'15.16""E",FIX,
23:54:42.874,1786208082.875,TRACKING,0.787,-0.000,-0.000,0.00,0.450,-0.000,0.000,0.000,0.000,1.000,0.79,10.77567062,106.67087892,10.51,"10°46'32.41""N, 106°40'15.16""E",FIX,
23:54:42.897,1786208082.898,TRACKING,0.796,-0.000,-0.000,0.00,0.450,-0.000,0.000,0.000,0.000,1.000,0.80,10.77567062,106.67087892,10.51,"10°46'32.41""N, 106°40'15.16""E",FIX,
23:54:42.916,1786208082.916,TRACKING,0.805,-0.000,-0.000,0.00,0.450,-0.000,0.000,0.000,0.000,1.000,0.80,10.77567062,106.67087892,10.51,"10°46'32.41""N, 106°40'15.16""E",FIX,
23:54:43.064,1786208083.064,TRACKING,0.913,-0.000,-0.000,0.00,0.450,-0.000,0.000,0.000,0.000,1.000,0.91,10.77567062,106.67087933,10.51,"10°46'32.41""N, 106°40'15.17""E",FIX,
23:54:43.109,1786208083.110,TRACKING,0.940,-0.000,-0.000,0.00,0.450,-0.000,0.000,0.000,0.000,1.000,0.94,10.77567062,106.67087933,10.51,"10°46'32.41""N, 106°40'15.17""E",FIX,
23:54:43.182,1786208083.182,TRACKING,0.967,-0.000,-0.000,0.00,0.450,-0.000,0.000,0.000,0.000,1.000,0.97,10.77567062,106.67087933,10.51,"10°46'32.41""N, 106°40'15.17""E",FIX,
23:54:43.262,1786208083.262,TRACKING,0.994,-0.000,-0.000,0.00,0.450,-0.000,0.000,0.000,0.000,1.000,0.99,10.77567062,106.67087975,10.51,"10°46'32.41""N, 106°40'15.17""E",FIX,
23:54:43.352,1786208083.352,TRACKING,1.030,-0.000,-0.000,0.00,0.450,-0.000,0.000,0.000,0.000,1.000,1.03,10.77567062,106.67087975,10.51,"10°46'32.41""N, 106°40'15.17""E",FIX,
23:54:43.426,1786208083.426,TRACKING,1.048,-0.000,-0.000,0.00,0.450,-0.000,0.000,0.000,0.000,1.000,1.05,10.77567062,106.67087975,10.51,"10°46'32.41""N, 106°40'15.17""E",FIX,
23:54:43.522,1786208083.522,TRACKING,1.084,-0.000,-0.000,0.00,0.450,-0.000,0.000,0.000,0.000,1.000,1.08,10.77567062,106.67088016,10.51,"10°46'32.41""N, 106°40'15.17""E",FIX,
23:54:43.594,1786208083.595,TRACKING,1.111,-0.000,-0.000,0.00,0.450,-0.000,0.000,0.000,0.000,1.000,1.11,10.77567062,106.67088016,10.51,"10°46'32.41""N, 106°40'15.17""E",FIX,
23:54:43.702,1786208083.703,TRACKING,1.147,-0.000,-0.000,0.00,0.450,-0.000,0.000,0.000,0.000,1.000,1.15,10.77567062,106.67088016,10.51,"10°46'32.41""N, 106°40'15.17""E",FIX,
23:54:43.793,1786208083.793,TRACKING,1.174,-0.000,-0.000,0.00,0.450,-0.000,0.000,0.000,0.000,1.000,1.17,10.77567062,106.67088057,10.51,"10°46'32.41""N, 106°40'15.17""E",FIX,
23:54:43.876,1786208083.877,TRACKING,1.201,-0.000,-0.000,0.00,0.450,-0.009,0.000,0.000,0.000,1.000,1.20,10.77567062,106.67088057,10.51,"10°46'32.41""N, 106°40'15.17""E",FIX,
23:54:43.988,1786208083.989,TRACKING,1.237,-0.000,-0.001,0.00,0.450,0.001,0.000,0.000,0.000,1.000,1.24,10.77567062,106.67088057,10.51,"10°46'32.41""N, 106°40'15.17""E",FIX,
23:54:44.061,1786208084.061,TRACKING,1.264,-0.000,-0.001,0.00,0.450,-0.003,0.000,0.000,0.000,1.000,1.26,10.77567062,106.67088098,10.51,"10°46'32.41""N, 106°40'15.17""E",FIX,
23:54:44.122,1786208084.123,TRACKING,1.291,-0.000,-0.001,0.01,0.450,-0.008,0.000,0.000,0.000,1.000,1.29,10.77567062,106.67088098,10.51,"10°46'32.41""N, 106°40'15.17""E",FIX,
23:54:44.222,1786208084.222,TRACKING,1.327,-0.000,-0.001,0.00,0.450,0.002,0.000,0.000,0.000,1.000,1.33,10.77567062,106.67088098,10.51,"10°46'32.41""N, 106°40'15.17""E",FIX,
23:54:44.291,1786208084.292,TRACKING,1.354,-0.000,-0.001,-0.00,0.450,0.011,0.000,0.000,0.000,0.583,1.35,10.77567062,106.67088139,10.51,"10°46'32.41""N, 106°40'15.17""E",FIX,
23:54:44.378,1786208084.379,TRACKING,1.381,-0.000,-0.001,-0.00,0.450,0.007,0.000,0.000,0.000,0.667,1.38,10.77567062,106.67088139,10.51,"10°46'32.41""N, 106°40'15.17""E",FIX,
23:54:44.466,1786208084.466,TRACKING,1.417,-0.000,-0.000,-0.01,0.450,0.005,0.000,0.000,0.000,0.750,1.42,10.77567062,106.67088139,10.51,"10°46'32.41""N, 106°40'15.17""E",FIX,
23:54:44.548,1786208084.548,TRACKING,1.444,-0.000,-0.000,-0.01,0.450,0.004,0.000,0.000,0.000,0.812,1.44,10.77567062,106.67088180,10.51,"10°46'32.41""N, 106°40'15.17""E",FIX,
23:54:44.623,1786208084.624,TRACKING,1.471,-0.000,0.000,-0.01,0.450,0.004,0.000,0.000,0.000,0.896,1.47,10.77567062,106.67088180,10.51,"10°46'32.41""N, 106°40'15.17""E",FIX,
23:54:44.712,1786208084.712,TRACKING,1.498,-0.000,0.000,-0.01,0.450,0.003,0.000,0.000,0.000,0.958,1.50,10.77567062,106.67088180,10.51,"10°46'32.41""N, 106°40'15.17""E",FIX,
23:54:44.806,1786208084.807,TRACKING,1.534,-0.000,0.001,-0.01,0.450,0.003,0.000,0.000,0.000,1.000,1.53,10.77567062,106.67088221,10.51,"10°46'32.41""N, 106°40'15.18""E",FIX,
23:54:44.869,1786208084.870,TRACKING,1.552,-0.000,0.001,-0.01,0.450,0.003,0.000,0.000,0.000,1.000,1.55,10.77567062,106.67088221,10.51,"10°46'32.41""N, 106°40'15.18""E",FIX,
23:54:44.953,1786208084.954,TRACKING,1.588,-0.000,0.001,-0.01,0.450,0.003,0.000,0.000,0.000,1.000,1.59,10.77567062,106.67088221,10.51,"10°46'32.41""N, 106°40'15.18""E",FIX,
23:54:45.036,1786208085.037,TRACKING,1.615,-0.000,0.001,-0.01,0.450,0.003,0.000,0.000,0.000,1.000,1.61,10.77567061,106.67088263,10.51,"10°46'32.41""N, 106°40'15.18""E",FIX,
23:54:45.117,1786208085.118,TRACKING,1.642,-0.000,0.001,-0.01,0.450,0.003,0.000,0.000,0.000,1.000,1.64,10.77567061,106.67088263,10.51,"10°46'32.41""N, 106°40'15.18""E",FIX,
23:54:45.195,1786208085.196,TRACKING,1.678,0.000,0.002,-0.01,0.450,0.002,0.000,0.000,0.000,1.000,1.68,10.77567061,106.67088263,10.51,"10°46'32.41""N, 106°40'15.18""E",FIX,
23:54:45.261,1786208085.262,TRACKING,1.705,0.000,0.002,-0.01,0.450,0.002,0.000,0.000,0.000,1.000,1.70,10.77567061,106.67088304,10.51,"10°46'32.41""N, 106°40'15.18""E",FIX,
23:54:45.355,1786208085.356,TRACKING,1.741,0.000,0.002,-0.01,0.450,-0.001,0.000,0.000,0.000,1.000,1.74,10.77567061,106.67088304,10.51,"10°46'32.41""N, 106°40'15.18""E",FIX,
23:54:45.442,1786208085.443,TRACKING,1.777,0.000,0.002,-0.01,0.450,0.003,0.000,0.000,0.000,1.000,1.78,10.77567061,106.67088304,10.51,"10°46'32.41""N, 106°40'15.18""E",FIX,
23:54:45.517,1786208085.518,TRACKING,1.795,0.000,0.002,-0.01,0.450,0.003,0.000,0.000,0.000,1.000,1.79,10.77567061,106.67088345,10.51,"10°46'32.41""N, 106°40'15.18""E",FIX,
23:54:45.601,1786208085.601,TRACKING,1.822,0.000,0.002,-0.01,0.450,0.003,0.000,0.000,0.000,1.000,1.82,10.77567061,106.67088345,10.51,"10°46'32.41""N, 106°40'15.18""E",FIX,
23:54:45.710,1786208085.711,TRACKING,1.858,0.000,0.002,-0.01,0.450,0.003,0.000,0.000,0.000,1.000,1.86,10.77567061,106.67088345,10.51,"10°46'32.41""N, 106°40'15.18""E",FIX,
23:54:45.792,1786208085.792,TRACKING,1.885,0.000,0.003,-0.01,0.450,0.003,0.000,0.000,0.000,1.000,1.88,10.77567061,106.67088386,10.51,"10°46'32.41""N, 106°40'15.18""E",FIX,
23:54:45.865,1786208085.865,TRACKING,1.912,0.001,0.003,-0.01,0.450,0.003,0.000,0.000,0.000,1.000,1.91,10.77567061,106.67088386,10.51,"10°46'32.41""N, 106°40'15.18""E",FIX,
23:54:45.980,1786208085.981,TRACKING,1.948,0.001,0.003,-0.01,0.450,0.002,0.000,0.000,0.000,1.000,1.95,10.77567061,106.67088386,10.51,"10°46'32.41""N, 106°40'15.18""E",FIX,
23:54:46.068,1786208086.069,TRACKING,1.984,0.001,0.003,-0.01,0.450,-0.005,0.000,0.000,0.000,1.000,1.98,10.77567061,106.67088427,10.51,"10°46'32.41""N, 106°40'15.18""E",FIX,
23:54:46.155,1786208086.155,TRACKING,2.011,0.001,0.003,-0.01,0.450,0.000,0.000,0.000,0.000,1.000,2.01,10.77567061,106.67088427,10.51,"10°46'32.41""N, 106°40'15.18""E",FIX,
23:54:46.260,1786208086.260,TRACKING,2.038,0.001,0.003,-0.01,0.450,0.004,0.000,0.000,0.000,1.000,2.04,10.77567061,106.67088427,10.51,"10°46'32.41""N, 106°40'15.18""E",FIX,
23:54:46.331,1786208086.332,TRACKING,2.065,0.001,0.003,0.00,0.450,-0.021,0.000,0.000,0.000,1.000,2.06,10.77567062,106.67088468,10.51,"10°46'32.41""N, 106°40'15.18""E",FIX,
23:54:46.433,1786208086.433,TRACKING,2.101,0.001,0.002,0.01,0.450,-0.011,0.000,0.000,0.000,1.000,2.10,10.77567062,106.67088468,10.51,"10°46'32.41""N, 106°40'15.18""E",FIX,
23:54:46.517,1786208086.518,TRACKING,2.128,0.001,0.001,0.01,0.450,-0.018,0.000,0.000,0.000,0.667,2.13,10.77567062,106.67088468,10.51,"10°46'32.41""N, 106°40'15.18""E",FIX,
23:54:46.614,1786208086.615,TRACKING,2.155,0.001,0.000,0.02,0.450,-0.007,0.000,0.000,0.000,0.646,2.15,10.77567062,106.67088509,10.51,"10°46'32.41""N, 106°40'15.19""E",FIX,
23:54:46.717,1786208086.717,TRACKING,2.191,0.001,-0.001,0.02,0.450,-0.006,0.000,0.000,0.000,0.708,2.19,10.77567062,106.67088509,10.51,"10°46'32.41""N, 106°40'15.19""E",FIX,
23:54:46.810,1786208086.810,TRACKING,2.218,0.001,-0.001,0.02,0.450,-0.006,0.000,0.000,0.000,0.771,2.22,10.77567062,106.67088509,10.51,"10°46'32.41""N, 106°40'15.19""E",FIX,
23:54:46.892,1786208086.893,TRACKING,2.245,0.001,-0.001,0.02,0.450,-0.006,0.000,0.000,0.000,0.833,2.24,10.77567062,106.67088551,10.51,"10°46'32.41""N, 106°40'15.19""E",FIX,
23:54:46.999,1786208087.000,TRACKING,2.281,0.001,-0.002,0.02,0.450,-0.005,0.000,0.000,0.000,0.917,2.28,10.77567062,106.67088551,10.51,"10°46'32.41""N, 106°40'15.19""E",FIX,
23:54:47.075,1786208087.075,TRACKING,2.308,0.001,-0.002,0.01,0.450,0.003,0.000,0.000,0.000,1.000,2.31,10.77567062,106.67088551,10.51,"10°46'32.41""N, 106°40'15.19""E",FIX,
23:54:47.151,1786208087.152,TRACKING,2.335,0.001,-0.002,0.01,0.450,0.001,0.000,0.000,0.000,1.000,2.33,10.77567062,106.67088592,10.51,"10°46'32.41""N, 106°40'15.19""E",FIX,
23:54:47.248,1786208087.248,TRACKING,2.362,0.001,-0.002,0.01,0.450,-0.007,0.000,0.000,0.000,1.000,2.36,10.77567062,106.67088592,10.51,"10°46'32.41""N, 106°40'15.19""E",FIX,
23:54:47.337,1786208087.337,TRACKING,2.398,0.001,-0.002,0.01,0.450,0.001,0.000,0.000,0.000,1.000,2.40,10.77567062,106.67088592,10.51,"10°46'32.41""N, 106°40'15.19""E",FIX,
23:54:47.465,1786208087.466,TRACKING,2.416,0.001,-0.002,0.01,0.450,0.000,0.000,0.000,0.000,1.000,2.42,10.77567062,106.67088633,10.51,"10°46'32.41""N, 106°40'15.19""E",FIX,
23:54:47.668,1786208087.668,TRACKING,2.461,0.001,-0.002,0.01,0.450,-0.002,0.000,0.000,0.000,1.000,2.46,10.77567062,106.67088633,10.51,"10°46'32.41""N, 106°40'15.19""E",FIX,
23:54:47.749,1786208087.750,TRACKING,2.479,0.001,-0.002,0.01,0.450,-0.001,0.000,0.000,0.000,1.000,2.48,10.77567062,106.67088633,10.51,"10°46'32.41""N, 106°40'15.19""E",FIX,
23:54:47.859,1786208087.859,TRACKING,2.515,0.001,-0.002,0.01,0.450,-0.002,0.000,0.000,0.000,1.000,2.51,10.77567062,106.67088674,10.51,"10°46'32.41""N, 106°40'15.19""E",FIX,
23:54:47.963,1786208087.964,TRACKING,2.551,0.000,-0.003,0.01,0.450,-0.002,0.000,0.000,0.000,1.000,2.55,10.77567062,106.67088674,10.51,"10°46'32.41""N, 106°40'15.19""E",FIX,
23:54:48.033,1786208088.033,TRACKING,2.569,0.000,-0.003,0.01,0.450,-0.002,0.000,0.000,0.000,1.000,2.57,10.77567062,106.67088674,10.51,"10°46'32.41""N, 106°40'15.19""E",FIX,
23:54:48.124,1786208088.124,TRACKING,2.596,0.000,-0.003,0.01,0.450,-0.002,0.000,0.000,0.000,1.000,2.60,10.77567062,106.67088715,10.51,"10°46'32.41""N, 106°40'15.19""E",FIX,
23:54:48.216,1786208088.216,TRACKING,2.632,0.000,-0.003,0.01,0.450,-0.002,0.000,0.000,0.000,1.000,2.63,10.77567062,106.67088715,10.51,"10°46'32.41""N, 106°40'15.19""E",FIX,
23:54:48.306,1786208088.307,TRACKING,2.659,0.000,-0.003,0.01,0.450,-0.002,0.000,0.000,0.000,1.000,2.66,10.77567062,106.67088715,10.51,"10°46'32.41""N, 106°40'15.19""E",FIX,
23:54:48.368,1786208088.368,TRACKING,2.686,0.000,-0.003,0.01,0.450,-0.002,0.000,0.000,0.000,1.000,2.69,10.77567062,106.67088756,10.51,"10°46'32.41""N, 106°40'15.20""E",FIX,
23:54:48.484,1786208088.484,TRACKING,2.722,-0.000,-0.003,0.01,0.450,-0.002,0.000,0.000,0.000,1.000,2.72,10.77567062,106.67088756,10.51,"10°46'32.41""N, 106°40'15.20""E",FIX,
23:54:48.564,1786208088.564,TRACKING,2.749,-0.000,-0.004,0.01,0.450,-0.002,0.000,0.000,0.000,1.000,2.75,10.77567062,106.67088756,10.51,"10°46'32.41""N, 106°40'15.20""E",FIX,
23:54:48.662,1786208088.663,TRACKING,2.776,-0.000,-0.004,0.01,0.450,-0.002,0.000,0.000,0.000,1.000,2.78,10.77567062,106.67088797,10.51,"10°46'32.41""N, 106°40'15.20""E",FIX,
23:54:48.755,1786208088.755,TRACKING,2.812,-0.000,-0.004,0.01,0.450,0.005,0.000,0.000,0.000,1.000,2.81,10.77567062,106.67088797,10.51,"10°46'32.41""N, 106°40'15.20""E",FIX,
23:54:48.849,1786208088.849,TRACKING,2.839,-0.000,-0.004,0.00,0.450,0.003,0.000,0.000,0.000,1.000,2.84,10.77567062,106.67088797,10.51,"10°46'32.41""N, 106°40'15.20""E",FIX,
23:54:48.944,1786208088.944,TRACKING,2.866,-0.001,-0.004,0.00,0.450,0.002,0.000,0.000,0.000,1.000,2.87,10.77567062,106.67088839,10.51,"10°46'32.41""N, 106°40'15.20""E",FIX,
23:54:49.050,1786208089.051,TRACKING,2.902,-0.001,-0.003,0.00,0.450,0.001,0.000,0.000,0.000,0.875,2.90,10.77567062,106.67088839,10.51,"10°46'32.41""N, 106°40'15.20""E",FIX,
23:54:49.133,1786208089.134,TRACKING,2.929,-0.001,-0.003,0.00,0.450,0.001,0.000,0.000,0.000,0.521,2.93,10.77567062,106.67088839,10.51,"10°46'32.41""N, 106°40'15.20""E",FIX,
23:54:49.227,1786208089.227,TRACKING,2.956,-0.001,-0.003,0.00,0.450,0.001,0.000,0.000,0.000,0.583,2.96,10.77567062,106.67088880,10.51,"10°46'32.41""N, 106°40'15.20""E",FIX,
23:54:49.345,1786208089.345,TRACKING,2.992,-0.001,-0.003,0.00,0.450,0.000,0.000,0.000,0.000,0.667,2.99,10.77567062,106.67088880,10.51,"10°46'32.41""N, 106°40'15.20""E",FIX,
23:54:49.441,1786208089.441,TRACKING,3.019,-0.001,-0.003,0.00,0.450,0.000,0.000,0.000,0.000,0.729,3.02,10.77567062,106.67088880,10.51,"10°46'32.41""N, 106°40'15.20""E",FIX,
23:54:49.542,1786208089.542,TRACKING,3.046,-0.001,-0.003,0.00,0.450,0.000,0.000,0.000,0.000,0.792,3.05,10.77567062,106.67088921,10.51,"10°46'32.41""N, 106°40'15.20""E",FIX,
23:54:49.644,1786208089.644,TRACKING,3.073,-0.001,-0.003,0.00,0.450,0.000,0.000,0.000,0.000,0.875,3.07,10.77567062,106.67088921,10.51,"10°46'32.41""N, 106°40'15.20""E",FIX,
23:54:49.724,1786208089.725,TRACKING,3.109,-0.001,-0.003,0.00,0.450,0.000,0.000,0.000,0.000,0.937,3.11,10.77567062,106.67088921,10.51,"10°46'32.41""N, 106°40'15.20""E",FIX,
23:54:49.794,1786208089.795,TRACKING,3.136,-0.001,-0.003,0.00,0.450,0.000,0.000,0.000,0.000,1.000,3.14,10.77567061,106.67088962,10.51,"10°46'32.41""N, 106°40'15.20""E",FIX,
23:54:49.882,1786208089.882,TRACKING,3.163,-0.002,-0.003,0.00,0.450,0.000,0.000,0.000,0.000,1.000,3.16,10.77567061,106.67088962,10.51,"10°46'32.41""N, 106°40'15.20""E",FIX,
23:54:49.960,1786208089.960,TRACKING,3.190,-0.002,-0.003,-0.00,0.450,0.008,0.000,0.000,0.000,1.000,3.19,10.77567061,106.67088962,10.51,"10°46'32.41""N, 106°40'15.20""E",FIX,
23:54:50.076,1786208090.076,TRACKING,3.226,-0.002,-0.003,-0.00,0.450,-0.001,0.000,0.000,0.000,1.000,3.23,10.77567061,106.67089003,10.51,"10°46'32.41""N, 106°40'15.20""E",FIX,
23:54:50.194,1786208090.194,TRACKING,3.262,-0.002,-0.003,-0.00,0.450,-0.001,0.000,0.000,0.000,1.000,3.26,10.77567061,106.67089003,10.51,"10°46'32.41""N, 106°40'15.20""E",FIX,
23:54:50.281,1786208090.282,TRACKING,3.298,-0.002,-0.003,-0.00,0.450,-0.001,0.000,0.000,0.000,1.000,3.30,10.77567061,106.67089003,10.51,"10°46'32.41""N, 106°40'15.20""E",FIX,
23:54:50.336,1786208090.337,TRACKING,3.316,-0.002,-0.003,-0.00,0.450,-0.001,0.000,0.000,0.000,1.000,3.32,10.77567061,106.67089044,10.51,"10°46'32.41""N, 106°40'15.21""E",FIX,
23:54:50.457,1786208090.457,TRACKING,3.352,-0.002,-0.003,-0.00,0.450,-0.000,0.000,0.000,0.000,1.000,3.35,10.77567061,106.67089044,10.51,"10°46'32.41""N, 106°40'15.21""E",FIX,
23:54:50.550,1786208090.550,TRACKING,3.379,-0.002,-0.003,-0.00,0.450,0.008,0.000,0.000,0.000,1.000,3.38,10.77567061,106.67089044,10.51,"10°46'32.41""N, 106°40'15.21""E",FIX,
23:54:50.636,1786208090.637,TRACKING,3.406,-0.002,-0.002,-0.00,0.450,-0.003,0.000,0.000,0.000,1.000,3.41,10.77567061,106.67089085,10.51,"10°46'32.41""N, 106°40'15.21""E",FIX,
23:54:50.727,1786208090.727,TRACKING,3.433,-0.002,-0.002,-0.00,0.450,-0.001,0.000,0.000,0.000,1.000,3.43,10.77567061,106.67089085,10.51,"10°46'32.41""N, 106°40'15.21""E",FIX,
23:54:50.811,1786208090.811,TRACKING,3.460,-0.002,-0.002,-0.00,0.450,0.006,0.000,0.000,0.000,1.000,3.46,10.77567061,106.67089085,10.51,"10°46'32.41""N, 106°40'15.21""E",FIX,
23:54:50.902,1786208090.902,TRACKING,3.496,-0.002,-0.002,-0.01,0.450,0.005,0.000,0.000,0.000,1.000,3.50,10.77567061,106.67089127,10.51,"10°46'32.41""N, 106°40'15.21""E",FIX,
23:54:51.006,1786208091.006,TRACKING,3.532,-0.002,-0.002,-0.00,0.450,-0.002,0.000,0.000,0.000,1.000,3.53,10.77567061,106.67089127,10.51,"10°46'32.41""N, 106°40'15.21""E",FIX,
23:54:51.072,1786208091.072,TRACKING,3.550,-0.002,-0.002,-0.00,0.450,-0.003,0.000,0.000,0.000,1.000,3.55,10.77567061,106.67089127,10.51,"10°46'32.41""N, 106°40'15.21""E",FIX,
23:54:51.148,1786208091.149,TRACKING,3.577,-0.003,-0.002,-0.00,0.450,0.006,0.000,0.000,0.000,1.000,3.58,10.77567061,106.67089127,10.51,"10°46'32.41""N, 106°40'15.21""E",FIX,
23:54:51.232,1786208091.233,TRACKING,3.604,-0.003,-0.002,-0.01,0.450,0.005,0.000,0.000,0.000,1.000,3.60,10.77567061,106.67089168,10.51,"10°46'32.41""N, 106°40'15.21""E",FIX,
23:54:51.348,1786208091.348,TRACKING,3.640,-0.003,-0.001,-0.00,0.450,-0.003,0.000,0.000,0.000,1.000,3.64,10.77567061,106.67089168,10.51,"10°46'32.41""N, 106°40'15.21""E",FIX,
23:54:51.444,1786208091.445,TRACKING,3.676,-0.003,-0.001,-0.00,0.450,-0.002,0.000,0.000,0.000,1.000,3.68,10.77567061,106.67089209,10.51,"10°46'32.41""N, 106°40'15.21""E",FIX,
23:54:51.548,1786208091.548,TRACKING,3.703,-0.003,-0.001,-0.00,0.450,-0.001,0.000,0.000,0.000,1.000,3.70,10.77567061,106.67089209,10.51,"10°46'32.41""N, 106°40'15.21""E",FIX,
23:54:51.625,1786208091.626,TRACKING,3.730,-0.003,-0.002,-0.00,0.450,-0.001,0.000,0.000,0.000,0.604,3.73,10.77567061,106.67089209,10.51,"10°46'32.41""N, 106°40'15.21""E",FIX,
23:54:51.744,1786208091.745,TRACKING,3.766,-0.003,-0.002,-0.00,0.450,-0.000,0.000,0.000,0.000,0.604,3.77,10.77567061,106.67089250,10.51,"10°46'32.41""N, 106°40'15.21""E",FIX,
23:54:51.820,1786208091.821,TRACKING,3.793,-0.003,-0.002,-0.00,0.450,-0.000,0.000,0.000,0.000,0.667,3.79,10.77567061,106.67089250,10.51,"10°46'32.41""N, 106°40'15.21""E",FIX,
23:54:51.932,1786208091.932,TRACKING,3.829,-0.003,-0.002,-0.00,0.450,-0.000,0.000,0.000,0.000,0.750,3.83,10.77567061,106.67089250,10.51,"10°46'32.41""N, 106°40'15.21""E",FIX,
23:54:51.992,1786208091.993,TRACKING,3.847,-0.003,-0.002,-0.00,0.450,-0.000,0.000,0.000,0.000,0.833,3.85,10.77567061,106.67089250,10.51,"10°46'32.41""N, 106°40'15.21""E",FIX,
23:54:52.072,1786208092.073,TRACKING,3.874,-0.003,-0.002,-0.00,0.450,-0.000,0.000,0.000,0.000,0.896,3.87,10.77567061,106.67089291,10.51,"10°46'32.41""N, 106°40'15.21""E",FIX,
23:54:52.158,1786208092.159,TRACKING,3.901,-0.003,-0.002,-0.00,0.450,-0.000,0.000,0.000,0.000,0.979,3.90,10.77567061,106.67089291,10.51,"10°46'32.41""N, 106°40'15.21""E",FIX,
23:54:52.255,1786208092.255,TRACKING,3.937,-0.003,-0.002,-0.00,0.450,-0.000,0.000,0.000,0.000,1.000,3.94,10.77567061,106.67089291,10.51,"10°46'32.41""N, 106°40'15.21""E",FIX,
23:54:52.337,1786208092.337,TRACKING,3.973,-0.003,-0.002,-0.00,0.450,-0.000,0.000,0.000,0.000,1.000,3.97,10.77567061,106.67089332,10.51,"10°46'32.41""N, 106°40'15.22""E",FIX,
23:54:52.417,1786208092.417,TRACKING,4.000,-0.003,-0.002,-0.00,0.450,-0.000,0.000,0.000,0.000,1.000,4.00,10.77567061,106.67089332,10.51,"10°46'32.41""N, 106°40'15.22""E",FIX,
23:54:52.493,1786208092.493,TRACKING,4.027,-0.003,-0.002,-0.00,0.450,-0.000,0.000,0.000,0.000,1.000,4.03,10.77567061,106.67089332,10.51,"10°46'32.41""N, 106°40'15.22""E",FIX,
23:54:52.594,1786208092.594,TRACKING,4.063,-0.003,-0.002,-0.00,0.450,-0.000,0.000,0.000,0.000,1.000,4.06,10.77567061,106.67089373,10.51,"10°46'32.41""N, 106°40'15.22""E",FIX,
23:54:52.674,1786208092.675,TRACKING,4.081,-0.003,-0.002,-0.00,0.450,-0.000,0.000,0.000,0.000,1.000,4.08,10.77567061,106.67089373,10.51,"10°46'32.41""N, 106°40'15.22""E",FIX,
23:54:52.783,1786208092.784,TRACKING,4.117,-0.003,-0.002,-0.00,0.450,-0.000,0.000,0.000,0.000,1.000,4.12,10.77567061,106.67089373,10.51,"10°46'32.41""N, 106°40'15.22""E",FIX,
23:54:52.898,1786208092.899,TRACKING,4.153,-0.004,-0.002,-0.00,0.450,-0.000,0.000,0.000,0.000,1.000,4.15,10.77567061,106.67089415,10.51,"10°46'32.41""N, 106°40'15.22""E",FIX,
23:54:52.958,1786208092.959,TRACKING,4.171,-0.004,-0.002,-0.00,0.450,-0.000,0.000,0.000,0.000,1.000,4.17,10.77567061,106.67089415,10.51,"10°46'32.41""N, 106°40'15.22""E",FIX,
23:54:53.054,1786208093.055,TRACKING,4.207,-0.004,-0.002,-0.00,0.450,-0.000,0.000,0.000,0.000,1.000,4.21,10.77567061,106.67089415,10.51,"10°46'32.41""N, 106°40'15.22""E",FIX,
23:54:53.137,1786208093.138,TRACKING,4.234,-0.004,-0.002,-0.00,0.450,-0.000,0.000,0.000,0.000,1.000,4.23,10.77567061,106.67089456,10.51,"10°46'32.41""N, 106°40'15.22""E",FIX,
23:54:53.219,1786208093.220,TRACKING,4.261,-0.004,-0.002,-0.00,0.450,-0.000,0.000,0.000,0.000,1.000,4.26,10.77567061,106.67089456,10.51,"10°46'32.41""N, 106°40'15.22""E",FIX,
23:54:53.322,1786208093.322,TRACKING,4.297,-0.004,-0.002,-0.00,0.450,-0.000,0.000,0.000,0.000,1.000,4.30,10.77567061,106.67089456,10.51,"10°46'32.41""N, 106°40'15.22""E",FIX,
23:54:53.385,1786208093.385,TRACKING,4.324,-0.004,-0.002,-0.00,0.450,-0.000,0.000,0.000,0.000,1.000,4.32,10.77567061,106.67089497,10.51,"10°46'32.41""N, 106°40'15.22""E",FIX,
23:54:53.469,1786208093.470,TRACKING,4.351,-0.004,-0.002,-0.00,0.450,-0.000,0.000,0.000,0.000,1.000,4.35,10.77567061,106.67089497,10.51,"10°46'32.41""N, 106°40'15.22""E",FIX,
23:54:53.568,1786208093.568,TRACKING,4.387,-0.004,-0.002,-0.00,0.450,-0.000,0.000,0.000,0.000,1.000,4.39,10.77567061,106.67089497,10.51,"10°46'32.41""N, 106°40'15.22""E",FIX,
23:54:53.634,1786208093.634,TRACKING,4.414,-0.004,-0.002,-0.00,0.450,-0.000,0.000,0.000,0.000,1.000,4.41,10.77567061,106.67089538,10.51,"10°46'32.41""N, 106°40'15.22""E",FIX,
23:54:53.712,1786208093.712,TRACKING,4.441,-0.004,-0.002,-0.00,0.450,-0.000,0.000,0.000,0.000,1.000,4.44,10.77567061,106.67089538,10.51,"10°46'32.41""N, 106°40'15.22""E",FIX,
23:54:53.826,1786208093.827,TRACKING,4.477,-0.004,-0.002,-0.00,0.450,-0.000,0.000,0.000,0.000,1.000,4.48,10.77567061,106.67089538,10.51,"10°46'32.41""N, 106°40'15.22""E",FIX,
23:54:53.933,1786208093.933,TRACKING,4.504,-0.004,-0.002,-0.00,0.450,-0.000,0.000,0.000,0.000,1.000,4.50,10.77567061,106.67089579,10.51,"10°46'32.41""N, 106°40'15.22""E",FIX,
23:54:54.011,1786208094.011,TRACKING,4.531,-0.004,-0.002,-0.00,0.450,-0.000,0.000,0.000,0.000,0.562,4.53,10.77567061,106.67089579,10.51,"10°46'32.41""N, 106°40'15.22""E",FIX,
23:54:54.099,1786208094.100,TRACKING,4.567,-0.004,-0.002,-0.00,0.450,-0.000,0.000,0.000,0.000,0.625,4.57,10.77567061,106.67089579,10.51,"10°46'32.41""N, 106°40'15.22""E",FIX,
23:54:54.191,1786208094.191,TRACKING,4.594,-0.004,-0.002,-0.00,0.450,-0.000,0.000,0.000,0.000,0.687,4.59,10.77567061,106.67089620,10.51,"10°46'32.41""N, 106°40'15.23""E",FIX,
23:54:54.278,1786208094.279,TRACKING,4.621,-0.004,-0.002,-0.00,0.450,-0.000,0.000,0.000,0.000,0.771,4.62,10.77567061,106.67089620,10.51,"10°46'32.41""N, 106°40'15.23""E",FIX,
23:54:54.370,1786208094.370,TRACKING,4.648,-0.004,-0.002,-0.00,0.450,-0.000,0.000,0.000,0.000,0.833,4.65,10.77567061,106.67089620,10.51,"10°46'32.41""N, 106°40'15.23""E",FIX,
23:54:54.437,1786208094.437,TRACKING,4.675,-0.004,-0.002,-0.00,0.450,-0.000,0.000,0.000,0.000,0.917,4.67,10.77567061,106.67089661,10.51,"10°46'32.41""N, 106°40'15.23""E",FIX,
23:54:54.519,1786208094.519,TRACKING,4.702,-0.005,-0.002,-0.00,0.450,-0.000,0.000,0.000,0.000,1.000,4.70,10.77567061,106.67089661,10.51,"10°46'32.41""N, 106°40'15.23""E",FIX,
23:54:54.624,1786208094.625,TRACKING,4.747,-0.005,-0.002,-0.00,0.450,-0.000,0.000,0.000,0.000,1.000,4.75,10.77567061,106.67089661,10.51,"10°46'32.41""N, 106°40'15.23""E",FIX,
23:54:54.699,1786208094.700,TRACKING,4.774,-0.005,-0.002,-0.00,0.450,-0.000,0.000,0.000,0.000,1.000,4.77,10.77567061,106.67089703,10.51,"10°46'32.41""N, 106°40'15.23""E",FIX,
23:54:54.779,1786208094.779,TRACKING,4.801,-0.005,-0.002,-0.00,0.450,-0.000,0.000,0.000,0.000,1.000,4.80,10.77567061,106.67089703,10.51,"10°46'32.41""N, 106°40'15.23""E",FIX,
23:54:54.882,1786208094.883,TRACKING,4.828,-0.005,-0.002,-0.00,0.450,-0.000,0.000,0.000,0.000,1.000,4.83,10.77567061,106.67089703,10.51,"10°46'32.41""N, 106°40'15.23""E",FIX,
23:54:54.974,1786208094.975,TRACKING,4.855,-0.005,-0.002,-0.00,0.450,-0.000,0.000,0.000,0.000,1.000,4.85,10.77567061,106.67089744,10.51,"10°46'32.41""N, 106°40'15.23""E",FIX,
23:54:55.080,1786208095.081,TRACKING,4.891,-0.005,-0.002,-0.00,0.450,-0.000,0.000,0.000,0.000,1.000,4.89,10.77567061,106.67089744,10.51,"10°46'32.41""N, 106°40'15.23""E",FIX,
23:54:55.168,1786208095.169,TRACKING,4.918,-0.005,-0.002,-0.00,0.450,-0.000,0.000,0.000,0.000,1.000,4.92,10.77567061,106.67089744,10.51,"10°46'32.41""N, 106°40'15.23""E",FIX,
23:54:55.259,1786208095.259,TRACKING,4.954,-0.005,-0.002,-0.00,0.450,-0.000,0.000,0.000,0.000,1.000,4.95,10.77567061,106.67089785,10.51,"10°46'32.41""N, 106°40'15.23""E",FIX,
23:54:55.328,1786208095.328,TRACKING,4.972,-0.005,-0.002,-0.00,0.450,-0.000,0.000,0.000,0.000,1.000,4.97,10.77567061,106.67089785,10.51,"10°46'32.41""N, 106°40'15.23""E",FIX,
23:54:55.420,1786208095.421,TRACKING,4.999,-0.005,-0.002,-0.00,0.450,-0.000,0.000,0.000,0.000,1.000,5.00,10.77567061,106.67089785,10.51,"10°46'32.41""N, 106°40'15.23""E",FIX,
23:54:55.493,1786208095.493,TRACKING,5.035,-0.005,-0.002,-0.00,0.450,-0.000,0.000,0.000,0.000,1.000,5.03,10.77567061,106.67089826,10.51,"10°46'32.41""N, 106°40'15.23""E",FIX,
23:54:55.575,1786208095.576,TRACKING,5.062,-0.005,-0.002,-0.00,0.450,-0.000,0.000,0.000,0.000,1.000,5.06,10.77567061,106.67089826,10.51,"10°46'32.41""N, 106°40'15.23""E",FIX,
23:54:55.672,1786208095.673,TRACKING,5.089,-0.005,-0.002,-0.00,0.450,-0.000,0.000,0.000,0.000,1.000,5.09,10.77567061,106.67089826,10.51,"10°46'32.41""N, 106°40'15.23""E",FIX,
23:54:55.823,1786208095.824,TRACKING,5.125,-0.005,-0.002,-0.00,0.450,-0.000,0.000,0.000,0.000,1.000,5.12,10.77567061,106.67089867,10.51,"10°46'32.41""N, 106°40'15.24""E",FIX,
23:54:55.940,1786208095.941,TRACKING,5.152,-0.005,-0.002,-0.00,0.450,-0.000,0.000,0.000,0.000,1.000,5.15,10.77567061,106.67089867,10.51,"10°46'32.41""N, 106°40'15.24""E",FIX,
23:54:56.033,1786208096.034,TRACKING,5.188,-0.005,-0.002,-0.00,0.450,-0.000,0.000,0.000,0.000,1.000,5.19,10.77567061,106.67089867,10.51,"10°46'32.41""N, 106°40'15.24""E",FIX,
23:54:56.109,1786208096.110,TRACKING,5.206,-0.005,-0.002,-0.00,0.450,-0.000,0.000,0.000,0.000,1.000,5.21,10.77567061,106.67089908,10.51,"10°46'32.41""N, 106°40'15.24""E",FIX,
23:54:56.215,1786208096.215,TRACKING,5.251,-0.006,-0.002,-0.00,0.450,-0.000,0.000,0.000,0.000,1.000,5.25,10.77567061,106.67089908,10.51,"10°46'32.41""N, 106°40'15.24""E",FIX,
23:54:56.291,1786208096.291,TRACKING,5.278,-0.006,-0.002,-0.00,0.450,0.008,0.000,0.000,0.000,1.000,5.28,10.77567061,106.67089908,10.51,"10°46'32.41""N, 106°40'15.24""E",FIX,
23:54:56.376,1786208096.377,TRACKING,5.305,-0.006,-0.001,-0.01,0.450,0.013,0.000,0.000,0.000,1.000,5.30,10.77567061,106.67089949,10.51,"10°46'32.41""N, 106°40'15.24""E",FIX,
23:54:56.477,1786208096.477,TRACKING,5.341,-0.006,-0.001,-0.02,0.450,0.015,0.000,0.000,0.000,0.542,5.34,10.77567061,106.67089949,10.51,"10°46'32.41""N, 106°40'15.24""E",FIX,
23:54:56.554,1786208096.554,TRACKING,5.368,-0.006,0.000,-0.02,0.450,0.017,0.000,0.000,0.000,0.604,5.37,10.77567061,106.67089949,10.51,"10°46'32.41""N, 106°40'15.24""E",FIX,
23:54:56.630,1786208096.630,TRACKING,5.395,-0.006,0.001,-0.02,0.450,0.012,0.000,0.000,0.000,0.687,5.39,10.77567060,106.67089991,10.51,"10°46'32.41""N, 106°40'15.24""E",FIX,
23:54:56.709,1786208096.710,TRACKING,5.422,-0.006,0.002,-0.02,0.450,0.003,0.000,0.000,0.000,0.750,5.42,10.77567060,106.67089991,10.51,"10°46'32.41""N, 106°40'15.24""E",FIX,
23:54:56.785,1786208096.786,TRACKING,5.449,-0.006,0.002,-0.02,0.450,0.003,0.000,0.000,0.000,0.833,5.45,10.77567060,106.67089991,10.51,"10°46'32.41""N, 106°40'15.24""E",FIX,
23:54:56.889,1786208096.890,TRACKING,5.476,-0.005,0.003,-0.02,0.450,0.004,0.000,0.000,0.000,0.917,5.48,10.77567060,106.67090032,10.51,"10°46'32.41""N, 106°40'15.24""E",FIX,
23:54:57.036,1786208097.037,TRACKING,5.512,-0.005,0.003,-0.02,0.450,0.004,0.000,0.000,0.000,0.979,5.51,10.77567060,106.67090032,10.51,"10°46'32.41""N, 106°40'15.24""E",FIX,
23:54:57.157,1786208097.157,TRACKING,5.539,-0.005,0.003,-0.02,0.450,0.004,0.000,0.000,0.000,1.000,5.54,10.77567060,106.67090032,10.51,"10°46'32.41""N, 106°40'15.24""E",FIX,
23:54:57.255,1786208097.255,TRACKING,5.566,-0.005,0.003,-0.02,0.450,0.005,0.000,0.000,0.000,1.000,5.57,10.77567060,106.67090073,10.51,"10°46'32.41""N, 106°40'15.24""E",FIX,
23:54:57.357,1786208097.358,TRACKING,5.602,-0.005,0.004,-0.02,0.450,0.005,0.000,0.000,0.000,1.000,5.60,10.77567060,106.67090073,10.51,"10°46'32.41""N, 106°40'15.24""E",FIX,
23:54:57.429,1786208097.430,TRACKING,5.629,-0.005,0.004,-0.02,0.450,0.005,0.000,0.000,0.000,1.000,5.63,10.77567060,106.67090073,10.51,"10°46'32.41""N, 106°40'15.24""E",FIX,
23:54:57.510,1786208097.510,TRACKING,5.656,-0.005,0.004,-0.02,0.450,-0.004,0.000,0.000,0.000,1.000,5.66,10.77567060,106.67090114,10.51,"10°46'32.41""N, 106°40'15.24""E",FIX,
23:54:57.604,1786208097.604,TRACKING,5.692,-0.005,0.004,-0.02,0.450,0.006,0.000,0.000,0.000,1.000,5.69,10.77567060,106.67090114,10.51,"10°46'32.41""N, 106°40'15.24""E",FIX,
23:54:57.691,1786208097.691,TRACKING,5.719,-0.005,0.004,-0.01,0.450,-0.001,0.000,0.000,0.000,1.000,5.72,10.77567060,106.67090114,10.51,"10°46'32.41""N, 106°40'15.24""E",FIX,
23:54:57.780,1786208097.781,TRACKING,5.746,-0.004,0.005,-0.01,0.450,-0.000,0.000,0.000,0.000,1.000,5.75,10.77567060,106.67090155,10.51,"10°46'32.41""N, 106°40'15.25""E",FIX,
23:54:57.874,1786208097.875,TRACKING,5.782,-0.004,0.005,-0.01,0.450,0.008,0.000,0.000,0.000,1.000,5.78,10.77567060,106.67090155,10.51,"10°46'32.41""N, 106°40'15.25""E",FIX,
23:54:57.948,1786208097.948,TRACKING,5.809,-0.004,0.005,-0.02,0.450,0.007,0.000,0.000,0.000,1.000,5.81,10.77567060,106.67090155,10.51,"10°46'32.41""N, 106°40'15.25""E",FIX,
23:54:58.036,1786208098.036,TRACKING,5.836,-0.004,0.005,-0.01,0.450,-0.001,0.000,0.000,0.000,1.000,5.84,10.77567060,106.67090196,10.51,"10°46'32.41""N, 106°40'15.25""E",FIX,
23:54:58.114,1786208098.114,TRACKING,5.863,-0.004,0.005,-0.01,0.450,-0.000,0.000,0.000,0.000,1.000,5.86,10.77567060,106.67090196,10.51,"10°46'32.41""N, 106°40'15.25""E",FIX,
23:54:58.192,1786208098.193,TRACKING,5.890,-0.004,0.005,-0.01,0.450,0.009,0.000,0.000,0.000,1.000,5.89,10.77567060,106.67090196,10.51,"10°46'32.41""N, 106°40'15.25""E",FIX,
23:54:58.280,1786208098.281,TRACKING,5.926,-0.004,0.006,-0.01,0.450,0.000,0.000,0.000,0.000,1.000,5.93,10.77567060,106.67090237,10.51,"10°46'32.41""N, 106°40'15.25""E",FIX,
23:54:58.369,1786208098.369,TRACKING,5.962,-0.003,0.006,-0.01,0.450,0.001,0.000,0.000,0.000,1.000,5.96,10.77567060,106.67090237,10.51,"10°46'32.41""N, 106°40'15.25""E",FIX,
23:54:58.451,1786208098.452,TRACKING,5.989,-0.003,0.006,-0.01,0.450,0.001,0.000,0.000,0.000,1.000,5.99,10.77567060,106.67090237,10.51,"10°46'32.41""N, 106°40'15.25""E",FIX,
23:54:58.530,1786208098.530,TRACKING,6.016,-0.003,0.006,-0.01,0.450,0.001,0.000,0.000,0.000,1.000,6.02,10.77567060,106.67090279,10.51,"10°46'32.41""N, 106°40'15.25""E",FIX,
23:54:58.637,1786208098.638,TRACKING,6.052,-0.003,0.006,-0.01,0.450,0.002,0.000,0.000,0.000,1.000,6.05,10.77567060,106.67090279,10.51,"10°46'32.41""N, 106°40'15.25""E",FIX,
23:54:58.718,1786208098.719,TRACKING,6.079,-0.003,0.006,-0.01,0.450,0.002,0.000,0.000,0.000,1.000,6.08,10.77567060,106.67090279,10.51,"10°46'32.41""N, 106°40'15.25""E",FIX,
23:54:58.794,1786208098.795,TRACKING,6.106,-0.002,0.006,-0.00,0.450,-0.015,0.000,0.000,0.000,1.000,6.11,10.77567061,106.67090320,10.51,"10°46'32.41""N, 106°40'15.25""E",FIX,
23:54:58.912,1786208098.912,TRACKING,6.142,-0.002,0.005,0.00,0.450,-0.007,0.000,0.000,0.000,0.583,6.14,10.77567061,106.67090320,10.51,"10°46'32.41""N, 106°40'15.25""E",FIX,
23:54:59.005,1786208099.006,TRACKING,6.169,-0.002,0.005,0.00,0.450,-0.007,0.000,0.000,0.000,0.646,6.17,10.77567061,106.67090320,10.51,"10°46'32.41""N, 106°40'15.25""E",FIX,
23:54:59.077,1786208099.078,TRACKING,6.196,-0.002,0.005,0.01,0.450,-0.006,0.000,0.000,0.000,0.708,6.20,10.77567061,106.67090361,10.51,"10°46'32.41""N, 106°40'15.25""E",FIX,
23:54:59.180,1786208099.180,TRACKING,6.223,-0.002,0.004,0.01,0.450,-0.004,0.000,0.000,0.000,0.771,6.22,10.77567061,106.67090361,10.51,"10°46'32.41""N, 106°40'15.25""E",FIX,
23:54:59.258,1786208099.258,TRACKING,6.250,-0.002,0.004,0.01,0.450,-0.004,0.000,0.000,0.000,0.854,6.25,10.77567061,106.67090361,10.51,"10°46'32.41""N, 106°40'15.25""E",FIX,
23:54:59.345,1786208099.346,TRACKING,6.286,-0.002,0.004,0.01,0.450,0.004,0.000,0.000,0.000,0.917,6.29,10.77567061,106.67090402,10.51,"10°46'32.41""N, 106°40'15.25""E",FIX,
23:54:59.424,1786208099.425,TRACKING,6.313,-0.001,0.004,0.01,0.450,-0.005,0.000,0.000,0.000,1.000,6.31,10.77567061,106.67090402,10.51,"10°46'32.41""N, 106°40'15.25""E",FIX,
23:54:59.492,1786208099.493,TRACKING,6.340,-0.001,0.004,0.01,0.450,-0.005,0.000,0.000,0.000,1.000,6.34,10.77567061,106.67090402,10.51,"10°46'32.41""N, 106°40'15.25""E",FIX,
23:54:59.598,1786208099.598,TRACKING,6.367,-0.001,0.003,0.01,0.450,-0.003,0.000,0.000,0.000,1.000,6.37,10.77567061,106.67090402,10.51,"10°46'32.41""N, 106°40'15.25""E",FIX,
23:54:59.662,1786208099.663,TRACKING,6.394,-0.001,0.003,0.01,0.450,0.004,0.000,0.000,0.000,1.000,6.39,10.77567061,106.67090443,10.51,"10°46'32.41""N, 106°40'15.26""E",FIX,
23:54:59.754,1786208099.755,TRACKING,6.430,-0.001,0.003,0.01,0.450,-0.004,0.000,0.000,0.000,1.000,6.43,10.77567061,106.67090443,10.51,"10°46'32.41""N, 106°40'15.26""E",FIX,
23:54:59.816,1786208099.817,TRACKING,6.457,-0.001,0.003,0.01,0.450,-0.004,0.000,0.000,0.000,1.000,6.46,10.77567061,106.67090443,10.51,"10°46'32.41""N, 106°40'15.26""E",FIX,
23:54:59.926,1786208099.927,TRACKING,6.493,-0.001,0.003,0.01,0.450,-0.003,0.000,0.000,0.000,1.000,6.49,10.77567061,106.67090484,10.51,"10°46'32.41""N, 106°40'15.26""E",FIX,
23:55:00.015,1786208100.015,TRACKING,6.529,-0.001,0.003,0.01,0.450,0.004,0.000,0.000,0.000,1.000,6.53,10.77567061,106.67090484,10.51,"10°46'32.41""N, 106°40'15.26""E",FIX,
23:55:00.074,1786208100.075,TRACKING,6.547,-0.001,0.003,0.01,0.450,-0.006,0.000,0.000,0.000,1.000,6.55,10.77567061,106.67090484,10.51,"10°46'32.41""N, 106°40'15.26""E",FIX,
23:55:00.148,1786208100.148,TRACKING,6.574,-0.001,0.002,0.01,0.450,-0.004,0.000,0.000,0.000,1.000,6.57,10.77567061,106.67090525,10.51,"10°46'32.41""N, 106°40'15.26""E",FIX,
23:55:00.228,1786208100.229,TRACKING,6.610,-0.001,0.002,0.00,0.450,0.003,0.000,0.000,0.000,1.000,6.61,10.77567061,106.67090525,10.51,"10°46'32.41""N, 106°40'15.26""E",FIX,
23:55:00.308,1786208100.309,TRACKING,6.637,-0.001,0.002,0.00,0.450,0.003,0.000,0.000,0.000,1.000,6.64,10.77567061,106.67090525,10.51,"10°46'32.41""N, 106°40'15.26""E",FIX,
23:55:00.399,1786208100.399,TRACKING,6.673,-0.000,0.002,0.01,0.450,-0.005,0.000,0.000,0.000,1.000,6.67,10.77567061,106.67090567,10.51,"10°46'32.41""N, 106°40'15.26""E",FIX,
23:55:00.495,1786208100.495,TRACKING,6.709,-0.000,0.002,0.01,0.450,-0.004,0.000,0.000,0.000,1.000,6.71,10.77567061,106.67090567,10.51,"10°46'32.41""N, 106°40'15.26""E",FIX,
23:55:00.559,1786208100.560,TRACKING,6.727,-0.000,0.002,0.01,0.450,-0.004,0.000,0.000,0.000,1.000,6.73,10.77567061,106.67090567,10.51,"10°46'32.41""N, 106°40'15.26""E",FIX,
23:55:00.646,1786208100.647,TRACKING,6.763,-0.000,0.002,0.01,0.450,-0.003,0.000,0.000,0.000,1.000,6.76,10.77567061,106.67090608,10.51,"10°46'32.41""N, 106°40'15.26""E",FIX,
23:55:00.714,1786208100.715,TRACKING,6.781,-0.000,0.001,0.01,0.450,-0.003,0.000,0.000,0.000,1.000,6.78,10.77567061,106.67090608,10.51,"10°46'32.41""N, 106°40'15.26""E",FIX,
23:55:00.811,1786208100.811,TRACKING,6.826,-0.000,0.001,0.01,0.450,-0.003,0.000,0.000,0.000,1.000,6.83,10.77567061,106.67090649,10.51,"10°46'32.41""N, 106°40'15.26""E",FIX,
23:55:00.871,1786208100.872,TRACKING,6.844,-0.000,0.001,0.01,0.450,-0.003,0.000,0.000,0.000,1.000,6.84,10.77567061,106.67090649,10.51,"10°46'32.41""N, 106°40'15.26""E",FIX,
23:55:00.975,1786208100.976,TRACKING,6.880,-0.000,0.001,0.01,0.450,-0.003,0.000,0.000,0.000,1.000,6.88,10.77567061,106.67090649,10.51,"10°46'32.41""N, 106°40'15.26""E",FIX,
23:55:01.050,1786208101.051,TRACKING,6.907,-0.000,0.001,0.01,0.450,-0.003,0.000,0.000,0.000,0.917,6.91,10.77567061,106.67090649,10.51,"10°46'32.41""N, 106°40'15.26""E",FIX,
23:55:01.136,1786208101.137,TRACKING,6.934,-0.000,0.000,0.01,0.450,-0.002,0.000,0.000,0.000,0.583,6.93,10.77567062,106.67090690,10.51,"10°46'32.41""N, 106°40'15.26""E",FIX,
23:55:01.224,1786208101.224,TRACKING,6.970,-0.000,0.000,0.01,0.450,-0.002,0.000,0.000,0.000,0.646,6.97,10.77567062,106.67090690,10.51,"10°46'32.41""N, 106°40'15.26""E",FIX,
23:55:01.296,1786208101.297,TRACKING,6.997,-0.000,0.000,0.01,0.450,-0.002,0.000,0.000,0.000,0.708,7.00,10.77567062,106.67090690,10.51,"10°46'32.41""N, 106°40'15.26""E",FIX,
23:55:01.366,1786208101.366,TRACKING,7.024,-0.000,-0.000,0.01,0.450,-0.002,0.000,0.000,0.000,0.771,7.02,10.77567062,106.67090731,10.51,"10°46'32.41""N, 106°40'15.27""E",FIX,
23:55:01.464,1786208101.465,TRACKING,7.051,-0.000,-0.000,0.01,0.450,-0.002,0.000,0.000,0.000,0.854,7.05,10.77567062,106.67090731,10.51,"10°46'32.41""N, 106°40'15.27""E",FIX,
23:55:01.576,1786208101.576,TRACKING,7.087,-0.000,-0.000,0.01,0.450,-0.002,0.000,0.000,0.000,0.917,7.09,10.77567062,106.67090731,10.51,"10°46'32.41""N, 106°40'15.27""E",FIX,
23:55:01.645,1786208101.645,TRACKING,7.114,-0.000,-0.001,0.01,0.450,0.006,0.000,0.000,0.000,1.000,7.11,10.77567062,106.67090772,10.51,"10°46'32.41""N, 106°40'15.27""E",FIX,
23:55:01.739,1786208101.739,TRACKING,7.141,-0.000,-0.000,0.01,0.450,-0.004,0.000,0.000,0.000,1.000,7.14,10.77567062,106.67090772,10.51,"10°46'32.41""N, 106°40'15.27""E",FIX,
23:55:01.823,1786208101.823,TRACKING,7.177,-0.000,-0.000,0.01,0.450,-0.003,0.000,0.000,0.000,1.000,7.18,10.77567062,106.67090772,10.51,"10°46'32.41""N, 106°40'15.27""E",FIX,
23:55:01.909,1786208101.910,TRACKING,7.204,-0.000,-0.001,0.01,0.450,-0.003,0.000,0.000,0.000,1.000,7.20,10.77567062,106.67090814,10.51,"10°46'32.41""N, 106°40'15.27""E",FIX,
23:55:02.008,1786208102.008,TRACKING,7.231,-0.000,-0.001,0.01,0.450,0.006,0.000,0.000,0.000,1.000,7.23,10.77567062,106.67090814,10.51,"10°46'32.41""N, 106°40'15.27""E",FIX,
23:55:02.098,1786208102.098,TRACKING,7.258,-0.000,-0.001,0.01,0.450,-0.004,0.000,0.000,0.000,1.000,7.26,10.77567062,106.67090814,10.51,"10°46'32.41""N, 106°40'15.27""E",FIX,
23:55:02.191,1786208102.191,TRACKING,7.294,-0.000,-0.001,0.01,0.450,-0.003,0.000,0.000,0.000,1.000,7.29,10.77567062,106.67090855,10.51,"10°46'32.41""N, 106°40'15.27""E",FIX,
23:55:02.255,1786208102.256,TRACKING,7.321,-0.000,-0.001,0.01,0.450,-0.004,0.000,0.000,0.000,1.000,7.32,10.77567062,106.67090855,10.51,"10°46'32.41""N, 106°40'15.27""E",FIX,
23:55:02.346,1786208102.346,TRACKING,7.357,-0.000,-0.001,0.01,0.450,0.003,0.000,0.000,0.000,1.000,7.36,10.77567062,106.67090855,10.51,"10°46'32.41""N, 106°40'15.27""E",FIX,
23:55:02.428,1786208102.428,TRACKING,7.384,-0.000,-0.001,0.01,0.450,-0.001,0.000,0.000,0.000,1.000,7.38,10.77567062,106.67090896,10.51,"10°46'32.41""N, 106°40'15.27""E",FIX,
23:55:02.505,1786208102.505,TRACKING,7.411,-0.000,-0.001,0.01,0.450,-0.005,0.000,0.000,0.000,1.000,7.41,10.77567062,106.67090896,10.51,"10°46'32.41""N, 106°40'15.27""E",FIX,
23:55:02.583,1786208102.584,TRACKING,7.438,-0.000,-0.001,0.01,0.450,-0.004,0.000,0.000,0.000,1.000,7.44,10.77567062,106.67090896,10.51,"10°46'32.41""N, 106°40'15.27""E",FIX,
23:55:02.680,1786208102.681,TRACKING,7.474,-0.000,-0.002,0.01,0.450,-0.003,0.000,0.000,0.000,1.000,7.47,10.77567062,106.67090937,10.51,"10°46'32.41""N, 106°40'15.27""E",FIX,
23:55:02.765,1786208102.766,TRACKING,7.501,-0.001,-0.002,0.01,0.450,0.006,0.000,0.000,0.000,1.000,7.50,10.77567062,106.67090937,10.51,"10°46'32.41""N, 106°40'15.27""E",FIX,
23:55:02.844,1786208102.845,TRACKING,7.528,-0.001,-0.002,0.01,0.450,-0.004,0.000,0.000,0.000,1.000,7.53,10.77567062,106.67090937,10.51,"10°46'32.41""N, 106°40'15.27""E",FIX,
23:55:02.923,1786208102.923,TRACKING,7.555,-0.001,-0.002,0.01,0.450,-0.004,0.000,0.000,0.000,1.000,7.55,10.77567062,106.67090978,10.51,"10°46'32.41""N, 106°40'15.28""E",FIX,
23:55:03.010,1786208103.010,TRACKING,7.591,-0.001,-0.002,0.00,0.450,0.004,0.000,0.000,0.000,1.000,7.59,10.77567062,106.67090978,10.51,"10°46'32.41""N, 106°40'15.28""E",FIX,
23:55:03.107,1786208103.108,TRACKING,7.627,-0.001,-0.002,0.00,0.450,0.002,0.000,0.000,0.000,1.000,7.63,10.77567062,106.67090978,10.51,"10°46'32.41""N, 106°40'15.28""E",FIX,
23:55:03.187,1786208103.188,TRACKING,7.654,-0.001,-0.002,0.01,0.450,-0.006,0.000,0.000,0.000,1.000,7.65,10.77567062,106.67091019,10.51,"10°46'32.41""N, 106°40'15.28""E",FIX,
23:55:03.274,1786208103.275,TRACKING,7.681,-0.001,-0.002,-0.01,0.450,0.038,0.000,0.000,0.000,1.000,7.68,10.77567062,106.67091019,10.51,"10°46'32.41""N, 106°40'15.28""E",FIX,
23:55:03.354,1786208103.354,TRACKING,7.708,-0.001,-0.001,-0.02,0.450,0.030,0.000,0.000,0.000,0.646,7.71,10.77567062,106.67091019,10.51,"10°46'32.41""N, 106°40'15.28""E",FIX,
23:55:03.473,1786208103.473,TRACKING,7.744,-0.001,0.002,-0.03,0.450,0.015,0.000,0.000,0.000,0.542,7.74,10.77567062,106.67091060,10.51,"10°46'32.41""N, 106°40'15.28""E",FIX,
23:55:03.530,1786208103.531,TRACKING,7.771,-0.001,0.003,-0.03,0.450,0.006,0.000,0.000,0.000,0.604,7.77,10.77567062,106.67091060,10.51,"10°46'32.41""N, 106°40'15.28""E",FIX,
23:55:03.623,1786208103.623,TRACKING,7.798,-0.001,0.004,-0.03,0.450,0.007,0.000,0.000,0.000,0.687,7.80,10.77567062,106.67091060,10.51,"10°46'32.41""N, 106°40'15.28""E",FIX,
23:55:03.705,1786208103.705,TRACKING,7.834,-0.001,0.004,-0.03,0.450,0.007,0.000,0.000,0.000,0.750,7.83,10.77567061,106.67091102,10.51,"10°46'32.41""N, 106°40'15.28""E",FIX,
23:55:03.792,1786208103.793,TRACKING,7.861,-0.000,0.005,-0.03,0.450,0.007,0.000,0.000,0.000,0.833,7.86,10.77567061,106.67091102,10.51,"10°46'32.41""N, 106°40'15.28""E",FIX,
23:55:03.864,1786208103.865,TRACKING,7.888,-0.000,0.005,-0.03,0.450,0.007,0.000,0.000,0.000,0.917,7.89,10.77567061,106.67091102,10.51,"10°46'32.41""N, 106°40'15.28""E",FIX,
23:55:03.970,1786208103.971,TRACKING,7.924,-0.000,0.006,-0.03,0.450,0.007,0.000,0.000,0.000,0.979,7.92,10.77567061,106.67091143,10.51,"10°46'32.41""N, 106°40'15.28""E",FIX,
23:55:04.034,1786208104.034,TRACKING,7.942,0.000,0.006,-0.03,0.450,0.007,0.000,0.000,0.000,1.000,7.94,10.77567061,106.67091143,10.51,"10°46'32.41""N, 106°40'15.28""E",FIX,
23:55:04.129,1786208104.129,TRACKING,7.978,0.000,0.007,-0.03,0.450,0.007,0.000,0.000,0.000,1.000,7.98,10.77567061,106.67091143,10.51,"10°46'32.41""N, 106°40'15.28""E",FIX,
23:55:04.226,1786208104.227,TRACKING,8.014,0.001,0.007,-0.03,0.450,0.007,0.000,0.000,0.000,1.000,8.01,10.77567061,106.67091184,10.51,"10°46'32.41""N, 106°40'15.28""E",FIX,
23:55:04.323,1786208104.323,TRACKING,8.041,0.001,0.008,-0.02,0.450,0.001,0.000,0.000,0.000,1.000,8.04,10.77567061,106.67091184,10.51,"10°46'32.41""N, 106°40'15.28""E",FIX,
23:55:04.394,1786208104.394,TRACKING,8.068,0.001,0.008,-0.02,0.450,0.001,0.000,0.000,0.000,1.000,8.07,10.77567061,106.67091184,10.51,"10°46'32.41""N, 106°40'15.28""E",FIX,
23:55:04.465,1786208104.465,TRACKING,8.095,0.001,0.008,-0.02,0.450,0.003,0.000,0.000,0.000,1.000,8.09,10.77567061,106.67091225,10.51,"10°46'32.41""N, 106°40'15.28""E",FIX,
23:55:04.532,1786208104.533,TRACKING,8.122,0.001,0.008,-0.02,0.450,0.003,0.000,0.000,0.000,1.000,8.12,10.77567061,106.67091225,10.51,"10°46'32.41""N, 106°40'15.28""E",FIX,
23:55:04.622,1786208104.623,TRACKING,8.158,0.002,0.008,-0.02,0.450,0.004,0.000,0.000,0.000,1.000,8.16,10.77567061,106.67091225,10.51,"10°46'32.41""N, 106°40'15.28""E",FIX,
23:55:04.694,1786208104.695,TRACKING,8.176,0.002,0.008,-0.02,0.450,0.004,0.000,0.000,0.000,1.000,8.18,10.77567062,106.67091266,10.51,"10°46'32.41""N, 106°40'15.29""E",FIX,
23:55:04.787,1786208104.787,TRACKING,8.212,0.002,0.009,-0.02,0.450,0.005,0.000,0.000,0.000,1.000,8.21,10.77567062,106.67091266,10.51,"10°46'32.41""N, 106°40'15.29""E",FIX,
23:55:04.849,1786208104.849,TRACKING,8.239,0.002,0.009,-0.02,0.450,0.005,0.000,0.000,0.000,1.000,8.24,10.77567062,106.67091266,10.51,"10°46'32.41""N, 106°40'15.29""E",FIX,
23:55:04.939,1786208104.939,TRACKING,8.275,0.003,0.009,-0.02,0.450,0.005,0.000,0.000,0.000,1.000,8.27,10.77567062,106.67091307,10.51,"10°46'32.41""N, 106°40'15.29""E",FIX,
23:55:05.026,1786208105.026,TRACKING,8.302,0.003,0.010,-0.02,0.450,0.005,0.000,0.000,0.000,1.000,8.30,10.77567062,106.67091307,10.51,"10°46'32.41""N, 106°40'15.29""E",FIX,
23:55:05.102,1786208105.102,TRACKING,8.338,0.003,0.010,-0.02,0.450,0.005,0.000,0.000,0.000,1.000,8.34,10.77567062,106.67091307,10.51,"10°46'32.41""N, 106°40'15.29""E",FIX,
23:55:05.183,1786208105.184,TRACKING,8.356,0.003,0.010,-0.02,0.450,0.005,0.000,0.000,0.000,1.000,8.36,10.77567062,106.67091348,10.51,"10°46'32.41""N, 106°40'15.29""E",FIX,
23:55:05.273,1786208105.273,TRACKING,8.392,0.004,0.011,-0.02,0.450,0.005,0.000,0.000,0.000,1.000,8.39,10.77567062,106.67091348,10.51,"10°46'32.41""N, 106°40'15.29""E",FIX,
23:55:05.384,1786208105.385,TRACKING,8.428,0.004,0.011,-0.02,0.450,0.005,0.000,0.000,0.000,1.000,8.43,10.77567062,106.67091348,10.51,"10°46'32.41""N, 106°40'15.29""E",FIX,
23:55:05.462,1786208105.463,TRACKING,8.455,0.005,0.011,-0.02,0.450,0.005,0.000,0.000,0.000,1.000,8.45,10.77567062,106.67091390,10.51,"10°46'32.41""N, 106°40'15.29""E",FIX,
23:55:05.559,1786208105.560,TRACKING,8.482,0.005,0.012,-0.02,0.450,0.005,0.000,0.000,0.000,1.000,8.48,10.77567062,106.67091390,10.51,"10°46'32.41""N, 106°40'15.29""E",FIX,
23:55:07.577,1786208107.577,UTURN_PLANNING,9.139,0.013,0.012,0.00,0.000,0.000,0.000,0.000,0.000,0.000,0.00,10.77567064,106.67091707,10.51,"10°46'32.41""N, 106°40'15.30""E",FIX,
23:55:07.641,1786208107.641,PATH_FOLLOWING,9.139,0.013,0.012,88.68,0.020,-1.500,0.000,0.000,0.000,0.000,0.00,10.77567064,106.67091707,10.51,"10°46'32.41""N, 106°40'15.30""E",FIX,
23:55:07.732,1786208107.732,PATH_FOLLOWING,9.140,0.013,-0.076,88.68,0.020,-1.500,0.000,0.000,0.000,0.000,0.00,10.77567064,106.67091707,10.51,"10°46'32.41""N, 106°40'15.30""E",FIX,
23:55:07.815,1786208107.815,PATH_FOLLOWING,9.141,0.013,-0.166,88.68,0.020,-1.500,0.000,0.000,0.000,0.000,0.00,10.77567064,106.67091708,10.51,"10°46'32.41""N, 106°40'15.30""E",FIX,
23:55:07.887,1786208107.888,PATH_FOLLOWING,9.142,0.013,-0.256,88.68,0.020,-1.500,0.000,0.000,0.000,0.000,0.00,10.77567064,106.67091708,10.51,"10°46'32.41""N, 106°40'15.30""E",FIX,
23:55:07.997,1786208107.997,PATH_FOLLOWING,9.144,0.012,-0.346,88.68,0.020,-1.500,0.000,0.000,0.000,0.000,0.00,10.77567064,106.67091708,10.51,"10°46'32.41""N, 106°40'15.30""E",FIX,
23:55:08.078,1786208108.078,PATH_FOLLOWING,9.145,0.012,-0.466,88.68,0.020,-1.500,0.000,0.000,0.000,0.000,0.00,10.77567066,106.67091709,10.51,"10°46'32.41""N, 106°40'15.30""E",FIX,
23:55:08.178,1786208108.178,PATH_FOLLOWING,9.146,0.011,-0.556,88.68,0.020,-1.500,0.000,0.000,0.000,0.000,0.00,10.77567066,106.67091709,10.51,"10°46'32.41""N, 106°40'15.30""E",FIX,
23:55:08.267,1786208108.268,PATH_FOLLOWING,9.147,0.010,-0.646,88.68,0.020,-1.500,0.000,0.000,0.000,0.000,0.00,10.77567066,106.67091709,10.51,"10°46'32.41""N, 106°40'15.30""E",FIX,
23:55:08.347,1786208108.348,PATH_FOLLOWING,9.148,0.010,-0.736,88.68,0.020,-1.500,0.000,0.000,0.000,0.000,0.00,10.77567066,106.67091709,10.51,"10°46'32.41""N, 106°40'15.30""E",FIX,
23:55:08.432,1786208108.433,PATH_FOLLOWING,9.149,0.008,-0.856,88.68,0.020,-1.500,0.000,0.000,0.000,0.000,0.00,10.77567068,106.67091711,10.51,"10°46'32.41""N, 106°40'15.30""E",FIX,
23:55:08.503,1786208108.503,PATH_FOLLOWING,9.150,0.007,-0.946,87.80,0.033,-1.500,0.000,0.000,0.000,0.000,0.00,10.77567068,106.67091711,10.51,"10°46'32.41""N, 106°40'15.30""E",FIX,
23:55:08.588,1786208108.589,PATH_FOLLOWING,9.151,0.006,-1.036,86.72,0.050,-1.500,0.000,0.000,0.000,0.000,0.00,10.77567068,106.67091711,10.51,"10°46'32.41""N, 106°40'15.30""E",FIX,
23:55:08.677,1786208108.677,PATH_FOLLOWING,9.152,0.003,-1.156,85.07,0.075,-1.500,0.000,0.000,0.000,0.000,0.00,10.77567081,106.67091713,10.51,"10°46'32.41""N, 106°40'15.30""E",FIX,
23:55:08.743,1786208108.744,PATH_FOLLOWING,9.154,-0.000,-1.246,83.73,0.096,-1.500,0.000,0.000,0.000,0.000,0.00,10.77567081,106.67091713,10.51,"10°46'32.41""N, 106°40'15.30""E",FIX,
23:55:08.823,1786208108.823,PATH_FOLLOWING,9.155,-0.005,-1.336,82.35,0.117,-1.500,0.000,0.000,0.000,0.000,0.00,10.77567081,106.67091713,10.51,"10°46'32.41""N, 106°40'15.30""E",FIX,
23:55:08.901,1786208108.902,PATH_FOLLOWING,9.156,-0.012,-1.426,80.98,0.138,-1.500,0.000,0.000,0.000,0.000,0.00,10.77567109,106.67091718,10.51,"10°46'32.42""N, 106°40'15.30""E",FIX,
23:55:08.981,1786208108.981,PATH_FOLLOWING,9.157,-0.022,-1.546,79.22,0.166,-1.500,0.000,0.000,0.000,0.000,0.00,10.77567109,106.67091718,10.51,"10°46'32.42""N, 106°40'15.30""E",FIX,
23:55:09.069,1786208109.070,PATH_FOLLOWING,9.157,-0.031,-1.636,78.00,0.185,-1.500,0.000,0.000,0.000,0.000,0.00,10.77567109,106.67091718,10.51,"10°46'32.42""N, 106°40'15.30""E",FIX,
23:55:09.157,1786208109.158,PATH_FOLLOWING,9.155,-0.045,-1.756,76.36,0.208,-1.478,0.000,0.000,0.000,0.583,0.00,10.77567123,106.67091726,10.51,"10°46'32.42""N, 106°40'15.30""E",FIX,
23:55:09.250,1786208109.251,PATH_FOLLOWING,9.152,-0.056,-1.845,72.03,0.223,-1.183,0.000,0.000,0.000,0.625,0.00,10.77567123,106.67091726,10.51,"10°46'32.42""N, 106°40'15.30""E",FIX,
23:55:09.331,1786208109.332,PATH_FOLLOWING,9.147,-0.073,-1.950,64.04,0.236,-0.836,0.000,0.000,0.000,0.583,0.00,10.77567106,106.67091734,10.51,"10°46'32.42""N, 106°40'15.30""E",FIX,
23:55:09.398,1786208109.398,PATH_FOLLOWING,9.143,-0.081,-1.988,59.77,0.240,-0.710,0.000,0.000,0.000,0.583,0.00,10.77567106,106.67091734,10.51,"10°46'32.42""N, 106°40'15.30""E",FIX,
23:55:09.475,1786208109.476,PATH_FOLLOWING,9.137,-0.094,-2.035,53.02,0.244,-0.558,0.000,0.000,0.000,0.604,0.00,10.77567106,106.67091734,10.51,"10°46'32.42""N, 106°40'15.30""E",FIX,
23:55:09.563,1786208109.564,PATH_FOLLOWING,9.128,-0.111,-2.083,43.14,0.247,-0.399,0.000,0.000,0.000,0.625,0.00,10.77567106,106.67091734,10.51,"10°46'32.42""N, 106°40'15.30""E",FIX,
23:55:09.656,1786208109.656,PATH_FOLLOWING,9.118,-0.128,-2.118,33.55,0.248,-0.284,0.000,0.000,0.000,0.667,0.00,10.77567077,106.67091748,10.51,"10°46'32.41""N, 106°40'15.30""E",FIX,
23:55:09.728,1786208109.728,PATH_FOLLOWING,9.113,-0.137,-2.132,29.20,0.249,-0.240,0.000,0.000,0.000,0.667,0.00,10.77567077,106.67091748,10.51,"10°46'32.41""N, 106°40'15.30""E",FIX,
23:55:09.825,1786208109.826,PATH_FOLLOWING,9.102,-0.154,-2.153,21.80,0.249,-0.172,0.000,0.000,0.000,0.708,0.00,10.77567077,106.67091748,10.51,"10°46'32.41""N, 106°40'15.30""E",FIX,
23:55:09.913,1786208109.914,PATH_FOLLOWING,9.094,-0.166,-2.165,17.04,0.250,-0.132,0.000,0.000,0.000,0.750,0.00,10.77567055,106.67091763,10.51,"10°46'32.41""N, 106°40'15.30""E",FIX,
23:55:10.006,1786208110.006,PATH_FOLLOWING,9.085,-0.178,-2.174,13.25,0.250,-0.101,0.000,0.000,0.000,0.792,0.00,10.77567055,106.67091763,10.51,"10°46'32.41""N, 106°40'15.30""E",FIX,
23:55:10.102,1786208110.102,PATH_FOLLOWING,9.074,-0.195,-2.183,9.60,0.250,-0.073,0.000,0.000,0.000,0.833,0.00,10.77567055,106.67091763,10.51,"10°46'32.41""N, 106°40'15.30""E",FIX,
23:55:10.191,1786208110.191,PATH_FOLLOWING,9.065,-0.207,-2.188,7.56,0.250,-0.057,0.000,0.000,0.000,0.875,0.00,10.77567036,106.67091778,10.51,"10°46'32.41""N, 106°40'15.30""E",FIX,
23:55:10.277,1786208110.278,PATH_FOLLOWING,9.056,-0.219,-2.192,5.95,0.250,-0.045,0.000,0.000,0.000,0.979,0.00,10.77567036,106.67091778,10.51,"10°46'32.41""N, 106°40'15.30""E",FIX,
23:55:10.358,1786208110.359,PATH_FOLLOWING,9.048,-0.231,-2.195,4.68,0.250,-0.035,0.000,0.000,0.000,0.979,0.00,10.77567036,106.67091778,10.51,"10°46'32.41""N, 106°40'15.30""E",FIX,
23:55:10.449,1786208110.450,PATH_FOLLOWING,9.036,-0.248,-2.198,3.36,0.250,-0.025,0.000,0.000,0.000,0.979,0.00,10.77567038,106.67091790,10.51,"10°46'32.41""N, 106°40'15.30""E",FIX,
23:55:10.517,1786208110.518,PATH_FOLLOWING,9.027,-0.260,-2.200,2.60,0.250,-0.020,0.000,0.000,0.000,0.979,0.00,10.77567038,106.67091790,10.51,"10°46'32.41""N, 106°40'15.30""E",FIX,
23:55:10.629,1786208110.630,PATH_FOLLOWING,9.015,-0.276,-2.201,1.91,0.250,-0.014,0.000,0.000,0.000,0.979,0.00,10.77567038,106.67091790,10.51,"10°46'32.41""N, 106°40'15.30""E",FIX,
23:55:10.714,1786208110.714,PATH_FOLLOWING,9.007,-0.288,-2.202,1.50,0.250,-0.011,0.000,0.000,0.000,0.979,0.00,10.77567049,106.67091804,10.51,"10°46'32.41""N, 106°40'15.30""E",FIX,
23:55:10.797,1786208110.798,PATH_FOLLOWING,8.998,-0.300,-2.203,1.19,0.250,-0.009,0.000,0.000,0.000,0.979,0.00,10.77567049,106.67091804,10.51,"10°46'32.41""N, 106°40'15.30""E",FIX,
23:55:10.908,1786208110.909,PATH_FOLLOWING,8.989,-0.312,-2.204,0.95,0.250,-0.007,0.000,0.000,0.000,1.000,0.00,10.77567049,106.67091804,10.51,"10°46'32.41""N, 106°40'15.30""E",FIX,
23:55:10.997,1786208110.998,PATH_FOLLOWING,8.977,-0.328,-2.204,0.68,0.250,-0.005,0.000,0.000,0.000,0.979,0.00,10.77567058,106.67091818,10.51,"10°46'32.41""N, 106°40'15.31""E",FIX,
23:55:11.085,1786208111.086,PATH_FOLLOWING,8.968,-0.340,-2.205,0.54,0.250,-0.004,0.000,0.000,0.000,0.979,0.00,10.77567058,106.67091818,10.51,"10°46'32.41""N, 106°40'15.31""E",FIX,
23:55:11.193,1786208111.193,PATH_FOLLOWING,8.956,-0.356,-2.205,0.40,0.250,-0.003,0.000,0.000,0.000,0.917,0.00,10.77567058,106.67091818,10.51,"10°46'32.41""N, 106°40'15.31""E",FIX,
23:55:11.266,1786208111.266,PATH_FOLLOWING,8.950,-0.365,-2.205,0.34,0.250,-0.003,0.000,0.000,0.000,0.875,0.00,10.77567067,106.67091836,10.51,"10°46'32.41""N, 106°40'15.31""E",FIX,
23:55:11.367,1786208111.367,PATH_FOLLOWING,8.938,-0.381,-2.205,0.25,0.250,-0.002,0.000,0.000,0.000,0.875,0.00,10.77567067,106.67091836,10.51,"10°46'32.41""N, 106°40'15.31""E",FIX,
23:55:11.425,1786208111.425,PATH_FOLLOWING,8.930,-0.393,-2.206,0.19,0.250,-0.001,0.000,0.000,0.000,0.875,0.00,10.77567067,106.67091836,10.51,"10°46'32.41""N, 106°40'15.31""E",FIX,
23:55:11.514,1786208111.515,PATH_FOLLOWING,8.918,-0.409,-2.206,0.14,0.250,-0.001,0.000,0.000,0.000,0.875,0.00,10.77567079,106.67091850,10.51,"10°46'32.41""N, 106°40'15.31""E",FIX,
23:55:11.605,1786208111.605,PATH_FOLLOWING,8.909,-0.421,-2.206,0.11,0.250,-0.001,0.000,0.000,0.000,0.875,0.00,10.77567079,106.67091850,10.51,"10°46'32.41""N, 106°40'15.31""E",FIX,
23:55:11.687,1786208111.688,PATH_FOLLOWING,8.900,-0.433,-2.206,0.09,0.250,-0.001,0.000,0.000,0.000,0.875,0.00,10.77567079,106.67091850,10.51,"10°46'32.41""N, 106°40'15.31""E",FIX,
23:55:11.789,1786208111.790,PATH_FOLLOWING,8.888,-0.449,-2.206,0.07,0.250,-0.000,0.000,0.000,0.000,0.875,0.00,10.77567091,106.67091865,10.51,"10°46'32.42""N, 106°40'15.31""E",FIX,
23:55:11.869,1786208111.870,PATH_FOLLOWING,8.879,-0.461,-2.206,0.05,0.250,-0.000,0.000,0.000,0.000,0.875,0.00,10.77567091,106.67091865,10.51,"10°46'32.42""N, 106°40'15.31""E",FIX,
23:55:11.947,1786208111.948,PATH_FOLLOWING,8.870,-0.473,-2.206,0.04,0.250,-0.000,0.000,0.000,0.000,0.917,0.00,10.77567091,106.67091865,10.51,"10°46'32.42""N, 106°40'15.31""E",FIX,
23:55:12.039,1786208112.039,PATH_FOLLOWING,8.861,-0.485,-2.206,0.03,0.250,-0.000,0.000,0.000,0.000,0.937,0.00,10.77567089,106.67091879,10.51,"10°46'32.42""N, 106°40'15.31""E",FIX,
23:55:12.130,1786208112.131,PATH_FOLLOWING,8.850,-0.501,-2.206,0.02,0.250,-0.000,0.000,0.000,0.000,1.000,0.00,10.77567089,106.67091879,10.51,"10°46'32.42""N, 106°40'15.31""E",FIX,
23:55:12.215,1786208112.216,PATH_FOLLOWING,8.841,-0.513,-2.206,0.02,0.250,-0.000,0.000,0.000,0.000,1.000,0.00,10.77567089,106.67091879,10.51,"10°46'32.42""N, 106°40'15.31""E",FIX,
23:55:12.296,1786208112.297,PATH_FOLLOWING,8.832,-0.526,-2.206,0.01,0.250,-0.000,0.000,0.000,0.000,1.000,0.00,10.77567071,106.67091894,10.51,"10°46'32.41""N, 106°40'15.31""E",FIX,
23:55:12.387,1786208112.388,PATH_FOLLOWING,8.820,-0.542,-2.206,0.01,0.250,-0.000,0.000,0.000,0.000,1.000,0.00,10.77567071,106.67091894,10.51,"10°46'32.41""N, 106°40'15.31""E",FIX,
23:55:12.475,1786208112.475,PATH_FOLLOWING,8.811,-0.554,-2.206,0.01,0.250,-0.000,0.000,0.000,0.000,1.000,0.00,10.77567071,106.67091894,10.51,"10°46'32.41""N, 106°40'15.31""E",FIX,
23:55:12.565,1786208112.566,PATH_FOLLOWING,8.799,-0.570,-2.206,0.01,0.250,-0.000,0.000,0.000,0.000,1.000,0.00,10.77567054,106.67091908,10.51,"10°46'32.41""N, 106°40'15.31""E",FIX,
23:55:12.629,1786208112.629,PATH_FOLLOWING,8.793,-0.578,-2.206,0.01,0.250,-0.000,0.000,0.000,0.000,1.000,0.00,10.77567054,106.67091908,10.51,"10°46'32.41""N, 106°40'15.31""E",FIX,
23:55:12.714,1786208112.714,PATH_FOLLOWING,8.784,-0.590,-2.206,0.00,0.250,-0.000,0.000,0.000,0.000,1.000,0.00,10.77567054,106.67091908,10.51,"10°46'32.41""N, 106°40'15.31""E",FIX,
23:55:12.812,1786208112.813,PATH_FOLLOWING,8.772,-0.606,-2.206,0.00,0.250,-0.000,0.000,0.000,0.000,1.000,0.00,10.77567036,106.67091923,10.51,"10°46'32.41""N, 106°40'15.31""E",FIX,
23:55:12.889,1786208112.890,PATH_FOLLOWING,8.761,-0.622,-2.206,0.00,0.250,-0.000,0.000,0.000,0.000,1.000,0.00,10.77567036,106.67091923,10.51,"10°46'32.41""N, 106°40'15.31""E",FIX,
23:55:12.961,1786208112.961,PATH_FOLLOWING,8.755,-0.630,-2.206,0.00,0.000,0.000,0.000,0.000,0.000,1.000,0.00,10.77567036,106.67091923,10.51,"10°46'32.41""N, 106°40'15.31""E",FIX,
23:55:13.054,1786208113.054,UTURN_EXECUTION,8.749,-0.637,-2.206,73.97,0.250,-1.500,0.000,0.000,0.000,1.000,0.00,10.77567019,106.67091935,10.51,"10°46'32.41""N, 106°40'15.31""E",FIX,
23:55:13.200,1786208113.200,REACTIVE_AVOID,8.738,-0.651,-2.308,0.00,0.000,0.000,0.000,0.000,0.000,1.000,0.01,10.77567019,106.67091935,10.51,"10°46'32.41""N, 106°40'15.31""E",FIX,
23:55:13.285,1786208113.286,REACTIVE_AVOID,8.738,-0.651,-2.308,0.00,0.000,0.000,0.000,0.000,0.000,1.000,0.01,10.77567022,106.67091940,10.51,"10°46'32.41""N, 106°40'15.31""E",FIX,
23:55:13.370,1786208113.371,REACTIVE_AVOID,8.738,-0.651,-2.308,0.00,0.000,0.000,0.000,0.000,0.000,1.000,0.01,10.77567022,106.67091940,10.51,"10°46'32.41""N, 106°40'15.31""E",FIX,
23:55:13.437,1786208113.438,REACTIVE_AVOID,8.738,-0.651,-2.308,0.00,0.000,0.000,0.000,0.000,0.000,1.000,0.01,10.77567022,106.67091940,10.51,"10°46'32.41""N, 106°40'15.31""E",FIX,
23:55:13.530,1786208113.531,REACTIVE_AVOID,8.738,-0.651,-2.308,0.00,0.000,0.000,0.000,0.000,0.000,1.000,0.01,10.77567022,106.67091940,10.51,"10°46'32.41""N, 106°40'15.31""E",FIX,
23:55:13.599,1786208113.599,REACTIVE_AVOID,8.738,-0.651,-2.308,0.00,0.000,0.000,0.000,0.000,0.000,1.000,0.01,10.77567022,106.67091940,10.51,"10°46'32.41""N, 106°40'15.31""E",FIX,
23:55:13.666,1786208113.667,REACTIVE_AVOID,8.738,-0.651,-2.308,0.00,0.000,0.000,0.000,0.000,0.000,1.000,0.01,10.77567022,106.67091940,10.51,"10°46'32.41""N, 106°40'15.31""E",FIX,
23:55:13.760,1786208113.760,REACTIVE_AVOID,8.738,-0.651,-2.308,0.00,0.000,0.000,0.000,0.000,0.000,1.000,0.01,10.77567022,106.67091940,10.51,"10°46'32.41""N, 106°40'15.31""E",FIX,
23:55:13.830,1786208113.830,REACTIVE_AVOID,8.738,-0.651,-2.308,0.00,0.000,0.000,0.000,0.000,0.000,1.000,0.01,10.77567022,106.67091940,10.51,"10°46'32.41""N, 106°40'15.31""E",FIX,
23:55:13.896,1786208113.897,REACTIVE_AVOID,8.738,-0.651,-2.308,0.00,0.000,0.000,0.000,0.000,0.000,1.000,0.01,10.77567022,106.67091940,10.51,"10°46'32.41""N, 106°40'15.31""E",FIX,
23:55:13.979,1786208113.979,REACTIVE_AVOID,8.738,-0.651,-2.308,0.00,0.000,0.000,0.000,0.000,0.000,1.000,0.01,10.77567022,106.67091940,10.51,"10°46'32.41""N, 106°40'15.31""E",FIX,
23:55:14.055,1786208114.056,REACTIVE_AVOID,8.738,-0.651,-2.308,0.00,0.000,0.000,0.000,0.000,0.000,1.000,0.01,10.77567022,106.67091940,10.51,"10°46'32.41""N, 106°40'15.31""E",FIX,
23:55:14.128,1786208114.128,REACTIVE_AVOID,8.738,-0.651,-2.308,0.00,0.000,0.000,0.000,0.000,0.000,1.000,0.01,10.77567022,106.67091940,10.51,"10°46'32.41""N, 106°40'15.31""E",FIX,
23:55:14.193,1786208114.193,REACTIVE_AVOID,8.738,-0.651,-2.308,0.00,0.000,0.000,0.000,0.000,0.000,1.000,0.01,10.77567022,106.67091940,10.51,"10°46'32.41""N, 106°40'15.31""E",FIX,
23:55:14.276,1786208114.276,REACTIVE_AVOID,8.738,-0.651,-2.308,0.00,0.000,0.000,0.000,0.000,0.000,1.000,0.01,10.77567022,106.67091940,10.51,"10°46'32.41""N, 106°40'15.31""E",FIX,
23:55:14.355,1786208114.355,REACTIVE_AVOID,8.738,-0.651,-2.308,0.00,0.000,0.000,0.000,0.000,0.000,1.000,0.01,10.77567022,106.67091940,10.51,"10°46'32.41""N, 106°40'15.31""E",FIX,
23:55:14.430,1786208114.430,REACTIVE_AVOID,8.738,-0.651,-2.308,0.00,0.000,0.000,0.000,0.000,0.000,1.000,0.01,10.77567022,106.67091940,10.51,"10°46'32.41""N, 106°40'15.31""E",FIX,
23:55:14.514,1786208114.514,REACTIVE_AVOID,8.738,-0.651,-2.308,0.00,0.000,0.000,0.000,0.000,0.000,1.000,0.01,10.77567022,106.67091940,10.51,"10°46'32.41""N, 106°40'15.31""E",FIX,
23:55:14.601,1786208114.602,REACTIVE_AVOID,8.738,-0.651,-2.308,0.00,0.000,0.000,0.000,0.000,0.000,1.000,0.01,10.77567022,106.67091940,10.51,"10°46'32.41""N, 106°40'15.31""E",FIX,
23:55:14.677,1786208114.677,REACTIVE_AVOID,8.738,-0.651,-2.308,0.00,0.000,0.000,0.000,0.000,0.000,1.000,0.01,10.77567022,106.67091940,10.51,"10°46'32.41""N, 106°40'15.31""E",FIX,
23:55:14.779,1786208114.779,REACTIVE_AVOID,8.738,-0.651,-2.308,0.00,0.000,0.000,0.000,0.000,0.000,1.000,0.01,10.77567022,106.67091940,10.51,"10°46'32.41""N, 106°40'15.31""E",FIX,
23:55:14.854,1786208114.854,REACTIVE_AVOID,8.738,-0.651,-2.308,0.00,0.000,0.000,0.000,0.000,0.000,1.000,0.01,10.77567022,106.67091940,10.51,"10°46'32.41""N, 106°40'15.31""E",FIX,
23:55:14.969,1786208114.970,REACTIVE_AVOID,8.738,-0.651,-2.308,0.00,0.000,0.000,0.000,0.000,0.000,1.000,0.01,10.77567022,106.67091940,10.51,"10°46'32.41""N, 106°40'15.31""E",FIX,
23:55:15.133,1786208115.134,REACTIVE_AVOID,8.738,-0.651,-2.308,0.00,0.000,0.000,0.000,0.000,0.000,1.000,0.01,10.77567022,106.67091940,10.51,"10°46'32.41""N, 106°40'15.31""E",FIX,
23:55:15.256,1786208115.257,REACTIVE_AVOID,8.738,-0.651,-2.308,0.00,0.000,0.000,0.000,0.000,0.000,1.000,0.01,10.77567022,106.67091940,10.51,"10°46'32.41""N, 106°40'15.31""E",FIX,
23:55:15.312,1786208115.313,REACTIVE_AVOID,8.738,-0.651,-2.308,0.00,0.000,0.000,0.000,0.000,0.000,1.000,0.01,10.77567022,106.67091940,10.51,"10°46'32.41""N, 106°40'15.31""E",FIX,
23:55:15.389,1786208115.390,REACTIVE_AVOID,8.738,-0.651,-2.308,0.00,0.000,0.000,0.000,0.000,0.000,1.000,0.01,10.77567022,106.67091940,10.51,"10°46'32.41""N, 106°40'15.31""E",FIX,
23:55:15.461,1786208115.461,REACTIVE_AVOID,8.738,-0.651,-2.308,0.00,0.000,0.000,0.000,0.000,0.000,1.000,0.01,10.77567022,106.67091940,10.51,"10°46'32.41""N, 106°40'15.31""E",FIX,
23:55:15.552,1786208115.552,REACTIVE_AVOID,8.738,-0.651,-2.308,0.00,0.000,0.000,0.000,0.000,0.000,1.000,0.01,10.77567022,106.67091940,10.51,"10°46'32.41""N, 106°40'15.31""E",FIX,
23:55:15.628,1786208115.629,REACTIVE_AVOID,8.738,-0.651,-2.308,0.00,0.000,0.000,0.000,0.000,0.000,1.000,0.01,10.77567022,106.67091940,10.51,"10°46'32.41""N, 106°40'15.31""E",FIX,
23:55:15.709,1786208115.709,REACTIVE_AVOID,8.738,-0.651,-2.308,0.00,0.000,0.000,0.000,0.000,0.000,1.000,0.01,10.77567022,106.67091940,10.51,"10°46'32.41""N, 106°40'15.31""E",FIX,
23:55:15.805,1786208115.806,REACTIVE_AVOID,8.738,-0.651,-2.308,0.00,0.000,0.000,0.000,0.000,0.000,1.000,0.01,10.77567022,106.67091940,10.51,"10°46'32.41""N, 106°40'15.31""E",FIX,
23:55:15.889,1786208115.889,REACTIVE_AVOID,8.738,-0.651,-2.308,0.00,0.000,0.000,0.000,0.000,0.000,1.000,0.01,10.77567022,106.67091940,10.51,"10°46'32.41""N, 106°40'15.31""E",FIX,
23:55:15.973,1786208115.973,REACTIVE_AVOID,8.738,-0.651,-2.308,0.00,0.000,0.000,0.000,0.000,0.000,1.000,0.01,10.77567022,106.67091940,10.51,"10°46'32.41""N, 106°40'15.31""E",FIX,
23:55:16.061,1786208116.061,REACTIVE_AVOID,8.738,-0.651,-2.308,0.00,0.000,0.000,0.000,0.000,0.000,1.000,0.01,10.77567022,106.67091940,10.51,"10°46'32.41""N, 106°40'15.31""E",FIX,
23:55:16.144,1786208116.144,REACTIVE_AVOID,8.738,-0.651,-2.308,0.00,0.000,0.000,0.000,0.000,0.000,1.000,0.01,10.77567022,106.67091940,10.51,"10°46'32.41""N, 106°40'15.31""E",FIX,
23:55:16.220,1786208116.221,REACTIVE_AVOID,8.738,-0.651,-2.308,0.00,0.000,0.000,0.000,0.000,0.000,1.000,0.01,10.77567022,106.67091940,10.51,"10°46'32.41""N, 106°40'15.31""E",FIX,
23:55:16.312,1786208116.313,REACTIVE_AVOID,8.738,-0.651,-2.308,0.00,0.000,0.000,0.000,0.000,0.000,1.000,0.01,10.77567022,106.67091940,10.51,"10°46'32.41""N, 106°40'15.31""E",FIX,
23:55:16.392,1786208116.393,REACTIVE_AVOID,8.738,-0.651,-2.308,0.00,0.000,0.000,0.000,0.000,0.000,1.000,0.01,10.77567022,106.67091940,10.51,"10°46'32.41""N, 106°40'15.31""E",FIX,
23:55:16.487,1786208116.488,REACTIVE_AVOID,8.738,-0.651,-2.308,0.00,0.000,0.000,0.000,0.000,0.000,1.000,0.01,10.77567022,106.67091940,10.51,"10°46'32.41""N, 106°40'15.31""E",FIX,
23:55:16.561,1786208116.562,REACTIVE_AVOID,8.738,-0.651,-2.308,0.00,0.000,0.000,0.000,0.000,0.000,1.000,0.01,10.77567022,106.67091940,10.51,"10°46'32.41""N, 106°40'15.31""E",FIX,
23:55:16.637,1786208116.637,REACTIVE_AVOID,8.738,-0.651,-2.308,0.00,0.000,0.000,0.000,0.000,0.000,1.000,0.01,10.77567022,106.67091940,10.51,"10°46'32.41""N, 106°40'15.31""E",FIX,
23:55:16.704,1786208116.705,REACTIVE_AVOID,8.738,-0.651,-2.308,0.00,0.000,0.000,0.000,0.000,0.000,1.000,0.01,10.77567022,106.67091940,10.51,"10°46'32.41""N, 106°40'15.31""E",FIX,
23:55:16.816,1786208116.816,REACTIVE_AVOID,8.738,-0.651,-2.308,0.00,0.000,0.000,0.000,0.000,0.000,1.000,0.01,10.77567022,106.67091940,10.51,"10°46'32.41""N, 106°40'15.31""E",FIX,
23:55:16.917,1786208116.918,REACTIVE_AVOID,8.738,-0.651,-2.308,0.00,0.000,0.000,0.000,0.000,0.000,1.000,0.01,10.77567022,106.67091940,10.51,"10°46'32.41""N, 106°40'15.31""E",FIX,
23:55:17.124,1786208117.125,AVOID_PLANNING,8.738,-0.651,-2.308,0.00,0.000,0.000,0.000,0.000,0.000,1.000,0.01,10.77567022,106.67091940,10.51,"10°46'32.41""N, 106°40'15.31""E",FIX,
23:55:17.186,1786208117.187,PATH_FOLLOWING,8.738,-0.651,-2.308,88.68,0.020,-1.500,0.000,0.000,0.000,1.000,0.01,10.77567022,106.67091940,10.51,"10°46'32.41""N, 106°40'15.31""E",FIX,
23:55:17.259,1786208117.260,PATH_FOLLOWING,8.738,-0.651,-2.354,88.68,0.020,-1.500,0.000,0.000,0.000,1.000,0.01,10.77567022,106.67091940,10.51,"10°46'32.41""N, 106°40'15.31""E",FIX,
23:55:17.352,1786208117.352,PATH_FOLLOWING,8.737,-0.652,-2.474,88.68,0.020,-1.500,0.000,0.000,0.000,1.000,0.01,10.77567037,106.67091953,10.51,"10°46'32.41""N, 106°40'15.31""E",FIX,
23:55:17.432,1786208117.433,PATH_FOLLOWING,8.736,-0.653,-2.564,88.68,0.020,-1.500,0.000,0.000,0.000,1.000,0.01,10.77567037,106.67091953,10.51,"10°46'32.41""N, 106°40'15.31""E",FIX,
23:55:17.502,1786208117.503,PATH_FOLLOWING,8.735,-0.653,-2.654,88.64,0.021,-1.500,0.000,0.000,0.000,1.000,0.01,10.77567037,106.67091953,10.51,"10°46'32.41""N, 106°40'15.31""E",FIX,
23:55:17.566,1786208117.567,PATH_FOLLOWING,8.734,-0.654,-2.744,87.73,0.034,-1.500,0.000,0.000,0.000,0.917,0.01,10.77567037,106.67091953,10.51,"10°46'32.41""N, 106°40'15.31""E",FIX,
23:55:17.659,1786208117.659,PATH_FOLLOWING,8.731,-0.655,-2.864,86.26,0.057,-1.500,0.000,0.000,0.000,0.854,0.01,10.77567062,106.67091950,10.51,"10°46'32.41""N, 106°40'15.31""E",FIX,
23:55:17.760,1786208117.760,PATH_FOLLOWING,8.729,-0.655,-2.954,85.01,0.076,-1.500,0.000,0.000,0.000,0.792,0.01,10.77567062,106.67091950,10.51,"10°46'32.41""N, 106°40'15.31""E",FIX,
23:55:17.858,1786208117.858,PATH_FOLLOWING,8.723,-0.656,-3.074,83.24,0.103,-1.500,0.000,0.000,0.000,0.750,0.01,10.77567083,106.67091953,10.51,"10°46'32.41""N, 106°40'15.31""E",FIX,
23:55:17.918,1786208117.918,PATH_FOLLOWING,8.720,-0.656,-3.134,82.34,0.117,-1.500,0.000,0.000,0.000,0.667,0.01,10.77567083,106.67091953,10.51,"10°46'32.41""N, 106°40'15.31""E",FIX,
23:55:18.018,1786208118.018,PATH_FOLLOWING,8.711,-0.656,3.029,80.56,0.145,-1.500,0.000,0.000,0.000,0.646,0.01,10.77567083,106.67091953,10.51,"10°46'32.41""N, 106°40'15.31""E",FIX,
23:55:18.114,1786208118.114,PATH_FOLLOWING,8.700,-0.654,2.909,78.86,0.171,-1.500,0.000,0.000,0.000,0.583,0.01,10.77567098,106.67091958,10.51,"10°46'32.42""N, 106°40'15.31""E",FIX,
23:55:18.191,1786208118.192,PATH_FOLLOWING,8.691,-0.651,2.819,77.70,0.190,-1.500,0.000,0.000,0.000,0.562,0.01,10.77567098,106.67091958,10.51,"10°46'32.42""N, 106°40'15.31""E",FIX,
23:55:18.269,1786208118.269,PATH_FOLLOWING,8.680,-0.647,2.729,76.65,0.206,-1.500,0.000,0.000,0.000,0.521,0.01,10.77567098,106.67091958,10.51,"10°46'32.42""N, 106°40'15.31""E",FIX,
23:55:18.347,1786208118.347,PATH_FOLLOWING,8.670,-0.642,2.639,72.61,0.221,-1.217,0.000,0.000,0.000,0.500,0.01,10.77567098,106.67091958,10.51,"10°46'32.42""N, 106°40'15.31""E",FIX,
23:55:18.415,1786208118.416,PATH_FOLLOWING,8.659,-0.635,2.556,67.15,0.232,-0.949,0.000,0.000,0.000,1.000,0.01,10.77567109,106.67091964,10.51,"10°46'32.42""N, 106°40'15.31""E",FIX,
23:55:18.493,1786208118.494,PATH_FOLLOWING,8.648,-0.627,2.492,60.98,0.239,-0.743,0.000,0.000,0.000,1.000,0.01,10.77567109,106.67091964,10.51,"10°46'32.42""N, 106°40'15.31""E",FIX,
23:55:18.591,1786208118.591,PATH_FOLLOWING,8.633,-0.615,2.430,52.24,0.244,-0.543,0.000,0.000,0.000,1.000,0.01,10.77567109,106.67091964,10.51,"10°46'32.42""N, 106°40'15.31""E",FIX,
23:55:18.677,1786208118.678,PATH_FOLLOWING,8.622,-0.606,2.393,45.14,0.246,-0.427,0.000,0.000,0.000,1.000,0.01,10.77567107,106.67091971,10.51,"10°46'32.42""N, 106°40'15.31""E",FIX,
23:55:18.748,1786208118.748,PATH_FOLLOWING,8.611,-0.595,2.364,38.16,0.248,-0.336,0.000,0.000,0.000,1.000,0.01,10.77567107,106.67091971,10.51,"10°46'32.42""N, 106°40'15.31""E",FIX,
23:55:18.836,1786208118.837,PATH_FOLLOWING,8.601,-0.585,2.342,31.90,0.249,-0.267,0.000,0.000,0.000,1.000,0.01,10.77567107,106.67091971,10.51,"10°46'32.42""N, 106°40'15.31""E",FIX,
23:55:18.926,1786208118.926,PATH_FOLLOWING,8.587,-0.570,2.319,24.13,0.249,-0.192,0.000,0.000,0.000,1.000,0.01,10.77567092,106.67091978,10.51,"10°46'32.42""N, 106°40'15.31""E",FIX,
23:55:19.008,1786208119.008,PATH_FOLLOWING,8.577,-0.559,2.306,19.32,0.250,-0.151,0.000,0.000,0.000,1.000,0.01,10.77567092,106.67091978,10.51,"10°46'32.42""N, 106°40'15.31""E",FIX,
23:55:19.125,1786208119.126,PATH_FOLLOWING,8.564,-0.545,2.293,14.54,0.250,-0.112,0.000,0.000,0.000,1.000,0.01,10.77567092,106.67091978,10.51,"10°46'32.42""N, 106°40'15.31""E",FIX,
23:55:19.191,1786208119.191,PATH_FOLLOWING,8.554,-0.533,2.285,11.48,0.250,-0.087,0.000,0.000,0.000,1.000,0.01,10.77567074,106.67091985,10.51,"10°46'32.41""N, 106°40'15.31""E",FIX,
23:55:19.272,1786208119.273,PATH_FOLLOWING,8.544,-0.522,2.280,9.23,0.250,-0.070,0.000,0.000,0.000,1.000,0.01,10.77567074,106.67091985,10.51,"10°46'32.41""N, 106°40'15.31""E",FIX,
23:55:19.370,1786208119.370,PATH_FOLLOWING,8.531,-0.507,2.274,6.83,0.250,-0.052,0.000,0.000,0.000,1.000,0.01,10.77567074,106.67091985,10.51,"10°46'32.41""N, 106°40'15.31""E",FIX,
23:55:19.445,1786208119.446,PATH_FOLLOWING,8.522,-0.495,2.270,5.43,0.250,-0.041,0.000,0.000,0.000,1.000,0.01,10.77567053,106.67091992,10.51,"10°46'32.41""N, 106°40'15.31""E",FIX,
23:55:19.525,1786208119.526,PATH_FOLLOWING,8.512,-0.484,2.267,4.35,0.250,-0.033,0.000,0.000,0.000,1.000,0.01,10.77567053,106.67091992,10.51,"10°46'32.41""N, 106°40'15.31""E",FIX,
23:55:19.606,1786208119.606,PATH_FOLLOWING,8.502,-0.472,2.265,3.50,0.250,-0.026,0.000,0.000,0.000,1.000,0.01,10.77567053,106.67091992,10.51,"10°46'32.41""N, 106°40'15.31""E",FIX,
23:55:19.704,1786208119.705,PATH_FOLLOWING,8.490,-0.457,2.263,2.59,0.250,-0.019,0.000,0.000,0.000,1.000,0.01,10.77567040,106.67091998,10.51,"10°46'32.41""N, 106°40'15.31""E",FIX,
23:55:19.776,1786208119.777,PATH_FOLLOWING,8.480,-0.445,2.262,2.07,0.250,-0.016,0.000,0.000,0.000,1.000,0.01,10.77567040,106.67091998,10.51,"10°46'32.41""N, 106°40'15.31""E",FIX,
23:55:19.866,1786208119.867,PATH_FOLLOWING,8.467,-0.430,2.260,1.57,0.250,-0.012,0.000,0.000,0.000,1.000,0.01,10.77567040,106.67091998,10.51,"10°46'32.41""N, 106°40'15.31""E",FIX,
23:55:19.927,1786208119.928,PATH_FOLLOWING,8.461,-0.422,2.260,1.37,0.250,-0.010,0.000,0.000,0.000,1.000,0.01,10.77567042,106.67092005,10.51,"10°46'32.41""N, 106°40'15.31""E",FIX,
23:55:20.029,1786208120.030,PATH_FOLLOWING,8.448,-0.407,2.259,-80.05,0.153,1.500,0.000,0.000,0.000,1.000,0.01,10.77567042,106.67092005,10.51,"10°46'32.41""N, 106°40'15.31""E",FIX,
23:55:20.120,1786208120.120,PATH_FOLLOWING,8.439,-0.396,2.346,-78.84,0.172,1.500,0.000,0.000,0.000,0.812,0.01,10.77567042,106.67092005,10.51,"10°46'32.41""N, 106°40'15.31""E",FIX,
23:55:20.185,1786208120.185,PATH_FOLLOWING,8.434,-0.391,2.406,-78.02,0.185,1.500,0.000,0.000,0.000,0.750,0.01,10.77567058,106.67092008,10.51,"10°46'32.41""N, 106°40'15.31""E",FIX,
23:55:20.265,1786208120.265,PATH_FOLLOWING,8.423,-0.382,2.526,-76.37,0.208,1.479,0.000,0.000,0.000,0.667,0.01,10.77567058,106.67092008,10.51,"10°46'32.41""N, 106°40'15.31""E",FIX,
23:55:20.347,1786208120.348,PATH_FOLLOWING,8.413,-0.376,2.615,-71.97,0.223,1.180,0.000,0.000,0.000,0.646,0.01,10.77567058,106.67092008,10.51,"10°46'32.41""N, 106°40'15.31""E",FIX,
23:55:20.422,1786208120.422,PATH_FOLLOWING,8.401,-0.370,2.695,-66.18,0.233,0.912,0.000,0.000,0.000,0.646,0.01,10.77567083,106.67092014,10.51,"10°46'32.41""N, 106°40'15.31""E",FIX,
23:55:20.511,1786208120.511,PATH_FOLLOWING,8.384,-0.363,2.775,-56.97,0.242,0.641,0.000,0.000,0.000,0.667,0.01,10.77567083,106.67092014,10.51,"10°46'32.41""N, 106°40'15.31""E",FIX,
23:55:20.601,1786208120.602,PATH_FOLLOWING,8.371,-0.358,2.819,-49.54,0.245,0.495,0.000,0.000,0.000,0.667,0.01,10.77567083,106.67092014,10.51,"10°46'32.41""N, 106°40'15.31""E",FIX,
23:55:20.681,1786208120.681,PATH_FOLLOWING,8.357,-0.354,2.853,-41.81,0.247,0.381,0.000,0.000,0.000,0.667,0.01,10.77567078,106.67092021,10.51,"10°46'32.41""N, 106°40'15.31""E",FIX,
23:55:20.758,1786208120.759,PATH_FOLLOWING,8.338,-0.348,2.888,-31.78,0.249,0.265,0.000,0.000,0.000,0.687,0.01,10.77567078,106.67092021,10.51,"10°46'32.41""N, 106°40'15.31""E",FIX,
23:55:20.831,1786208120.832,PATH_FOLLOWING,8.328,-0.346,2.900,-27.64,0.249,0.225,0.000,0.000,0.000,0.729,0.01,10.77567078,106.67092021,10.51,"10°46'32.41""N, 106°40'15.31""E",FIX,
23:55:20.909,1786208120.910,PATH_FOLLOWING,8.314,-0.342,2.915,-22.19,0.249,0.175,0.000,0.000,0.000,0.750,0.01,10.77567064,106.67092028,10.51,"10°46'32.41""N, 106°40'15.31""E",FIX,
23:55:21.012,1786208121.013,PATH_FOLLOWING,8.290,-0.337,2.934,-14.39,0.250,0.110,0.000,0.000,0.000,0.812,0.01,10.77567064,106.67092028,10.51,"10°46'32.41""N, 106°40'15.31""E",FIX,
23:55:21.101,1786208121.102,PATH_FOLLOWING,8.275,-0.334,2.942,-11.19,0.250,0.085,0.000,0.000,0.000,0.833,0.01,10.77567064,106.67092028,10.51,"10°46'32.41""N, 106°40'15.31""E",FIX,
23:55:21.195,1786208121.195,PATH_FOLLOWING,8.260,-0.331,2.948,-8.86,0.250,0.067,0.000,0.000,0.000,0.875,0.01,10.77567045,106.67092035,10.51,"10°46'32.41""N, 106°40'15.31""E",FIX,
23:55:21.284,1786208121.284,PATH_FOLLOWING,8.241,-0.327,2.953,-6.32,0.250,0.048,0.000,0.000,0.000,0.917,0.01,10.77567045,106.67092035,10.51,"10°46'32.41""N, 106°40'15.31""E",FIX,
23:55:21.358,1786208121.359,PATH_FOLLOWING,8.226,-0.325,2.957,-4.92,0.250,0.037,0.000,0.000,0.000,0.958,0.01,10.77567045,106.67092035,10.51,"10°46'32.41""N, 106°40'15.31""E",FIX,
23:55:21.444,1786208121.445,PATH_FOLLOWING,8.211,-0.322,2.959,-3.85,0.250,0.029,0.000,0.000,0.000,1.000,0.01,10.77567024,106.67092042,10.51,"10°46'32.41""N, 106°40'15.31""E",FIX,
23:55:21.528,1786208121.528,PATH_FOLLOWING,8.196,-0.319,2.961,-3.00,0.250,0.023,0.000,0.000,0.000,1.000,0.01,10.77567024,106.67092042,10.51,"10°46'32.41""N, 106°40'15.31""E",FIX,
23:55:21.620,1786208121.621,PATH_FOLLOWING,8.177,-0.316,2.963,-2.13,0.250,0.016,0.000,0.000,0.000,1.000,0.01,10.77567024,106.67092042,10.51,"10°46'32.41""N, 106°40'15.31""E",FIX,
23:55:21.697,1786208121.697,PATH_FOLLOWING,8.167,-0.314,2.964,-1.80,0.250,0.014,0.000,0.000,0.000,1.000,0.01,10.77567003,106.67092049,10.51,"10°46'32.41""N, 106°40'15.31""E",FIX,
23:55:21.778,1786208121.778,PATH_FOLLOWING,8.147,-0.310,2.965,-1.29,0.250,0.010,0.000,0.000,0.000,1.000,0.01,10.77567003,106.67092049,10.51,"10°46'32.41""N, 106°40'15.31""E",FIX,
23:55:21.867,1786208121.868,PATH_FOLLOWING,8.127,-0.307,2.966,-0.91,0.250,0.007,0.000,0.000,0.000,1.000,0.01,10.77567003,106.67092049,10.51,"10°46'32.41""N, 106°40'15.31""E",FIX,
23:55:21.947,1786208121.948,PATH_FOLLOWING,8.113,-0.304,2.966,-0.70,0.250,0.005,0.000,0.000,0.000,1.000,0.01,10.77566982,106.67092056,10.51,"10°46'32.41""N, 106°40'15.31""E",FIX,
23:55:22.028,1786208122.029,PATH_FOLLOWING,8.098,-0.301,2.967,-0.55,0.250,0.004,0.000,0.000,0.000,1.000,0.01,10.77566982,106.67092056,10.51,"10°46'32.41""N, 106°40'15.31""E",FIX,
23:55:22.131,1786208122.131,PATH_FOLLOWING,8.078,-0.298,2.967,-0.39,0.250,0.003,0.000,0.000,0.000,0.000,0.01,10.77566982,106.67092056,10.51,"10°46'32.41""N, 106°40'15.31""E",FIX,
23:55:22.222,1786208122.222,PATH_FOLLOWING,8.063,-0.295,2.967,-0.31,0.250,0.002,0.000,0.000,0.000,0.000,0.01,10.77566961,106.67092064,10.51,"10°46'32.41""N, 106°40'15.31""E",FIX,
23:55:22.305,1786208122.305,PATH_FOLLOWING,8.049,-0.293,2.967,-0.24,0.250,0.002,0.000,0.000,0.000,0.000,0.01,10.77566961,106.67092064,10.51,"10°46'32.41""N, 106°40'15.31""E",FIX,
23:55:22.384,1786208122.385,PATH_FOLLOWING,8.034,-0.290,2.967,-0.18,0.250,0.001,0.000,0.000,0.000,0.000,0.01,10.77566961,106.67092064,10.51,"10°46'32.41""N, 106°40'15.31""E",FIX,
23:55:22.461,1786208122.462,PATH_FOLLOWING,8.019,-0.288,2.968,-0.14,0.250,0.001,0.000,0.000,0.000,0.000,0.01,10.77566951,106.67092071,10.51,"10°46'32.41""N, 106°40'15.31""E",FIX,
23:55:22.553,1786208122.554,PATH_FOLLOWING,7.999,-0.284,2.968,-0.10,0.250,0.001,0.000,0.000,0.000,0.000,0.01,10.77566951,106.67092071,10.51,"10°46'32.41""N, 106°40'15.31""E",FIX,
23:55:22.647,1786208122.647,PATH_FOLLOWING,7.985,-0.282,2.968,-0.08,0.250,0.001,0.000,0.000,0.000,0.000,0.01,10.77566951,106.67092071,10.51,"10°46'32.41""N, 106°40'15.31""E",FIX,
23:55:22.722,1786208122.723,PATH_FOLLOWING,7.970,-0.279,2.968,-0.06,0.250,0.000,0.000,0.000,0.000,0.000,0.01,10.77566954,106.67092078,10.51,"10°46'32.41""N, 106°40'15.31""E",FIX,
23:55:22.804,1786208122.804,PATH_FOLLOWING,7.955,-0.276,2.968,-0.05,0.250,0.000,0.000,0.000,0.000,0.000,0.01,10.77566954,106.67092078,10.51,"10°46'32.41""N, 106°40'15.31""E",FIX,
23:55:22.900,1786208122.900,PATH_FOLLOWING,7.930,-0.272,2.968,-0.03,0.250,0.000,0.000,0.000,0.000,0.000,0.01,10.77566954,106.67092078,10.51,"10°46'32.41""N, 106°40'15.31""E",FIX,
23:55:23.000,1786208123.000,PATH_FOLLOWING,7.921,-0.270,2.968,-0.03,0.250,0.000,0.000,0.000,0.000,0.000,0.01,10.77566955,106.67092082,10.51,"10°46'32.41""N, 106°40'15.31""E",FIX,
23:55:23.068,1786208123.069,PATH_FOLLOWING,7.906,-0.268,2.968,-0.02,0.250,0.000,0.000,0.000,0.000,0.000,0.01,10.77566955,106.67092082,10.51,"10°46'32.41""N, 106°40'15.31""E",FIX,
23:55:23.181,1786208123.181,PATH_FOLLOWING,7.881,-0.263,2.968,-0.01,0.250,0.000,0.000,0.000,0.000,0.000,0.01,10.77566955,106.67092082,10.51,"10°46'32.41""N, 106°40'15.31""E",FIX,
23:55:23.269,1786208123.270,PATH_FOLLOWING,7.871,-0.262,2.968,-0.01,0.250,0.000,0.000,0.000,0.000,0.000,0.01,10.77566955,106.67092081,10.52,"10°46'32.41""N, 106°40'15.31""E",FIX,
23:55:23.374,1786208123.374,PATH_FOLLOWING,7.852,-0.258,2.968,-0.01,0.250,0.000,0.000,0.000,0.000,0.000,0.01,10.77566955,106.67092081,10.52,"10°46'32.41""N, 106°40'15.31""E",FIX,
23:55:23.452,1786208123.453,PATH_FOLLOWING,7.837,-0.256,2.968,-0.01,0.250,0.000,0.000,0.000,0.000,0.000,0.01,10.77566955,106.67092081,10.52,"10°46'32.41""N, 106°40'15.31""E",FIX,
23:55:23.537,1786208123.537,PATH_FOLLOWING,7.822,-0.253,2.968,-0.00,0.250,0.000,0.000,0.000,0.000,0.000,0.01,10.77566955,106.67092081,10.52,"10°46'32.41""N, 106°40'15.31""E",FIX,
23:55:23.636,1786208123.637,PATH_FOLLOWING,7.802,-0.250,2.968,-0.00,0.250,0.000,0.000,0.000,0.000,0.000,0.01,10.77566955,106.67092081,10.52,"10°46'32.41""N, 106°40'15.31""E",FIX,
23:55:23.753,1786208123.753,PATH_FOLLOWING,7.788,-0.247,2.968,-0.00,0.250,0.000,0.000,0.000,0.000,0.000,0.01,10.77566955,106.67092081,10.52,"10°46'32.41""N, 106°40'15.31""E",FIX,
23:55:23.883,1786208123.884,PATH_FOLLOWING,7.773,-0.244,2.968,-0.00,0.250,0.000,0.000,0.000,0.000,0.000,0.01,10.77566954,106.67092080,10.53,"10°46'32.41""N, 106°40'15.31""E",FIX,
23:55:23.995,1786208123.996,PATH_FOLLOWING,7.753,-0.241,2.968,-0.00,0.250,0.000,0.000,0.000,0.000,0.000,0.01,10.77566954,106.67092080,10.53,"10°46'32.41""N, 106°40'15.31""E",FIX,
23:55:24.102,1786208124.103,PATH_FOLLOWING,7.738,-0.238,2.968,-0.00,0.250,0.000,0.000,0.000,0.000,0.000,0.01,10.77566954,106.67092080,10.53,"10°46'32.41""N, 106°40'15.31""E",FIX,
23:55:24.195,1786208124.196,PATH_FOLLOWING,7.724,-0.236,2.968,-0.00,0.250,0.000,0.000,0.000,0.000,0.000,0.01,10.77566954,106.67092080,10.53,"10°46'32.41""N, 106°40'15.31""E",FIX,
23:55:24.294,1786208124.294,PATH_FOLLOWING,7.704,-0.232,2.968,-0.00,0.250,0.000,0.000,0.000,0.000,0.000,0.01,10.77566954,106.67092080,10.53,"10°46'32.41""N, 106°40'15.31""E",FIX,
23:55:24.390,1786208124.390,PATH_FOLLOWING,7.689,-0.230,2.968,-0.00,0.250,0.000,0.000,0.000,0.000,0.000,0.01,10.77566954,106.67092080,10.53,"10°46'32.41""N, 106°40'15.31""E",FIX,
23:55:24.477,1786208124.477,PATH_FOLLOWING,7.674,-0.227,2.968,-0.00,0.250,0.000,0.000,0.000,0.000,0.000,0.01,10.77566954,106.67092079,10.54,"10°46'32.41""N, 106°40'15.31""E",FIX,
23:55:24.609,1786208124.609,PATH_FOLLOWING,7.655,-0.224,2.968,-0.00,0.250,0.000,0.000,0.000,0.000,0.000,0.01,10.77566954,106.67092079,10.54,"10°46'32.41""N, 106°40'15.31""E",FIX,
23:55:24.684,1786208124.684,PATH_FOLLOWING,7.640,-0.221,2.968,-0.00,0.250,0.000,0.000,0.000,0.000,0.000,0.01,10.77566954,106.67092079,10.54,"10°46'32.41""N, 106°40'15.31""E",FIX,
23:55:24.774,1786208124.774,PATH_FOLLOWING,7.625,-0.218,2.968,-0.00,0.250,0.000,0.000,0.000,0.000,0.000,0.01,10.77566954,106.67092079,10.54,"10°46'32.41""N, 106°40'15.31""E",FIX,
23:55:24.874,1786208124.875,PATH_FOLLOWING,7.605,-0.215,2.968,-0.00,0.250,0.000,0.000,0.000,0.000,0.000,0.01,10.77566954,106.67092079,10.54,"10°46'32.41""N, 106°40'15.31""E",FIX,
23:55:24.971,1786208124.971,PATH_FOLLOWING,7.596,-0.213,2.968,-0.00,0.250,0.000,0.000,0.000,0.000,0.000,0.01,10.77566954,106.67092079,10.54,"10°46'32.41""N, 106°40'15.31""E",FIX,
23:55:25.079,1786208125.080,PATH_FOLLOWING,7.576,-0.210,2.968,-79.81,0.156,1.500,0.000,0.000,0.000,0.000,0.01,10.77566954,106.67092078,10.55,"10°46'32.41""N, 106°40'15.31""E",FIX,
23:55:25.185,1786208125.186,PATH_FOLLOWING,7.565,-0.208,3.025,-79.05,0.168,1.500,0.000,0.000,0.000,0.000,0.01,10.77566954,106.67092078,10.55,"10°46'32.41""N, 106°40'15.31""E",FIX,
23:55:25.259,1786208125.259,PATH_FOLLOWING,7.555,-0.207,3.115,-77.85,0.187,1.500,0.000,0.000,0.000,0.000,0.01,10.77566954,106.67092078,10.55,"10°46'32.41""N, 106°40'15.31""E",FIX,
23:55:25.346,1786208125.346,PATH_FOLLOWING,7.540,-0.208,-3.048,-75.88,0.210,1.439,0.000,0.000,0.000,0.000,0.01,10.77566953,106.67092077,10.55,"10°46'32.41""N, 106°40'15.31""E",FIX,
23:55:25.438,1786208125.439,PATH_FOLLOWING,7.528,-0.209,-2.961,-71.45,0.224,1.151,0.000,0.000,0.000,0.000,0.01,10.77566953,106.67092077,10.55,"10°46'32.41""N, 106°40'15.31""E",FIX,
23:55:25.547,1786208125.547,PATH_FOLLOWING,7.511,-0.214,-2.863,-63.78,0.236,0.827,0.000,0.000,0.000,0.000,0.01,10.77566953,106.67092077,10.55,"10°46'32.41""N, 106°40'15.31""E",FIX,
23:55:25.626,1786208125.627,PATH_FOLLOWING,7.498,-0.218,-2.805,-56.72,0.242,0.635,0.000,0.000,0.000,0.000,0.01,10.77566953,106.67092076,10.56,"10°46'32.41""N, 106°40'15.31""E",FIX,
23:55:25.711,1786208125.712,PATH_FOLLOWING,7.489,-0.221,-2.777,-52.18,0.244,0.542,0.000,0.000,0.000,0.000,0.01,10.77566953,106.67092076,10.56,"10°46'32.41""N, 106°40'15.31""E",FIX,
23:55:25.818,1786208125.819,PATH_FOLLOWING,7.471,-0.228,-2.730,-42.40,0.247,0.389,0.000,0.000,0.000,0.000,0.01,10.77566953,106.67092076,10.56,"10°46'32.41""N, 106°40'15.31""E",FIX,
23:55:25.889,1786208125.889,PATH_FOLLOWING,7.458,-0.235,-2.702,-34.75,0.248,0.297,0.000,0.000,0.000,0.000,0.01,10.77566953,106.67092076,10.56,"10°46'32.41""N, 106°40'15.31""E",FIX,
23:55:25.988,1786208125.988,PATH_FOLLOWING,7.440,-0.243,-2.676,-26.25,0.249,0.212,0.000,0.000,0.000,0.000,0.01,10.77566953,106.67092075,10.57,"10°46'32.41""N, 106°40'15.31""E",FIX,
23:55:26.066,1786208126.067,PATH_FOLLOWING,7.426,-0.250,-2.661,-20.90,0.249,0.164,0.000,0.000,0.000,0.000,0.01,10.77566953,106.67092075,10.57,"10°46'32.41""N, 106°40'15.31""E",FIX,
23:55:26.151,1786208126.151,PATH_FOLLOWING,7.413,-0.257,-2.651,-16.85,0.250,0.130,0.000,0.000,0.000,0.000,0.01,10.77566953,106.67092075,10.57,"10°46'32.41""N, 106°40'15.31""E",FIX,
23:55:26.244,1786208126.244,PATH_FOLLOWING,7.396,-0.267,-2.639,-12.19,0.250,0.093,0.000,0.000,0.000,0.000,0.01,10.77566952,106.67092075,10.57,"10°46'32.41""N, 106°40'15.31""E",FIX,
23:55:26.322,1786208126.323,PATH_FOLLOWING,7.387,-0.271,-2.635,-10.30,0.250,0.078,0.000,0.000,0.000,0.000,0.01,10.77566952,106.67092075,10.57,"10°46'32.41""N, 106°40'15.31""E",FIX,
23:55:26.427,1786208126.428,PATH_FOLLOWING,7.365,-0.284,-2.626,-6.79,0.250,0.051,0.000,0.000,0.000,0.000,0.01,10.77566952,106.67092074,10.57,"10°46'32.41""N, 106°40'15.31""E",FIX,
23:55:26.497,1786208126.497,PATH_FOLLOWING,7.356,-0.289,-2.624,-5.68,0.250,0.043,0.000,0.000,0.000,0.000,0.01,10.77566952,106.67092074,10.57,"10°46'32.41""N, 106°40'15.31""E",FIX,
23:55:26.604,1786208126.604,PATH_FOLLOWING,7.339,-0.298,-2.620,-4.12,0.250,0.031,0.000,0.000,0.000,0.000,0.01,10.77566952,106.67092074,10.57,"10°46'32.41""N, 106°40'15.31""E",FIX,
23:55:26.697,1786208126.697,PATH_FOLLOWING,7.326,-0.306,-2.618,-3.25,0.250,0.024,0.000,0.000,0.000,0.000,0.01,10.77566952,106.67092074,10.57,"10°46'32.41""N, 106°40'15.31""E",FIX,
23:55:26.817,1786208126.818,PATH_FOLLOWING,7.309,-0.316,-2.616,-2.34,0.250,0.018,0.000,0.000,0.000,0.000,0.01,10.77566952,106.67092074,10.58,"10°46'32.41""N, 106°40'15.31""E",FIX,
23:55:26.909,1786208126.910,PATH_FOLLOWING,7.296,-0.323,-2.615,-1.84,0.250,0.014,0.000,0.000,0.000,0.000,0.01,10.77566952,106.67092074,10.58,"10°46'32.41""N, 106°40'15.31""E",FIX,
23:55:26.996,1786208126.997,PATH_FOLLOWING,7.283,-0.331,-2.614,-1.45,0.250,0.011,0.000,0.000,0.000,0.000,0.01,10.77566952,106.67092074,10.58,"10°46'32.41""N, 106°40'15.31""E",FIX,
23:55:27.110,1786208127.110,PATH_FOLLOWING,7.266,-0.341,-2.613,-1.05,0.250,0.008,0.000,0.000,0.000,0.000,0.01,10.77566952,106.67092074,10.58,"10°46'32.41""N, 106°40'15.31""E",FIX,
23:55:27.203,1786208127.203,PATH_FOLLOWING,7.253,-0.349,-2.612,-0.83,0.250,0.006,0.000,0.000,0.000,0.000,0.01,10.77566952,106.67092074,10.58,"10°46'32.41""N, 106°40'15.31""E",FIX,
23:55:27.278,1786208127.279,PATH_FOLLOWING,7.240,-0.356,-2.612,-0.64,0.250,0.005,0.000,0.000,0.000,0.000,0.01,10.77566952,106.67092074,10.58,"10°46'32.41""N, 106°40'15.31""E",FIX,
23:55:27.416,1786208127.417,PATH_FOLLOWING,7.222,-0.366,-2.612,-0.47,0.250,0.004,0.000,0.000,0.000,0.000,0.01,10.77566952,106.67092073,10.58,"10°46'32.41""N, 106°40'15.31""E",FIX,
23:55:27.479,1786208127.479,PATH_FOLLOWING,7.214,-0.371,-2.611,-0.39,0.250,0.003,0.000,0.000,0.000,0.000,0.01,10.77566952,106.67092073,10.58,"10°46'32.41""N, 106°40'15.31""E",FIX,
23:55:27.599,1786208127.600,PATH_FOLLOWING,7.196,-0.382,-2.611,-0.28,0.250,0.002,0.000,0.000,0.000,0.000,0.01,10.77566952,106.67092073,10.58,"10°46'32.41""N, 106°40'15.31""E",FIX,
23:55:27.713,1786208127.714,PATH_FOLLOWING,7.184,-0.389,-2.611,-0.22,0.250,0.002,0.000,0.000,0.000,0.000,0.01,10.77566952,106.67092073,10.58,"10°46'32.41""N, 106°40'15.31""E",FIX,
23:55:27.797,1786208127.798,PATH_FOLLOWING,7.171,-0.397,-2.611,-0.17,0.250,0.001,0.000,0.000,0.000,0.000,0.01,10.77566952,106.67092073,10.58,"10°46'32.41""N, 106°40'15.31""E",FIX,
23:55:27.915,1786208127.916,PATH_FOLLOWING,7.153,-0.407,-2.611,-0.13,0.250,0.001,0.000,0.000,0.000,0.000,0.01,10.77566952,106.67092073,10.58,"10°46'32.41""N, 106°40'15.31""E",FIX,
23:55:27.997,1786208127.998,PATH_FOLLOWING,7.140,-0.414,-2.611,-0.10,0.250,0.001,0.000,0.000,0.000,0.000,0.01,10.77566952,106.67092072,10.59,"10°46'32.41""N, 106°40'15.31""E",FIX,
23:55:28.089,1786208128.090,PATH_FOLLOWING,7.127,-0.422,-2.611,-0.08,0.250,0.001,0.000,0.000,0.000,0.000,0.01,10.77566952,106.67092072,10.59,"10°46'32.41""N, 106°40'15.31""E",FIX,
23:55:28.186,1786208128.187,PATH_FOLLOWING,7.110,-0.432,-2.611,-0.06,0.250,0.000,0.000,0.000,0.000,0.000,0.01,10.77566952,106.67092072,10.59,"10°46'32.41""N, 106°40'15.31""E",FIX,
23:55:28.286,1786208128.287,PATH_FOLLOWING,7.097,-0.440,-2.611,-0.04,0.250,0.000,0.000,0.000,0.000,0.000,0.01,10.77566951,106.67092072,10.59,"10°46'32.41""N, 106°40'15.31""E",FIX,
23:55:28.375,1786208128.376,PATH_FOLLOWING,7.084,-0.447,-2.611,-0.04,0.250,0.000,0.000,0.000,0.000,0.000,0.01,10.77566951,106.67092072,10.59,"10°46'32.41""N, 106°40'15.31""E",FIX,
23:55:28.512,1786208128.513,PATH_FOLLOWING,7.067,-0.457,-2.611,-0.03,0.250,0.000,0.000,0.000,0.000,0.000,0.01,10.77566951,106.67092072,10.59,"10°46'32.41""N, 106°40'15.31""E",FIX,
23:55:28.582,1786208128.582,PATH_FOLLOWING,7.054,-0.465,-2.610,-0.02,0.250,0.000,0.000,0.000,0.000,0.000,0.01,10.77566951,106.67092072,10.59,"10°46'32.41""N, 106°40'15.31""E",FIX,
23:55:28.674,1786208128.674,PATH_FOLLOWING,7.041,-0.473,-2.610,-0.02,0.250,0.000,0.000,0.000,0.000,0.000,0.01,10.77566951,106.67092072,10.59,"10°46'32.41""N, 106°40'15.31""E",FIX,
23:55:28.776,1786208128.777,PATH_FOLLOWING,7.024,-0.483,-2.610,76.73,0.205,-1.500,0.000,0.000,0.000,0.000,0.01,10.77566951,106.67092072,10.59,"10°46'32.41""N, 106°40'15.31""E",FIX,
23:55:28.864,1786208128.864,PATH_FOLLOWING,7.013,-0.489,-2.673,74.25,0.216,-1.321,0.000,0.000,0.000,0.000,0.01,10.77566951,106.67092071,10.59,"10°46'32.41""N, 106°40'15.31""E",FIX,
23:55:28.950,1786208128.950,PATH_FOLLOWING,7.001,-0.494,-2.756,69.26,0.229,-1.041,0.000,0.000,0.000,0.000,0.01,10.77566951,106.67092071,10.59,"10°46'32.41""N, 106°40'15.31""E",FIX,
23:55:29.059,1786208129.059,PATH_FOLLOWING,6.984,-0.500,-2.845,60.87,0.239,-0.740,0.000,0.000,0.000,0.000,0.01,10.77566951,106.67092071,10.59,"10°46'32.41""N, 106°40'15.31""E",FIX,
23:55:29.133,1786208129.134,PATH_FOLLOWING,6.970,-0.504,-2.897,53.12,0.244,-0.560,0.000,0.000,0.000,0.000,0.01,10.77566951,106.67092072,10.59,"10°46'32.41""N, 106°40'15.31""E",FIX,
23:55:29.225,1786208129.226,PATH_FOLLOWING,6.956,-0.507,-2.934,45.67,0.246,-0.434,0.000,0.000,0.000,0.000,0.01,10.77566951,106.67092072,10.59,"10°46'32.41""N, 106°40'15.31""E",FIX,
23:55:29.328,1786208129.328,PATH_FOLLOWING,6.937,-0.511,-2.972,35.66,0.248,-0.307,0.000,0.000,0.000,0.000,0.01,10.77566951,106.67092072,10.59,"10°46'32.41""N, 106°40'15.31""E",FIX,
23:55:29.413,1786208129.414,PATH_FOLLOWING,6.922,-0.513,-2.993,28.71,0.249,-0.235,0.000,0.000,0.000,0.000,0.01,10.77566951,106.67092072,10.59,"10°46'32.41""N, 106°40'15.31""E",FIX,
23:55:29.505,1786208129.506,PATH_FOLLOWING,6.908,-0.516,-3.008,23.20,0.249,-0.184,0.000,0.000,0.000,0.000,0.01,10.77566951,106.67092072,10.59,"10°46'32.41""N, 106°40'15.31""E",FIX,
23:55:29.603,1786208129.604,PATH_FOLLOWING,6.893,-0.517,-3.020,18.39,0.250,-0.143,0.000,0.000,0.000,0.000,0.01,10.77566951,106.67092072,10.59,"10°46'32.41""N, 106°40'15.31""E",FIX,
23:55:29.673,1786208129.673,PATH_FOLLOWING,6.878,-0.519,-3.030,14.20,0.250,-0.109,0.000,0.000,0.000,0.000,0.01,10.77566951,106.67092071,10.59,"10°46'32.41""N, 106°40'15.31""E",FIX,
23:55:29.786,1786208129.786,PATH_FOLLOWING,6.858,-0.521,-3.040,10.16,0.250,-0.077,0.000,0.000,0.000,0.000,0.01,10.77566951,106.67092071,10.59,"10°46'32.41""N, 106°40'15.31""E",FIX,
23:55:29.865,1786208129.866,PATH_FOLLOWING,6.843,-0.523,-3.045,7.76,0.250,-0.059,0.000,0.000,0.000,0.000,0.01,10.77566951,106.67092071,10.59,"10°46'32.41""N, 106°40'15.31""E",FIX,
23:55:29.972,1786208129.972,PATH_FOLLOWING,6.823,-0.525,-3.050,5.51,0.250,-0.042,0.000,0.000,0.000,0.000,0.01,10.77566951,106.67092071,10.59,"10°46'32.41""N, 106°40'15.31""E",FIX,
23:55:30.065,1786208130.065,PATH_FOLLOWING,6.808,-0.526,-3.053,4.30,0.250,-0.032,0.000,0.000,0.000,0.000,0.01,10.77566951,106.67092071,10.59,"10°46'32.41""N, 106°40'15.31""E",FIX,
23:55:30.158,1786208130.159,PATH_FOLLOWING,6.793,-0.527,-3.055,3.34,0.250,-0.025,0.000,0.000,0.000,0.000,0.01,10.77566951,106.67092071,10.59,"10°46'32.41""N, 106°40'15.31""E",FIX,
23:55:30.265,1786208130.265,PATH_FOLLOWING,6.778,-0.529,-3.057,2.57,0.250,-0.019,0.000,0.000,0.000,0.000,0.01,10.77566951,106.67092071,10.59,"10°46'32.41""N, 106°40'15.31""E",FIX,
23:55:30.348,1786208130.349,PATH_FOLLOWING,6.758,-0.530,-3.059,1.79,0.250,-0.013,0.000,0.000,0.000,0.000,0.01,10.77566951,106.67092071,10.59,"10°46'32.41""N, 106°40'15.31""E",FIX,
23:55:30.449,1786208130.450,PATH_FOLLOWING,6.743,-0.531,-3.060,1.38,0.250,-0.010,0.000,0.000,0.000,0.000,0.01,10.77566951,106.67092071,10.59,"10°46'32.41""N, 106°40'15.31""E",FIX,
23:55:30.528,1786208130.529,PATH_FOLLOWING,6.728,-0.533,-3.060,1.05,0.250,-0.008,0.000,0.000,0.000,0.000,0.01,10.77566951,106.67092070,10.60,"10°46'32.41""N, 106°40'15.31""E",FIX,
23:55:30.630,1786208130.630,PATH_FOLLOWING,6.709,-0.534,-3.061,0.75,0.250,-0.006,0.000,0.000,0.000,0.000,0.01,10.77566951,106.67092070,10.60,"10°46'32.41""N, 106°40'15.31""E",FIX,
23:55:30.723,1786208130.724,PATH_FOLLOWING,6.694,-0.535,-3.061,0.57,0.250,-0.004,0.000,0.000,0.000,0.000,0.01,10.77566951,106.67092070,10.60,"10°46'32.41""N, 106°40'15.31""E",FIX,
23:55:30.822,1786208130.823,PATH_FOLLOWING,6.679,-0.537,-3.062,0.44,0.250,-0.003,0.000,0.000,0.000,0.000,0.01,10.77566951,106.67092070,10.60,"10°46'32.41""N, 106°40'15.31""E",FIX,
23:55:30.912,1786208130.912,PATH_FOLLOWING,6.659,-0.538,-3.062,0.31,0.250,-0.002,0.000,0.000,0.000,0.000,0.01,10.77566951,106.67092070,10.60,"10°46'32.41""N, 106°40'15.31""E",FIX,
23:55:31.002,1786208131.003,PATH_FOLLOWING,6.649,-0.539,-3.062,0.26,0.250,-0.002,0.000,0.000,0.000,0.000,0.01,10.77566951,106.67092070,10.60,"10°46'32.41""N, 106°40'15.31""E",FIX,
23:55:31.114,1786208131.114,PATH_FOLLOWING,6.629,-0.541,-3.062,0.19,0.250,-0.001,0.000,0.000,0.000,0.000,0.01,10.77566951,106.67092070,10.60,"10°46'32.41""N, 106°40'15.31""E",FIX,
23:55:31.196,1786208131.196,PATH_FOLLOWING,6.614,-0.542,-3.062,0.14,0.250,-0.001,0.000,0.000,0.000,0.000,0.01,10.77566951,106.67092070,10.60,"10°46'32.41""N, 106°40'15.31""E",FIX,
23:55:31.324,1786208131.324,PATH_FOLLOWING,6.594,-0.543,-3.062,0.10,0.250,-0.001,0.000,0.000,0.000,0.000,0.01,10.77566951,106.67092070,10.60,"10°46'32.41""N, 106°40'15.31""E",FIX,
23:55:31.433,1786208131.433,PATH_FOLLOWING,6.579,-0.545,-3.063,0.08,0.250,-0.001,0.000,0.000,0.000,0.000,0.01,10.77566951,106.67092070,10.60,"10°46'32.41""N, 106°40'15.31""E",FIX,
23:55:31.544,1786208131.545,PATH_FOLLOWING,6.559,-0.546,-3.063,0.06,0.250,-0.000,0.000,0.000,0.000,0.000,0.01,10.77566951,106.67092070,10.60,"10°46'32.41""N, 106°40'15.31""E",FIX,
23:55:31.647,1786208131.647,PATH_FOLLOWING,6.549,-0.547,-3.063,0.05,0.250,-0.000,0.000,0.000,0.000,0.000,0.01,10.77566951,106.67092070,10.60,"10°46'32.41""N, 106°40'15.31""E",FIX,
23:55:31.759,1786208131.759,PATH_FOLLOWING,6.529,-0.549,-3.063,0.03,0.250,-0.000,0.000,0.000,0.000,0.000,0.01,10.77566950,106.67092069,10.60,"10°46'32.41""N, 106°40'15.31""E",FIX,
23:55:31.876,1786208131.877,PATH_FOLLOWING,6.509,-0.550,-3.063,0.02,0.250,-0.000,0.000,0.000,0.000,0.000,0.01,10.77566950,106.67092069,10.60,"10°46'32.41""N, 106°40'15.31""E",FIX,
23:55:31.958,1786208131.959,PATH_FOLLOWING,6.494,-0.551,-3.063,0.02,0.250,-0.000,0.000,0.000,0.000,0.000,0.01,10.77566950,106.67092069,10.60,"10°46'32.41""N, 106°40'15.31""E",FIX,
23:55:32.051,1786208132.051,PATH_FOLLOWING,6.479,-0.553,-3.063,0.01,0.250,-0.000,0.000,0.000,0.000,0.000,0.01,10.77566950,106.67092069,10.60,"10°46'32.41""N, 106°40'15.31""E",FIX,
23:55:32.147,1786208132.148,PATH_FOLLOWING,6.464,-0.554,-3.063,0.01,0.250,-0.000,0.000,0.000,0.000,0.000,0.01,10.77566950,106.67092069,10.60,"10°46'32.41""N, 106°40'15.31""E",FIX,
23:55:32.251,1786208132.251,PATH_FOLLOWING,6.444,-0.555,-3.063,0.01,0.250,-0.000,0.000,0.000,0.000,0.000,0.01,10.77566950,106.67092069,10.60,"10°46'32.41""N, 106°40'15.31""E",FIX,
23:55:32.326,1786208132.327,PATH_FOLLOWING,6.434,-0.556,-3.063,0.01,0.250,-0.000,0.000,0.000,0.000,0.000,0.01,10.77566950,106.67092069,10.60,"10°46'32.41""N, 106°40'15.31""E",FIX,
23:55:32.439,1786208132.439,PATH_FOLLOWING,6.414,-0.558,-3.063,0.00,0.250,-0.000,0.000,0.000,0.000,0.000,0.01,10.77566950,106.67092069,10.60,"10°46'32.41""N, 106°40'15.31""E",FIX,
23:55:32.553,1786208132.554,PATH_FOLLOWING,6.395,-0.559,-3.063,0.00,0.250,-0.000,0.000,0.000,0.000,0.000,0.01,10.77566950,106.67092069,10.60,"10°46'32.41""N, 106°40'15.31""E",FIX,
23:55:32.604,1786208132.605,PATH_FOLLOWING,6.385,-0.560,-3.063,0.00,0.250,-0.000,0.000,0.000,0.000,0.000,0.01,10.77566950,106.67092068,10.60,"10°46'32.41""N, 106°40'15.31""E",FIX,
