Time,Unix_Timestamp,FSM_State,Pos_X_m,Pos_Y_m,Yaw_rad,Steer_Angle_deg,Linear_Vel_mps,Angular_Vel_radps,IMU_Yaw_rad,IMU_Angular_Vel_z,IMU_Accel_x,Confidence,Dist_Traveled_m,GPS_Latitude,GPS_Longitude,GPS_Altitude_m,GPS_DMS,GPS_Status,Event
12:19:21.093,1786166361.093,TRACKING,-0.000,0.000,-0.000,0.00,0.450,-0.000,0.000,0.000,0.000,0.000,0.00,10.77567062,106.67087529,10.51,"10°46'32.41""N, 106°40'15.15""E",FIX,
12:19:21.137,1786166361.138,TRACKING,-0.000,0.000,-0.000,0.00,0.450,-0.000,0.000,0.000,0.000,0.000,0.00,10.77567062,106.67087529,10.51,"10°46'32.41""N, 106°40'15.15""E",FIX,
12:19:21.175,1786166361.176,TRACKING,-0.000,0.000,-0.000,0.00,0.450,-0.000,0.000,0.000,0.000,0.000,0.00,10.77567062,106.67087529,10.51,"10°46'32.41""N, 106°40'15.15""E",FIX,
12:19:21.204,1786166361.204,TRACKING,-0.000,0.000,-0.000,0.00,0.450,-0.000,0.000,0.000,0.000,0.000,0.00,10.77567062,106.67087529,10.51,"10°46'32.41""N, 106°40'15.15""E",FIX,
12:19:21.327,1786166361.328,TRACKING,0.032,-0.000,-0.000,0.00,0.450,-0.000,0.000,0.000,0.000,0.000,0.08,10.77567062,106.67087529,10.51,"10°46'32.41""N, 106°40'15.15""E",FIX,
12:19:21.363,1786166361.364,TRACKING,0.041,-0.000,-0.000,0.00,0.450,-0.000,0.000,0.000,0.000,0.000,0.09,10.77567062,106.67087529,10.51,"10°46'32.41""N, 106°40'15.15""E",FIX,
12:19:21.375,1786166361.375,TRACKING,0.041,-0.000,-0.000,0.00,0.450,-0.000,0.000,0.000,0.000,0.000,0.09,10.77567062,106.67087529,10.51,"10°46'32.41""N, 106°40'15.15""E",FIX,
12:19:21.387,1786166361.387,TRACKING,0.041,-0.000,-0.000,0.00,0.450,-0.000,0.000,0.000,0.000,0.000,0.09,10.77567062,106.67087529,10.51,"10°46'32.41""N, 106°40'15.15""E",FIX,
12:19:21.397,1786166361.397,TRACKING,0.041,-0.000,-0.000,0.00,0.450,-0.000,0.000,0.000,0.000,0.000,0.09,10.77567062,106.67087529,10.51,"10°46'32.41""N, 106°40'15.15""E",FIX,
12:19:21.410,1786166361.410,TRACKING,0.050,-0.000,-0.000,0.00,0.450,-0.000,0.000,0.000,0.000,0.000,0.10,10.77567062,106.67087529,10.51,"10°46'32.41""N, 106°40'15.15""E",FIX,
12:19:21.495,1786166361.495,TRACKING,0.059,-0.000,-0.000,0.00,0.450,-0.000,0.000,0.000,0.000,0.000,0.11,10.77567062,106.67087529,10.51,"10°46'32.41""N, 106°40'15.15""E",FIX,
12:19:21.514,1786166361.515,TRACKING,0.059,-0.000,-0.000,0.00,0.450,-0.000,0.000,0.000,0.000,0.000,0.11,10.77567062,106.67087529,10.51,"10°46'32.41""N, 106°40'15.15""E",FIX,
12:19:21.674,1786166361.675,TRACKING,0.086,-0.000,-0.000,0.00,0.450,-0.000,0.000,0.000,0.000,0.000,0.13,10.77567062,106.67087561,10.51,"10°46'32.41""N, 106°40'15.15""E",FIX,
12:19:21.687,1786166361.688,TRACKING,0.086,-0.000,-0.000,0.00,0.450,-0.000,0.000,0.000,0.000,0.000,0.13,10.77567062,106.67087561,10.51,"10°46'32.41""N, 106°40'15.15""E",FIX,
12:19:21.811,1786166361.812,TRACKING,0.122,0.000,0.000,0.00,0.450,-0.000,0.000,0.000,0.000,0.000,0.17,10.77567062,106.67087561,10.51,"10°46'32.41""N, 106°40'15.15""E",FIX,
12:19:21.831,1786166361.832,TRACKING,0.122,0.000,0.000,0.00,0.450,-0.000,0.000,0.000,0.000,0.000,0.17,10.77567062,106.67087561,10.51,"10°46'32.41""N, 106°40'15.15""E",FIX,
12:19:21.930,1786166361.930,TRACKING,0.149,0.000,0.000,0.00,0.450,-0.000,0.000,0.000,0.000,0.000,0.20,10.77567062,106.67087561,10.51,"10°46'32.41""N, 106°40'15.15""E",FIX,
12:19:21.944,1786166361.944,TRACKING,0.149,0.000,0.000,0.00,0.450,-0.000,0.000,0.000,0.000,0.000,0.20,10.77567062,106.67087561,10.51,"10°46'32.41""N, 106°40'15.15""E",FIX,
12:19:22.121,1786166362.122,TRACKING,0.185,0.000,0.000,0.00,0.450,-0.000,0.000,0.000,0.000,0.000,0.23,10.77567062,106.67087602,10.51,"10°46'32.41""N, 106°40'15.15""E",FIX,
12:19:22.139,1786166362.139,TRACKING,0.185,0.000,0.000,0.00,0.450,-0.000,0.000,0.000,0.000,0.000,0.23,10.77567062,106.67087602,10.51,"10°46'32.41""N, 106°40'15.15""E",FIX,
12:19:22.269,1786166362.270,TRACKING,0.212,0.000,0.000,0.00,0.450,-0.000,0.000,0.000,0.000,0.000,0.26,10.77567062,106.67087602,10.51,"10°46'32.41""N, 106°40'15.15""E",FIX,
12:19:22.285,1786166362.286,TRACKING,0.212,0.000,0.000,0.00,0.450,-0.000,0.000,0.000,0.000,0.000,0.26,10.77567062,106.67087602,10.51,"10°46'32.41""N, 106°40'15.15""E",FIX,
12:19:22.382,1786166362.382,TRACKING,0.239,0.000,0.000,0.00,0.450,-0.000,0.000,0.000,0.000,0.000,0.29,10.77567062,106.67087602,10.51,"10°46'32.41""N, 106°40'15.15""E",FIX,
12:19:22.400,1786166362.401,TRACKING,0.239,0.000,0.000,0.00,0.450,-0.000,0.000,0.000,0.000,0.000,0.29,10.77567062,106.67087602,10.51,"10°46'32.41""N, 106°40'15.15""E",FIX,
12:19:22.522,1786166362.523,TRACKING,0.275,0.000,-0.000,0.00,0.450,-0.000,0.000,0.000,0.000,0.000,0.32,10.77567062,106.67087643,10.51,"10°46'32.41""N, 106°40'15.16""E",FIX,
12:19:22.532,1786166362.533,TRACKING,0.275,0.000,-0.000,0.00,0.450,-0.000,0.000,0.000,0.000,0.000,0.32,10.77567062,106.67087643,10.51,"10°46'32.41""N, 106°40'15.16""E",FIX,
12:19:22.610,1786166362.610,TRACKING,0.293,0.000,-0.000,0.00,0.450,-0.000,0.000,0.000,0.000,0.062,0.34,10.77567062,106.67087643,10.51,"10°46'32.41""N, 106°40'15.16""E",FIX,
12:19:22.625,1786166362.626,TRACKING,0.302,0.000,-0.000,0.00,0.450,-0.000,0.000,0.000,0.000,0.062,0.35,10.77567062,106.67087643,10.51,"10°46'32.41""N, 106°40'15.16""E",FIX,
12:19:22.681,1786166362.681,TRACKING,0.320,0.000,-0.000,0.00,0.450,-0.000,0.000,0.000,0.000,0.125,0.37,10.77567062,106.67087643,10.51,"10°46'32.41""N, 106°40'15.16""E",FIX,
12:19:22.702,1786166362.702,TRACKING,0.320,0.000,-0.000,0.00,0.450,-0.000,0.000,0.000,0.000,0.125,0.37,10.77567062,106.67087643,10.51,"10°46'32.41""N, 106°40'15.16""E",FIX,
12:19:22.807,1786166362.807,TRACKING,0.365,0.000,-0.000,0.00,0.450,-0.000,0.000,0.000,0.000,0.167,0.41,10.77567062,106.67087684,10.51,"10°46'32.41""N, 106°40'15.16""E",FIX,
12:19:22.824,1786166362.825,TRACKING,0.365,0.000,-0.000,0.00,0.450,-0.000,0.000,0.000,0.000,0.167,0.41,10.77567062,106.67087684,10.51,"10°46'32.41""N, 106°40'15.16""E",FIX,
12:19:22.949,1786166362.950,TRACKING,0.392,0.000,-0.000,0.00,0.450,-0.000,0.000,0.000,0.000,0.229,0.44,10.77567062,106.67087684,10.51,"10°46'32.41""N, 106°40'15.16""E",FIX,
12:19:22.965,1786166362.965,TRACKING,0.392,0.000,-0.000,0.00,0.450,-0.000,0.000,0.000,0.000,0.229,0.44,10.77567062,106.67087684,10.51,"10°46'32.41""N, 106°40'15.16""E",FIX,
12:19:23.055,1786166363.055,TRACKING,0.410,0.000,-0.000,0.00,0.450,-0.000,0.000,0.000,0.000,0.292,0.46,10.77567062,106.67087684,10.51,"10°46'32.41""N, 106°40'15.16""E",FIX,
12:19:23.073,1786166363.074,TRACKING,0.410,0.000,-0.000,0.00,0.450,-0.000,0.000,0.000,0.000,0.292,0.46,10.77567062,106.67087684,10.51,"10°46'32.41""N, 106°40'15.16""E",FIX,
12:19:23.244,1786166363.245,TRACKING,0.446,-0.000,-0.000,0.00,0.450,-0.000,0.000,0.000,0.000,0.333,0.49,10.77567062,106.67087725,10.51,"10°46'32.41""N, 106°40'15.16""E",FIX,
12:19:23.259,1786166363.259,TRACKING,0.446,-0.000,-0.000,0.00,0.450,-0.000,0.000,0.000,0.000,0.333,0.49,10.77567062,106.67087725,10.51,"10°46'32.41""N, 106°40'15.16""E",FIX,
12:19:23.371,1786166363.372,TRACKING,0.473,-0.000,-0.000,0.00,0.450,-0.000,0.000,0.000,0.000,0.417,0.52,10.77567062,106.67087725,10.51,"10°46'32.41""N, 106°40'15.16""E",FIX,
12:19:23.413,1786166363.413,TRACKING,0.473,-0.000,-0.000,0.00,0.450,-0.000,0.000,0.000,0.000,0.417,0.52,10.77567062,106.67087725,10.51,"10°46'32.41""N, 106°40'15.16""E",FIX,
12:19:23.552,1786166363.552,TRACKING,0.527,-0.000,0.000,0.00,0.450,-0.000,0.000,0.000,0.000,0.458,0.57,10.77567062,106.67087767,10.51,"10°46'32.41""N, 106°40'15.16""E",FIX,
12:19:23.585,1786166363.586,TRACKING,0.527,-0.000,0.000,0.00,0.450,-0.000,0.000,0.000,0.000,0.458,0.57,10.77567062,106.67087767,10.51,"10°46'32.41""N, 106°40'15.16""E",FIX,
12:19:23.618,1786166363.619,TRACKING,0.536,0.000,0.000,0.00,0.450,-0.000,0.000,0.000,0.000,0.521,0.58,10.77567062,106.67087767,10.51,"10°46'32.41""N, 106°40'15.16""E",FIX,
12:19:23.639,1786166363.639,TRACKING,0.518,-0.000,0.000,0.00,0.450,-0.000,0.000,0.000,0.000,0.521,0.60,10.77567062,106.67087767,10.51,"10°46'32.41""N, 106°40'15.16""E",FIX,
12:19:23.718,1786166363.718,TRACKING,0.563,0.000,0.000,0.00,0.450,-0.000,0.000,0.000,0.000,0.583,0.65,10.77567062,106.67087767,10.51,"10°46'32.41""N, 106°40'15.16""E",FIX,
12:19:23.728,1786166363.729,TRACKING,0.563,0.000,0.000,0.00,0.450,-0.000,0.000,0.000,0.000,0.583,0.65,10.77567062,106.67087767,10.51,"10°46'32.41""N, 106°40'15.16""E",FIX,
12:19:23.861,1786166363.862,TRACKING,0.599,0.000,0.000,0.00,0.450,-0.000,0.000,0.000,0.000,0.667,0.68,10.77567062,106.67087767,10.51,"10°46'32.41""N, 106°40'15.16""E",FIX,
12:19:23.875,1786166363.876,TRACKING,0.599,0.000,0.000,0.00,0.450,-0.000,0.000,0.000,0.000,0.667,0.68,10.77567062,106.67087767,10.51,"10°46'32.41""N, 106°40'15.16""E",FIX,
12:19:24.004,1786166364.004,TRACKING,0.626,0.000,0.000,0.00,0.450,-0.000,0.000,0.000,0.000,0.729,0.71,10.77567062,106.67087808,10.51,"10°46'32.41""N, 106°40'15.16""E",FIX,
12:19:24.032,1786166364.032,TRACKING,0.626,0.000,0.000,0.00,0.450,-0.000,0.000,0.000,0.000,0.729,0.71,10.77567062,106.67087808,10.51,"10°46'32.41""N, 106°40'15.16""E",FIX,
12:19:24.113,1786166364.114,TRACKING,0.653,0.000,0.000,0.00,0.450,-0.000,0.000,0.000,0.000,0.812,0.74,10.77567062,106.67087808,10.51,"10°46'32.41""N, 106°40'15.16""E",FIX,
12:19:24.139,1786166364.140,TRACKING,0.653,0.000,0.000,0.00,0.450,-0.000,0.000,0.000,0.000,0.812,0.74,10.77567062,106.67087808,10.51,"10°46'32.41""N, 106°40'15.16""E",FIX,
12:19:24.232,1786166364.232,TRACKING,0.689,0.000,0.000,0.00,0.450,-0.000,0.000,0.000,0.000,0.875,0.77,10.77567062,106.67087808,10.51,"10°46'32.41""N, 106°40'15.16""E",FIX,
12:19:24.245,1786166364.245,TRACKING,0.689,0.000,0.000,0.00,0.450,-0.000,0.000,0.000,0.000,0.875,0.77,10.77567062,106.67087808,10.51,"10°46'32.41""N, 106°40'15.16""E",FIX,
12:19:24.324,1786166364.324,TRACKING,0.707,0.000,0.000,0.00,0.450,-0.000,0.000,0.000,0.000,0.958,0.79,10.77567062,106.67087849,10.51,"10°46'32.41""N, 106°40'15.16""E",FIX,
12:19:24.337,1786166364.337,TRACKING,0.707,0.000,0.000,0.00,0.450,-0.000,0.000,0.000,0.000,0.958,0.79,10.77567062,106.67087849,10.51,"10°46'32.41""N, 106°40'15.16""E",FIX,
12:19:24.468,1786166364.468,TRACKING,0.743,0.000,0.000,0.00,0.450,-0.000,0.000,0.000,0.000,1.000,0.83,10.77567062,106.67087849,10.51,"10°46'32.41""N, 106°40'15.16""E",FIX,
12:19:24.482,1786166364.482,TRACKING,0.743,0.000,0.000,0.00,0.450,-0.000,0.000,0.000,0.000,1.000,0.83,10.77567062,106.67087849,10.51,"10°46'32.41""N, 106°40'15.16""E",FIX,
12:19:24.585,1786166364.585,TRACKING,0.779,0.000,0.000,0.00,0.450,-0.000,0.000,0.000,0.000,1.000,0.86,10.77567062,106.67087849,10.51,"10°46'32.41""N, 106°40'15.16""E",FIX,
12:19:24.606,1786166364.607,TRACKING,0.779,0.000,0.000,0.00,0.450,-0.000,0.000,0.000,0.000,1.000,0.86,10.77567062,106.67087849,10.51,"10°46'32.41""N, 106°40'15.16""E",FIX,
12:19:24.707,1786166364.707,TRACKING,0.806,0.000,0.000,0.00,0.450,-0.000,0.000,0.000,0.000,1.000,0.89,10.77567062,106.67087890,10.51,"10°46'32.41""N, 106°40'15.16""E",FIX,
12:19:24.721,1786166364.722,TRACKING,0.806,0.000,0.000,0.00,0.450,-0.000,0.000,0.000,0.000,1.000,0.89,10.77567062,106.67087890,10.51,"10°46'32.41""N, 106°40'15.16""E",FIX,
12:19:24.837,1786166364.838,TRACKING,0.842,0.000,0.000,0.00,0.450,-0.000,0.000,0.000,0.000,1.000,0.93,10.77567062,106.67087890,10.51,"10°46'32.41""N, 106°40'15.16""E",FIX,
12:19:24.856,1786166364.856,TRACKING,0.851,0.000,0.000,0.00,0.450,-0.000,0.000,0.000,0.000,1.000,0.93,10.77567062,106.67087890,10.51,"10°46'32.41""N, 106°40'15.16""E",FIX,
12:19:24.929,1786166364.929,TRACKING,0.869,0.000,0.000,0.00,0.450,-0.000,0.000,0.000,0.000,1.000,0.95,10.77567062,106.67087890,10.51,"10°46'32.41""N, 106°40'15.16""E",FIX,
12:19:24.953,1786166364.953,TRACKING,0.869,0.000,0.000,0.00,0.450,-0.000,0.000,0.000,0.000,1.000,0.95,10.77567062,106.67087890,10.51,"10°46'32.41""N, 106°40'15.16""E",FIX,
12:19:25.064,1786166365.064,TRACKING,0.887,0.000,0.000,0.00,0.450,-0.000,0.000,0.000,0.000,1.000,0.97,10.77567062,106.67087931,10.51,"10°46'32.41""N, 106°40'15.17""E",FIX,
12:19:25.075,1786166365.076,TRACKING,0.887,0.000,0.000,0.00,0.450,-0.000,0.000,0.000,0.000,1.000,0.97,10.77567062,106.67087931,10.51,"10°46'32.41""N, 106°40'15.17""E",FIX,
12:19:25.231,1786166365.231,TRACKING,0.932,0.000,0.000,0.00,0.450,-0.000,0.000,0.000,0.000,1.000,1.02,10.77567062,106.67087931,10.51,"10°46'32.41""N, 106°40'15.17""E",FIX,
12:19:25.251,1786166365.251,TRACKING,0.932,0.000,0.000,0.00,0.450,-0.000,0.000,0.000,0.000,1.000,1.02,10.77567062,106.67087931,10.51,"10°46'32.41""N, 106°40'15.17""E",FIX,
12:19:25.304,1786166365.305,TRACKING,0.968,0.000,0.000,0.00,0.450,-0.000,0.000,0.000,0.000,1.000,1.05,10.77567062,106.67087931,10.51,"10°46'32.41""N, 106°40'15.17""E",FIX,
12:19:25.333,1786166365.333,TRACKING,0.968,0.000,0.000,0.00,0.450,-0.000,0.000,0.000,0.000,1.000,1.05,10.77567062,106.67087931,10.51,"10°46'32.41""N, 106°40'15.17""E",FIX,
12:19:25.386,1786166365.386,TRACKING,0.995,0.000,0.000,0.00,0.450,-0.000,0.000,0.000,0.000,1.000,1.08,10.77567062,106.67087972,10.51,"10°46'32.41""N, 106°40'15.17""E",FIX,
12:19:25.407,1786166365.407,TRACKING,0.995,0.000,0.000,0.00,0.450,-0.000,0.000,0.000,0.000,1.000,1.08,10.77567062,106.67087972,10.51,"10°46'32.41""N, 106°40'15.17""E",FIX,
12:19:25.426,1786166365.426,TRACKING,1.004,0.000,0.000,0.00,0.450,-0.000,0.000,0.000,0.000,1.000,1.09,10.77567062,106.67087972,10.51,"10°46'32.41""N, 106°40'15.17""E",FIX,
12:19:25.459,1786166365.459,TRACKING,1.031,0.000,0.000,0.00,0.450,-0.000,0.000,0.000,0.000,1.000,1.13,10.77567062,106.67087972,10.51,"10°46'32.41""N, 106°40'15.17""E",FIX,
12:19:25.520,1786166365.521,TRACKING,1.049,0.000,0.000,0.00,0.450,-0.000,0.000,0.000,0.000,1.000,1.15,10.77567062,106.67087972,10.51,"10°46'32.41""N, 106°40'15.17""E",FIX,
12:19:25.536,1786166365.537,TRACKING,1.049,0.000,0.000,0.00,0.450,-0.000,0.000,0.000,0.000,1.000,1.15,10.77567062,106.67087972,10.51,"10°46'32.41""N, 106°40'15.17""E",FIX,
12:19:25.617,1786166365.617,TRACKING,1.067,0.000,0.000,0.00,0.450,-0.000,0.000,0.000,0.000,1.000,1.19,10.77567062,106.67088013,10.51,"10°46'32.41""N, 106°40'15.17""E",FIX,
12:19:25.647,1786166365.648,TRACKING,1.067,0.000,0.000,0.00,0.450,-0.000,0.000,0.000,0.000,1.000,1.19,10.77567062,106.67088013,10.51,"10°46'32.41""N, 106°40'15.17""E",FIX,
12:19:25.722,1786166365.723,TRACKING,1.112,0.000,0.000,0.00,0.450,-0.000,0.000,0.000,0.000,1.000,1.27,10.77567062,106.67088013,10.51,"10°46'32.41""N, 106°40'15.17""E",FIX,
12:19:25.754,1786166365.755,TRACKING,1.112,0.000,0.000,0.00,0.450,-0.000,0.000,0.000,0.000,1.000,1.27,10.77567062,106.67088013,10.51,"10°46'32.41""N, 106°40'15.17""E",FIX,
12:19:25.790,1786166365.791,TRACKING,1.130,0.000,0.000,0.00,0.450,-0.000,0.000,0.000,0.000,1.000,1.29,10.77567062,106.67088013,10.51,"10°46'32.41""N, 106°40'15.17""E",FIX,
12:19:25.807,1786166365.808,TRACKING,1.139,0.000,0.000,0.00,0.450,-0.000,0.000,0.000,0.000,1.000,1.29,10.77567062,106.67088013,10.51,"10°46'32.41""N, 106°40'15.17""E",FIX,
12:19:25.912,1786166365.912,TRACKING,1.157,0.000,0.000,0.00,0.450,-0.000,0.000,0.000,0.000,1.000,1.31,10.77567062,106.67088055,10.51,"10°46'32.41""N, 106°40'15.17""E",FIX,
12:19:25.949,1786166365.950,TRACKING,1.157,0.000,0.000,0.00,0.450,-0.000,0.000,0.000,0.000,1.000,1.31,10.77567062,106.67088055,10.51,"10°46'32.41""N, 106°40'15.17""E",FIX,
12:19:26.083,1786166366.084,TRACKING,1.184,0.000,0.000,0.00,0.450,-0.000,0.000,0.000,0.000,1.000,1.34,10.77567062,106.67088055,10.51,"10°46'32.41""N, 106°40'15.17""E",FIX,
12:19:26.097,1786166366.098,TRACKING,1.184,0.000,0.000,0.00,0.450,-0.000,0.000,0.000,0.000,1.000,1.34,10.77567062,106.67088055,10.51,"10°46'32.41""N, 106°40'15.17""E",FIX,
12:19:26.208,1786166366.208,TRACKING,1.220,0.000,0.000,0.00,0.450,-0.008,0.000,0.000,0.000,1.000,1.38,10.77567062,106.67088055,10.51,"10°46'32.41""N, 106°40'15.17""E",FIX,
12:19:26.230,1786166366.230,TRACKING,1.220,0.000,0.000,0.01,0.450,-0.047,0.000,0.000,0.000,1.000,1.38,10.77567062,106.67088055,10.51,"10°46'32.41""N, 106°40'15.17""E",FIX,
12:19:26.342,1786166366.342,TRACKING,1.247,-0.000,-0.002,0.00,0.450,0.003,0.000,0.000,0.000,1.000,1.40,10.77567062,106.67088096,10.51,"10°46'32.41""N, 106°40'15.17""E",FIX,
12:19:26.355,1786166366.355,TRACKING,1.247,-0.000,-0.002,0.00,0.450,0.015,0.000,0.000,0.000,1.000,1.40,10.77567062,106.67088096,10.51,"10°46'32.41""N, 106°40'15.17""E",FIX,
12:19:26.514,1786166366.515,TRACKING,1.274,-0.000,-0.002,0.00,0.450,0.001,0.000,0.000,0.000,1.000,1.43,10.77567062,106.67088096,10.51,"10°46'32.41""N, 106°40'15.17""E",FIX,
12:19:26.540,1786166366.540,TRACKING,1.274,-0.000,-0.002,0.00,0.450,0.002,0.000,0.000,0.000,1.000,1.43,10.77567062,106.67088096,10.51,"10°46'32.41""N, 106°40'15.17""E",FIX,
12:19:26.605,1786166366.606,TRACKING,1.310,-0.000,-0.002,0.00,0.450,0.001,0.000,0.000,0.000,1.000,1.47,10.77567062,106.67088096,10.51,"10°46'32.41""N, 106°40'15.17""E",FIX,
12:19:26.623,1786166366.624,TRACKING,1.310,-0.000,-0.002,0.00,0.450,0.001,0.000,0.000,0.000,1.000,1.47,10.77567062,106.67088096,10.51,"10°46'32.41""N, 106°40'15.17""E",FIX,
12:19:26.706,1786166366.707,TRACKING,1.337,-0.000,-0.001,-0.00,0.450,0.012,0.000,0.000,0.000,0.979,1.49,10.77567062,106.67088137,10.51,"10°46'32.41""N, 106°40'15.17""E",FIX,
12:19:26.717,1786166366.718,TRACKING,1.337,-0.000,-0.001,-0.01,0.450,0.015,0.000,0.000,0.000,0.979,1.49,10.77567062,106.67088137,10.51,"10°46'32.41""N, 106°40'15.17""E",FIX,
12:19:26.804,1786166366.804,TRACKING,1.373,-0.000,-0.001,-0.01,0.450,0.005,0.000,0.000,0.000,0.625,1.53,10.77567062,106.67088137,10.51,"10°46'32.41""N, 106°40'15.17""E",FIX,
12:19:26.833,1786166366.834,TRACKING,1.373,-0.000,-0.001,-0.01,0.450,0.019,0.000,0.000,0.000,0.625,1.53,10.77567062,106.67088137,10.51,"10°46'32.41""N, 106°40'15.17""E",FIX,
12:19:26.963,1786166366.964,TRACKING,1.400,-0.000,0.000,-0.01,0.450,0.004,0.000,0.000,0.000,0.687,1.56,10.77567062,106.67088137,10.51,"10°46'32.41""N, 106°40'15.17""E",FIX,
12:19:26.982,1786166366.983,TRACKING,1.400,-0.000,0.000,-0.01,0.450,0.007,0.000,0.000,0.000,0.687,1.56,10.77567062,106.67088137,10.51,"10°46'32.41""N, 106°40'15.17""E",FIX,
12:19:27.080,1786166367.080,TRACKING,1.427,-0.000,0.001,-0.01,0.450,0.003,0.000,0.000,0.000,0.750,1.58,10.77567061,106.67088178,10.51,"10°46'32.41""N, 106°40'15.17""E",FIX,
12:19:27.099,1786166367.100,TRACKING,1.427,-0.000,0.001,-0.01,0.450,0.003,0.000,0.000,0.000,0.750,1.58,10.77567061,106.67088178,10.51,"10°46'32.41""N, 106°40'15.17""E",FIX,
12:19:27.156,1786166367.157,TRACKING,1.454,-0.000,0.001,-0.01,0.450,0.003,0.000,0.000,0.000,0.833,1.61,10.77567061,106.67088178,10.51,"10°46'32.41""N, 106°40'15.17""E",FIX,
12:19:27.169,1786166367.170,TRACKING,1.454,-0.000,0.001,-0.01,0.450,0.004,0.000,0.000,0.000,0.833,1.61,10.77567061,106.67088178,10.51,"10°46'32.41""N, 106°40'15.17""E",FIX,
12:19:27.313,1786166367.313,TRACKING,1.490,-0.000,0.002,-0.01,0.450,-0.005,0.000,0.000,0.000,0.917,1.65,10.77567061,106.67088178,10.51,"10°46'32.41""N, 106°40'15.17""E",FIX,
12:19:27.325,1786166367.326,TRACKING,1.490,-0.000,0.002,-0.00,0.450,-0.010,0.000,0.000,0.000,0.917,1.65,10.77567061,106.67088178,10.51,"10°46'32.41""N, 106°40'15.17""E",FIX,
12:19:27.412,1786166367.413,TRACKING,1.517,-0.000,0.001,-0.00,0.450,-0.003,0.000,0.000,0.000,1.000,1.67,10.77567061,106.67088219,10.51,"10°46'32.41""N, 106°40'15.18""E",FIX,
12:19:27.436,1786166367.436,TRACKING,1.517,-0.000,0.001,-0.00,0.450,-0.004,0.000,0.000,0.000,1.000,1.67,10.77567061,106.67088219,10.51,"10°46'32.41""N, 106°40'15.18""E",FIX,
12:19:27.496,1786166367.497,TRACKING,1.553,-0.000,0.001,-0.00,0.450,0.008,0.000,0.000,0.000,1.000,1.71,10.77567061,106.67088219,10.51,"10°46'32.41""N, 106°40'15.18""E",FIX,
12:19:27.515,1786166367.515,TRACKING,1.553,-0.000,0.001,-0.01,0.450,0.024,0.000,0.000,0.000,1.000,1.71,10.77567061,106.67088219,10.51,"10°46'32.41""N, 106°40'15.18""E",FIX,
12:19:27.604,1786166367.605,TRACKING,1.580,-0.000,0.002,-0.01,0.450,0.004,0.000,0.000,0.000,1.000,1.74,10.77567061,106.67088219,10.51,"10°46'32.41""N, 106°40'15.18""E",FIX,
12:19:27.617,1786166367.618,TRACKING,1.589,-0.000,0.002,-0.01,0.450,0.005,0.000,0.000,0.000,1.000,1.74,10.77567061,106.67088219,10.51,"10°46'32.41""N, 106°40'15.18""E",FIX,
12:19:27.674,1786166367.675,TRACKING,1.607,0.000,0.003,-0.01,0.450,-0.019,0.000,0.000,0.000,1.000,1.76,10.77567061,106.67088260,10.51,"10°46'32.41""N, 106°40'15.18""E",FIX,
12:19:27.689,1786166367.689,TRACKING,1.607,0.000,0.003,-0.00,0.450,-0.046,0.000,0.000,0.000,1.000,1.76,10.77567061,106.67088260,10.51,"10°46'32.41""N, 106°40'15.18""E",FIX,
12:19:27.783,1786166367.783,TRACKING,1.634,0.000,0.001,-0.01,0.450,0.006,0.000,0.000,0.000,1.000,1.79,10.77567061,106.67088260,10.51,"10°46'32.41""N, 106°40'15.18""E",FIX,
12:19:27.795,1786166367.796,TRACKING,1.634,0.000,0.001,-0.01,0.450,0.011,0.000,0.000,0.000,1.000,1.79,10.77567061,106.67088260,10.51,"10°46'32.41""N, 106°40'15.18""E",FIX,
12:19:27.911,1786166367.912,TRACKING,1.670,0.000,0.000,-0.01,0.450,0.004,0.000,0.000,0.000,1.000,1.83,10.77567061,106.67088260,10.51,"10°46'32.41""N, 106°40'15.18""E",FIX,
12:19:27.942,1786166367.942,TRACKING,1.670,0.000,0.000,-0.01,0.450,0.006,0.000,0.000,0.000,1.000,1.83,10.77567061,106.67088260,10.51,"10°46'32.41""N, 106°40'15.18""E",FIX,
12:19:28.040,1786166368.040,TRACKING,1.697,0.000,0.001,-0.01,0.450,0.003,0.000,0.000,0.000,1.000,1.85,10.77567062,106.67088301,10.51,"10°46'32.41""N, 106°40'15.18""E",FIX,
12:19:28.071,1786166368.072,TRACKING,1.697,0.000,0.001,-0.01,0.450,0.003,0.000,0.000,0.000,1.000,1.85,10.77567062,106.67088301,10.51,"10°46'32.41""N, 106°40'15.18""E",FIX,
12:19:28.128,1786166368.128,TRACKING,1.715,0.000,0.001,-0.01,0.450,0.003,0.000,0.000,0.000,1.000,1.87,10.77567062,106.67088301,10.51,"10°46'32.41""N, 106°40'15.18""E",FIX,
12:19:28.146,1786166368.146,TRACKING,1.715,0.000,0.001,-0.01,0.450,0.009,0.000,0.000,0.000,1.000,1.87,10.77567062,106.67088301,10.51,"10°46'32.41""N, 106°40'15.18""E",FIX,
12:19:28.331,1786166368.331,TRACKING,1.751,0.000,0.002,-0.01,0.450,0.003,0.000,0.000,0.000,1.000,1.91,10.77567062,106.67088301,10.51,"10°46'32.41""N, 106°40'15.18""E",FIX,
12:19:28.353,1786166368.353,TRACKING,1.751,0.000,0.002,-0.01,0.450,0.003,0.000,0.000,0.000,1.000,1.91,10.77567062,106.67088301,10.51,"10°46'32.41""N, 106°40'15.18""E",FIX,
12:19:28.437,1786166368.437,TRACKING,1.787,0.000,0.002,-0.01,0.450,0.002,0.000,0.000,0.000,1.000,1.94,10.77567062,106.67088301,10.51,"10°46'32.41""N, 106°40'15.18""E",FIX,
12:19:28.449,1786166368.450,TRACKING,1.787,0.000,0.002,-0.01,0.450,0.003,0.000,0.000,0.000,1.000,1.94,10.77567061,106.67088343,10.51,"10°46'32.41""N, 106°40'15.18""E",FIX,
12:19:28.530,1786166368.531,TRACKING,1.805,0.000,0.002,-0.01,0.450,0.002,0.000,0.000,0.000,1.000,1.96,10.77567061,106.67088343,10.51,"10°46'32.41""N, 106°40'15.18""E",FIX,
12:19:28.541,1786166368.541,TRACKING,1.805,0.000,0.002,-0.01,0.450,0.003,0.000,0.000,0.000,1.000,1.96,10.77567061,106.67088343,10.51,"10°46'32.41""N, 106°40'15.18""E",FIX,
12:19:28.635,1786166368.636,TRACKING,1.841,0.000,0.002,-0.01,0.450,0.002,0.000,0.000,0.000,1.000,2.00,10.77567061,106.67088343,10.51,"10°46'32.41""N, 106°40'15.18""E",FIX,
12:19:28.646,1786166368.646,TRACKING,1.841,0.000,0.002,-0.01,0.450,0.002,0.000,0.000,0.000,1.000,2.00,10.77567061,106.67088343,10.51,"10°46'32.41""N, 106°40'15.18""E",FIX,
12:19:28.762,1786166368.762,TRACKING,1.868,0.000,0.003,-0.01,0.450,0.002,0.000,0.000,0.000,1.000,2.02,10.77567061,106.67088343,10.51,"10°46'32.41""N, 106°40'15.18""E",FIX,
12:19:28.775,1786166368.776,TRACKING,1.868,0.000,0.003,-0.01,0.450,0.002,0.000,0.000,0.000,1.000,2.02,10.77567061,106.67088343,10.51,"10°46'32.41""N, 106°40'15.18""E",FIX,
12:19:28.888,1786166368.888,TRACKING,1.904,0.001,0.003,-0.01,0.450,0.002,0.000,0.000,0.000,1.000,2.06,10.77567061,106.67088384,10.51,"10°46'32.41""N, 106°40'15.18""E",FIX,
12:19:28.932,1786166368.932,TRACKING,1.904,0.001,0.003,-0.01,0.450,0.002,0.000,0.000,0.000,1.000,2.06,10.77567061,106.67088384,10.51,"10°46'32.41""N, 106°40'15.18""E",FIX,
12:19:28.980,1786166368.981,TRACKING,1.940,0.001,0.003,-0.01,0.450,0.002,0.000,0.000,0.000,1.000,2.10,10.77567061,106.67088384,10.51,"10°46'32.41""N, 106°40'15.18""E",FIX,
12:19:29.000,1786166369.001,TRACKING,1.940,0.001,0.003,-0.01,0.450,0.002,0.000,0.000,0.000,1.000,2.10,10.77567061,106.67088384,10.51,"10°46'32.41""N, 106°40'15.18""E",FIX,
12:19:29.071,1786166369.072,TRACKING,1.967,0.001,0.003,-0.01,0.450,0.002,0.000,0.000,0.000,1.000,2.12,10.77567061,106.67088425,10.51,"10°46'32.41""N, 106°40'15.18""E",FIX,
12:19:29.084,1786166369.085,TRACKING,1.967,0.001,0.003,-0.01,0.450,0.002,0.000,0.000,0.000,1.000,2.12,10.77567061,106.67088425,10.51,"10°46'32.41""N, 106°40'15.18""E",FIX,
12:19:29.210,1786166369.211,TRACKING,1.994,0.001,0.003,-0.01,0.450,0.002,0.000,0.000,0.000,1.000,2.15,10.77567061,106.67088425,10.51,"10°46'32.41""N, 106°40'15.18""E",FIX,
12:19:29.241,1786166369.241,TRACKING,2.003,0.001,0.003,-0.01,0.450,0.002,0.000,0.000,0.000,1.000,2.16,10.77567061,106.67088425,10.51,"10°46'32.41""N, 106°40'15.18""E",FIX,
12:19:29.289,1786166369.290,TRACKING,2.039,0.001,0.003,-0.01,0.450,0.002,0.000,0.000,0.000,1.000,2.19,10.77567061,106.67088425,10.51,"10°46'32.41""N, 106°40'15.18""E",FIX,
12:19:29.304,1786166369.304,TRACKING,2.039,0.001,0.003,-0.01,0.450,0.002,0.000,0.000,0.000,1.000,2.19,10.77567061,106.67088425,10.51,"10°46'32.41""N, 106°40'15.18""E",FIX,
12:19:29.365,1786166369.366,TRACKING,2.048,0.001,0.004,0.00,0.450,-0.064,0.000,0.000,0.000,1.000,2.20,10.77567061,106.67088425,10.51,"10°46'32.41""N, 106°40'15.18""E",FIX,
12:19:29.380,1786166369.381,TRACKING,2.048,0.001,0.004,0.01,0.450,-0.057,0.000,0.000,0.000,1.000,2.20,10.77567061,106.67088425,10.51,"10°46'32.41""N, 106°40'15.18""E",FIX,
12:19:29.459,1786166369.460,TRACKING,2.084,0.001,0.001,0.01,0.450,-0.012,0.000,0.000,0.000,1.000,2.24,10.77567062,106.67088466,10.51,"10°46'32.41""N, 106°40'15.18""E",FIX,
12:19:29.470,1786166369.471,TRACKING,2.084,0.001,0.001,0.01,0.450,-0.053,0.000,0.000,0.000,1.000,2.24,10.77567062,106.67088466,10.51,"10°46'32.41""N, 106°40'15.18""E",FIX,
12:19:29.564,1786166369.564,TRACKING,2.111,0.001,-0.002,0.01,0.450,0.000,0.000,0.000,0.000,1.000,2.27,10.77567062,106.67088466,10.51,"10°46'32.41""N, 106°40'15.18""E",FIX,
12:19:29.587,1786166369.587,TRACKING,2.111,0.001,-0.002,0.01,0.450,0.002,0.000,0.000,0.000,1.000,2.27,10.77567062,106.67088466,10.51,"10°46'32.41""N, 106°40'15.18""E",FIX,
12:19:29.644,1786166369.644,TRACKING,2.138,0.001,-0.004,0.01,0.450,-0.000,0.000,0.000,0.000,0.583,2.29,10.77567062,106.67088466,10.51,"10°46'32.41""N, 106°40'15.18""E",FIX,
12:19:29.664,1786166369.664,TRACKING,2.138,0.001,-0.004,0.01,0.450,0.000,0.000,0.000,0.000,0.583,2.29,10.77567062,106.67088466,10.51,"10°46'32.41""N, 106°40'15.18""E",FIX,
12:19:29.727,1786166369.727,TRACKING,2.174,0.001,-0.004,0.01,0.450,-0.002,0.000,0.000,0.000,0.667,2.33,10.77567062,106.67088507,10.51,"10°46'32.41""N, 106°40'15.19""E",FIX,
12:19:29.745,1786166369.746,TRACKING,2.174,0.001,-0.004,0.01,0.450,-0.001,0.000,0.000,0.000,0.667,2.33,10.77567062,106.67088507,10.51,"10°46'32.41""N, 106°40'15.19""E",FIX,
12:19:29.808,1786166369.808,TRACKING,2.192,0.001,-0.004,0.01,0.450,-0.002,0.000,0.000,0.000,0.729,2.35,10.77567062,106.67088507,10.51,"10°46'32.41""N, 106°40'15.19""E",FIX,
12:19:29.825,1786166369.825,TRACKING,2.201,0.001,-0.004,0.01,0.450,-0.002,0.000,0.000,0.000,0.729,2.36,10.77567062,106.67088507,10.51,"10°46'32.41""N, 106°40'15.19""E",FIX,
12:19:29.927,1786166369.928,TRACKING,2.228,0.001,-0.004,0.01,0.450,-0.002,0.000,0.000,0.000,0.792,2.38,10.77567062,106.67088507,10.51,"10°46'32.41""N, 106°40'15.19""E",FIX,
12:19:29.948,1786166369.949,TRACKING,2.228,0.001,-0.004,0.01,0.450,-0.002,0.000,0.000,0.000,0.792,2.38,10.77567062,106.67088507,10.51,"10°46'32.41""N, 106°40'15.19""E",FIX,
12:19:30.072,1786166370.073,TRACKING,2.273,0.000,-0.005,0.01,0.450,0.003,0.000,0.000,0.000,0.875,2.43,10.77567062,106.67088548,10.51,"10°46'32.41""N, 106°40'15.19""E",FIX,
12:19:30.086,1786166370.086,TRACKING,2.273,0.000,-0.005,0.00,0.450,0.034,0.000,0.000,0.000,0.875,2.43,10.77567062,106.67088548,10.51,"10°46'32.41""N, 106°40'15.19""E",FIX,
12:19:30.203,1786166370.203,TRACKING,2.291,0.000,-0.004,0.01,0.450,-0.010,0.000,0.000,0.000,0.937,2.45,10.77567062,106.67088548,10.51,"10°46'32.41""N, 106°40'15.19""E",FIX,
12:19:30.241,1786166370.242,TRACKING,2.291,0.000,-0.004,0.01,0.450,-0.010,0.000,0.000,0.000,0.937,2.45,10.77567062,106.67088548,10.51,"10°46'32.41""N, 106°40'15.19""E",FIX,
12:19:30.322,1786166370.323,TRACKING,2.327,0.000,-0.004,0.01,0.450,-0.004,0.000,0.000,0.000,1.000,2.48,10.77567062,106.67088589,10.51,"10°46'32.41""N, 106°40'15.19""E",FIX,
12:19:30.337,1786166370.337,TRACKING,2.327,0.000,-0.004,0.01,0.450,-0.016,0.000,0.000,0.000,1.000,2.48,10.77567062,106.67088589,10.51,"10°46'32.41""N, 106°40'15.19""E",FIX,
12:19:30.434,1786166370.435,TRACKING,2.345,0.000,-0.005,0.01,0.450,0.007,0.000,0.000,0.000,1.000,2.50,10.77567062,106.67088589,10.51,"10°46'32.41""N, 106°40'15.19""E",FIX,
12:19:30.452,1786166370.452,TRACKING,2.345,0.000,-0.005,0.00,0.450,0.030,0.000,0.000,0.000,1.000,2.50,10.77567062,106.67088589,10.51,"10°46'32.41""N, 106°40'15.19""E",FIX,
12:19:30.575,1786166370.575,TRACKING,2.381,-0.000,-0.003,0.01,0.450,-0.005,0.000,0.000,0.000,1.000,2.54,10.77567062,106.67088589,10.51,"10°46'32.41""N, 106°40'15.19""E",FIX,
12:19:30.609,1786166370.610,TRACKING,2.381,-0.000,-0.003,0.01,0.450,-0.011,0.000,0.000,0.000,1.000,2.54,10.77567062,106.67088589,10.51,"10°46'32.41""N, 106°40'15.19""E",FIX,
12:19:30.692,1786166370.692,TRACKING,2.408,-0.000,-0.003,0.01,0.450,-0.004,0.000,0.000,0.000,1.000,2.56,10.77567062,106.67088589,10.51,"10°46'32.41""N, 106°40'15.19""E",FIX,
12:19:30.710,1786166370.710,TRACKING,2.408,-0.000,-0.003,0.01,0.450,-0.012,0.000,0.000,0.000,1.000,2.56,10.77567062,106.67088589,10.51,"10°46'32.41""N, 106°40'15.19""E",FIX,
12:19:30.783,1786166370.783,TRACKING,2.435,-0.000,-0.003,0.01,0.450,-0.003,0.000,0.000,0.000,1.000,2.59,10.77567062,106.67088631,10.51,"10°46'32.41""N, 106°40'15.19""E",FIX,
12:19:30.801,1786166370.801,TRACKING,2.435,-0.000,-0.003,0.01,0.450,-0.004,0.000,0.000,0.000,1.000,2.59,10.77567062,106.67088631,10.51,"10°46'32.41""N, 106°40'15.19""E",FIX,
12:19:30.868,1786166370.868,TRACKING,2.462,-0.000,-0.004,0.01,0.450,-0.003,0.000,0.000,0.000,1.000,2.62,10.77567062,106.67088631,10.51,"10°46'32.41""N, 106°40'15.19""E",FIX,
12:19:30.879,1786166370.879,TRACKING,2.462,-0.000,-0.004,0.01,0.450,-0.003,0.000,0.000,0.000,1.000,2.62,10.77567062,106.67088631,10.51,"10°46'32.41""N, 106°40'15.19""E",FIX,
12:19:31.039,1786166371.039,TRACKING,2.498,-0.000,-0.004,0.01,0.450,-0.003,0.000,0.000,0.000,1.000,2.65,10.77567062,106.67088631,10.51,"10°46'32.41""N, 106°40'15.19""E",FIX,
12:19:31.051,1786166371.051,TRACKING,2.498,-0.000,-0.004,0.01,0.450,-0.004,0.000,0.000,0.000,1.000,2.65,10.77567062,106.67088631,10.51,"10°46'32.41""N, 106°40'15.19""E",FIX,
12:19:31.201,1786166371.201,TRACKING,2.534,-0.001,-0.005,0.01,0.450,0.004,0.000,0.000,0.000,1.000,2.69,10.77567062,106.67088672,10.51,"10°46'32.41""N, 106°40'15.19""E",FIX,
12:19:31.217,1786166371.218,TRACKING,2.534,-0.001,-0.005,0.00,0.450,0.016,0.000,0.000,0.000,1.000,2.69,10.77567062,106.67088672,10.51,"10°46'32.41""N, 106°40'15.19""E",FIX,
12:19:31.274,1786166371.274,TRACKING,2.552,-0.001,-0.005,0.00,0.450,0.006,0.000,0.000,0.000,1.000,2.71,10.77567062,106.67088672,10.51,"10°46'32.41""N, 106°40'15.19""E",FIX,
12:19:31.287,1786166371.287,TRACKING,2.552,-0.001,-0.005,0.00,0.450,0.010,0.000,0.000,0.000,1.000,2.71,10.77567062,106.67088672,10.51,"10°46'32.41""N, 106°40'15.19""E",FIX,
12:19:31.387,1786166371.388,TRACKING,2.588,-0.001,-0.004,0.00,0.450,-0.006,0.000,0.000,0.000,1.000,2.74,10.77567062,106.67088672,10.51,"10°46'32.41""N, 106°40'15.19""E",FIX,
12:19:31.402,1786166371.403,TRACKING,2.588,-0.001,-0.004,0.01,0.450,-0.024,0.000,0.000,0.000,1.000,2.74,10.77567062,106.67088672,10.51,"10°46'32.41""N, 106°40'15.19""E",FIX,
12:19:31.499,1786166371.500,TRACKING,2.615,-0.001,-0.004,0.01,0.450,-0.005,0.000,0.000,0.000,1.000,2.77,10.77567062,106.67088713,10.51,"10°46'32.41""N, 106°40'15.19""E",FIX,
12:19:31.560,1786166371.561,TRACKING,2.624,-0.001,-0.005,0.01,0.450,-0.005,0.000,0.000,0.000,1.000,2.78,10.77567062,106.67088713,10.51,"10°46'32.41""N, 106°40'15.19""E",FIX,
12:19:31.591,1786166371.591,TRACKING,2.633,-0.001,-0.005,0.01,0.450,0.011,0.000,0.000,0.000,1.000,2.79,10.77567062,106.67088713,10.51,"10°46'32.41""N, 106°40'15.19""E",FIX,
12:19:31.609,1786166371.610,TRACKING,2.624,-0.001,-0.005,0.00,0.450,0.234,0.000,0.000,0.000,1.000,2.80,10.77567062,106.67088713,10.51,"10°46'32.41""N, 106°40'15.19""E",FIX,
12:19:31.658,1786166371.658,TRACKING,2.669,-0.001,-0.005,0.00,0.450,0.002,0.000,0.000,0.000,1.000,2.84,10.77567062,106.67088713,10.51,"10°46'32.41""N, 106°40'15.19""E",FIX,
12:19:31.687,1786166371.687,TRACKING,2.669,-0.001,-0.005,0.00,0.450,0.003,0.000,0.000,0.000,1.000,2.84,10.77567062,106.67088713,10.51,"10°46'32.41""N, 106°40'15.19""E",FIX,
12:19:31.754,1786166371.754,TRACKING,2.705,-0.001,0.004,0.01,0.450,-0.025,0.000,0.000,0.000,1.000,2.88,10.77567062,106.67088754,10.51,"10°46'32.41""N, 106°40'15.20""E",FIX,
12:19:31.773,1786166371.774,TRACKING,2.705,-0.001,0.004,0.02,0.450,-0.038,0.000,0.000,0.000,1.000,2.88,10.77567062,106.67088754,10.51,"10°46'32.41""N, 106°40'15.20""E",FIX,
12:19:31.852,1786166371.852,TRACKING,2.732,-0.001,0.003,0.02,0.450,-0.025,0.000,0.000,0.000,1.000,2.91,10.77567062,106.67088754,10.51,"10°46'32.41""N, 106°40'15.20""E",FIX,
12:19:31.871,1786166371.872,TRACKING,2.732,-0.001,0.003,0.02,0.450,-0.053,0.000,0.000,0.000,1.000,2.91,10.77567062,106.67088754,10.51,"10°46'32.41""N, 106°40'15.20""E",FIX,
12:19:32.046,1786166372.047,TRACKING,2.768,-0.001,-0.001,0.02,0.450,-0.003,0.000,0.000,0.000,1.000,2.94,10.77567062,106.67088754,10.51,"10°46'32.41""N, 106°40'15.20""E",FIX,
12:19:32.067,1786166372.067,TRACKING,2.768,-0.001,-0.001,0.02,0.450,0.012,0.000,0.000,0.000,1.000,2.94,10.77567062,106.67088754,10.51,"10°46'32.41""N, 106°40'15.20""E",FIX,
12:19:32.211,1786166372.211,TRACKING,2.804,-0.001,-0.001,0.02,0.450,0.003,0.000,0.000,0.000,1.000,2.98,10.77567062,106.67088795,10.51,"10°46'32.41""N, 106°40'15.20""E",FIX,
12:19:32.222,1786166372.223,TRACKING,2.804,-0.001,-0.001,0.01,0.450,0.019,0.000,0.000,0.000,1.000,2.98,10.77567062,106.67088795,10.51,"10°46'32.41""N, 106°40'15.20""E",FIX,
12:19:32.292,1786166372.292,TRACKING,2.822,-0.001,-0.001,0.01,0.450,-0.003,0.000,0.000,0.000,1.000,3.00,10.77567062,106.67088795,10.51,"10°46'32.41""N, 106°40'15.20""E",FIX,
12:19:32.307,1786166372.307,TRACKING,2.822,-0.001,-0.001,0.01,0.450,-0.003,0.000,0.000,0.000,1.000,3.00,10.77567062,106.67088795,10.51,"10°46'32.41""N, 106°40'15.20""E",FIX,
12:19:32.423,1786166372.424,TRACKING,2.858,-0.001,-0.001,0.02,0.450,-0.007,0.000,0.000,0.000,1.000,3.03,10.77567062,106.67088795,10.51,"10°46'32.41""N, 106°40'15.20""E",FIX,
12:19:32.445,1786166372.445,TRACKING,2.858,-0.001,-0.001,0.02,0.450,-0.013,0.000,0.000,0.000,1.000,3.03,10.77567062,106.67088795,10.51,"10°46'32.41""N, 106°40'15.20""E",FIX,
12:19:32.542,1786166372.543,TRACKING,2.885,-0.001,-0.001,0.01,0.450,0.003,0.000,0.000,0.000,1.000,3.06,10.77567062,106.67088836,10.51,"10°46'32.41""N, 106°40'15.20""E",FIX,
12:19:32.554,1786166372.555,TRACKING,2.885,-0.001,-0.001,0.01,0.450,0.014,0.000,0.000,0.000,1.000,3.06,10.77567062,106.67088836,10.51,"10°46'32.41""N, 106°40'15.20""E",FIX,
12:19:32.649,1786166372.650,TRACKING,2.912,-0.001,-0.001,0.01,0.450,0.012,0.000,0.000,0.000,0.479,3.09,10.77567062,106.67088836,10.51,"10°46'32.41""N, 106°40'15.20""E",FIX,
12:19:32.664,1786166372.665,TRACKING,2.912,-0.001,-0.001,0.01,0.450,0.032,0.000,0.000,0.000,0.479,3.09,10.77567062,106.67088836,10.51,"10°46'32.41""N, 106°40'15.20""E",FIX,
12:19:32.739,1786166372.739,TRACKING,2.939,-0.001,0.000,0.01,0.450,-0.005,0.000,0.000,0.000,0.542,3.11,10.77567062,106.67088836,10.51,"10°46'32.41""N, 106°40'15.20""E",FIX,
12:19:32.752,1786166372.753,TRACKING,2.939,-0.001,0.000,0.01,0.450,-0.019,0.000,0.000,0.000,0.542,3.11,10.77567062,106.67088836,10.51,"10°46'32.41""N, 106°40'15.20""E",FIX,
12:19:32.859,1786166372.860,TRACKING,2.966,-0.001,0.000,0.01,0.450,-0.003,0.000,0.000,0.000,0.604,3.14,10.77567062,106.67088878,10.51,"10°46'32.41""N, 106°40'15.20""E",FIX,
12:19:32.874,1786166372.874,TRACKING,2.966,-0.001,0.000,0.01,0.450,-0.006,0.000,0.000,0.000,0.604,3.14,10.77567062,106.67088878,10.51,"10°46'32.41""N, 106°40'15.20""E",FIX,
12:19:32.988,1786166372.989,TRACKING,3.002,-0.001,-0.001,0.01,0.450,0.006,0.000,0.000,0.000,0.667,3.18,10.77567062,106.67088878,10.51,"10°46'32.41""N, 106°40'15.20""E",FIX,
12:19:33.044,1786166373.044,TRACKING,3.002,-0.001,-0.001,0.00,0.450,0.022,0.000,0.000,0.000,0.667,3.18,10.77567062,106.67088878,10.51,"10°46'32.41""N, 106°40'15.20""E",FIX,
12:19:33.121,1786166373.121,TRACKING,3.038,-0.001,-0.000,0.00,0.450,0.002,0.000,0.000,0.000,0.750,3.21,10.77567062,106.67088878,10.51,"10°46'32.41""N, 106°40'15.20""E",FIX,
12:19:33.138,1786166373.139,TRACKING,3.038,-0.001,-0.000,0.00,0.450,0.009,0.000,0.000,0.000,0.750,3.21,10.77567062,106.67088878,10.51,"10°46'32.41""N, 106°40'15.20""E",FIX,
12:19:33.261,1786166373.261,TRACKING,3.074,-0.001,0.001,0.00,0.450,-0.007,0.000,0.000,0.000,0.833,3.25,10.77567062,106.67088919,10.51,"10°46'32.41""N, 106°40'15.20""E",FIX,
12:19:33.279,1786166373.280,TRACKING,3.074,-0.001,0.001,0.01,0.450,-0.014,0.000,0.000,0.000,0.833,3.25,10.77567062,106.67088919,10.51,"10°46'32.41""N, 106°40'15.20""E",FIX,
12:19:33.335,1786166373.335,TRACKING,3.092,-0.001,0.001,0.01,0.450,-0.013,0.000,0.000,0.000,0.896,3.27,10.77567062,106.67088919,10.51,"10°46'32.41""N, 106°40'15.20""E",FIX,
12:19:33.352,1786166373.352,TRACKING,3.092,-0.001,0.001,0.01,0.450,-0.026,0.000,0.000,0.000,0.896,3.27,10.77567062,106.67088919,10.51,"10°46'32.41""N, 106°40'15.20""E",FIX,
12:19:33.499,1786166373.500,TRACKING,3.119,-0.001,-0.001,0.01,0.450,-0.003,0.000,0.000,0.000,0.979,3.29,10.77567062,106.67088919,10.51,"10°46'32.41""N, 106°40'15.20""E",FIX,
12:19:33.516,1786166373.517,TRACKING,3.119,-0.001,-0.001,0.01,0.450,-0.004,0.000,0.000,0.000,0.979,3.29,10.77567062,106.67088919,10.51,"10°46'32.41""N, 106°40'15.20""E",FIX,
12:19:33.606,1786166373.607,TRACKING,3.146,-0.001,-0.002,0.01,0.450,0.009,0.000,0.000,0.000,1.000,3.32,10.77567062,106.67088960,10.51,"10°46'32.41""N, 106°40'15.20""E",FIX,
12:19:33.627,1786166373.627,TRACKING,3.146,-0.001,-0.002,0.00,0.450,0.028,0.000,0.000,0.000,1.000,3.32,10.77567062,106.67088960,10.51,"10°46'32.41""N, 106°40'15.20""E",FIX,
12:19:33.755,1786166373.755,TRACKING,3.182,-0.001,0.000,0.00,0.450,0.002,0.000,0.000,0.000,1.000,3.36,10.77567062,106.67088960,10.51,"10°46'32.41""N, 106°40'15.20""E",FIX,
12:19:33.768,1786166373.769,TRACKING,3.182,-0.001,0.000,0.00,0.450,0.021,0.000,0.000,0.000,1.000,3.36,10.77567062,106.67088960,10.51,"10°46'32.41""N, 106°40'15.20""E",FIX,
12:19:33.879,1786166373.879,TRACKING,3.200,-0.001,0.001,0.00,0.450,-0.008,0.000,0.000,0.000,1.000,3.37,10.77567062,106.67088960,10.51,"10°46'32.41""N, 106°40'15.20""E",FIX,
12:19:33.898,1786166373.898,TRACKING,3.209,-0.001,0.001,0.01,0.450,-0.013,0.000,0.000,0.000,1.000,3.38,10.77567062,106.67088960,10.51,"10°46'32.41""N, 106°40'15.20""E",FIX,
12:19:33.996,1786166373.996,TRACKING,3.245,-0.001,0.001,0.01,0.450,-0.004,0.000,0.000,0.000,1.000,3.42,10.77567062,106.67089001,10.51,"10°46'32.41""N, 106°40'15.20""E",FIX,
12:19:34.034,1786166374.034,TRACKING,3.245,-0.001,0.001,0.01,0.450,-0.010,0.000,0.000,0.000,1.000,3.42,10.77567062,106.67089001,10.51,"10°46'32.41""N, 106°40'15.20""E",FIX,
12:19:34.079,1786166374.080,TRACKING,3.263,-0.001,0.001,0.01,0.450,-0.004,0.000,0.000,0.000,1.000,3.44,10.77567062,106.67089001,10.51,"10°46'32.41""N, 106°40'15.20""E",FIX,
12:19:34.122,1786166374.122,TRACKING,3.263,-0.001,0.001,0.01,0.450,-0.007,0.000,0.000,0.000,1.000,3.44,10.77567062,106.67089001,10.51,"10°46'32.41""N, 106°40'15.20""E",FIX,
12:19:34.192,1786166374.192,TRACKING,3.299,-0.001,0.000,0.01,0.450,-0.003,0.000,0.000,0.000,1.000,3.47,10.77567062,106.67089001,10.51,"10°46'32.41""N, 106°40'15.20""E",FIX,
12:19:34.206,1786166374.207,TRACKING,3.299,-0.001,0.000,0.01,0.450,-0.004,0.000,0.000,0.000,1.000,3.47,10.77567062,106.67089001,10.51,"10°46'32.41""N, 106°40'15.20""E",FIX,
12:19:34.393,1786166374.394,TRACKING,3.335,-0.001,-0.000,0.01,0.450,0.001,0.000,0.000,0.000,1.000,3.51,10.77567062,106.67089042,10.51,"10°46'32.41""N, 106°40'15.21""E",FIX,
12:19:34.407,1786166374.408,TRACKING,3.335,-0.001,-0.000,0.01,0.450,0.008,0.000,0.000,0.000,1.000,3.51,10.77567062,106.67089042,10.51,"10°46'32.41""N, 106°40'15.21""E",FIX,
12:19:34.485,1786166374.485,TRACKING,3.362,-0.001,0.000,0.01,0.450,-0.004,0.000,0.000,0.000,1.000,3.54,10.77567062,106.67089042,10.51,"10°46'32.41""N, 106°40'15.21""E",FIX,
12:19:34.508,1786166374.509,TRACKING,3.362,-0.001,0.000,0.01,0.450,-0.007,0.000,0.000,0.000,1.000,3.54,10.77567062,106.67089042,10.51,"10°46'32.41""N, 106°40'15.21""E",FIX,
12:19:34.614,1786166374.615,TRACKING,3.389,-0.001,0.000,0.01,0.450,-0.003,0.000,0.000,0.000,1.000,3.56,10.77567062,106.67089042,10.51,"10°46'32.41""N, 106°40'15.21""E",FIX,
12:19:34.629,1786166374.630,TRACKING,3.389,-0.001,0.000,0.01,0.450,-0.007,0.000,0.000,0.000,1.000,3.56,10.77567062,106.67089042,10.51,"10°46'32.41""N, 106°40'15.21""E",FIX,
12:19:34.765,1786166374.766,TRACKING,3.416,-0.001,-0.000,0.01,0.450,0.005,0.000,0.000,0.000,1.000,3.59,10.77567062,106.67089083,10.51,"10°46'32.41""N, 106°40'15.21""E",FIX,
12:19:34.789,1786166374.790,TRACKING,3.425,-0.001,-0.000,0.00,0.450,0.013,0.000,0.000,0.000,1.000,3.60,10.77567062,106.67089083,10.51,"10°46'32.41""N, 106°40'15.21""E",FIX,
12:19:34.839,1786166374.839,TRACKING,3.443,-0.001,-0.000,0.00,0.450,0.004,0.000,0.000,0.000,1.000,3.62,10.77567062,106.67089083,10.51,"10°46'32.41""N, 106°40'15.21""E",FIX,
12:19:34.853,1786166374.854,TRACKING,3.443,-0.001,-0.000,0.00,0.450,0.022,0.000,0.000,0.000,1.000,3.62,10.77567062,106.67089083,10.51,"10°46'32.41""N, 106°40'15.21""E",FIX,
12:19:34.949,1786166374.950,TRACKING,3.479,-0.001,0.001,0.00,0.450,-0.006,0.000,0.000,0.000,1.000,3.65,10.77567062,106.67089083,10.51,"10°46'32.41""N, 106°40'15.21""E",FIX,
12:19:34.964,1786166374.965,TRACKING,3.479,-0.001,0.001,0.01,0.450,-0.027,0.000,0.000,0.000,1.000,3.65,10.77567062,106.67089083,10.51,"10°46'32.41""N, 106°40'15.21""E",FIX,
12:19:35.087,1786166375.087,TRACKING,3.506,-0.001,0.000,0.01,0.450,-0.004,0.000,0.000,0.000,1.000,3.68,10.77567062,106.67089124,10.51,"10°46'32.41""N, 106°40'15.21""E",FIX,
12:19:35.112,1786166375.112,TRACKING,3.506,-0.001,0.000,0.01,0.450,-0.007,0.000,0.000,0.000,1.000,3.68,10.77567062,106.67089124,10.51,"10°46'32.41""N, 106°40'15.21""E",FIX,
12:19:35.219,1786166375.219,TRACKING,3.533,-0.001,-0.001,0.01,0.450,0.007,0.000,0.000,0.000,1.000,3.71,10.77567062,106.67089124,10.51,"10°46'32.41""N, 106°40'15.21""E",FIX,
12:19:35.244,1786166375.245,TRACKING,3.542,-0.001,-0.001,0.00,0.450,0.008,0.000,0.000,0.000,1.000,3.72,10.77567062,106.67089124,10.51,"10°46'32.41""N, 106°40'15.21""E",FIX,
12:19:35.308,1786166375.309,TRACKING,3.569,-0.001,-0.001,0.00,0.450,0.003,0.000,0.000,0.000,1.000,3.74,10.77567062,106.67089124,10.51,"10°46'32.41""N, 106°40'15.21""E",FIX,
12:19:35.324,1786166375.325,TRACKING,3.569,-0.001,-0.001,0.00,0.450,0.014,0.000,0.000,0.000,1.000,3.74,10.77567062,106.67089124,10.51,"10°46'32.41""N, 106°40'15.21""E",FIX,
12:19:35.416,1786166375.416,TRACKING,3.596,-0.001,-0.000,0.00,0.450,0.001,0.000,0.000,0.000,1.000,3.77,10.77567062,106.67089166,10.51,"10°46'32.41""N, 106°40'15.21""E",FIX,
12:19:35.438,1786166375.438,TRACKING,3.605,-0.001,0.000,0.00,0.450,0.001,0.000,0.000,0.000,1.000,3.78,10.77567062,106.67089166,10.51,"10°46'32.41""N, 106°40'15.21""E",FIX,
12:19:35.529,1786166375.529,TRACKING,3.632,-0.001,0.000,0.00,0.450,0.001,0.000,0.000,0.000,1.000,3.84,10.77567062,106.67089166,10.51,"10°46'32.41""N, 106°40'15.21""E",FIX,
12:19:35.556,1786166375.556,TRACKING,3.641,-0.001,0.001,0.00,0.450,0.001,0.000,0.000,0.000,1.000,3.85,10.77567062,106.67089166,10.51,"10°46'32.41""N, 106°40'15.21""E",FIX,
12:19:35.610,1786166375.610,TRACKING,3.659,-0.001,0.001,0.00,0.450,0.000,0.000,0.000,0.000,1.000,3.87,10.77567062,106.67089166,10.51,"10°46'32.41""N, 106°40'15.21""E",FIX,
12:19:35.635,1786166375.636,TRACKING,3.659,-0.001,0.001,0.00,0.450,0.001,0.000,0.000,0.000,1.000,3.87,10.77567062,106.67089166,10.51,"10°46'32.41""N, 106°40'15.21""E",FIX,
12:19:35.742,1786166375.743,TRACKING,3.677,-0.001,0.001,0.00,0.450,0.000,0.000,0.000,0.000,1.000,3.89,10.77567062,106.67089207,10.51,"10°46'32.41""N, 106°40'15.21""E",FIX,
12:19:35.757,1786166375.758,TRACKING,3.677,-0.001,0.001,0.00,0.450,0.000,0.000,0.000,0.000,1.000,3.89,10.77567062,106.67089207,10.51,"10°46'32.41""N, 106°40'15.21""E",FIX,
12:19:35.881,1786166375.882,TRACKING,3.713,-0.001,0.001,0.00,0.450,-0.008,0.000,0.000,0.000,1.000,3.92,10.77567062,106.67089207,10.51,"10°46'32.41""N, 106°40'15.21""E",FIX,
12:19:35.922,1786166375.923,TRACKING,3.713,-0.001,0.001,0.01,0.450,-0.047,0.000,0.000,0.000,1.000,3.92,10.77567062,106.67089207,10.51,"10°46'32.41""N, 106°40'15.21""E",FIX,
12:19:35.984,1786166375.984,TRACKING,3.740,-0.001,-0.000,0.01,0.450,-0.005,0.000,0.000,0.000,0.562,3.95,10.77567062,106.67089207,10.51,"10°46'32.41""N, 106°40'15.21""E",FIX,
12:19:36.009,1786166376.010,TRACKING,3.740,-0.001,-0.000,0.01,0.450,-0.009,0.000,0.000,0.000,0.562,3.95,10.77567062,106.67089207,10.51,"10°46'32.41""N, 106°40'15.21""E",FIX,
12:19:36.146,1786166376.147,TRACKING,3.776,-0.001,-0.002,0.00,0.450,0.005,0.000,0.000,0.000,0.625,3.99,10.77567062,106.67089248,10.51,"10°46'32.41""N, 106°40'15.21""E",FIX,
12:19:36.167,1786166376.167,TRACKING,3.776,-0.001,-0.002,0.00,0.450,0.045,0.000,0.000,0.000,0.625,3.99,10.77567062,106.67089248,10.51,"10°46'32.41""N, 106°40'15.21""E",FIX,
12:19:36.317,1786166376.317,TRACKING,3.812,-0.001,0.001,0.01,0.450,-0.005,0.000,0.000,0.000,0.708,4.02,10.77567062,106.67089248,10.51,"10°46'32.41""N, 106°40'15.21""E",FIX,
12:19:36.336,1786166376.336,TRACKING,3.812,-0.001,0.001,0.01,0.450,-0.013,0.000,0.000,0.000,0.708,4.02,10.77567062,106.67089248,10.51,"10°46'32.41""N, 106°40'15.21""E",FIX,
12:19:36.438,1786166376.439,TRACKING,3.830,-0.001,0.001,0.01,0.450,-0.005,0.000,0.000,0.000,0.771,4.04,10.77567062,106.67089248,10.51,"10°46'32.41""N, 106°40'15.21""E",FIX,
12:19:36.451,1786166376.452,TRACKING,3.830,-0.001,0.001,0.01,0.450,-0.007,0.000,0.000,0.000,0.771,4.04,10.77567062,106.67089248,10.51,"10°46'32.41""N, 106°40'15.21""E",FIX,
12:19:36.569,1786166376.570,TRACKING,3.857,-0.001,0.001,0.01,0.450,-0.003,0.000,0.000,0.000,0.833,4.07,10.77567062,106.67089289,10.51,"10°46'32.41""N, 106°40'15.21""E",FIX,
12:19:36.591,1786166376.592,TRACKING,3.866,-0.001,0.000,0.01,0.450,-0.004,0.000,0.000,0.000,0.833,4.08,10.77567062,106.67089289,10.51,"10°46'32.41""N, 106°40'15.21""E",FIX,
12:19:36.659,1786166376.659,TRACKING,3.884,-0.001,0.000,0.01,0.450,-0.003,0.000,0.000,0.000,0.917,4.09,10.77567062,106.67089289,10.51,"10°46'32.41""N, 106°40'15.21""E",FIX,
12:19:36.676,1786166376.677,TRACKING,3.893,-0.001,0.000,0.01,0.450,-0.003,0.000,0.000,0.000,0.917,4.10,10.77567062,106.67089289,10.51,"10°46'32.41""N, 106°40'15.21""E",FIX,
12:19:36.843,1786166376.844,TRACKING,3.920,-0.001,-0.000,0.01,0.450,-0.003,0.000,0.000,0.000,1.000,4.13,10.77567062,106.67089289,10.51,"10°46'32.41""N, 106°40'15.21""E",FIX,
12:19:36.872,1786166376.873,TRACKING,3.920,-0.001,-0.000,0.01,0.450,-0.003,0.000,0.000,0.000,1.000,4.13,10.77567062,106.67089289,10.51,"10°46'32.41""N, 106°40'15.21""E",FIX,
12:19:37.011,1786166377.012,TRACKING,3.947,-0.001,-0.000,0.01,0.450,-0.002,0.000,0.000,0.000,1.000,4.16,10.77567062,106.67089330,10.51,"10°46'32.41""N, 106°40'15.22""E",FIX,
12:19:37.039,1786166377.040,TRACKING,3.947,-0.001,-0.000,0.01,0.450,-0.003,0.000,0.000,0.000,1.000,4.16,10.77567062,106.67089330,10.51,"10°46'32.41""N, 106°40'15.22""E",FIX,
12:19:37.166,1786166377.167,TRACKING,3.983,-0.001,-0.000,0.01,0.450,-0.002,0.000,0.000,0.000,1.000,4.19,10.77567062,106.67089330,10.51,"10°46'32.41""N, 106°40'15.22""E",FIX,
12:19:37.230,1786166377.230,TRACKING,3.983,-0.001,-0.000,0.01,0.450,-0.002,0.000,0.000,0.000,1.000,4.19,10.77567062,106.67089330,10.51,"10°46'32.41""N, 106°40'15.22""E",FIX,
12:19:37.263,1786166377.263,TRACKING,4.001,-0.001,-0.001,0.01,0.450,-0.002,0.000,0.000,0.000,1.000,4.21,10.77567062,106.67089330,10.51,"10°46'32.41""N, 106°40'15.22""E",FIX,
12:19:37.289,1786166377.290,TRACKING,4.001,-0.001,-0.001,0.01,0.450,-0.002,0.000,0.000,0.000,1.000,4.21,10.77567062,106.67089330,10.51,"10°46'32.41""N, 106°40'15.22""E",FIX,
12:19:37.391,1786166377.391,TRACKING,4.037,-0.001,-0.001,0.01,0.450,-0.002,0.000,0.000,0.000,1.000,4.25,10.77567062,106.67089371,10.51,"10°46'32.41""N, 106°40'15.22""E",FIX,
12:19:37.427,1786166377.427,TRACKING,4.037,-0.001,-0.001,0.01,0.450,-0.002,0.000,0.000,0.000,1.000,4.25,10.77567062,106.67089371,10.51,"10°46'32.41""N, 106°40'15.22""E",FIX,
12:19:37.519,1786166377.520,TRACKING,4.082,-0.001,-0.001,0.01,0.450,-0.002,0.000,0.000,0.000,1.000,4.29,10.77567062,106.67089371,10.51,"10°46'32.41""N, 106°40'15.22""E",FIX,
12:19:37.546,1786166377.546,TRACKING,4.091,-0.001,-0.001,0.01,0.450,-0.003,0.000,0.000,0.000,1.000,4.30,10.77567062,106.67089371,10.51,"10°46'32.41""N, 106°40'15.22""E",FIX,
12:19:37.601,1786166377.602,TRACKING,4.100,-0.001,-0.001,0.01,0.450,-0.002,0.000,0.000,0.000,1.000,4.33,10.77567062,106.67089371,10.51,"10°46'32.41""N, 106°40'15.22""E",FIX,
12:19:37.637,1786166377.638,TRACKING,4.109,-0.001,-0.001,0.01,0.450,-0.002,0.000,0.000,0.000,1.000,4.34,10.77567062,106.67089371,10.51,"10°46'32.41""N, 106°40'15.22""E",FIX,
12:19:37.853,1786166377.854,TRACKING,4.127,-0.001,-0.001,0.01,0.450,-0.002,0.000,0.000,0.000,1.000,4.35,10.77567062,106.67089412,10.51,"10°46'32.41""N, 106°40'15.22""E",FIX,
12:19:37.894,1786166377.894,TRACKING,4.136,-0.001,-0.001,0.01,0.450,-0.002,0.000,0.000,0.000,1.000,4.36,10.77567062,106.67089412,10.51,"10°46'32.41""N, 106°40'15.22""E",FIX,
12:19:37.919,1786166377.919,TRACKING,4.136,-0.001,-0.001,0.01,0.450,-0.002,0.000,0.000,0.000,1.000,4.36,10.77567062,106.67089412,10.51,"10°46'32.41""N, 106°40'15.22""E",FIX,
12:19:37.953,1786166377.953,TRACKING,4.172,-0.001,-0.002,0.01,0.450,-0.002,0.000,0.000,0.000,1.000,4.40,10.77567062,106.67089454,10.51,"10°46'32.41""N, 106°40'15.22""E",FIX,
12:19:37.968,1786166377.968,TRACKING,4.208,-0.002,-0.002,0.01,0.450,0.011,0.000,0.000,0.000,1.000,4.44,10.77567062,106.67089454,10.51,"10°46'32.41""N, 106°40'15.22""E",FIX,
12:19:37.992,1786166377.993,TRACKING,4.217,-0.002,-0.002,0.00,0.450,0.045,0.000,0.000,0.000,1.000,4.44,10.77567062,106.67089454,10.51,"10°46'32.41""N, 106°40'15.22""E",FIX,
12:19:38.014,1786166378.015,TRACKING,4.181,-0.001,-0.002,0.00,0.450,0.014,0.000,0.000,0.000,1.000,4.48,10.77567062,106.67089454,10.51,"10°46'32.41""N, 106°40'15.22""E",FIX,
12:19:38.027,1786166378.028,TRACKING,4.190,-0.002,-0.002,0.00,0.450,0.009,0.000,0.000,0.000,1.000,4.49,10.77567062,106.67089454,10.51,"10°46'32.41""N, 106°40'15.22""E",FIX,
12:19:38.094,1786166378.094,TRACKING,4.262,-0.002,-0.001,0.00,0.450,0.002,0.000,0.000,0.000,1.000,4.56,10.77567062,106.67089454,10.51,"10°46'32.41""N, 106°40'15.22""E",FIX,
12:19:38.174,1786166378.175,TRACKING,4.262,-0.002,-0.001,0.00,0.450,0.002,0.000,0.000,0.000,1.000,4.56,10.77567062,106.67089454,10.51,"10°46'32.41""N, 106°40'15.22""E",FIX,
12:19:38.203,1786166378.203,TRACKING,4.271,-0.002,-0.001,0.00,0.450,-0.010,0.000,0.000,0.000,1.000,4.57,10.77567062,106.67089454,10.51,"10°46'32.41""N, 106°40'15.22""E",FIX,
12:19:38.231,1786166378.232,TRACKING,4.271,-0.002,-0.001,0.01,0.450,-0.023,0.000,0.000,0.000,1.000,4.57,10.77567062,106.67089454,10.51,"10°46'32.41""N, 106°40'15.22""E",FIX,
12:19:38.327,1786166378.327,TRACKING,4.307,-0.002,-0.001,0.01,0.450,-0.010,0.000,0.000,0.000,1.000,4.61,10.77567062,106.67089495,10.51,"10°46'32.41""N, 106°40'15.22""E",FIX,
12:19:38.347,1786166378.348,TRACKING,4.307,-0.002,-0.001,0.01,0.450,-0.005,0.000,0.000,0.000,1.000,4.61,10.77567062,106.67089495,10.51,"10°46'32.41""N, 106°40'15.22""E",FIX,
12:19:38.437,1786166378.437,TRACKING,4.343,-0.002,-0.002,0.00,0.450,0.004,0.000,0.000,0.000,1.000,4.64,10.77567062,106.67089495,10.51,"10°46'32.41""N, 106°40'15.22""E",FIX,
12:19:38.453,1786166378.454,TRACKING,4.343,-0.002,-0.002,0.00,0.450,0.028,0.000,0.000,0.000,1.000,4.64,10.77567062,106.67089495,10.51,"10°46'32.41""N, 106°40'15.22""E",FIX,
12:19:38.530,1786166378.531,TRACKING,4.370,-0.002,-0.001,0.00,0.450,0.002,0.000,0.000,0.000,1.000,4.67,10.77567062,106.67089495,10.51,"10°46'32.41""N, 106°40'15.22""E",FIX,
12:19:38.544,1786166378.545,TRACKING,4.370,-0.002,-0.001,0.00,0.450,0.005,0.000,0.000,0.000,1.000,4.67,10.77567062,106.67089495,10.51,"10°46'32.41""N, 106°40'15.22""E",FIX,
12:19:38.617,1786166378.617,TRACKING,4.397,-0.002,-0.000,0.00,0.450,-0.011,0.000,0.000,0.000,1.000,4.70,10.77567061,106.67089536,10.51,"10°46'32.41""N, 106°40'15.22""E",FIX,
12:19:38.632,1786166378.632,TRACKING,4.397,-0.002,-0.000,0.01,0.450,-0.023,0.000,0.000,0.000,1.000,4.70,10.77567061,106.67089536,10.51,"10°46'32.41""N, 106°40'15.22""E",FIX,
12:19:38.728,1786166378.729,TRACKING,4.442,-0.002,-0.002,0.01,0.450,-0.004,0.000,0.000,0.000,1.000,4.74,10.77567061,106.67089536,10.51,"10°46'32.41""N, 106°40'15.22""E",FIX,
12:19:38.742,1786166378.742,TRACKING,4.442,-0.002,-0.002,0.01,0.450,-0.012,0.000,0.000,0.000,1.000,4.74,10.77567061,106.67089536,10.51,"10°46'32.41""N, 106°40'15.22""E",FIX,
12:19:38.790,1786166378.790,TRACKING,4.460,-0.002,-0.002,0.01,0.450,0.010,0.000,0.000,0.000,1.000,4.76,10.77567061,106.67089536,10.51,"10°46'32.41""N, 106°40'15.22""E",FIX,
12:19:38.802,1786166378.803,TRACKING,4.460,-0.002,-0.002,0.00,0.450,0.015,0.000,0.000,0.000,1.000,4.76,10.77567061,106.67089536,10.51,"10°46'32.41""N, 106°40'15.22""E",FIX,
12:19:38.865,1786166378.866,TRACKING,4.487,-0.002,-0.002,0.00,0.450,0.004,0.000,0.000,0.000,1.000,4.79,10.77567062,106.67089577,10.51,"10°46'32.41""N, 106°40'15.22""E",FIX,
12:19:38.878,1786166378.878,TRACKING,4.487,-0.002,-0.002,0.00,0.450,0.008,0.000,0.000,0.000,1.000,4.79,10.77567062,106.67089577,10.51,"10°46'32.41""N, 106°40'15.22""E",FIX,
12:19:38.996,1786166378.997,TRACKING,4.532,-0.002,-0.001,0.00,0.450,-0.005,0.000,0.000,0.000,1.000,4.83,10.77567062,106.67089577,10.51,"10°46'32.41""N, 106°40'15.22""E",FIX,
12:19:39.008,1786166379.008,TRACKING,4.532,-0.002,-0.001,0.01,0.450,-0.025,0.000,0.000,0.000,1.000,4.83,10.77567062,106.67089577,10.51,"10°46'32.41""N, 106°40'15.22""E",FIX,
12:19:39.061,1786166379.062,TRACKING,4.550,-0.002,-0.001,0.01,0.450,-0.006,0.000,0.000,0.000,0.583,4.85,10.77567062,106.67089577,10.51,"10°46'32.41""N, 106°40'15.22""E",FIX,
12:19:39.076,1786166379.077,TRACKING,4.550,-0.002,-0.001,0.01,0.450,-0.013,0.000,0.000,0.000,0.583,4.85,10.77567062,106.67089577,10.51,"10°46'32.41""N, 106°40'15.22""E",FIX,
12:19:39.158,1786166379.158,TRACKING,4.577,-0.002,-0.002,0.01,0.450,0.008,0.000,0.000,0.000,0.667,4.88,10.77567062,106.67089618,10.51,"10°46'32.41""N, 106°40'15.23""E",FIX,
12:19:39.171,1786166379.172,TRACKING,4.577,-0.002,-0.002,0.00,0.450,0.023,0.000,0.000,0.000,0.667,4.88,10.77567062,106.67089618,10.51,"10°46'32.41""N, 106°40'15.23""E",FIX,
12:19:39.256,1786166379.257,TRACKING,4.613,-0.002,-0.001,0.00,0.450,0.002,0.000,0.000,0.000,0.729,4.91,10.77567062,106.67089618,10.51,"10°46'32.41""N, 106°40'15.23""E",FIX,
12:19:39.273,1786166379.273,TRACKING,4.613,-0.002,-0.001,0.00,0.450,0.010,0.000,0.000,0.000,0.729,4.91,10.77567062,106.67089618,10.51,"10°46'32.41""N, 106°40'15.23""E",FIX,
12:19:39.343,1786166379.344,TRACKING,4.640,-0.002,-0.001,0.00,0.450,-0.009,0.000,0.000,0.000,0.792,4.94,10.77567062,106.67089618,10.51,"10°46'32.41""N, 106°40'15.23""E",FIX,
12:19:39.355,1786166379.356,TRACKING,4.640,-0.002,-0.001,0.01,0.450,-0.017,0.000,0.000,0.000,0.792,4.94,10.77567062,106.67089618,10.51,"10°46'32.41""N, 106°40'15.23""E",FIX,
12:19:39.429,1786166379.429,TRACKING,4.667,-0.002,-0.001,0.01,0.450,-0.005,0.000,0.000,0.000,0.854,4.97,10.77567061,106.67089659,10.51,"10°46'32.41""N, 106°40'15.23""E",FIX,
12:19:39.445,1786166379.446,TRACKING,4.667,-0.002,-0.001,0.01,0.450,-0.010,0.000,0.000,0.000,0.854,4.97,10.77567061,106.67089659,10.51,"10°46'32.41""N, 106°40'15.23""E",FIX,
12:19:39.551,1786166379.551,TRACKING,4.712,-0.002,-0.002,0.01,0.450,-0.003,0.000,0.000,0.000,0.937,5.01,10.77567061,106.67089659,10.51,"10°46'32.41""N, 106°40'15.23""E",FIX,
12:19:39.562,1786166379.563,TRACKING,4.712,-0.002,-0.002,0.01,0.450,-0.007,0.000,0.000,0.000,0.937,5.01,10.77567061,106.67089659,10.51,"10°46'32.41""N, 106°40'15.23""E",FIX,
12:19:39.649,1786166379.650,TRACKING,4.730,-0.002,-0.003,0.01,0.450,0.007,0.000,0.000,0.000,1.000,5.03,10.77567061,106.67089659,10.51,"10°46'32.41""N, 106°40'15.23""E",FIX,
12:19:39.660,1786166379.661,TRACKING,4.730,-0.002,-0.003,0.00,0.450,0.025,0.000,0.000,0.000,1.000,5.03,10.77567061,106.67089659,10.51,"10°46'32.41""N, 106°40'15.23""E",FIX,
12:19:39.729,1786166379.730,TRACKING,4.757,-0.002,-0.002,0.00,0.450,0.005,0.000,0.000,0.000,1.000,5.06,10.77567061,106.67089700,10.51,"10°46'32.41""N, 106°40'15.23""E",FIX,
12:19:39.740,1786166379.741,TRACKING,4.757,-0.002,-0.002,0.00,0.450,0.009,0.000,0.000,0.000,1.000,5.06,10.77567061,106.67089700,10.51,"10°46'32.41""N, 106°40'15.23""E",FIX,
12:19:39.836,1786166379.836,TRACKING,4.793,-0.002,-0.001,0.00,0.450,-0.005,0.000,0.000,0.000,1.000,5.09,10.77567061,106.67089700,10.51,"10°46'32.41""N, 106°40'15.23""E",FIX,
12:19:39.846,1786166379.847,TRACKING,4.793,-0.002,-0.001,0.01,0.450,-0.022,0.000,0.000,0.000,1.000,5.09,10.77567061,106.67089700,10.51,"10°46'32.41""N, 106°40'15.23""E",FIX,
12:19:39.929,1786166379.929,TRACKING,4.829,-0.002,-0.002,0.01,0.450,-0.004,0.000,0.000,0.000,1.000,5.13,10.77567061,106.67089700,10.51,"10°46'32.41""N, 106°40'15.23""E",FIX,
12:19:39.941,1786166379.941,TRACKING,4.829,-0.002,-0.002,0.01,0.450,-0.010,0.000,0.000,0.000,1.000,5.13,10.77567061,106.67089700,10.51,"10°46'32.41""N, 106°40'15.23""E",FIX,
12:19:39.983,1786166379.984,TRACKING,4.847,-0.003,-0.003,0.01,0.450,0.014,0.000,0.000,0.000,1.000,5.15,10.77567061,106.67089742,10.51,"10°46'32.41""N, 106°40'15.23""E",FIX,
12:19:39.995,1786166379.995,TRACKING,4.847,-0.003,-0.003,0.00,0.450,0.023,0.000,0.000,0.000,1.000,5.15,10.77567061,106.67089742,10.51,"10°46'32.41""N, 106°40'15.23""E",FIX,
12:19:40.088,1786166380.088,TRACKING,4.892,-0.003,-0.001,0.00,0.450,0.001,0.000,0.000,0.000,1.000,5.19,10.77567061,106.67089742,10.51,"10°46'32.41""N, 106°40'15.23""E",FIX,
12:19:40.099,1786166380.099,TRACKING,4.892,-0.003,-0.001,0.00,0.450,0.010,0.000,0.000,0.000,1.000,5.19,10.77567061,106.67089742,10.51,"10°46'32.41""N, 106°40'15.23""E",FIX,
12:19:40.183,1786166380.183,TRACKING,4.910,-0.003,-0.001,0.00,0.450,-0.010,0.000,0.000,0.000,1.000,5.21,10.77567061,106.67089742,10.51,"10°46'32.41""N, 106°40'15.23""E",FIX,
12:19:40.198,1786166380.198,TRACKING,4.910,-0.003,-0.001,0.01,0.450,-0.025,0.000,0.000,0.000,1.000,5.21,10.77567061,106.67089742,10.51,"10°46'32.41""N, 106°40'15.23""E",FIX,
12:19:40.290,1786166380.291,TRACKING,4.937,-0.003,-0.001,0.01,0.450,-0.006,0.000,0.000,0.000,1.000,5.24,10.77567061,106.67089783,10.51,"10°46'32.41""N, 106°40'15.23""E",FIX,
12:19:40.303,1786166380.304,TRACKING,4.937,-0.003,-0.001,0.01,0.450,-0.009,0.000,0.000,0.000,1.000,5.24,10.77567061,106.67089783,10.51,"10°46'32.41""N, 106°40'15.23""E",FIX,
12:19:40.419,1786166380.419,TRACKING,4.982,-0.003,-0.002,0.01,0.450,0.003,0.000,0.000,0.000,1.000,5.28,10.77567061,106.67089783,10.51,"10°46'32.41""N, 106°40'15.23""E",FIX,
12:19:40.431,1786166380.432,TRACKING,4.982,-0.003,-0.002,0.00,0.450,0.046,0.000,0.000,0.000,1.000,5.28,10.77567061,106.67089783,10.51,"10°46'32.41""N, 106°40'15.23""E",FIX,
12:19:40.508,1786166380.508,TRACKING,5.000,-0.003,-0.001,0.00,0.450,0.003,0.000,0.000,0.000,1.000,5.30,10.77567061,106.67089783,10.51,"10°46'32.41""N, 106°40'15.23""E",FIX,
12:19:40.519,1786166380.519,TRACKING,5.000,-0.003,-0.001,0.00,0.450,0.010,0.000,0.000,0.000,1.000,5.30,10.77567061,106.67089783,10.51,"10°46'32.41""N, 106°40'15.23""E",FIX,
12:19:40.573,1786166380.574,TRACKING,5.027,-0.003,0.000,0.00,0.450,-0.011,0.000,0.000,0.000,1.000,5.33,10.77567061,106.67089824,10.51,"10°46'32.41""N, 106°40'15.23""E",FIX,
12:19:40.588,1786166380.588,TRACKING,5.027,-0.003,0.000,0.01,0.450,-0.028,0.000,0.000,0.000,1.000,5.33,10.77567061,106.67089824,10.51,"10°46'32.41""N, 106°40'15.23""E",FIX,
12:19:40.677,1786166380.678,TRACKING,5.063,-0.003,-0.001,0.01,0.450,-0.004,0.000,0.000,0.000,1.000,5.36,10.77567061,106.67089824,10.51,"10°46'32.41""N, 106°40'15.23""E",FIX,
12:19:40.691,1786166380.692,TRACKING,5.063,-0.003,-0.001,0.01,0.450,-0.009,0.000,0.000,0.000,1.000,5.36,10.77567061,106.67089824,10.51,"10°46'32.41""N, 106°40'15.23""E",FIX,
12:19:40.800,1786166380.800,TRACKING,5.099,-0.003,-0.002,0.01,0.450,0.004,0.000,0.000,0.000,1.000,5.40,10.77567061,106.67089824,10.51,"10°46'32.41""N, 106°40'15.23""E",FIX,
12:19:40.812,1786166380.812,TRACKING,5.099,-0.003,-0.002,0.00,0.450,0.023,0.000,0.000,0.000,1.000,5.40,10.77567061,106.67089824,10.51,"10°46'32.41""N, 106°40'15.23""E",FIX,
12:19:40.882,1786166380.882,TRACKING,5.117,-0.003,-0.002,0.00,0.450,0.004,0.000,0.000,0.000,1.000,5.42,10.77567061,106.67089865,10.51,"10°46'32.41""N, 106°40'15.24""E",FIX,
12:19:40.895,1786166380.896,TRACKING,5.117,-0.003,-0.002,0.00,0.450,0.008,0.000,0.000,0.000,1.000,5.42,10.77567061,106.67089865,10.51,"10°46'32.41""N, 106°40'15.24""E",FIX,
12:19:40.972,1786166380.973,TRACKING,5.153,-0.003,-0.001,0.00,0.450,0.001,0.000,0.000,0.000,1.000,5.45,10.77567061,106.67089865,10.51,"10°46'32.41""N, 106°40'15.24""E",FIX,
12:19:40.985,1786166380.986,TRACKING,5.153,-0.003,-0.001,0.00,0.450,0.004,0.000,0.000,0.000,1.000,5.45,10.77567061,106.67089865,10.51,"10°46'32.41""N, 106°40'15.24""E",FIX,
12:19:41.065,1786166381.066,TRACKING,5.180,-0.003,-0.001,0.00,0.450,0.000,0.000,0.000,0.000,1.000,5.48,10.77567061,106.67089865,10.51,"10°46'32.41""N, 106°40'15.24""E",FIX,
12:19:41.080,1786166381.080,TRACKING,5.180,-0.003,-0.001,0.00,0.450,0.002,0.000,0.000,0.000,1.000,5.48,10.77567061,106.67089865,10.51,"10°46'32.41""N, 106°40'15.24""E",FIX,
12:19:41.136,1786166381.136,TRACKING,5.207,-0.003,-0.001,0.00,0.450,0.000,0.000,0.000,0.000,1.000,5.51,10.77567061,106.67089906,10.51,"10°46'32.41""N, 106°40'15.24""E",FIX,
12:19:41.149,1786166381.149,TRACKING,5.207,-0.003,-0.001,0.00,0.450,0.001,0.000,0.000,0.000,1.000,5.51,10.77567061,106.67089906,10.51,"10°46'32.41""N, 106°40'15.24""E",FIX,
12:19:41.229,1786166381.229,TRACKING,5.234,-0.003,-0.001,0.00,0.450,0.000,0.000,0.000,0.000,1.000,5.53,10.77567061,106.67089906,10.51,"10°46'32.41""N, 106°40'15.24""E",FIX,
12:19:41.243,1786166381.243,TRACKING,5.234,-0.003,-0.001,0.00,0.450,0.000,0.000,0.000,0.000,1.000,5.53,10.77567061,106.67089906,10.51,"10°46'32.41""N, 106°40'15.24""E",FIX,
12:19:41.309,1786166381.309,TRACKING,5.261,-0.003,-0.001,0.00,0.450,0.000,0.000,0.000,0.000,1.000,5.56,10.77567061,106.67089906,10.51,"10°46'32.41""N, 106°40'15.24""E",FIX,
12:19:41.323,1786166381.324,TRACKING,5.261,-0.003,-0.001,0.00,0.450,0.000,0.000,0.000,0.000,1.000,5.56,10.77567061,106.67089906,10.51,"10°46'32.41""N, 106°40'15.24""E",FIX,
12:19:41.420,1786166381.421,TRACKING,5.297,-0.003,-0.001,-0.00,0.450,0.006,0.000,0.000,0.000,1.000,5.60,10.77567061,106.67089947,10.51,"10°46'32.41""N, 106°40'15.24""E",FIX,
12:19:41.431,1786166381.432,TRACKING,5.297,-0.003,-0.001,-0.01,0.450,0.032,0.000,0.000,0.000,1.000,5.60,10.77567061,106.67089947,10.51,"10°46'32.41""N, 106°40'15.24""E",FIX,
12:19:41.493,1786166381.493,TRACKING,5.324,-0.003,0.000,-0.01,0.450,0.025,0.000,0.000,0.000,0.812,5.62,10.77567061,106.67089947,10.51,"10°46'32.41""N, 106°40'15.24""E",FIX,
12:19:41.505,1786166381.505,TRACKING,5.324,-0.003,0.000,-0.02,0.450,0.053,0.000,0.000,0.000,0.812,5.62,10.77567061,106.67089947,10.51,"10°46'32.41""N, 106°40'15.24""E",FIX,
12:19:41.595,1786166381.595,TRACKING,5.351,-0.003,0.003,-0.02,0.450,0.005,0.000,0.000,0.000,0.583,5.65,10.77567061,106.67089947,10.51,"10°46'32.41""N, 106°40'15.24""E",FIX,
12:19:41.607,1786166381.608,TRACKING,5.351,-0.003,0.003,-0.02,0.450,0.005,0.000,0.000,0.000,0.583,5.65,10.77567061,106.67089947,10.51,"10°46'32.41""N, 106°40'15.24""E",FIX,
12:19:41.679,1786166381.680,TRACKING,5.387,-0.003,0.005,-0.02,0.450,-0.003,0.000,0.000,0.000,0.646,5.69,10.77567061,106.67089988,10.51,"10°46'32.41""N, 106°40'15.24""E",FIX,
12:19:41.690,1786166381.690,TRACKING,5.387,-0.003,0.005,-0.01,0.450,-0.024,0.000,0.000,0.000,0.646,5.69,10.77567061,106.67089988,10.51,"10°46'32.41""N, 106°40'15.24""E",FIX,
12:19:41.746,1786166381.746,TRACKING,5.414,-0.003,0.004,-0.01,0.450,-0.001,0.000,0.000,0.000,0.708,5.71,10.77567061,106.67089988,10.51,"10°46'32.41""N, 106°40'15.24""E",FIX,
12:19:41.757,1786166381.757,TRACKING,5.414,-0.003,0.004,-0.01,0.450,-0.009,0.000,0.000,0.000,0.708,5.71,10.77567061,106.67089988,10.51,"10°46'32.41""N, 106°40'15.24""E",FIX,
12:19:41.840,1786166381.840,TRACKING,5.441,-0.003,0.003,-0.01,0.450,0.002,0.000,0.000,0.000,0.771,5.74,10.77567061,106.67089988,10.51,"10°46'32.41""N, 106°40'15.24""E",FIX,
12:19:41.853,1786166381.854,TRACKING,5.441,-0.003,0.003,-0.01,0.450,-0.002,0.000,0.000,0.000,0.771,5.74,10.77567061,106.67089988,10.51,"10°46'32.41""N, 106°40'15.24""E",FIX,
12:19:41.935,1786166381.936,TRACKING,5.477,-0.003,0.003,-0.01,0.450,0.002,0.000,0.000,0.000,0.854,5.78,10.77567061,106.67090030,10.51,"10°46'32.41""N, 106°40'15.24""E",FIX,
12:19:41.951,1786166381.951,TRACKING,5.477,-0.003,0.003,-0.01,0.450,0.001,0.000,0.000,0.000,0.854,5.78,10.77567061,106.67090030,10.51,"10°46'32.41""N, 106°40'15.24""E",FIX,
12:19:42.004,1786166382.004,TRACKING,5.504,-0.003,0.003,-0.01,0.450,0.002,0.000,0.000,0.000,0.917,5.80,10.77567061,106.67090030,10.51,"10°46'32.41""N, 106°40'15.24""E",FIX,
12:19:42.015,1786166382.015,TRACKING,5.504,-0.003,0.003,-0.01,0.450,0.001,0.000,0.000,0.000,0.917,5.80,10.77567061,106.67090030,10.51,"10°46'32.41""N, 106°40'15.24""E",FIX,
12:19:42.097,1786166382.098,TRACKING,5.522,-0.002,0.003,-0.01,0.450,0.014,0.000,0.000,0.000,1.000,5.82,10.77567061,106.67090030,10.51,"10°46'32.41""N, 106°40'15.24""E",FIX,
12:19:42.110,1786166382.111,TRACKING,5.522,-0.002,0.003,-0.01,0.450,0.031,0.000,0.000,0.000,1.000,5.82,10.77567061,106.67090030,10.51,"10°46'32.41""N, 106°40'15.24""E",FIX,
12:19:42.229,1786166382.230,TRACKING,5.567,-0.002,0.005,-0.01,0.450,0.001,0.000,0.000,0.000,1.000,5.87,10.77567061,106.67090071,10.51,"10°46'32.41""N, 106°40'15.24""E",FIX,
12:19:42.242,1786166382.242,TRACKING,5.567,-0.002,0.005,-0.01,0.450,-0.013,0.000,0.000,0.000,1.000,5.87,10.77567061,106.67090071,10.51,"10°46'32.41""N, 106°40'15.24""E",FIX,
12:19:42.295,1786166382.295,TRACKING,5.594,-0.002,0.006,-0.01,0.450,-0.011,0.000,0.000,0.000,1.000,5.89,10.77567061,106.67090071,10.51,"10°46'32.41""N, 106°40'15.24""E",FIX,
12:19:42.308,1786166382.308,TRACKING,5.594,-0.002,0.006,-0.00,0.450,-0.023,0.000,0.000,0.000,1.000,5.89,10.77567061,106.67090071,10.51,"10°46'32.41""N, 106°40'15.24""E",FIX,
12:19:42.382,1786166382.382,TRACKING,5.612,-0.002,0.005,-0.01,0.450,0.011,0.000,0.000,0.000,1.000,5.91,10.77567061,106.67090071,10.51,"10°46'32.41""N, 106°40'15.24""E",FIX,
12:19:42.393,1786166382.394,TRACKING,5.612,-0.002,0.005,-0.01,0.450,0.013,0.000,0.000,0.000,1.000,5.91,10.77567061,106.67090071,10.51,"10°46'32.41""N, 106°40'15.24""E",FIX,
12:19:42.494,1786166382.494,TRACKING,5.648,-0.002,0.006,-0.01,0.450,0.003,0.000,0.000,0.000,1.000,5.95,10.77567061,106.67090071,10.51,"10°46'32.41""N, 106°40'15.24""E",FIX,
12:19:42.507,1786166382.508,TRACKING,5.648,-0.002,0.006,-0.01,0.450,0.006,0.000,0.000,0.000,1.000,5.95,10.77567061,106.67090071,10.51,"10°46'32.41""N, 106°40'15.24""E",FIX,
12:19:42.578,1786166382.578,TRACKING,5.684,-0.002,0.006,-0.01,0.450,0.003,0.000,0.000,0.000,1.000,5.98,10.77567061,106.67090112,10.51,"10°46'32.41""N, 106°40'15.24""E",FIX,
12:19:42.589,1786166382.590,TRACKING,5.684,-0.002,0.006,-0.01,0.450,0.004,0.000,0.000,0.000,1.000,5.98,10.77567061,106.67090112,10.51,"10°46'32.41""N, 106°40'15.24""E",FIX,
12:19:42.651,1786166382.651,TRACKING,5.702,-0.002,0.007,-0.01,0.450,0.003,0.000,0.000,0.000,1.000,6.00,10.77567061,106.67090112,10.51,"10°46'32.41""N, 106°40'15.24""E",FIX,
12:19:42.663,1786166382.664,TRACKING,5.702,-0.002,0.007,-0.01,0.450,0.003,0.000,0.000,0.000,1.000,6.00,10.77567061,106.67090112,10.51,"10°46'32.41""N, 106°40'15.24""E",FIX,
12:19:42.768,1786166382.768,TRACKING,5.738,-0.001,0.007,-0.01,0.450,-0.003,0.000,0.000,0.000,1.000,6.04,10.77567061,106.67090112,10.51,"10°46'32.41""N, 106°40'15.24""E",FIX,
12:19:42.780,1786166382.780,TRACKING,5.738,-0.001,0.007,-0.00,0.450,-0.018,0.000,0.000,0.000,1.000,6.04,10.77567061,106.67090112,10.51,"10°46'32.41""N, 106°40'15.24""E",FIX,
12:19:42.851,1786166382.852,TRACKING,5.774,-0.001,0.006,-0.00,0.450,-0.002,0.000,0.000,0.000,1.000,6.07,10.77567061,106.67090153,10.51,"10°46'32.41""N, 106°40'15.25""E",FIX,
12:19:42.867,1786166382.868,TRACKING,5.774,-0.001,0.006,-0.00,0.450,-0.011,0.000,0.000,0.000,1.000,6.07,10.77567061,106.67090153,10.51,"10°46'32.41""N, 106°40'15.25""E",FIX,
12:19:42.932,1786166382.933,TRACKING,5.792,-0.001,0.006,-0.00,0.450,0.011,0.000,0.000,0.000,1.000,6.09,10.77567061,106.67090153,10.51,"10°46'32.41""N, 106°40'15.25""E",FIX,
12:19:42.946,1786166382.946,TRACKING,5.792,-0.001,0.006,-0.01,0.450,0.022,0.000,0.000,0.000,1.000,6.09,10.77567061,106.67090153,10.51,"10°46'32.41""N, 106°40'15.25""E",FIX,
12:19:43.026,1786166383.026,TRACKING,5.828,-0.001,0.007,-0.01,0.450,0.004,0.000,0.000,0.000,1.000,6.13,10.77567061,106.67090153,10.51,"10°46'32.41""N, 106°40'15.25""E",FIX,
12:19:43.039,1786166383.040,TRACKING,5.828,-0.001,0.007,-0.01,0.450,0.011,0.000,0.000,0.000,1.000,6.13,10.77567061,106.67090153,10.51,"10°46'32.41""N, 106°40'15.25""E",FIX,
12:19:43.125,1786166383.126,TRACKING,5.864,-0.000,0.008,-0.01,0.450,-0.004,0.000,0.000,0.000,1.000,6.16,10.77567061,106.67090194,10.51,"10°46'32.41""N, 106°40'15.25""E",FIX,
12:19:43.139,1786166383.140,TRACKING,5.864,-0.000,0.008,-0.00,0.450,-0.023,0.000,0.000,0.000,1.000,6.16,10.77567061,106.67090194,10.51,"10°46'32.41""N, 106°40'15.25""E",FIX,
12:19:43.194,1786166383.195,TRACKING,5.882,-0.000,0.008,-0.00,0.450,-0.004,0.000,0.000,0.000,1.000,6.18,10.77567061,106.67090194,10.51,"10°46'32.41""N, 106°40'15.25""E",FIX,
12:19:43.207,1786166383.208,TRACKING,5.882,-0.000,0.008,-0.00,0.450,-0.009,0.000,0.000,0.000,1.000,6.18,10.77567061,106.67090194,10.51,"10°46'32.41""N, 106°40'15.25""E",FIX,
12:19:43.296,1786166383.297,TRACKING,5.918,-0.000,0.007,-0.00,0.450,0.006,0.000,0.000,0.000,1.000,6.22,10.77567061,106.67090194,10.51,"10°46'32.41""N, 106°40'15.25""E",FIX,
12:19:43.311,1786166383.311,TRACKING,5.918,-0.000,0.007,-0.01,0.450,0.023,0.000,0.000,0.000,1.000,6.22,10.77567061,106.67090194,10.51,"10°46'32.41""N, 106°40'15.25""E",FIX,
12:19:43.370,1786166383.371,TRACKING,5.945,0.000,0.007,-0.01,0.450,0.005,0.000,0.000,0.000,1.000,6.24,10.77567061,106.67090235,10.51,"10°46'32.41""N, 106°40'15.25""E",FIX,
12:19:43.384,1786166383.385,TRACKING,5.945,0.000,0.007,-0.01,0.450,0.010,0.000,0.000,0.000,1.000,6.24,10.77567061,106.67090235,10.51,"10°46'32.41""N, 106°40'15.25""E",FIX,
12:19:43.462,1786166383.462,TRACKING,5.972,0.000,0.008,-0.01,0.450,-0.007,0.000,0.000,0.000,1.000,6.27,10.77567061,106.67090235,10.51,"10°46'32.41""N, 106°40'15.25""E",FIX,
12:19:43.478,1786166383.478,TRACKING,5.972,0.000,0.008,-0.00,0.450,-0.023,0.000,0.000,0.000,1.000,6.27,10.77567061,106.67090235,10.51,"10°46'32.41""N, 106°40'15.25""E",FIX,
12:19:43.572,1786166383.573,TRACKING,6.008,0.001,0.007,-0.00,0.450,-0.001,0.000,0.000,0.000,1.000,6.31,10.77567061,106.67090235,10.51,"10°46'32.41""N, 106°40'15.25""E",FIX,
12:19:43.585,1786166383.585,TRACKING,6.008,0.001,0.007,-0.00,0.450,-0.007,0.000,0.000,0.000,1.000,6.31,10.77567061,106.67090235,10.51,"10°46'32.41""N, 106°40'15.25""E",FIX,
12:19:43.658,1786166383.659,TRACKING,6.044,0.001,0.006,-0.00,0.450,0.007,0.000,0.000,0.000,1.000,6.34,10.77567061,106.67090276,10.51,"10°46'32.41""N, 106°40'15.25""E",FIX,
12:19:43.671,1786166383.671,TRACKING,6.044,0.001,0.006,-0.01,0.450,0.021,0.000,0.000,0.000,1.000,6.34,10.77567061,106.67090276,10.51,"10°46'32.41""N, 106°40'15.25""E",FIX,
12:19:43.725,1786166383.726,TRACKING,6.062,0.001,0.006,-0.01,0.450,0.006,0.000,0.000,0.000,1.000,6.36,10.77567061,106.67090276,10.51,"10°46'32.41""N, 106°40'15.25""E",FIX,
12:19:43.739,1786166383.739,TRACKING,6.062,0.001,0.006,-0.01,0.450,0.012,0.000,0.000,0.000,1.000,6.36,10.77567061,106.67090276,10.51,"10°46'32.41""N, 106°40'15.25""E",FIX,
12:19:43.824,1786166383.825,TRACKING,6.098,0.001,0.007,-0.01,0.450,-0.004,0.000,0.000,0.000,1.000,6.40,10.77567061,106.67090276,10.51,"10°46'32.41""N, 106°40'15.25""E",FIX,
12:19:43.838,1786166383.838,TRACKING,6.098,0.001,0.007,-0.00,0.450,-0.025,0.000,0.000,0.000,1.000,6.40,10.77567061,106.67090276,10.51,"10°46'32.41""N, 106°40'15.25""E",FIX,
12:19:43.914,1786166383.914,TRACKING,6.134,0.001,0.006,0.00,0.450,-0.010,0.000,0.000,0.000,1.000,6.43,10.77567061,106.67090318,10.51,"10°46'32.41""N, 106°40'15.25""E",FIX,
12:19:43.928,1786166383.929,TRACKING,6.134,0.001,0.006,0.00,0.450,-0.028,0.000,0.000,0.000,1.000,6.43,10.77567061,106.67090318,10.51,"10°46'32.41""N, 106°40'15.25""E",FIX,
12:19:43.984,1786166383.985,TRACKING,6.152,0.002,0.005,0.01,0.450,-0.011,0.000,0.000,0.000,0.583,6.45,10.77567061,106.67090318,10.51,"10°46'32.41""N, 106°40'15.25""E",FIX,
12:19:43.998,1786166383.998,TRACKING,6.152,0.002,0.005,0.01,0.450,-0.018,0.000,0.000,0.000,0.583,6.45,10.77567061,106.67090318,10.51,"10°46'32.41""N, 106°40'15.25""E",FIX,
12:19:44.097,1786166384.097,TRACKING,6.188,0.002,0.004,0.01,0.450,-0.003,0.000,0.000,0.000,0.667,6.49,10.77567061,106.67090318,10.51,"10°46'32.41""N, 106°40'15.25""E",FIX,
12:19:44.112,1786166384.112,TRACKING,6.188,0.002,0.004,0.01,0.450,-0.007,0.000,0.000,0.000,0.667,6.49,10.77567061,106.67090318,10.51,"10°46'32.41""N, 106°40'15.25""E",FIX,
12:19:44.189,1786166384.189,TRACKING,6.215,0.002,0.003,0.01,0.450,-0.003,0.000,0.000,0.000,0.729,6.51,10.77567062,106.67090359,10.51,"10°46'32.41""N, 106°40'15.25""E",FIX,
12:19:44.202,1786166384.202,TRACKING,6.215,0.002,0.003,0.01,0.450,-0.005,0.000,0.000,0.000,0.729,6.51,10.77567062,106.67090359,10.51,"10°46'32.41""N, 106°40'15.25""E",FIX,
12:19:44.257,1786166384.258,TRACKING,6.242,0.002,0.003,0.01,0.450,0.012,0.000,0.000,0.000,0.812,6.54,10.77567062,106.67090359,10.51,"10°46'32.41""N, 106°40'15.25""E",FIX,
12:19:44.271,1786166384.272,TRACKING,6.242,0.002,0.003,0.00,0.450,0.019,0.000,0.000,0.000,0.812,6.54,10.77567062,106.67090359,10.51,"10°46'32.41""N, 106°40'15.25""E",FIX,
12:19:44.358,1786166384.359,TRACKING,6.278,0.002,0.004,0.00,0.450,0.002,0.000,0.000,0.000,0.875,6.58,10.77567062,106.67090359,10.51,"10°46'32.41""N, 106°40'15.25""E",FIX,
12:19:44.373,1786166384.373,TRACKING,6.278,0.002,0.004,0.00,0.450,0.011,0.000,0.000,0.000,0.875,6.58,10.77567062,106.67090359,10.51,"10°46'32.41""N, 106°40'15.25""E",FIX,
12:19:44.456,1786166384.457,TRACKING,6.314,0.002,0.005,0.00,0.450,-0.007,0.000,0.000,0.000,0.958,6.61,10.77567062,106.67090400,10.51,"10°46'32.41""N, 106°40'15.25""E",FIX,
12:19:44.471,1786166384.472,TRACKING,6.314,0.002,0.005,0.01,0.450,-0.022,0.000,0.000,0.000,0.958,6.61,10.77567062,106.67090400,10.51,"10°46'32.41""N, 106°40'15.25""E",FIX,
12:19:44.530,1786166384.531,TRACKING,6.332,0.002,0.005,0.01,0.450,-0.006,0.000,0.000,0.000,1.000,6.63,10.77567062,106.67090400,10.51,"10°46'32.41""N, 106°40'15.25""E",FIX,
12:19:44.546,1786166384.546,TRACKING,6.332,0.002,0.005,0.01,0.450,-0.013,0.000,0.000,0.000,1.000,6.63,10.77567062,106.67090400,10.51,"10°46'32.41""N, 106°40'15.25""E",FIX,
12:19:44.636,1786166384.637,TRACKING,6.368,0.002,0.003,0.01,0.450,-0.003,0.000,0.000,0.000,1.000,6.67,10.77567062,106.67090400,10.51,"10°46'32.41""N, 106°40'15.25""E",FIX,
12:19:44.651,1786166384.651,TRACKING,6.368,0.002,0.003,0.01,0.450,-0.007,0.000,0.000,0.000,1.000,6.67,10.77567062,106.67090400,10.51,"10°46'32.41""N, 106°40'15.25""E",FIX,
12:19:44.728,1786166384.729,TRACKING,6.395,0.002,0.003,0.01,0.450,-0.003,0.000,0.000,0.000,1.000,6.69,10.77567062,106.67090441,10.51,"10°46'32.41""N, 106°40'15.26""E",FIX,
12:19:44.746,1786166384.747,TRACKING,6.395,0.002,0.003,0.01,0.450,-0.004,0.000,0.000,0.000,1.000,6.69,10.77567062,106.67090441,10.51,"10°46'32.41""N, 106°40'15.26""E",FIX,
12:19:44.807,1786166384.808,TRACKING,6.422,0.003,0.003,0.01,0.450,-0.003,0.000,0.000,0.000,1.000,6.72,10.77567062,106.67090441,10.51,"10°46'32.41""N, 106°40'15.26""E",FIX,
12:19:44.823,1786166384.823,TRACKING,6.422,0.003,0.003,0.01,0.450,-0.003,0.000,0.000,0.000,1.000,6.72,10.77567062,106.67090441,10.51,"10°46'32.41""N, 106°40'15.26""E",FIX,
12:19:44.899,1786166384.900,TRACKING,6.458,0.003,0.002,0.01,0.450,-0.002,0.000,0.000,0.000,1.000,6.76,10.77567062,106.67090441,10.51,"10°46'32.41""N, 106°40'15.26""E",FIX,
12:19:44.914,1786166384.915,TRACKING,6.458,0.003,0.002,0.01,0.450,-0.003,0.000,0.000,0.000,1.000,6.76,10.77567062,106.67090441,10.51,"10°46'32.41""N, 106°40'15.26""E",FIX,
12:19:44.981,1786166384.981,TRACKING,6.485,0.003,0.002,0.01,0.450,0.008,0.000,0.000,0.000,1.000,6.78,10.77567062,106.67090482,10.51,"10°46'32.41""N, 106°40'15.26""E",FIX,
12:19:44.994,1786166384.995,TRACKING,6.485,0.003,0.002,0.00,0.450,0.017,0.000,0.000,0.000,1.000,6.78,10.77567062,106.67090482,10.51,"10°46'32.41""N, 106°40'15.26""E",FIX,
12:19:45.065,1786166385.066,TRACKING,6.512,0.003,0.003,0.01,0.450,-0.007,0.000,0.000,0.000,1.000,6.81,10.77567062,106.67090482,10.51,"10°46'32.41""N, 106°40'15.26""E",FIX,
12:19:45.082,1786166385.082,TRACKING,6.512,0.003,0.003,0.01,0.450,-0.016,0.000,0.000,0.000,1.000,6.81,10.77567062,106.67090482,10.51,"10°46'32.41""N, 106°40'15.26""E",FIX,
12:19:45.176,1786166385.177,TRACKING,6.548,0.003,0.002,0.01,0.450,-0.004,0.000,0.000,0.000,1.000,6.85,10.77567062,106.67090482,10.51,"10°46'32.41""N, 106°40'15.26""E",FIX,
12:19:45.191,1786166385.192,TRACKING,6.548,0.003,0.002,0.01,0.450,-0.007,0.000,0.000,0.000,1.000,6.85,10.77567062,106.67090482,10.51,"10°46'32.41""N, 106°40'15.26""E",FIX,
12:19:45.293,1786166385.293,TRACKING,6.575,0.003,0.001,0.01,0.450,0.005,0.000,0.000,0.000,1.000,6.87,10.77567062,106.67090523,10.51,"10°46'32.41""N, 106°40'15.26""E",FIX,
12:19:45.309,1786166385.309,TRACKING,6.575,0.003,0.001,0.00,0.450,0.022,0.000,0.000,0.000,1.000,6.87,10.77567062,106.67090523,10.51,"10°46'32.41""N, 106°40'15.26""E",FIX,
12:19:45.402,1786166385.402,TRACKING,6.602,0.003,0.002,0.00,0.450,0.003,0.000,0.000,0.000,1.000,6.90,10.77567062,106.67090523,10.51,"10°46'32.41""N, 106°40'15.26""E",FIX,
12:19:45.421,1786166385.421,TRACKING,6.602,0.003,0.002,0.00,0.450,0.004,0.000,0.000,0.000,1.000,6.90,10.77567062,106.67090523,10.51,"10°46'32.41""N, 106°40'15.26""E",FIX,
12:19:45.507,1786166385.508,TRACKING,6.638,0.003,0.003,0.00,0.450,-0.008,0.000,0.000,0.000,1.000,6.94,10.77567062,106.67090523,10.51,"10°46'32.41""N, 106°40'15.26""E",FIX,
12:19:45.525,1786166385.526,TRACKING,6.638,0.003,0.003,0.01,0.450,-0.025,0.000,0.000,0.000,1.000,6.94,10.77567062,106.67090523,10.51,"10°46'32.41""N, 106°40'15.26""E",FIX,
12:19:45.619,1786166385.620,TRACKING,6.656,0.003,0.002,0.01,0.450,-0.006,0.000,0.000,0.000,1.000,6.96,10.77567062,106.67090564,10.51,"10°46'32.41""N, 106°40'15.26""E",FIX,
12:19:45.640,1786166385.641,TRACKING,6.656,0.003,0.002,0.01,0.450,-0.012,0.000,0.000,0.000,1.000,6.96,10.77567062,106.67090564,10.51,"10°46'32.41""N, 106°40'15.26""E",FIX,
12:19:45.729,1786166385.729,TRACKING,6.692,0.003,0.001,0.01,0.450,-0.003,0.000,0.000,0.000,1.000,6.99,10.77567062,106.67090564,10.51,"10°46'32.41""N, 106°40'15.26""E",FIX,
12:19:45.743,1786166385.743,TRACKING,6.692,0.003,0.001,0.01,0.450,-0.005,0.000,0.000,0.000,1.000,6.99,10.77567062,106.67090564,10.51,"10°46'32.41""N, 106°40'15.26""E",FIX,
12:19:45.849,1786166385.850,TRACKING,6.728,0.003,0.001,0.01,0.450,0.004,0.000,0.000,0.000,1.000,7.03,10.77567062,106.67090564,10.51,"10°46'32.41""N, 106°40'15.26""E",FIX,
12:19:45.866,1786166385.866,TRACKING,6.728,0.003,0.001,0.00,0.450,0.021,0.000,0.000,0.000,1.000,7.03,10.77567062,106.67090564,10.51,"10°46'32.41""N, 106°40'15.26""E",FIX,
12:19:45.918,1786166385.919,TRACKING,6.746,0.003,0.001,0.00,0.450,0.005,0.000,0.000,0.000,1.000,7.05,10.77567062,106.67090606,10.51,"10°46'32.41""N, 106°40'15.26""E",FIX,
12:19:45.934,1786166385.935,TRACKING,6.746,0.003,0.001,0.00,0.450,0.008,0.000,0.000,0.000,1.000,7.05,10.77567062,106.67090606,10.51,"10°46'32.41""N, 106°40'15.26""E",FIX,
12:19:46.037,1786166386.038,TRACKING,6.782,0.003,0.002,0.00,0.450,-0.007,0.000,0.000,0.000,1.000,7.08,10.77567062,106.67090606,10.51,"10°46'32.41""N, 106°40'15.26""E",FIX,
12:19:46.050,1786166386.051,TRACKING,6.782,0.003,0.002,0.01,0.450,-0.025,0.000,0.000,0.000,1.000,7.08,10.77567062,106.67090606,10.51,"10°46'32.41""N, 106°40'15.26""E",FIX,
12:19:46.122,1786166386.122,TRACKING,6.809,0.003,0.001,0.01,0.450,-0.005,0.000,0.000,0.000,1.000,7.11,10.77567062,106.67090606,10.51,"10°46'32.41""N, 106°40'15.26""E",FIX,
12:19:46.137,1786166386.137,TRACKING,6.809,0.003,0.001,0.01,0.450,-0.012,0.000,0.000,0.000,1.000,7.11,10.77567062,106.67090606,10.51,"10°46'32.41""N, 106°40'15.26""E",FIX,
12:19:46.212,1786166386.213,TRACKING,6.836,0.003,0.000,0.01,0.450,-0.004,0.000,0.000,0.000,1.000,7.14,10.77567062,106.67090647,10.51,"10°46'32.41""N, 106°40'15.26""E",FIX,
12:19:46.225,1786166386.225,TRACKING,6.836,0.003,0.000,0.01,0.450,-0.005,0.000,0.000,0.000,1.000,7.14,10.77567062,106.67090647,10.51,"10°46'32.41""N, 106°40'15.26""E",FIX,
12:19:46.306,1786166386.307,TRACKING,6.872,0.003,-0.001,0.01,0.450,0.005,0.000,0.000,0.000,1.000,7.17,10.77567062,106.67090647,10.51,"10°46'32.41""N, 106°40'15.26""E",FIX,
12:19:46.323,1786166386.323,TRACKING,6.872,0.003,-0.001,0.00,0.450,0.021,0.000,0.000,0.000,1.000,7.17,10.77567062,106.67090647,10.51,"10°46'32.41""N, 106°40'15.26""E",FIX,
12:19:46.395,1786166386.395,TRACKING,6.899,0.003,0.000,0.01,0.450,-0.006,0.000,0.000,0.000,1.000,7.20,10.77567062,106.67090647,10.51,"10°46'32.41""N, 106°40'15.26""E",FIX,
12:19:46.409,1786166386.410,TRACKING,6.899,0.003,0.000,0.01,0.450,-0.012,0.000,0.000,0.000,1.000,7.20,10.77567062,106.67090647,10.51,"10°46'32.41""N, 106°40'15.26""E",FIX,
12:19:46.482,1786166386.483,TRACKING,6.935,0.003,0.000,0.01,0.450,-0.004,0.000,0.000,0.000,0.625,7.23,10.77567062,106.67090688,10.51,"10°46'32.41""N, 106°40'15.26""E",FIX,
12:19:46.494,1786166386.495,TRACKING,6.935,0.003,0.000,0.01,0.450,-0.008,0.000,0.000,0.000,0.625,7.23,10.77567062,106.67090688,10.51,"10°46'32.41""N, 106°40'15.26""E",FIX,
12:19:46.559,1786166386.560,TRACKING,6.962,0.003,-0.000,0.01,0.450,-0.003,0.000,0.000,0.000,0.583,7.26,10.77567062,106.67090688,10.51,"10°46'32.41""N, 106°40'15.26""E",FIX,
12:19:46.571,1786166386.572,TRACKING,6.962,0.003,-0.000,0.01,0.450,-0.005,0.000,0.000,0.000,0.583,7.26,10.77567062,106.67090688,10.51,"10°46'32.41""N, 106°40'15.26""E",FIX,
12:19:46.637,1786166386.638,TRACKING,6.989,0.003,-0.001,0.01,0.450,-0.003,0.000,0.000,0.000,0.667,7.29,10.77567062,106.67090688,10.51,"10°46'32.41""N, 106°40'15.26""E",FIX,
12:19:46.650,1786166386.651,TRACKING,6.989,0.003,-0.001,0.01,0.450,-0.004,0.000,0.000,0.000,0.667,7.29,10.77567062,106.67090688,10.51,"10°46'32.41""N, 106°40'15.26""E",FIX,
12:19:46.722,1786166386.722,TRACKING,7.007,0.003,-0.001,0.01,0.450,-0.003,0.000,0.000,0.000,0.750,7.31,10.77567062,106.67090729,10.51,"10°46'32.41""N, 106°40'15.27""E",FIX,
12:19:46.734,1786166386.734,TRACKING,7.007,0.003,-0.001,0.01,0.450,-0.003,0.000,0.000,0.000,0.750,7.31,10.77567062,106.67090729,10.51,"10°46'32.41""N, 106°40'15.27""E",FIX,
12:19:46.806,1786166386.807,TRACKING,7.034,0.003,-0.001,0.01,0.450,0.006,0.000,0.000,0.000,0.812,7.33,10.77567062,106.67090729,10.51,"10°46'32.41""N, 106°40'15.27""E",FIX,
12:19:46.819,1786166386.819,TRACKING,7.034,0.003,-0.001,0.00,0.450,0.020,0.000,0.000,0.000,0.812,7.33,10.77567062,106.67090729,10.51,"10°46'32.41""N, 106°40'15.27""E",FIX,
12:19:46.903,1786166386.904,TRACKING,7.079,0.003,0.000,0.01,0.450,-0.005,0.000,0.000,0.000,0.875,7.38,10.77567062,106.67090729,10.51,"10°46'32.41""N, 106°40'15.27""E",FIX,
12:19:46.917,1786166386.917,TRACKING,7.079,0.003,0.000,0.01,0.450,-0.013,0.000,0.000,0.000,0.875,7.38,10.77567062,106.67090729,10.51,"10°46'32.41""N, 106°40'15.27""E",FIX,
12:19:46.980,1786166386.981,TRACKING,7.097,0.003,0.000,0.01,0.450,-0.005,0.000,0.000,0.000,0.958,7.40,10.77567062,106.67090770,10.51,"10°46'32.41""N, 106°40'15.27""E",FIX,
12:19:46.993,1786166386.994,TRACKING,7.097,0.003,0.000,0.01,0.450,-0.009,0.000,0.000,0.000,0.958,7.40,10.77567062,106.67090770,10.51,"10°46'32.41""N, 106°40'15.27""E",FIX,
12:19:47.103,1786166387.103,TRACKING,7.142,0.003,-0.001,0.01,0.450,-0.003,0.000,0.000,0.000,1.000,7.44,10.77567062,106.67090770,10.51,"10°46'32.41""N, 106°40'15.27""E",FIX,
12:19:47.117,1786166387.118,TRACKING,7.142,0.003,-0.001,0.01,0.450,-0.005,0.000,0.000,0.000,1.000,7.44,10.77567062,106.67090770,10.51,"10°46'32.41""N, 106°40'15.27""E",FIX,
12:19:47.185,1786166387.185,TRACKING,7.169,0.003,-0.001,0.01,0.450,0.007,0.000,0.000,0.000,1.000,7.47,10.77567062,106.67090770,10.51,"10°46'32.41""N, 106°40'15.27""E",FIX,
12:19:47.198,1786166387.199,TRACKING,7.169,0.003,-0.001,0.00,0.450,0.019,0.000,0.000,0.000,1.000,7.47,10.77567062,106.67090770,10.51,"10°46'32.41""N, 106°40'15.27""E",FIX,
12:19:47.269,1786166387.269,TRACKING,7.187,0.003,-0.001,0.01,0.450,-0.011,0.000,0.000,0.000,1.000,7.49,10.77567062,106.67090811,10.51,"10°46'32.41""N, 106°40'15.27""E",FIX,
12:19:47.282,1786166387.282,TRACKING,7.187,0.003,-0.001,0.01,0.450,-0.017,0.000,0.000,0.000,1.000,7.49,10.77567062,106.67090811,10.51,"10°46'32.41""N, 106°40'15.27""E",FIX,
12:19:47.373,1786166387.374,TRACKING,7.223,0.003,-0.001,0.00,0.450,0.003,0.000,0.000,0.000,1.000,7.52,10.77567062,106.67090811,10.51,"10°46'32.41""N, 106°40'15.27""E",FIX,
12:19:47.388,1786166387.389,TRACKING,7.232,0.003,-0.002,0.00,0.450,0.018,0.000,0.000,0.000,1.000,7.53,10.77567062,106.67090811,10.51,"10°46'32.41""N, 106°40'15.27""E",FIX,
12:19:47.448,1786166387.448,TRACKING,7.250,0.003,-0.002,0.00,0.450,0.003,0.000,0.000,0.000,1.000,7.55,10.77567062,106.67090811,10.51,"10°46'32.41""N, 106°40'15.27""E",FIX,
12:19:47.461,1786166387.461,TRACKING,7.250,0.003,-0.002,0.00,0.450,0.005,0.000,0.000,0.000,1.000,7.55,10.77567062,106.67090811,10.51,"10°46'32.41""N, 106°40'15.27""E",FIX,
12:19:47.536,1786166387.537,TRACKING,7.277,0.003,-0.001,0.00,0.450,-0.009,0.000,0.000,0.000,1.000,7.58,10.77567062,106.67090852,10.51,"10°46'32.41""N, 106°40'15.27""E",FIX,
12:19:47.548,1786166387.548,TRACKING,7.277,0.003,-0.001,0.01,0.450,-0.036,0.000,0.000,0.000,1.000,7.58,10.77567062,106.67090852,10.51,"10°46'32.41""N, 106°40'15.27""E",FIX,
12:19:47.644,1786166387.645,TRACKING,7.313,0.003,-0.003,0.00,0.450,0.002,0.000,0.000,0.000,1.000,7.61,10.77567062,106.67090852,10.51,"10°46'32.41""N, 106°40'15.27""E",FIX,
12:19:47.659,1786166387.660,TRACKING,7.313,0.003,-0.003,0.00,0.450,0.017,0.000,0.000,0.000,1.000,7.61,10.77567062,106.67090852,10.51,"10°46'32.41""N, 106°40'15.27""E",FIX,
12:19:47.730,1786166387.730,TRACKING,7.340,0.003,-0.003,0.00,0.450,0.002,0.000,0.000,0.000,1.000,7.64,10.77567062,106.67090852,10.51,"10°46'32.41""N, 106°40'15.27""E",FIX,
12:19:47.743,1786166387.744,TRACKING,7.340,0.003,-0.003,0.00,0.450,0.006,0.000,0.000,0.000,1.000,7.64,10.77567062,106.67090852,10.51,"10°46'32.41""N, 106°40'15.27""E",FIX,
12:19:47.832,1786166387.832,TRACKING,7.367,0.003,-0.003,0.00,0.450,0.001,0.000,0.000,0.000,1.000,7.67,10.77567062,106.67090894,10.51,"10°46'32.41""N, 106°40'15.27""E",FIX,
12:19:47.845,1786166387.845,TRACKING,7.367,0.003,-0.003,0.00,0.450,0.002,0.000,0.000,0.000,1.000,7.67,10.77567062,106.67090894,10.51,"10°46'32.41""N, 106°40'15.27""E",FIX,
12:19:47.916,1786166387.917,TRACKING,7.394,0.003,-0.002,0.00,0.450,0.000,0.000,0.000,0.000,1.000,7.69,10.77567062,106.67090894,10.51,"10°46'32.41""N, 106°40'15.27""E",FIX,
12:19:47.930,1786166387.931,TRACKING,7.394,0.003,-0.002,0.00,0.450,0.001,0.000,0.000,0.000,1.000,7.69,10.77567062,106.67090894,10.51,"10°46'32.41""N, 106°40'15.27""E",FIX,
12:19:48.009,1786166388.009,TRACKING,7.439,0.003,-0.002,0.00,0.450,0.000,0.000,0.000,0.000,1.000,7.74,10.77567062,106.67090894,10.51,"10°46'32.41""N, 106°40'15.27""E",FIX,
12:19:48.023,1786166388.023,TRACKING,7.439,0.003,-0.002,0.00,0.450,0.001,0.000,0.000,0.000,1.000,7.74,10.77567062,106.67090894,10.51,"10°46'32.41""N, 106°40'15.27""E",FIX,
12:19:48.090,1786166388.091,TRACKING,7.457,0.003,-0.002,0.00,0.450,0.000,0.000,0.000,0.000,1.000,7.76,10.77567062,106.67090935,10.51,"10°46'32.41""N, 106°40'15.27""E",FIX,
12:19:48.102,1786166388.102,TRACKING,7.457,0.003,-0.002,0.00,0.450,0.000,0.000,0.000,0.000,1.000,7.76,10.77567062,106.67090935,10.51,"10°46'32.41""N, 106°40'15.27""E",FIX,
12:19:48.203,1786166388.203,TRACKING,7.502,0.002,-0.002,0.00,0.450,0.000,0.000,0.000,0.000,1.000,7.80,10.77567062,106.67090935,10.51,"10°46'32.41""N, 106°40'15.27""E",FIX,
12:19:48.215,1786166388.215,TRACKING,7.502,0.002,-0.002,0.00,0.450,0.000,0.000,0.000,0.000,1.000,7.80,10.77567062,106.67090935,10.51,"10°46'32.41""N, 106°40'15.27""E",FIX,
12:19:48.283,1786166388.283,TRACKING,7.520,0.002,-0.002,0.00,0.450,0.000,0.000,0.000,0.000,1.000,7.82,10.77567062,106.67090935,10.51,"10°46'32.41""N, 106°40'15.27""E",FIX,
12:19:48.294,1786166388.294,TRACKING,7.520,0.002,-0.002,0.00,0.450,0.000,0.000,0.000,0.000,1.000,7.82,10.77567062,106.67090935,10.51,"10°46'32.41""N, 106°40'15.27""E",FIX,
12:19:48.361,1786166388.361,TRACKING,7.547,0.002,-0.002,0.00,0.450,0.000,0.000,0.000,0.000,1.000,7.85,10.77567062,106.67090976,10.51,"10°46'32.41""N, 106°40'15.28""E",FIX,
12:19:48.376,1786166388.376,TRACKING,7.547,0.002,-0.002,0.00,0.450,0.000,0.000,0.000,0.000,1.000,7.85,10.77567062,106.67090976,10.51,"10°46'32.41""N, 106°40'15.28""E",FIX,
12:19:48.454,1786166388.455,TRACKING,7.574,0.002,-0.002,0.00,0.450,0.000,0.000,0.000,0.000,1.000,7.87,10.77567062,106.67090976,10.51,"10°46'32.41""N, 106°40'15.28""E",FIX,
12:19:48.469,1786166388.469,TRACKING,7.574,0.002,-0.002,0.00,0.450,0.000,0.000,0.000,0.000,1.000,7.87,10.77567062,106.67090976,10.51,"10°46'32.41""N, 106°40'15.28""E",FIX,
12:19:48.558,1786166388.559,TRACKING,7.619,0.002,-0.002,0.00,0.450,0.000,0.000,0.000,0.000,1.000,7.92,10.77567062,106.67090976,10.51,"10°46'32.41""N, 106°40'15.28""E",FIX,
12:19:48.573,1786166388.573,TRACKING,7.619,0.002,-0.002,0.00,0.450,0.000,0.000,0.000,0.000,1.000,7.92,10.77567062,106.67090976,10.51,"10°46'32.41""N, 106°40'15.28""E",FIX,
12:19:48.634,1786166388.634,TRACKING,7.637,0.002,-0.002,0.00,0.450,-0.012,0.000,0.000,0.000,1.000,7.94,10.77567062,106.67091017,10.51,"10°46'32.41""N, 106°40'15.28""E",FIX,
12:19:48.647,1786166388.648,TRACKING,7.637,0.002,-0.002,0.01,0.450,-0.029,0.000,0.000,0.000,1.000,7.94,10.77567062,106.67091017,10.51,"10°46'32.41""N, 106°40'15.28""E",FIX,
12:19:48.730,1786166388.730,TRACKING,7.673,0.002,-0.004,0.00,0.450,0.003,0.000,0.000,0.000,1.000,7.97,10.77567062,106.67091017,10.51,"10°46'32.41""N, 106°40'15.28""E",FIX,
12:19:48.743,1786166388.743,TRACKING,7.673,0.002,-0.004,0.00,0.450,0.011,0.000,0.000,0.000,1.000,7.97,10.77567062,106.67091017,10.51,"10°46'32.41""N, 106°40'15.28""E",FIX,
12:19:48.798,1786166388.798,TRACKING,7.691,0.002,-0.004,-0.01,0.450,0.056,0.000,0.000,0.000,1.000,7.99,10.77567062,106.67091017,10.51,"10°46'32.41""N, 106°40'15.28""E",FIX,
12:19:48.811,1786166388.812,TRACKING,7.691,0.002,-0.004,-0.03,0.450,0.167,0.000,0.000,0.000,1.000,7.99,10.77567062,106.67091017,10.51,"10°46'32.41""N, 106°40'15.28""E",FIX,
12:19:48.902,1786166388.902,TRACKING,7.727,0.002,0.004,-0.03,0.450,0.016,0.000,0.000,0.000,0.500,8.03,10.77567062,106.67091058,10.51,"10°46'32.41""N, 106°40'15.28""E",FIX,
12:19:48.914,1786166388.915,TRACKING,7.727,0.002,0.004,-0.03,0.450,0.039,0.000,0.000,0.000,0.500,8.03,10.77567062,106.67091058,10.51,"10°46'32.41""N, 106°40'15.28""E",FIX,
12:19:48.984,1786166388.984,TRACKING,7.754,0.002,0.008,-0.03,0.450,-0.004,0.000,0.000,0.000,0.583,8.05,10.77567062,106.67091058,10.51,"10°46'32.41""N, 106°40'15.28""E",FIX,
12:19:48.996,1786166388.997,TRACKING,7.754,0.002,0.008,-0.02,0.450,-0.028,0.000,0.000,0.000,0.583,8.05,10.77567062,106.67091058,10.51,"10°46'32.41""N, 106°40'15.28""E",FIX,
12:19:49.083,1786166389.083,TRACKING,7.790,0.002,0.008,-0.02,0.450,-0.007,0.000,0.000,0.000,0.646,8.09,10.77567062,106.67091058,10.51,"10°46'32.41""N, 106°40'15.28""E",FIX,
12:19:49.098,1786166389.098,TRACKING,7.790,0.002,0.008,-0.02,0.450,-0.022,0.000,0.000,0.000,0.646,8.09,10.77567062,106.67091058,10.51,"10°46'32.41""N, 106°40'15.28""E",FIX,
12:19:49.167,1786166389.168,TRACKING,7.817,0.003,0.007,-0.02,0.450,0.008,0.000,0.000,0.000,0.708,8.12,10.77567062,106.67091099,10.51,"10°46'32.41""N, 106°40'15.28""E",FIX,
12:19:49.180,1786166389.180,TRACKING,7.817,0.003,0.007,-0.02,0.450,0.011,0.000,0.000,0.000,0.708,8.12,10.77567062,106.67091099,10.51,"10°46'32.41""N, 106°40'15.28""E",FIX,
12:19:49.270,1786166389.270,TRACKING,7.853,0.003,0.007,-0.02,0.450,0.005,0.000,0.000,0.000,0.771,8.15,10.77567062,106.67091099,10.51,"10°46'32.41""N, 106°40'15.28""E",FIX,
12:19:49.285,1786166389.285,TRACKING,7.853,0.003,0.007,-0.02,0.450,0.008,0.000,0.000,0.000,0.771,8.15,10.77567062,106.67091099,10.51,"10°46'32.41""N, 106°40'15.28""E",FIX,
12:19:49.429,1786166389.430,TRACKING,7.880,0.003,0.008,-0.02,0.450,0.005,0.000,0.000,0.000,0.854,8.18,10.77567062,106.67091099,10.51,"10°46'32.41""N, 106°40'15.28""E",FIX,
12:19:49.464,1786166389.465,TRACKING,7.880,0.003,0.008,-0.02,0.450,0.006,0.000,0.000,0.000,0.854,8.18,10.77567062,106.67091099,10.51,"10°46'32.41""N, 106°40'15.28""E",FIX,
12:19:49.582,1786166389.582,TRACKING,7.907,0.003,0.008,-0.02,0.450,0.005,0.000,0.000,0.000,0.917,8.21,10.77567062,106.67091140,10.51,"10°46'32.41""N, 106°40'15.28""E",FIX,
12:19:49.610,1786166389.610,TRACKING,7.907,0.003,0.008,-0.02,0.450,0.005,0.000,0.000,0.000,0.917,8.21,10.77567062,106.67091140,10.51,"10°46'32.41""N, 106°40'15.28""E",FIX,
12:19:49.727,1786166389.728,TRACKING,7.934,0.004,0.009,-0.02,0.450,0.005,0.000,0.000,0.000,1.000,8.23,10.77567062,106.67091140,10.51,"10°46'32.41""N, 106°40'15.28""E",FIX,
12:19:49.741,1786166389.742,TRACKING,7.934,0.004,0.009,-0.02,0.450,0.005,0.000,0.000,0.000,1.000,8.23,10.77567062,106.67091140,10.51,"10°46'32.41""N, 106°40'15.28""E",FIX,
12:19:49.851,1786166389.851,TRACKING,7.979,0.004,0.009,-0.02,0.450,0.005,0.000,0.000,0.000,1.000,8.28,10.77567062,106.67091140,10.51,"10°46'32.41""N, 106°40'15.28""E",FIX,
12:19:49.868,1786166389.869,TRACKING,7.979,0.004,0.009,-0.02,0.450,0.005,0.000,0.000,0.000,1.000,8.28,10.77567062,106.67091140,10.51,"10°46'32.41""N, 106°40'15.28""E",FIX,
12:19:49.934,1786166389.935,TRACKING,7.997,0.004,0.009,-0.02,0.450,0.005,0.000,0.000,0.000,1.000,8.30,10.77567062,106.67091182,10.51,"10°46'32.41""N, 106°40'15.28""E",FIX,
12:19:49.950,1786166389.950,TRACKING,7.997,0.004,0.009,-0.02,0.450,0.005,0.000,0.000,0.000,1.000,8.30,10.77567062,106.67091182,10.51,"10°46'32.41""N, 106°40'15.28""E",FIX,
12:19:50.039,1786166390.040,TRACKING,8.024,0.004,0.010,-0.02,0.450,0.005,0.000,0.000,0.000,1.000,8.32,10.77567062,106.67091182,10.51,"10°46'32.41""N, 106°40'15.28""E",FIX,
12:19:50.056,1786166390.056,TRACKING,8.024,0.004,0.010,-0.02,0.450,0.005,0.000,0.000,0.000,1.000,8.32,10.77567062,106.67091182,10.51,"10°46'32.41""N, 106°40'15.28""E",FIX,
12:19:50.174,1786166390.175,TRACKING,8.060,0.005,0.010,-0.02,0.450,0.005,0.000,0.000,0.000,1.000,8.36,10.77567062,106.67091182,10.51,"10°46'32.41""N, 106°40'15.28""E",FIX,
12:19:50.191,1786166390.191,TRACKING,8.060,0.005,0.010,-0.02,0.450,0.005,0.000,0.000,0.000,1.000,8.36,10.77567062,106.67091182,10.51,"10°46'32.41""N, 106°40'15.28""E",FIX,
12:19:50.325,1786166390.326,TRACKING,8.087,0.005,0.010,-0.02,0.450,-0.004,0.000,0.000,0.000,1.000,8.39,10.77567062,106.67091223,10.51,"10°46'32.41""N, 106°40'15.28""E",FIX,
12:19:50.344,1786166390.345,TRACKING,8.087,0.005,0.010,-0.01,0.450,-0.010,0.000,0.000,0.000,1.000,8.39,10.77567062,106.67091223,10.51,"10°46'32.41""N, 106°40'15.28""E",FIX,
12:19:50.432,1786166390.432,TRACKING,8.123,0.005,0.010,-0.01,0.450,0.000,0.000,0.000,0.000,1.000,8.42,10.77567062,106.67091223,10.51,"10°46'32.41""N, 106°40'15.28""E",FIX,
12:19:50.449,1786166390.449,TRACKING,8.123,0.005,0.010,-0.01,0.450,-0.004,0.000,0.000,0.000,1.000,8.42,10.77567062,106.67091223,10.51,"10°46'32.41""N, 106°40'15.28""E",FIX,
12:19:50.550,1786166390.551,TRACKING,8.150,0.006,0.010,-0.01,0.450,0.012,0.000,0.000,0.000,1.000,8.45,10.77567062,106.67091223,10.51,"10°46'32.41""N, 106°40'15.28""E",FIX,
12:19:50.565,1786166390.565,TRACKING,8.150,0.006,0.010,-0.02,0.450,0.036,0.000,0.000,0.000,1.000,8.45,10.77567062,106.67091223,10.51,"10°46'32.41""N, 106°40'15.28""E",FIX,
12:19:50.632,1786166390.633,TRACKING,8.177,0.006,0.011,-0.02,0.450,0.007,0.000,0.000,0.000,1.000,8.48,10.77567062,106.67091264,10.51,"10°46'32.41""N, 106°40'15.29""E",FIX,
12:19:50.648,1786166390.648,TRACKING,8.177,0.006,0.011,-0.02,0.450,0.013,0.000,0.000,0.000,1.000,8.48,10.77567062,106.67091264,10.51,"10°46'32.41""N, 106°40'15.29""E",FIX,
12:19:50.725,1786166390.726,TRACKING,8.204,0.006,0.012,-0.01,0.450,-0.002,0.000,0.000,0.000,1.000,8.50,10.77567062,106.67091264,10.51,"10°46'32.41""N, 106°40'15.29""E",FIX,
12:19:50.739,1786166390.739,TRACKING,8.204,0.006,0.012,-0.01,0.450,-0.016,0.000,0.000,0.000,1.000,8.50,10.77567062,106.67091264,10.51,"10°46'32.41""N, 106°40'15.29""E",FIX,
12:19:50.821,1786166390.822,TRACKING,8.240,0.007,0.012,-0.01,0.450,0.000,0.000,0.000,0.000,1.000,8.54,10.77567062,106.67091264,10.51,"10°46'32.41""N, 106°40'15.29""E",FIX,
12:19:50.838,1786166390.838,TRACKING,8.240,0.007,0.012,-0.01,0.450,-0.005,0.000,0.000,0.000,1.000,8.54,10.77567062,106.67091264,10.51,"10°46'32.41""N, 106°40'15.29""E",FIX,
12:19:50.898,1786166390.899,TRACKING,8.267,0.007,0.011,-0.01,0.450,0.001,0.000,0.000,0.000,1.000,8.57,10.77567062,106.67091305,10.51,"10°46'32.41""N, 106°40'15.29""E",FIX,
12:19:50.911,1786166390.911,TRACKING,8.267,0.007,0.011,-0.01,0.450,-0.001,0.000,0.000,0.000,1.000,8.57,10.77567062,106.67091305,10.51,"10°46'32.41""N, 106°40'15.29""E",FIX,
12:19:50.999,1786166391.000,TRACKING,8.303,0.007,0.011,-0.01,0.450,0.002,0.000,0.000,0.000,1.000,8.60,10.77567062,106.67091305,10.51,"10°46'32.41""N, 106°40'15.29""E",FIX,
12:19:51.012,1786166391.012,TRACKING,8.303,0.007,0.011,-0.01,0.450,0.001,0.000,0.000,0.000,1.000,8.60,10.77567062,106.67091305,10.51,"10°46'32.41""N, 106°40'15.29""E",FIX,
12:19:51.089,1786166391.090,TRACKING,8.321,0.008,0.011,-0.01,0.450,0.014,0.000,0.000,0.000,1.000,8.62,10.77567062,106.67091305,10.51,"10°46'32.41""N, 106°40'15.29""E",FIX,
12:19:51.104,1786166391.104,TRACKING,8.321,0.008,0.011,-0.01,0.450,0.026,0.000,0.000,0.000,1.000,8.62,10.77567062,106.67091305,10.51,"10°46'32.41""N, 106°40'15.29""E",FIX,
12:19:51.183,1786166391.183,TRACKING,8.357,0.008,0.012,-0.01,0.450,-0.001,0.000,0.000,0.000,1.000,8.66,10.77567062,106.67091346,10.51,"10°46'32.41""N, 106°40'15.29""E",FIX,
12:19:51.194,1786166391.195,TRACKING,8.357,0.008,0.012,-0.01,0.450,-0.012,0.000,0.000,0.000,1.000,8.66,10.77567062,106.67091346,10.51,"10°46'32.41""N, 106°40'15.29""E",FIX,
12:19:51.287,1786166391.288,TRACKING,8.375,0.008,0.013,-0.01,0.450,-0.001,0.000,0.000,0.000,1.000,8.67,10.77567062,106.67091346,10.51,"10°46'32.41""N, 106°40'15.29""E",FIX,
12:19:51.304,1786166391.304,TRACKING,8.375,0.008,0.013,-0.01,0.450,-0.004,0.000,0.000,0.000,1.000,8.67,10.77567062,106.67091346,10.51,"10°46'32.41""N, 106°40'15.29""E",FIX,
12:19:51.428,1786166391.429,TRACKING,8.420,0.009,0.012,-0.01,0.450,0.002,0.000,0.000,0.000,1.000,8.72,10.77567062,106.67091346,10.51,"10°46'32.41""N, 106°40'15.29""E",FIX,
12:19:51.442,1786166391.442,TRACKING,8.420,0.009,0.012,-0.01,0.450,0.000,0.000,0.000,0.000,1.000,8.72,10.77567062,106.67091346,10.51,"10°46'32.41""N, 106°40'15.29""E",FIX,
12:19:51.487,1786166391.487,TRACKING,8.438,0.009,0.012,-0.01,0.450,0.002,0.000,0.000,0.000,1.000,8.74,10.77567062,106.67091346,10.51,"10°46'32.41""N, 106°40'15.29""E",FIX,
12:19:51.502,1786166391.502,TRACKING,8.438,0.009,0.012,-0.01,0.450,0.001,0.000,0.000,0.000,1.000,8.74,10.77567062,106.67091346,10.51,"10°46'32.41""N, 106°40'15.29""E",FIX,
12:19:51.583,1786166391.584,TRACKING,8.474,0.010,0.012,-0.01,0.450,0.009,0.000,0.000,0.000,1.000,8.77,10.77567062,106.67091387,10.51,"10°46'32.41""N, 106°40'15.29""E",FIX,
12:19:51.596,1786166391.597,TRACKING,8.474,0.010,0.012,-0.01,0.450,0.025,0.000,0.000,0.000,1.000,8.77,10.77567062,106.67091387,10.51,"10°46'32.41""N, 106°40'15.29""E",FIX,
12:19:51.646,1786166391.647,TRACKING,8.492,0.010,0.013,-0.02,0.450,0.019,0.000,0.000,0.000,1.000,8.79,10.77567062,106.67091387,10.51,"10°46'32.41""N, 106°40'15.29""E",FIX,
12:19:51.661,1786166391.661,TRACKING,8.492,0.010,0.013,-0.02,0.450,0.016,0.000,0.000,0.000,1.000,8.79,10.77567062,106.67091387,10.51,"10°46'32.41""N, 106°40'15.29""E",FIX,
12:19:59.226,1786166399.227,UTURN_PLANNING,11.030,0.046,0.014,0.00,0.000,0.000,0.000,0.000,0.000,0.000,0.00,10.77567069,106.67092539,10.51,"10°46'32.41""N, 106°40'15.33""E",FIX,
12:19:59.241,1786166399.242,PATH_FOLLOWING,11.030,0.046,0.014,88.68,0.020,-1.500,0.000,0.000,0.000,0.000,0.00,10.77567069,106.67092539,10.51,"10°46'32.41""N, 106°40'15.33""E",FIX,
12:19:59.254,1786166399.255,PATH_FOLLOWING,11.035,0.046,0.014,88.68,0.020,-1.500,0.000,0.000,0.000,0.000,0.00,10.77567069,106.67092574,10.51,"10°46'32.41""N, 106°40'15.33""E",FIX,
12:19:59.266,1786166399.267,PATH_FOLLOWING,11.035,0.046,0.014,88.68,0.020,-1.500,0.000,0.000,0.000,0.000,0.00,10.77567069,106.67092574,10.51,"10°46'32.41""N, 106°40'15.33""E",FIX,
12:19:59.279,1786166399.280,PATH_FOLLOWING,11.035,0.046,0.014,88.68,0.020,-1.500,0.000,0.000,0.000,0.000,0.00,10.77567069,106.67092574,10.51,"10°46'32.41""N, 106°40'15.33""E",FIX,
12:19:59.292,1786166399.293,PATH_FOLLOWING,11.035,0.046,0.014,88.68,0.020,-1.500,0.000,0.000,0.000,0.000,0.00,10.77567069,106.67092574,10.51,"10°46'32.41""N, 106°40'15.33""E",FIX,
12:19:59.306,1786166399.306,PATH_FOLLOWING,11.035,0.046,0.014,88.68,0.020,-1.500,0.000,0.000,0.000,0.000,0.00,10.77567069,106.67092574,10.51,"10°46'32.41""N, 106°40'15.33""E",FIX,
12:19:59.319,1786166399.319,PATH_FOLLOWING,11.035,0.046,0.014,88.68,0.020,-1.500,0.000,0.000,0.000,0.000,0.00,10.77567069,106.67092574,10.51,"10°46'32.41""N, 106°40'15.33""E",FIX,
12:19:59.332,1786166399.332,PATH_FOLLOWING,11.035,0.046,0.014,88.68,0.020,-1.500,0.000,0.000,0.000,0.000,0.00,10.77567069,106.67092574,10.51,"10°46'32.41""N, 106°40'15.33""E",FIX,
12:19:59.344,1786166399.344,PATH_FOLLOWING,11.035,0.046,0.014,88.68,0.020,-1.500,0.000,0.000,0.000,0.000,0.00,10.77567069,106.67092574,10.51,"10°46'32.41""N, 106°40'15.33""E",FIX,
12:19:59.353,1786166399.354,PATH_FOLLOWING,11.035,0.046,0.014,88.68,0.020,-1.500,0.000,0.000,0.000,0.000,0.00,10.77567069,106.67092574,10.51,"10°46'32.41""N, 106°40'15.33""E",FIX,
12:19:59.451,1786166399.451,PATH_FOLLOWING,11.038,0.046,-0.178,88.68,0.020,-1.500,0.000,0.000,0.000,0.000,0.00,10.77567069,106.67092574,10.51,"10°46'32.41""N, 106°40'15.33""E",FIX,
12:19:59.462,1786166399.463,PATH_FOLLOWING,11.038,0.046,-0.178,88.68,0.020,-1.500,0.000,0.000,0.000,0.000,0.00,10.77567069,106.67092574,10.51,"10°46'32.41""N, 106°40'15.33""E",FIX,
12:19:59.515,1786166399.516,PATH_FOLLOWING,11.038,0.046,-0.238,88.68,0.020,-1.500,0.000,0.000,0.000,0.000,0.00,10.77567073,106.67092575,10.51,"10°46'32.41""N, 106°40'15.33""E",FIX,
12:19:59.528,1786166399.529,PATH_FOLLOWING,11.038,0.046,-0.238,88.68,0.020,-1.500,0.000,0.000,0.000,0.000,0.00,10.77567073,106.67092575,10.51,"10°46'32.41""N, 106°40'15.33""E",FIX,
12:19:59.606,1786166399.606,PATH_FOLLOWING,11.039,0.046,-0.328,88.68,0.020,-1.500,0.000,0.000,0.000,0.000,0.00,10.77567073,106.67092575,10.51,"10°46'32.41""N, 106°40'15.33""E",FIX,
12:19:59.616,1786166399.616,PATH_FOLLOWING,11.040,0.046,-0.358,88.68,0.020,-1.500,0.000,0.000,0.000,0.000,0.00,10.77567073,106.67092575,10.51,"10°46'32.41""N, 106°40'15.33""E",FIX,
12:19:59.713,1786166399.713,PATH_FOLLOWING,11.041,0.045,-0.448,88.68,0.020,-1.500,0.000,0.000,0.000,0.000,0.00,10.77567073,106.67092575,10.51,"10°46'32.41""N, 106°40'15.33""E",FIX,
12:19:59.725,1786166399.725,PATH_FOLLOWING,11.041,0.045,-0.448,88.68,0.020,-1.500,0.000,0.000,0.000,0.000,0.00,10.77567073,106.67092575,10.51,"10°46'32.41""N, 106°40'15.33""E",FIX,
12:19:59.771,1786166399.772,PATH_FOLLOWING,11.042,0.045,-0.508,88.68,0.020,-1.500,0.000,0.000,0.000,0.000,0.00,10.77567073,106.67092575,10.51,"10°46'32.41""N, 106°40'15.33""E",FIX,
12:19:59.781,1786166399.782,PATH_FOLLOWING,11.042,0.045,-0.508,88.68,0.020,-1.500,0.000,0.000,0.000,0.000,0.00,10.77567073,106.67092575,10.51,"10°46'32.41""N, 106°40'15.33""E",FIX,
12:19:59.866,1786166399.866,PATH_FOLLOWING,11.043,0.044,-0.628,88.68,0.020,-1.500,0.000,0.000,0.000,0.000,0.00,10.77567086,106.67092576,10.51,"10°46'32.42""N, 106°40'15.33""E",FIX,
12:19:59.877,1786166399.877,PATH_FOLLOWING,11.043,0.044,-0.628,88.68,0.020,-1.500,0.000,0.000,0.000,0.000,0.00,10.77567086,106.67092576,10.51,"10°46'32.42""N, 106°40'15.33""E",FIX,
12:19:59.963,1786166399.963,PATH_FOLLOWING,11.044,0.043,-0.748,88.01,0.030,-1.500,0.000,0.000,0.000,0.000,0.00,10.77567086,106.67092576,10.51,"10°46'32.42""N, 106°40'15.33""E",FIX,
12:19:59.975,1786166399.975,PATH_FOLLOWING,11.044,0.043,-0.748,88.01,0.030,-1.500,0.000,0.000,0.000,0.000,0.00,10.77567086,106.67092576,10.51,"10°46'32.42""N, 106°40'15.33""E",FIX,
12:20:00.050,1786166400.051,PATH_FOLLOWING,11.045,0.042,-0.838,86.99,0.046,-1.500,0.000,0.000,0.000,0.000,0.00,10.77567103,106.67092578,10.51,"10°46'32.42""N, 106°40'15.33""E",FIX,
12:20:00.062,1786166400.063,PATH_FOLLOWING,11.045,0.042,-0.838,86.99,0.046,-1.500,0.000,0.000,0.000,0.000,0.00,10.77567103,106.67092578,10.51,"10°46'32.42""N, 106°40'15.33""E",FIX,
