Time,Unix_Timestamp,FSM_State,Pos_X_m,Pos_Y_m,Yaw_rad,Steer_Angle_deg,Linear_Vel_mps,Angular_Vel_radps,IMU_Yaw_rad,IMU_Angular_Vel_z,IMU_Accel_x,Confidence,Dist_Traveled_m,GPS_Latitude,GPS_Longitude,GPS_Altitude_m,GPS_DMS,GPS_Status,Event
13:53:00.719,1786171980.720,TRACKING,-0.000,0.000,-0.000,0.00,0.450,-0.000,0.000,0.000,0.000,0.000,0.00,10.77566700,106.67088900,10.00,"10°46'32.40""N, 106°40'15.20""E",ODOM_ESTIMATED,
13:53:00.734,1786171980.734,TRACKING,-0.000,0.000,-0.000,0.00,0.450,-0.000,0.000,0.000,0.000,0.000,0.00,10.77566700,106.67088900,10.00,"10°46'32.40""N, 106°40'15.20""E",ODOM_ESTIMATED,
13:53:00.795,1786171980.795,TRACKING,0.021,-0.000,-0.000,0.00,0.450,-0.000,0.000,0.000,0.000,0.000,0.02,10.77566700,106.67088919,10.00,"10°46'32.40""N, 106°40'15.20""E",ODOM_ESTIMATED,
13:53:00.855,1786171980.856,TRACKING,0.048,-0.000,-0.000,0.00,0.450,-0.000,0.000,0.000,0.000,0.000,0.05,10.77567062,106.67087539,10.51,"10°46'32.41""N, 106°40'15.15""E",FIX,
13:53:00.935,1786171980.936,TRACKING,0.084,-0.000,0.000,0.00,0.450,-0.000,0.000,0.000,0.000,0.000,0.08,10.77567062,106.67087539,10.51,"10°46'32.41""N, 106°40'15.15""E",FIX,
13:53:01.017,1786171981.018,TRACKING,0.111,-0.000,0.000,0.00,0.450,-0.000,0.000,0.000,0.000,0.000,0.11,10.77567062,106.67087539,10.51,"10°46'32.41""N, 106°40'15.15""E",FIX,
13:53:01.118,1786171981.119,TRACKING,0.147,-0.000,0.000,0.00,0.450,-0.000,0.000,0.000,0.000,0.000,0.15,10.77567062,106.67087580,10.51,"10°46'32.41""N, 106°40'15.15""E",FIX,
13:53:01.252,1786171981.253,TRACKING,0.183,-0.000,0.000,0.00,0.450,-0.000,0.000,0.000,0.000,0.000,0.18,10.77567062,106.67087580,10.51,"10°46'32.41""N, 106°40'15.15""E",FIX,
13:53:01.289,1786171981.290,TRACKING,0.201,-0.000,0.000,0.00,0.450,-0.000,0.000,0.000,0.000,0.000,0.20,10.77567062,106.67087580,10.51,"10°46'32.41""N, 106°40'15.15""E",FIX,
13:53:01.372,1786171981.372,TRACKING,0.228,-0.000,0.000,0.00,0.450,-0.000,0.000,0.000,0.000,0.000,0.23,10.77567062,106.67087621,10.51,"10°46'32.41""N, 106°40'15.15""E",FIX,
13:53:01.444,1786171981.445,TRACKING,0.264,0.000,0.000,0.00,0.450,-0.000,0.000,0.000,0.000,0.000,0.26,10.77567062,106.67087621,10.51,"10°46'32.41""N, 106°40'15.15""E",FIX,
13:53:01.512,1786171981.513,TRACKING,0.291,0.000,0.000,0.00,0.450,-0.000,0.000,0.000,0.000,0.062,0.29,10.77567062,106.67087621,10.51,"10°46'32.41""N, 106°40'15.15""E",FIX,
13:53:01.588,1786171981.588,TRACKING,0.318,0.000,0.000,0.00,0.450,-0.000,0.000,0.000,0.000,0.104,0.32,10.77567062,106.67087662,10.51,"10°46'32.41""N, 106°40'15.16""E",FIX,
13:53:01.666,1786171981.667,TRACKING,0.354,0.000,0.000,0.00,0.450,-0.000,0.000,0.000,0.000,0.167,0.35,10.77567062,106.67087662,10.51,"10°46'32.41""N, 106°40'15.16""E",FIX,
13:53:01.720,1786171981.721,TRACKING,0.372,0.000,0.000,0.00,0.450,-0.000,0.000,0.000,0.000,0.208,0.37,10.77567062,106.67087662,10.51,"10°46'32.41""N, 106°40'15.16""E",FIX,
13:53:01.798,1786171981.799,TRACKING,0.408,0.000,0.000,0.00,0.450,-0.000,0.000,0.000,0.000,0.250,0.41,10.77567062,106.67087704,10.51,"10°46'32.41""N, 106°40'15.16""E",FIX,
13:53:01.872,1786171981.873,TRACKING,0.435,0.000,0.000,0.00,0.450,-0.000,0.000,0.000,0.000,0.333,0.43,10.77567062,106.67087704,10.51,"10°46'32.41""N, 106°40'15.16""E",FIX,
13:53:01.960,1786171981.960,TRACKING,0.471,0.000,0.000,-0.00,0.450,0.006,0.000,0.000,0.000,0.396,0.47,10.77567062,106.67087704,10.51,"10°46'32.41""N, 106°40'15.16""E",FIX,
13:53:02.019,1786171982.019,TRACKING,0.498,0.000,0.000,-0.00,0.450,-0.002,0.000,0.000,0.000,0.437,0.50,10.77567062,106.67087745,10.51,"10°46'32.41""N, 106°40'15.16""E",FIX,
13:53:02.101,1786171982.101,TRACKING,0.525,0.000,0.000,-0.00,0.450,-0.001,0.000,0.000,0.000,0.500,0.52,10.77567062,106.67087745,10.51,"10°46'32.41""N, 106°40'15.16""E",FIX,
13:53:02.181,1786171982.182,TRACKING,0.561,0.000,0.000,-0.00,0.450,-0.001,0.000,0.000,0.000,0.583,0.56,10.77567062,106.67087745,10.51,"10°46'32.41""N, 106°40'15.16""E",FIX,
13:53:02.245,1786171982.246,TRACKING,0.588,0.000,0.000,-0.00,0.450,-0.001,0.000,0.000,0.000,0.646,0.59,10.77567062,106.67087786,10.51,"10°46'32.41""N, 106°40'15.16""E",FIX,
13:53:02.316,1786171982.316,TRACKING,0.615,0.000,0.000,-0.00,0.450,-0.000,0.000,0.000,0.000,0.708,0.61,10.77567062,106.67087786,10.51,"10°46'32.41""N, 106°40'15.16""E",FIX,
13:53:02.394,1786171982.394,TRACKING,0.642,0.000,0.000,-0.00,0.450,-0.000,0.000,0.000,0.000,0.771,0.64,10.77567062,106.67087786,10.51,"10°46'32.41""N, 106°40'15.16""E",FIX,
13:53:02.473,1786171982.474,TRACKING,0.678,0.000,0.000,-0.00,0.450,-0.000,0.000,0.000,0.000,0.854,0.68,10.77567062,106.67087827,10.51,"10°46'32.41""N, 106°40'15.16""E",FIX,
13:53:02.553,1786171982.553,TRACKING,0.705,0.000,0.000,-0.00,0.450,-0.000,0.000,0.000,0.000,0.917,0.70,10.77567062,106.67087827,10.51,"10°46'32.41""N, 106°40'15.16""E",FIX,
13:53:02.626,1786171982.626,TRACKING,0.741,0.000,0.000,-0.00,0.450,-0.000,0.000,0.000,0.000,1.000,0.74,10.77567062,106.67087827,10.51,"10°46'32.41""N, 106°40'15.16""E",FIX,
13:53:02.695,1786171982.696,TRACKING,0.768,0.000,0.000,-0.00,0.450,-0.000,0.000,0.000,0.000,1.000,0.77,10.77567062,106.67087868,10.51,"10°46'32.41""N, 106°40'15.16""E",FIX,
13:53:02.749,1786171982.749,TRACKING,0.786,0.000,0.000,-0.00,0.450,-0.000,0.000,0.000,0.000,1.000,0.79,10.77567062,106.67087868,10.51,"10°46'32.41""N, 106°40'15.16""E",FIX,
13:53:02.827,1786171982.828,TRACKING,0.822,0.000,-0.000,-0.00,0.450,-0.000,0.000,0.000,0.000,1.000,0.82,10.77567062,106.67087868,10.51,"10°46'32.41""N, 106°40'15.16""E",FIX,
13:53:02.908,1786171982.908,TRACKING,0.858,0.000,-0.000,-0.00,0.450,-0.000,0.000,0.000,0.000,1.000,0.86,10.77567062,106.67087909,10.51,"10°46'32.41""N, 106°40'15.16""E",FIX,
13:53:02.978,1786171982.979,TRACKING,0.885,0.000,-0.000,-0.00,0.450,-0.000,0.000,0.000,0.000,1.000,0.88,10.77567062,106.67087909,10.51,"10°46'32.41""N, 106°40'15.16""E",FIX,
13:53:03.053,1786171983.054,TRACKING,0.921,0.000,-0.000,-0.00,0.450,-0.000,0.000,0.000,0.000,1.000,0.92,10.77567062,106.67087909,10.51,"10°46'32.41""N, 106°40'15.16""E",FIX,
13:53:03.127,1786171983.128,TRACKING,0.948,0.000,-0.000,-0.00,0.450,-0.000,0.000,0.000,0.000,1.000,0.95,10.77567062,106.67087951,10.51,"10°46'32.41""N, 106°40'15.17""E",FIX,
13:53:03.190,1786171983.191,TRACKING,0.966,0.000,-0.000,-0.00,0.450,-0.000,0.000,0.000,0.000,1.000,0.97,10.77567062,106.67087951,10.51,"10°46'32.41""N, 106°40'15.17""E",FIX,
13:53:03.268,1786171983.269,TRACKING,1.002,0.000,-0.000,-0.00,0.450,-0.000,0.000,0.000,0.000,1.000,1.00,10.77567062,106.67087951,10.51,"10°46'32.41""N, 106°40'15.17""E",FIX,
13:53:03.352,1786171983.353,TRACKING,1.038,0.000,-0.000,-0.00,0.450,-0.000,0.000,0.000,0.000,1.000,1.04,10.77567062,106.67087992,10.51,"10°46'32.41""N, 106°40'15.17""E",FIX,
13:53:03.413,1786171983.413,TRACKING,1.056,0.000,-0.000,-0.00,0.450,-0.000,0.000,0.000,0.000,1.000,1.06,10.77567062,106.67087992,10.51,"10°46'32.41""N, 106°40'15.17""E",FIX,
13:53:03.484,1786171983.484,TRACKING,1.083,0.000,-0.000,-0.00,0.450,-0.000,0.000,0.000,0.000,1.000,1.08,10.77567062,106.67087992,10.51,"10°46'32.41""N, 106°40'15.17""E",FIX,
13:53:03.565,1786171983.565,TRACKING,1.128,0.000,-0.000,-0.00,0.450,-0.000,0.000,0.000,0.000,1.000,1.13,10.77567062,106.67088033,10.51,"10°46'32.41""N, 106°40'15.17""E",FIX,
13:53:03.639,1786171983.640,TRACKING,1.155,0.000,-0.000,-0.00,0.450,-0.000,0.000,0.000,0.000,1.000,1.15,10.77567062,106.67088033,10.51,"10°46'32.41""N, 106°40'15.17""E",FIX,
13:53:03.703,1786171983.704,TRACKING,1.182,0.000,-0.000,-0.00,0.450,-0.000,0.000,0.000,0.000,1.000,1.18,10.77567062,106.67088033,10.51,"10°46'32.41""N, 106°40'15.17""E",FIX,
13:53:03.766,1786171983.767,TRACKING,1.209,0.000,-0.000,0.00,0.450,-0.009,0.000,0.000,0.000,1.000,1.21,10.77567062,106.67088074,10.51,"10°46'32.41""N, 106°40'15.17""E",FIX,
13:53:03.848,1786171983.849,TRACKING,1.245,0.000,-0.001,0.01,0.450,-0.005,0.000,0.000,0.000,1.000,1.24,10.77567062,106.67088074,10.51,"10°46'32.41""N, 106°40'15.17""E",FIX,
13:53:03.916,1786171983.917,TRACKING,1.272,-0.000,-0.001,0.00,0.450,0.003,0.000,0.000,0.000,1.000,1.27,10.77567062,106.67088074,10.51,"10°46'32.41""N, 106°40'15.17""E",FIX,
13:53:03.988,1786171983.988,TRACKING,1.299,-0.000,-0.001,0.01,0.450,-0.006,0.000,0.000,0.000,1.000,1.30,10.77567062,106.67088115,10.51,"10°46'32.41""N, 106°40'15.17""E",FIX,
13:53:04.091,1786171984.092,TRACKING,1.335,-0.000,-0.001,0.00,0.450,0.002,0.000,0.000,0.000,1.000,1.33,10.77567062,106.67088115,10.51,"10°46'32.41""N, 106°40'15.17""E",FIX,
13:53:04.146,1786171984.147,TRACKING,1.362,-0.000,-0.001,-0.00,0.450,0.009,0.000,0.000,0.000,0.604,1.36,10.77567062,106.67088115,10.51,"10°46'32.41""N, 106°40'15.17""E",FIX,
13:53:04.215,1786171984.215,TRACKING,1.389,-0.000,-0.001,-0.00,0.450,0.007,0.000,0.000,0.000,0.667,1.39,10.77567062,106.67088156,10.51,"10°46'32.41""N, 106°40'15.17""E",FIX,
13:53:04.278,1786171984.279,TRACKING,1.416,-0.000,-0.000,-0.01,0.450,0.006,0.000,0.000,0.000,0.750,1.42,10.77567062,106.67088156,10.51,"10°46'32.41""N, 106°40'15.17""E",FIX,
13:53:04.348,1786171984.349,TRACKING,1.443,-0.000,-0.000,-0.01,0.450,0.004,0.000,0.000,0.000,0.812,1.44,10.77567062,106.67088156,10.51,"10°46'32.41""N, 106°40'15.17""E",FIX,
13:53:04.417,1786171984.417,TRACKING,1.470,-0.000,0.000,-0.01,0.450,0.004,0.000,0.000,0.000,0.896,1.47,10.77567062,106.67088197,10.51,"10°46'32.41""N, 106°40'15.18""E",FIX,
13:53:04.500,1786171984.501,TRACKING,1.506,-0.000,0.001,-0.01,0.450,0.003,0.000,0.000,0.000,0.958,1.51,10.77567062,106.67088197,10.51,"10°46'32.41""N, 106°40'15.18""E",FIX,
13:53:04.577,1786171984.578,TRACKING,1.533,-0.000,0.001,-0.01,0.450,0.003,0.000,0.000,0.000,1.000,1.53,10.77567062,106.67088197,10.51,"10°46'32.41""N, 106°40'15.18""E",FIX,
13:53:04.653,1786171984.653,TRACKING,1.569,-0.000,0.001,-0.01,0.450,0.003,0.000,0.000,0.000,1.000,1.57,10.77567062,106.67088239,10.51,"10°46'32.41""N, 106°40'15.18""E",FIX,
13:53:04.731,1786171984.732,TRACKING,1.596,-0.000,0.001,-0.01,0.450,0.003,0.000,0.000,0.000,1.000,1.60,10.77567062,106.67088239,10.51,"10°46'32.41""N, 106°40'15.18""E",FIX,
13:53:04.797,1786171984.798,TRACKING,1.623,-0.000,0.001,-0.01,0.450,0.003,0.000,0.000,0.000,1.000,1.62,10.77567062,106.67088239,10.51,"10°46'32.41""N, 106°40'15.18""E",FIX,
13:53:04.894,1786171984.894,TRACKING,1.659,0.000,0.002,-0.01,0.450,0.002,0.000,0.000,0.000,1.000,1.66,10.77567061,106.67088280,10.51,"10°46'32.41""N, 106°40'15.18""E",FIX,
13:53:04.950,1786171984.950,TRACKING,1.686,0.000,0.002,-0.01,0.450,0.003,0.000,0.000,0.000,1.000,1.69,10.77567061,106.67088280,10.51,"10°46'32.41""N, 106°40'15.18""E",FIX,
13:53:05.028,1786171985.028,TRACKING,1.713,0.000,0.002,-0.01,0.450,0.002,0.000,0.000,0.000,1.000,1.71,10.77567061,106.67088280,10.51,"10°46'32.41""N, 106°40'15.18""E",FIX,
13:53:05.109,1786171985.110,TRACKING,1.749,0.000,0.002,-0.01,0.450,0.002,0.000,0.000,0.000,1.000,1.75,10.77567061,106.67088321,10.51,"10°46'32.41""N, 106°40'15.18""E",FIX,
13:53:05.174,1786171985.175,TRACKING,1.776,0.000,0.002,-0.01,0.450,0.002,0.000,0.000,0.000,1.000,1.78,10.77567061,106.67088321,10.51,"10°46'32.41""N, 106°40'15.18""E",FIX,
13:53:05.250,1786171985.250,TRACKING,1.812,0.000,0.002,-0.01,0.450,0.002,0.000,0.000,0.000,1.000,1.81,10.77567061,106.67088321,10.51,"10°46'32.41""N, 106°40'15.18""E",FIX,
13:53:05.314,1786171985.315,TRACKING,1.839,0.000,0.003,-0.01,0.450,0.002,0.000,0.000,0.000,1.000,1.84,10.77567061,106.67088362,10.51,"10°46'32.41""N, 106°40'15.18""E",FIX,
13:53:05.378,1786171985.378,TRACKING,1.857,0.000,0.003,-0.01,0.450,0.002,0.000,0.000,0.000,1.000,1.86,10.77567061,106.67088362,10.51,"10°46'32.41""N, 106°40'15.18""E",FIX,
13:53:05.460,1786171985.461,TRACKING,1.893,0.001,0.003,-0.01,0.450,0.002,0.000,0.000,0.000,1.000,1.89,10.77567061,106.67088362,10.51,"10°46'32.41""N, 106°40'15.18""E",FIX,
13:53:05.535,1786171985.535,TRACKING,1.920,0.001,0.003,-0.01,0.450,0.002,0.000,0.000,0.000,1.000,1.92,10.77567062,106.67088403,10.51,"10°46'32.41""N, 106°40'15.18""E",FIX,
13:53:05.608,1786171985.608,TRACKING,1.947,0.001,0.003,-0.01,0.450,0.002,0.000,0.000,0.000,1.000,1.95,10.77567062,106.67088403,10.51,"10°46'32.41""N, 106°40'15.18""E",FIX,
13:53:05.679,1786171985.679,TRACKING,1.983,0.001,0.003,-0.01,0.450,-0.001,0.000,0.000,0.000,1.000,1.98,10.77567062,106.67088403,10.51,"10°46'32.41""N, 106°40'15.18""E",FIX,
13:53:05.758,1786171985.759,TRACKING,2.010,0.001,0.003,-0.01,0.450,-0.000,0.000,0.000,0.000,1.000,2.01,10.77567062,106.67088444,10.51,"10°46'32.41""N, 106°40'15.18""E",FIX,
13:53:05.842,1786171985.842,TRACKING,2.046,0.001,0.003,-0.01,0.450,0.004,0.000,0.000,0.000,1.000,2.05,10.77567062,106.67088444,10.51,"10°46'32.41""N, 106°40'15.18""E",FIX,
13:53:05.911,1786171985.911,TRACKING,2.073,0.001,0.003,0.00,0.450,-0.019,0.000,0.000,0.000,1.000,2.07,10.77567062,106.67088444,10.51,"10°46'32.41""N, 106°40'15.18""E",FIX,
13:53:05.971,1786171985.972,TRACKING,2.100,0.001,0.003,0.01,0.450,-0.018,0.000,0.000,0.000,1.000,2.10,10.77567062,106.67088485,10.51,"10°46'32.41""N, 106°40'15.19""E",FIX,
13:53:06.055,1786171986.055,TRACKING,2.127,0.001,0.002,0.01,0.450,-0.016,0.000,0.000,0.000,0.667,2.13,10.77567062,106.67088485,10.51,"10°46'32.41""N, 106°40'15.19""E",FIX,
13:53:06.125,1786171986.125,TRACKING,2.154,0.001,0.001,0.02,0.450,-0.007,0.000,0.000,0.000,0.646,2.15,10.77567062,106.67088485,10.51,"10°46'32.41""N, 106°40'15.19""E",FIX,
13:53:06.196,1786171986.197,TRACKING,2.190,0.001,-0.000,0.02,0.450,-0.006,0.000,0.000,0.000,0.708,2.19,10.77567062,106.67088527,10.51,"10°46'32.41""N, 106°40'15.19""E",FIX,
13:53:06.277,1786171986.278,TRACKING,2.217,0.001,-0.001,0.02,0.450,-0.006,0.000,0.000,0.000,0.771,2.22,10.77567062,106.67088527,10.51,"10°46'32.41""N, 106°40'15.19""E",FIX,
13:53:06.344,1786171986.344,TRACKING,2.244,0.001,-0.001,0.02,0.450,-0.006,0.000,0.000,0.000,0.833,2.24,10.77567062,106.67088527,10.51,"10°46'32.41""N, 106°40'15.19""E",FIX,
13:53:06.426,1786171986.427,TRACKING,2.280,0.001,-0.001,0.02,0.450,-0.005,0.000,0.000,0.000,0.917,2.28,10.77567062,106.67088568,10.51,"10°46'32.41""N, 106°40'15.19""E",FIX,
13:53:06.502,1786171986.503,TRACKING,2.316,0.001,-0.002,0.02,0.450,-0.005,0.000,0.000,0.000,1.000,2.32,10.77567062,106.67088568,10.51,"10°46'32.41""N, 106°40'15.19""E",FIX,
13:53:06.563,1786171986.564,TRACKING,2.334,0.001,-0.002,0.02,0.450,-0.005,0.000,0.000,0.000,1.000,2.33,10.77567062,106.67088568,10.51,"10°46'32.41""N, 106°40'15.19""E",FIX,
13:53:06.649,1786171986.650,TRACKING,2.370,0.001,-0.002,0.02,0.450,-0.005,0.000,0.000,0.000,1.000,2.37,10.77567062,106.67088609,10.51,"10°46'32.41""N, 106°40'15.19""E",FIX,
13:53:06.723,1786171986.724,TRACKING,2.397,0.001,-0.003,0.01,0.450,0.002,0.000,0.000,0.000,1.000,2.40,10.77567062,106.67088609,10.51,"10°46'32.41""N, 106°40'15.19""E",FIX,
13:53:06.794,1786171986.795,TRACKING,2.433,0.001,-0.003,0.01,0.450,0.001,0.000,0.000,0.000,1.000,2.43,10.77567062,106.67088609,10.51,"10°46'32.41""N, 106°40'15.19""E",FIX,
13:53:06.861,1786171986.861,TRACKING,2.460,0.001,-0.003,0.01,0.450,0.000,0.000,0.000,0.000,1.000,2.46,10.77567062,106.67088650,10.51,"10°46'32.41""N, 106°40'15.19""E",FIX,
13:53:06.946,1786171986.946,TRACKING,2.496,0.001,-0.003,0.01,0.450,-0.001,0.000,0.000,0.000,1.000,2.50,10.77567062,106.67088650,10.51,"10°46'32.41""N, 106°40'15.19""E",FIX,
13:53:07.007,1786171987.008,TRACKING,2.523,0.001,-0.003,0.01,0.450,-0.001,0.000,0.000,0.000,1.000,2.52,10.77567062,106.67088650,10.51,"10°46'32.41""N, 106°40'15.19""E",FIX,
13:53:07.086,1786171987.086,TRACKING,2.550,0.001,-0.003,0.01,0.450,-0.002,0.000,0.000,0.000,1.000,2.55,10.77567062,106.67088691,10.51,"10°46'32.41""N, 106°40'15.19""E",FIX,
13:53:07.153,1786171987.153,TRACKING,2.577,0.001,-0.003,0.01,0.450,-0.002,0.000,0.000,0.000,1.000,2.58,10.77567062,106.67088691,10.51,"10°46'32.41""N, 106°40'15.19""E",FIX,
13:53:07.231,1786171987.232,TRACKING,2.613,0.000,-0.003,0.01,0.450,-0.002,0.000,0.000,0.000,1.000,2.61,10.77567062,106.67088691,10.51,"10°46'32.41""N, 106°40'15.19""E",FIX,
13:53:07.297,1786171987.298,TRACKING,2.640,0.000,-0.003,0.01,0.450,-0.002,0.000,0.000,0.000,1.000,2.64,10.77567062,106.67088732,10.51,"10°46'32.41""N, 106°40'15.19""E",FIX,
13:53:07.365,1786171987.365,TRACKING,2.658,0.000,-0.003,0.01,0.450,-0.002,0.000,0.000,0.000,1.000,2.66,10.77567062,106.67088732,10.51,"10°46'32.41""N, 106°40'15.19""E",FIX,
13:53:07.465,1786171987.465,TRACKING,2.694,0.000,-0.003,0.01,0.450,-0.002,0.000,0.000,0.000,1.000,2.69,10.77567062,106.67088732,10.51,"10°46'32.41""N, 106°40'15.19""E",FIX,
13:53:07.510,1786171987.511,TRACKING,2.721,0.000,-0.004,0.01,0.450,-0.002,0.000,0.000,0.000,1.000,2.72,10.77567062,106.67088732,10.51,"10°46'32.41""N, 106°40'15.19""E",FIX,
13:53:07.581,1786171987.582,TRACKING,2.748,-0.000,-0.004,0.01,0.450,-0.002,0.000,0.000,0.000,1.000,2.75,10.77567062,106.67088773,10.51,"10°46'32.41""N, 106°40'15.20""E",FIX,
13:53:07.655,1786171987.655,TRACKING,2.784,-0.000,-0.004,0.01,0.450,-0.002,0.000,0.000,0.000,1.000,2.78,10.77567062,106.67088773,10.51,"10°46'32.41""N, 106°40'15.20""E",FIX,
13:53:07.738,1786171987.739,TRACKING,2.820,-0.000,-0.004,0.01,0.450,0.004,0.000,0.000,0.000,1.000,2.82,10.77567062,106.67088815,10.51,"10°46'32.41""N, 106°40'15.20""E",FIX,
13:53:07.802,1786171987.802,TRACKING,2.847,-0.000,-0.004,0.00,0.450,0.004,0.000,0.000,0.000,1.000,2.85,10.77567062,106.67088815,10.51,"10°46'32.41""N, 106°40'15.20""E",FIX,
13:53:07.867,1786171987.867,TRACKING,2.865,-0.001,-0.004,0.00,0.450,0.002,0.000,0.000,0.000,1.000,2.86,10.77567062,106.67088815,10.51,"10°46'32.41""N, 106°40'15.20""E",FIX,
13:53:07.950,1786171987.951,TRACKING,2.910,-0.001,-0.004,0.00,0.450,0.001,0.000,0.000,0.000,0.854,2.91,10.77567062,106.67088856,10.51,"10°46'32.41""N, 106°40'15.20""E",FIX,
13:53:08.023,1786171988.024,TRACKING,2.937,-0.001,-0.003,0.00,0.450,0.001,0.000,0.000,0.000,0.521,2.94,10.77567062,106.67088856,10.51,"10°46'32.41""N, 106°40'15.20""E",FIX,
13:53:08.091,1786171988.092,TRACKING,2.964,-0.001,-0.003,0.00,0.450,0.001,0.000,0.000,0.000,0.583,2.96,10.77567062,106.67088856,10.51,"10°46'32.41""N, 106°40'15.20""E",FIX,
13:53:08.168,1786171988.169,TRACKING,2.991,-0.001,-0.003,0.00,0.450,0.000,0.000,0.000,0.000,0.667,2.99,10.77567062,106.67088897,10.51,"10°46'32.41""N, 106°40'15.20""E",FIX,
13:53:08.231,1786171988.232,TRACKING,3.027,-0.001,-0.003,0.00,0.450,0.000,0.000,0.000,0.000,0.729,3.03,10.77567062,106.67088897,10.51,"10°46'32.41""N, 106°40'15.20""E",FIX,
13:53:08.299,1786171988.300,TRACKING,3.045,-0.001,-0.003,0.00,0.450,0.000,0.000,0.000,0.000,0.792,3.04,10.77567062,106.67088897,10.51,"10°46'32.41""N, 106°40'15.20""E",FIX,
13:53:08.372,1786171988.372,TRACKING,3.081,-0.001,-0.003,0.00,0.450,0.000,0.000,0.000,0.000,0.875,3.08,10.77567062,106.67088897,10.51,"10°46'32.41""N, 106°40'15.20""E",FIX,
13:53:08.435,1786171988.436,TRACKING,3.108,-0.001,-0.003,0.00,0.450,0.000,0.000,0.000,0.000,0.937,3.11,10.77567062,106.67088938,10.51,"10°46'32.41""N, 106°40'15.20""E",FIX,
13:53:08.509,1786171988.509,TRACKING,3.135,-0.001,-0.003,-0.00,0.450,0.007,0.000,0.000,0.000,1.000,3.13,10.77567062,106.67088938,10.51,"10°46'32.41""N, 106°40'15.20""E",FIX,
13:53:08.584,1786171988.585,TRACKING,3.171,-0.002,-0.003,-0.00,0.450,-0.002,0.000,0.000,0.000,1.000,3.17,10.77567062,106.67088938,10.51,"10°46'32.41""N, 106°40'15.20""E",FIX,
13:53:08.670,1786171988.671,TRACKING,3.207,-0.002,-0.003,-0.00,0.450,-0.001,0.000,0.000,0.000,1.000,3.21,10.77567062,106.67088979,10.51,"10°46'32.41""N, 106°40'15.20""E",FIX,
13:53:08.746,1786171988.746,TRACKING,3.234,-0.002,-0.003,-0.00,0.450,-0.001,0.000,0.000,0.000,1.000,3.23,10.77567062,106.67088979,10.51,"10°46'32.41""N, 106°40'15.20""E",FIX,
13:53:08.804,1786171988.804,TRACKING,3.252,-0.002,-0.003,-0.00,0.450,-0.001,0.000,0.000,0.000,1.000,3.25,10.77567062,106.67088979,10.51,"10°46'32.41""N, 106°40'15.20""E",FIX,
13:53:08.871,1786171988.872,TRACKING,3.288,-0.002,-0.003,-0.00,0.450,0.007,0.000,0.000,0.000,1.000,3.29,10.77567061,106.67089020,10.51,"10°46'32.41""N, 106°40'15.20""E",FIX,
13:53:08.955,1786171988.956,TRACKING,3.324,-0.002,-0.003,-0.00,0.450,-0.001,0.000,0.000,0.000,1.000,3.32,10.77567061,106.67089020,10.51,"10°46'32.41""N, 106°40'15.20""E",FIX,
13:53:09.022,1786171989.023,TRACKING,3.351,-0.002,-0.003,-0.00,0.450,-0.001,0.000,0.000,0.000,1.000,3.35,10.77567061,106.67089020,10.51,"10°46'32.41""N, 106°40'15.20""E",FIX,
13:53:09.099,1786171989.100,TRACKING,3.387,-0.002,-0.003,-0.00,0.450,0.006,0.000,0.000,0.000,1.000,3.39,10.77567061,106.67089061,10.51,"10°46'32.41""N, 106°40'15.21""E",FIX,
13:53:09.169,1786171989.170,TRACKING,3.405,-0.002,-0.002,-0.00,0.450,-0.003,0.000,0.000,0.000,1.000,3.40,10.77567061,106.67089061,10.51,"10°46'32.41""N, 106°40'15.21""E",FIX,
13:53:09.249,1786171989.250,TRACKING,3.441,-0.002,-0.003,-0.00,0.450,0.002,0.000,0.000,0.000,1.000,3.44,10.77567061,106.67089061,10.51,"10°46'32.41""N, 106°40'15.21""E",FIX,
13:53:09.318,1786171989.318,TRACKING,3.468,-0.002,-0.003,-0.01,0.450,0.005,0.000,0.000,0.000,1.000,3.47,10.77567061,106.67089103,10.51,"10°46'32.41""N, 106°40'15.21""E",FIX,
13:53:09.377,1786171989.377,TRACKING,3.495,-0.002,-0.002,-0.01,0.450,0.006,0.000,0.000,0.000,1.000,3.49,10.77567061,106.67089103,10.51,"10°46'32.41""N, 106°40'15.21""E",FIX,
13:53:09.459,1786171989.459,TRACKING,3.522,-0.002,-0.002,-0.00,0.450,-0.003,0.000,0.000,0.000,1.000,3.52,10.77567061,106.67089103,10.51,"10°46'32.41""N, 106°40'15.21""E",FIX,
13:53:09.533,1786171989.534,TRACKING,3.558,-0.003,-0.002,-0.00,0.450,0.001,0.000,0.000,0.000,1.000,3.56,10.77567061,106.67089144,10.51,"10°46'32.41""N, 106°40'15.21""E",FIX,
13:53:09.606,1786171989.606,TRACKING,3.585,-0.003,-0.002,-0.01,0.450,0.005,0.000,0.000,0.000,1.000,3.58,10.77567061,106.67089144,10.51,"10°46'32.41""N, 106°40'15.21""E",FIX,
13:53:09.674,1786171989.675,TRACKING,3.612,-0.003,-0.002,-0.00,0.450,-0.004,0.000,0.000,0.000,1.000,3.61,10.77567061,106.67089144,10.51,"10°46'32.41""N, 106°40'15.21""E",FIX,
13:53:09.760,1786171989.761,TRACKING,3.648,-0.003,-0.002,-0.01,0.450,0.005,0.000,0.000,0.000,1.000,3.65,10.77567061,106.67089185,10.51,"10°46'32.41""N, 106°40'15.21""E",FIX,
13:53:09.831,1786171989.832,TRACKING,3.675,-0.003,-0.002,-0.01,0.450,0.004,0.000,0.000,0.000,1.000,3.67,10.77567061,106.67089185,10.51,"10°46'32.41""N, 106°40'15.21""E",FIX,
13:53:09.905,1786171989.906,TRACKING,3.711,-0.003,-0.001,-0.00,0.450,-0.004,0.000,0.000,0.000,1.000,3.71,10.77567061,106.67089185,10.51,"10°46'32.41""N, 106°40'15.21""E",FIX,
13:53:09.971,1786171989.971,TRACKING,3.729,-0.003,-0.001,-0.00,0.450,-0.003,0.000,0.000,0.000,0.583,3.73,10.77567061,106.67089226,10.51,"10°46'32.41""N, 106°40'15.21""E",FIX,
13:53:10.051,1786171990.051,TRACKING,3.765,-0.003,-0.002,-0.00,0.450,-0.001,0.000,0.000,0.000,0.604,3.76,10.77567061,106.67089226,10.51,"10°46'32.41""N, 106°40'15.21""E",FIX,
13:53:10.116,1786171990.116,TRACKING,3.792,-0.003,-0.002,-0.00,0.450,-0.001,0.000,0.000,0.000,0.667,3.79,10.77567061,106.67089226,10.51,"10°46'32.41""N, 106°40'15.21""E",FIX,
13:53:10.194,1786171990.194,TRACKING,3.828,-0.003,-0.002,-0.00,0.450,-0.001,0.000,0.000,0.000,0.750,3.83,10.77567061,106.67089267,10.51,"10°46'32.41""N, 106°40'15.21""E",FIX,
13:53:10.266,1786171990.266,TRACKING,3.855,-0.003,-0.002,-0.00,0.450,-0.000,0.000,0.000,0.000,0.833,3.85,10.77567061,106.67089267,10.51,"10°46'32.41""N, 106°40'15.21""E",FIX,
13:53:10.324,1786171990.325,TRACKING,3.882,-0.003,-0.002,-0.00,0.450,-0.000,0.000,0.000,0.000,0.896,3.88,10.77567061,106.67089267,10.51,"10°46'32.41""N, 106°40'15.21""E",FIX,
13:53:10.397,1786171990.397,TRACKING,3.909,-0.003,-0.002,-0.00,0.450,-0.000,0.000,0.000,0.000,0.979,3.91,10.77567061,106.67089308,10.51,"10°46'32.41""N, 106°40'15.22""E",FIX,
13:53:10.474,1786171990.475,TRACKING,3.945,-0.003,-0.002,-0.00,0.450,-0.000,0.000,0.000,0.000,1.000,3.94,10.77567061,106.67089308,10.51,"10°46'32.41""N, 106°40'15.22""E",FIX,
13:53:10.547,1786171990.547,TRACKING,3.972,-0.003,-0.002,-0.00,0.450,-0.000,0.000,0.000,0.000,1.000,3.97,10.77567061,106.67089308,10.51,"10°46'32.41""N, 106°40'15.22""E",FIX,
13:53:10.610,1786171990.611,TRACKING,3.999,-0.003,-0.002,-0.00,0.450,-0.000,0.000,0.000,0.000,1.000,4.00,10.77567061,106.67089349,10.51,"10°46'32.41""N, 106°40'15.22""E",FIX,
13:53:10.683,1786171990.684,TRACKING,4.026,-0.003,-0.002,-0.00,0.450,-0.000,0.000,0.000,0.000,1.000,4.03,10.77567061,106.67089349,10.51,"10°46'32.41""N, 106°40'15.22""E",FIX,
13:53:10.790,1786171990.790,TRACKING,4.062,-0.004,-0.002,-0.00,0.450,-0.000,0.000,0.000,0.000,1.000,4.06,10.77567061,106.67089349,10.51,"10°46'32.41""N, 106°40'15.22""E",FIX,
13:53:10.841,1786171990.841,TRACKING,4.089,-0.004,-0.002,-0.00,0.450,-0.000,0.000,0.000,0.000,1.000,4.09,10.77567061,106.67089391,10.51,"10°46'32.41""N, 106°40'15.22""E",FIX,
13:53:10.919,1786171990.920,TRACKING,4.125,-0.004,-0.002,-0.00,0.450,-0.000,0.000,0.000,0.000,1.000,4.12,10.77567061,106.67089391,10.51,"10°46'32.41""N, 106°40'15.22""E",FIX,
13:53:10.988,1786171990.988,TRACKING,4.152,-0.004,-0.002,-0.00,0.450,-0.000,0.000,0.000,0.000,1.000,4.15,10.77567061,106.67089391,10.51,"10°46'32.41""N, 106°40'15.22""E",FIX,
13:53:11.073,1786171991.074,TRACKING,4.188,-0.004,-0.002,-0.00,0.450,-0.000,0.000,0.000,0.000,1.000,4.19,10.77567061,106.67089432,10.51,"10°46'32.41""N, 106°40'15.22""E",FIX,
13:53:11.139,1786171991.139,TRACKING,4.206,-0.004,-0.002,-0.00,0.450,-0.000,0.000,0.000,0.000,1.000,4.21,10.77567061,106.67089432,10.51,"10°46'32.41""N, 106°40'15.22""E",FIX,
13:53:11.210,1786171991.210,TRACKING,4.233,-0.004,-0.002,-0.00,0.450,-0.000,0.000,0.000,0.000,1.000,4.23,10.77567061,106.67089432,10.51,"10°46'32.41""N, 106°40'15.22""E",FIX,
13:53:11.278,1786171991.279,TRACKING,4.269,-0.004,-0.002,-0.00,0.450,-0.000,0.000,0.000,0.000,1.000,4.27,10.77567061,106.67089473,10.51,"10°46'32.41""N, 106°40'15.22""E",FIX,
13:53:11.365,1786171991.366,TRACKING,4.305,-0.004,-0.002,-0.00,0.450,-0.000,0.000,0.000,0.000,1.000,4.30,10.77567061,106.67089473,10.51,"10°46'32.41""N, 106°40'15.22""E",FIX,
13:53:11.438,1786171991.438,TRACKING,4.332,-0.004,-0.002,-0.00,0.450,-0.000,0.000,0.000,0.000,1.000,4.33,10.77567061,106.67089473,10.51,"10°46'32.41""N, 106°40'15.22""E",FIX,
13:53:11.502,1786171991.503,TRACKING,4.359,-0.004,-0.002,-0.00,0.450,-0.000,0.000,0.000,0.000,1.000,4.36,10.77567061,106.67089514,10.51,"10°46'32.41""N, 106°40'15.22""E",FIX,
13:53:11.583,1786171991.584,TRACKING,4.386,-0.004,-0.002,-0.00,0.450,-0.000,0.000,0.000,0.000,1.000,4.39,10.77567061,106.67089514,10.51,"10°46'32.41""N, 106°40'15.22""E",FIX,
13:53:11.672,1786171991.673,TRACKING,4.422,-0.004,-0.002,-0.00,0.450,-0.000,0.000,0.000,0.000,1.000,4.42,10.77567061,106.67089514,10.51,"10°46'32.41""N, 106°40'15.22""E",FIX,
13:53:11.754,1786171991.755,TRACKING,4.449,-0.004,-0.002,-0.00,0.450,-0.000,0.000,0.000,0.000,1.000,4.45,10.77567061,106.67089555,10.51,"10°46'32.41""N, 106°40'15.22""E",FIX,
13:53:11.836,1786171991.836,TRACKING,4.485,-0.004,-0.002,-0.00,0.450,-0.000,0.000,0.000,0.000,1.000,4.48,10.77567061,106.67089555,10.51,"10°46'32.41""N, 106°40'15.22""E",FIX,
13:53:11.895,1786171991.895,TRACKING,4.503,-0.004,-0.002,-0.00,0.450,-0.000,0.000,0.000,0.000,1.000,4.50,10.77567061,106.67089555,10.51,"10°46'32.41""N, 106°40'15.22""E",FIX,
13:53:11.968,1786171991.969,TRACKING,4.530,-0.004,-0.002,-0.00,0.450,-0.000,0.000,0.000,0.000,0.583,4.53,10.77567061,106.67089596,10.51,"10°46'32.41""N, 106°40'15.23""E",FIX,
13:53:12.052,1786171992.053,TRACKING,4.575,-0.005,-0.002,-0.00,0.450,-0.000,0.000,0.000,0.000,0.625,4.57,10.77567061,106.67089596,10.51,"10°46'32.41""N, 106°40'15.23""E",FIX,
13:53:12.107,1786171992.107,TRACKING,4.593,-0.005,-0.002,-0.00,0.450,-0.000,0.000,0.000,0.000,0.687,4.59,10.77567061,106.67089596,10.51,"10°46'32.41""N, 106°40'15.23""E",FIX,
13:53:12.180,1786171992.180,TRACKING,4.620,-0.005,-0.002,-0.00,0.450,-0.000,0.000,0.000,0.000,0.771,4.62,10.77567061,106.67089637,10.51,"10°46'32.41""N, 106°40'15.23""E",FIX,
13:53:12.259,1786171992.260,TRACKING,4.656,-0.005,-0.002,-0.00,0.450,-0.000,0.000,0.000,0.000,0.833,4.66,10.77567061,106.67089637,10.51,"10°46'32.41""N, 106°40'15.23""E",FIX,
13:53:12.327,1786171992.327,TRACKING,4.683,-0.005,-0.002,-0.00,0.450,-0.000,0.000,0.000,0.000,0.917,4.68,10.77567061,106.67089637,10.51,"10°46'32.41""N, 106°40'15.23""E",FIX,
13:53:12.404,1786171992.405,TRACKING,4.710,-0.005,-0.002,-0.00,0.450,-0.000,0.000,0.000,0.000,1.000,4.71,10.77567061,106.67089679,10.51,"10°46'32.41""N, 106°40'15.23""E",FIX,
13:53:12.479,1786171992.480,TRACKING,4.746,-0.005,-0.002,-0.00,0.450,-0.000,0.000,0.000,0.000,1.000,4.75,10.77567061,106.67089679,10.51,"10°46'32.41""N, 106°40'15.23""E",FIX,
13:53:12.544,1786171992.545,TRACKING,4.773,-0.005,-0.002,-0.00,0.450,-0.000,0.000,0.000,0.000,1.000,4.77,10.77567061,106.67089679,10.51,"10°46'32.41""N, 106°40'15.23""E",FIX,
13:53:12.629,1786171992.629,TRACKING,4.809,-0.005,-0.002,-0.00,0.450,-0.000,0.000,0.000,0.000,1.000,4.81,10.77567061,106.67089720,10.51,"10°46'32.41""N, 106°40'15.23""E",FIX,
13:53:12.689,1786171992.689,TRACKING,4.836,-0.005,-0.002,-0.00,0.450,-0.000,0.000,0.000,0.000,1.000,4.84,10.77567061,106.67089720,10.51,"10°46'32.41""N, 106°40'15.23""E",FIX,
13:53:12.764,1786171992.764,TRACKING,4.863,-0.005,-0.002,-0.00,0.450,-0.000,0.000,0.000,0.000,1.000,4.86,10.77567061,106.67089720,10.51,"10°46'32.41""N, 106°40'15.23""E",FIX,
13:53:12.834,1786171992.835,TRACKING,4.890,-0.005,-0.002,-0.00,0.450,-0.000,0.000,0.000,0.000,1.000,4.89,10.77567061,106.67089761,10.51,"10°46'32.41""N, 106°40'15.23""E",FIX,
13:53:12.921,1786171992.921,TRACKING,4.926,-0.005,-0.002,-0.00,0.450,-0.000,0.000,0.000,0.000,1.000,4.93,10.77567061,106.67089761,10.51,"10°46'32.41""N, 106°40'15.23""E",FIX,
13:53:12.983,1786171992.984,TRACKING,4.953,-0.005,-0.002,-0.00,0.450,-0.000,0.000,0.000,0.000,1.000,4.95,10.77567061,106.67089761,10.51,"10°46'32.41""N, 106°40'15.23""E",FIX,
13:53:13.070,1786171993.071,TRACKING,4.980,-0.005,-0.002,-0.00,0.450,-0.000,0.000,0.000,0.000,1.000,4.98,10.77567061,106.67089802,10.51,"10°46'32.41""N, 106°40'15.23""E",FIX,
13:53:13.146,1786171993.146,TRACKING,5.016,-0.005,-0.002,-0.00,0.450,-0.000,0.000,0.000,0.000,1.000,5.02,10.77567061,106.67089802,10.51,"10°46'32.41""N, 106°40'15.23""E",FIX,
13:53:13.219,1786171993.219,TRACKING,5.043,-0.006,-0.002,-0.00,0.450,-0.000,0.000,0.000,0.000,1.000,5.04,10.77567061,106.67089802,10.51,"10°46'32.41""N, 106°40'15.23""E",FIX,
13:53:13.281,1786171993.281,TRACKING,5.070,-0.006,-0.002,-0.00,0.450,-0.000,0.000,0.000,0.000,1.000,5.07,10.77567061,106.67089843,10.51,"10°46'32.41""N, 106°40'15.23""E",FIX,
13:53:13.365,1786171993.366,TRACKING,5.097,-0.006,-0.002,-0.00,0.450,-0.000,0.000,0.000,0.000,1.000,5.10,10.77567061,106.67089843,10.51,"10°46'32.41""N, 106°40'15.23""E",FIX,
13:53:13.439,1786171993.440,TRACKING,5.133,-0.006,-0.002,-0.00,0.450,-0.000,0.000,0.000,0.000,1.000,5.13,10.77567061,106.67089843,10.51,"10°46'32.41""N, 106°40'15.23""E",FIX,
13:53:13.515,1786171993.516,TRACKING,5.160,-0.006,-0.002,-0.00,0.450,-0.000,0.000,0.000,0.000,1.000,5.16,10.77567061,106.67089884,10.51,"10°46'32.41""N, 106°40'15.24""E",FIX,
13:53:13.580,1786171993.581,TRACKING,5.187,-0.006,-0.002,-0.00,0.450,-0.000,0.000,0.000,0.000,1.000,5.19,10.77567061,106.67089884,10.51,"10°46'32.41""N, 106°40'15.24""E",FIX,
13:53:13.653,1786171993.653,TRACKING,5.214,-0.006,-0.002,-0.00,0.450,-0.000,0.000,0.000,0.000,1.000,5.21,10.77567061,106.67089884,10.51,"10°46'32.41""N, 106°40'15.24""E",FIX,
13:53:13.726,1786171993.727,TRACKING,5.250,-0.006,-0.002,-0.00,0.450,0.008,0.000,0.000,0.000,1.000,5.25,10.77567061,106.67089925,10.51,"10°46'32.41""N, 106°40'15.24""E",FIX,
13:53:13.804,1786171993.804,TRACKING,5.277,-0.006,-0.002,-0.01,0.450,0.005,0.000,0.000,0.000,1.000,5.28,10.77567061,106.67089925,10.51,"10°46'32.41""N, 106°40'15.24""E",FIX,
13:53:13.877,1786171993.878,TRACKING,5.313,-0.006,-0.001,-0.01,0.450,0.012,0.000,0.000,0.000,1.000,5.31,10.77567061,106.67089925,10.51,"10°46'32.41""N, 106°40'15.24""E",FIX,
13:53:13.955,1786171993.955,TRACKING,5.340,-0.006,-0.001,-0.02,0.450,0.016,0.000,0.000,0.000,0.562,5.34,10.77567060,106.67089967,10.51,"10°46'32.41""N, 106°40'15.24""E",FIX,
13:53:14.020,1786171994.021,TRACKING,5.367,-0.006,0.000,-0.02,0.450,0.014,0.000,0.000,0.000,0.604,5.37,10.77567060,106.67089967,10.51,"10°46'32.41""N, 106°40'15.24""E",FIX,
13:53:14.084,1786171994.085,TRACKING,5.394,-0.006,0.001,-0.02,0.450,0.004,0.000,0.000,0.000,0.687,5.39,10.77567060,106.67089967,10.51,"10°46'32.41""N, 106°40'15.24""E",FIX,
13:53:14.174,1786171994.175,TRACKING,5.421,-0.006,0.002,-0.02,0.450,0.004,0.000,0.000,0.000,0.750,5.42,10.77567060,106.67089967,10.51,"10°46'32.41""N, 106°40'15.24""E",FIX,
13:53:14.243,1786171994.244,TRACKING,5.457,-0.006,0.002,-0.02,0.450,0.005,0.000,0.000,0.000,0.833,5.46,10.77567060,106.67090008,10.51,"10°46'32.41""N, 106°40'15.24""E",FIX,
13:53:14.317,1786171994.318,TRACKING,5.493,-0.006,0.002,-0.02,0.450,0.005,0.000,0.000,0.000,0.917,5.49,10.77567060,106.67090008,10.51,"10°46'32.41""N, 106°40'15.24""E",FIX,
13:53:14.397,1786171994.398,TRACKING,5.520,-0.006,0.003,-0.02,0.450,0.005,0.000,0.000,0.000,0.979,5.52,10.77567060,106.67090049,10.51,"10°46'32.41""N, 106°40'15.24""E",FIX,
13:53:14.468,1786171994.468,TRACKING,5.547,-0.006,0.003,-0.02,0.450,0.005,0.000,0.000,0.000,1.000,5.55,10.77567060,106.67090049,10.51,"10°46'32.41""N, 106°40'15.24""E",FIX,
13:53:14.536,1786171994.537,TRACKING,5.583,-0.006,0.003,-0.02,0.450,0.005,0.000,0.000,0.000,1.000,5.58,10.77567060,106.67090049,10.51,"10°46'32.41""N, 106°40'15.24""E",FIX,
13:53:14.610,1786171994.611,TRACKING,5.610,-0.006,0.004,-0.02,0.450,0.005,0.000,0.000,0.000,1.000,5.61,10.77567060,106.67090090,10.51,"10°46'32.41""N, 106°40'15.24""E",FIX,
13:53:14.693,1786171994.694,TRACKING,5.637,-0.005,0.004,-0.02,0.450,0.005,0.000,0.000,0.000,1.000,5.64,10.77567060,106.67090090,10.51,"10°46'32.41""N, 106°40'15.24""E",FIX,
13:53:14.770,1786171994.770,TRACKING,5.673,-0.005,0.004,-0.02,0.450,0.005,0.000,0.000,0.000,1.000,5.67,10.77567060,106.67090090,10.51,"10°46'32.41""N, 106°40'15.24""E",FIX,
13:53:14.849,1786171994.849,TRACKING,5.700,-0.005,0.004,-0.02,0.450,0.005,0.000,0.000,0.000,1.000,5.70,10.77567060,106.67090131,10.51,"10°46'32.41""N, 106°40'15.24""E",FIX,
13:53:14.919,1786171994.920,TRACKING,5.727,-0.005,0.005,-0.02,0.450,0.005,0.000,0.000,0.000,1.000,5.73,10.77567060,106.67090131,10.51,"10°46'32.41""N, 106°40'15.24""E",FIX,
13:53:14.993,1786171994.994,TRACKING,5.754,-0.005,0.005,-0.02,0.450,-0.003,0.000,0.000,0.000,1.000,5.75,10.77567060,106.67090131,10.51,"10°46'32.41""N, 106°40'15.24""E",FIX,
13:53:15.081,1786171995.081,TRACKING,5.790,-0.005,0.005,-0.02,0.450,0.006,0.000,0.000,0.000,1.000,5.79,10.77567060,106.67090172,10.51,"10°46'32.41""N, 106°40'15.25""E",FIX,
13:53:15.133,1786171995.134,TRACKING,5.808,-0.005,0.005,-0.02,0.450,0.007,0.000,0.000,0.000,1.000,5.81,10.77567060,106.67090172,10.51,"10°46'32.41""N, 106°40'15.25""E",FIX,
13:53:15.207,1786171995.208,TRACKING,5.835,-0.005,0.005,-0.02,0.450,0.006,0.000,0.000,0.000,1.000,5.83,10.77567060,106.67090172,10.51,"10°46'32.41""N, 106°40'15.25""E",FIX,
13:53:15.289,1786171995.289,TRACKING,5.880,-0.004,0.006,-0.02,0.450,0.005,0.000,0.000,0.000,1.000,5.88,10.77567060,106.67090213,10.51,"10°46'32.41""N, 106°40'15.25""E",FIX,
13:53:15.345,1786171995.346,TRACKING,5.898,-0.004,0.006,-0.02,0.450,0.005,0.000,0.000,0.000,1.000,5.90,10.77567060,106.67090213,10.51,"10°46'32.41""N, 106°40'15.25""E",FIX,
13:53:15.420,1786171995.420,TRACKING,5.925,-0.004,0.007,-0.01,0.450,-0.002,0.000,0.000,0.000,1.000,5.92,10.77567060,106.67090213,10.51,"10°46'32.41""N, 106°40'15.25""E",FIX,
13:53:15.512,1786171995.513,TRACKING,5.970,-0.004,0.007,-0.01,0.450,0.000,0.000,0.000,0.000,1.000,5.97,10.77567060,106.67090213,10.51,"10°46'32.41""N, 106°40'15.25""E",FIX,
13:53:15.579,1786171995.580,TRACKING,5.997,-0.004,0.007,-0.01,0.450,0.000,0.000,0.000,0.000,1.000,6.00,10.77567060,106.67090255,10.51,"10°46'32.41""N, 106°40'15.25""E",FIX,
13:53:15.640,1786171995.640,TRACKING,6.015,-0.003,0.007,-0.01,0.450,0.001,0.000,0.000,0.000,1.000,6.01,10.77567060,106.67090255,10.51,"10°46'32.41""N, 106°40'15.25""E",FIX,
13:53:15.723,1786171995.723,TRACKING,6.051,-0.003,0.007,-0.01,0.450,0.002,0.000,0.000,0.000,1.000,6.05,10.77567060,106.67090255,10.51,"10°46'32.41""N, 106°40'15.25""E",FIX,
13:53:15.795,1786171995.796,TRACKING,6.087,-0.003,0.007,-0.01,0.450,0.002,0.000,0.000,0.000,1.000,6.09,10.77567060,106.67090296,10.51,"10°46'32.41""N, 106°40'15.25""E",FIX,
13:53:15.871,1786171995.872,TRACKING,6.114,-0.003,0.007,-0.00,0.450,-0.013,0.000,0.000,0.000,1.000,6.11,10.77567060,106.67090296,10.51,"10°46'32.41""N, 106°40'15.25""E",FIX,
13:53:15.940,1786171995.941,TRACKING,6.141,-0.003,0.006,0.00,0.450,-0.009,0.000,0.000,0.000,0.583,6.14,10.77567060,106.67090296,10.51,"10°46'32.41""N, 106°40'15.25""E",FIX,
13:53:16.018,1786171996.018,TRACKING,6.177,-0.002,0.006,0.00,0.450,-0.006,0.000,0.000,0.000,0.646,6.18,10.77567061,106.67090337,10.51,"10°46'32.41""N, 106°40'15.25""E",FIX,
13:53:16.090,1786171996.091,TRACKING,6.204,-0.002,0.005,0.01,0.450,-0.005,0.000,0.000,0.000,0.708,6.20,10.77567061,106.67090337,10.51,"10°46'32.41""N, 106°40'15.25""E",FIX,
13:53:16.153,1786171996.154,TRACKING,6.231,-0.002,0.005,0.01,0.450,-0.005,0.000,0.000,0.000,0.771,6.23,10.77567061,106.67090337,10.51,"10°46'32.41""N, 106°40'15.25""E",FIX,
13:53:16.231,1786171996.232,TRACKING,6.258,-0.002,0.004,0.01,0.450,-0.003,0.000,0.000,0.000,0.854,6.26,10.77567061,106.67090378,10.51,"10°46'32.41""N, 106°40'15.25""E",FIX,
13:53:16.305,1786171996.305,TRACKING,6.294,-0.002,0.004,0.01,0.450,-0.003,0.000,0.000,0.000,0.917,6.29,10.77567061,106.67090378,10.51,"10°46'32.41""N, 106°40'15.25""E",FIX,
13:53:16.361,1786171996.362,TRACKING,6.312,-0.002,0.004,0.01,0.450,-0.003,0.000,0.000,0.000,1.000,6.31,10.77567061,106.67090378,10.51,"10°46'32.41""N, 106°40'15.25""E",FIX,
13:53:16.447,1786171996.448,TRACKING,6.348,-0.002,0.004,0.01,0.450,-0.003,0.000,0.000,0.000,1.000,6.35,10.77567061,106.67090419,10.51,"10°46'32.41""N, 106°40'15.26""E",FIX,
13:53:16.521,1786171996.522,TRACKING,6.375,-0.001,0.004,0.01,0.450,-0.003,0.000,0.000,0.000,1.000,6.37,10.77567061,106.67090419,10.51,"10°46'32.41""N, 106°40'15.26""E",FIX,
13:53:16.597,1786171996.597,TRACKING,6.402,-0.001,0.003,0.01,0.450,-0.003,0.000,0.000,0.000,1.000,6.40,10.77567061,106.67090419,10.51,"10°46'32.41""N, 106°40'15.26""E",FIX,
13:53:16.672,1786171996.672,TRACKING,6.438,-0.001,0.003,0.01,0.450,-0.002,0.000,0.000,0.000,1.000,6.44,10.77567061,106.67090460,10.51,"10°46'32.41""N, 106°40'15.26""E",FIX,
13:53:16.737,1786171996.737,TRACKING,6.465,-0.001,0.003,0.01,0.450,0.007,0.000,0.000,0.000,1.000,6.46,10.77567061,106.67090460,10.51,"10°46'32.41""N, 106°40'15.26""E",FIX,
13:53:16.828,1786171996.828,TRACKING,6.501,-0.001,0.004,0.01,0.450,-0.004,0.000,0.000,0.000,1.000,6.50,10.77567061,106.67090460,10.51,"10°46'32.41""N, 106°40'15.26""E",FIX,
13:53:16.892,1786171996.892,TRACKING,6.528,-0.001,0.004,0.01,0.450,-0.004,0.000,0.000,0.000,1.000,6.53,10.77567061,106.67090501,10.51,"10°46'32.41""N, 106°40'15.26""E",FIX,
13:53:16.965,1786171996.966,TRACKING,6.555,-0.001,0.003,0.01,0.450,-0.003,0.000,0.000,0.000,1.000,6.55,10.77567061,106.67090501,10.51,"10°46'32.41""N, 106°40'15.26""E",FIX,
13:53:17.058,1786171997.058,TRACKING,6.591,-0.001,0.003,0.01,0.450,-0.003,0.000,0.000,0.000,1.000,6.59,10.77567061,106.67090501,10.51,"10°46'32.41""N, 106°40'15.26""E",FIX,
13:53:17.127,1786171997.128,TRACKING,6.618,-0.001,0.003,0.01,0.450,-0.003,0.000,0.000,0.000,1.000,6.62,10.77567061,106.67090543,10.51,"10°46'32.41""N, 106°40'15.26""E",FIX,
13:53:17.198,1786171997.198,TRACKING,6.645,-0.001,0.003,0.01,0.450,-0.003,0.000,0.000,0.000,1.000,6.64,10.77567061,106.67090543,10.51,"10°46'32.41""N, 106°40'15.26""E",FIX,
13:53:17.262,1786171997.263,TRACKING,6.672,-0.001,0.003,0.01,0.450,-0.003,0.000,0.000,0.000,1.000,6.67,10.77567061,106.67090543,10.51,"10°46'32.41""N, 106°40'15.26""E",FIX,
13:53:17.338,1786171997.338,TRACKING,6.708,-0.000,0.002,0.01,0.450,-0.002,0.000,0.000,0.000,1.000,6.71,10.77567061,106.67090584,10.51,"10°46'32.41""N, 106°40'15.26""E",FIX,
13:53:17.421,1786171997.421,TRACKING,6.735,-0.000,0.002,0.01,0.450,-0.002,0.000,0.000,0.000,1.000,6.73,10.77567061,106.67090584,10.51,"10°46'32.41""N, 106°40'15.26""E",FIX,
13:53:17.495,1786171997.495,TRACKING,6.771,-0.000,0.002,0.01,0.450,-0.002,0.000,0.000,0.000,1.000,6.77,10.77567061,106.67090584,10.51,"10°46'32.41""N, 106°40'15.26""E",FIX,
13:53:17.582,1786171997.583,TRACKING,6.798,-0.000,0.002,0.01,0.450,-0.002,0.000,0.000,0.000,1.000,6.80,10.77567061,106.67090625,10.51,"10°46'32.41""N, 106°40'15.26""E",FIX,
13:53:17.640,1786171997.640,TRACKING,6.825,-0.000,0.002,0.01,0.450,-0.002,0.000,0.000,0.000,1.000,6.82,10.77567061,106.67090625,10.51,"10°46'32.41""N, 106°40'15.26""E",FIX,
13:53:17.714,1786171997.714,TRACKING,6.852,-0.000,0.002,0.01,0.450,-0.002,0.000,0.000,0.000,1.000,6.85,10.77567061,106.67090625,10.51,"10°46'32.41""N, 106°40'15.26""E",FIX,
13:53:17.795,1786171997.796,TRACKING,6.888,-0.000,0.001,0.01,0.450,-0.002,0.000,0.000,0.000,1.000,6.89,10.77567061,106.67090666,10.51,"10°46'32.41""N, 106°40'15.26""E",FIX,
13:53:17.850,1786171997.851,TRACKING,6.906,-0.000,0.001,0.01,0.450,-0.002,0.000,0.000,0.000,0.896,6.91,10.77567061,106.67090666,10.51,"10°46'32.41""N, 106°40'15.26""E",FIX,
13:53:17.922,1786171997.923,TRACKING,6.942,-0.000,0.001,0.01,0.450,-0.002,0.000,0.000,0.000,0.583,6.94,10.77567061,106.67090666,10.51,"10°46'32.41""N, 106°40'15.26""E",FIX,
13:53:17.997,1786171997.998,TRACKING,6.969,-0.000,0.001,0.01,0.450,-0.002,0.000,0.000,0.000,0.646,6.97,10.77567062,106.67090707,10.51,"10°46'32.41""N, 106°40'15.27""E",FIX,
13:53:18.078,1786171998.079,TRACKING,7.005,-0.000,0.001,0.01,0.450,-0.002,0.000,0.000,0.000,0.708,7.00,10.77567062,106.67090707,10.51,"10°46'32.41""N, 106°40'15.27""E",FIX,
13:53:18.138,1786171998.138,TRACKING,7.032,-0.000,0.001,0.01,0.450,-0.002,0.000,0.000,0.000,0.792,7.03,10.77567062,106.67090707,10.51,"10°46'32.41""N, 106°40'15.27""E",FIX,
13:53:18.214,1786171998.214,TRACKING,7.059,0.000,0.000,0.01,0.450,-0.002,0.000,0.000,0.000,0.854,7.06,10.77567062,106.67090748,10.51,"10°46'32.41""N, 106°40'15.27""E",FIX,
13:53:18.294,1786171998.294,TRACKING,7.086,0.000,0.000,0.01,0.450,-0.002,0.000,0.000,0.000,0.937,7.09,10.77567062,106.67090748,10.51,"10°46'32.41""N, 106°40'15.27""E",FIX,
13:53:18.369,1786171998.369,TRACKING,7.122,0.000,0.000,0.01,0.450,-0.002,0.000,0.000,0.000,1.000,7.12,10.77567062,106.67090748,10.51,"10°46'32.41""N, 106°40'15.27""E",FIX,
13:53:18.442,1786171998.442,TRACKING,7.149,0.000,-0.000,0.01,0.450,-0.002,0.000,0.000,0.000,1.000,7.15,10.77567062,106.67090790,10.51,"10°46'32.41""N, 106°40'15.27""E",FIX,
13:53:18.516,1786171998.517,TRACKING,7.185,0.000,-0.000,0.01,0.450,-0.002,0.000,0.000,0.000,1.000,7.18,10.77567062,106.67090790,10.51,"10°46'32.41""N, 106°40'15.27""E",FIX,
13:53:18.588,1786171998.588,TRACKING,7.212,0.000,-0.000,0.01,0.450,-0.002,0.000,0.000,0.000,1.000,7.21,10.77567062,106.67090790,10.51,"10°46'32.41""N, 106°40'15.27""E",FIX,
13:53:18.664,1786171998.664,TRACKING,7.239,-0.000,-0.001,0.01,0.450,-0.002,0.000,0.000,0.000,1.000,7.24,10.77567062,106.67090831,10.51,"10°46'32.41""N, 106°40'15.27""E",FIX,
13:53:18.738,1786171998.739,TRACKING,7.275,-0.000,-0.001,0.01,0.450,-0.002,0.000,0.000,0.000,1.000,7.27,10.77567062,106.67090831,10.51,"10°46'32.41""N, 106°40'15.27""E",FIX,
13:53:18.809,1786171998.810,TRACKING,7.302,-0.000,-0.001,0.01,0.450,-0.002,0.000,0.000,0.000,1.000,7.30,10.77567062,106.67090831,10.51,"10°46'32.41""N, 106°40'15.27""E",FIX,
13:53:18.872,1786171998.872,TRACKING,7.329,-0.000,-0.001,0.01,0.450,-0.002,0.000,0.000,0.000,1.000,7.33,10.77567062,106.67090872,10.51,"10°46'32.41""N, 106°40'15.27""E",FIX,
13:53:18.936,1786171998.937,TRACKING,7.356,-0.000,-0.001,0.01,0.450,0.002,0.000,0.000,0.000,1.000,7.36,10.77567062,106.67090872,10.51,"10°46'32.41""N, 106°40'15.27""E",FIX,
13:53:19.014,1786171999.015,TRACKING,7.392,-0.000,-0.001,0.01,0.450,-0.003,0.000,0.000,0.000,1.000,7.39,10.77567062,106.67090872,10.51,"10°46'32.41""N, 106°40'15.27""E",FIX,
13:53:19.091,1786171999.091,TRACKING,7.419,-0.000,-0.001,0.01,0.450,-0.003,0.000,0.000,0.000,1.000,7.42,10.77567062,106.67090913,10.51,"10°46'32.41""N, 106°40'15.27""E",FIX,
13:53:19.157,1786171999.158,TRACKING,7.446,-0.000,-0.001,0.01,0.450,-0.003,0.000,0.000,0.000,1.000,7.45,10.77567062,106.67090913,10.51,"10°46'32.41""N, 106°40'15.27""E",FIX,
13:53:19.238,1786171999.238,TRACKING,7.482,-0.000,-0.002,0.01,0.450,-0.003,0.000,0.000,0.000,1.000,7.48,10.77567062,106.67090913,10.51,"10°46'32.41""N, 106°40'15.27""E",FIX,
13:53:19.314,1786171999.315,TRACKING,7.509,-0.000,-0.002,0.01,0.450,-0.003,0.000,0.000,0.000,1.000,7.51,10.77567062,106.67090954,10.51,"10°46'32.41""N, 106°40'15.27""E",FIX,
13:53:19.378,1786171999.379,TRACKING,7.536,-0.000,-0.002,0.01,0.450,-0.003,0.000,0.000,0.000,1.000,7.54,10.77567062,106.67090954,10.51,"10°46'32.41""N, 106°40'15.27""E",FIX,
13:53:19.451,1786171999.451,TRACKING,7.563,-0.000,-0.002,0.01,0.450,-0.002,0.000,0.000,0.000,1.000,7.56,10.77567062,106.67090954,10.51,"10°46'32.41""N, 106°40'15.27""E",FIX,
13:53:19.522,1786171999.522,TRACKING,7.590,-0.001,-0.002,0.01,0.450,0.005,0.000,0.000,0.000,1.000,7.59,10.77567062,106.67090995,10.51,"10°46'32.41""N, 106°40'15.28""E",FIX,
13:53:19.605,1786171999.606,TRACKING,7.626,-0.001,-0.002,0.01,0.450,-0.004,0.000,0.000,0.000,1.000,7.63,10.77567062,106.67090995,10.51,"10°46'32.41""N, 106°40'15.28""E",FIX,
13:53:19.664,1786171999.664,TRACKING,7.653,-0.001,-0.002,0.01,0.450,-0.004,0.000,0.000,0.000,1.000,7.65,10.77567062,106.67090995,10.51,"10°46'32.41""N, 106°40'15.28""E",FIX,
13:53:19.747,1786171999.748,TRACKING,7.680,-0.001,-0.002,-0.01,0.450,0.038,0.000,0.000,0.000,1.000,7.68,10.77567062,106.67091036,10.51,"10°46'32.41""N, 106°40'15.28""E",FIX,
13:53:19.821,1786171999.822,TRACKING,7.716,-0.001,-0.000,-0.02,0.450,0.031,0.000,0.000,0.000,0.625,7.72,10.77567062,106.67091036,10.51,"10°46'32.41""N, 106°40'15.28""E",FIX,
13:53:19.887,1786171999.887,TRACKING,7.743,-0.001,0.002,-0.03,0.450,0.018,0.000,0.000,0.000,0.542,7.74,10.77567062,106.67091036,10.51,"10°46'32.41""N, 106°40'15.28""E",FIX,
13:53:19.961,1786171999.962,TRACKING,7.770,-0.001,0.003,-0.03,0.450,0.014,0.000,0.000,0.000,0.604,7.77,10.77567061,106.67091078,10.51,"10°46'32.41""N, 106°40'15.28""E",FIX,
13:53:20.029,1786172000.029,TRACKING,7.797,-0.001,0.004,-0.03,0.450,0.005,0.000,0.000,0.000,0.687,7.80,10.77567061,106.67091078,10.51,"10°46'32.41""N, 106°40'15.28""E",FIX,
13:53:20.103,1786172000.103,TRACKING,7.833,-0.000,0.004,-0.03,0.450,0.006,0.000,0.000,0.000,0.750,7.83,10.77567061,106.67091078,10.51,"10°46'32.41""N, 106°40'15.28""E",FIX,
13:53:20.185,1786172000.185,TRACKING,7.860,-0.000,0.005,-0.03,0.450,0.007,0.000,0.000,0.000,0.833,7.86,10.77567061,106.67091119,10.51,"10°46'32.41""N, 106°40'15.28""E",FIX,
13:53:20.264,1786172000.264,TRACKING,7.896,-0.000,0.005,-0.03,0.450,0.007,0.000,0.000,0.000,0.917,7.90,10.77567061,106.67091119,10.51,"10°46'32.41""N, 106°40'15.28""E",FIX,
13:53:20.331,1786172000.332,TRACKING,7.914,-0.000,0.006,-0.03,0.450,0.007,0.000,0.000,0.000,0.979,7.91,10.77567061,106.67091119,10.51,"10°46'32.41""N, 106°40'15.28""E",FIX,
13:53:20.412,1786172000.413,TRACKING,7.950,0.000,0.006,-0.03,0.450,0.007,0.000,0.000,0.000,1.000,7.95,10.77567061,106.67091160,10.51,"10°46'32.41""N, 106°40'15.28""E",FIX,
13:53:20.486,1786172000.486,TRACKING,7.986,0.000,0.007,-0.03,0.450,0.007,0.000,0.000,0.000,1.000,7.99,10.77567061,106.67091160,10.51,"10°46'32.41""N, 106°40'15.28""E",FIX,
13:53:20.555,1786172000.555,TRACKING,8.013,0.001,0.007,-0.03,0.450,0.007,0.000,0.000,0.000,1.000,8.01,10.77567061,106.67091160,10.51,"10°46'32.41""N, 106°40'15.28""E",FIX,
13:53:20.634,1786172000.634,TRACKING,8.040,0.001,0.007,-0.03,0.450,0.007,0.000,0.000,0.000,1.000,8.04,10.77567061,106.67091201,10.51,"10°46'32.41""N, 106°40'15.28""E",FIX,
13:53:20.697,1786172000.698,TRACKING,8.067,0.001,0.008,-0.03,0.450,0.007,0.000,0.000,0.000,1.000,8.07,10.77567061,106.67091201,10.51,"10°46'32.41""N, 106°40'15.28""E",FIX,
13:53:20.783,1786172000.783,TRACKING,8.103,0.001,0.008,-0.02,0.450,0.001,0.000,0.000,0.000,1.000,8.10,10.77567061,106.67091201,10.51,"10°46'32.41""N, 106°40'15.28""E",FIX,
13:53:20.856,1786172000.857,TRACKING,8.130,0.002,0.009,-0.02,0.450,0.001,0.000,0.000,0.000,1.000,8.13,10.77567061,106.67091242,10.51,"10°46'32.41""N, 106°40'15.28""E",FIX,
13:53:20.949,1786172000.950,TRACKING,8.157,0.002,0.009,-0.02,0.450,0.003,0.000,0.000,0.000,1.000,8.16,10.77567061,106.67091242,10.51,"10°46'32.41""N, 106°40'15.28""E",FIX,
13:53:21.014,1786172001.014,TRACKING,8.184,0.002,0.009,-0.02,0.450,0.004,0.000,0.000,0.000,1.000,8.18,10.77567061,106.67091242,10.51,"10°46'32.41""N, 106°40'15.28""E",FIX,
13:53:21.077,1786172001.077,TRACKING,8.211,0.002,0.009,-0.02,0.450,0.004,0.000,0.000,0.000,1.000,8.21,10.77567061,106.67091242,10.51,"10°46'32.41""N, 106°40'15.28""E",FIX,
13:53:21.161,1786172001.161,TRACKING,8.256,0.003,0.009,-0.02,0.450,0.011,0.000,0.000,0.000,1.000,8.26,10.77567061,106.67091283,10.51,"10°46'32.41""N, 106°40'15.29""E",FIX,
13:53:21.225,1786172001.225,TRACKING,8.274,0.003,0.010,-0.02,0.450,0.002,0.000,0.000,0.000,1.000,8.27,10.77567061,106.67091283,10.51,"10°46'32.41""N, 106°40'15.29""E",FIX,
13:53:21.308,1786172001.308,TRACKING,8.310,0.003,0.010,-0.02,0.450,0.004,0.000,0.000,0.000,1.000,8.31,10.77567061,106.67091324,10.51,"10°46'32.41""N, 106°40'15.29""E",FIX,
13:53:21.373,1786172001.373,TRACKING,8.337,0.003,0.010,-0.02,0.450,0.004,0.000,0.000,0.000,1.000,8.34,10.77567061,106.67091324,10.51,"10°46'32.41""N, 106°40'15.29""E",FIX,
13:53:21.446,1786172001.447,TRACKING,8.364,0.004,0.011,-0.02,0.450,0.004,0.000,0.000,0.000,1.000,8.36,10.77567061,106.67091324,10.51,"10°46'32.41""N, 106°40'15.29""E",FIX,
13:53:21.529,1786172001.530,TRACKING,8.400,0.004,0.011,-0.02,0.450,0.005,0.000,0.000,0.000,1.000,8.40,10.77567062,106.67091366,10.51,"10°46'32.41""N, 106°40'15.29""E",FIX,
13:53:21.596,1786172001.597,TRACKING,8.427,0.004,0.011,-0.02,0.450,0.005,0.000,0.000,0.000,1.000,8.43,10.77567062,106.67091366,10.51,"10°46'32.41""N, 106°40'15.29""E",FIX,
13:53:21.668,1786172001.668,TRACKING,8.454,0.005,0.011,-0.02,0.450,0.012,0.000,0.000,0.000,1.000,8.45,10.77567062,106.67091366,10.51,"10°46'32.41""N, 106°40'15.29""E",FIX,
13:53:21.734,1786172001.735,TRACKING,8.481,0.005,0.012,-0.02,0.450,0.011,0.000,0.000,0.000,1.000,8.48,10.77567062,106.67091366,10.51,"10°46'32.41""N, 106°40'15.29""E",FIX,
13:53:28.238,1786172008.238,UTURN_PLANNING,11.049,0.040,0.014,0.00,0.000,0.000,0.000,0.000,0.000,0.000,0.00,10.77567069,106.67092559,10.51,"10°46'32.41""N, 106°40'15.33""E",FIX,
13:53:28.250,1786172008.250,PATH_FOLLOWING,11.049,0.040,0.014,88.68,0.020,-1.500,0.000,0.000,0.000,0.000,0.00,10.77567069,106.67092559,10.51,"10°46'32.41""N, 106°40'15.33""E",FIX,
13:53:28.259,1786172008.259,PATH_FOLLOWING,11.049,0.040,0.014,88.68,0.020,-1.500,0.000,0.000,0.000,0.000,0.00,10.77567069,106.67092580,10.51,"10°46'32.41""N, 106°40'15.33""E",FIX,
13:53:28.269,1786172008.269,PATH_FOLLOWING,11.049,0.040,0.014,88.68,0.020,-1.500,0.000,0.000,0.000,0.000,0.00,10.77567069,106.67092580,10.51,"10°46'32.41""N, 106°40'15.33""E",FIX,
13:53:28.279,1786172008.280,PATH_FOLLOWING,11.049,0.040,0.014,88.68,0.020,-1.500,0.000,0.000,0.000,0.000,0.00,10.77567069,106.67092580,10.51,"10°46'32.41""N, 106°40'15.33""E",FIX,
13:53:28.328,1786172008.329,PATH_FOLLOWING,11.051,0.040,-0.066,88.68,0.020,-1.500,0.000,0.000,0.000,0.000,0.00,10.77567069,106.67092580,10.51,"10°46'32.41""N, 106°40'15.33""E",FIX,
13:53:28.397,1786172008.398,PATH_FOLLOWING,11.052,0.040,-0.156,88.68,0.020,-1.500,0.000,0.000,0.000,0.000,0.00,10.77567069,106.67092580,10.51,"10°46'32.41""N, 106°40'15.33""E",FIX,
13:53:28.473,1786172008.474,PATH_FOLLOWING,11.053,0.040,-0.276,88.68,0.020,-1.500,0.000,0.000,0.000,0.000,0.00,10.77567074,106.67092581,10.51,"10°46'32.41""N, 106°40'15.33""E",FIX,
13:53:28.549,1786172008.550,PATH_FOLLOWING,11.054,0.039,-0.366,88.68,0.020,-1.500,0.000,0.000,0.000,0.000,0.00,10.77567074,106.67092581,10.51,"10°46'32.41""N, 106°40'15.33""E",FIX,
13:53:28.624,1786172008.624,PATH_FOLLOWING,11.056,0.039,-0.486,88.68,0.020,-1.500,0.000,0.000,0.000,0.000,0.00,10.77567074,106.67092581,10.51,"10°46'32.41""N, 106°40'15.33""E",FIX,
13:53:28.685,1786172008.686,PATH_FOLLOWING,11.057,0.038,-0.546,88.68,0.020,-1.500,0.000,0.000,0.000,0.000,0.00,10.77567074,106.67092581,10.51,"10°46'32.41""N, 106°40'15.33""E",FIX,
13:53:28.760,1786172008.761,PATH_FOLLOWING,11.058,0.037,-0.666,88.68,0.020,-1.500,0.000,0.000,0.000,0.000,0.00,10.77567088,106.67092583,10.51,"10°46'32.42""N, 106°40'15.33""E",FIX,
13:53:28.826,1786172008.827,PATH_FOLLOWING,11.059,0.037,-0.756,87.82,0.033,-1.500,0.000,0.000,0.000,0.000,0.00,10.77567088,106.67092583,10.51,"10°46'32.42""N, 106°40'15.33""E",FIX,
13:53:28.918,1786172008.919,PATH_FOLLOWING,11.060,0.035,-0.876,86.39,0.055,-1.500,0.000,0.000,0.000,0.000,0.00,10.77567104,106.67092585,10.51,"10°46'32.42""N, 106°40'15.33""E",FIX,
13:53:28.978,1786172008.979,PATH_FOLLOWING,11.062,0.033,-0.966,85.18,0.073,-1.500,0.000,0.000,0.000,0.000,0.00,10.77567104,106.67092585,10.51,"10°46'32.42""N, 106°40'15.33""E",FIX,
13:53:29.056,1786172009.057,PATH_FOLLOWING,11.064,0.029,-1.056,83.90,0.093,-1.500,0.000,0.000,0.000,0.000,0.00,10.77567104,106.67092585,10.51,"10°46'32.42""N, 106°40'15.33""E",FIX,
13:53:29.117,1786172009.118,PATH_FOLLOWING,11.067,0.025,-1.146,82.59,0.113,-1.500,0.000,0.000,0.000,0.000,0.00,10.77567104,106.67092585,10.51,"10°46'32.42""N, 106°40'15.33""E",FIX,
13:53:29.196,1786172009.197,PATH_FOLLOWING,11.069,0.019,-1.236,81.29,0.133,-1.500,0.000,0.000,0.000,0.000,0.00,10.77567115,106.67092591,10.51,"10°46'32.42""N, 106°40'15.33""E",FIX,
13:53:29.277,1786172009.278,PATH_FOLLOWING,11.072,0.009,-1.356,79.61,0.160,-1.500,0.000,0.000,0.000,0.000,0.00,10.77567115,106.67092591,10.51,"10°46'32.42""N, 106°40'15.33""E",FIX,
13:53:29.339,1786172009.339,PATH_FOLLOWING,11.073,0.000,-1.446,78.43,0.178,-1.500,0.000,0.000,0.000,0.000,0.00,10.77567115,106.67092591,10.51,"10°46'32.42""N, 106°40'15.33""E",FIX,
13:53:29.425,1786172009.425,PATH_FOLLOWING,11.074,-0.014,-1.566,77.01,0.201,-1.500,0.000,0.000,0.000,0.000,0.00,10.77567118,106.67092602,10.51,"10°46'32.42""N, 106°40'15.33""E",FIX,
13:53:29.500,1786172009.501,PATH_FOLLOWING,11.074,-0.025,-1.656,74.43,0.215,-1.333,0.000,0.000,0.000,0.000,0.00,10.77567118,106.67092602,10.51,"10°46'32.42""N, 106°40'15.33""E",FIX,
13:53:29.570,1786172009.570,PATH_FOLLOWING,11.071,-0.042,-1.767,68.06,0.231,-0.987,0.000,0.000,0.000,0.000,0.00,10.77567113,106.67092616,10.51,"10°46'32.42""N, 106°40'15.33""E",FIX,
13:53:29.625,1786172009.625,PATH_FOLLOWING,11.069,-0.051,-1.812,64.46,0.236,-0.850,0.000,0.000,0.000,0.000,0.00,10.77567113,106.67092616,10.51,"10°46'32.42""N, 106°40'15.33""E",FIX,
13:53:29.696,1786172009.696,PATH_FOLLOWING,11.066,-0.064,-1.866,58.80,0.241,-0.685,0.000,0.000,0.000,0.000,0.00,10.77567113,106.67092616,10.51,"10°46'32.42""N, 106°40'15.33""E",FIX,
13:53:29.771,1786172009.771,PATH_FOLLOWING,11.059,-0.082,-1.926,49.91,0.245,-0.502,0.000,0.000,0.000,0.000,0.00,10.77567113,106.67092616,10.51,"10°46'32.42""N, 106°40'15.33""E",FIX,
13:53:29.837,1786172009.838,PATH_FOLLOWING,11.054,-0.096,-1.960,43.21,0.247,-0.400,0.000,0.000,0.000,0.000,0.00,10.77567100,106.67092633,10.51,"10°46'32.42""N, 106°40'15.33""E",FIX,
13:53:29.919,1786172009.920,PATH_FOLLOWING,11.046,-0.114,-1.994,34.99,0.248,-0.300,0.000,0.000,0.000,0.000,0.00,10.77567100,106.67092633,10.51,"10°46'32.42""N, 106°40'15.33""E",FIX,
13:53:29.998,1786172009.999,PATH_FOLLOWING,11.038,-0.132,-2.020,61.01,0.239,-0.743,0.000,0.000,0.000,0.000,0.00,10.77567086,106.67092650,10.51,"10°46'32.42""N, 106°40'15.34""E",FIX,
13:53:30.068,1786172010.069,PATH_FOLLOWING,11.031,-0.145,-2.061,55.67,0.242,-0.612,0.000,0.000,0.000,0.000,0.00,10.77567086,106.67092650,10.51,"10°46'32.42""N, 106°40'15.34""E",FIX,
13:53:30.139,1786172010.140,PATH_FOLLOWING,11.024,-0.157,-2.099,49.09,0.245,-0.488,0.000,0.000,0.000,0.000,0.00,10.77567086,106.67092650,10.51,"10°46'32.42""N, 106°40'15.34""E",FIX,
13:53:30.215,1786172010.215,PATH_FOLLOWING,11.017,-0.170,-2.130,42.25,0.247,-0.387,0.000,0.000,0.000,0.000,0.00,10.77567086,106.67092650,10.51,"10°46'32.42""N, 106°40'15.34""E",FIX,
13:53:30.277,1786172010.278,PATH_FOLLOWING,11.009,-0.182,-2.156,35.32,0.248,-0.303,0.000,0.000,0.000,0.000,0.00,10.77567071,106.67092667,10.51,"10°46'32.41""N, 106°40'15.34""E",FIX,
13:53:30.346,1786172010.347,PATH_FOLLOWING,11.000,-0.195,-2.176,29.07,0.249,-0.238,0.000,0.000,0.000,0.000,0.00,10.77567071,106.67092667,10.51,"10°46'32.41""N, 106°40'15.34""E",FIX,
13:53:30.432,1786172010.432,PATH_FOLLOWING,10.989,-0.211,-2.197,21.77,0.249,-0.172,0.000,0.000,0.000,0.000,0.00,10.77567071,106.67092667,10.51,"10°46'32.41""N, 106°40'15.34""E",FIX,
13:53:30.505,1786172010.505,PATH_FOLLOWING,10.980,-0.223,-2.209,17.18,0.250,-0.133,0.000,0.000,0.000,0.000,0.00,10.77567055,106.67092683,10.51,"10°46'32.41""N, 106°40'15.34""E",FIX,
13:53:30.573,1786172010.574,PATH_FOLLOWING,10.971,-0.235,-2.218,13.60,0.250,-0.104,0.000,0.000,0.000,0.000,0.00,10.77567055,106.67092683,10.51,"10°46'32.41""N, 106°40'15.34""E",FIX,
13:53:30.646,1786172010.646,PATH_FOLLOWING,10.962,-0.247,-2.225,10.80,0.250,-0.082,0.000,0.000,0.000,0.000,0.00,10.77567055,106.67092683,10.51,"10°46'32.41""N, 106°40'15.34""E",FIX,
13:53:30.717,1786172010.718,PATH_FOLLOWING,10.950,-0.263,-2.232,7.84,0.250,-0.059,0.000,0.000,0.000,0.000,0.00,10.77567039,106.67092699,10.51,"10°46'32.41""N, 106°40'15.34""E",FIX,
13:53:30.798,1786172010.799,PATH_FOLLOWING,10.937,-0.278,-2.237,5.71,0.250,-0.043,0.000,0.000,0.000,0.000,0.00,10.77567039,106.67092699,10.51,"10°46'32.41""N, 106°40'15.34""E",FIX,
13:53:30.882,1786172010.883,PATH_FOLLOWING,10.928,-0.290,-2.240,4.58,0.250,-0.035,0.000,0.000,0.000,0.000,0.00,10.77567039,106.67092699,10.51,"10°46'32.41""N, 106°40'15.34""E",FIX,
13:53:30.945,1786172010.945,PATH_FOLLOWING,10.919,-0.302,-2.242,3.62,0.250,-0.027,0.000,0.000,0.000,0.000,0.00,10.77567023,106.67092715,10.51,"10°46'32.41""N, 106°40'15.34""E",FIX,
13:53:31.024,1786172011.024,PATH_FOLLOWING,10.910,-0.314,-2.244,2.87,0.250,-0.022,0.000,0.000,0.000,0.000,0.00,10.77567023,106.67092715,10.51,"10°46'32.41""N, 106°40'15.34""E",FIX,
13:53:31.094,1786172011.095,PATH_FOLLOWING,10.900,-0.325,-2.245,2.28,0.250,-0.017,0.000,0.000,0.000,0.000,0.00,10.77567023,106.67092715,10.51,"10°46'32.41""N, 106°40'15.34""E",FIX,
13:53:31.173,1786172011.173,PATH_FOLLOWING,10.888,-0.341,-2.247,1.67,0.250,-0.013,0.000,0.000,0.000,0.000,0.00,10.77567007,106.67092731,10.51,"10°46'32.41""N, 106°40'15.34""E",FIX,
13:53:31.254,1786172011.254,PATH_FOLLOWING,10.878,-0.353,-2.248,1.33,0.250,-0.010,0.000,0.000,0.000,0.000,0.00,10.77567007,106.67092731,10.51,"10°46'32.41""N, 106°40'15.34""E",FIX,
13:53:31.332,1786172011.333,PATH_FOLLOWING,10.866,-0.368,-2.248,0.98,0.250,-0.007,0.000,0.000,0.000,0.000,0.00,10.77567007,106.67092731,10.51,"10°46'32.41""N, 106°40'15.34""E",FIX,
13:53:31.396,1786172011.396,PATH_FOLLOWING,10.859,-0.376,-2.249,0.84,0.250,-0.006,0.000,0.000,0.000,0.000,0.00,10.77566991,106.67092747,10.51,"10°46'32.41""N, 106°40'15.34""E",FIX,
13:53:31.479,1786172011.479,PATH_FOLLOWING,10.847,-0.392,-2.249,0.62,0.250,-0.005,0.000,0.000,0.000,0.000,0.00,10.77566991,106.67092747,10.51,"10°46'32.41""N, 106°40'15.34""E",FIX,
13:53:31.552,1786172011.552,PATH_FOLLOWING,10.837,-0.403,-2.250,0.49,0.250,-0.004,0.000,0.000,0.000,0.000,0.00,10.77566991,106.67092747,10.51,"10°46'32.41""N, 106°40'15.34""E",FIX,
13:53:31.638,1786172011.638,PATH_FOLLOWING,10.825,-0.419,-2.250,0.37,0.250,-0.003,0.000,0.000,0.000,0.000,0.00,10.77566975,106.67092763,10.51,"10°46'32.41""N, 106°40'15.34""E",FIX,
13:53:31.709,1786172011.710,PATH_FOLLOWING,10.816,-0.431,-2.250,0.29,0.250,-0.002,0.000,0.000,0.000,0.000,0.00,10.77566975,106.67092763,10.51,"10°46'32.41""N, 106°40'15.34""E",FIX,
13:53:31.778,1786172011.778,PATH_FOLLOWING,10.806,-0.442,-2.250,0.23,0.250,-0.002,0.000,0.000,0.000,0.000,0.00,10.77566975,106.67092763,10.51,"10°46'32.41""N, 106°40'15.34""E",FIX,
13:53:31.854,1786172011.854,PATH_FOLLOWING,10.794,-0.458,-2.250,0.17,0.250,-0.001,0.000,0.000,0.000,0.000,0.00,10.77566959,106.67092779,10.51,"10°46'32.41""N, 106°40'15.34""E",FIX,
13:53:31.927,1786172011.928,PATH_FOLLOWING,10.784,-0.470,-2.250,0.14,0.250,-0.001,0.000,0.000,0.000,0.000,0.00,10.77566959,106.67092779,10.51,"10°46'32.41""N, 106°40'15.34""E",FIX,
13:53:32.001,1786172012.002,PATH_FOLLOWING,10.775,-0.481,-2.251,0.11,0.250,-0.001,0.000,0.000,0.000,0.000,0.00,10.77566959,106.67092779,10.51,"10°46'32.41""N, 106°40'15.34""E",FIX,
13:53:32.072,1786172012.073,PATH_FOLLOWING,10.762,-0.497,-2.251,0.08,0.250,-0.001,0.000,0.000,0.000,0.000,0.00,10.77566943,106.67092795,10.51,"10°46'32.41""N, 106°40'15.34""E",FIX,
13:53:32.153,1786172012.153,PATH_FOLLOWING,10.753,-0.508,-2.251,0.07,0.250,-0.001,0.000,0.000,0.000,0.000,0.00,10.77566943,106.67092795,10.51,"10°46'32.41""N, 106°40'15.34""E",FIX,
13:53:32.224,1786172012.225,PATH_FOLLOWING,10.743,-0.520,-2.251,0.06,0.250,-0.000,0.000,0.000,0.000,0.000,0.00,10.77566943,106.67092795,10.51,"10°46'32.41""N, 106°40'15.34""E",FIX,
13:53:32.289,1786172012.290,PATH_FOLLOWING,10.734,-0.532,-2.251,0.05,0.250,-0.000,0.000,0.000,0.000,0.000,0.00,10.77566926,106.67092811,10.51,"10°46'32.41""N, 106°40'15.34""E",FIX,
13:53:32.373,1786172012.374,PATH_FOLLOWING,10.721,-0.547,-2.251,0.04,0.250,-0.000,0.000,0.000,0.000,0.000,0.00,10.77566926,106.67092811,10.51,"10°46'32.41""N, 106°40'15.34""E",FIX,
13:53:32.444,1786172012.444,PATH_FOLLOWING,10.712,-0.559,-2.251,0.03,0.250,-0.000,0.000,0.000,0.000,0.000,0.00,10.77566926,106.67092811,10.51,"10°46'32.41""N, 106°40'15.34""E",FIX,
13:53:32.504,1786172012.505,PATH_FOLLOWING,10.702,-0.571,-2.251,0.02,0.250,-0.000,0.000,0.000,0.000,0.000,0.00,10.77566910,106.67092827,10.51,"10°46'32.41""N, 106°40'15.34""E",FIX,
13:53:32.576,1786172012.577,PATH_FOLLOWING,10.693,-0.582,-2.251,0.02,0.250,-0.000,0.000,0.000,0.000,0.000,0.00,10.77566910,106.67092827,10.51,"10°46'32.41""N, 106°40'15.34""E",FIX,
13:53:32.656,1786172012.657,PATH_FOLLOWING,10.680,-0.598,-2.251,0.02,0.250,-0.000,0.000,0.000,0.000,0.000,0.00,10.77566910,106.67092827,10.51,"10°46'32.41""N, 106°40'15.34""E",FIX,
13:53:32.722,1786172012.722,PATH_FOLLOWING,10.671,-0.609,-2.251,0.00,0.000,0.000,0.000,0.000,0.000,0.000,0.00,10.77566894,106.67092843,10.51,"10°46'32.41""N, 106°40'15.34""E",FIX,
13:53:32.799,1786172012.799,UTURN_EXECUTION,10.668,-0.613,-2.251,73.97,0.250,-1.500,0.000,0.000,0.000,0.000,0.00,10.77566894,106.67092843,10.51,"10°46'32.41""N, 106°40'15.34""E",FIX,
13:53:32.865,1786172012.865,UTURN_EXECUTION,10.663,-0.619,-2.296,73.97,0.250,-1.500,0.000,0.000,0.000,0.000,0.00,10.77566894,106.67092843,10.51,"10°46'32.41""N, 106°40'15.34""E",FIX,
13:53:32.946,1786172012.947,UTURN_EXECUTION,10.649,-0.633,-2.416,73.97,0.250,-1.500,0.000,0.000,0.000,0.000,0.00,10.77566885,106.67092853,10.51,"10°46'32.41""N, 106°40'15.34""E",FIX,
13:53:33.010,1786172013.011,UTURN_EXECUTION,10.637,-0.642,-2.506,73.97,0.250,-1.500,0.000,0.000,0.000,0.000,0.00,10.77566885,106.67092853,10.51,"10°46'32.41""N, 106°40'15.34""E",FIX,
13:53:33.092,1786172013.093,UTURN_EXECUTION,10.621,-0.653,-2.626,73.97,0.250,-1.500,0.000,0.000,0.000,0.000,0.00,10.77566885,106.67092853,10.51,"10°46'32.41""N, 106°40'15.34""E",FIX,
13:53:33.156,1786172013.157,UTURN_EXECUTION,10.607,-0.660,-2.716,73.97,0.250,-1.500,0.000,0.000,0.000,0.000,0.00,10.77566867,106.67092869,10.51,"10°46'32.41""N, 106°40'15.34""E",FIX,
13:53:33.230,1786172013.230,UTURN_EXECUTION,10.593,-0.666,-2.806,73.97,0.250,-1.500,0.000,0.000,0.000,0.000,0.00,10.77566867,106.67092869,10.51,"10°46'32.41""N, 106°40'15.34""E",FIX,
13:53:33.293,1786172013.293,UTURN_EXECUTION,10.579,-0.670,-2.896,73.97,0.250,-1.500,0.000,0.000,0.000,0.000,0.00,10.77566867,106.67092869,10.51,"10°46'32.41""N, 106°40'15.34""E",FIX,
13:53:33.368,1786172013.368,UTURN_EXECUTION,10.564,-0.673,-2.986,73.97,0.250,-1.500,0.000,0.000,0.000,0.000,0.00,10.77566849,106.67092887,10.51,"10°46'32.41""N, 106°40'15.34""E",FIX,
13:53:33.445,1786172013.446,UTURN_EXECUTION,10.544,-0.675,-3.106,73.97,0.250,-1.500,0.000,0.000,0.000,0.000,0.00,10.77566849,106.67092887,10.51,"10°46'32.41""N, 106°40'15.34""E",FIX,
13:53:33.519,1786172013.520,UTURN_EXECUTION,10.529,-0.675,3.087,73.97,0.250,-1.500,0.000,0.000,0.000,0.000,0.00,10.77566849,106.67092887,10.51,"10°46'32.41""N, 106°40'15.34""E",FIX,
13:53:33.590,1786172013.590,UTURN_EXECUTION,10.515,-0.673,2.997,73.97,0.250,-1.500,0.000,0.000,0.000,0.000,0.00,10.77566829,106.67092907,10.51,"10°46'32.41""N, 106°40'15.34""E",FIX,
13:53:33.674,1786172013.675,UTURN_EXECUTION,10.495,-0.669,2.877,73.97,0.250,-1.500,0.000,0.000,0.000,0.000,0.00,10.77566829,106.67092907,10.51,"10°46'32.41""N, 106°40'15.34""E",FIX,
13:53:33.762,1786172013.762,UTURN_EXECUTION,10.476,-0.663,2.757,73.97,0.250,-1.500,0.000,0.000,0.000,0.000,0.00,10.77566829,106.67092907,10.51,"10°46'32.41""N, 106°40'15.34""E",FIX,
13:53:33.835,1786172013.835,UTURN_EXECUTION,10.462,-0.656,2.667,73.97,0.250,-1.500,0.000,0.000,0.000,0.000,0.00,10.77566808,106.67092929,10.51,"10°46'32.41""N, 106°40'15.35""E",FIX,
13:53:33.912,1786172013.912,UTURN_EXECUTION,10.445,-0.646,2.547,73.97,0.250,-1.500,0.000,0.000,0.000,0.000,0.00,10.77566808,106.67092929,10.51,"10°46'32.41""N, 106°40'15.35""E",FIX,
13:53:33.980,1786172013.981,UTURN_EXECUTION,10.437,-0.640,2.487,73.97,0.250,-1.500,0.000,0.000,0.000,0.000,0.00,10.77566808,106.67092929,10.51,"10°46'32.41""N, 106°40'15.35""E",FIX,
13:53:34.048,1786172014.048,UTURN_EXECUTION,10.426,-0.631,2.397,73.97,0.250,-1.500,0.000,0.000,0.000,0.000,0.00,10.77566786,106.67092953,10.51,"10°46'32.40""N, 106°40'15.35""E",FIX,
13:53:34.120,1786172014.120,UTURN_EXECUTION,10.415,-0.620,2.307,73.97,0.250,-1.500,0.000,0.000,0.000,0.000,0.00,10.77566786,106.67092953,10.51,"10°46'32.40""N, 106°40'15.35""E",FIX,
13:53:34.194,1786172014.195,UTURN_EXECUTION,10.403,-0.605,2.187,73.97,0.250,-1.500,0.000,0.000,0.000,0.000,0.00,10.77566786,106.67092953,10.51,"10°46'32.40""N, 106°40'15.35""E",FIX,
13:53:34.284,1786172014.284,UTURN_EXECUTION,10.394,-0.592,2.097,73.97,0.250,-1.500,0.000,0.000,0.000,0.000,0.00,10.77566764,106.67092977,10.51,"10°46'32.40""N, 106°40'15.35""E",FIX,
13:53:34.346,1786172014.347,UTURN_EXECUTION,10.385,-0.574,1.977,73.97,0.250,-1.500,0.000,0.000,0.000,0.000,0.00,10.77566764,106.67092977,10.51,"10°46'32.40""N, 106°40'15.35""E",FIX,
13:53:34.410,1786172014.410,UTURN_EXECUTION,10.380,-0.560,1.887,73.97,0.250,-1.500,0.000,0.000,0.000,0.000,0.00,10.77566764,106.67092977,10.51,"10°46'32.40""N, 106°40'15.35""E",FIX,
13:53:34.487,1786172014.487,UTURN_EXECUTION,10.376,-0.546,1.797,73.97,0.250,-1.500,0.000,0.000,0.000,0.000,0.00,10.77566741,106.67093002,10.51,"10°46'32.40""N, 106°40'15.35""E",FIX,
13:53:34.560,1786172014.560,UTURN_EXECUTION,10.373,-0.531,1.707,73.97,0.250,-1.500,0.000,0.000,0.000,0.000,0.00,10.77566741,106.67093002,10.51,"10°46'32.40""N, 106°40'15.35""E",FIX,
13:53:34.646,1786172014.646,UTURN_EXECUTION,10.372,-0.511,1.587,73.97,0.250,-1.500,0.000,0.000,0.000,0.000,0.00,10.77566741,106.67093002,10.51,"10°46'32.40""N, 106°40'15.35""E",FIX,
13:53:34.706,1786172014.707,UTURN_EXECUTION,10.372,-0.496,1.497,73.97,0.250,-1.500,0.000,0.000,0.000,0.000,0.00,10.77566719,106.67093023,10.51,"10°46'32.40""N, 106°40'15.35""E",FIX,
13:53:34.799,1786172014.799,UTURN_EXECUTION,10.375,-0.476,1.377,73.97,0.250,-1.500,0.000,0.000,0.000,0.000,0.00,10.77566719,106.67093023,10.51,"10°46'32.40""N, 106°40'15.35""E",FIX,
13:53:34.859,1786172014.859,UTURN_EXECUTION,10.378,-0.462,1.287,73.97,0.250,-1.500,0.000,0.000,0.000,0.000,0.00,10.77566719,106.67093023,10.51,"10°46'32.40""N, 106°40'15.35""E",FIX,
13:53:34.944,1786172014.945,UTURN_EXECUTION,10.383,-0.447,1.197,73.97,0.250,-1.500,0.000,0.000,0.000,0.000,0.00,10.77566697,106.67093036,10.51,"10°46'32.40""N, 106°40'15.35""E",FIX,
13:53:35.018,1786172015.018,UTURN_EXECUTION,10.392,-0.429,1.077,73.97,0.250,-1.500,0.000,0.000,0.000,0.000,0.00,10.77566697,106.67093036,10.51,"10°46'32.40""N, 106°40'15.35""E",FIX,
13:53:35.100,1786172015.100,UTURN_EXECUTION,10.399,-0.416,0.987,73.97,0.250,-1.500,0.000,0.000,0.000,0.000,0.00,10.77566697,106.67093036,10.51,"10°46'32.40""N, 106°40'15.35""E",FIX,
13:53:35.214,1786172015.215,UTURN_EXECUTION,10.408,-0.404,0.897,73.97,0.250,-1.500,0.000,0.000,0.000,0.000,0.00,10.77566676,106.67093044,10.51,"10°46'32.40""N, 106°40'15.35""E",FIX,
13:53:35.298,1786172015.299,UTURN_EXECUTION,10.422,-0.389,0.777,73.97,0.250,-1.500,0.000,0.000,0.000,0.000,0.00,10.77566676,106.67093044,10.51,"10°46'32.40""N, 106°40'15.35""E",FIX,
13:53:35.371,1786172015.372,UTURN_EXECUTION,10.433,-0.379,0.687,73.97,0.250,-1.500,0.000,0.000,0.000,0.000,0.00,10.77566676,106.67093044,10.51,"10°46'32.40""N, 106°40'15.35""E",FIX,
13:53:35.445,1786172015.446,UTURN_EXECUTION,10.445,-0.370,0.597,73.97,0.250,-1.500,0.000,0.000,0.000,0.000,0.00,10.77566655,106.67093045,10.51,"10°46'32.40""N, 106°40'15.35""E",FIX,
13:53:35.524,1786172015.524,UTURN_EXECUTION,10.458,-0.363,0.507,73.97,0.250,-1.500,0.000,0.000,0.000,0.000,0.00,10.77566655,106.67093045,10.51,"10°46'32.40""N, 106°40'15.35""E",FIX,
13:53:35.602,1786172015.602,UTURN_EXECUTION,10.476,-0.354,0.387,73.97,0.250,-1.500,0.000,0.000,0.000,0.000,0.00,10.77566655,106.67093045,10.51,"10°46'32.40""N, 106°40'15.35""E",FIX,
13:53:35.670,1786172015.670,UTURN_EXECUTION,10.490,-0.349,0.297,73.97,0.250,-1.500,0.000,0.000,0.000,0.083,0.00,10.77566636,106.67093040,10.51,"10°46'32.40""N, 106°40'15.35""E",FIX,
13:53:35.747,1786172015.748,UTURN_EXECUTION,10.504,-0.345,0.207,73.97,0.250,-1.500,0.000,0.000,0.000,0.042,0.00,10.77566636,106.67093040,10.51,"10°46'32.40""N, 106°40'15.35""E",FIX,
13:53:35.826,1786172015.827,UTURN_EXECUTION,10.524,-0.342,0.087,73.97,0.250,-1.500,0.000,0.000,0.000,0.000,0.00,10.77566636,106.67093040,10.51,"10°46'32.40""N, 106°40'15.35""E",FIX,
13:53:35.891,1786172015.892,UTURN_EXECUTION,10.534,-0.342,0.027,73.97,0.250,-1.500,0.000,0.000,0.000,0.000,0.00,10.77566636,106.67093040,10.51,"10°46'32.40""N, 106°40'15.35""E",FIX,
13:53:35.964,1786172015.965,UTURN_EXECUTION,10.554,-0.342,-0.093,73.97,0.250,-1.500,0.000,0.000,0.000,0.000,0.00,10.77566618,106.67093029,10.51,"10°46'32.40""N, 106°40'15.35""E",FIX,
13:53:36.046,1786172016.046,UTURN_EXECUTION,10.574,-0.345,-0.213,73.97,0.250,-1.500,0.000,0.000,0.000,0.000,0.00,10.77566618,106.67093029,10.51,"10°46'32.40""N, 106°40'15.35""E",FIX,
13:53:36.123,1786172016.123,UTURN_EXECUTION,10.588,-0.349,-0.303,73.97,0.250,-1.500,0.000,0.000,0.000,0.000,0.00,10.77566601,106.67093014,10.51,"10°46'32.40""N, 106°40'15.35""E",FIX,
13:53:36.184,1786172016.184,UTURN_EXECUTION,10.602,-0.354,-0.393,73.97,0.250,-1.500,0.000,0.000,0.000,0.000,0.00,10.77566601,106.67093014,10.51,"10°46'32.40""N, 106°40'15.35""E",FIX,
13:53:36.266,1786172016.266,UTURN_EXECUTION,10.616,-0.361,-0.483,73.97,0.250,-1.500,0.000,0.000,0.000,0.000,0.00,10.77566601,106.67093014,10.51,"10°46'32.40""N, 106°40'15.35""E",FIX,
13:53:36.348,1786172016.349,UTURN_EXECUTION,10.633,-0.371,-0.603,73.97,0.250,-1.500,0.000,0.000,0.000,0.000,0.00,10.77566586,106.67092997,10.51,"10°46'32.40""N, 106°40'15.35""E",FIX,
13:53:36.405,1786172016.406,UTURN_EXECUTION,10.645,-0.380,-0.693,73.97,0.250,-1.500,0.000,0.000,0.000,0.000,0.00,10.77566586,106.67092997,10.51,"10°46'32.40""N, 106°40'15.35""E",FIX,
13:53:36.480,1786172016.480,UTURN_EXECUTION,10.656,-0.390,-0.783,73.97,0.250,-1.500,0.000,0.000,0.000,0.000,0.00,10.77566586,106.67092997,10.51,"10°46'32.40""N, 106°40'15.35""E",FIX,
13:53:36.548,1786172016.549,UTURN_EXECUTION,10.666,-0.401,-0.873,73.97,0.250,-1.500,0.000,0.000,0.000,0.000,0.00,10.77566586,106.67092997,10.51,"10°46'32.40""N, 106°40'15.35""E",FIX,
13:53:36.622,1786172016.623,UTURN_EXECUTION,10.678,-0.417,-0.993,73.97,0.250,-1.500,0.000,0.000,0.000,0.000,0.00,10.77566569,106.67092979,10.51,"10°46'32.40""N, 106°40'15.35""E",FIX,
13:53:36.692,1786172016.692,UTURN_EXECUTION,10.686,-0.430,-1.083,73.97,0.250,-1.500,0.000,0.000,0.000,0.000,0.00,10.77566569,106.67092979,10.51,"10°46'32.40""N, 106°40'15.35""E",FIX,
13:53:36.763,1786172016.764,UTURN_EXECUTION,10.692,-0.444,-1.173,73.97,0.250,-1.500,0.000,0.000,0.000,0.000,0.00,10.77566569,106.67092979,10.51,"10°46'32.40""N, 106°40'15.35""E",FIX,
13:53:36.847,1786172016.848,UTURN_EXECUTION,10.699,-0.462,-1.293,73.97,0.250,-1.500,0.000,0.000,0.000,0.000,0.00,10.77566550,106.67092959,10.51,"10°46'32.40""N, 106°40'15.35""E",FIX,
13:53:36.922,1786172016.923,UTURN_EXECUTION,10.703,-0.482,-1.413,73.97,0.250,-1.500,0.000,0.000,0.000,0.021,0.00,10.77566550,106.67092959,10.51,"10°46'32.40""N, 106°40'15.35""E",FIX,
13:53:36.984,1786172016.984,UTURN_EXECUTION,10.704,-0.492,-1.473,73.97,0.250,-1.500,0.000,0.000,0.000,0.083,0.00,10.77566550,106.67092959,10.51,"10°46'32.40""N, 106°40'15.35""E",FIX,
13:53:37.060,1786172017.061,UTURN_EXECUTION,10.705,-0.512,-1.593,73.97,0.250,-1.500,0.000,0.000,0.000,0.125,0.00,10.77566529,106.67092939,10.51,"10°46'32.40""N, 106°40'15.35""E",FIX,
13:53:37.119,1786172017.120,UTURN_EXECUTION,10.704,-0.527,-1.683,73.97,0.250,-1.500,0.000,0.000,0.000,0.167,0.00,10.77566529,106.67092939,10.51,"10°46'32.40""N, 106°40'15.35""E",FIX,
13:53:37.196,1786172017.196,UTURN_EXECUTION,10.702,-0.542,-1.773,73.97,0.250,-1.500,0.000,0.000,0.000,1.000,0.00,10.77566529,106.67092939,10.51,"10°46'32.40""N, 106°40'15.35""E",FIX,
13:53:37.263,1786172017.263,TRACKING,10.697,-0.561,-1.891,0.25,0.450,-0.098,0.000,0.000,0.000,1.000,0.02,10.77566506,106.67092917,10.51,"10°46'32.39""N, 106°40'15.35""E",FIX,
13:53:37.347,1786172017.347,TRACKING,10.689,-0.583,-1.917,0.36,0.450,-0.292,0.000,0.000,0.000,1.000,0.04,10.77566506,106.67092917,10.51,"10°46'32.39""N, 106°40'15.35""E",FIX,
13:53:37.434,1786172017.435,TRACKING,10.676,-0.617,-1.935,0.42,0.450,-0.233,0.000,0.000,0.000,1.000,0.08,10.77566506,106.67092917,10.51,"10°46'32.39""N, 106°40'15.35""E",FIX,
13:53:37.499,1786172017.499,TRACKING,10.666,-0.642,-1.950,0.48,0.450,-0.267,0.000,0.000,0.000,1.000,0.11,10.77566490,106.67092885,10.51,"10°46'32.39""N, 106°40'15.34""E",FIX,
13:53:37.565,1786172017.565,TRACKING,10.660,-0.659,-1.960,0.56,0.450,-0.345,0.000,0.000,0.000,1.000,0.12,10.77566490,106.67092885,10.51,"10°46'32.39""N, 106°40'15.34""E",FIX,
13:53:37.635,1786172017.635,TRACKING,10.646,-0.692,-1.985,0.60,0.450,-0.239,0.000,0.000,0.000,0.687,0.16,10.77566490,106.67092885,10.51,"10°46'32.39""N, 106°40'15.34""E",FIX,
13:53:37.733,1786172017.734,TRACKING,10.634,-0.717,-2.001,0.62,0.450,-0.187,0.000,0.000,0.000,0.771,0.19,10.77566478,106.67092844,10.51,"10°46'32.39""N, 106°40'15.34""E",FIX,
13:53:37.803,1786172017.804,TRACKING,10.619,-0.749,-2.019,0.61,0.450,-0.155,0.000,0.000,0.000,0.854,0.22,10.77566478,106.67092844,10.51,"10°46'32.39""N, 106°40'15.34""E",FIX,
13:53:37.856,1786172017.857,TRACKING,10.607,-0.774,-2.029,0.60,0.450,-0.132,0.000,0.000,0.000,0.937,0.25,10.77566478,106.67092844,10.51,"10°46'32.39""N, 106°40'15.34""E",FIX,
13:53:37.940,1786172017.940,TRACKING,10.591,-0.806,-2.040,0.59,0.450,-0.136,0.000,0.000,0.000,1.000,0.29,10.77566467,106.67092804,10.51,"10°46'32.39""N, 106°40'15.34""E",FIX,
13:53:38.015,1786172018.016,TRACKING,10.579,-0.830,-2.048,0.58,0.450,-0.129,0.000,0.000,0.000,1.000,0.31,10.77566467,106.67092804,10.51,"10°46'32.39""N, 106°40'15.34""E",FIX,
13:53:38.088,1786172018.089,TRACKING,10.566,-0.854,-2.056,0.56,0.450,-0.124,0.000,0.000,0.000,1.000,0.34,10.77566467,106.67092804,10.51,"10°46'32.39""N, 106°40'15.34""E",FIX,
13:53:38.144,1786172018.145,TRACKING,10.554,-0.878,-2.064,0.55,0.450,-0.113,0.000,0.000,0.000,1.000,0.37,10.77566458,106.67092763,10.51,"10°46'32.39""N, 106°40'15.34""E",FIX,
13:53:38.230,1786172018.231,TRACKING,10.536,-0.909,-2.073,0.54,0.450,-0.126,0.000,0.000,0.000,1.000,0.40,10.77566458,106.67092763,10.51,"10°46'32.39""N, 106°40'15.34""E",FIX,
13:53:38.292,1786172018.293,TRACKING,10.528,-0.925,-2.078,0.53,0.450,-0.116,0.000,0.000,0.000,1.000,0.42,10.77566458,106.67092763,10.51,"10°46'32.39""N, 106°40'15.34""E",FIX,
13:53:38.359,1786172018.359,TRACKING,10.510,-0.956,-2.087,0.52,0.450,-0.117,0.000,0.000,0.000,1.000,0.46,10.77566450,106.67092723,10.51,"10°46'32.39""N, 106°40'15.34""E",FIX,
13:53:38.450,1786172018.450,TRACKING,10.497,-0.980,-2.094,0.51,0.450,-0.118,0.000,0.000,0.000,1.000,0.48,10.77566450,106.67092723,10.51,"10°46'32.39""N, 106°40'15.34""E",FIX,
13:53:38.531,1786172018.532,TRACKING,10.479,-1.011,-2.104,0.50,0.450,-0.117,0.000,0.000,0.000,1.000,0.52,10.77566450,106.67092723,10.51,"10°46'32.39""N, 106°40'15.34""E",FIX,
13:53:38.602,1786172018.603,TRACKING,10.465,-1.034,-2.111,0.49,0.450,-0.104,0.000,0.000,0.000,1.000,0.55,10.77566442,106.67092682,10.51,"10°46'32.39""N, 106°40'15.34""E",FIX,
13:53:38.683,1786172018.683,TRACKING,10.451,-1.057,-2.117,0.51,0.450,-0.182,0.000,0.000,0.000,0.521,0.57,10.77566442,106.67092682,10.51,"10°46'32.39""N, 106°40'15.34""E",FIX,
13:53:38.759,1786172018.760,TRACKING,10.432,-1.088,-2.130,0.52,0.450,-0.150,0.000,0.000,0.000,0.500,0.61,10.77566442,106.67092682,10.51,"10°46'32.39""N, 106°40'15.34""E",FIX,
13:53:38.820,1786172018.820,TRACKING,10.422,-1.103,-2.137,0.51,0.450,-0.122,0.000,0.000,0.000,0.562,0.63,10.77566434,106.67092642,10.51,"10°46'32.39""N, 106°40'15.34""E",FIX,
13:53:38.901,1786172018.901,TRACKING,10.403,-1.133,-2.147,0.50,0.450,-0.114,0.000,0.000,0.000,0.604,0.66,10.77566434,106.67092642,10.51,"10°46'32.39""N, 106°40'15.34""E",FIX,
13:53:39.002,1786172019.002,TRACKING,10.383,-1.164,-2.157,0.49,0.450,-0.116,0.000,0.000,0.000,0.667,0.70,10.77566434,106.67092642,10.51,"10°46'32.39""N, 106°40'15.34""E",FIX,
13:53:39.068,1786172019.069,TRACKING,10.368,-1.186,-2.163,0.48,0.450,-0.103,0.000,0.000,0.000,0.750,0.73,10.77566427,106.67092601,10.51,"10°46'32.39""N, 106°40'15.33""E",FIX,
13:53:39.134,1786172019.134,TRACKING,10.353,-1.208,-2.170,0.47,0.450,-0.089,0.000,0.000,0.000,0.812,0.75,10.77566427,106.67092601,10.51,"10°46'32.39""N, 106°40'15.33""E",FIX,
13:53:39.207,1786172019.208,TRACKING,10.332,-1.238,-2.178,0.45,0.450,-0.099,0.000,0.000,0.000,0.875,0.79,10.77566427,106.67092601,10.51,"10°46'32.39""N, 106°40'15.33""E",FIX,
13:53:39.269,1786172019.269,TRACKING,10.322,-1.253,-2.181,0.44,0.450,-0.087,0.000,0.000,0.000,0.854,0.81,10.77566420,106.67092560,10.51,"10°46'32.39""N, 106°40'15.33""E",FIX,
13:53:39.348,1786172019.349,TRACKING,10.301,-1.282,-2.189,0.43,0.450,-0.099,0.000,0.000,0.000,0.625,0.84,10.77566420,106.67092560,10.51,"10°46'32.39""N, 106°40'15.33""E",FIX,
13:53:39.413,1786172019.413,TRACKING,10.286,-1.304,-2.194,0.42,0.450,-0.085,0.000,0.000,0.000,0.687,0.87,10.77566420,106.67092560,10.51,"10°46'32.39""N, 106°40'15.33""E",FIX,
13:53:39.494,1786172019.495,TRACKING,10.265,-1.333,-2.202,0.41,0.450,-0.092,0.000,0.000,0.000,0.771,0.91,10.77566414,106.67092519,10.51,"10°46'32.39""N, 106°40'15.33""E",FIX,
13:53:39.568,1786172019.569,TRACKING,10.249,-1.355,-2.207,0.40,0.450,-0.087,0.000,0.000,0.000,0.833,0.93,10.77566414,106.67092519,10.51,"10°46'32.39""N, 106°40'15.33""E",FIX,
13:53:39.632,1786172019.632,TRACKING,10.233,-1.377,-2.212,0.39,0.450,-0.081,0.000,0.000,0.000,0.917,0.96,10.77566414,106.67092519,10.51,"10°46'32.39""N, 106°40'15.33""E",FIX,
13:53:39.709,1786172019.710,TRACKING,10.211,-1.405,-2.219,0.38,0.450,-0.086,0.000,0.000,0.000,1.000,1.00,10.77566408,106.67092478,10.51,"10°46'32.39""N, 106°40'15.33""E",FIX,
13:53:39.769,1786172019.770,TRACKING,10.200,-1.420,-2.222,0.37,0.450,-0.074,0.000,0.000,0.000,1.000,1.02,10.77566408,106.67092478,10.51,"10°46'32.39""N, 106°40'15.33""E",FIX,
13:53:39.848,1786172019.849,TRACKING,10.178,-1.448,-2.229,0.36,0.450,-0.081,0.000,0.000,0.000,1.000,1.05,10.77566408,106.67092478,10.51,"10°46'32.39""N, 106°40'15.33""E",FIX,
13:53:39.917,1786172019.918,TRACKING,10.162,-1.470,-2.233,0.36,0.450,-0.073,0.000,0.000,0.000,1.000,1.08,10.77566403,106.67092437,10.51,"10°46'32.39""N, 106°40'15.33""E",FIX,
13:53:39.998,1786172019.998,TRACKING,10.145,-1.491,-2.238,0.35,0.450,-0.074,0.000,0.000,0.000,1.000,1.11,10.77566403,106.67092437,10.51,"10°46'32.39""N, 106°40'15.33""E",FIX,
13:53:40.074,1786172020.075,TRACKING,10.123,-1.519,-2.244,0.34,0.450,-0.074,0.000,0.000,0.000,1.000,1.14,10.77566403,106.67092437,10.51,"10°46'32.39""N, 106°40'15.33""E",FIX,
13:53:40.154,1786172020.155,TRACKING,10.106,-1.540,-2.248,0.33,0.450,-0.077,0.000,0.000,0.000,1.000,1.17,10.77566398,106.67092396,10.51,"10°46'32.39""N, 106°40'15.33""E",FIX,
13:53:40.222,1786172020.223,TRACKING,10.089,-1.561,-2.253,0.32,0.450,-0.068,0.000,0.000,0.000,1.000,1.20,10.77566398,106.67092396,10.51,"10°46'32.39""N, 106°40'15.33""E",FIX,
13:53:40.296,1786172020.297,TRACKING,10.072,-1.582,-2.257,0.32,0.450,-0.068,0.000,0.000,0.000,1.000,1.22,10.77566398,106.67092396,10.51,"10°46'32.39""N, 106°40'15.33""E",FIX,
13:53:40.369,1786172020.370,TRACKING,10.049,-1.610,-2.262,0.31,0.450,-0.065,0.000,0.000,0.000,1.000,1.26,10.77566393,106.67092355,10.51,"10°46'32.39""N, 106°40'15.32""E",FIX,
13:53:40.448,1786172020.449,TRACKING,10.031,-1.631,-2.266,0.30,0.450,-0.070,0.000,0.000,0.000,1.000,1.29,10.77566393,106.67092355,10.51,"10°46'32.39""N, 106°40'15.32""E",FIX,
13:53:40.528,1786172020.528,TRACKING,10.008,-1.658,-2.272,0.30,0.450,-0.067,0.000,0.000,0.000,1.000,1.32,10.77566393,106.67092355,10.51,"10°46'32.39""N, 106°40'15.32""E",FIX,
13:53:40.600,1786172020.601,TRACKING,9.991,-1.679,-2.276,0.29,0.450,-0.061,0.000,0.000,0.000,1.000,1.35,10.77566389,106.67092314,10.51,"10°46'32.39""N, 106°40'15.32""E",FIX,
13:53:40.662,1786172020.663,TRACKING,9.973,-1.699,-2.280,0.28,0.450,-0.063,0.000,0.000,0.000,1.000,1.38,10.77566389,106.67092314,10.51,"10°46'32.39""N, 106°40'15.32""E",FIX,
13:53:40.736,1786172020.737,TRACKING,9.956,-1.720,-2.283,0.28,0.450,-0.060,0.000,0.000,0.000,1.000,1.40,10.77566389,106.67092314,10.51,"10°46'32.39""N, 106°40'15.32""E",FIX,
13:53:40.826,1786172020.826,TRACKING,9.932,-1.747,-2.288,0.29,0.450,-0.103,0.000,0.000,0.000,0.708,1.44,10.77566385,106.67092273,10.51,"10°46'32.39""N, 106°40'15.32""E",FIX,
13:53:40.911,1786172020.912,TRACKING,9.908,-1.774,-2.295,0.30,0.450,-0.091,0.000,0.000,0.000,0.583,1.47,10.77566385,106.67092273,10.51,"10°46'32.39""N, 106°40'15.32""E",FIX,
13:53:40.982,1786172020.983,TRACKING,9.890,-1.794,-2.301,0.30,0.450,-0.074,0.000,0.000,0.000,0.625,1.50,10.77566385,106.67092273,10.51,"10°46'32.39""N, 106°40'15.32""E",FIX,
13:53:41.052,1786172021.053,TRACKING,9.878,-1.808,-2.304,0.29,0.450,-0.066,0.000,0.000,0.000,0.687,1.52,10.77566381,106.67092232,10.51,"10°46'32.39""N, 106°40'15.32""E",FIX,
13:53:41.158,1786172021.159,TRACKING,9.854,-1.834,-2.310,0.29,0.450,-0.064,0.000,0.000,0.000,0.521,1.56,10.77566381,106.67092232,10.51,"10°46'32.39""N, 106°40'15.32""E",FIX,
13:53:41.220,1786172021.220,TRACKING,9.836,-1.854,-2.314,0.28,0.450,-0.060,0.000,0.000,0.000,0.583,1.58,10.77566381,106.67092232,10.51,"10°46'32.39""N, 106°40'15.32""E",FIX,
13:53:41.295,1786172021.296,TRACKING,9.812,-1.881,-2.319,0.27,0.450,-0.055,0.000,0.000,0.000,0.667,1.62,10.77566377,106.67092191,10.51,"10°46'32.39""N, 106°40'15.32""E",FIX,
13:53:41.363,1786172021.363,TRACKING,9.793,-1.900,-2.322,0.26,0.450,-0.052,0.000,0.000,0.000,0.750,1.65,10.77566377,106.67092191,10.51,"10°46'32.39""N, 106°40'15.32""E",FIX,
13:53:41.448,1786172021.448,TRACKING,9.768,-1.927,-2.326,0.26,0.450,-0.060,0.000,0.000,0.000,0.812,1.68,10.77566377,106.67092191,10.51,"10°46'32.39""N, 106°40'15.32""E",FIX,
13:53:41.517,1786172021.517,TRACKING,9.750,-1.946,-2.330,0.25,0.450,-0.052,0.000,0.000,0.000,0.896,1.71,10.77566374,106.67092150,10.51,"10°46'32.39""N, 106°40'15.32""E",FIX,
13:53:41.593,1786172021.594,TRACKING,9.731,-1.966,-2.333,0.24,0.450,-0.049,0.000,0.000,0.000,0.979,1.74,10.77566374,106.67092150,10.51,"10°46'32.39""N, 106°40'15.32""E",FIX,
13:53:41.659,1786172021.660,TRACKING,9.713,-1.985,-2.336,0.24,0.450,-0.051,0.000,0.000,0.000,1.000,1.76,10.77566374,106.67092150,10.51,"10°46'32.39""N, 106°40'15.32""E",FIX,
13:53:41.732,1786172021.732,TRACKING,9.694,-2.005,-2.339,0.23,0.450,-0.048,0.000,0.000,0.000,1.000,1.79,10.77566371,106.67092109,10.51,"10°46'32.39""N, 106°40'15.32""E",FIX,
13:53:41.816,1786172021.816,TRACKING,9.669,-2.031,-2.343,0.22,0.450,-0.047,0.000,0.000,0.000,1.000,1.83,10.77566371,106.67092109,10.51,"10°46'32.39""N, 106°40'15.32""E",FIX,
13:53:41.875,1786172021.875,TRACKING,9.650,-2.050,-2.346,0.22,0.450,-0.046,0.000,0.000,0.000,1.000,1.85,10.77566371,106.67092109,10.51,"10°46'32.39""N, 106°40'15.32""E",FIX,
13:53:41.958,1786172021.958,TRACKING,9.631,-2.069,-2.349,0.21,0.450,-0.045,0.000,0.000,0.000,1.000,1.88,10.77566368,106.67092068,10.51,"10°46'32.39""N, 106°40'15.31""E",FIX,
13:53:42.031,1786172022.031,TRACKING,9.606,-2.095,-2.352,0.21,0.450,-0.041,0.000,0.000,0.000,1.000,1.92,10.77566368,106.67092068,10.51,"10°46'32.39""N, 106°40'15.31""E",FIX,
13:53:42.111,1786172022.111,TRACKING,9.587,-2.114,-2.355,0.20,0.450,-0.044,0.000,0.000,0.000,1.000,1.94,10.77566368,106.67092068,10.51,"10°46'32.39""N, 106°40'15.31""E",FIX,
13:53:42.168,1786172022.168,TRACKING,9.568,-2.133,-2.357,0.19,0.450,-0.031,0.000,0.000,0.000,1.000,1.97,10.77566365,106.67092027,10.51,"10°46'32.39""N, 106°40'15.31""E",FIX,
13:53:42.252,1786172022.253,TRACKING,9.548,-2.152,-2.360,0.19,0.450,-0.044,0.000,0.000,0.000,1.000,2.00,10.77566365,106.67092027,10.51,"10°46'32.39""N, 106°40'15.31""E",FIX,
13:53:42.326,1786172022.326,TRACKING,9.523,-2.177,-2.363,0.18,0.450,-0.038,0.000,0.000,0.000,1.000,2.03,10.77566365,106.67092027,10.51,"10°46'32.39""N, 106°40'15.31""E",FIX,
13:53:42.389,1786172022.390,TRACKING,9.504,-2.196,-2.365,0.18,0.450,-0.037,0.000,0.000,0.000,1.000,2.06,10.77566363,106.67091986,10.51,"10°46'32.39""N, 106°40'15.31""E",FIX,
13:53:42.474,1786172022.474,TRACKING,9.484,-2.215,-2.367,0.18,0.450,-0.043,0.000,0.000,0.000,1.000,2.09,10.77566363,106.67091986,10.51,"10°46'32.39""N, 106°40'15.31""E",FIX,
13:53:42.550,1786172022.550,TRACKING,9.459,-2.240,-2.371,0.17,0.450,-0.038,0.000,0.000,0.000,1.000,2.12,10.77566363,106.67091986,10.51,"10°46'32.39""N, 106°40'15.31""E",FIX,
13:53:42.624,1786172022.624,TRACKING,9.439,-2.259,-2.373,0.17,0.450,-0.038,0.000,0.000,0.000,1.000,2.15,10.77566361,106.67091945,10.51,"10°46'32.39""N, 106°40'15.31""E",FIX,
13:53:42.694,1786172022.694,TRACKING,9.420,-2.278,-2.375,0.17,0.450,-0.032,0.000,0.000,0.000,1.000,2.18,10.77566361,106.67091945,10.51,"10°46'32.39""N, 106°40'15.31""E",FIX,
13:53:42.773,1786172022.773,TRACKING,9.394,-2.303,-2.378,0.16,0.450,-0.031,0.000,0.000,0.000,1.000,2.21,10.77566361,106.67091945,10.51,"10°46'32.39""N, 106°40'15.31""E",FIX,
13:53:42.845,1786172022.845,TRACKING,9.374,-2.322,-2.380,0.15,0.450,-0.019,0.000,0.000,0.000,1.000,2.24,10.77566359,106.67091903,10.51,"10°46'32.39""N, 106°40'15.31""E",FIX,
13:53:42.927,1786172022.928,TRACKING,9.348,-2.346,-2.382,0.14,0.450,-0.025,0.000,0.000,0.000,0.500,2.28,10.77566359,106.67091903,10.51,"10°46'32.39""N, 106°40'15.31""E",FIX,
13:53:43.001,1786172023.001,TRACKING,9.329,-2.365,-2.383,0.14,0.450,-0.026,0.000,0.000,0.000,0.542,2.30,10.77566359,106.67091903,10.51,"10°46'32.39""N, 106°40'15.31""E",FIX,
13:53:43.062,1786172023.063,TRACKING,9.309,-2.384,-2.385,0.13,0.450,-0.026,0.000,0.000,0.000,0.521,2.33,10.77566357,106.67091862,10.51,"10°46'32.39""N, 106°40'15.31""E",FIX,
13:53:43.139,1786172023.139,TRACKING,9.289,-2.402,-2.386,0.13,0.450,-0.025,0.000,0.000,0.000,0.583,2.36,10.77566357,106.67091862,10.51,"10°46'32.39""N, 106°40'15.31""E",FIX,
13:53:43.206,1786172023.207,TRACKING,9.270,-2.421,-2.388,0.13,0.450,-0.026,0.000,0.000,0.000,0.667,2.38,10.77566357,106.67091862,10.51,"10°46'32.39""N, 106°40'15.31""E",FIX,
13:53:43.281,1786172023.282,TRACKING,9.250,-2.439,-2.389,0.12,0.450,-0.028,0.000,0.000,0.000,0.729,2.41,10.77566357,106.67091862,10.51,"10°46'32.39""N, 106°40'15.31""E",FIX,
13:53:43.364,1786172023.364,TRACKING,9.224,-2.464,-2.391,0.12,0.450,-0.024,0.000,0.000,0.000,0.792,2.45,10.77566356,106.67091821,10.51,"10°46'32.39""N, 106°40'15.31""E",FIX,
13:53:43.438,1786172023.438,TRACKING,9.197,-2.488,-2.393,0.12,0.450,-0.024,0.000,0.000,0.000,0.875,2.48,10.77566356,106.67091821,10.51,"10°46'32.39""N, 106°40'15.31""E",FIX,
13:53:43.496,1786172023.496,TRACKING,9.184,-2.500,-2.394,0.11,0.450,-0.025,0.000,0.000,0.000,0.937,2.50,10.77566356,106.67091821,10.51,"10°46'32.39""N, 106°40'15.31""E",FIX,
13:53:43.579,1786172023.580,TRACKING,9.151,-2.531,-2.397,0.11,0.450,-0.022,0.000,0.000,0.000,1.000,2.55,10.77566354,106.67091780,10.51,"10°46'32.39""N, 106°40'15.30""E",FIX,
13:53:43.638,1786172023.639,TRACKING,9.138,-2.543,-2.398,0.11,0.450,-0.021,0.000,0.000,0.000,1.000,2.56,10.77566354,106.67091780,10.51,"10°46'32.39""N, 106°40'15.30""E",FIX,
13:53:43.713,1786172023.713,TRACKING,9.118,-2.561,-2.399,0.10,0.450,-0.024,0.000,0.000,0.000,1.000,2.59,10.77566354,106.67091780,10.51,"10°46'32.39""N, 106°40'15.30""E",FIX,
13:53:43.784,1786172023.785,TRACKING,9.091,-2.586,-2.401,0.10,0.450,-0.017,0.000,0.000,0.000,1.000,2.63,10.77566353,106.67091739,10.51,"10°46'32.39""N, 106°40'15.30""E",FIX,
13:53:43.856,1786172023.857,TRACKING,9.072,-2.604,-2.402,0.10,0.450,-0.020,0.000,0.000,0.000,1.000,2.65,10.77566353,106.67091739,10.51,"10°46'32.39""N, 106°40'15.30""E",FIX,
13:53:43.936,1786172023.936,TRACKING,9.045,-2.628,-2.403,0.09,0.450,-0.022,0.000,0.000,0.000,1.000,2.69,10.77566351,106.67091698,10.51,"10°46'32.39""N, 106°40'15.30""E",FIX,
13:53:44.009,1786172024.010,TRACKING,9.025,-2.646,-2.405,0.09,0.450,-0.015,0.000,0.000,0.000,1.000,2.72,10.77566351,106.67091698,10.51,"10°46'32.39""N, 106°40'15.30""E",FIX,
13:53:44.073,1786172024.073,TRACKING,9.005,-2.664,-2.406,0.09,0.450,-0.016,0.000,0.000,0.000,1.000,2.74,10.77566351,106.67091698,10.51,"10°46'32.39""N, 106°40'15.30""E",FIX,
13:53:44.157,1786172024.158,TRACKING,8.978,-2.689,-2.407,0.09,0.450,-0.020,0.000,0.000,0.000,1.000,2.78,10.77566350,106.67091657,10.51,"10°46'32.39""N, 106°40'15.30""E",FIX,
13:53:44.226,1786172024.226,TRACKING,8.958,-2.707,-2.408,0.08,0.450,-0.020,0.000,0.000,0.000,1.000,2.81,10.77566350,106.67091657,10.51,"10°46'32.39""N, 106°40'15.30""E",FIX,
13:53:44.293,1786172024.293,TRACKING,8.938,-2.725,-2.409,0.08,0.450,-0.012,0.000,0.000,0.000,1.000,2.83,10.77566350,106.67091657,10.51,"10°46'32.39""N, 106°40'15.30""E",FIX,
13:53:44.356,1786172024.357,TRACKING,8.918,-2.743,-2.410,0.08,0.450,-0.015,0.000,0.000,0.000,1.000,2.86,10.77566350,106.67091657,10.51,"10°46'32.39""N, 106°40'15.30""E",FIX,
13:53:44.433,1786172024.434,TRACKING,8.898,-2.761,-2.411,0.08,0.450,-0.017,0.000,0.000,0.000,1.000,2.89,10.77566349,106.67091616,10.51,"10°46'32.39""N, 106°40'15.30""E",FIX,
13:53:44.523,1786172024.523,TRACKING,8.871,-2.785,-2.412,0.08,0.450,-0.018,0.000,0.000,0.000,1.000,2.92,10.77566349,106.67091616,10.51,"10°46'32.39""N, 106°40'15.30""E",FIX,
13:53:44.587,1786172024.587,TRACKING,8.844,-2.809,-2.414,0.07,0.450,-0.019,0.000,0.000,0.000,1.000,2.96,10.77566348,106.67091574,10.51,"10°46'32.39""N, 106°40'15.30""E",FIX,
13:53:44.663,1786172024.663,TRACKING,8.824,-2.827,-2.415,0.07,0.450,-0.019,0.000,0.000,0.000,1.000,2.99,10.77566348,106.67091574,10.51,"10°46'32.39""N, 106°40'15.30""E",FIX,
13:53:44.749,1786172024.749,TRACKING,8.804,-2.845,-2.416,0.07,0.450,-0.012,0.000,0.000,0.000,1.000,3.01,10.77566348,106.67091574,10.51,"10°46'32.39""N, 106°40'15.30""E",FIX,
13:53:44.810,1786172024.811,TRACKING,8.784,-2.863,-2.417,0.07,0.450,-0.012,0.000,0.000,0.000,1.000,3.04,10.77566348,106.67091574,10.51,"10°46'32.39""N, 106°40'15.30""E",FIX,
13:53:44.886,1786172024.887,TRACKING,8.763,-2.880,-2.418,0.07,0.450,-0.015,0.000,0.000,0.000,1.000,3.07,10.77566347,106.67091533,10.51,"10°46'32.39""N, 106°40'15.30""E",FIX,
13:53:44.970,1786172024.971,TRACKING,8.736,-2.904,-2.419,0.06,0.450,-0.010,0.000,0.000,0.000,1.000,3.10,10.77566347,106.67091533,10.51,"10°46'32.39""N, 106°40'15.30""E",FIX,
13:53:45.034,1786172025.034,TRACKING,8.716,-2.922,-2.419,0.06,0.450,-0.010,0.000,0.000,0.000,0.562,3.13,10.77566347,106.67091533,10.51,"10°46'32.39""N, 106°40'15.30""E",FIX,
13:53:45.097,1786172025.097,TRACKING,8.696,-2.940,-2.420,0.06,0.450,-0.011,0.000,0.000,0.000,0.604,3.16,10.77566346,106.67091492,10.51,"10°46'32.39""N, 106°40'15.29""E",FIX,
13:53:45.171,1786172025.172,TRACKING,8.676,-2.958,-2.421,0.06,0.450,-0.013,0.000,0.000,0.000,0.687,3.18,10.77566346,106.67091492,10.51,"10°46'32.39""N, 106°40'15.29""E",FIX,
13:53:45.258,1786172025.259,TRACKING,8.649,-2.982,-2.422,0.06,0.450,-0.014,0.000,0.000,0.000,0.750,3.22,10.77566346,106.67091492,10.51,"10°46'32.39""N, 106°40'15.29""E",FIX,
13:53:45.336,1786172025.336,TRACKING,8.622,-3.005,-2.423,0.05,0.450,-0.007,0.000,0.000,0.000,0.833,3.26,10.77566345,106.67091451,10.51,"10°46'32.39""N, 106°40'15.29""E",FIX,
13:53:45.398,1786172025.399,TRACKING,8.608,-3.017,-2.423,0.05,0.450,-0.006,0.000,0.000,0.000,0.917,3.27,10.77566345,106.67091451,10.51,"10°46'32.39""N, 106°40'15.29""E",FIX,
13:53:45.472,1786172025.473,TRACKING,8.588,-3.035,-2.423,0.05,0.450,-0.010,0.000,0.000,0.000,0.979,3.30,10.77566345,106.67091451,10.51,"10°46'32.39""N, 106°40'15.29""E",FIX,
13:53:45.556,1786172025.557,TRACKING,8.561,-3.059,-2.424,0.05,0.450,-0.011,0.000,0.000,0.000,1.000,3.34,10.77566345,106.67091410,10.51,"10°46'32.39""N, 106°40'15.29""E",FIX,
13:53:45.620,1786172025.621,TRACKING,8.540,-3.076,-2.425,0.05,0.450,-0.011,0.000,0.000,0.000,1.000,3.36,10.77566345,106.67091410,10.51,"10°46'32.39""N, 106°40'15.29""E",FIX,
13:53:45.703,1786172025.703,TRACKING,8.513,-3.100,-2.426,0.05,0.450,-0.012,0.000,0.000,0.000,1.000,3.40,10.77566345,106.67091410,10.51,"10°46'32.39""N, 106°40'15.29""E",FIX,
13:53:45.776,1786172025.776,TRACKING,8.493,-3.118,-2.426,0.05,0.450,-0.012,0.000,0.000,0.000,1.000,3.43,10.77566344,106.67091369,10.51,"10°46'32.39""N, 106°40'15.29""E",FIX,
13:53:45.846,1786172025.847,TRACKING,8.472,-3.135,-2.427,0.05,0.450,-0.012,0.000,0.000,0.000,1.000,3.45,10.77566344,106.67091369,10.51,"10°46'32.39""N, 106°40'15.29""E",FIX,
13:53:45.912,1786172025.912,TRACKING,8.452,-3.153,-2.428,0.04,0.450,-0.004,0.000,0.000,0.000,1.000,3.48,10.77566344,106.67091369,10.51,"10°46'32.39""N, 106°40'15.29""E",FIX,
13:53:45.988,1786172025.989,TRACKING,8.425,-3.177,-2.428,0.04,0.450,-0.007,0.000,0.000,0.000,1.000,3.52,10.77566343,106.67091328,10.51,"10°46'32.39""N, 106°40'15.29""E",FIX,
13:53:46.057,1786172026.057,TRACKING,8.404,-3.194,-2.429,0.04,0.450,-0.007,0.000,0.000,0.000,1.000,3.54,10.77566343,106.67091328,10.51,"10°46'32.39""N, 106°40'15.29""E",FIX,
13:53:46.136,1786172026.137,TRACKING,8.384,-3.212,-2.429,0.04,0.450,-0.009,0.000,0.000,0.000,1.000,3.57,10.77566343,106.67091328,10.51,"10°46'32.39""N, 106°40'15.29""E",FIX,
13:53:46.218,1786172026.218,TRACKING,8.357,-3.235,-2.430,0.04,0.450,-0.009,0.000,0.000,0.000,1.000,3.61,10.77566343,106.67091286,10.51,"10°46'32.39""N, 106°40'15.29""E",FIX,
13:53:46.295,1786172026.295,TRACKING,8.336,-3.253,-2.430,0.04,0.450,-0.009,0.000,0.000,0.000,1.000,3.63,10.77566343,106.67091286,10.51,"10°46'32.39""N, 106°40'15.29""E",FIX,
13:53:46.356,1786172026.356,TRACKING,8.316,-3.271,-2.431,0.04,0.450,-0.009,0.000,0.000,0.000,1.000,3.66,10.77566343,106.67091286,10.51,"10°46'32.39""N, 106°40'15.29""E",FIX,
13:53:46.440,1786172026.440,TRACKING,8.288,-3.294,-2.431,0.04,0.450,-0.010,0.000,0.000,0.000,1.000,3.70,10.77566342,106.67091245,10.51,"10°46'32.39""N, 106°40'15.28""E",FIX,
13:53:46.515,1786172026.515,TRACKING,8.268,-3.312,-2.432,0.04,0.450,-0.010,0.000,0.000,0.000,1.000,3.72,10.77566342,106.67091245,10.51,"10°46'32.39""N, 106°40'15.28""E",FIX,
13:53:46.583,1786172026.584,TRACKING,8.247,-3.329,-2.433,0.04,0.450,-0.010,0.000,0.000,0.000,1.000,3.75,10.77566342,106.67091245,10.51,"10°46'32.39""N, 106°40'15.28""E",FIX,
13:53:46.648,1786172026.649,TRACKING,8.227,-3.347,-2.433,0.04,0.450,-0.010,0.000,0.000,0.000,1.000,3.78,10.77566342,106.67091204,10.51,"10°46'32.39""N, 106°40'15.28""E",FIX,
13:53:46.722,1786172026.723,TRACKING,8.200,-3.370,-2.434,0.04,0.450,-0.010,0.000,0.000,0.000,1.000,3.81,10.77566342,106.67091204,10.51,"10°46'32.39""N, 106°40'15.28""E",FIX,
13:53:46.793,1786172026.794,TRACKING,8.179,-3.388,-2.435,0.04,0.450,-0.010,0.000,0.000,0.000,1.000,3.84,10.77566342,106.67091204,10.51,"10°46'32.39""N, 106°40'15.28""E",FIX,
13:53:46.868,1786172026.869,TRACKING,8.158,-3.405,-2.435,0.03,0.450,-0.003,0.000,0.000,0.000,1.000,3.87,10.77566341,106.67091163,10.51,"10°46'32.39""N, 106°40'15.28""E",FIX,
13:53:46.950,1786172026.950,TRACKING,8.131,-3.429,-2.436,0.03,0.450,-0.011,0.000,0.000,0.000,0.937,3.90,10.77566341,106.67091163,10.51,"10°46'32.39""N, 106°40'15.28""E",FIX,
13:53:47.014,1786172027.014,TRACKING,8.111,-3.446,-2.436,0.04,0.450,-0.011,0.000,0.000,0.000,0.500,3.93,10.77566341,106.67091163,10.51,"10°46'32.39""N, 106°40'15.28""E",FIX,
13:53:47.078,1786172027.079,TRACKING,8.090,-3.464,-2.437,0.04,0.450,-0.010,0.000,0.000,0.000,0.583,3.96,10.77566341,106.67091122,10.51,"10°46'32.39""N, 106°40'15.28""E",FIX,
13:53:47.162,1786172027.163,TRACKING,8.063,-3.487,-2.438,0.04,0.450,-0.010,0.000,0.000,0.000,0.646,3.99,10.77566341,106.67091122,10.51,"10°46'32.39""N, 106°40'15.28""E",FIX,
13:53:47.218,1786172027.218,TRACKING,8.042,-3.505,-2.438,0.04,0.450,-0.010,0.000,0.000,0.000,0.708,4.02,10.77566341,106.67091122,10.51,"10°46'32.39""N, 106°40'15.28""E",FIX,
13:53:47.301,1786172027.301,TRACKING,8.015,-3.528,-2.439,0.04,0.450,-0.010,0.000,0.000,0.000,0.771,4.06,10.77566340,106.67091081,10.51,"10°46'32.39""N, 106°40'15.28""E",FIX,
13:53:47.381,1786172027.381,TRACKING,7.994,-3.545,-2.440,0.03,0.450,-0.003,0.000,0.000,0.000,0.854,4.08,10.77566340,106.67091081,10.51,"10°46'32.39""N, 106°40'15.28""E",FIX,
13:53:47.447,1786172027.447,TRACKING,7.973,-3.563,-2.440,0.03,0.450,-0.004,0.000,0.000,0.000,0.917,4.11,10.77566340,106.67091081,10.51,"10°46'32.39""N, 106°40'15.28""E",FIX,
13:53:47.523,1786172027.524,TRACKING,7.946,-3.586,-2.440,0.03,0.450,-0.009,0.000,0.000,0.000,1.000,4.15,10.77566340,106.67091040,10.51,"10°46'32.39""N, 106°40'15.28""E",FIX,
13:53:47.588,1786172027.588,TRACKING,7.932,-3.598,-2.440,0.03,0.450,-0.005,0.000,0.000,0.000,1.000,4.17,10.77566340,106.67091040,10.51,"10°46'32.39""N, 106°40'15.28""E",FIX,
13:53:47.653,1786172027.654,TRACKING,7.905,-3.621,-2.441,0.03,0.450,-0.006,0.000,0.000,0.000,1.000,4.20,10.77566340,106.67091040,10.51,"10°46'32.39""N, 106°40'15.28""E",FIX,
13:53:47.734,1786172027.734,TRACKING,7.877,-3.644,-2.441,0.03,0.450,-0.007,0.000,0.000,0.000,1.000,4.24,10.77566340,106.67090998,10.51,"10°46'32.39""N, 106°40'15.28""E",FIX,
13:53:47.792,1786172027.793,TRACKING,7.863,-3.656,-2.442,0.03,0.450,-0.006,0.000,0.000,0.000,1.000,4.26,10.77566340,106.67090998,10.51,"10°46'32.39""N, 106°40'15.28""E",FIX,
13:53:47.884,1786172027.885,TRACKING,7.843,-3.673,-2.442,0.03,0.450,-0.007,0.000,0.000,0.000,1.000,4.28,10.77566340,106.67090998,10.51,"10°46'32.39""N, 106°40'15.28""E",FIX,
13:53:47.948,1786172027.948,TRACKING,7.815,-3.696,-2.443,0.03,0.450,-0.007,0.000,0.000,0.000,1.000,4.32,10.77566339,106.67090957,10.51,"10°46'32.39""N, 106°40'15.27""E",FIX,
13:53:48.038,1786172028.038,TRACKING,7.787,-3.719,-2.443,0.03,0.450,-0.007,0.000,0.000,0.000,1.000,4.35,10.77566339,106.67090957,10.51,"10°46'32.39""N, 106°40'15.27""E",FIX,
13:53:48.100,1786172028.100,TRACKING,7.767,-3.737,-2.444,0.03,0.450,-0.007,0.000,0.000,0.000,1.000,4.38,10.77566339,106.67090957,10.51,"10°46'32.39""N, 106°40'15.27""E",FIX,
13:53:48.176,1786172028.176,TRACKING,7.746,-3.754,-2.444,0.03,0.450,-0.007,0.000,0.000,0.000,1.000,4.41,10.77566339,106.67090916,10.51,"10°46'32.39""N, 106°40'15.27""E",FIX,
13:53:48.251,1786172028.252,TRACKING,7.719,-3.777,-2.445,0.03,0.450,-0.007,0.000,0.000,0.000,1.000,4.44,10.77566339,106.67090916,10.51,"10°46'32.39""N, 106°40'15.27""E",FIX,
13:53:48.305,1786172028.306,TRACKING,7.705,-3.789,-2.445,0.03,0.450,-0.007,0.000,0.000,0.000,1.000,4.46,10.77566339,106.67090916,10.51,"10°46'32.39""N, 106°40'15.27""E",FIX,
13:53:48.375,1786172028.376,TRACKING,7.684,-3.806,-2.445,0.03,0.450,-0.015,0.000,0.000,0.000,1.000,4.49,10.77566339,106.67090875,10.51,"10°46'32.39""N, 106°40'15.27""E",FIX,
13:53:48.454,1786172028.454,TRACKING,7.656,-3.829,-2.446,0.03,0.450,-0.006,0.000,0.000,0.000,1.000,4.53,10.77566339,106.67090875,10.51,"10°46'32.39""N, 106°40'15.27""E",FIX,
13:53:48.525,1786172028.526,TRACKING,7.636,-3.846,-2.447,0.03,0.450,-0.006,0.000,0.000,0.000,1.000,4.55,10.77566339,106.67090875,10.51,"10°46'32.39""N, 106°40'15.27""E",FIX,
13:53:48.607,1786172028.608,TRACKING,7.608,-3.869,-2.447,0.03,0.450,-0.007,0.000,0.000,0.000,1.000,4.59,10.77566338,106.67090834,10.51,"10°46'32.39""N, 106°40'15.27""E",FIX,
13:53:48.679,1786172028.680,TRACKING,7.587,-3.887,-2.448,0.03,0.450,-0.010,0.000,0.000,0.000,1.000,4.62,10.77566338,106.67090834,10.51,"10°46'32.39""N, 106°40'15.27""E",FIX,
13:53:48.746,1786172028.746,TRACKING,7.560,-3.910,-2.448,0.03,0.450,-0.006,0.000,0.000,0.000,1.000,4.65,10.77566338,106.67090834,10.51,"10°46'32.39""N, 106°40'15.27""E",FIX,
13:53:48.820,1786172028.821,TRACKING,7.546,-3.921,-2.449,0.03,0.450,-0.006,0.000,0.000,0.000,1.000,4.67,10.77566338,106.67090793,10.51,"10°46'32.39""N, 106°40'15.27""E",FIX,
13:53:48.898,1786172028.898,TRACKING,7.518,-3.944,-2.449,0.02,0.450,0.015,0.000,0.000,0.000,1.000,4.71,10.77566338,106.67090793,10.51,"10°46'32.39""N, 106°40'15.27""E",FIX,
13:53:48.967,1786172028.968,TRACKING,7.497,-3.961,-2.449,0.01,0.450,0.010,0.000,0.000,0.000,0.542,4.73,10.77566338,106.67090793,10.51,"10°46'32.39""N, 106°40'15.27""E",FIX,
13:53:49.049,1786172029.049,TRACKING,7.470,-3.984,-2.448,0.01,0.450,0.005,0.000,0.000,0.000,0.604,4.77,10.77566338,106.67090752,10.51,"10°46'32.39""N, 106°40'15.27""E",FIX,
13:53:49.111,1786172029.111,TRACKING,7.456,-3.996,-2.448,0.01,0.450,0.005,0.000,0.000,0.000,0.667,4.79,10.77566338,106.67090752,10.51,"10°46'32.39""N, 106°40'15.27""E",FIX,
13:53:49.192,1786172029.193,TRACKING,7.421,-4.025,-2.447,0.00,0.450,0.002,0.000,0.000,0.000,0.750,4.83,10.77566338,106.67090752,10.51,"10°46'32.39""N, 106°40'15.27""E",FIX,
13:53:49.256,1786172029.257,TRACKING,7.407,-4.036,-2.447,0.01,0.450,-0.007,0.000,0.000,0.000,0.833,4.85,10.77566338,106.67090710,10.51,"10°46'32.39""N, 106°40'15.27""E",FIX,
13:53:49.326,1786172029.327,TRACKING,7.387,-4.054,-2.447,0.00,0.450,0.003,0.000,0.000,0.000,0.896,4.88,10.77566338,106.67090710,10.51,"10°46'32.39""N, 106°40'15.27""E",FIX,
13:53:49.404,1786172029.404,TRACKING,7.359,-4.077,-2.447,0.00,0.450,0.002,0.000,0.000,0.000,0.979,4.91,10.77566338,106.67090710,10.51,"10°46'32.39""N, 106°40'15.27""E",FIX,
13:53:49.482,1786172029.482,TRACKING,7.338,-4.094,-2.447,0.00,0.450,0.001,0.000,0.000,0.000,1.000,4.94,10.77566338,106.67090669,10.51,"10°46'32.39""N, 106°40'15.26""E",FIX,
13:53:49.561,1786172029.561,TRACKING,7.310,-4.117,-2.447,0.00,0.450,0.001,0.000,0.000,0.000,1.000,4.98,10.77566338,106.67090669,10.51,"10°46'32.39""N, 106°40'15.26""E",FIX,
13:53:49.634,1786172029.635,TRACKING,7.290,-4.134,-2.447,0.00,0.450,-0.006,0.000,0.000,0.000,1.000,5.00,10.77566338,106.67090669,10.51,"10°46'32.39""N, 106°40'15.26""E",FIX,
13:53:49.696,1786172029.696,TRACKING,7.269,-4.152,-2.447,0.01,0.450,-0.007,0.000,0.000,0.000,1.000,5.03,10.77566338,106.67090628,10.51,"10°46'32.39""N, 106°40'15.26""E",FIX,
13:53:49.787,1786172029.787,TRACKING,7.241,-4.175,-2.448,0.00,0.450,0.002,0.000,0.000,0.000,1.000,5.07,10.77566338,106.67090628,10.51,"10°46'32.39""N, 106°40'15.26""E",FIX,
13:53:49.842,1786172029.842,TRACKING,7.227,-4.186,-2.448,0.00,0.450,0.003,0.000,0.000,0.000,1.000,5.08,10.77566338,106.67090628,10.51,"10°46'32.39""N, 106°40'15.26""E",FIX,
13:53:49.929,1786172029.929,TRACKING,7.200,-4.209,-2.447,0.00,0.450,0.001,0.000,0.000,0.000,1.000,5.12,10.77566338,106.67090587,10.51,"10°46'32.39""N, 106°40'15.26""E",FIX,
13:53:49.999,1786172029.999,TRACKING,7.179,-4.226,-2.447,0.00,0.450,0.001,0.000,0.000,0.000,1.000,5.15,10.77566338,106.67090587,10.51,"10°46'32.39""N, 106°40'15.26""E",FIX,
13:53:50.071,1786172030.072,TRACKING,7.158,-4.244,-2.447,0.00,0.450,0.001,0.000,0.000,0.000,1.000,5.17,10.77566338,106.67090587,10.51,"10°46'32.39""N, 106°40'15.26""E",FIX,
13:53:50.155,1786172030.156,TRACKING,7.131,-4.267,-2.447,0.00,0.450,0.000,0.000,0.000,0.000,1.000,5.21,10.77566338,106.67090546,10.51,"10°46'32.39""N, 106°40'15.26""E",FIX,
13:53:50.232,1786172030.233,TRACKING,7.103,-4.290,-2.447,0.00,0.450,0.000,0.000,0.000,0.000,1.000,5.25,10.77566338,106.67090546,10.51,"10°46'32.39""N, 106°40'15.26""E",FIX,
13:53:50.285,1786172030.286,TRACKING,7.089,-4.301,-2.447,0.00,0.450,0.000,0.000,0.000,0.000,1.000,5.26,10.77566338,106.67090546,10.51,"10°46'32.39""N, 106°40'15.26""E",FIX,
13:53:50.370,1786172030.371,TRACKING,7.061,-4.324,-2.447,0.00,0.450,0.000,0.000,0.000,0.000,1.000,5.30,10.77566338,106.67090505,10.51,"10°46'32.39""N, 106°40'15.26""E",FIX,
13:53:50.433,1786172030.433,TRACKING,7.041,-4.342,-2.447,0.00,0.450,0.000,0.000,0.000,0.000,1.000,5.33,10.77566338,106.67090505,10.51,"10°46'32.39""N, 106°40'15.26""E",FIX,
13:53:50.524,1786172030.524,TRACKING,7.013,-4.365,-2.447,0.00,0.450,0.000,0.000,0.000,0.000,1.000,5.36,10.77566338,106.67090505,10.51,"10°46'32.39""N, 106°40'15.26""E",FIX,
13:53:50.603,1786172030.603,TRACKING,6.992,-4.382,-2.447,0.00,0.450,0.000,0.000,0.000,0.000,1.000,5.39,10.77566338,106.67090464,10.51,"10°46'32.39""N, 106°40'15.26""E",FIX,
13:53:50.681,1786172030.682,TRACKING,6.972,-4.399,-2.447,0.00,0.450,0.000,0.000,0.000,0.000,1.000,5.42,10.77566338,106.67090464,10.51,"10°46'32.39""N, 106°40'15.26""E",FIX,
13:53:50.778,1786172030.778,TRACKING,6.944,-4.422,-2.447,0.00,0.450,-0.003,0.000,0.000,0.000,1.000,5.45,10.77566338,106.67090464,10.51,"10°46'32.39""N, 106°40'15.26""E",FIX,
13:53:50.829,1786172030.830,TRACKING,6.923,-4.439,-2.447,0.01,0.450,-0.016,0.000,0.000,0.000,1.000,5.48,10.77566337,106.67090422,10.51,"10°46'32.39""N, 106°40'15.26""E",FIX,
13:53:50.915,1786172030.915,TRACKING,6.902,-4.457,-2.448,0.01,0.450,-0.017,0.000,0.000,0.000,1.000,5.51,10.77566337,106.67090422,10.51,"10°46'32.39""N, 106°40'15.26""E",FIX,
13:53:50.992,1786172030.992,TRACKING,6.875,-4.480,-2.449,0.02,0.450,-0.021,0.000,0.000,0.000,0.729,5.54,10.77566337,106.67090422,10.51,"10°46'32.39""N, 106°40'15.26""E",FIX,
13:53:51.078,1786172031.079,TRACKING,6.854,-4.497,-2.451,0.03,0.450,-0.018,0.000,0.000,0.000,0.604,5.57,10.77566337,106.67090381,10.51,"10°46'32.39""N, 106°40'15.25""E",FIX,
13:53:51.157,1786172031.157,TRACKING,6.833,-4.514,-2.452,0.03,0.450,-0.015,0.000,0.000,0.000,0.667,5.60,10.77566337,106.67090381,10.51,"10°46'32.39""N, 106°40'15.25""E",FIX,
13:53:51.222,1786172031.223,TRACKING,6.812,-4.531,-2.453,0.03,0.450,-0.005,0.000,0.000,0.000,0.750,5.62,10.77566337,106.67090381,10.51,"10°46'32.39""N, 106°40'15.25""E",FIX,
13:53:51.320,1786172031.321,TRACKING,6.784,-4.554,-2.453,0.03,0.450,-0.006,0.000,0.000,0.000,0.833,5.66,10.77566337,106.67090340,10.51,"10°46'32.39""N, 106°40'15.25""E",FIX,
13:53:51.383,1786172031.383,TRACKING,6.757,-4.577,-2.454,0.03,0.450,-0.007,0.000,0.000,0.000,0.896,5.70,10.77566337,106.67090340,10.51,"10°46'32.39""N, 106°40'15.25""E",FIX,
13:53:51.451,1786172031.452,TRACKING,6.736,-4.594,-2.454,0.03,0.450,-0.007,0.000,0.000,0.000,0.979,5.72,10.77566337,106.67090340,10.51,"10°46'32.39""N, 106°40'15.25""E",FIX,
13:53:51.513,1786172031.513,TRACKING,6.722,-4.606,-2.454,0.03,0.450,-0.007,0.000,0.000,0.000,1.000,5.74,10.77566337,106.67090340,10.51,"10°46'32.39""N, 106°40'15.25""E",FIX,
13:53:51.588,1786172031.588,TRACKING,6.694,-4.628,-2.455,0.03,0.450,-0.007,0.000,0.000,0.000,1.000,5.78,10.77566337,106.67090299,10.51,"10°46'32.39""N, 106°40'15.25""E",FIX,
13:53:51.679,1786172031.680,TRACKING,6.673,-4.646,-2.455,0.03,0.450,-0.007,0.000,0.000,0.000,1.000,5.80,10.77566337,106.67090299,10.51,"10°46'32.39""N, 106°40'15.25""E",FIX,
13:53:51.746,1786172031.747,TRACKING,6.645,-4.668,-2.456,0.03,0.450,-0.007,0.000,0.000,0.000,1.000,5.84,10.77566337,106.67090258,10.51,"10°46'32.39""N, 106°40'15.25""E",FIX,
13:53:51.826,1786172031.826,TRACKING,6.624,-4.685,-2.456,0.03,0.450,-0.007,0.000,0.000,0.000,1.000,5.87,10.77566337,106.67090258,10.51,"10°46'32.39""N, 106°40'15.25""E",FIX,
13:53:51.893,1786172031.894,TRACKING,6.603,-4.703,-2.457,0.03,0.450,-0.007,0.000,0.000,0.000,1.000,5.89,10.77566337,106.67090258,10.51,"10°46'32.39""N, 106°40'15.25""E",FIX,
13:53:51.964,1786172031.964,TRACKING,6.583,-4.720,-2.457,0.02,0.450,0.001,0.000,0.000,0.000,1.000,5.92,10.77566337,106.67090258,10.51,"10°46'32.39""N, 106°40'15.25""E",FIX,
13:53:52.040,1786172032.040,TRACKING,6.562,-4.737,-2.457,0.02,0.450,-0.002,0.000,0.000,0.000,1.000,5.95,10.77566337,106.67090217,10.51,"10°46'32.39""N, 106°40'15.25""E",FIX,
13:53:52.122,1786172032.122,TRACKING,6.534,-4.759,-2.457,0.02,0.450,-0.003,0.000,0.000,0.000,1.000,5.98,10.77566337,106.67090217,10.51,"10°46'32.39""N, 106°40'15.25""E",FIX,
13:53:52.219,1786172032.219,TRACKING,6.506,-4.782,-2.458,0.02,0.450,-0.007,0.000,0.000,0.000,1.000,6.02,10.77566337,106.67090176,10.51,"10°46'32.39""N, 106°40'15.25""E",FIX,
13:53:52.288,1786172032.289,TRACKING,6.485,-4.799,-2.458,0.02,0.450,-0.003,0.000,0.000,0.000,1.000,6.05,10.77566337,106.67090176,10.51,"10°46'32.39""N, 106°40'15.25""E",FIX,
13:53:52.372,1786172032.372,TRACKING,6.464,-4.816,-2.458,0.02,0.450,-0.004,0.000,0.000,0.000,1.000,6.07,10.77566337,106.67090176,10.51,"10°46'32.39""N, 106°40'15.25""E",FIX,
13:53:52.451,1786172032.452,TRACKING,6.443,-4.833,-2.459,0.02,0.450,-0.011,0.000,0.000,0.000,1.000,6.10,10.77566337,106.67090176,10.51,"10°46'32.39""N, 106°40'15.25""E",FIX,
13:53:52.520,1786172032.521,TRACKING,6.422,-4.850,-2.459,0.02,0.450,-0.002,0.000,0.000,0.000,1.000,6.13,10.77566337,106.67090134,10.51,"10°46'32.39""N, 106°40'15.24""E",FIX,
13:53:52.601,1786172032.601,TRACKING,6.394,-4.873,-2.459,0.02,0.450,-0.004,0.000,0.000,0.000,1.000,6.16,10.77566337,106.67090134,10.51,"10°46'32.39""N, 106°40'15.24""E",FIX,
13:53:52.675,1786172032.676,TRACKING,6.373,-4.890,-2.460,0.02,0.450,-0.004,0.000,0.000,0.000,1.000,6.19,10.77566337,106.67090134,10.51,"10°46'32.39""N, 106°40'15.24""E",FIX,
13:53:52.737,1786172032.737,TRACKING,6.352,-4.907,-2.460,0.02,0.450,-0.004,0.000,0.000,0.000,1.000,6.22,10.77566337,106.67090093,10.51,"10°46'32.39""N, 106°40'15.24""E",FIX,
13:53:52.831,1786172032.831,TRACKING,6.324,-4.930,-2.460,0.02,0.450,-0.005,0.000,0.000,0.000,1.000,6.25,10.77566337,106.67090093,10.51,"10°46'32.39""N, 106°40'15.24""E",FIX,
13:53:52.900,1786172032.901,TRACKING,6.303,-4.947,-2.460,0.01,0.450,0.013,0.000,0.000,0.000,1.000,6.28,10.77566337,106.67090093,10.51,"10°46'32.39""N, 106°40'15.24""E",FIX,
13:53:52.972,1786172032.973,TRACKING,6.282,-4.964,-2.460,0.01,0.450,0.007,0.000,0.000,0.000,1.000,6.31,10.77566337,106.67090052,10.51,"10°46'32.39""N, 106°40'15.24""E",FIX,
13:53:53.052,1786172033.052,TRACKING,6.254,-4.986,-2.459,0.01,0.450,0.003,0.000,0.000,0.000,0.562,6.34,10.77566337,106.67090052,10.51,"10°46'32.39""N, 106°40'15.24""E",FIX,
13:53:53.117,1786172033.117,TRACKING,6.240,-4.998,-2.459,0.00,0.450,0.004,0.000,0.000,0.000,0.625,6.36,10.77566337,106.67090052,10.51,"10°46'32.39""N, 106°40'15.24""E",FIX,
13:53:53.208,1786172033.209,TRACKING,6.212,-5.021,-2.459,0.00,0.450,0.001,0.000,0.000,0.000,0.687,6.40,10.77566337,106.67090011,10.51,"10°46'32.39""N, 106°40'15.24""E",FIX,
13:53:53.275,1786172033.275,TRACKING,6.192,-5.038,-2.459,0.00,0.450,0.002,0.000,0.000,0.000,0.750,6.42,10.77566337,106.67090011,10.51,"10°46'32.39""N, 106°40'15.24""E",FIX,
13:53:53.363,1786172033.364,TRACKING,6.171,-5.055,-2.459,0.00,0.450,0.001,0.000,0.000,0.000,0.833,6.45,10.77566337,106.67090011,10.51,"10°46'32.39""N, 106°40'15.24""E",FIX,
13:53:53.444,1786172033.445,TRACKING,6.143,-5.077,-2.458,0.00,0.450,0.000,0.000,0.000,0.000,0.917,6.49,10.77566337,106.67089970,10.51,"10°46'32.39""N, 106°40'15.24""E",FIX,
13:53:53.509,1786172033.510,TRACKING,6.122,-5.094,-2.458,0.00,0.450,0.000,0.000,0.000,0.000,0.979,6.51,10.77566337,106.67089970,10.51,"10°46'32.39""N, 106°40'15.24""E",FIX,
13:53:53.598,1786172033.599,TRACKING,6.094,-5.117,-2.458,0.00,0.450,0.000,0.000,0.000,0.000,1.000,6.55,10.77566337,106.67089970,10.51,"10°46'32.39""N, 106°40'15.24""E",FIX,
13:53:53.657,1786172033.657,TRACKING,6.080,-5.128,-2.458,0.00,0.450,0.000,0.000,0.000,0.000,1.000,6.57,10.77566337,106.67089929,10.51,"10°46'32.39""N, 106°40'15.24""E",FIX,
13:53:53.742,1786172033.743,TRACKING,6.052,-5.151,-2.458,0.00,0.450,0.000,0.000,0.000,0.000,1.000,6.60,10.77566337,106.67089929,10.51,"10°46'32.39""N, 106°40'15.24""E",FIX,
13:53:53.830,1786172033.830,TRACKING,6.024,-5.174,-2.458,0.00,0.450,0.000,0.000,0.000,0.000,1.000,6.64,10.77566337,106.67089929,10.51,"10°46'32.39""N, 106°40'15.24""E",FIX,
13:53:53.906,1786172033.906,TRACKING,6.003,-5.191,-2.458,0.00,0.450,0.000,0.000,0.000,0.000,1.000,6.67,10.77566337,106.67089888,10.51,"10°46'32.39""N, 106°40'15.24""E",FIX,
13:53:53.967,1786172033.967,TRACKING,5.982,-5.208,-2.458,0.00,0.450,0.000,0.000,0.000,0.000,1.000,6.69,10.77566337,106.67089888,10.51,"10°46'32.39""N, 106°40'15.24""E",FIX,
13:53:54.052,1786172034.052,TRACKING,5.954,-5.231,-2.458,0.00,0.450,0.000,0.000,0.000,0.000,1.000,6.73,10.77566337,106.67089888,10.51,"10°46'32.39""N, 106°40'15.24""E",FIX,
13:53:54.116,1786172034.117,TRACKING,5.933,-5.248,-2.458,0.00,0.450,0.000,0.000,0.000,0.000,1.000,6.76,10.77566337,106.67089846,10.51,"10°46'32.39""N, 106°40'15.23""E",FIX,
13:53:54.191,1786172034.192,TRACKING,5.912,-5.265,-2.458,0.00,0.450,0.000,0.000,0.000,0.000,1.000,6.78,10.77566337,106.67089846,10.51,"10°46'32.39""N, 106°40'15.23""E",FIX,
13:53:54.259,1786172034.259,TRACKING,5.891,-5.282,-2.458,0.00,0.450,0.000,0.000,0.000,0.000,1.000,6.81,10.77566337,106.67089846,10.51,"10°46'32.39""N, 106°40'15.23""E",FIX,
13:53:54.340,1786172034.340,TRACKING,5.863,-5.305,-2.458,0.00,0.450,0.000,0.000,0.000,0.000,1.000,6.85,10.77566338,106.67089805,10.51,"10°46'32.39""N, 106°40'15.23""E",FIX,
13:53:54.415,1786172034.415,TRACKING,5.843,-5.322,-2.458,-0.00,0.450,0.007,0.000,0.000,0.000,1.000,6.87,10.77566338,106.67089805,10.51,"10°46'32.39""N, 106°40'15.23""E",FIX,
13:53:54.489,1786172034.490,TRACKING,5.815,-5.344,-2.458,-0.01,0.450,0.006,0.000,0.000,0.000,1.000,6.91,10.77566338,106.67089805,10.51,"10°46'32.39""N, 106°40'15.23""E",FIX,
13:53:54.559,1786172034.559,TRACKING,5.794,-5.361,-2.458,-0.00,0.450,-0.003,0.000,0.000,0.000,1.000,6.94,10.77566338,106.67089764,10.51,"10°46'32.39""N, 106°40'15.23""E",FIX,
13:53:54.633,1786172034.634,TRACKING,5.773,-5.378,-2.458,-0.00,0.450,0.002,0.000,0.000,0.000,1.000,6.96,10.77566338,106.67089764,10.51,"10°46'32.39""N, 106°40'15.23""E",FIX,
13:53:54.698,1786172034.698,TRACKING,5.752,-5.396,-2.458,-0.01,0.450,0.006,0.000,0.000,0.000,1.000,6.99,10.77566338,106.67089764,10.51,"10°46'32.39""N, 106°40'15.23""E",FIX,
13:53:54.785,1786172034.786,TRACKING,5.731,-5.413,-2.457,-0.00,0.450,-0.003,0.000,0.000,0.000,1.000,7.02,10.77566338,106.67089723,10.51,"10°46'32.39""N, 106°40'15.23""E",FIX,
13:53:54.841,1786172034.842,TRACKING,5.710,-5.430,-2.457,-0.00,0.450,-0.002,0.000,0.000,0.000,1.000,7.05,10.77566338,106.67089723,10.51,"10°46'32.39""N, 106°40'15.23""E",FIX,
13:53:54.908,1786172034.908,TRACKING,5.689,-5.447,-2.457,-0.00,0.450,0.006,0.000,0.000,0.000,1.000,7.07,10.77566338,106.67089723,10.51,"10°46'32.39""N, 106°40'15.23""E",FIX,
13:53:54.989,1786172034.990,TRACKING,5.661,-5.470,-2.457,-0.00,0.450,0.000,0.000,0.000,0.000,0.333,7.11,10.77566338,106.67089682,10.51,"10°46'32.39""N, 106°40'15.23""E",FIX,
13:53:55.055,1786172035.055,TRACKING,5.640,-5.487,-2.457,-0.00,0.450,0.000,0.000,0.000,0.000,0.000,7.14,10.77566338,106.67089682,10.51,"10°46'32.39""N, 106°40'15.23""E",FIX,
13:53:55.126,1786172035.127,TRACKING,5.619,-5.504,-2.457,-0.00,0.450,0.000,0.000,0.000,0.000,0.000,7.16,10.77566338,106.67089682,10.51,"10°46'32.39""N, 106°40'15.23""E",FIX,
13:53:55.200,1786172035.201,TRACKING,5.591,-5.526,-2.457,-0.00,0.450,0.000,0.000,0.000,0.000,0.000,7.20,10.77566338,106.67089641,10.51,"10°46'32.39""N, 106°40'15.23""E",FIX,
13:53:55.288,1786172035.289,TRACKING,5.564,-5.549,-2.457,-0.00,0.450,0.000,0.000,0.000,0.000,0.000,7.23,10.77566338,106.67089641,10.51,"10°46'32.39""N, 106°40'15.23""E",FIX,
13:53:55.356,1786172035.357,TRACKING,5.543,-5.566,-2.457,-0.00,0.450,0.000,0.000,0.000,0.000,0.000,7.26,10.77566338,106.67089641,10.51,"10°46'32.39""N, 106°40'15.23""E",FIX,
13:53:55.423,1786172035.424,TRACKING,5.522,-5.583,-2.457,-0.00,0.450,-0.000,0.000,0.000,0.000,0.000,7.29,10.77566338,106.67089600,10.51,"10°46'32.39""N, 106°40'15.23""E",FIX,
13:53:55.498,1786172035.498,TRACKING,5.501,-5.600,-2.457,-0.00,0.450,0.000,0.000,0.000,0.000,0.000,7.32,10.77566338,106.67089600,10.51,"10°46'32.39""N, 106°40'15.23""E",FIX,
13:53:55.573,1786172035.573,TRACKING,5.473,-5.623,-2.457,-0.00,0.450,0.000,0.000,0.000,0.000,0.000,7.35,10.77566338,106.67089600,10.51,"10°46'32.39""N, 106°40'15.23""E",FIX,
13:53:55.650,1786172035.651,TRACKING,5.452,-5.640,-2.457,-0.00,0.450,0.000,0.000,0.000,0.000,0.000,7.38,10.77566338,106.67089558,10.51,"10°46'32.39""N, 106°40'15.22""E",FIX,
13:53:55.722,1786172035.723,TRACKING,5.431,-5.657,-2.457,-0.00,0.450,0.000,0.000,0.000,0.000,0.000,7.41,10.77566338,106.67089558,10.51,"10°46'32.39""N, 106°40'15.22""E",FIX,
13:53:55.813,1786172035.813,TRACKING,5.403,-5.680,-2.457,-0.00,0.450,0.000,0.000,0.000,0.000,0.000,7.44,10.77566338,106.67089558,10.51,"10°46'32.39""N, 106°40'15.22""E",FIX,
13:53:55.887,1786172035.887,TRACKING,5.382,-5.697,-2.457,-0.00,0.450,0.000,0.000,0.000,0.000,0.000,7.47,10.77566338,106.67089517,10.51,"10°46'32.39""N, 106°40'15.22""E",FIX,
13:53:55.964,1786172035.965,TRACKING,5.361,-5.714,-2.457,-0.00,0.450,0.000,0.000,0.000,0.000,0.000,7.50,10.77566338,106.67089517,10.51,"10°46'32.39""N, 106°40'15.22""E",FIX,
13:53:56.058,1786172036.059,TRACKING,5.334,-5.737,-2.457,-0.00,0.450,0.000,0.000,0.000,0.000,0.000,7.53,10.77566338,106.67089517,10.51,"10°46'32.39""N, 106°40'15.22""E",FIX,
13:53:56.141,1786172036.141,TRACKING,5.313,-5.754,-2.457,-0.00,0.450,0.000,0.000,0.000,0.000,0.000,7.56,10.77566338,106.67089476,10.51,"10°46'32.39""N, 106°40'15.22""E",FIX,
13:53:56.217,1786172036.217,TRACKING,5.292,-5.771,-2.457,-0.00,0.450,0.000,0.000,0.000,0.000,0.000,7.59,10.77566338,106.67089476,10.51,"10°46'32.39""N, 106°40'15.22""E",FIX,
13:53:56.312,1786172036.313,TRACKING,5.264,-5.794,-2.457,-0.00,0.450,0.000,0.000,0.000,0.000,0.000,7.62,10.77566338,106.67089476,10.51,"10°46'32.39""N, 106°40'15.22""E",FIX,
13:53:56.408,1786172036.408,TRACKING,5.243,-5.811,-2.457,-0.00,0.450,0.000,0.000,0.000,0.000,0.000,7.65,10.77566338,106.67089435,10.51,"10°46'32.39""N, 106°40'15.22""E",FIX,
13:53:56.466,1786172036.466,TRACKING,5.222,-5.828,-2.457,-0.00,0.450,-0.000,0.000,0.000,0.000,0.000,7.68,10.77566338,106.67089435,10.51,"10°46'32.39""N, 106°40'15.22""E",FIX,
13:53:56.525,1786172036.526,TRACKING,5.201,-5.845,-2.457,-0.00,0.450,0.000,0.000,0.000,0.000,0.000,7.70,10.77566338,106.67089435,10.51,"10°46'32.39""N, 106°40'15.22""E",FIX,
13:53:56.604,1786172036.605,TRACKING,5.180,-5.862,-2.457,-0.00,0.450,0.000,0.000,0.000,0.000,0.000,7.73,10.77566339,106.67089394,10.51,"10°46'32.39""N, 106°40'15.22""E",FIX,
13:53:56.678,1786172036.679,TRACKING,5.152,-5.885,-2.457,-0.00,0.450,0.000,0.000,0.000,0.000,0.000,7.77,10.77566339,106.67089394,10.51,"10°46'32.39""N, 106°40'15.22""E",FIX,
13:53:56.743,1786172036.743,TRACKING,5.131,-5.902,-2.457,-0.00,0.450,0.000,0.000,0.000,0.000,0.000,7.79,10.77566339,106.67089394,10.51,"10°46'32.39""N, 106°40'15.22""E",FIX,
13:53:56.819,1786172036.820,TRACKING,5.110,-5.919,-2.457,-0.00,0.450,0.000,0.000,0.000,0.000,0.000,7.82,10.77566339,106.67089353,10.51,"10°46'32.39""N, 106°40'15.22""E",FIX,
13:53:56.901,1786172036.901,TRACKING,5.083,-5.942,-2.457,-0.00,0.450,0.000,0.000,0.000,0.000,0.000,7.86,10.77566339,106.67089353,10.51,"10°46'32.39""N, 106°40'15.22""E",FIX,
13:53:56.976,1786172036.976,TRACKING,5.062,-5.959,-2.457,-0.00,0.450,0.000,0.000,0.000,0.000,0.000,7.88,10.77566339,106.67089353,10.51,"10°46'32.39""N, 106°40'15.22""E",FIX,
13:53:57.049,1786172037.050,TRACKING,5.041,-5.976,-2.457,-0.00,0.450,0.000,0.000,0.000,0.000,0.000,7.91,10.77566339,106.67089312,10.51,"10°46'32.39""N, 106°40'15.22""E",FIX,
13:53:57.114,1786172037.115,TRACKING,5.020,-5.993,-2.457,-0.00,0.450,0.000,0.000,0.000,0.000,0.000,7.94,10.77566339,106.67089312,10.51,"10°46'32.39""N, 106°40'15.22""E",FIX,
13:53:57.192,1786172037.193,TRACKING,4.999,-6.010,-2.457,-0.00,0.450,0.000,0.000,0.000,0.000,0.000,7.96,10.77566339,106.67089312,10.51,"10°46'32.39""N, 106°40'15.22""E",FIX,
13:53:57.277,1786172037.277,TRACKING,4.971,-6.033,-2.457,-0.00,0.450,0.000,0.000,0.000,0.000,0.000,8.00,10.77566339,106.67089270,10.51,"10°46'32.39""N, 106°40'15.21""E",FIX,
13:53:57.345,1786172037.346,TRACKING,4.950,-6.050,-2.457,-0.00,0.450,0.000,0.000,0.000,0.000,0.000,8.03,10.77566339,106.67089270,10.51,"10°46'32.39""N, 106°40'15.21""E",FIX,
13:53:57.438,1786172037.438,TRACKING,4.922,-6.073,-2.457,-0.00,0.450,0.000,0.000,0.000,0.000,0.000,8.06,10.77566339,106.67089270,10.51,"10°46'32.39""N, 106°40'15.21""E",FIX,
13:53:57.519,1786172037.519,TRACKING,4.901,-6.090,-2.457,-0.00,0.450,-0.000,0.000,0.000,0.000,0.000,8.09,10.77566339,106.67089229,10.51,"10°46'32.39""N, 106°40'15.21""E",FIX,
13:53:57.602,1786172037.603,TRACKING,4.873,-6.113,-2.457,-0.00,0.450,0.000,0.000,0.000,0.000,0.000,8.13,10.77566339,106.67089229,10.51,"10°46'32.39""N, 106°40'15.21""E",FIX,
13:53:57.665,1786172037.665,TRACKING,4.859,-6.124,-2.457,-0.00,0.450,-0.000,0.000,0.000,0.000,0.000,8.14,10.77566339,106.67089229,10.51,"10°46'32.39""N, 106°40'15.21""E",FIX,
13:53:57.742,1786172037.742,TRACKING,4.832,-6.147,-2.457,-0.00,0.450,0.000,0.000,0.000,0.000,0.000,8.18,10.77566339,106.67089188,10.51,"10°46'32.39""N, 106°40'15.21""E",FIX,
13:53:57.823,1786172037.824,TRACKING,4.804,-6.170,-2.457,-0.00,0.450,0.000,0.000,0.000,0.000,0.000,8.22,10.77566339,106.67089188,10.51,"10°46'32.39""N, 106°40'15.21""E",FIX,
13:53:57.889,1786172037.890,TRACKING,4.790,-6.181,-2.457,-0.00,0.450,-0.000,0.000,0.000,0.000,0.000,8.23,10.77566339,106.67089188,10.51,"10°46'32.39""N, 106°40'15.21""E",FIX,
13:53:57.965,1786172037.966,TRACKING,4.762,-6.204,-2.457,-0.00,0.450,0.000,0.000,0.000,0.000,0.000,8.27,10.77566339,106.67089147,10.51,"10°46'32.39""N, 106°40'15.21""E",FIX,
13:53:58.036,1786172038.036,TRACKING,4.741,-6.221,-2.457,-0.00,0.450,0.000,0.000,0.000,0.000,0.000,8.30,10.77566339,106.67089147,10.51,"10°46'32.39""N, 106°40'15.21""E",FIX,
13:53:58.112,1786172038.112,TRACKING,4.720,-6.238,-2.457,-0.00,0.450,0.000,0.000,0.000,0.000,0.000,8.32,10.77566339,106.67089147,10.51,"10°46'32.39""N, 106°40'15.21""E",FIX,
13:53:58.197,1786172038.198,TRACKING,4.692,-6.261,-2.457,-0.00,0.450,0.000,0.000,0.000,0.000,0.000,8.36,10.77566339,106.67089106,10.51,"10°46'32.39""N, 106°40'15.21""E",FIX,
13:53:58.274,1786172038.275,TRACKING,4.671,-6.278,-2.457,-0.00,0.450,-0.000,0.000,0.000,0.000,0.000,8.39,10.77566339,106.67089106,10.51,"10°46'32.39""N, 106°40'15.21""E",FIX,
13:53:58.330,1786172038.330,TRACKING,4.650,-6.295,-2.457,-0.00,0.450,0.000,0.000,0.000,0.000,0.000,8.41,10.77566339,106.67089106,10.51,"10°46'32.39""N, 106°40'15.21""E",FIX,
13:53:58.416,1786172038.416,TRACKING,4.622,-6.318,-2.457,-0.00,0.450,0.000,0.000,0.000,0.000,0.000,8.45,10.77566339,106.67089065,10.51,"10°46'32.39""N, 106°40'15.21""E",FIX,
