Time,Unix_Timestamp,FSM_State,Pos_X_m,Pos_Y_m,Yaw_rad,Steer_Angle_deg,Linear_Vel_mps,Angular_Vel_radps,IMU_Yaw_rad,IMU_Angular_Vel_z,IMU_Accel_x,Confidence,Dist_Traveled_m,GPS_Latitude,GPS_Longitude,GPS_Altitude_m,GPS_DMS,GPS_Status,Event
00:14:31.333,1786209271.333,TRACKING,0.000,0.000,0.000,0.00,0.450,-0.000,0.000,0.000,0.000,0.000,0.00,10.77566700,106.67088900,10.00,"10°46'32.40""N, 106°40'15.20""E",NO_FIX,
00:14:31.409,1786209271.409,TRACKING,0.012,0.000,0.000,0.00,0.450,-0.000,0.000,0.000,0.000,0.000,0.01,10.77566700,106.67088911,10.00,"10°46'32.40""N, 106°40'15.20""E",ODOM_ESTIMATED,
00:14:31.491,1786209271.491,TRACKING,0.048,-0.000,0.000,0.00,0.450,-0.000,0.000,0.000,0.000,0.000,0.05,10.77566700,106.67088944,10.00,"10°46'32.40""N, 106°40'15.20""E",ODOM_ESTIMATED,
00:14:31.575,1786209271.575,TRACKING,0.075,-0.000,0.000,0.00,0.450,-0.000,0.000,0.000,0.000,0.000,0.07,10.77567062,106.67087563,10.51,"10°46'32.41""N, 106°40'15.15""E",FIX,
00:14:31.662,1786209271.662,TRACKING,0.111,-0.000,0.000,0.00,0.450,-0.000,0.000,0.000,0.000,0.000,0.11,10.77567062,106.67087563,10.51,"10°46'32.41""N, 106°40'15.15""E",FIX,
00:14:31.775,1786209271.776,TRACKING,0.138,-0.000,0.000,0.00,0.450,-0.000,0.000,0.000,0.000,0.000,0.14,10.77567062,106.67087563,10.51,"10°46'32.41""N, 106°40'15.15""E",FIX,
00:14:31.889,1786209271.889,TRACKING,0.165,-0.000,0.000,0.00,0.450,-0.000,0.000,0.000,0.000,0.000,0.16,10.77567062,106.67087604,10.51,"10°46'32.41""N, 106°40'15.15""E",FIX,
00:14:31.973,1786209271.973,TRACKING,0.201,0.000,0.000,0.00,0.450,-0.000,0.000,0.000,0.000,0.000,0.20,10.77567062,106.67087604,10.51,"10°46'32.41""N, 106°40'15.15""E",FIX,
00:14:32.047,1786209272.048,TRACKING,0.228,0.000,0.000,0.00,0.450,-0.000,0.000,0.000,0.000,0.000,0.23,10.77567062,106.67087604,10.51,"10°46'32.41""N, 106°40'15.15""E",FIX,
00:14:32.149,1786209272.150,TRACKING,0.255,0.000,0.000,0.00,0.450,-0.000,0.000,0.000,0.000,0.000,0.25,10.77567062,106.67087645,10.51,"10°46'32.41""N, 106°40'15.16""E",FIX,
00:14:32.207,1786209272.207,TRACKING,0.273,0.000,0.000,0.00,0.450,-0.000,0.000,0.000,0.000,0.042,0.27,10.77567062,106.67087645,10.51,"10°46'32.41""N, 106°40'15.16""E",FIX,
00:14:32.290,1786209272.291,TRACKING,0.318,0.000,0.000,0.00,0.450,-0.000,0.000,0.000,0.000,0.083,0.32,10.77567062,106.67087645,10.51,"10°46'32.41""N, 106°40'15.16""E",FIX,
00:14:32.367,1786209272.367,TRACKING,0.345,0.000,0.000,0.00,0.450,-0.000,0.000,0.000,0.000,0.167,0.34,10.77567062,106.67087686,10.51,"10°46'32.41""N, 106°40'15.16""E",FIX,
00:14:32.437,1786209272.438,TRACKING,0.363,0.000,0.000,0.00,0.450,-0.000,0.000,0.000,0.000,0.208,0.36,10.77567062,106.67087686,10.51,"10°46'32.41""N, 106°40'15.16""E",FIX,
00:14:32.535,1786209272.535,TRACKING,0.408,0.000,0.000,0.00,0.450,-0.000,0.000,0.000,0.000,0.250,0.41,10.77567062,106.67087686,10.51,"10°46'32.41""N, 106°40'15.16""E",FIX,
00:14:32.602,1786209272.603,TRACKING,0.426,0.000,0.000,0.00,0.450,-0.000,0.000,0.000,0.000,0.333,0.43,10.77567062,106.67087686,10.51,"10°46'32.41""N, 106°40'15.16""E",FIX,
00:14:32.703,1786209272.704,TRACKING,0.462,0.000,0.000,-0.02,0.450,0.041,0.000,0.000,0.000,0.375,0.46,10.77567062,106.67087727,10.51,"10°46'32.41""N, 106°40'15.16""E",FIX,
00:14:32.777,1786209272.777,TRACKING,0.489,0.000,0.001,-0.01,0.450,-0.014,0.000,0.000,0.000,0.437,0.49,10.77567062,106.67087727,10.51,"10°46'32.41""N, 106°40'15.16""E",FIX,
00:14:32.855,1786209272.856,TRACKING,0.516,0.000,0.002,-0.01,0.450,-0.008,0.000,0.000,0.000,0.500,0.52,10.77567062,106.67087727,10.51,"10°46'32.41""N, 106°40'15.16""E",FIX,
00:14:32.929,1786209272.930,TRACKING,0.543,0.000,0.001,-0.01,0.450,-0.006,0.000,0.000,0.000,0.583,0.54,10.77567062,106.67087768,10.51,"10°46'32.41""N, 106°40'15.16""E",FIX,
00:14:33.004,1786209273.004,TRACKING,0.570,0.000,0.001,-0.00,0.450,-0.004,0.000,0.000,0.000,0.646,0.57,10.77567062,106.67087768,10.51,"10°46'32.41""N, 106°40'15.16""E",FIX,
00:14:33.092,1786209273.093,TRACKING,0.606,0.000,0.000,-0.00,0.450,-0.002,0.000,0.000,0.000,0.708,0.61,10.77567062,106.67087768,10.51,"10°46'32.41""N, 106°40'15.16""E",FIX,
00:14:33.158,1786209273.159,TRACKING,0.633,0.000,0.000,-0.00,0.450,-0.002,0.000,0.000,0.000,0.771,0.63,10.77567062,106.67087810,10.51,"10°46'32.41""N, 106°40'15.16""E",FIX,
00:14:33.257,1786209273.257,TRACKING,0.669,0.000,0.000,-0.00,0.450,-0.001,0.000,0.000,0.000,0.833,0.67,10.77567062,106.67087810,10.51,"10°46'32.41""N, 106°40'15.16""E",FIX,
00:14:33.330,1786209273.330,TRACKING,0.696,0.000,0.000,-0.00,0.450,-0.001,0.000,0.000,0.000,0.917,0.70,10.77567062,106.67087810,10.51,"10°46'32.41""N, 106°40'15.16""E",FIX,
00:14:33.403,1786209273.403,TRACKING,0.723,0.000,0.000,-0.00,0.450,-0.001,0.000,0.000,0.000,1.000,0.72,10.77567062,106.67087851,10.51,"10°46'32.41""N, 106°40'15.16""E",FIX,
00:14:33.488,1786209273.489,TRACKING,0.759,0.000,-0.000,-0.00,0.450,-0.000,0.000,0.000,0.000,1.000,0.76,10.77567062,106.67087851,10.51,"10°46'32.41""N, 106°40'15.16""E",FIX,
00:14:33.570,1786209273.570,TRACKING,0.786,0.000,-0.000,-0.00,0.450,-0.000,0.000,0.000,0.000,1.000,0.79,10.77567062,106.67087851,10.51,"10°46'32.41""N, 106°40'15.16""E",FIX,
00:14:33.670,1786209273.671,TRACKING,0.822,0.000,-0.000,-0.00,0.450,-0.000,0.000,0.000,0.000,1.000,0.82,10.77567062,106.67087892,10.51,"10°46'32.41""N, 106°40'15.16""E",FIX,
00:14:33.773,1786209273.773,TRACKING,0.849,0.000,-0.000,-0.00,0.450,-0.000,0.000,0.000,0.000,1.000,0.85,10.77567062,106.67087892,10.51,"10°46'32.41""N, 106°40'15.16""E",FIX,
00:14:33.868,1786209273.868,TRACKING,0.876,0.000,-0.000,-0.00,0.450,-0.000,0.000,0.000,0.000,1.000,0.88,10.77567062,106.67087892,10.51,"10°46'32.41""N, 106°40'15.16""E",FIX,
00:14:33.997,1786209273.997,TRACKING,0.903,0.000,-0.000,-0.00,0.450,-0.000,0.000,0.000,0.000,1.000,0.90,10.77567062,106.67087933,10.51,"10°46'32.41""N, 106°40'15.17""E",FIX,
00:14:34.071,1786209274.071,TRACKING,0.939,0.000,-0.000,-0.00,0.450,-0.000,0.000,0.000,0.000,1.000,0.94,10.77567062,106.67087933,10.51,"10°46'32.41""N, 106°40'15.17""E",FIX,
00:14:34.174,1786209274.174,TRACKING,0.975,0.000,-0.000,-0.00,0.450,-0.000,0.000,0.000,0.000,1.000,0.97,10.77567062,106.67087974,10.51,"10°46'32.41""N, 106°40'15.17""E",FIX,
00:14:34.257,1786209274.257,TRACKING,0.993,0.000,-0.000,-0.00,0.450,-0.000,0.000,0.000,0.000,1.000,0.99,10.77567062,106.67087974,10.51,"10°46'32.41""N, 106°40'15.17""E",FIX,
00:14:34.351,1786209274.352,TRACKING,1.029,0.000,-0.000,-0.00,0.450,-0.000,0.000,0.000,0.000,1.000,1.03,10.77567062,106.67087974,10.51,"10°46'32.41""N, 106°40'15.17""E",FIX,
00:14:34.449,1786209274.449,TRACKING,1.056,0.000,-0.000,-0.00,0.450,-0.000,0.000,0.000,0.000,1.000,1.06,10.77567062,106.67087974,10.51,"10°46'32.41""N, 106°40'15.17""E",FIX,
00:14:34.527,1786209274.527,TRACKING,1.083,0.000,-0.000,-0.00,0.450,-0.000,0.000,0.000,0.000,1.000,1.08,10.77567062,106.67088015,10.51,"10°46'32.41""N, 106°40'15.17""E",FIX,
00:14:34.588,1786209274.589,TRACKING,1.110,0.000,-0.000,-0.00,0.450,-0.000,0.000,0.000,0.000,1.000,1.11,10.77567062,106.67088015,10.51,"10°46'32.41""N, 106°40'15.17""E",FIX,
00:14:34.719,1786209274.720,TRACKING,1.146,0.000,-0.000,-0.00,0.450,-0.000,0.000,0.000,0.000,1.000,1.15,10.77567062,106.67088015,10.51,"10°46'32.41""N, 106°40'15.17""E",FIX,
00:14:34.806,1786209274.807,TRACKING,1.173,0.000,-0.000,-0.00,0.450,-0.000,0.000,0.000,0.000,1.000,1.17,10.77567062,106.67088056,10.51,"10°46'32.41""N, 106°40'15.17""E",FIX,
00:14:34.861,1786209274.862,TRACKING,1.200,0.000,-0.000,0.01,0.450,-0.038,0.000,0.000,0.000,1.000,1.20,10.77567062,106.67088056,10.51,"10°46'32.41""N, 106°40'15.17""E",FIX,
00:14:34.977,1786209274.978,TRACKING,1.236,0.000,-0.003,0.01,0.450,0.004,0.000,0.000,0.000,1.000,1.24,10.77567062,106.67088056,10.51,"10°46'32.41""N, 106°40'15.17""E",FIX,
00:14:35.072,1786209275.072,TRACKING,1.263,0.000,-0.003,-0.02,0.450,0.065,0.000,0.000,0.000,1.000,1.26,10.77567062,106.67088098,10.51,"10°46'32.41""N, 106°40'15.17""E",FIX,
00:14:35.158,1786209275.158,TRACKING,1.290,-0.000,-0.000,0.01,0.450,-0.071,0.000,0.000,0.000,1.000,1.29,10.77567062,106.67088098,10.51,"10°46'32.41""N, 106°40'15.17""E",FIX,
00:14:35.264,1786209275.265,TRACKING,1.326,-0.000,-0.005,-0.02,0.450,0.047,0.000,0.000,0.000,1.000,1.33,10.77567062,106.67088098,10.51,"10°46'32.41""N, 106°40'15.17""E",FIX,
00:14:35.334,1786209275.334,TRACKING,1.344,-0.000,-0.004,-0.08,0.450,0.185,0.000,0.000,0.000,0.583,1.34,10.77567062,106.67088139,10.51,"10°46'32.41""N, 106°40'15.17""E",FIX,
00:14:35.439,1786209275.439,TRACKING,1.380,-0.000,0.008,-0.01,0.450,-0.128,0.000,0.000,0.000,0.667,1.38,10.77567062,106.67088139,10.51,"10°46'32.41""N, 106°40'15.17""E",FIX,
00:14:35.529,1786209275.530,TRACKING,1.416,0.000,0.003,0.02,0.450,-0.047,0.000,0.000,0.000,0.750,1.42,10.77567062,106.67088139,10.51,"10°46'32.41""N, 106°40'15.17""E",FIX,
00:14:35.601,1786209275.601,TRACKING,1.434,0.000,0.000,-0.01,0.450,0.085,0.000,0.000,0.000,0.812,1.43,10.77567061,106.67088180,10.51,"10°46'32.41""N, 106°40'15.17""E",FIX,
00:14:35.693,1786209275.693,TRACKING,1.470,0.000,0.004,-0.01,0.450,-0.005,0.000,0.000,0.000,0.896,1.47,10.77567061,106.67088180,10.51,"10°46'32.41""N, 106°40'15.17""E",FIX,
00:14:35.810,1786209275.810,TRACKING,1.497,0.000,0.004,-0.00,0.450,-0.003,0.000,0.000,0.000,0.958,1.50,10.77567061,106.67088180,10.51,"10°46'32.41""N, 106°40'15.17""E",FIX,
00:14:35.905,1786209275.906,TRACKING,1.533,0.000,0.004,-0.00,0.450,-0.002,0.000,0.000,0.000,1.000,1.53,10.77567061,106.67088221,10.51,"10°46'32.41""N, 106°40'15.18""E",FIX,
00:14:35.991,1786209275.992,TRACKING,1.560,0.001,0.004,-0.00,0.450,-0.002,0.000,0.000,0.000,1.000,1.56,10.77567061,106.67088221,10.51,"10°46'32.41""N, 106°40'15.18""E",FIX,
00:14:36.067,1786209276.067,TRACKING,1.587,0.001,0.004,-0.00,0.450,-0.001,0.000,0.000,0.000,1.000,1.59,10.77567061,106.67088221,10.51,"10°46'32.41""N, 106°40'15.18""E",FIX,
00:14:36.203,1786209276.204,TRACKING,1.614,0.001,0.004,-0.00,0.450,-0.001,0.000,0.000,0.000,1.000,1.61,10.77567061,106.67088262,10.51,"10°46'32.41""N, 106°40'15.18""E",FIX,
00:14:36.330,1786209276.331,TRACKING,1.641,0.001,0.004,-0.00,0.450,-0.000,0.000,0.000,0.000,1.000,1.64,10.77567061,106.67088262,10.51,"10°46'32.41""N, 106°40'15.18""E",FIX,
00:14:36.476,1786209276.476,TRACKING,1.677,0.001,0.003,-0.00,0.450,-0.000,0.000,0.000,0.000,1.000,1.68,10.77567061,106.67088262,10.51,"10°46'32.41""N, 106°40'15.18""E",FIX,
00:14:36.601,1786209276.602,TRACKING,1.713,0.001,0.003,-0.00,0.450,-0.000,0.000,0.000,0.000,1.000,1.71,10.77567061,106.67088303,10.51,"10°46'32.41""N, 106°40'15.18""E",FIX,
00:14:36.671,1786209276.672,TRACKING,1.740,0.001,0.003,-0.00,0.450,-0.000,0.000,0.000,0.000,1.000,1.74,10.77567061,106.67088303,10.51,"10°46'32.41""N, 106°40'15.18""E",FIX,
00:14:36.779,1786209276.779,TRACKING,1.767,0.001,0.003,-0.00,0.450,-0.000,0.000,0.000,0.000,1.000,1.77,10.77567061,106.67088303,10.51,"10°46'32.41""N, 106°40'15.18""E",FIX,
00:14:36.857,1786209276.857,TRACKING,1.794,0.001,0.003,-0.00,0.450,-0.000,0.000,0.000,0.000,1.000,1.79,10.77567061,106.67088344,10.51,"10°46'32.41""N, 106°40'15.18""E",FIX,
00:14:36.962,1786209276.963,TRACKING,1.830,0.001,0.003,-0.00,0.450,-0.000,0.000,0.000,0.000,1.000,1.83,10.77567061,106.67088344,10.51,"10°46'32.41""N, 106°40'15.18""E",FIX,
00:14:37.060,1786209277.061,TRACKING,1.857,0.002,0.003,-0.00,0.450,-0.000,0.000,0.000,0.000,1.000,1.86,10.77567061,106.67088344,10.51,"10°46'32.41""N, 106°40'15.18""E",FIX,
00:14:37.141,1786209277.141,TRACKING,1.884,0.002,0.003,-0.00,0.450,-0.000,0.000,0.000,0.000,1.000,1.88,10.77567062,106.67088386,10.51,"10°46'32.41""N, 106°40'15.18""E",FIX,
00:14:37.230,1786209277.231,TRACKING,1.920,0.002,0.003,-0.00,0.450,-0.000,0.000,0.000,0.000,1.000,1.92,10.77567062,106.67088386,10.51,"10°46'32.41""N, 106°40'15.18""E",FIX,
00:14:37.315,1786209277.316,TRACKING,1.947,0.002,0.003,-0.00,0.450,-0.000,0.000,0.000,0.000,1.000,1.95,10.77567062,106.67088386,10.51,"10°46'32.41""N, 106°40'15.18""E",FIX,
00:14:37.407,1786209277.408,TRACKING,1.974,0.002,0.003,-0.01,0.450,0.027,0.000,0.000,0.000,1.000,1.97,10.77567062,106.67088427,10.51,"10°46'32.41""N, 106°40'15.18""E",FIX,
00:14:37.496,1786209277.497,TRACKING,2.001,0.002,0.004,-0.01,0.450,-0.007,0.000,0.000,0.000,1.000,2.00,10.77567062,106.67088427,10.51,"10°46'32.41""N, 106°40'15.18""E",FIX,
00:14:37.589,1786209277.590,TRACKING,2.037,0.002,0.005,-0.00,0.450,-0.003,0.000,0.000,0.000,1.000,2.04,10.77567062,106.67088427,10.51,"10°46'32.41""N, 106°40'15.18""E",FIX,
00:14:37.682,1786209277.682,TRACKING,2.064,0.002,0.004,0.07,0.450,-0.149,0.000,0.000,0.000,1.000,2.06,10.77567062,106.67088468,10.51,"10°46'32.41""N, 106°40'15.18""E",FIX,
00:14:37.754,1786209277.754,TRACKING,2.091,0.002,-0.000,0.07,0.450,-0.017,0.000,0.000,0.000,1.000,2.09,10.77567062,106.67088468,10.51,"10°46'32.41""N, 106°40'15.18""E",FIX,
00:14:37.845,1786209277.846,TRACKING,2.127,0.002,-0.005,0.04,0.450,0.029,0.000,0.000,0.000,0.562,2.13,10.77567062,106.67088468,10.51,"10°46'32.41""N, 106°40'15.18""E",FIX,
00:14:37.946,1786209277.946,TRACKING,2.154,0.002,-0.004,0.03,0.450,0.020,0.000,0.000,0.000,0.625,2.15,10.77567062,106.67088509,10.51,"10°46'32.41""N, 106°40'15.19""E",FIX,
00:14:38.038,1786209278.038,TRACKING,2.181,0.002,-0.002,0.04,0.450,-0.039,0.000,0.000,0.000,0.708,2.18,10.77567062,106.67088509,10.51,"10°46'32.41""N, 106°40'15.19""E",FIX,
00:14:38.135,1786209278.135,TRACKING,2.217,0.002,-0.004,0.05,0.450,-0.030,0.000,0.000,0.000,0.771,2.22,10.77567062,106.67088509,10.51,"10°46'32.41""N, 106°40'15.19""E",FIX,
00:14:38.241,1786209278.241,TRACKING,2.244,0.002,-0.006,0.03,0.450,0.029,0.000,0.000,0.000,0.833,2.24,10.77567062,106.67088550,10.51,"10°46'32.41""N, 106°40'15.19""E",FIX,
00:14:38.361,1786209278.361,TRACKING,2.271,0.002,-0.005,0.02,0.450,0.015,0.000,0.000,0.000,0.917,2.27,10.77567062,106.67088550,10.51,"10°46'32.41""N, 106°40'15.19""E",FIX,
00:14:38.444,1786209278.445,TRACKING,2.307,0.002,-0.003,0.01,0.450,0.010,0.000,0.000,0.000,1.000,2.31,10.77567062,106.67088550,10.51,"10°46'32.41""N, 106°40'15.19""E",FIX,
00:14:38.521,1786209278.522,TRACKING,2.325,0.002,-0.003,0.03,0.450,-0.062,0.000,0.000,0.000,1.000,2.32,10.77567062,106.67088591,10.51,"10°46'32.41""N, 106°40'15.19""E",FIX,
00:14:38.643,1786209278.644,TRACKING,2.361,0.001,-0.006,0.02,0.450,0.012,0.000,0.000,0.000,1.000,2.36,10.77567062,106.67088591,10.51,"10°46'32.41""N, 106°40'15.19""E",FIX,
00:14:38.737,1786209278.737,TRACKING,2.397,0.001,-0.007,-0.01,0.450,0.067,0.000,0.000,0.000,1.000,2.40,10.77567062,106.67088591,10.51,"10°46'32.41""N, 106°40'15.19""E",FIX,
00:14:38.861,1786209278.862,TRACKING,2.424,0.001,-0.004,-0.01,0.450,-0.004,0.000,0.000,0.000,1.000,2.42,10.77567062,106.67088632,10.51,"10°46'32.41""N, 106°40'15.19""E",FIX,
00:14:38.948,1786209278.949,TRACKING,2.460,0.001,-0.002,0.02,0.450,-0.053,0.000,0.000,0.000,1.000,2.46,10.77567062,106.67088632,10.51,"10°46'32.41""N, 106°40'15.19""E",FIX,
00:14:39.010,1786209279.010,TRACKING,2.478,0.001,-0.003,0.04,0.450,-0.063,0.000,0.000,0.000,1.000,2.48,10.77567062,106.67088632,10.51,"10°46'32.41""N, 106°40'15.19""E",FIX,
00:14:39.102,1786209279.102,TRACKING,2.505,0.001,-0.007,-0.00,0.450,0.072,0.000,0.000,0.000,1.000,2.50,10.77567061,106.67088674,10.51,"10°46'32.41""N, 106°40'15.19""E",FIX,
00:14:39.211,1786209279.212,TRACKING,2.541,0.000,-0.004,-0.00,0.450,-0.000,0.000,0.000,0.000,1.000,2.54,10.77567061,106.67088674,10.51,"10°46'32.41""N, 106°40'15.19""E",FIX,
00:14:39.313,1786209279.314,TRACKING,2.568,0.000,-0.002,0.02,0.450,-0.053,0.000,0.000,0.000,1.000,2.57,10.77567061,106.67088674,10.51,"10°46'32.41""N, 106°40'15.19""E",FIX,
00:14:39.414,1786209279.415,TRACKING,2.595,0.000,-0.004,0.01,0.450,0.016,0.000,0.000,0.000,1.000,2.59,10.77567062,106.67088715,10.51,"10°46'32.41""N, 106°40'15.19""E",FIX,
00:14:39.531,1786209279.531,TRACKING,2.640,0.000,-0.004,0.01,0.450,0.005,0.000,0.000,0.000,1.000,2.64,10.77567062,106.67088715,10.51,"10°46'32.41""N, 106°40'15.19""E",FIX,
00:14:39.630,1786209279.630,TRACKING,2.667,0.000,-0.003,0.03,0.450,-0.041,0.000,0.000,0.000,1.000,2.67,10.77567062,106.67088715,10.51,"10°46'32.41""N, 106°40'15.19""E",FIX,
00:14:39.685,1786209279.686,TRACKING,2.685,-0.000,-0.004,0.04,0.450,-0.095,0.000,0.000,0.000,1.000,2.68,10.77567062,106.67088756,10.51,"10°46'32.41""N, 106°40'15.20""E",FIX,
00:14:39.804,1786209279.804,TRACKING,2.712,-0.000,-0.009,-0.02,0.450,0.110,0.000,0.000,0.000,1.000,2.71,10.77567062,106.67088756,10.51,"10°46'32.41""N, 106°40'15.20""E",FIX,
00:14:39.918,1786209279.918,TRACKING,2.757,-0.001,-0.003,-0.03,0.450,0.034,0.000,0.000,0.000,1.000,2.76,10.77567062,106.67088756,10.51,"10°46'32.41""N, 106°40'15.20""E",FIX,
00:14:39.986,1786209279.986,TRACKING,2.775,-0.001,-0.001,0.02,0.450,-0.208,0.000,0.000,0.000,1.000,2.77,10.77567062,106.67088797,10.51,"10°46'32.41""N, 106°40'15.20""E",FIX,
00:14:40.108,1786209280.109,TRACKING,2.811,-0.001,-0.015,-0.05,0.450,0.128,0.000,0.000,0.000,1.000,2.81,10.77567062,106.67088797,10.51,"10°46'32.41""N, 106°40'15.20""E",FIX,
00:14:40.194,1786209280.194,TRACKING,2.838,-0.001,-0.013,-0.15,0.450,0.244,0.000,0.000,0.000,1.000,2.84,10.77567062,106.67088797,10.51,"10°46'32.41""N, 106°40'15.20""E",FIX,
00:14:40.290,1786209280.291,TRACKING,2.865,-0.001,-0.001,-0.09,0.450,-0.120,0.000,0.000,0.000,1.000,2.86,10.77567062,106.67088838,10.51,"10°46'32.41""N, 106°40'15.20""E",FIX,
00:14:40.387,1786209280.388,TRACKING,2.901,-0.001,-0.004,-0.06,0.450,-0.041,0.000,0.000,0.000,0.854,2.90,10.77567062,106.67088838,10.51,"10°46'32.41""N, 106°40'15.20""E",FIX,
00:14:40.471,1786209280.471,TRACKING,2.919,-0.002,-0.006,-0.08,0.450,0.084,0.000,0.000,0.000,0.521,2.92,10.77567062,106.67088838,10.51,"10°46'32.41""N, 106°40'15.20""E",FIX,
00:14:40.552,1786209280.553,TRACKING,2.955,-0.002,-0.003,-0.08,0.450,0.008,0.000,0.000,0.000,0.583,2.95,10.77567061,106.67088879,10.51,"10°46'32.41""N, 106°40'15.20""E",FIX,
00:14:40.655,1786209280.655,TRACKING,2.982,-0.002,-0.002,-0.05,0.450,-0.033,0.000,0.000,0.000,0.667,2.98,10.77567061,106.67088879,10.51,"10°46'32.41""N, 106°40'15.20""E",FIX,
00:14:40.763,1786209280.764,TRACKING,3.027,-0.002,-0.004,-0.03,0.450,-0.018,0.000,0.000,0.000,0.729,3.03,10.77567061,106.67088879,10.51,"10°46'32.41""N, 106°40'15.20""E",FIX,
00:14:40.838,1786209280.839,TRACKING,3.045,-0.002,-0.005,-0.04,0.450,0.053,0.000,0.000,0.000,0.792,3.04,10.77567061,106.67088920,10.51,"10°46'32.41""N, 106°40'15.20""E",FIX,
00:14:40.955,1786209280.956,TRACKING,3.081,-0.002,-0.001,-0.03,0.450,-0.017,0.000,0.000,0.000,0.875,3.08,10.77567061,106.67088920,10.51,"10°46'32.41""N, 106°40'15.20""E",FIX,
00:14:41.045,1786209281.045,TRACKING,3.108,-0.002,-0.001,-0.02,0.450,-0.015,0.000,0.000,0.000,0.937,3.11,10.77567061,106.67088920,10.51,"10°46'32.41""N, 106°40'15.20""E",FIX,
00:14:41.135,1786209281.136,TRACKING,3.135,-0.002,-0.002,-0.01,0.450,-0.013,0.000,0.000,0.000,1.000,3.13,10.77567061,106.67088962,10.51,"10°46'32.41""N, 106°40'15.20""E",FIX,
00:14:41.239,1786209281.239,TRACKING,3.162,-0.002,-0.003,-0.01,0.450,-0.006,0.000,0.000,0.000,1.000,3.16,10.77567061,106.67088962,10.51,"10°46'32.41""N, 106°40'15.20""E",FIX,
00:14:41.344,1786209281.344,TRACKING,3.198,-0.002,-0.004,-0.03,0.450,0.043,0.000,0.000,0.000,1.000,3.20,10.77567061,106.67088962,10.51,"10°46'32.41""N, 106°40'15.20""E",FIX,
00:14:41.441,1786209281.441,TRACKING,3.225,-0.002,-0.002,-0.02,0.450,-0.016,0.000,0.000,0.000,1.000,3.22,10.77567062,106.67089003,10.51,"10°46'32.41""N, 106°40'15.20""E",FIX,
00:14:41.534,1786209281.535,TRACKING,3.252,-0.002,-0.002,-0.01,0.450,-0.009,0.000,0.000,0.000,1.000,3.25,10.77567062,106.67089003,10.51,"10°46'32.41""N, 106°40'15.20""E",FIX,
00:14:41.625,1786209281.626,TRACKING,3.288,-0.003,-0.003,-0.01,0.450,-0.005,0.000,0.000,0.000,1.000,3.29,10.77567062,106.67089003,10.51,"10°46'32.41""N, 106°40'15.20""E",FIX,
00:14:41.716,1786209281.716,TRACKING,3.315,-0.003,-0.003,-0.03,0.450,0.055,0.000,0.000,0.000,1.000,3.31,10.77567062,106.67089044,10.51,"10°46'32.41""N, 106°40'15.21""E",FIX,
00:14:41.803,1786209281.803,TRACKING,3.342,-0.003,-0.001,-0.02,0.450,-0.016,0.000,0.000,0.000,1.000,3.34,10.77567062,106.67089044,10.51,"10°46'32.41""N, 106°40'15.21""E",FIX,
00:14:41.898,1786209281.899,TRACKING,3.378,-0.003,-0.001,-0.01,0.450,-0.008,0.000,0.000,0.000,1.000,3.38,10.77567062,106.67089044,10.51,"10°46'32.41""N, 106°40'15.21""E",FIX,
00:14:41.993,1786209281.993,TRACKING,3.405,-0.003,-0.001,-0.01,0.450,-0.006,0.000,0.000,0.000,1.000,3.40,10.77567061,106.67089085,10.51,"10°46'32.41""N, 106°40'15.21""E",FIX,
00:14:42.073,1786209282.073,TRACKING,3.432,-0.003,-0.002,-0.00,0.450,-0.005,0.000,0.000,0.000,1.000,3.43,10.77567061,106.67089085,10.51,"10°46'32.41""N, 106°40'15.21""E",FIX,
00:14:42.187,1786209282.187,TRACKING,3.468,-0.003,-0.002,-0.00,0.450,-0.002,0.000,0.000,0.000,1.000,3.47,10.77567061,106.67089085,10.51,"10°46'32.41""N, 106°40'15.21""E",FIX,
00:14:42.267,1786209282.267,TRACKING,3.495,-0.003,-0.002,-0.02,0.450,0.065,0.000,0.000,0.000,1.000,3.49,10.77567062,106.67089126,10.51,"10°46'32.41""N, 106°40'15.21""E",FIX,
00:14:42.355,1786209282.355,TRACKING,3.522,-0.003,0.001,-0.02,0.450,-0.012,0.000,0.000,0.000,1.000,3.52,10.77567062,106.67089126,10.51,"10°46'32.41""N, 106°40'15.21""E",FIX,
00:14:42.429,1786209282.429,TRACKING,3.549,-0.003,0.001,0.01,0.450,-0.071,0.000,0.000,0.000,1.000,3.55,10.77567062,106.67089126,10.51,"10°46'32.41""N, 106°40'15.21""E",FIX,
00:14:42.515,1786209282.516,TRACKING,3.576,-0.003,-0.002,0.01,0.450,0.007,0.000,0.000,0.000,1.000,3.58,10.77567062,106.67089126,10.51,"10°46'32.41""N, 106°40'15.21""E",FIX,
00:14:42.611,1786209282.612,TRACKING,3.612,-0.003,-0.003,-0.02,0.450,0.050,0.000,0.000,0.000,1.000,3.61,10.77567062,106.67089167,10.51,"10°46'32.41""N, 106°40'15.21""E",FIX,
00:14:42.703,1786209282.704,TRACKING,3.639,-0.003,-0.001,-0.01,0.450,-0.011,0.000,0.000,0.000,1.000,3.64,10.77567062,106.67089167,10.51,"10°46'32.41""N, 106°40'15.21""E",FIX,
00:14:42.775,1786209282.776,TRACKING,3.666,-0.003,0.000,-0.01,0.450,-0.005,0.000,0.000,0.000,1.000,3.67,10.77567062,106.67089167,10.51,"10°46'32.41""N, 106°40'15.21""E",FIX,
00:14:42.853,1786209282.853,TRACKING,3.702,-0.003,-0.000,-0.00,0.450,-0.004,0.000,0.000,0.000,1.000,3.70,10.77567061,106.67089208,10.51,"10°46'32.41""N, 106°40'15.21""E",FIX,
00:14:42.935,1786209282.935,TRACKING,3.720,-0.003,-0.000,0.02,0.450,-0.058,0.000,0.000,0.000,0.687,3.72,10.77567061,106.67089208,10.51,"10°46'32.41""N, 106°40'15.21""E",FIX,
00:14:43.045,1786209283.045,TRACKING,3.765,-0.003,-0.005,0.01,0.450,0.007,0.000,0.000,0.000,0.604,3.76,10.77567061,106.67089250,10.51,"10°46'32.41""N, 106°40'15.21""E",FIX,
00:14:43.107,1786209283.108,TRACKING,3.783,-0.003,-0.006,-0.01,0.450,0.084,0.000,0.000,0.000,0.667,3.78,10.77567061,106.67089250,10.51,"10°46'32.41""N, 106°40'15.21""E",FIX,
00:14:43.182,1786209283.183,TRACKING,3.810,-0.003,-0.002,-0.01,0.450,-0.009,0.000,0.000,0.000,0.750,3.81,10.77567061,106.67089250,10.51,"10°46'32.41""N, 106°40'15.21""E",FIX,
00:14:43.280,1786209283.280,TRACKING,3.846,-0.003,-0.000,0.02,0.450,-0.046,0.000,0.000,0.000,0.833,3.85,10.77567061,106.67089250,10.51,"10°46'32.41""N, 106°40'15.21""E",FIX,
00:14:43.357,1786209283.358,TRACKING,3.882,-0.003,-0.003,0.01,0.450,0.009,0.000,0.000,0.000,0.896,3.88,10.77567061,106.67089291,10.51,"10°46'32.41""N, 106°40'15.21""E",FIX,
00:14:43.435,1786209283.436,TRACKING,3.900,-0.004,-0.003,-0.02,0.450,0.064,0.000,0.000,0.000,0.979,3.90,10.77567061,106.67089291,10.51,"10°46'32.41""N, 106°40'15.21""E",FIX,
00:14:43.509,1786209283.509,TRACKING,3.927,-0.004,-0.001,0.01,0.450,-0.068,0.000,0.000,0.000,1.000,3.93,10.77567061,106.67089291,10.51,"10°46'32.41""N, 106°40'15.21""E",FIX,
00:14:43.602,1786209283.603,TRACKING,3.963,-0.004,-0.002,0.01,0.450,0.005,0.000,0.000,0.000,1.000,3.96,10.77567061,106.67089332,10.51,"10°46'32.41""N, 106°40'15.22""E",FIX,
00:14:43.687,1786209283.687,TRACKING,3.999,-0.004,-0.004,-0.02,0.450,0.056,0.000,0.000,0.000,1.000,4.00,10.77567061,106.67089332,10.51,"10°46'32.41""N, 106°40'15.22""E",FIX,
00:14:43.774,1786209283.774,TRACKING,4.026,-0.004,-0.001,-0.01,0.450,-0.009,0.000,0.000,0.000,1.000,4.03,10.77567061,106.67089332,10.51,"10°46'32.41""N, 106°40'15.22""E",FIX,
00:14:43.844,1786209283.844,TRACKING,4.053,-0.004,-0.000,0.02,0.450,-0.071,0.000,0.000,0.000,1.000,4.05,10.77567061,106.67089373,10.51,"10°46'32.41""N, 106°40'15.22""E",FIX,
00:14:43.940,1786209283.941,TRACKING,4.080,-0.004,-0.004,-0.01,0.450,0.061,0.000,0.000,0.000,1.000,4.08,10.77567061,106.67089373,10.51,"10°46'32.41""N, 106°40'15.22""E",FIX,
00:14:44.029,1786209284.029,TRACKING,4.116,-0.004,-0.001,-0.01,0.450,-0.006,0.000,0.000,0.000,1.000,4.12,10.77567061,106.67089373,10.51,"10°46'32.41""N, 106°40'15.22""E",FIX,
00:14:44.115,1786209284.116,TRACKING,4.143,-0.004,-0.001,0.02,0.450,-0.057,0.000,0.000,0.000,1.000,4.14,10.77567061,106.67089414,10.51,"10°46'32.41""N, 106°40'15.22""E",FIX,
00:14:44.198,1786209284.198,TRACKING,4.170,-0.004,-0.003,0.01,0.450,0.013,0.000,0.000,0.000,1.000,4.17,10.77567061,106.67089414,10.51,"10°46'32.41""N, 106°40'15.22""E",FIX,
00:14:44.284,1786209284.285,TRACKING,4.197,-0.004,-0.003,0.01,0.450,0.005,0.000,0.000,0.000,1.000,4.20,10.77567061,106.67089414,10.51,"10°46'32.41""N, 106°40'15.22""E",FIX,
00:14:44.379,1786209284.380,TRACKING,4.233,-0.004,-0.002,0.00,0.450,0.003,0.000,0.000,0.000,1.000,4.23,10.77567061,106.67089455,10.51,"10°46'32.41""N, 106°40'15.22""E",FIX,
00:14:44.471,1786209284.471,TRACKING,4.260,-0.004,-0.002,0.00,0.450,0.004,0.000,0.000,0.000,1.000,4.26,10.77567061,106.67089455,10.51,"10°46'32.41""N, 106°40'15.22""E",FIX,
00:14:44.573,1786209284.574,TRACKING,4.296,-0.004,-0.002,0.00,0.450,0.001,0.000,0.000,0.000,1.000,4.30,10.77567061,106.67089455,10.51,"10°46'32.41""N, 106°40'15.22""E",FIX,
00:14:44.656,1786209284.656,TRACKING,4.323,-0.004,-0.002,0.00,0.450,0.001,0.000,0.000,0.000,1.000,4.32,10.77567061,106.67089496,10.51,"10°46'32.41""N, 106°40'15.22""E",FIX,
00:14:44.740,1786209284.740,TRACKING,4.350,-0.005,-0.002,0.00,0.450,0.001,0.000,0.000,0.000,1.000,4.35,10.77567061,106.67089496,10.51,"10°46'32.41""N, 106°40'15.22""E",FIX,
00:14:44.824,1786209284.825,TRACKING,4.386,-0.005,-0.002,0.00,0.450,0.000,0.000,0.000,0.000,1.000,4.39,10.77567061,106.67089496,10.51,"10°46'32.41""N, 106°40'15.22""E",FIX,
00:14:44.899,1786209284.899,TRACKING,4.404,-0.005,-0.002,0.00,0.450,0.000,0.000,0.000,0.000,1.000,4.40,10.77567061,106.67089538,10.51,"10°46'32.41""N, 106°40'15.22""E",FIX,
00:14:44.997,1786209284.997,TRACKING,4.440,-0.005,-0.002,0.00,0.450,0.000,0.000,0.000,0.000,1.000,4.44,10.77567061,106.67089538,10.51,"10°46'32.41""N, 106°40'15.22""E",FIX,
00:14:45.098,1786209285.099,TRACKING,4.476,-0.005,-0.002,0.00,0.450,0.000,0.000,0.000,0.000,1.000,4.48,10.77567061,106.67089538,10.51,"10°46'32.41""N, 106°40'15.22""E",FIX,
00:14:45.177,1786209285.178,TRACKING,4.494,-0.005,-0.002,0.00,0.450,0.000,0.000,0.000,0.000,1.000,4.49,10.77567061,106.67089579,10.51,"10°46'32.41""N, 106°40'15.22""E",FIX,
00:14:45.279,1786209285.280,TRACKING,4.530,-0.005,-0.002,0.00,0.450,0.000,0.000,0.000,0.000,0.583,4.53,10.77567061,106.67089579,10.51,"10°46'32.41""N, 106°40'15.22""E",FIX,
00:14:45.384,1786209285.385,TRACKING,4.566,-0.005,-0.002,0.01,0.450,-0.021,0.000,0.000,0.000,0.625,4.57,10.77567061,106.67089579,10.51,"10°46'32.41""N, 106°40'15.22""E",FIX,
00:14:45.461,1786209285.461,TRACKING,4.593,-0.005,-0.002,0.01,0.450,0.008,0.000,0.000,0.000,0.687,4.59,10.77567061,106.67089620,10.51,"10°46'32.41""N, 106°40'15.23""E",FIX,
00:14:45.552,1786209285.552,TRACKING,4.620,-0.005,-0.002,0.00,0.450,0.004,0.000,0.000,0.000,0.750,4.62,10.77567061,106.67089620,10.51,"10°46'32.41""N, 106°40'15.23""E",FIX,
00:14:45.631,1786209285.631,TRACKING,4.647,-0.005,-0.002,0.00,0.450,0.003,0.000,0.000,0.000,0.833,4.65,10.77567061,106.67089620,10.51,"10°46'32.41""N, 106°40'15.23""E",FIX,
00:14:45.749,1786209285.750,TRACKING,4.683,-0.005,-0.002,0.00,0.450,0.001,0.000,0.000,0.000,0.917,4.68,10.77567061,106.67089661,10.51,"10°46'32.41""N, 106°40'15.23""E",FIX,
00:14:45.850,1786209285.850,TRACKING,4.710,-0.005,-0.002,0.00,0.450,0.001,0.000,0.000,0.000,1.000,4.71,10.77567061,106.67089661,10.51,"10°46'32.41""N, 106°40'15.23""E",FIX,
00:14:45.939,1786209285.940,TRACKING,4.737,-0.005,-0.002,0.00,0.450,0.001,0.000,0.000,0.000,1.000,4.74,10.77567061,106.67089661,10.51,"10°46'32.41""N, 106°40'15.23""E",FIX,
00:14:46.016,1786209286.016,TRACKING,4.764,-0.005,-0.002,0.00,0.450,0.001,0.000,0.000,0.000,1.000,4.76,10.77567061,106.67089702,10.51,"10°46'32.41""N, 106°40'15.23""E",FIX,
00:14:46.124,1786209286.124,TRACKING,4.800,-0.005,-0.001,0.00,0.450,0.000,0.000,0.000,0.000,1.000,4.80,10.77567061,106.67089702,10.51,"10°46'32.41""N, 106°40'15.23""E",FIX,
00:14:46.205,1786209286.206,TRACKING,4.827,-0.005,-0.001,0.00,0.450,0.000,0.000,0.000,0.000,1.000,4.83,10.77567061,106.67089702,10.51,"10°46'32.41""N, 106°40'15.23""E",FIX,
00:14:46.304,1786209286.305,TRACKING,4.863,-0.005,-0.001,0.00,0.450,0.000,0.000,0.000,0.000,1.000,4.86,10.77567061,106.67089743,10.51,"10°46'32.41""N, 106°40'15.23""E",FIX,
00:14:46.391,1786209286.391,TRACKING,4.890,-0.005,-0.001,0.00,0.450,0.000,0.000,0.000,0.000,1.000,4.89,10.77567061,106.67089743,10.51,"10°46'32.41""N, 106°40'15.23""E",FIX,
00:14:46.466,1786209286.467,TRACKING,4.917,-0.005,-0.001,0.00,0.450,0.000,0.000,0.000,0.000,1.000,4.92,10.77567061,106.67089743,10.51,"10°46'32.41""N, 106°40'15.23""E",FIX,
00:14:46.554,1786209286.554,TRACKING,4.944,-0.005,-0.001,0.00,0.450,0.000,0.000,0.000,0.000,1.000,4.94,10.77567061,106.67089784,10.51,"10°46'32.41""N, 106°40'15.23""E",FIX,
00:14:46.643,1786209286.643,TRACKING,4.980,-0.006,-0.001,0.00,0.450,0.000,0.000,0.000,0.000,1.000,4.98,10.77567061,106.67089784,10.51,"10°46'32.41""N, 106°40'15.23""E",FIX,
00:14:46.748,1786209286.749,TRACKING,5.007,-0.006,-0.001,0.00,0.450,0.000,0.000,0.000,0.000,1.000,5.01,10.77567061,106.67089784,10.51,"10°46'32.41""N, 106°40'15.23""E",FIX,
00:14:46.817,1786209286.818,TRACKING,5.034,-0.006,-0.001,0.00,0.450,0.000,0.000,0.000,0.000,1.000,5.03,10.77567061,106.67089826,10.51,"10°46'32.41""N, 106°40'15.23""E",FIX,
00:14:46.909,1786209286.910,TRACKING,5.070,-0.006,-0.001,0.00,0.450,0.000,0.000,0.000,0.000,1.000,5.07,10.77567061,106.67089826,10.51,"10°46'32.41""N, 106°40'15.23""E",FIX,
00:14:46.981,1786209286.982,TRACKING,5.097,-0.006,-0.001,0.00,0.450,0.000,0.000,0.000,0.000,1.000,5.10,10.77567061,106.67089826,10.51,"10°46'32.41""N, 106°40'15.23""E",FIX,
00:14:47.064,1786209287.064,TRACKING,5.124,-0.006,-0.001,0.00,0.450,0.000,0.000,0.000,0.000,1.000,5.12,10.77567061,106.67089867,10.51,"10°46'32.41""N, 106°40'15.24""E",FIX,
00:14:47.147,1786209287.148,TRACKING,5.160,-0.006,-0.001,0.00,0.450,0.000,0.000,0.000,0.000,1.000,5.16,10.77567061,106.67089867,10.51,"10°46'32.41""N, 106°40'15.24""E",FIX,
00:14:47.222,1786209287.223,TRACKING,5.187,-0.006,-0.001,0.00,0.450,0.000,0.000,0.000,0.000,1.000,5.19,10.77567061,106.67089867,10.51,"10°46'32.41""N, 106°40'15.24""E",FIX,
00:14:47.306,1786209287.306,TRACKING,5.223,-0.006,-0.001,0.00,0.450,0.000,0.000,0.000,0.000,1.000,5.22,10.77567061,106.67089908,10.51,"10°46'32.41""N, 106°40'15.24""E",FIX,
00:14:47.368,1786209287.369,TRACKING,5.241,-0.006,-0.001,0.00,0.450,0.000,0.000,0.000,0.000,1.000,5.24,10.77567061,106.67089908,10.51,"10°46'32.41""N, 106°40'15.24""E",FIX,
00:14:47.438,1786209287.438,TRACKING,5.268,-0.006,-0.001,-0.02,0.450,0.064,0.000,0.000,0.000,1.000,5.27,10.77567061,106.67089908,10.51,"10°46'32.41""N, 106°40'15.24""E",FIX,
00:14:47.546,1786209287.547,TRACKING,5.304,-0.006,0.003,-0.04,0.450,0.033,0.000,0.000,0.000,1.000,5.30,10.77567061,106.67089949,10.51,"10°46'32.41""N, 106°40'15.24""E",FIX,
00:14:47.639,1786209287.640,TRACKING,5.340,-0.006,0.006,-0.05,0.450,0.031,0.000,0.000,0.000,0.562,5.34,10.77567061,106.67089949,10.51,"10°46'32.41""N, 106°40'15.24""E",FIX,
00:14:47.715,1786209287.716,TRACKING,5.367,-0.006,0.008,-0.03,0.450,-0.027,0.000,0.000,0.000,0.625,5.37,10.77567061,106.67089949,10.51,"10°46'32.41""N, 106°40'15.24""E",FIX,
00:14:47.813,1786209287.814,TRACKING,5.394,-0.005,0.007,-0.02,0.450,-0.016,0.000,0.000,0.000,0.687,5.39,10.77567060,106.67089990,10.51,"10°46'32.41""N, 106°40'15.24""E",FIX,
00:14:47.876,1786209287.877,TRACKING,5.421,-0.005,0.006,-0.01,0.450,-0.015,0.000,0.000,0.000,0.750,5.42,10.77567060,106.67089990,10.51,"10°46'32.41""N, 106°40'15.24""E",FIX,
00:14:47.965,1786209287.966,TRACKING,5.448,-0.005,0.005,-0.03,0.450,0.040,0.000,0.000,0.000,0.833,5.45,10.77567060,106.67089990,10.51,"10°46'32.41""N, 106°40'15.24""E",FIX,
00:14:48.034,1786209288.034,TRACKING,5.475,-0.005,0.006,-0.04,0.450,0.038,0.000,0.000,0.000,0.917,5.47,10.77567060,106.67090031,10.51,"10°46'32.41""N, 106°40'15.24""E",FIX,
00:14:48.116,1786209288.116,TRACKING,5.511,-0.005,0.009,-0.03,0.450,-0.022,0.000,0.000,0.000,0.979,5.51,10.77567060,106.67090031,10.51,"10°46'32.41""N, 106°40'15.24""E",FIX,
00:14:48.204,1786209288.204,TRACKING,5.538,-0.004,0.008,-0.02,0.450,-0.014,0.000,0.000,0.000,1.000,5.54,10.77567060,106.67090031,10.51,"10°46'32.41""N, 106°40'15.24""E",FIX,
00:14:48.268,1786209288.268,TRACKING,5.565,-0.004,0.007,-0.01,0.450,-0.017,0.000,0.000,0.000,1.000,5.56,10.77567060,106.67090072,10.51,"10°46'32.41""N, 106°40'15.24""E",FIX,
00:14:48.368,1786209288.368,TRACKING,5.601,-0.004,0.006,-0.01,0.450,-0.005,0.000,0.000,0.000,1.000,5.60,10.77567060,106.67090072,10.51,"10°46'32.41""N, 106°40'15.24""E",FIX,
00:14:48.456,1786209288.457,TRACKING,5.628,-0.004,0.006,-0.03,0.450,0.046,0.000,0.000,0.000,1.000,5.63,10.77567060,106.67090072,10.51,"10°46'32.41""N, 106°40'15.24""E",FIX,
00:14:48.552,1786209288.552,TRACKING,5.655,-0.004,0.007,-0.02,0.450,-0.017,0.000,0.000,0.000,1.000,5.65,10.77567061,106.67090114,10.51,"10°46'32.41""N, 106°40'15.24""E",FIX,
00:14:48.659,1786209288.660,TRACKING,5.691,-0.003,0.007,-0.01,0.450,-0.007,0.000,0.000,0.000,1.000,5.69,10.77567061,106.67090114,10.51,"10°46'32.41""N, 106°40'15.24""E",FIX,
00:14:48.742,1786209288.742,TRACKING,5.718,-0.003,0.007,-0.01,0.450,-0.007,0.000,0.000,0.000,1.000,5.72,10.77567061,106.67090114,10.51,"10°46'32.41""N, 106°40'15.24""E",FIX,
00:14:48.817,1786209288.817,TRACKING,5.745,-0.003,0.006,-0.03,0.450,0.067,0.000,0.000,0.000,1.000,5.74,10.77567061,106.67090155,10.51,"10°46'32.41""N, 106°40'15.25""E",FIX,
00:14:48.935,1786209288.936,TRACKING,5.781,-0.003,0.011,0.00,0.450,-0.049,0.000,0.000,0.000,1.000,5.78,10.77567061,106.67090155,10.51,"10°46'32.41""N, 106°40'15.25""E",FIX,
00:14:49.015,1786209289.016,TRACKING,5.808,-0.002,0.010,0.03,0.450,-0.053,0.000,0.000,0.000,1.000,5.81,10.77567061,106.67090155,10.51,"10°46'32.41""N, 106°40'15.25""E",FIX,
00:14:49.097,1786209289.098,TRACKING,5.835,-0.002,0.007,0.02,0.450,0.016,0.000,0.000,0.000,1.000,5.83,10.77567061,106.67090196,10.51,"10°46'32.41""N, 106°40'15.25""E",FIX,
00:14:49.186,1786209289.186,TRACKING,5.871,-0.002,0.007,-0.01,0.450,0.054,0.000,0.000,0.000,1.000,5.87,10.77567061,106.67090196,10.51,"10°46'32.41""N, 106°40'15.25""E",FIX,
00:14:49.281,1786209289.281,TRACKING,5.898,-0.002,0.009,-0.01,0.450,-0.006,0.000,0.000,0.000,1.000,5.90,10.77567061,106.67090196,10.51,"10°46'32.41""N, 106°40'15.25""E",FIX,
00:14:49.348,1786209289.349,TRACKING,5.925,-0.001,0.011,0.02,0.450,-0.084,0.000,0.000,0.000,1.000,5.92,10.77567061,106.67090237,10.51,"10°46'32.41""N, 106°40'15.25""E",FIX,
00:14:49.448,1786209289.448,TRACKING,5.952,-0.001,0.007,-0.01,0.450,0.051,0.000,0.000,0.000,1.000,5.95,10.77567061,106.67090237,10.51,"10°46'32.41""N, 106°40'15.25""E",FIX,
00:14:49.528,1786209289.528,TRACKING,5.988,-0.001,0.007,-0.03,0.450,0.047,0.000,0.000,0.000,1.000,5.99,10.77567061,106.67090237,10.51,"10°46'32.41""N, 106°40'15.25""E",FIX,
00:14:49.605,1786209289.606,TRACKING,6.015,-0.001,0.009,0.00,0.450,-0.080,0.000,0.000,0.000,1.000,6.01,10.77567061,106.67090278,10.51,"10°46'32.41""N, 106°40'15.25""E",FIX,
00:14:49.691,1786209289.691,TRACKING,6.042,-0.001,0.006,0.00,0.450,0.002,0.000,0.000,0.000,1.000,6.04,10.77567061,106.67090278,10.51,"10°46'32.41""N, 106°40'15.25""E",FIX,
00:14:49.770,1786209289.770,TRACKING,6.069,-0.000,0.004,-0.02,0.450,0.053,0.000,0.000,0.000,1.000,6.07,10.77567061,106.67090278,10.51,"10°46'32.41""N, 106°40'15.25""E",FIX,
00:14:49.843,1786209289.843,TRACKING,6.096,-0.000,0.006,0.01,0.450,-0.064,0.000,0.000,0.000,1.000,6.10,10.77567061,106.67090278,10.51,"10°46'32.41""N, 106°40'15.25""E",FIX,
00:14:49.922,1786209289.923,TRACKING,6.132,-0.000,0.005,0.03,0.450,-0.046,0.000,0.000,0.000,0.604,6.13,10.77567061,106.67090319,10.51,"10°46'32.41""N, 106°40'15.25""E",FIX,
00:14:50.017,1786209290.017,TRACKING,6.168,0.000,0.001,0.02,0.450,0.012,0.000,0.000,0.000,0.646,6.17,10.77567061,106.67090319,10.51,"10°46'32.41""N, 106°40'15.25""E",FIX,
00:14:50.110,1786209290.110,TRACKING,6.195,0.000,0.001,-0.01,0.450,0.064,0.000,0.000,0.000,0.708,6.19,10.77567062,106.67090361,10.51,"10°46'32.41""N, 106°40'15.25""E",FIX,
00:14:50.174,1786209290.174,TRACKING,6.222,0.000,0.003,-0.01,0.450,-0.008,0.000,0.000,0.000,0.771,6.22,10.77567062,106.67090361,10.51,"10°46'32.41""N, 106°40'15.25""E",FIX,
00:14:50.263,1786209290.264,TRACKING,6.249,0.000,0.004,0.02,0.450,-0.052,0.000,0.000,0.000,0.854,6.25,10.77567062,106.67090361,10.51,"10°46'32.41""N, 106°40'15.25""E",FIX,
00:14:50.337,1786209290.338,TRACKING,6.276,0.000,0.001,0.01,0.450,0.010,0.000,0.000,0.000,0.917,6.28,10.77567062,106.67090361,10.51,"10°46'32.41""N, 106°40'15.25""E",FIX,
00:14:50.431,1786209290.431,TRACKING,6.312,0.000,0.000,-0.02,0.450,0.047,0.000,0.000,0.000,1.000,6.31,10.77567062,106.67090402,10.51,"10°46'32.41""N, 106°40'15.25""E",FIX,
00:14:50.508,1786209290.508,TRACKING,6.348,0.000,0.003,-0.01,0.450,-0.008,0.000,0.000,0.000,1.000,6.35,10.77567062,106.67090402,10.51,"10°46'32.41""N, 106°40'15.25""E",FIX,
00:14:50.611,1786209290.611,TRACKING,6.375,0.000,0.003,0.02,0.450,-0.056,0.000,0.000,0.000,1.000,6.37,10.77567062,106.67090443,10.51,"10°46'32.41""N, 106°40'15.26""E",FIX,
00:14:50.678,1786209290.678,TRACKING,6.402,0.001,0.001,0.01,0.450,0.011,0.000,0.000,0.000,1.000,6.40,10.77567062,106.67090443,10.51,"10°46'32.41""N, 106°40'15.26""E",FIX,
00:14:50.770,1786209290.771,TRACKING,6.429,0.001,0.001,0.01,0.450,0.006,0.000,0.000,0.000,1.000,6.43,10.77567062,106.67090443,10.51,"10°46'32.41""N, 106°40'15.26""E",FIX,
00:14:50.876,1786209290.876,TRACKING,6.465,0.001,0.001,0.00,0.450,0.003,0.000,0.000,0.000,1.000,6.46,10.77567062,106.67090484,10.51,"10°46'32.41""N, 106°40'15.26""E",FIX,
00:14:50.950,1786209290.951,TRACKING,6.483,0.001,0.002,0.00,0.450,0.003,0.000,0.000,0.000,1.000,6.48,10.77567062,106.67090484,10.51,"10°46'32.41""N, 106°40'15.26""E",FIX,
00:14:51.044,1786209291.045,TRACKING,6.519,0.001,0.002,0.00,0.450,0.001,0.000,0.000,0.000,1.000,6.52,10.77567062,106.67090484,10.51,"10°46'32.41""N, 106°40'15.26""E",FIX,
00:14:51.120,1786209291.120,TRACKING,6.546,0.001,0.002,0.00,0.450,0.001,0.000,0.000,0.000,1.000,6.55,10.77567062,106.67090484,10.51,"10°46'32.41""N, 106°40'15.26""E",FIX,
00:14:51.224,1786209291.225,TRACKING,6.582,0.001,0.002,0.00,0.450,0.001,0.000,0.000,0.000,1.000,6.58,10.77567062,106.67090525,10.51,"10°46'32.41""N, 106°40'15.26""E",FIX,
00:14:51.315,1786209291.316,TRACKING,6.609,0.001,0.002,0.00,0.450,0.000,0.000,0.000,0.000,1.000,6.61,10.77567062,106.67090525,10.51,"10°46'32.41""N, 106°40'15.26""E",FIX,
00:14:51.414,1786209291.415,TRACKING,6.645,0.001,0.002,0.02,0.450,-0.046,0.000,0.000,0.000,1.000,6.64,10.77567062,106.67090566,10.51,"10°46'32.41""N, 106°40'15.26""E",FIX,
00:14:51.469,1786209291.469,TRACKING,6.663,0.001,0.001,0.02,0.450,0.023,0.000,0.000,0.000,1.000,6.66,10.77567062,106.67090566,10.51,"10°46'32.41""N, 106°40'15.26""E",FIX,
00:14:51.555,1786209291.556,TRACKING,6.690,0.001,0.001,0.01,0.450,0.008,0.000,0.000,0.000,1.000,6.69,10.77567062,106.67090566,10.51,"10°46'32.41""N, 106°40'15.26""E",FIX,
00:14:51.653,1786209291.653,TRACKING,6.726,0.001,0.002,0.03,0.450,-0.040,0.000,0.000,0.000,1.000,6.73,10.77567062,106.67090566,10.51,"10°46'32.41""N, 106°40'15.26""E",FIX,
00:14:51.735,1786209291.735,TRACKING,6.762,0.001,0.000,0.02,0.450,0.016,0.000,0.000,0.000,1.000,6.76,10.77567062,106.67090607,10.51,"10°46'32.41""N, 106°40'15.26""E",FIX,
00:14:51.824,1786209291.825,TRACKING,6.789,0.001,0.001,0.01,0.450,0.010,0.000,0.000,0.000,1.000,6.79,10.77567062,106.67090607,10.51,"10°46'32.41""N, 106°40'15.26""E",FIX,
00:14:51.921,1786209291.921,TRACKING,6.825,0.001,0.002,0.03,0.450,-0.041,0.000,0.000,0.000,1.000,6.82,10.77567062,106.67090649,10.51,"10°46'32.41""N, 106°40'15.26""E",FIX,
00:14:51.976,1786209291.976,TRACKING,6.843,0.001,0.001,0.04,0.450,-0.047,0.000,0.000,0.000,1.000,6.84,10.77567062,106.67090649,10.51,"10°46'32.41""N, 106°40'15.26""E",FIX,
00:14:52.073,1786209292.073,TRACKING,6.879,0.001,-0.003,0.01,0.450,0.066,0.000,0.000,0.000,1.000,6.88,10.77567062,106.67090649,10.51,"10°46'32.41""N, 106°40'15.26""E",FIX,
00:14:52.138,1786209292.138,TRACKING,6.897,0.001,-0.002,0.00,0.450,0.004,0.000,0.000,0.000,1.000,6.90,10.77567062,106.67090649,10.51,"10°46'32.41""N, 106°40'15.26""E",FIX,
00:14:52.239,1786209292.239,TRACKING,6.933,0.001,-0.000,0.01,0.450,-0.020,0.000,0.000,0.000,0.583,6.93,10.77567062,106.67090690,10.51,"10°46'32.41""N, 106°40'15.26""E",FIX,
00:14:52.311,1786209292.312,TRACKING,6.960,0.001,-0.001,0.01,0.450,0.010,0.000,0.000,0.000,0.646,6.96,10.77567062,106.67090690,10.51,"10°46'32.41""N, 106°40'15.26""E",FIX,
00:14:52.406,1786209292.407,TRACKING,6.996,0.001,-0.000,0.03,0.450,-0.041,0.000,0.000,0.000,0.708,7.00,10.77567062,106.67090690,10.51,"10°46'32.41""N, 106°40'15.26""E",FIX,
00:14:52.469,1786209292.469,TRACKING,7.023,0.001,-0.002,0.02,0.450,0.021,0.000,0.000,0.000,0.771,7.02,10.77567062,106.67090731,10.51,"10°46'32.41""N, 106°40'15.27""E",FIX,
00:14:52.559,1786209292.560,TRACKING,7.050,0.001,-0.001,0.01,0.450,0.012,0.000,0.000,0.000,0.854,7.05,10.77567062,106.67090731,10.51,"10°46'32.41""N, 106°40'15.27""E",FIX,
00:14:52.659,1786209292.659,TRACKING,7.086,0.001,-0.000,0.01,0.450,0.004,0.000,0.000,0.000,0.917,7.09,10.77567062,106.67090731,10.51,"10°46'32.41""N, 106°40'15.27""E",FIX,
00:14:52.735,1786209292.735,TRACKING,7.113,0.001,0.000,0.03,0.450,-0.050,0.000,0.000,0.000,1.000,7.11,10.77567062,106.67090772,10.51,"10°46'32.41""N, 106°40'15.27""E",FIX,
00:14:52.816,1786209292.816,TRACKING,7.140,0.001,-0.002,0.02,0.450,0.018,0.000,0.000,0.000,1.000,7.14,10.77567062,106.67090772,10.51,"10°46'32.41""N, 106°40'15.27""E",FIX,
00:14:52.915,1786209292.916,TRACKING,7.176,0.001,-0.001,0.01,0.450,0.008,0.000,0.000,0.000,1.000,7.18,10.77567062,106.67090772,10.51,"10°46'32.41""N, 106°40'15.27""E",FIX,
00:14:52.998,1786209292.999,TRACKING,7.203,0.001,-0.001,0.01,0.450,0.006,0.000,0.000,0.000,1.000,7.20,10.77567062,106.67090813,10.51,"10°46'32.41""N, 106°40'15.27""E",FIX,
00:14:53.070,1786209293.071,TRACKING,7.230,0.001,-0.000,0.03,0.450,-0.067,0.000,0.000,0.000,1.000,7.23,10.77567062,106.67090813,10.51,"10°46'32.41""N, 106°40'15.27""E",FIX,
00:14:53.161,1786209293.162,TRACKING,7.257,0.001,-0.003,-0.00,0.450,0.057,0.000,0.000,0.000,1.000,7.26,10.77567062,106.67090813,10.51,"10°46'32.41""N, 106°40'15.27""E",FIX,
00:14:53.239,1786209293.240,TRACKING,7.293,0.001,-0.003,-0.03,0.450,0.049,0.000,0.000,0.000,1.000,7.29,10.77567062,106.67090854,10.51,"10°46'32.41""N, 106°40'15.27""E",FIX,
00:14:53.307,1786209293.307,TRACKING,7.320,0.001,0.000,0.01,0.450,-0.079,0.000,0.000,0.000,1.000,7.32,10.77567062,106.67090854,10.51,"10°46'32.41""N, 106°40'15.27""E",FIX,
00:14:53.416,1786209293.416,TRACKING,7.356,0.001,-0.005,0.00,0.450,0.002,0.000,0.000,0.000,1.000,7.36,10.77567062,106.67090854,10.51,"10°46'32.41""N, 106°40'15.27""E",FIX,
00:14:53.499,1786209293.500,TRACKING,7.383,0.000,-0.005,-0.03,0.450,0.081,0.000,0.000,0.000,1.000,7.38,10.77567062,106.67090895,10.51,"10°46'32.41""N, 106°40'15.27""E",FIX,
00:14:53.580,1786209293.581,TRACKING,7.410,0.000,-0.002,-0.02,0.450,-0.019,0.000,0.000,0.000,1.000,7.41,10.77567062,106.67090895,10.51,"10°46'32.41""N, 106°40'15.27""E",FIX,
00:14:53.653,1786209293.653,TRACKING,7.437,0.000,-0.001,-0.01,0.450,-0.014,0.000,0.000,0.000,1.000,7.44,10.77567062,106.67090895,10.51,"10°46'32.41""N, 106°40'15.27""E",FIX,
00:14:53.740,1786209293.741,TRACKING,7.464,0.000,-0.002,-0.01,0.450,-0.006,0.000,0.000,0.000,1.000,7.46,10.77567061,106.67090937,10.51,"10°46'32.41""N, 106°40'15.27""E",FIX,
00:14:53.815,1786209293.815,TRACKING,7.500,0.000,-0.003,-0.01,0.450,-0.005,0.000,0.000,0.000,1.000,7.50,10.77567061,106.67090937,10.51,"10°46'32.41""N, 106°40'15.27""E",FIX,
00:14:53.911,1786209293.911,TRACKING,7.527,-0.000,-0.003,-0.00,0.450,-0.003,0.000,0.000,0.000,1.000,7.53,10.77567061,106.67090937,10.51,"10°46'32.41""N, 106°40'15.27""E",FIX,
00:14:54.004,1786209294.004,TRACKING,7.563,-0.000,-0.004,-0.03,0.450,0.048,0.000,0.000,0.000,1.000,7.56,10.77567061,106.67090978,10.51,"10°46'32.41""N, 106°40'15.28""E",FIX,
00:14:54.105,1786209294.106,TRACKING,7.590,-0.000,-0.001,-0.02,0.450,-0.013,0.000,0.000,0.000,1.000,7.59,10.77567061,106.67090978,10.51,"10°46'32.41""N, 106°40'15.28""E",FIX,
00:14:54.194,1786209294.195,TRACKING,7.617,-0.000,-0.001,0.01,0.450,-0.062,0.000,0.000,0.000,1.000,7.62,10.77567061,106.67090978,10.51,"10°46'32.41""N, 106°40'15.28""E",FIX,
00:14:54.266,1786209294.266,TRACKING,7.644,-0.000,-0.003,0.01,0.450,0.008,0.000,0.000,0.000,1.000,7.64,10.77567061,106.67091019,10.51,"10°46'32.41""N, 106°40'15.28""E",FIX,
00:14:54.351,1786209294.352,TRACKING,7.680,-0.000,-0.004,-0.13,0.450,0.279,0.000,0.000,0.000,1.000,7.68,10.77567061,106.67091019,10.51,"10°46'32.41""N, 106°40'15.28""E",FIX,
00:14:54.439,1786209294.439,TRACKING,7.707,-0.000,0.008,-0.13,0.450,0.034,0.000,0.000,0.000,0.500,7.71,10.77567061,106.67091019,10.51,"10°46'32.41""N, 106°40'15.28""E",FIX,
00:14:54.519,1786209294.519,TRACKING,7.734,-0.000,0.018,-0.02,0.450,-0.293,0.000,0.000,0.000,0.562,7.73,10.77567061,106.67091060,10.51,"10°46'32.41""N, 106°40'15.28""E",FIX,
00:14:54.582,1786209294.583,TRACKING,7.761,0.000,0.011,-0.03,0.450,0.044,0.000,0.000,0.000,0.625,7.76,10.77567061,106.67091060,10.51,"10°46'32.41""N, 106°40'15.28""E",FIX,
00:14:54.676,1786209294.677,TRACKING,7.797,0.001,0.006,-0.09,0.450,0.117,0.000,0.000,0.000,0.667,7.80,10.77567061,106.67091060,10.51,"10°46'32.41""N, 106°40'15.28""E",FIX,
00:14:54.747,1786209294.747,TRACKING,7.824,0.001,0.011,-0.08,0.450,0.002,0.000,0.000,0.000,0.750,7.82,10.77567061,106.67091101,10.51,"10°46'32.41""N, 106°40'15.28""E",FIX,
00:14:54.829,1786209294.830,TRACKING,7.860,0.001,0.014,-0.05,0.450,-0.040,0.000,0.000,0.000,0.833,7.86,10.77567061,106.67091101,10.51,"10°46'32.41""N, 106°40'15.28""E",FIX,
00:14:54.919,1786209294.919,TRACKING,7.887,0.002,0.012,-0.03,0.450,-0.027,0.000,0.000,0.000,0.917,7.89,10.77567061,106.67091101,10.51,"10°46'32.41""N, 106°40'15.28""E",FIX,
00:14:55.001,1786209295.001,TRACKING,7.923,0.002,0.010,-0.05,0.450,0.033,0.000,0.000,0.000,0.979,7.92,10.77567061,106.67091142,10.51,"10°46'32.41""N, 106°40'15.28""E",FIX,
00:14:55.073,1786209295.074,TRACKING,7.950,0.002,0.011,-0.05,0.450,0.029,0.000,0.000,0.000,1.000,7.95,10.77567061,106.67091142,10.51,"10°46'32.41""N, 106°40'15.28""E",FIX,
00:14:55.182,1786209295.183,TRACKING,7.977,0.003,0.013,-0.03,0.450,-0.029,0.000,0.000,0.000,1.000,7.98,10.77567061,106.67091142,10.51,"10°46'32.41""N, 106°40'15.28""E",FIX,
00:14:55.273,1786209295.273,TRACKING,8.004,0.003,0.012,-0.02,0.450,-0.018,0.000,0.000,0.000,1.000,8.00,10.77567061,106.67091183,10.51,"10°46'32.41""N, 106°40'15.28""E",FIX,
00:14:55.361,1786209295.362,TRACKING,8.040,0.003,0.010,-0.04,0.450,0.039,0.000,0.000,0.000,1.000,8.04,10.77567061,106.67091183,10.51,"10°46'32.41""N, 106°40'15.28""E",FIX,
00:14:55.445,1786209295.446,TRACKING,8.067,0.004,0.012,-0.05,0.450,0.031,0.000,0.000,0.000,1.000,8.07,10.77567061,106.67091183,10.51,"10°46'32.41""N, 106°40'15.28""E",FIX,
00:14:55.509,1786209295.510,TRACKING,8.085,0.004,0.013,-0.03,0.450,-0.040,0.000,0.000,0.000,1.000,8.08,10.77567062,106.67091225,10.51,"10°46'32.41""N, 106°40'15.28""E",FIX,
00:14:55.608,1786209295.608,TRACKING,8.130,0.004,0.011,-0.02,0.450,-0.011,0.000,0.000,0.000,1.000,8.13,10.77567062,106.67091225,10.51,"10°46'32.41""N, 106°40'15.28""E",FIX,
00:14:55.670,1786209295.670,TRACKING,8.148,0.005,0.011,-0.04,0.450,0.057,0.000,0.000,0.000,1.000,8.15,10.77567062,106.67091225,10.51,"10°46'32.41""N, 106°40'15.28""E",FIX,
00:14:55.775,1786209295.776,TRACKING,8.184,0.005,0.013,-0.02,0.450,-0.015,0.000,0.000,0.000,1.000,8.18,10.77567062,106.67091266,10.51,"10°46'32.41""N, 106°40'15.29""E",FIX,
00:14:55.864,1786209295.864,TRACKING,8.211,0.005,0.014,0.01,0.450,-0.062,0.000,0.000,0.000,1.000,8.21,10.77567062,106.67091266,10.51,"10°46'32.41""N, 106°40'15.29""E",FIX,
00:14:55.954,1786209295.955,TRACKING,8.247,0.006,0.011,-0.02,0.450,0.052,0.000,0.000,0.000,1.000,8.25,10.77567062,106.67091266,10.51,"10°46'32.41""N, 106°40'15.29""E",FIX,
00:14:56.021,1786209296.022,TRACKING,8.265,0.006,0.010,-0.03,0.450,0.054,0.000,0.000,0.000,1.000,8.26,10.77567062,106.67091307,10.51,"10°46'32.41""N, 106°40'15.29""E",FIX,
00:14:56.112,1786209296.113,TRACKING,8.310,0.007,0.015,-0.02,0.450,-0.014,0.000,0.000,0.000,1.000,8.31,10.77567062,106.67091307,10.51,"10°46'32.41""N, 106°40'15.29""E",FIX,
00:14:56.178,1786209296.178,TRACKING,8.337,0.007,0.015,0.01,0.450,-0.070,0.000,0.000,0.000,1.000,8.34,10.77567062,106.67091307,10.51,"10°46'32.41""N, 106°40'15.29""E",FIX,
00:14:56.271,1786209296.271,TRACKING,8.364,0.007,0.012,0.01,0.450,0.004,0.000,0.000,0.000,1.000,8.36,10.77567063,106.67091348,10.51,"10°46'32.41""N, 106°40'15.29""E",FIX,
00:14:56.362,1786209296.362,TRACKING,8.391,0.008,0.010,-0.02,0.450,0.053,0.000,0.000,0.000,1.000,8.39,10.77567063,106.67091348,10.51,"10°46'32.41""N, 106°40'15.29""E",FIX,
00:14:56.434,1786209296.434,TRACKING,8.418,0.008,0.012,-0.04,0.450,0.053,0.000,0.000,0.000,1.000,8.42,10.77567063,106.67091348,10.51,"10°46'32.41""N, 106°40'15.29""E",FIX,
00:14:56.548,1786209296.549,TRACKING,8.454,0.009,0.016,-0.00,0.450,-0.052,0.000,0.000,0.000,1.000,8.45,10.77567063,106.67091389,10.51,"10°46'32.41""N, 106°40'15.29""E",FIX,
00:14:56.607,1786209296.607,TRACKING,8.481,0.009,0.016,0.02,0.450,-0.071,0.000,0.000,0.000,1.000,8.48,10.77567063,106.67091389,10.51,"10°46'32.41""N, 106°40'15.29""E",FIX,
00:14:56.694,1786209296.695,TRACKING,8.508,0.009,0.012,-0.03,0.450,0.107,0.000,0.000,0.000,0.375,8.51,10.77567063,106.67091389,10.51,"10°46'32.41""N, 106°40'15.29""E",FIX,
00:14:56.765,1786209296.765,TRACKING,8.535,0.010,0.014,-0.03,0.450,-0.002,0.000,0.000,0.000,0.000,8.53,10.77567063,106.67091430,10.51,"10°46'32.41""N, 106°40'15.29""E",FIX,
00:14:56.863,1786209296.864,TRACKING,8.571,0.010,0.015,-0.03,0.450,0.002,0.000,0.000,0.000,0.000,8.57,10.77567063,106.67091430,10.51,"10°46'32.41""N, 106°40'15.29""E",FIX,
00:14:56.930,1786209296.931,TRACKING,8.589,0.011,0.015,-0.02,0.450,0.000,0.000,0.000,0.000,0.000,8.59,10.77567063,106.67091430,10.51,"10°46'32.41""N, 106°40'15.29""E",FIX,
00:14:57.016,1786209297.016,TRACKING,8.625,0.011,0.015,-0.02,0.450,0.001,0.000,0.000,0.000,0.000,8.62,10.77567063,106.67091471,10.51,"10°46'32.41""N, 106°40'15.29""E",FIX,
00:14:57.142,1786209297.143,TRACKING,8.661,0.012,0.015,-0.02,0.450,0.002,0.000,0.000,0.000,0.000,8.66,10.77567063,106.67091471,10.51,"10°46'32.41""N, 106°40'15.29""E",FIX,
00:14:57.203,1786209297.203,TRACKING,8.688,0.012,0.015,-0.02,0.450,-0.001,0.000,0.000,0.000,0.000,8.69,10.77567063,106.67091471,10.51,"10°46'32.41""N, 106°40'15.29""E",FIX,
00:14:57.288,1786209297.288,TRACKING,8.715,0.012,0.015,-0.01,0.450,0.000,0.000,0.000,0.000,0.000,8.71,10.77567063,106.67091513,10.51,"10°46'32.41""N, 106°40'15.29""E",FIX,
00:14:57.385,1786209297.386,TRACKING,8.751,0.013,0.015,-0.01,0.450,0.001,0.000,0.000,0.000,0.000,8.75,10.77567063,106.67091513,10.51,"10°46'32.41""N, 106°40'15.29""E",FIX,
00:14:57.453,1786209297.453,TRACKING,8.769,0.013,0.015,-0.01,0.450,-0.000,0.000,0.000,0.000,0.000,8.77,10.77567063,106.67091513,10.51,"10°46'32.41""N, 106°40'15.29""E",FIX,
00:15:02.071,1786209302.071,UTURN_PLANNING,10.294,0.037,0.015,0.00,0.000,0.000,0.000,0.000,0.000,0.000,0.00,10.77567068,106.67092212,10.51,"10°46'32.41""N, 106°40'15.32""E",FIX,
00:15:02.083,1786209302.084,PATH_FOLLOWING,10.294,0.037,0.015,64.91,0.313,-1.154,0.000,0.000,0.000,0.000,0.00,10.77567068,106.67092212,10.51,"10°46'32.41""N, 106°40'15.32""E",FIX,
00:15:02.098,1786209302.099,PATH_FOLLOWING,10.294,0.037,0.015,64.91,0.313,-1.154,0.000,0.000,0.000,0.000,0.00,10.77567068,106.67092235,10.51,"10°46'32.41""N, 106°40'15.32""E",FIX,
00:15:02.107,1786209302.107,PATH_FOLLOWING,10.294,0.037,0.015,64.91,0.313,-1.154,0.000,0.000,0.000,0.000,0.00,10.77567068,106.67092235,10.51,"10°46'32.41""N, 106°40'15.32""E",FIX,
00:15:02.120,1786209302.120,PATH_FOLLOWING,10.294,0.037,0.015,64.91,0.313,-1.154,0.000,0.000,0.000,0.000,0.00,10.77567068,106.67092235,10.51,"10°46'32.41""N, 106°40'15.32""E",FIX,
00:15:02.176,1786209302.177,PATH_FOLLOWING,10.304,0.037,-0.022,62.17,0.320,-1.044,0.000,0.000,0.000,0.000,0.00,10.77567068,106.67092235,10.51,"10°46'32.41""N, 106°40'15.32""E",FIX,
00:15:02.248,1786209302.249,PATH_FOLLOWING,10.329,0.035,-0.109,53.65,0.333,-0.780,0.000,0.000,0.000,0.000,0.00,10.77567068,106.67092235,10.51,"10°46'32.41""N, 106°40'15.32""E",FIX,
00:15:02.338,1786209302.339,PATH_FOLLOWING,10.355,0.031,-0.177,44.42,0.341,-0.576,0.000,0.000,0.000,0.000,0.00,10.77567067,106.67092257,10.51,"10°46'32.41""N, 106°40'15.32""E",FIX,
00:15:02.412,1786209302.412,PATH_FOLLOWING,10.375,0.027,-0.214,38.36,0.344,-0.469,0.000,0.000,0.000,0.000,0.00,10.77567067,106.67092257,10.51,"10°46'32.41""N, 106°40'15.32""E",FIX,
00:15:02.484,1786209302.485,PATH_FOLLOWING,10.389,0.024,-0.234,34.70,0.345,-0.412,0.000,0.000,0.000,0.000,0.00,10.77567067,106.67092257,10.51,"10°46'32.41""N, 106°40'15.32""E",FIX,
00:15:02.580,1786209302.581,PATH_FOLLOWING,10.422,0.015,-0.277,25.72,0.348,-0.289,0.000,0.000,0.000,0.000,0.00,10.77567066,106.67092288,10.51,"10°46'32.41""N, 106°40'15.32""E",FIX,
00:15:02.652,1786209302.653,PATH_FOLLOWING,10.435,0.011,-0.289,22.91,0.348,-0.254,0.000,0.000,0.000,0.000,0.00,10.77567066,106.67092288,10.51,"10°46'32.41""N, 106°40'15.32""E",FIX,
00:15:02.746,1786209302.746,PATH_FOLLOWING,10.462,0.003,-0.311,17.94,0.349,-0.195,0.000,0.000,0.000,0.000,0.00,10.77567066,106.67092288,10.51,"10°46'32.41""N, 106°40'15.32""E",FIX,
00:15:02.820,1786209302.821,PATH_FOLLOWING,10.482,-0.003,-0.324,14.72,0.349,-0.158,0.000,0.000,0.000,0.000,0.00,10.77567066,106.67092319,10.51,"10°46'32.41""N, 106°40'15.32""E",FIX,
00:15:02.895,1786209302.895,PATH_FOLLOWING,10.502,-0.010,-0.334,88.87,0.021,-1.800,0.000,0.000,0.000,0.000,0.00,10.77567066,106.67092319,10.51,"10°46'32.41""N, 106°40'15.32""E",FIX,
00:15:02.967,1786209302.967,PATH_FOLLOWING,10.512,-0.014,-0.431,88.00,0.036,-1.800,0.000,0.000,0.000,0.000,0.00,10.77567066,106.67092319,10.51,"10°46'32.41""N, 106°40'15.32""E",FIX,
00:15:03.062,1786209303.063,PATH_FOLLOWING,10.514,-0.015,-0.575,86.07,0.072,-1.800,0.000,0.000,0.000,0.000,0.00,10.77567065,106.67092339,10.51,"10°46'32.41""N, 106°40'15.32""E",FIX,
00:15:03.137,1786209303.138,PATH_FOLLOWING,10.518,-0.017,-0.683,84.36,0.103,-1.800,0.000,0.000,0.000,0.000,0.00,10.77567065,106.67092339,10.51,"10°46'32.41""N, 106°40'15.32""E",FIX,
00:15:03.218,1786209303.219,PATH_FOLLOWING,10.522,-0.021,-0.791,82.52,0.137,-1.800,0.000,0.000,0.000,0.000,0.00,10.77567065,106.67092339,10.51,"10°46'32.41""N, 106°40'15.32""E",FIX,
00:15:03.299,1786209303.300,PATH_FOLLOWING,10.527,-0.027,-0.899,80.63,0.172,-1.800,0.000,0.000,0.000,0.000,0.00,10.77567066,106.67092346,10.51,"10°46'32.41""N, 106°40'15.32""E",FIX,
00:15:03.371,1786209303.371,PATH_FOLLOWING,10.533,-0.035,-1.007,78.77,0.207,-1.800,0.000,0.000,0.000,0.000,0.00,10.77567066,106.67092346,10.51,"10°46'32.41""N, 106°40'15.32""E",FIX,
00:15:03.476,1786209303.476,PATH_FOLLOWING,10.540,-0.049,-1.151,76.46,0.251,-1.800,0.000,0.000,0.000,0.000,0.00,10.77567066,106.67092346,10.51,"10°46'32.41""N, 106°40'15.32""E",FIX,
00:15:03.572,1786209303.572,PATH_FOLLOWING,10.547,-0.067,-1.295,71.49,0.290,-1.493,0.000,0.000,0.000,0.000,0.00,10.77567067,106.67092360,10.51,"10°46'32.41""N, 106°40'15.32""E",FIX,
00:15:03.641,1786209303.641,PATH_FOLLOWING,10.550,-0.084,-1.389,65.73,0.311,-1.189,0.000,0.000,0.000,0.000,0.00,10.77567067,106.67092360,10.51,"10°46'32.41""N, 106°40'15.32""E",FIX,
00:15:03.718,1786209303.718,PATH_FOLLOWING,10.552,-0.096,-1.441,61.66,0.321,-1.026,0.000,0.000,0.000,0.000,0.00,10.77567067,106.67092360,10.51,"10°46'32.41""N, 106°40'15.32""E",FIX,
00:15:03.812,1786209303.813,PATH_FOLLOWING,10.554,-0.121,-1.527,52.50,0.334,-0.751,0.000,0.000,0.000,0.000,0.00,10.77567065,106.67092381,10.51,"10°46'32.41""N, 106°40'15.33""E",FIX,
00:15:03.900,1786209303.901,PATH_FOLLOWING,10.555,-0.141,-1.577,45.43,0.340,-0.595,0.000,0.000,0.000,0.000,0.00,10.77567065,106.67092381,10.51,"10°46'32.41""N, 106°40'15.33""E",FIX,
00:15:03.987,1786209303.987,PATH_FOLLOWING,10.554,-0.168,-1.628,36.07,0.345,-0.433,0.000,0.000,0.000,0.000,0.00,10.77567065,106.67092381,10.51,"10°46'32.41""N, 106°40'15.33""E",FIX,
00:15:04.069,1786209304.069,PATH_FOLLOWING,10.553,-0.182,-1.647,32.18,0.346,-0.375,0.000,0.000,0.000,0.000,0.00,10.77567056,106.67092404,10.51,"10°46'32.41""N, 106°40'15.33""E",FIX,
00:15:04.167,1786209304.168,PATH_FOLLOWING,10.550,-0.209,-1.678,24.97,0.348,-0.279,0.000,0.000,0.000,0.000,0.00,10.77567056,106.67092404,10.51,"10°46'32.41""N, 106°40'15.33""E",FIX,
00:15:04.249,1786209304.250,PATH_FOLLOWING,10.547,-0.237,-1.703,18.58,0.349,-0.202,0.000,0.000,0.000,0.000,0.00,10.77567056,106.67092404,10.51,"10°46'32.41""N, 106°40'15.33""E",FIX,
00:15:04.324,1786209304.324,PATH_FOLLOWING,10.545,-0.250,-1.712,16.16,0.349,-0.174,0.000,0.000,0.000,0.000,0.00,10.77567036,106.67092427,10.51,"10°46'32.41""N, 106°40'15.33""E",FIX,
00:15:04.405,1786209304.405,PATH_FOLLOWING,10.541,-0.278,-1.727,12.13,0.350,-0.129,0.000,0.000,0.000,0.000,0.00,10.77567036,106.67092427,10.51,"10°46'32.41""N, 106°40'15.33""E",FIX,
00:15:04.487,1786209304.487,PATH_FOLLOWING,10.538,-0.299,-1.736,9.72,0.350,-0.103,0.000,0.000,0.000,0.000,0.00,10.77567036,106.67092427,10.51,"10°46'32.41""N, 106°40'15.33""E",FIX,
00:15:04.578,1786209304.578,PATH_FOLLOWING,10.534,-0.319,-1.742,7.83,0.350,-0.083,0.000,0.000,0.000,0.000,0.00,10.77567015,106.67092451,10.51,"10°46'32.41""N, 106°40'15.33""E",FIX,
00:15:04.656,1786209304.657,PATH_FOLLOWING,10.529,-0.347,-1.750,5.80,0.350,-0.061,0.000,0.000,0.000,0.000,0.00,10.77567015,106.67092451,10.51,"10°46'32.41""N, 106°40'15.33""E",FIX,
00:15:04.730,1786209304.730,PATH_FOLLOWING,10.525,-0.368,-1.754,4.68,0.350,-0.049,0.000,0.000,0.000,0.000,0.00,10.77567015,106.67092451,10.51,"10°46'32.41""N, 106°40'15.33""E",FIX,
00:15:04.802,1786209304.803,PATH_FOLLOWING,10.522,-0.388,-1.757,3.81,0.350,-0.040,0.000,0.000,0.000,0.000,0.00,10.77566993,106.67092474,10.51,"10°46'32.41""N, 106°40'15.33""E",FIX,
00:15:04.891,1786209304.891,PATH_FOLLOWING,10.518,-0.409,-1.759,3.10,0.350,-0.033,0.000,0.000,0.000,0.000,0.00,10.77566993,106.67092474,10.51,"10°46'32.41""N, 106°40'15.33""E",FIX,
00:15:04.997,1786209304.998,PATH_FOLLOWING,10.511,-0.443,-1.763,2.14,0.350,-0.023,0.000,0.000,0.000,0.000,0.00,10.77566993,106.67092474,10.51,"10°46'32.41""N, 106°40'15.33""E",FIX,
00:15:05.073,1786209305.073,PATH_FOLLOWING,10.508,-0.457,-1.764,1.88,0.350,-0.020,0.000,0.000,0.000,0.000,0.00,10.77566971,106.67092498,10.51,"10°46'32.41""N, 106°40'15.33""E",FIX,
00:15:05.183,1786209305.184,PATH_FOLLOWING,10.503,-0.485,-1.765,1.45,0.350,-0.015,0.000,0.000,0.000,0.000,0.00,10.77566971,106.67092498,10.51,"10°46'32.41""N, 106°40'15.33""E",FIX,
00:15:05.257,1786209305.257,PATH_FOLLOWING,10.499,-0.505,-1.766,1.18,0.350,-0.012,0.000,0.000,0.000,0.000,0.00,10.77566971,106.67092498,10.51,"10°46'32.41""N, 106°40'15.33""E",FIX,
00:15:05.332,1786209305.332,PATH_FOLLOWING,10.495,-0.526,-1.767,0.97,0.350,-0.010,0.000,0.000,0.000,0.000,0.00,10.77566950,106.67092521,10.51,"10°46'32.41""N, 106°40'15.33""E",FIX,
00:15:05.435,1786209305.436,PATH_FOLLOWING,10.489,-0.553,-1.768,85.74,0.078,-1.800,0.000,0.000,0.000,0.000,0.00,10.77566950,106.67092521,10.51,"10°46'32.41""N, 106°40'15.33""E",FIX,
00:15:05.508,1786209305.509,PATH_FOLLOWING,10.487,-0.563,-1.844,84.68,0.097,-1.800,0.000,0.000,0.000,0.000,0.00,10.77566950,106.67092521,10.51,"10°46'32.41""N, 106°40'15.33""E",FIX,
00:15:05.575,1786209305.576,PATH_FOLLOWING,10.486,-0.568,-1.952,82.88,0.130,-1.800,0.000,0.000,0.000,0.000,0.00,10.77566929,106.67092536,10.51,"10°46'32.41""N, 106°40'15.33""E",FIX,
00:15:05.669,1786209305.669,PATH_FOLLOWING,10.481,-0.577,-2.096,80.39,0.177,-1.800,0.000,0.000,0.000,0.000,0.00,10.77566929,106.67092536,10.51,"10°46'32.41""N, 106°40'15.33""E",FIX,
00:15:05.735,1786209305.735,PATH_FOLLOWING,10.478,-0.582,-2.168,79.17,0.200,-1.800,0.000,0.000,0.000,0.000,0.00,10.77566929,106.67092536,10.51,"10°46'32.41""N, 106°40'15.33""E",FIX,
00:15:05.835,1786209305.835,PATH_FOLLOWING,10.468,-0.594,-2.312,76.87,0.244,-1.800,0.000,0.000,0.000,0.000,0.00,10.77566918,106.67092544,10.51,"10°46'32.41""N, 106°40'15.33""E",FIX,
00:15:05.922,1786209305.922,PATH_FOLLOWING,10.454,-0.607,-2.456,72.92,0.283,-1.587,0.000,0.000,0.000,0.000,0.00,10.77566918,106.67092544,10.51,"10°46'32.41""N, 106°40'15.33""E",FIX,
00:15:06.007,1786209306.008,PATH_FOLLOWING,10.441,-0.617,-2.553,67.64,0.305,-1.280,0.000,0.000,0.000,0.000,0.00,10.77566918,106.67092544,10.51,"10°46'32.41""N, 106°40'15.33""E",FIX,
00:15:06.079,1786209306.079,PATH_FOLLOWING,10.426,-0.626,-2.639,61.26,0.322,-1.011,0.000,0.000,0.000,0.000,0.00,10.77566910,106.67092557,10.51,"10°46'32.41""N, 106°40'15.33""E",FIX,
00:15:06.174,1786209306.174,PATH_FOLLOWING,10.403,-0.637,-2.724,52.33,0.334,-0.746,0.000,0.000,0.000,0.000,0.00,10.77566910,106.67092557,10.51,"10°46'32.41""N, 106°40'15.33""E",FIX,
00:15:06.251,1786209306.252,PATH_FOLLOWING,10.385,-0.645,-2.772,45.69,0.340,-0.600,0.000,0.000,0.000,0.000,0.00,10.77566910,106.67092557,10.51,"10°46'32.41""N, 106°40'15.33""E",FIX,
00:15:06.334,1786209306.335,PATH_FOLLOWING,10.366,-0.652,-2.810,39.32,0.343,-0.485,0.000,0.000,0.000,0.000,0.00,10.77566898,106.67092572,10.51,"10°46'32.41""N, 106°40'15.33""E",FIX,
00:15:06.425,1786209306.425,PATH_FOLLOWING,10.346,-0.658,-2.841,33.38,0.346,-0.393,0.000,0.000,0.000,0.000,0.00,10.77566898,106.67092572,10.51,"10°46'32.41""N, 106°40'15.33""E",FIX,
00:15:06.510,1786209306.511,PATH_FOLLOWING,10.320,-0.666,-2.875,25.93,0.348,-0.291,0.000,0.000,0.000,0.000,0.00,10.77566898,106.67092572,10.51,"10°46'32.41""N, 106°40'15.33""E",FIX,
00:15:06.589,1786209306.589,PATH_FOLLOWING,10.300,-0.671,-2.894,21.47,0.348,-0.236,0.000,0.000,0.000,0.000,0.00,10.77566878,106.67092587,10.51,"10°46'32.41""N, 106°40'15.33""E",FIX,
00:15:06.666,1786209306.667,PATH_FOLLOWING,10.279,-0.676,-2.909,17.74,0.349,-0.192,0.000,0.000,0.000,0.000,0.00,10.77566878,106.67092587,10.51,"10°46'32.41""N, 106°40'15.33""E",FIX,
00:15:06.749,1786209306.750,PATH_FOLLOWING,10.252,-0.682,-2.925,13.53,0.349,-0.145,0.000,0.000,0.000,0.000,0.00,10.77566878,106.67092587,10.51,"10°46'32.41""N, 106°40'15.33""E",FIX,
00:15:06.834,1786209306.834,PATH_FOLLOWING,10.232,-0.687,-2.934,11.16,0.350,-0.119,0.000,0.000,0.000,0.000,0.00,10.77566853,106.67092603,10.51,"10°46'32.41""N, 106°40'15.33""E",FIX,
00:15:06.899,1786209306.899,PATH_FOLLOWING,10.211,-0.691,-2.942,9.20,0.350,-0.098,0.000,0.000,0.000,0.000,0.00,10.77566853,106.67092603,10.51,"10°46'32.41""N, 106°40'15.33""E",FIX,
00:15:06.973,1786209306.974,PATH_FOLLOWING,10.190,-0.695,-2.948,7.60,0.350,-0.080,0.000,0.000,0.000,0.000,0.00,10.77566853,106.67092603,10.51,"10°46'32.41""N, 106°40'15.33""E",FIX,
00:15:07.072,1786209307.072,PATH_FOLLOWING,10.163,-0.700,-2.955,5.85,0.350,-0.062,0.000,0.000,0.000,0.000,0.00,10.77566826,106.67092618,10.51,"10°46'32.41""N, 106°40'15.33""E",FIX,
00:15:07.161,1786209307.161,PATH_FOLLOWING,10.142,-0.704,-2.959,4.84,0.350,-0.051,0.000,0.000,0.000,0.000,0.00,10.77566826,106.67092618,10.51,"10°46'32.41""N, 106°40'15.33""E",FIX,
00:15:07.230,1786209307.231,PATH_FOLLOWING,10.122,-0.708,-2.962,4.00,0.350,-0.042,0.000,0.000,0.000,0.000,0.00,10.77566826,106.67092618,10.51,"10°46'32.41""N, 106°40'15.33""E",FIX,
00:15:07.310,1786209307.310,PATH_FOLLOWING,10.094,-0.713,-2.966,3.12,0.350,-0.033,0.000,0.000,0.000,0.000,0.00,10.77566798,106.67092633,10.51,"10°46'32.40""N, 106°40'15.33""E",FIX,
00:15:07.385,1786209307.385,PATH_FOLLOWING,10.080,-0.715,-2.967,2.80,0.350,-0.030,0.000,0.000,0.000,0.000,0.00,10.77566798,106.67092633,10.51,"10°46'32.40""N, 106°40'15.33""E",FIX,
00:15:07.466,1786209307.466,PATH_FOLLOWING,10.053,-0.720,-2.970,2.24,0.350,-0.024,0.000,0.000,0.000,0.000,0.00,10.77566798,106.67092633,10.51,"10°46'32.40""N, 106°40'15.33""E",FIX,
00:15:07.565,1786209307.565,PATH_FOLLOWING,10.025,-0.725,-2.972,1.81,0.350,-0.019,0.000,0.000,0.000,0.000,0.00,10.77566771,106.67092648,10.51,"10°46'32.40""N, 106°40'15.34""E",FIX,
00:15:07.634,1786209307.634,PATH_FOLLOWING,10.011,-0.727,-2.972,1.64,0.350,-0.017,0.000,0.000,0.000,0.000,0.00,10.77566771,106.67092648,10.51,"10°46'32.40""N, 106°40'15.34""E",FIX,
00:15:07.713,1786209307.714,PATH_FOLLOWING,9.984,-0.732,-2.974,0.00,0.000,0.000,0.000,0.000,0.000,0.000,0.00,10.77566771,106.67092648,10.51,"10°46'32.40""N, 106°40'15.34""E",FIX,
00:15:07.810,1786209307.811,UTURN_EXECUTION,9.976,-0.733,-2.974,71.47,0.350,-1.800,0.000,0.000,0.000,0.000,0.00,10.77566744,106.67092659,10.51,"10°46'32.40""N, 106°40'15.34""E",FIX,
00:15:07.893,1786209307.894,UTURN_EXECUTION,9.961,-0.735,-3.055,71.47,0.350,-1.800,0.000,0.000,0.000,0.000,0.00,10.77566744,106.67092659,10.51,"10°46'32.40""N, 106°40'15.34""E",FIX,
00:15:07.957,1786209307.958,UTURN_EXECUTION,9.940,-0.736,3.120,71.47,0.350,-1.800,0.000,0.000,0.000,0.000,0.00,10.77566744,106.67092659,10.51,"10°46'32.40""N, 106°40'15.34""E",FIX,
00:15:08.038,1786209308.038,UTURN_EXECUTION,9.919,-0.734,3.012,71.47,0.350,-1.800,0.000,0.000,0.000,0.000,0.00,10.77566744,106.67092659,10.51,"10°46'32.40""N, 106°40'15.34""E",FIX,
00:15:08.106,1786209308.106,UTURN_EXECUTION,9.898,-0.731,2.904,71.47,0.350,-1.800,0.000,0.000,0.000,0.000,0.00,10.77566726,106.67092673,10.51,"10°46'32.40""N, 106°40'15.34""E",FIX,
00:15:08.200,1786209308.201,UTURN_EXECUTION,9.871,-0.722,2.760,71.47,0.350,-1.800,0.000,0.000,0.000,0.000,0.00,10.77566726,106.67092673,10.51,"10°46'32.40""N, 106°40'15.34""E",FIX,
00:15:08.273,1786209308.274,UTURN_EXECUTION,9.852,-0.713,2.652,71.47,0.350,-1.800,0.000,0.000,0.000,0.000,0.00,10.77566726,106.67092673,10.51,"10°46'32.40""N, 106°40'15.34""E",FIX,
00:15:08.351,1786209308.352,UTURN_EXECUTION,9.834,-0.702,2.544,71.47,0.350,-1.800,0.000,0.000,0.000,0.000,0.00,10.77566708,106.67092686,10.51,"10°46'32.40""N, 106°40'15.34""E",FIX,
00:15:08.437,1786209308.437,UTURN_EXECUTION,9.812,-0.685,2.400,71.47,0.350,-1.800,0.000,0.000,0.000,0.000,0.00,10.77566708,106.67092686,10.51,"10°46'32.40""N, 106°40'15.34""E",FIX,
00:15:08.531,1786209308.532,UTURN_EXECUTION,9.793,-0.665,2.256,71.47,0.350,-1.800,0.000,0.000,0.000,0.000,0.00,10.77566690,106.67092697,10.51,"10°46'32.40""N, 106°40'15.34""E",FIX,
00:15:08.597,1786209308.597,UTURN_EXECUTION,9.785,-0.653,2.184,71.47,0.350,-1.800,0.000,0.000,0.000,0.000,0.00,10.77566690,106.67092697,10.51,"10°46'32.40""N, 106°40'15.34""E",FIX,
00:15:08.681,1786209308.681,UTURN_EXECUTION,9.774,-0.636,2.076,71.47,0.350,-1.800,0.000,0.000,0.000,0.000,0.00,10.77566690,106.67092697,10.51,"10°46'32.40""N, 106°40'15.34""E",FIX,
00:15:08.755,1786209308.756,UTURN_EXECUTION,9.762,-0.610,1.932,71.47,0.350,-1.800,0.000,0.000,0.000,0.000,0.00,10.77566690,106.67092697,10.51,"10°46'32.40""N, 106°40'15.34""E",FIX,
00:15:08.839,1786209308.840,UTURN_EXECUTION,9.756,-0.590,1.824,71.47,0.350,-1.800,0.000,0.000,0.000,0.000,0.00,10.77566672,106.67092706,10.51,"10°46'32.40""N, 106°40'15.34""E",FIX,
00:15:08.915,1786209308.916,UTURN_EXECUTION,9.751,-0.570,1.716,71.47,0.350,-1.800,0.000,0.000,0.000,0.000,0.00,10.77566672,106.67092706,10.51,"10°46'32.40""N, 106°40'15.34""E",FIX,
00:15:08.997,1786209308.997,UTURN_EXECUTION,9.749,-0.542,1.572,71.47,0.350,-1.800,0.000,0.000,0.000,0.000,0.00,10.77566672,106.67092706,10.51,"10°46'32.40""N, 106°40'15.34""E",FIX,
00:15:09.079,1786209309.080,UTURN_EXECUTION,9.750,-0.521,1.464,71.47,0.350,-1.800,0.000,0.000,0.000,0.000,0.00,10.77566655,106.67092714,10.51,"10°46'32.40""N, 106°40'15.34""E",FIX,
00:15:09.160,1786209309.161,UTURN_EXECUTION,9.754,-0.500,1.356,71.47,0.350,-1.800,0.000,0.000,0.000,0.000,0.00,10.77566655,106.67092714,10.51,"10°46'32.40""N, 106°40'15.34""E",FIX,
00:15:09.247,1786209309.247,UTURN_EXECUTION,9.762,-0.473,1.212,71.47,0.350,-1.800,0.000,0.000,0.000,0.000,0.00,10.77566655,106.67092714,10.51,"10°46'32.40""N, 106°40'15.34""E",FIX,
00:15:09.328,1786209309.329,UTURN_EXECUTION,9.770,-0.454,1.104,71.47,0.350,-1.800,0.000,0.000,0.000,0.000,0.00,10.77566637,106.67092720,10.51,"10°46'32.40""N, 106°40'15.34""E",FIX,
00:15:09.394,1786209309.394,UTURN_EXECUTION,9.781,-0.436,0.996,71.47,0.350,-1.800,0.000,0.000,0.000,0.000,0.00,10.77566637,106.67092720,10.51,"10°46'32.40""N, 106°40'15.34""E",FIX,
00:15:09.507,1786209309.507,UTURN_EXECUTION,9.797,-0.414,0.852,71.47,0.350,-1.800,0.000,0.000,0.000,0.000,0.00,10.77566637,106.67092720,10.51,"10°46'32.40""N, 106°40'15.34""E",FIX,
00:15:09.593,1786209309.594,UTURN_EXECUTION,9.812,-0.399,0.744,71.47,0.350,-1.800,0.000,0.000,0.000,0.000,0.00,10.77566619,106.67092725,10.51,"10°46'32.40""N, 106°40'15.34""E",FIX,
00:15:09.682,1786209309.683,UTURN_EXECUTION,9.828,-0.385,0.636,71.47,0.350,-1.800,0.000,0.000,0.000,0.000,0.00,10.77566619,106.67092725,10.51,"10°46'32.40""N, 106°40'15.34""E",FIX,
00:15:09.788,1786209309.788,UTURN_EXECUTION,9.852,-0.370,0.492,71.47,0.350,-1.800,0.000,0.000,0.000,0.000,0.00,10.77566619,106.67092725,10.51,"10°46'32.40""N, 106°40'15.34""E",FIX,
00:15:09.859,1786209309.860,UTURN_EXECUTION,9.871,-0.361,0.384,71.47,0.350,-1.800,0.000,0.000,0.000,0.000,0.00,10.77566601,106.67092729,10.51,"10°46'32.40""N, 106°40'15.34""E",FIX,
00:15:09.947,1786209309.947,UTURN_EXECUTION,9.891,-0.355,0.276,71.47,0.350,-1.800,0.000,0.000,0.000,0.000,0.00,10.77566601,106.67092729,10.51,"10°46'32.40""N, 106°40'15.34""E",FIX,
00:15:10.046,1786209310.046,UTURN_EXECUTION,9.911,-0.350,0.168,71.47,0.350,-1.800,0.000,0.000,0.000,0.000,0.00,10.77566601,106.67092729,10.51,"10°46'32.40""N, 106°40'15.34""E",FIX,
00:15:10.160,1786209310.161,UTURN_EXECUTION,9.932,-0.348,0.060,71.47,0.350,-1.800,0.000,0.000,0.000,0.000,0.00,10.77566584,106.67092733,10.51,"10°46'32.40""N, 106°40'15.34""E",FIX,
00:15:10.291,1786209310.291,UTURN_EXECUTION,9.960,-0.348,-0.084,71.47,0.350,-1.800,0.000,0.000,0.000,0.000,0.00,10.77566584,106.67092733,10.51,"10°46'32.40""N, 106°40'15.34""E",FIX,
00:15:10.436,1786209310.437,UTURN_EXECUTION,9.981,-0.351,-0.192,71.47,0.350,-1.800,0.000,0.000,0.000,0.000,0.00,10.77566584,106.67092733,10.51,"10°46'32.40""N, 106°40'15.34""E",FIX,
00:15:10.529,1786209310.530,UTURN_EXECUTION,10.008,-0.358,-0.336,71.47,0.350,-1.800,0.000,0.000,0.000,0.000,0.00,10.77566566,106.67092735,10.51,"10°46'32.40""N, 106°40'15.34""E",FIX,
00:15:10.606,1786209310.607,UTURN_EXECUTION,10.027,-0.366,-0.444,71.47,0.350,-1.800,0.000,0.000,0.000,0.000,0.00,10.77566566,106.67092735,10.51,"10°46'32.40""N, 106°40'15.34""E",FIX,
00:15:10.704,1786209310.705,UTURN_EXECUTION,10.046,-0.376,-0.552,71.47,0.350,-1.800,0.000,0.000,0.000,0.000,0.00,10.77566566,106.67092735,10.51,"10°46'32.40""N, 106°40'15.34""E",FIX,
00:15:10.777,1786209310.778,UTURN_EXECUTION,10.063,-0.388,-0.660,71.47,0.350,-1.800,0.000,0.000,0.000,0.000,0.00,10.77566548,106.67092737,10.51,"10°46'32.40""N, 106°40'15.34""E",FIX,
00:15:10.884,1786209310.884,UTURN_EXECUTION,10.084,-0.407,-0.804,71.47,0.350,-1.800,0.000,0.000,0.000,0.000,0.00,10.77566548,106.67092737,10.51,"10°46'32.40""N, 106°40'15.34""E",FIX,
00:15:10.959,1786209310.959,UTURN_EXECUTION,10.098,-0.423,-0.912,71.47,0.350,-1.800,0.000,0.000,0.000,0.000,0.00,10.77566548,106.67092737,10.51,"10°46'32.40""N, 106°40'15.34""E",FIX,
00:15:11.037,1786209311.038,UTURN_EXECUTION,10.109,-0.440,-1.020,71.47,0.350,-1.800,0.000,0.000,0.000,0.000,0.00,10.77566530,106.67092739,10.51,"10°46'32.40""N, 106°40'15.34""E",FIX,
00:15:11.120,1786209311.120,UTURN_EXECUTION,10.122,-0.465,-1.164,71.47,0.350,-1.800,0.000,0.000,0.000,0.000,0.00,10.77566530,106.67092739,10.51,"10°46'32.40""N, 106°40'15.34""E",FIX,
00:15:11.198,1786209311.198,UTURN_EXECUTION,10.130,-0.484,-1.272,71.47,0.350,-1.800,0.000,0.000,0.000,0.000,0.00,10.77566530,106.67092739,10.51,"10°46'32.40""N, 106°40'15.34""E",FIX,
00:15:11.276,1786209311.277,UTURN_EXECUTION,10.135,-0.505,-1.380,71.47,0.350,-1.800,0.000,0.000,0.000,0.000,0.00,10.77566513,106.67092740,10.51,"10°46'32.39""N, 106°40'15.34""E",FIX,
00:15:11.338,1786209311.338,UTURN_EXECUTION,10.138,-0.526,-1.488,71.47,0.350,-1.800,0.000,0.000,0.000,0.000,0.00,10.77566513,106.67092740,10.51,"10°46'32.39""N, 106°40'15.34""E",FIX,
00:15:11.426,1786209311.426,UTURN_EXECUTION,10.138,-0.554,-1.632,71.47,0.350,-1.800,0.000,0.000,0.000,0.000,0.00,10.77566513,106.67092740,10.51,"10°46'32.39""N, 106°40'15.34""E",FIX,
00:15:11.504,1786209311.504,UTURN_EXECUTION,10.137,-0.567,-1.704,71.47,0.350,-1.800,0.000,0.000,0.000,0.000,0.00,10.77566495,106.67092741,10.51,"10°46'32.39""N, 106°40'15.34""E",FIX,
00:15:11.608,1786209311.609,UTURN_EXECUTION,10.129,-0.602,-1.884,71.47,0.350,-1.800,0.000,0.000,0.000,0.000,0.00,10.77566495,106.67092741,10.51,"10°46'32.39""N, 106°40'15.34""E",FIX,
00:15:11.695,1786209311.696,UTURN_EXECUTION,10.121,-0.621,-1.992,71.47,0.350,-1.800,0.000,0.000,0.000,0.000,0.00,10.77566495,106.67092741,10.51,"10°46'32.39""N, 106°40'15.34""E",FIX,
00:15:11.770,1786209311.771,UTURN_EXECUTION,10.112,-0.640,-2.100,71.47,0.350,-1.800,0.000,0.000,0.000,0.000,0.00,10.77566477,106.67092742,10.51,"10°46'32.39""N, 106°40'15.34""E",FIX,
00:15:11.867,1786209311.867,UTURN_EXECUTION,10.096,-0.663,-2.244,71.47,0.350,-1.800,0.000,0.000,0.000,0.000,0.00,10.77566477,106.67092742,10.51,"10°46'32.39""N, 106°40'15.34""E",FIX,
00:15:11.957,1786209311.957,UTURN_EXECUTION,10.082,-0.679,-2.352,71.47,0.350,-1.800,0.000,0.000,0.000,0.000,0.00,10.77566477,106.67092742,10.51,"10°46'32.39""N, 106°40'15.34""E",FIX,
00:15:12.034,1786209312.035,UTURN_EXECUTION,10.061,-0.697,-2.496,71.47,0.350,-1.800,0.000,0.000,0.000,0.000,0.00,10.77566459,106.67092743,10.51,"10°46'32.39""N, 106°40'15.34""E",FIX,
00:15:12.098,1786209312.098,UTURN_EXECUTION,10.049,-0.705,-2.568,71.47,0.350,-1.800,0.000,0.000,0.000,0.000,0.00,10.77566459,106.67092743,10.51,"10°46'32.39""N, 106°40'15.34""E",FIX,
00:15:12.185,1786209312.185,UTURN_EXECUTION,10.025,-0.718,-2.712,71.47,0.350,-1.800,0.000,0.000,0.000,0.000,0.00,10.77566459,106.67092743,10.51,"10°46'32.39""N, 106°40'15.34""E",FIX,
00:15:12.263,1786209312.263,UTURN_EXECUTION,10.005,-0.726,-2.820,71.47,0.350,-1.800,0.000,0.000,0.000,0.000,0.00,10.77566441,106.67092743,10.51,"10°46'32.39""N, 106°40'15.34""E",FIX,
00:15:12.336,1786209312.337,UTURN_EXECUTION,9.985,-0.732,-2.928,71.47,0.350,-1.800,0.000,0.000,0.000,0.000,0.00,10.77566441,106.67092743,10.51,"10°46'32.39""N, 106°40'15.34""E",FIX,
00:15:12.419,1786209312.419,UTURN_EXECUTION,9.964,-0.735,-3.036,71.47,0.350,-1.800,0.000,0.000,0.000,0.000,0.00,10.77566441,106.67092743,10.51,"10°46'32.39""N, 106°40'15.34""E",FIX,
00:15:12.501,1786209312.502,UTURN_EXECUTION,9.936,-0.736,3.103,71.47,0.350,-1.800,0.000,0.000,0.000,0.000,0.00,10.77566424,106.67092744,10.51,"10°46'32.39""N, 106°40'15.34""E",FIX,
00:15:12.569,1786209312.570,UTURN_EXECUTION,9.915,-0.734,2.995,71.47,0.350,-1.800,0.000,0.000,0.000,0.000,0.00,10.77566424,106.67092744,10.51,"10°46'32.39""N, 106°40'15.34""E",FIX,
00:15:12.657,1786209312.657,UTURN_EXECUTION,9.895,-0.730,2.887,71.47,0.350,-1.800,0.000,0.000,0.000,0.000,0.00,10.77566424,106.67092744,10.51,"10°46'32.39""N, 106°40'15.34""E",FIX,
00:15:12.757,1786209312.758,UTURN_EXECUTION,9.868,-0.721,2.743,71.47,0.350,-1.800,0.000,0.000,0.000,0.000,0.00,10.77566406,106.67092744,10.51,"10°46'32.39""N, 106°40'15.34""E",FIX,
00:15:12.838,1786209312.838,UTURN_EXECUTION,9.849,-0.712,2.635,71.47,0.350,-1.800,0.000,0.000,0.000,0.000,0.00,10.77566406,106.67092744,10.51,"10°46'32.39""N, 106°40'15.34""E",FIX,
00:15:12.914,1786209312.914,UTURN_EXECUTION,9.826,-0.696,2.491,71.47,0.350,-1.800,0.000,0.000,0.000,0.000,0.00,10.77566406,106.67092744,10.51,"10°46'32.39""N, 106°40'15.34""E",FIX,
00:15:12.988,1786209312.988,UTURN_EXECUTION,9.815,-0.687,2.419,71.47,0.350,-1.800,0.000,0.000,0.000,0.000,0.00,10.77566388,106.67092744,10.51,"10°46'32.39""N, 106°40'15.34""E",FIX,
00:15:13.080,1786209313.081,UTURN_EXECUTION,9.796,-0.668,2.275,71.47,0.350,-1.800,0.000,0.000,0.000,0.000,0.00,10.77566388,106.67092744,10.51,"10°46'32.39""N, 106°40'15.34""E",FIX,
00:15:13.167,1786209313.168,UTURN_EXECUTION,9.783,-0.651,2.167,71.47,0.350,-1.800,0.000,0.000,0.000,0.000,0.00,10.77566388,106.67092744,10.51,"10°46'32.39""N, 106°40'15.34""E",FIX,
00:15:13.285,1786209313.286,UTURN_EXECUTION,9.769,-0.627,2.023,71.47,0.350,-1.800,0.000,0.000,0.000,0.000,0.00,10.77566370,106.67092744,10.51,"10°46'32.39""N, 106°40'15.34""E",FIX,
00:15:13.369,1786209313.370,UTURN_EXECUTION,9.761,-0.607,1.915,71.47,0.350,-1.800,0.000,0.000,0.000,0.000,0.00,10.77566370,106.67092744,10.51,"10°46'32.39""N, 106°40'15.34""E",FIX,
00:15:13.477,1786209313.478,UTURN_EXECUTION,9.753,-0.580,1.771,71.47,0.350,-1.800,0.000,0.000,0.000,0.000,0.00,10.77566370,106.67092744,10.51,"10°46'32.39""N, 106°40'15.34""E",FIX,
00:15:13.547,1786209313.548,UTURN_EXECUTION,9.751,-0.566,1.699,71.47,0.350,-1.800,0.000,0.000,0.000,0.000,0.00,10.77566353,106.67092744,10.51,"10°46'32.39""N, 106°40'15.34""E",FIX,
00:15:13.642,1786209313.643,UTURN_EXECUTION,9.749,-0.539,1.555,71.47,0.350,-1.800,0.000,0.000,0.000,0.000,0.00,10.77566353,106.67092744,10.51,"10°46'32.39""N, 106°40'15.34""E",FIX,
00:15:13.729,1786209313.729,UTURN_EXECUTION,9.751,-0.518,1.447,71.47,0.350,-1.800,0.000,0.000,0.000,0.000,0.00,10.77566353,106.67092744,10.51,"10°46'32.39""N, 106°40'15.34""E",FIX,
00:15:13.841,1786209313.842,UTURN_EXECUTION,9.755,-0.497,1.339,71.47,0.350,-1.800,0.000,0.000,0.000,0.000,0.00,10.77566335,106.67092745,10.51,"10°46'32.39""N, 106°40'15.34""E",FIX,
00:15:13.943,1786209313.943,UTURN_EXECUTION,9.766,-0.464,1.159,71.47,0.350,-1.800,0.000,0.000,0.000,0.000,0.00,10.77566335,106.67092745,10.51,"10°46'32.39""N, 106°40'15.34""E",FIX,
00:15:14.011,1786209314.012,UTURN_EXECUTION,9.775,-0.445,1.051,71.47,0.350,-1.800,0.000,0.000,0.000,0.000,0.00,10.77566335,106.67092745,10.51,"10°46'32.39""N, 106°40'15.34""E",FIX,
00:15:14.092,1786209314.093,UTURN_EXECUTION,9.782,-0.433,0.979,71.47,0.350,-1.800,0.000,0.000,0.000,0.000,0.00,10.77566317,106.67092745,10.51,"10°46'32.39""N, 106°40'15.34""E",FIX,
00:15:14.244,1786209314.245,UTURN_EXECUTION,9.795,-0.416,0.871,71.47,0.350,-1.800,0.000,0.000,0.000,0.000,0.00,10.77566317,106.67092745,10.51,"10°46'32.39""N, 106°40'15.34""E",FIX,
00:15:14.390,1786209314.390,UTURN_EXECUTION,9.815,-0.396,0.727,71.47,0.350,-1.800,0.000,0.000,0.000,0.000,0.00,10.77566317,106.67092745,10.51,"10°46'32.39""N, 106°40'15.34""E",FIX,
00:15:14.490,1786209314.490,UTURN_EXECUTION,9.831,-0.383,0.619,71.47,0.350,-1.800,0.000,0.000,0.000,0.000,0.00,10.77566299,106.67092745,10.51,"10°46'32.39""N, 106°40'15.34""E",FIX,
00:15:14.613,1786209314.613,UTURN_EXECUTION,9.861,-0.366,0.439,71.47,0.350,-1.800,0.000,0.000,0.000,0.000,0.00,10.77566299,106.67092745,10.51,"10°46'32.39""N, 106°40'15.34""E",FIX,
00:15:14.656,1786209314.657,UTURN_EXECUTION,9.868,-0.363,0.403,71.47,0.350,-1.800,0.000,0.000,0.000,0.000,0.00,10.77566299,106.67092745,10.51,"10°46'32.39""N, 106°40'15.34""E",FIX,
00:15:14.741,1786209314.741,UTURN_EXECUTION,9.894,-0.354,0.259,71.47,0.350,-1.800,0.000,0.000,0.000,0.000,0.00,10.77566281,106.67092745,10.51,"10°46'32.39""N, 106°40'15.34""E",FIX,
00:15:14.854,1786209314.855,UTURN_EXECUTION,9.921,-0.348,0.115,71.47,0.350,-1.800,0.000,0.000,0.000,0.000,0.00,10.77566281,106.67092745,10.51,"10°46'32.39""N, 106°40'15.34""E",FIX,
00:15:14.934,1786209314.934,UTURN_EXECUTION,9.942,-0.347,0.007,71.47,0.350,-1.800,0.000,0.000,0.000,0.000,0.00,10.77566281,106.67092745,10.51,"10°46'32.39""N, 106°40'15.34""E",FIX,
00:15:15.029,1786209315.030,UTURN_EXECUTION,9.963,-0.348,-0.101,71.47,0.350,-1.800,0.000,0.000,0.000,0.000,0.00,10.77566264,106.67092745,10.51,"10°46'32.39""N, 106°40'15.34""E",FIX,
00:15:15.104,1786209315.105,UTURN_EXECUTION,9.984,-0.351,-0.209,71.47,0.350,-1.800,0.000,0.000,0.000,0.000,0.00,10.77566264,106.67092745,10.51,"10°46'32.39""N, 106°40'15.34""E",FIX,
00:15:15.185,1786209315.185,UTURN_EXECUTION,10.004,-0.357,-0.317,71.47,0.350,-1.800,0.000,0.000,0.000,0.000,0.00,10.77566264,106.67092745,10.51,"10°46'32.39""N, 106°40'15.34""E",FIX,
00:15:15.264,1786209315.265,UTURN_EXECUTION,10.030,-0.367,-0.461,71.47,0.350,-1.800,0.000,0.000,0.000,0.000,0.00,10.77566246,106.67092745,10.51,"10°46'32.38""N, 106°40'15.34""E",FIX,
00:15:15.365,1786209315.366,UTURN_EXECUTION,10.049,-0.378,-0.569,71.47,0.350,-1.800,0.000,0.000,0.000,0.000,0.00,10.77566246,106.67092745,10.51,"10°46'32.38""N, 106°40'15.34""E",FIX,
00:15:15.445,1786209315.446,UTURN_EXECUTION,10.071,-0.395,-0.713,71.47,0.350,-1.800,0.000,0.000,0.000,0.000,0.00,10.77566246,106.67092745,10.51,"10°46'32.38""N, 106°40'15.34""E",FIX,
00:15:15.532,1786209315.533,UTURN_EXECUTION,10.086,-0.409,-0.821,71.47,0.350,-1.800,0.000,0.000,0.000,0.000,0.00,10.77566228,106.67092745,10.51,"10°46'32.38""N, 106°40'15.34""E",FIX,
00:15:15.596,1786209315.596,UTURN_EXECUTION,10.100,-0.425,-0.929,71.47,0.350,-1.800,0.000,0.000,0.000,0.000,0.00,10.77566228,106.67092745,10.51,"10°46'32.38""N, 106°40'15.34""E",FIX,
00:15:15.708,1786209315.708,UTURN_EXECUTION,10.111,-0.443,-1.037,71.47,0.350,-1.800,0.000,0.000,0.000,0.000,0.00,10.77566228,106.67092745,10.51,"10°46'32.38""N, 106°40'15.34""E",FIX,
00:15:15.811,1786209315.811,UTURN_EXECUTION,10.124,-0.468,-1.181,71.47,0.350,-1.800,0.000,0.000,0.000,0.000,0.00,10.77566210,106.67092745,10.51,"10°46'32.38""N, 106°40'15.34""E",FIX,
00:15:15.882,1786209315.882,UTURN_EXECUTION,10.131,-0.488,-1.289,71.47,0.350,-1.800,0.000,0.000,0.000,0.000,0.00,10.77566210,106.67092745,10.51,"10°46'32.38""N, 106°40'15.34""E",FIX,
00:15:15.962,1786209315.962,UTURN_EXECUTION,10.135,-0.508,-1.397,71.47,0.350,-1.800,0.000,0.000,0.000,0.000,0.00,10.77566210,106.67092745,10.51,"10°46'32.38""N, 106°40'15.34""E",FIX,
00:15:16.039,1786209316.040,UTURN_EXECUTION,10.138,-0.529,-1.505,71.47,0.350,-1.800,0.000,0.000,0.000,0.000,0.00,10.77566210,106.67092745,10.51,"10°46'32.38""N, 106°40'15.34""E",FIX,
00:15:16.127,1786209316.128,UTURN_EXECUTION,10.138,-0.550,-1.613,71.47,0.350,-1.800,0.000,0.000,0.000,0.000,0.00,10.77566192,106.67092745,10.51,"10°46'32.38""N, 106°40'15.34""E",FIX,
00:15:16.201,1786209316.202,UTURN_EXECUTION,10.135,-0.578,-1.757,71.47,0.350,-1.800,0.000,0.000,0.000,0.000,0.00,10.77566192,106.67092745,10.51,"10°46'32.38""N, 106°40'15.34""E",FIX,
00:15:16.275,1786209316.276,UTURN_EXECUTION,10.130,-0.598,-1.865,71.47,0.350,-1.800,0.000,0.000,0.000,0.000,0.00,10.77566192,106.67092745,10.51,"10°46'32.38""N, 106°40'15.34""E",FIX,
00:15:16.364,1786209316.365,UTURN_EXECUTION,10.120,-0.624,-2.009,71.47,0.350,-1.800,0.000,0.000,0.000,0.000,0.00,10.77566175,106.67092745,10.51,"10°46'32.38""N, 106°40'15.34""E",FIX,
00:15:16.451,1786209316.451,UTURN_EXECUTION,10.110,-0.643,-2.117,71.47,0.350,-1.800,0.000,0.000,0.000,0.000,0.00,10.77566175,106.67092745,10.51,"10°46'32.38""N, 106°40'15.34""E",FIX,
00:15:16.524,1786209316.525,UTURN_EXECUTION,10.098,-0.660,-2.225,71.47,0.350,-1.800,0.000,0.000,0.000,0.000,0.00,10.77566175,106.67092745,10.51,"10°46'32.38""N, 106°40'15.34""E",FIX,
00:15:16.605,1786209316.605,UTURN_EXECUTION,10.084,-0.676,-2.333,71.47,0.350,-1.800,0.000,0.000,0.000,0.000,0.00,10.77566157,106.67092745,10.51,"10°46'32.38""N, 106°40'15.34""E",FIX,
00:15:16.674,1786209316.675,UTURN_EXECUTION,10.069,-0.690,-2.441,71.47,0.350,-1.800,0.000,0.000,0.000,0.000,0.00,10.77566157,106.67092745,10.51,"10°46'32.38""N, 106°40'15.34""E",FIX,
00:15:16.768,1786209316.769,UTURN_EXECUTION,10.047,-0.707,-2.585,71.47,0.350,-1.800,0.000,0.000,0.000,0.000,0.00,10.77566157,106.67092745,10.51,"10°46'32.38""N, 106°40'15.34""E",FIX,
00:15:16.866,1786209316.866,UTURN_EXECUTION,10.022,-0.720,-2.729,71.47,0.350,-1.800,0.000,0.000,0.000,0.000,0.00,10.77566139,106.67092745,10.51,"10°46'32.38""N, 106°40'15.34""E",FIX,
00:15:16.943,1786209316.944,UTURN_EXECUTION,10.009,-0.725,-2.801,71.47,0.350,-1.800,0.000,0.000,0.000,0.000,0.00,10.77566139,106.67092745,10.51,"10°46'32.38""N, 106°40'15.34""E",FIX,
00:15:17.028,1786209317.029,UTURN_EXECUTION,9.982,-0.732,-2.945,71.47,0.350,-1.800,0.000,0.000,0.000,0.000,0.00,10.77566139,106.67092745,10.51,"10°46'32.38""N, 106°40'15.34""E",FIX,
00:15:17.117,1786209317.117,UTURN_EXECUTION,9.961,-0.735,-3.053,71.47,0.350,-1.800,0.000,0.000,0.000,0.000,0.00,10.77566121,106.67092745,10.51,"10°46'32.38""N, 106°40'15.34""E",FIX,
00:15:17.197,1786209317.198,UTURN_EXECUTION,9.940,-0.736,3.122,71.47,0.350,-1.800,0.000,0.000,0.000,0.000,0.00,10.77566121,106.67092745,10.51,"10°46'32.38""N, 106°40'15.34""E",FIX,
00:15:17.288,1786209317.289,UTURN_EXECUTION,9.912,-0.733,2.978,71.47,0.350,-1.800,0.000,0.000,0.000,0.000,0.00,10.77566121,106.67092745,10.51,"10°46'32.38""N, 106°40'15.34""E",FIX,
00:15:17.359,1786209317.359,UTURN_EXECUTION,9.892,-0.729,2.870,71.47,0.350,-1.800,0.000,0.000,0.000,0.000,0.00,10.77566103,106.67092745,10.51,"10°46'32.38""N, 106°40'15.34""E",FIX,
00:15:17.445,1786209317.446,UTURN_EXECUTION,9.865,-0.720,2.726,71.47,0.350,-1.800,0.000,0.000,0.000,0.000,0.00,10.77566103,106.67092745,10.51,"10°46'32.38""N, 106°40'15.34""E",FIX,
00:15:17.532,1786209317.532,UTURN_EXECUTION,9.847,-0.710,2.618,71.47,0.350,-1.800,0.000,0.000,0.000,0.000,0.00,10.77566103,106.67092745,10.51,"10°46'32.38""N, 106°40'15.34""E",FIX,
00:15:17.623,1786209317.624,UTURN_EXECUTION,9.823,-0.694,2.474,71.47,0.350,-1.800,0.000,0.000,0.000,0.000,0.00,10.77566086,106.67092745,10.51,"10°46'32.38""N, 106°40'15.34""E",FIX,
00:15:17.710,1786209317.711,UTURN_EXECUTION,9.808,-0.680,2.366,71.47,0.350,-1.800,0.000,0.000,0.000,0.000,0.00,10.77566086,106.67092745,10.51,"10°46'32.38""N, 106°40'15.34""E",FIX,
00:15:17.772,1786209317.773,UTURN_EXECUTION,9.798,-0.670,2.294,71.47,0.350,-1.800,0.000,0.000,0.000,0.000,0.00,10.77566086,106.67092745,10.51,"10°46'32.38""N, 106°40'15.34""E",FIX,
00:15:17.878,1786209317.878,UTURN_EXECUTION,9.781,-0.648,2.150,71.47,0.350,-1.800,0.000,0.000,0.000,0.000,0.00,10.77566068,106.67092745,10.51,"10°46'32.38""N, 106°40'15.34""E",FIX,
00:15:17.938,1786209317.938,UTURN_EXECUTION,9.771,-0.630,2.042,71.47,0.350,-1.800,0.000,0.000,0.000,0.000,0.00,10.77566068,106.67092745,10.51,"10°46'32.38""N, 106°40'15.34""E",FIX,
00:15:18.035,1786209318.036,UTURN_EXECUTION,9.760,-0.604,1.898,71.47,0.350,-1.800,0.000,0.000,0.000,0.000,0.00,10.77566068,106.67092745,10.51,"10°46'32.38""N, 106°40'15.34""E",FIX,
00:15:18.100,1786209318.100,UTURN_EXECUTION,9.754,-0.584,1.790,71.47,0.350,-1.800,0.000,0.000,0.000,0.000,0.00,10.77566050,106.67092745,10.51,"10°46'32.38""N, 106°40'15.34""E",FIX,
00:15:18.172,1786209318.172,UTURN_EXECUTION,9.751,-0.563,1.682,71.47,0.350,-1.800,0.000,0.000,0.000,0.000,0.00,10.77566050,106.67092745,10.51,"10°46'32.38""N, 106°40'15.34""E",FIX,
00:15:18.269,1786209318.270,UTURN_EXECUTION,9.749,-0.535,1.538,71.47,0.350,-1.800,0.000,0.000,0.000,0.000,0.00,10.77566050,106.67092745,10.51,"10°46'32.38""N, 106°40'15.34""E",FIX,
00:15:18.347,1786209318.347,UTURN_EXECUTION,9.751,-0.514,1.430,71.47,0.350,-1.800,0.000,0.000,0.000,0.000,0.00,10.77566032,106.67092745,10.51,"10°46'32.38""N, 106°40'15.34""E",FIX,
00:15:18.426,1786209318.427,UTURN_EXECUTION,9.755,-0.494,1.322,71.47,0.350,-1.800,0.000,0.000,0.000,0.000,0.00,10.77566032,106.67092745,10.51,"10°46'32.38""N, 106°40'15.34""E",FIX,
00:15:18.526,1786209318.527,UTURN_EXECUTION,9.764,-0.467,1.178,71.47,0.350,-1.800,0.000,0.000,0.000,0.000,0.00,10.77566032,106.67092745,10.51,"10°46'32.38""N, 106°40'15.34""E",FIX,
00:15:18.608,1786209318.608,UTURN_EXECUTION,9.773,-0.448,1.070,71.47,0.350,-1.800,0.000,0.000,0.000,0.000,0.00,10.77566015,106.67092745,10.51,"10°46'32.38""N, 106°40'15.34""E",FIX,
00:15:18.683,1786209318.683,UTURN_EXECUTION,9.784,-0.430,0.962,71.47,0.350,-1.800,0.000,0.000,0.000,0.000,0.00,10.77566015,106.67092745,10.51,"10°46'32.38""N, 106°40'15.34""E",FIX,
00:15:18.817,1786209318.817,UTURN_EXECUTION,9.802,-0.409,0.818,71.47,0.350,-1.800,0.000,0.000,0.000,0.000,0.00,10.77566015,106.67092745,10.51,"10°46'32.38""N, 106°40'15.34""E",FIX,
00:15:18.901,1786209318.901,UTURN_EXECUTION,9.817,-0.394,0.710,71.47,0.350,-1.800,0.000,0.000,0.000,0.000,0.00,10.77565997,106.67092745,10.51,"10°46'32.38""N, 106°40'15.34""E",FIX,
00:15:18.988,1786209318.988,UTURN_EXECUTION,9.834,-0.381,0.602,71.47,0.350,-1.800,0.000,0.000,0.000,0.000,0.00,10.77565997,106.67092745,10.51,"10°46'32.38""N, 106°40'15.34""E",FIX,
00:15:19.059,1786209319.059,UTURN_EXECUTION,9.852,-0.370,0.494,71.47,0.350,-1.800,0.000,0.000,0.000,0.000,0.00,10.77565997,106.67092745,10.51,"10°46'32.38""N, 106°40'15.34""E",FIX,
00:15:19.142,1786209319.143,UTURN_EXECUTION,9.871,-0.361,0.386,71.47,0.350,-1.800,0.000,0.000,0.000,0.000,0.00,10.77565979,106.67092745,10.51,"10°46'32.38""N, 106°40'15.34""E",FIX,
00:15:19.230,1786209319.230,UTURN_EXECUTION,9.897,-0.353,0.242,71.47,0.350,-1.800,0.000,0.000,0.000,0.000,0.00,10.77565979,106.67092745,10.51,"10°46'32.38""N, 106°40'15.34""E",FIX,
00:15:19.333,1786209319.334,UTURN_EXECUTION,9.925,-0.348,0.098,71.47,0.350,-1.800,0.000,0.000,0.000,0.000,0.00,10.77565979,106.67092745,10.51,"10°46'32.38""N, 106°40'15.34""E",FIX,
00:15:19.413,1786209319.413,UTURN_EXECUTION,9.946,-0.347,-0.010,71.47,0.350,-1.800,0.000,0.000,0.000,0.000,0.00,10.77565961,106.67092745,10.51,"10°46'32.37""N, 106°40'15.34""E",FIX,
00:15:19.506,1786209319.507,UTURN_EXECUTION,9.967,-0.349,-0.118,71.47,0.350,-1.800,0.000,0.000,0.000,0.000,0.00,10.77565961,106.67092745,10.51,"10°46'32.37""N, 106°40'15.34""E",FIX,
00:15:19.599,1786209319.599,UTURN_EXECUTION,9.987,-0.352,-0.226,71.47,0.350,-1.800,0.000,0.000,0.000,0.000,0.00,10.77565961,106.67092745,10.51,"10°46'32.37""N, 106°40'15.34""E",FIX,
00:15:19.692,1786209319.693,UTURN_EXECUTION,10.014,-0.360,-0.370,71.47,0.350,-1.800,0.000,0.000,0.000,0.000,0.00,10.77565943,106.67092745,10.51,"10°46'32.37""N, 106°40'15.34""E",FIX,
00:15:19.766,1786209319.766,UTURN_EXECUTION,10.027,-0.366,-0.442,71.47,0.350,-1.800,0.000,0.000,0.000,0.000,0.00,10.77565943,106.67092745,10.51,"10°46'32.37""N, 106°40'15.34""E",FIX,
00:15:19.869,1786209319.870,UTURN_EXECUTION,10.051,-0.380,-0.586,71.47,0.350,-1.800,0.000,0.000,0.000,0.000,0.00,10.77565943,106.67092745,10.51,"10°46'32.37""N, 106°40'15.34""E",FIX,
00:15:19.966,1786209319.967,UTURN_EXECUTION,10.073,-0.397,-0.730,71.47,0.350,-1.800,0.000,0.000,0.000,0.000,0.00,10.77565926,106.67092745,10.51,"10°46'32.37""N, 106°40'15.34""E",FIX,
00:15:20.040,1786209320.040,UTURN_EXECUTION,10.088,-0.412,-0.838,71.47,0.350,-1.800,0.000,0.000,0.000,0.000,0.00,10.77565926,106.67092745,10.51,"10°46'32.37""N, 106°40'15.34""E",FIX,
00:15:20.146,1786209320.147,UTURN_EXECUTION,10.105,-0.434,-0.982,71.47,0.350,-1.800,0.000,0.000,0.000,0.000,0.00,10.77565926,106.67092745,10.51,"10°46'32.37""N, 106°40'15.34""E",FIX,
00:15:20.203,1786209320.204,UTURN_EXECUTION,10.113,-0.445,-1.054,71.47,0.350,-1.800,0.000,0.000,0.000,0.000,0.00,10.77565908,106.67092745,10.51,"10°46'32.37""N, 106°40'15.34""E",FIX,
00:15:20.300,1786209320.301,UTURN_EXECUTION,10.125,-0.471,-1.198,71.47,0.350,-1.800,0.000,0.000,0.000,0.000,0.00,10.77565908,106.67092745,10.51,"10°46'32.37""N, 106°40'15.34""E",FIX,
00:15:20.373,1786209320.373,UTURN_EXECUTION,10.131,-0.491,-1.306,71.47,0.350,-1.800,0.000,0.000,0.000,0.000,0.00,10.77565908,106.67092745,10.51,"10°46'32.37""N, 106°40'15.34""E",FIX,
00:15:20.458,1786209320.459,UTURN_EXECUTION,10.136,-0.511,-1.414,71.47,0.350,-1.800,0.000,0.000,0.000,0.000,0.00,10.77565890,106.67092745,10.51,"10°46'32.37""N, 106°40'15.34""E",FIX,
00:15:20.533,1786209320.533,UTURN_EXECUTION,10.138,-0.532,-1.522,71.47,0.350,-1.800,0.000,0.000,0.000,0.000,0.00,10.77565890,106.67092745,10.51,"10°46'32.37""N, 106°40'15.34""E",FIX,
00:15:20.618,1786209320.619,UTURN_EXECUTION,10.138,-0.553,-1.630,71.47,0.350,-1.800,0.000,0.000,0.000,0.000,0.00,10.77565890,106.67092745,10.51,"10°46'32.37""N, 106°40'15.34""E",FIX,
00:15:20.694,1786209320.695,UTURN_EXECUTION,10.134,-0.581,-1.774,71.47,0.350,-1.800,0.000,0.000,0.000,0.000,0.00,10.77565872,106.67092745,10.51,"10°46'32.37""N, 106°40'15.34""E",FIX,
00:15:20.770,1786209320.770,UTURN_EXECUTION,10.129,-0.601,-1.882,71.47,0.350,-1.800,0.000,0.000,0.000,0.000,0.00,10.77565872,106.67092745,10.51,"10°46'32.37""N, 106°40'15.34""E",FIX,
00:15:20.885,1786209320.886,UTURN_EXECUTION,10.118,-0.627,-2.026,71.47,0.350,-1.800,0.000,0.000,0.000,0.000,0.00,10.77565872,106.67092745,10.51,"10°46'32.37""N, 106°40'15.34""E",FIX,
00:15:20.969,1786209320.970,UTURN_EXECUTION,10.108,-0.645,-2.134,71.47,0.350,-1.800,0.000,0.000,0.000,0.000,0.00,10.77565854,106.67092745,10.51,"10°46'32.37""N, 106°40'15.34""E",FIX,
00:15:21.061,1786209321.062,UTURN_EXECUTION,10.092,-0.668,-2.278,71.47,0.350,-1.800,0.000,0.000,0.000,0.000,0.00,10.77565854,106.67092745,10.51,"10°46'32.37""N, 106°40'15.34""E",FIX,
00:15:21.136,1786209321.137,UTURN_EXECUTION,10.077,-0.683,-2.386,71.47,0.350,-1.800,0.000,0.000,0.000,0.000,0.00,10.77565854,106.67092745,10.51,"10°46'32.37""N, 106°40'15.34""E",FIX,
00:15:21.213,1786209321.214,UTURN_EXECUTION,10.061,-0.697,-2.494,71.47,0.350,-1.800,0.000,0.000,0.000,0.000,0.00,10.77565837,106.67092745,10.51,"10°46'32.37""N, 106°40'15.34""E",FIX,
00:15:21.276,1786209321.277,UTURN_EXECUTION,10.044,-0.708,-2.602,71.47,0.350,-1.800,0.000,0.000,0.000,0.000,0.00,10.77565837,106.67092745,10.51,"10°46'32.37""N, 106°40'15.34""E",FIX,
00:15:21.369,1786209321.370,UTURN_EXECUTION,10.025,-0.718,-2.710,71.47,0.350,-1.800,0.000,0.000,0.000,0.000,0.00,10.77565837,106.67092745,10.51,"10°46'32.37""N, 106°40'15.34""E",FIX,
00:15:21.463,1786209321.464,UTURN_EXECUTION,9.999,-0.728,-2.854,71.47,0.350,-1.800,0.000,0.000,0.000,0.000,0.00,10.77565819,106.67092745,10.51,"10°46'32.37""N, 106°40'15.34""E",FIX,
00:15:21.572,1786209321.573,UTURN_EXECUTION,9.972,-0.734,-2.998,71.47,0.350,-1.800,0.000,0.000,0.000,0.000,0.00,10.77565819,106.67092745,10.51,"10°46'32.37""N, 106°40'15.34""E",FIX,
00:15:21.642,1786209321.643,UTURN_EXECUTION,9.958,-0.736,-3.070,71.47,0.350,-1.800,0.000,0.000,0.000,0.000,0.00,10.77565819,106.67092745,10.51,"10°46'32.37""N, 106°40'15.34""E",FIX,
00:15:21.744,1786209321.745,UTURN_EXECUTION,9.930,-0.736,3.069,71.47,0.350,-1.800,0.000,0.000,0.000,0.000,0.00,10.77565801,106.67092745,10.51,"10°46'32.37""N, 106°40'15.34""E",FIX,
00:15:21.864,1786209321.865,UTURN_EXECUTION,9.902,-0.732,2.925,71.47,0.350,-1.800,0.000,0.000,0.000,0.000,0.00,10.77565801,106.67092745,10.51,"10°46'32.37""N, 106°40'15.34""E",FIX,
00:15:21.961,1786209321.961,UTURN_EXECUTION,9.882,-0.726,2.817,71.47,0.350,-1.800,0.000,0.000,0.000,0.000,0.00,10.77565801,106.67092745,10.51,"10°46'32.37""N, 106°40'15.34""E",FIX,
00:15:22.049,1786209322.049,UTURN_EXECUTION,9.862,-0.718,2.709,71.47,0.350,-1.800,0.000,0.000,0.000,0.000,0.00,10.77565783,106.67092745,10.51,"10°46'32.37""N, 106°40'15.34""E",FIX,
00:15:22.151,1786209322.151,UTURN_EXECUTION,9.838,-0.705,2.565,71.47,0.350,-1.800,0.000,0.000,0.000,0.000,0.00,10.77565783,106.67092745,10.51,"10°46'32.37""N, 106°40'15.34""E",FIX,
00:15:22.206,1786209322.207,UTURN_EXECUTION,9.826,-0.697,2.493,71.47,0.350,-1.800,0.000,0.000,0.000,0.000,0.00,10.77565783,106.67092745,10.51,"10°46'32.37""N, 106°40'15.34""E",FIX,
00:15:22.282,1786209322.282,UTURN_EXECUTION,9.810,-0.683,2.385,71.47,0.350,-1.800,0.000,0.000,0.000,0.000,0.00,10.77565766,106.67092745,10.51,"10°46'32.37""N, 106°40'15.34""E",FIX,
00:15:22.392,1786209322.392,UTURN_EXECUTION,9.791,-0.662,2.241,71.47,0.350,-1.800,0.000,0.000,0.000,0.000,0.00,10.77565766,106.67092745,10.51,"10°46'32.37""N, 106°40'15.34""E",FIX,
00:15:22.485,1786209322.486,UTURN_EXECUTION,9.779,-0.645,2.133,71.47,0.350,-1.800,0.000,0.000,0.000,0.000,0.00,10.77565766,106.67092745,10.51,"10°46'32.37""N, 106°40'15.34""E",FIX,
00:15:22.557,1786209322.558,UTURN_EXECUTION,9.769,-0.627,2.025,71.47,0.350,-1.800,0.000,0.000,0.000,0.000,0.00,10.77565748,106.67092745,10.51,"10°46'32.37""N, 106°40'15.34""E",FIX,
00:15:22.661,1786209322.661,UTURN_EXECUTION,9.761,-0.608,1.917,71.47,0.350,-1.800,0.000,0.000,0.000,0.000,0.00,10.77565748,106.67092745,10.51,"10°46'32.37""N, 106°40'15.34""E",FIX,
00:15:22.747,1786209322.748,UTURN_EXECUTION,9.753,-0.581,1.773,71.47,0.350,-1.800,0.000,0.000,0.000,0.000,0.00,10.77565748,106.67092745,10.51,"10°46'32.37""N, 106°40'15.34""E",FIX,
00:15:22.835,1786209322.835,UTURN_EXECUTION,9.750,-0.560,1.665,71.47,0.350,-1.800,0.000,0.000,0.000,0.000,0.00,10.77565730,106.67092745,10.51,"10°46'32.37""N, 106°40'15.34""E",FIX,
00:15:22.947,1786209322.947,UTURN_EXECUTION,9.750,-0.532,1.521,71.47,0.350,-1.800,0.000,0.000,0.000,0.000,0.00,10.77565730,106.67092745,10.51,"10°46'32.37""N, 106°40'15.34""E",FIX,
00:15:23.022,1786209323.022,UTURN_EXECUTION,9.752,-0.511,1.413,71.47,0.350,-1.800,0.000,0.000,0.000,0.000,0.00,10.77565730,106.67092745,10.51,"10°46'32.37""N, 106°40'15.34""E",FIX,
00:15:23.093,1786209323.093,UTURN_EXECUTION,9.756,-0.491,1.305,71.47,0.350,-1.800,0.000,0.000,0.000,0.000,0.00,10.77565712,106.67092745,10.51,"10°46'32.37""N, 106°40'15.34""E",FIX,
00:15:23.199,1786209323.199,UTURN_EXECUTION,9.765,-0.464,1.161,71.47,0.350,-1.800,0.000,0.000,0.000,0.000,0.00,10.77565712,106.67092745,10.51,"10°46'32.37""N, 106°40'15.34""E",FIX,
00:15:23.289,1786209323.289,UTURN_EXECUTION,9.775,-0.445,1.053,71.47,0.350,-1.800,0.000,0.000,0.000,0.000,0.00,10.77565712,106.67092745,10.51,"10°46'32.37""N, 106°40'15.34""E",FIX,
00:15:23.370,1786209323.370,UTURN_EXECUTION,9.786,-0.428,0.945,71.47,0.350,-1.800,0.000,0.000,0.000,0.000,0.00,10.77565694,106.67092745,10.51,"10°46'32.36""N, 106°40'15.34""E",FIX,
00:15:23.450,1786209323.450,UTURN_EXECUTION,9.799,-0.411,0.837,71.47,0.350,-1.800,0.000,0.000,0.000,0.000,0.00,10.77565694,106.67092745,10.51,"10°46'32.36""N, 106°40'15.34""E",FIX,
00:15:23.524,1786209323.524,UTURN_EXECUTION,9.814,-0.397,0.729,71.47,0.350,-1.800,0.000,0.000,0.000,0.000,0.00,10.77565694,106.67092745,10.51,"10°46'32.36""N, 106°40'15.34""E",FIX,
00:15:23.623,1786209323.623,UTURN_EXECUTION,9.836,-0.380,0.585,71.47,0.350,-1.800,0.000,0.000,0.000,0.000,0.00,10.77565677,106.67092745,10.51,"10°46'32.36""N, 106°40'15.34""E",FIX,
00:15:23.700,1786209323.701,UTURN_EXECUTION,9.854,-0.369,0.477,71.47,0.350,-1.800,0.000,0.000,0.000,0.000,0.00,10.77565677,106.67092745,10.51,"10°46'32.36""N, 106°40'15.34""E",FIX,
00:15:23.763,1786209323.764,UTURN_EXECUTION,9.874,-0.360,0.369,71.47,0.350,-1.800,0.000,0.000,0.000,0.000,0.00,10.77565677,106.67092745,10.51,"10°46'32.36""N, 106°40'15.34""E",FIX,
00:15:23.844,1786209323.845,UTURN_EXECUTION,9.894,-0.354,0.261,71.47,0.350,-1.800,0.000,0.000,0.000,0.000,0.00,10.77565677,106.67092745,10.51,"10°46'32.36""N, 106°40'15.34""E",FIX,
00:15:23.933,1786209323.934,UTURN_EXECUTION,9.921,-0.349,0.117,71.47,0.350,-1.800,0.000,0.000,0.000,0.000,0.00,10.77565659,106.67092745,10.51,"10°46'32.36""N, 106°40'15.34""E",FIX,
00:15:24.010,1786209324.010,UTURN_EXECUTION,9.949,-0.347,-0.027,71.47,0.350,-1.800,0.000,0.000,0.000,0.000,0.00,10.77565659,106.67092745,10.51,"10°46'32.36""N, 106°40'15.34""E",FIX,
00:15:24.088,1786209324.089,UTURN_EXECUTION,9.970,-0.349,-0.135,71.47,0.350,-1.800,0.000,0.000,0.000,0.000,0.00,10.77565641,106.67092745,10.51,"10°46'32.36""N, 106°40'15.34""E",FIX,
00:15:24.179,1786209324.179,UTURN_EXECUTION,9.990,-0.353,-0.243,71.47,0.350,-1.800,0.000,0.000,0.000,0.000,0.00,10.77565641,106.67092745,10.51,"10°46'32.36""N, 106°40'15.34""E",FIX,
00:15:24.251,1786209324.252,UTURN_EXECUTION,10.011,-0.359,-0.351,71.47,0.350,-1.800,0.000,0.000,0.000,0.000,0.00,10.77565641,106.67092745,10.51,"10°46'32.36""N, 106°40'15.34""E",FIX,
00:15:24.341,1786209324.341,UTURN_EXECUTION,10.036,-0.370,-0.495,71.47,0.350,-1.800,0.000,0.000,0.000,0.000,0.00,10.77565623,106.67092745,10.51,"10°46'32.36""N, 106°40'15.34""E",FIX,
00:15:24.406,1786209324.406,UTURN_EXECUTION,10.048,-0.378,-0.567,71.47,0.350,-1.800,0.000,0.000,0.000,0.000,0.00,10.77565623,106.67092745,10.51,"10°46'32.36""N, 106°40'15.34""E",FIX,
00:15:24.497,1786209324.498,UTURN_EXECUTION,10.076,-0.399,-0.747,71.47,0.350,-1.800,0.000,0.000,0.000,0.000,0.00,10.77565623,106.67092745,10.51,"10°46'32.36""N, 106°40'15.34""E",FIX,
00:15:24.565,1786209324.566,UTURN_EXECUTION,10.090,-0.414,-0.855,71.47,0.350,-1.800,0.000,0.000,0.000,0.000,0.00,10.77565605,106.67092745,10.51,"10°46'32.36""N, 106°40'15.34""E",FIX,
00:15:24.636,1786209324.636,UTURN_EXECUTION,10.099,-0.425,-0.927,71.47,0.350,-1.800,0.000,0.000,0.000,0.000,0.00,10.77565605,106.67092745,10.51,"10°46'32.36""N, 106°40'15.34""E",FIX,
00:15:24.730,1786209324.731,UTURN_EXECUTION,10.118,-0.455,-1.107,71.47,0.350,-1.800,0.000,0.000,0.000,0.000,0.00,10.77565605,106.67092745,10.51,"10°46'32.36""N, 106°40'15.34""E",FIX,
00:15:24.799,1786209324.799,UTURN_EXECUTION,10.123,-0.467,-1.179,71.47,0.350,-1.800,0.000,0.000,0.000,0.000,0.00,10.77565605,106.67092745,10.51,"10°46'32.36""N, 106°40'15.34""E",FIX,
00:15:24.893,1786209324.893,UTURN_EXECUTION,10.132,-0.494,-1.323,71.47,0.350,-1.800,0.000,0.000,0.000,0.000,0.00,10.77565588,106.67092745,10.51,"10°46'32.36""N, 106°40'15.34""E",FIX,
00:15:24.961,1786209324.962,UTURN_EXECUTION,10.136,-0.514,-1.431,71.47,0.350,-1.800,0.000,0.000,0.000,0.000,0.00,10.77565588,106.67092745,10.51,"10°46'32.36""N, 106°40'15.34""E",FIX,
00:15:25.038,1786209325.039,UTURN_EXECUTION,10.138,-0.542,-1.575,71.47,0.350,-1.800,0.000,0.000,0.000,0.000,0.00,10.77565570,106.67092745,10.51,"10°46'32.36""N, 106°40'15.34""E",FIX,
00:15:25.110,1786209325.110,UTURN_EXECUTION,10.137,-0.563,-1.683,71.47,0.350,-1.800,0.000,0.000,0.000,0.000,0.00,10.77565570,106.67092745,10.51,"10°46'32.36""N, 106°40'15.34""E",FIX,
00:15:25.191,1786209325.191,UTURN_EXECUTION,10.135,-0.577,-1.755,71.47,0.350,-1.800,0.000,0.000,0.000,0.000,0.00,10.77565570,106.67092745,10.51,"10°46'32.36""N, 106°40'15.34""E",FIX,
00:15:25.267,1786209325.267,UTURN_EXECUTION,10.128,-0.604,-1.899,71.47,0.350,-1.800,0.000,0.000,0.000,0.000,0.00,10.77565570,106.67092745,10.51,"10°46'32.36""N, 106°40'15.34""E",FIX,
00:15:25.360,1786209325.361,UTURN_EXECUTION,10.117,-0.630,-2.043,71.47,0.350,-1.800,0.000,0.000,0.000,0.000,0.00,10.77565552,106.67092745,10.51,"10°46'32.36""N, 106°40'15.34""E",FIX,
00:15:25.428,1786209325.428,UTURN_EXECUTION,10.110,-0.642,-2.115,71.47,0.350,-1.800,0.000,0.000,0.000,0.000,0.00,10.77565552,106.67092745,10.51,"10°46'32.36""N, 106°40'15.34""E",FIX,
00:15:25.513,1786209325.513,UTURN_EXECUTION,10.094,-0.665,-2.259,71.47,0.350,-1.800,0.000,0.000,0.000,0.000,0.00,10.77565552,106.67092745,10.51,"10°46'32.36""N, 106°40'15.34""E",FIX,
00:15:25.591,1786209325.592,UTURN_EXECUTION,10.080,-0.681,-2.367,71.47,0.350,-1.800,0.000,0.000,0.000,0.000,0.00,10.77565534,106.67092745,10.51,"10°46'32.36""N, 106°40'15.34""E",FIX,
00:15:25.696,1786209325.697,UTURN_EXECUTION,10.059,-0.699,-2.511,71.47,0.350,-1.800,0.000,0.000,0.000,0.000,0.00,10.77565534,106.67092745,10.51,"10°46'32.36""N, 106°40'15.34""E",FIX,
00:15:25.769,1786209325.769,UTURN_EXECUTION,10.041,-0.710,-2.619,71.47,0.350,-1.800,0.000,0.000,0.000,0.000,0.00,10.77565534,106.67092745,10.51,"10°46'32.36""N, 106°40'15.34""E",FIX,
00:15:25.834,1786209325.834,UTURN_EXECUTION,10.022,-0.720,-2.727,71.47,0.350,-1.800,0.000,0.000,0.000,0.000,0.00,10.77565517,106.67092745,10.51,"10°46'32.36""N, 106°40'15.34""E",FIX,
00:15:25.930,1786209325.930,UTURN_EXECUTION,9.996,-0.729,-2.871,71.47,0.350,-1.800,0.000,0.000,0.000,0.000,0.00,10.77565517,106.67092745,10.51,"10°46'32.36""N, 106°40'15.34""E",FIX,
00:15:25.991,1786209325.992,UTURN_EXECUTION,9.975,-0.733,-2.979,71.47,0.350,-1.800,0.000,0.000,0.000,0.000,0.00,10.77565517,106.67092745,10.51,"10°46'32.36""N, 106°40'15.34""E",FIX,
00:15:26.073,1786209326.074,UTURN_EXECUTION,9.954,-0.736,-3.087,71.47,0.350,-1.800,0.000,0.000,0.000,0.000,0.00,10.77565499,106.67092745,10.51,"10°46'32.36""N, 106°40'15.34""E",FIX,
00:15:26.146,1786209326.147,UTURN_EXECUTION,9.933,-0.736,3.089,71.47,0.350,-1.800,0.000,0.000,0.000,0.000,0.00,10.77565499,106.67092745,10.51,"10°46'32.36""N, 106°40'15.34""E",FIX,
00:15:26.235,1786209326.236,UTURN_EXECUTION,9.906,-0.732,2.945,71.47,0.350,-1.800,0.000,0.000,0.000,0.000,0.00,10.77565499,106.67092745,10.51,"10°46'32.36""N, 106°40'15.34""E",FIX,
00:15:26.319,1786209326.319,UTURN_EXECUTION,9.885,-0.727,2.837,71.47,0.350,-1.800,0.000,0.000,0.000,0.000,0.00,10.77565481,106.67092745,10.51,"10°46'32.36""N, 106°40'15.34""E",FIX,
00:15:26.397,1786209326.398,UTURN_EXECUTION,9.866,-0.720,2.729,71.47,0.350,-1.800,0.000,0.000,0.000,0.000,0.00,10.77565481,106.67092745,10.51,"10°46'32.36""N, 106°40'15.34""E",FIX,
00:15:26.500,1786209326.501,UTURN_EXECUTION,9.841,-0.707,2.585,71.47,0.350,-1.800,0.000,0.000,0.000,0.000,0.00,10.77565481,106.67092745,10.51,"10°46'32.36""N, 106°40'15.34""E",FIX,
00:15:26.566,1786209326.566,UTURN_EXECUTION,9.824,-0.695,2.477,71.47,0.350,-1.800,0.000,0.000,0.000,0.000,0.00,10.77565463,106.67092745,10.51,"10°46'32.36""N, 106°40'15.34""E",FIX,
00:15:26.641,1786209326.642,UTURN_EXECUTION,9.808,-0.681,2.369,71.47,0.350,-1.800,0.000,0.000,0.000,0.000,0.00,10.77565463,106.67092745,10.51,"10°46'32.36""N, 106°40'15.34""E",FIX,
00:15:26.716,1786209326.716,UTURN_EXECUTION,9.794,-0.665,2.261,71.47,0.350,-1.800,0.000,0.000,0.000,0.000,0.00,10.77565463,106.67092745,10.51,"10°46'32.36""N, 106°40'15.34""E",FIX,
00:15:26.811,1786209326.812,UTURN_EXECUTION,9.778,-0.643,2.117,71.47,0.350,-1.800,0.000,0.000,0.000,0.000,0.00,10.77565445,106.67092745,10.51,"10°46'32.36""N, 106°40'15.34""E",FIX,
00:15:26.897,1786209326.897,UTURN_EXECUTION,9.768,-0.624,2.009,71.47,0.350,-1.800,0.000,0.000,0.000,0.000,0.00,10.77565445,106.67092745,10.51,"10°46'32.36""N, 106°40'15.34""E",FIX,
00:15:26.984,1786209326.984,UTURN_EXECUTION,9.758,-0.598,1.865,71.47,0.350,-1.800,0.000,0.000,0.000,0.000,0.00,10.77565445,106.67092745,10.51,"10°46'32.36""N, 106°40'15.34""E",FIX,
00:15:27.069,1786209327.070,UTURN_EXECUTION,9.753,-0.578,1.757,71.47,0.350,-1.800,0.000,0.000,0.000,0.000,0.00,10.77565428,106.67092745,10.51,"10°46'32.36""N, 106°40'15.34""E",FIX,
00:15:27.155,1786209327.155,UTURN_EXECUTION,9.750,-0.557,1.649,71.47,0.350,-1.800,0.000,0.000,0.000,0.000,0.00,10.77565428,106.67092745,10.51,"10°46'32.36""N, 106°40'15.34""E",FIX,
00:15:27.236,1786209327.236,UTURN_EXECUTION,9.749,-0.536,1.541,71.47,0.350,-1.800,0.000,0.000,0.000,0.000,0.00,10.77565428,106.67092745,10.51,"10°46'32.36""N, 106°40'15.34""E",FIX,
00:15:27.327,1786209327.327,UTURN_EXECUTION,9.752,-0.508,1.397,71.47,0.350,-1.800,0.000,0.000,0.000,0.000,0.00,10.77565410,106.67092745,10.51,"10°46'32.35""N, 106°40'15.34""E",FIX,
00:15:27.407,1786209327.407,UTURN_EXECUTION,9.757,-0.487,1.289,71.47,0.350,-1.800,0.000,0.000,0.000,0.000,0.00,10.77565410,106.67092745,10.51,"10°46'32.35""N, 106°40'15.34""E",FIX,
00:15:27.500,1786209327.501,UTURN_EXECUTION,9.764,-0.468,1.181,71.47,0.350,-1.800,0.000,0.000,0.000,0.000,0.00,10.77565410,106.67092745,10.51,"10°46'32.35""N, 106°40'15.34""E",FIX,
00:15:27.582,1786209327.583,UTURN_EXECUTION,9.776,-0.443,1.037,71.47,0.350,-1.800,0.000,0.000,0.000,0.000,0.00,10.77565392,106.67092745,10.51,"10°46'32.35""N, 106°40'15.34""E",FIX,
00:15:27.663,1786209327.663,UTURN_EXECUTION,9.788,-0.425,0.929,71.47,0.350,-1.800,0.000,0.000,0.000,0.000,0.00,10.77565392,106.67092745,10.51,"10°46'32.35""N, 106°40'15.34""E",FIX,
00:15:27.747,1786209327.747,UTURN_EXECUTION,9.802,-0.409,0.821,71.47,0.350,-1.800,0.000,0.000,0.000,0.000,0.00,10.77565392,106.67092745,10.51,"10°46'32.35""N, 106°40'15.34""E",FIX,
00:15:27.828,1786209327.829,UTURN_EXECUTION,9.822,-0.390,0.677,71.47,0.350,-1.800,0.000,0.000,0.000,0.000,0.00,10.77565374,106.67092745,10.51,"10°46'32.35""N, 106°40'15.34""E",FIX,
00:15:27.899,1786209327.899,UTURN_EXECUTION,9.839,-0.378,0.569,71.47,0.350,-1.800,0.000,0.000,0.000,0.000,0.00,10.77565374,106.67092745,10.51,"10°46'32.35""N, 106°40'15.34""E",FIX,
00:15:27.983,1786209327.984,UTURN_EXECUTION,9.857,-0.367,0.461,71.47,0.350,-1.800,0.000,0.000,0.000,0.000,0.00,10.77565374,106.67092745,10.51,"10°46'32.35""N, 106°40'15.34""E",FIX,
00:15:28.072,1786209328.072,UTURN_EXECUTION,9.877,-0.359,0.353,71.47,0.350,-1.800,0.000,0.000,0.000,0.000,0.00,10.77565356,106.67092745,10.51,"10°46'32.35""N, 106°40'15.34""E",FIX,
00:15:28.150,1786209328.151,UTURN_EXECUTION,9.897,-0.353,0.245,71.47,0.350,-1.800,0.000,0.000,0.000,0.000,0.00,10.77565356,106.67092745,10.51,"10°46'32.35""N, 106°40'15.34""E",FIX,
00:15:28.246,1786209328.246,UTURN_EXECUTION,9.924,-0.348,0.101,71.47,0.350,-1.800,0.000,0.000,0.000,0.000,0.00,10.77565356,106.67092745,10.51,"10°46'32.35""N, 106°40'15.34""E",FIX,
00:15:28.320,1786209328.321,UTURN_EXECUTION,9.945,-0.347,-0.007,71.47,0.350,-1.800,0.000,0.000,0.000,0.000,0.00,10.77565339,106.67092745,10.51,"10°46'32.35""N, 106°40'15.34""E",FIX,
00:15:28.396,1786209328.397,UTURN_EXECUTION,9.966,-0.348,-0.115,71.47,0.350,-1.800,0.000,0.000,0.000,0.000,0.00,10.77565339,106.67092745,10.51,"10°46'32.35""N, 106°40'15.34""E",FIX,
00:15:28.478,1786209328.478,UTURN_EXECUTION,9.994,-0.354,-0.259,71.47,0.350,-1.800,0.000,0.000,0.000,0.000,0.00,10.77565339,106.67092745,10.51,"10°46'32.35""N, 106°40'15.34""E",FIX,
00:15:28.555,1786209328.556,UTURN_EXECUTION,10.014,-0.360,-0.367,71.47,0.350,-1.800,0.000,0.000,0.000,0.000,0.00,10.77565321,106.67092745,10.51,"10°46'32.35""N, 106°40'15.34""E",FIX,
00:15:28.650,1786209328.651,UTURN_EXECUTION,10.039,-0.372,-0.511,71.47,0.350,-1.800,0.000,0.000,0.000,0.000,0.00,10.77565321,106.67092745,10.51,"10°46'32.35""N, 106°40'15.34""E",FIX,
00:15:28.715,1786209328.715,UTURN_EXECUTION,10.057,-0.383,-0.619,71.47,0.350,-1.800,0.000,0.000,0.000,0.000,0.00,10.77565321,106.67092745,10.51,"10°46'32.35""N, 106°40'15.34""E",FIX,
00:15:28.799,1786209328.800,UTURN_EXECUTION,10.073,-0.396,-0.727,71.47,0.350,-1.800,0.000,0.000,0.000,0.000,0.00,10.77565303,106.67092745,10.51,"10°46'32.35""N, 106°40'15.34""E",FIX,
00:15:28.878,1786209328.878,UTURN_EXECUTION,10.088,-0.411,-0.835,71.47,0.350,-1.800,0.000,0.000,0.000,0.000,0.00,10.77565303,106.67092745,10.51,"10°46'32.35""N, 106°40'15.34""E",FIX,
00:15:28.968,1786209328.969,UTURN_EXECUTION,10.105,-0.433,-0.979,71.47,0.350,-1.800,0.000,0.000,0.000,0.000,0.00,10.77565303,106.67092745,10.51,"10°46'32.35""N, 106°40'15.34""E",FIX,
00:15:29.033,1786209329.034,UTURN_EXECUTION,10.116,-0.451,-1.087,71.47,0.350,-1.800,0.000,0.000,0.000,0.000,0.00,10.77565285,106.67092745,10.51,"10°46'32.35""N, 106°40'15.34""E",FIX,
00:15:29.115,1786209329.115,UTURN_EXECUTION,10.125,-0.470,-1.195,71.47,0.350,-1.800,0.000,0.000,0.000,0.000,0.00,10.77565285,106.67092745,10.51,"10°46'32.35""N, 106°40'15.34""E",FIX,
00:15:29.190,1786209329.190,UTURN_EXECUTION,10.131,-0.490,-1.303,71.47,0.350,-1.800,0.000,0.000,0.000,0.000,0.00,10.77565285,106.67092745,10.51,"10°46'32.35""N, 106°40'15.34""E",FIX,
00:15:29.273,1786209329.274,UTURN_EXECUTION,10.137,-0.518,-1.447,71.47,0.350,-1.800,0.000,0.000,0.000,0.000,0.00,10.77565267,106.67092745,10.51,"10°46'32.35""N, 106°40'15.34""E",FIX,
00:15:29.357,1786209329.357,UTURN_EXECUTION,10.138,-0.546,-1.591,71.47,0.350,-1.800,0.000,0.000,0.000,0.000,0.00,10.77565267,106.67092745,10.51,"10°46'32.35""N, 106°40'15.34""E",FIX,
00:15:29.448,1786209329.448,UTURN_EXECUTION,10.137,-0.567,-1.699,71.47,0.350,-1.800,0.000,0.000,0.000,0.000,0.00,10.77565267,106.67092745,10.51,"10°46'32.35""N, 106°40'15.34""E",FIX,
00:15:29.512,1786209329.512,UTURN_EXECUTION,10.134,-0.580,-1.771,71.47,0.350,-1.800,0.000,0.000,0.000,0.000,0.00,10.77565250,106.67092745,10.51,"10°46'32.35""N, 106°40'15.34""E",FIX,
00:15:29.601,1786209329.601,UTURN_EXECUTION,10.127,-0.607,-1.915,71.47,0.350,-1.800,0.000,0.000,0.000,0.000,0.00,10.77565250,106.67092745,10.51,"10°46'32.35""N, 106°40'15.34""E",FIX,
00:15:29.677,1786209329.678,UTURN_EXECUTION,10.119,-0.627,-2.023,71.47,0.350,-1.800,0.000,0.000,0.000,0.000,0.00,10.77565250,106.67092745,10.51,"10°46'32.35""N, 106°40'15.34""E",FIX,
00:15:29.744,1786209329.744,UTURN_EXECUTION,10.108,-0.645,-2.131,71.47,0.350,-1.800,0.000,0.000,0.000,0.000,0.00,10.77565232,106.67092745,10.51,"10°46'32.35""N, 106°40'15.34""E",FIX,
00:15:29.837,1786209329.838,UTURN_EXECUTION,10.092,-0.668,-2.275,71.47,0.350,-1.800,0.000,0.000,0.000,0.000,0.00,10.77565232,106.67092745,10.51,"10°46'32.35""N, 106°40'15.34""E",FIX,
00:15:29.909,1786209329.910,UTURN_EXECUTION,10.077,-0.683,-2.383,71.47,0.350,-1.800,0.000,0.000,0.000,0.000,0.00,10.77565232,106.67092745,10.51,"10°46'32.35""N, 106°40'15.34""E",FIX,
00:15:29.993,1786209329.994,UTURN_EXECUTION,10.061,-0.696,-2.491,71.47,0.350,-1.800,0.000,0.000,0.000,0.000,0.00,10.77565214,106.67092745,10.51,"10°46'32.35""N, 106°40'15.34""E",FIX,
00:15:30.079,1786209330.080,UTURN_EXECUTION,10.038,-0.712,-2.635,71.47,0.350,-1.800,0.000,0.000,0.000,0.000,0.00,10.77565214,106.67092745,10.51,"10°46'32.35""N, 106°40'15.34""E",FIX,
00:15:30.158,1786209330.158,UTURN_EXECUTION,10.019,-0.721,-2.743,71.47,0.350,-1.800,0.000,0.000,0.000,0.000,0.00,10.77565214,106.67092745,10.51,"10°46'32.35""N, 106°40'15.34""E",FIX,
00:15:30.230,1786209330.230,UTURN_EXECUTION,9.999,-0.728,-2.851,71.47,0.350,-1.800,0.000,0.000,0.000,0.000,0.00,10.77565196,106.67092745,10.51,"10°46'32.35""N, 106°40'15.34""E",FIX,
00:15:30.328,1786209330.329,UTURN_EXECUTION,9.972,-0.734,-2.995,71.47,0.350,-1.800,0.000,0.000,0.000,0.000,0.00,10.77565196,106.67092745,10.51,"10°46'32.35""N, 106°40'15.34""E",FIX,
00:15:30.387,1786209330.388,UTURN_EXECUTION,9.951,-0.736,-3.103,71.47,0.350,-1.800,0.000,0.000,0.000,0.000,0.00,10.77565196,106.67092745,10.51,"10°46'32.35""N, 106°40'15.34""E",FIX,
00:15:30.471,1786209330.471,UTURN_EXECUTION,9.930,-0.736,3.072,71.47,0.350,-1.800,0.000,0.000,0.000,0.000,0.00,10.77565179,106.67092745,10.51,"10°46'32.35""N, 106°40'15.34""E",FIX,
00:15:30.578,1786209330.579,UTURN_EXECUTION,9.896,-0.730,2.892,71.47,0.350,-1.800,0.000,0.000,0.000,0.000,0.00,10.77565179,106.67092745,10.51,"10°46'32.35""N, 106°40'15.34""E",FIX,
00:15:30.647,1786209330.648,UTURN_EXECUTION,9.882,-0.726,2.820,71.47,0.350,-1.800,0.000,0.000,0.000,0.000,0.00,10.77565179,106.67092745,10.51,"10°46'32.35""N, 106°40'15.34""E",FIX,
00:15:30.712,1786209330.713,UTURN_EXECUTION,9.863,-0.718,2.712,71.47,0.350,-1.800,0.000,0.000,0.000,0.000,0.00,10.77565161,106.67092745,10.51,"10°46'32.35""N, 106°40'15.34""E",FIX,
00:15:30.812,1786209330.812,UTURN_EXECUTION,9.838,-0.705,2.568,71.47,0.350,-1.800,0.000,0.000,0.000,0.000,0.00,10.77565161,106.67092745,10.51,"10°46'32.35""N, 106°40'15.34""E",FIX,
00:15:30.897,1786209330.897,UTURN_EXECUTION,9.821,-0.693,2.460,71.47,0.350,-1.800,0.000,0.000,0.000,0.000,0.00,10.77565161,106.67092745,10.51,"10°46'32.35""N, 106°40'15.34""E",FIX,
00:15:30.979,1786209330.979,UTURN_EXECUTION,9.806,-0.679,2.352,71.47,0.350,-1.800,0.000,0.000,0.000,0.000,0.00,10.77565143,106.67092745,10.51,"10°46'32.35""N, 106°40'15.34""E",FIX,
00:15:31.062,1786209331.062,UTURN_EXECUTION,9.792,-0.663,2.244,71.47,0.350,-1.800,0.000,0.000,0.000,0.000,0.00,10.77565143,106.67092745,10.51,"10°46'32.35""N, 106°40'15.34""E",FIX,
00:15:31.132,1786209331.132,UTURN_EXECUTION,9.780,-0.646,2.136,71.47,0.350,-1.800,0.000,0.000,0.000,0.000,0.00,10.77565143,106.67092745,10.51,"10°46'32.35""N, 106°40'15.34""E",FIX,
00:15:31.235,1786209331.235,UTURN_EXECUTION,9.766,-0.621,1.992,71.47,0.350,-1.800,0.000,0.000,0.000,0.000,0.00,10.77565125,106.67092745,10.51,"10°46'32.34""N, 106°40'15.34""E",FIX,
00:15:31.321,1786209331.321,UTURN_EXECUTION,9.757,-0.595,1.848,71.47,0.350,-1.800,0.000,0.000,0.000,0.000,0.00,10.77565125,106.67092745,10.51,"10°46'32.34""N, 106°40'15.34""E",FIX,
00:15:31.398,1786209331.399,UTURN_EXECUTION,9.752,-0.574,1.740,71.47,0.350,-1.800,0.000,0.000,0.000,0.000,0.00,10.77565125,106.67092745,10.51,"10°46'32.34""N, 106°40'15.34""E",FIX,
00:15:31.470,1786209331.471,UTURN_EXECUTION,9.750,-0.560,1.668,71.47,0.350,-1.800,0.000,0.000,0.000,0.000,0.00,10.77565125,106.67092745,10.51,"10°46'32.34""N, 106°40'15.34""E",FIX,
00:15:31.567,1786209331.567,UTURN_EXECUTION,9.750,-0.525,1.488,71.47,0.350,-1.800,0.000,0.000,0.000,0.000,0.00,10.77565107,106.67092745,10.51,"10°46'32.34""N, 106°40'15.34""E",FIX,
00:15:31.650,1786209331.651,UTURN_EXECUTION,9.753,-0.505,1.380,71.47,0.350,-1.800,0.000,0.000,0.000,0.000,0.00,10.77565107,106.67092745,10.51,"10°46'32.34""N, 106°40'15.34""E",FIX,
00:15:31.719,1786209331.719,UTURN_EXECUTION,9.758,-0.484,1.272,71.47,0.350,-1.800,0.000,0.000,0.000,0.000,0.00,10.77565090,106.67092745,10.51,"10°46'32.34""N, 106°40'15.34""E",FIX,
00:15:31.811,1786209331.811,UTURN_EXECUTION,9.768,-0.458,1.128,71.47,0.350,-1.800,0.000,0.000,0.000,0.000,0.00,10.77565090,106.67092745,10.51,"10°46'32.34""N, 106°40'15.34""E",FIX,
00:15:31.894,1786209331.894,UTURN_EXECUTION,9.778,-0.440,1.020,71.47,0.350,-1.800,0.000,0.000,0.000,0.000,0.00,10.77565090,106.67092745,10.51,"10°46'32.34""N, 106°40'15.34""E",FIX,
00:15:31.965,1786209331.965,UTURN_EXECUTION,9.790,-0.423,0.912,71.47,0.350,-1.800,0.000,0.000,0.000,0.000,0.00,10.77565072,106.67092745,10.51,"10°46'32.34""N, 106°40'15.34""E",FIX,
00:15:32.047,1786209332.048,UTURN_EXECUTION,9.804,-0.407,0.804,71.47,0.350,-1.800,0.000,0.000,0.000,0.000,0.00,10.77565072,106.67092745,10.51,"10°46'32.34""N, 106°40'15.34""E",FIX,
00:15:32.126,1786209332.126,UTURN_EXECUTION,9.819,-0.392,0.696,71.47,0.350,-1.800,0.000,0.000,0.000,0.000,0.00,10.77565072,106.67092745,10.51,"10°46'32.34""N, 106°40'15.34""E",FIX,
00:15:32.211,1786209332.211,UTURN_EXECUTION,9.842,-0.376,0.552,71.47,0.350,-1.800,0.000,0.000,0.000,0.000,0.00,10.77565054,106.67092745,10.51,"10°46'32.34""N, 106°40'15.34""E",FIX,
00:15:32.297,1786209332.297,UTURN_EXECUTION,9.860,-0.366,0.444,71.47,0.350,-1.800,0.000,0.000,0.000,0.000,0.00,10.77565054,106.67092745,10.51,"10°46'32.34""N, 106°40'15.34""E",FIX,
00:15:32.366,1786209332.367,UTURN_EXECUTION,9.880,-0.358,0.336,71.47,0.350,-1.800,0.000,0.000,0.000,0.000,0.00,10.77565054,106.67092745,10.51,"10°46'32.34""N, 106°40'15.34""E",FIX,
00:15:32.443,1786209332.444,UTURN_EXECUTION,9.907,-0.351,0.192,71.47,0.350,-1.800,0.000,0.000,0.000,0.000,0.00,10.77565054,106.67092745,10.51,"10°46'32.34""N, 106°40'15.34""E",FIX,
00:15:32.534,1786209332.534,UTURN_EXECUTION,9.928,-0.348,0.084,71.47,0.350,-1.800,0.000,0.000,0.000,0.000,0.00,10.77565036,106.67092745,10.51,"10°46'32.34""N, 106°40'15.34""E",FIX,
00:15:32.607,1786209332.608,UTURN_EXECUTION,9.955,-0.348,-0.060,71.47,0.350,-1.800,0.000,0.000,0.000,0.000,0.00,10.77565036,106.67092745,10.51,"10°46'32.34""N, 106°40'15.34""E",FIX,
00:15:32.672,1786209332.672,UTURN_EXECUTION,9.969,-0.349,-0.132,71.47,0.350,-1.800,0.000,0.000,0.000,0.000,0.00,10.77565036,106.67092745,10.51,"10°46'32.34""N, 106°40'15.34""E",FIX,
00:15:32.759,1786209332.759,UTURN_EXECUTION,9.997,-0.355,-0.276,71.47,0.350,-1.800,0.000,0.000,0.000,0.000,0.00,10.77565018,106.67092745,10.51,"10°46'32.34""N, 106°40'15.34""E",FIX,
00:15:32.835,1786209332.835,UTURN_EXECUTION,10.017,-0.361,-0.384,71.47,0.350,-1.800,0.000,0.000,0.000,0.000,0.00,10.77565018,106.67092745,10.51,"10°46'32.34""N, 106°40'15.34""E",FIX,
00:15:32.928,1786209332.928,UTURN_EXECUTION,10.042,-0.374,-0.528,71.47,0.350,-1.800,0.000,0.000,0.000,0.000,0.00,10.77565001,106.67092745,10.51,"10°46'32.34""N, 106°40'15.34""E",FIX,
00:15:33.000,1786209333.000,UTURN_EXECUTION,10.059,-0.385,-0.636,71.47,0.350,-1.800,0.000,0.000,0.000,0.000,0.00,10.77565001,106.67092745,10.51,"10°46'32.34""N, 106°40'15.34""E",FIX,
00:15:33.073,1786209333.073,UTURN_EXECUTION,10.070,-0.394,-0.708,71.47,0.350,-1.800,0.000,0.000,0.000,0.000,0.00,10.77565001,106.67092745,10.51,"10°46'32.34""N, 106°40'15.34""E",FIX,
00:15:33.185,1786209333.185,UTURN_EXECUTION,10.095,-0.419,-0.888,71.47,0.350,-1.800,0.000,0.000,0.000,0.000,0.00,10.77564983,106.67092745,10.51,"10°46'32.34""N, 106°40'15.34""E",FIX,
00:15:33.236,1786209333.237,UTURN_EXECUTION,10.107,-0.436,-0.996,71.47,0.350,-1.800,0.000,0.000,0.000,0.000,0.00,10.77564983,106.67092745,10.51,"10°46'32.34""N, 106°40'15.34""E",FIX,
00:15:33.331,1786209333.332,UTURN_EXECUTION,10.117,-0.454,-1.104,71.47,0.350,-1.800,0.000,0.000,0.000,0.000,0.00,10.77564983,106.67092745,10.51,"10°46'32.34""N, 106°40'15.34""E",FIX,
00:15:33.413,1786209333.413,UTURN_EXECUTION,10.126,-0.473,-1.212,71.47,0.350,-1.800,0.000,0.000,0.000,0.000,0.00,10.77564983,106.67092745,10.51,"10°46'32.34""N, 106°40'15.34""E",FIX,
00:15:33.510,1786209333.510,UTURN_EXECUTION,10.134,-0.500,-1.356,71.47,0.350,-1.800,0.000,0.000,0.000,0.000,0.00,10.77564965,106.67092745,10.51,"10°46'32.34""N, 106°40'15.34""E",FIX,
00:15:33.584,1786209333.585,UTURN_EXECUTION,10.136,-0.514,-1.428,71.47,0.350,-1.800,0.000,0.000,0.000,0.000,0.00,10.77564965,106.67092745,10.51,"10°46'32.34""N, 106°40'15.34""E",FIX,
00:15:33.684,1786209333.685,UTURN_EXECUTION,10.138,-0.542,-1.572,71.47,0.350,-1.800,0.000,0.000,0.000,0.000,0.00,10.77564965,106.67092745,10.51,"10°46'32.34""N, 106°40'15.34""E",FIX,
00:15:33.777,1786209333.778,UTURN_EXECUTION,10.136,-0.570,-1.716,71.47,0.350,-1.800,0.000,0.000,0.000,0.000,0.00,10.77564947,106.67092745,10.51,"10°46'32.34""N, 106°40'15.34""E",FIX,
00:15:33.868,1786209333.868,UTURN_EXECUTION,10.132,-0.590,-1.824,71.47,0.350,-1.800,0.000,0.000,0.000,0.000,0.00,10.77564947,106.67092745,10.51,"10°46'32.34""N, 106°40'15.34""E",FIX,
00:15:33.932,1786209333.932,UTURN_EXECUTION,10.126,-0.610,-1.932,71.47,0.350,-1.800,0.000,0.000,0.000,0.000,0.00,10.77564947,106.67092745,10.51,"10°46'32.34""N, 106°40'15.34""E",FIX,
00:15:34.021,1786209334.021,UTURN_EXECUTION,10.114,-0.636,-2.076,71.47,0.350,-1.800,0.000,0.000,0.000,0.000,0.00,10.77564930,106.67092745,10.51,"10°46'32.34""N, 106°40'15.34""E",FIX,
00:15:34.089,1786209334.089,UTURN_EXECUTION,10.107,-0.648,-2.148,71.47,0.350,-1.800,0.000,0.000,0.000,0.000,0.00,10.77564930,106.67092745,10.51,"10°46'32.34""N, 106°40'15.34""E",FIX,
00:15:34.172,1786209334.173,UTURN_EXECUTION,10.090,-0.670,-2.292,71.47,0.350,-1.800,0.000,0.000,0.000,0.000,0.00,10.77564930,106.67092745,10.51,"10°46'32.34""N, 106°40'15.34""E",FIX,
00:15:34.240,1786209334.241,UTURN_EXECUTION,10.075,-0.685,-2.400,71.47,0.350,-1.800,0.000,0.000,0.000,0.000,0.00,10.77564912,106.67092745,10.51,"10°46'32.34""N, 106°40'15.34""E",FIX,
00:15:34.334,1786209334.334,UTURN_EXECUTION,10.053,-0.702,-2.544,71.47,0.350,-1.800,0.000,0.000,0.000,0.000,0.00,10.77564912,106.67092745,10.51,"10°46'32.34""N, 106°40'15.34""E",FIX,
00:15:34.415,1786209334.415,UTURN_EXECUTION,10.035,-0.713,-2.652,71.47,0.350,-1.800,0.000,0.000,0.000,0.000,0.00,10.77564912,106.67092745,10.51,"10°46'32.34""N, 106°40'15.34""E",FIX,
00:15:34.490,1786209334.491,UTURN_EXECUTION,10.016,-0.722,-2.760,71.47,0.350,-1.800,0.000,0.000,0.000,0.000,0.00,10.77564894,106.67092745,10.51,"10°46'32.34""N, 106°40'15.34""E",FIX,
00:15:34.567,1786209334.567,UTURN_EXECUTION,9.996,-0.729,-2.868,71.47,0.350,-1.800,0.000,0.000,0.000,0.000,0.00,10.77564894,106.67092745,10.51,"10°46'32.34""N, 106°40'15.34""E",FIX,
00:15:34.663,1786209334.664,UTURN_EXECUTION,9.969,-0.734,-3.012,71.47,0.350,-1.800,0.000,0.000,0.000,0.000,0.00,10.77564894,106.67092745,10.51,"10°46'32.34""N, 106°40'15.34""E",FIX,
00:15:34.738,1786209334.738,UTURN_EXECUTION,9.948,-0.736,-3.120,71.47,0.350,-1.800,0.000,0.000,0.000,0.000,0.00,10.77564876,106.67092745,10.51,"10°46'32.34""N, 106°40'15.34""E",FIX,
00:15:34.806,1786209334.807,UTURN_EXECUTION,9.927,-0.735,3.055,71.47,0.350,-1.800,0.000,0.000,0.000,0.000,0.00,10.77564876,106.67092745,10.51,"10°46'32.34""N, 106°40'15.34""E",FIX,
00:15:34.892,1786209334.893,UTURN_EXECUTION,9.906,-0.732,2.947,71.47,0.350,-1.800,0.000,0.000,0.000,0.000,0.00,10.77564876,106.67092745,10.51,"10°46'32.34""N, 106°40'15.34""E",FIX,
00:15:34.972,1786209334.972,UTURN_EXECUTION,9.886,-0.727,2.839,71.47,0.350,-1.800,0.000,0.000,0.000,0.000,0.00,10.77564858,106.67092745,10.51,"10°46'32.33""N, 106°40'15.34""E",FIX,
00:15:35.068,1786209335.068,UTURN_EXECUTION,9.860,-0.717,2.695,71.47,0.350,-1.800,0.000,0.000,0.000,0.000,0.00,10.77564858,106.67092745,10.51,"10°46'32.33""N, 106°40'15.34""E",FIX,
00:15:35.158,1786209335.159,UTURN_EXECUTION,9.836,-0.703,2.551,71.47,0.350,-1.800,0.000,0.000,0.000,0.000,0.00,10.77564858,106.67092745,10.51,"10°46'32.33""N, 106°40'15.34""E",FIX,
00:15:35.233,1786209335.234,UTURN_EXECUTION,9.824,-0.695,2.479,71.47,0.350,-1.800,0.000,0.000,0.000,0.000,0.00,10.77564841,106.67092745,10.51,"10°46'32.33""N, 106°40'15.34""E",FIX,
00:15:35.305,1786209335.305,UTURN_EXECUTION,9.803,-0.676,2.335,71.47,0.350,-1.800,0.000,0.000,0.000,0.000,0.00,10.77564841,106.67092745,10.51,"10°46'32.33""N, 106°40'15.34""E",FIX,
00:15:35.406,1786209335.407,UTURN_EXECUTION,9.786,-0.655,2.191,71.47,0.350,-1.800,0.000,0.000,0.000,0.000,0.00,10.77564841,106.67092745,10.51,"10°46'32.33""N, 106°40'15.34""E",FIX,
00:15:35.490,1786209335.491,UTURN_EXECUTION,9.774,-0.637,2.083,71.47,0.350,-1.800,0.000,0.000,0.000,0.000,0.00,10.77564823,106.67092745,10.51,"10°46'32.33""N, 106°40'15.34""E",FIX,
00:15:35.558,1786209335.559,UTURN_EXECUTION,9.765,-0.618,1.975,71.47,0.350,-1.800,0.000,0.000,0.000,0.000,0.00,10.77564823,106.67092745,10.51,"10°46'32.33""N, 106°40'15.34""E",FIX,
00:15:35.637,1786209335.637,UTURN_EXECUTION,9.758,-0.598,1.867,71.47,0.350,-1.800,0.000,0.000,0.000,0.000,0.00,10.77564823,106.67092745,10.51,"10°46'32.33""N, 106°40'15.34""E",FIX,
00:15:35.732,1786209335.733,UTURN_EXECUTION,9.752,-0.571,1.723,71.47,0.350,-1.800,0.000,0.000,0.000,0.000,0.00,10.77564805,106.67092745,10.51,"10°46'32.33""N, 106°40'15.34""E",FIX,
00:15:35.807,1786209335.807,UTURN_EXECUTION,9.750,-0.550,1.615,71.47,0.350,-1.800,0.000,0.000,0.000,0.000,0.00,10.77564805,106.67092745,10.51,"10°46'32.33""N, 106°40'15.34""E",FIX,
00:15:35.891,1786209335.892,UTURN_EXECUTION,9.750,-0.529,1.507,71.47,0.350,-1.800,0.000,0.000,0.000,0.000,0.00,10.77564805,106.67092745,10.51,"10°46'32.33""N, 106°40'15.34""E",FIX,
00:15:35.964,1786209335.965,UTURN_EXECUTION,9.752,-0.508,1.399,71.47,0.350,-1.800,0.000,0.000,0.000,0.000,0.00,10.77564787,106.67092745,10.51,"10°46'32.33""N, 106°40'15.34""E",FIX,
00:15:36.050,1786209336.051,UTURN_EXECUTION,9.759,-0.481,1.255,71.47,0.350,-1.800,0.000,0.000,0.000,0.000,0.00,10.77564787,106.67092745,10.51,"10°46'32.33""N, 106°40'15.34""E",FIX,
00:15:36.131,1786209336.131,UTURN_EXECUTION,9.767,-0.462,1.147,71.47,0.350,-1.800,0.000,0.000,0.000,0.000,0.00,10.77564787,106.67092745,10.51,"10°46'32.33""N, 106°40'15.34""E",FIX,
00:15:36.192,1786209336.193,UTURN_EXECUTION,9.776,-0.443,1.039,71.47,0.350,-1.800,0.000,0.000,0.000,0.000,0.00,10.77564769,106.67092745,10.51,"10°46'32.33""N, 106°40'15.34""E",FIX,
00:15:36.278,1786209336.278,UTURN_EXECUTION,9.788,-0.426,0.931,71.47,0.350,-1.800,0.000,0.000,0.000,0.000,0.00,10.77564769,106.67092745,10.51,"10°46'32.33""N, 106°40'15.34""E",FIX,
00:15:36.370,1786209336.370,UTURN_EXECUTION,9.806,-0.404,0.787,71.47,0.350,-1.800,0.000,0.000,0.000,0.000,0.00,10.77564769,106.67092745,10.51,"10°46'32.33""N, 106°40'15.34""E",FIX,
00:15:36.451,1786209336.451,UTURN_EXECUTION,9.822,-0.390,0.679,71.47,0.350,-1.800,0.000,0.000,0.000,0.000,0.00,10.77564752,106.67092745,10.51,"10°46'32.33""N, 106°40'15.34""E",FIX,
00:15:36.538,1786209336.539,UTURN_EXECUTION,9.845,-0.374,0.535,71.47,0.350,-1.800,0.000,0.000,0.000,0.000,0.00,10.77564752,106.67092745,10.51,"10°46'32.33""N, 106°40'15.34""E",FIX,
00:15:36.653,1786209336.654,UTURN_EXECUTION,9.863,-0.365,0.427,71.47,0.350,-1.800,0.000,0.000,0.000,0.000,0.00,10.77564752,106.67092745,10.51,"10°46'32.33""N, 106°40'15.34""E",FIX,
00:15:36.783,1786209336.784,UTURN_EXECUTION,9.876,-0.359,0.355,71.47,0.350,-1.800,0.000,0.000,0.000,0.000,0.00,10.77564734,106.67092745,10.51,"10°46'32.33""N, 106°40'15.34""E",FIX,
00:15:36.898,1786209336.898,UTURN_EXECUTION,9.903,-0.351,0.211,71.47,0.350,-1.800,0.000,0.000,0.000,0.000,0.00,10.77564734,106.67092745,10.51,"10°46'32.33""N, 106°40'15.34""E",FIX,
00:15:36.973,1786209336.973,UTURN_EXECUTION,9.924,-0.348,0.103,71.47,0.350,-1.800,0.000,0.000,0.000,0.000,0.00,10.77564734,106.67092745,10.51,"10°46'32.33""N, 106°40'15.34""E",FIX,
00:15:37.083,1786209337.084,UTURN_EXECUTION,9.959,-0.348,-0.077,71.47,0.350,-1.800,0.000,0.000,0.000,0.000,0.00,10.77564716,106.67092745,10.51,"10°46'32.33""N, 106°40'15.34""E",FIX,
00:15:37.147,1786209337.147,UTURN_EXECUTION,9.980,-0.350,-0.185,71.47,0.350,-1.800,0.000,0.000,0.000,0.000,0.00,10.77564716,106.67092745,10.51,"10°46'32.33""N, 106°40'15.34""E",FIX,
00:15:37.217,1786209337.218,UTURN_EXECUTION,10.000,-0.355,-0.293,71.47,0.350,-1.800,0.000,0.000,0.000,0.000,0.00,10.77564716,106.67092745,10.51,"10°46'32.33""N, 106°40'15.34""E",FIX,
00:15:37.304,1786209337.305,UTURN_EXECUTION,10.020,-0.363,-0.401,71.47,0.350,-1.800,0.000,0.000,0.000,0.000,0.00,10.77564698,106.67092745,10.51,"10°46'32.33""N, 106°40'15.34""E",FIX,
00:15:37.378,1786209337.379,UTURN_EXECUTION,10.039,-0.372,-0.509,71.47,0.350,-1.800,0.000,0.000,0.000,0.000,0.00,10.77564698,106.67092745,10.51,"10°46'32.33""N, 106°40'15.34""E",FIX,
00:15:37.476,1786209337.476,UTURN_EXECUTION,10.062,-0.387,-0.653,71.47,0.350,-1.800,0.000,0.000,0.000,0.000,0.00,10.77564698,106.67092745,10.51,"10°46'32.33""N, 106°40'15.34""E",FIX,
00:15:37.562,1786209337.563,UTURN_EXECUTION,10.078,-0.401,-0.761,71.47,0.350,-1.800,0.000,0.000,0.000,0.000,0.00,10.77564680,106.67092745,10.51,"10°46'32.33""N, 106°40'15.34""E",FIX,
00:15:37.635,1786209337.636,UTURN_EXECUTION,10.092,-0.416,-0.869,71.47,0.350,-1.800,0.000,0.000,0.000,0.000,0.00,10.77564680,106.67092745,10.51,"10°46'32.33""N, 106°40'15.34""E",FIX,
00:15:37.727,1786209337.727,UTURN_EXECUTION,10.109,-0.439,-1.013,71.47,0.350,-1.800,0.000,0.000,0.000,0.000,0.00,10.77564680,106.67092745,10.51,"10°46'32.33""N, 106°40'15.34""E",FIX,
00:15:37.787,1786209337.788,UTURN_EXECUTION,10.116,-0.451,-1.085,71.47,0.350,-1.800,0.000,0.000,0.000,0.000,0.00,10.77564663,106.67092745,10.51,"10°46'32.33""N, 106°40'15.34""E",FIX,
00:15:37.863,1786209337.864,UTURN_EXECUTION,10.127,-0.476,-1.229,71.47,0.350,-1.800,0.000,0.000,0.000,0.000,0.00,10.77564663,106.67092745,10.51,"10°46'32.33""N, 106°40'15.34""E",FIX,
00:15:37.941,1786209337.941,UTURN_EXECUTION,10.133,-0.497,-1.337,71.47,0.350,-1.800,0.000,0.000,0.000,0.000,0.00,10.77564663,106.67092745,10.51,"10°46'32.33""N, 106°40'15.34""E",FIX,
00:15:38.036,1786209338.036,UTURN_EXECUTION,10.137,-0.524,-1.481,71.47,0.350,-1.800,0.000,0.000,0.000,0.000,0.00,10.77564645,106.67092745,10.51,"10°46'32.33""N, 106°40'15.34""E",FIX,
00:15:38.103,1786209338.103,UTURN_EXECUTION,10.138,-0.545,-1.589,71.47,0.350,-1.800,0.000,0.000,0.000,0.000,0.00,10.77564645,106.67092745,10.51,"10°46'32.33""N, 106°40'15.34""E",FIX,
00:15:38.187,1786209338.188,UTURN_EXECUTION,10.137,-0.566,-1.697,71.47,0.350,-1.800,0.000,0.000,0.000,0.000,0.00,10.77564645,106.67092745,10.51,"10°46'32.33""N, 106°40'15.34""E",FIX,
00:15:38.273,1786209338.274,UTURN_EXECUTION,10.131,-0.594,-1.841,71.47,0.350,-1.800,0.000,0.000,0.000,0.000,0.00,10.77564627,106.67092745,10.51,"10°46'32.33""N, 106°40'15.34""E",FIX,
00:15:38.336,1786209338.337,UTURN_EXECUTION,10.124,-0.613,-1.949,71.47,0.350,-1.800,0.000,0.000,0.000,0.000,0.00,10.77564627,106.67092745,10.51,"10°46'32.33""N, 106°40'15.34""E",FIX,
00:15:38.421,1786209338.422,UTURN_EXECUTION,10.116,-0.632,-2.057,71.47,0.350,-1.800,0.000,0.000,0.000,0.000,0.00,10.77564627,106.67092745,10.51,"10°46'32.33""N, 106°40'15.34""E",FIX,
00:15:38.496,1786209338.497,UTURN_EXECUTION,10.105,-0.650,-2.165,71.47,0.350,-1.800,0.000,0.000,0.000,0.000,0.00,10.77564609,106.67092745,10.51,"10°46'32.33""N, 106°40'15.34""E",FIX,
00:15:38.589,1786209338.590,UTURN_EXECUTION,10.088,-0.672,-2.309,71.47,0.350,-1.800,0.000,0.000,0.000,0.000,0.00,10.77564609,106.67092745,10.51,"10°46'32.33""N, 106°40'15.34""E",FIX,
00:15:38.676,1786209338.676,UTURN_EXECUTION,10.067,-0.692,-2.453,71.47,0.350,-1.800,0.000,0.000,0.000,0.000,0.00,10.77564609,106.67092745,10.51,"10°46'32.33""N, 106°40'15.34""E",FIX,
00:15:38.751,1786209338.752,UTURN_EXECUTION,10.056,-0.700,-2.525,71.47,0.350,-1.800,0.000,0.000,0.000,0.000,0.00,10.77564592,106.67092745,10.51,"10°46'32.33""N, 106°40'15.34""E",FIX,
00:15:38.850,1786209338.850,UTURN_EXECUTION,10.032,-0.715,-2.669,71.47,0.350,-1.800,0.000,0.000,0.000,0.000,0.00,10.77564592,106.67092745,10.51,"10°46'32.33""N, 106°40'15.34""E",FIX,
00:15:38.931,1786209338.932,UTURN_EXECUTION,10.013,-0.723,-2.777,71.47,0.350,-1.800,0.000,0.000,0.000,0.000,0.00,10.77564592,106.67092745,10.51,"10°46'32.33""N, 106°40'15.34""E",FIX,
00:15:39.010,1786209339.010,UTURN_EXECUTION,9.993,-0.730,-2.885,71.47,0.350,-1.800,0.000,0.000,0.000,0.000,0.00,10.77564574,106.67092745,10.51,"10°46'32.32""N, 106°40'15.34""E",FIX,
00:15:39.101,1786209339.102,UTURN_EXECUTION,9.966,-0.735,-3.029,71.47,0.350,-1.800,0.000,0.000,0.000,0.000,0.00,10.77564574,106.67092745,10.51,"10°46'32.32""N, 106°40'15.34""E",FIX,
00:15:39.174,1786209339.174,UTURN_EXECUTION,9.952,-0.736,-3.101,71.47,0.350,-1.800,0.000,0.000,0.000,0.000,0.00,10.77564574,106.67092745,10.51,"10°46'32.32""N, 106°40'15.34""E",FIX,
00:15:39.275,1786209339.275,UTURN_EXECUTION,9.924,-0.735,3.038,71.47,0.350,-1.800,0.000,0.000,0.000,0.000,0.00,10.77564556,106.67092745,10.51,"10°46'32.32""N, 106°40'15.34""E",FIX,
00:15:39.377,1786209339.378,UTURN_EXECUTION,9.896,-0.730,2.894,71.47,0.350,-1.800,0.000,0.000,0.000,0.000,0.00,10.77564556,106.67092745,10.51,"10°46'32.32""N, 106°40'15.34""E",FIX,
00:15:39.439,1786209339.439,UTURN_EXECUTION,9.883,-0.726,2.822,71.47,0.350,-1.800,0.000,0.000,0.000,0.000,0.00,10.77564556,106.67092745,10.51,"10°46'32.32""N, 106°40'15.34""E",FIX,
00:15:39.524,1786209339.524,UTURN_EXECUTION,9.857,-0.716,2.678,71.47,0.350,-1.800,0.000,0.000,0.000,0.000,0.00,10.77564538,106.67092745,10.51,"10°46'32.32""N, 106°40'15.34""E",FIX,
00:15:39.603,1786209339.604,UTURN_EXECUTION,9.839,-0.705,2.570,71.47,0.350,-1.800,0.000,0.000,0.000,0.000,0.00,10.77564538,106.67092745,10.51,"10°46'32.32""N, 106°40'15.34""E",FIX,
00:15:39.701,1786209339.701,UTURN_EXECUTION,9.816,-0.688,2.426,71.47,0.350,-1.800,0.000,0.000,0.000,0.000,0.00,10.77564538,106.67092745,10.51,"10°46'32.32""N, 106°40'15.34""E",FIX,
00:15:39.760,1786209339.761,UTURN_EXECUTION,9.806,-0.679,2.354,71.47,0.350,-1.800,0.000,0.000,0.000,0.000,0.00,10.77564538,106.67092745,10.51,"10°46'32.32""N, 106°40'15.34""E",FIX,
00:15:39.837,1786209339.838,UTURN_EXECUTION,9.788,-0.658,2.210,71.47,0.350,-1.800,0.000,0.000,0.000,0.000,0.00,10.77564520,106.67092745,10.51,"10°46'32.32""N, 106°40'15.34""E",FIX,
00:15:39.925,1786209339.925,UTURN_EXECUTION,9.776,-0.640,2.102,71.47,0.350,-1.800,0.000,0.000,0.000,0.000,0.00,10.77564520,106.67092745,10.51,"10°46'32.32""N, 106°40'15.34""E",FIX,
00:15:40.052,1786209340.053,UTURN_EXECUTION,9.764,-0.615,1.958,71.47,0.350,-1.800,0.000,0.000,0.000,0.000,0.00,10.77564503,106.67092745,10.51,"10°46'32.32""N, 106°40'15.34""E",FIX,
00:15:40.169,1786209340.170,UTURN_EXECUTION,9.755,-0.588,1.814,71.47,0.350,-1.800,0.000,0.000,0.000,0.000,0.00,10.77564503,106.67092745,10.51,"10°46'32.32""N, 106°40'15.34""E",FIX,
00:15:40.239,1786209340.239,UTURN_EXECUTION,9.752,-0.575,1.742,71.47,0.350,-1.800,0.000,0.000,0.000,0.000,0.00,10.77564503,106.67092745,10.51,"10°46'32.32""N, 106°40'15.34""E",FIX,
00:15:40.303,1786209340.304,UTURN_EXECUTION,9.750,-0.554,1.634,71.47,0.350,-1.800,0.000,0.000,0.000,0.000,0.00,10.77564503,106.67092745,10.51,"10°46'32.32""N, 106°40'15.34""E",FIX,
00:15:40.390,1786209340.391,UTURN_EXECUTION,9.750,-0.526,1.490,71.47,0.350,-1.800,0.000,0.000,0.000,0.000,0.00,10.77564485,106.67092745,10.51,"10°46'32.32""N, 106°40'15.34""E",FIX,
00:15:40.482,1786209340.483,UTURN_EXECUTION,9.754,-0.498,1.346,71.47,0.350,-1.800,0.000,0.000,0.000,0.000,0.00,10.77564485,106.67092745,10.51,"10°46'32.32""N, 106°40'15.34""E",FIX,
00:15:40.568,1786209340.568,UTURN_EXECUTION,9.760,-0.478,1.238,71.47,0.350,-1.800,0.000,0.000,0.000,0.000,0.00,10.77564467,106.67092745,10.51,"10°46'32.32""N, 106°40'15.34""E",FIX,
00:15:40.632,1786209340.632,UTURN_EXECUTION,9.765,-0.465,1.166,71.47,0.350,-1.800,0.000,0.000,0.000,0.000,0.00,10.77564467,106.67092745,10.51,"10°46'32.32""N, 106°40'15.34""E",FIX,
00:15:40.710,1786209340.710,UTURN_EXECUTION,9.778,-0.440,1.022,71.47,0.350,-1.800,0.000,0.000,0.000,0.000,0.00,10.77564467,106.67092745,10.51,"10°46'32.32""N, 106°40'15.34""E",FIX,
00:15:40.785,1786209340.785,UTURN_EXECUTION,9.790,-0.423,0.914,71.47,0.350,-1.800,0.000,0.000,0.000,0.000,0.00,10.77564467,106.67092745,10.51,"10°46'32.32""N, 106°40'15.34""E",FIX,
00:15:40.860,1786209340.861,UTURN_EXECUTION,9.803,-0.407,0.806,71.47,0.350,-1.800,0.000,0.000,0.000,0.000,0.00,10.77564449,106.67092745,10.51,"10°46'32.32""N, 106°40'15.34""E",FIX,
00:15:40.929,1786209340.930,UTURN_EXECUTION,9.824,-0.388,0.662,71.47,0.350,-1.800,0.000,0.000,0.000,0.000,0.00,10.77564449,106.67092745,10.51,"10°46'32.32""N, 106°40'15.34""E",FIX,
00:15:41.010,1786209341.011,UTURN_EXECUTION,9.847,-0.373,0.518,71.47,0.350,-1.800,0.000,0.000,0.000,0.000,0.00,10.77564431,106.67092745,10.51,"10°46'32.32""N, 106°40'15.34""E",FIX,
00:15:41.082,1786209341.082,UTURN_EXECUTION,9.866,-0.363,0.410,71.47,0.350,-1.800,0.000,0.000,0.000,0.000,0.00,10.77564431,106.67092745,10.51,"10°46'32.32""N, 106°40'15.34""E",FIX,
