Time,Unix_Timestamp,FSM_State,Pos_X_m,Pos_Y_m,Yaw_rad,Steer_Angle_deg,Linear_Vel_mps,Angular_Vel_radps,IMU_Yaw_rad,IMU_Angular_Vel_z,IMU_Accel_x,Confidence,Dist_Traveled_m,GPS_Latitude,GPS_Longitude,GPS_Altitude_m,GPS_DMS,GPS_Status,Event
13:09:58.846,1786255798.846,TRACKING,-0.000,0.000,-0.000,0.00,0.450,-0.000,0.000,0.000,0.000,0.000,0.00,10.77566700,106.67088900,10.00,"10°46'32.40""N, 106°40'15.20""E",ODOM_ESTIMATED,
13:09:58.859,1786255798.860,TRACKING,-0.000,0.000,-0.000,0.00,0.450,-0.000,0.000,0.000,0.000,0.000,0.00,10.77566700,106.67088900,10.00,"10°46'32.40""N, 106°40'15.20""E",ODOM_ESTIMATED,
13:09:58.925,1786255798.925,TRACKING,0.020,-0.000,0.000,0.00,0.450,-0.000,0.000,0.000,0.000,0.000,0.02,10.77567062,106.67087535,10.51,"10°46'32.41""N, 106°40'15.15""E",FIX,
13:09:59.023,1786255799.024,TRACKING,0.047,-0.000,0.000,0.00,0.450,-0.000,0.000,0.000,0.000,0.000,0.05,10.77567062,106.67087535,10.51,"10°46'32.41""N, 106°40'15.15""E",FIX,
13:09:59.102,1786255799.103,TRACKING,0.083,-0.000,0.000,0.00,0.450,-0.000,0.000,0.000,0.000,0.000,0.08,10.77567062,106.67087535,10.51,"10°46'32.41""N, 106°40'15.15""E",FIX,
13:09:59.186,1786255799.186,TRACKING,0.110,-0.000,0.000,0.00,0.450,-0.000,0.000,0.000,0.000,0.000,0.11,10.77567062,106.67087576,10.51,"10°46'32.41""N, 106°40'15.15""E",FIX,
13:09:59.261,1786255799.262,TRACKING,0.137,-0.000,0.000,0.00,0.450,-0.000,0.000,0.000,0.000,0.000,0.14,10.77567062,106.67087576,10.51,"10°46'32.41""N, 106°40'15.15""E",FIX,
13:09:59.342,1786255799.343,TRACKING,0.173,-0.000,0.000,0.00,0.450,-0.000,0.000,0.000,0.000,0.000,0.17,10.77567062,106.67087576,10.51,"10°46'32.41""N, 106°40'15.15""E",FIX,
13:09:59.418,1786255799.418,TRACKING,0.200,0.000,0.000,0.00,0.450,-0.000,0.000,0.000,0.000,0.000,0.20,10.77567062,106.67087617,10.51,"10°46'32.41""N, 106°40'15.15""E",FIX,
13:09:59.491,1786255799.491,TRACKING,0.227,0.000,0.000,0.00,0.450,-0.000,0.000,0.000,0.000,0.000,0.23,10.77567062,106.67087617,10.51,"10°46'32.41""N, 106°40'15.15""E",FIX,
13:09:59.569,1786255799.570,TRACKING,0.263,0.000,0.000,0.00,0.450,-0.000,0.000,0.000,0.000,0.000,0.26,10.77567062,106.67087617,10.51,"10°46'32.41""N, 106°40'15.15""E",FIX,
13:09:59.645,1786255799.646,TRACKING,0.290,0.000,0.000,0.00,0.450,-0.000,0.000,0.000,0.000,0.062,0.29,10.77567062,106.67087658,10.51,"10°46'32.41""N, 106°40'15.16""E",FIX,
13:09:59.718,1786255799.718,TRACKING,0.317,0.000,0.000,0.00,0.450,-0.000,0.000,0.000,0.000,0.104,0.32,10.77567062,106.67087658,10.51,"10°46'32.41""N, 106°40'15.16""E",FIX,
13:09:59.791,1786255799.791,TRACKING,0.344,0.000,0.000,0.00,0.450,-0.000,0.000,0.000,0.000,0.167,0.34,10.77567062,106.67087658,10.51,"10°46'32.41""N, 106°40'15.16""E",FIX,
13:09:59.865,1786255799.866,TRACKING,0.371,0.000,0.000,0.00,0.450,-0.000,0.000,0.000,0.000,0.208,0.37,10.77567062,106.67087658,10.51,"10°46'32.41""N, 106°40'15.16""E",FIX,
13:09:59.948,1786255799.948,TRACKING,0.407,0.000,0.000,0.00,0.450,-0.000,0.000,0.000,0.000,0.271,0.41,10.77567062,106.67087699,10.51,"10°46'32.41""N, 106°40'15.16""E",FIX,
13:10:00.035,1786255800.036,TRACKING,0.434,0.000,0.000,0.00,0.450,-0.000,0.000,0.000,0.000,0.333,0.43,10.77567062,106.67087699,10.51,"10°46'32.41""N, 106°40'15.16""E",FIX,
13:10:00.117,1786255800.117,TRACKING,0.470,0.000,0.000,-0.00,0.450,0.002,0.000,0.000,0.000,0.396,0.47,10.77567062,106.67087740,10.51,"10°46'32.41""N, 106°40'15.16""E",FIX,
13:10:00.193,1786255800.193,TRACKING,0.497,0.000,0.000,-0.00,0.450,-0.000,0.000,0.000,0.000,0.437,0.50,10.77567062,106.67087740,10.51,"10°46'32.41""N, 106°40'15.16""E",FIX,
13:10:00.252,1786255800.253,TRACKING,0.524,0.000,0.000,-0.00,0.450,-0.000,0.000,0.000,0.000,0.500,0.52,10.77567062,106.67087740,10.51,"10°46'32.41""N, 106°40'15.16""E",FIX,
13:10:00.329,1786255800.329,TRACKING,0.551,0.000,0.000,-0.00,0.450,-0.000,0.000,0.000,0.000,0.583,0.55,10.77567062,106.67087740,10.51,"10°46'32.41""N, 106°40'15.16""E",FIX,
13:10:00.413,1786255800.413,TRACKING,0.587,0.000,0.000,-0.00,0.450,-0.000,0.000,0.000,0.000,0.646,0.59,10.77567062,106.67087782,10.51,"10°46'32.41""N, 106°40'15.16""E",FIX,
13:10:00.494,1786255800.494,TRACKING,0.623,0.000,0.000,-0.00,0.450,-0.000,0.000,0.000,0.000,0.708,0.62,10.77567062,106.67087782,10.51,"10°46'32.41""N, 106°40'15.16""E",FIX,
13:10:00.578,1786255800.578,TRACKING,0.650,0.000,0.000,-0.00,0.450,-0.000,0.000,0.000,0.000,0.771,0.65,10.77567062,106.67087823,10.51,"10°46'32.41""N, 106°40'15.16""E",FIX,
13:10:00.651,1786255800.652,TRACKING,0.677,0.000,0.000,-0.00,0.450,-0.000,0.000,0.000,0.000,0.854,0.68,10.77567062,106.67087823,10.51,"10°46'32.41""N, 106°40'15.16""E",FIX,
13:10:00.719,1786255800.720,TRACKING,0.704,0.000,0.000,-0.00,0.450,-0.000,0.000,0.000,0.000,0.917,0.70,10.77567062,106.67087823,10.51,"10°46'32.41""N, 106°40'15.16""E",FIX,
13:10:00.807,1786255800.807,TRACKING,0.740,0.000,0.000,-0.00,0.450,-0.000,0.000,0.000,0.000,1.000,0.74,10.77567062,106.67087864,10.51,"10°46'32.41""N, 106°40'15.16""E",FIX,
13:10:00.873,1786255800.874,TRACKING,0.758,0.000,0.000,-0.00,0.450,-0.000,0.000,0.000,0.000,1.000,0.76,10.77567062,106.67087864,10.51,"10°46'32.41""N, 106°40'15.16""E",FIX,
13:10:00.950,1786255800.951,TRACKING,0.794,0.000,0.000,-0.00,0.450,-0.000,0.000,0.000,0.000,1.000,0.79,10.77567062,106.67087864,10.51,"10°46'32.41""N, 106°40'15.16""E",FIX,
13:10:01.028,1786255801.029,TRACKING,0.821,0.000,0.000,-0.00,0.450,-0.000,0.000,0.000,0.000,1.000,0.82,10.77567062,106.67087864,10.51,"10°46'32.41""N, 106°40'15.16""E",FIX,
13:10:01.108,1786255801.109,TRACKING,0.848,0.000,0.000,-0.00,0.450,-0.000,0.000,0.000,0.000,1.000,0.85,10.77567062,106.67087905,10.51,"10°46'32.41""N, 106°40'15.16""E",FIX,
13:10:01.183,1786255801.184,TRACKING,0.884,0.000,0.000,-0.00,0.450,-0.000,0.000,0.000,0.000,1.000,0.88,10.77567062,106.67087905,10.51,"10°46'32.41""N, 106°40'15.16""E",FIX,
13:10:01.266,1786255801.266,TRACKING,0.920,0.000,0.000,-0.00,0.450,-0.000,0.000,0.000,0.000,1.000,0.92,10.77567062,106.67087946,10.51,"10°46'32.41""N, 106°40'15.17""E",FIX,
13:10:01.329,1786255801.329,TRACKING,0.938,0.000,0.000,-0.00,0.450,-0.000,0.000,0.000,0.000,1.000,0.94,10.77567062,106.67087946,10.51,"10°46'32.41""N, 106°40'15.17""E",FIX,
13:10:01.400,1786255801.400,TRACKING,0.965,0.000,0.000,-0.00,0.450,-0.000,0.000,0.000,0.000,1.000,0.97,10.77567062,106.67087946,10.51,"10°46'32.41""N, 106°40'15.17""E",FIX,
13:10:01.490,1786255801.491,TRACKING,1.010,0.000,0.000,-0.00,0.450,-0.000,0.000,0.000,0.000,1.000,1.01,10.77567062,106.67087987,10.51,"10°46'32.41""N, 106°40'15.17""E",FIX,
13:10:01.561,1786255801.561,TRACKING,1.037,0.000,0.000,-0.00,0.450,-0.000,0.000,0.000,0.000,1.000,1.04,10.77567062,106.67087987,10.51,"10°46'32.41""N, 106°40'15.17""E",FIX,
13:10:01.638,1786255801.639,TRACKING,1.055,0.000,0.000,-0.00,0.450,-0.000,0.000,0.000,0.000,1.000,1.06,10.77567062,106.67087987,10.51,"10°46'32.41""N, 106°40'15.17""E",FIX,
13:10:01.711,1786255801.712,TRACKING,1.091,0.000,0.000,-0.00,0.450,-0.000,0.000,0.000,0.000,1.000,1.09,10.77567062,106.67087987,10.51,"10°46'32.41""N, 106°40'15.17""E",FIX,
13:10:01.795,1786255801.796,TRACKING,1.118,0.000,0.000,-0.00,0.450,-0.000,0.000,0.000,0.000,1.000,1.12,10.77567062,106.67088028,10.51,"10°46'32.41""N, 106°40'15.17""E",FIX,
13:10:01.868,1786255801.869,TRACKING,1.145,0.000,0.000,-0.00,0.450,-0.000,0.000,0.000,0.000,1.000,1.15,10.77567062,106.67088028,10.51,"10°46'32.41""N, 106°40'15.17""E",FIX,
13:10:01.945,1786255801.945,TRACKING,1.181,0.000,0.000,-0.00,0.450,-0.000,0.000,0.000,0.000,1.000,1.18,10.77567062,106.67088028,10.51,"10°46'32.41""N, 106°40'15.17""E",FIX,
13:10:02.025,1786255802.025,TRACKING,1.208,0.000,0.000,0.00,0.450,-0.002,0.000,0.000,0.000,1.000,1.21,10.77567062,106.67088070,10.51,"10°46'32.41""N, 106°40'15.17""E",FIX,
13:10:02.103,1786255802.103,TRACKING,1.244,0.000,-0.000,0.00,0.450,-0.002,0.000,0.000,0.000,1.000,1.24,10.77567062,106.67088070,10.51,"10°46'32.41""N, 106°40'15.17""E",FIX,
13:10:02.177,1786255802.177,TRACKING,1.271,0.000,-0.000,0.01,0.450,-0.001,0.000,0.000,0.000,1.000,1.27,10.77567062,106.67088070,10.51,"10°46'32.41""N, 106°40'15.17""E",FIX,
13:10:02.261,1786255802.262,TRACKING,1.298,0.000,-0.000,0.01,0.450,-0.001,0.000,0.000,0.000,1.000,1.30,10.77567062,106.67088111,10.51,"10°46'32.41""N, 106°40'15.17""E",FIX,
13:10:02.339,1786255802.339,TRACKING,1.325,0.000,-0.000,0.00,0.450,0.001,0.000,0.000,0.000,1.000,1.33,10.77567062,106.67088111,10.51,"10°46'32.41""N, 106°40'15.17""E",FIX,
13:10:02.406,1786255802.406,TRACKING,1.361,0.000,-0.000,0.00,0.450,0.002,0.000,0.000,0.000,0.604,1.36,10.77567062,106.67088111,10.51,"10°46'32.41""N, 106°40'15.17""E",FIX,
13:10:02.488,1786255802.488,TRACKING,1.388,-0.000,-0.000,-0.00,0.450,0.002,0.000,0.000,0.000,0.667,1.39,10.77567062,106.67088152,10.51,"10°46'32.41""N, 106°40'15.17""E",FIX,
13:10:02.577,1786255802.578,TRACKING,1.415,-0.000,-0.000,-0.00,0.450,0.002,0.000,0.000,0.000,0.750,1.42,10.77567062,106.67088152,10.51,"10°46'32.41""N, 106°40'15.17""E",FIX,
13:10:02.661,1786255802.661,TRACKING,1.442,-0.000,0.000,-0.00,0.450,0.002,0.000,0.000,0.000,0.812,1.44,10.77567062,106.67088152,10.51,"10°46'32.41""N, 106°40'15.17""E",FIX,
13:10:02.742,1786255802.743,TRACKING,1.478,-0.000,0.000,-0.01,0.450,0.001,0.000,0.000,0.000,0.896,1.48,10.77567062,106.67088193,10.51,"10°46'32.41""N, 106°40'15.17""E",FIX,
13:10:02.809,1786255802.810,TRACKING,1.505,0.000,0.000,-0.01,0.450,0.001,0.000,0.000,0.000,0.958,1.51,10.77567062,106.67088193,10.51,"10°46'32.41""N, 106°40'15.17""E",FIX,
13:10:02.898,1786255802.899,TRACKING,1.541,0.000,0.000,-0.01,0.450,0.001,0.000,0.000,0.000,1.000,1.54,10.77567062,106.67088193,10.51,"10°46'32.41""N, 106°40'15.17""E",FIX,
13:10:02.980,1786255802.980,TRACKING,1.568,0.000,0.000,-0.01,0.450,0.001,0.000,0.000,0.000,1.000,1.57,10.77567062,106.67088234,10.51,"10°46'32.41""N, 106°40'15.18""E",FIX,
13:10:03.045,1786255803.046,TRACKING,1.595,0.000,0.000,-0.01,0.450,0.001,0.000,0.000,0.000,1.000,1.60,10.77567062,106.67088234,10.51,"10°46'32.41""N, 106°40'15.18""E",FIX,
13:10:03.140,1786255803.141,TRACKING,1.631,0.000,0.001,-0.01,0.450,0.001,0.000,0.000,0.000,1.000,1.63,10.77567062,106.67088234,10.51,"10°46'32.41""N, 106°40'15.18""E",FIX,
13:10:03.219,1786255803.220,TRACKING,1.658,0.000,0.001,-0.01,0.450,0.001,0.000,0.000,0.000,1.000,1.66,10.77567062,106.67088275,10.51,"10°46'32.41""N, 106°40'15.18""E",FIX,
13:10:03.290,1786255803.290,TRACKING,1.685,0.000,0.001,-0.01,0.450,0.001,0.000,0.000,0.000,1.000,1.69,10.77567062,106.67088275,10.51,"10°46'32.41""N, 106°40'15.18""E",FIX,
13:10:03.370,1786255803.370,TRACKING,1.712,0.000,0.001,-0.01,0.450,0.001,0.000,0.000,0.000,1.000,1.71,10.77567062,106.67088275,10.51,"10°46'32.41""N, 106°40'15.18""E",FIX,
13:10:03.437,1786255803.437,TRACKING,1.739,0.000,0.001,-0.01,0.450,0.001,0.000,0.000,0.000,1.000,1.74,10.77567062,106.67088316,10.51,"10°46'32.41""N, 106°40'15.18""E",FIX,
13:10:03.514,1786255803.514,TRACKING,1.775,0.000,0.001,-0.01,0.450,0.001,0.000,0.000,0.000,1.000,1.78,10.77567062,106.67088316,10.51,"10°46'32.41""N, 106°40'15.18""E",FIX,
13:10:03.590,1786255803.591,TRACKING,1.802,0.000,0.001,-0.01,0.450,0.001,0.000,0.000,0.000,1.000,1.80,10.77567062,106.67088316,10.51,"10°46'32.41""N, 106°40'15.18""E",FIX,
13:10:03.662,1786255803.663,TRACKING,1.829,0.000,0.001,-0.01,0.450,0.001,0.000,0.000,0.000,1.000,1.83,10.77567062,106.67088358,10.51,"10°46'32.41""N, 106°40'15.18""E",FIX,
13:10:03.743,1786255803.743,TRACKING,1.856,0.000,0.001,-0.01,0.450,0.001,0.000,0.000,0.000,1.000,1.86,10.77567062,106.67088358,10.51,"10°46'32.41""N, 106°40'15.18""E",FIX,
13:10:03.828,1786255803.829,TRACKING,1.892,0.000,0.001,-0.01,0.450,0.001,0.000,0.000,0.000,1.000,1.89,10.77567062,106.67088358,10.51,"10°46'32.41""N, 106°40'15.18""E",FIX,
13:10:03.899,1786255803.900,TRACKING,1.919,0.000,0.001,-0.01,0.450,0.001,0.000,0.000,0.000,1.000,1.92,10.77567062,106.67088399,10.51,"10°46'32.41""N, 106°40'15.18""E",FIX,
13:10:03.978,1786255803.978,TRACKING,1.946,0.000,0.001,-0.01,0.450,0.001,0.000,0.000,0.000,1.000,1.95,10.77567062,106.67088399,10.51,"10°46'32.41""N, 106°40'15.18""E",FIX,
13:10:04.054,1786255804.055,TRACKING,1.982,0.000,0.001,-0.01,0.450,0.001,0.000,0.000,0.000,1.000,1.98,10.77567062,106.67088399,10.51,"10°46'32.41""N, 106°40'15.18""E",FIX,
13:10:04.131,1786255804.131,TRACKING,2.009,0.000,0.001,-0.01,0.450,0.001,0.000,0.000,0.000,1.000,2.01,10.77567062,106.67088440,10.51,"10°46'32.41""N, 106°40'15.18""E",FIX,
13:10:04.206,1786255804.207,TRACKING,2.036,0.000,0.001,-0.01,0.450,-0.002,0.000,0.000,0.000,1.000,2.04,10.77567062,106.67088440,10.51,"10°46'32.41""N, 106°40'15.18""E",FIX,
13:10:04.292,1786255804.293,TRACKING,2.072,0.000,0.001,-0.00,0.450,-0.003,0.000,0.000,0.000,1.000,2.07,10.77567062,106.67088440,10.51,"10°46'32.41""N, 106°40'15.18""E",FIX,
13:10:04.379,1786255804.379,TRACKING,2.099,0.001,0.001,0.00,0.450,-0.002,0.000,0.000,0.000,1.000,2.10,10.77567062,106.67088481,10.51,"10°46'32.41""N, 106°40'15.19""E",FIX,
13:10:04.469,1786255804.470,TRACKING,2.135,0.001,0.001,0.01,0.450,-0.004,0.000,0.000,0.000,0.583,2.14,10.77567062,106.67088481,10.51,"10°46'32.41""N, 106°40'15.19""E",FIX,
13:10:04.551,1786255804.552,TRACKING,2.162,0.001,0.001,0.01,0.450,-0.003,0.000,0.000,0.000,0.646,2.16,10.77567062,106.67088481,10.51,"10°46'32.41""N, 106°40'15.19""E",FIX,
13:10:04.629,1786255804.630,TRACKING,2.189,0.001,0.000,0.01,0.450,-0.003,0.000,0.000,0.000,0.708,2.19,10.77567062,106.67088522,10.51,"10°46'32.41""N, 106°40'15.19""E",FIX,
13:10:04.720,1786255804.721,TRACKING,2.225,0.001,0.000,0.01,0.450,-0.002,0.000,0.000,0.000,0.771,2.23,10.77567062,106.67088522,10.51,"10°46'32.41""N, 106°40'15.19""E",FIX,
13:10:04.791,1786255804.791,TRACKING,2.252,0.001,0.000,0.01,0.450,-0.002,0.000,0.000,0.000,0.854,2.25,10.77567062,106.67088522,10.51,"10°46'32.41""N, 106°40'15.19""E",FIX,
13:10:04.889,1786255804.890,TRACKING,2.288,0.001,-0.000,0.02,0.450,-0.002,0.000,0.000,0.000,0.917,2.29,10.77567062,106.67088563,10.51,"10°46'32.41""N, 106°40'15.19""E",FIX,
13:10:04.968,1786255804.968,TRACKING,2.315,0.001,-0.000,0.02,0.450,-0.002,0.000,0.000,0.000,1.000,2.32,10.77567062,106.67088563,10.51,"10°46'32.41""N, 106°40'15.19""E",FIX,
13:10:05.035,1786255805.036,TRACKING,2.333,0.001,-0.000,0.02,0.450,-0.002,0.000,0.000,0.000,1.000,2.33,10.77567062,106.67088563,10.51,"10°46'32.41""N, 106°40'15.19""E",FIX,
13:10:05.131,1786255805.131,TRACKING,2.369,0.001,-0.001,0.02,0.450,-0.002,0.000,0.000,0.000,1.000,2.37,10.77567062,106.67088605,10.51,"10°46'32.41""N, 106°40'15.19""E",FIX,
13:10:05.197,1786255805.198,TRACKING,2.396,0.001,-0.001,0.02,0.450,-0.002,0.000,0.000,0.000,1.000,2.40,10.77567062,106.67088605,10.51,"10°46'32.41""N, 106°40'15.19""E",FIX,
13:10:05.269,1786255805.270,TRACKING,2.423,0.001,-0.001,0.02,0.450,-0.002,0.000,0.000,0.000,1.000,2.42,10.77567062,106.67088605,10.51,"10°46'32.41""N, 106°40'15.19""E",FIX,
13:10:05.345,1786255805.345,TRACKING,2.450,0.001,-0.001,0.02,0.450,-0.002,0.000,0.000,0.000,1.000,2.45,10.77567062,106.67088646,10.51,"10°46'32.41""N, 106°40'15.19""E",FIX,
13:10:05.431,1786255805.432,TRACKING,2.486,0.000,-0.001,0.02,0.450,-0.001,0.000,0.000,0.000,1.000,2.49,10.77567062,106.67088646,10.51,"10°46'32.41""N, 106°40'15.19""E",FIX,
13:10:05.499,1786255805.500,TRACKING,2.513,0.000,-0.001,0.02,0.450,-0.002,0.000,0.000,0.000,1.000,2.51,10.77567062,106.67088646,10.51,"10°46'32.41""N, 106°40'15.19""E",FIX,
13:10:05.598,1786255805.599,TRACKING,2.549,0.000,-0.001,0.02,0.450,-0.001,0.000,0.000,0.000,1.000,2.55,10.77567062,106.67088687,10.51,"10°46'32.41""N, 106°40'15.19""E",FIX,
13:10:05.660,1786255805.661,TRACKING,2.576,0.000,-0.001,0.02,0.450,-0.001,0.000,0.000,0.000,1.000,2.58,10.77567062,106.67088687,10.51,"10°46'32.41""N, 106°40'15.19""E",FIX,
13:10:05.746,1786255805.746,TRACKING,2.603,0.000,-0.001,0.02,0.450,-0.001,0.000,0.000,0.000,1.000,2.60,10.77567062,106.67088687,10.51,"10°46'32.41""N, 106°40'15.19""E",FIX,
13:10:05.814,1786255805.814,TRACKING,2.630,0.000,-0.001,0.02,0.450,-0.001,0.000,0.000,0.000,1.000,2.63,10.77567062,106.67088728,10.51,"10°46'32.41""N, 106°40'15.19""E",FIX,
13:10:05.897,1786255805.897,TRACKING,2.666,0.000,-0.002,0.02,0.450,-0.001,0.000,0.000,0.000,1.000,2.67,10.77567062,106.67088728,10.51,"10°46'32.41""N, 106°40'15.19""E",FIX,
13:10:06.004,1786255806.004,TRACKING,2.702,0.000,-0.002,0.02,0.450,-0.001,0.000,0.000,0.000,1.000,2.70,10.77567062,106.67088728,10.51,"10°46'32.41""N, 106°40'15.19""E",FIX,
13:10:06.061,1786255806.061,TRACKING,2.729,0.000,-0.002,0.02,0.450,-0.001,0.000,0.000,0.000,1.000,2.73,10.77567062,106.67088769,10.51,"10°46'32.41""N, 106°40'15.20""E",FIX,
13:10:06.141,1786255806.142,TRACKING,2.756,0.000,-0.002,0.02,0.450,-0.001,0.000,0.000,0.000,1.000,2.76,10.77567062,106.67088769,10.51,"10°46'32.41""N, 106°40'15.20""E",FIX,
13:10:06.202,1786255806.202,TRACKING,2.783,0.000,-0.002,0.02,0.450,-0.000,0.000,0.000,0.000,1.000,2.78,10.77567062,106.67088769,10.51,"10°46'32.41""N, 106°40'15.20""E",FIX,
13:10:06.296,1786255806.297,TRACKING,2.819,-0.000,-0.002,0.02,0.450,0.000,0.000,0.000,0.000,1.000,2.82,10.77567062,106.67088810,10.51,"10°46'32.41""N, 106°40'15.20""E",FIX,
13:10:06.388,1786255806.389,TRACKING,2.846,-0.000,-0.002,0.01,0.450,-0.000,0.000,0.000,0.000,1.000,2.85,10.77567062,106.67088810,10.51,"10°46'32.41""N, 106°40'15.20""E",FIX,
13:10:06.476,1786255806.476,TRACKING,2.873,-0.000,-0.002,0.01,0.450,-0.000,0.000,0.000,0.000,1.000,2.87,10.77567062,106.67088810,10.51,"10°46'32.41""N, 106°40'15.20""E",FIX,
13:10:06.548,1786255806.549,TRACKING,2.900,-0.000,-0.002,0.01,0.450,0.003,0.000,0.000,0.000,0.750,2.90,10.77567062,106.67088851,10.51,"10°46'32.41""N, 106°40'15.20""E",FIX,
13:10:06.631,1786255806.631,TRACKING,2.927,-0.000,-0.002,0.01,0.450,0.001,0.000,0.000,0.000,0.521,2.93,10.77567062,106.67088851,10.51,"10°46'32.41""N, 106°40'15.20""E",FIX,
13:10:06.719,1786255806.719,TRACKING,2.963,-0.000,-0.002,0.01,0.450,0.001,0.000,0.000,0.000,0.583,2.96,10.77567062,106.67088851,10.51,"10°46'32.41""N, 106°40'15.20""E",FIX,
13:10:06.789,1786255806.789,TRACKING,2.990,-0.000,-0.002,0.00,0.450,0.001,0.000,0.000,0.000,0.667,2.99,10.77567062,106.67088893,10.51,"10°46'32.41""N, 106°40'15.20""E",FIX,
13:10:06.865,1786255806.866,TRACKING,3.026,-0.000,-0.001,0.00,0.450,0.000,0.000,0.000,0.000,0.729,3.03,10.77567062,106.67088893,10.51,"10°46'32.41""N, 106°40'15.20""E",FIX,
13:10:06.944,1786255806.945,TRACKING,3.053,-0.000,-0.001,0.00,0.450,0.000,0.000,0.000,0.000,0.812,3.05,10.77567062,106.67088893,10.51,"10°46'32.41""N, 106°40'15.20""E",FIX,
13:10:07.026,1786255807.027,TRACKING,3.080,-0.000,-0.001,0.00,0.450,0.000,0.000,0.000,0.000,0.875,3.08,10.77567062,106.67088934,10.51,"10°46'32.41""N, 106°40'15.20""E",FIX,
13:10:07.098,1786255807.099,TRACKING,3.107,-0.000,-0.001,0.00,0.450,0.000,0.000,0.000,0.000,0.958,3.11,10.77567062,106.67088934,10.51,"10°46'32.41""N, 106°40'15.20""E",FIX,
13:10:07.189,1786255807.190,TRACKING,3.143,-0.001,-0.001,0.00,0.450,0.000,0.000,0.000,0.000,1.000,3.14,10.77567062,106.67088934,10.51,"10°46'32.41""N, 106°40'15.20""E",FIX,
13:10:07.249,1786255807.249,TRACKING,3.170,-0.001,-0.001,0.00,0.450,0.000,0.000,0.000,0.000,1.000,3.17,10.77567062,106.67088975,10.51,"10°46'32.41""N, 106°40'15.20""E",FIX,
13:10:07.326,1786255807.326,TRACKING,3.197,-0.001,-0.001,0.00,0.450,0.000,0.000,0.000,0.000,1.000,3.20,10.77567062,106.67088975,10.51,"10°46'32.41""N, 106°40'15.20""E",FIX,
13:10:07.409,1786255807.410,TRACKING,3.224,-0.001,-0.001,0.00,0.450,0.000,0.000,0.000,0.000,1.000,3.22,10.77567062,106.67088975,10.51,"10°46'32.41""N, 106°40'15.20""E",FIX,
13:10:07.487,1786255807.488,TRACKING,3.251,-0.001,-0.001,0.00,0.450,0.000,0.000,0.000,0.000,1.000,3.25,10.77567062,106.67088975,10.51,"10°46'32.41""N, 106°40'15.20""E",FIX,
13:10:07.569,1786255807.570,TRACKING,3.287,-0.001,-0.001,0.00,0.450,0.000,0.000,0.000,0.000,1.000,3.29,10.77567062,106.67089016,10.51,"10°46'32.41""N, 106°40'15.20""E",FIX,
13:10:07.652,1786255807.653,TRACKING,3.323,-0.001,-0.001,0.00,0.450,0.000,0.000,0.000,0.000,1.000,3.32,10.77567062,106.67089016,10.51,"10°46'32.41""N, 106°40'15.20""E",FIX,
13:10:07.720,1786255807.721,TRACKING,3.341,-0.001,-0.001,0.00,0.450,0.000,0.000,0.000,0.000,1.000,3.34,10.77567062,106.67089016,10.51,"10°46'32.41""N, 106°40'15.20""E",FIX,
13:10:07.805,1786255807.805,TRACKING,3.377,-0.001,-0.001,0.00,0.450,0.000,0.000,0.000,0.000,1.000,3.38,10.77567062,106.67089057,10.51,"10°46'32.41""N, 106°40'15.21""E",FIX,
13:10:07.869,1786255807.869,TRACKING,3.404,-0.001,-0.001,0.00,0.450,0.000,0.000,0.000,0.000,1.000,3.40,10.77567062,106.67089057,10.51,"10°46'32.41""N, 106°40'15.21""E",FIX,
13:10:07.954,1786255807.955,TRACKING,3.440,-0.001,-0.001,0.00,0.450,0.000,0.000,0.000,0.000,1.000,3.44,10.77567062,106.67089098,10.51,"10°46'32.41""N, 106°40'15.21""E",FIX,
13:10:08.023,1786255808.024,TRACKING,3.467,-0.001,-0.001,0.00,0.450,0.000,0.000,0.000,0.000,1.000,3.47,10.77567062,106.67089098,10.51,"10°46'32.41""N, 106°40'15.21""E",FIX,
13:10:08.103,1786255808.103,TRACKING,3.494,-0.001,-0.001,0.00,0.450,0.000,0.000,0.000,0.000,1.000,3.49,10.77567062,106.67089098,10.51,"10°46'32.41""N, 106°40'15.21""E",FIX,
13:10:08.177,1786255808.177,TRACKING,3.521,-0.001,-0.001,0.00,0.450,0.000,0.000,0.000,0.000,1.000,3.52,10.77567062,106.67089098,10.51,"10°46'32.41""N, 106°40'15.21""E",FIX,
13:10:08.250,1786255808.251,TRACKING,3.548,-0.001,-0.001,0.00,0.450,0.000,0.000,0.000,0.000,1.000,3.55,10.77567062,106.67089139,10.51,"10°46'32.41""N, 106°40'15.21""E",FIX,
13:10:08.331,1786255808.331,TRACKING,3.584,-0.001,-0.001,0.00,0.450,0.000,0.000,0.000,0.000,1.000,3.58,10.77567062,106.67089139,10.51,"10°46'32.41""N, 106°40'15.21""E",FIX,
13:10:08.409,1786255808.410,TRACKING,3.620,-0.001,-0.001,0.00,0.450,0.000,0.000,0.000,0.000,1.000,3.62,10.77567061,106.67089181,10.51,"10°46'32.41""N, 106°40'15.21""E",FIX,
13:10:08.482,1786255808.483,TRACKING,3.647,-0.001,-0.001,0.00,0.450,0.000,0.000,0.000,0.000,1.000,3.65,10.77567061,106.67089181,10.51,"10°46'32.41""N, 106°40'15.21""E",FIX,
13:10:08.551,1786255808.551,TRACKING,3.674,-0.001,-0.001,0.00,0.450,0.000,0.000,0.000,0.000,1.000,3.67,10.77567061,106.67089181,10.51,"10°46'32.41""N, 106°40'15.21""E",FIX,
13:10:08.639,1786255808.640,TRACKING,3.710,-0.001,-0.001,0.00,0.450,0.000,0.000,0.000,0.000,1.000,3.71,10.77567061,106.67089222,10.51,"10°46'32.41""N, 106°40'15.21""E",FIX,
13:10:08.712,1786255808.713,TRACKING,3.737,-0.001,-0.001,0.00,0.450,-0.001,0.000,0.000,0.000,0.625,3.74,10.77567061,106.67089222,10.51,"10°46'32.41""N, 106°40'15.21""E",FIX,
13:10:08.788,1786255808.789,TRACKING,3.764,-0.001,-0.001,0.00,0.450,0.000,0.000,0.000,0.000,0.604,3.76,10.77567061,106.67089222,10.51,"10°46'32.41""N, 106°40'15.21""E",FIX,
13:10:08.864,1786255808.865,TRACKING,3.800,-0.001,-0.001,0.00,0.450,0.000,0.000,0.000,0.000,0.667,3.80,10.77567061,106.67089263,10.51,"10°46'32.41""N, 106°40'15.21""E",FIX,
13:10:08.922,1786255808.922,TRACKING,3.818,-0.001,-0.001,0.00,0.450,0.000,0.000,0.000,0.000,0.750,3.82,10.77567061,106.67089263,10.51,"10°46'32.41""N, 106°40'15.21""E",FIX,
13:10:09.001,1786255809.001,TRACKING,3.854,-0.001,-0.001,0.00,0.450,0.000,0.000,0.000,0.000,0.833,3.85,10.77567061,106.67089263,10.51,"10°46'32.41""N, 106°40'15.21""E",FIX,
13:10:09.077,1786255809.078,TRACKING,3.881,-0.002,-0.001,0.00,0.450,0.000,0.000,0.000,0.000,0.896,3.88,10.77567061,106.67089263,10.51,"10°46'32.41""N, 106°40'15.21""E",FIX,
13:10:09.167,1786255809.168,TRACKING,3.917,-0.002,-0.001,0.00,0.450,-0.002,0.000,0.000,0.000,0.979,3.92,10.77567061,106.67089304,10.51,"10°46'32.41""N, 106°40'15.21""E",FIX,
13:10:09.240,1786255809.240,TRACKING,3.944,-0.002,-0.001,0.00,0.450,0.000,0.000,0.000,0.000,1.000,3.94,10.77567061,106.67089304,10.51,"10°46'32.41""N, 106°40'15.21""E",FIX,
13:10:09.308,1786255809.309,TRACKING,3.971,-0.002,-0.001,0.00,0.450,0.000,0.000,0.000,0.000,1.000,3.97,10.77567061,106.67089304,10.51,"10°46'32.41""N, 106°40'15.21""E",FIX,
13:10:09.392,1786255809.393,TRACKING,4.007,-0.002,-0.001,0.00,0.450,0.000,0.000,0.000,0.000,1.000,4.01,10.77567061,106.67089345,10.51,"10°46'32.41""N, 106°40'15.22""E",FIX,
13:10:09.459,1786255809.460,TRACKING,4.034,-0.002,-0.001,0.00,0.450,-0.002,0.000,0.000,0.000,1.000,4.03,10.77567061,106.67089345,10.51,"10°46'32.41""N, 106°40'15.22""E",FIX,
13:10:09.545,1786255809.545,TRACKING,4.061,-0.002,-0.002,0.00,0.450,-0.002,0.000,0.000,0.000,1.000,4.06,10.77567061,106.67089345,10.51,"10°46'32.41""N, 106°40'15.22""E",FIX,
13:10:09.610,1786255809.611,TRACKING,4.088,-0.002,-0.002,0.00,0.450,0.001,0.000,0.000,0.000,1.000,4.09,10.77567061,106.67089386,10.51,"10°46'32.41""N, 106°40'15.22""E",FIX,
13:10:09.693,1786255809.693,TRACKING,4.124,-0.002,-0.002,0.00,0.450,0.000,0.000,0.000,0.000,1.000,4.12,10.77567061,106.67089386,10.51,"10°46'32.41""N, 106°40'15.22""E",FIX,
13:10:09.762,1786255809.763,TRACKING,4.151,-0.002,-0.002,0.00,0.450,0.000,0.000,0.000,0.000,1.000,4.15,10.77567061,106.67089386,10.51,"10°46'32.41""N, 106°40'15.22""E",FIX,
13:10:09.839,1786255809.840,TRACKING,4.178,-0.002,-0.002,0.00,0.450,-0.002,0.000,0.000,0.000,1.000,4.18,10.77567061,106.67089427,10.51,"10°46'32.41""N, 106°40'15.22""E",FIX,
13:10:09.923,1786255809.924,TRACKING,4.205,-0.002,-0.002,0.00,0.450,0.000,0.000,0.000,0.000,1.000,4.21,10.77567061,106.67089427,10.51,"10°46'32.41""N, 106°40'15.22""E",FIX,
13:10:10.005,1786255810.006,TRACKING,4.241,-0.002,-0.002,0.00,0.450,0.000,0.000,0.000,0.000,1.000,4.24,10.77567061,106.67089427,10.51,"10°46'32.41""N, 106°40'15.22""E",FIX,
13:10:10.067,1786255810.068,TRACKING,4.268,-0.002,-0.002,0.00,0.450,0.000,0.000,0.000,0.000,1.000,4.27,10.77567061,106.67089469,10.51,"10°46'32.41""N, 106°40'15.22""E",FIX,
13:10:10.149,1786255810.149,TRACKING,4.295,-0.002,-0.002,0.00,0.450,0.000,0.000,0.000,0.000,1.000,4.30,10.77567061,106.67089469,10.51,"10°46'32.41""N, 106°40'15.22""E",FIX,
13:10:10.241,1786255810.241,TRACKING,4.331,-0.002,-0.002,0.00,0.450,0.000,0.000,0.000,0.000,1.000,4.33,10.77567061,106.67089469,10.51,"10°46'32.41""N, 106°40'15.22""E",FIX,
13:10:10.317,1786255810.318,TRACKING,4.367,-0.002,-0.002,0.00,0.450,-0.002,0.000,0.000,0.000,1.000,4.37,10.77567061,106.67089510,10.51,"10°46'32.41""N, 106°40'15.22""E",FIX,
13:10:10.381,1786255810.381,TRACKING,4.385,-0.002,-0.002,0.00,0.450,0.001,0.000,0.000,0.000,1.000,4.39,10.77567061,106.67089510,10.51,"10°46'32.41""N, 106°40'15.22""E",FIX,
13:10:10.455,1786255810.456,TRACKING,4.412,-0.002,-0.002,0.00,0.450,-0.002,0.000,0.000,0.000,1.000,4.41,10.77567061,106.67089510,10.51,"10°46'32.41""N, 106°40'15.22""E",FIX,
13:10:10.541,1786255810.542,TRACKING,4.448,-0.002,-0.002,0.00,0.450,0.000,0.000,0.000,0.000,1.000,4.45,10.77567061,106.67089551,10.51,"10°46'32.41""N, 106°40'15.22""E",FIX,
13:10:10.615,1786255810.616,TRACKING,4.475,-0.002,-0.002,0.00,0.450,0.001,0.000,0.000,0.000,1.000,4.48,10.77567061,106.67089551,10.51,"10°46'32.41""N, 106°40'15.22""E",FIX,
13:10:10.692,1786255810.693,TRACKING,4.502,-0.003,-0.002,0.00,0.450,-0.002,0.000,0.000,0.000,1.000,4.50,10.77567061,106.67089551,10.51,"10°46'32.41""N, 106°40'15.22""E",FIX,
13:10:10.772,1786255810.773,TRACKING,4.538,-0.003,-0.002,0.01,0.450,-0.001,0.000,0.000,0.000,0.562,4.54,10.77567061,106.67089592,10.51,"10°46'32.41""N, 106°40'15.23""E",FIX,
13:10:10.848,1786255810.848,TRACKING,4.565,-0.003,-0.002,0.01,0.450,-0.001,0.000,0.000,0.000,0.625,4.57,10.77567061,106.67089592,10.51,"10°46'32.41""N, 106°40'15.23""E",FIX,
13:10:10.924,1786255810.924,TRACKING,4.592,-0.003,-0.002,0.01,0.450,-0.001,0.000,0.000,0.000,0.687,4.59,10.77567061,106.67089592,10.51,"10°46'32.41""N, 106°40'15.23""E",FIX,
13:10:11.006,1786255811.006,TRACKING,4.628,-0.003,-0.002,0.01,0.450,0.001,0.000,0.000,0.000,0.771,4.63,10.77567061,106.67089633,10.51,"10°46'32.41""N, 106°40'15.23""E",FIX,
13:10:11.074,1786255811.074,TRACKING,4.655,-0.003,-0.002,0.01,0.450,-0.002,0.000,0.000,0.000,0.833,4.66,10.77567061,106.67089633,10.51,"10°46'32.41""N, 106°40'15.23""E",FIX,
13:10:11.158,1786255811.158,TRACKING,4.682,-0.003,-0.002,0.01,0.450,-0.001,0.000,0.000,0.000,0.917,4.68,10.77567061,106.67089633,10.51,"10°46'32.41""N, 106°40'15.23""E",FIX,
13:10:11.244,1786255811.244,TRACKING,4.718,-0.003,-0.002,0.01,0.450,0.001,0.000,0.000,0.000,1.000,4.72,10.77567061,106.67089674,10.51,"10°46'32.41""N, 106°40'15.23""E",FIX,
13:10:11.304,1786255811.305,TRACKING,4.745,-0.003,-0.002,0.00,0.450,0.001,0.000,0.000,0.000,1.000,4.75,10.77567061,106.67089674,10.51,"10°46'32.41""N, 106°40'15.23""E",FIX,
13:10:11.392,1786255811.393,TRACKING,4.772,-0.003,-0.002,0.00,0.450,0.000,0.000,0.000,0.000,1.000,4.77,10.77567061,106.67089674,10.51,"10°46'32.41""N, 106°40'15.23""E",FIX,
13:10:11.471,1786255811.472,TRACKING,4.808,-0.003,-0.002,0.00,0.450,0.000,0.000,0.000,0.000,1.000,4.81,10.77567061,106.67089715,10.51,"10°46'32.41""N, 106°40'15.23""E",FIX,
13:10:11.539,1786255811.540,TRACKING,4.835,-0.003,-0.002,0.00,0.450,0.000,0.000,0.000,0.000,1.000,4.84,10.77567061,106.67089715,10.51,"10°46'32.41""N, 106°40'15.23""E",FIX,
13:10:11.615,1786255811.615,TRACKING,4.862,-0.003,-0.002,0.00,0.450,0.000,0.000,0.000,0.000,1.000,4.86,10.77567061,106.67089715,10.51,"10°46'32.41""N, 106°40'15.23""E",FIX,
13:10:11.684,1786255811.684,TRACKING,4.889,-0.003,-0.002,0.00,0.450,0.000,0.000,0.000,0.000,1.000,4.89,10.77567061,106.67089757,10.51,"10°46'32.41""N, 106°40'15.23""E",FIX,
13:10:11.762,1786255811.763,TRACKING,4.925,-0.003,-0.002,0.00,0.450,0.000,0.000,0.000,0.000,1.000,4.93,10.77567061,106.67089757,10.51,"10°46'32.41""N, 106°40'15.23""E",FIX,
13:10:11.842,1786255811.843,TRACKING,4.952,-0.003,-0.002,0.00,0.450,0.000,0.000,0.000,0.000,1.000,4.95,10.77567061,106.67089757,10.51,"10°46'32.41""N, 106°40'15.23""E",FIX,
13:10:11.925,1786255811.925,TRACKING,4.979,-0.003,-0.002,0.00,0.450,0.000,0.000,0.000,0.000,1.000,4.98,10.77567061,106.67089798,10.51,"10°46'32.41""N, 106°40'15.23""E",FIX,
13:10:12.003,1786255812.004,TRACKING,5.015,-0.004,-0.002,0.00,0.450,0.000,0.000,0.000,0.000,1.000,5.02,10.77567061,106.67089798,10.51,"10°46'32.41""N, 106°40'15.23""E",FIX,
13:10:12.068,1786255812.068,TRACKING,5.042,-0.004,-0.002,0.00,0.450,0.000,0.000,0.000,0.000,1.000,5.04,10.77567061,106.67089798,10.51,"10°46'32.41""N, 106°40'15.23""E",FIX,
13:10:12.143,1786255812.144,TRACKING,5.069,-0.004,-0.002,0.00,0.450,0.000,0.000,0.000,0.000,1.000,5.07,10.77567061,106.67089839,10.51,"10°46'32.41""N, 106°40'15.23""E",FIX,
13:10:12.229,1786255812.229,TRACKING,5.096,-0.004,-0.002,0.00,0.450,0.000,0.000,0.000,0.000,1.000,5.10,10.77567061,106.67089839,10.51,"10°46'32.41""N, 106°40'15.23""E",FIX,
13:10:12.297,1786255812.298,TRACKING,5.123,-0.004,-0.002,0.00,0.450,0.000,0.000,0.000,0.000,1.000,5.12,10.77567061,106.67089839,10.51,"10°46'32.41""N, 106°40'15.23""E",FIX,
13:10:12.395,1786255812.395,TRACKING,5.168,-0.004,-0.002,0.00,0.450,0.000,0.000,0.000,0.000,1.000,5.17,10.77567061,106.67089880,10.51,"10°46'32.41""N, 106°40'15.24""E",FIX,
13:10:12.464,1786255812.465,TRACKING,5.186,-0.004,-0.002,0.00,0.450,0.000,0.000,0.000,0.000,1.000,5.19,10.77567061,106.67089880,10.51,"10°46'32.41""N, 106°40'15.24""E",FIX,
13:10:12.533,1786255812.534,TRACKING,5.213,-0.004,-0.002,0.00,0.450,0.000,0.000,0.000,0.000,1.000,5.21,10.77567061,106.67089880,10.51,"10°46'32.41""N, 106°40'15.24""E",FIX,
13:10:12.608,1786255812.609,TRACKING,5.249,-0.004,-0.002,0.00,0.450,0.000,0.000,0.000,0.000,1.000,5.25,10.77567061,106.67089921,10.51,"10°46'32.41""N, 106°40'15.24""E",FIX,
13:10:12.682,1786255812.682,TRACKING,5.276,-0.004,-0.002,-0.00,0.450,0.002,0.000,0.000,0.000,1.000,5.28,10.77567061,106.67089921,10.51,"10°46'32.41""N, 106°40'15.24""E",FIX,
13:10:12.753,1786255812.753,TRACKING,5.303,-0.004,-0.002,-0.01,0.450,0.005,0.000,0.000,0.000,1.000,5.30,10.77567061,106.67089921,10.51,"10°46'32.41""N, 106°40'15.24""E",FIX,
13:10:12.851,1786255812.852,TRACKING,5.339,-0.004,-0.002,-0.01,0.450,0.004,0.000,0.000,0.000,0.542,5.34,10.77567061,106.67089962,10.51,"10°46'32.41""N, 106°40'15.24""E",FIX,
13:10:12.930,1786255812.930,TRACKING,5.375,-0.004,-0.001,-0.02,0.450,0.004,0.000,0.000,0.000,0.604,5.38,10.77567061,106.67089962,10.51,"10°46'32.41""N, 106°40'15.24""E",FIX,
13:10:12.998,1786255812.999,TRACKING,5.393,-0.004,-0.001,-0.02,0.450,0.004,0.000,0.000,0.000,0.687,5.39,10.77567061,106.67089962,10.51,"10°46'32.41""N, 106°40'15.24""E",FIX,
13:10:13.090,1786255813.090,TRACKING,5.429,-0.004,-0.001,-0.02,0.450,0.003,0.000,0.000,0.000,0.750,5.43,10.77567061,106.67090003,10.51,"10°46'32.41""N, 106°40'15.24""E",FIX,
13:10:13.149,1786255813.150,TRACKING,5.456,-0.004,-0.001,-0.02,0.450,0.003,0.000,0.000,0.000,0.833,5.46,10.77567061,106.67090003,10.51,"10°46'32.41""N, 106°40'15.24""E",FIX,
13:10:13.219,1786255813.220,TRACKING,5.483,-0.004,-0.000,-0.02,0.450,0.003,0.000,0.000,0.000,0.917,5.48,10.77567061,106.67090003,10.51,"10°46'32.41""N, 106°40'15.24""E",FIX,
13:10:13.294,1786255813.294,TRACKING,5.519,-0.004,-0.000,-0.02,0.450,0.003,0.000,0.000,0.000,0.979,5.52,10.77567061,106.67090045,10.51,"10°46'32.41""N, 106°40'15.24""E",FIX,
13:10:13.364,1786255813.364,TRACKING,5.546,-0.004,0.000,-0.03,0.450,0.003,0.000,0.000,0.000,1.000,5.55,10.77567061,106.67090045,10.51,"10°46'32.41""N, 106°40'15.24""E",FIX,
13:10:13.447,1786255813.448,TRACKING,5.573,-0.004,0.000,-0.03,0.450,0.002,0.000,0.000,0.000,1.000,5.57,10.77567061,106.67090045,10.51,"10°46'32.41""N, 106°40'15.24""E",FIX,
13:10:13.530,1786255813.531,TRACKING,5.600,-0.004,0.000,-0.03,0.450,0.002,0.000,0.000,0.000,1.000,5.60,10.77567061,106.67090086,10.51,"10°46'32.41""N, 106°40'15.24""E",FIX,
13:10:13.598,1786255813.598,TRACKING,5.627,-0.004,0.001,-0.03,0.450,0.002,0.000,0.000,0.000,1.000,5.63,10.77567061,106.67090086,10.51,"10°46'32.41""N, 106°40'15.24""E",FIX,
13:10:13.688,1786255813.689,TRACKING,5.672,-0.004,0.001,-0.03,0.450,0.002,0.000,0.000,0.000,1.000,5.67,10.77567061,106.67090086,10.51,"10°46'32.41""N, 106°40'15.24""E",FIX,
13:10:13.775,1786255813.776,TRACKING,5.690,-0.004,0.001,-0.03,0.450,0.002,0.000,0.000,0.000,1.000,5.69,10.77567061,106.67090127,10.51,"10°46'32.41""N, 106°40'15.24""E",FIX,
13:10:13.845,1786255813.846,TRACKING,5.717,-0.004,0.001,-0.03,0.450,0.002,0.000,0.000,0.000,1.000,5.72,10.77567061,106.67090127,10.51,"10°46'32.41""N, 106°40'15.24""E",FIX,
13:10:13.921,1786255813.922,TRACKING,5.753,-0.004,0.001,-0.03,0.450,0.002,0.000,0.000,0.000,1.000,5.75,10.77567061,106.67090127,10.51,"10°46'32.41""N, 106°40'15.24""E",FIX,
13:10:14.008,1786255814.008,TRACKING,5.789,-0.004,0.001,-0.03,0.450,0.002,0.000,0.000,0.000,1.000,5.79,10.77567061,106.67090168,10.51,"10°46'32.41""N, 106°40'15.25""E",FIX,
13:10:14.076,1786255814.076,TRACKING,5.807,-0.004,0.001,-0.03,0.450,0.002,0.000,0.000,0.000,1.000,5.81,10.77567061,106.67090168,10.51,"10°46'32.41""N, 106°40'15.25""E",FIX,
13:10:14.160,1786255814.161,TRACKING,5.843,-0.004,0.002,-0.03,0.450,0.002,0.000,0.000,0.000,1.000,5.84,10.77567061,106.67090168,10.51,"10°46'32.41""N, 106°40'15.25""E",FIX,
13:10:14.233,1786255814.234,TRACKING,5.870,-0.004,0.002,-0.03,0.450,0.002,0.000,0.000,0.000,1.000,5.87,10.77567061,106.67090209,10.51,"10°46'32.41""N, 106°40'15.25""E",FIX,
13:10:14.314,1786255814.315,TRACKING,5.897,-0.004,0.002,-0.03,0.450,0.002,0.000,0.000,0.000,1.000,5.90,10.77567061,106.67090209,10.51,"10°46'32.41""N, 106°40'15.25""E",FIX,
13:10:14.401,1786255814.402,TRACKING,5.933,-0.004,0.002,-0.03,0.450,0.002,0.000,0.000,0.000,1.000,5.93,10.77567061,106.67090209,10.51,"10°46'32.41""N, 106°40'15.25""E",FIX,
13:10:14.456,1786255814.457,TRACKING,5.960,-0.004,0.002,-0.03,0.450,0.002,0.000,0.000,0.000,1.000,5.96,10.77567061,106.67090250,10.51,"10°46'32.41""N, 106°40'15.25""E",FIX,
13:10:14.546,1786255814.547,TRACKING,5.987,-0.004,0.002,-0.03,0.450,0.002,0.000,0.000,0.000,1.000,5.99,10.77567061,106.67090250,10.51,"10°46'32.41""N, 106°40'15.25""E",FIX,
13:10:14.633,1786255814.633,TRACKING,6.023,-0.004,0.002,-0.03,0.450,0.002,0.000,0.000,0.000,1.000,6.02,10.77567061,106.67090250,10.51,"10°46'32.41""N, 106°40'15.25""E",FIX,
13:10:14.693,1786255814.694,TRACKING,6.050,-0.004,0.003,-0.03,0.450,0.002,0.000,0.000,0.000,1.000,6.05,10.77567061,106.67090291,10.51,"10°46'32.41""N, 106°40'15.25""E",FIX,
13:10:14.789,1786255814.789,TRACKING,6.086,-0.004,0.003,-0.03,0.450,0.002,0.000,0.000,0.000,1.000,6.09,10.77567061,106.67090291,10.51,"10°46'32.41""N, 106°40'15.25""E",FIX,
13:10:14.853,1786255814.854,TRACKING,6.113,-0.003,0.003,-0.02,0.450,-0.003,0.000,0.000,0.000,1.000,6.11,10.77567061,106.67090291,10.51,"10°46'32.41""N, 106°40'15.25""E",FIX,
13:10:14.935,1786255814.936,TRACKING,6.140,-0.003,0.003,-0.02,0.450,-0.003,0.000,0.000,0.000,0.583,6.14,10.77567061,106.67090333,10.51,"10°46'32.41""N, 106°40'15.25""E",FIX,
13:10:15.005,1786255815.005,TRACKING,6.167,-0.003,0.003,-0.01,0.450,-0.003,0.000,0.000,0.000,0.646,6.17,10.77567061,106.67090333,10.51,"10°46'32.41""N, 106°40'15.25""E",FIX,
13:10:15.085,1786255815.086,TRACKING,6.194,-0.003,0.002,-0.01,0.450,-0.002,0.000,0.000,0.000,0.708,6.19,10.77567061,106.67090333,10.51,"10°46'32.41""N, 106°40'15.25""E",FIX,
13:10:15.171,1786255815.171,TRACKING,6.230,-0.003,0.002,-0.01,0.450,-0.001,0.000,0.000,0.000,0.792,6.23,10.77567061,106.67090374,10.51,"10°46'32.41""N, 106°40'15.25""E",FIX,
13:10:15.244,1786255815.245,TRACKING,6.257,-0.003,0.002,-0.01,0.450,-0.001,0.000,0.000,0.000,0.854,6.26,10.77567061,106.67090374,10.51,"10°46'32.41""N, 106°40'15.25""E",FIX,
13:10:15.329,1786255815.329,TRACKING,6.293,-0.003,0.002,-0.00,0.450,-0.001,0.000,0.000,0.000,0.917,6.29,10.77567061,106.67090374,10.51,"10°46'32.41""N, 106°40'15.25""E",FIX,
13:10:15.403,1786255815.404,TRACKING,6.320,-0.003,0.002,-0.00,0.450,-0.001,0.000,0.000,0.000,1.000,6.32,10.77567061,106.67090415,10.51,"10°46'32.41""N, 106°40'15.25""E",FIX,
13:10:15.473,1786255815.473,TRACKING,6.347,-0.003,0.002,-0.00,0.450,-0.001,0.000,0.000,0.000,1.000,6.35,10.77567061,106.67090415,10.51,"10°46'32.41""N, 106°40'15.25""E",FIX,
13:10:15.557,1786255815.557,TRACKING,6.374,-0.003,0.002,-0.00,0.450,-0.000,0.000,0.000,0.000,1.000,6.37,10.77567061,106.67090415,10.51,"10°46'32.41""N, 106°40'15.25""E",FIX,
13:10:15.627,1786255815.627,TRACKING,6.401,-0.003,0.002,-0.00,0.450,-0.000,0.000,0.000,0.000,1.000,6.40,10.77567061,106.67090415,10.51,"10°46'32.41""N, 106°40'15.25""E",FIX,
13:10:15.705,1786255815.705,TRACKING,6.437,-0.003,0.002,-0.00,0.450,-0.000,0.000,0.000,0.000,1.000,6.44,10.77567061,106.67090456,10.51,"10°46'32.41""N, 106°40'15.26""E",FIX,
13:10:15.782,1786255815.783,TRACKING,6.464,-0.003,0.002,-0.00,0.450,-0.000,0.000,0.000,0.000,1.000,6.46,10.77567061,106.67090456,10.51,"10°46'32.41""N, 106°40'15.26""E",FIX,
13:10:15.860,1786255815.861,TRACKING,6.491,-0.003,0.002,-0.00,0.450,-0.000,0.000,0.000,0.000,1.000,6.49,10.77567061,106.67090456,10.51,"10°46'32.41""N, 106°40'15.26""E",FIX,
13:10:15.938,1786255815.938,TRACKING,6.527,-0.003,0.002,-0.00,0.450,-0.000,0.000,0.000,0.000,1.000,6.53,10.77567061,106.67090497,10.51,"10°46'32.41""N, 106°40'15.26""E",FIX,
13:10:16.020,1786255816.020,TRACKING,6.554,-0.002,0.002,-0.00,0.450,-0.000,0.000,0.000,0.000,1.000,6.55,10.77567061,106.67090497,10.51,"10°46'32.41""N, 106°40'15.26""E",FIX,
13:10:16.099,1786255816.100,TRACKING,6.590,-0.002,0.002,-0.00,0.450,-0.000,0.000,0.000,0.000,1.000,6.59,10.77567061,106.67090538,10.51,"10°46'32.41""N, 106°40'15.26""E",FIX,
13:10:16.181,1786255816.181,TRACKING,6.617,-0.002,0.002,-0.00,0.450,-0.000,0.000,0.000,0.000,1.000,6.62,10.77567061,106.67090538,10.51,"10°46'32.41""N, 106°40'15.26""E",FIX,
13:10:16.251,1786255816.252,TRACKING,6.644,-0.002,0.002,-0.00,0.450,-0.000,0.000,0.000,0.000,1.000,6.64,10.77567061,106.67090538,10.51,"10°46'32.41""N, 106°40'15.26""E",FIX,
13:10:16.316,1786255816.316,TRACKING,6.671,-0.002,0.002,-0.00,0.450,-0.000,0.000,0.000,0.000,1.000,6.67,10.77567061,106.67090538,10.51,"10°46'32.41""N, 106°40'15.26""E",FIX,
13:10:16.391,1786255816.392,TRACKING,6.698,-0.002,0.002,-0.00,0.450,-0.000,0.000,0.000,0.000,1.000,6.70,10.77567061,106.67090579,10.51,"10°46'32.41""N, 106°40'15.26""E",FIX,
13:10:16.484,1786255816.484,TRACKING,6.743,-0.002,0.002,-0.00,0.450,-0.000,0.000,0.000,0.000,1.000,6.74,10.77567061,106.67090579,10.51,"10°46'32.41""N, 106°40'15.26""E",FIX,
13:10:16.553,1786255816.554,TRACKING,6.770,-0.002,0.002,-0.00,0.450,-0.000,0.000,0.000,0.000,1.000,6.77,10.77567061,106.67090621,10.51,"10°46'32.41""N, 106°40'15.26""E",FIX,
13:10:16.633,1786255816.633,TRACKING,6.788,-0.002,0.002,-0.00,0.450,-0.000,0.000,0.000,0.000,1.000,6.79,10.77567061,106.67090621,10.51,"10°46'32.41""N, 106°40'15.26""E",FIX,
13:10:16.705,1786255816.706,TRACKING,6.824,-0.002,0.002,0.00,0.450,-0.002,0.000,0.000,0.000,1.000,6.82,10.77567061,106.67090621,10.51,"10°46'32.41""N, 106°40'15.26""E",FIX,
13:10:16.778,1786255816.778,TRACKING,6.851,-0.002,0.002,0.00,0.450,-0.002,0.000,0.000,0.000,1.000,6.85,10.77567061,106.67090621,10.51,"10°46'32.41""N, 106°40'15.26""E",FIX,
13:10:16.864,1786255816.865,TRACKING,6.887,-0.002,0.002,0.01,0.450,-0.001,0.000,0.000,0.000,1.000,6.89,10.77567061,106.67090662,10.51,"10°46'32.41""N, 106°40'15.26""E",FIX,
13:10:16.931,1786255816.932,TRACKING,6.905,-0.002,0.002,0.01,0.450,-0.001,0.000,0.000,0.000,0.917,6.91,10.77567061,106.67090662,10.51,"10°46'32.41""N, 106°40'15.26""E",FIX,
13:10:17.006,1786255817.007,TRACKING,6.941,-0.002,0.002,0.01,0.450,-0.001,0.000,0.000,0.000,0.583,6.94,10.77567061,106.67090662,10.51,"10°46'32.41""N, 106°40'15.26""E",FIX,
13:10:17.085,1786255817.086,TRACKING,6.977,-0.002,0.001,0.01,0.450,-0.001,0.000,0.000,0.000,0.646,6.98,10.77567061,106.67090703,10.51,"10°46'32.41""N, 106°40'15.27""E",FIX,
13:10:17.167,1786255817.168,TRACKING,7.004,-0.002,0.001,0.01,0.450,-0.001,0.000,0.000,0.000,0.708,7.00,10.77567061,106.67090703,10.51,"10°46'32.41""N, 106°40'15.27""E",FIX,
13:10:17.241,1786255817.241,TRACKING,7.031,-0.002,0.001,0.01,0.450,-0.001,0.000,0.000,0.000,0.792,7.03,10.77567061,106.67090703,10.51,"10°46'32.41""N, 106°40'15.27""E",FIX,
13:10:17.323,1786255817.323,TRACKING,7.067,-0.002,0.001,0.01,0.450,-0.001,0.000,0.000,0.000,0.854,7.07,10.77567061,106.67090744,10.51,"10°46'32.41""N, 106°40'15.27""E",FIX,
13:10:17.402,1786255817.403,TRACKING,7.094,-0.002,0.001,0.01,0.450,-0.001,0.000,0.000,0.000,0.917,7.09,10.77567061,106.67090744,10.51,"10°46'32.41""N, 106°40'15.27""E",FIX,
13:10:17.467,1786255817.468,TRACKING,7.112,-0.002,0.001,0.01,0.450,-0.001,0.000,0.000,0.000,1.000,7.11,10.77567061,106.67090744,10.51,"10°46'32.41""N, 106°40'15.27""E",FIX,
13:10:17.554,1786255817.554,TRACKING,7.148,-0.002,0.001,0.01,0.450,-0.001,0.000,0.000,0.000,1.000,7.15,10.77567061,106.67090785,10.51,"10°46'32.41""N, 106°40'15.27""E",FIX,
13:10:17.620,1786255817.621,TRACKING,7.175,-0.001,0.001,0.01,0.450,-0.001,0.000,0.000,0.000,1.000,7.18,10.77567061,106.67090785,10.51,"10°46'32.41""N, 106°40'15.27""E",FIX,
13:10:17.696,1786255817.696,TRACKING,7.202,-0.001,0.001,0.01,0.450,-0.001,0.000,0.000,0.000,1.000,7.20,10.77567061,106.67090785,10.51,"10°46'32.41""N, 106°40'15.27""E",FIX,
13:10:17.775,1786255817.775,TRACKING,7.238,-0.001,0.001,0.01,0.450,-0.001,0.000,0.000,0.000,1.000,7.24,10.77567061,106.67090826,10.51,"10°46'32.41""N, 106°40'15.27""E",FIX,
13:10:17.852,1786255817.853,TRACKING,7.265,-0.001,0.001,0.01,0.450,-0.001,0.000,0.000,0.000,1.000,7.27,10.77567061,106.67090826,10.51,"10°46'32.41""N, 106°40'15.27""E",FIX,
13:10:17.927,1786255817.928,TRACKING,7.292,-0.001,0.001,0.01,0.450,-0.001,0.000,0.000,0.000,1.000,7.29,10.77567061,106.67090826,10.51,"10°46'32.41""N, 106°40'15.27""E",FIX,
13:10:18.007,1786255818.007,TRACKING,7.328,-0.001,0.001,0.01,0.450,-0.001,0.000,0.000,0.000,1.000,7.33,10.77567061,106.67090867,10.51,"10°46'32.41""N, 106°40'15.27""E",FIX,
13:10:18.082,1786255818.082,TRACKING,7.355,-0.001,0.001,0.01,0.450,-0.001,0.000,0.000,0.000,1.000,7.36,10.77567061,106.67090867,10.51,"10°46'32.41""N, 106°40'15.27""E",FIX,
13:10:18.169,1786255818.169,TRACKING,7.391,-0.001,0.001,0.01,0.450,-0.001,0.000,0.000,0.000,1.000,7.39,10.77567061,106.67090867,10.51,"10°46'32.41""N, 106°40'15.27""E",FIX,
13:10:18.251,1786255818.252,TRACKING,7.418,-0.001,0.001,0.01,0.450,-0.001,0.000,0.000,0.000,1.000,7.42,10.77567061,106.67090909,10.51,"10°46'32.41""N, 106°40'15.27""E",FIX,
13:10:18.313,1786255818.314,TRACKING,7.445,-0.001,0.001,0.01,0.450,-0.001,0.000,0.000,0.000,1.000,7.45,10.77567061,106.67090909,10.51,"10°46'32.41""N, 106°40'15.27""E",FIX,
13:10:18.412,1786255818.413,TRACKING,7.481,-0.001,0.001,0.01,0.450,-0.001,0.000,0.000,0.000,1.000,7.48,10.77567061,106.67090909,10.51,"10°46'32.41""N, 106°40'15.27""E",FIX,
13:10:18.490,1786255818.490,TRACKING,7.508,-0.001,0.000,0.01,0.450,-0.001,0.000,0.000,0.000,1.000,7.51,10.77567061,106.67090950,10.51,"10°46'32.41""N, 106°40'15.27""E",FIX,
13:10:18.548,1786255818.549,TRACKING,7.535,-0.001,0.000,0.01,0.450,-0.001,0.000,0.000,0.000,1.000,7.54,10.77567061,106.67090950,10.51,"10°46'32.41""N, 106°40'15.27""E",FIX,
13:10:18.630,1786255818.630,TRACKING,7.562,-0.001,0.000,0.01,0.450,-0.001,0.000,0.000,0.000,1.000,7.56,10.77567061,106.67090950,10.51,"10°46'32.41""N, 106°40'15.27""E",FIX,
13:10:18.716,1786255818.716,TRACKING,7.598,-0.001,0.000,0.01,0.450,-0.001,0.000,0.000,0.000,1.000,7.60,10.77567061,106.67090991,10.51,"10°46'32.41""N, 106°40'15.28""E",FIX,
13:10:18.791,1786255818.792,TRACKING,7.625,-0.001,0.000,0.01,0.450,-0.001,0.000,0.000,0.000,1.000,7.63,10.77567061,106.67090991,10.51,"10°46'32.41""N, 106°40'15.28""E",FIX,
13:10:18.861,1786255818.861,TRACKING,7.652,-0.001,0.000,0.01,0.450,-0.001,0.000,0.000,0.000,1.000,7.65,10.77567061,106.67090991,10.51,"10°46'32.41""N, 106°40'15.28""E",FIX,
13:10:18.951,1786255818.952,TRACKING,7.688,-0.001,0.000,-0.00,0.450,0.007,0.000,0.000,0.000,1.000,7.69,10.77567061,106.67091032,10.51,"10°46'32.41""N, 106°40'15.28""E",FIX,
13:10:19.026,1786255819.026,TRACKING,7.715,-0.001,0.000,-0.01,0.450,0.008,0.000,0.000,0.000,0.583,7.72,10.77567061,106.67091032,10.51,"10°46'32.41""N, 106°40'15.28""E",FIX,
13:10:19.091,1786255819.091,TRACKING,7.742,-0.001,0.001,-0.02,0.450,0.008,0.000,0.000,0.000,0.542,7.74,10.77567061,106.67091032,10.51,"10°46'32.41""N, 106°40'15.28""E",FIX,
13:10:19.171,1786255819.172,TRACKING,7.769,-0.001,0.001,-0.02,0.450,0.005,0.000,0.000,0.000,0.604,7.77,10.77567061,106.67091073,10.51,"10°46'32.41""N, 106°40'15.28""E",FIX,
13:10:19.238,1786255819.239,TRACKING,7.796,-0.001,0.002,-0.03,0.450,0.005,0.000,0.000,0.000,0.687,7.80,10.77567061,106.67091073,10.51,"10°46'32.41""N, 106°40'15.28""E",FIX,
13:10:19.318,1786255819.318,TRACKING,7.832,-0.001,0.002,-0.03,0.450,0.004,0.000,0.000,0.000,0.750,7.83,10.77567061,106.67091073,10.51,"10°46'32.41""N, 106°40'15.28""E",FIX,
13:10:19.406,1786255819.407,TRACKING,7.868,-0.001,0.003,-0.03,0.450,0.004,0.000,0.000,0.000,0.833,7.87,10.77567061,106.67091114,10.51,"10°46'32.41""N, 106°40'15.28""E",FIX,
13:10:19.474,1786255819.474,TRACKING,7.886,-0.001,0.003,-0.03,0.450,0.004,0.000,0.000,0.000,0.917,7.89,10.77567061,106.67091114,10.51,"10°46'32.41""N, 106°40'15.28""E",FIX,
13:10:19.544,1786255819.544,TRACKING,7.922,-0.001,0.003,-0.03,0.450,0.004,0.000,0.000,0.000,0.979,7.92,10.77567061,106.67091114,10.51,"10°46'32.41""N, 106°40'15.28""E",FIX,
13:10:19.638,1786255819.639,TRACKING,7.958,-0.001,0.003,-0.03,0.450,0.003,0.000,0.000,0.000,1.000,7.96,10.77567061,106.67091155,10.51,"10°46'32.41""N, 106°40'15.28""E",FIX,
13:10:19.707,1786255819.708,TRACKING,7.985,-0.001,0.004,-0.03,0.450,0.003,0.000,0.000,0.000,1.000,7.99,10.77567061,106.67091155,10.51,"10°46'32.41""N, 106°40'15.28""E",FIX,
13:10:19.771,1786255819.772,TRACKING,8.012,-0.000,0.004,-0.04,0.450,0.003,0.000,0.000,0.000,1.000,8.01,10.77567061,106.67091155,10.51,"10°46'32.41""N, 106°40'15.28""E",FIX,
13:10:19.843,1786255819.844,TRACKING,8.039,-0.000,0.004,-0.04,0.450,0.003,0.000,0.000,0.000,1.000,8.04,10.77567061,106.67091197,10.51,"10°46'32.41""N, 106°40'15.28""E",FIX,
13:10:19.924,1786255819.925,TRACKING,8.066,-0.000,0.004,-0.04,0.450,0.003,0.000,0.000,0.000,1.000,8.07,10.77567061,106.67091197,10.51,"10°46'32.41""N, 106°40'15.28""E",FIX,
13:10:20.012,1786255820.013,TRACKING,8.102,-0.000,0.004,-0.04,0.450,0.003,0.000,0.000,0.000,1.000,8.10,10.77567061,106.67091197,10.51,"10°46'32.41""N, 106°40'15.28""E",FIX,
13:10:20.082,1786255820.083,TRACKING,8.129,0.000,0.005,-0.04,0.450,0.003,0.000,0.000,0.000,1.000,8.13,10.77567061,106.67091238,10.51,"10°46'32.41""N, 106°40'15.28""E",FIX,
13:10:20.178,1786255820.178,TRACKING,8.165,0.000,0.005,-0.04,0.450,0.003,0.000,0.000,0.000,1.000,8.17,10.77567061,106.67091238,10.51,"10°46'32.41""N, 106°40'15.28""E",FIX,
13:10:20.226,1786255820.227,TRACKING,8.183,0.000,0.005,-0.04,0.450,0.003,0.000,0.000,0.000,1.000,8.18,10.77567061,106.67091238,10.51,"10°46'32.41""N, 106°40'15.28""E",FIX,
13:10:20.320,1786255820.321,TRACKING,8.219,0.000,0.005,-0.04,0.450,0.003,0.000,0.000,0.000,1.000,8.22,10.77567061,106.67091279,10.51,"10°46'32.41""N, 106°40'15.29""E",FIX,
13:10:20.390,1786255820.390,TRACKING,8.246,0.001,0.005,-0.04,0.450,0.003,0.000,0.000,0.000,1.000,8.25,10.77567061,106.67091279,10.51,"10°46'32.41""N, 106°40'15.29""E",FIX,
13:10:20.468,1786255820.469,TRACKING,8.282,0.001,0.006,-0.04,0.450,0.003,0.000,0.000,0.000,1.000,8.28,10.77567061,106.67091279,10.51,"10°46'32.41""N, 106°40'15.29""E",FIX,
13:10:20.548,1786255820.548,TRACKING,8.309,0.001,0.006,-0.04,0.450,0.005,0.000,0.000,0.000,1.000,8.31,10.77567061,106.67091320,10.51,"10°46'32.41""N, 106°40'15.29""E",FIX,
13:10:20.634,1786255820.635,TRACKING,8.336,0.001,0.006,-0.04,0.450,0.005,0.000,0.000,0.000,1.000,8.34,10.77567061,106.67091320,10.51,"10°46'32.41""N, 106°40'15.29""E",FIX,
13:10:20.709,1786255820.709,TRACKING,8.363,0.001,0.006,-0.04,0.450,0.004,0.000,0.000,0.000,1.000,8.36,10.77567061,106.67091320,10.51,"10°46'32.41""N, 106°40'15.29""E",FIX,
13:10:20.804,1786255820.804,TRACKING,8.399,0.001,0.007,-0.04,0.450,0.004,0.000,0.000,0.000,1.000,8.40,10.77567061,106.67091361,10.51,"10°46'32.41""N, 106°40'15.29""E",FIX,
13:10:20.867,1786255820.868,TRACKING,8.426,0.002,0.007,-0.04,0.450,0.004,0.000,0.000,0.000,1.000,8.43,10.77567061,106.67091361,10.51,"10°46'32.41""N, 106°40'15.29""E",FIX,
13:10:20.936,1786255820.936,TRACKING,8.453,0.002,0.007,-0.04,0.450,0.004,0.000,0.000,0.000,1.000,8.45,10.77567061,106.67091361,10.51,"10°46'32.41""N, 106°40'15.29""E",FIX,
13:10:21.020,1786255821.021,TRACKING,8.480,0.002,0.007,-0.04,0.450,0.004,0.000,0.000,0.000,0.937,8.48,10.77567061,106.67091402,10.51,"10°46'32.41""N, 106°40'15.29""E",FIX,
13:10:28.026,1786255828.027,UTURN_PLANNING,11.051,0.023,0.008,0.00,0.000,0.000,0.000,0.000,0.000,0.000,0.00,10.77567066,106.67092554,10.51,"10°46'32.41""N, 106°40'15.33""E",FIX,
13:10:28.039,1786255828.039,PATH_FOLLOWING,11.051,0.023,0.008,0.00,0.020,-1.500,0.000,0.000,0.000,0.000,0.00,10.77567066,106.67092554,10.51,"10°46'32.41""N, 106°40'15.33""E",FIX,
13:10:28.051,1786255828.052,PATH_FOLLOWING,11.051,0.023,0.008,0.00,0.020,-1.500,0.000,0.000,0.000,0.000,0.00,10.77567066,106.67092581,10.51,"10°46'32.41""N, 106°40'15.33""E",FIX,
13:10:28.063,1786255828.064,PATH_FOLLOWING,11.051,0.023,0.008,0.00,0.020,-1.500,0.000,0.000,0.000,0.000,0.00,10.77567066,106.67092581,10.51,"10°46'32.41""N, 106°40'15.33""E",FIX,
13:10:28.072,1786255828.073,PATH_FOLLOWING,11.051,0.023,0.008,0.00,0.020,-1.500,0.000,0.000,0.000,0.000,0.00,10.77567066,106.67092581,10.51,"10°46'32.41""N, 106°40'15.33""E",FIX,
13:10:28.111,1786255828.112,PATH_FOLLOWING,11.051,0.023,-0.054,0.00,0.020,-1.500,0.000,0.000,0.000,0.000,0.00,10.77567066,106.67092581,10.51,"10°46'32.41""N, 106°40'15.33""E",FIX,
13:10:28.204,1786255828.204,PATH_FOLLOWING,11.053,0.022,-0.174,0.00,0.020,-1.500,0.000,0.000,0.000,0.000,0.00,10.77567066,106.67092581,10.51,"10°46'32.41""N, 106°40'15.33""E",FIX,
13:10:28.284,1786255828.284,PATH_FOLLOWING,11.055,0.022,-0.294,0.00,0.020,-1.500,0.000,0.000,0.000,0.000,0.00,10.77567069,106.67092582,10.51,"10°46'32.41""N, 106°40'15.33""E",FIX,
13:10:28.340,1786255828.341,PATH_FOLLOWING,11.055,0.022,-0.354,0.00,0.020,-1.500,0.000,0.000,0.000,0.000,0.00,10.77567069,106.67092582,10.51,"10°46'32.41""N, 106°40'15.33""E",FIX,
13:10:28.434,1786255828.435,PATH_FOLLOWING,11.057,0.021,-0.474,0.00,0.020,-1.500,0.000,0.000,0.000,0.000,0.00,10.77567069,106.67092582,10.51,"10°46'32.41""N, 106°40'15.33""E",FIX,
13:10:28.500,1786255828.500,PATH_FOLLOWING,11.058,0.021,-0.564,0.00,0.020,-1.500,0.000,0.000,0.000,0.000,0.00,10.77567082,106.67092583,10.51,"10°46'32.41""N, 106°40'15.33""E",FIX,
13:10:28.581,1786255828.581,PATH_FOLLOWING,11.059,0.020,-0.654,0.00,0.020,-1.500,0.000,0.000,0.000,0.000,0.00,10.77567082,106.67092583,10.51,"10°46'32.41""N, 106°40'15.33""E",FIX,
13:10:28.648,1786255828.648,PATH_FOLLOWING,11.060,0.019,-0.744,0.00,0.031,-1.500,0.000,0.000,0.000,0.000,0.00,10.77567082,106.67092583,10.51,"10°46'32.41""N, 106°40'15.33""E",FIX,
13:10:28.730,1786255828.730,PATH_FOLLOWING,11.061,0.018,-0.834,0.00,0.047,-1.500,0.000,0.000,0.000,0.000,0.00,10.77567099,106.67092585,10.51,"10°46'32.42""N, 106°40'15.33""E",FIX,
13:10:28.809,1786255828.810,PATH_FOLLOWING,11.063,0.015,-0.954,0.00,0.071,-1.500,0.000,0.000,0.000,0.000,0.00,10.77567099,106.67092585,10.51,"10°46'32.42""N, 106°40'15.33""E",FIX,
13:10:28.883,1786255828.884,PATH_FOLLOWING,11.065,0.012,-1.044,0.00,0.090,-1.500,0.000,0.000,0.000,0.000,0.00,10.77567099,106.67092585,10.51,"10°46'32.42""N, 106°40'15.33""E",FIX,
13:10:28.962,1786255828.962,PATH_FOLLOWING,11.067,0.008,-1.134,0.00,0.110,-1.500,0.000,0.000,0.000,0.000,0.00,10.77567110,106.67092590,10.51,"10°46'32.42""N, 106°40'15.33""E",FIX,
13:10:29.044,1786255829.045,PATH_FOLLOWING,11.070,-0.000,-1.254,0.00,0.137,-1.500,0.000,0.000,0.000,0.000,0.00,10.77567110,106.67092590,10.51,"10°46'32.42""N, 106°40'15.33""E",FIX,
13:10:29.124,1786255829.124,PATH_FOLLOWING,11.073,-0.008,-1.344,0.00,0.157,-1.500,0.000,0.000,0.000,0.000,0.00,10.77567110,106.67092590,10.51,"10°46'32.42""N, 106°40'15.33""E",FIX,
13:10:29.203,1786255829.203,PATH_FOLLOWING,11.074,-0.017,-1.434,0.00,0.176,-1.500,0.000,0.000,0.000,0.000,0.00,10.77567114,106.67092601,10.51,"10°46'32.42""N, 106°40'15.33""E",FIX,
13:10:29.287,1786255829.287,PATH_FOLLOWING,11.075,-0.030,-1.554,0.00,0.198,-1.500,0.000,0.000,0.000,0.000,0.00,10.77567114,106.67092601,10.51,"10°46'32.42""N, 106°40'15.33""E",FIX,
13:10:29.360,1786255829.361,PATH_FOLLOWING,11.075,-0.042,-1.644,0.00,0.213,-1.373,0.000,0.000,0.000,0.000,0.00,10.77567114,106.67092601,10.51,"10°46'32.42""N, 106°40'15.33""E",FIX,
13:10:29.433,1786255829.434,PATH_FOLLOWING,11.073,-0.054,-1.728,0.00,0.226,-1.110,0.000,0.000,0.000,0.000,0.00,10.77567110,106.67092615,10.51,"10°46'32.42""N, 106°40'15.33""E",FIX,
13:10:29.514,1786255829.515,PATH_FOLLOWING,11.070,-0.072,-1.822,0.00,0.237,-0.820,0.000,0.000,0.000,0.000,0.00,10.77567110,106.67092615,10.51,"10°46'32.42""N, 106°40'15.33""E",FIX,
13:10:29.586,1786255829.586,PATH_FOLLOWING,11.066,-0.085,-1.876,0.00,0.241,-0.656,0.000,0.000,0.000,0.000,0.00,10.77567110,106.67092615,10.51,"10°46'32.42""N, 106°40'15.33""E",FIX,
13:10:29.667,1786255829.668,PATH_FOLLOWING,11.061,-0.099,-1.919,0.00,0.244,-0.528,0.000,0.000,0.000,0.000,0.00,10.77567099,106.67092631,10.51,"10°46'32.42""N, 106°40'15.33""E",FIX,
13:10:29.739,1786255829.740,PATH_FOLLOWING,11.056,-0.112,-1.953,0.00,0.246,-0.427,0.000,0.000,0.000,0.000,0.00,10.77567099,106.67092631,10.51,"10°46'32.42""N, 106°40'15.33""E",FIX,
13:10:29.838,1786255829.839,PATH_FOLLOWING,11.048,-0.130,-1.989,0.00,0.248,-0.319,0.000,0.000,0.000,0.000,0.00,10.77567099,106.67092631,10.51,"10°46'32.42""N, 106°40'15.33""E",FIX,
13:10:29.909,1786255829.909,PATH_FOLLOWING,11.042,-0.144,-2.011,0.00,0.238,-0.769,0.000,0.000,0.000,0.000,0.00,10.77567084,106.67092648,10.51,"10°46'32.42""N, 106°40'15.34""E",FIX,
13:10:29.988,1786255829.989,PATH_FOLLOWING,11.036,-0.157,-2.051,0.00,0.242,-0.642,0.000,0.000,0.000,0.000,0.00,10.77567084,106.67092648,10.51,"10°46'32.42""N, 106°40'15.34""E",FIX,
13:10:30.068,1786255830.069,PATH_FOLLOWING,11.026,-0.174,-2.105,0.00,0.246,-0.465,0.000,0.000,0.000,0.000,0.00,10.77567084,106.67092648,10.51,"10°46'32.42""N, 106°40'15.34""E",FIX,
13:10:30.150,1786255830.150,PATH_FOLLOWING,11.019,-0.186,-2.136,0.00,0.247,-0.367,0.000,0.000,0.000,0.000,0.00,10.77567069,106.67092665,10.51,"10°46'32.41""N, 106°40'15.34""E",FIX,
13:10:30.227,1786255830.227,PATH_FOLLOWING,11.011,-0.199,-2.160,0.00,0.248,-0.290,0.000,0.000,0.000,0.000,0.00,10.77567069,106.67092665,10.51,"10°46'32.41""N, 106°40'15.34""E",FIX,
13:10:30.301,1786255830.302,PATH_FOLLOWING,10.999,-0.215,-2.185,0.00,0.249,-0.208,0.000,0.000,0.000,0.000,0.00,10.77567069,106.67092665,10.51,"10°46'32.41""N, 106°40'15.34""E",FIX,
13:10:30.385,1786255830.385,PATH_FOLLOWING,10.991,-0.227,-2.199,0.00,0.249,-0.163,0.000,0.000,0.000,0.000,0.00,10.77567054,106.67092681,10.51,"10°46'32.41""N, 106°40'15.34""E",FIX,
13:10:30.452,1786255830.452,PATH_FOLLOWING,10.982,-0.239,-2.209,0.00,0.250,-0.129,0.000,0.000,0.000,0.000,0.00,10.77567054,106.67092681,10.51,"10°46'32.41""N, 106°40'15.34""E",FIX,
13:10:30.533,1786255830.534,PATH_FOLLOWING,10.973,-0.251,-2.218,0.00,0.250,-0.103,0.000,0.000,0.000,0.000,0.00,10.77567054,106.67092681,10.51,"10°46'32.41""N, 106°40'15.34""E",FIX,
13:10:30.611,1786255830.611,PATH_FOLLOWING,10.961,-0.267,-2.227,0.00,0.250,-0.074,0.000,0.000,0.000,0.000,0.00,10.77567038,106.67092697,10.51,"10°46'32.41""N, 106°40'15.34""E",FIX,
13:10:30.691,1786255830.692,PATH_FOLLOWING,10.948,-0.283,-2.233,0.00,0.250,-0.053,0.000,0.000,0.000,0.000,0.00,10.77567038,106.67092697,10.51,"10°46'32.41""N, 106°40'15.34""E",FIX,
13:10:30.769,1786255830.769,PATH_FOLLOWING,10.939,-0.295,-2.236,0.00,0.250,-0.043,0.000,0.000,0.000,0.000,0.00,10.77567038,106.67092697,10.51,"10°46'32.41""N, 106°40'15.34""E",FIX,
13:10:30.856,1786255830.857,PATH_FOLLOWING,10.930,-0.306,-2.239,0.00,0.250,-0.034,0.000,0.000,0.000,0.000,0.00,10.77567022,106.67092713,10.51,"10°46'32.41""N, 106°40'15.34""E",FIX,
13:10:30.916,1786255830.916,PATH_FOLLOWING,10.921,-0.318,-2.242,0.00,0.250,-0.027,0.000,0.000,0.000,0.000,0.00,10.77567022,106.67092713,10.51,"10°46'32.41""N, 106°40'15.34""E",FIX,
13:10:30.995,1786255830.995,PATH_FOLLOWING,10.908,-0.334,-2.244,0.00,0.250,-0.019,0.000,0.000,0.000,0.000,0.00,10.77567022,106.67092713,10.51,"10°46'32.41""N, 106°40'15.34""E",FIX,
13:10:31.076,1786255831.077,PATH_FOLLOWING,10.902,-0.342,-2.245,0.00,0.250,-0.017,0.000,0.000,0.000,0.000,0.00,10.77567022,106.67092713,10.51,"10°46'32.41""N, 106°40'15.34""E",FIX,
13:10:31.172,1786255831.173,PATH_FOLLOWING,10.886,-0.361,-2.246,0.00,0.250,-0.011,0.000,0.000,0.000,0.000,0.00,10.77567006,106.67092729,10.51,"10°46'32.41""N, 106°40'15.34""E",FIX,
13:10:31.242,1786255831.243,PATH_FOLLOWING,10.880,-0.369,-2.247,0.00,0.250,-0.010,0.000,0.000,0.000,0.000,0.00,10.77567006,106.67092729,10.51,"10°46'32.41""N, 106°40'15.34""E",FIX,
13:10:31.325,1786255831.325,PATH_FOLLOWING,10.868,-0.385,-2.248,0.00,0.250,-0.007,0.000,0.000,0.000,0.000,0.00,10.77566990,106.67092745,10.51,"10°46'32.41""N, 106°40'15.34""E",FIX,
13:10:31.382,1786255831.383,PATH_FOLLOWING,10.861,-0.392,-2.248,0.00,0.250,-0.006,0.000,0.000,0.000,0.000,0.00,10.77566990,106.67092745,10.51,"10°46'32.41""N, 106°40'15.34""E",FIX,
13:10:31.464,1786255831.465,PATH_FOLLOWING,10.849,-0.408,-2.249,0.00,0.250,-0.005,0.000,0.000,0.000,0.000,0.00,10.77566990,106.67092745,10.51,"10°46'32.41""N, 106°40'15.34""E",FIX,
13:10:31.538,1786255831.539,PATH_FOLLOWING,10.839,-0.420,-2.249,0.00,0.250,-0.004,0.000,0.000,0.000,0.000,0.00,10.77566990,106.67092745,10.51,"10°46'32.41""N, 106°40'15.34""E",FIX,
13:10:31.610,1786255831.610,PATH_FOLLOWING,10.830,-0.431,-2.249,0.00,0.250,-0.003,0.000,0.000,0.000,0.000,0.00,10.77566973,106.67092761,10.51,"10°46'32.41""N, 106°40'15.34""E",FIX,
13:10:31.697,1786255831.697,PATH_FOLLOWING,10.817,-0.447,-2.249,0.00,0.250,-0.002,0.000,0.000,0.000,0.000,0.00,10.77566973,106.67092761,10.51,"10°46'32.41""N, 106°40'15.34""E",FIX,
13:10:31.770,1786255831.770,PATH_FOLLOWING,10.808,-0.459,-2.250,0.00,0.250,-0.002,0.000,0.000,0.000,0.000,0.00,10.77566973,106.67092761,10.51,"10°46'32.41""N, 106°40'15.34""E",FIX,
13:10:31.852,1786255831.852,PATH_FOLLOWING,10.795,-0.474,-2.250,0.00,0.250,-0.001,0.000,0.000,0.000,0.000,0.00,10.77566957,106.67092777,10.51,"10°46'32.41""N, 106°40'15.34""E",FIX,
13:10:31.931,1786255831.931,PATH_FOLLOWING,10.786,-0.486,-2.250,0.00,0.250,-0.001,0.000,0.000,0.000,0.000,0.00,10.77566957,106.67092777,10.51,"10°46'32.41""N, 106°40'15.34""E",FIX,
13:10:31.995,1786255831.995,PATH_FOLLOWING,10.777,-0.497,-2.250,0.00,0.250,-0.001,0.000,0.000,0.000,0.000,0.00,10.77566957,106.67092777,10.51,"10°46'32.41""N, 106°40'15.34""E",FIX,
13:10:32.080,1786255832.081,PATH_FOLLOWING,10.764,-0.513,-2.250,0.00,0.250,-0.001,0.000,0.000,0.000,0.000,0.00,10.77566941,106.67092793,10.51,"10°46'32.41""N, 106°40'15.34""E",FIX,
13:10:32.165,1786255832.165,PATH_FOLLOWING,10.755,-0.525,-2.250,0.00,0.250,-0.000,0.000,0.000,0.000,0.000,0.00,10.77566941,106.67092793,10.51,"10°46'32.41""N, 106°40'15.34""E",FIX,
13:10:32.248,1786255832.248,PATH_FOLLOWING,10.745,-0.536,-2.250,0.00,0.250,-0.000,0.000,0.000,0.000,0.000,0.00,10.77566941,106.67092793,10.51,"10°46'32.41""N, 106°40'15.34""E",FIX,
13:10:32.309,1786255832.310,PATH_FOLLOWING,10.736,-0.548,-2.250,0.00,0.250,-0.000,0.000,0.000,0.000,0.000,0.00,10.77566925,106.67092809,10.51,"10°46'32.41""N, 106°40'15.34""E",FIX,
13:10:32.398,1786255832.399,PATH_FOLLOWING,10.723,-0.564,-2.250,0.00,0.250,-0.000,0.000,0.000,0.000,0.000,0.00,10.77566925,106.67092809,10.51,"10°46'32.41""N, 106°40'15.34""E",FIX,
13:10:32.457,1786255832.457,PATH_FOLLOWING,10.714,-0.575,-2.250,0.00,0.250,-0.000,0.000,0.000,0.000,0.000,0.00,10.77566925,106.67092809,10.51,"10°46'32.41""N, 106°40'15.34""E",FIX,
13:10:32.546,1786255832.547,PATH_FOLLOWING,10.704,-0.587,-2.250,0.00,0.250,-0.000,0.000,0.000,0.000,0.000,0.00,10.77566909,106.67092825,10.51,"10°46'32.41""N, 106°40'15.34""E",FIX,
13:10:32.632,1786255832.633,PATH_FOLLOWING,10.695,-0.599,-2.250,0.00,0.250,-0.000,0.000,0.000,0.000,0.000,0.00,10.77566909,106.67092825,10.51,"10°46'32.41""N, 106°40'15.34""E",FIX,
13:10:32.701,1786255832.702,PATH_FOLLOWING,10.682,-0.614,-2.250,0.00,0.250,-0.000,0.000,0.000,0.000,0.000,0.00,10.77566909,106.67092825,10.51,"10°46'32.41""N, 106°40'15.34""E",FIX,
13:10:32.784,1786255832.785,PATH_FOLLOWING,10.673,-0.626,-2.250,0.00,0.000,0.000,0.000,0.000,0.000,0.000,0.00,10.77566893,106.67092841,10.51,"10°46'32.41""N, 106°40'15.34""E",FIX,
13:10:32.871,1786255832.872,UTURN_EXECUTION,10.669,-0.630,-2.250,0.00,0.250,-1.500,0.000,0.000,0.000,0.000,0.00,10.77566893,106.67092841,10.51,"10°46'32.41""N, 106°40'15.34""E",FIX,
13:10:32.930,1786255832.931,UTURN_EXECUTION,10.663,-0.637,-2.306,0.00,0.250,-1.500,0.000,0.000,0.000,0.000,0.00,10.77566893,106.67092841,10.51,"10°46'32.41""N, 106°40'15.34""E",FIX,
13:10:33.009,1786255833.010,UTURN_EXECUTION,10.653,-0.648,-2.396,0.00,0.250,-1.500,0.000,0.000,0.000,0.000,0.00,10.77566884,106.67092850,10.51,"10°46'32.41""N, 106°40'15.34""E",FIX,
13:10:33.092,1786255833.093,UTURN_EXECUTION,10.641,-0.658,-2.486,0.00,0.250,-1.500,0.000,0.000,0.000,0.000,0.00,10.77566884,106.67092850,10.51,"10°46'32.41""N, 106°40'15.34""E",FIX,
13:10:33.180,1786255833.180,UTURN_EXECUTION,10.625,-0.669,-2.606,0.00,0.250,-1.500,0.000,0.000,0.000,0.000,0.00,10.77566884,106.67092850,10.51,"10°46'32.41""N, 106°40'15.34""E",FIX,
13:10:33.255,1786255833.256,UTURN_EXECUTION,10.612,-0.676,-2.696,0.00,0.250,-1.500,0.000,0.000,0.000,0.000,0.00,10.77566867,106.67092866,10.51,"10°46'32.41""N, 106°40'15.34""E",FIX,
13:10:33.332,1786255833.333,UTURN_EXECUTION,10.593,-0.683,-2.816,0.00,0.250,-1.500,0.000,0.000,0.000,0.000,0.00,10.77566867,106.67092866,10.51,"10°46'32.41""N, 106°40'15.34""E",FIX,
13:10:33.409,1786255833.409,UTURN_EXECUTION,10.579,-0.687,-2.906,0.00,0.250,-1.500,0.000,0.000,0.000,0.000,0.00,10.77566867,106.67092866,10.51,"10°46'32.41""N, 106°40'15.34""E",FIX,
13:10:33.478,1786255833.479,UTURN_EXECUTION,10.564,-0.690,-2.996,0.00,0.250,-1.500,0.000,0.000,0.000,0.000,0.00,10.77566848,106.67092884,10.51,"10°46'32.41""N, 106°40'15.34""E",FIX,
13:10:33.550,1786255833.551,UTURN_EXECUTION,10.549,-0.692,-3.086,0.00,0.250,-1.500,0.000,0.000,0.000,0.000,0.00,10.77566848,106.67092884,10.51,"10°46'32.41""N, 106°40'15.34""E",FIX,
13:10:33.647,1786255833.648,UTURN_EXECUTION,10.529,-0.692,3.078,0.00,0.250,-1.500,0.000,0.000,0.000,0.000,0.00,10.77566848,106.67092884,10.51,"10°46'32.41""N, 106°40'15.34""E",FIX,
13:10:33.724,1786255833.724,UTURN_EXECUTION,10.514,-0.690,2.988,0.00,0.250,-1.500,0.000,0.000,0.000,0.000,0.00,10.77566829,106.67092904,10.51,"10°46'32.41""N, 106°40'15.34""E",FIX,
13:10:33.790,1786255833.790,UTURN_EXECUTION,10.500,-0.687,2.898,0.00,0.250,-1.500,0.000,0.000,0.000,0.000,0.00,10.77566829,106.67092904,10.51,"10°46'32.41""N, 106°40'15.34""E",FIX,
13:10:33.884,1786255833.885,UTURN_EXECUTION,10.480,-0.681,2.778,0.00,0.250,-1.500,0.000,0.000,0.000,0.000,0.00,10.77566829,106.67092904,10.51,"10°46'32.41""N, 106°40'15.34""E",FIX,
13:10:33.965,1786255833.965,UTURN_EXECUTION,10.467,-0.675,2.688,0.00,0.250,-1.500,0.000,0.000,0.000,0.000,0.00,10.77566808,106.67092926,10.51,"10°46'32.41""N, 106°40'15.35""E",FIX,
13:10:34.034,1786255834.035,UTURN_EXECUTION,10.454,-0.668,2.598,0.00,0.250,-1.500,0.000,0.000,0.000,0.000,0.00,10.77566808,106.67092926,10.51,"10°46'32.41""N, 106°40'15.35""E",FIX,
13:10:34.112,1786255834.112,UTURN_EXECUTION,10.441,-0.660,2.508,0.00,0.250,-1.500,0.000,0.000,0.000,0.000,0.00,10.77566808,106.67092926,10.51,"10°46'32.41""N, 106°40'15.35""E",FIX,
13:10:34.190,1786255834.190,UTURN_EXECUTION,10.429,-0.650,2.418,0.00,0.250,-1.500,0.000,0.000,0.000,0.000,0.00,10.77566786,106.67092949,10.51,"10°46'32.40""N, 106°40'15.35""E",FIX,
13:10:34.270,1786255834.271,UTURN_EXECUTION,10.415,-0.636,2.298,0.00,0.250,-1.500,0.000,0.000,0.000,0.000,0.00,10.77566786,106.67092949,10.51,"10°46'32.40""N, 106°40'15.35""E",FIX,
13:10:34.354,1786255834.355,UTURN_EXECUTION,10.406,-0.625,2.208,0.00,0.250,-1.500,0.000,0.000,0.000,0.000,0.00,10.77566786,106.67092949,10.51,"10°46'32.40""N, 106°40'15.35""E",FIX,
13:10:34.445,1786255834.446,UTURN_EXECUTION,10.397,-0.612,2.118,0.00,0.250,-1.500,0.000,0.000,0.000,0.000,0.00,10.77566764,106.67092974,10.51,"10°46'32.40""N, 106°40'15.35""E",FIX,
13:10:34.524,1786255834.525,UTURN_EXECUTION,10.388,-0.594,1.998,0.00,0.250,-1.500,0.000,0.000,0.000,0.000,0.00,10.77566764,106.67092974,10.51,"10°46'32.40""N, 106°40'15.35""E",FIX,
13:10:34.596,1786255834.597,UTURN_EXECUTION,10.383,-0.581,1.908,0.00,0.250,-1.500,0.000,0.000,0.000,0.000,0.00,10.77566764,106.67092974,10.51,"10°46'32.40""N, 106°40'15.35""E",FIX,
13:10:34.674,1786255834.675,UTURN_EXECUTION,10.378,-0.566,1.818,0.00,0.250,-1.500,0.000,0.000,0.000,0.000,0.00,10.77566742,106.67092999,10.51,"10°46'32.40""N, 106°40'15.35""E",FIX,
13:10:34.754,1786255834.755,UTURN_EXECUTION,10.374,-0.547,1.698,0.00,0.250,-1.500,0.000,0.000,0.000,0.000,0.00,10.77566742,106.67092999,10.51,"10°46'32.40""N, 106°40'15.35""E",FIX,
13:10:34.843,1786255834.843,UTURN_EXECUTION,10.373,-0.532,1.608,0.00,0.250,-1.500,0.000,0.000,0.000,0.000,0.00,10.77566742,106.67092999,10.51,"10°46'32.40""N, 106°40'15.35""E",FIX,
13:10:34.915,1786255834.916,UTURN_EXECUTION,10.374,-0.512,1.488,0.00,0.250,-1.500,0.000,0.000,0.000,0.000,0.00,10.77566719,106.67093020,10.51,"10°46'32.40""N, 106°40'15.35""E",FIX,
13:10:34.990,1786255834.990,UTURN_EXECUTION,10.376,-0.497,1.398,0.00,0.250,-1.500,0.000,0.000,0.000,0.000,0.00,10.77566719,106.67093020,10.51,"10°46'32.40""N, 106°40'15.35""E",FIX,
13:10:35.064,1786255835.064,UTURN_EXECUTION,10.379,-0.482,1.308,0.00,0.250,-1.500,0.000,0.000,0.000,0.000,0.00,10.77566719,106.67093020,10.51,"10°46'32.40""N, 106°40'15.35""E",FIX,
13:10:35.151,1786255835.151,UTURN_EXECUTION,10.383,-0.468,1.218,0.00,0.250,-1.500,0.000,0.000,0.000,0.000,0.00,10.77566697,106.67093035,10.51,"10°46'32.40""N, 106°40'15.35""E",FIX,
13:10:35.260,1786255835.260,UTURN_EXECUTION,10.391,-0.449,1.098,0.00,0.250,-1.500,0.000,0.000,0.000,0.000,0.00,10.77566697,106.67093035,10.51,"10°46'32.40""N, 106°40'15.35""E",FIX,
13:10:35.334,1786255835.335,UTURN_EXECUTION,10.399,-0.436,1.008,0.00,0.250,-1.500,0.000,0.000,0.000,0.000,0.00,10.77566697,106.67093035,10.51,"10°46'32.40""N, 106°40'15.35""E",FIX,
13:10:35.426,1786255835.426,UTURN_EXECUTION,10.407,-0.424,0.918,0.00,0.250,-1.500,0.000,0.000,0.000,0.000,0.00,10.77566676,106.67093043,10.51,"10°46'32.40""N, 106°40'15.35""E",FIX,
13:10:35.519,1786255835.520,UTURN_EXECUTION,10.421,-0.409,0.798,0.00,0.250,-1.500,0.000,0.000,0.000,0.000,0.00,10.77566676,106.67093043,10.51,"10°46'32.40""N, 106°40'15.35""E",FIX,
13:10:35.592,1786255835.592,UTURN_EXECUTION,10.428,-0.402,0.738,0.00,0.250,-1.500,0.000,0.000,0.000,0.000,0.00,10.77566676,106.67093043,10.51,"10°46'32.40""N, 106°40'15.35""E",FIX,
13:10:35.670,1786255835.671,UTURN_EXECUTION,10.443,-0.390,0.618,0.00,0.250,-1.500,0.000,0.000,0.000,0.000,0.00,10.77566655,106.67093045,10.51,"10°46'32.40""N, 106°40'15.35""E",FIX,
13:10:35.738,1786255835.739,UTURN_EXECUTION,10.456,-0.381,0.528,0.00,0.250,-1.500,0.000,0.000,0.000,0.000,0.00,10.77566655,106.67093045,10.51,"10°46'32.40""N, 106°40'15.35""E",FIX,
13:10:35.822,1786255835.822,UTURN_EXECUTION,10.469,-0.374,0.438,0.00,0.250,-1.500,0.000,0.000,0.000,0.000,0.00,10.77566655,106.67093045,10.51,"10°46'32.40""N, 106°40'15.35""E",FIX,
13:10:35.899,1786255835.899,UTURN_EXECUTION,10.488,-0.367,0.318,0.00,0.250,-1.500,0.000,0.000,0.000,0.083,0.00,10.77566636,106.67093041,10.51,"10°46'32.40""N, 106°40'15.35""E",FIX,
13:10:35.982,1786255835.983,UTURN_EXECUTION,10.507,-0.362,0.198,0.00,0.250,-1.500,0.000,0.000,0.000,0.062,0.00,10.77566636,106.67093041,10.51,"10°46'32.40""N, 106°40'15.35""E",FIX,
13:10:36.046,1786255836.046,UTURN_EXECUTION,10.517,-0.360,0.138,0.00,0.250,-1.500,0.000,0.000,0.000,0.021,0.00,10.77566636,106.67093041,10.51,"10°46'32.40""N, 106°40'15.35""E",FIX,
13:10:36.122,1786255836.123,UTURN_EXECUTION,10.537,-0.359,0.018,0.00,0.250,-1.500,0.000,0.000,0.000,0.000,0.00,10.77566618,106.67093031,10.51,"10°46'32.40""N, 106°40'15.35""E",FIX,
13:10:36.192,1786255836.193,UTURN_EXECUTION,10.552,-0.359,-0.072,0.00,0.250,-1.500,0.000,0.000,0.000,0.000,0.00,10.77566618,106.67093031,10.51,"10°46'32.40""N, 106°40'15.35""E",FIX,
13:10:36.270,1786255836.270,UTURN_EXECUTION,10.567,-0.361,-0.162,0.00,0.250,-1.500,0.000,0.000,0.000,0.000,0.00,10.77566618,106.67093031,10.51,"10°46'32.40""N, 106°40'15.35""E",FIX,
13:10:36.357,1786255836.357,UTURN_EXECUTION,10.586,-0.365,-0.282,0.00,0.250,-1.500,0.000,0.000,0.000,0.000,0.00,10.77566600,106.67093016,10.51,"10°46'32.40""N, 106°40'15.35""E",FIX,
13:10:36.430,1786255836.430,UTURN_EXECUTION,10.600,-0.370,-0.372,0.00,0.250,-1.500,0.000,0.000,0.000,0.000,0.00,10.77566600,106.67093016,10.51,"10°46'32.40""N, 106°40'15.35""E",FIX,
13:10:36.522,1786255836.523,UTURN_EXECUTION,10.619,-0.379,-0.492,0.00,0.250,-1.500,0.000,0.000,0.000,0.000,0.00,10.77566600,106.67093016,10.51,"10°46'32.40""N, 106°40'15.35""E",FIX,
13:10:36.586,1786255836.586,UTURN_EXECUTION,10.627,-0.384,-0.552,0.00,0.250,-1.500,0.000,0.000,0.000,0.000,0.00,10.77566585,106.67093000,10.51,"10°46'32.40""N, 106°40'15.35""E",FIX,
13:10:36.678,1786255836.679,UTURN_EXECUTION,10.644,-0.395,-0.672,0.00,0.250,-1.500,0.000,0.000,0.000,0.000,0.00,10.77566585,106.67093000,10.51,"10°46'32.40""N, 106°40'15.35""E",FIX,
13:10:36.744,1786255836.744,UTURN_EXECUTION,10.655,-0.405,-0.762,0.00,0.250,-1.500,0.000,0.000,0.000,0.000,0.00,10.77566585,106.67093000,10.51,"10°46'32.40""N, 106°40'15.35""E",FIX,
13:10:36.821,1786255836.822,UTURN_EXECUTION,10.665,-0.416,-0.852,0.00,0.250,-1.500,0.000,0.000,0.000,0.000,0.00,10.77566568,106.67092982,10.51,"10°46'32.40""N, 106°40'15.35""E",FIX,
13:10:36.894,1786255836.895,UTURN_EXECUTION,10.678,-0.432,-0.972,0.00,0.250,-1.500,0.000,0.000,0.000,0.000,0.00,10.77566568,106.67092982,10.51,"10°46'32.40""N, 106°40'15.35""E",FIX,
13:10:36.982,1786255836.983,UTURN_EXECUTION,10.688,-0.449,-1.092,0.00,0.250,-1.500,0.000,0.000,0.000,0.000,0.00,10.77566568,106.67092982,10.51,"10°46'32.40""N, 106°40'15.35""E",FIX,
13:10:37.064,1786255837.065,UTURN_EXECUTION,10.694,-0.462,-1.182,0.00,0.250,-1.500,0.000,0.000,0.000,0.000,0.00,10.77566550,106.67092963,10.51,"10°46'32.40""N, 106°40'15.35""E",FIX,
13:10:37.142,1786255837.142,UTURN_EXECUTION,10.699,-0.476,-1.272,0.00,0.250,-1.500,0.000,0.000,0.000,0.000,0.00,10.77566550,106.67092963,10.51,"10°46'32.40""N, 106°40'15.35""E",FIX,
13:10:37.220,1786255837.220,UTURN_EXECUTION,10.703,-0.491,-1.362,0.00,0.250,-1.500,0.000,0.000,0.000,0.021,0.00,10.77566550,106.67092963,10.51,"10°46'32.40""N, 106°40'15.35""E",FIX,
13:10:37.302,1786255837.303,UTURN_EXECUTION,10.706,-0.511,-1.482,0.00,0.250,-1.500,0.000,0.000,0.000,0.062,0.00,10.77566529,106.67092943,10.51,"10°46'32.40""N, 106°40'15.35""E",FIX,
13:10:37.371,1786255837.372,UTURN_EXECUTION,10.706,-0.521,-1.542,0.00,0.250,-1.500,0.000,0.000,0.000,0.104,0.00,10.77566529,106.67092943,10.51,"10°46'32.40""N, 106°40'15.35""E",FIX,
13:10:37.445,1786255837.445,UTURN_EXECUTION,10.706,-0.541,-1.662,0.00,0.250,-1.500,0.000,0.000,0.000,0.167,0.00,10.77566529,106.67092943,10.51,"10°46'32.40""N, 106°40'15.35""E",FIX,
13:10:37.549,1786255837.550,UTURN_EXECUTION,10.704,-0.556,-1.752,0.00,0.250,-1.500,0.000,0.000,0.000,0.333,0.00,10.77566506,106.67092921,10.51,"10°46'32.39""N, 106°40'15.35""E",FIX,
13:10:37.635,1786255837.635,UTURN_EXECUTION,10.699,-0.575,-1.872,0.00,0.250,-1.500,0.000,0.000,0.000,1.000,0.00,10.77566506,106.67092921,10.51,"10°46'32.39""N, 106°40'15.35""E",FIX,
13:10:37.700,1786255837.700,TRACKING,10.694,-0.589,-1.961,0.14,0.450,-0.018,0.000,0.000,0.000,1.000,0.01,10.77566506,106.67092921,10.51,"10°46'32.39""N, 106°40'15.35""E",FIX,
13:10:37.784,1786255837.784,TRACKING,10.684,-0.611,-1.984,0.26,0.450,-0.109,0.000,0.000,0.000,1.000,0.04,10.77566486,106.67092896,10.51,"10°46'32.39""N, 106°40'15.34""E",FIX,
13:10:37.861,1786255837.861,TRACKING,10.673,-0.636,-1.989,0.35,0.450,-0.101,0.000,0.000,0.000,1.000,0.07,10.77566486,106.67092896,10.51,"10°46'32.39""N, 106°40'15.34""E",FIX,
13:10:37.951,1786255837.952,TRACKING,10.659,-0.668,-1.997,0.42,0.450,-0.082,0.000,0.000,0.000,0.604,0.10,10.77566486,106.67092896,10.51,"10°46'32.39""N, 106°40'15.34""E",FIX,
13:10:38.031,1786255838.032,TRACKING,10.647,-0.693,-2.003,0.47,0.450,-0.086,0.000,0.000,0.000,0.667,0.13,10.77566477,106.67092855,10.51,"10°46'32.39""N, 106°40'15.34""E",FIX,
13:10:38.142,1786255838.142,TRACKING,10.636,-0.717,-2.008,0.51,0.450,-0.071,0.000,0.000,0.000,0.750,0.16,10.77566477,106.67092855,10.51,"10°46'32.39""N, 106°40'15.34""E",FIX,
13:10:38.204,1786255838.205,TRACKING,10.621,-0.750,-2.014,0.54,0.450,-0.063,0.000,0.000,0.000,0.833,0.19,10.77566477,106.67092855,10.51,"10°46'32.39""N, 106°40'15.34""E",FIX,
13:10:38.280,1786255838.281,TRACKING,10.609,-0.774,-2.018,0.56,0.450,-0.061,0.000,0.000,0.000,0.917,0.22,10.77566468,106.67092815,10.51,"10°46'32.39""N, 106°40'15.34""E",FIX,
13:10:38.359,1786255838.360,TRACKING,10.597,-0.799,-2.022,0.58,0.450,-0.059,0.000,0.000,0.000,0.979,0.25,10.77566468,106.67092815,10.51,"10°46'32.39""N, 106°40'15.34""E",FIX,
13:10:38.433,1786255838.434,TRACKING,10.586,-0.823,-2.025,0.59,0.450,-0.059,0.000,0.000,0.000,1.000,0.27,10.77566468,106.67092815,10.51,"10°46'32.39""N, 106°40'15.34""E",FIX,
13:10:38.522,1786255838.523,TRACKING,10.570,-0.855,-2.030,0.60,0.450,-0.055,0.000,0.000,0.000,1.000,0.31,10.77566459,106.67092775,10.51,"10°46'32.39""N, 106°40'15.34""E",FIX,
13:10:38.612,1786255838.613,TRACKING,10.558,-0.879,-2.033,0.61,0.450,-0.055,0.000,0.000,0.000,1.000,0.34,10.77566459,106.67092775,10.51,"10°46'32.39""N, 106°40'15.34""E",FIX,
13:10:38.697,1786255838.697,TRACKING,10.542,-0.912,-2.038,0.62,0.450,-0.054,0.000,0.000,0.000,1.000,0.37,10.77566459,106.67092775,10.51,"10°46'32.39""N, 106°40'15.34""E",FIX,
13:10:38.771,1786255838.771,TRACKING,10.529,-0.936,-2.041,0.63,0.450,-0.056,0.000,0.000,0.000,1.000,0.40,10.77566451,106.67092734,10.51,"10°46'32.39""N, 106°40'15.34""E",FIX,
13:10:38.844,1786255838.844,TRACKING,10.517,-0.960,-2.044,0.63,0.450,-0.055,0.000,0.000,0.000,0.833,0.43,10.77566451,106.67092734,10.51,"10°46'32.39""N, 106°40'15.34""E",FIX,
13:10:38.931,1786255838.932,TRACKING,10.505,-0.984,-2.048,0.57,0.450,0.001,0.000,0.000,0.000,0.292,0.45,10.77566451,106.67092734,10.51,"10°46'32.39""N, 106°40'15.34""E",FIX,
13:10:39.001,1786255839.002,TRACKING,10.492,-1.008,-2.049,0.51,0.450,0.006,0.000,0.000,0.000,0.333,0.48,10.77566451,106.67092734,10.51,"10°46'32.39""N, 106°40'15.34""E",FIX,
13:10:39.086,1786255839.087,TRACKING,10.476,-1.040,-2.049,0.57,0.450,-0.084,0.000,0.000,0.000,0.417,0.52,10.77566444,106.67092694,10.51,"10°46'32.39""N, 106°40'15.34""E",FIX,
13:10:39.170,1786255839.171,TRACKING,10.459,-1.072,-2.053,0.61,0.450,-0.080,0.000,0.000,0.000,0.479,0.55,10.77566444,106.67092694,10.51,"10°46'32.39""N, 106°40'15.34""E",FIX,
13:10:39.243,1786255839.243,TRACKING,10.447,-1.096,-2.058,0.64,0.450,-0.079,0.000,0.000,0.000,0.521,0.58,10.77566436,106.67092653,10.51,"10°46'32.39""N, 106°40'15.34""E",FIX,
13:10:39.316,1786255839.317,TRACKING,10.434,-1.119,-2.063,0.67,0.450,-0.072,0.000,0.000,0.000,0.583,0.61,10.77566436,106.67092653,10.51,"10°46'32.39""N, 106°40'15.34""E",FIX,
13:10:39.388,1786255839.389,TRACKING,10.421,-1.143,-2.067,0.69,0.450,-0.069,0.000,0.000,0.000,0.667,0.63,10.77566436,106.67092653,10.51,"10°46'32.39""N, 106°40'15.34""E",FIX,
13:10:39.458,1786255839.458,TRACKING,10.408,-1.167,-2.072,0.70,0.450,-0.067,0.000,0.000,0.000,0.729,0.66,10.77566436,106.67092653,10.51,"10°46'32.39""N, 106°40'15.34""E",FIX,
13:10:39.529,1786255839.529,TRACKING,10.395,-1.190,-2.076,0.71,0.450,-0.064,0.000,0.000,0.000,0.771,0.69,10.77566428,106.67092613,10.51,"10°46'32.39""N, 106°40'15.33""E",FIX,
13:10:39.619,1786255839.619,TRACKING,10.378,-1.222,-2.081,0.72,0.450,-0.062,0.000,0.000,0.000,0.854,0.72,10.77566428,106.67092613,10.51,"10°46'32.39""N, 106°40'15.33""E",FIX,
13:10:39.700,1786255839.700,TRACKING,10.360,-1.253,-2.086,0.72,0.450,-0.061,0.000,0.000,0.000,0.917,0.76,10.77566421,106.67092572,10.51,"10°46'32.39""N, 106°40'15.33""E",FIX,
13:10:39.778,1786255839.778,TRACKING,10.347,-1.277,-2.089,0.73,0.450,-0.060,0.000,0.000,0.000,1.000,0.79,10.77566421,106.67092572,10.51,"10°46'32.39""N, 106°40'15.33""E",FIX,
13:10:39.854,1786255839.855,TRACKING,10.333,-1.300,-2.093,0.73,0.450,-0.062,0.000,0.000,0.000,1.000,0.81,10.77566421,106.67092572,10.51,"10°46'32.39""N, 106°40'15.33""E",FIX,
13:10:39.919,1786255839.919,TRACKING,10.320,-1.324,-2.097,0.74,0.450,-0.062,0.000,0.000,0.000,1.000,0.84,10.77566421,106.67092572,10.51,"10°46'32.39""N, 106°40'15.33""E",FIX,
13:10:39.995,1786255839.995,TRACKING,10.306,-1.347,-2.101,0.74,0.450,-0.061,0.000,0.000,0.000,1.000,0.87,10.77566414,106.67092531,10.51,"10°46'32.39""N, 106°40'15.33""E",FIX,
13:10:40.077,1786255840.077,TRACKING,10.292,-1.370,-2.104,0.74,0.450,-0.060,0.000,0.000,0.000,1.000,0.89,10.77566414,106.67092531,10.51,"10°46'32.39""N, 106°40'15.33""E",FIX,
13:10:40.156,1786255840.156,TRACKING,10.274,-1.401,-2.109,0.75,0.450,-0.062,0.000,0.000,0.000,0.896,0.93,10.77566414,106.67092531,10.51,"10°46'32.39""N, 106°40'15.33""E",FIX,
13:10:40.242,1786255840.242,TRACKING,10.256,-1.432,-2.114,0.75,0.450,-0.061,0.000,0.000,0.000,0.896,0.97,10.77566406,106.67092491,10.51,"10°46'32.39""N, 106°40'15.33""E",FIX,
13:10:40.337,1786255840.337,TRACKING,10.242,-1.455,-2.118,0.75,0.450,-0.063,0.000,0.000,0.000,0.979,0.99,10.77566406,106.67092491,10.51,"10°46'32.39""N, 106°40'15.33""E",FIX,
13:10:40.403,1786255840.404,TRACKING,10.227,-1.478,-2.121,0.76,0.450,-0.063,0.000,0.000,0.000,1.000,1.02,10.77566406,106.67092491,10.51,"10°46'32.39""N, 106°40'15.33""E",FIX,
13:10:40.481,1786255840.481,TRACKING,10.213,-1.501,-2.125,0.76,0.450,-0.062,0.000,0.000,0.000,1.000,1.05,10.77566400,106.67092450,10.51,"10°46'32.39""N, 106°40'15.33""E",FIX,
13:10:40.569,1786255840.570,TRACKING,10.194,-1.532,-2.130,0.76,0.450,-0.063,0.000,0.000,0.000,1.000,1.08,10.77566400,106.67092450,10.51,"10°46'32.39""N, 106°40'15.33""E",FIX,
13:10:40.634,1786255840.634,TRACKING,10.180,-1.555,-2.134,0.77,0.450,-0.061,0.000,0.000,0.000,0.937,1.11,10.77566400,106.67092450,10.51,"10°46'32.39""N, 106°40'15.33""E",FIX,
13:10:40.719,1786255840.720,TRACKING,10.165,-1.577,-2.137,0.77,0.450,-0.061,0.000,0.000,0.000,0.521,1.14,10.77566393,106.67092409,10.51,"10°46'32.39""N, 106°40'15.33""E",FIX,
13:10:40.795,1786255840.796,TRACKING,10.151,-1.600,-2.141,0.69,0.450,0.008,0.000,0.000,0.000,0.125,1.16,10.77566393,106.67092409,10.51,"10°46'32.39""N, 106°40'15.33""E",FIX,
13:10:40.872,1786255840.873,TRACKING,10.131,-1.630,-2.143,0.62,0.450,0.009,0.000,0.000,0.000,0.167,1.20,10.77566393,106.67092409,10.51,"10°46'32.39""N, 106°40'15.33""E",FIX,
13:10:40.958,1786255840.959,TRACKING,10.117,-1.653,-2.142,0.56,0.450,-0.001,0.000,0.000,0.000,0.250,1.23,10.77566387,106.67092368,10.51,"10°46'32.39""N, 106°40'15.33""E",FIX,
13:10:41.038,1786255841.038,TRACKING,10.097,-1.683,-2.142,0.50,0.450,0.003,0.000,0.000,0.000,0.292,1.26,10.77566387,106.67092368,10.51,"10°46'32.39""N, 106°40'15.33""E",FIX,
13:10:41.103,1786255841.103,TRACKING,10.083,-1.706,-2.142,0.45,0.450,0.011,0.000,0.000,0.000,0.333,1.29,10.77566387,106.67092368,10.51,"10°46'32.39""N, 106°40'15.33""E",FIX,
13:10:41.181,1786255841.182,TRACKING,10.068,-1.729,-2.141,0.54,0.450,-0.117,0.000,0.000,0.000,0.417,1.32,10.77566381,106.67092328,10.51,"10°46'32.39""N, 106°40'15.32""E",FIX,
13:10:41.262,1786255841.263,TRACKING,10.054,-1.752,-2.146,0.60,0.450,-0.097,0.000,0.000,0.000,0.479,1.34,10.77566381,106.67092328,10.51,"10°46'32.39""N, 106°40'15.32""E",FIX,
13:10:41.340,1786255841.341,TRACKING,10.034,-1.782,-2.154,0.65,0.450,-0.083,0.000,0.000,0.000,0.521,1.38,10.77566381,106.67092328,10.51,"10°46'32.39""N, 106°40'15.32""E",FIX,
13:10:41.423,1786255841.424,TRACKING,10.019,-1.804,-2.159,0.68,0.450,-0.079,0.000,0.000,0.000,0.583,1.41,10.77566375,106.67092287,10.51,"10°46'32.39""N, 106°40'15.32""E",FIX,
13:10:41.497,1786255841.497,TRACKING,10.004,-1.827,-2.164,0.70,0.450,-0.077,0.000,0.000,0.000,0.646,1.43,10.77566375,106.67092287,10.51,"10°46'32.39""N, 106°40'15.32""E",FIX,
13:10:41.583,1786255841.583,TRACKING,9.989,-1.849,-2.169,0.72,0.450,-0.068,0.000,0.000,0.000,0.708,1.46,10.77566375,106.67092287,10.51,"10°46'32.39""N, 106°40'15.32""E",FIX,
13:10:41.656,1786255841.656,TRACKING,9.973,-1.871,-2.173,0.73,0.450,-0.065,0.000,0.000,0.000,0.771,1.49,10.77566369,106.67092246,10.51,"10°46'32.39""N, 106°40'15.32""E",FIX,
13:10:41.777,1786255841.778,TRACKING,9.953,-1.901,-2.179,0.73,0.450,-0.062,0.000,0.000,0.000,0.833,1.52,10.77566369,106.67092246,10.51,"10°46'32.39""N, 106°40'15.32""E",FIX,
13:10:41.836,1786255841.837,TRACKING,9.938,-1.923,-2.183,0.74,0.450,-0.061,0.000,0.000,0.000,0.917,1.55,10.77566369,106.67092246,10.51,"10°46'32.39""N, 106°40'15.32""E",FIX,
13:10:41.913,1786255841.913,TRACKING,9.922,-1.945,-2.186,0.74,0.450,-0.061,0.000,0.000,0.000,1.000,1.58,10.77566363,106.67092205,10.51,"10°46'32.39""N, 106°40'15.32""E",FIX,
13:10:42.009,1786255842.009,TRACKING,9.901,-1.974,-2.191,0.74,0.450,-0.060,0.000,0.000,0.000,1.000,1.61,10.77566363,106.67092205,10.51,"10°46'32.39""N, 106°40'15.32""E",FIX,
13:10:42.102,1786255842.102,TRACKING,9.880,-2.004,-2.196,0.74,0.450,-0.058,0.000,0.000,0.000,1.000,1.65,10.77566363,106.67092205,10.51,"10°46'32.39""N, 106°40'15.32""E",FIX,
13:10:42.173,1786255842.174,TRACKING,9.864,-2.025,-2.199,0.74,0.450,-0.058,0.000,0.000,0.000,1.000,1.68,10.77566357,106.67092164,10.51,"10°46'32.39""N, 106°40'15.32""E",FIX,
13:10:42.250,1786255842.250,TRACKING,9.848,-2.047,-2.203,0.74,0.450,-0.058,0.000,0.000,0.000,1.000,1.70,10.77566357,106.67092164,10.51,"10°46'32.39""N, 106°40'15.32""E",FIX,
13:10:42.316,1786255842.316,TRACKING,9.832,-2.069,-2.206,0.74,0.450,-0.058,0.000,0.000,0.000,1.000,1.73,10.77566357,106.67092164,10.51,"10°46'32.39""N, 106°40'15.32""E",FIX,
13:10:42.401,1786255842.401,TRACKING,9.811,-2.098,-2.211,0.76,0.450,-0.076,0.000,0.000,0.000,1.000,1.77,10.77566352,106.67092124,10.51,"10°46'32.39""N, 106°40'15.32""E",FIX,
13:10:42.475,1786255842.475,TRACKING,9.795,-2.120,-2.215,0.78,0.450,-0.074,0.000,0.000,0.000,1.000,1.79,10.77566352,106.67092124,10.51,"10°46'32.39""N, 106°40'15.32""E",FIX,
13:10:42.565,1786255842.566,TRACKING,9.779,-2.141,-2.220,0.79,0.450,-0.072,0.000,0.000,0.000,1.000,1.82,10.77566352,106.67092124,10.51,"10°46'32.39""N, 106°40'15.32""E",FIX,
13:10:42.632,1786255842.632,TRACKING,9.762,-2.163,-2.224,0.79,0.450,-0.056,0.000,0.000,0.000,1.000,1.85,10.77566347,106.67092083,10.51,"10°46'32.39""N, 106°40'15.31""E",FIX,
13:10:42.712,1786255842.712,TRACKING,9.740,-2.191,-2.229,0.77,0.450,-0.047,0.000,0.000,0.000,0.604,1.88,10.77566347,106.67092083,10.51,"10°46'32.39""N, 106°40'15.31""E",FIX,
13:10:42.794,1786255842.795,TRACKING,9.724,-2.212,-2.232,0.69,0.450,0.004,0.000,0.000,0.000,0.062,1.91,10.77566347,106.67092083,10.51,"10°46'32.39""N, 106°40'15.31""E",FIX,
13:10:42.878,1786255842.878,TRACKING,9.702,-2.241,-2.233,0.62,0.450,0.000,0.000,0.000,0.000,0.000,1.95,10.77566342,106.67092042,10.51,"10°46'32.39""N, 106°40'15.31""E",FIX,
13:10:42.950,1786255842.950,TRACKING,9.690,-2.255,-2.233,0.56,0.450,0.015,0.000,0.000,0.000,0.042,1.96,10.77566342,106.67092042,10.51,"10°46'32.39""N, 106°40'15.31""E",FIX,
13:10:43.036,1786255843.036,TRACKING,9.668,-2.283,-2.232,0.51,0.450,0.000,0.000,0.000,0.000,0.083,2.00,10.77566342,106.67092042,10.51,"10°46'32.39""N, 106°40'15.31""E",FIX,
13:10:43.116,1786255843.116,TRACKING,9.646,-2.312,-2.232,0.46,0.450,0.002,0.000,0.000,0.000,0.167,2.04,10.77566338,106.67092001,10.51,"10°46'32.39""N, 106°40'15.31""E",FIX,
13:10:43.180,1786255843.181,TRACKING,9.635,-2.326,-2.232,0.41,0.450,0.013,0.000,0.000,0.000,0.208,2.05,10.77566338,106.67092001,10.51,"10°46'32.39""N, 106°40'15.31""E",FIX,
13:10:43.261,1786255843.262,TRACKING,9.613,-2.354,-2.231,0.37,0.450,0.002,0.000,0.000,0.000,0.250,2.09,10.77566338,106.67092001,10.51,"10°46'32.39""N, 106°40'15.31""E",FIX,
13:10:43.333,1786255843.334,TRACKING,9.597,-2.376,-2.231,0.33,0.450,0.003,0.000,0.000,0.000,0.333,2.12,10.77566334,106.67091960,10.51,"10°46'32.39""N, 106°40'15.31""E",FIX,
13:10:43.422,1786255843.422,TRACKING,9.574,-2.404,-2.231,0.45,0.450,-0.115,0.000,0.000,0.000,0.396,2.15,10.77566334,106.67091960,10.51,"10°46'32.39""N, 106°40'15.31""E",FIX,
13:10:43.485,1786255843.485,TRACKING,9.563,-2.418,-2.233,0.53,0.450,-0.131,0.000,0.000,0.000,0.437,2.17,10.77566334,106.67091960,10.51,"10°46'32.39""N, 106°40'15.31""E",FIX,
13:10:43.576,1786255843.576,TRACKING,9.541,-2.447,-2.243,0.60,0.450,-0.087,0.000,0.000,0.000,0.500,2.21,10.77566329,106.67091919,10.51,"10°46'32.39""N, 106°40'15.31""E",FIX,
13:10:43.657,1786255843.658,TRACKING,9.519,-2.475,-2.251,0.64,0.450,-0.084,0.000,0.000,0.000,0.562,2.24,10.77566329,106.67091919,10.51,"10°46'32.39""N, 106°40'15.31""E",FIX,
13:10:43.718,1786255843.718,TRACKING,9.507,-2.489,-2.254,0.67,0.450,-0.087,0.000,0.000,0.000,0.604,2.26,10.77566329,106.67091919,10.51,"10°46'32.39""N, 106°40'15.31""E",FIX,
13:10:43.815,1786255843.815,TRACKING,9.479,-2.524,-2.263,0.69,0.450,-0.067,0.000,0.000,0.000,0.667,2.31,10.77566324,106.67091878,10.51,"10°46'32.39""N, 106°40'15.31""E",FIX,
13:10:43.880,1786255843.881,TRACKING,9.467,-2.537,-2.266,0.71,0.450,-0.069,0.000,0.000,0.000,0.750,2.32,10.77566324,106.67091878,10.51,"10°46'32.39""N, 106°40'15.31""E",FIX,
13:10:43.956,1786255843.956,TRACKING,9.444,-2.565,-2.272,0.72,0.450,-0.065,0.000,0.000,0.000,0.812,2.36,10.77566324,106.67091878,10.51,"10°46'32.39""N, 106°40'15.31""E",FIX,
13:10:44.027,1786255844.027,TRACKING,9.427,-2.586,-2.276,0.73,0.450,-0.064,0.000,0.000,0.000,0.875,2.39,10.77566320,106.67091837,10.51,"10°46'32.39""N, 106°40'15.31""E",FIX,
13:10:44.114,1786255844.115,TRACKING,9.409,-2.606,-2.279,0.73,0.450,-0.060,0.000,0.000,0.000,0.958,2.41,10.77566320,106.67091837,10.51,"10°46'32.39""N, 106°40'15.31""E",FIX,
13:10:44.189,1786255844.190,TRACKING,9.386,-2.633,-2.284,0.73,0.450,-0.060,0.000,0.000,0.000,1.000,2.45,10.77566320,106.67091837,10.51,"10°46'32.39""N, 106°40'15.31""E",FIX,
13:10:44.261,1786255844.262,TRACKING,9.368,-2.654,-2.288,0.74,0.450,-0.062,0.000,0.000,0.000,1.000,2.48,10.77566316,106.67091796,10.51,"10°46'32.39""N, 106°40'15.30""E",FIX,
13:10:44.340,1786255844.340,TRACKING,9.350,-2.674,-2.292,0.74,0.450,-0.060,0.000,0.000,0.000,1.000,2.50,10.77566316,106.67091796,10.51,"10°46'32.39""N, 106°40'15.30""E",FIX,
13:10:44.420,1786255844.421,TRACKING,9.326,-2.701,-2.296,0.74,0.450,-0.058,0.000,0.000,0.000,1.000,2.54,10.77566316,106.67091796,10.51,"10°46'32.39""N, 106°40'15.30""E",FIX,
13:10:44.489,1786255844.490,TRACKING,9.314,-2.715,-2.299,0.74,0.450,-0.061,0.000,0.000,0.000,1.000,2.56,10.77566312,106.67091755,10.51,"10°46'32.39""N, 106°40'15.30""E",FIX,
13:10:44.567,1786255844.568,TRACKING,9.290,-2.741,-2.303,0.75,0.450,-0.062,0.000,0.000,0.000,1.000,2.59,10.77566312,106.67091755,10.51,"10°46'32.39""N, 106°40'15.30""E",FIX,
13:10:44.628,1786255844.629,TRACKING,9.272,-2.761,-2.307,0.75,0.450,-0.062,0.000,0.000,0.000,1.000,2.62,10.77566312,106.67091755,10.51,"10°46'32.39""N, 106°40'15.30""E",FIX,
13:10:44.719,1786255844.719,TRACKING,9.248,-2.788,-2.312,0.75,0.450,-0.061,0.000,0.000,0.000,1.000,2.66,10.77566308,106.67091714,10.51,"10°46'32.39""N, 106°40'15.30""E",FIX,
13:10:44.788,1786255844.789,TRACKING,9.230,-2.808,-2.316,0.76,0.450,-0.063,0.000,0.000,0.000,1.000,2.68,10.77566308,106.67091714,10.51,"10°46'32.39""N, 106°40'15.30""E",FIX,
13:10:44.867,1786255844.868,TRACKING,9.211,-2.828,-2.319,0.76,0.450,-0.060,0.000,0.000,0.000,1.000,2.71,10.77566308,106.67091714,10.51,"10°46'32.39""N, 106°40'15.30""E",FIX,
13:10:44.955,1786255844.955,TRACKING,9.187,-2.854,-2.324,0.74,0.450,-0.049,0.000,0.000,0.000,1.000,2.75,10.77566305,106.67091673,10.51,"10°46'32.39""N, 106°40'15.30""E",FIX,
13:10:45.015,1786255845.015,TRACKING,9.174,-2.867,-2.327,0.71,0.450,-0.019,0.000,0.000,0.000,0.729,2.77,10.77566305,106.67091673,10.51,"10°46'32.39""N, 106°40'15.30""E",FIX,
13:10:45.108,1786255845.108,TRACKING,9.150,-2.893,-2.329,0.64,0.450,0.004,0.000,0.000,0.000,0.229,2.80,10.77566305,106.67091673,10.51,"10°46'32.39""N, 106°40'15.30""E",FIX,
13:10:45.188,1786255845.189,TRACKING,9.131,-2.913,-2.329,0.57,0.450,0.003,0.000,0.000,0.000,0.083,2.83,10.77566302,106.67091632,10.51,"10°46'32.39""N, 106°40'15.30""E",FIX,
13:10:45.283,1786255845.283,TRACKING,9.106,-2.939,-2.329,0.52,0.450,0.004,0.000,0.000,0.000,0.146,2.86,10.77566302,106.67091632,10.51,"10°46'32.39""N, 106°40'15.30""E",FIX,
13:10:45.405,1786255845.406,TRACKING,9.088,-2.959,-2.329,0.46,0.450,-0.001,0.000,0.000,0.000,0.187,2.89,10.77566302,106.67091632,10.51,"10°46'32.39""N, 106°40'15.30""E",FIX,
13:10:45.528,1786255845.528,TRACKING,9.069,-2.978,-2.329,0.42,0.450,0.019,0.000,0.000,0.000,0.250,2.92,10.77566300,106.67091591,10.51,"10°46'32.39""N, 106°40'15.30""E",FIX,
13:10:45.640,1786255845.640,TRACKING,9.051,-2.998,-2.328,0.38,0.450,0.001,0.000,0.000,0.000,0.312,2.95,10.77566300,106.67091591,10.51,"10°46'32.39""N, 106°40'15.30""E",FIX,
13:10:45.737,1786255845.738,TRACKING,9.026,-3.024,-2.327,0.45,0.450,-0.082,0.000,0.000,0.000,0.375,2.98,10.77566300,106.67091591,10.51,"10°46'32.39""N, 106°40'15.30""E",FIX,
13:10:45.806,1786255845.806,TRACKING,9.007,-3.044,-2.330,0.50,0.450,-0.102,0.000,0.000,0.000,0.417,3.01,10.77566297,106.67091549,10.51,"10°46'32.39""N, 106°40'15.30""E",FIX,
13:10:45.890,1786255845.890,TRACKING,8.989,-3.063,-2.335,0.54,0.450,-0.069,0.000,0.000,0.000,0.500,3.04,10.77566297,106.67091549,10.51,"10°46'32.39""N, 106°40'15.30""E",FIX,
13:10:45.975,1786255845.975,TRACKING,8.970,-3.083,-2.341,0.56,0.450,-0.065,0.000,0.000,0.000,0.542,3.06,10.77566297,106.67091549,10.51,"10°46'32.39""N, 106°40'15.30""E",FIX,
13:10:46.064,1786255846.064,TRACKING,8.945,-3.108,-2.346,0.58,0.450,-0.060,0.000,0.000,0.000,0.604,3.10,10.77566294,106.67091508,10.51,"10°46'32.39""N, 106°40'15.29""E",FIX,
13:10:46.156,1786255846.157,TRACKING,8.920,-3.134,-2.351,0.59,0.450,-0.055,0.000,0.000,0.000,0.667,3.13,10.77566294,106.67091508,10.51,"10°46'32.39""N, 106°40'15.29""E",FIX,
13:10:46.230,1786255846.231,TRACKING,8.901,-3.153,-2.354,0.60,0.450,-0.056,0.000,0.000,0.000,0.729,3.16,10.77566294,106.67091508,10.51,"10°46'32.39""N, 106°40'15.29""E",FIX,
13:10:46.309,1786255846.309,TRACKING,8.882,-3.172,-2.357,0.61,0.450,-0.054,0.000,0.000,0.000,0.812,3.19,10.77566291,106.67091467,10.51,"10°46'32.39""N, 106°40'15.29""E",FIX,
13:10:46.398,1786255846.399,TRACKING,8.856,-3.198,-2.362,0.61,0.450,-0.051,0.000,0.000,0.000,0.875,3.22,10.77566291,106.67091467,10.51,"10°46'32.39""N, 106°40'15.29""E",FIX,
13:10:46.480,1786255846.480,TRACKING,8.837,-3.217,-2.365,0.62,0.450,-0.050,0.000,0.000,0.000,0.937,3.25,10.77566291,106.67091467,10.51,"10°46'32.39""N, 106°40'15.29""E",FIX,
13:10:46.562,1786255846.562,TRACKING,8.817,-3.236,-2.368,0.62,0.450,-0.052,0.000,0.000,0.000,1.000,3.28,10.77566289,106.67091426,10.51,"10°46'32.39""N, 106°40'15.29""E",FIX,
13:10:46.636,1786255846.637,TRACKING,8.798,-3.254,-2.371,0.62,0.450,-0.051,0.000,0.000,0.000,1.000,3.31,10.77566289,106.67091426,10.51,"10°46'32.39""N, 106°40'15.29""E",FIX,
13:10:46.724,1786255846.724,TRACKING,8.772,-3.279,-2.375,0.62,0.450,-0.049,0.000,0.000,0.000,1.000,3.34,10.77566289,106.67091426,10.51,"10°46'32.39""N, 106°40'15.29""E",FIX,
13:10:46.799,1786255846.799,TRACKING,8.753,-3.298,-2.378,0.62,0.450,-0.049,0.000,0.000,0.000,1.000,3.37,10.77566286,106.67091385,10.51,"10°46'32.39""N, 106°40'15.29""E",FIX,
13:10:46.881,1786255846.881,TRACKING,8.733,-3.317,-2.381,0.62,0.450,-0.051,0.000,0.000,0.000,1.000,3.40,10.77566286,106.67091385,10.51,"10°46'32.39""N, 106°40'15.29""E",FIX,
13:10:46.953,1786255846.954,TRACKING,8.714,-3.335,-2.384,0.63,0.450,-0.051,0.000,0.000,0.000,1.000,3.42,10.77566286,106.67091385,10.51,"10°46'32.39""N, 106°40'15.29""E",FIX,
13:10:47.029,1786255847.029,TRACKING,8.694,-3.354,-2.387,0.63,0.450,-0.050,0.000,0.000,0.000,1.000,3.45,10.77566286,106.67091385,10.51,"10°46'32.39""N, 106°40'15.29""E",FIX,
13:10:47.108,1786255847.108,TRACKING,8.668,-3.378,-2.391,0.63,0.450,-0.048,0.000,0.000,0.000,1.000,3.49,10.77566284,106.67091344,10.51,"10°46'32.39""N, 106°40'15.29""E",FIX,
13:10:47.178,1786255847.179,TRACKING,8.648,-3.397,-2.394,0.63,0.450,-0.050,0.000,0.000,0.000,1.000,3.51,10.77566284,106.67091344,10.51,"10°46'32.39""N, 106°40'15.29""E",FIX,
13:10:47.261,1786255847.262,TRACKING,8.622,-3.421,-2.398,0.63,0.450,-0.050,0.000,0.000,0.000,1.000,3.55,10.77566282,106.67091303,10.51,"10°46'32.39""N, 106°40'15.29""E",FIX,
13:10:47.331,1786255847.331,TRACKING,8.602,-3.439,-2.401,0.63,0.450,-0.049,0.000,0.000,0.000,1.000,3.58,10.77566282,106.67091303,10.51,"10°46'32.39""N, 106°40'15.29""E",FIX,
13:10:47.413,1786255847.413,TRACKING,8.582,-3.458,-2.404,0.62,0.450,-0.045,0.000,0.000,0.000,1.000,3.60,10.77566282,106.67091303,10.51,"10°46'32.39""N, 106°40'15.29""E",FIX,
13:10:47.480,1786255847.481,TRACKING,8.562,-3.476,-2.407,0.59,0.450,-0.011,0.000,0.000,0.000,0.979,3.63,10.77566282,106.67091303,10.51,"10°46'32.39""N, 106°40'15.29""E",FIX,
13:10:47.568,1786255847.569,TRACKING,8.535,-3.500,-2.409,0.56,0.450,-0.025,0.000,0.000,0.000,0.375,3.67,10.77566281,106.67091262,10.51,"10°46'32.39""N, 106°40'15.29""E",FIX,
13:10:47.652,1786255847.652,TRACKING,8.508,-3.524,-2.410,0.50,0.450,0.002,0.000,0.000,0.000,0.146,3.70,10.77566281,106.67091262,10.51,"10°46'32.39""N, 106°40'15.29""E",FIX,
13:10:47.712,1786255847.712,TRACKING,8.495,-3.536,-2.411,0.45,0.450,0.016,0.000,0.000,0.000,0.208,3.72,10.77566281,106.67091262,10.51,"10°46'32.39""N, 106°40'15.29""E",FIX,
13:10:47.797,1786255847.798,TRACKING,8.468,-3.560,-2.410,0.41,0.450,-0.002,0.000,0.000,0.000,0.250,3.76,10.77566280,106.67091221,10.51,"10°46'32.39""N, 106°40'15.28""E",FIX,
13:10:47.878,1786255847.879,TRACKING,8.448,-3.578,-2.409,0.37,0.450,0.005,0.000,0.000,0.000,0.333,3.78,10.77566280,106.67091221,10.51,"10°46'32.39""N, 106°40'15.28""E",FIX,
13:10:47.957,1786255847.958,TRACKING,8.421,-3.602,-2.409,0.40,0.450,-0.055,0.000,0.000,0.000,0.375,3.82,10.77566279,106.67091179,10.51,"10°46'32.39""N, 106°40'15.28""E",FIX,
13:10:48.022,1786255848.022,TRACKING,8.408,-3.614,-2.410,0.42,0.450,-0.060,0.000,0.000,0.000,0.437,3.84,10.77566279,106.67091179,10.51,"10°46'32.39""N, 106°40'15.28""E",FIX,
13:10:48.102,1786255848.103,TRACKING,8.381,-3.638,-2.415,0.44,0.450,-0.048,0.000,0.000,0.000,0.500,3.87,10.77566279,106.67091179,10.51,"10°46'32.39""N, 106°40'15.28""E",FIX,
13:10:48.186,1786255848.186,TRACKING,8.361,-3.656,-2.418,0.45,0.450,-0.045,0.000,0.000,0.000,0.562,3.90,10.77566279,106.67091179,10.51,"10°46'32.39""N, 106°40'15.28""E",FIX,
13:10:48.262,1786255848.262,TRACKING,8.334,-3.680,-2.422,0.46,0.450,-0.042,0.000,0.000,0.000,0.625,3.94,10.77566278,106.67091138,10.51,"10°46'32.39""N, 106°40'15.28""E",FIX,
13:10:48.327,1786255848.328,TRACKING,8.313,-3.698,-2.424,0.47,0.450,-0.042,0.000,0.000,0.000,0.687,3.96,10.77566278,106.67091138,10.51,"10°46'32.39""N, 106°40'15.28""E",FIX,
13:10:48.414,1786255848.415,TRACKING,8.293,-3.715,-2.427,0.47,0.450,-0.040,0.000,0.000,0.000,0.750,3.99,10.77566278,106.67091138,10.51,"10°46'32.39""N, 106°40'15.28""E",FIX,
13:10:48.478,1786255848.478,TRACKING,8.273,-3.733,-2.429,0.47,0.450,-0.040,0.000,0.000,0.000,0.833,4.02,10.77566276,106.67091097,10.51,"10°46'32.39""N, 106°40'15.28""E",FIX,
13:10:48.558,1786255848.558,TRACKING,8.252,-3.751,-2.432,0.48,0.450,-0.039,0.000,0.000,0.000,0.896,4.04,10.77566276,106.67091097,10.51,"10°46'32.39""N, 106°40'15.28""E",FIX,
13:10:48.636,1786255848.636,TRACKING,8.225,-3.774,-2.435,0.48,0.450,-0.039,0.000,0.000,0.000,0.979,4.08,10.77566276,106.67091097,10.51,"10°46'32.39""N, 106°40'15.28""E",FIX,
13:10:48.716,1786255848.716,TRACKING,8.204,-3.792,-2.437,0.48,0.450,-0.038,0.000,0.000,0.000,1.000,4.11,10.77566275,106.67091056,10.51,"10°46'32.39""N, 106°40'15.28""E",FIX,
13:10:48.785,1786255848.785,TRACKING,8.184,-3.809,-2.440,0.48,0.450,-0.039,0.000,0.000,0.000,1.000,4.13,10.77566275,106.67091056,10.51,"10°46'32.39""N, 106°40'15.28""E",FIX,
13:10:48.868,1786255848.869,TRACKING,8.156,-3.832,-2.443,0.48,0.450,-0.038,0.000,0.000,0.000,1.000,4.17,10.77566275,106.67091056,10.51,"10°46'32.39""N, 106°40'15.28""E",FIX,
13:10:48.953,1786255848.954,TRACKING,8.128,-3.855,-2.446,0.48,0.450,-0.038,0.000,0.000,0.000,1.000,4.21,10.77566274,106.67091015,10.51,"10°46'32.39""N, 106°40'15.28""E",FIX,
13:10:49.019,1786255849.019,TRACKING,8.115,-3.867,-2.447,0.48,0.450,-0.039,0.000,0.000,0.000,1.000,4.22,10.77566274,106.67091015,10.51,"10°46'32.39""N, 106°40'15.28""E",FIX,
13:10:49.118,1786255849.118,TRACKING,8.094,-3.884,-2.450,0.48,0.450,-0.038,0.000,0.000,0.000,1.000,4.25,10.77566274,106.67091015,10.51,"10°46'32.39""N, 106°40'15.28""E",FIX,
13:10:49.180,1786255849.181,TRACKING,8.066,-3.907,-2.453,0.48,0.450,-0.038,0.000,0.000,0.000,1.000,4.29,10.77566274,106.67090974,10.51,"10°46'32.39""N, 106°40'15.28""E",FIX,
13:10:49.264,1786255849.265,TRACKING,8.038,-3.930,-2.456,0.48,0.450,-0.038,0.000,0.000,0.000,1.000,4.32,10.77566274,106.67090974,10.51,"10°46'32.39""N, 106°40'15.28""E",FIX,
13:10:49.348,1786255849.349,TRACKING,8.017,-3.947,-2.458,0.48,0.450,-0.038,0.000,0.000,0.000,1.000,4.35,10.77566274,106.67090974,10.51,"10°46'32.39""N, 106°40'15.28""E",FIX,
13:10:49.411,1786255849.412,TRACKING,7.996,-3.964,-2.460,0.48,0.450,-0.038,0.000,0.000,0.000,1.000,4.38,10.77566273,106.67090933,10.51,"10°46'32.39""N, 106°40'15.27""E",FIX,
13:10:49.504,1786255849.504,TRACKING,7.975,-3.981,-2.463,0.48,0.450,-0.038,0.000,0.000,0.000,1.000,4.40,10.77566273,106.67090933,10.51,"10°46'32.39""N, 106°40'15.27""E",FIX,
13:10:49.579,1786255849.579,TRACKING,7.954,-3.998,-2.465,0.48,0.450,-0.038,0.000,0.000,0.000,1.000,4.43,10.77566273,106.67090933,10.51,"10°46'32.39""N, 106°40'15.27""E",FIX,
13:10:49.655,1786255849.656,TRACKING,7.926,-4.020,-2.468,0.48,0.450,-0.038,0.000,0.000,0.000,1.000,4.47,10.77566273,106.67090891,10.51,"10°46'32.39""N, 106°40'15.27""E",FIX,
13:10:49.751,1786255849.752,TRACKING,7.905,-4.037,-2.470,0.45,0.450,-0.008,0.000,0.000,0.000,1.000,4.49,10.77566273,106.67090891,10.51,"10°46'32.39""N, 106°40'15.27""E",FIX,
13:10:49.838,1786255849.838,TRACKING,7.877,-4.060,-2.472,0.41,0.450,-0.005,0.000,0.000,0.000,0.792,4.53,10.77566273,106.67090891,10.51,"10°46'32.39""N, 106°40'15.27""E",FIX,
13:10:49.916,1786255849.916,TRACKING,7.856,-4.076,-2.472,0.37,0.450,0.005,0.000,0.000,0.000,0.229,4.56,10.77566273,106.67090850,10.51,"10°46'32.39""N, 106°40'15.27""E",FIX,
13:10:49.986,1786255849.986,TRACKING,7.835,-4.093,-2.472,0.33,0.450,0.012,0.000,0.000,0.000,0.292,4.58,10.77566273,106.67090850,10.51,"10°46'32.39""N, 106°40'15.27""E",FIX,
13:10:50.073,1786255850.073,TRACKING,7.813,-4.110,-2.471,0.30,0.450,0.000,0.000,0.000,0.000,0.333,4.61,10.77566273,106.67090850,10.51,"10°46'32.39""N, 106°40'15.27""E",FIX,
13:10:50.153,1786255850.153,TRACKING,7.785,-4.132,-2.471,0.30,0.450,-0.026,0.000,0.000,0.000,0.417,4.65,10.77566273,106.67090809,10.51,"10°46'32.39""N, 106°40'15.27""E",FIX,
13:10:50.224,1786255850.224,TRACKING,7.764,-4.149,-2.472,0.30,0.450,-0.026,0.000,0.000,0.000,0.479,4.67,10.77566273,106.67090809,10.51,"10°46'32.39""N, 106°40'15.27""E",FIX,
13:10:50.291,1786255850.292,TRACKING,7.743,-4.166,-2.473,0.31,0.450,-0.026,0.000,0.000,0.000,0.542,4.70,10.77566273,106.67090809,10.51,"10°46'32.39""N, 106°40'15.27""E",FIX,
13:10:50.374,1786255850.375,TRACKING,7.722,-4.182,-2.475,0.31,0.450,-0.025,0.000,0.000,0.000,0.604,4.73,10.77566273,106.67090768,10.51,"10°46'32.39""N, 106°40'15.27""E",FIX,
13:10:50.450,1786255850.450,TRACKING,7.693,-4.205,-2.477,0.31,0.450,-0.024,0.000,0.000,0.000,0.667,4.76,10.77566273,106.67090768,10.51,"10°46'32.39""N, 106°40'15.27""E",FIX,
13:10:50.526,1786255850.527,TRACKING,7.672,-4.221,-2.478,0.31,0.450,-0.025,0.000,0.000,0.000,0.750,4.79,10.77566273,106.67090768,10.51,"10°46'32.39""N, 106°40'15.27""E",FIX,
13:10:50.621,1786255850.622,TRACKING,7.644,-4.243,-2.480,0.31,0.450,-0.023,0.000,0.000,0.000,0.812,4.83,10.77566273,106.67090727,10.51,"10°46'32.39""N, 106°40'15.27""E",FIX,
13:10:50.703,1786255850.703,TRACKING,7.622,-4.260,-2.482,0.31,0.450,-0.023,0.000,0.000,0.000,0.896,4.85,10.77566273,106.67090727,10.51,"10°46'32.39""N, 106°40'15.27""E",FIX,
13:10:50.768,1786255850.768,TRACKING,7.601,-4.277,-2.483,0.30,0.450,-0.023,0.000,0.000,0.000,0.917,4.88,10.77566273,106.67090727,10.51,"10°46'32.39""N, 106°40'15.27""E",FIX,
13:10:50.846,1786255850.846,TRACKING,7.573,-4.299,-2.485,0.30,0.450,-0.023,0.000,0.000,0.000,0.937,4.92,10.77566273,106.67090686,10.51,"10°46'32.39""N, 106°40'15.26""E",FIX,
13:10:50.923,1786255850.923,TRACKING,7.551,-4.315,-2.486,0.30,0.450,-0.023,0.000,0.000,0.000,1.000,4.94,10.77566273,106.67090686,10.51,"10°46'32.39""N, 106°40'15.26""E",FIX,
13:10:50.981,1786255850.982,TRACKING,7.537,-4.326,-2.487,0.30,0.450,-0.023,0.000,0.000,0.000,1.000,4.96,10.77566273,106.67090686,10.51,"10°46'32.39""N, 106°40'15.26""E",FIX,
13:10:51.066,1786255851.067,TRACKING,7.508,-4.348,-2.489,0.30,0.450,-0.024,0.000,0.000,0.000,1.000,5.00,10.77566273,106.67090645,10.51,"10°46'32.39""N, 106°40'15.26""E",FIX,
13:10:51.148,1786255851.148,TRACKING,7.487,-4.364,-2.491,0.30,0.450,-0.024,0.000,0.000,0.000,1.000,5.02,10.77566273,106.67090645,10.51,"10°46'32.39""N, 106°40'15.26""E",FIX,
13:10:51.232,1786255851.232,TRACKING,7.458,-4.386,-2.493,0.30,0.450,-0.024,0.000,0.000,0.000,1.000,5.06,10.77566273,106.67090645,10.51,"10°46'32.39""N, 106°40'15.26""E",FIX,
13:10:51.315,1786255851.316,TRACKING,7.429,-4.408,-2.494,0.30,0.450,-0.022,0.000,0.000,0.000,1.000,5.10,10.77566274,106.67090603,10.51,"10°46'32.39""N, 106°40'15.26""E",FIX,
13:10:51.385,1786255851.385,TRACKING,7.408,-4.424,-2.496,0.30,0.450,-0.022,0.000,0.000,0.000,1.000,5.12,10.77566274,106.67090603,10.51,"10°46'32.39""N, 106°40'15.26""E",FIX,
13:10:51.458,1786255851.458,TRACKING,7.386,-4.440,-2.497,0.30,0.450,-0.022,0.000,0.000,0.000,1.000,5.15,10.77566274,106.67090603,10.51,"10°46'32.39""N, 106°40'15.26""E",FIX,
13:10:51.520,1786255851.520,TRACKING,7.365,-4.456,-2.498,0.29,0.450,-0.020,0.000,0.000,0.000,1.000,5.18,10.77566275,106.67090562,10.51,"10°46'32.39""N, 106°40'15.26""E",FIX,
13:10:51.598,1786255851.598,TRACKING,7.343,-4.473,-2.500,0.30,0.450,-0.025,0.000,0.000,0.000,1.000,5.20,10.77566275,106.67090562,10.51,"10°46'32.39""N, 106°40'15.26""E",FIX,
13:10:51.679,1786255851.679,TRACKING,7.314,-4.494,-2.501,0.30,0.450,-0.024,0.000,0.000,0.000,1.000,5.24,10.77566275,106.67090562,10.51,"10°46'32.39""N, 106°40'15.26""E",FIX,
13:10:51.758,1786255851.759,TRACKING,7.293,-4.510,-2.503,0.30,0.450,-0.024,0.000,0.000,0.000,1.000,5.27,10.77566276,106.67090521,10.51,"10°46'32.39""N, 106°40'15.26""E",FIX,
13:10:51.825,1786255851.825,TRACKING,7.271,-4.526,-2.504,0.30,0.450,-0.022,0.000,0.000,0.000,1.000,5.29,10.77566276,106.67090521,10.51,"10°46'32.39""N, 106°40'15.26""E",FIX,
13:10:51.903,1786255851.903,TRACKING,7.249,-4.542,-2.506,0.30,0.450,-0.022,0.000,0.000,0.000,1.000,5.32,10.77566276,106.67090521,10.51,"10°46'32.39""N, 106°40'15.26""E",FIX,
13:10:51.979,1786255851.979,TRACKING,7.227,-4.558,-2.507,0.29,0.450,-0.023,0.000,0.000,0.000,1.000,5.35,10.77566277,106.67090480,10.51,"10°46'32.39""N, 106°40'15.26""E",FIX,
13:10:52.059,1786255852.059,TRACKING,7.198,-4.580,-2.509,0.29,0.450,-0.021,0.000,0.000,0.000,1.000,5.38,10.77566277,106.67090480,10.51,"10°46'32.39""N, 106°40'15.26""E",FIX,
13:10:52.144,1786255852.145,TRACKING,7.177,-4.596,-2.510,0.27,0.450,-0.003,0.000,0.000,0.000,1.000,5.41,10.77566277,106.67090480,10.51,"10°46'32.39""N, 106°40'15.26""E",FIX,
13:10:52.230,1786255852.230,TRACKING,7.148,-4.617,-2.511,0.25,0.450,-0.007,0.000,0.000,0.000,0.479,5.45,10.77566278,106.67090438,10.51,"10°46'32.39""N, 106°40'15.26""E",FIX,
13:10:52.310,1786255852.310,TRACKING,7.126,-4.633,-2.511,0.23,0.450,-0.007,0.000,0.000,0.000,0.479,5.47,10.77566278,106.67090438,10.51,"10°46'32.39""N, 106°40'15.26""E",FIX,
13:10:52.378,1786255852.378,TRACKING,7.104,-4.649,-2.512,0.22,0.450,-0.007,0.000,0.000,0.000,0.521,5.50,10.77566278,106.67090438,10.51,"10°46'32.39""N, 106°40'15.26""E",FIX,
13:10:52.451,1786255852.452,TRACKING,7.082,-4.665,-2.512,0.22,0.450,-0.011,0.000,0.000,0.000,0.583,5.53,10.77566279,106.67090397,10.51,"10°46'32.39""N, 106°40'15.25""E",FIX,
13:10:52.523,1786255852.523,TRACKING,7.053,-4.686,-2.513,0.21,0.450,-0.012,0.000,0.000,0.000,0.667,5.56,10.77566279,106.67090397,10.51,"10°46'32.39""N, 106°40'15.25""E",FIX,
13:10:52.594,1786255852.595,TRACKING,7.031,-4.702,-2.514,0.21,0.450,-0.012,0.000,0.000,0.000,0.750,5.59,10.77566279,106.67090397,10.51,"10°46'32.39""N, 106°40'15.25""E",FIX,
13:10:52.691,1786255852.691,TRACKING,7.009,-4.718,-2.514,0.20,0.450,-0.013,0.000,0.000,0.000,0.750,5.62,10.77566280,106.67090356,10.51,"10°46'32.39""N, 106°40'15.25""E",FIX,
13:10:52.758,1786255852.758,TRACKING,6.980,-4.739,-2.515,0.20,0.450,-0.014,0.000,0.000,0.000,0.812,5.65,10.77566280,106.67090356,10.51,"10°46'32.39""N, 106°40'15.25""E",FIX,
13:10:52.853,1786255852.854,TRACKING,6.958,-4.755,-2.516,0.20,0.450,-0.014,0.000,0.000,0.000,0.896,5.68,10.77566280,106.67090356,10.51,"10°46'32.39""N, 106°40'15.25""E",FIX,
13:10:52.944,1786255852.944,TRACKING,6.929,-4.776,-2.517,0.20,0.450,-0.014,0.000,0.000,0.000,0.958,5.72,10.77566281,106.67090315,10.51,"10°46'32.39""N, 106°40'15.25""E",FIX,
13:10:53.016,1786255853.017,TRACKING,6.907,-4.791,-2.518,0.20,0.450,-0.014,0.000,0.000,0.000,1.000,5.74,10.77566281,106.67090315,10.51,"10°46'32.39""N, 106°40'15.25""E",FIX,
13:10:53.091,1786255853.092,TRACKING,6.885,-4.807,-2.519,0.19,0.450,-0.015,0.000,0.000,0.000,1.000,5.77,10.77566281,106.67090315,10.51,"10°46'32.39""N, 106°40'15.25""E",FIX,
13:10:53.160,1786255853.161,TRACKING,6.863,-4.823,-2.520,0.19,0.450,-0.015,0.000,0.000,0.000,1.000,5.80,10.77566281,106.67090274,10.51,"10°46'32.39""N, 106°40'15.25""E",FIX,
13:10:53.244,1786255853.245,TRACKING,6.834,-4.844,-2.521,0.19,0.450,-0.015,0.000,0.000,0.000,1.000,5.83,10.77566281,106.67090274,10.51,"10°46'32.39""N, 106°40'15.25""E",FIX,
13:10:53.333,1786255853.333,TRACKING,6.812,-4.859,-2.522,0.19,0.450,-0.015,0.000,0.000,0.000,1.000,5.86,10.77566281,106.67090274,10.51,"10°46'32.39""N, 106°40'15.25""E",FIX,
13:10:53.404,1786255853.405,TRACKING,6.790,-4.875,-2.523,0.19,0.450,-0.015,0.000,0.000,0.000,1.000,5.89,10.77566282,106.67090233,10.51,"10°46'32.39""N, 106°40'15.25""E",FIX,
13:10:53.498,1786255853.498,TRACKING,6.761,-4.896,-2.524,0.19,0.450,-0.015,0.000,0.000,0.000,1.000,5.92,10.77566282,106.67090233,10.51,"10°46'32.39""N, 106°40'15.25""E",FIX,
13:10:53.568,1786255853.568,TRACKING,6.739,-4.912,-2.525,0.19,0.450,-0.015,0.000,0.000,0.000,1.000,5.95,10.77566282,106.67090233,10.51,"10°46'32.39""N, 106°40'15.25""E",FIX,
13:10:53.643,1786255853.644,TRACKING,6.717,-4.927,-2.526,0.19,0.450,-0.015,0.000,0.000,0.000,1.000,5.98,10.77566283,106.67090192,10.51,"10°46'32.39""N, 106°40'15.25""E",FIX,
13:10:53.729,1786255853.730,TRACKING,6.695,-4.943,-2.527,0.19,0.450,-0.015,0.000,0.000,0.000,1.000,6.01,10.77566283,106.67090192,10.51,"10°46'32.39""N, 106°40'15.25""E",FIX,
13:10:53.811,1786255853.811,TRACKING,6.665,-4.964,-2.528,0.19,0.450,-0.015,0.000,0.000,0.000,1.000,6.04,10.77566283,106.67090192,10.51,"10°46'32.39""N, 106°40'15.25""E",FIX,
13:10:53.882,1786255853.883,TRACKING,6.643,-4.979,-2.529,0.19,0.450,-0.015,0.000,0.000,0.000,1.000,6.07,10.77566285,106.67090151,10.51,"10°46'32.39""N, 106°40'15.25""E",FIX,
13:10:53.976,1786255853.977,TRACKING,6.614,-5.000,-2.530,0.19,0.450,-0.015,0.000,0.000,0.000,1.000,6.10,10.77566285,106.67090151,10.51,"10°46'32.39""N, 106°40'15.25""E",FIX,
13:10:54.041,1786255854.041,TRACKING,6.599,-5.010,-2.531,0.19,0.450,-0.014,0.000,0.000,0.000,1.000,6.12,10.77566285,106.67090151,10.51,"10°46'32.39""N, 106°40'15.25""E",FIX,
13:10:54.115,1786255854.115,TRACKING,6.569,-5.031,-2.532,0.19,0.450,-0.013,0.000,0.000,0.000,1.000,6.16,10.77566286,106.67090109,10.51,"10°46'32.39""N, 106°40'15.24""E",FIX,
13:10:54.190,1786255854.190,TRACKING,6.547,-5.046,-2.533,0.19,0.450,-0.014,0.000,0.000,0.000,1.000,6.19,10.77566286,106.67090109,10.51,"10°46'32.39""N, 106°40'15.24""E",FIX,
13:10:54.264,1786255854.264,TRACKING,6.525,-5.062,-2.533,0.16,0.450,0.009,0.000,0.000,0.000,1.000,6.21,10.77566286,106.67090109,10.51,"10°46'32.39""N, 106°40'15.24""E",FIX,
13:10:54.357,1786255854.357,TRACKING,6.496,-5.082,-2.533,0.13,0.450,0.007,0.000,0.000,0.000,1.000,6.25,10.77566287,106.67090068,10.51,"10°46'32.39""N, 106°40'15.24""E",FIX,
13:10:54.436,1786255854.437,TRACKING,6.473,-5.098,-2.533,0.11,0.450,0.009,0.000,0.000,0.000,0.521,6.28,10.77566287,106.67090068,10.51,"10°46'32.39""N, 106°40'15.24""E",FIX,
13:10:54.509,1786255854.510,TRACKING,6.444,-5.118,-2.532,0.10,0.450,0.003,0.000,0.000,0.000,0.583,6.31,10.77566287,106.67090068,10.51,"10°46'32.39""N, 106°40'15.24""E",FIX,
13:10:54.573,1786255854.573,TRACKING,6.429,-5.129,-2.532,0.09,0.450,0.004,0.000,0.000,0.000,0.667,6.33,10.77566287,106.67090068,10.51,"10°46'32.39""N, 106°40'15.24""E",FIX,
13:10:54.651,1786255854.652,TRACKING,6.400,-5.149,-2.532,0.08,0.450,-0.000,0.000,0.000,0.000,0.562,6.37,10.77566288,106.67090027,10.51,"10°46'32.39""N, 106°40'15.24""E",FIX,
13:10:54.715,1786255854.716,TRACKING,6.378,-5.165,-2.531,0.07,0.450,-0.001,0.000,0.000,0.000,0.625,6.39,10.77566288,106.67090027,10.51,"10°46'32.39""N, 106°40'15.24""E",FIX,
13:10:54.792,1786255854.793,TRACKING,6.355,-5.180,-2.531,0.07,0.450,-0.002,0.000,0.000,0.000,0.708,6.42,10.77566288,106.67090027,10.51,"10°46'32.39""N, 106°40'15.24""E",FIX,
13:10:54.870,1786255854.870,TRACKING,6.326,-5.201,-2.532,0.07,0.450,-0.002,0.000,0.000,0.000,0.771,6.46,10.77566290,106.67089986,10.51,"10°46'32.39""N, 106°40'15.24""E",FIX,
13:10:54.964,1786255854.965,TRACKING,6.304,-5.216,-2.532,0.06,0.450,-0.003,0.000,0.000,0.000,0.833,6.48,10.77566290,106.67089986,10.51,"10°46'32.39""N, 106°40'15.24""E",FIX,
13:10:55.031,1786255855.031,TRACKING,6.282,-5.232,-2.532,0.06,0.450,-0.003,0.000,0.000,0.000,0.917,6.51,10.77566290,106.67089986,10.51,"10°46'32.39""N, 106°40'15.24""E",FIX,
13:10:55.102,1786255855.103,TRACKING,6.260,-5.247,-2.532,0.06,0.450,-0.003,0.000,0.000,0.000,1.000,6.54,10.77566291,106.67089945,10.51,"10°46'32.39""N, 106°40'15.24""E",FIX,
13:10:55.178,1786255855.179,TRACKING,6.230,-5.268,-2.532,0.06,0.450,-0.004,0.000,0.000,0.000,1.000,6.57,10.77566291,106.67089945,10.51,"10°46'32.39""N, 106°40'15.24""E",FIX,
13:10:55.256,1786255855.257,TRACKING,6.208,-5.283,-2.533,0.06,0.450,-0.004,0.000,0.000,0.000,1.000,6.60,10.77566291,106.67089945,10.51,"10°46'32.39""N, 106°40'15.24""E",FIX,
13:10:55.343,1786255855.344,TRACKING,6.178,-5.304,-2.533,0.06,0.450,-0.004,0.000,0.000,0.000,1.000,6.64,10.77566293,106.67089904,10.51,"10°46'32.39""N, 106°40'15.24""E",FIX,
13:10:55.410,1786255855.411,TRACKING,6.156,-5.319,-2.533,0.05,0.450,-0.002,0.000,0.000,0.000,1.000,6.66,10.77566293,106.67089904,10.51,"10°46'32.39""N, 106°40'15.24""E",FIX,
13:10:55.493,1786255855.494,TRACKING,6.134,-5.335,-2.533,0.05,0.450,-0.003,0.000,0.000,0.000,1.000,6.69,10.77566293,106.67089904,10.51,"10°46'32.39""N, 106°40'15.24""E",FIX,
13:10:55.567,1786255855.567,TRACKING,6.112,-5.350,-2.533,0.05,0.450,-0.003,0.000,0.000,0.000,1.000,6.72,10.77566294,106.67089863,10.51,"10°46'32.39""N, 106°40'15.24""E",FIX,
13:10:55.646,1786255855.646,TRACKING,6.082,-5.371,-2.534,0.05,0.450,-0.003,0.000,0.000,0.000,1.000,6.75,10.77566294,106.67089863,10.51,"10°46'32.39""N, 106°40'15.24""E",FIX,
13:10:55.714,1786255855.714,TRACKING,6.060,-5.386,-2.534,0.05,0.450,-0.003,0.000,0.000,0.000,1.000,6.78,10.77566294,106.67089863,10.51,"10°46'32.39""N, 106°40'15.24""E",FIX,
13:10:55.790,1786255855.791,TRACKING,6.031,-5.407,-2.534,0.05,0.450,-0.003,0.000,0.000,0.000,1.000,6.82,10.77566295,106.67089822,10.51,"10°46'32.39""N, 106°40'15.23""E",FIX,
13:10:55.860,1786255855.860,TRACKING,6.008,-5.422,-2.534,0.05,0.450,-0.003,0.000,0.000,0.000,1.000,6.84,10.77566295,106.67089822,10.51,"10°46'32.39""N, 106°40'15.23""E",FIX,
13:10:55.946,1786255855.946,TRACKING,5.979,-5.443,-2.534,0.05,0.450,-0.003,0.000,0.000,0.000,1.000,6.88,10.77566297,106.67089780,10.51,"10°46'32.39""N, 106°40'15.23""E",FIX,
13:10:56.020,1786255856.021,TRACKING,5.957,-5.458,-2.535,0.05,0.450,-0.003,0.000,0.000,0.000,1.000,6.91,10.77566297,106.67089780,10.51,"10°46'32.39""N, 106°40'15.23""E",FIX,
13:10:56.105,1786255856.105,TRACKING,5.935,-5.473,-2.535,0.04,0.450,-0.002,0.000,0.000,0.000,1.000,6.93,10.77566297,106.67089780,10.51,"10°46'32.39""N, 106°40'15.23""E",FIX,
13:10:56.164,1786255856.164,TRACKING,5.912,-5.489,-2.535,0.04,0.450,-0.001,0.000,0.000,0.000,1.000,6.96,10.77566297,106.67089780,10.51,"10°46'32.39""N, 106°40'15.23""E",FIX,
13:10:56.266,1786255856.266,TRACKING,5.883,-5.509,-2.535,0.04,0.450,-0.002,0.000,0.000,0.000,1.000,7.00,10.77566298,106.67089739,10.51,"10°46'32.39""N, 106°40'15.23""E",FIX,
13:10:56.317,1786255856.318,TRACKING,5.868,-5.520,-2.535,0.04,0.450,-0.002,0.000,0.000,0.000,1.000,7.01,10.77566298,106.67089739,10.51,"10°46'32.39""N, 106°40'15.23""E",FIX,
13:10:56.403,1786255856.403,TRACKING,5.838,-5.540,-2.535,0.04,0.450,-0.003,0.000,0.000,0.000,1.000,7.05,10.77566298,106.67089739,10.51,"10°46'32.39""N, 106°40'15.23""E",FIX,
13:10:56.478,1786255856.478,TRACKING,5.816,-5.555,-2.535,0.04,0.450,-0.000,0.000,0.000,0.000,1.000,7.08,10.77566300,106.67089698,10.51,"10°46'32.39""N, 106°40'15.23""E",FIX,
13:10:56.564,1786255856.564,TRACKING,5.794,-5.571,-2.536,0.03,0.450,0.000,0.000,0.000,0.000,0.104,7.10,10.77566300,106.67089698,10.51,"10°46'32.39""N, 106°40'15.23""E",FIX,
13:10:56.662,1786255856.663,TRACKING,5.764,-5.591,-2.536,0.03,0.450,-0.000,0.000,0.000,0.000,0.000,7.14,10.77566300,106.67089698,10.51,"10°46'32.39""N, 106°40'15.23""E",FIX,
13:10:56.744,1786255856.745,TRACKING,5.735,-5.612,-2.536,0.03,0.450,0.000,0.000,0.000,0.000,0.000,7.18,10.77566301,106.67089657,10.51,"10°46'32.39""N, 106°40'15.23""E",FIX,
13:10:56.827,1786255856.828,TRACKING,5.720,-5.622,-2.536,0.02,0.450,0.001,0.000,0.000,0.000,0.000,7.19,10.77566301,106.67089657,10.51,"10°46'32.39""N, 106°40'15.23""E",FIX,
13:10:56.935,1786255856.936,TRACKING,5.690,-5.643,-2.535,0.02,0.450,-0.000,0.000,0.000,0.000,0.000,7.23,10.77566301,106.67089657,10.51,"10°46'32.39""N, 106°40'15.23""E",FIX,
13:10:57.025,1786255857.026,TRACKING,5.668,-5.658,-2.535,0.02,0.450,0.000,0.000,0.000,0.000,0.000,7.26,10.77566302,106.67089616,10.51,"10°46'32.39""N, 106°40'15.23""E",FIX,
13:10:57.106,1786255857.107,TRACKING,5.639,-5.679,-2.535,0.02,0.450,0.000,0.000,0.000,0.000,0.000,7.29,10.77566302,106.67089616,10.51,"10°46'32.39""N, 106°40'15.23""E",FIX,
13:10:57.195,1786255857.196,TRACKING,5.616,-5.694,-2.535,0.02,0.450,0.000,0.000,0.000,0.000,0.000,7.32,10.77566302,106.67089616,10.51,"10°46'32.39""N, 106°40'15.23""E",FIX,
13:10:57.285,1786255857.285,TRACKING,5.594,-5.709,-2.535,0.01,0.450,0.000,0.000,0.000,0.000,0.000,7.35,10.77566304,106.67089575,10.51,"10°46'32.39""N, 106°40'15.22""E",FIX,
13:10:57.353,1786255857.354,TRACKING,5.572,-5.725,-2.535,0.01,0.450,0.001,0.000,0.000,0.000,0.000,7.37,10.77566304,106.67089575,10.51,"10°46'32.39""N, 106°40'15.22""E",FIX,
13:10:57.448,1786255857.449,TRACKING,5.543,-5.745,-2.535,0.01,0.450,-0.000,0.000,0.000,0.000,0.000,7.41,10.77566304,106.67089575,10.51,"10°46'32.39""N, 106°40'15.22""E",FIX,
13:10:57.512,1786255857.513,TRACKING,5.528,-5.755,-2.535,0.01,0.450,0.000,0.000,0.000,0.000,0.000,7.43,10.77566305,106.67089534,10.51,"10°46'32.39""N, 106°40'15.22""E",FIX,
13:10:57.603,1786255857.603,TRACKING,5.498,-5.776,-2.535,0.01,0.450,0.000,0.000,0.000,0.000,0.000,7.46,10.77566305,106.67089534,10.51,"10°46'32.39""N, 106°40'15.22""E",FIX,
13:10:57.697,1786255857.698,TRACKING,5.469,-5.796,-2.535,0.01,0.450,0.000,0.000,0.000,0.000,0.000,7.50,10.77566305,106.67089534,10.51,"10°46'32.39""N, 106°40'15.22""E",FIX,
13:10:57.767,1786255857.768,TRACKING,5.454,-5.807,-2.535,0.01,0.450,0.000,0.000,0.000,0.000,0.000,7.52,10.77566307,106.67089493,10.51,"10°46'32.39""N, 106°40'15.22""E",FIX,
13:10:57.846,1786255857.846,TRACKING,5.424,-5.827,-2.535,0.01,0.450,0.000,0.000,0.000,0.000,0.000,7.55,10.77566307,106.67089493,10.51,"10°46'32.39""N, 106°40'15.22""E",FIX,
13:10:57.927,1786255857.927,TRACKING,5.402,-5.843,-2.535,0.01,0.450,0.000,0.000,0.000,0.000,0.000,7.58,10.77566307,106.67089493,10.51,"10°46'32.39""N, 106°40'15.22""E",FIX,
13:10:58.010,1786255858.010,TRACKING,5.380,-5.858,-2.535,0.01,0.450,0.000,0.000,0.000,0.000,0.000,7.61,10.77566308,106.67089452,10.51,"10°46'32.39""N, 106°40'15.22""E",FIX,
13:10:58.087,1786255858.088,TRACKING,5.350,-5.879,-2.535,0.00,0.450,0.000,0.000,0.000,0.000,0.000,7.64,10.77566308,106.67089452,10.51,"10°46'32.39""N, 106°40'15.22""E",FIX,
13:10:58.178,1786255858.178,TRACKING,5.328,-5.894,-2.535,0.00,0.450,0.000,0.000,0.000,0.000,0.000,7.67,10.77566308,106.67089452,10.51,"10°46'32.39""N, 106°40'15.22""E",FIX,
13:10:58.269,1786255858.269,TRACKING,5.298,-5.914,-2.535,0.00,0.450,-0.000,0.000,0.000,0.000,0.000,7.71,10.77566310,106.67089410,10.51,"10°46'32.39""N, 106°40'15.22""E",FIX,
13:10:58.335,1786255858.335,TRACKING,5.276,-5.930,-2.535,0.00,0.450,0.000,0.000,0.000,0.000,0.000,7.73,10.77566310,106.67089410,10.51,"10°46'32.39""N, 106°40'15.22""E",FIX,
13:10:58.419,1786255858.420,TRACKING,5.254,-5.945,-2.535,0.00,0.450,0.000,0.000,0.000,0.000,0.000,7.76,10.77566310,106.67089410,10.51,"10°46'32.39""N, 106°40'15.22""E",FIX,
13:10:58.507,1786255858.508,TRACKING,5.232,-5.961,-2.535,0.00,0.450,0.000,0.000,0.000,0.000,0.000,7.79,10.77566311,106.67089369,10.51,"10°46'32.39""N, 106°40'15.22""E",FIX,
13:10:58.584,1786255858.585,TRACKING,5.202,-5.981,-2.535,0.00,0.450,0.000,0.000,0.000,0.000,0.000,7.82,10.77566311,106.67089369,10.51,"10°46'32.39""N, 106°40'15.22""E",FIX,
13:10:58.673,1786255858.674,TRACKING,5.180,-5.996,-2.535,0.00,0.450,-0.000,0.000,0.000,0.000,0.000,7.85,10.77566311,106.67089369,10.51,"10°46'32.39""N, 106°40'15.22""E",FIX,
13:10:58.758,1786255858.758,TRACKING,5.158,-6.012,-2.535,0.00,0.450,0.000,0.000,0.000,0.000,0.000,7.88,10.77566313,106.67089328,10.51,"10°46'32.39""N, 106°40'15.22""E",FIX,
13:10:58.834,1786255858.834,TRACKING,5.136,-6.027,-2.535,0.00,0.450,0.000,0.000,0.000,0.000,0.000,7.90,10.77566313,106.67089328,10.51,"10°46'32.39""N, 106°40'15.22""E",FIX,
13:10:58.916,1786255858.916,TRACKING,5.114,-6.043,-2.535,0.00,0.450,0.000,0.000,0.000,0.000,0.000,7.93,10.77566313,106.67089328,10.51,"10°46'32.39""N, 106°40'15.22""E",FIX,
13:10:59.012,1786255859.013,TRACKING,5.084,-6.063,-2.535,0.00,0.450,0.000,0.000,0.000,0.000,0.000,7.97,10.77566314,106.67089287,10.51,"10°46'32.39""N, 106°40'15.21""E",FIX,
13:10:59.095,1786255859.095,TRACKING,5.054,-6.084,-2.535,0.00,0.450,-0.000,0.000,0.000,0.000,0.000,8.00,10.77566314,106.67089287,10.51,"10°46'32.39""N, 106°40'15.21""E",FIX,
13:10:59.189,1786255859.190,TRACKING,5.032,-6.099,-2.535,0.00,0.450,0.000,0.000,0.000,0.000,0.000,8.03,10.77566314,106.67089287,10.51,"10°46'32.39""N, 106°40'15.21""E",FIX,
13:10:59.275,1786255859.275,TRACKING,5.010,-6.114,-2.535,0.00,0.450,0.000,0.000,0.000,0.000,0.000,8.06,10.77566316,106.67089246,10.51,"10°46'32.39""N, 106°40'15.21""E",FIX,
13:10:59.362,1786255859.363,TRACKING,4.980,-6.135,-2.535,0.00,0.450,0.000,0.000,0.000,0.000,0.000,8.09,10.77566316,106.67089246,10.51,"10°46'32.39""N, 106°40'15.21""E",FIX,
13:10:59.439,1786255859.440,TRACKING,4.958,-6.150,-2.535,0.00,0.450,0.000,0.000,0.000,0.000,0.000,8.12,10.77566316,106.67089246,10.51,"10°46'32.39""N, 106°40'15.21""E",FIX,
13:10:59.518,1786255859.518,TRACKING,4.936,-6.166,-2.535,0.00,0.450,0.000,0.000,0.000,0.000,0.000,8.15,10.77566317,106.67089205,10.51,"10°46'32.39""N, 106°40'15.21""E",FIX,
13:10:59.616,1786255859.616,TRACKING,4.906,-6.186,-2.535,0.00,0.450,-0.000,0.000,0.000,0.000,0.000,8.18,10.77566317,106.67089205,10.51,"10°46'32.39""N, 106°40'15.21""E",FIX,
13:10:59.718,1786255859.718,TRACKING,4.884,-6.202,-2.535,0.00,0.450,0.000,0.000,0.000,0.000,0.000,8.21,10.77566317,106.67089205,10.51,"10°46'32.39""N, 106°40'15.21""E",FIX,
13:10:59.797,1786255859.798,TRACKING,4.862,-6.217,-2.535,0.00,0.450,0.000,0.000,0.000,0.000,0.000,8.24,10.77566319,106.67089164,10.51,"10°46'32.39""N, 106°40'15.21""E",FIX,
13:10:59.899,1786255859.899,TRACKING,4.832,-6.237,-2.535,0.00,0.450,-0.000,0.000,0.000,0.000,0.000,8.27,10.77566319,106.67089164,10.51,"10°46'32.39""N, 106°40'15.21""E",FIX,
13:10:59.978,1786255859.979,TRACKING,4.818,-6.248,-2.535,0.00,0.450,0.000,0.000,0.000,0.000,0.000,8.29,10.77566319,106.67089164,10.51,"10°46'32.39""N, 106°40'15.21""E",FIX,
13:11:00.072,1786255860.073,TRACKING,4.788,-6.268,-2.535,0.00,0.450,0.000,0.000,0.000,0.000,0.000,8.33,10.77566320,106.67089123,10.51,"10°46'32.39""N, 106°40'15.21""E",FIX,
13:11:00.170,1786255860.170,TRACKING,4.766,-6.284,-2.535,0.00,0.450,0.000,0.000,0.000,0.000,0.000,8.35,10.77566320,106.67089123,10.51,"10°46'32.39""N, 106°40'15.21""E",FIX,
13:11:00.238,1786255860.238,TRACKING,4.736,-6.304,-2.535,0.00,0.450,0.000,0.000,0.000,0.000,0.000,8.39,10.77566320,106.67089123,10.51,"10°46'32.39""N, 106°40'15.21""E",FIX,
13:11:00.325,1786255860.325,TRACKING,4.714,-6.320,-2.535,0.00,0.450,0.000,0.000,0.000,0.000,0.000,8.42,10.77566321,106.67089081,10.51,"10°46'32.39""N, 106°40'15.21""E",FIX,
13:11:00.398,1786255860.399,TRACKING,4.692,-6.335,-2.535,0.00,0.450,0.000,0.000,0.000,0.000,0.000,8.44,10.77566321,106.67089081,10.51,"10°46'32.39""N, 106°40'15.21""E",FIX,
13:11:00.495,1786255860.495,TRACKING,4.670,-6.350,-2.535,0.00,0.450,0.000,0.000,0.000,0.000,0.000,8.47,10.77566321,106.67089081,10.51,"10°46'32.39""N, 106°40'15.21""E",FIX,
13:11:00.585,1786255860.586,TRACKING,4.640,-6.371,-2.535,0.00,0.450,0.000,0.000,0.000,0.000,0.000,8.51,10.77566323,106.67089040,10.51,"10°46'32.39""N, 106°40'15.21""E",FIX,
13:11:00.673,1786255860.674,TRACKING,4.618,-6.386,-2.535,0.00,0.450,0.000,0.000,0.000,0.000,0.000,8.53,10.77566323,106.67089040,10.51,"10°46'32.39""N, 106°40'15.21""E",FIX,
13:11:00.769,1786255860.769,TRACKING,4.588,-6.407,-2.535,0.00,0.450,0.000,0.000,0.000,0.000,0.000,8.57,10.77566323,106.67089040,10.51,"10°46'32.39""N, 106°40'15.21""E",FIX,
13:11:00.854,1786255860.854,TRACKING,4.566,-6.422,-2.535,0.00,0.450,0.000,0.000,0.000,0.000,0.000,8.60,10.77566324,106.67088999,10.51,"10°46'32.39""N, 106°40'15.20""E",FIX,
13:11:00.940,1786255860.940,TRACKING,4.544,-6.438,-2.535,0.00,0.450,0.000,0.000,0.000,0.000,0.000,8.62,10.77566324,106.67088999,10.51,"10°46'32.39""N, 106°40'15.20""E",FIX,
13:11:01.034,1786255861.034,TRACKING,4.522,-6.453,-2.535,0.00,0.450,0.000,0.000,0.000,0.000,0.000,8.65,10.77566324,106.67088999,10.51,"10°46'32.39""N, 106°40'15.20""E",FIX,
13:11:01.125,1786255861.125,TRACKING,4.500,-6.468,-2.535,0.00,0.450,0.000,0.000,0.000,0.000,0.000,8.68,10.77566326,106.67088958,10.51,"10°46'32.39""N, 106°40'15.20""E",FIX,
13:11:01.211,1786255861.211,TRACKING,4.470,-6.489,-2.535,0.00,0.450,0.000,0.000,0.000,0.000,0.000,8.71,10.77566326,106.67088958,10.51,"10°46'32.39""N, 106°40'15.20""E",FIX,
13:11:01.291,1786255861.292,TRACKING,4.448,-6.504,-2.535,0.00,0.450,-0.000,0.000,0.000,0.000,0.000,8.74,10.77566326,106.67088958,10.51,"10°46'32.39""N, 106°40'15.20""E",FIX,
13:11:01.364,1786255861.365,TRACKING,4.426,-6.520,-2.535,0.00,0.450,0.000,0.000,0.000,0.000,0.000,8.77,10.77566327,106.67088917,10.51,"10°46'32.39""N, 106°40'15.20""E",FIX,
13:11:01.447,1786255861.448,TRACKING,4.404,-6.535,-2.535,0.00,0.450,0.000,0.000,0.000,0.000,0.000,8.80,10.77566327,106.67088917,10.51,"10°46'32.39""N, 106°40'15.20""E",FIX,
13:11:01.538,1786255861.539,TRACKING,4.374,-6.555,-2.535,0.00,0.450,-0.000,0.000,0.000,0.000,0.000,8.83,10.77566327,106.67088917,10.51,"10°46'32.39""N, 106°40'15.20""E",FIX,
13:11:01.607,1786255861.607,TRACKING,4.352,-6.571,-2.535,0.00,0.450,0.000,0.000,0.000,0.000,0.000,8.86,10.77566329,106.67088876,10.51,"10°46'32.39""N, 106°40'15.20""E",FIX,
13:11:01.704,1786255861.704,TRACKING,4.330,-6.586,-2.535,0.00,0.450,0.000,0.000,0.000,0.000,0.000,8.89,10.77566329,106.67088876,10.51,"10°46'32.39""N, 106°40'15.20""E",FIX,
13:11:01.788,1786255861.789,TRACKING,4.300,-6.607,-2.535,0.00,0.450,0.000,0.000,0.000,0.000,0.000,8.92,10.77566329,106.67088876,10.51,"10°46'32.39""N, 106°40'15.20""E",FIX,
13:11:01.888,1786255861.889,TRACKING,4.278,-6.622,-2.535,0.00,0.450,0.000,0.000,0.000,0.000,0.000,8.95,10.77566330,106.67088835,10.51,"10°46'32.39""N, 106°40'15.20""E",FIX,
13:11:02.000,1786255862.001,TRACKING,4.248,-6.643,-2.535,0.00,0.450,-0.000,0.000,0.000,0.000,0.000,8.98,10.77566330,106.67088835,10.51,"10°46'32.39""N, 106°40'15.20""E",FIX,
13:11:02.077,1786255862.078,TRACKING,4.233,-6.653,-2.535,0.00,0.450,0.000,0.000,0.000,0.000,0.000,9.00,10.77566330,106.67088835,10.51,"10°46'32.39""N, 106°40'15.20""E",FIX,
13:11:02.169,1786255862.169,TRACKING,4.204,-6.673,-2.535,0.00,0.450,0.000,0.000,0.000,0.000,0.000,9.04,10.77566332,106.67088794,10.51,"10°46'32.39""N, 106°40'15.20""E",FIX,
13:11:02.265,1786255862.265,TRACKING,4.182,-6.689,-2.535,0.00,0.450,0.000,0.000,0.000,0.000,0.000,9.07,10.77566332,106.67088794,10.51,"10°46'32.39""N, 106°40'15.20""E",FIX,
13:11:02.356,1786255862.357,TRACKING,4.152,-6.709,-2.535,0.00,0.450,-0.000,0.000,0.000,0.000,0.000,9.10,10.77566332,106.67088794,10.51,"10°46'32.39""N, 106°40'15.20""E",FIX,
13:11:02.433,1786255862.433,TRACKING,4.130,-6.725,-2.535,0.00,0.450,0.000,0.000,0.000,0.000,0.000,9.13,10.77566333,106.67088753,10.51,"10°46'32.39""N, 106°40'15.20""E",FIX,
13:11:02.511,1786255862.512,TRACKING,4.108,-6.740,-2.535,0.00,0.450,0.000,0.000,0.000,0.000,0.000,9.16,10.77566333,106.67088753,10.51,"10°46'32.39""N, 106°40'15.20""E",FIX,
13:11:02.598,1786255862.599,TRACKING,4.078,-6.761,-2.535,0.00,0.450,0.000,0.000,0.000,0.000,0.000,9.19,10.77566333,106.67088753,10.51,"10°46'32.39""N, 106°40'15.20""E",FIX,
13:11:02.692,1786255862.692,TRACKING,4.056,-6.776,-2.535,0.00,0.450,0.000,0.000,0.000,0.000,0.000,9.22,10.77566335,106.67088711,10.51,"10°46'32.39""N, 106°40'15.19""E",FIX,
13:11:02.767,1786255862.768,TRACKING,4.034,-6.791,-2.535,0.00,0.450,0.000,0.000,0.000,0.000,0.000,9.25,10.77566335,106.67088711,10.51,"10°46'32.39""N, 106°40'15.19""E",FIX,
13:11:02.852,1786255862.852,TRACKING,4.004,-6.812,-2.535,0.00,0.450,0.000,0.000,0.000,0.000,0.000,9.28,10.77566335,106.67088711,10.51,"10°46'32.39""N, 106°40'15.19""E",FIX,
13:11:02.919,1786255862.919,TRACKING,3.989,-6.822,-2.535,0.00,0.450,0.000,0.000,0.000,0.000,0.000,9.30,10.77566335,106.67088711,10.51,"10°46'32.39""N, 106°40'15.19""E",FIX,
13:11:03.015,1786255863.015,TRACKING,3.960,-6.843,-2.535,0.00,0.450,0.000,0.000,0.000,0.000,0.000,9.34,10.77566336,106.67088670,10.51,"10°46'32.39""N, 106°40'15.19""E",FIX,
13:11:03.094,1786255863.095,TRACKING,3.938,-6.858,-2.535,0.00,0.450,0.000,0.000,0.000,0.000,0.000,9.36,10.77566336,106.67088670,10.51,"10°46'32.39""N, 106°40'15.19""E",FIX,
13:11:03.164,1786255863.165,TRACKING,3.915,-6.873,-2.535,0.00,0.450,0.000,0.000,0.000,0.000,0.000,9.39,10.77566336,106.67088670,10.51,"10°46'32.39""N, 106°40'15.19""E",FIX,
13:11:03.246,1786255863.246,TRACKING,3.886,-6.894,-2.535,0.00,0.450,0.000,0.000,0.000,0.000,0.000,9.43,10.77566337,106.67088629,10.51,"10°46'32.39""N, 106°40'15.19""E",FIX,
13:11:03.328,1786255863.328,TRACKING,3.864,-6.909,-2.535,0.00,0.450,0.000,0.000,0.000,0.000,0.000,9.45,10.77566337,106.67088629,10.51,"10°46'32.39""N, 106°40'15.19""E",FIX,
13:11:03.404,1786255863.405,TRACKING,3.841,-6.925,-2.535,0.00,0.450,0.000,0.000,0.000,0.000,0.000,9.48,10.77566337,106.67088629,10.51,"10°46'32.39""N, 106°40'15.19""E",FIX,
13:11:03.486,1786255863.486,TRACKING,3.819,-6.940,-2.535,0.00,0.450,0.000,0.000,0.000,0.000,0.000,9.51,10.77566339,106.67088588,10.51,"10°46'32.39""N, 106°40'15.19""E",FIX,
13:11:03.570,1786255863.570,TRACKING,3.790,-6.961,-2.535,0.00,0.450,-0.000,0.000,0.000,0.000,0.000,9.54,10.77566339,106.67088588,10.51,"10°46'32.39""N, 106°40'15.19""E",FIX,
13:11:03.650,1786255863.651,TRACKING,3.760,-6.981,-2.535,0.00,0.450,0.000,0.000,0.000,0.000,0.000,9.58,10.77566340,106.67088547,10.51,"10°46'32.39""N, 106°40'15.19""E",FIX,
13:11:03.720,1786255863.721,TRACKING,3.745,-6.991,-2.535,0.00,0.450,0.000,0.000,0.000,0.000,0.000,9.60,10.77566340,106.67088547,10.51,"10°46'32.39""N, 106°40'15.19""E",FIX,
13:11:03.822,1786255863.823,TRACKING,3.708,-7.017,-2.535,0.00,0.450,-0.000,0.000,0.000,0.000,0.000,9.64,10.77566340,106.67088547,10.51,"10°46'32.39""N, 106°40'15.19""E",FIX,
13:11:03.882,1786255863.883,TRACKING,3.694,-7.027,-2.535,0.00,0.450,0.000,0.000,0.000,0.000,0.000,9.66,10.77566340,106.67088547,10.51,"10°46'32.39""N, 106°40'15.19""E",FIX,
13:11:03.963,1786255863.964,TRACKING,3.671,-7.043,-2.535,0.00,0.450,0.000,0.000,0.000,0.000,0.000,9.69,10.77566342,106.67088506,10.51,"10°46'32.39""N, 106°40'15.19""E",FIX,
13:11:04.058,1786255864.058,TRACKING,3.642,-7.063,-2.535,0.00,0.450,0.000,0.000,0.000,0.000,0.000,9.72,10.77566342,106.67088506,10.51,"10°46'32.39""N, 106°40'15.19""E",FIX,
13:11:04.137,1786255864.138,TRACKING,3.612,-7.084,-2.535,0.00,0.450,-0.000,0.000,0.000,0.000,0.000,9.76,10.77566343,106.67088465,10.51,"10°46'32.39""N, 106°40'15.18""E",FIX,
13:11:04.209,1786255864.210,TRACKING,3.597,-7.094,-2.535,0.00,0.450,0.000,0.000,0.000,0.000,0.000,9.78,10.77566343,106.67088465,10.51,"10°46'32.39""N, 106°40'15.18""E",FIX,
13:11:04.290,1786255864.291,TRACKING,3.568,-7.114,-2.535,0.00,0.450,0.000,0.000,0.000,0.000,0.000,9.81,10.77566343,106.67088465,10.51,"10°46'32.39""N, 106°40'15.18""E",FIX,
13:11:04.364,1786255864.364,TRACKING,3.546,-7.130,-2.535,0.00,0.450,0.000,0.000,0.000,0.000,0.000,9.84,10.77566343,106.67088465,10.51,"10°46'32.39""N, 106°40'15.18""E",FIX,
13:11:04.453,1786255864.454,TRACKING,3.516,-7.150,-2.535,0.00,0.450,-0.000,0.000,0.000,0.000,0.000,9.88,10.77566345,106.67088424,10.51,"10°46'32.39""N, 106°40'15.18""E",FIX,
13:11:04.533,1786255864.533,TRACKING,3.494,-7.166,-2.535,0.00,0.450,0.000,0.000,0.000,0.000,0.000,9.90,10.77566345,106.67088424,10.51,"10°46'32.39""N, 106°40'15.18""E",FIX,
13:11:04.606,1786255864.607,TRACKING,3.472,-7.181,-2.535,0.00,0.450,0.000,0.000,0.000,0.000,0.000,9.93,10.77566345,106.67088424,10.51,"10°46'32.39""N, 106°40'15.18""E",FIX,
13:11:04.694,1786255864.694,TRACKING,3.449,-7.197,-2.535,0.00,0.450,-0.000,0.000,0.000,0.000,0.000,9.96,10.77566346,106.67088382,10.51,"10°46'32.39""N, 106°40'15.18""E",FIX,
13:11:04.784,1786255864.784,TRACKING,3.427,-7.212,-2.535,0.00,0.450,0.000,0.000,0.000,0.000,0.000,9.98,10.77566346,106.67088382,10.51,"10°46'32.39""N, 106°40'15.18""E",FIX,
13:11:04.880,1786255864.880,TRACKING,3.398,-7.232,-2.535,0.00,0.450,0.000,0.000,0.000,0.000,0.000,10.02,10.77566346,106.67088382,10.51,"10°46'32.39""N, 106°40'15.18""E",FIX,
13:11:04.965,1786255864.965,TRACKING,3.375,-7.248,-2.535,0.00,0.450,0.000,0.000,0.000,0.000,0.000,10.05,10.77566348,106.67088341,10.51,"10°46'32.39""N, 106°40'15.18""E",FIX,
13:11:05.041,1786255865.041,TRACKING,3.353,-7.263,-2.535,0.00,0.450,0.000,0.000,0.000,0.000,0.000,10.07,10.77566348,106.67088341,10.51,"10°46'32.39""N, 106°40'15.18""E",FIX,
13:11:05.125,1786255865.125,TRACKING,3.324,-7.284,-2.535,0.00,0.450,-0.000,0.000,0.000,0.000,0.000,10.11,10.77566348,106.67088341,10.51,"10°46'32.39""N, 106°40'15.18""E",FIX,
13:11:05.207,1786255865.208,TRACKING,3.302,-7.299,-2.535,0.00,0.450,0.000,0.000,0.000,0.000,0.000,10.14,10.77566349,106.67088300,10.51,"10°46'32.39""N, 106°40'15.18""E",FIX,
13:11:05.283,1786255865.284,TRACKING,3.279,-7.314,-2.535,0.00,0.450,0.000,0.000,0.000,0.000,0.000,10.16,10.77566349,106.67088300,10.51,"10°46'32.39""N, 106°40'15.18""E",FIX,
13:11:05.374,1786255865.375,TRACKING,3.250,-7.335,-2.535,0.00,0.450,-0.000,0.000,0.000,0.000,0.000,10.20,10.77566349,106.67088300,10.51,"10°46'32.39""N, 106°40'15.18""E",FIX,
13:11:05.448,1786255865.449,TRACKING,3.228,-7.350,-2.535,0.00,0.450,0.000,0.000,0.000,0.000,0.000,10.23,10.77566351,106.67088259,10.51,"10°46'32.39""N, 106°40'15.18""E",FIX,
13:11:05.530,1786255865.530,TRACKING,3.198,-7.371,-2.535,0.00,0.450,0.000,0.000,0.000,0.000,0.000,10.26,10.77566351,106.67088259,10.51,"10°46'32.39""N, 106°40'15.18""E",FIX,
13:11:05.600,1786255865.600,TRACKING,3.183,-7.381,-2.535,0.00,0.450,0.000,0.000,0.000,0.000,0.000,10.28,10.77566351,106.67088259,10.51,"10°46'32.39""N, 106°40'15.18""E",FIX,
13:11:05.688,1786255865.688,TRACKING,3.154,-7.402,-2.535,0.00,0.450,-0.000,0.000,0.000,0.000,0.000,10.32,10.77566352,106.67088218,10.51,"10°46'32.39""N, 106°40'15.18""E",FIX,
13:11:05.761,1786255865.762,TRACKING,3.131,-7.417,-2.535,0.00,0.450,0.000,0.000,0.000,0.000,0.000,10.34,10.77566352,106.67088218,10.51,"10°46'32.39""N, 106°40'15.18""E",FIX,
13:11:05.837,1786255865.838,TRACKING,3.109,-7.432,-2.535,0.00,0.450,0.000,0.000,0.000,0.000,0.000,10.37,10.77566352,106.67088218,10.51,"10°46'32.39""N, 106°40'15.18""E",FIX,
13:11:05.931,1786255865.931,TRACKING,3.080,-7.453,-2.535,0.00,0.450,-0.000,0.000,0.000,0.000,0.000,10.41,10.77566354,106.67088177,10.51,"10°46'32.39""N, 106°40'15.17""E",FIX,
13:11:06.000,1786255866.000,TRACKING,3.057,-7.468,-2.535,0.00,0.450,0.000,0.000,0.000,0.000,0.000,10.43,10.77566354,106.67088177,10.51,"10°46'32.39""N, 106°40'15.17""E",FIX,
13:11:06.077,1786255866.078,TRACKING,3.035,-7.484,-2.535,0.00,0.450,0.000,0.000,0.000,0.000,0.000,10.46,10.77566354,106.67088177,10.51,"10°46'32.39""N, 106°40'15.17""E",FIX,
13:11:06.155,1786255866.155,TRACKING,3.013,-7.499,-2.535,0.00,0.450,0.000,0.000,0.000,0.000,0.000,10.49,10.77566355,106.67088136,10.51,"10°46'32.39""N, 106°40'15.17""E",FIX,
13:11:06.249,1786255866.250,TRACKING,2.984,-7.520,-2.535,0.00,0.450,-0.000,0.000,0.000,0.000,0.000,10.52,10.77566355,106.67088136,10.51,"10°46'32.39""N, 106°40'15.17""E",FIX,
13:11:06.317,1786255866.317,TRACKING,2.961,-7.535,-2.535,0.00,0.450,0.000,0.000,0.000,0.000,0.000,10.55,10.77566355,106.67088136,10.51,"10°46'32.39""N, 106°40'15.17""E",FIX,
13:11:06.405,1786255866.406,TRACKING,2.932,-7.556,-2.535,0.00,0.450,-0.000,0.000,0.000,0.000,0.000,10.59,10.77566356,106.67088095,10.51,"10°46'32.39""N, 106°40'15.17""E",FIX,
13:11:06.479,1786255866.480,TRACKING,2.910,-7.571,-2.535,0.00,0.450,0.000,0.000,0.000,0.000,0.000,10.61,10.77566356,106.67088095,10.51,"10°46'32.39""N, 106°40'15.17""E",FIX,
13:11:06.568,1786255866.568,TRACKING,2.887,-7.586,-2.535,0.00,0.450,-0.000,0.000,0.000,0.000,0.000,10.64,10.77566356,106.67088095,10.51,"10°46'32.39""N, 106°40'15.17""E",FIX,
13:11:06.639,1786255866.639,TRACKING,2.865,-7.602,-2.535,0.00,0.450,0.000,0.000,0.000,0.000,0.000,10.67,10.77566358,106.67088054,10.51,"10°46'32.39""N, 106°40'15.17""E",FIX,
13:11:06.710,1786255866.711,TRACKING,2.836,-7.622,-2.535,0.00,0.450,0.000,0.000,0.000,0.000,0.000,10.70,10.77566358,106.67088054,10.51,"10°46'32.39""N, 106°40'15.17""E",FIX,
13:11:06.789,1786255866.789,TRACKING,2.813,-7.638,-2.535,0.00,0.450,0.000,0.000,0.000,0.000,0.000,10.73,10.77566358,106.67088054,10.51,"10°46'32.39""N, 106°40'15.17""E",FIX,
13:11:06.873,1786255866.874,TRACKING,2.784,-7.658,-2.535,0.00,0.450,-0.000,0.000,0.000,0.000,0.000,10.77,10.77566359,106.67088012,10.51,"10°46'32.39""N, 106°40'15.17""E",FIX,
13:11:06.946,1786255866.946,TRACKING,2.762,-7.673,-2.535,0.00,0.450,0.000,0.000,0.000,0.000,0.000,10.79,10.77566359,106.67088012,10.51,"10°46'32.39""N, 106°40'15.17""E",FIX,
13:11:07.023,1786255867.024,TRACKING,2.739,-7.689,-2.535,0.00,0.450,0.000,0.000,0.000,0.000,0.000,10.82,10.77566359,106.67088012,10.51,"10°46'32.39""N, 106°40'15.17""E",FIX,
13:11:07.100,1786255867.101,TRACKING,2.717,-7.704,-2.535,0.00,0.450,0.000,0.000,0.000,0.000,0.000,10.85,10.77566361,106.67087971,10.51,"10°46'32.39""N, 106°40'15.17""E",FIX,
13:11:07.197,1786255867.197,TRACKING,2.688,-7.725,-2.535,0.00,0.450,-0.000,0.000,0.000,0.000,0.000,10.88,10.77566361,106.67087971,10.51,"10°46'32.39""N, 106°40'15.17""E",FIX,
13:11:07.278,1786255867.278,TRACKING,2.665,-7.740,-2.535,0.00,0.450,0.000,0.000,0.000,0.000,0.000,10.91,10.77566361,106.67087971,10.51,"10°46'32.39""N, 106°40'15.17""E",FIX,
13:11:07.372,1786255867.372,TRACKING,2.636,-7.761,-2.535,0.00,0.450,-0.000,0.000,0.000,0.000,0.000,10.95,10.77566362,106.67087930,10.51,"10°46'32.39""N, 106°40'15.17""E",FIX,
13:11:07.435,1786255867.436,TRACKING,2.614,-7.776,-2.535,0.00,0.450,0.000,0.000,0.000,0.000,0.000,10.97,10.77566362,106.67087930,10.51,"10°46'32.39""N, 106°40'15.17""E",FIX,
13:11:07.507,1786255867.507,TRACKING,2.599,-7.786,-2.535,0.00,0.450,0.000,0.000,0.000,0.000,0.000,10.99,10.77566362,106.67087930,10.51,"10°46'32.39""N, 106°40'15.17""E",FIX,
13:11:07.579,1786255867.580,TRACKING,2.569,-7.807,-2.535,0.00,0.450,0.000,0.000,0.000,0.000,0.000,11.03,10.77566364,106.67087889,10.51,"10°46'32.39""N, 106°40'15.16""E",FIX,
13:11:07.662,1786255867.663,TRACKING,2.547,-7.822,-2.535,0.00,0.450,0.000,0.000,0.000,0.000,0.000,11.05,10.77566364,106.67087889,10.51,"10°46'32.39""N, 106°40'15.16""E",FIX,
13:11:07.758,1786255867.758,TRACKING,2.518,-7.843,-2.535,0.00,0.450,-0.000,0.000,0.000,0.000,0.000,11.09,10.77566364,106.67087889,10.51,"10°46'32.39""N, 106°40'15.16""E",FIX,
