Time,Unix_Timestamp,FSM_State,Pos_X_m,Pos_Y_m,Yaw_rad,Steer_Angle_deg,Linear_Vel_mps,Angular_Vel_radps,IMU_Yaw_rad,IMU_Angular_Vel_z,IMU_Accel_x,Confidence,Dist_Traveled_m,GPS_Latitude,GPS_Longitude,GPS_Altitude_m,GPS_DMS,GPS_Status,Event
13:47:04.709,1786171624.710,TRACKING,-0.000,0.000,-0.000,0.00,0.450,-0.000,0.000,0.000,0.000,0.000,0.00,10.77566700,106.67088900,10.00,"10°46'32.40""N, 106°40'15.20""E",ODOM_ESTIMATED,
13:47:04.720,1786171624.721,TRACKING,-0.000,0.000,-0.000,0.00,0.450,-0.000,0.000,0.000,0.000,0.000,0.00,10.77566700,106.67088900,10.00,"10°46'32.40""N, 106°40'15.20""E",ODOM_ESTIMATED,
13:47:04.731,1786171624.731,TRACKING,-0.000,0.000,-0.000,0.00,0.450,-0.000,0.000,0.000,0.000,0.000,0.00,10.77567062,106.67087529,10.51,"10°46'32.41""N, 106°40'15.15""E",FIX,
13:47:04.744,1786171624.744,TRACKING,-0.000,0.000,-0.000,0.00,0.450,-0.000,0.000,0.000,0.000,0.000,0.00,10.77567062,106.67087529,10.51,"10°46'32.41""N, 106°40'15.15""E",FIX,
13:47:04.752,1786171624.752,TRACKING,-0.000,0.000,-0.000,0.00,0.450,-0.000,0.000,0.000,0.000,0.000,0.00,10.77567062,106.67087529,10.51,"10°46'32.41""N, 106°40'15.15""E",FIX,
13:47:04.764,1786171624.764,TRACKING,-0.000,0.000,-0.000,0.00,0.450,-0.000,0.000,0.000,0.000,0.000,0.00,10.77567062,106.67087529,10.51,"10°46'32.41""N, 106°40'15.15""E",FIX,
13:47:04.776,1786171624.777,TRACKING,0.002,-0.000,-0.000,0.00,0.450,-0.000,0.000,0.000,0.000,0.000,0.00,10.77567062,106.67087529,10.51,"10°46'32.41""N, 106°40'15.15""E",FIX,
13:47:04.787,1786171624.787,TRACKING,0.011,-0.000,-0.000,0.00,0.450,-0.000,0.000,0.000,0.000,0.000,0.01,10.77567062,106.67087529,10.51,"10°46'32.41""N, 106°40'15.15""E",FIX,
13:47:04.796,1786171624.796,TRACKING,0.020,-0.000,-0.000,0.00,0.450,-0.000,0.000,0.000,0.000,0.000,0.02,10.77567062,106.67087529,10.51,"10°46'32.41""N, 106°40'15.15""E",FIX,
13:47:04.808,1786171624.809,TRACKING,0.029,-0.000,-0.000,0.00,0.450,-0.000,0.000,0.000,0.000,0.000,0.03,10.77567062,106.67087529,10.51,"10°46'32.41""N, 106°40'15.15""E",FIX,
13:47:04.819,1786171624.819,TRACKING,0.029,-0.000,-0.000,0.00,0.450,-0.000,0.000,0.000,0.000,0.000,0.03,10.77567062,106.67087529,10.51,"10°46'32.41""N, 106°40'15.15""E",FIX,
13:47:04.830,1786171624.830,TRACKING,0.029,-0.000,-0.000,0.00,0.450,-0.000,0.000,0.000,0.000,0.000,0.03,10.77567062,106.67087529,10.51,"10°46'32.41""N, 106°40'15.15""E",FIX,
13:47:04.885,1786171624.885,TRACKING,0.056,-0.000,-0.000,0.00,0.450,-0.000,0.000,0.000,0.000,0.000,0.06,10.77567062,106.67087543,10.51,"10°46'32.41""N, 106°40'15.15""E",FIX,
13:47:04.967,1786171624.967,TRACKING,0.083,-0.000,-0.000,0.00,0.450,-0.000,0.000,0.000,0.000,0.000,0.08,10.77567062,106.67087543,10.51,"10°46'32.41""N, 106°40'15.15""E",FIX,
13:47:05.044,1786171625.044,TRACKING,0.119,-0.000,-0.000,0.00,0.450,-0.000,0.000,0.000,0.000,0.000,0.12,10.77567062,106.67087543,10.51,"10°46'32.41""N, 106°40'15.15""E",FIX,
13:47:05.119,1786171625.120,TRACKING,0.146,-0.000,-0.000,0.00,0.450,-0.000,0.000,0.000,0.000,0.000,0.15,10.77567062,106.67087584,10.51,"10°46'32.41""N, 106°40'15.15""E",FIX,
13:47:05.196,1786171625.197,TRACKING,0.173,-0.000,-0.000,0.00,0.450,-0.000,0.000,0.000,0.000,0.000,0.17,10.77567062,106.67087584,10.51,"10°46'32.41""N, 106°40'15.15""E",FIX,
13:47:05.271,1786171625.271,TRACKING,0.200,-0.000,-0.000,0.00,0.450,-0.000,0.000,0.000,0.000,0.000,0.20,10.77567062,106.67087584,10.51,"10°46'32.41""N, 106°40'15.15""E",FIX,
13:47:05.333,1786171625.334,TRACKING,0.227,-0.000,-0.000,0.00,0.450,-0.000,0.000,0.000,0.000,0.000,0.23,10.77567062,106.67087625,10.51,"10°46'32.41""N, 106°40'15.15""E",FIX,
13:47:05.418,1786171625.418,TRACKING,0.263,-0.000,-0.000,0.00,0.450,-0.000,0.000,0.000,0.000,0.000,0.26,10.77567062,106.67087625,10.51,"10°46'32.41""N, 106°40'15.15""E",FIX,
13:47:05.492,1786171625.492,TRACKING,0.290,-0.000,-0.000,0.00,0.450,-0.000,0.000,0.000,0.000,0.062,0.29,10.77567062,106.67087625,10.51,"10°46'32.41""N, 106°40'15.15""E",FIX,
13:47:05.554,1786171625.555,TRACKING,0.317,-0.000,-0.000,0.00,0.450,-0.000,0.000,0.000,0.000,0.104,0.32,10.77567062,106.67087666,10.51,"10°46'32.41""N, 106°40'15.16""E",FIX,
13:47:05.626,1786171625.626,TRACKING,0.344,-0.000,-0.000,0.00,0.450,-0.000,0.000,0.000,0.000,0.167,0.34,10.77567062,106.67087666,10.51,"10°46'32.41""N, 106°40'15.16""E",FIX,
13:47:05.708,1786171625.708,TRACKING,0.380,-0.000,-0.000,0.00,0.450,-0.000,0.000,0.000,0.000,0.208,0.38,10.77567062,106.67087666,10.51,"10°46'32.41""N, 106°40'15.16""E",FIX,
13:47:05.784,1786171625.785,TRACKING,0.416,-0.000,-0.000,0.00,0.450,-0.000,0.000,0.000,0.000,0.271,0.42,10.77567062,106.67087707,10.51,"10°46'32.41""N, 106°40'15.16""E",FIX,
13:47:05.856,1786171625.857,TRACKING,0.443,-0.000,-0.000,0.00,0.450,-0.000,0.000,0.000,0.000,0.333,0.44,10.77567062,106.67087707,10.51,"10°46'32.41""N, 106°40'15.16""E",FIX,
13:47:05.926,1786171625.926,TRACKING,0.470,-0.000,-0.000,0.00,0.450,-0.000,0.000,0.000,0.000,0.396,0.47,10.77567062,106.67087707,10.51,"10°46'32.41""N, 106°40'15.16""E",FIX,
13:47:05.999,1786171626.000,TRACKING,0.497,-0.000,-0.000,0.00,0.450,-0.000,0.000,0.000,0.000,0.437,0.50,10.77567062,106.67087748,10.51,"10°46'32.41""N, 106°40'15.16""E",FIX,
13:47:06.066,1786171626.067,TRACKING,0.524,-0.000,0.000,0.00,0.450,-0.000,0.000,0.000,0.000,0.500,0.52,10.77567062,106.67087748,10.51,"10°46'32.41""N, 106°40'15.16""E",FIX,
13:47:06.144,1786171626.144,TRACKING,0.560,-0.000,0.000,0.00,0.450,-0.000,0.000,0.000,0.000,0.583,0.56,10.77567062,106.67087748,10.51,"10°46'32.41""N, 106°40'15.16""E",FIX,
13:47:06.221,1786171626.221,TRACKING,0.587,-0.000,0.000,0.00,0.450,-0.000,0.000,0.000,0.000,0.646,0.59,10.77567062,106.67087790,10.51,"10°46'32.41""N, 106°40'15.16""E",FIX,
13:47:06.300,1786171626.300,TRACKING,0.623,-0.000,0.000,0.00,0.450,-0.000,0.000,0.000,0.000,0.708,0.62,10.77567062,106.67087790,10.51,"10°46'32.41""N, 106°40'15.16""E",FIX,
13:47:06.368,1786171626.368,TRACKING,0.650,-0.000,0.000,0.00,0.450,-0.000,0.000,0.000,0.000,0.792,0.65,10.77567062,106.67087790,10.51,"10°46'32.41""N, 106°40'15.16""E",FIX,
13:47:06.428,1786171626.428,TRACKING,0.677,-0.000,0.000,0.00,0.450,-0.000,0.000,0.000,0.000,0.854,0.68,10.77567062,106.67087831,10.51,"10°46'32.41""N, 106°40'15.16""E",FIX,
13:47:06.522,1786171626.523,TRACKING,0.713,-0.000,0.000,0.00,0.450,-0.000,0.000,0.000,0.000,0.937,0.71,10.77567062,106.67087831,10.51,"10°46'32.41""N, 106°40'15.16""E",FIX,
13:47:06.582,1786171626.582,TRACKING,0.731,-0.000,0.000,0.00,0.450,-0.000,0.000,0.000,0.000,1.000,0.73,10.77567062,106.67087831,10.51,"10°46'32.41""N, 106°40'15.16""E",FIX,
13:47:06.661,1786171626.661,TRACKING,0.767,-0.000,0.000,0.00,0.450,-0.000,0.000,0.000,0.000,1.000,0.77,10.77567062,106.67087872,10.51,"10°46'32.41""N, 106°40'15.16""E",FIX,
13:47:06.721,1786171626.722,TRACKING,0.794,-0.000,0.000,0.00,0.450,-0.000,0.000,0.000,0.000,1.000,0.79,10.77567062,106.67087872,10.51,"10°46'32.41""N, 106°40'15.16""E",FIX,
13:47:06.795,1786171626.796,TRACKING,0.821,-0.000,0.000,0.00,0.450,-0.000,0.000,0.000,0.000,1.000,0.82,10.77567062,106.67087872,10.51,"10°46'32.41""N, 106°40'15.16""E",FIX,
13:47:06.881,1786171626.881,TRACKING,0.857,-0.000,0.000,0.00,0.450,-0.000,0.000,0.000,0.000,1.000,0.86,10.77567062,106.67087913,10.51,"10°46'32.41""N, 106°40'15.16""E",FIX,
13:47:06.943,1786171626.944,TRACKING,0.884,-0.000,-0.000,0.00,0.450,-0.000,0.000,0.000,0.000,1.000,0.88,10.77567062,106.67087913,10.51,"10°46'32.41""N, 106°40'15.16""E",FIX,
13:47:07.022,1786171627.023,TRACKING,0.920,-0.000,-0.000,0.00,0.450,-0.000,0.000,0.000,0.000,1.000,0.92,10.77567062,106.67087913,10.51,"10°46'32.41""N, 106°40'15.16""E",FIX,
13:47:07.097,1786171627.098,TRACKING,0.947,-0.000,-0.000,0.00,0.450,-0.000,0.000,0.000,0.000,1.000,0.95,10.77567062,106.67087954,10.51,"10°46'32.41""N, 106°40'15.17""E",FIX,
13:47:07.167,1786171627.167,TRACKING,0.974,0.000,0.000,0.00,0.450,-0.000,0.000,0.000,0.000,1.000,0.97,10.77567062,106.67087954,10.51,"10°46'32.41""N, 106°40'15.17""E",FIX,
13:47:07.230,1786171627.231,TRACKING,1.010,0.000,0.000,0.00,0.450,-0.000,0.000,0.000,0.000,1.000,1.01,10.77567062,106.67087954,10.51,"10°46'32.41""N, 106°40'15.17""E",FIX,
13:47:07.293,1786171627.293,TRACKING,1.028,0.000,0.000,0.00,0.450,-0.000,0.000,0.000,0.000,1.000,1.03,10.77567062,106.67087995,10.51,"10°46'32.41""N, 106°40'15.17""E",FIX,
13:47:07.378,1786171627.379,TRACKING,1.064,0.000,0.000,0.00,0.450,-0.000,0.000,0.000,0.000,1.000,1.06,10.77567062,106.67087995,10.51,"10°46'32.41""N, 106°40'15.17""E",FIX,
13:47:07.440,1786171627.441,TRACKING,1.091,0.000,0.000,0.00,0.450,-0.000,0.000,0.000,0.000,1.000,1.09,10.77567062,106.67087995,10.51,"10°46'32.41""N, 106°40'15.17""E",FIX,
13:47:07.521,1786171627.521,TRACKING,1.118,0.000,0.000,0.00,0.450,-0.000,0.000,0.000,0.000,1.000,1.12,10.77567062,106.67088037,10.51,"10°46'32.41""N, 106°40'15.17""E",FIX,
13:47:07.599,1786171627.599,TRACKING,1.154,0.000,0.000,0.00,0.450,-0.000,0.000,0.000,0.000,1.000,1.15,10.77567062,106.67088037,10.51,"10°46'32.41""N, 106°40'15.17""E",FIX,
13:47:07.668,1786171627.668,TRACKING,1.181,0.000,0.000,0.00,0.450,-0.000,0.000,0.000,0.000,1.000,1.18,10.77567062,106.67088037,10.51,"10°46'32.41""N, 106°40'15.17""E",FIX,
13:47:07.735,1786171627.735,TRACKING,1.208,0.000,0.000,0.00,0.450,-0.009,0.000,0.000,0.000,1.000,1.21,10.77567062,106.67088078,10.51,"10°46'32.41""N, 106°40'15.17""E",FIX,
13:47:07.801,1786171627.802,TRACKING,1.235,-0.000,-0.000,0.00,0.450,0.002,0.000,0.000,0.000,1.000,1.23,10.77567062,106.67088078,10.51,"10°46'32.41""N, 106°40'15.17""E",FIX,
13:47:07.882,1786171627.883,TRACKING,1.271,-0.000,-0.000,0.00,0.450,0.001,0.000,0.000,0.000,1.000,1.27,10.77567062,106.67088078,10.51,"10°46'32.41""N, 106°40'15.17""E",FIX,
13:47:07.957,1786171627.957,TRACKING,1.298,-0.000,-0.000,0.00,0.450,-0.007,0.000,0.000,0.000,1.000,1.30,10.77567062,106.67088119,10.51,"10°46'32.41""N, 106°40'15.17""E",FIX,
13:47:08.047,1786171628.047,TRACKING,1.325,-0.000,-0.001,0.00,0.450,0.002,0.000,0.000,0.000,1.000,1.32,10.77567062,106.67088119,10.51,"10°46'32.41""N, 106°40'15.17""E",FIX,
13:47:08.125,1786171628.126,TRACKING,1.361,-0.000,-0.001,-0.00,0.450,0.007,0.000,0.000,0.000,0.604,1.36,10.77567062,106.67088119,10.51,"10°46'32.41""N, 106°40'15.17""E",FIX,
13:47:08.194,1786171628.194,TRACKING,1.388,-0.000,-0.001,-0.00,0.450,0.007,0.000,0.000,0.000,0.667,1.39,10.77567062,106.67088160,10.51,"10°46'32.41""N, 106°40'15.17""E",FIX,
13:47:08.271,1786171628.271,TRACKING,1.424,-0.000,0.000,-0.01,0.450,0.005,0.000,0.000,0.000,0.750,1.42,10.77567062,106.67088160,10.51,"10°46'32.41""N, 106°40'15.17""E",FIX,
13:47:08.350,1786171628.351,TRACKING,1.451,-0.000,0.000,-0.01,0.450,0.004,0.000,0.000,0.000,0.812,1.45,10.77567062,106.67088160,10.51,"10°46'32.41""N, 106°40'15.17""E",FIX,
13:47:08.419,1786171628.420,TRACKING,1.478,-0.000,0.001,-0.01,0.450,0.004,0.000,0.000,0.000,0.896,1.48,10.77567061,106.67088201,10.51,"10°46'32.41""N, 106°40'15.18""E",FIX,
13:47:08.514,1786171628.514,TRACKING,1.514,-0.000,0.001,-0.01,0.450,-0.003,0.000,0.000,0.000,0.979,1.51,10.77567061,106.67088201,10.51,"10°46'32.41""N, 106°40'15.18""E",FIX,
13:47:08.586,1786171628.586,TRACKING,1.541,-0.000,0.001,-0.00,0.450,-0.003,0.000,0.000,0.000,1.000,1.54,10.77567061,106.67088201,10.51,"10°46'32.41""N, 106°40'15.18""E",FIX,
13:47:08.669,1786171628.670,TRACKING,1.568,-0.000,0.001,-0.01,0.450,0.006,0.000,0.000,0.000,1.000,1.57,10.77567062,106.67088242,10.51,"10°46'32.41""N, 106°40'15.18""E",FIX,
13:47:08.750,1786171628.751,TRACKING,1.604,0.000,0.001,-0.01,0.450,0.004,0.000,0.000,0.000,1.000,1.60,10.77567062,106.67088242,10.51,"10°46'32.41""N, 106°40'15.18""E",FIX,
13:47:08.806,1786171628.807,TRACKING,1.622,0.000,0.001,-0.00,0.450,-0.006,0.000,0.000,0.000,1.000,1.62,10.77567062,106.67088242,10.51,"10°46'32.41""N, 106°40'15.18""E",FIX,
13:47:08.897,1786171628.897,TRACKING,1.658,0.000,0.001,-0.00,0.450,-0.002,0.000,0.000,0.000,1.000,1.66,10.77567062,106.67088283,10.51,"10°46'32.41""N, 106°40'15.18""E",FIX,
13:47:08.965,1786171628.965,TRACKING,1.685,0.000,0.001,-0.01,0.450,0.006,0.000,0.000,0.000,1.000,1.68,10.77567062,106.67088283,10.51,"10°46'32.41""N, 106°40'15.18""E",FIX,
13:47:09.054,1786171629.055,TRACKING,1.721,0.000,0.001,-0.01,0.450,0.004,0.000,0.000,0.000,1.000,1.72,10.77567062,106.67088283,10.51,"10°46'32.41""N, 106°40'15.18""E",FIX,
13:47:09.120,1786171629.120,TRACKING,1.748,0.000,0.001,-0.00,0.450,-0.005,0.000,0.000,0.000,1.000,1.75,10.77567061,106.67088325,10.51,"10°46'32.41""N, 106°40'15.18""E",FIX,
13:47:09.205,1786171629.206,TRACKING,1.775,0.000,0.001,-0.00,0.450,-0.002,0.000,0.000,0.000,1.000,1.77,10.77567061,106.67088325,10.51,"10°46'32.41""N, 106°40'15.18""E",FIX,
13:47:09.265,1786171629.266,TRACKING,1.802,0.000,0.001,-0.00,0.450,0.007,0.000,0.000,0.000,1.000,1.80,10.77567061,106.67088325,10.51,"10°46'32.41""N, 106°40'15.18""E",FIX,
13:47:09.341,1786171629.342,TRACKING,1.829,0.000,0.001,-0.01,0.450,0.004,0.000,0.000,0.000,1.000,1.83,10.77567061,106.67088325,10.51,"10°46'32.41""N, 106°40'15.18""E",FIX,
13:47:09.415,1786171629.416,TRACKING,1.865,0.000,0.002,-0.00,0.450,-0.003,0.000,0.000,0.000,1.000,1.86,10.77567062,106.67088366,10.51,"10°46'32.41""N, 106°40'15.18""E",FIX,
13:47:09.496,1786171629.497,TRACKING,1.892,0.000,0.002,-0.01,0.450,0.005,0.000,0.000,0.000,1.000,1.89,10.77567062,106.67088366,10.51,"10°46'32.41""N, 106°40'15.18""E",FIX,
13:47:09.569,1786171629.569,TRACKING,1.928,0.000,0.002,-0.01,0.450,0.004,0.000,0.000,0.000,1.000,1.93,10.77567062,106.67088407,10.51,"10°46'32.41""N, 106°40'15.18""E",FIX,
13:47:09.631,1786171629.631,TRACKING,1.955,0.000,0.002,-0.00,0.450,-0.005,0.000,0.000,0.000,1.000,1.95,10.77567062,106.67088407,10.51,"10°46'32.41""N, 106°40'15.18""E",FIX,
13:47:09.714,1786171629.714,TRACKING,1.982,0.001,0.002,-0.01,0.450,0.005,0.000,0.000,0.000,1.000,1.98,10.77567062,106.67088407,10.51,"10°46'32.41""N, 106°40'15.18""E",FIX,
13:47:09.789,1786171629.790,TRACKING,2.009,0.001,0.002,-0.01,0.450,0.004,0.000,0.000,0.000,1.000,2.01,10.77567062,106.67088407,10.51,"10°46'32.41""N, 106°40'15.18""E",FIX,
13:47:09.864,1786171629.865,TRACKING,2.045,0.001,0.002,-0.00,0.450,-0.010,0.000,0.000,0.000,1.000,2.04,10.77567062,106.67088448,10.51,"10°46'32.41""N, 106°40'15.18""E",FIX,
13:47:09.931,1786171629.932,TRACKING,2.072,0.001,0.002,0.01,0.450,-0.018,0.000,0.000,0.000,1.000,2.07,10.77567062,106.67088448,10.51,"10°46'32.41""N, 106°40'15.18""E",FIX,
13:47:10.004,1786171630.005,TRACKING,2.108,0.001,0.001,0.01,0.450,-0.011,0.000,0.000,0.000,1.000,2.11,10.77567062,106.67088489,10.51,"10°46'32.41""N, 106°40'15.19""E",FIX,
13:47:10.078,1786171630.079,TRACKING,2.135,0.001,0.000,0.01,0.450,-0.009,0.000,0.000,0.000,0.583,2.13,10.77567062,106.67088489,10.51,"10°46'32.41""N, 106°40'15.19""E",FIX,
13:47:10.136,1786171630.136,TRACKING,2.162,0.001,-0.001,0.01,0.450,-0.009,0.000,0.000,0.000,0.646,2.16,10.77567062,106.67088489,10.51,"10°46'32.41""N, 106°40'15.19""E",FIX,
13:47:10.218,1786171630.219,TRACKING,2.198,0.001,-0.001,0.02,0.450,-0.006,0.000,0.000,0.000,0.708,2.20,10.77567062,106.67088530,10.51,"10°46'32.41""N, 106°40'15.19""E",FIX,
13:47:10.291,1786171630.291,TRACKING,2.225,0.001,-0.002,0.01,0.450,0.001,0.000,0.000,0.000,0.771,2.22,10.77567062,106.67088530,10.51,"10°46'32.41""N, 106°40'15.19""E",FIX,
13:47:10.364,1786171630.364,TRACKING,2.252,0.001,-0.002,0.01,0.450,-0.000,0.000,0.000,0.000,0.854,2.25,10.77567062,106.67088530,10.51,"10°46'32.41""N, 106°40'15.19""E",FIX,
13:47:10.438,1786171630.438,TRACKING,2.288,0.001,-0.002,0.01,0.450,-0.001,0.000,0.000,0.000,0.917,2.29,10.77567062,106.67088571,10.51,"10°46'32.41""N, 106°40'15.19""E",FIX,
13:47:10.493,1786171630.493,TRACKING,2.306,0.001,-0.002,0.01,0.450,-0.001,0.000,0.000,0.000,1.000,2.31,10.77567062,106.67088571,10.51,"10°46'32.41""N, 106°40'15.19""E",FIX,
13:47:10.577,1786171630.577,TRACKING,2.342,0.001,-0.002,0.01,0.450,-0.002,0.000,0.000,0.000,1.000,2.34,10.77567062,106.67088571,10.51,"10°46'32.41""N, 106°40'15.19""E",FIX,
13:47:10.652,1786171630.653,TRACKING,2.369,0.000,-0.002,0.01,0.450,-0.002,0.000,0.000,0.000,1.000,2.37,10.77567062,106.67088571,10.51,"10°46'32.41""N, 106°40'15.19""E",FIX,
13:47:10.724,1786171630.724,TRACKING,2.405,0.000,-0.002,0.01,0.450,-0.002,0.000,0.000,0.000,1.000,2.40,10.77567062,106.67088613,10.51,"10°46'32.41""N, 106°40'15.19""E",FIX,
13:47:10.792,1786171630.793,TRACKING,2.423,0.000,-0.002,0.01,0.450,-0.002,0.000,0.000,0.000,1.000,2.42,10.77567062,106.67088613,10.51,"10°46'32.41""N, 106°40'15.19""E",FIX,
13:47:10.866,1786171630.866,TRACKING,2.459,0.000,-0.002,0.01,0.450,-0.002,0.000,0.000,0.000,1.000,2.46,10.77567062,106.67088613,10.51,"10°46'32.41""N, 106°40'15.19""E",FIX,
13:47:10.944,1786171630.944,TRACKING,2.495,0.000,-0.002,0.01,0.450,-0.002,0.000,0.000,0.000,1.000,2.49,10.77567062,106.67088654,10.51,"10°46'32.41""N, 106°40'15.19""E",FIX,
13:47:11.019,1786171631.020,TRACKING,2.522,0.000,-0.003,0.01,0.450,-0.002,0.000,0.000,0.000,1.000,2.52,10.77567062,106.67088654,10.51,"10°46'32.41""N, 106°40'15.19""E",FIX,
13:47:11.093,1786171631.093,TRACKING,2.549,0.000,-0.003,0.01,0.450,-0.002,0.000,0.000,0.000,1.000,2.55,10.77567062,106.67088654,10.51,"10°46'32.41""N, 106°40'15.19""E",FIX,
13:47:11.168,1786171631.168,TRACKING,2.585,-0.000,-0.003,0.01,0.450,0.005,0.000,0.000,0.000,1.000,2.58,10.77567062,106.67088695,10.51,"10°46'32.41""N, 106°40'15.19""E",FIX,
13:47:11.244,1786171631.245,TRACKING,2.612,-0.000,-0.003,0.00,0.450,0.003,0.000,0.000,0.000,1.000,2.61,10.77567062,106.67088695,10.51,"10°46'32.41""N, 106°40'15.19""E",FIX,
13:47:11.314,1786171631.314,TRACKING,2.630,-0.000,-0.003,0.01,0.450,-0.006,0.000,0.000,0.000,1.000,2.63,10.77567062,106.67088695,10.51,"10°46'32.41""N, 106°40'15.19""E",FIX,
13:47:11.396,1786171631.397,TRACKING,2.666,-0.000,-0.003,0.00,0.450,0.002,0.000,0.000,0.000,1.000,2.67,10.77567062,106.67088736,10.51,"10°46'32.41""N, 106°40'15.19""E",FIX,
13:47:11.482,1786171631.483,TRACKING,2.702,-0.000,-0.003,0.00,0.450,0.002,0.000,0.000,0.000,1.000,2.70,10.77567062,106.67088736,10.51,"10°46'32.41""N, 106°40'15.19""E",FIX,
13:47:11.542,1786171631.543,TRACKING,2.729,-0.000,-0.003,0.00,0.450,0.001,0.000,0.000,0.000,1.000,2.73,10.77567062,106.67088736,10.51,"10°46'32.41""N, 106°40'15.19""E",FIX,
13:47:11.607,1786171631.607,TRACKING,2.756,-0.001,-0.003,0.00,0.450,0.001,0.000,0.000,0.000,1.000,2.76,10.77567062,106.67088777,10.51,"10°46'32.41""N, 106°40'15.20""E",FIX,
13:47:11.682,1786171631.682,TRACKING,2.783,-0.001,-0.002,0.00,0.450,0.001,0.000,0.000,0.000,1.000,2.78,10.77567062,106.67088777,10.51,"10°46'32.41""N, 106°40'15.20""E",FIX,
13:47:11.777,1786171631.778,TRACKING,2.819,-0.001,-0.002,0.00,0.450,0.000,0.000,0.000,0.000,1.000,2.82,10.77567062,106.67088777,10.51,"10°46'32.41""N, 106°40'15.20""E",FIX,
13:47:11.844,1786171631.844,TRACKING,2.846,-0.001,-0.002,0.00,0.450,0.000,0.000,0.000,0.000,1.000,2.85,10.77567062,106.67088818,10.51,"10°46'32.41""N, 106°40'15.20""E",FIX,
13:47:11.917,1786171631.917,TRACKING,2.873,-0.001,-0.002,0.00,0.450,0.000,0.000,0.000,0.000,1.000,2.87,10.77567062,106.67088818,10.51,"10°46'32.41""N, 106°40'15.20""E",FIX,
13:47:12.000,1786171632.001,TRACKING,2.909,-0.001,-0.002,0.00,0.450,0.000,0.000,0.000,0.000,0.854,2.91,10.77567062,106.67088818,10.51,"10°46'32.41""N, 106°40'15.20""E",FIX,
13:47:12.076,1786171632.076,TRACKING,2.936,-0.001,-0.002,-0.00,0.450,0.007,0.000,0.000,0.000,0.521,2.94,10.77567062,106.67088859,10.51,"10°46'32.41""N, 106°40'15.20""E",FIX,
13:47:12.148,1786171632.148,TRACKING,2.963,-0.001,-0.002,-0.01,0.450,0.006,0.000,0.000,0.000,0.583,2.96,10.77567062,106.67088859,10.51,"10°46'32.41""N, 106°40'15.20""E",FIX,
13:47:12.216,1786171632.217,TRACKING,2.990,-0.001,-0.002,-0.00,0.450,-0.003,0.000,0.000,0.000,0.667,2.99,10.77567062,106.67088859,10.51,"10°46'32.41""N, 106°40'15.20""E",FIX,
13:47:12.297,1786171632.298,TRACKING,3.017,-0.001,-0.002,-0.00,0.450,-0.002,0.000,0.000,0.000,0.729,3.02,10.77567061,106.67088901,10.51,"10°46'32.41""N, 106°40'15.20""E",FIX,
13:47:12.375,1786171632.376,TRACKING,3.053,-0.001,-0.002,-0.00,0.450,-0.001,0.000,0.000,0.000,0.812,3.05,10.77567061,106.67088901,10.51,"10°46'32.41""N, 106°40'15.20""E",FIX,
13:47:12.468,1786171632.469,TRACKING,3.089,-0.001,-0.002,-0.00,0.450,0.002,0.000,0.000,0.000,0.875,3.09,10.77567061,106.67088901,10.51,"10°46'32.41""N, 106°40'15.20""E",FIX,
13:47:12.526,1786171632.527,TRACKING,3.107,-0.001,-0.002,-0.00,0.450,0.007,0.000,0.000,0.000,0.958,3.11,10.77567061,106.67088942,10.51,"10°46'32.41""N, 106°40'15.20""E",FIX,
13:47:12.606,1786171632.606,TRACKING,3.143,-0.001,-0.002,-0.00,0.450,-0.002,0.000,0.000,0.000,1.000,3.14,10.77567061,106.67088942,10.51,"10°46'32.41""N, 106°40'15.20""E",FIX,
13:47:12.670,1786171632.670,TRACKING,3.170,-0.001,-0.001,-0.00,0.450,-0.002,0.000,0.000,0.000,1.000,3.17,10.77567061,106.67088942,10.51,"10°46'32.41""N, 106°40'15.20""E",FIX,
13:47:12.746,1786171632.747,TRACKING,3.206,-0.001,-0.002,-0.00,0.450,0.006,0.000,0.000,0.000,1.000,3.21,10.77567061,106.67088983,10.51,"10°46'32.41""N, 106°40'15.20""E",FIX,
13:47:12.830,1786171632.831,TRACKING,3.233,-0.001,-0.001,-0.00,0.450,-0.002,0.000,0.000,0.000,1.000,3.23,10.77567061,106.67088983,10.51,"10°46'32.41""N, 106°40'15.20""E",FIX,
13:47:12.890,1786171632.890,TRACKING,3.260,-0.002,-0.001,-0.00,0.450,-0.002,0.000,0.000,0.000,1.000,3.26,10.77567061,106.67088983,10.51,"10°46'32.41""N, 106°40'15.20""E",FIX,
13:47:12.976,1786171632.977,TRACKING,3.287,-0.002,-0.002,-0.00,0.450,0.006,0.000,0.000,0.000,1.000,3.29,10.77567061,106.67089024,10.51,"10°46'32.41""N, 106°40'15.20""E",FIX,
13:47:13.057,1786171633.057,TRACKING,3.323,-0.002,-0.001,-0.00,0.450,-0.002,0.000,0.000,0.000,1.000,3.32,10.77567061,106.67089024,10.51,"10°46'32.41""N, 106°40'15.20""E",FIX,
13:47:13.119,1786171633.119,TRACKING,3.350,-0.002,-0.001,-0.00,0.450,-0.002,0.000,0.000,0.000,1.000,3.35,10.77567061,106.67089024,10.51,"10°46'32.41""N, 106°40'15.20""E",FIX,
13:47:13.194,1786171633.195,TRACKING,3.377,-0.002,-0.001,-0.00,0.450,-0.001,0.000,0.000,0.000,1.000,3.38,10.77567061,106.67089065,10.51,"10°46'32.41""N, 106°40'15.21""E",FIX,
13:47:13.277,1786171633.277,TRACKING,3.413,-0.002,-0.001,-0.00,0.450,0.006,0.000,0.000,0.000,1.000,3.41,10.77567061,106.67089065,10.51,"10°46'32.41""N, 106°40'15.21""E",FIX,
13:47:13.346,1786171633.346,TRACKING,3.440,-0.002,-0.001,-0.00,0.450,-0.002,0.000,0.000,0.000,1.000,3.44,10.77567061,106.67089065,10.51,"10°46'32.41""N, 106°40'15.21""E",FIX,
13:47:13.414,1786171633.414,TRACKING,3.467,-0.002,-0.001,-0.00,0.450,-0.001,0.000,0.000,0.000,1.000,3.47,10.77567061,106.67089106,10.51,"10°46'32.41""N, 106°40'15.21""E",FIX,
13:47:13.498,1786171633.499,TRACKING,3.503,-0.002,-0.001,-0.00,0.450,0.006,0.000,0.000,0.000,1.000,3.50,10.77567061,106.67089106,10.51,"10°46'32.41""N, 106°40'15.21""E",FIX,
13:47:13.570,1786171633.570,TRACKING,3.530,-0.002,-0.001,-0.01,0.450,0.005,0.000,0.000,0.000,1.000,3.53,10.77567061,106.67089106,10.51,"10°46'32.41""N, 106°40'15.21""E",FIX,
13:47:13.639,1786171633.639,TRACKING,3.557,-0.002,-0.001,-0.00,0.450,-0.003,0.000,0.000,0.000,1.000,3.56,10.77567061,106.67089147,10.51,"10°46'32.41""N, 106°40'15.21""E",FIX,
13:47:13.705,1786171633.705,TRACKING,3.584,-0.002,-0.001,-0.00,0.450,-0.002,0.000,0.000,0.000,1.000,3.58,10.77567061,106.67089147,10.51,"10°46'32.41""N, 106°40'15.21""E",FIX,
13:47:13.780,1786171633.781,TRACKING,3.620,-0.002,-0.001,-0.00,0.450,0.005,0.000,0.000,0.000,1.000,3.62,10.77567061,106.67089147,10.51,"10°46'32.41""N, 106°40'15.21""E",FIX,
13:47:13.859,1786171633.860,TRACKING,3.647,-0.002,-0.001,-0.01,0.450,0.005,0.000,0.000,0.000,1.000,3.65,10.77567061,106.67089189,10.51,"10°46'32.41""N, 106°40'15.21""E",FIX,
13:47:13.937,1786171633.938,TRACKING,3.674,-0.002,-0.000,-0.00,0.450,-0.003,0.000,0.000,0.000,1.000,3.67,10.77567061,106.67089189,10.51,"10°46'32.41""N, 106°40'15.21""E",FIX,
13:47:14.006,1786171634.007,TRACKING,3.701,-0.002,-0.000,-0.00,0.450,-0.002,0.000,0.000,0.000,1.000,3.70,10.77567061,106.67089189,10.51,"10°46'32.41""N, 106°40'15.21""E",FIX,
13:47:14.080,1786171634.080,TRACKING,3.737,-0.002,-0.001,-0.00,0.450,-0.001,0.000,0.000,0.000,0.542,3.74,10.77567061,106.67089230,10.51,"10°46'32.41""N, 106°40'15.21""E",FIX,
13:47:14.160,1786171634.161,TRACKING,3.773,-0.002,-0.001,-0.00,0.450,-0.001,0.000,0.000,0.000,0.604,3.77,10.77567061,106.67089230,10.51,"10°46'32.41""N, 106°40'15.21""E",FIX,
13:47:14.242,1786171634.243,TRACKING,3.800,-0.002,-0.001,-0.00,0.450,-0.001,0.000,0.000,0.000,0.687,3.80,10.77567061,106.67089230,10.51,"10°46'32.41""N, 106°40'15.21""E",FIX,
13:47:14.312,1786171634.313,TRACKING,3.827,-0.002,-0.001,-0.00,0.450,-0.000,0.000,0.000,0.000,0.750,3.83,10.77567061,106.67089271,10.51,"10°46'32.41""N, 106°40'15.21""E",FIX,
13:47:14.395,1786171634.395,TRACKING,3.854,-0.002,-0.001,-0.00,0.450,-0.000,0.000,0.000,0.000,0.833,3.85,10.77567061,106.67089271,10.51,"10°46'32.41""N, 106°40'15.21""E",FIX,
13:47:14.457,1786171634.458,TRACKING,3.881,-0.002,-0.001,-0.00,0.450,-0.000,0.000,0.000,0.000,0.917,3.88,10.77567061,106.67089271,10.51,"10°46'32.41""N, 106°40'15.21""E",FIX,
13:47:14.527,1786171634.528,TRACKING,3.908,-0.002,-0.001,-0.00,0.450,-0.000,0.000,0.000,0.000,0.979,3.91,10.77567061,106.67089312,10.51,"10°46'32.41""N, 106°40'15.22""E",FIX,
13:47:14.612,1786171634.613,TRACKING,3.944,-0.002,-0.001,-0.00,0.450,-0.000,0.000,0.000,0.000,1.000,3.94,10.77567061,106.67089312,10.51,"10°46'32.41""N, 106°40'15.22""E",FIX,
13:47:14.684,1786171634.685,TRACKING,3.980,-0.002,-0.001,-0.00,0.450,-0.000,0.000,0.000,0.000,1.000,3.98,10.77567061,106.67089312,10.51,"10°46'32.41""N, 106°40'15.22""E",FIX,
13:47:14.764,1786171634.764,TRACKING,3.998,-0.002,-0.001,-0.00,0.450,-0.000,0.000,0.000,0.000,1.000,4.00,10.77567061,106.67089353,10.51,"10°46'32.41""N, 106°40'15.22""E",FIX,
13:47:14.836,1786171634.837,TRACKING,4.034,-0.002,-0.001,-0.00,0.450,-0.000,0.000,0.000,0.000,1.000,4.03,10.77567061,106.67089353,10.51,"10°46'32.41""N, 106°40'15.22""E",FIX,
13:47:14.936,1786171634.937,TRACKING,4.061,-0.002,-0.001,-0.00,0.450,-0.000,0.000,0.000,0.000,1.000,4.06,10.77567061,106.67089353,10.51,"10°46'32.41""N, 106°40'15.22""E",FIX,
13:47:15.003,1786171635.003,TRACKING,4.097,-0.002,-0.001,-0.00,0.450,-0.000,0.000,0.000,0.000,1.000,4.10,10.77567061,106.67089394,10.51,"10°46'32.41""N, 106°40'15.22""E",FIX,
13:47:15.068,1786171635.068,TRACKING,4.124,-0.002,-0.001,-0.00,0.450,-0.000,0.000,0.000,0.000,1.000,4.12,10.77567061,106.67089394,10.51,"10°46'32.41""N, 106°40'15.22""E",FIX,
13:47:15.145,1786171635.146,TRACKING,4.151,-0.002,-0.001,-0.00,0.450,-0.000,0.000,0.000,0.000,1.000,4.15,10.77567061,106.67089394,10.51,"10°46'32.41""N, 106°40'15.22""E",FIX,
13:47:15.208,1786171635.209,TRACKING,4.178,-0.002,-0.001,-0.00,0.450,-0.000,0.000,0.000,0.000,1.000,4.18,10.77567061,106.67089435,10.51,"10°46'32.41""N, 106°40'15.22""E",FIX,
13:47:15.289,1786171635.289,TRACKING,4.214,-0.002,-0.001,-0.00,0.450,-0.000,0.000,0.000,0.000,1.000,4.21,10.77567061,106.67089435,10.51,"10°46'32.41""N, 106°40'15.22""E",FIX,
13:47:15.357,1786171635.358,TRACKING,4.241,-0.002,-0.001,-0.00,0.450,-0.000,0.000,0.000,0.000,1.000,4.24,10.77567061,106.67089435,10.51,"10°46'32.41""N, 106°40'15.22""E",FIX,
13:47:15.439,1786171635.440,TRACKING,4.268,-0.002,-0.001,-0.00,0.450,-0.000,0.000,0.000,0.000,1.000,4.27,10.77567061,106.67089477,10.51,"10°46'32.41""N, 106°40'15.22""E",FIX,
13:47:15.528,1786171635.528,TRACKING,4.304,-0.003,-0.001,-0.00,0.450,-0.000,0.000,0.000,0.000,1.000,4.30,10.77567061,106.67089477,10.51,"10°46'32.41""N, 106°40'15.22""E",FIX,
13:47:15.601,1786171635.602,TRACKING,4.331,-0.003,-0.001,-0.00,0.450,-0.000,0.000,0.000,0.000,1.000,4.33,10.77567061,106.67089477,10.51,"10°46'32.41""N, 106°40'15.22""E",FIX,
13:47:15.676,1786171635.676,TRACKING,4.358,-0.003,-0.001,-0.00,0.450,-0.000,0.000,0.000,0.000,1.000,4.36,10.77567061,106.67089518,10.51,"10°46'32.41""N, 106°40'15.22""E",FIX,
13:47:15.747,1786171635.747,TRACKING,4.394,-0.003,-0.001,-0.00,0.450,-0.000,0.000,0.000,0.000,1.000,4.39,10.77567061,106.67089518,10.51,"10°46'32.41""N, 106°40'15.22""E",FIX,
13:47:15.820,1786171635.820,TRACKING,4.421,-0.003,-0.001,-0.00,0.450,-0.000,0.000,0.000,0.000,1.000,4.42,10.77567061,106.67089518,10.51,"10°46'32.41""N, 106°40'15.22""E",FIX,
13:47:15.882,1786171635.882,TRACKING,4.448,-0.003,-0.001,-0.00,0.450,-0.000,0.000,0.000,0.000,1.000,4.45,10.77567061,106.67089559,10.51,"10°46'32.41""N, 106°40'15.22""E",FIX,
13:47:15.973,1786171635.974,TRACKING,4.484,-0.003,-0.001,-0.00,0.450,-0.000,0.000,0.000,0.000,1.000,4.48,10.77567061,106.67089559,10.51,"10°46'32.41""N, 106°40'15.22""E",FIX,
13:47:16.040,1786171636.040,TRACKING,4.502,-0.003,-0.001,-0.00,0.450,-0.000,0.000,0.000,0.000,1.000,4.50,10.77567061,106.67089559,10.51,"10°46'32.41""N, 106°40'15.22""E",FIX,
13:47:16.115,1786171636.115,TRACKING,4.538,-0.003,-0.001,-0.00,0.450,-0.000,0.000,0.000,0.000,0.583,4.54,10.77567061,106.67089600,10.51,"10°46'32.41""N, 106°40'15.23""E",FIX,
13:47:16.195,1786171636.195,TRACKING,4.565,-0.003,-0.001,-0.00,0.450,-0.000,0.000,0.000,0.000,0.646,4.56,10.77567061,106.67089600,10.51,"10°46'32.41""N, 106°40'15.23""E",FIX,
13:47:16.270,1786171636.271,TRACKING,4.601,-0.003,-0.001,-0.00,0.450,-0.000,0.000,0.000,0.000,0.708,4.60,10.77567061,106.67089600,10.51,"10°46'32.41""N, 106°40'15.23""E",FIX,
13:47:16.335,1786171636.335,TRACKING,4.628,-0.003,-0.001,-0.00,0.450,-0.000,0.000,0.000,0.000,0.771,4.63,10.77567061,106.67089641,10.51,"10°46'32.41""N, 106°40'15.23""E",FIX,
13:47:16.409,1786171636.410,TRACKING,4.655,-0.003,-0.001,-0.00,0.450,-0.000,0.000,0.000,0.000,0.833,4.65,10.77567061,106.67089641,10.51,"10°46'32.41""N, 106°40'15.23""E",FIX,
13:47:16.497,1786171636.497,TRACKING,4.691,-0.003,-0.001,-0.00,0.450,-0.000,0.000,0.000,0.000,0.917,4.69,10.77567061,106.67089641,10.51,"10°46'32.41""N, 106°40'15.23""E",FIX,
13:47:16.564,1786171636.565,TRACKING,4.709,-0.003,-0.001,-0.00,0.450,-0.000,0.000,0.000,0.000,1.000,4.71,10.77567061,106.67089641,10.51,"10°46'32.41""N, 106°40'15.23""E",FIX,
13:47:16.637,1786171636.637,TRACKING,4.745,-0.003,-0.001,-0.00,0.450,-0.000,0.000,0.000,0.000,1.000,4.74,10.77567061,106.67089682,10.51,"10°46'32.41""N, 106°40'15.23""E",FIX,
13:47:16.710,1786171636.710,TRACKING,4.772,-0.003,-0.001,-0.00,0.450,-0.000,0.000,0.000,0.000,1.000,4.77,10.77567061,106.67089682,10.51,"10°46'32.41""N, 106°40'15.23""E",FIX,
13:47:16.788,1786171636.788,TRACKING,4.799,-0.003,-0.001,-0.00,0.450,-0.000,0.000,0.000,0.000,1.000,4.80,10.77567061,106.67089682,10.51,"10°46'32.41""N, 106°40'15.23""E",FIX,
13:47:16.866,1786171636.866,TRACKING,4.835,-0.003,-0.001,-0.00,0.450,-0.000,0.000,0.000,0.000,1.000,4.83,10.77567061,106.67089723,10.51,"10°46'32.41""N, 106°40'15.23""E",FIX,
13:47:16.933,1786171636.933,TRACKING,4.862,-0.003,-0.001,-0.00,0.450,-0.000,0.000,0.000,0.000,1.000,4.86,10.77567061,106.67089723,10.51,"10°46'32.41""N, 106°40'15.23""E",FIX,
13:47:17.012,1786171637.012,TRACKING,4.898,-0.003,-0.001,-0.00,0.450,-0.000,0.000,0.000,0.000,1.000,4.90,10.77567061,106.67089765,10.51,"10°46'32.41""N, 106°40'15.23""E",FIX,
13:47:17.089,1786171637.090,TRACKING,4.925,-0.003,-0.001,-0.00,0.450,-0.000,0.000,0.000,0.000,1.000,4.92,10.77567061,106.67089765,10.51,"10°46'32.41""N, 106°40'15.23""E",FIX,
13:47:17.167,1786171637.168,TRACKING,4.961,-0.003,-0.001,-0.00,0.450,-0.000,0.000,0.000,0.000,1.000,4.96,10.77567061,106.67089765,10.51,"10°46'32.41""N, 106°40'15.23""E",FIX,
13:47:17.246,1786171637.246,TRACKING,4.988,-0.003,-0.001,-0.00,0.450,-0.000,0.000,0.000,0.000,1.000,4.99,10.77567061,106.67089806,10.51,"10°46'32.41""N, 106°40'15.23""E",FIX,
13:47:17.312,1786171637.312,TRACKING,5.015,-0.003,-0.001,-0.00,0.450,-0.000,0.000,0.000,0.000,1.000,5.01,10.77567061,106.67089806,10.51,"10°46'32.41""N, 106°40'15.23""E",FIX,
13:47:17.368,1786171637.369,TRACKING,5.042,-0.003,-0.001,-0.00,0.450,-0.000,0.000,0.000,0.000,1.000,5.04,10.77567061,106.67089806,10.51,"10°46'32.41""N, 106°40'15.23""E",FIX,
13:47:17.453,1786171637.453,TRACKING,5.078,-0.003,-0.001,-0.00,0.450,-0.000,0.000,0.000,0.000,1.000,5.08,10.77567061,106.67089847,10.51,"10°46'32.41""N, 106°40'15.23""E",FIX,
13:47:17.536,1786171637.537,TRACKING,5.105,-0.003,-0.001,-0.00,0.450,-0.000,0.000,0.000,0.000,1.000,5.10,10.77567061,106.67089847,10.51,"10°46'32.41""N, 106°40'15.23""E",FIX,
13:47:17.605,1786171637.605,TRACKING,5.132,-0.003,-0.001,-0.00,0.450,-0.000,0.000,0.000,0.000,1.000,5.13,10.77567061,106.67089847,10.51,"10°46'32.41""N, 106°40'15.23""E",FIX,
13:47:17.684,1786171637.685,TRACKING,5.168,-0.003,-0.001,-0.00,0.450,-0.000,0.000,0.000,0.000,1.000,5.17,10.77567061,106.67089888,10.51,"10°46'32.41""N, 106°40'15.24""E",FIX,
13:47:17.757,1786171637.757,TRACKING,5.195,-0.003,-0.001,-0.00,0.450,-0.000,0.000,0.000,0.000,1.000,5.19,10.77567061,106.67089888,10.51,"10°46'32.41""N, 106°40'15.24""E",FIX,
13:47:17.813,1786171637.813,TRACKING,5.222,-0.003,-0.001,-0.00,0.450,-0.000,0.000,0.000,0.000,1.000,5.22,10.77567061,106.67089888,10.51,"10°46'32.41""N, 106°40'15.24""E",FIX,
13:47:17.887,1786171637.888,TRACKING,5.249,-0.003,-0.001,-0.00,0.450,-0.000,0.000,0.000,0.000,1.000,5.25,10.77567061,106.67089888,10.51,"10°46'32.41""N, 106°40'15.24""E",FIX,
13:47:17.961,1786171637.961,TRACKING,5.276,-0.003,-0.001,-0.00,0.450,0.007,0.000,0.000,0.000,1.000,5.28,10.77567061,106.67089929,10.51,"10°46'32.41""N, 106°40'15.24""E",FIX,
13:47:18.038,1786171638.038,TRACKING,5.303,-0.003,-0.001,-0.01,0.450,0.019,0.000,0.000,0.000,1.000,5.30,10.77567061,106.67089929,10.51,"10°46'32.41""N, 106°40'15.24""E",FIX,
13:47:18.120,1786171638.121,TRACKING,5.339,-0.003,0.001,-0.02,0.450,0.014,0.000,0.000,0.000,0.562,5.34,10.77567061,106.67089929,10.51,"10°46'32.41""N, 106°40'15.24""E",FIX,
13:47:18.194,1786171638.195,TRACKING,5.375,-0.003,0.002,-0.02,0.450,0.005,0.000,0.000,0.000,0.625,5.37,10.77567060,106.67089970,10.51,"10°46'32.41""N, 106°40'15.24""E",FIX,
13:47:18.272,1786171638.272,TRACKING,5.402,-0.003,0.002,-0.02,0.450,0.005,0.000,0.000,0.000,0.687,5.40,10.77567060,106.67089970,10.51,"10°46'32.41""N, 106°40'15.24""E",FIX,
13:47:18.351,1786171638.351,TRACKING,5.429,-0.003,0.003,-0.01,0.450,-0.004,0.000,0.000,0.000,0.750,5.43,10.77567060,106.67089970,10.51,"10°46'32.41""N, 106°40'15.24""E",FIX,
13:47:18.410,1786171638.411,TRACKING,5.456,-0.003,0.003,-0.01,0.450,-0.001,0.000,0.000,0.000,0.833,5.46,10.77567060,106.67090011,10.51,"10°46'32.41""N, 106°40'15.24""E",FIX,
13:47:18.486,1786171638.486,TRACKING,5.483,-0.003,0.002,-0.01,0.450,0.000,0.000,0.000,0.000,0.917,5.48,10.77567060,106.67090011,10.51,"10°46'32.41""N, 106°40'15.24""E",FIX,
13:47:18.561,1786171638.562,TRACKING,5.510,-0.003,0.002,-0.01,0.450,0.005,0.000,0.000,0.000,1.000,5.51,10.77567060,106.67090011,10.51,"10°46'32.41""N, 106°40'15.24""E",FIX,
13:47:18.652,1786171638.653,TRACKING,5.555,-0.003,0.003,-0.01,0.450,0.001,0.000,0.000,0.000,1.000,5.55,10.77567060,106.67090053,10.51,"10°46'32.41""N, 106°40'15.24""E",FIX,
13:47:18.728,1786171638.729,TRACKING,5.582,-0.003,0.003,-0.01,0.450,0.001,0.000,0.000,0.000,1.000,5.58,10.77567060,106.67090053,10.51,"10°46'32.41""N, 106°40'15.24""E",FIX,
13:47:18.791,1786171638.792,TRACKING,5.600,-0.003,0.003,-0.01,0.450,0.001,0.000,0.000,0.000,1.000,5.60,10.77567060,106.67090053,10.51,"10°46'32.41""N, 106°40'15.24""E",FIX,
13:47:18.870,1786171638.871,TRACKING,5.636,-0.003,0.003,-0.01,0.450,0.002,0.000,0.000,0.000,1.000,5.64,10.77567060,106.67090094,10.51,"10°46'32.41""N, 106°40'15.24""E",FIX,
13:47:18.949,1786171638.949,TRACKING,5.663,-0.003,0.003,-0.01,0.450,0.002,0.000,0.000,0.000,1.000,5.66,10.77567060,106.67090094,10.51,"10°46'32.41""N, 106°40'15.24""E",FIX,
13:47:19.036,1786171639.036,TRACKING,5.699,-0.003,0.003,-0.01,0.450,0.002,0.000,0.000,0.000,1.000,5.70,10.77567060,106.67090094,10.51,"10°46'32.41""N, 106°40'15.24""E",FIX,
13:47:19.110,1786171639.111,TRACKING,5.726,-0.002,0.004,-0.01,0.450,0.002,0.000,0.000,0.000,1.000,5.73,10.77567060,106.67090135,10.51,"10°46'32.41""N, 106°40'15.24""E",FIX,
13:47:19.189,1786171639.189,TRACKING,5.753,-0.002,0.004,-0.01,0.450,0.002,0.000,0.000,0.000,1.000,5.75,10.77567060,106.67090135,10.51,"10°46'32.41""N, 106°40'15.24""E",FIX,
13:47:19.262,1786171639.262,TRACKING,5.780,-0.002,0.004,-0.01,0.450,0.002,0.000,0.000,0.000,1.000,5.78,10.77567060,106.67090135,10.51,"10°46'32.41""N, 106°40'15.24""E",FIX,
13:47:19.339,1786171639.339,TRACKING,5.807,-0.002,0.004,-0.01,0.450,0.002,0.000,0.000,0.000,1.000,5.81,10.77567060,106.67090176,10.51,"10°46'32.41""N, 106°40'15.25""E",FIX,
13:47:19.419,1786171639.419,TRACKING,5.843,-0.002,0.004,-0.01,0.450,0.002,0.000,0.000,0.000,1.000,5.84,10.77567060,106.67090176,10.51,"10°46'32.41""N, 106°40'15.25""E",FIX,
13:47:19.496,1786171639.497,TRACKING,5.879,-0.002,0.004,-0.01,0.450,0.002,0.000,0.000,0.000,1.000,5.88,10.77567060,106.67090176,10.51,"10°46'32.41""N, 106°40'15.25""E",FIX,
13:47:19.562,1786171639.562,TRACKING,5.897,-0.002,0.004,-0.01,0.450,0.002,0.000,0.000,0.000,1.000,5.90,10.77567060,106.67090217,10.51,"10°46'32.41""N, 106°40'15.25""E",FIX,
13:47:19.649,1786171639.649,TRACKING,5.933,-0.002,0.005,-0.01,0.450,0.002,0.000,0.000,0.000,1.000,5.93,10.77567060,106.67090217,10.51,"10°46'32.41""N, 106°40'15.25""E",FIX,
13:47:19.723,1786171639.723,TRACKING,5.960,-0.001,0.005,-0.01,0.450,-0.001,0.000,0.000,0.000,1.000,5.96,10.77567060,106.67090217,10.51,"10°46'32.41""N, 106°40'15.25""E",FIX,
13:47:19.807,1786171639.808,TRACKING,5.996,-0.001,0.005,-0.00,0.450,-0.003,0.000,0.000,0.000,1.000,6.00,10.77567060,106.67090258,10.51,"10°46'32.41""N, 106°40'15.25""E",FIX,
13:47:19.863,1786171639.864,TRACKING,6.014,-0.001,0.005,-0.00,0.450,-0.004,0.000,0.000,0.000,1.000,6.01,10.77567060,106.67090258,10.51,"10°46'32.41""N, 106°40'15.25""E",FIX,
13:47:19.937,1786171639.937,TRACKING,6.050,-0.001,0.004,-0.01,0.450,0.005,0.000,0.000,0.000,1.000,6.05,10.77567060,106.67090258,10.51,"10°46'32.41""N, 106°40'15.25""E",FIX,
13:47:20.018,1786171640.018,TRACKING,6.077,-0.001,0.004,-0.00,0.450,-0.003,0.000,0.000,0.000,1.000,6.08,10.77567061,106.67090299,10.51,"10°46'32.41""N, 106°40'15.25""E",FIX,
13:47:20.120,1786171640.121,TRACKING,6.113,-0.001,0.004,0.00,0.450,-0.008,0.000,0.000,0.000,1.000,6.11,10.77567061,106.67090299,10.51,"10°46'32.41""N, 106°40'15.25""E",FIX,
13:47:20.192,1786171640.192,TRACKING,6.140,-0.001,0.004,0.01,0.450,-0.016,0.000,0.000,0.000,0.583,6.14,10.77567061,106.67090299,10.51,"10°46'32.41""N, 106°40'15.25""E",FIX,
13:47:20.264,1786171640.265,TRACKING,6.167,-0.001,0.003,0.01,0.450,-0.004,0.000,0.000,0.000,0.646,6.17,10.77567061,106.67090341,10.51,"10°46'32.41""N, 106°40'15.25""E",FIX,
13:47:20.354,1786171640.354,TRACKING,6.203,-0.000,0.003,0.01,0.450,-0.003,0.000,0.000,0.000,0.708,6.20,10.77567061,106.67090341,10.51,"10°46'32.41""N, 106°40'15.25""E",FIX,
13:47:20.417,1786171640.418,TRACKING,6.230,-0.000,0.003,0.01,0.450,-0.003,0.000,0.000,0.000,0.792,6.23,10.77567061,106.67090341,10.51,"10°46'32.41""N, 106°40'15.25""E",FIX,
13:47:20.503,1786171640.503,TRACKING,6.266,-0.000,0.002,0.01,0.450,-0.003,0.000,0.000,0.000,0.854,6.27,10.77567061,106.67090382,10.51,"10°46'32.41""N, 106°40'15.25""E",FIX,
13:47:20.577,1786171640.577,TRACKING,6.293,-0.000,0.002,0.01,0.450,-0.003,0.000,0.000,0.000,0.937,6.29,10.77567061,106.67090382,10.51,"10°46'32.41""N, 106°40'15.25""E",FIX,
13:47:20.654,1786171640.654,TRACKING,6.320,-0.000,0.002,0.01,0.450,-0.003,0.000,0.000,0.000,1.000,6.32,10.77567061,106.67090382,10.51,"10°46'32.41""N, 106°40'15.25""E",FIX,
13:47:20.722,1786171640.722,TRACKING,6.347,-0.000,0.002,0.01,0.450,-0.003,0.000,0.000,0.000,1.000,6.35,10.77567061,106.67090423,10.51,"10°46'32.41""N, 106°40'15.26""E",FIX,
13:47:20.803,1786171640.803,TRACKING,6.383,-0.000,0.002,0.01,0.450,-0.002,0.000,0.000,0.000,1.000,6.38,10.77567061,106.67090423,10.51,"10°46'32.41""N, 106°40'15.26""E",FIX,
13:47:20.871,1786171640.872,TRACKING,6.410,-0.000,0.002,0.01,0.450,0.001,0.000,0.000,0.000,1.000,6.41,10.77567061,106.67090423,10.51,"10°46'32.41""N, 106°40'15.26""E",FIX,
13:47:20.946,1786171640.947,TRACKING,6.437,0.000,0.002,0.00,0.450,0.004,0.000,0.000,0.000,1.000,6.44,10.77567061,106.67090464,10.51,"10°46'32.41""N, 106°40'15.26""E",FIX,
13:47:21.024,1786171641.024,TRACKING,6.473,0.000,0.002,0.01,0.450,-0.005,0.000,0.000,0.000,1.000,6.47,10.77567061,106.67090464,10.51,"10°46'32.41""N, 106°40'15.26""E",FIX,
13:47:21.095,1786171641.095,TRACKING,6.500,0.000,0.002,0.01,0.450,-0.004,0.000,0.000,0.000,1.000,6.50,10.77567061,106.67090464,10.51,"10°46'32.41""N, 106°40'15.26""E",FIX,
13:47:21.168,1786171641.169,TRACKING,6.527,0.000,0.001,0.00,0.450,0.004,0.000,0.000,0.000,1.000,6.53,10.77567061,106.67090505,10.51,"10°46'32.41""N, 106°40'15.26""E",FIX,
13:47:21.237,1786171641.238,TRACKING,6.554,0.000,0.001,0.00,0.450,-0.001,0.000,0.000,0.000,1.000,6.55,10.77567061,106.67090505,10.51,"10°46'32.41""N, 106°40'15.26""E",FIX,
13:47:21.314,1786171641.314,TRACKING,6.581,0.000,0.001,0.01,0.450,-0.005,0.000,0.000,0.000,1.000,6.58,10.77567061,106.67090505,10.51,"10°46'32.41""N, 106°40'15.26""E",FIX,
13:47:21.390,1786171641.391,TRACKING,6.617,0.000,0.001,0.01,0.450,-0.004,0.000,0.000,0.000,1.000,6.62,10.77567062,106.67090546,10.51,"10°46'32.41""N, 106°40'15.26""E",FIX,
13:47:21.473,1786171641.474,TRACKING,6.653,0.000,0.001,0.00,0.450,0.003,0.000,0.000,0.000,1.000,6.65,10.77567062,106.67090546,10.51,"10°46'32.41""N, 106°40'15.26""E",FIX,
13:47:21.525,1786171641.525,TRACKING,6.671,0.000,0.001,0.00,0.450,-0.001,0.000,0.000,0.000,1.000,6.67,10.77567062,106.67090546,10.51,"10°46'32.41""N, 106°40'15.26""E",FIX,
13:47:21.625,1786171641.626,TRACKING,6.716,0.000,0.001,0.01,0.450,-0.004,0.000,0.000,0.000,1.000,6.72,10.77567062,106.67090587,10.51,"10°46'32.41""N, 106°40'15.26""E",FIX,
13:47:21.676,1786171641.677,TRACKING,6.734,0.000,0.001,0.01,0.450,-0.005,0.000,0.000,0.000,1.000,6.73,10.77567062,106.67090587,10.51,"10°46'32.41""N, 106°40'15.26""E",FIX,
13:47:21.749,1786171641.749,TRACKING,6.761,0.000,0.001,0.01,0.450,0.000,0.000,0.000,0.000,1.000,6.76,10.77567062,106.67090587,10.51,"10°46'32.41""N, 106°40'15.26""E",FIX,
13:47:21.851,1786171641.851,TRACKING,6.797,0.000,0.000,0.00,0.450,0.003,0.000,0.000,0.000,1.000,6.80,10.77567062,106.67090629,10.51,"10°46'32.41""N, 106°40'15.26""E",FIX,
13:47:21.915,1786171641.915,TRACKING,6.833,0.000,0.001,0.01,0.450,-0.005,0.000,0.000,0.000,1.000,6.83,10.77567062,106.67090629,10.51,"10°46'32.41""N, 106°40'15.26""E",FIX,
13:47:21.970,1786171641.971,TRACKING,6.851,0.000,0.000,0.01,0.450,-0.005,0.000,0.000,0.000,1.000,6.85,10.77567062,106.67090629,10.51,"10°46'32.41""N, 106°40'15.26""E",FIX,
13:47:22.054,1786171642.055,TRACKING,6.887,0.000,0.000,0.01,0.450,-0.003,0.000,0.000,0.000,1.000,6.89,10.77567062,106.67090670,10.51,"10°46'32.41""N, 106°40'15.26""E",FIX,
13:47:22.122,1786171642.123,TRACKING,6.914,0.000,-0.000,0.01,0.450,0.004,0.000,0.000,0.000,0.896,6.91,10.77567062,106.67090670,10.51,"10°46'32.41""N, 106°40'15.26""E",FIX,
13:47:22.196,1786171642.196,TRACKING,6.941,0.000,-0.000,0.01,0.450,-0.005,0.000,0.000,0.000,0.583,6.94,10.77567062,106.67090670,10.51,"10°46'32.41""N, 106°40'15.26""E",FIX,
13:47:22.275,1786171642.275,TRACKING,6.968,0.000,-0.000,0.00,0.450,0.004,0.000,0.000,0.000,0.646,6.97,10.77567062,106.67090711,10.51,"10°46'32.41""N, 106°40'15.27""E",FIX,
13:47:22.352,1786171642.353,TRACKING,7.004,0.000,-0.000,0.01,0.450,-0.005,0.000,0.000,0.000,0.729,7.00,10.77567062,106.67090711,10.51,"10°46'32.41""N, 106°40'15.27""E",FIX,
13:47:22.435,1786171642.436,TRACKING,7.040,0.000,-0.000,0.01,0.450,-0.004,0.000,0.000,0.000,0.792,7.04,10.77567062,106.67090711,10.51,"10°46'32.41""N, 106°40'15.27""E",FIX,
13:47:22.515,1786171642.516,TRACKING,7.067,0.000,-0.001,0.00,0.450,0.004,0.000,0.000,0.000,0.854,7.07,10.77567062,106.67090752,10.51,"10°46'32.41""N, 106°40'15.27""E",FIX,
13:47:22.590,1786171642.591,TRACKING,7.094,0.000,-0.000,0.00,0.450,0.002,0.000,0.000,0.000,0.937,7.09,10.77567062,106.67090752,10.51,"10°46'32.41""N, 106°40'15.27""E",FIX,
13:47:22.651,1786171642.651,TRACKING,7.121,0.000,-0.000,0.01,0.450,-0.007,0.000,0.000,0.000,1.000,7.12,10.77567062,106.67090752,10.51,"10°46'32.41""N, 106°40'15.27""E",FIX,
13:47:22.729,1786171642.729,TRACKING,7.157,0.000,-0.001,0.01,0.450,-0.004,0.000,0.000,0.000,1.000,7.16,10.77567062,106.67090793,10.51,"10°46'32.41""N, 106°40'15.27""E",FIX,
13:47:22.811,1786171642.811,TRACKING,7.184,0.000,-0.001,0.00,0.450,0.003,0.000,0.000,0.000,1.000,7.18,10.77567062,106.67090793,10.51,"10°46'32.41""N, 106°40'15.27""E",FIX,
13:47:22.878,1786171642.879,TRACKING,7.211,0.000,-0.001,0.00,0.450,0.002,0.000,0.000,0.000,1.000,7.21,10.77567062,106.67090793,10.51,"10°46'32.41""N, 106°40'15.27""E",FIX,
13:47:22.942,1786171642.942,TRACKING,7.238,0.000,-0.001,0.00,0.450,0.003,0.000,0.000,0.000,1.000,7.24,10.77567062,106.67090834,10.51,"10°46'32.41""N, 106°40'15.27""E",FIX,
13:47:23.036,1786171643.036,TRACKING,7.274,0.000,-0.000,0.00,0.450,-0.005,0.000,0.000,0.000,1.000,7.27,10.77567062,106.67090834,10.51,"10°46'32.41""N, 106°40'15.27""E",FIX,
13:47:23.106,1786171643.107,TRACKING,7.301,0.000,-0.001,0.01,0.450,-0.005,0.000,0.000,0.000,1.000,7.30,10.77567062,106.67090834,10.51,"10°46'32.41""N, 106°40'15.27""E",FIX,
13:47:23.177,1786171643.178,TRACKING,7.328,0.000,-0.001,0.00,0.450,0.004,0.000,0.000,0.000,1.000,7.33,10.77567062,106.67090876,10.51,"10°46'32.41""N, 106°40'15.27""E",FIX,
13:47:23.261,1786171643.261,TRACKING,7.364,0.000,-0.001,0.01,0.450,-0.005,0.000,0.000,0.000,1.000,7.36,10.77567062,106.67090876,10.51,"10°46'32.41""N, 106°40'15.27""E",FIX,
13:47:23.323,1786171643.323,TRACKING,7.382,0.000,-0.001,0.00,0.450,0.004,0.000,0.000,0.000,1.000,7.38,10.77567062,106.67090876,10.51,"10°46'32.41""N, 106°40'15.27""E",FIX,
13:47:23.411,1786171643.411,TRACKING,7.418,0.000,-0.001,0.01,0.450,-0.005,0.000,0.000,0.000,1.000,7.42,10.77567062,106.67090917,10.51,"10°46'32.41""N, 106°40'15.27""E",FIX,
13:47:23.473,1786171643.474,TRACKING,7.445,0.000,-0.001,0.01,0.450,-0.005,0.000,0.000,0.000,1.000,7.44,10.77567062,106.67090917,10.51,"10°46'32.41""N, 106°40'15.27""E",FIX,
13:47:23.551,1786171643.552,TRACKING,7.481,0.000,-0.001,0.01,0.450,-0.003,0.000,0.000,0.000,1.000,7.48,10.77567062,106.67090917,10.51,"10°46'32.41""N, 106°40'15.27""E",FIX,
13:47:23.619,1786171643.620,TRACKING,7.508,0.000,-0.001,0.00,0.450,0.005,0.000,0.000,0.000,1.000,7.51,10.77567062,106.67090958,10.51,"10°46'32.41""N, 106°40'15.27""E",FIX,
13:47:23.697,1786171643.698,TRACKING,7.535,0.000,-0.001,0.01,0.450,-0.004,0.000,0.000,0.000,1.000,7.53,10.77567062,106.67090958,10.51,"10°46'32.41""N, 106°40'15.27""E",FIX,
13:47:23.776,1786171643.776,TRACKING,7.571,0.000,-0.001,0.01,0.450,-0.004,0.000,0.000,0.000,1.000,7.57,10.77567062,106.67090958,10.51,"10°46'32.41""N, 106°40'15.27""E",FIX,
13:47:23.860,1786171643.861,TRACKING,7.598,-0.000,-0.002,0.00,0.450,0.004,0.000,0.000,0.000,1.000,7.60,10.77567062,106.67090999,10.51,"10°46'32.41""N, 106°40'15.28""E",FIX,
13:47:23.925,1786171643.926,TRACKING,7.625,-0.000,-0.002,0.00,0.450,0.003,0.000,0.000,0.000,1.000,7.62,10.77567062,106.67090999,10.51,"10°46'32.41""N, 106°40'15.28""E",FIX,
13:47:23.995,1786171643.996,TRACKING,7.652,-0.000,-0.001,0.01,0.450,-0.006,0.000,0.000,0.000,1.000,7.65,10.77567062,106.67090999,10.51,"10°46'32.41""N, 106°40'15.28""E",FIX,
13:47:24.081,1786171644.082,TRACKING,7.688,-0.000,-0.002,-0.01,0.450,0.034,0.000,0.000,0.000,1.000,7.69,10.77567062,106.67091040,10.51,"10°46'32.41""N, 106°40'15.28""E",FIX,
13:47:24.148,1786171644.149,TRACKING,7.715,-0.000,-0.000,-0.02,0.450,0.033,0.000,0.000,0.000,0.583,7.71,10.77567062,106.67091040,10.51,"10°46'32.41""N, 106°40'15.28""E",FIX,
13:47:24.229,1786171644.229,TRACKING,7.751,-0.000,0.002,-0.03,0.450,0.009,0.000,0.000,0.000,0.562,7.75,10.77567062,106.67091040,10.51,"10°46'32.41""N, 106°40'15.28""E",FIX,
13:47:24.302,1786171644.302,TRACKING,7.778,-0.000,0.003,-0.03,0.450,0.008,0.000,0.000,0.000,0.625,7.78,10.77567061,106.67091081,10.51,"10°46'32.41""N, 106°40'15.28""E",FIX,
13:47:24.386,1786171644.386,TRACKING,7.805,0.000,0.004,-0.02,0.450,0.001,0.000,0.000,0.000,0.687,7.80,10.77567061,106.67091081,10.51,"10°46'32.41""N, 106°40'15.28""E",FIX,
13:47:24.453,1786171644.453,TRACKING,7.832,0.000,0.004,-0.02,0.450,0.002,0.000,0.000,0.000,0.750,7.83,10.77567061,106.67091081,10.51,"10°46'32.41""N, 106°40'15.28""E",FIX,
13:47:24.519,1786171644.520,TRACKING,7.859,0.000,0.004,-0.02,0.450,0.003,0.000,0.000,0.000,0.833,7.86,10.77567061,106.67091081,10.51,"10°46'32.41""N, 106°40'15.28""E",FIX,
13:47:24.606,1786171644.606,TRACKING,7.895,0.000,0.004,-0.02,0.450,0.004,0.000,0.000,0.000,0.917,7.89,10.77567061,106.67091122,10.51,"10°46'32.41""N, 106°40'15.28""E",FIX,
13:47:24.663,1786171644.663,TRACKING,7.922,0.001,0.004,-0.02,0.450,0.004,0.000,0.000,0.000,1.000,7.92,10.77567061,106.67091122,10.51,"10°46'32.41""N, 106°40'15.28""E",FIX,
13:47:24.752,1786171644.753,TRACKING,7.958,0.001,0.005,-0.02,0.450,0.004,0.000,0.000,0.000,1.000,7.96,10.77567061,106.67091164,10.51,"10°46'32.41""N, 106°40'15.28""E",FIX,
13:47:24.829,1786171644.829,TRACKING,7.985,0.001,0.005,-0.02,0.450,0.005,0.000,0.000,0.000,1.000,7.98,10.77567061,106.67091164,10.51,"10°46'32.41""N, 106°40'15.28""E",FIX,
13:47:24.896,1786171644.896,TRACKING,8.012,0.001,0.005,-0.02,0.450,0.005,0.000,0.000,0.000,1.000,8.01,10.77567061,106.67091164,10.51,"10°46'32.41""N, 106°40'15.28""E",FIX,
13:47:24.986,1786171644.987,TRACKING,8.048,0.001,0.006,-0.02,0.450,0.005,0.000,0.000,0.000,1.000,8.05,10.77567061,106.67091205,10.51,"10°46'32.41""N, 106°40'15.28""E",FIX,
13:47:25.061,1786171645.061,TRACKING,8.075,0.001,0.006,-0.02,0.450,-0.003,0.000,0.000,0.000,1.000,8.07,10.77567061,106.67091205,10.51,"10°46'32.41""N, 106°40'15.28""E",FIX,
13:47:25.129,1786171645.130,TRACKING,8.102,0.001,0.006,-0.01,0.450,-0.001,0.000,0.000,0.000,1.000,8.10,10.77567061,106.67091205,10.51,"10°46'32.41""N, 106°40'15.28""E",FIX,
13:47:25.195,1786171645.196,TRACKING,8.129,0.002,0.006,-0.01,0.450,0.008,0.000,0.000,0.000,1.000,8.13,10.77567061,106.67091205,10.51,"10°46'32.41""N, 106°40'15.28""E",FIX,
13:47:25.291,1786171645.292,TRACKING,8.165,0.002,0.006,-0.01,0.450,0.000,0.000,0.000,0.000,1.000,8.16,10.77567061,106.67091246,10.51,"10°46'32.41""N, 106°40'15.28""E",FIX,
13:47:25.349,1786171645.350,TRACKING,8.192,0.002,0.007,-0.01,0.450,0.000,0.000,0.000,0.000,1.000,8.19,10.77567061,106.67091246,10.51,"10°46'32.41""N, 106°40'15.28""E",FIX,
13:47:25.437,1786171645.437,TRACKING,8.228,0.002,0.007,-0.01,0.450,0.001,0.000,0.000,0.000,1.000,8.23,10.77567062,106.67091287,10.51,"10°46'32.41""N, 106°40'15.29""E",FIX,
13:47:25.508,1786171645.509,TRACKING,8.255,0.002,0.007,-0.01,0.450,0.002,0.000,0.000,0.000,1.000,8.25,10.77567062,106.67091287,10.51,"10°46'32.41""N, 106°40'15.29""E",FIX,
13:47:25.577,1786171645.577,TRACKING,8.282,0.003,0.007,-0.01,0.450,0.002,0.000,0.000,0.000,1.000,8.28,10.77567062,106.67091287,10.51,"10°46'32.41""N, 106°40'15.29""E",FIX,
13:47:25.650,1786171645.650,TRACKING,8.309,0.003,0.007,-0.01,0.450,0.002,0.000,0.000,0.000,1.000,8.31,10.77567062,106.67091287,10.51,"10°46'32.41""N, 106°40'15.29""E",FIX,
13:47:25.715,1786171645.716,TRACKING,8.336,0.003,0.007,-0.01,0.450,0.002,0.000,0.000,0.000,1.000,8.34,10.77567062,106.67091328,10.51,"10°46'32.41""N, 106°40'15.29""E",FIX,
13:47:25.785,1786171645.785,TRACKING,8.363,0.003,0.007,-0.01,0.450,0.002,0.000,0.000,0.000,1.000,8.36,10.77567062,106.67091328,10.51,"10°46'32.41""N, 106°40'15.29""E",FIX,
13:47:25.854,1786171645.855,TRACKING,8.390,0.003,0.007,-0.01,0.450,0.002,0.000,0.000,0.000,1.000,8.39,10.77567062,106.67091328,10.51,"10°46'32.41""N, 106°40'15.29""E",FIX,
13:47:25.949,1786171645.949,TRACKING,8.435,0.004,0.007,-0.01,0.450,0.002,0.000,0.000,0.000,1.000,8.43,10.77567062,106.67091369,10.51,"10°46'32.41""N, 106°40'15.29""E",FIX,
13:47:26.033,1786171646.033,TRACKING,8.462,0.004,0.008,-0.01,0.450,0.002,0.000,0.000,0.000,1.000,8.46,10.77567062,106.67091369,10.51,"10°46'32.41""N, 106°40'15.29""E",FIX,
13:47:26.107,1786171646.108,TRACKING,8.489,0.004,0.008,-0.01,0.450,0.011,0.000,0.000,0.000,1.000,8.49,10.77567062,106.67091369,10.51,"10°46'32.41""N, 106°40'15.29""E",FIX,
13:47:32.685,1786171652.685,UTURN_PLANNING,11.054,0.028,0.009,0.00,0.000,0.000,0.000,0.000,0.000,0.000,0.00,10.77567070,106.67092562,10.51,"10°46'32.41""N, 106°40'15.33""E",FIX,
13:47:32.695,1786171652.696,PATH_FOLLOWING,11.054,0.028,0.009,88.68,0.020,-1.500,0.000,0.000,0.000,0.000,0.00,10.77567070,106.67092562,10.51,"10°46'32.41""N, 106°40'15.33""E",FIX,
13:47:32.708,1786171652.708,PATH_FOLLOWING,11.054,0.028,0.009,88.68,0.020,-1.500,0.000,0.000,0.000,0.000,0.00,10.77567070,106.67092582,10.51,"10°46'32.41""N, 106°40'15.33""E",FIX,
13:47:32.719,1786171652.720,PATH_FOLLOWING,11.054,0.028,0.009,88.68,0.020,-1.500,0.000,0.000,0.000,0.000,0.00,10.77567070,106.67092582,10.51,"10°46'32.41""N, 106°40'15.33""E",FIX,
13:47:32.732,1786171652.732,PATH_FOLLOWING,11.054,0.028,0.009,88.68,0.020,-1.500,0.000,0.000,0.000,0.000,0.00,10.77567070,106.67092582,10.51,"10°46'32.41""N, 106°40'15.33""E",FIX,
13:47:32.820,1786171652.820,PATH_FOLLOWING,11.056,0.028,-0.112,88.68,0.020,-1.500,0.000,0.000,0.000,0.000,0.00,10.77567070,106.67092582,10.51,"10°46'32.41""N, 106°40'15.33""E",FIX,
13:47:32.875,1786171652.876,PATH_FOLLOWING,11.057,0.027,-0.202,88.68,0.020,-1.500,0.000,0.000,0.000,0.000,0.00,10.77567070,106.67092582,10.51,"10°46'32.41""N, 106°40'15.33""E",FIX,
13:47:32.957,1786171652.958,PATH_FOLLOWING,11.058,0.027,-0.292,88.68,0.020,-1.500,0.000,0.000,0.000,0.000,0.00,10.77567070,106.67092582,10.51,"10°46'32.41""N, 106°40'15.33""E",FIX,
13:47:33.021,1786171653.021,PATH_FOLLOWING,11.059,0.027,-0.382,88.68,0.020,-1.500,0.000,0.000,0.000,0.000,0.00,10.77567077,106.67092583,10.51,"10°46'32.41""N, 106°40'15.33""E",FIX,
13:47:33.104,1786171653.105,PATH_FOLLOWING,11.061,0.026,-0.502,88.68,0.020,-1.500,0.000,0.000,0.000,0.000,0.00,10.77567077,106.67092583,10.51,"10°46'32.41""N, 106°40'15.33""E",FIX,
13:47:33.173,1786171653.173,PATH_FOLLOWING,11.062,0.025,-0.592,88.68,0.020,-1.500,0.000,0.000,0.000,0.000,0.00,10.77567077,106.67092583,10.51,"10°46'32.41""N, 106°40'15.33""E",FIX,
13:47:33.249,1786171653.249,PATH_FOLLOWING,11.063,0.024,-0.712,88.27,0.026,-1.500,0.000,0.000,0.000,0.000,0.00,10.77567093,106.67092585,10.51,"10°46'32.42""N, 106°40'15.33""E",FIX,
13:47:33.322,1786171653.322,PATH_FOLLOWING,11.064,0.023,-0.802,87.30,0.041,-1.500,0.000,0.000,0.000,0.000,0.00,10.77567093,106.67092585,10.51,"10°46'32.42""N, 106°40'15.33""E",FIX,
13:47:33.398,1786171653.398,PATH_FOLLOWING,11.066,0.022,-0.892,86.18,0.058,-1.500,0.000,0.000,0.000,0.000,0.00,10.77567093,106.67092585,10.51,"10°46'32.42""N, 106°40'15.33""E",FIX,
13:47:33.456,1786171653.456,PATH_FOLLOWING,11.067,0.019,-0.982,84.95,0.077,-1.500,0.000,0.000,0.000,0.000,0.00,10.77567109,106.67092587,10.51,"10°46'32.42""N, 106°40'15.33""E",FIX,
13:47:33.532,1786171653.533,PATH_FOLLOWING,11.070,0.016,-1.072,83.66,0.097,-1.500,0.000,0.000,0.000,0.000,0.00,10.77567109,106.67092587,10.51,"10°46'32.42""N, 106°40'15.33""E",FIX,
13:47:33.610,1786171653.611,PATH_FOLLOWING,11.073,0.009,-1.192,81.91,0.124,-1.500,0.000,0.000,0.000,0.000,0.00,10.77567109,106.67092587,10.51,"10°46'32.42""N, 106°40'15.33""E",FIX,
13:47:33.680,1786171653.680,PATH_FOLLOWING,11.075,0.002,-1.282,80.63,0.144,-1.500,0.000,0.000,0.000,0.000,0.00,10.77567110,106.67092593,10.51,"10°46'32.42""N, 106°40'15.33""E",FIX,
13:47:33.761,1786171653.761,PATH_FOLLOWING,11.077,-0.009,-1.402,79.00,0.169,-1.500,0.000,0.000,0.000,0.000,0.00,10.77567110,106.67092593,10.51,"10°46'32.42""N, 106°40'15.33""E",FIX,
13:47:33.825,1786171653.825,PATH_FOLLOWING,11.078,-0.015,-1.462,78.24,0.181,-1.500,0.000,0.000,0.000,0.000,0.00,10.77567110,106.67092593,10.51,"10°46'32.42""N, 106°40'15.33""E",FIX,
13:47:33.903,1786171653.904,PATH_FOLLOWING,11.079,-0.029,-1.582,76.85,0.203,-1.500,0.000,0.000,0.000,0.000,0.00,10.77567101,106.67092603,10.51,"10°46'32.42""N, 106°40'15.33""E",FIX,
13:47:33.970,1786171653.971,PATH_FOLLOWING,11.078,-0.041,-1.672,73.71,0.218,-1.285,0.000,0.000,0.000,0.000,0.00,10.77567101,106.67092603,10.51,"10°46'32.42""N, 106°40'15.33""E",FIX,
13:47:34.057,1786171654.057,PATH_FOLLOWING,11.076,-0.054,-1.752,69.23,0.229,-1.039,0.000,0.000,0.000,0.000,0.00,10.77567101,106.67092603,10.51,"10°46'32.42""N, 106°40'15.33""E",FIX,
13:47:34.137,1786171654.137,PATH_FOLLOWING,11.072,-0.071,-1.843,61.58,0.238,-0.760,0.000,0.000,0.000,0.000,0.00,10.77567085,106.67092620,10.51,"10°46'32.42""N, 106°40'15.33""E",FIX,
13:47:34.207,1786171654.208,PATH_FOLLOWING,11.068,-0.084,-1.895,55.03,0.243,-0.598,0.000,0.000,0.000,0.000,0.00,10.77567085,106.67092620,10.51,"10°46'32.42""N, 106°40'15.33""E",FIX,
13:47:34.287,1786171654.287,PATH_FOLLOWING,11.062,-0.103,-1.946,46.33,0.246,-0.444,0.000,0.000,0.000,0.000,0.00,10.77567085,106.67092620,10.51,"10°46'32.42""N, 106°40'15.33""E",FIX,
13:47:34.351,1786171654.351,PATH_FOLLOWING,11.058,-0.112,-1.966,42.17,0.247,-0.386,0.000,0.000,0.000,0.000,0.00,10.77567066,106.67092639,10.51,"10°46'32.41""N, 106°40'15.33""E",FIX,
13:47:34.437,1786171654.438,PATH_FOLLOWING,11.050,-0.130,-1.998,34.16,0.248,-0.290,0.000,0.000,0.000,0.000,0.00,10.77567066,106.67092639,10.51,"10°46'32.41""N, 106°40'15.33""E",FIX,
13:47:34.511,1786171654.511,PATH_FOLLOWING,11.044,-0.143,-2.018,61.25,0.239,-0.750,0.000,0.000,0.000,0.000,0.00,10.77567066,106.67092639,10.51,"10°46'32.41""N, 106°40'15.33""E",FIX,
13:47:34.583,1786171654.584,PATH_FOLLOWING,11.035,-0.161,-2.065,55.12,0.243,-0.600,0.000,0.000,0.000,0.000,0.00,10.77567046,106.67092653,10.51,"10°46'32.41""N, 106°40'15.34""E",FIX,
13:47:34.653,1786171654.653,PATH_FOLLOWING,11.028,-0.173,-2.104,48.39,0.245,-0.476,0.000,0.000,0.000,0.000,0.00,10.77567046,106.67092653,10.51,"10°46'32.41""N, 106°40'15.34""E",FIX,
13:47:34.739,1786171654.739,PATH_FOLLOWING,11.020,-0.186,-2.133,41.76,0.247,-0.380,0.000,0.000,0.000,0.000,0.00,10.77567046,106.67092653,10.51,"10°46'32.41""N, 106°40'15.34""E",FIX,
13:47:34.813,1786171654.813,PATH_FOLLOWING,11.009,-0.202,-2.166,32.57,0.248,-0.274,0.000,0.000,0.000,0.000,0.00,10.77567025,106.67092668,10.51,"10°46'32.41""N, 106°40'15.34""E",FIX,
13:47:34.891,1786171654.891,PATH_FOLLOWING,11.001,-0.214,-2.184,26.62,0.249,-0.215,0.000,0.000,0.000,0.000,0.00,10.77567025,106.67092668,10.51,"10°46'32.41""N, 106°40'15.34""E",FIX,
13:47:34.964,1786171654.965,PATH_FOLLOWING,10.992,-0.227,-2.199,21.57,0.249,-0.170,0.000,0.000,0.000,0.000,0.00,10.77567025,106.67092668,10.51,"10°46'32.41""N, 106°40'15.34""E",FIX,
13:47:35.042,1786171655.043,PATH_FOLLOWING,10.980,-0.243,-2.213,15.88,0.250,-0.122,0.000,0.000,0.000,0.000,0.00,10.77567004,106.67092680,10.51,"10°46'32.41""N, 106°40'15.34""E",FIX,
13:47:35.117,1786171655.117,PATH_FOLLOWING,10.971,-0.255,-2.221,12.71,0.250,-0.097,0.000,0.000,0.000,0.000,0.00,10.77567004,106.67092680,10.51,"10°46'32.41""N, 106°40'15.34""E",FIX,
13:47:35.194,1786171655.194,PATH_FOLLOWING,10.959,-0.270,-2.229,9.35,0.250,-0.071,0.000,0.000,0.000,0.000,0.00,10.77567004,106.67092680,10.51,"10°46'32.41""N, 106°40'15.34""E",FIX,
13:47:35.255,1786171655.256,PATH_FOLLOWING,10.953,-0.278,-2.233,8.07,0.250,-0.061,0.000,0.000,0.000,0.000,0.00,10.77566982,106.67092688,10.51,"10°46'32.41""N, 106°40'15.34""E",FIX,
13:47:35.325,1786171655.325,PATH_FOLLOWING,10.944,-0.290,-2.237,6.44,0.250,-0.049,0.000,0.000,0.000,0.000,0.00,10.77566982,106.67092688,10.51,"10°46'32.41""N, 106°40'15.34""E",FIX,
13:47:35.415,1786171655.415,PATH_FOLLOWING,10.931,-0.306,-2.241,4.67,0.250,-0.035,0.000,0.000,0.000,0.000,0.00,10.77566982,106.67092688,10.51,"10°46'32.41""N, 106°40'15.34""E",FIX,
13:47:35.487,1786171655.487,PATH_FOLLOWING,10.919,-0.321,-2.244,3.31,0.250,-0.025,0.000,0.000,0.000,0.000,0.00,10.77566960,106.67092695,10.51,"10°46'32.41""N, 106°40'15.34""E",FIX,
13:47:35.539,1786171655.539,PATH_FOLLOWING,10.913,-0.329,-2.245,2.83,0.250,-0.021,0.000,0.000,0.000,0.000,0.00,10.77566960,106.67092695,10.51,"10°46'32.41""N, 106°40'15.34""E",FIX,
13:47:35.599,1786171655.600,PATH_FOLLOWING,10.903,-0.341,-2.246,2.26,0.250,-0.017,0.000,0.000,0.000,0.000,0.00,10.77566960,106.67092695,10.51,"10°46'32.41""N, 106°40'15.34""E",FIX,
13:47:35.675,1786171655.675,PATH_FOLLOWING,10.891,-0.357,-2.248,1.65,0.250,-0.012,0.000,0.000,0.000,0.000,0.00,10.77566938,106.67092702,10.51,"10°46'32.41""N, 106°40'15.34""E",FIX,
13:47:35.765,1786171655.765,PATH_FOLLOWING,10.878,-0.372,-2.249,1.22,0.250,-0.009,0.000,0.000,0.000,0.000,0.00,10.77566938,106.67092702,10.51,"10°46'32.41""N, 106°40'15.34""E",FIX,
13:47:35.838,1786171655.838,PATH_FOLLOWING,10.869,-0.384,-2.250,0.97,0.250,-0.007,0.000,0.000,0.000,0.000,0.00,10.77566938,106.67092702,10.51,"10°46'32.41""N, 106°40'15.34""E",FIX,
13:47:35.909,1786171655.910,PATH_FOLLOWING,10.859,-0.396,-2.250,0.78,0.250,-0.006,0.000,0.000,0.000,0.000,0.00,10.77566917,106.67092707,10.51,"10°46'32.41""N, 106°40'15.34""E",FIX,
13:47:35.977,1786171655.978,PATH_FOLLOWING,10.850,-0.407,-2.250,0.62,0.250,-0.005,0.000,0.000,0.000,0.000,0.00,10.77566917,106.67092707,10.51,"10°46'32.41""N, 106°40'15.34""E",FIX,
13:47:36.062,1786171656.062,PATH_FOLLOWING,10.837,-0.423,-2.251,0.46,0.250,-0.003,0.000,0.000,0.000,0.000,0.00,10.77566917,106.67092707,10.51,"10°46'32.41""N, 106°40'15.34""E",FIX,
13:47:36.130,1786171656.130,PATH_FOLLOWING,10.828,-0.434,-2.251,0.37,0.250,-0.003,0.000,0.000,0.000,0.000,0.00,10.77566895,106.67092713,10.51,"10°46'32.41""N, 106°40'15.34""E",FIX,
13:47:36.205,1786171656.205,PATH_FOLLOWING,10.815,-0.450,-2.251,0.27,0.250,-0.002,0.000,0.000,0.000,0.000,0.00,10.77566895,106.67092713,10.51,"10°46'32.41""N, 106°40'15.34""E",FIX,
13:47:36.269,1786171656.269,PATH_FOLLOWING,10.809,-0.458,-2.251,0.24,0.250,-0.002,0.000,0.000,0.000,0.000,0.00,10.77566895,106.67092713,10.51,"10°46'32.41""N, 106°40'15.34""E",FIX,
13:47:36.338,1786171656.338,PATH_FOLLOWING,10.800,-0.469,-2.252,0.19,0.250,-0.001,0.000,0.000,0.000,0.000,0.00,10.77566873,106.67092719,10.51,"10°46'32.41""N, 106°40'15.34""E",FIX,
13:47:36.412,1786171656.412,PATH_FOLLOWING,10.787,-0.485,-2.252,0.14,0.250,-0.001,0.000,0.000,0.000,0.000,0.00,10.77566873,106.67092719,10.51,"10°46'32.41""N, 106°40'15.34""E",FIX,
13:47:36.497,1786171656.498,PATH_FOLLOWING,10.775,-0.500,-2.252,0.11,0.250,-0.001,0.000,0.000,0.000,0.000,0.00,10.77566873,106.67092719,10.51,"10°46'32.41""N, 106°40'15.34""E",FIX,
13:47:36.564,1786171656.565,PATH_FOLLOWING,10.765,-0.512,-2.252,0.09,0.250,-0.001,0.000,0.000,0.000,0.000,0.00,10.77566851,106.67092725,10.51,"10°46'32.41""N, 106°40'15.34""E",FIX,
13:47:36.622,1786171656.623,PATH_FOLLOWING,10.756,-0.524,-2.252,0.07,0.250,-0.001,0.000,0.000,0.000,0.000,0.00,10.77566851,106.67092725,10.51,"10°46'32.41""N, 106°40'15.34""E",FIX,
13:47:36.690,1786171656.690,PATH_FOLLOWING,10.746,-0.535,-2.252,0.06,0.250,-0.000,0.000,0.000,0.000,0.000,0.00,10.77566851,106.67092725,10.51,"10°46'32.41""N, 106°40'15.34""E",FIX,
13:47:36.768,1786171656.769,PATH_FOLLOWING,10.737,-0.547,-2.252,0.05,0.250,-0.000,0.000,0.000,0.000,0.000,0.00,10.77566829,106.67092730,10.51,"10°46'32.41""N, 106°40'15.34""E",FIX,
13:47:36.846,1786171656.847,PATH_FOLLOWING,10.724,-0.563,-2.252,0.04,0.250,-0.000,0.000,0.000,0.000,0.000,0.00,10.77566829,106.67092730,10.51,"10°46'32.41""N, 106°40'15.34""E",FIX,
13:47:36.924,1786171656.924,PATH_FOLLOWING,10.712,-0.578,-2.252,0.03,0.250,-0.000,0.000,0.000,0.000,0.000,0.00,10.77566829,106.67092730,10.51,"10°46'32.41""N, 106°40'15.34""E",FIX,
13:47:36.984,1786171656.985,PATH_FOLLOWING,10.705,-0.586,-2.252,0.02,0.250,-0.000,0.000,0.000,0.000,0.000,0.00,10.77566807,106.67092736,10.51,"10°46'32.41""N, 106°40'15.34""E",FIX,
13:47:37.070,1786171657.070,PATH_FOLLOWING,10.690,-0.605,-2.252,0.02,0.250,-0.000,0.000,0.000,0.000,0.000,0.00,10.77566807,106.67092736,10.51,"10°46'32.41""N, 106°40'15.34""E",FIX,
13:47:37.141,1786171657.141,PATH_FOLLOWING,10.680,-0.617,-2.252,0.00,0.000,0.000,0.000,0.000,0.000,0.000,0.00,10.77566807,106.67092736,10.51,"10°46'32.41""N, 106°40'15.34""E",FIX,
13:47:37.215,1786171657.216,UTURN_EXECUTION,10.678,-0.619,-2.252,73.97,0.250,-1.500,0.000,0.000,0.000,0.000,0.00,10.77566787,106.67092741,10.51,"10°46'32.40""N, 106°40'15.34""E",FIX,
13:47:37.289,1786171657.289,UTURN_EXECUTION,10.670,-0.628,-2.324,73.97,0.250,-1.500,0.000,0.000,0.000,0.000,0.00,10.77566787,106.67092741,10.51,"10°46'32.40""N, 106°40'15.34""E",FIX,
13:47:37.360,1786171657.361,UTURN_EXECUTION,10.660,-0.639,-2.414,73.97,0.250,-1.500,0.000,0.000,0.000,0.000,0.00,10.77566787,106.67092741,10.51,"10°46'32.40""N, 106°40'15.34""E",FIX,
13:47:37.431,1786171657.432,UTURN_EXECUTION,10.644,-0.651,-2.534,73.97,0.250,-1.500,0.000,0.000,0.000,0.000,0.00,10.77566777,106.67092748,10.51,"10°46'32.40""N, 106°40'15.34""E",FIX,
13:47:37.494,1786171657.494,UTURN_EXECUTION,10.635,-0.657,-2.594,73.97,0.250,-1.500,0.000,0.000,0.000,0.000,0.00,10.77566777,106.67092748,10.51,"10°46'32.40""N, 106°40'15.34""E",FIX,
13:47:37.565,1786171657.566,UTURN_EXECUTION,10.618,-0.666,-2.714,73.97,0.250,-1.500,0.000,0.000,0.000,0.000,0.00,10.77566777,106.67092748,10.51,"10°46'32.40""N, 106°40'15.34""E",FIX,
13:47:37.661,1786171657.661,UTURN_EXECUTION,10.604,-0.672,-2.804,73.97,0.250,-1.500,0.000,0.000,0.000,0.000,0.00,10.77566755,106.67092766,10.51,"10°46'32.40""N, 106°40'15.34""E",FIX,
13:47:37.777,1786171657.778,UTURN_EXECUTION,10.585,-0.677,-2.924,73.97,0.250,-1.500,0.000,0.000,0.000,0.000,0.00,10.77566755,106.67092766,10.51,"10°46'32.40""N, 106°40'15.34""E",FIX,
13:47:37.852,1786171657.853,UTURN_EXECUTION,10.570,-0.680,-3.014,73.97,0.250,-1.500,0.000,0.000,0.000,0.000,0.00,10.77566755,106.67092766,10.51,"10°46'32.40""N, 106°40'15.34""E",FIX,
13:47:37.915,1786171657.916,UTURN_EXECUTION,10.555,-0.681,-3.104,73.97,0.250,-1.500,0.000,0.000,0.000,0.000,0.00,10.77566733,106.67092790,10.51,"10°46'32.40""N, 106°40'15.34""E",FIX,
13:47:38.002,1786171658.002,UTURN_EXECUTION,10.535,-0.680,3.059,73.97,0.250,-1.500,0.000,0.000,0.000,0.000,0.00,10.77566733,106.67092790,10.51,"10°46'32.40""N, 106°40'15.34""E",FIX,
13:47:38.092,1786171658.092,UTURN_EXECUTION,10.520,-0.679,2.969,73.97,0.250,-1.500,0.000,0.000,0.000,0.687,0.00,10.77566733,106.67092790,10.51,"10°46'32.40""N, 106°40'15.34""E",FIX,
13:47:38.163,1786171658.163,TRACKING,10.506,-0.675,2.881,0.79,0.450,-0.314,0.000,0.000,0.000,0.583,0.01,10.77566712,106.67092802,10.51,"10°46'32.40""N, 106°40'15.34""E",FIX,
13:47:38.247,1786171658.247,TRACKING,10.485,-0.669,2.827,1.20,0.450,-1.228,0.000,0.000,0.000,0.521,0.04,10.77566712,106.67092802,10.51,"10°46'32.40""N, 106°40'15.34""E",FIX,
13:47:38.320,1786171658.321,TRACKING,10.452,-0.657,2.761,1.41,0.450,-0.757,0.000,0.000,0.000,0.542,0.07,10.77566712,106.67092802,10.51,"10°46'32.40""N, 106°40'15.34""E",FIX,
13:47:38.391,1786171658.391,TRACKING,10.427,-0.646,2.705,1.45,0.450,-0.464,0.000,0.000,0.000,0.521,0.10,10.77566681,106.67092787,10.51,"10°46'32.40""N, 106°40'15.34""E",FIX,
13:47:38.458,1786171658.458,TRACKING,10.403,-0.634,2.668,1.42,0.450,-0.307,0.000,0.000,0.000,0.542,0.13,10.77566681,106.67092787,10.51,"10°46'32.40""N, 106°40'15.34""E",FIX,
13:47:38.523,1786171658.523,TRACKING,10.379,-0.622,2.645,1.38,0.450,-0.272,0.000,0.000,0.000,0.583,0.15,10.77566681,106.67092787,10.51,"10°46'32.40""N, 106°40'15.34""E",FIX,
13:47:38.598,1786171658.598,TRACKING,10.347,-0.604,2.622,1.33,0.450,-0.265,0.000,0.000,0.000,0.646,0.19,10.77566648,106.67092764,10.51,"10°46'32.40""N, 106°40'15.34""E",FIX,
13:47:38.676,1786171658.677,TRACKING,10.324,-0.591,2.605,1.27,0.450,-0.236,0.000,0.000,0.000,0.687,0.22,10.77566648,106.67092764,10.51,"10°46'32.40""N, 106°40'15.34""E",FIX,
13:47:38.755,1786171658.755,TRACKING,10.293,-0.572,2.585,1.23,0.450,-0.221,0.000,0.000,0.000,0.750,0.25,10.77566648,106.67092764,10.51,"10°46'32.40""N, 106°40'15.34""E",FIX,
13:47:38.832,1786171658.833,TRACKING,10.278,-0.562,2.576,1.18,0.450,-0.204,0.000,0.000,0.000,0.812,0.27,10.77566648,106.67092764,10.51,"10°46'32.40""N, 106°40'15.34""E",FIX,
13:47:38.892,1786171658.893,TRACKING,10.248,-0.543,2.559,1.13,0.450,-0.200,0.000,0.000,0.000,0.875,0.31,10.77566617,106.67092739,10.51,"10°46'32.40""N, 106°40'15.34""E",FIX,
13:47:38.963,1786171658.964,TRACKING,10.225,-0.528,2.547,1.09,0.450,-0.205,0.000,0.000,0.000,0.937,0.33,10.77566617,106.67092739,10.51,"10°46'32.40""N, 106°40'15.34""E",FIX,
13:47:39.048,1786171659.049,TRACKING,10.196,-0.507,2.531,1.05,0.450,-0.208,0.000,0.000,0.000,1.000,0.37,10.77566586,106.67092712,10.51,"10°46'32.40""N, 106°40'15.34""E",FIX,
13:47:39.118,1786171659.118,TRACKING,10.174,-0.492,2.518,1.01,0.450,-0.179,0.000,0.000,0.000,1.000,0.40,10.77566586,106.67092712,10.51,"10°46'32.40""N, 106°40'15.34""E",FIX,
13:47:39.201,1786171659.201,TRACKING,10.144,-0.471,2.503,0.97,0.450,-0.191,0.000,0.000,0.000,1.000,0.43,10.77566586,106.67092712,10.51,"10°46'32.40""N, 106°40'15.34""E",FIX,
13:47:39.272,1786171659.273,TRACKING,10.123,-0.454,2.492,0.93,0.450,-0.169,0.000,0.000,0.000,1.000,0.46,10.77566555,106.67092685,10.51,"10°46'32.40""N, 106°40'15.34""E",FIX,
13:47:39.328,1786171659.329,TRACKING,10.109,-0.443,2.485,0.89,0.450,-0.142,0.000,0.000,0.000,1.000,0.48,10.77566555,106.67092685,10.51,"10°46'32.40""N, 106°40'15.34""E",FIX,
13:47:39.403,1786171659.404,TRACKING,10.080,-0.421,2.472,0.86,0.450,-0.176,0.000,0.000,0.000,1.000,0.51,10.77566555,106.67092685,10.51,"10°46'32.40""N, 106°40'15.34""E",FIX,
13:47:39.468,1786171659.469,TRACKING,10.059,-0.404,2.463,0.83,0.450,-0.143,0.000,0.000,0.000,1.000,0.54,10.77566555,106.67092685,10.51,"10°46'32.40""N, 106°40'15.34""E",FIX,
13:47:39.555,1786171659.556,TRACKING,10.031,-0.382,2.450,0.80,0.450,-0.161,0.000,0.000,0.000,1.000,0.58,10.77566525,106.67092657,10.51,"10°46'32.39""N, 106°40'15.34""E",FIX,
13:47:39.613,1786171659.614,TRACKING,10.011,-0.364,2.441,0.76,0.450,-0.110,0.000,0.000,0.000,1.000,0.60,10.77566525,106.67092657,10.51,"10°46'32.39""N, 106°40'15.34""E",FIX,
13:47:39.695,1786171659.696,TRACKING,9.983,-0.341,2.432,0.74,0.450,-0.148,0.000,0.000,0.000,1.000,0.64,10.77566525,106.67092657,10.51,"10°46'32.39""N, 106°40'15.34""E",FIX,
13:47:39.758,1786171659.759,TRACKING,9.970,-0.329,2.426,0.71,0.450,-0.124,0.000,0.000,0.000,1.000,0.66,10.77566495,106.67092629,10.51,"10°46'32.39""N, 106°40'15.33""E",FIX,
13:47:39.833,1786171659.834,TRACKING,9.942,-0.305,2.415,0.68,0.450,-0.130,0.000,0.000,0.000,1.000,0.69,10.77566495,106.67092629,10.51,"10°46'32.39""N, 106°40'15.33""E",FIX,
13:47:39.906,1786171659.906,TRACKING,9.916,-0.281,2.405,0.65,0.450,-0.113,0.000,0.000,0.000,1.000,0.73,10.77566495,106.67092629,10.51,"10°46'32.39""N, 106°40'15.33""E",FIX,
13:47:39.967,1786171659.968,TRACKING,9.902,-0.269,2.400,0.62,0.450,-0.090,0.000,0.000,0.000,1.000,0.75,10.77566466,106.67092601,10.51,"10°46'32.39""N, 106°40'15.33""E",FIX,
13:47:40.051,1786171660.051,TRACKING,9.876,-0.245,2.393,0.60,0.450,-0.118,0.000,0.000,0.000,1.000,0.78,10.77566466,106.67092601,10.51,"10°46'32.39""N, 106°40'15.33""E",FIX,
13:47:40.112,1786171660.112,TRACKING,9.856,-0.226,2.386,0.57,0.450,-0.077,0.000,0.000,0.000,1.000,0.81,10.77566466,106.67092601,10.51,"10°46'32.39""N, 106°40'15.33""E",FIX,
13:47:40.263,1786171660.263,REACTIVE_AVOID,9.828,-0.200,2.379,0.57,0.000,0.000,0.000,0.000,0.000,1.000,0.84,10.77566437,106.67092572,10.51,"10°46'32.39""N, 106°40'15.33""E",FIX,
13:47:40.335,1786171660.336,REACTIVE_AVOID,9.828,-0.200,2.379,0.57,0.000,0.000,0.000,0.000,0.000,1.000,0.84,10.77566437,106.67092572,10.51,"10°46'32.39""N, 106°40'15.33""E",FIX,
13:47:40.418,1786171660.419,REACTIVE_AVOID,9.828,-0.200,2.379,0.57,0.000,0.000,0.000,0.000,0.000,1.000,0.84,10.77566426,106.67092560,10.51,"10°46'32.39""N, 106°40'15.33""E",FIX,
13:47:40.483,1786171660.483,REACTIVE_AVOID,9.828,-0.200,2.379,0.57,0.000,0.000,0.000,0.000,0.000,1.000,0.84,10.77566426,106.67092560,10.51,"10°46'32.39""N, 106°40'15.33""E",FIX,
13:47:40.548,1786171660.548,REACTIVE_AVOID,9.828,-0.200,2.379,0.57,0.000,0.000,0.000,0.000,0.000,1.000,0.84,10.77566426,106.67092560,10.51,"10°46'32.39""N, 106°40'15.33""E",FIX,
13:47:40.621,1786171660.622,REACTIVE_AVOID,9.828,-0.200,2.379,0.57,0.000,0.000,0.000,0.000,0.000,1.000,0.84,10.77566426,106.67092560,10.51,"10°46'32.39""N, 106°40'15.33""E",FIX,
13:47:40.692,1786171660.692,REACTIVE_AVOID,9.828,-0.200,2.379,0.57,0.000,0.000,0.000,0.000,0.000,1.000,0.84,10.77566426,106.67092560,10.51,"10°46'32.39""N, 106°40'15.33""E",FIX,
13:47:40.773,1786171660.773,REACTIVE_AVOID,9.828,-0.200,2.379,0.57,0.000,0.000,0.000,0.000,0.000,1.000,0.84,10.77566426,106.67092560,10.51,"10°46'32.39""N, 106°40'15.33""E",FIX,
13:47:40.833,1786171660.834,REACTIVE_AVOID,9.828,-0.200,2.379,0.57,0.000,0.000,0.000,0.000,0.000,1.000,0.84,10.77566426,106.67092560,10.51,"10°46'32.39""N, 106°40'15.33""E",FIX,
13:47:40.926,1786171660.926,REACTIVE_AVOID,9.828,-0.200,2.379,0.57,0.000,0.000,0.000,0.000,0.000,1.000,0.84,10.77566426,106.67092560,10.51,"10°46'32.39""N, 106°40'15.33""E",FIX,
13:47:40.979,1786171660.980,REACTIVE_AVOID,9.828,-0.200,2.379,0.57,0.000,0.000,0.000,0.000,0.000,1.000,0.84,10.77566426,106.67092560,10.51,"10°46'32.39""N, 106°40'15.33""E",FIX,
13:47:41.047,1786171661.048,REACTIVE_AVOID,9.828,-0.200,2.379,0.57,0.000,0.000,0.000,0.000,0.000,1.000,0.84,10.77566426,106.67092560,10.51,"10°46'32.39""N, 106°40'15.33""E",FIX,
13:47:41.128,1786171661.128,REACTIVE_AVOID,9.828,-0.200,2.379,0.57,0.000,0.000,0.000,0.000,0.000,1.000,0.84,10.77566426,106.67092560,10.51,"10°46'32.39""N, 106°40'15.33""E",FIX,
13:47:41.200,1786171661.200,REACTIVE_AVOID,9.828,-0.200,2.379,0.57,0.000,0.000,0.000,0.000,0.000,1.000,0.84,10.77566426,106.67092560,10.51,"10°46'32.39""N, 106°40'15.33""E",FIX,
13:47:41.267,1786171661.267,REACTIVE_AVOID,9.828,-0.200,2.379,0.57,0.000,0.000,0.000,0.000,0.000,1.000,0.84,10.77566426,106.67092560,10.51,"10°46'32.39""N, 106°40'15.33""E",FIX,
13:47:41.339,1786171661.340,REACTIVE_AVOID,9.828,-0.200,2.379,0.57,0.000,0.000,0.000,0.000,0.000,1.000,0.84,10.77566426,106.67092560,10.51,"10°46'32.39""N, 106°40'15.33""E",FIX,
13:47:41.409,1786171661.409,REACTIVE_AVOID,9.828,-0.200,2.379,0.57,0.000,0.000,0.000,0.000,0.000,1.000,0.84,10.77566426,106.67092560,10.51,"10°46'32.39""N, 106°40'15.33""E",FIX,
13:47:41.487,1786171661.487,REACTIVE_AVOID,9.828,-0.200,2.379,0.57,0.000,0.000,0.000,0.000,0.000,1.000,0.84,10.77566426,106.67092560,10.51,"10°46'32.39""N, 106°40'15.33""E",FIX,
13:47:41.566,1786171661.566,REACTIVE_AVOID,9.828,-0.200,2.379,0.57,0.000,0.000,0.000,0.000,0.000,1.000,0.84,10.77566426,106.67092560,10.51,"10°46'32.39""N, 106°40'15.33""E",FIX,
13:47:41.638,1786171661.639,REACTIVE_AVOID,9.828,-0.200,2.379,0.57,0.000,0.000,0.000,0.000,0.000,1.000,0.84,10.77566426,106.67092560,10.51,"10°46'32.39""N, 106°40'15.33""E",FIX,
13:47:41.715,1786171661.716,REACTIVE_AVOID,9.828,-0.200,2.379,0.57,0.000,0.000,0.000,0.000,0.000,1.000,0.84,10.77566426,106.67092560,10.51,"10°46'32.39""N, 106°40'15.33""E",FIX,
13:47:41.789,1786171661.789,REACTIVE_AVOID,9.828,-0.200,2.379,0.57,0.000,0.000,0.000,0.000,0.000,1.000,0.84,10.77566426,106.67092560,10.51,"10°46'32.39""N, 106°40'15.33""E",FIX,
13:47:41.857,1786171661.858,REACTIVE_AVOID,9.828,-0.200,2.379,0.57,0.000,0.000,0.000,0.000,0.000,1.000,0.84,10.77566426,106.67092560,10.51,"10°46'32.39""N, 106°40'15.33""E",FIX,
13:47:41.943,1786171661.943,REACTIVE_AVOID,9.828,-0.200,2.379,0.57,0.000,0.000,0.000,0.000,0.000,1.000,0.84,10.77566426,106.67092560,10.51,"10°46'32.39""N, 106°40'15.33""E",FIX,
13:47:42.006,1786171662.007,REACTIVE_AVOID,9.828,-0.200,2.379,0.57,0.000,0.000,0.000,0.000,0.000,1.000,0.84,10.77566426,106.67092560,10.51,"10°46'32.39""N, 106°40'15.33""E",FIX,
13:47:42.083,1786171662.083,REACTIVE_AVOID,9.828,-0.200,2.379,0.57,0.000,0.000,0.000,0.000,0.000,1.000,0.84,10.77566426,106.67092560,10.51,"10°46'32.39""N, 106°40'15.33""E",FIX,
13:47:42.178,1786171662.179,REACTIVE_AVOID,9.828,-0.200,2.379,0.57,0.000,0.000,0.000,0.000,0.000,1.000,0.84,10.77566426,106.67092560,10.51,"10°46'32.39""N, 106°40'15.33""E",FIX,
13:47:42.231,1786171662.231,REACTIVE_AVOID,9.828,-0.200,2.379,0.57,0.000,0.000,0.000,0.000,0.000,1.000,0.84,10.77566426,106.67092560,10.51,"10°46'32.39""N, 106°40'15.33""E",FIX,
13:47:42.292,1786171662.292,REACTIVE_AVOID,9.828,-0.200,2.379,0.57,0.000,0.000,0.000,0.000,0.000,1.000,0.84,10.77566426,106.67092560,10.51,"10°46'32.39""N, 106°40'15.33""E",FIX,
13:47:42.376,1786171662.376,REACTIVE_AVOID,9.828,-0.200,2.379,0.57,0.000,0.000,0.000,0.000,0.000,1.000,0.84,10.77566426,106.67092560,10.51,"10°46'32.39""N, 106°40'15.33""E",FIX,
13:47:42.447,1786171662.448,REACTIVE_AVOID,9.828,-0.200,2.379,0.57,0.000,0.000,0.000,0.000,0.000,1.000,0.84,10.77566426,106.67092560,10.51,"10°46'32.39""N, 106°40'15.33""E",FIX,
13:47:42.513,1786171662.513,REACTIVE_AVOID,9.828,-0.200,2.379,0.57,0.000,0.000,0.000,0.000,0.000,1.000,0.84,10.77566426,106.67092560,10.51,"10°46'32.39""N, 106°40'15.33""E",FIX,
13:47:42.576,1786171662.576,REACTIVE_AVOID,9.828,-0.200,2.379,0.57,0.000,0.000,0.000,0.000,0.000,1.000,0.84,10.77566426,106.67092560,10.51,"10°46'32.39""N, 106°40'15.33""E",FIX,
13:47:42.658,1786171662.658,REACTIVE_AVOID,9.828,-0.200,2.379,0.57,0.000,0.000,0.000,0.000,0.000,1.000,0.84,10.77566426,106.67092560,10.51,"10°46'32.39""N, 106°40'15.33""E",FIX,
13:47:42.722,1786171662.722,REACTIVE_AVOID,9.828,-0.200,2.379,0.57,0.000,0.000,0.000,0.000,0.000,1.000,0.84,10.77566426,106.67092560,10.51,"10°46'32.39""N, 106°40'15.33""E",FIX,
13:47:42.791,1786171662.791,REACTIVE_AVOID,9.828,-0.200,2.379,0.57,0.000,0.000,0.000,0.000,0.000,1.000,0.84,10.77566426,106.67092560,10.51,"10°46'32.39""N, 106°40'15.33""E",FIX,
13:47:42.868,1786171662.869,REACTIVE_AVOID,9.828,-0.200,2.379,0.57,0.000,0.000,0.000,0.000,0.000,1.000,0.84,10.77566426,106.67092560,10.51,"10°46'32.39""N, 106°40'15.33""E",FIX,
13:47:42.931,1786171662.932,REACTIVE_AVOID,9.828,-0.200,2.379,0.57,0.000,0.000,0.000,0.000,0.000,1.000,0.84,10.77566426,106.67092560,10.51,"10°46'32.39""N, 106°40'15.33""E",FIX,
13:47:43.003,1786171663.003,REACTIVE_AVOID,9.828,-0.200,2.379,0.57,0.000,0.000,0.000,0.000,0.000,1.000,0.84,10.77566426,106.67092560,10.51,"10°46'32.39""N, 106°40'15.33""E",FIX,
13:47:43.081,1786171663.081,REACTIVE_AVOID,9.828,-0.200,2.379,0.57,0.000,0.000,0.000,0.000,0.000,1.000,0.84,10.77566426,106.67092560,10.51,"10°46'32.39""N, 106°40'15.33""E",FIX,
13:47:43.156,1786171663.157,REACTIVE_AVOID,9.828,-0.200,2.379,0.57,0.000,0.000,0.000,0.000,0.000,1.000,0.84,10.77566426,106.67092560,10.51,"10°46'32.39""N, 106°40'15.33""E",FIX,
13:47:43.210,1786171663.210,REACTIVE_AVOID,9.828,-0.200,2.379,0.57,0.000,0.000,0.000,0.000,0.000,1.000,0.84,10.77566426,106.67092560,10.51,"10°46'32.39""N, 106°40'15.33""E",FIX,
13:47:43.293,1786171663.294,REACTIVE_AVOID,9.828,-0.200,2.379,0.57,0.000,0.000,0.000,0.000,0.000,1.000,0.84,10.77566426,106.67092560,10.51,"10°46'32.39""N, 106°40'15.33""E",FIX,
13:47:43.356,1786171663.356,REACTIVE_AVOID,9.828,-0.200,2.379,0.57,0.000,0.000,0.000,0.000,0.000,1.000,0.84,10.77566426,106.67092560,10.51,"10°46'32.39""N, 106°40'15.33""E",FIX,
13:47:43.430,1786171663.430,REACTIVE_AVOID,9.828,-0.200,2.379,0.57,0.000,0.000,0.000,0.000,0.000,1.000,0.84,10.77566426,106.67092560,10.51,"10°46'32.39""N, 106°40'15.33""E",FIX,
13:47:43.850,1786171663.851,AVOID_PLANNING,9.828,-0.200,2.379,0.57,0.000,0.000,0.000,0.000,0.000,1.000,0.84,10.77566426,106.67092560,10.51,"10°46'32.39""N, 106°40'15.33""E",FIX,
13:47:43.861,1786171663.861,PATH_FOLLOWING,9.828,-0.200,2.379,-88.68,0.020,1.500,0.000,0.000,0.000,1.000,0.84,10.77566426,106.67092560,10.51,"10°46'32.39""N, 106°40'15.33""E",FIX,
13:47:43.872,1786171663.872,PATH_FOLLOWING,9.828,-0.200,2.379,-88.68,0.020,1.500,0.000,0.000,0.000,1.000,0.84,10.77566426,106.67092560,10.51,"10°46'32.39""N, 106°40'15.33""E",FIX,
13:47:43.883,1786171663.884,PATH_FOLLOWING,9.828,-0.200,2.379,-88.68,0.020,1.500,0.000,0.000,0.000,1.000,0.84,10.77566426,106.67092560,10.51,"10°46'32.39""N, 106°40'15.33""E",FIX,
13:47:43.896,1786171663.896,PATH_FOLLOWING,9.828,-0.200,2.379,-88.68,0.020,1.500,0.000,0.000,0.000,1.000,0.84,10.77566426,106.67092560,10.51,"10°46'32.39""N, 106°40'15.33""E",FIX,
13:47:43.952,1786171663.953,PATH_FOLLOWING,9.827,-0.199,2.448,-88.68,0.020,1.500,0.000,0.000,0.000,1.000,0.84,10.77566426,106.67092560,10.51,"10°46'32.39""N, 106°40'15.33""E",FIX,
13:47:44.027,1786171664.027,PATH_FOLLOWING,9.826,-0.198,2.538,-88.17,0.028,1.500,0.000,0.000,0.000,1.000,0.84,10.77566426,106.67092560,10.51,"10°46'32.39""N, 106°40'15.33""E",FIX,
13:47:44.115,1786171664.116,PATH_FOLLOWING,9.825,-0.197,2.658,-86.78,0.049,1.500,0.000,0.000,0.000,1.000,0.84,10.77566425,106.67092559,10.51,"10°46'32.39""N, 106°40'15.33""E",FIX,
13:47:44.182,1786171664.182,PATH_FOLLOWING,9.823,-0.197,2.748,-85.56,0.068,1.500,0.000,0.000,0.000,1.000,0.84,10.77566425,106.67092559,10.51,"10°46'32.39""N, 106°40'15.33""E",FIX,
13:47:44.246,1786171664.246,PATH_FOLLOWING,9.819,-0.195,2.838,-84.24,0.088,1.500,0.000,0.000,0.000,0.000,0.84,10.77566425,106.67092559,10.51,"10°46'32.39""N, 106°40'15.33""E",FIX,
13:47:44.321,1786171664.322,PATH_FOLLOWING,9.815,-0.194,2.928,-82.87,0.109,1.500,0.000,0.000,0.000,0.000,0.84,10.77566421,106.67092549,10.51,"10°46'32.39""N, 106°40'15.33""E",FIX,
13:47:44.403,1786171664.404,PATH_FOLLOWING,9.807,-0.193,3.048,-81.02,0.138,1.500,0.000,0.000,0.000,0.000,0.84,10.77566421,106.67092549,10.51,"10°46'32.39""N, 106°40'15.33""E",FIX,
13:47:44.465,1786171664.466,PATH_FOLLOWING,9.800,-0.193,3.138,-79.67,0.159,1.500,0.000,0.000,0.000,0.000,0.84,10.77566421,106.67092549,10.51,"10°46'32.39""N, 106°40'15.33""E",FIX,
13:47:44.541,1786171664.542,PATH_FOLLOWING,9.791,-0.193,-3.055,-78.40,0.179,1.500,0.000,0.000,0.000,0.000,0.84,10.77566411,106.67092531,10.51,"10°46'32.39""N, 106°40'15.33""E",FIX,
13:47:44.619,1786171664.619,PATH_FOLLOWING,9.777,-0.195,-2.935,-76.89,0.203,1.500,0.000,0.000,0.000,0.000,0.84,10.77566411,106.67092531,10.51,"10°46'32.39""N, 106°40'15.33""E",FIX,
13:47:44.694,1786171664.694,PATH_FOLLOWING,9.766,-0.198,-2.845,-73.58,0.218,1.277,0.000,0.000,0.000,0.000,0.84,10.77566411,106.67092531,10.51,"10°46'32.39""N, 106°40'15.33""E",FIX,
13:47:44.767,1786171664.768,PATH_FOLLOWING,9.754,-0.202,-2.764,-68.47,0.230,1.005,0.000,0.000,0.000,0.000,0.84,10.77566394,106.67092502,10.51,"10°46'32.39""N, 106°40'15.33""E",FIX,
13:47:44.835,1786171664.836,PATH_FOLLOWING,9.742,-0.208,-2.696,-62.26,0.238,0.780,0.000,0.000,0.000,0.000,0.84,10.77566394,106.67092502,10.51,"10°46'32.39""N, 106°40'15.33""E",FIX,
13:47:44.918,1786171664.918,PATH_FOLLOWING,9.725,-0.216,-2.628,-52.71,0.244,0.552,0.000,0.000,0.000,0.000,0.84,10.77566394,106.67092502,10.51,"10°46'32.39""N, 106°40'15.33""E",FIX,
13:47:44.987,1786171664.988,PATH_FOLLOWING,9.713,-0.224,-2.589,-45.00,0.246,0.425,0.000,0.000,0.000,0.000,0.84,10.77566373,106.67092477,10.51,"10°46'32.39""N, 106°40'15.33""E",FIX,
13:47:45.069,1786171665.070,PATH_FOLLOWING,9.696,-0.234,-2.553,-35.40,0.248,0.304,0.000,0.000,0.000,0.000,0.84,10.77566373,106.67092477,10.51,"10°46'32.39""N, 106°40'15.33""E",FIX,
13:47:45.130,1786171665.130,PATH_FOLLOWING,9.688,-0.240,-2.539,-31.04,0.249,0.258,0.000,0.000,0.000,0.000,0.84,10.77566373,106.67092477,10.51,"10°46'32.39""N, 106°40'15.33""E",FIX,
13:47:45.219,1786171665.219,PATH_FOLLOWING,9.672,-0.251,-2.517,-23.39,0.249,0.186,0.000,0.000,0.000,0.000,0.84,10.77566351,106.67092469,10.51,"10°46'32.39""N, 106°40'15.33""E",FIX,
13:47:45.306,1786171665.307,PATH_FOLLOWING,9.655,-0.263,-2.501,-17.07,0.250,0.132,0.000,0.000,0.000,0.000,0.84,10.77566351,106.67092469,10.51,"10°46'32.39""N, 106°40'15.33""E",FIX,
13:47:45.372,1786171665.373,PATH_FOLLOWING,9.644,-0.272,-2.492,-13.42,0.250,0.103,0.000,0.000,0.000,0.000,0.84,10.77566351,106.67092469,10.51,"10°46'32.39""N, 106°40'15.33""E",FIX,
13:47:45.434,1786171665.434,PATH_FOLLOWING,9.632,-0.281,-2.485,-10.61,0.250,0.081,0.000,0.000,0.000,0.000,0.84,10.77566328,106.67092467,10.51,"10°46'32.39""N, 106°40'15.33""E",FIX,
13:47:45.520,1786171665.520,PATH_FOLLOWING,9.620,-0.290,-2.480,-8.47,0.250,0.064,0.000,0.000,0.000,0.000,0.84,10.77566328,106.67092467,10.51,"10°46'32.39""N, 106°40'15.33""E",FIX,
13:47:45.587,1786171665.587,PATH_FOLLOWING,9.604,-0.303,-2.474,-6.08,0.250,0.046,0.000,0.000,0.000,0.000,0.84,10.77566328,106.67092467,10.51,"10°46'32.39""N, 106°40'15.33""E",FIX,
13:47:45.656,1786171665.657,PATH_FOLLOWING,9.592,-0.312,-2.471,-4.79,0.250,0.036,0.000,0.000,0.000,0.000,0.84,10.77566306,106.67092468,10.51,"10°46'32.39""N, 106°40'15.33""E",FIX,
13:47:45.729,1786171665.729,PATH_FOLLOWING,9.581,-0.321,-2.469,-3.82,0.250,0.029,0.000,0.000,0.000,0.000,0.84,10.77566306,106.67092468,10.51,"10°46'32.39""N, 106°40'15.33""E",FIX,
13:47:45.820,1786171665.821,PATH_FOLLOWING,9.565,-0.334,-2.467,-2.78,0.250,0.021,0.000,0.000,0.000,0.000,0.84,10.77566306,106.67092468,10.51,"10°46'32.39""N, 106°40'15.33""E",FIX,
13:47:45.883,1786171665.884,PATH_FOLLOWING,9.557,-0.340,-2.466,-2.35,0.250,0.018,0.000,0.000,0.000,0.000,0.84,10.77566306,106.67092468,10.51,"10°46'32.39""N, 106°40'15.33""E",FIX,
13:47:45.956,1786171665.956,PATH_FOLLOWING,9.542,-0.353,-2.464,-1.70,0.250,0.013,0.000,0.000,0.000,0.000,0.84,10.77566283,106.67092470,10.51,"10°46'32.39""N, 106°40'15.33""E",FIX,
13:47:46.032,1786171666.033,PATH_FOLLOWING,9.530,-0.362,-2.463,-1.34,0.250,0.010,0.000,0.000,0.000,0.000,0.84,10.77566283,106.67092470,10.51,"10°46'32.39""N, 106°40'15.33""E",FIX,
13:47:46.112,1786171666.112,PATH_FOLLOWING,9.518,-0.372,-2.463,-1.06,0.250,0.008,0.000,0.000,0.000,0.000,0.84,10.77566283,106.67092470,10.51,"10°46'32.39""N, 106°40'15.33""E",FIX,
13:47:46.196,1786171666.196,PATH_FOLLOWING,9.503,-0.384,-2.462,-0.76,0.250,0.006,0.000,0.000,0.000,0.000,0.84,10.77566261,106.67092472,10.51,"10°46'32.39""N, 106°40'15.33""E",FIX,
13:47:46.261,1786171666.262,PATH_FOLLOWING,9.491,-0.394,-2.462,-0.58,0.250,0.004,0.000,0.000,0.000,0.000,0.84,10.77566261,106.67092472,10.51,"10°46'32.39""N, 106°40'15.33""E",FIX,
13:47:46.333,1786171666.334,PATH_FOLLOWING,9.479,-0.403,-2.461,-0.46,0.250,0.003,0.000,0.000,0.000,0.000,0.84,10.77566261,106.67092472,10.51,"10°46'32.39""N, 106°40'15.33""E",FIX,
13:47:46.416,1786171666.417,PATH_FOLLOWING,9.464,-0.416,-2.461,-0.33,0.250,0.002,0.000,0.000,0.000,0.000,0.84,10.77566238,106.67092475,10.51,"10°46'32.38""N, 106°40'15.33""E",FIX,
13:47:46.475,1786171666.475,PATH_FOLLOWING,9.452,-0.425,-2.461,-0.25,0.250,0.002,0.000,0.000,0.000,0.000,0.84,10.77566238,106.67092475,10.51,"10°46'32.38""N, 106°40'15.33""E",FIX,
13:47:46.556,1786171666.557,PATH_FOLLOWING,9.437,-0.438,-2.461,-0.18,0.250,0.001,0.000,0.000,0.000,0.000,0.84,10.77566216,106.67092478,10.51,"10°46'32.38""N, 106°40'15.33""E",FIX,
13:47:46.613,1786171666.613,PATH_FOLLOWING,9.425,-0.447,-2.461,-0.14,0.250,0.001,0.000,0.000,0.000,0.000,0.84,10.77566216,106.67092478,10.51,"10°46'32.38""N, 106°40'15.33""E",FIX,
13:47:46.687,1786171666.688,PATH_FOLLOWING,9.413,-0.456,-2.461,-0.12,0.250,0.001,0.000,0.000,0.000,0.000,0.84,10.77566216,106.67092478,10.51,"10°46'32.38""N, 106°40'15.33""E",FIX,
13:47:46.770,1786171666.770,PATH_FOLLOWING,9.398,-0.469,-2.460,-0.08,0.250,0.001,0.000,0.000,0.000,0.000,0.84,10.77566194,106.67092481,10.51,"10°46'32.38""N, 106°40'15.33""E",FIX,
13:47:46.841,1786171666.842,PATH_FOLLOWING,9.386,-0.478,-2.460,-0.07,0.250,0.001,0.000,0.000,0.000,0.000,0.84,10.77566194,106.67092481,10.51,"10°46'32.38""N, 106°40'15.33""E",FIX,
13:47:46.916,1786171666.917,PATH_FOLLOWING,9.370,-0.491,-2.460,-0.05,0.250,0.000,0.000,0.000,0.000,0.000,0.84,10.77566194,106.67092481,10.51,"10°46'32.38""N, 106°40'15.33""E",FIX,
13:47:46.989,1786171666.990,PATH_FOLLOWING,9.359,-0.501,-2.460,-0.04,0.250,0.000,0.000,0.000,0.000,0.000,0.84,10.77566171,106.67092484,10.51,"10°46'32.38""N, 106°40'15.33""E",FIX,
13:47:47.048,1786171667.048,PATH_FOLLOWING,9.351,-0.507,-2.460,-0.03,0.250,0.000,0.000,0.000,0.000,0.000,0.84,10.77566171,106.67092484,10.51,"10°46'32.38""N, 106°40'15.33""E",FIX,
13:47:47.117,1786171667.118,PATH_FOLLOWING,9.336,-0.519,-2.460,-0.03,0.250,0.000,0.000,0.000,0.000,0.000,0.84,10.77566171,106.67092484,10.51,"10°46'32.38""N, 106°40'15.33""E",FIX,
13:47:47.209,1786171667.210,PATH_FOLLOWING,9.320,-0.532,-2.460,-0.02,0.250,0.000,0.000,0.000,0.000,0.000,0.84,10.77566149,106.67092486,10.51,"10°46'32.38""N, 106°40'15.33""E",FIX,
13:47:47.271,1786171667.272,PATH_FOLLOWING,9.308,-0.541,-2.460,-0.02,0.250,0.000,0.000,0.000,0.000,0.000,0.84,10.77566149,106.67092486,10.51,"10°46'32.38""N, 106°40'15.33""E",FIX,
13:47:47.344,1786171667.345,PATH_FOLLOWING,9.297,-0.551,-2.460,-0.01,0.250,0.000,0.000,0.000,0.000,0.000,0.84,10.77566149,106.67092486,10.51,"10°46'32.38""N, 106°40'15.33""E",FIX,
13:47:47.416,1786171667.416,PATH_FOLLOWING,9.285,-0.560,-2.460,-0.01,0.250,0.000,0.000,0.000,0.000,0.000,0.84,10.77566149,106.67092486,10.51,"10°46'32.38""N, 106°40'15.33""E",FIX,
13:47:47.492,1786171667.493,PATH_FOLLOWING,9.270,-0.573,-2.460,-0.01,0.250,0.000,0.000,0.000,0.000,0.000,0.84,10.77566126,106.67092489,10.51,"10°46'32.38""N, 106°40'15.33""E",FIX,
13:47:47.555,1786171667.556,PATH_FOLLOWING,9.258,-0.582,-2.460,-0.01,0.250,0.000,0.000,0.000,0.000,0.000,0.84,10.77566126,106.67092489,10.51,"10°46'32.38""N, 106°40'15.33""E",FIX,
13:47:47.626,1786171667.626,PATH_FOLLOWING,9.246,-0.592,-2.460,-0.00,0.250,0.000,0.000,0.000,0.000,0.000,0.84,10.77566126,106.67092489,10.51,"10°46'32.38""N, 106°40'15.33""E",FIX,
13:47:47.710,1786171667.711,PATH_FOLLOWING,9.231,-0.604,-2.460,-0.00,0.250,0.000,0.000,0.000,0.000,0.000,0.84,10.77566104,106.67092492,10.51,"10°46'32.38""N, 106°40'15.33""E",FIX,
13:47:47.779,1786171667.779,PATH_FOLLOWING,9.223,-0.611,-2.460,-0.00,0.250,0.000,0.000,0.000,0.000,0.000,0.84,10.77566104,106.67092492,10.51,"10°46'32.38""N, 106°40'15.33""E",FIX,
13:47:47.861,1786171667.862,PATH_FOLLOWING,9.207,-0.623,-2.460,-0.00,0.250,0.000,0.000,0.000,0.000,0.000,0.84,10.77566104,106.67092492,10.51,"10°46'32.38""N, 106°40'15.33""E",FIX,
13:47:47.933,1786171667.934,PATH_FOLLOWING,9.192,-0.636,-2.460,79.14,0.167,-1.500,0.000,0.000,0.000,0.000,0.84,10.77566082,106.67092495,10.51,"10°46'32.38""N, 106°40'15.33""E",FIX,
13:47:48.008,1786171668.008,PATH_FOLLOWING,9.183,-0.643,-2.534,78.14,0.183,-1.500,0.000,0.000,0.000,0.000,0.84,10.77566082,106.67092495,10.51,"10°46'32.38""N, 106°40'15.33""E",FIX,
13:47:48.078,1786171668.079,PATH_FOLLOWING,9.174,-0.648,-2.624,77.00,0.201,-1.500,0.000,0.000,0.000,0.000,0.84,10.77566082,106.67092495,10.51,"10°46'32.38""N, 106°40'15.33""E",FIX,
13:47:48.152,1786171668.153,PATH_FOLLOWING,9.160,-0.655,-2.744,72.37,0.222,-1.202,0.000,0.000,0.000,0.000,0.84,10.77566060,106.67092500,10.51,"10°46'32.38""N, 106°40'15.33""E",FIX,
13:47:48.219,1786171668.219,PATH_FOLLOWING,9.152,-0.658,-2.795,69.04,0.229,-1.031,0.000,0.000,0.000,0.000,0.84,10.77566060,106.67092500,10.51,"10°46'32.38""N, 106°40'15.33""E",FIX,
13:47:48.299,1786171668.299,PATH_FOLLOWING,9.135,-0.664,-2.881,60.89,0.239,-0.740,0.000,0.000,0.000,0.000,0.84,10.77566060,106.67092500,10.51,"10°46'32.38""N, 106°40'15.33""E",FIX,
13:47:48.371,1786171668.371,PATH_FOLLOWING,9.121,-0.667,-2.931,53.75,0.243,-0.572,0.000,0.000,0.000,0.000,0.84,10.77566041,106.67092513,10.51,"10°46'32.38""N, 106°40'15.33""E",FIX,
13:47:48.435,1786171668.436,PATH_FOLLOWING,9.107,-0.670,-2.970,46.24,0.246,-0.443,0.000,0.000,0.000,0.000,0.84,10.77566041,106.67092513,10.51,"10°46'32.38""N, 106°40'15.33""E",FIX,
13:47:48.504,1786171668.504,PATH_FOLLOWING,9.092,-0.672,-2.999,38.93,0.248,-0.345,0.000,0.000,0.000,0.000,0.84,10.77566041,106.67092513,10.51,"10°46'32.38""N, 106°40'15.33""E",FIX,
13:47:48.591,1786171668.591,PATH_FOLLOWING,9.072,-0.675,-3.029,29.69,0.249,-0.245,0.000,0.000,0.000,0.000,0.84,10.77566019,106.67092522,10.51,"10°46'32.38""N, 106°40'15.33""E",FIX,
13:47:48.657,1786171668.657,PATH_FOLLOWING,9.058,-0.676,-3.045,23.75,0.249,-0.189,0.000,0.000,0.000,0.000,0.84,10.77566019,106.67092522,10.51,"10°46'32.38""N, 106°40'15.33""E",FIX,
13:47:48.739,1786171668.740,PATH_FOLLOWING,9.043,-0.677,-3.057,19.13,0.250,-0.149,0.000,0.000,0.000,0.000,0.84,10.77566019,106.67092522,10.51,"10°46'32.38""N, 106°40'15.33""E",FIX,
13:47:48.816,1786171668.817,PATH_FOLLOWING,9.028,-0.679,-3.067,15.13,0.250,-0.116,0.000,0.000,0.000,0.000,0.84,10.77565998,106.67092521,10.51,"10°46'32.38""N, 106°40'15.33""E",FIX,
13:47:48.906,1786171668.906,PATH_FOLLOWING,9.008,-0.680,-3.078,10.71,0.250,-0.081,0.000,0.000,0.000,0.000,0.84,10.77565998,106.67092521,10.51,"10°46'32.38""N, 106°40'15.33""E",FIX,
13:47:48.975,1786171668.975,PATH_FOLLOWING,8.988,-0.681,-3.085,7.42,0.250,-0.056,0.000,0.000,0.000,0.000,0.84,10.77565998,106.67092521,10.51,"10°46'32.38""N, 106°40'15.33""E",FIX,
13:47:49.049,1786171669.049,PATH_FOLLOWING,8.973,-0.682,-3.089,5.81,0.250,-0.044,0.000,0.000,0.000,0.000,0.84,10.77565976,106.67092517,10.51,"10°46'32.38""N, 106°40'15.33""E",FIX,
13:47:49.120,1786171669.121,PATH_FOLLOWING,8.958,-0.683,-3.092,4.56,0.250,-0.034,0.000,0.000,0.000,0.000,0.84,10.77565976,106.67092517,10.51,"10°46'32.38""N, 106°40'15.33""E",FIX,
13:47:49.195,1786171669.195,PATH_FOLLOWING,8.938,-0.684,-3.095,3.27,0.250,-0.025,0.000,0.000,0.000,0.000,0.84,10.77565976,106.67092517,10.51,"10°46'32.38""N, 106°40'15.33""E",FIX,
13:47:49.260,1786171669.261,PATH_FOLLOWING,8.928,-0.684,-3.096,2.80,0.250,-0.021,0.000,0.000,0.000,0.000,0.84,10.77565955,106.67092511,10.51,"10°46'32.37""N, 106°40'15.33""E",FIX,
13:47:49.348,1786171669.348,PATH_FOLLOWING,8.908,-0.685,-3.098,2.02,0.250,-0.015,0.000,0.000,0.000,0.000,0.84,10.77565955,106.67092511,10.51,"10°46'32.37""N, 106°40'15.33""E",FIX,
13:47:49.409,1786171669.410,PATH_FOLLOWING,8.893,-0.686,-3.099,1.56,0.250,-0.012,0.000,0.000,0.000,0.000,0.84,10.77565955,106.67092511,10.51,"10°46'32.37""N, 106°40'15.33""E",FIX,
13:47:49.497,1786171669.498,PATH_FOLLOWING,8.873,-0.687,-3.100,1.12,0.250,-0.008,0.000,0.000,0.000,0.000,0.84,10.77565933,106.67092504,10.51,"10°46'32.37""N, 106°40'15.33""E",FIX,
13:47:49.564,1786171669.565,PATH_FOLLOWING,8.858,-0.687,-3.100,0.87,0.250,-0.007,0.000,0.000,0.000,0.000,0.84,10.77565933,106.67092504,10.51,"10°46'32.37""N, 106°40'15.33""E",FIX,
13:47:49.625,1786171669.626,PATH_FOLLOWING,8.843,-0.688,-3.101,0.68,0.250,-0.005,0.000,0.000,0.000,0.000,0.84,10.77565933,106.67092504,10.51,"10°46'32.37""N, 106°40'15.33""E",FIX,
13:47:49.700,1786171669.700,PATH_FOLLOWING,8.828,-0.688,-3.101,0.53,0.250,-0.004,0.000,0.000,0.000,0.000,0.84,10.77565911,106.67092497,10.51,"10°46'32.37""N, 106°40'15.33""E",FIX,
13:47:49.780,1786171669.780,PATH_FOLLOWING,8.808,-0.689,-3.101,0.38,0.250,-0.003,0.000,0.000,0.000,0.000,0.84,10.77565911,106.67092497,10.51,"10°46'32.37""N, 106°40'15.33""E",FIX,
13:47:49.861,1786171669.861,PATH_FOLLOWING,8.793,-0.690,-3.102,0.30,0.250,-0.002,0.000,0.000,0.000,0.000,0.84,10.77565911,106.67092497,10.51,"10°46'32.37""N, 106°40'15.33""E",FIX,
13:47:49.936,1786171669.937,PATH_FOLLOWING,8.773,-0.691,-3.102,0.21,0.250,-0.002,0.000,0.000,0.000,0.000,0.84,10.77565890,106.67092491,10.51,"10°46'32.37""N, 106°40'15.33""E",FIX,
13:47:49.994,1786171669.995,PATH_FOLLOWING,8.763,-0.691,-3.102,0.18,0.250,-0.001,0.000,0.000,0.000,0.000,0.84,10.77565890,106.67092491,10.51,"10°46'32.37""N, 106°40'15.33""E",FIX,
13:47:50.077,1786171670.078,PATH_FOLLOWING,8.743,-0.692,-3.102,0.13,0.250,-0.001,0.000,0.000,0.000,0.000,0.84,10.77565890,106.67092491,10.51,"10°46'32.37""N, 106°40'15.33""E",FIX,
13:47:50.160,1786171670.161,PATH_FOLLOWING,8.723,-0.693,-3.102,0.09,0.250,-0.001,0.000,0.000,0.000,0.000,0.84,10.77565868,106.67092484,10.51,"10°46'32.37""N, 106°40'15.33""E",FIX,
13:47:50.225,1786171670.226,PATH_FOLLOWING,8.708,-0.693,-3.102,0.07,0.250,-0.001,0.000,0.000,0.000,0.000,0.84,10.77565868,106.67092484,10.51,"10°46'32.37""N, 106°40'15.33""E",FIX,
13:47:50.307,1786171670.307,PATH_FOLLOWING,8.688,-0.694,-3.102,0.05,0.250,-0.000,0.000,0.000,0.000,0.000,0.84,10.77565868,106.67092484,10.51,"10°46'32.37""N, 106°40'15.33""E",FIX,
13:47:50.374,1786171670.374,PATH_FOLLOWING,8.673,-0.695,-3.102,0.04,0.250,-0.000,0.000,0.000,0.000,0.000,0.84,10.77565847,106.67092477,10.51,"10°46'32.37""N, 106°40'15.33""E",FIX,
13:47:50.433,1786171670.434,PATH_FOLLOWING,8.663,-0.695,-3.102,0.04,0.250,-0.000,0.000,0.000,0.000,0.000,0.84,10.77565847,106.67092477,10.51,"10°46'32.37""N, 106°40'15.33""E",FIX,
13:47:50.520,1786171670.520,PATH_FOLLOWING,8.643,-0.696,-3.102,0.03,0.250,-0.000,0.000,0.000,0.000,0.000,0.84,10.77565847,106.67092477,10.51,"10°46'32.37""N, 106°40'15.33""E",FIX,
13:47:50.582,1786171670.582,PATH_FOLLOWING,8.628,-0.696,-3.102,0.02,0.250,-0.000,0.000,0.000,0.000,0.000,0.84,10.77565825,106.67092470,10.51,"10°46'32.37""N, 106°40'15.33""E",FIX,
13:47:50.652,1786171670.652,PATH_FOLLOWING,8.613,-0.697,-3.102,0.02,0.250,-0.000,0.000,0.000,0.000,0.000,0.84,10.77565825,106.67092470,10.51,"10°46'32.37""N, 106°40'15.33""E",FIX,
13:47:50.722,1786171670.723,PATH_FOLLOWING,8.598,-0.698,-3.102,0.01,0.250,-0.000,0.000,0.000,0.000,0.000,0.84,10.77565825,106.67092470,10.51,"10°46'32.37""N, 106°40'15.33""E",FIX,
13:47:50.804,1786171670.805,PATH_FOLLOWING,8.578,-0.698,-3.102,0.01,0.250,-0.000,0.000,0.000,0.000,0.000,0.84,10.77565804,106.67092463,10.51,"10°46'32.37""N, 106°40'15.33""E",FIX,
13:47:50.884,1786171670.884,PATH_FOLLOWING,8.563,-0.699,-3.102,0.01,0.250,-0.000,0.000,0.000,0.000,0.000,0.84,10.77565804,106.67092463,10.51,"10°46'32.37""N, 106°40'15.33""E",FIX,
13:47:50.951,1786171670.951,PATH_FOLLOWING,8.548,-0.700,-3.102,0.01,0.250,-0.000,0.000,0.000,0.000,0.000,0.84,10.77565804,106.67092463,10.51,"10°46'32.37""N, 106°40'15.33""E",FIX,
13:47:51.032,1786171671.032,PATH_FOLLOWING,8.528,-0.700,-3.102,0.00,0.250,-0.000,0.000,0.000,0.000,0.000,0.84,10.77565782,106.67092456,10.51,"10°46'32.37""N, 106°40'15.33""E",FIX,
13:47:51.100,1786171671.101,PATH_FOLLOWING,8.513,-0.701,-3.102,0.00,0.250,-0.000,0.000,0.000,0.000,0.000,0.84,10.77565782,106.67092456,10.51,"10°46'32.37""N, 106°40'15.33""E",FIX,
13:47:51.183,1786171671.183,PATH_FOLLOWING,8.493,-0.702,-3.102,0.00,0.250,-0.000,0.000,0.000,0.000,0.000,0.84,10.77565782,106.67092456,10.51,"10°46'32.37""N, 106°40'15.33""E",FIX,
13:47:51.260,1786171671.260,PATH_FOLLOWING,8.478,-0.702,-3.102,0.00,0.250,-0.000,0.000,0.000,0.000,0.000,0.84,10.77565761,106.67092449,10.51,"10°46'32.37""N, 106°40'15.33""E",FIX,
13:47:51.324,1786171671.324,PATH_FOLLOWING,8.463,-0.703,-3.102,0.00,0.250,-0.000,0.000,0.000,0.000,0.000,0.84,10.77565761,106.67092449,10.51,"10°46'32.37""N, 106°40'15.33""E",FIX,
13:47:51.406,1786171671.407,PATH_FOLLOWING,8.443,-0.704,-3.102,0.00,0.250,-0.000,0.000,0.000,0.000,0.000,0.84,10.77565761,106.67092449,10.51,"10°46'32.37""N, 106°40'15.33""E",FIX,
13:47:51.480,1786171671.480,PATH_FOLLOWING,8.433,-0.704,-3.102,0.00,0.250,-0.000,0.000,0.000,0.000,0.000,0.84,10.77565739,106.67092442,10.51,"10°46'32.37""N, 106°40'15.33""E",FIX,
13:47:51.550,1786171671.551,PATH_FOLLOWING,8.413,-0.705,-3.102,0.00,0.250,-0.000,0.000,0.000,0.000,0.000,0.84,10.77565739,106.67092442,10.51,"10°46'32.37""N, 106°40'15.33""E",FIX,
13:47:51.618,1786171671.618,PATH_FOLLOWING,8.398,-0.706,-3.102,0.00,0.250,-0.000,0.000,0.000,0.000,0.000,0.84,10.77565739,106.67092442,10.51,"10°46'32.37""N, 106°40'15.33""E",FIX,
13:47:51.701,1786171671.701,PATH_FOLLOWING,8.378,-0.706,-3.102,0.00,0.250,-0.000,0.000,0.000,0.000,0.000,0.84,10.77565718,106.67092435,10.51,"10°46'32.37""N, 106°40'15.33""E",FIX,
13:47:51.763,1786171671.763,PATH_FOLLOWING,8.363,-0.707,-3.102,0.00,0.250,-0.000,0.000,0.000,0.000,0.000,0.84,10.77565718,106.67092435,10.51,"10°46'32.37""N, 106°40'15.33""E",FIX,
13:47:51.848,1786171671.848,PATH_FOLLOWING,8.348,-0.707,-3.102,0.00,0.250,-0.000,0.000,0.000,0.000,0.000,0.84,10.77565718,106.67092435,10.51,"10°46'32.37""N, 106°40'15.33""E",FIX,
13:47:51.944,1786171671.945,PATH_FOLLOWING,8.328,-0.708,-3.102,0.00,0.250,-0.000,0.000,0.000,0.000,0.000,0.84,10.77565696,106.67092428,10.51,"10°46'32.37""N, 106°40'15.33""E",FIX,
13:47:52.018,1786171672.018,PATH_FOLLOWING,8.313,-0.709,-3.102,0.00,0.250,-0.000,0.000,0.000,0.000,0.000,0.84,10.77565696,106.67092428,10.51,"10°46'32.37""N, 106°40'15.33""E",FIX,
13:47:52.094,1786171672.095,PATH_FOLLOWING,8.298,-0.709,-3.102,0.00,0.250,-0.000,0.000,0.000,0.000,0.000,0.84,10.77565696,106.67092428,10.51,"10°46'32.37""N, 106°40'15.33""E",FIX,
13:47:52.171,1786171672.172,PATH_FOLLOWING,8.284,-0.710,-3.102,0.00,0.250,-0.000,0.000,0.000,0.000,0.000,0.84,10.77565675,106.67092421,10.51,"10°46'32.36""N, 106°40'15.33""E",FIX,
13:47:52.250,1786171672.250,PATH_FOLLOWING,8.264,-0.711,-3.102,0.00,0.250,-0.000,0.000,0.000,0.000,0.000,0.84,10.77565675,106.67092421,10.51,"10°46'32.36""N, 106°40'15.33""E",FIX,
13:47:52.327,1786171672.328,PATH_FOLLOWING,8.249,-0.711,-3.102,0.00,0.250,-0.000,0.000,0.000,0.000,0.000,0.84,10.77565675,106.67092421,10.51,"10°46'32.36""N, 106°40'15.33""E",FIX,
13:47:52.395,1786171672.396,PATH_FOLLOWING,8.234,-0.712,-3.102,0.00,0.250,-0.000,0.000,0.000,0.000,0.000,0.84,10.77565653,106.67092414,10.51,"10°46'32.36""N, 106°40'15.33""E",FIX,
13:47:52.492,1786171672.493,PATH_FOLLOWING,8.214,-0.713,-3.102,0.00,0.250,-0.000,0.000,0.000,0.000,0.000,0.84,10.77565653,106.67092414,10.51,"10°46'32.36""N, 106°40'15.33""E",FIX,
13:47:52.563,1786171672.563,PATH_FOLLOWING,8.199,-0.713,-3.102,0.00,0.250,-0.000,0.000,0.000,0.000,0.000,0.84,10.77565653,106.67092414,10.51,"10°46'32.36""N, 106°40'15.33""E",FIX,
13:47:52.629,1786171672.630,PATH_FOLLOWING,8.184,-0.714,-3.102,0.00,0.250,-0.000,0.000,0.000,0.000,0.000,0.84,10.77565631,106.67092408,10.51,"10°46'32.36""N, 106°40'15.33""E",FIX,
13:47:52.705,1786171672.706,PATH_FOLLOWING,8.164,-0.715,-3.102,0.00,0.250,-0.000,0.000,0.000,0.000,0.000,0.84,10.77565631,106.67092408,10.51,"10°46'32.36""N, 106°40'15.33""E",FIX,
13:47:52.778,1786171672.778,PATH_FOLLOWING,8.149,-0.715,-3.102,70.61,0.226,-1.107,0.000,0.000,0.000,0.000,0.84,10.77565631,106.67092408,10.51,"10°46'32.36""N, 106°40'15.33""E",FIX,
13:47:52.853,1786171672.854,PATH_FOLLOWING,8.135,-0.716,3.132,67.16,0.232,-0.950,0.000,0.000,0.000,0.000,0.84,10.77565610,106.67092401,10.51,"10°46'32.36""N, 106°40'15.33""E",FIX,
13:47:52.919,1786171672.920,PATH_FOLLOWING,8.121,-0.715,3.072,61.27,0.239,-0.751,0.000,0.000,0.000,0.000,0.84,10.77565610,106.67092401,10.51,"10°46'32.36""N, 106°40'15.33""E",FIX,
13:47:53.012,1786171673.012,PATH_FOLLOWING,8.102,-0.713,3.008,51.98,0.244,-0.538,0.000,0.000,0.000,0.000,0.84,10.77565610,106.67092401,10.51,"10°46'32.36""N, 106°40'15.33""E",FIX,
13:47:53.071,1786171673.071,PATH_FOLLOWING,8.088,-0.711,2.972,44.54,0.246,-0.418,0.000,0.000,0.000,0.000,0.84,10.77565590,106.67092400,10.51,"10°46'32.36""N, 106°40'15.33""E",FIX,
13:47:53.144,1786171673.144,PATH_FOLLOWING,8.073,-0.708,2.946,37.83,0.248,-0.332,0.000,0.000,0.000,0.000,0.84,10.77565590,106.67092400,10.51,"10°46'32.36""N, 106°40'15.33""E",FIX,
13:47:53.214,1786171673.214,PATH_FOLLOWING,8.059,-0.705,2.924,31.31,0.249,-0.261,0.000,0.000,0.000,0.000,0.84,10.77565590,106.67092400,10.51,"10°46'32.36""N, 106°40'15.33""E",FIX,
13:47:53.290,1786171673.291,PATH_FOLLOWING,8.039,-0.701,2.901,23.47,0.249,-0.187,0.000,0.000,0.000,0.000,0.84,10.77565570,106.67092395,10.51,"10°46'32.36""N, 106°40'15.33""E",FIX,
13:47:53.358,1786171673.359,PATH_FOLLOWING,8.025,-0.697,2.889,18.86,0.250,-0.147,0.000,0.000,0.000,0.000,0.84,10.77565570,106.67092395,10.51,"10°46'32.36""N, 106°40'15.33""E",FIX,
13:47:53.424,1786171673.424,PATH_FOLLOWING,8.010,-0.693,2.880,15.06,0.250,-0.116,0.000,0.000,0.000,0.000,0.84,10.77565570,106.67092395,10.51,"10°46'32.36""N, 106°40'15.33""E",FIX,
13:47:53.502,1786171673.503,PATH_FOLLOWING,7.996,-0.689,2.872,11.94,0.250,-0.091,0.000,0.000,0.000,0.000,0.84,10.77565570,106.67092395,10.51,"10°46'32.36""N, 106°40'15.33""E",FIX,
13:47:53.585,1786171673.585,PATH_FOLLOWING,7.977,-0.684,2.864,8.54,0.250,-0.065,0.000,0.000,0.000,0.000,0.84,10.77565550,106.67092386,10.51,"10°46'32.36""N, 106°40'15.33""E",FIX,
