Time,Unix_Timestamp,FSM_State,Pos_X_m,Pos_Y_m,Yaw_rad,Steer_Angle_deg,Linear_Vel_mps,Angular_Vel_radps,IMU_Yaw_rad,IMU_Angular_Vel_z,IMU_Accel_x,Confidence,Dist_Traveled_m,GPS_Latitude,GPS_Longitude,GPS_Altitude_m,GPS_DMS,GPS_Status,Event
14:23:07.489,1786173787.489,TRACKING,-1.500,0.400,-0.000,0.00,0.450,-0.000,0.000,0.000,0.000,0.000,0.00,10.77567059,106.67087528,10.00,"10°46'32.41""N, 106°40'15.15""E",ODOM_ESTIMATED,
14:23:07.504,1786173787.504,TRACKING,-1.500,0.400,-0.000,0.00,0.450,-0.000,0.000,0.000,0.000,0.000,0.00,10.77567062,106.67087529,10.51,"10°46'32.41""N, 106°40'15.15""E",FIX,
14:23:07.584,1786173787.585,TRACKING,-1.500,0.400,-0.000,0.00,0.450,-0.000,0.000,0.000,0.000,0.000,0.00,10.77567062,106.67087529,10.51,"10°46'32.41""N, 106°40'15.15""E",FIX,
14:23:07.703,1786173787.703,TRACKING,-1.500,0.400,-0.000,0.00,0.450,-0.000,0.000,0.000,0.000,0.000,0.00,10.77567062,106.67087529,10.51,"10°46'32.41""N, 106°40'15.15""E",FIX,
14:23:07.759,1786173787.760,TRACKING,-1.500,0.400,-0.000,0.00,0.450,-0.000,0.000,0.000,0.000,0.000,0.00,10.77567062,106.67087529,10.51,"10°46'32.41""N, 106°40'15.15""E",FIX,
14:23:07.802,1786173787.803,TRACKING,-1.500,0.400,-0.000,0.00,0.450,-0.000,0.000,0.000,0.000,0.000,0.00,10.77567062,106.67087529,10.51,"10°46'32.41""N, 106°40'15.15""E",FIX,
14:23:07.886,1786173787.886,TRACKING,-1.500,0.400,-0.000,0.00,0.450,-0.000,0.000,0.000,0.000,0.000,0.00,10.77567062,106.67087529,10.51,"10°46'32.41""N, 106°40'15.15""E",FIX,
14:23:07.952,1786173787.952,TRACKING,-1.500,0.400,-0.000,0.00,0.450,-0.000,0.000,0.000,0.000,0.000,0.00,10.77567062,106.67087529,10.51,"10°46'32.41""N, 106°40'15.15""E",FIX,
14:23:08.331,1786173788.332,TRACKING,-1.500,0.400,-0.000,0.00,0.450,-0.000,0.000,0.000,0.000,0.000,0.00,10.77567062,106.67087529,10.51,"10°46'32.41""N, 106°40'15.15""E",FIX,
14:23:08.355,1786173788.355,TRACKING,-1.500,0.400,-0.000,0.00,0.450,-0.000,0.000,0.000,0.000,0.000,0.00,10.77567062,106.67087529,10.51,"10°46'32.41""N, 106°40'15.15""E",FIX,
14:23:08.366,1786173788.367,TRACKING,-1.500,0.400,-0.000,0.00,0.450,-0.000,0.000,0.000,0.000,0.000,0.00,10.77567062,106.67087529,10.51,"10°46'32.41""N, 106°40'15.15""E",FIX,
14:23:08.376,1786173788.376,TRACKING,-1.500,0.400,-0.000,0.00,0.450,-0.000,0.000,0.000,0.000,0.000,0.00,10.77567062,106.67087529,10.51,"10°46'32.41""N, 106°40'15.15""E",FIX,
14:23:08.382,1786173788.383,TRACKING,-1.500,0.400,-0.000,0.00,0.450,-0.000,0.000,0.000,0.000,0.000,0.00,10.77567062,106.67087529,10.51,"10°46'32.41""N, 106°40'15.15""E",FIX,
14:23:08.392,1786173788.392,TRACKING,-1.495,0.400,-0.000,0.00,0.450,-0.000,0.000,0.000,0.000,0.000,0.00,10.77567062,106.67087529,10.51,"10°46'32.41""N, 106°40'15.15""E",FIX,
14:23:08.431,1786173788.431,TRACKING,-1.488,0.400,-0.000,0.00,0.450,-0.000,0.000,0.000,0.000,0.000,0.01,10.77567062,106.67087529,10.51,"10°46'32.41""N, 106°40'15.15""E",FIX,
14:23:08.511,1786173788.512,TRACKING,-1.472,0.400,-0.000,0.00,0.450,-0.000,0.000,0.000,0.000,0.000,0.03,10.77567062,106.67087529,10.51,"10°46'32.41""N, 106°40'15.15""E",FIX,
14:23:08.572,1786173788.572,TRACKING,-1.457,0.400,0.000,0.00,0.450,-0.000,0.000,0.000,0.000,0.000,0.04,10.77567062,106.67087529,10.51,"10°46'32.41""N, 106°40'15.15""E",FIX,
14:23:08.648,1786173788.648,TRACKING,-1.442,0.400,0.000,0.00,0.450,-0.000,0.000,0.000,0.000,0.000,0.06,10.77567062,106.67087529,10.51,"10°46'32.41""N, 106°40'15.15""E",FIX,
14:23:08.711,1786173788.712,TRACKING,-1.426,0.400,0.000,0.00,0.450,-0.000,0.000,0.000,0.000,0.000,0.07,10.77567062,106.67087529,10.51,"10°46'32.41""N, 106°40'15.15""E",FIX,
14:23:08.781,1786173788.781,TRACKING,-1.411,0.400,0.000,0.00,0.450,-0.000,0.000,0.000,0.000,0.000,0.09,10.77567062,106.67087529,10.51,"10°46'32.41""N, 106°40'15.15""E",FIX,
14:23:08.862,1786173788.863,TRACKING,-1.396,0.400,0.000,0.00,0.450,-0.000,0.000,0.000,0.000,0.000,0.10,10.77567062,106.67087529,10.51,"10°46'32.41""N, 106°40'15.15""E",FIX,
14:23:08.929,1786173788.930,TRACKING,-1.388,0.400,0.000,0.00,0.450,-0.000,0.000,0.000,0.000,0.000,0.11,10.77567062,106.67087529,10.51,"10°46'32.41""N, 106°40'15.15""E",FIX,
14:23:09.015,1786173789.016,TRACKING,-1.365,0.400,0.000,0.00,0.450,-0.000,0.000,0.000,0.000,0.021,0.13,10.77567062,106.67087529,10.51,"10°46'32.41""N, 106°40'15.15""E",FIX,
14:23:09.080,1786173789.081,TRACKING,-1.357,0.400,0.000,0.00,0.450,-0.000,0.000,0.000,0.000,0.083,0.14,10.77567062,106.67087529,10.51,"10°46'32.41""N, 106°40'15.15""E",FIX,
14:23:09.145,1786173789.146,TRACKING,-1.342,0.400,0.000,0.00,0.450,-0.000,0.000,0.000,0.000,0.125,0.16,10.77567062,106.67087529,10.51,"10°46'32.41""N, 106°40'15.15""E",FIX,
14:23:09.219,1786173789.219,TRACKING,-1.327,0.400,0.000,0.00,0.450,-0.000,0.000,0.000,0.000,0.167,0.17,10.77567062,106.67087529,10.51,"10°46'32.41""N, 106°40'15.15""E",FIX,
14:23:09.283,1786173789.283,TRACKING,-1.312,0.400,0.000,0.00,0.450,-0.000,0.000,0.000,0.000,0.250,0.19,10.77567062,106.67087529,10.51,"10°46'32.41""N, 106°40'15.15""E",FIX,
14:23:09.356,1786173789.356,TRACKING,-1.296,0.400,0.000,0.00,0.450,-0.000,0.000,0.000,0.000,0.292,0.20,10.77567062,106.67087529,10.51,"10°46'32.41""N, 106°40'15.15""E",FIX,
14:23:09.415,1786173789.416,TRACKING,-1.281,0.400,0.000,0.00,0.450,-0.000,0.000,0.000,0.000,0.354,0.22,10.77567062,106.67087727,10.51,"10°46'32.41""N, 106°40'15.16""E",FIX,
14:23:09.504,1786173789.505,TRACKING,-1.266,0.400,0.000,0.00,0.450,-0.000,0.000,0.000,0.000,0.417,0.23,10.77567062,106.67087727,10.51,"10°46'32.41""N, 106°40'15.16""E",FIX,
14:23:09.568,1786173789.568,TRACKING,-1.250,0.400,0.000,0.00,0.450,-0.000,0.000,0.000,0.000,0.479,0.25,10.77567062,106.67087727,10.51,"10°46'32.41""N, 106°40'15.16""E",FIX,
14:23:09.634,1786173789.634,TRACKING,-1.235,0.400,0.000,0.00,0.450,-0.000,0.000,0.000,0.000,0.542,0.26,10.77567062,106.67087768,10.51,"10°46'32.41""N, 106°40'15.16""E",FIX,
14:23:09.711,1786173789.712,TRACKING,-1.220,0.400,0.000,0.00,0.450,-0.000,0.000,0.000,0.000,0.604,0.28,10.77567062,106.67087768,10.51,"10°46'32.41""N, 106°40'15.16""E",FIX,
14:23:09.768,1786173789.769,TRACKING,-1.204,0.400,0.000,0.00,0.450,-0.000,0.000,0.000,0.000,0.667,0.30,10.77567062,106.67087768,10.51,"10°46'32.41""N, 106°40'15.16""E",FIX,
14:23:09.843,1786173789.844,TRACKING,-1.189,0.400,0.000,0.00,0.450,-0.000,0.000,0.000,0.000,0.750,0.31,10.77567062,106.67087809,10.51,"10°46'32.41""N, 106°40'15.16""E",FIX,
14:23:09.903,1786173789.903,TRACKING,-1.174,0.400,0.000,0.00,0.450,-0.000,0.000,0.000,0.000,0.812,0.33,10.77567062,106.67087809,10.51,"10°46'32.41""N, 106°40'15.16""E",FIX,
14:23:09.968,1786173789.969,TRACKING,-1.166,0.400,0.000,0.00,0.450,-0.000,0.000,0.000,0.000,0.896,0.33,10.77567062,106.67087809,10.51,"10°46'32.41""N, 106°40'15.16""E",FIX,
14:23:10.043,1786173790.044,TRACKING,-1.143,0.400,0.000,0.00,0.450,-0.000,0.000,0.000,0.000,0.958,0.36,10.77567062,106.67087851,10.51,"10°46'32.41""N, 106°40'15.16""E",FIX,
14:23:10.130,1786173790.131,TRACKING,-1.128,0.400,0.000,0.00,0.450,-0.000,0.000,0.000,0.000,1.000,0.37,10.77567062,106.67087851,10.51,"10°46'32.41""N, 106°40'15.16""E",FIX,
14:23:10.217,1786173790.217,TRACKING,-1.113,0.400,0.000,0.00,0.450,-0.000,0.000,0.000,0.000,1.000,0.39,10.77567062,106.67087851,10.51,"10°46'32.41""N, 106°40'15.16""E",FIX,
14:23:10.279,1786173790.280,TRACKING,-1.097,0.400,0.000,0.00,0.450,-0.000,0.000,0.000,0.000,1.000,0.40,10.77567062,106.67087892,10.51,"10°46'32.41""N, 106°40'15.16""E",FIX,
14:23:10.341,1786173790.341,TRACKING,-1.090,0.400,0.000,0.00,0.450,-0.000,0.000,0.000,0.000,1.000,0.41,10.77567062,106.67087892,10.51,"10°46'32.41""N, 106°40'15.16""E",FIX,
14:23:10.412,1786173790.413,TRACKING,-1.074,0.400,0.000,0.00,0.450,-0.000,0.000,0.000,0.000,1.000,0.43,10.77567062,106.67087892,10.51,"10°46'32.41""N, 106°40'15.16""E",FIX,
14:23:10.483,1786173790.483,TRACKING,-1.059,0.400,0.000,0.00,0.450,-0.000,0.000,0.000,0.000,1.000,0.44,10.77567062,106.67087933,10.51,"10°46'32.41""N, 106°40'15.17""E",FIX,
14:23:10.568,1786173790.569,TRACKING,-1.044,0.400,0.000,0.00,0.450,-0.000,0.000,0.000,0.000,1.000,0.46,10.77567062,106.67087933,10.51,"10°46'32.41""N, 106°40'15.17""E",FIX,
14:23:10.637,1786173790.637,TRACKING,-1.029,0.400,0.000,0.00,0.450,-0.000,0.000,0.000,0.000,1.000,0.47,10.77567062,106.67087933,10.51,"10°46'32.41""N, 106°40'15.17""E",FIX,
14:23:10.740,1786173790.741,TRACKING,-1.013,0.400,0.000,0.00,0.450,-0.000,0.000,0.000,0.000,1.000,0.49,10.77567062,106.67087974,10.51,"10°46'32.41""N, 106°40'15.17""E",FIX,
14:23:10.794,1786173790.794,TRACKING,-0.998,0.400,0.000,0.00,0.450,-0.000,0.000,0.000,0.000,1.000,0.50,10.77567062,106.67087974,10.51,"10°46'32.41""N, 106°40'15.17""E",FIX,
14:23:10.865,1786173790.866,TRACKING,-0.983,0.400,0.000,0.00,0.450,-0.000,0.000,0.000,0.000,1.000,0.52,10.77567062,106.67087974,10.51,"10°46'32.41""N, 106°40'15.17""E",FIX,
14:23:10.957,1786173790.958,TRACKING,-0.967,0.400,0.000,0.00,0.450,-0.000,0.000,0.000,0.000,1.000,0.53,10.77567062,106.67088015,10.51,"10°46'32.41""N, 106°40'15.17""E",FIX,
14:23:11.022,1786173791.022,TRACKING,-0.952,0.400,0.000,0.00,0.450,-0.000,0.000,0.000,0.000,1.000,0.55,10.77567062,106.67088015,10.51,"10°46'32.41""N, 106°40'15.17""E",FIX,
14:23:11.094,1786173791.095,TRACKING,-0.937,0.400,0.000,0.00,0.450,-0.000,0.000,0.000,0.000,1.000,0.56,10.77567062,106.67088015,10.51,"10°46'32.41""N, 106°40'15.17""E",FIX,
14:23:11.155,1786173791.155,TRACKING,-0.929,0.400,0.000,0.00,0.450,-0.000,0.000,0.000,0.000,1.000,0.57,10.77567062,106.67088056,10.51,"10°46'32.41""N, 106°40'15.17""E",FIX,
14:23:11.235,1786173791.236,TRACKING,-0.906,0.400,0.000,0.00,0.450,-0.006,0.000,0.000,0.000,1.000,0.59,10.77567062,106.67088056,10.51,"10°46'32.41""N, 106°40'15.17""E",FIX,
14:23:11.304,1786173791.305,TRACKING,-0.898,0.400,-0.000,0.00,0.450,-0.002,0.000,0.000,0.000,1.000,0.60,10.77567062,106.67088056,10.51,"10°46'32.41""N, 106°40'15.17""E",FIX,
14:23:11.379,1786173791.379,TRACKING,-0.883,0.400,-0.000,0.00,0.450,0.002,0.000,0.000,0.000,1.000,0.62,10.77567062,106.67088097,10.51,"10°46'32.41""N, 106°40'15.17""E",FIX,
14:23:11.453,1786173791.453,TRACKING,-0.868,0.400,-0.000,0.00,0.450,-0.006,0.000,0.000,0.000,1.000,0.63,10.77567062,106.67088097,10.51,"10°46'32.41""N, 106°40'15.17""E",FIX,
14:23:11.523,1786173791.524,TRACKING,-0.853,0.400,-0.000,0.01,0.450,-0.005,0.000,0.000,0.000,1.000,0.65,10.77567062,106.67088097,10.51,"10°46'32.41""N, 106°40'15.17""E",FIX,
14:23:11.597,1786173791.597,TRACKING,-0.837,0.400,-0.000,0.00,0.450,0.011,0.000,0.000,0.000,0.833,0.66,10.77567062,106.67088139,10.51,"10°46'32.41""N, 106°40'15.17""E",FIX,
14:23:11.688,1786173791.688,TRACKING,-0.814,0.400,-0.000,-0.00,0.450,0.006,0.000,0.000,0.000,0.625,0.69,10.77567062,106.67088139,10.51,"10°46'32.41""N, 106°40'15.17""E",FIX,
14:23:11.756,1786173791.756,TRACKING,-0.807,0.400,0.000,-0.00,0.450,0.006,0.000,0.000,0.000,0.708,0.69,10.77567062,106.67088139,10.51,"10°46'32.41""N, 106°40'15.17""E",FIX,
14:23:11.832,1786173791.833,TRACKING,-0.791,0.400,0.000,-0.01,0.450,0.005,0.000,0.000,0.000,0.771,0.71,10.77567062,106.67088180,10.51,"10°46'32.41""N, 106°40'15.17""E",FIX,
14:23:11.917,1786173791.918,TRACKING,-0.776,0.400,0.000,-0.01,0.450,0.004,0.000,0.000,0.000,0.833,0.72,10.77567062,106.67088180,10.51,"10°46'32.41""N, 106°40'15.17""E",FIX,
14:23:12.011,1786173792.011,TRACKING,-0.753,0.400,0.001,-0.00,0.450,-0.003,0.000,0.000,0.000,0.917,0.75,10.77567062,106.67088180,10.51,"10°46'32.41""N, 106°40'15.17""E",FIX,
14:23:12.082,1786173792.083,TRACKING,-0.745,0.400,0.001,-0.01,0.450,0.005,0.000,0.000,0.000,1.000,0.75,10.77567062,106.67088221,10.51,"10°46'32.41""N, 106°40'15.18""E",FIX,
14:23:12.174,1786173792.174,TRACKING,-0.730,0.400,0.001,-0.00,0.450,-0.003,0.000,0.000,0.000,1.000,0.77,10.77567062,106.67088221,10.51,"10°46'32.41""N, 106°40'15.18""E",FIX,
14:23:12.253,1786173792.254,TRACKING,-0.715,0.400,0.001,-0.01,0.450,0.005,0.000,0.000,0.000,1.000,0.79,10.77567062,106.67088221,10.51,"10°46'32.41""N, 106°40'15.18""E",FIX,
14:23:12.326,1786173792.326,TRACKING,-0.700,0.400,0.001,-0.01,0.450,0.004,0.000,0.000,0.000,1.000,0.80,10.77567062,106.67088262,10.51,"10°46'32.41""N, 106°40'15.18""E",FIX,
14:23:12.416,1786173792.417,TRACKING,-0.684,0.400,0.001,-0.00,0.450,-0.003,0.000,0.000,0.000,1.000,0.82,10.77567062,106.67088262,10.51,"10°46'32.41""N, 106°40'15.18""E",FIX,
14:23:12.526,1786173792.527,TRACKING,-0.661,0.400,0.001,-0.00,0.450,-0.001,0.000,0.000,0.000,1.000,0.84,10.77567062,106.67088262,10.51,"10°46'32.41""N, 106°40'15.18""E",FIX,
14:23:12.560,1786173792.560,TRACKING,-0.654,0.400,0.001,-0.01,0.450,0.012,0.000,0.000,0.000,1.000,0.85,10.77567062,106.67088303,10.51,"10°46'32.41""N, 106°40'15.18""E",FIX,
14:23:12.623,1786173792.624,TRACKING,-0.638,0.400,0.001,-0.00,0.450,-0.003,0.000,0.000,0.000,1.000,0.86,10.77567062,106.67088303,10.51,"10°46'32.41""N, 106°40'15.18""E",FIX,
14:23:12.703,1786173792.704,TRACKING,-0.623,0.400,0.001,-0.00,0.450,-0.002,0.000,0.000,0.000,1.000,0.88,10.77567062,106.67088303,10.51,"10°46'32.41""N, 106°40'15.18""E",FIX,
14:23:12.791,1786173792.791,TRACKING,-0.608,0.400,0.001,-0.00,0.450,0.005,0.000,0.000,0.000,1.000,0.89,10.77567062,106.67088344,10.51,"10°46'32.41""N, 106°40'15.18""E",FIX,
14:23:12.857,1786173792.858,TRACKING,-0.592,0.400,0.001,-0.01,0.450,0.005,0.000,0.000,0.000,1.000,0.91,10.77567062,106.67088344,10.51,"10°46'32.41""N, 106°40'15.18""E",FIX,
14:23:12.915,1786173792.915,TRACKING,-0.585,0.400,0.001,-0.01,0.450,0.000,0.000,0.000,0.000,1.000,0.92,10.77567062,106.67088344,10.51,"10°46'32.41""N, 106°40'15.18""E",FIX,
14:23:12.984,1786173792.985,TRACKING,-0.570,0.400,0.001,-0.01,0.450,0.001,0.000,0.000,0.000,1.000,0.93,10.77567062,106.67088344,10.51,"10°46'32.41""N, 106°40'15.18""E",FIX,
14:23:13.079,1786173793.080,TRACKING,-0.554,0.400,0.001,-0.01,0.450,0.004,0.000,0.000,0.000,1.000,0.95,10.77567062,106.67088385,10.51,"10°46'32.41""N, 106°40'15.18""E",FIX,
14:23:13.143,1786173793.144,TRACKING,-0.539,0.400,0.001,-0.01,0.450,0.004,0.000,0.000,0.000,1.000,0.96,10.77567062,106.67088385,10.51,"10°46'32.41""N, 106°40'15.18""E",FIX,
14:23:13.223,1786173793.223,TRACKING,-0.524,0.400,0.001,-0.01,0.450,0.003,0.000,0.000,0.000,1.000,0.98,10.77567062,106.67088385,10.51,"10°46'32.41""N, 106°40'15.18""E",FIX,
14:23:13.298,1786173793.298,TRACKING,-0.508,0.400,0.002,-0.01,0.450,-0.004,0.000,0.000,0.000,1.000,0.99,10.77567062,106.67088427,10.51,"10°46'32.41""N, 106°40'15.18""E",FIX,
14:23:13.375,1786173793.375,TRACKING,-0.493,0.400,0.002,-0.01,0.450,0.004,0.000,0.000,0.000,1.000,1.01,10.77567062,106.67088427,10.51,"10°46'32.41""N, 106°40'15.18""E",FIX,
14:23:13.438,1786173793.438,TRACKING,-0.478,0.400,0.002,0.00,0.450,-0.020,0.000,0.000,0.000,1.000,1.02,10.77567062,106.67088427,10.51,"10°46'32.41""N, 106°40'15.18""E",FIX,
14:23:13.516,1786173793.517,TRACKING,-0.462,0.400,0.001,0.01,0.450,-0.012,0.000,0.000,0.000,1.000,1.04,10.77567062,106.67088468,10.51,"10°46'32.41""N, 106°40'15.18""E",FIX,
14:23:13.584,1786173793.585,TRACKING,-0.447,0.400,0.001,0.01,0.450,-0.011,0.000,0.000,0.000,1.000,1.05,10.77567062,106.67088468,10.51,"10°46'32.41""N, 106°40'15.18""E",FIX,
14:23:13.659,1786173793.659,TRACKING,-0.432,0.400,0.000,0.01,0.450,-0.008,0.000,0.000,0.000,0.604,1.07,10.77567062,106.67088509,10.51,"10°46'32.41""N, 106°40'15.19""E",FIX,
14:23:13.722,1786173793.723,TRACKING,-0.417,0.400,0.000,0.02,0.450,-0.007,0.000,0.000,0.000,0.667,1.08,10.77567062,106.67088509,10.51,"10°46'32.41""N, 106°40'15.19""E",FIX,
14:23:13.786,1786173793.786,TRACKING,-0.401,0.400,-0.000,0.02,0.450,-0.007,0.000,0.000,0.000,0.750,1.10,10.77567062,106.67088509,10.51,"10°46'32.41""N, 106°40'15.19""E",FIX,
14:23:13.852,1786173793.853,TRACKING,-0.394,0.400,-0.000,0.02,0.450,-0.006,0.000,0.000,0.000,0.812,1.11,10.77567062,106.67088509,10.51,"10°46'32.41""N, 106°40'15.19""E",FIX,
14:23:13.932,1786173793.932,TRACKING,-0.378,0.400,-0.000,0.02,0.450,-0.006,0.000,0.000,0.000,0.875,1.12,10.77567062,106.67088550,10.51,"10°46'32.41""N, 106°40'15.19""E",FIX,
14:23:14.081,1786173794.081,TRACKING,-0.348,0.400,-0.001,0.02,0.450,-0.005,0.000,0.000,0.000,0.958,1.15,10.77567062,106.67088550,10.51,"10°46'32.41""N, 106°40'15.19""E",FIX,
14:23:14.119,1786173794.119,TRACKING,-0.348,0.400,-0.001,0.02,0.450,-0.006,0.000,0.000,0.000,1.000,1.15,10.77567062,106.67088550,10.51,"10°46'32.41""N, 106°40'15.19""E",FIX,
14:23:14.203,1786173794.203,TRACKING,-0.332,0.400,-0.001,0.02,0.450,-0.005,0.000,0.000,0.000,1.000,1.17,10.77567062,106.67088591,10.51,"10°46'32.41""N, 106°40'15.19""E",FIX,
14:23:14.266,1786173794.267,TRACKING,-0.317,0.400,-0.001,0.01,0.450,0.002,0.000,0.000,0.000,1.000,1.18,10.77567062,106.67088591,10.51,"10°46'32.41""N, 106°40'15.19""E",FIX,
14:23:14.336,1786173794.336,TRACKING,-0.302,0.400,-0.001,0.01,0.450,0.001,0.000,0.000,0.000,1.000,1.20,10.77567062,106.67088591,10.51,"10°46'32.41""N, 106°40'15.19""E",FIX,
14:23:14.414,1786173794.415,TRACKING,-0.286,0.400,-0.001,0.01,0.450,-0.001,0.000,0.000,0.000,1.000,1.21,10.77567062,106.67088632,10.51,"10°46'32.41""N, 106°40'15.19""E",FIX,
14:23:14.485,1786173794.485,TRACKING,-0.271,0.400,-0.001,0.01,0.450,-0.001,0.000,0.000,0.000,1.000,1.23,10.77567062,106.67088632,10.51,"10°46'32.41""N, 106°40'15.19""E",FIX,
14:23:14.583,1786173794.583,TRACKING,-0.248,0.400,-0.001,0.01,0.450,-0.002,0.000,0.000,0.000,1.000,1.25,10.77567062,106.67088673,10.51,"10°46'32.41""N, 106°40'15.19""E",FIX,
14:23:14.673,1786173794.674,TRACKING,-0.233,0.400,-0.001,0.01,0.450,-0.002,0.000,0.000,0.000,1.000,1.27,10.77567062,106.67088673,10.51,"10°46'32.41""N, 106°40'15.19""E",FIX,
14:23:14.751,1786173794.752,TRACKING,-0.218,0.400,-0.001,0.01,0.450,-0.002,0.000,0.000,0.000,1.000,1.28,10.77567062,106.67088673,10.51,"10°46'32.41""N, 106°40'15.19""E",FIX,
14:23:14.812,1786173794.812,TRACKING,-0.210,0.400,-0.001,0.01,0.450,-0.002,0.000,0.000,0.000,1.000,1.29,10.77567062,106.67088673,10.51,"10°46'32.41""N, 106°40'15.19""E",FIX,
14:23:14.894,1786173794.894,TRACKING,-0.195,0.400,-0.001,0.01,0.450,-0.002,0.000,0.000,0.000,1.000,1.31,10.77567062,106.67088715,10.51,"10°46'32.41""N, 106°40'15.19""E",FIX,
14:23:14.955,1786173794.956,TRACKING,-0.187,0.400,-0.001,0.01,0.450,-0.002,0.000,0.000,0.000,1.000,1.31,10.77567062,106.67088715,10.51,"10°46'32.41""N, 106°40'15.19""E",FIX,
14:23:15.043,1786173795.044,TRACKING,-0.164,0.400,-0.002,0.01,0.450,-0.002,0.000,0.000,0.000,1.000,1.34,10.77567062,106.67088715,10.51,"10°46'32.41""N, 106°40'15.19""E",FIX,
14:23:15.104,1786173795.104,TRACKING,-0.149,0.400,-0.002,0.01,0.450,-0.002,0.000,0.000,0.000,1.000,1.35,10.77567062,106.67088756,10.51,"10°46'32.41""N, 106°40'15.20""E",FIX,
14:23:15.176,1786173795.177,TRACKING,-0.141,0.400,-0.002,0.01,0.450,-0.002,0.000,0.000,0.000,1.000,1.36,10.77567062,106.67088756,10.51,"10°46'32.41""N, 106°40'15.20""E",FIX,
14:23:15.252,1786173795.252,TRACKING,-0.126,0.400,-0.002,0.01,0.450,-0.002,0.000,0.000,0.000,1.000,1.37,10.77567062,106.67088756,10.51,"10°46'32.41""N, 106°40'15.20""E",FIX,
14:23:15.335,1786173795.335,TRACKING,-0.103,0.400,-0.002,0.01,0.450,0.004,0.000,0.000,0.000,1.000,1.40,10.77567062,106.67088797,10.51,"10°46'32.41""N, 106°40'15.20""E",FIX,
14:23:15.398,1786173795.398,TRACKING,-0.095,0.400,-0.002,0.00,0.450,0.005,0.000,0.000,0.000,1.000,1.40,10.77567062,106.67088797,10.51,"10°46'32.41""N, 106°40'15.20""E",FIX,
14:23:15.474,1786173795.474,TRACKING,-0.080,0.400,-0.002,0.00,0.450,0.002,0.000,0.000,0.000,1.000,1.42,10.77567062,106.67088797,10.51,"10°46'32.41""N, 106°40'15.20""E",FIX,
14:23:15.542,1786173795.543,TRACKING,-0.065,0.400,-0.002,0.00,0.450,0.001,0.000,0.000,0.000,1.000,1.44,10.77567062,106.67088838,10.51,"10°46'32.41""N, 106°40'15.20""E",FIX,
14:23:15.609,1786173795.610,TRACKING,-0.049,0.400,-0.002,0.00,0.450,0.001,0.000,0.000,0.000,0.500,1.45,10.77567062,106.67088838,10.51,"10°46'32.41""N, 106°40'15.20""E",FIX,
14:23:15.684,1786173795.684,TRACKING,-0.034,0.400,-0.002,-0.00,0.450,0.008,0.000,0.000,0.000,0.562,1.47,10.77567062,106.67088838,10.51,"10°46'32.41""N, 106°40'15.20""E",FIX,
14:23:15.763,1786173795.763,TRACKING,-0.019,0.400,-0.001,-0.00,0.450,-0.001,0.000,0.000,0.000,0.625,1.48,10.77567062,106.67088879,10.51,"10°46'32.41""N, 106°40'15.20""E",FIX,
14:23:15.837,1786173795.837,TRACKING,-0.003,0.400,-0.001,-0.00,0.450,-0.001,0.000,0.000,0.000,0.687,1.50,10.77567062,106.67088879,10.51,"10°46'32.41""N, 106°40'15.20""E",FIX,
14:23:15.905,1786173795.905,TRACKING,0.012,0.400,-0.001,-0.00,0.450,-0.001,0.000,0.000,0.000,0.750,1.51,10.77567062,106.67088879,10.51,"10°46'32.41""N, 106°40'15.20""E",FIX,
14:23:15.967,1786173795.968,TRACKING,0.027,0.400,-0.001,-0.00,0.450,-0.000,0.000,0.000,0.000,0.833,1.53,10.77567062,106.67088920,10.51,"10°46'32.41""N, 106°40'15.20""E",FIX,
14:23:16.038,1786173796.039,TRACKING,0.042,0.400,-0.001,-0.00,0.450,-0.000,0.000,0.000,0.000,0.917,1.54,10.77567062,106.67088920,10.51,"10°46'32.41""N, 106°40'15.20""E",FIX,
14:23:16.115,1786173796.115,TRACKING,0.058,0.400,-0.001,-0.00,0.450,-0.000,0.000,0.000,0.000,1.000,1.56,10.77567062,106.67088920,10.51,"10°46'32.41""N, 106°40'15.20""E",FIX,
14:23:16.178,1786173796.179,TRACKING,0.073,0.400,-0.001,-0.00,0.450,-0.000,0.000,0.000,0.000,1.000,1.57,10.77567062,106.67088961,10.51,"10°46'32.41""N, 106°40'15.20""E",FIX,
14:23:16.252,1786173796.252,TRACKING,0.088,0.400,-0.001,-0.00,0.450,-0.000,0.000,0.000,0.000,1.000,1.59,10.77567062,106.67088961,10.51,"10°46'32.41""N, 106°40'15.20""E",FIX,
14:23:16.324,1786173796.325,TRACKING,0.104,0.400,-0.001,-0.00,0.450,-0.000,0.000,0.000,0.000,1.000,1.60,10.77567062,106.67088961,10.51,"10°46'32.41""N, 106°40'15.20""E",FIX,
14:23:16.402,1786173796.403,TRACKING,0.119,0.400,-0.001,-0.00,0.450,-0.000,0.000,0.000,0.000,1.000,1.62,10.77567062,106.67089003,10.51,"10°46'32.41""N, 106°40'15.20""E",FIX,
14:23:16.465,1786173796.465,TRACKING,0.134,0.400,-0.001,-0.00,0.450,0.009,0.000,0.000,0.000,1.000,1.63,10.77567062,106.67089003,10.51,"10°46'32.41""N, 106°40'15.20""E",FIX,
14:23:16.537,1786173796.538,TRACKING,0.142,0.400,-0.001,-0.00,0.450,-0.002,0.000,0.000,0.000,1.000,1.64,10.77567062,106.67089003,10.51,"10°46'32.41""N, 106°40'15.20""E",FIX,
14:23:16.607,1786173796.608,TRACKING,0.157,0.400,-0.001,-0.00,0.450,-0.001,0.000,0.000,0.000,1.000,1.66,10.77567061,106.67089044,10.51,"10°46'32.41""N, 106°40'15.21""E",FIX,
14:23:16.689,1786173796.690,TRACKING,0.173,0.400,-0.001,-0.00,0.450,-0.001,0.000,0.000,0.000,1.000,1.67,10.77567061,106.67089044,10.51,"10°46'32.41""N, 106°40'15.21""E",FIX,
14:23:16.766,1786173796.767,TRACKING,0.188,0.400,-0.001,-0.00,0.450,-0.000,0.000,0.000,0.000,1.000,1.69,10.77567061,106.67089044,10.51,"10°46'32.41""N, 106°40'15.21""E",FIX,
14:23:16.835,1786173796.836,TRACKING,0.203,0.400,-0.001,-0.00,0.450,-0.000,0.000,0.000,0.000,1.000,1.70,10.77567061,106.67089085,10.51,"10°46'32.41""N, 106°40'15.21""E",FIX,
14:23:16.907,1786173796.907,TRACKING,0.218,0.400,-0.001,-0.00,0.450,0.008,0.000,0.000,0.000,1.000,1.72,10.77567061,106.67089085,10.51,"10°46'32.41""N, 106°40'15.21""E",FIX,
14:23:16.977,1786173796.978,TRACKING,0.234,0.400,-0.001,-0.00,0.450,-0.002,0.000,0.000,0.000,1.000,1.73,10.77567061,106.67089085,10.51,"10°46'32.41""N, 106°40'15.21""E",FIX,
14:23:17.052,1786173797.053,TRACKING,0.249,0.400,-0.001,-0.00,0.450,-0.001,0.000,0.000,0.000,1.000,1.75,10.77567061,106.67089126,10.51,"10°46'32.41""N, 106°40'15.21""E",FIX,
14:23:17.120,1786173797.121,TRACKING,0.264,0.400,-0.001,-0.00,0.450,0.007,0.000,0.000,0.000,1.000,1.76,10.77567061,106.67089126,10.51,"10°46'32.41""N, 106°40'15.21""E",FIX,
14:23:17.192,1786173797.193,TRACKING,0.280,0.400,-0.001,-0.00,0.450,0.001,0.000,0.000,0.000,1.000,1.78,10.77567061,106.67089126,10.51,"10°46'32.41""N, 106°40'15.21""E",FIX,
14:23:17.263,1786173797.263,TRACKING,0.295,0.400,-0.001,-0.00,0.450,-0.002,0.000,0.000,0.000,1.000,1.79,10.77567061,106.67089167,10.51,"10°46'32.41""N, 106°40'15.21""E",FIX,
14:23:17.336,1786173797.336,TRACKING,0.310,0.400,-0.001,-0.01,0.450,0.006,0.000,0.000,0.000,1.000,1.81,10.77567061,106.67089167,10.51,"10°46'32.41""N, 106°40'15.21""E",FIX,
14:23:17.421,1786173797.422,TRACKING,0.326,0.400,-0.001,-0.00,0.450,-0.002,0.000,0.000,0.000,1.000,1.83,10.77567061,106.67089167,10.51,"10°46'32.41""N, 106°40'15.21""E",FIX,
14:23:17.484,1786173797.485,TRACKING,0.341,0.400,-0.001,-0.00,0.450,-0.002,0.000,0.000,0.000,1.000,1.84,10.77567061,106.67089208,10.51,"10°46'32.41""N, 106°40'15.21""E",FIX,
14:23:17.567,1786173797.567,TRACKING,0.356,0.400,-0.001,-0.00,0.450,-0.001,0.000,0.000,0.000,1.000,1.86,10.77567061,106.67089208,10.51,"10°46'32.41""N, 106°40'15.21""E",FIX,
14:23:17.618,1786173797.619,TRACKING,0.371,0.400,-0.001,-0.00,0.450,-0.001,0.000,0.000,0.000,0.583,1.87,10.77567061,106.67089208,10.51,"10°46'32.41""N, 106°40'15.21""E",FIX,
14:23:17.681,1786173797.681,TRACKING,0.379,0.400,-0.001,-0.00,0.450,-0.001,0.000,0.000,0.000,0.646,1.88,10.77567061,106.67089249,10.51,"10°46'32.41""N, 106°40'15.21""E",FIX,
14:23:17.755,1786173797.755,TRACKING,0.402,0.400,-0.001,-0.00,0.450,-0.000,0.000,0.000,0.000,0.708,1.90,10.77567061,106.67089249,10.51,"10°46'32.41""N, 106°40'15.21""E",FIX,
14:23:17.815,1786173797.815,TRACKING,0.410,0.400,-0.001,-0.00,0.450,-0.000,0.000,0.000,0.000,0.771,1.91,10.77567061,106.67089249,10.51,"10°46'32.41""N, 106°40'15.21""E",FIX,
14:23:17.886,1786173797.886,TRACKING,0.425,0.400,-0.001,-0.00,0.450,-0.000,0.000,0.000,0.000,0.854,1.92,10.77567061,106.67089291,10.51,"10°46'32.41""N, 106°40'15.21""E",FIX,
14:23:17.958,1786173797.958,TRACKING,0.440,0.399,-0.001,-0.00,0.450,-0.000,0.000,0.000,0.000,0.917,1.94,10.77567061,106.67089291,10.51,"10°46'32.41""N, 106°40'15.21""E",FIX,
14:23:18.031,1786173798.031,TRACKING,0.456,0.399,-0.001,-0.00,0.450,-0.000,0.000,0.000,0.000,1.000,1.96,10.77567061,106.67089291,10.51,"10°46'32.41""N, 106°40'15.21""E",FIX,
14:23:18.093,1786173798.093,TRACKING,0.471,0.399,-0.001,-0.00,0.450,-0.000,0.000,0.000,0.000,1.000,1.97,10.77567061,106.67089332,10.51,"10°46'32.41""N, 106°40'15.22""E",FIX,
14:23:18.168,1786173798.169,TRACKING,0.486,0.399,-0.001,-0.00,0.450,-0.000,0.000,0.000,0.000,1.000,1.99,10.77567061,106.67089332,10.51,"10°46'32.41""N, 106°40'15.22""E",FIX,
14:23:18.228,1786173798.228,TRACKING,0.501,0.399,-0.001,-0.00,0.450,-0.000,0.000,0.000,0.000,1.000,2.00,10.77567061,106.67089332,10.51,"10°46'32.41""N, 106°40'15.22""E",FIX,
14:23:18.302,1786173798.303,TRACKING,0.517,0.399,-0.001,-0.00,0.450,-0.000,0.000,0.000,0.000,1.000,2.02,10.77567061,106.67089373,10.51,"10°46'32.41""N, 106°40'15.22""E",FIX,
14:23:18.371,1786173798.372,TRACKING,0.532,0.399,-0.001,-0.00,0.450,-0.000,0.000,0.000,0.000,1.000,2.03,10.77567061,106.67089373,10.51,"10°46'32.41""N, 106°40'15.22""E",FIX,
14:23:18.450,1786173798.450,TRACKING,0.547,0.399,-0.001,-0.00,0.450,-0.000,0.000,0.000,0.000,1.000,2.05,10.77567061,106.67089373,10.51,"10°46'32.41""N, 106°40'15.22""E",FIX,
14:23:18.524,1786173798.524,TRACKING,0.563,0.399,-0.001,-0.00,0.450,-0.000,0.000,0.000,0.000,1.000,2.06,10.77567061,106.67089414,10.51,"10°46'32.41""N, 106°40'15.22""E",FIX,
14:23:18.595,1786173798.595,TRACKING,0.578,0.399,-0.001,-0.00,0.450,-0.000,0.000,0.000,0.000,1.000,2.08,10.77567061,106.67089414,10.51,"10°46'32.41""N, 106°40'15.22""E",FIX,
14:23:18.668,1786173798.669,TRACKING,0.593,0.399,-0.001,-0.00,0.450,-0.000,0.000,0.000,0.000,1.000,2.09,10.77567061,106.67089414,10.51,"10°46'32.41""N, 106°40'15.22""E",FIX,
14:23:18.757,1786173798.757,TRACKING,0.609,0.399,-0.001,-0.00,0.450,-0.000,0.000,0.000,0.000,1.000,2.11,10.77567061,106.67089455,10.51,"10°46'32.41""N, 106°40'15.22""E",FIX,
14:23:18.848,1786173798.848,TRACKING,0.624,0.399,-0.001,-0.00,0.450,-0.000,0.000,0.000,0.000,1.000,2.12,10.77567061,106.67089455,10.51,"10°46'32.41""N, 106°40'15.22""E",FIX,
14:23:18.968,1786173798.968,TRACKING,0.639,0.399,-0.001,-0.00,0.450,-0.000,0.000,0.000,0.000,1.000,2.14,10.77567061,106.67089455,10.51,"10°46'32.41""N, 106°40'15.22""E",FIX,
14:23:19.061,1786173799.061,TRACKING,0.647,0.399,-0.001,-0.00,0.450,-0.000,0.000,0.000,0.000,1.000,2.15,10.77567061,106.67089496,10.51,"10°46'32.41""N, 106°40'15.22""E",FIX,
14:23:19.171,1786173799.171,TRACKING,0.670,0.399,-0.001,-0.00,0.450,-0.000,0.000,0.000,0.000,1.000,2.17,10.77567061,106.67089496,10.51,"10°46'32.41""N, 106°40'15.22""E",FIX,
14:23:19.232,1786173799.233,TRACKING,0.685,0.399,-0.001,-0.00,0.450,-0.000,0.000,0.000,0.000,1.000,2.19,10.77567061,106.67089496,10.51,"10°46'32.41""N, 106°40'15.22""E",FIX,
14:23:19.306,1786173799.307,TRACKING,0.693,0.399,-0.001,-0.00,0.450,-0.000,0.000,0.000,0.000,1.000,2.19,10.77567061,106.67089537,10.51,"10°46'32.41""N, 106°40'15.22""E",FIX,
14:23:19.438,1786173799.438,TRACKING,0.716,0.399,-0.001,-0.00,0.450,-0.000,0.000,0.000,0.000,1.000,2.22,10.77567061,106.67089537,10.51,"10°46'32.41""N, 106°40'15.22""E",FIX,
14:23:19.558,1786173799.558,TRACKING,0.723,0.399,-0.001,-0.00,0.450,-0.000,0.000,0.000,0.000,1.000,2.22,10.77567061,106.67089537,10.51,"10°46'32.41""N, 106°40'15.22""E",FIX,
14:23:19.656,1786173799.657,TRACKING,0.739,0.399,-0.001,-0.00,0.450,-0.000,0.000,0.000,0.000,1.000,2.24,10.77567061,106.67089579,10.51,"10°46'32.41""N, 106°40'15.22""E",FIX,
14:23:19.731,1786173799.732,TRACKING,0.754,0.399,-0.001,-0.00,0.450,-0.000,0.000,0.000,0.000,1.000,2.25,10.77567061,106.67089579,10.51,"10°46'32.41""N, 106°40'15.22""E",FIX,
14:23:19.827,1786173799.828,TRACKING,0.769,0.399,-0.001,-0.00,0.450,-0.000,0.000,0.000,0.000,0.583,2.27,10.77567061,106.67089579,10.51,"10°46'32.41""N, 106°40'15.22""E",FIX,
14:23:19.902,1786173799.902,TRACKING,0.785,0.399,-0.001,-0.00,0.450,-0.000,0.000,0.000,0.000,0.667,2.28,10.77567061,106.67089620,10.51,"10°46'32.41""N, 106°40'15.23""E",FIX,
14:23:20.009,1786173800.010,TRACKING,0.807,0.399,-0.001,-0.00,0.450,-0.000,0.000,0.000,0.000,0.729,2.31,10.77567061,106.67089620,10.51,"10°46'32.41""N, 106°40'15.23""E",FIX,
14:23:20.054,1786173800.055,TRACKING,0.815,0.399,-0.001,-0.00,0.450,-0.000,0.000,0.000,0.000,0.812,2.32,10.77567061,106.67089620,10.51,"10°46'32.41""N, 106°40'15.23""E",FIX,
14:23:20.149,1786173800.150,TRACKING,0.830,0.399,-0.001,-0.00,0.450,-0.000,0.000,0.000,0.000,0.875,2.33,10.77567061,106.67089661,10.51,"10°46'32.41""N, 106°40'15.23""E",FIX,
14:23:20.250,1786173800.250,TRACKING,0.846,0.399,-0.001,-0.00,0.450,-0.000,0.000,0.000,0.000,0.958,2.35,10.77567061,106.67089661,10.51,"10°46'32.41""N, 106°40'15.23""E",FIX,
14:23:20.336,1786173800.337,TRACKING,0.861,0.399,-0.001,-0.00,0.450,-0.000,0.000,0.000,0.000,1.000,2.36,10.77567061,106.67089661,10.51,"10°46'32.41""N, 106°40'15.23""E",FIX,
14:23:20.420,1786173800.420,TRACKING,0.876,0.399,-0.001,-0.00,0.450,-0.000,0.000,0.000,0.000,1.000,2.38,10.77567061,106.67089702,10.51,"10°46'32.41""N, 106°40'15.23""E",FIX,
14:23:20.512,1786173800.513,TRACKING,0.892,0.399,-0.001,-0.00,0.450,-0.000,0.000,0.000,0.000,1.000,2.39,10.77567061,106.67089702,10.51,"10°46'32.41""N, 106°40'15.23""E",FIX,
14:23:20.575,1786173800.575,TRACKING,0.907,0.399,-0.001,-0.00,0.450,-0.000,0.000,0.000,0.000,1.000,2.41,10.77567061,106.67089702,10.51,"10°46'32.41""N, 106°40'15.23""E",FIX,
14:23:20.644,1786173800.644,TRACKING,0.922,0.399,-0.001,-0.00,0.450,-0.000,0.000,0.000,0.000,1.000,2.42,10.77567061,106.67089743,10.51,"10°46'32.41""N, 106°40'15.23""E",FIX,
14:23:20.699,1786173800.700,TRACKING,0.930,0.399,-0.001,-0.00,0.450,-0.000,0.000,0.000,0.000,1.000,2.43,10.77567061,106.67089743,10.51,"10°46'32.41""N, 106°40'15.23""E",FIX,
14:23:20.782,1786173800.782,TRACKING,0.945,0.399,-0.001,-0.00,0.450,-0.000,0.000,0.000,0.000,1.000,2.45,10.77567061,106.67089743,10.51,"10°46'32.41""N, 106°40'15.23""E",FIX,
14:23:20.849,1786173800.849,TRACKING,0.960,0.399,-0.001,-0.00,0.450,-0.000,0.000,0.000,0.000,1.000,2.46,10.77567061,106.67089743,10.51,"10°46'32.41""N, 106°40'15.23""E",FIX,
14:23:20.935,1786173800.935,TRACKING,0.976,0.399,-0.001,-0.00,0.450,-0.000,0.000,0.000,0.000,1.000,2.48,10.77567061,106.67089784,10.51,"10°46'32.41""N, 106°40'15.23""E",FIX,
14:23:20.992,1786173800.992,TRACKING,0.991,0.399,-0.001,-0.00,0.450,-0.000,0.000,0.000,0.000,1.000,2.49,10.77567061,106.67089784,10.51,"10°46'32.41""N, 106°40'15.23""E",FIX,
14:23:21.059,1786173801.060,TRACKING,1.006,0.399,-0.001,-0.00,0.450,-0.000,0.000,0.000,0.000,1.000,2.51,10.77567061,106.67089784,10.51,"10°46'32.41""N, 106°40'15.23""E",FIX,
14:23:21.139,1786173801.139,TRACKING,1.022,0.399,-0.001,-0.00,0.450,-0.000,0.000,0.000,0.000,1.000,2.52,10.77567061,106.67089825,10.51,"10°46'32.41""N, 106°40'15.23""E",FIX,
14:23:21.236,1786173801.236,TRACKING,1.037,0.399,-0.001,-0.00,0.450,-0.000,0.000,0.000,0.000,1.000,2.54,10.77567061,106.67089825,10.51,"10°46'32.41""N, 106°40'15.23""E",FIX,
14:23:21.302,1786173801.302,TRACKING,1.052,0.399,-0.001,-0.00,0.450,-0.000,0.000,0.000,0.000,1.000,2.55,10.77567061,106.67089825,10.51,"10°46'32.41""N, 106°40'15.23""E",FIX,
14:23:21.365,1786173801.365,TRACKING,1.068,0.399,-0.001,-0.00,0.450,-0.000,0.000,0.000,0.000,1.000,2.57,10.77567061,106.67089867,10.51,"10°46'32.41""N, 106°40'15.24""E",FIX,
14:23:21.454,1786173801.455,TRACKING,1.083,0.399,-0.001,-0.00,0.450,-0.000,0.000,0.000,0.000,1.000,2.58,10.77567061,106.67089867,10.51,"10°46'32.41""N, 106°40'15.24""E",FIX,
14:23:21.521,1786173801.522,TRACKING,1.098,0.399,-0.001,-0.00,0.450,-0.000,0.000,0.000,0.000,1.000,2.60,10.77567061,106.67089867,10.51,"10°46'32.41""N, 106°40'15.24""E",FIX,
14:23:21.587,1786173801.588,TRACKING,1.113,0.399,-0.001,-0.00,0.450,0.004,0.000,0.000,0.000,1.000,2.61,10.77567061,106.67089908,10.51,"10°46'32.41""N, 106°40'15.24""E",FIX,
14:23:21.659,1786173801.659,TRACKING,1.121,0.399,-0.001,-0.00,0.450,0.007,0.000,0.000,0.000,1.000,2.62,10.77567061,106.67089908,10.51,"10°46'32.41""N, 106°40'15.24""E",FIX,
14:23:21.748,1786173801.748,TRACKING,1.144,0.399,-0.001,-0.01,0.450,0.004,0.000,0.000,0.000,1.000,2.64,10.77567061,106.67089908,10.51,"10°46'32.41""N, 106°40'15.24""E",FIX,
14:23:21.804,1786173801.805,TRACKING,1.152,0.399,-0.001,-0.01,0.450,0.022,0.000,0.000,0.000,0.708,2.65,10.77567061,106.67089949,10.51,"10°46'32.41""N, 106°40'15.24""E",FIX,
14:23:21.885,1786173801.886,TRACKING,1.175,0.399,0.000,-0.02,0.450,0.013,0.000,0.000,0.000,0.583,2.67,10.77567061,106.67089949,10.51,"10°46'32.41""N, 106°40'15.24""E",FIX,
14:23:21.945,1786173801.946,TRACKING,1.182,0.399,0.000,-0.02,0.450,0.005,0.000,0.000,0.000,0.646,2.68,10.77567061,106.67089949,10.51,"10°46'32.41""N, 106°40'15.24""E",FIX,
14:23:22.025,1786173802.025,TRACKING,1.198,0.399,0.001,-0.02,0.450,0.005,0.000,0.000,0.000,0.708,2.70,10.77567060,106.67089990,10.51,"10°46'32.41""N, 106°40'15.24""E",FIX,
14:23:22.089,1786173802.089,TRACKING,1.213,0.399,0.001,-0.02,0.450,0.005,0.000,0.000,0.000,0.792,2.71,10.77567060,106.67089990,10.51,"10°46'32.41""N, 106°40'15.24""E",FIX,
14:23:22.178,1786173802.179,TRACKING,1.236,0.398,0.001,-0.02,0.450,0.005,0.000,0.000,0.000,0.854,2.74,10.77567060,106.67089990,10.51,"10°46'32.41""N, 106°40'15.24""E",FIX,
14:23:22.247,1786173802.247,TRACKING,1.244,0.398,0.001,-0.02,0.450,0.005,0.000,0.000,0.000,0.937,2.74,10.77567060,106.67090031,10.51,"10°46'32.41""N, 106°40'15.24""E",FIX,
14:23:22.316,1786173802.316,TRACKING,1.259,0.398,0.001,-0.02,0.450,0.005,0.000,0.000,0.000,1.000,2.76,10.77567060,106.67090031,10.51,"10°46'32.41""N, 106°40'15.24""E",FIX,
14:23:22.377,1786173802.377,TRACKING,1.274,0.398,0.001,-0.02,0.450,0.005,0.000,0.000,0.000,1.000,2.77,10.77567060,106.67090031,10.51,"10°46'32.41""N, 106°40'15.24""E",FIX,
14:23:22.448,1786173802.449,TRACKING,1.289,0.398,0.002,-0.02,0.450,0.005,0.000,0.000,0.000,1.000,2.79,10.77567060,106.67090072,10.51,"10°46'32.41""N, 106°40'15.24""E",FIX,
14:23:22.529,1786173802.530,TRACKING,1.305,0.398,0.002,-0.02,0.450,0.005,0.000,0.000,0.000,1.000,2.80,10.77567060,106.67090072,10.51,"10°46'32.41""N, 106°40'15.24""E",FIX,
14:23:22.610,1786173802.610,TRACKING,1.320,0.398,0.002,-0.02,0.450,0.005,0.000,0.000,0.000,1.000,2.82,10.77567060,106.67090072,10.51,"10°46'32.41""N, 106°40'15.24""E",FIX,
14:23:22.682,1786173802.683,TRACKING,1.335,0.398,0.002,-0.02,0.450,0.005,0.000,0.000,0.000,1.000,2.84,10.77567060,106.67090114,10.51,"10°46'32.41""N, 106°40'15.24""E",FIX,
14:23:22.764,1786173802.764,TRACKING,1.351,0.398,0.002,-0.02,0.450,0.005,0.000,0.000,0.000,1.000,2.85,10.77567060,106.67090114,10.51,"10°46'32.41""N, 106°40'15.24""E",FIX,
14:23:22.839,1786173802.839,TRACKING,1.366,0.398,0.002,-0.02,0.450,-0.003,0.000,0.000,0.000,1.000,2.87,10.77567060,106.67090114,10.51,"10°46'32.41""N, 106°40'15.24""E",FIX,
14:23:22.909,1786173802.909,TRACKING,1.374,0.398,0.002,-0.02,0.450,0.007,0.000,0.000,0.000,1.000,2.87,10.77567060,106.67090155,10.51,"10°46'32.41""N, 106°40'15.25""E",FIX,
14:23:23.000,1786173803.000,TRACKING,1.397,0.398,0.003,-0.01,0.450,-0.001,0.000,0.000,0.000,1.000,2.90,10.77567060,106.67090155,10.51,"10°46'32.41""N, 106°40'15.25""E",FIX,
14:23:23.077,1786173803.078,TRACKING,1.412,0.399,0.003,-0.01,0.450,0.000,0.000,0.000,0.000,1.000,2.91,10.77567060,106.67090155,10.51,"10°46'32.41""N, 106°40'15.25""E",FIX,
14:23:23.151,1786173803.152,TRACKING,1.427,0.399,0.003,-0.01,0.450,0.001,0.000,0.000,0.000,1.000,2.93,10.77567060,106.67090196,10.51,"10°46'32.41""N, 106°40'15.25""E",FIX,
14:23:23.221,1786173803.221,TRACKING,1.435,0.399,0.003,-0.01,0.450,0.009,0.000,0.000,0.000,1.000,2.93,10.77567060,106.67090196,10.51,"10°46'32.41""N, 106°40'15.25""E",FIX,
14:23:23.289,1786173803.290,TRACKING,1.450,0.399,0.003,-0.02,0.450,0.008,0.000,0.000,0.000,1.000,2.95,10.77567060,106.67090196,10.51,"10°46'32.41""N, 106°40'15.25""E",FIX,
14:23:23.364,1786173803.364,TRACKING,1.465,0.399,0.003,-0.01,0.450,-0.001,0.000,0.000,0.000,1.000,2.97,10.77567060,106.67090237,10.51,"10°46'32.41""N, 106°40'15.25""E",FIX,
14:23:23.443,1786173803.444,TRACKING,1.481,0.399,0.003,-0.01,0.450,0.001,0.000,0.000,0.000,1.000,2.98,10.77567060,106.67090237,10.51,"10°46'32.41""N, 106°40'15.25""E",FIX,
14:23:23.500,1786173803.500,TRACKING,1.496,0.399,0.003,-0.01,0.450,0.001,0.000,0.000,0.000,1.000,3.00,10.77567060,106.67090237,10.51,"10°46'32.41""N, 106°40'15.25""E",FIX,
14:23:23.583,1786173803.584,TRACKING,1.511,0.399,0.003,-0.01,0.450,0.002,0.000,0.000,0.000,1.000,3.01,10.77567060,106.67090278,10.51,"10°46'32.41""N, 106°40'15.25""E",FIX,
14:23:23.653,1786173803.653,TRACKING,1.527,0.399,0.003,-0.01,0.450,0.002,0.000,0.000,0.000,1.000,3.03,10.77567060,106.67090278,10.51,"10°46'32.41""N, 106°40'15.25""E",FIX,
14:23:23.736,1786173803.737,TRACKING,1.542,0.399,0.003,-0.01,0.450,-0.005,0.000,0.000,0.000,1.000,3.04,10.77567060,106.67090278,10.51,"10°46'32.41""N, 106°40'15.25""E",FIX,
14:23:23.794,1786173803.794,TRACKING,1.557,0.399,0.003,-0.00,0.450,-0.014,0.000,0.000,0.000,1.000,3.06,10.77567061,106.67090319,10.51,"10°46'32.41""N, 106°40'15.25""E",FIX,
14:23:23.871,1786173803.872,TRACKING,1.572,0.399,0.003,0.00,0.450,-0.007,0.000,0.000,0.000,0.604,3.07,10.77567061,106.67090319,10.51,"10°46'32.41""N, 106°40'15.25""E",FIX,
14:23:23.935,1786173803.936,TRACKING,1.588,0.399,0.002,0.00,0.450,-0.007,0.000,0.000,0.000,0.667,3.09,10.77567061,106.67090319,10.51,"10°46'32.41""N, 106°40'15.25""E",FIX,
14:23:24.013,1786173804.014,TRACKING,1.603,0.399,0.002,0.01,0.450,-0.004,0.000,0.000,0.000,0.750,3.10,10.77567061,106.67090360,10.51,"10°46'32.41""N, 106°40'15.25""E",FIX,
14:23:24.075,1786173804.075,TRACKING,1.611,0.399,0.002,0.01,0.450,-0.004,0.000,0.000,0.000,0.812,3.11,10.77567061,106.67090360,10.51,"10°46'32.41""N, 106°40'15.25""E",FIX,
14:23:24.148,1786173804.149,TRACKING,1.626,0.399,0.002,0.01,0.450,-0.003,0.000,0.000,0.000,0.896,3.13,10.77567061,106.67090360,10.51,"10°46'32.41""N, 106°40'15.25""E",FIX,
14:23:24.219,1786173804.220,TRACKING,1.641,0.399,0.002,0.01,0.450,-0.003,0.000,0.000,0.000,0.958,3.14,10.77567061,106.67090402,10.51,"10°46'32.41""N, 106°40'15.25""E",FIX,
14:23:24.290,1786173804.291,TRACKING,1.657,0.399,0.002,0.01,0.450,-0.003,0.000,0.000,0.000,1.000,3.16,10.77567061,106.67090402,10.51,"10°46'32.41""N, 106°40'15.25""E",FIX,
14:23:24.363,1786173804.363,TRACKING,1.672,0.399,0.002,0.01,0.450,-0.003,0.000,0.000,0.000,1.000,3.17,10.77567061,106.67090402,10.51,"10°46'32.41""N, 106°40'15.25""E",FIX,
14:23:24.429,1786173804.430,TRACKING,1.687,0.399,0.002,0.01,0.450,-0.003,0.000,0.000,0.000,1.000,3.19,10.77567061,106.67090443,10.51,"10°46'32.41""N, 106°40'15.26""E",FIX,
14:23:24.523,1786173804.523,TRACKING,1.710,0.399,0.001,0.01,0.450,-0.003,0.000,0.000,0.000,1.000,3.21,10.77567061,106.67090443,10.51,"10°46'32.41""N, 106°40'15.26""E",FIX,
14:23:24.596,1786173804.597,TRACKING,1.718,0.399,0.001,0.01,0.450,-0.003,0.000,0.000,0.000,1.000,3.22,10.77567061,106.67090443,10.51,"10°46'32.41""N, 106°40'15.26""E",FIX,
14:23:24.659,1786173804.660,TRACKING,1.733,0.400,0.001,0.01,0.450,-0.002,0.000,0.000,0.000,1.000,3.23,10.77567061,106.67090484,10.51,"10°46'32.41""N, 106°40'15.26""E",FIX,
14:23:24.727,1786173804.728,TRACKING,1.748,0.400,0.001,0.01,0.450,0.006,0.000,0.000,0.000,1.000,3.25,10.77567061,106.67090484,10.51,"10°46'32.41""N, 106°40'15.26""E",FIX,
14:23:24.811,1786173804.811,TRACKING,1.764,0.400,0.001,0.01,0.450,-0.004,0.000,0.000,0.000,1.000,3.26,10.77567061,106.67090484,10.51,"10°46'32.41""N, 106°40'15.26""E",FIX,
14:23:24.871,1786173804.872,TRACKING,1.779,0.400,0.001,0.01,0.450,-0.004,0.000,0.000,0.000,1.000,3.28,10.77567061,106.67090525,10.51,"10°46'32.41""N, 106°40'15.26""E",FIX,
14:23:24.958,1786173804.959,TRACKING,1.794,0.400,0.001,0.01,0.450,-0.003,0.000,0.000,0.000,1.000,3.29,10.77567061,106.67090525,10.51,"10°46'32.41""N, 106°40'15.26""E",FIX,
14:23:25.023,1786173805.024,TRACKING,1.810,0.400,0.001,0.01,0.450,-0.003,0.000,0.000,0.000,1.000,3.31,10.77567061,106.67090525,10.51,"10°46'32.41""N, 106°40'15.26""E",FIX,
14:23:25.105,1786173805.106,TRACKING,1.825,0.400,0.001,0.01,0.450,-0.003,0.000,0.000,0.000,1.000,3.32,10.77567061,106.67090566,10.51,"10°46'32.41""N, 106°40'15.26""E",FIX,
14:23:25.181,1786173805.182,TRACKING,1.840,0.400,0.001,0.01,0.450,-0.003,0.000,0.000,0.000,1.000,3.34,10.77567061,106.67090566,10.51,"10°46'32.41""N, 106°40'15.26""E",FIX,
14:23:25.242,1786173805.242,TRACKING,1.855,0.400,0.001,0.01,0.450,-0.003,0.000,0.000,0.000,1.000,3.36,10.77567061,106.67090566,10.51,"10°46'32.41""N, 106°40'15.26""E",FIX,
14:23:25.307,1786173805.307,TRACKING,1.871,0.400,0.001,0.01,0.450,-0.003,0.000,0.000,0.000,1.000,3.37,10.77567061,106.67090607,10.51,"10°46'32.41""N, 106°40'15.26""E",FIX,
14:23:25.379,1786173805.380,TRACKING,1.878,0.400,0.001,0.01,0.450,-0.002,0.000,0.000,0.000,1.000,3.38,10.77567061,106.67090607,10.51,"10°46'32.41""N, 106°40'15.26""E",FIX,
14:23:25.454,1786173805.455,TRACKING,1.894,0.400,0.001,0.01,0.450,-0.002,0.000,0.000,0.000,1.000,3.39,10.77567061,106.67090607,10.51,"10°46'32.41""N, 106°40'15.26""E",FIX,
14:23:25.534,1786173805.534,TRACKING,1.917,0.400,0.001,0.01,0.450,-0.002,0.000,0.000,0.000,1.000,3.42,10.77567062,106.67090648,10.51,"10°46'32.41""N, 106°40'15.26""E",FIX,
14:23:25.608,1786173805.609,TRACKING,1.932,0.400,0.001,0.01,0.450,-0.002,0.000,0.000,0.000,1.000,3.43,10.77567062,106.67090648,10.51,"10°46'32.41""N, 106°40'15.26""E",FIX,
14:23:25.669,1786173805.669,TRACKING,1.940,0.400,0.001,0.01,0.450,-0.002,0.000,0.000,0.000,1.000,3.44,10.77567062,106.67090648,10.51,"10°46'32.41""N, 106°40'15.26""E",FIX,
14:23:25.747,1786173805.748,TRACKING,1.955,0.400,0.000,0.01,0.450,-0.002,0.000,0.000,0.000,0.542,3.45,10.77567062,106.67090690,10.51,"10°46'32.41""N, 106°40'15.26""E",FIX,
14:23:25.833,1786173805.834,TRACKING,1.978,0.400,0.000,0.01,0.450,-0.002,0.000,0.000,0.000,0.604,3.48,10.77567062,106.67090690,10.51,"10°46'32.41""N, 106°40'15.26""E",FIX,
14:23:25.904,1786173805.905,TRACKING,1.986,0.400,0.000,0.01,0.450,-0.002,0.000,0.000,0.000,0.667,3.49,10.77567062,106.67090690,10.51,"10°46'32.41""N, 106°40'15.26""E",FIX,
14:23:25.972,1786173805.972,TRACKING,2.001,0.400,0.000,0.01,0.450,-0.002,0.000,0.000,0.000,0.750,3.50,10.77567062,106.67090731,10.51,"10°46'32.41""N, 106°40'15.27""E",FIX,
14:23:26.045,1786173806.046,TRACKING,2.016,0.400,0.000,0.01,0.450,-0.002,0.000,0.000,0.000,0.833,3.52,10.77567062,106.67090731,10.51,"10°46'32.41""N, 106°40'15.27""E",FIX,
14:23:26.118,1786173806.118,TRACKING,2.031,0.400,0.000,0.01,0.450,-0.002,0.000,0.000,0.000,0.896,3.53,10.77567062,106.67090731,10.51,"10°46'32.41""N, 106°40'15.27""E",FIX,
14:23:26.186,1786173806.186,TRACKING,2.047,0.400,-0.000,0.01,0.450,-0.002,0.000,0.000,0.000,0.979,3.55,10.77567062,106.67090772,10.51,"10°46'32.41""N, 106°40'15.27""E",FIX,
14:23:26.258,1786173806.258,TRACKING,2.062,0.400,-0.000,0.01,0.450,-0.002,0.000,0.000,0.000,1.000,3.56,10.77567062,106.67090772,10.51,"10°46'32.41""N, 106°40'15.27""E",FIX,
14:23:26.344,1786173806.344,TRACKING,2.077,0.400,-0.000,0.01,0.450,-0.002,0.000,0.000,0.000,1.000,3.58,10.77567062,106.67090772,10.51,"10°46'32.41""N, 106°40'15.27""E",FIX,
14:23:26.405,1786173806.405,TRACKING,2.085,0.400,-0.000,0.01,0.450,-0.002,0.000,0.000,0.000,1.000,3.59,10.77567062,106.67090813,10.51,"10°46'32.41""N, 106°40'15.27""E",FIX,
14:23:26.505,1786173806.505,TRACKING,2.108,0.400,-0.000,0.01,0.450,-0.002,0.000,0.000,0.000,1.000,3.61,10.77567062,106.67090813,10.51,"10°46'32.41""N, 106°40'15.27""E",FIX,
14:23:26.568,1786173806.569,TRACKING,2.123,0.400,-0.000,0.01,0.450,-0.002,0.000,0.000,0.000,1.000,3.62,10.77567062,106.67090813,10.51,"10°46'32.41""N, 106°40'15.27""E",FIX,
14:23:26.642,1786173806.643,TRACKING,2.139,0.400,-0.000,0.01,0.450,0.005,0.000,0.000,0.000,1.000,3.64,10.77567062,106.67090854,10.51,"10°46'32.41""N, 106°40'15.27""E",FIX,
14:23:26.721,1786173806.722,TRACKING,2.154,0.400,-0.000,0.01,0.450,-0.004,0.000,0.000,0.000,1.000,3.65,10.77567062,106.67090854,10.51,"10°46'32.41""N, 106°40'15.27""E",FIX,
14:23:26.775,1786173806.775,TRACKING,2.161,0.400,-0.000,0.01,0.450,-0.004,0.000,0.000,0.000,1.000,3.66,10.77567062,106.67090854,10.51,"10°46'32.41""N, 106°40'15.27""E",FIX,
14:23:26.850,1786173806.850,TRACKING,2.177,0.400,-0.000,0.01,0.450,-0.003,0.000,0.000,0.000,1.000,3.68,10.77567062,106.67090895,10.51,"10°46'32.41""N, 106°40'15.27""E",FIX,
14:23:26.923,1786173806.923,TRACKING,2.192,0.400,-0.001,0.01,0.450,-0.003,0.000,0.000,0.000,1.000,3.69,10.77567062,106.67090895,10.51,"10°46'32.41""N, 106°40'15.27""E",FIX,
14:23:27.006,1786173807.006,TRACKING,2.207,0.400,-0.001,0.01,0.450,-0.003,0.000,0.000,0.000,1.000,3.71,10.77567062,106.67090895,10.51,"10°46'32.41""N, 106°40'15.27""E",FIX,
14:23:27.072,1786173807.072,TRACKING,2.223,0.400,-0.001,0.01,0.450,-0.003,0.000,0.000,0.000,1.000,3.72,10.77567062,106.67090936,10.51,"10°46'32.41""N, 106°40'15.27""E",FIX,
14:23:27.142,1786173807.143,TRACKING,2.238,0.400,-0.001,0.01,0.450,-0.003,0.000,0.000,0.000,1.000,3.74,10.77567062,106.67090936,10.51,"10°46'32.41""N, 106°40'15.27""E",FIX,
14:23:27.219,1786173807.220,TRACKING,2.253,0.400,-0.001,0.01,0.450,0.001,0.000,0.000,0.000,1.000,3.75,10.77567062,106.67090936,10.51,"10°46'32.41""N, 106°40'15.27""E",FIX,
14:23:27.288,1786173807.289,TRACKING,2.269,0.400,-0.001,0.01,0.450,-0.003,0.000,0.000,0.000,1.000,3.77,10.77567062,106.67090936,10.51,"10°46'32.41""N, 106°40'15.27""E",FIX,
14:23:27.368,1786173807.368,TRACKING,2.284,0.400,-0.001,0.01,0.450,0.003,0.000,0.000,0.000,1.000,3.78,10.77567062,106.67090978,10.51,"10°46'32.41""N, 106°40'15.28""E",FIX,
14:23:27.446,1786173807.447,TRACKING,2.299,0.400,-0.001,0.01,0.450,-0.004,0.000,0.000,0.000,1.000,3.80,10.77567062,106.67090978,10.51,"10°46'32.41""N, 106°40'15.28""E",FIX,
14:23:27.520,1786173807.520,TRACKING,2.314,0.400,-0.001,0.01,0.450,-0.004,0.000,0.000,0.000,1.000,3.81,10.77567062,106.67091019,10.51,"10°46'32.41""N, 106°40'15.28""E",FIX,
14:23:27.586,1786173807.587,TRACKING,2.330,0.400,-0.001,0.00,0.450,0.004,0.000,0.000,0.000,1.000,3.83,10.77567062,106.67091019,10.51,"10°46'32.41""N, 106°40'15.28""E",FIX,
14:23:27.648,1786173807.649,TRACKING,2.345,0.400,-0.001,-0.01,0.450,0.047,0.000,0.000,0.000,1.000,3.85,10.77567062,106.67091019,10.51,"10°46'32.41""N, 106°40'15.28""E",FIX,
14:23:27.722,1786173807.722,TRACKING,2.360,0.400,0.000,-0.02,0.450,0.030,0.000,0.000,0.000,0.500,3.86,10.77567062,106.67091019,10.51,"10°46'32.41""N, 106°40'15.28""E",FIX,
14:23:27.791,1786173807.792,TRACKING,2.376,0.400,0.001,-0.03,0.450,0.016,0.000,0.000,0.000,0.583,3.88,10.77567062,106.67091060,10.51,"10°46'32.41""N, 106°40'15.28""E",FIX,
14:23:27.865,1786173807.866,TRACKING,2.383,0.400,0.001,-0.03,0.450,0.007,0.000,0.000,0.000,0.646,3.88,10.77567062,106.67091060,10.51,"10°46'32.41""N, 106°40'15.28""E",FIX,
14:23:27.948,1786173807.949,TRACKING,2.399,0.400,0.002,-0.03,0.450,0.007,0.000,0.000,0.000,0.729,3.90,10.77567062,106.67091060,10.51,"10°46'32.41""N, 106°40'15.28""E",FIX,
14:23:28.012,1786173808.013,TRACKING,2.414,0.400,0.002,-0.03,0.450,0.007,0.000,0.000,0.000,0.792,3.91,10.77567061,106.67091101,10.51,"10°46'32.41""N, 106°40'15.28""E",FIX,
14:23:28.085,1786173808.085,TRACKING,2.437,0.400,0.002,-0.03,0.450,0.007,0.000,0.000,0.000,0.854,3.94,10.77567061,106.67091101,10.51,"10°46'32.41""N, 106°40'15.28""E",FIX,
14:23:28.160,1786173808.161,TRACKING,2.445,0.400,0.002,-0.03,0.450,0.007,0.000,0.000,0.000,0.937,3.94,10.77567061,106.67091101,10.51,"10°46'32.41""N, 106°40'15.28""E",FIX,
14:23:28.230,1786173808.231,TRACKING,2.460,0.400,0.003,-0.03,0.450,0.007,0.000,0.000,0.000,1.000,3.96,10.77567061,106.67091142,10.51,"10°46'32.41""N, 106°40'15.28""E",FIX,
14:23:28.302,1786173808.302,TRACKING,2.475,0.400,0.003,-0.03,0.450,0.007,0.000,0.000,0.000,1.000,3.98,10.77567061,106.67091142,10.51,"10°46'32.41""N, 106°40'15.28""E",FIX,
14:23:28.370,1786173808.371,TRACKING,2.490,0.400,0.003,-0.03,0.450,0.007,0.000,0.000,0.000,1.000,3.99,10.77567061,106.67091142,10.51,"10°46'32.41""N, 106°40'15.28""E",FIX,
14:23:28.442,1786173808.442,TRACKING,2.506,0.400,0.003,-0.03,0.450,0.007,0.000,0.000,0.000,1.000,4.01,10.77567061,106.67091183,10.51,"10°46'32.41""N, 106°40'15.28""E",FIX,
14:23:28.524,1786173808.525,TRACKING,2.521,0.400,0.004,-0.02,0.450,0.001,0.000,0.000,0.000,1.000,4.02,10.77567061,106.67091183,10.51,"10°46'32.41""N, 106°40'15.28""E",FIX,
14:23:28.594,1786173808.594,TRACKING,2.536,0.400,0.004,-0.02,0.450,0.001,0.000,0.000,0.000,1.000,4.04,10.77567061,106.67091183,10.51,"10°46'32.41""N, 106°40'15.28""E",FIX,
14:23:28.671,1786173808.672,TRACKING,2.552,0.400,0.004,-0.02,0.450,0.003,0.000,0.000,0.000,1.000,4.05,10.77567061,106.67091224,10.51,"10°46'32.41""N, 106°40'15.28""E",FIX,
14:23:28.748,1786173808.749,TRACKING,2.567,0.400,0.004,-0.02,0.450,0.004,0.000,0.000,0.000,1.000,4.07,10.77567061,106.67091224,10.51,"10°46'32.41""N, 106°40'15.28""E",FIX,
14:23:28.810,1786173808.810,TRACKING,2.582,0.400,0.004,-0.02,0.450,0.004,0.000,0.000,0.000,1.000,4.08,10.77567061,106.67091224,10.51,"10°46'32.41""N, 106°40'15.28""E",FIX,
14:23:28.873,1786173808.873,TRACKING,2.598,0.400,0.004,-0.02,0.450,0.004,0.000,0.000,0.000,1.000,4.10,10.77567061,106.67091266,10.51,"10°46'32.41""N, 106°40'15.29""E",FIX,
14:23:28.950,1786173808.950,TRACKING,2.613,0.400,0.004,-0.02,0.450,0.005,0.000,0.000,0.000,1.000,4.11,10.77567061,106.67091266,10.51,"10°46'32.41""N, 106°40'15.29""E",FIX,
14:23:29.036,1786173809.037,TRACKING,2.628,0.400,0.004,-0.02,0.450,0.005,0.000,0.000,0.000,1.000,4.13,10.77567062,106.67091307,10.51,"10°46'32.41""N, 106°40'15.29""E",FIX,
14:23:29.105,1786173809.105,TRACKING,2.643,0.400,0.005,-0.02,0.450,0.005,0.000,0.000,0.000,1.000,4.14,10.77567062,106.67091307,10.51,"10°46'32.41""N, 106°40'15.29""E",FIX,
14:23:29.166,1786173809.167,TRACKING,2.651,0.400,0.005,-0.02,0.450,0.005,0.000,0.000,0.000,1.000,4.15,10.77567062,106.67091307,10.51,"10°46'32.41""N, 106°40'15.29""E",FIX,
14:23:29.248,1786173809.248,TRACKING,2.674,0.400,0.005,-0.02,0.450,0.005,0.000,0.000,0.000,1.000,4.17,10.77567062,106.67091307,10.51,"10°46'32.41""N, 106°40'15.29""E",FIX,
14:23:29.315,1786173809.315,TRACKING,2.682,0.400,0.005,-0.02,0.450,0.005,0.000,0.000,0.000,1.000,4.18,10.77567062,106.67091348,10.51,"10°46'32.41""N, 106°40'15.29""E",FIX,
14:23:29.393,1786173809.394,TRACKING,2.705,0.400,0.005,-0.02,0.450,0.005,0.000,0.000,0.000,1.000,4.20,10.77567062,106.67091348,10.51,"10°46'32.41""N, 106°40'15.29""E",FIX,
14:23:29.459,1786173809.459,TRACKING,2.712,0.400,0.005,-0.02,0.450,0.005,0.000,0.000,0.000,1.000,4.21,10.77567062,106.67091348,10.51,"10°46'32.41""N, 106°40'15.29""E",FIX,
14:23:29.543,1786173809.544,TRACKING,2.728,0.400,0.005,-0.02,0.450,0.011,0.000,0.000,0.000,1.000,4.23,10.77567062,106.67091389,10.51,"10°46'32.41""N, 106°40'15.29""E",FIX,
14:23:29.604,1786173809.605,TRACKING,2.743,0.400,0.006,-0.02,0.450,0.011,0.000,0.000,0.000,0.792,4.24,10.77567062,106.67091389,10.51,"10°46'32.41""N, 106°40'15.29""E",FIX,
14:23:29.687,1786173809.688,TRACKING,2.758,0.400,0.006,-0.02,0.450,0.001,0.000,0.000,0.000,0.000,4.26,10.77567062,106.67091389,10.51,"10°46'32.41""N, 106°40'15.29""E",FIX,
14:23:29.753,1786173809.753,TRACKING,2.773,0.400,0.006,-0.02,0.450,0.000,0.000,0.000,0.000,0.000,4.27,10.77567062,106.67091430,10.51,"10°46'32.41""N, 106°40'15.29""E",FIX,
14:23:29.824,1786173809.825,TRACKING,2.789,0.400,0.006,-0.02,0.450,0.000,0.000,0.000,0.000,0.000,4.29,10.77567062,106.67091430,10.51,"10°46'32.41""N, 106°40'15.29""E",FIX,
14:23:29.915,1786173809.915,TRACKING,2.804,0.400,0.006,-0.02,0.450,0.002,0.000,0.000,0.000,0.000,4.30,10.77567062,106.67091430,10.51,"10°46'32.41""N, 106°40'15.29""E",FIX,
14:23:29.981,1786173809.982,TRACKING,2.819,0.401,0.006,-0.01,0.450,0.000,0.000,0.000,0.000,0.000,4.32,10.77567062,106.67091471,10.51,"10°46'32.41""N, 106°40'15.29""E",FIX,
14:23:30.050,1786173810.050,TRACKING,2.835,0.401,0.006,-0.01,0.450,0.000,0.000,0.000,0.000,0.000,4.33,10.77567062,106.67091471,10.51,"10°46'32.41""N, 106°40'15.29""E",FIX,
14:23:30.134,1786173810.134,TRACKING,2.850,0.401,0.006,-0.01,0.450,0.001,0.000,0.000,0.000,0.000,4.35,10.77567062,106.67091471,10.51,"10°46'32.41""N, 106°40'15.29""E",FIX,
14:23:30.218,1786173810.218,TRACKING,2.865,0.401,0.006,-0.01,0.450,0.001,0.000,0.000,0.000,0.000,4.37,10.77567062,106.67091512,10.51,"10°46'32.41""N, 106°40'15.29""E",FIX,
14:23:30.289,1786173810.290,TRACKING,2.881,0.401,0.006,-0.01,0.450,0.000,0.000,0.000,0.000,0.000,4.38,10.77567062,106.67091512,10.51,"10°46'32.41""N, 106°40'15.29""E",FIX,
14:23:30.367,1786173810.367,TRACKING,2.896,0.401,0.006,-0.01,0.450,0.000,0.000,0.000,0.000,0.000,4.40,10.77567062,106.67091512,10.51,"10°46'32.41""N, 106°40'15.29""E",FIX,
14:23:30.440,1786173810.440,TRACKING,2.911,0.401,0.006,-0.01,0.450,0.000,0.000,0.000,0.000,0.000,4.41,10.77567063,106.67091554,10.51,"10°46'32.41""N, 106°40'15.30""E",FIX,
14:23:30.512,1786173810.513,TRACKING,2.926,0.401,0.006,-0.01,0.450,0.000,0.000,0.000,0.000,0.000,4.43,10.77567063,106.67091554,10.51,"10°46'32.41""N, 106°40'15.30""E",FIX,
14:23:30.577,1786173810.577,TRACKING,2.934,0.401,0.006,-0.01,0.450,0.000,0.000,0.000,0.000,0.000,4.43,10.77567063,106.67091554,10.51,"10°46'32.41""N, 106°40'15.30""E",FIX,
14:23:30.649,1786173810.650,TRACKING,2.949,0.401,0.006,-0.01,0.450,0.000,0.000,0.000,0.000,0.000,4.45,10.77567063,106.67091595,10.51,"10°46'32.41""N, 106°40'15.30""E",FIX,
14:23:30.724,1786173810.724,TRACKING,2.965,0.401,0.006,-0.00,0.450,0.000,0.000,0.000,0.000,0.000,4.46,10.77567063,106.67091595,10.51,"10°46'32.41""N, 106°40'15.30""E",FIX,
14:23:30.806,1786173810.806,TRACKING,2.980,0.402,0.006,-0.00,0.450,0.000,0.000,0.000,0.000,0.000,4.48,10.77567063,106.67091595,10.51,"10°46'32.41""N, 106°40'15.30""E",FIX,
14:23:30.878,1786173810.878,TRACKING,2.995,0.402,0.006,-0.00,0.450,0.000,0.000,0.000,0.000,0.000,4.50,10.77567063,106.67091636,10.51,"10°46'32.41""N, 106°40'15.30""E",FIX,
14:23:30.944,1786173810.944,TRACKING,3.011,0.402,0.006,-0.00,0.450,-0.000,0.000,0.000,0.000,0.000,4.51,10.77567063,106.67091636,10.51,"10°46'32.41""N, 106°40'15.30""E",FIX,
14:23:31.032,1786173811.032,TRACKING,3.026,0.402,0.006,-0.00,0.450,0.000,0.000,0.000,0.000,0.000,4.53,10.77567063,106.67091636,10.51,"10°46'32.41""N, 106°40'15.30""E",FIX,
14:23:31.085,1786173811.085,TRACKING,3.041,0.402,0.006,-0.00,0.450,-0.000,0.000,0.000,0.000,0.000,4.54,10.77567063,106.67091677,10.51,"10°46'32.41""N, 106°40'15.30""E",FIX,
14:23:31.166,1786173811.167,TRACKING,3.057,0.402,0.006,-0.00,0.450,0.000,0.000,0.000,0.000,0.000,4.56,10.77567063,106.67091677,10.51,"10°46'32.41""N, 106°40'15.30""E",FIX,
14:23:31.242,1786173811.242,TRACKING,3.072,0.402,0.006,-0.00,0.450,0.000,0.000,0.000,0.000,0.000,4.57,10.77567063,106.67091677,10.51,"10°46'32.41""N, 106°40'15.30""E",FIX,
14:23:31.318,1786173811.318,TRACKING,3.087,0.402,0.006,-0.00,0.450,0.000,0.000,0.000,0.000,0.000,4.59,10.77567064,106.67091718,10.51,"10°46'32.41""N, 106°40'15.30""E",FIX,
14:23:31.377,1786173811.378,TRACKING,3.102,0.402,0.006,-0.00,0.450,0.000,0.000,0.000,0.000,0.000,4.60,10.77567064,106.67091718,10.51,"10°46'32.41""N, 106°40'15.30""E",FIX,
14:23:31.457,1786173811.457,TRACKING,3.118,0.402,0.006,-0.00,0.450,0.000,0.000,0.000,0.000,0.000,4.62,10.77567064,106.67091718,10.51,"10°46'32.41""N, 106°40'15.30""E",FIX,
14:23:31.529,1786173811.529,TRACKING,3.133,0.402,0.006,-0.00,0.450,0.000,0.000,0.000,0.000,0.000,4.63,10.77567064,106.67091759,10.51,"10°46'32.41""N, 106°40'15.30""E",FIX,
14:23:31.602,1786173811.603,TRACKING,3.148,0.403,0.006,-0.00,0.450,0.000,0.000,0.000,0.000,0.000,4.65,10.77567064,106.67091759,10.51,"10°46'32.41""N, 106°40'15.30""E",FIX,
14:23:31.670,1786173811.671,TRACKING,3.156,0.403,0.006,-0.00,0.450,-0.000,0.000,0.000,0.000,0.000,4.66,10.77567064,106.67091759,10.51,"10°46'32.41""N, 106°40'15.30""E",FIX,
14:23:31.746,1786173811.747,TRACKING,3.171,0.403,0.006,-0.00,0.450,0.000,0.000,0.000,0.000,0.000,4.67,10.77567064,106.67091800,10.51,"10°46'32.41""N, 106°40'15.30""E",FIX,
14:23:31.820,1786173811.820,TRACKING,3.187,0.403,0.006,-0.00,0.450,0.000,0.000,0.000,0.000,0.000,4.69,10.77567064,106.67091800,10.51,"10°46'32.41""N, 106°40'15.30""E",FIX,
14:23:31.890,1786173811.891,TRACKING,3.202,0.403,0.006,-0.00,0.450,0.000,0.000,0.000,0.000,0.000,4.70,10.77567064,106.67091800,10.51,"10°46'32.41""N, 106°40'15.30""E",FIX,
14:23:31.971,1786173811.971,TRACKING,3.225,0.403,0.006,-0.00,0.450,0.000,0.000,0.000,0.000,0.000,4.72,10.77567064,106.67091842,10.51,"10°46'32.41""N, 106°40'15.31""E",FIX,
14:23:32.033,1786173812.034,TRACKING,3.232,0.403,0.006,-0.00,0.450,-0.000,0.000,0.000,0.000,0.000,4.73,10.77567064,106.67091842,10.51,"10°46'32.41""N, 106°40'15.31""E",FIX,
14:23:32.114,1786173812.115,TRACKING,3.248,0.403,0.006,-0.00,0.450,0.000,0.000,0.000,0.000,0.000,4.75,10.77567064,106.67091842,10.51,"10°46'32.41""N, 106°40'15.31""E",FIX,
14:23:32.193,1786173812.194,TRACKING,3.263,0.403,0.006,-0.00,0.450,0.000,0.000,0.000,0.000,0.000,4.76,10.77567065,106.67091883,10.51,"10°46'32.41""N, 106°40'15.31""E",FIX,
14:23:32.268,1786173812.268,TRACKING,3.278,0.403,0.006,-0.00,0.450,0.000,0.000,0.000,0.000,0.000,4.78,10.77567065,106.67091883,10.51,"10°46'32.41""N, 106°40'15.31""E",FIX,
14:23:32.339,1786173812.340,TRACKING,3.294,0.403,0.006,-0.00,0.450,0.000,0.000,0.000,0.000,0.000,4.79,10.77567065,106.67091883,10.51,"10°46'32.41""N, 106°40'15.31""E",FIX,
14:23:32.413,1786173812.414,TRACKING,3.309,0.404,0.006,-0.00,0.450,0.000,0.000,0.000,0.000,0.000,4.81,10.77567065,106.67091924,10.51,"10°46'32.41""N, 106°40'15.31""E",FIX,
14:23:32.480,1786173812.481,TRACKING,3.324,0.404,0.006,-0.00,0.450,0.000,0.000,0.000,0.000,0.000,4.82,10.77567065,106.67091924,10.51,"10°46'32.41""N, 106°40'15.31""E",FIX,
14:23:32.552,1786173812.553,TRACKING,3.340,0.404,0.006,-0.00,0.450,0.000,0.000,0.000,0.000,0.000,4.84,10.77567065,106.67091924,10.51,"10°46'32.41""N, 106°40'15.31""E",FIX,
14:23:32.621,1786173812.621,TRACKING,3.355,0.404,0.006,-0.00,0.450,0.000,0.000,0.000,0.000,0.000,4.85,10.77567065,106.67091965,10.51,"10°46'32.41""N, 106°40'15.31""E",FIX,
14:23:32.701,1786173812.702,TRACKING,3.370,0.404,0.006,-0.00,0.450,0.000,0.000,0.000,0.000,0.000,4.87,10.77567065,106.67091965,10.51,"10°46'32.41""N, 106°40'15.31""E",FIX,
14:23:32.774,1786173812.774,TRACKING,3.378,0.404,0.006,-0.00,0.450,0.000,0.000,0.000,0.000,0.000,4.88,10.77567065,106.67091965,10.51,"10°46'32.41""N, 106°40'15.31""E",FIX,
14:23:32.850,1786173812.850,TRACKING,3.393,0.404,0.006,-0.00,0.450,0.000,0.000,0.000,0.000,0.000,4.89,10.77567065,106.67092006,10.51,"10°46'32.41""N, 106°40'15.31""E",FIX,
14:23:32.929,1786173812.929,TRACKING,3.416,0.404,0.006,-0.00,0.450,0.000,0.000,0.000,0.000,0.000,4.92,10.77567065,106.67092006,10.51,"10°46'32.41""N, 106°40'15.31""E",FIX,
14:23:33.003,1786173813.003,TRACKING,3.431,0.404,0.006,-0.00,0.450,0.000,0.000,0.000,0.000,0.000,4.93,10.77567065,106.67092006,10.51,"10°46'32.41""N, 106°40'15.31""E",FIX,
14:23:33.065,1786173813.066,TRACKING,3.439,0.404,0.006,-0.00,0.450,-0.000,0.000,0.000,0.000,0.000,4.94,10.77567066,106.67092047,10.51,"10°46'32.41""N, 106°40'15.31""E",FIX,
14:23:33.151,1786173813.151,TRACKING,3.462,0.405,0.006,-0.00,0.450,0.000,0.000,0.000,0.000,0.000,4.96,10.77567066,106.67092047,10.51,"10°46'32.41""N, 106°40'15.31""E",FIX,
14:23:33.224,1786173813.225,TRACKING,3.477,0.405,0.006,-0.00,0.450,0.000,0.000,0.000,0.000,0.000,4.98,10.77567066,106.67092047,10.51,"10°46'32.41""N, 106°40'15.31""E",FIX,
14:23:33.297,1786173813.297,TRACKING,3.493,0.405,0.006,-0.00,0.450,0.000,0.000,0.000,0.000,0.000,4.99,10.77567066,106.67092088,10.51,"10°46'32.41""N, 106°40'15.32""E",FIX,
14:23:46.002,1786173826.003,UTURN_PLANNING,6.007,0.421,0.006,0.00,0.000,0.000,0.000,0.000,0.000,0.000,0.00,10.77567080,106.67094392,10.51,"10°46'32.41""N, 106°40'15.40""E",FIX,
14:23:46.014,1786173826.015,PATH_FOLLOWING,6.007,0.421,0.006,88.68,0.020,-1.500,0.000,0.000,0.000,0.000,0.00,10.77567080,106.67094392,10.51,"10°46'32.41""N, 106°40'15.40""E",FIX,
14:23:46.025,1786173826.026,PATH_FOLLOWING,6.007,0.421,0.006,88.68,0.020,-1.500,0.000,0.000,0.000,0.000,0.00,10.77567080,106.67094393,10.51,"10°46'32.41""N, 106°40'15.40""E",FIX,
14:23:46.037,1786173826.037,PATH_FOLLOWING,6.007,0.421,0.006,88.68,0.020,-1.500,0.000,0.000,0.000,0.000,0.00,10.77567080,106.67094393,10.51,"10°46'32.41""N, 106°40'15.40""E",FIX,
14:23:46.045,1786173826.046,PATH_FOLLOWING,6.007,0.421,0.006,88.68,0.020,-1.500,0.000,0.000,0.000,0.000,0.00,10.77567080,106.67094393,10.51,"10°46'32.41""N, 106°40'15.40""E",FIX,
14:23:46.059,1786173826.059,PATH_FOLLOWING,6.007,0.421,0.006,88.68,0.020,-1.500,0.000,0.000,0.000,0.000,0.00,10.77567080,106.67094393,10.51,"10°46'32.41""N, 106°40'15.40""E",FIX,
14:23:46.122,1786173826.123,PATH_FOLLOWING,6.008,0.421,-0.037,88.68,0.020,-1.500,0.000,0.000,0.000,0.000,0.00,10.77567081,106.67094393,10.51,"10°46'32.41""N, 106°40'15.40""E",FIX,
14:23:46.206,1786173826.207,PATH_FOLLOWING,6.008,0.422,-0.086,88.68,0.020,-1.500,0.000,0.000,0.000,0.000,0.00,10.77567081,106.67094393,10.51,"10°46'32.41""N, 106°40'15.40""E",FIX,
14:23:46.302,1786173826.302,PATH_FOLLOWING,6.009,0.423,-0.136,88.68,0.020,-1.500,0.000,0.000,0.000,0.000,0.00,10.77567081,106.67094393,10.51,"10°46'32.41""N, 106°40'15.40""E",FIX,
14:23:46.369,1786173826.370,PATH_FOLLOWING,6.010,0.425,-0.186,88.68,0.020,-1.500,0.000,0.000,0.000,0.000,0.00,10.77567083,106.67094395,10.51,"10°46'32.42""N, 106°40'15.40""E",FIX,
14:23:46.467,1786173826.468,PATH_FOLLOWING,6.010,0.426,-0.234,88.68,0.020,-1.500,0.000,0.000,0.000,0.000,0.00,10.77567083,106.67094395,10.51,"10°46'32.42""N, 106°40'15.40""E",FIX,
14:23:46.548,1786173826.548,PATH_FOLLOWING,6.011,0.429,-0.281,88.68,0.020,-1.500,0.000,0.000,0.000,0.000,0.00,10.77567083,106.67094395,10.51,"10°46'32.42""N, 106°40'15.40""E",FIX,
14:23:46.630,1786173826.630,PATH_FOLLOWING,6.012,0.431,-0.326,88.68,0.020,-1.500,0.000,0.000,0.000,0.000,0.00,10.77567089,106.67094396,10.51,"10°46'32.42""N, 106°40'15.40""E",FIX,
14:23:46.720,1786173826.720,PATH_FOLLOWING,6.012,0.433,-0.348,88.68,0.020,-1.500,0.000,0.000,0.000,0.000,0.00,10.77567089,106.67094396,10.51,"10°46'32.42""N, 106°40'15.40""E",FIX,
14:23:46.829,1786173826.830,PATH_FOLLOWING,6.013,0.437,-0.412,88.68,0.020,-1.500,0.000,0.000,0.000,0.000,0.00,10.77567089,106.67094396,10.51,"10°46'32.42""N, 106°40'15.40""E",FIX,
14:23:46.904,1786173826.904,PATH_FOLLOWING,6.014,0.441,-0.454,88.68,0.020,-1.500,0.000,0.000,0.000,0.000,0.00,10.77567097,106.67094398,10.51,"10°46'32.42""N, 106°40'15.40""E",FIX,
14:23:46.987,1786173826.988,PATH_FOLLOWING,6.014,0.445,-0.494,88.68,0.020,-1.500,0.000,0.000,0.000,0.000,0.00,10.77567097,106.67094398,10.51,"10°46'32.42""N, 106°40'15.40""E",FIX,
14:23:47.068,1786173827.068,PATH_FOLLOWING,6.015,0.449,-0.533,88.68,0.020,-1.500,0.000,0.000,0.000,0.000,0.00,10.77567097,106.67094398,10.51,"10°46'32.42""N, 106°40'15.40""E",FIX,
14:23:47.143,1786173827.144,PATH_FOLLOWING,6.015,0.451,-0.552,88.68,0.020,-1.500,0.000,0.000,0.000,0.000,0.00,10.77567108,106.67094400,10.51,"10°46'32.42""N, 106°40'15.40""E",FIX,
14:23:47.290,1786173827.291,PATH_FOLLOWING,6.016,0.456,-0.608,88.68,0.020,-1.500,0.000,0.000,0.000,0.000,0.00,10.77567108,106.67094400,10.51,"10°46'32.42""N, 106°40'15.40""E",FIX,
14:23:47.396,1786173827.396,PATH_FOLLOWING,6.016,0.457,-0.627,88.68,0.020,-1.500,0.000,0.000,0.000,0.000,0.00,10.77567108,106.67094400,10.51,"10°46'32.42""N, 106°40'15.40""E",FIX,
14:23:47.524,1786173827.525,PATH_FOLLOWING,6.017,0.459,-0.662,88.68,0.020,-1.500,0.000,0.000,0.000,0.000,0.00,10.77567115,106.67094401,10.51,"10°46'32.42""N, 106°40'15.40""E",FIX,
14:23:47.587,1786173827.588,PATH_FOLLOWING,6.017,0.461,-0.697,88.68,0.020,-1.500,0.000,0.000,0.000,0.000,0.00,10.77567115,106.67094401,10.51,"10°46'32.42""N, 106°40'15.40""E",FIX,
14:23:47.669,1786173827.669,PATH_FOLLOWING,6.018,0.462,-0.731,88.68,0.020,-1.500,0.000,0.000,0.000,0.000,0.00,10.77567115,106.67094401,10.51,"10°46'32.42""N, 106°40'15.40""E",FIX,
14:23:47.752,1786173827.753,PATH_FOLLOWING,6.018,0.462,-0.763,88.68,0.020,-1.500,0.000,0.000,0.000,0.000,0.00,10.77567117,106.67094403,10.51,"10°46'32.42""N, 106°40'15.40""E",FIX,
14:23:47.869,1786173827.869,PATH_FOLLOWING,6.019,0.461,-0.795,88.68,0.020,-1.500,0.000,0.000,0.000,0.000,0.00,10.77567117,106.67094403,10.51,"10°46'32.42""N, 106°40'15.40""E",FIX,
14:23:47.946,1786173827.946,PATH_FOLLOWING,6.019,0.461,-0.827,88.68,0.020,-1.500,0.000,0.000,0.000,0.000,0.00,10.77567117,106.67094403,10.51,"10°46'32.42""N, 106°40'15.40""E",FIX,
14:23:47.994,1786173827.994,PATH_FOLLOWING,6.020,0.461,-0.857,88.48,0.023,-1.500,0.000,0.000,0.000,0.000,0.00,10.77567117,106.67094404,10.51,"10°46'32.42""N, 106°40'15.40""E",FIX,
14:23:48.063,1786173828.063,PATH_FOLLOWING,6.020,0.460,-0.886,88.19,0.027,-1.500,0.000,0.000,0.000,0.000,0.00,10.77567117,106.67094404,10.51,"10°46'32.42""N, 106°40'15.40""E",FIX,
14:23:48.132,1786173828.132,PATH_FOLLOWING,6.021,0.460,-0.901,88.05,0.030,-1.500,0.000,0.000,0.000,0.000,0.00,10.77567117,106.67094404,10.51,"10°46'32.42""N, 106°40'15.40""E",FIX,
14:23:48.200,1786173828.201,PATH_FOLLOWING,6.021,0.459,-0.929,87.75,0.034,-1.500,0.000,0.000,0.000,0.000,0.00,10.77567115,106.67094405,10.51,"10°46'32.42""N, 106°40'15.40""E",FIX,
14:23:48.280,1786173828.280,PATH_FOLLOWING,6.022,0.459,-0.970,87.28,0.041,-1.500,0.000,0.000,0.000,0.000,0.00,10.77567115,106.67094405,10.51,"10°46'32.42""N, 106°40'15.40""E",FIX,
14:23:48.360,1786173828.361,PATH_FOLLOWING,6.023,0.458,-0.996,86.97,0.046,-1.500,0.000,0.000,0.000,0.000,0.00,10.77567115,106.67094405,10.51,"10°46'32.42""N, 106°40'15.40""E",FIX,
14:23:48.427,1786173828.428,PATH_FOLLOWING,6.023,0.458,-1.009,86.81,0.048,-1.500,0.000,0.000,0.000,0.000,0.00,10.77567114,106.67094407,10.51,"10°46'32.42""N, 106°40'15.40""E",FIX,
14:23:48.499,1786173828.500,PATH_FOLLOWING,6.024,0.457,-1.034,86.49,0.053,-1.500,0.000,0.000,0.000,0.000,0.00,10.77567114,106.67094407,10.51,"10°46'32.42""N, 106°40'15.40""E",FIX,
14:23:48.563,1786173828.563,PATH_FOLLOWING,6.025,0.457,-1.058,86.18,0.058,-1.500,0.000,0.000,0.000,0.000,0.00,10.77567114,106.67094407,10.51,"10°46'32.42""N, 106°40'15.40""E",FIX,
14:23:48.651,1786173828.651,PATH_FOLLOWING,6.026,0.456,-1.081,85.86,0.063,-1.500,0.000,0.000,0.000,0.000,0.00,10.77567112,106.67094410,10.51,"10°46'32.42""N, 106°40'15.40""E",FIX,
14:23:48.774,1786173828.774,PATH_FOLLOWING,6.027,0.455,-1.115,85.40,0.070,-1.500,0.000,0.000,0.000,0.000,0.00,10.77567112,106.67094410,10.51,"10°46'32.42""N, 106°40'15.40""E",FIX,
14:23:48.815,1786173828.816,PATH_FOLLOWING,6.028,0.455,-1.126,85.24,0.072,-1.500,0.000,0.000,0.000,0.000,0.00,10.77567112,106.67094410,10.51,"10°46'32.42""N, 106°40'15.40""E",FIX,
14:23:48.892,1786173828.893,PATH_FOLLOWING,6.029,0.454,-1.147,84.94,0.077,-1.500,0.000,0.000,0.000,0.000,0.00,10.77567111,106.67094412,10.51,"10°46'32.42""N, 106°40'15.40""E",FIX,
14:23:48.954,1786173828.955,PATH_FOLLOWING,6.030,0.454,-1.168,84.65,0.081,-1.500,0.000,0.000,0.000,0.000,0.00,10.77567111,106.67094412,10.51,"10°46'32.42""N, 106°40'15.40""E",FIX,
14:23:49.021,1786173829.021,PATH_FOLLOWING,6.031,0.453,-1.188,84.36,0.086,-1.500,0.000,0.000,0.000,0.000,0.00,10.77567111,106.67094412,10.51,"10°46'32.42""N, 106°40'15.40""E",FIX,
14:23:49.104,1786173829.105,PATH_FOLLOWING,6.032,0.453,-1.207,84.09,0.090,-1.500,0.000,0.000,0.000,0.000,0.00,10.77567109,106.67094415,10.51,"10°46'32.42""N, 106°40'15.40""E",FIX,
14:23:49.162,1786173829.163,PATH_FOLLOWING,6.032,0.452,-1.216,83.95,0.092,-1.500,0.000,0.000,0.000,0.000,0.00,10.77567109,106.67094415,10.51,"10°46'32.42""N, 106°40'15.40""E",FIX,
14:23:49.246,1786173829.247,PATH_FOLLOWING,6.034,0.452,-1.243,83.56,0.098,-1.500,0.000,0.000,0.000,0.000,0.00,10.77567109,106.67094415,10.51,"10°46'32.42""N, 106°40'15.40""E",FIX,
14:23:49.313,1786173829.313,PATH_FOLLOWING,6.035,0.451,-1.260,83.30,0.102,-1.500,0.000,0.000,0.000,0.000,0.00,10.77567108,106.67094418,10.51,"10°46'32.42""N, 106°40'15.40""E",FIX,
14:23:49.385,1786173829.385,PATH_FOLLOWING,6.036,0.450,-1.276,83.06,0.106,-1.500,0.000,0.000,0.000,0.000,0.00,10.77567108,106.67094418,10.51,"10°46'32.42""N, 106°40'15.40""E",FIX,
14:23:49.454,1786173829.454,PATH_FOLLOWING,6.037,0.450,-1.292,82.83,0.109,-1.500,0.000,0.000,0.000,0.000,0.00,10.77567108,106.67094418,10.51,"10°46'32.42""N, 106°40'15.40""E",FIX,
14:23:49.519,1786173829.519,PATH_FOLLOWING,6.038,0.449,-1.299,82.72,0.111,-1.500,0.000,0.000,0.000,0.000,0.00,10.77567108,106.67094418,10.51,"10°46'32.42""N, 106°40'15.40""E",FIX,
14:23:49.585,1786173829.586,PATH_FOLLOWING,6.039,0.449,-1.314,82.50,0.115,-1.500,0.000,0.000,0.000,0.000,0.00,10.77567106,106.67094421,10.51,"10°46'32.42""N, 106°40'15.40""E",FIX,
14:23:49.674,1786173829.674,PATH_FOLLOWING,6.040,0.448,-1.335,82.19,0.119,-1.500,0.000,0.000,0.000,0.000,0.00,10.77567106,106.67094421,10.51,"10°46'32.42""N, 106°40'15.40""E",FIX,
14:23:49.736,1786173829.736,PATH_FOLLOWING,6.040,0.448,-1.342,82.09,0.121,-1.500,0.000,0.000,0.000,0.000,0.00,10.77567106,106.67094421,10.51,"10°46'32.42""N, 106°40'15.40""E",FIX,
14:23:49.803,1786173829.803,PATH_FOLLOWING,6.041,0.447,-1.355,81.90,0.124,-1.500,0.000,0.000,0.000,0.000,0.00,10.77567105,106.67094423,10.51,"10°46'32.42""N, 106°40'15.40""E",FIX,
14:23:49.877,1786173829.877,PATH_FOLLOWING,6.042,0.447,-1.367,81.72,0.127,-1.500,0.000,0.000,0.000,0.000,0.00,10.77567105,106.67094423,10.51,"10°46'32.42""N, 106°40'15.40""E",FIX,
14:23:49.954,1786173829.955,PATH_FOLLOWING,6.043,0.446,-1.379,81.55,0.129,-1.500,0.000,0.000,0.000,0.000,0.00,10.77567103,106.67094426,10.51,"10°46'32.42""N, 106°40'15.40""E",FIX,
14:23:50.029,1786173830.030,PATH_FOLLOWING,6.044,0.445,-1.390,81.38,0.132,-1.500,0.000,0.000,0.000,0.000,0.00,10.77567103,106.67094426,10.51,"10°46'32.42""N, 106°40'15.40""E",FIX,
14:23:50.092,1786173830.092,PATH_FOLLOWING,6.045,0.445,-1.400,81.23,0.134,-1.500,0.000,0.000,0.000,0.000,0.00,10.77567103,106.67094426,10.51,"10°46'32.42""N, 106°40'15.40""E",FIX,
14:23:50.180,1786173830.180,PATH_FOLLOWING,6.045,0.444,-1.410,81.08,0.137,-1.500,0.000,0.000,0.000,0.000,0.00,10.77567101,106.67094428,10.51,"10°46'32.42""N, 106°40'15.40""E",FIX,
14:23:50.249,1786173830.249,PATH_FOLLOWING,6.046,0.443,-1.420,80.94,0.139,-1.500,0.000,0.000,0.000,0.000,0.00,10.77567101,106.67094428,10.51,"10°46'32.42""N, 106°40'15.40""E",FIX,
14:23:50.316,1786173830.316,PATH_FOLLOWING,6.047,0.443,-1.429,80.81,0.141,-1.500,0.000,0.000,0.000,0.000,0.00,10.77567101,106.67094428,10.51,"10°46'32.42""N, 106°40'15.40""E",FIX,
14:23:50.372,1786173830.372,PATH_FOLLOWING,6.047,0.442,-1.438,80.69,0.143,-1.500,0.000,0.000,0.000,0.000,0.00,10.77567101,106.67094428,10.51,"10°46'32.42""N, 106°40'15.40""E",FIX,
14:23:50.437,1786173830.437,PATH_FOLLOWING,6.048,0.442,-1.442,80.63,0.144,-1.500,0.000,0.000,0.000,0.000,0.00,10.77567100,106.67094429,10.51,"10°46'32.42""N, 106°40'15.40""E",FIX,
14:23:50.506,1786173830.507,PATH_FOLLOWING,6.048,0.441,-1.450,80.52,0.145,-1.500,0.000,0.000,0.000,0.000,0.00,10.77567100,106.67094429,10.51,"10°46'32.42""N, 106°40'15.40""E",FIX,
14:23:50.578,1786173830.578,PATH_FOLLOWING,6.049,0.441,-1.457,80.41,0.147,-1.500,0.000,0.000,0.000,0.000,0.00,10.77567100,106.67094429,10.51,"10°46'32.42""N, 106°40'15.40""E",FIX,
14:23:50.656,1786173830.656,PATH_FOLLOWING,6.049,0.440,-1.465,80.31,0.148,-1.500,0.000,0.000,0.000,0.000,0.00,10.77567098,106.67094431,10.51,"10°46'32.42""N, 106°40'15.40""E",FIX,
14:23:50.723,1786173830.724,PATH_FOLLOWING,6.050,0.439,-1.471,80.22,0.150,-1.500,0.000,0.000,0.000,0.000,0.00,10.77567098,106.67094431,10.51,"10°46'32.42""N, 106°40'15.40""E",FIX,
14:23:50.797,1786173830.798,PATH_FOLLOWING,6.051,0.439,-1.481,80.09,0.152,-1.500,0.000,0.000,0.000,0.000,0.00,10.77567098,106.67094431,10.51,"10°46'32.42""N, 106°40'15.40""E",FIX,
14:23:50.855,1786173830.856,PATH_FOLLOWING,6.051,0.438,-1.484,80.05,0.153,-1.500,0.000,0.000,0.000,0.000,0.00,10.77567096,106.67094432,10.51,"10°46'32.42""N, 106°40'15.40""E",FIX,
14:23:50.936,1786173830.936,PATH_FOLLOWING,6.051,0.438,-1.489,79.98,0.154,-1.500,0.000,0.000,0.000,0.000,0.00,10.77567096,106.67094432,10.51,"10°46'32.42""N, 106°40'15.40""E",FIX,
14:23:51.009,1786173831.010,PATH_FOLLOWING,6.052,0.437,-1.495,79.90,0.155,-1.500,0.000,0.000,0.000,0.000,0.00,10.77567096,106.67094432,10.51,"10°46'32.42""N, 106°40'15.40""E",FIX,
14:23:51.074,1786173831.074,PATH_FOLLOWING,6.052,0.436,-1.499,79.84,0.156,-1.500,0.000,0.000,0.000,0.000,0.00,10.77567095,106.67094433,10.51,"10°46'32.42""N, 106°40'15.40""E",FIX,
14:23:51.135,1786173831.136,PATH_FOLLOWING,6.052,0.436,-1.504,79.78,0.157,-1.500,0.000,0.000,0.000,0.000,0.00,10.77567095,106.67094433,10.51,"10°46'32.42""N, 106°40'15.40""E",FIX,
14:23:51.218,1786173831.218,PATH_FOLLOWING,6.053,0.435,-1.509,79.72,0.158,-1.500,0.000,0.000,0.000,0.000,0.00,10.77567095,106.67094433,10.51,"10°46'32.42""N, 106°40'15.40""E",FIX,
14:23:51.291,1786173831.292,PATH_FOLLOWING,6.053,0.435,-1.513,79.66,0.159,-1.500,0.000,0.000,0.000,0.000,0.00,10.77567093,106.67094434,10.51,"10°46'32.42""N, 106°40'15.40""E",FIX,
14:23:51.352,1786173831.353,PATH_FOLLOWING,6.053,0.434,-1.517,79.61,0.159,-1.500,0.000,0.000,0.000,0.000,0.00,10.77567093,106.67094434,10.51,"10°46'32.42""N, 106°40'15.40""E",FIX,
14:23:51.433,1786173831.433,PATH_FOLLOWING,6.054,0.433,-1.520,79.57,0.160,-1.500,0.000,0.000,0.000,0.000,0.00,10.77567093,106.67094434,10.51,"10°46'32.42""N, 106°40'15.40""E",FIX,
14:23:51.497,1786173831.498,PATH_FOLLOWING,6.054,0.433,-1.524,79.53,0.161,-1.500,0.000,0.000,0.000,0.000,0.00,10.77567091,106.67094435,10.51,"10°46'32.42""N, 106°40'15.40""E",FIX,
14:23:51.581,1786173831.581,PATH_FOLLOWING,6.054,0.432,-1.527,79.49,0.161,-1.500,0.000,0.000,0.000,0.000,0.00,10.77567091,106.67094435,10.51,"10°46'32.42""N, 106°40'15.40""E",FIX,
14:23:51.644,1786173831.644,PATH_FOLLOWING,6.054,0.431,-1.530,79.45,0.162,-1.500,0.000,0.000,0.000,0.000,0.00,10.77567091,106.67094435,10.51,"10°46'32.42""N, 106°40'15.40""E",FIX,
14:23:51.727,1786173831.728,PATH_FOLLOWING,6.055,0.431,-1.531,79.43,0.162,-1.500,0.000,0.000,0.000,0.000,0.00,10.77567090,106.67094436,10.51,"10°46'32.42""N, 106°40'15.40""E",FIX,
14:23:51.790,1786173831.791,PATH_FOLLOWING,6.055,0.430,-1.535,79.38,0.163,-1.500,0.000,0.000,0.000,0.000,0.00,10.77567090,106.67094436,10.51,"10°46'32.42""N, 106°40'15.40""E",FIX,
14:23:51.846,1786173831.846,PATH_FOLLOWING,6.055,0.430,-1.536,79.37,0.163,-1.500,0.000,0.000,0.000,0.000,0.00,10.77567090,106.67094436,10.51,"10°46'32.42""N, 106°40'15.40""E",FIX,
14:23:51.920,1786173831.920,PATH_FOLLOWING,6.055,0.429,-1.539,79.34,0.164,-1.500,0.000,0.000,0.000,0.000,0.00,10.77567088,106.67094436,10.51,"10°46'32.42""N, 106°40'15.40""E",FIX,
14:23:51.990,1786173831.990,PATH_FOLLOWING,6.055,0.429,-1.541,79.32,0.164,-1.500,0.000,0.000,0.000,0.000,0.00,10.77567088,106.67094436,10.51,"10°46'32.42""N, 106°40'15.40""E",FIX,
14:23:52.074,1786173832.075,PATH_FOLLOWING,6.056,0.428,-1.543,79.29,0.165,-1.500,0.000,0.000,0.000,0.000,0.00,10.77567088,106.67094436,10.51,"10°46'32.42""N, 106°40'15.40""E",FIX,
14:23:52.141,1786173832.142,PATH_FOLLOWING,6.056,0.427,-1.545,79.27,0.165,-1.500,0.000,0.000,0.000,0.000,0.00,10.77567087,106.67094437,10.51,"10°46'32.42""N, 106°40'15.40""E",FIX,
14:23:52.212,1786173832.213,PATH_FOLLOWING,6.056,0.427,-1.547,79.25,0.165,-1.500,0.000,0.000,0.000,0.000,0.00,10.77567087,106.67094437,10.51,"10°46'32.42""N, 106°40'15.40""E",FIX,
14:23:52.292,1786173832.292,PATH_FOLLOWING,6.056,0.426,-1.548,79.23,0.165,-1.500,0.000,0.000,0.000,0.000,0.00,10.77567087,106.67094437,10.51,"10°46'32.42""N, 106°40'15.40""E",FIX,
14:23:52.356,1786173832.357,PATH_FOLLOWING,6.056,0.425,-1.550,79.22,0.166,-1.500,0.000,0.000,0.000,0.000,0.00,10.77567085,106.67094437,10.51,"10°46'32.42""N, 106°40'15.40""E",FIX,
14:23:52.435,1786173832.435,PATH_FOLLOWING,6.056,0.425,-1.551,79.20,0.166,-1.500,0.000,0.000,0.000,0.000,0.00,10.77567085,106.67094437,10.51,"10°46'32.42""N, 106°40'15.40""E",FIX,
14:23:52.501,1786173832.501,PATH_FOLLOWING,6.056,0.424,-1.553,79.19,0.166,-1.500,0.000,0.000,0.000,0.000,0.00,10.77567085,106.67094437,10.51,"10°46'32.42""N, 106°40'15.40""E",FIX,
14:23:52.574,1786173832.574,PATH_FOLLOWING,6.056,0.424,-1.554,79.18,0.166,-1.500,0.000,0.000,0.000,0.000,0.00,10.77567083,106.67094438,10.51,"10°46'32.41""N, 106°40'15.40""E",FIX,
14:23:52.653,1786173832.653,PATH_FOLLOWING,6.056,0.423,-1.555,79.16,0.167,-1.500,0.000,0.000,0.000,0.000,0.00,10.77567083,106.67094438,10.51,"10°46'32.41""N, 106°40'15.40""E",FIX,
14:23:52.709,1786173832.709,PATH_FOLLOWING,6.057,0.422,-1.556,79.15,0.167,-1.500,0.000,0.000,0.000,0.000,0.00,10.77567083,106.67094438,10.51,"10°46'32.41""N, 106°40'15.40""E",FIX,
14:23:52.786,1786173832.787,PATH_FOLLOWING,6.057,0.422,-1.557,79.15,0.167,-1.500,0.000,0.000,0.000,0.000,0.00,10.77567082,106.67094438,10.51,"10°46'32.41""N, 106°40'15.40""E",FIX,
14:23:52.857,1786173832.857,PATH_FOLLOWING,6.057,0.421,-1.558,79.14,0.167,-1.500,0.000,0.000,0.000,0.000,0.00,10.77567082,106.67094438,10.51,"10°46'32.41""N, 106°40'15.40""E",FIX,
14:23:52.927,1786173832.928,PATH_FOLLOWING,6.057,0.421,-1.559,79.13,0.167,-1.500,0.000,0.000,0.000,0.000,0.00,10.77567082,106.67094438,10.51,"10°46'32.41""N, 106°40'15.40""E",FIX,
14:23:53.065,1786173833.065,PATH_FOLLOWING,6.057,0.420,-1.560,79.13,0.167,-1.500,0.000,0.000,0.000,0.000,0.00,10.77567080,106.67094438,10.51,"10°46'32.41""N, 106°40'15.40""E",FIX,
14:23:53.120,1786173833.120,PATH_FOLLOWING,6.057,0.420,-1.560,79.12,0.167,-1.500,0.000,0.000,0.000,0.000,0.00,10.77567080,106.67094438,10.51,"10°46'32.41""N, 106°40'15.40""E",FIX,
14:23:53.218,1786173833.219,PATH_FOLLOWING,6.057,0.419,-1.561,79.12,0.167,-1.500,0.000,0.000,0.000,0.000,0.00,10.77567080,106.67094438,10.51,"10°46'32.41""N, 106°40'15.40""E",FIX,
14:23:53.280,1786173833.280,PATH_FOLLOWING,6.057,0.418,-1.562,79.11,0.167,-1.500,0.000,0.000,0.000,0.000,0.00,10.77567078,106.67094438,10.51,"10°46'32.41""N, 106°40'15.40""E",FIX,
14:23:53.343,1786173833.344,PATH_FOLLOWING,6.057,0.418,-1.562,79.11,0.167,-1.500,0.000,0.000,0.000,0.000,0.00,10.77567078,106.67094438,10.51,"10°46'32.41""N, 106°40'15.40""E",FIX,
14:23:53.418,1786173833.418,PATH_FOLLOWING,6.057,0.417,-1.563,79.11,0.167,-1.500,0.000,0.000,0.000,0.000,0.00,10.77567078,106.67094438,10.51,"10°46'32.41""N, 106°40'15.40""E",FIX,
14:23:53.503,1786173833.503,PATH_FOLLOWING,6.057,0.416,-1.563,79.10,0.167,-1.500,0.000,0.000,0.000,0.000,0.00,10.77567077,106.67094438,10.51,"10°46'32.41""N, 106°40'15.40""E",FIX,
14:23:53.575,1786173833.575,PATH_FOLLOWING,6.057,0.416,-1.564,79.10,0.167,-1.500,0.000,0.000,0.000,0.000,0.00,10.77567077,106.67094438,10.51,"10°46'32.41""N, 106°40'15.40""E",FIX,
14:23:53.631,1786173833.631,PATH_FOLLOWING,6.057,0.415,-1.564,79.10,0.168,-1.500,0.000,0.000,0.000,0.000,0.00,10.77567077,106.67094438,10.51,"10°46'32.41""N, 106°40'15.40""E",FIX,
14:23:53.702,1786173833.703,PATH_FOLLOWING,6.057,0.415,-1.565,79.10,0.168,-1.500,0.000,0.000,0.000,0.000,0.00,10.77567075,106.67094438,10.51,"10°46'32.41""N, 106°40'15.40""E",FIX,
14:23:53.787,1786173833.787,PATH_FOLLOWING,6.057,0.414,-1.565,79.10,0.168,-1.500,0.000,0.000,0.000,0.000,0.00,10.77567075,106.67094438,10.51,"10°46'32.41""N, 106°40'15.40""E",FIX,
14:23:53.862,1786173833.863,PATH_FOLLOWING,6.057,0.413,-1.566,79.10,0.168,-1.500,0.000,0.000,0.000,0.000,0.00,10.77567075,106.67094438,10.51,"10°46'32.41""N, 106°40'15.40""E",FIX,
14:23:53.924,1786173833.924,PATH_FOLLOWING,6.057,0.413,-1.566,79.10,0.168,-1.500,0.000,0.000,0.000,0.000,0.00,10.77567073,106.67094438,10.51,"10°46'32.41""N, 106°40'15.40""E",FIX,
14:23:53.992,1786173833.992,PATH_FOLLOWING,6.057,0.412,-1.566,79.10,0.167,-1.500,0.000,0.000,0.000,0.000,0.00,10.77567073,106.67094438,10.51,"10°46'32.41""N, 106°40'15.40""E",FIX,
14:23:54.070,1786173834.071,PATH_FOLLOWING,6.057,0.411,-1.567,79.10,0.167,-1.500,0.000,0.000,0.000,0.000,0.00,10.77567073,106.67094438,10.51,"10°46'32.41""N, 106°40'15.40""E",FIX,
14:23:54.146,1786173834.146,PATH_FOLLOWING,6.057,0.411,-1.567,79.10,0.167,-1.500,0.000,0.000,0.000,0.000,0.00,10.77567072,106.67094438,10.51,"10°46'32.41""N, 106°40'15.40""E",FIX,
14:23:54.203,1786173834.204,PATH_FOLLOWING,6.057,0.410,-1.567,79.11,0.167,-1.500,0.000,0.000,0.000,0.000,0.00,10.77567072,106.67094438,10.51,"10°46'32.41""N, 106°40'15.40""E",FIX,
14:23:54.286,1786173834.287,PATH_FOLLOWING,6.057,0.410,-1.568,79.11,0.167,-1.500,0.000,0.000,0.000,0.000,0.00,10.77567072,106.67094438,10.51,"10°46'32.41""N, 106°40'15.40""E",FIX,
14:23:54.345,1786173834.346,PATH_FOLLOWING,6.057,0.409,-1.568,79.11,0.167,-1.500,0.000,0.000,0.000,0.000,0.00,10.77567070,106.67094439,10.51,"10°46'32.41""N, 106°40'15.40""E",FIX,
14:23:54.434,1786173834.435,PATH_FOLLOWING,6.058,0.408,-1.568,79.11,0.167,-1.500,0.000,0.000,0.000,0.000,0.00,10.77567070,106.67094439,10.51,"10°46'32.41""N, 106°40'15.40""E",FIX,
14:23:54.502,1786173834.502,PATH_FOLLOWING,6.058,0.408,-1.568,79.12,0.167,-1.500,0.000,0.000,0.000,0.000,0.00,10.77567070,106.67094439,10.51,"10°46'32.41""N, 106°40'15.40""E",FIX,
14:23:54.568,1786173834.569,PATH_FOLLOWING,6.058,0.407,-1.568,79.12,0.167,-1.500,0.000,0.000,0.000,0.000,0.00,10.77567068,106.67094439,10.51,"10°46'32.41""N, 106°40'15.40""E",FIX,
14:23:54.636,1786173834.636,PATH_FOLLOWING,6.058,0.407,-1.568,79.12,0.167,-1.500,0.000,0.000,0.000,0.000,0.00,10.77567068,106.67094439,10.51,"10°46'32.41""N, 106°40'15.40""E",FIX,
14:23:54.707,1786173834.708,PATH_FOLLOWING,6.058,0.406,-1.569,79.12,0.167,-1.500,0.000,0.000,0.000,0.000,0.00,10.77567068,106.67094439,10.51,"10°46'32.41""N, 106°40'15.40""E",FIX,
14:23:54.781,1786173834.782,PATH_FOLLOWING,6.058,0.405,-1.569,79.13,0.167,-1.500,0.000,0.000,0.000,0.000,0.00,10.77567067,106.67094439,10.51,"10°46'32.41""N, 106°40'15.40""E",FIX,
14:23:54.855,1786173834.855,PATH_FOLLOWING,6.058,0.405,-1.569,79.13,0.167,-1.500,0.000,0.000,0.000,0.000,0.00,10.77567067,106.67094439,10.51,"10°46'32.41""N, 106°40'15.40""E",FIX,
14:23:54.918,1786173834.918,PATH_FOLLOWING,6.058,0.404,-1.569,79.14,0.167,-1.500,0.000,0.000,0.000,0.000,0.00,10.77567067,106.67094439,10.51,"10°46'32.41""N, 106°40'15.40""E",FIX,
14:23:55.002,1786173835.003,PATH_FOLLOWING,6.058,0.404,-1.569,79.14,0.167,-1.500,0.000,0.000,0.000,0.000,0.00,10.77567065,106.67094439,10.51,"10°46'32.41""N, 106°40'15.40""E",FIX,
14:23:55.085,1786173835.086,PATH_FOLLOWING,6.058,0.403,-1.569,79.14,0.167,-1.500,0.000,0.000,0.000,0.000,0.00,10.77567065,106.67094439,10.51,"10°46'32.41""N, 106°40'15.40""E",FIX,
14:23:55.136,1786173835.136,PATH_FOLLOWING,6.058,0.402,-1.569,79.15,0.167,-1.500,0.000,0.000,0.000,0.000,0.00,10.77567065,106.67094439,10.51,"10°46'32.41""N, 106°40'15.40""E",FIX,
14:23:55.201,1786173835.202,PATH_FOLLOWING,6.058,0.402,-1.569,79.15,0.167,-1.500,0.000,0.000,0.000,0.000,0.00,10.77567063,106.67094439,10.51,"10°46'32.41""N, 106°40'15.40""E",FIX,
14:23:55.289,1786173835.290,PATH_FOLLOWING,6.058,0.401,-1.570,79.16,0.167,-1.500,0.000,0.000,0.000,0.000,0.00,10.77567063,106.67094439,10.51,"10°46'32.41""N, 106°40'15.40""E",FIX,
14:23:55.348,1786173835.348,PATH_FOLLOWING,6.058,0.401,-1.570,79.16,0.167,-1.500,0.000,0.000,0.000,0.000,0.00,10.77567063,106.67094439,10.51,"10°46'32.41""N, 106°40'15.40""E",FIX,
14:23:55.424,1786173835.425,PATH_FOLLOWING,6.058,0.400,-1.570,79.16,0.167,-1.500,0.000,0.000,0.000,0.000,0.00,10.77567062,106.67094439,10.51,"10°46'32.41""N, 106°40'15.40""E",FIX,
14:23:55.502,1786173835.503,PATH_FOLLOWING,6.058,0.399,-1.570,79.17,0.166,-1.500,0.000,0.000,0.000,0.000,0.00,10.77567062,106.67094439,10.51,"10°46'32.41""N, 106°40'15.40""E",FIX,
14:23:55.555,1786173835.555,PATH_FOLLOWING,6.058,0.399,-1.570,79.17,0.166,-1.500,0.000,0.000,0.000,0.000,0.00,10.77567062,106.67094439,10.51,"10°46'32.41""N, 106°40'15.40""E",FIX,
14:23:55.625,1786173835.625,PATH_FOLLOWING,6.058,0.398,-1.570,79.18,0.166,-1.500,0.000,0.000,0.000,0.000,0.00,10.77567060,106.67094439,10.51,"10°46'32.41""N, 106°40'15.40""E",FIX,
14:23:55.709,1786173835.710,PATH_FOLLOWING,6.058,0.397,-1.570,79.18,0.166,-1.500,0.000,0.000,0.000,0.000,0.00,10.77567060,106.67094439,10.51,"10°46'32.41""N, 106°40'15.40""E",FIX,
14:23:55.781,1786173835.781,PATH_FOLLOWING,6.058,0.397,-1.570,79.19,0.166,-1.500,0.000,0.000,0.000,0.000,0.00,10.77567060,106.67094439,10.51,"10°46'32.41""N, 106°40'15.40""E",FIX,
14:23:55.844,1786173835.845,PATH_FOLLOWING,6.058,0.396,-1.570,79.19,0.166,-1.500,0.000,0.000,0.000,0.000,0.00,10.77567058,106.67094439,10.51,"10°46'32.41""N, 106°40'15.40""E",FIX,
14:23:55.929,1786173835.930,PATH_FOLLOWING,6.058,0.396,-1.570,79.20,0.166,-1.500,0.000,0.000,0.000,0.000,0.00,10.77567058,106.67094439,10.51,"10°46'32.41""N, 106°40'15.40""E",FIX,
14:23:55.996,1786173835.997,PATH_FOLLOWING,6.058,0.395,-1.570,79.20,0.166,-1.500,0.000,0.000,0.000,0.000,0.00,10.77567058,106.67094439,10.51,"10°46'32.41""N, 106°40'15.40""E",FIX,
14:23:56.064,1786173836.064,PATH_FOLLOWING,6.058,0.395,-1.570,79.21,0.166,-1.500,0.000,0.000,0.000,0.000,0.00,10.77567057,106.67094439,10.51,"10°46'32.41""N, 106°40'15.40""E",FIX,
14:23:56.147,1786173836.148,PATH_FOLLOWING,6.058,0.394,-1.570,79.21,0.166,-1.500,0.000,0.000,0.000,0.000,0.00,10.77567057,106.67094439,10.51,"10°46'32.41""N, 106°40'15.40""E",FIX,
14:23:56.209,1786173836.210,PATH_FOLLOWING,6.058,0.393,-1.570,79.22,0.166,-1.500,0.000,0.000,0.000,0.000,0.00,10.77567057,106.67094439,10.51,"10°46'32.41""N, 106°40'15.40""E",FIX,
14:23:56.283,1786173836.284,PATH_FOLLOWING,6.058,0.393,-1.570,79.22,0.166,-1.500,0.000,0.000,0.000,0.000,0.00,10.77567055,106.67094439,10.51,"10°46'32.41""N, 106°40'15.40""E",FIX,
14:23:56.360,1786173836.360,PATH_FOLLOWING,6.058,0.392,-1.570,79.23,0.166,-1.500,0.000,0.000,0.000,0.000,0.00,10.77567055,106.67094439,10.51,"10°46'32.41""N, 106°40'15.40""E",FIX,
14:23:56.442,1786173836.443,PATH_FOLLOWING,6.058,0.391,-1.570,79.23,0.165,-1.500,0.000,0.000,0.000,0.000,0.00,10.77567055,106.67094439,10.51,"10°46'32.41""N, 106°40'15.40""E",FIX,
14:23:56.514,1786173836.515,PATH_FOLLOWING,6.058,0.391,-1.570,79.24,0.165,-1.500,0.000,0.000,0.000,0.000,0.00,10.77567053,106.67094439,10.51,"10°46'32.41""N, 106°40'15.40""E",FIX,
14:23:56.583,1786173836.584,PATH_FOLLOWING,6.058,0.390,-1.570,79.24,0.165,-1.500,0.000,0.000,0.000,0.000,0.00,10.77567053,106.67094439,10.51,"10°46'32.41""N, 106°40'15.40""E",FIX,
14:23:56.654,1786173836.655,PATH_FOLLOWING,6.058,0.390,-1.570,79.25,0.165,-1.500,0.000,0.000,0.000,0.000,0.00,10.77567053,106.67094439,10.51,"10°46'32.41""N, 106°40'15.40""E",FIX,
14:23:56.726,1786173836.726,PATH_FOLLOWING,6.058,0.389,-1.571,79.25,0.165,-1.500,0.000,0.000,0.000,0.000,0.00,10.77567052,106.67094439,10.51,"10°46'32.41""N, 106°40'15.40""E",FIX,
14:23:56.784,1786173836.785,PATH_FOLLOWING,6.058,0.389,-1.571,79.26,0.165,-1.500,0.000,0.000,0.000,0.000,0.00,10.77567052,106.67094439,10.51,"10°46'32.41""N, 106°40'15.40""E",FIX,
14:23:56.871,1786173836.871,PATH_FOLLOWING,6.058,0.388,-1.571,79.27,0.165,-1.500,0.000,0.000,0.000,0.000,0.00,10.77567052,106.67094439,10.51,"10°46'32.41""N, 106°40'15.40""E",FIX,
14:23:56.926,1786173836.927,PATH_FOLLOWING,6.058,0.387,-1.571,79.27,0.165,-1.500,0.000,0.000,0.000,0.000,0.00,10.77567052,106.67094439,10.51,"10°46'32.41""N, 106°40'15.40""E",FIX,
14:23:56.994,1786173836.994,PATH_FOLLOWING,6.058,0.387,-1.571,79.27,0.165,-1.500,0.000,0.000,0.000,0.000,0.00,10.77567050,106.67094439,10.51,"10°46'32.41""N, 106°40'15.40""E",FIX,
14:23:57.076,1786173837.077,PATH_FOLLOWING,6.058,0.386,-1.571,79.28,0.165,-1.500,0.000,0.000,0.000,0.000,0.00,10.77567050,106.67094439,10.51,"10°46'32.41""N, 106°40'15.40""E",FIX,
14:23:57.143,1786173837.144,PATH_FOLLOWING,6.058,0.386,-1.571,79.28,0.165,-1.500,0.000,0.000,0.000,0.000,0.00,10.77567048,106.67094439,10.51,"10°46'32.41""N, 106°40'15.40""E",FIX,
14:23:57.205,1786173837.205,PATH_FOLLOWING,6.058,0.385,-1.571,79.29,0.165,-1.500,0.000,0.000,0.000,0.000,0.00,10.77567048,106.67094439,10.51,"10°46'32.41""N, 106°40'15.40""E",FIX,
14:23:57.283,1786173837.284,PATH_FOLLOWING,6.058,0.384,-1.571,79.30,0.164,-1.500,0.000,0.000,0.000,0.000,0.00,10.77567048,106.67094439,10.51,"10°46'32.41""N, 106°40'15.40""E",FIX,
14:23:57.354,1786173837.354,PATH_FOLLOWING,6.058,0.384,-1.571,79.30,0.164,-1.500,0.000,0.000,0.000,0.000,0.00,10.77567047,106.67094439,10.51,"10°46'32.41""N, 106°40'15.40""E",FIX,
14:23:57.417,1786173837.418,PATH_FOLLOWING,6.058,0.383,-1.571,79.31,0.164,-1.500,0.000,0.000,0.000,0.000,0.00,10.77567047,106.67094439,10.51,"10°46'32.41""N, 106°40'15.40""E",FIX,
14:23:57.477,1786173837.477,PATH_FOLLOWING,6.058,0.382,-1.571,79.31,0.164,-1.500,0.000,0.000,0.000,0.000,0.00,10.77567047,106.67094439,10.51,"10°46'32.41""N, 106°40'15.40""E",FIX,
14:23:57.559,1786173837.559,PATH_FOLLOWING,6.058,0.382,-1.571,79.32,0.164,-1.500,0.000,0.000,0.000,0.000,0.00,10.77567045,106.67094439,10.51,"10°46'32.41""N, 106°40'15.40""E",FIX,
14:23:57.636,1786173837.636,PATH_FOLLOWING,6.058,0.381,-1.571,79.32,0.164,-1.500,0.000,0.000,0.000,0.000,0.00,10.77567045,106.67094439,10.51,"10°46'32.41""N, 106°40'15.40""E",FIX,
14:23:57.690,1786173837.690,PATH_FOLLOWING,6.058,0.381,-1.571,79.33,0.164,-1.500,0.000,0.000,0.000,0.000,0.00,10.77567045,106.67094439,10.51,"10°46'32.41""N, 106°40'15.40""E",FIX,
14:23:57.760,1786173837.760,PATH_FOLLOWING,6.058,0.380,-1.571,79.33,0.164,-1.500,0.000,0.000,0.000,0.000,0.00,10.77567045,106.67094439,10.51,"10°46'32.41""N, 106°40'15.40""E",FIX,
14:23:57.838,1786173837.839,PATH_FOLLOWING,6.058,0.379,-1.571,79.34,0.164,-1.500,0.000,0.000,0.000,0.000,0.00,10.77567043,106.67094439,10.51,"10°46'32.41""N, 106°40'15.40""E",FIX,
14:23:57.906,1786173837.906,PATH_FOLLOWING,6.058,0.379,-1.571,79.35,0.164,-1.500,0.000,0.000,0.000,0.000,0.00,10.77567043,106.67094439,10.51,"10°46'32.41""N, 106°40'15.40""E",FIX,
14:23:57.975,1786173837.976,PATH_FOLLOWING,6.058,0.378,-1.571,79.35,0.164,-1.500,0.000,0.000,0.000,0.000,0.00,10.77567043,106.67094439,10.51,"10°46'32.41""N, 106°40'15.40""E",FIX,
14:23:58.053,1786173838.053,PATH_FOLLOWING,6.058,0.378,-1.571,79.36,0.163,-1.500,0.000,0.000,0.000,0.000,0.00,10.77567042,106.67094439,10.51,"10°46'32.41""N, 106°40'15.40""E",FIX,
14:23:58.113,1786173838.114,PATH_FOLLOWING,6.058,0.377,-1.571,79.36,0.163,-1.500,0.000,0.000,0.000,0.000,0.00,10.77567042,106.67094439,10.51,"10°46'32.41""N, 106°40'15.40""E",FIX,
14:23:58.188,1786173838.188,PATH_FOLLOWING,6.058,0.376,-1.571,79.37,0.163,-1.500,0.000,0.000,0.000,0.000,0.00,10.77567042,106.67094439,10.51,"10°46'32.41""N, 106°40'15.40""E",FIX,
14:23:58.258,1786173838.258,PATH_FOLLOWING,6.058,0.376,-1.571,79.37,0.163,-1.500,0.000,0.000,0.000,0.000,0.00,10.77567040,106.67094439,10.51,"10°46'32.41""N, 106°40'15.40""E",FIX,
14:23:58.347,1786173838.347,PATH_FOLLOWING,6.058,0.375,-1.571,79.38,0.163,-1.500,0.000,0.000,0.000,0.000,0.00,10.77567040,106.67094439,10.51,"10°46'32.41""N, 106°40'15.40""E",FIX,
14:23:58.401,1786173838.401,PATH_FOLLOWING,6.058,0.375,-1.571,79.39,0.163,-1.500,0.000,0.000,0.000,0.000,0.00,10.77567040,106.67094439,10.51,"10°46'32.41""N, 106°40'15.40""E",FIX,
14:23:58.474,1786173838.475,PATH_FOLLOWING,6.058,0.374,-1.571,79.39,0.163,-1.500,0.000,0.000,0.000,0.000,0.00,10.77567038,106.67094439,10.51,"10°46'32.41""N, 106°40'15.40""E",FIX,
14:23:58.549,1786173838.549,PATH_FOLLOWING,6.058,0.373,-1.571,79.40,0.163,-1.500,0.000,0.000,0.000,0.000,0.00,10.77567038,106.67094439,10.51,"10°46'32.41""N, 106°40'15.40""E",FIX,
14:23:58.624,1786173838.624,PATH_FOLLOWING,6.058,0.373,-1.571,79.40,0.163,-1.500,0.000,0.000,0.000,0.000,0.00,10.77567038,106.67094439,10.51,"10°46'32.41""N, 106°40'15.40""E",FIX,
14:23:58.681,1786173838.681,PATH_FOLLOWING,6.058,0.372,-1.571,79.41,0.163,-1.500,0.000,0.000,0.000,0.000,0.00,10.77567037,106.67094439,10.51,"10°46'32.41""N, 106°40'15.40""E",FIX,
14:23:58.764,1786173838.765,PATH_FOLLOWING,6.058,0.371,-1.571,79.42,0.163,-1.500,0.000,0.000,0.000,0.000,0.00,10.77567037,106.67094439,10.51,"10°46'32.41""N, 106°40'15.40""E",FIX,
14:23:58.840,1786173838.840,PATH_FOLLOWING,6.058,0.371,-1.571,79.42,0.162,-1.500,0.000,0.000,0.000,0.000,0.00,10.77567037,106.67094439,10.51,"10°46'32.41""N, 106°40'15.40""E",FIX,
14:23:58.901,1786173838.901,PATH_FOLLOWING,6.058,0.370,-1.571,79.43,0.162,-1.500,0.000,0.000,0.000,0.000,0.00,10.77567035,106.67094439,10.51,"10°46'32.41""N, 106°40'15.40""E",FIX,
14:23:58.967,1786173838.967,PATH_FOLLOWING,6.058,0.370,-1.571,79.43,0.162,-1.500,0.000,0.000,0.000,0.000,0.00,10.77567035,106.67094439,10.51,"10°46'32.41""N, 106°40'15.40""E",FIX,
14:23:59.041,1786173839.042,PATH_FOLLOWING,6.058,0.369,-1.571,79.44,0.162,-1.500,0.000,0.000,0.000,0.000,0.00,10.77567035,106.67094439,10.51,"10°46'32.41""N, 106°40'15.40""E",FIX,
14:23:59.107,1786173839.107,PATH_FOLLOWING,6.058,0.368,-1.571,79.45,0.162,-1.500,0.000,0.000,0.000,0.000,0.00,10.77567033,106.67094439,10.51,"10°46'32.41""N, 106°40'15.40""E",FIX,
14:23:59.173,1786173839.174,PATH_FOLLOWING,6.058,0.368,-1.571,79.45,0.162,-1.500,0.000,0.000,0.000,0.000,0.00,10.77567033,106.67094439,10.51,"10°46'32.41""N, 106°40'15.40""E",FIX,
14:23:59.248,1786173839.248,PATH_FOLLOWING,6.058,0.367,-1.571,79.46,0.162,-1.500,0.000,0.000,0.000,0.000,0.00,10.77567033,106.67094439,10.51,"10°46'32.41""N, 106°40'15.40""E",FIX,
14:23:59.325,1786173839.326,PATH_FOLLOWING,6.058,0.367,-1.571,79.46,0.162,-1.500,0.000,0.000,0.000,0.000,0.00,10.77567032,106.67094439,10.51,"10°46'32.41""N, 106°40'15.40""E",FIX,
14:23:59.389,1786173839.389,PATH_FOLLOWING,6.058,0.366,-1.571,79.47,0.162,-1.500,0.000,0.000,0.000,0.000,0.00,10.77567032,106.67094439,10.51,"10°46'32.41""N, 106°40'15.40""E",FIX,
14:23:59.472,1786173839.473,PATH_FOLLOWING,6.058,0.366,-1.571,79.47,0.162,-1.500,0.000,0.000,0.000,0.000,0.00,10.77567032,106.67094439,10.51,"10°46'32.41""N, 106°40'15.40""E",FIX,
14:23:59.535,1786173839.535,PATH_FOLLOWING,6.058,0.365,-1.571,79.48,0.162,-1.500,0.000,0.000,0.000,0.000,0.00,10.77567030,106.67094439,10.51,"10°46'32.41""N, 106°40'15.40""E",FIX,
14:23:59.610,1786173839.610,PATH_FOLLOWING,6.058,0.364,-1.571,79.49,0.161,-1.500,0.000,0.000,0.000,0.000,0.00,10.77567030,106.67094439,10.51,"10°46'32.41""N, 106°40'15.40""E",FIX,
14:23:59.679,1786173839.679,PATH_FOLLOWING,6.058,0.364,-1.571,79.49,0.161,-1.500,0.000,0.000,0.000,0.000,0.00,10.77567030,106.67094439,10.51,"10°46'32.41""N, 106°40'15.40""E",FIX,
14:23:59.752,1786173839.752,PATH_FOLLOWING,6.058,0.363,-1.571,79.50,0.161,-1.500,0.000,0.000,0.000,0.000,0.00,10.77567028,106.67094439,10.51,"10°46'32.41""N, 106°40'15.40""E",FIX,
14:23:59.837,1786173839.838,PATH_FOLLOWING,6.058,0.362,-1.571,79.50,0.161,-1.500,0.000,0.000,0.000,0.000,0.00,10.77567028,106.67094439,10.51,"10°46'32.41""N, 106°40'15.40""E",FIX,
14:23:59.900,1786173839.900,PATH_FOLLOWING,6.058,0.362,-1.571,79.51,0.161,-1.500,0.000,0.000,0.000,0.000,0.00,10.77567028,106.67094439,10.51,"10°46'32.41""N, 106°40'15.40""E",FIX,
14:23:59.973,1786173839.973,PATH_FOLLOWING,6.058,0.361,-1.571,79.52,0.161,-1.500,0.000,0.000,0.000,0.000,0.00,10.77567027,106.67094439,10.51,"10°46'32.41""N, 106°40'15.40""E",FIX,
14:24:00.046,1786173840.046,PATH_FOLLOWING,6.058,0.361,-1.571,79.52,0.161,-1.500,0.000,0.000,0.000,0.000,0.00,10.77567027,106.67094439,10.51,"10°46'32.41""N, 106°40'15.40""E",FIX,
14:24:00.100,1786173840.101,PATH_FOLLOWING,6.058,0.360,-1.571,79.53,0.161,-1.500,0.000,0.000,0.000,0.000,0.00,10.77567027,106.67094439,10.51,"10°46'32.41""N, 106°40'15.40""E",FIX,
14:24:00.187,1786173840.187,PATH_FOLLOWING,6.058,0.359,-1.571,79.53,0.161,-1.500,0.000,0.000,0.000,0.000,0.00,10.77567025,106.67094439,10.51,"10°46'32.41""N, 106°40'15.40""E",FIX,
14:24:00.265,1786173840.265,PATH_FOLLOWING,6.058,0.359,-1.571,79.54,0.161,-1.500,0.000,0.000,0.000,0.000,0.00,10.77567025,106.67094439,10.51,"10°46'32.41""N, 106°40'15.40""E",FIX,
14:24:00.322,1786173840.323,PATH_FOLLOWING,6.058,0.358,-1.571,79.54,0.161,-1.500,0.000,0.000,0.000,0.000,0.00,10.77567025,106.67094439,10.51,"10°46'32.41""N, 106°40'15.40""E",FIX,
14:24:00.387,1786173840.388,PATH_FOLLOWING,6.058,0.358,-1.571,79.55,0.160,-1.500,0.000,0.000,0.000,0.000,0.00,10.77567023,106.67094439,10.51,"10°46'32.41""N, 106°40'15.40""E",FIX,
14:24:00.469,1786173840.470,PATH_FOLLOWING,6.058,0.357,-1.571,79.56,0.160,-1.500,0.000,0.000,0.000,0.000,0.00,10.77567023,106.67094439,10.51,"10°46'32.41""N, 106°40'15.40""E",FIX,
14:24:00.525,1786173840.526,PATH_FOLLOWING,6.058,0.356,-1.571,79.56,0.160,-1.500,0.000,0.000,0.000,0.000,0.00,10.77567023,106.67094439,10.51,"10°46'32.41""N, 106°40'15.40""E",FIX,
14:24:00.594,1786173840.595,PATH_FOLLOWING,6.058,0.356,-1.571,79.57,0.160,-1.500,0.000,0.000,0.000,0.000,0.00,10.77567022,106.67094439,10.51,"10°46'32.41""N, 106°40'15.40""E",FIX,
14:24:00.665,1786173840.665,PATH_FOLLOWING,6.058,0.355,-1.571,79.58,0.160,-1.500,0.000,0.000,0.000,0.000,0.00,10.77567022,106.67094439,10.51,"10°46'32.41""N, 106°40'15.40""E",FIX,
14:24:00.749,1786173840.749,PATH_FOLLOWING,6.058,0.355,-1.571,79.58,0.160,-1.500,0.000,0.000,0.000,0.000,0.00,10.77567022,106.67094439,10.51,"10°46'32.41""N, 106°40'15.40""E",FIX,
14:24:00.810,1786173840.810,PATH_FOLLOWING,6.058,0.354,-1.571,79.59,0.160,-1.500,0.000,0.000,0.000,0.000,0.00,10.77567020,106.67094439,10.51,"10°46'32.41""N, 106°40'15.40""E",FIX,
14:24:00.898,1786173840.898,PATH_FOLLOWING,6.058,0.353,-1.571,79.59,0.160,-1.500,0.000,0.000,0.000,0.000,0.00,10.77567020,106.67094439,10.51,"10°46'32.41""N, 106°40'15.40""E",FIX,
14:24:00.966,1786173840.967,PATH_FOLLOWING,6.058,0.353,-1.571,79.60,0.160,-1.500,0.000,0.000,0.000,0.000,0.00,10.77567020,106.67094439,10.51,"10°46'32.41""N, 106°40'15.40""E",FIX,
14:24:01.034,1786173841.035,PATH_FOLLOWING,6.058,0.352,-1.571,79.61,0.160,-1.500,0.000,0.000,0.000,0.000,0.00,10.77567018,106.67094439,10.51,"10°46'32.41""N, 106°40'15.40""E",FIX,
14:24:01.091,1786173841.091,PATH_FOLLOWING,6.058,0.351,-1.571,79.61,0.159,-1.500,0.000,0.000,0.000,0.000,0.00,10.77567018,106.67094439,10.51,"10°46'32.41""N, 106°40'15.40""E",FIX,
14:24:01.166,1786173841.166,PATH_FOLLOWING,6.058,0.351,-1.571,79.62,0.159,-1.500,0.000,0.000,0.000,0.000,0.00,10.77567018,106.67094439,10.51,"10°46'32.41""N, 106°40'15.40""E",FIX,
14:24:01.245,1786173841.245,PATH_FOLLOWING,6.058,0.350,-1.571,79.63,0.159,-1.500,0.000,0.000,0.000,0.000,0.00,10.77567017,106.67094439,10.51,"10°46'32.41""N, 106°40'15.40""E",FIX,
14:24:01.321,1786173841.322,PATH_FOLLOWING,6.058,0.350,-1.571,79.63,0.159,-1.500,0.000,0.000,0.000,0.000,0.00,10.77567017,106.67094439,10.51,"10°46'32.41""N, 106°40'15.40""E",FIX,
14:24:01.378,1786173841.378,PATH_FOLLOWING,6.058,0.349,-1.571,79.63,0.159,-1.500,0.000,0.000,0.000,0.000,0.00,10.77567017,106.67094439,10.51,"10°46'32.41""N, 106°40'15.40""E",FIX,
14:24:01.450,1786173841.450,PATH_FOLLOWING,6.058,0.349,-1.571,79.64,0.159,-1.500,0.000,0.000,0.000,0.000,0.00,10.77567015,106.67094439,10.51,"10°46'32.41""N, 106°40'15.40""E",FIX,
14:24:01.532,1786173841.533,PATH_FOLLOWING,6.058,0.348,-1.571,79.65,0.159,-1.500,0.000,0.000,0.000,0.000,0.00,10.77567015,106.67094439,10.51,"10°46'32.41""N, 106°40'15.40""E",FIX,
14:24:01.601,1786173841.601,PATH_FOLLOWING,6.058,0.347,-1.571,79.65,0.159,-1.500,0.000,0.000,0.000,0.000,0.00,10.77567015,106.67094439,10.51,"10°46'32.41""N, 106°40'15.40""E",FIX,
14:24:01.656,1786173841.656,PATH_FOLLOWING,6.058,0.347,-1.571,79.66,0.159,-1.500,0.000,0.000,0.000,0.000,0.00,10.77567013,106.67094439,10.51,"10°46'32.41""N, 106°40'15.40""E",FIX,
14:24:01.731,1786173841.732,PATH_FOLLOWING,6.058,0.346,-1.571,79.67,0.159,-1.500,0.000,0.000,0.000,0.000,0.00,10.77567013,106.67094439,10.51,"10°46'32.41""N, 106°40'15.40""E",FIX,
14:24:01.798,1786173841.798,PATH_FOLLOWING,6.058,0.346,-1.571,79.67,0.159,-1.500,0.000,0.000,0.000,0.000,0.00,10.77567013,106.67094439,10.51,"10°46'32.41""N, 106°40'15.40""E",FIX,
14:24:01.875,1786173841.875,PATH_FOLLOWING,6.058,0.345,-1.571,79.68,0.158,-1.500,0.000,0.000,0.000,0.000,0.00,10.77567012,106.67094439,10.51,"10°46'32.41""N, 106°40'15.40""E",FIX,
14:24:01.947,1786173841.948,PATH_FOLLOWING,6.058,0.344,-1.571,79.69,0.158,-1.500,0.000,0.000,0.000,0.000,0.00,10.77567012,106.67094439,10.51,"10°46'32.41""N, 106°40'15.40""E",FIX,
14:24:02.006,1786173842.006,PATH_FOLLOWING,6.058,0.344,-1.571,79.69,0.158,-1.500,0.000,0.000,0.000,0.000,0.00,10.77567012,106.67094439,10.51,"10°46'32.41""N, 106°40'15.40""E",FIX,
14:24:02.075,1786173842.075,PATH_FOLLOWING,6.058,0.343,-1.571,79.70,0.158,-1.500,0.000,0.000,0.000,0.000,0.00,10.77567010,106.67094439,10.51,"10°46'32.41""N, 106°40'15.40""E",FIX,
14:24:02.160,1786173842.161,PATH_FOLLOWING,6.058,0.342,-1.571,79.70,0.158,-1.500,0.000,0.000,0.000,0.000,0.00,10.77567010,106.67094439,10.51,"10°46'32.41""N, 106°40'15.40""E",FIX,
14:24:02.217,1786173842.218,PATH_FOLLOWING,6.058,0.342,-1.571,79.71,0.158,-1.500,0.000,0.000,0.000,0.000,0.00,10.77567010,106.67094439,10.51,"10°46'32.41""N, 106°40'15.40""E",FIX,
14:24:02.292,1786173842.292,PATH_FOLLOWING,6.058,0.341,-1.571,79.72,0.158,-1.500,0.000,0.000,0.000,0.000,0.00,10.77567008,106.67094439,10.51,"10°46'32.41""N, 106°40'15.40""E",FIX,
14:24:02.359,1786173842.360,PATH_FOLLOWING,6.058,0.341,-1.571,79.72,0.158,-1.500,0.000,0.000,0.000,0.000,0.00,10.77567008,106.67094439,10.51,"10°46'32.41""N, 106°40'15.40""E",FIX,
14:24:02.434,1786173842.434,PATH_FOLLOWING,6.058,0.340,-1.571,79.73,0.158,-1.500,0.000,0.000,0.000,0.000,0.00,10.77567008,106.67094439,10.51,"10°46'32.41""N, 106°40'15.40""E",FIX,
14:24:02.514,1786173842.514,PATH_FOLLOWING,6.058,0.339,-1.571,79.74,0.158,-1.500,0.000,0.000,0.000,0.000,0.00,10.77567007,106.67094439,10.51,"10°46'32.41""N, 106°40'15.40""E",FIX,
14:24:02.600,1786173842.601,PATH_FOLLOWING,6.058,0.339,-1.571,79.74,0.157,-1.500,0.000,0.000,0.000,0.000,0.00,10.77567007,106.67094439,10.51,"10°46'32.41""N, 106°40'15.40""E",FIX,
14:24:02.747,1786173842.747,PATH_FOLLOWING,6.058,0.338,-1.571,79.75,0.157,-1.500,0.000,0.000,0.000,0.000,0.00,10.77567007,106.67094439,10.51,"10°46'32.41""N, 106°40'15.40""E",FIX,
14:24:02.847,1786173842.848,PATH_FOLLOWING,6.058,0.338,-1.571,79.75,0.157,-1.500,0.000,0.000,0.000,0.000,0.00,10.77567005,106.67094439,10.51,"10°46'32.41""N, 106°40'15.40""E",FIX,
14:24:02.942,1786173842.943,PATH_FOLLOWING,6.058,0.337,-1.571,79.76,0.157,-1.500,0.000,0.000,0.000,0.000,0.00,10.77567005,106.67094439,10.51,"10°46'32.41""N, 106°40'15.40""E",FIX,
14:24:03.015,1786173843.016,PATH_FOLLOWING,6.058,0.336,-1.571,79.77,0.157,-1.500,0.000,0.000,0.000,0.000,0.00,10.77567005,106.67094439,10.51,"10°46'32.41""N, 106°40'15.40""E",FIX,
14:24:03.084,1786173843.085,PATH_FOLLOWING,6.058,0.336,-1.571,79.77,0.157,-1.500,0.000,0.000,0.000,0.000,0.00,10.77567003,106.67094439,10.51,"10°46'32.41""N, 106°40'15.40""E",FIX,
14:24:03.160,1786173843.161,PATH_FOLLOWING,6.058,0.335,-1.571,79.78,0.157,-1.500,0.000,0.000,0.000,0.000,0.00,10.77567003,106.67094439,10.51,"10°46'32.41""N, 106°40'15.40""E",FIX,
14:24:03.232,1786173843.232,PATH_FOLLOWING,6.058,0.334,-1.571,79.79,0.157,-1.500,0.000,0.000,0.000,0.000,0.00,10.77567003,106.67094439,10.51,"10°46'32.41""N, 106°40'15.40""E",FIX,
14:24:03.289,1786173843.290,PATH_FOLLOWING,6.058,0.334,-1.571,79.79,0.157,-1.500,0.000,0.000,0.000,0.000,0.00,10.77567002,106.67094439,10.51,"10°46'32.41""N, 106°40'15.40""E",FIX,
14:24:03.365,1786173843.366,PATH_FOLLOWING,6.058,0.333,-1.571,79.80,0.157,-1.500,0.000,0.000,0.000,0.000,0.00,10.77567002,106.67094439,10.51,"10°46'32.41""N, 106°40'15.40""E",FIX,
14:24:03.439,1786173843.439,PATH_FOLLOWING,6.058,0.333,-1.571,79.81,0.156,-1.500,0.000,0.000,0.000,0.000,0.00,10.77567002,106.67094439,10.51,"10°46'32.41""N, 106°40'15.40""E",FIX,
14:24:03.525,1786173843.526,PATH_FOLLOWING,6.058,0.332,-1.571,79.81,0.156,-1.500,0.000,0.000,0.000,0.000,0.00,10.77567000,106.67094439,10.51,"10°46'32.41""N, 106°40'15.40""E",FIX,
14:24:03.601,1786173843.601,PATH_FOLLOWING,6.058,0.331,-1.571,79.82,0.156,-1.500,0.000,0.000,0.000,0.000,0.00,10.77567000,106.67094439,10.51,"10°46'32.41""N, 106°40'15.40""E",FIX,
14:24:03.657,1786173843.657,PATH_FOLLOWING,6.058,0.331,-1.571,79.82,0.156,-1.500,0.000,0.000,0.000,0.000,0.00,10.77567000,106.67094439,10.51,"10°46'32.41""N, 106°40'15.40""E",FIX,
14:24:03.757,1786173843.757,PATH_FOLLOWING,6.058,0.330,-1.571,79.83,0.156,-1.500,0.000,0.000,0.000,0.000,0.00,10.77566998,106.67094439,10.51,"10°46'32.41""N, 106°40'15.40""E",FIX,
14:24:03.855,1786173843.855,PATH_FOLLOWING,6.058,0.330,-1.571,79.84,0.156,-1.500,0.000,0.000,0.000,0.000,0.00,10.77566998,106.67094439,10.51,"10°46'32.41""N, 106°40'15.40""E",FIX,
14:24:03.957,1786173843.958,PATH_FOLLOWING,6.058,0.329,-1.571,79.84,0.156,-1.500,0.000,0.000,0.000,0.000,0.00,10.77566998,106.67094439,10.51,"10°46'32.41""N, 106°40'15.40""E",FIX,
14:24:04.062,1786173844.062,PATH_FOLLOWING,6.058,0.328,-1.571,79.85,0.156,-1.500,0.000,0.000,0.000,0.000,0.00,10.77566997,106.67094439,10.51,"10°46'32.41""N, 106°40'15.40""E",FIX,
14:24:04.188,1786173844.188,PATH_FOLLOWING,6.058,0.328,-1.571,79.86,0.156,-1.500,0.000,0.000,0.000,0.000,0.00,10.77566997,106.67094439,10.51,"10°46'32.41""N, 106°40'15.40""E",FIX,
14:24:04.296,1786173844.296,PATH_FOLLOWING,6.058,0.327,-1.571,79.86,0.156,-1.500,0.000,0.000,0.000,0.000,0.00,10.77566997,106.67094439,10.51,"10°46'32.41""N, 106°40'15.40""E",FIX,
14:24:04.366,1786173844.367,PATH_FOLLOWING,6.058,0.326,-1.571,79.87,0.155,-1.500,0.000,0.000,0.000,0.000,0.00,10.77566995,106.67094439,10.51,"10°46'32.41""N, 106°40'15.40""E",FIX,
14:24:04.420,1786173844.420,PATH_FOLLOWING,6.058,0.326,-1.571,79.87,0.155,-1.500,0.000,0.000,0.000,0.000,0.00,10.77566995,106.67094439,10.51,"10°46'32.41""N, 106°40'15.40""E",FIX,
14:24:04.508,1786173844.509,PATH_FOLLOWING,6.058,0.325,-1.571,79.88,0.155,-1.500,0.000,0.000,0.000,0.000,0.00,10.77566995,106.67094439,10.51,"10°46'32.41""N, 106°40'15.40""E",FIX,
14:24:04.572,1786173844.573,PATH_FOLLOWING,6.058,0.325,-1.571,79.89,0.155,-1.500,0.000,0.000,0.000,0.000,0.00,10.77566995,106.67094439,10.51,"10°46'32.41""N, 106°40'15.40""E",FIX,
14:24:04.659,1786173844.660,PATH_FOLLOWING,6.058,0.324,-1.571,79.90,0.155,-1.500,0.000,0.000,0.000,0.000,0.00,10.77566993,106.67094439,10.51,"10°46'32.41""N, 106°40'15.40""E",FIX,
14:24:04.721,1786173844.722,PATH_FOLLOWING,6.058,0.324,-1.571,79.90,0.155,-1.500,0.000,0.000,0.000,0.000,0.00,10.77566993,106.67094439,10.51,"10°46'32.41""N, 106°40'15.40""E",FIX,
14:24:04.817,1786173844.818,PATH_FOLLOWING,6.058,0.323,-1.571,79.91,0.155,-1.500,0.000,0.000,0.000,0.000,0.00,10.77566992,106.67094439,10.51,"10°46'32.41""N, 106°40'15.40""E",FIX,
14:24:04.884,1786173844.885,PATH_FOLLOWING,6.058,0.322,-1.571,79.91,0.155,-1.500,0.000,0.000,0.000,0.000,0.00,10.77566992,106.67094439,10.51,"10°46'32.41""N, 106°40'15.40""E",FIX,
14:24:05.011,1786173845.012,PATH_FOLLOWING,6.058,0.321,-1.571,79.92,0.155,-1.500,0.000,0.000,0.000,0.000,0.00,10.77566992,106.67094439,10.51,"10°46'32.41""N, 106°40'15.40""E",FIX,
14:24:05.091,1786173845.092,PATH_FOLLOWING,6.058,0.321,-1.571,79.93,0.155,-1.500,0.000,0.000,0.000,0.000,0.00,10.77566990,106.67094439,10.51,"10°46'32.41""N, 106°40'15.40""E",FIX,
14:24:05.173,1786173845.174,PATH_FOLLOWING,6.058,0.321,-1.571,79.93,0.154,-1.500,0.000,0.000,0.000,0.000,0.00,10.77566990,106.67094439,10.51,"10°46'32.41""N, 106°40'15.40""E",FIX,
14:24:05.232,1786173845.233,PATH_FOLLOWING,6.058,0.320,-1.571,79.94,0.154,-1.500,0.000,0.000,0.000,0.000,0.00,10.77566990,106.67094439,10.51,"10°46'32.41""N, 106°40'15.40""E",FIX,
14:24:05.327,1786173845.328,PATH_FOLLOWING,6.058,0.319,-1.571,79.95,0.154,-1.500,0.000,0.000,0.000,0.000,0.00,10.77566989,106.67094439,10.51,"10°46'32.41""N, 106°40'15.40""E",FIX,
14:24:05.383,1786173845.383,PATH_FOLLOWING,6.058,0.319,-1.571,79.95,0.154,-1.500,0.000,0.000,0.000,0.000,0.00,10.77566989,106.67094439,10.51,"10°46'32.41""N, 106°40'15.40""E",FIX,
14:24:05.444,1786173845.445,PATH_FOLLOWING,6.058,0.318,-1.571,79.96,0.154,-1.500,0.000,0.000,0.000,0.000,0.00,10.77566989,106.67094439,10.51,"10°46'32.41""N, 106°40'15.40""E",FIX,
14:24:05.514,1786173845.514,PATH_FOLLOWING,6.058,0.318,-1.571,79.97,0.154,-1.500,0.000,0.000,0.000,0.000,0.00,10.77566989,106.67094439,10.51,"10°46'32.41""N, 106°40'15.40""E",FIX,
14:24:05.592,1786173845.593,PATH_FOLLOWING,6.058,0.317,-1.571,79.98,0.154,-1.500,0.000,0.000,0.000,0.000,0.00,10.77566987,106.67094439,10.51,"10°46'32.41""N, 106°40'15.40""E",FIX,
14:24:05.655,1786173845.655,PATH_FOLLOWING,6.058,0.316,-1.571,79.98,0.154,-1.500,0.000,0.000,0.000,0.000,0.00,10.77566987,106.67094439,10.51,"10°46'32.41""N, 106°40'15.40""E",FIX,
14:24:05.735,1786173845.736,PATH_FOLLOWING,6.058,0.316,-1.571,79.99,0.154,-1.500,0.000,0.000,0.000,0.000,0.00,10.77566987,106.67094439,10.51,"10°46'32.41""N, 106°40'15.40""E",FIX,
14:24:05.795,1786173845.796,PATH_FOLLOWING,6.058,0.315,-1.571,79.99,0.154,-1.500,0.000,0.000,0.000,0.000,0.00,10.77566985,106.67094439,10.51,"10°46'32.41""N, 106°40'15.40""E",FIX,
14:24:05.863,1786173845.864,PATH_FOLLOWING,6.058,0.315,-1.571,80.00,0.153,-1.500,0.000,0.000,0.000,0.000,0.00,10.77566985,106.67094439,10.51,"10°46'32.41""N, 106°40'15.40""E",FIX,
14:24:05.942,1786173845.943,PATH_FOLLOWING,6.058,0.314,-1.571,80.01,0.153,-1.500,0.000,0.000,0.000,0.000,0.00,10.77566985,106.67094439,10.51,"10°46'32.41""N, 106°40'15.40""E",FIX,
14:24:06.011,1786173846.012,PATH_FOLLOWING,6.058,0.313,-1.571,80.01,0.153,-1.500,0.000,0.000,0.000,0.000,0.00,10.77566984,106.67094439,10.51,"10°46'32.41""N, 106°40'15.40""E",FIX,
14:24:06.087,1786173846.088,PATH_FOLLOWING,6.058,0.313,-1.571,80.02,0.153,-1.500,0.000,0.000,0.000,0.000,0.00,10.77566984,106.67094439,10.51,"10°46'32.41""N, 106°40'15.40""E",FIX,
14:24:06.146,1786173846.147,PATH_FOLLOWING,6.058,0.312,-1.571,80.03,0.153,-1.500,0.000,0.000,0.000,0.000,0.00,10.77566984,106.67094439,10.51,"10°46'32.41""N, 106°40'15.40""E",FIX,
14:24:06.225,1786173846.225,PATH_FOLLOWING,6.058,0.311,-1.571,80.03,0.153,-1.500,0.000,0.000,0.000,0.000,0.00,10.77566982,106.67094439,10.51,"10°46'32.41""N, 106°40'15.40""E",FIX,
14:24:06.351,1786173846.351,PATH_FOLLOWING,6.058,0.311,-1.571,80.04,0.153,-1.500,0.000,0.000,0.000,0.000,0.00,10.77566982,106.67094439,10.51,"10°46'32.41""N, 106°40'15.40""E",FIX,
14:24:06.433,1786173846.433,PATH_FOLLOWING,6.058,0.310,-1.571,80.05,0.153,-1.500,0.000,0.000,0.000,0.000,0.00,10.77566980,106.67094439,10.51,"10°46'32.41""N, 106°40'15.40""E",FIX,
14:24:06.527,1786173846.527,PATH_FOLLOWING,6.058,0.309,-1.571,80.06,0.153,-1.500,0.000,0.000,0.000,0.000,0.00,10.77566980,106.67094439,10.51,"10°46'32.41""N, 106°40'15.40""E",FIX,
14:24:06.583,1786173846.584,PATH_FOLLOWING,6.058,0.309,-1.571,80.06,0.152,-1.500,0.000,0.000,0.000,0.000,0.00,10.77566980,106.67094439,10.51,"10°46'32.41""N, 106°40'15.40""E",FIX,
14:24:06.672,1786173846.672,PATH_FOLLOWING,6.058,0.308,-1.571,80.07,0.152,-1.500,0.000,0.000,0.000,0.000,0.00,10.77566980,106.67094439,10.51,"10°46'32.41""N, 106°40'15.40""E",FIX,
14:24:06.758,1786173846.758,PATH_FOLLOWING,6.058,0.308,-1.571,80.07,0.152,-1.500,0.000,0.000,0.000,0.000,0.00,10.77566979,106.67094439,10.51,"10°46'32.41""N, 106°40'15.40""E",FIX,
14:24:06.851,1786173846.851,PATH_FOLLOWING,6.058,0.307,-1.571,80.08,0.152,-1.500,0.000,0.000,0.000,0.000,0.00,10.77566979,106.67094439,10.51,"10°46'32.41""N, 106°40'15.40""E",FIX,
14:24:06.963,1786173846.963,PATH_FOLLOWING,6.058,0.306,-1.571,80.09,0.152,-1.500,0.000,0.000,0.000,0.000,0.00,10.77566979,106.67094439,10.51,"10°46'32.41""N, 106°40'15.40""E",FIX,
14:24:07.128,1786173847.128,PATH_FOLLOWING,6.058,0.306,-1.571,80.10,0.152,-1.500,0.000,0.000,0.000,0.000,0.00,10.77566977,106.67094439,10.51,"10°46'32.41""N, 106°40'15.40""E",FIX,
14:24:07.199,1786173847.199,PATH_FOLLOWING,6.058,0.306,-1.571,80.10,0.152,-1.500,0.000,0.000,0.000,0.000,0.00,10.77566977,106.67094439,10.51,"10°46'32.41""N, 106°40'15.40""E",FIX,
14:24:07.286,1786173847.286,PATH_FOLLOWING,6.058,0.305,-1.571,80.11,0.152,-1.500,0.000,0.000,0.000,0.000,0.00,10.77566977,106.67094439,10.51,"10°46'32.41""N, 106°40'15.40""E",FIX,
14:24:07.340,1786173847.340,PATH_FOLLOWING,6.058,0.304,-1.571,80.11,0.152,-1.500,0.000,0.000,0.000,0.000,0.00,10.77566975,106.67094439,10.51,"10°46'32.41""N, 106°40'15.40""E",FIX,
14:24:07.416,1786173847.416,PATH_FOLLOWING,6.058,0.304,-1.571,80.12,0.152,-1.500,0.000,0.000,0.000,0.000,0.00,10.77566975,106.67094439,10.51,"10°46'32.41""N, 106°40'15.40""E",FIX,
14:24:07.488,1786173847.488,PATH_FOLLOWING,6.058,0.303,-1.571,80.13,0.151,-1.500,0.000,0.000,0.000,0.000,0.00,10.77566975,106.67094439,10.51,"10°46'32.41""N, 106°40'15.40""E",FIX,
14:24:07.562,1786173847.562,PATH_FOLLOWING,6.058,0.302,-1.571,80.13,0.151,-1.500,0.000,0.000,0.000,0.000,0.00,10.77566974,106.67094439,10.51,"10°46'32.41""N, 106°40'15.40""E",FIX,
14:24:07.641,1786173847.641,PATH_FOLLOWING,6.058,0.302,-1.571,80.14,0.151,-1.500,0.000,0.000,0.000,0.000,0.00,10.77566974,106.67094439,10.51,"10°46'32.41""N, 106°40'15.40""E",FIX,
