Time,Unix_Timestamp,FSM_State,Pos_X_m,Pos_Y_m,Yaw_rad,Steer_Angle_deg,Linear_Vel_mps,Angular_Vel_radps,IMU_Yaw_rad,IMU_Angular_Vel_z,IMU_Accel_x,Confidence,Dist_Traveled_m,GPS_Latitude,GPS_Longitude,GPS_Altitude_m,GPS_DMS,GPS_Status,Event
14:39:09.228,1786174749.228,TRACKING,-1.500,0.400,-0.000,0.00,0.450,-0.000,0.000,0.000,0.000,0.000,0.00,10.77567062,106.67087529,10.51,"10°46'32.41""N, 106°40'15.15""E",FIX,
14:39:09.239,1786174749.240,TRACKING,-1.500,0.400,-0.000,0.00,0.450,-0.000,0.000,0.000,0.000,0.000,0.00,10.77567062,106.67087529,10.51,"10°46'32.41""N, 106°40'15.15""E",FIX,
14:39:09.249,1786174749.250,TRACKING,-1.500,0.400,-0.000,0.00,0.450,-0.000,0.000,0.000,0.000,0.000,0.00,10.77567062,106.67087529,10.51,"10°46'32.41""N, 106°40'15.15""E",FIX,
14:39:09.259,1786174749.259,TRACKING,-1.500,0.400,-0.000,0.00,0.450,-0.000,0.000,0.000,0.000,0.000,0.00,10.77567062,106.67087529,10.51,"10°46'32.41""N, 106°40'15.15""E",FIX,
14:39:09.301,1786174749.301,TRACKING,-1.496,0.400,-0.000,0.00,0.450,-0.000,0.000,0.000,0.000,0.000,0.00,10.77567062,106.67087529,10.51,"10°46'32.41""N, 106°40'15.15""E",FIX,
14:39:09.366,1786174749.366,TRACKING,-1.481,0.400,-0.000,0.00,0.450,-0.000,0.000,0.000,0.000,0.000,0.02,10.77567062,106.67087539,10.51,"10°46'32.41""N, 106°40'15.15""E",FIX,
14:39:09.444,1786174749.445,TRACKING,-1.466,0.400,0.000,0.00,0.450,-0.000,0.000,0.000,0.000,0.000,0.03,10.77567062,106.67087539,10.51,"10°46'32.41""N, 106°40'15.15""E",FIX,
14:39:09.518,1786174749.519,TRACKING,-1.450,0.400,0.000,0.00,0.450,-0.000,0.000,0.000,0.000,0.000,0.05,10.77567062,106.67087539,10.51,"10°46'32.41""N, 106°40'15.15""E",FIX,
14:39:09.589,1786174749.589,TRACKING,-1.435,0.400,0.000,0.00,0.450,-0.000,0.000,0.000,0.000,0.000,0.06,10.77567062,106.67087580,10.51,"10°46'32.41""N, 106°40'15.15""E",FIX,
14:39:09.670,1786174749.671,TRACKING,-1.420,0.400,0.000,0.00,0.450,-0.000,0.000,0.000,0.000,0.000,0.08,10.77567062,106.67087580,10.51,"10°46'32.41""N, 106°40'15.15""E",FIX,
14:39:09.750,1786174749.750,TRACKING,-1.405,0.400,0.000,0.00,0.450,-0.000,0.000,0.000,0.000,0.000,0.10,10.77567062,106.67087580,10.51,"10°46'32.41""N, 106°40'15.15""E",FIX,
14:39:09.826,1786174749.827,TRACKING,-1.389,0.400,0.000,0.00,0.450,-0.000,0.000,0.000,0.000,0.000,0.11,10.77567062,106.67087621,10.51,"10°46'32.41""N, 106°40'15.15""E",FIX,
14:39:09.897,1786174749.897,TRACKING,-1.374,0.400,0.000,0.00,0.450,-0.000,0.000,0.000,0.000,0.000,0.13,10.77567062,106.67087621,10.51,"10°46'32.41""N, 106°40'15.15""E",FIX,
14:39:09.979,1786174749.980,TRACKING,-1.359,0.400,0.000,0.00,0.450,-0.000,0.000,0.000,0.000,0.042,0.14,10.77567062,106.67087621,10.51,"10°46'32.41""N, 106°40'15.15""E",FIX,
14:39:10.042,1786174750.042,TRACKING,-1.351,0.400,0.000,0.00,0.450,-0.000,0.000,0.000,0.000,0.083,0.15,10.77567062,106.67087662,10.51,"10°46'32.41""N, 106°40'15.16""E",FIX,
14:39:10.120,1786174750.121,TRACKING,-1.336,0.400,0.000,0.00,0.450,-0.000,0.000,0.000,0.000,0.146,0.16,10.77567062,106.67087662,10.51,"10°46'32.41""N, 106°40'15.16""E",FIX,
14:39:10.186,1786174750.186,TRACKING,-1.320,0.400,0.000,0.00,0.450,-0.000,0.000,0.000,0.000,0.208,0.18,10.77567062,106.67087662,10.51,"10°46'32.41""N, 106°40'15.16""E",FIX,
14:39:10.260,1786174750.261,TRACKING,-1.305,0.400,0.000,0.00,0.450,-0.000,0.000,0.000,0.000,0.250,0.19,10.77567062,106.67087703,10.51,"10°46'32.41""N, 106°40'15.16""E",FIX,
14:39:10.350,1786174750.350,TRACKING,-1.290,0.400,0.000,0.00,0.450,-0.000,0.000,0.000,0.000,0.333,0.21,10.77567062,106.67087703,10.51,"10°46'32.41""N, 106°40'15.16""E",FIX,
14:39:10.418,1786174750.418,TRACKING,-1.274,0.400,0.000,0.00,0.450,-0.000,0.000,0.000,0.000,0.375,0.23,10.77567062,106.67087703,10.51,"10°46'32.41""N, 106°40'15.16""E",FIX,
14:39:10.489,1786174750.490,TRACKING,-1.259,0.400,0.000,0.00,0.450,-0.000,0.000,0.000,0.000,0.437,0.24,10.77567062,106.67087745,10.51,"10°46'32.41""N, 106°40'15.16""E",FIX,
14:39:10.569,1786174750.569,TRACKING,-1.244,0.400,0.000,0.00,0.450,-0.000,0.000,0.000,0.000,0.500,0.26,10.77567062,106.67087745,10.51,"10°46'32.41""N, 106°40'15.16""E",FIX,
14:39:10.647,1786174750.648,TRACKING,-1.229,0.400,0.000,0.00,0.450,-0.000,0.000,0.000,0.000,0.562,0.27,10.77567062,106.67087745,10.51,"10°46'32.41""N, 106°40'15.16""E",FIX,
14:39:10.704,1786174750.704,TRACKING,-1.213,0.400,0.000,0.00,0.450,-0.000,0.000,0.000,0.000,0.625,0.29,10.77567062,106.67087786,10.51,"10°46'32.41""N, 106°40'15.16""E",FIX,
14:39:10.800,1786174750.800,TRACKING,-1.198,0.400,0.000,0.00,0.450,-0.000,0.000,0.000,0.000,0.708,0.30,10.77567062,106.67087786,10.51,"10°46'32.41""N, 106°40'15.16""E",FIX,
14:39:10.856,1786174750.856,TRACKING,-1.183,0.400,0.000,0.00,0.450,-0.000,0.000,0.000,0.000,0.771,0.32,10.77567062,106.67087786,10.51,"10°46'32.41""N, 106°40'15.16""E",FIX,
14:39:10.938,1786174750.938,TRACKING,-1.167,0.400,0.000,0.00,0.450,-0.000,0.000,0.000,0.000,0.833,0.33,10.77567062,106.67087827,10.51,"10°46'32.41""N, 106°40'15.16""E",FIX,
14:39:11.009,1786174751.009,TRACKING,-1.152,0.400,0.000,0.00,0.450,-0.000,0.000,0.000,0.000,0.917,0.35,10.77567062,106.67087827,10.51,"10°46'32.41""N, 106°40'15.16""E",FIX,
14:39:11.079,1786174751.080,TRACKING,-1.137,0.400,0.000,0.00,0.450,-0.000,0.000,0.000,0.000,1.000,0.36,10.77567062,106.67087827,10.51,"10°46'32.41""N, 106°40'15.16""E",FIX,
14:39:11.152,1786174751.152,TRACKING,-1.121,0.400,0.000,0.00,0.450,-0.000,0.000,0.000,0.000,1.000,0.38,10.77567062,106.67087868,10.51,"10°46'32.41""N, 106°40'15.16""E",FIX,
14:39:11.217,1786174751.217,TRACKING,-1.114,0.400,0.000,0.00,0.450,-0.000,0.000,0.000,0.000,1.000,0.39,10.77567062,106.67087868,10.51,"10°46'32.41""N, 106°40'15.16""E",FIX,
14:39:11.287,1786174751.287,TRACKING,-1.091,0.400,0.000,0.00,0.450,-0.000,0.000,0.000,0.000,1.000,0.41,10.77567062,106.67087868,10.51,"10°46'32.41""N, 106°40'15.16""E",FIX,
14:39:11.360,1786174751.361,TRACKING,-1.076,0.400,0.000,0.00,0.450,-0.000,0.000,0.000,0.000,1.000,0.42,10.77567062,106.67087909,10.51,"10°46'32.41""N, 106°40'15.16""E",FIX,
14:39:11.430,1786174751.430,TRACKING,-1.068,0.400,0.000,0.00,0.450,-0.000,0.000,0.000,0.000,1.000,0.43,10.77567062,106.67087909,10.51,"10°46'32.41""N, 106°40'15.16""E",FIX,
14:39:11.518,1786174751.518,TRACKING,-1.045,0.400,0.000,0.00,0.450,-0.000,0.000,0.000,0.000,1.000,0.46,10.77567062,106.67087909,10.51,"10°46'32.41""N, 106°40'15.16""E",FIX,
14:39:11.585,1786174751.586,TRACKING,-1.037,0.400,0.000,0.00,0.450,-0.000,0.000,0.000,0.000,1.000,0.46,10.77567062,106.67087950,10.51,"10°46'32.41""N, 106°40'15.17""E",FIX,
14:39:11.661,1786174751.661,TRACKING,-1.022,0.400,0.000,0.00,0.450,-0.000,0.000,0.000,0.000,1.000,0.48,10.77567062,106.67087950,10.51,"10°46'32.41""N, 106°40'15.17""E",FIX,
14:39:11.715,1786174751.715,TRACKING,-1.007,0.400,-0.000,0.00,0.450,-0.000,0.000,0.000,0.000,1.000,0.49,10.77567062,106.67087950,10.51,"10°46'32.41""N, 106°40'15.17""E",FIX,
14:39:11.795,1786174751.796,TRACKING,-0.991,0.400,-0.000,0.00,0.450,-0.000,0.000,0.000,0.000,1.000,0.51,10.77567062,106.67087991,10.51,"10°46'32.41""N, 106°40'15.17""E",FIX,
14:39:11.856,1786174751.856,TRACKING,-0.976,0.400,-0.000,0.00,0.450,-0.000,0.000,0.000,0.000,1.000,0.52,10.77567062,106.67087991,10.51,"10°46'32.41""N, 106°40'15.17""E",FIX,
14:39:11.930,1786174751.931,TRACKING,-0.961,0.400,-0.000,0.00,0.450,-0.000,0.000,0.000,0.000,1.000,0.54,10.77567062,106.67087991,10.51,"10°46'32.41""N, 106°40'15.17""E",FIX,
14:39:12.023,1786174752.023,TRACKING,-0.946,0.400,-0.000,0.00,0.450,-0.000,0.000,0.000,0.000,1.000,0.55,10.77567062,106.67088033,10.51,"10°46'32.41""N, 106°40'15.17""E",FIX,
14:39:12.092,1786174752.092,TRACKING,-0.930,0.400,-0.000,0.00,0.450,-0.000,0.000,0.000,0.000,1.000,0.57,10.77567062,106.67088033,10.51,"10°46'32.41""N, 106°40'15.17""E",FIX,
14:39:12.153,1786174752.153,TRACKING,-0.915,0.400,-0.000,0.00,0.450,-0.000,0.000,0.000,0.000,1.000,0.59,10.77567062,106.67088033,10.51,"10°46'32.41""N, 106°40'15.17""E",FIX,
14:39:12.226,1786174752.226,TRACKING,-0.900,0.400,-0.000,0.00,0.450,-0.008,0.000,0.000,0.000,1.000,0.60,10.77567062,106.67088074,10.51,"10°46'32.41""N, 106°40'15.17""E",FIX,
14:39:12.294,1786174752.295,TRACKING,-0.892,0.400,-0.000,0.00,0.450,-0.002,0.000,0.000,0.000,1.000,0.61,10.77567062,106.67088074,10.51,"10°46'32.41""N, 106°40'15.17""E",FIX,
14:39:12.367,1786174752.367,TRACKING,-0.877,0.400,-0.000,0.01,0.450,-0.005,0.000,0.000,0.000,1.000,0.62,10.77567062,106.67088074,10.51,"10°46'32.41""N, 106°40'15.17""E",FIX,
14:39:12.432,1786174752.433,TRACKING,-0.861,0.400,-0.000,0.00,0.450,0.003,0.000,0.000,0.000,1.000,0.64,10.77567062,106.67088115,10.51,"10°46'32.41""N, 106°40'15.17""E",FIX,
14:39:12.530,1786174752.530,TRACKING,-0.846,0.400,-0.000,0.00,0.450,0.002,0.000,0.000,0.000,1.000,0.65,10.77567062,106.67088115,10.51,"10°46'32.41""N, 106°40'15.17""E",FIX,
14:39:12.605,1786174752.605,TRACKING,-0.823,0.400,-0.000,-0.00,0.450,0.007,0.000,0.000,0.000,0.583,0.68,10.77567062,106.67088115,10.51,"10°46'32.41""N, 106°40'15.17""E",FIX,
14:39:12.669,1786174752.670,TRACKING,-0.815,0.400,-0.000,-0.00,0.450,0.008,0.000,0.000,0.000,0.667,0.68,10.77567062,106.67088156,10.51,"10°46'32.41""N, 106°40'15.17""E",FIX,
14:39:12.757,1786174752.757,TRACKING,-0.793,0.400,0.000,-0.01,0.450,0.004,0.000,0.000,0.000,0.729,0.71,10.77567062,106.67088156,10.51,"10°46'32.41""N, 106°40'15.17""E",FIX,
14:39:12.808,1786174752.809,TRACKING,-0.785,0.400,0.000,-0.01,0.450,0.005,0.000,0.000,0.000,0.812,0.72,10.77567062,106.67088156,10.51,"10°46'32.41""N, 106°40'15.17""E",FIX,
14:39:12.890,1786174752.890,TRACKING,-0.770,0.400,0.000,-0.01,0.450,0.003,0.000,0.000,0.000,0.875,0.73,10.77567062,106.67088197,10.51,"10°46'32.41""N, 106°40'15.18""E",FIX,
14:39:12.971,1786174752.972,TRACKING,-0.747,0.400,0.001,-0.01,0.450,0.003,0.000,0.000,0.000,0.958,0.75,10.77567062,106.67088197,10.51,"10°46'32.41""N, 106°40'15.18""E",FIX,
14:39:13.027,1786174753.027,TRACKING,-0.739,0.400,0.001,-0.01,0.450,-0.007,0.000,0.000,0.000,1.000,0.76,10.77567062,106.67088197,10.51,"10°46'32.41""N, 106°40'15.18""E",FIX,
14:39:13.114,1786174753.114,TRACKING,-0.724,0.400,0.000,-0.01,0.450,0.004,0.000,0.000,0.000,1.000,0.78,10.77567062,106.67088238,10.51,"10°46'32.41""N, 106°40'15.18""E",FIX,
14:39:13.203,1786174753.203,TRACKING,-0.708,0.400,0.001,-0.01,0.450,0.003,0.000,0.000,0.000,1.000,0.79,10.77567062,106.67088238,10.51,"10°46'32.41""N, 106°40'15.18""E",FIX,
14:39:13.267,1786174753.267,TRACKING,-0.693,0.400,0.001,-0.01,0.450,0.003,0.000,0.000,0.000,1.000,0.81,10.77567062,106.67088238,10.51,"10°46'32.41""N, 106°40'15.18""E",FIX,
14:39:13.336,1786174753.337,TRACKING,-0.678,0.400,0.001,-0.01,0.450,0.003,0.000,0.000,0.000,1.000,0.82,10.77567062,106.67088279,10.51,"10°46'32.41""N, 106°40'15.18""E",FIX,
14:39:13.421,1786174753.422,TRACKING,-0.662,0.400,0.001,-0.01,0.450,-0.004,0.000,0.000,0.000,1.000,0.84,10.77567062,106.67088279,10.51,"10°46'32.41""N, 106°40'15.18""E",FIX,
14:39:13.491,1786174753.491,TRACKING,-0.647,0.400,0.001,-0.01,0.450,0.004,0.000,0.000,0.000,1.000,0.85,10.77567062,106.67088279,10.51,"10°46'32.41""N, 106°40'15.18""E",FIX,
14:39:13.554,1786174753.554,TRACKING,-0.640,0.400,0.001,-0.01,0.450,0.004,0.000,0.000,0.000,1.000,0.86,10.77567062,106.67088321,10.51,"10°46'32.41""N, 106°40'15.18""E",FIX,
14:39:13.640,1786174753.641,TRACKING,-0.624,0.400,0.001,-0.01,0.450,0.003,0.000,0.000,0.000,1.000,0.88,10.77567062,106.67088321,10.51,"10°46'32.41""N, 106°40'15.18""E",FIX,
14:39:13.717,1786174753.718,TRACKING,-0.601,0.400,0.001,-0.01,0.450,0.003,0.000,0.000,0.000,1.000,0.90,10.77567062,106.67088321,10.51,"10°46'32.41""N, 106°40'15.18""E",FIX,
14:39:13.801,1786174753.801,TRACKING,-0.594,0.400,0.001,-0.01,0.450,-0.005,0.000,0.000,0.000,1.000,0.91,10.77567062,106.67088362,10.51,"10°46'32.41""N, 106°40'15.18""E",FIX,
14:39:13.875,1786174753.875,TRACKING,-0.578,0.400,0.001,-0.01,0.450,0.005,0.000,0.000,0.000,1.000,0.92,10.77567062,106.67088362,10.51,"10°46'32.41""N, 106°40'15.18""E",FIX,
14:39:13.952,1786174753.952,TRACKING,-0.563,0.400,0.001,-0.01,0.450,0.003,0.000,0.000,0.000,1.000,0.94,10.77567062,106.67088362,10.51,"10°46'32.41""N, 106°40'15.18""E",FIX,
14:39:14.023,1786174754.024,TRACKING,-0.548,0.400,0.001,-0.01,0.450,0.003,0.000,0.000,0.000,1.000,0.95,10.77567062,106.67088403,10.51,"10°46'32.41""N, 106°40'15.18""E",FIX,
14:39:14.088,1786174754.089,TRACKING,-0.532,0.400,0.001,-0.01,0.450,0.003,0.000,0.000,0.000,1.000,0.97,10.77567062,106.67088403,10.51,"10°46'32.41""N, 106°40'15.18""E",FIX,
14:39:14.168,1786174754.168,TRACKING,-0.517,0.400,0.001,-0.01,0.450,0.003,0.000,0.000,0.000,1.000,0.98,10.77567062,106.67088403,10.51,"10°46'32.41""N, 106°40'15.18""E",FIX,
14:39:14.238,1786174754.239,TRACKING,-0.502,0.400,0.002,-0.01,0.450,-0.004,0.000,0.000,0.000,1.000,1.00,10.77567062,106.67088444,10.51,"10°46'32.41""N, 106°40'15.18""E",FIX,
14:39:14.307,1786174754.308,TRACKING,-0.487,0.400,0.002,-0.00,0.450,-0.004,0.000,0.000,0.000,1.000,1.01,10.77567062,106.67088444,10.51,"10°46'32.41""N, 106°40'15.18""E",FIX,
14:39:14.373,1786174754.373,TRACKING,-0.471,0.400,0.001,0.00,0.450,-0.018,0.000,0.000,0.000,1.000,1.03,10.77567062,106.67088444,10.51,"10°46'32.41""N, 106°40'15.18""E",FIX,
14:39:14.447,1786174754.447,TRACKING,-0.456,0.400,0.001,0.01,0.450,-0.012,0.000,0.000,0.000,1.000,1.04,10.77567062,106.67088444,10.51,"10°46'32.41""N, 106°40'15.18""E",FIX,
14:39:14.528,1786174754.528,TRACKING,-0.441,0.400,0.001,0.01,0.450,-0.009,0.000,0.000,0.000,0.771,1.06,10.77567062,106.67088485,10.51,"10°46'32.41""N, 106°40'15.19""E",FIX,
14:39:14.605,1786174754.605,TRACKING,-0.425,0.400,0.000,0.01,0.450,-0.008,0.000,0.000,0.000,0.625,1.07,10.77567062,106.67088485,10.51,"10°46'32.41""N, 106°40'15.19""E",FIX,
14:39:14.668,1786174754.668,TRACKING,-0.410,0.400,-0.000,0.02,0.450,-0.008,0.000,0.000,0.000,0.687,1.09,10.77567062,106.67088485,10.51,"10°46'32.41""N, 106°40'15.19""E",FIX,
14:39:14.745,1786174754.745,TRACKING,-0.395,0.400,-0.000,0.02,0.450,-0.006,0.000,0.000,0.000,0.771,1.11,10.77567062,106.67088526,10.51,"10°46'32.41""N, 106°40'15.19""E",FIX,
14:39:14.825,1786174754.825,TRACKING,-0.379,0.400,-0.000,0.02,0.450,-0.006,0.000,0.000,0.000,0.833,1.12,10.77567062,106.67088526,10.51,"10°46'32.41""N, 106°40'15.19""E",FIX,
14:39:14.898,1786174754.899,TRACKING,-0.364,0.400,-0.001,0.02,0.450,-0.005,0.000,0.000,0.000,0.917,1.14,10.77567062,106.67088567,10.51,"10°46'32.41""N, 106°40'15.19""E",FIX,
14:39:14.957,1786174754.958,TRACKING,-0.356,0.400,-0.001,0.02,0.450,-0.005,0.000,0.000,0.000,1.000,1.14,10.77567062,106.67088567,10.51,"10°46'32.41""N, 106°40'15.19""E",FIX,
14:39:15.024,1786174755.024,TRACKING,-0.341,0.400,-0.001,0.02,0.450,-0.005,0.000,0.000,0.000,1.000,1.16,10.77567062,106.67088567,10.51,"10°46'32.41""N, 106°40'15.19""E",FIX,
14:39:15.120,1786174755.120,TRACKING,-0.318,0.400,-0.001,0.01,0.450,0.001,0.000,0.000,0.000,1.000,1.18,10.77567062,106.67088609,10.51,"10°46'32.41""N, 106°40'15.19""E",FIX,
14:39:15.195,1786174755.195,TRACKING,-0.303,0.400,-0.001,0.01,0.450,0.001,0.000,0.000,0.000,1.000,1.20,10.77567062,106.67088609,10.51,"10°46'32.41""N, 106°40'15.19""E",FIX,
14:39:15.264,1786174755.265,TRACKING,-0.295,0.400,-0.001,0.01,0.450,-0.000,0.000,0.000,0.000,1.000,1.20,10.77567062,106.67088609,10.51,"10°46'32.41""N, 106°40'15.19""E",FIX,
14:39:15.343,1786174755.343,TRACKING,-0.280,0.400,-0.001,0.01,0.450,-0.001,0.000,0.000,0.000,1.000,1.22,10.77567062,106.67088650,10.51,"10°46'32.41""N, 106°40'15.19""E",FIX,
14:39:15.405,1786174755.405,TRACKING,-0.265,0.400,-0.001,0.01,0.450,-0.002,0.000,0.000,0.000,1.000,1.24,10.77567062,106.67088650,10.51,"10°46'32.41""N, 106°40'15.19""E",FIX,
14:39:15.479,1786174755.480,TRACKING,-0.249,0.400,-0.001,0.01,0.450,-0.002,0.000,0.000,0.000,1.000,1.25,10.77567062,106.67088650,10.51,"10°46'32.41""N, 106°40'15.19""E",FIX,
14:39:15.540,1786174755.540,TRACKING,-0.234,0.400,-0.001,0.01,0.450,-0.002,0.000,0.000,0.000,1.000,1.27,10.77567062,106.67088650,10.51,"10°46'32.41""N, 106°40'15.19""E",FIX,
14:39:15.618,1786174755.618,TRACKING,-0.219,0.400,-0.001,0.01,0.450,-0.002,0.000,0.000,0.000,1.000,1.28,10.77567062,106.67088691,10.51,"10°46'32.41""N, 106°40'15.19""E",FIX,
14:39:15.680,1786174755.680,TRACKING,-0.203,0.400,-0.001,0.01,0.450,-0.002,0.000,0.000,0.000,1.000,1.30,10.77567062,106.67088691,10.51,"10°46'32.41""N, 106°40'15.19""E",FIX,
14:39:15.770,1786174755.770,TRACKING,-0.188,0.400,-0.001,0.01,0.450,-0.002,0.000,0.000,0.000,1.000,1.31,10.77567062,106.67088691,10.51,"10°46'32.41""N, 106°40'15.19""E",FIX,
14:39:15.857,1786174755.858,TRACKING,-0.173,0.400,-0.002,0.01,0.450,-0.002,0.000,0.000,0.000,1.000,1.33,10.77567062,106.67088732,10.51,"10°46'32.41""N, 106°40'15.19""E",FIX,
14:39:15.953,1786174755.953,TRACKING,-0.158,0.400,-0.002,0.01,0.450,-0.002,0.000,0.000,0.000,1.000,1.34,10.77567062,106.67088732,10.51,"10°46'32.41""N, 106°40'15.19""E",FIX,
14:39:15.997,1786174755.998,TRACKING,-0.142,0.400,-0.002,0.01,0.450,-0.002,0.000,0.000,0.000,1.000,1.36,10.77567062,106.67088732,10.51,"10°46'32.41""N, 106°40'15.19""E",FIX,
14:39:16.076,1786174756.077,TRACKING,-0.127,0.400,-0.002,0.01,0.450,-0.002,0.000,0.000,0.000,1.000,1.37,10.77567062,106.67088773,10.51,"10°46'32.41""N, 106°40'15.20""E",FIX,
14:39:16.148,1786174756.148,TRACKING,-0.112,0.400,-0.002,0.01,0.450,-0.002,0.000,0.000,0.000,1.000,1.39,10.77567062,106.67088773,10.51,"10°46'32.41""N, 106°40'15.20""E",FIX,
14:39:16.211,1786174756.212,TRACKING,-0.104,0.400,-0.002,0.01,0.450,0.002,0.000,0.000,0.000,1.000,1.40,10.77567062,106.67088773,10.51,"10°46'32.41""N, 106°40'15.20""E",FIX,
14:39:16.298,1786174756.299,TRACKING,-0.081,0.400,-0.002,0.00,0.450,0.003,0.000,0.000,0.000,1.000,1.42,10.77567062,106.67088814,10.51,"10°46'32.41""N, 106°40'15.20""E",FIX,
14:39:16.368,1786174756.368,TRACKING,-0.066,0.400,-0.002,0.00,0.450,0.003,0.000,0.000,0.000,1.000,1.43,10.77567062,106.67088814,10.51,"10°46'32.41""N, 106°40'15.20""E",FIX,
14:39:16.439,1786174756.439,TRACKING,-0.058,0.400,-0.002,0.00,0.450,0.002,0.000,0.000,0.000,0.979,1.44,10.77567062,106.67088814,10.51,"10°46'32.41""N, 106°40'15.20""E",FIX,
14:39:16.510,1786174756.510,TRACKING,-0.043,0.400,-0.002,0.00,0.450,0.001,0.000,0.000,0.000,0.500,1.46,10.77567062,106.67088855,10.51,"10°46'32.41""N, 106°40'15.20""E",FIX,
14:39:16.570,1786174756.570,TRACKING,-0.028,0.400,-0.002,0.00,0.450,0.001,0.000,0.000,0.000,0.583,1.47,10.77567062,106.67088855,10.51,"10°46'32.41""N, 106°40'15.20""E",FIX,
14:39:16.654,1786174756.654,TRACKING,-0.012,0.400,-0.002,0.00,0.450,0.000,0.000,0.000,0.000,0.646,1.49,10.77567062,106.67088855,10.51,"10°46'32.41""N, 106°40'15.20""E",FIX,
14:39:16.706,1786174756.706,TRACKING,0.003,0.400,-0.002,0.00,0.450,0.000,0.000,0.000,0.000,0.729,1.50,10.77567062,106.67088897,10.51,"10°46'32.41""N, 106°40'15.20""E",FIX,
14:39:16.792,1786174756.792,TRACKING,0.018,0.400,-0.002,0.00,0.450,0.000,0.000,0.000,0.000,0.792,1.52,10.77567062,106.67088897,10.51,"10°46'32.41""N, 106°40'15.20""E",FIX,
14:39:16.868,1786174756.868,TRACKING,0.034,0.400,-0.002,0.00,0.450,0.000,0.000,0.000,0.000,0.854,1.53,10.77567062,106.67088897,10.51,"10°46'32.41""N, 106°40'15.20""E",FIX,
14:39:16.955,1786174756.956,TRACKING,0.049,0.400,-0.001,0.00,0.450,0.000,0.000,0.000,0.000,0.937,1.55,10.77567062,106.67088938,10.51,"10°46'32.41""N, 106°40'15.20""E",FIX,
14:39:17.026,1786174757.027,TRACKING,0.064,0.400,-0.001,-0.00,0.450,0.008,0.000,0.000,0.000,1.000,1.56,10.77567062,106.67088938,10.51,"10°46'32.41""N, 106°40'15.20""E",FIX,
14:39:17.097,1786174757.098,TRACKING,0.080,0.400,-0.001,-0.00,0.450,-0.002,0.000,0.000,0.000,1.000,1.58,10.77567062,106.67088938,10.51,"10°46'32.41""N, 106°40'15.20""E",FIX,
14:39:17.159,1786174757.159,TRACKING,0.087,0.400,-0.001,-0.00,0.450,-0.001,0.000,0.000,0.000,1.000,1.59,10.77567062,106.67088979,10.51,"10°46'32.41""N, 106°40'15.20""E",FIX,
14:39:17.237,1786174757.237,TRACKING,0.110,0.400,-0.001,-0.00,0.450,-0.001,0.000,0.000,0.000,1.000,1.61,10.77567062,106.67088979,10.51,"10°46'32.41""N, 106°40'15.20""E",FIX,
14:39:17.305,1786174757.306,TRACKING,0.118,0.400,-0.001,-0.00,0.450,-0.001,0.000,0.000,0.000,1.000,1.62,10.77567062,106.67088979,10.51,"10°46'32.41""N, 106°40'15.20""E",FIX,
14:39:17.393,1786174757.394,TRACKING,0.141,0.400,-0.001,-0.00,0.450,0.006,0.000,0.000,0.000,1.000,1.64,10.77567062,106.67089020,10.51,"10°46'32.41""N, 106°40'15.20""E",FIX,
14:39:17.454,1786174757.455,TRACKING,0.148,0.400,-0.001,-0.00,0.450,-0.003,0.000,0.000,0.000,1.000,1.65,10.77567062,106.67089020,10.51,"10°46'32.41""N, 106°40'15.20""E",FIX,
14:39:17.533,1786174757.534,TRACKING,0.171,0.400,-0.001,-0.00,0.450,-0.001,0.000,0.000,0.000,1.000,1.67,10.77567062,106.67089020,10.51,"10°46'32.41""N, 106°40'15.20""E",FIX,
14:39:17.595,1786174757.595,TRACKING,0.179,0.400,-0.001,-0.00,0.450,0.008,0.000,0.000,0.000,1.000,1.68,10.77567061,106.67089061,10.51,"10°46'32.41""N, 106°40'15.21""E",FIX,
14:39:17.660,1786174757.661,TRACKING,0.194,0.400,-0.001,-0.00,0.450,-0.002,0.000,0.000,0.000,1.000,1.69,10.77567061,106.67089061,10.51,"10°46'32.41""N, 106°40'15.21""E",FIX,
14:39:17.745,1786174757.746,TRACKING,0.210,0.400,-0.001,-0.00,0.450,-0.001,0.000,0.000,0.000,1.000,1.71,10.77567061,106.67089061,10.51,"10°46'32.41""N, 106°40'15.21""E",FIX,
14:39:17.804,1786174757.804,TRACKING,0.225,0.400,-0.001,-0.00,0.450,0.008,0.000,0.000,0.000,1.000,1.72,10.77567061,106.67089102,10.51,"10°46'32.41""N, 106°40'15.21""E",FIX,
14:39:17.890,1786174757.891,TRACKING,0.240,0.400,-0.001,-0.01,0.450,0.004,0.000,0.000,0.000,1.000,1.74,10.77567061,106.67089102,10.51,"10°46'32.41""N, 106°40'15.21""E",FIX,
14:39:17.953,1786174757.954,TRACKING,0.256,0.400,-0.001,-0.00,0.450,-0.004,0.000,0.000,0.000,1.000,1.76,10.77567061,106.67089102,10.51,"10°46'32.41""N, 106°40'15.21""E",FIX,
14:39:18.023,1786174758.024,TRACKING,0.271,0.400,-0.001,-0.00,0.450,-0.002,0.000,0.000,0.000,1.000,1.77,10.77567061,106.67089144,10.51,"10°46'32.41""N, 106°40'15.21""E",FIX,
14:39:18.095,1786174758.096,TRACKING,0.286,0.400,-0.001,-0.00,0.450,0.006,0.000,0.000,0.000,1.000,1.79,10.77567061,106.67089144,10.51,"10°46'32.41""N, 106°40'15.21""E",FIX,
14:39:18.168,1786174758.168,TRACKING,0.301,0.400,-0.001,-0.01,0.450,0.004,0.000,0.000,0.000,1.000,1.80,10.77567061,106.67089144,10.51,"10°46'32.41""N, 106°40'15.21""E",FIX,
14:39:18.230,1786174758.231,TRACKING,0.317,0.400,-0.001,-0.00,0.450,-0.004,0.000,0.000,0.000,1.000,1.82,10.77567061,106.67089185,10.51,"10°46'32.41""N, 106°40'15.21""E",FIX,
14:39:18.306,1786174758.306,TRACKING,0.332,0.400,-0.001,-0.01,0.450,0.005,0.000,0.000,0.000,1.000,1.83,10.77567061,106.67089185,10.51,"10°46'32.41""N, 106°40'15.21""E",FIX,
14:39:18.374,1786174758.375,TRACKING,0.347,0.400,-0.001,-0.00,0.450,-0.003,0.000,0.000,0.000,1.000,1.85,10.77567061,106.67089185,10.51,"10°46'32.41""N, 106°40'15.21""E",FIX,
14:39:18.453,1786174758.454,TRACKING,0.363,0.400,-0.001,-0.00,0.450,-0.002,0.000,0.000,0.000,0.708,1.86,10.77567061,106.67089226,10.51,"10°46'32.41""N, 106°40'15.21""E",FIX,
14:39:18.533,1786174758.533,TRACKING,0.378,0.400,-0.001,-0.00,0.450,-0.001,0.000,0.000,0.000,0.604,1.88,10.77567061,106.67089226,10.51,"10°46'32.41""N, 106°40'15.21""E",FIX,
14:39:18.597,1786174758.597,TRACKING,0.393,0.400,-0.001,-0.00,0.450,-0.001,0.000,0.000,0.000,0.667,1.89,10.77567061,106.67089226,10.51,"10°46'32.41""N, 106°40'15.21""E",FIX,
14:39:18.669,1786174758.670,TRACKING,0.409,0.400,-0.001,-0.00,0.450,-0.001,0.000,0.000,0.000,0.750,1.91,10.77567061,106.67089267,10.51,"10°46'32.41""N, 106°40'15.21""E",FIX,
14:39:18.732,1786174758.733,TRACKING,0.416,0.399,-0.001,-0.00,0.450,-0.000,0.000,0.000,0.000,0.812,1.92,10.77567061,106.67089267,10.51,"10°46'32.41""N, 106°40'15.21""E",FIX,
14:39:18.805,1786174758.806,TRACKING,0.431,0.399,-0.001,-0.00,0.450,-0.000,0.000,0.000,0.000,0.896,1.93,10.77567061,106.67089267,10.51,"10°46'32.41""N, 106°40'15.21""E",FIX,
14:39:18.877,1786174758.878,TRACKING,0.447,0.399,-0.001,-0.00,0.450,-0.000,0.000,0.000,0.000,0.958,1.95,10.77567061,106.67089308,10.51,"10°46'32.41""N, 106°40'15.22""E",FIX,
14:39:18.956,1786174758.957,TRACKING,0.462,0.399,-0.001,-0.00,0.450,-0.000,0.000,0.000,0.000,1.000,1.96,10.77567061,106.67089308,10.51,"10°46'32.41""N, 106°40'15.22""E",FIX,
14:39:19.024,1786174759.025,TRACKING,0.477,0.399,-0.001,-0.00,0.450,-0.000,0.000,0.000,0.000,1.000,1.98,10.77567061,106.67089308,10.51,"10°46'32.41""N, 106°40'15.22""E",FIX,
14:39:19.098,1786174759.099,TRACKING,0.493,0.399,-0.001,-0.00,0.450,-0.000,0.000,0.000,0.000,1.000,1.99,10.77567061,106.67089349,10.51,"10°46'32.41""N, 106°40'15.22""E",FIX,
14:39:19.158,1786174759.159,TRACKING,0.508,0.399,-0.001,-0.00,0.450,-0.000,0.000,0.000,0.000,1.000,2.01,10.77567061,106.67089349,10.51,"10°46'32.41""N, 106°40'15.22""E",FIX,
14:39:19.244,1786174759.244,TRACKING,0.523,0.399,-0.001,-0.00,0.450,-0.000,0.000,0.000,0.000,1.000,2.02,10.77567061,106.67089349,10.51,"10°46'32.41""N, 106°40'15.22""E",FIX,
14:39:19.310,1786174759.310,TRACKING,0.539,0.399,-0.001,-0.00,0.450,-0.000,0.000,0.000,0.000,1.000,2.04,10.77567061,106.67089390,10.51,"10°46'32.41""N, 106°40'15.22""E",FIX,
14:39:19.370,1786174759.371,TRACKING,0.554,0.399,-0.001,-0.00,0.450,-0.000,0.000,0.000,0.000,1.000,2.05,10.77567061,106.67089390,10.51,"10°46'32.41""N, 106°40'15.22""E",FIX,
14:39:19.442,1786174759.442,TRACKING,0.569,0.399,-0.001,-0.00,0.450,-0.000,0.000,0.000,0.000,1.000,2.07,10.77567061,106.67089390,10.51,"10°46'32.41""N, 106°40'15.22""E",FIX,
14:39:19.514,1786174759.514,TRACKING,0.584,0.399,-0.001,-0.00,0.450,-0.000,0.000,0.000,0.000,1.000,2.08,10.77567061,106.67089432,10.51,"10°46'32.41""N, 106°40'15.22""E",FIX,
14:39:19.604,1786174759.605,TRACKING,0.600,0.399,-0.001,-0.00,0.450,-0.000,0.000,0.000,0.000,1.000,2.10,10.77567061,106.67089432,10.51,"10°46'32.41""N, 106°40'15.22""E",FIX,
14:39:19.666,1786174759.667,TRACKING,0.607,0.399,-0.001,-0.00,0.450,-0.000,0.000,0.000,0.000,1.000,2.11,10.77567061,106.67089432,10.51,"10°46'32.41""N, 106°40'15.22""E",FIX,
14:39:19.738,1786174759.738,TRACKING,0.623,0.399,-0.001,-0.00,0.450,-0.000,0.000,0.000,0.000,1.000,2.12,10.77567061,106.67089473,10.51,"10°46'32.41""N, 106°40'15.22""E",FIX,
14:39:19.825,1786174759.826,TRACKING,0.646,0.399,-0.001,-0.00,0.450,-0.000,0.000,0.000,0.000,1.000,2.15,10.77567061,106.67089473,10.51,"10°46'32.41""N, 106°40'15.22""E",FIX,
14:39:19.892,1786174759.892,TRACKING,0.661,0.399,-0.001,-0.00,0.450,-0.000,0.000,0.000,0.000,1.000,2.16,10.77567061,106.67089473,10.51,"10°46'32.41""N, 106°40'15.22""E",FIX,
14:39:19.968,1786174759.968,TRACKING,0.669,0.399,-0.001,-0.00,0.450,-0.000,0.000,0.000,0.000,1.000,2.17,10.77567061,106.67089514,10.51,"10°46'32.41""N, 106°40'15.22""E",FIX,
14:39:20.036,1786174760.037,TRACKING,0.684,0.399,-0.001,-0.00,0.450,-0.000,0.000,0.000,0.000,1.000,2.18,10.77567061,106.67089514,10.51,"10°46'32.41""N, 106°40'15.22""E",FIX,
14:39:20.112,1786174760.112,TRACKING,0.699,0.399,-0.001,-0.00,0.450,-0.000,0.000,0.000,0.000,1.000,2.20,10.77567061,106.67089514,10.51,"10°46'32.41""N, 106°40'15.22""E",FIX,
14:39:20.174,1786174760.175,TRACKING,0.715,0.399,-0.001,-0.00,0.450,-0.000,0.000,0.000,0.000,1.000,2.21,10.77567061,106.67089555,10.51,"10°46'32.41""N, 106°40'15.22""E",FIX,
14:39:20.243,1786174760.244,TRACKING,0.730,0.399,-0.001,-0.00,0.450,-0.000,0.000,0.000,0.000,1.000,2.23,10.77567061,106.67089555,10.51,"10°46'32.41""N, 106°40'15.22""E",FIX,
14:39:20.314,1786174760.314,TRACKING,0.745,0.399,-0.001,-0.00,0.450,-0.000,0.000,0.000,0.000,1.000,2.25,10.77567061,106.67089555,10.51,"10°46'32.41""N, 106°40'15.22""E",FIX,
14:39:20.387,1786174760.388,TRACKING,0.760,0.399,-0.001,-0.00,0.450,-0.000,0.000,0.000,0.000,0.708,2.26,10.77567061,106.67089596,10.51,"10°46'32.41""N, 106°40'15.23""E",FIX,
14:39:20.477,1786174760.478,TRACKING,0.776,0.399,-0.001,-0.00,0.450,-0.000,0.000,0.000,0.000,0.625,2.28,10.77567061,106.67089596,10.51,"10°46'32.41""N, 106°40'15.23""E",FIX,
14:39:20.540,1786174760.541,TRACKING,0.791,0.399,-0.001,-0.00,0.450,-0.000,0.000,0.000,0.000,0.687,2.29,10.77567061,106.67089596,10.51,"10°46'32.41""N, 106°40'15.23""E",FIX,
14:39:20.624,1786174760.625,TRACKING,0.806,0.399,-0.001,-0.00,0.450,-0.000,0.000,0.000,0.000,0.750,2.31,10.77567061,106.67089637,10.51,"10°46'32.41""N, 106°40'15.23""E",FIX,
14:39:20.708,1786174760.709,TRACKING,0.822,0.399,-0.001,-0.00,0.450,-0.000,0.000,0.000,0.000,0.833,2.32,10.77567061,106.67089637,10.51,"10°46'32.41""N, 106°40'15.23""E",FIX,
14:39:20.774,1786174760.775,TRACKING,0.837,0.399,-0.001,-0.00,0.450,-0.000,0.000,0.000,0.000,0.917,2.34,10.77567061,106.67089637,10.51,"10°46'32.41""N, 106°40'15.23""E",FIX,
14:39:20.847,1786174760.848,TRACKING,0.852,0.399,-0.001,-0.00,0.450,-0.000,0.000,0.000,0.000,1.000,2.35,10.77567061,106.67089678,10.51,"10°46'32.41""N, 106°40'15.23""E",FIX,
14:39:20.909,1786174760.910,TRACKING,0.860,0.399,-0.001,-0.00,0.450,-0.000,0.000,0.000,0.000,1.000,2.36,10.77567061,106.67089678,10.51,"10°46'32.41""N, 106°40'15.23""E",FIX,
14:39:20.988,1786174760.988,TRACKING,0.883,0.399,-0.001,-0.00,0.450,-0.000,0.000,0.000,0.000,1.000,2.38,10.77567061,106.67089678,10.51,"10°46'32.41""N, 106°40'15.23""E",FIX,
14:39:21.054,1786174761.055,TRACKING,0.890,0.399,-0.001,-0.00,0.450,-0.000,0.000,0.000,0.000,1.000,2.39,10.77567061,106.67089720,10.51,"10°46'32.41""N, 106°40'15.23""E",FIX,
14:39:21.127,1786174761.128,TRACKING,0.906,0.399,-0.001,-0.00,0.450,-0.000,0.000,0.000,0.000,1.000,2.41,10.77567061,106.67089720,10.51,"10°46'32.41""N, 106°40'15.23""E",FIX,
14:39:21.206,1786174761.207,TRACKING,0.929,0.399,-0.001,-0.00,0.450,-0.000,0.000,0.000,0.000,1.000,2.43,10.77567061,106.67089720,10.51,"10°46'32.41""N, 106°40'15.23""E",FIX,
14:39:21.269,1786174761.269,TRACKING,0.936,0.399,-0.001,-0.00,0.450,-0.000,0.000,0.000,0.000,1.000,2.44,10.77567061,106.67089761,10.51,"10°46'32.41""N, 106°40'15.23""E",FIX,
14:39:21.352,1786174761.353,TRACKING,0.952,0.399,-0.001,-0.00,0.450,-0.000,0.000,0.000,0.000,1.000,2.45,10.77567061,106.67089761,10.51,"10°46'32.41""N, 106°40'15.23""E",FIX,
14:39:21.413,1786174761.413,TRACKING,0.967,0.399,-0.001,-0.00,0.450,-0.000,0.000,0.000,0.000,1.000,2.47,10.77567061,106.67089761,10.51,"10°46'32.41""N, 106°40'15.23""E",FIX,
14:39:21.493,1786174761.493,TRACKING,0.982,0.399,-0.001,-0.00,0.450,-0.000,0.000,0.000,0.000,1.000,2.48,10.77567061,106.67089802,10.51,"10°46'32.41""N, 106°40'15.23""E",FIX,
14:39:21.561,1786174761.561,TRACKING,0.998,0.399,-0.001,-0.00,0.450,-0.000,0.000,0.000,0.000,1.000,2.50,10.77567061,106.67089802,10.51,"10°46'32.41""N, 106°40'15.23""E",FIX,
14:39:21.632,1786174761.632,TRACKING,1.013,0.399,-0.001,-0.00,0.450,-0.000,0.000,0.000,0.000,1.000,2.51,10.77567061,106.67089802,10.51,"10°46'32.41""N, 106°40'15.23""E",FIX,
14:39:21.698,1786174761.699,TRACKING,1.028,0.399,-0.001,-0.00,0.450,-0.000,0.000,0.000,0.000,1.000,2.53,10.77567061,106.67089802,10.51,"10°46'32.41""N, 106°40'15.23""E",FIX,
14:39:21.778,1786174761.778,TRACKING,1.043,0.399,-0.001,-0.00,0.450,-0.000,0.000,0.000,0.000,1.000,2.54,10.77567061,106.67089843,10.51,"10°46'32.41""N, 106°40'15.23""E",FIX,
14:39:21.847,1786174761.848,TRACKING,1.059,0.399,-0.001,-0.00,0.450,-0.000,0.000,0.000,0.000,1.000,2.56,10.77567061,106.67089843,10.51,"10°46'32.41""N, 106°40'15.23""E",FIX,
14:39:21.899,1786174761.899,TRACKING,1.074,0.399,-0.001,-0.00,0.450,-0.000,0.000,0.000,0.000,1.000,2.57,10.77567061,106.67089843,10.51,"10°46'32.41""N, 106°40'15.23""E",FIX,
14:39:21.983,1786174761.984,TRACKING,1.089,0.399,-0.001,-0.00,0.450,-0.000,0.000,0.000,0.000,1.000,2.59,10.77567061,106.67089884,10.51,"10°46'32.41""N, 106°40'15.24""E",FIX,
14:39:22.055,1786174762.055,TRACKING,1.105,0.399,-0.001,-0.00,0.450,-0.000,0.000,0.000,0.000,1.000,2.60,10.77567061,106.67089884,10.51,"10°46'32.41""N, 106°40'15.24""E",FIX,
14:39:22.118,1786174762.119,TRACKING,1.120,0.399,-0.001,-0.00,0.450,0.008,0.000,0.000,0.000,1.000,2.62,10.77567061,106.67089925,10.51,"10°46'32.41""N, 106°40'15.24""E",FIX,
14:39:22.188,1786174762.188,TRACKING,1.128,0.399,-0.001,-0.01,0.450,0.007,0.000,0.000,0.000,1.000,2.63,10.77567061,106.67089925,10.51,"10°46'32.41""N, 106°40'15.24""E",FIX,
14:39:22.262,1786174762.263,TRACKING,1.143,0.399,-0.001,-0.01,0.450,0.012,0.000,0.000,0.000,1.000,2.64,10.77567061,106.67089925,10.51,"10°46'32.41""N, 106°40'15.24""E",FIX,
14:39:22.335,1786174762.335,TRACKING,1.158,0.399,-0.000,-0.02,0.450,0.016,0.000,0.000,0.000,0.542,2.66,10.77567061,106.67089925,10.51,"10°46'32.41""N, 106°40'15.24""E",FIX,
14:39:22.410,1786174762.410,TRACKING,1.181,0.399,0.000,-0.02,0.450,0.012,0.000,0.000,0.000,0.604,2.68,10.77567060,106.67089966,10.51,"10°46'32.41""N, 106°40'15.24""E",FIX,
14:39:22.471,1786174762.471,TRACKING,1.189,0.399,0.000,-0.02,0.450,0.004,0.000,0.000,0.000,0.667,2.69,10.77567060,106.67089966,10.51,"10°46'32.41""N, 106°40'15.24""E",FIX,
14:39:22.562,1786174762.562,TRACKING,1.204,0.398,0.001,-0.02,0.450,0.004,0.000,0.000,0.000,0.750,2.70,10.77567060,106.67089966,10.51,"10°46'32.41""N, 106°40'15.24""E",FIX,
14:39:22.619,1786174762.619,TRACKING,1.219,0.398,0.001,-0.02,0.450,0.004,0.000,0.000,0.000,0.833,2.72,10.77567060,106.67090008,10.51,"10°46'32.41""N, 106°40'15.24""E",FIX,
14:39:22.695,1786174762.695,TRACKING,1.242,0.398,0.001,-0.02,0.450,0.005,0.000,0.000,0.000,0.896,2.74,10.77567060,106.67090008,10.51,"10°46'32.41""N, 106°40'15.24""E",FIX,
14:39:22.758,1786174762.759,TRACKING,1.250,0.398,0.001,-0.02,0.450,0.005,0.000,0.000,0.000,0.979,2.75,10.77567060,106.67090008,10.51,"10°46'32.41""N, 106°40'15.24""E",FIX,
14:39:22.819,1786174762.820,TRACKING,1.265,0.398,0.001,-0.02,0.450,0.005,0.000,0.000,0.000,1.000,2.77,10.77567060,106.67090049,10.51,"10°46'32.41""N, 106°40'15.24""E",FIX,
14:39:22.900,1786174762.900,TRACKING,1.281,0.398,0.001,-0.02,0.450,0.005,0.000,0.000,0.000,1.000,2.78,10.77567060,106.67090049,10.51,"10°46'32.41""N, 106°40'15.24""E",FIX,
14:39:22.964,1786174762.964,TRACKING,1.296,0.398,0.002,-0.02,0.450,0.005,0.000,0.000,0.000,1.000,2.80,10.77567060,106.67090049,10.51,"10°46'32.41""N, 106°40'15.24""E",FIX,
14:39:23.040,1786174763.040,TRACKING,1.311,0.398,0.002,-0.02,0.450,0.005,0.000,0.000,0.000,1.000,2.81,10.77567060,106.67090090,10.51,"10°46'32.41""N, 106°40'15.24""E",FIX,
14:39:23.108,1786174763.108,TRACKING,1.327,0.398,0.002,-0.02,0.450,0.005,0.000,0.000,0.000,1.000,2.83,10.77567060,106.67090090,10.51,"10°46'32.41""N, 106°40'15.24""E",FIX,
14:39:23.186,1786174763.186,TRACKING,1.342,0.398,0.002,-0.02,0.450,0.005,0.000,0.000,0.000,1.000,2.84,10.77567060,106.67090090,10.51,"10°46'32.41""N, 106°40'15.24""E",FIX,
14:39:23.260,1786174763.261,TRACKING,1.357,0.398,0.002,-0.02,0.450,-0.003,0.000,0.000,0.000,1.000,2.86,10.77567060,106.67090131,10.51,"10°46'32.41""N, 106°40'15.24""E",FIX,
14:39:23.335,1786174763.336,TRACKING,1.372,0.398,0.002,-0.02,0.450,0.007,0.000,0.000,0.000,1.000,2.87,10.77567060,106.67090131,10.51,"10°46'32.41""N, 106°40'15.24""E",FIX,
14:39:23.416,1786174763.417,TRACKING,1.388,0.398,0.002,-0.02,0.450,0.006,0.000,0.000,0.000,1.000,2.89,10.77567060,106.67090131,10.51,"10°46'32.41""N, 106°40'15.24""E",FIX,
14:39:23.468,1786174763.469,TRACKING,1.395,0.398,0.002,-0.02,0.450,0.006,0.000,0.000,0.000,1.000,2.90,10.77567060,106.67090172,10.51,"10°46'32.41""N, 106°40'15.25""E",FIX,
14:39:23.555,1786174763.555,TRACKING,1.418,0.398,0.003,-0.02,0.450,0.005,0.000,0.000,0.000,1.000,2.92,10.77567060,106.67090172,10.51,"10°46'32.41""N, 106°40'15.25""E",FIX,
14:39:23.616,1786174763.617,TRACKING,1.426,0.398,0.003,-0.01,0.450,-0.004,0.000,0.000,0.000,1.000,2.93,10.77567060,106.67090172,10.51,"10°46'32.41""N, 106°40'15.25""E",FIX,
14:39:23.685,1786174763.686,TRACKING,1.441,0.398,0.003,-0.01,0.450,0.003,0.000,0.000,0.000,1.000,2.94,10.77567060,106.67090213,10.51,"10°46'32.41""N, 106°40'15.25""E",FIX,
14:39:23.760,1786174763.761,TRACKING,1.457,0.399,0.003,-0.02,0.450,0.007,0.000,0.000,0.000,1.000,2.96,10.77567060,106.67090213,10.51,"10°46'32.41""N, 106°40'15.25""E",FIX,
14:39:23.843,1786174763.844,TRACKING,1.480,0.399,0.003,-0.01,0.450,-0.001,0.000,0.000,0.000,1.000,2.98,10.77567060,106.67090213,10.51,"10°46'32.41""N, 106°40'15.25""E",FIX,
14:39:23.907,1786174763.908,TRACKING,1.487,0.399,0.003,-0.01,0.450,-0.001,0.000,0.000,0.000,1.000,2.99,10.77567060,106.67090254,10.51,"10°46'32.41""N, 106°40'15.25""E",FIX,
14:39:23.983,1786174763.983,TRACKING,1.502,0.399,0.003,-0.01,0.450,0.001,0.000,0.000,0.000,1.000,3.00,10.77567060,106.67090254,10.51,"10°46'32.41""N, 106°40'15.25""E",FIX,
14:39:24.061,1786174764.062,TRACKING,1.518,0.399,0.003,-0.01,0.450,0.001,0.000,0.000,0.000,1.000,3.02,10.77567060,106.67090254,10.51,"10°46'32.41""N, 106°40'15.25""E",FIX,
14:39:24.128,1786174764.128,TRACKING,1.533,0.399,0.003,-0.01,0.450,0.002,0.000,0.000,0.000,1.000,3.03,10.77567060,106.67090296,10.51,"10°46'32.41""N, 106°40'15.25""E",FIX,
14:39:24.192,1786174764.192,TRACKING,1.548,0.399,0.003,-0.00,0.450,-0.016,0.000,0.000,0.000,1.000,3.05,10.77567060,106.67090296,10.51,"10°46'32.41""N, 106°40'15.25""E",FIX,
14:39:24.271,1786174764.272,TRACKING,1.564,0.399,0.003,0.00,0.450,-0.008,0.000,0.000,0.000,0.646,3.06,10.77567060,106.67090296,10.51,"10°46'32.41""N, 106°40'15.25""E",FIX,
14:39:24.343,1786174764.343,TRACKING,1.579,0.399,0.002,0.00,0.450,-0.006,0.000,0.000,0.000,0.625,3.08,10.77567061,106.67090337,10.51,"10°46'32.41""N, 106°40'15.25""E",FIX,
14:39:24.409,1786174764.410,TRACKING,1.587,0.399,0.002,0.01,0.450,-0.006,0.000,0.000,0.000,0.708,3.09,10.77567061,106.67090337,10.51,"10°46'32.41""N, 106°40'15.25""E",FIX,
14:39:24.497,1786174764.497,TRACKING,1.610,0.399,0.002,0.01,0.450,-0.004,0.000,0.000,0.000,0.771,3.11,10.77567061,106.67090337,10.51,"10°46'32.41""N, 106°40'15.25""E",FIX,
14:39:24.560,1786174764.561,TRACKING,1.617,0.399,0.002,0.01,0.450,-0.004,0.000,0.000,0.000,0.833,3.12,10.77567061,106.67090378,10.51,"10°46'32.41""N, 106°40'15.25""E",FIX,
14:39:24.637,1786174764.638,TRACKING,1.640,0.399,0.002,0.01,0.450,0.004,0.000,0.000,0.000,0.917,3.14,10.77567061,106.67090378,10.51,"10°46'32.41""N, 106°40'15.25""E",FIX,
14:39:24.707,1786174764.707,TRACKING,1.648,0.399,0.002,0.01,0.450,-0.005,0.000,0.000,0.000,1.000,3.15,10.77567061,106.67090378,10.51,"10°46'32.41""N, 106°40'15.25""E",FIX,
14:39:24.782,1786174764.783,TRACKING,1.663,0.399,0.002,0.01,0.450,-0.004,0.000,0.000,0.000,1.000,3.16,10.77567061,106.67090419,10.51,"10°46'32.41""N, 106°40'15.26""E",FIX,
14:39:24.859,1786174764.859,TRACKING,1.678,0.399,0.002,0.01,0.450,-0.003,0.000,0.000,0.000,1.000,3.18,10.77567061,106.67090419,10.51,"10°46'32.41""N, 106°40'15.26""E",FIX,
14:39:24.943,1786174764.944,TRACKING,1.701,0.399,0.002,0.01,0.450,0.003,0.000,0.000,0.000,1.000,3.20,10.77567061,106.67090419,10.51,"10°46'32.41""N, 106°40'15.26""E",FIX,
14:39:25.012,1786174765.012,TRACKING,1.709,0.399,0.002,0.01,0.450,-0.005,0.000,0.000,0.000,1.000,3.21,10.77567061,106.67090460,10.51,"10°46'32.41""N, 106°40'15.26""E",FIX,
14:39:25.083,1786174765.083,TRACKING,1.724,0.399,0.002,0.01,0.450,-0.004,0.000,0.000,0.000,1.000,3.22,10.77567061,106.67090460,10.51,"10°46'32.41""N, 106°40'15.26""E",FIX,
14:39:25.152,1786174765.152,TRACKING,1.740,0.399,0.001,0.00,0.450,0.004,0.000,0.000,0.000,1.000,3.24,10.77567061,106.67090460,10.51,"10°46'32.41""N, 106°40'15.26""E",FIX,
14:39:25.213,1786174765.214,TRACKING,1.755,0.399,0.001,0.01,0.450,-0.005,0.000,0.000,0.000,1.000,3.25,10.77567061,106.67090501,10.51,"10°46'32.41""N, 106°40'15.26""E",FIX,
14:39:25.290,1786174765.291,TRACKING,1.770,0.399,0.001,0.01,0.450,-0.004,0.000,0.000,0.000,1.000,3.27,10.77567061,106.67090501,10.51,"10°46'32.41""N, 106°40'15.26""E",FIX,
14:39:25.363,1786174765.363,TRACKING,1.786,0.400,0.001,0.00,0.450,0.004,0.000,0.000,0.000,1.000,3.29,10.77567061,106.67090501,10.51,"10°46'32.41""N, 106°40'15.26""E",FIX,
14:39:25.431,1786174765.431,TRACKING,1.801,0.400,0.001,0.00,0.450,0.003,0.000,0.000,0.000,1.000,3.30,10.77567061,106.67090542,10.51,"10°46'32.41""N, 106°40'15.26""E",FIX,
14:39:25.495,1786174765.495,TRACKING,1.816,0.400,0.001,0.01,0.450,-0.006,0.000,0.000,0.000,1.000,3.32,10.77567061,106.67090542,10.51,"10°46'32.41""N, 106°40'15.26""E",FIX,
14:39:25.581,1786174765.582,TRACKING,1.831,0.400,0.001,0.01,0.450,-0.004,0.000,0.000,0.000,1.000,3.33,10.77567061,106.67090542,10.51,"10°46'32.41""N, 106°40'15.26""E",FIX,
14:39:25.636,1786174765.637,TRACKING,1.847,0.400,0.001,0.01,0.450,-0.005,0.000,0.000,0.000,1.000,3.35,10.77567061,106.67090584,10.51,"10°46'32.41""N, 106°40'15.26""E",FIX,
14:39:25.708,1786174765.708,TRACKING,1.854,0.400,0.001,0.01,0.450,-0.003,0.000,0.000,0.000,1.000,3.35,10.77567061,106.67090584,10.51,"10°46'32.41""N, 106°40'15.26""E",FIX,
14:39:25.781,1786174765.782,TRACKING,1.870,0.400,0.001,0.01,0.450,-0.003,0.000,0.000,0.000,1.000,3.37,10.77567061,106.67090584,10.51,"10°46'32.41""N, 106°40'15.26""E",FIX,
14:39:25.878,1786174765.879,TRACKING,1.893,0.400,0.001,0.01,0.450,-0.003,0.000,0.000,0.000,1.000,3.39,10.77567061,106.67090625,10.51,"10°46'32.41""N, 106°40'15.26""E",FIX,
14:39:25.931,1786174765.932,TRACKING,1.900,0.400,0.001,0.01,0.450,-0.003,0.000,0.000,0.000,1.000,3.40,10.77567061,106.67090625,10.51,"10°46'32.41""N, 106°40'15.26""E",FIX,
14:39:26.004,1786174766.005,TRACKING,1.916,0.400,0.001,0.01,0.450,-0.003,0.000,0.000,0.000,1.000,3.42,10.77567061,106.67090625,10.51,"10°46'32.41""N, 106°40'15.26""E",FIX,
14:39:26.073,1786174766.074,TRACKING,1.931,0.400,0.000,0.01,0.450,-0.003,0.000,0.000,0.000,1.000,3.43,10.77567061,106.67090666,10.51,"10°46'32.41""N, 106°40'15.26""E",FIX,
14:39:26.164,1786174766.165,TRACKING,1.954,0.400,0.000,0.01,0.450,-0.002,0.000,0.000,0.000,1.000,3.45,10.77567061,106.67090666,10.51,"10°46'32.41""N, 106°40'15.26""E",FIX,
14:39:26.225,1786174766.225,TRACKING,1.961,0.400,0.000,0.01,0.450,-0.002,0.000,0.000,0.000,0.583,3.46,10.77567061,106.67090666,10.51,"10°46'32.41""N, 106°40'15.26""E",FIX,
14:39:26.303,1786174766.304,TRACKING,1.977,0.400,0.000,0.01,0.450,-0.002,0.000,0.000,0.000,0.646,3.48,10.77567062,106.67090707,10.51,"10°46'32.41""N, 106°40'15.27""E",FIX,
14:39:26.371,1786174766.371,TRACKING,1.992,0.400,0.000,0.01,0.450,-0.002,0.000,0.000,0.000,0.708,3.49,10.77567062,106.67090707,10.51,"10°46'32.41""N, 106°40'15.27""E",FIX,
14:39:26.457,1786174766.457,TRACKING,2.007,0.400,0.000,0.01,0.450,-0.002,0.000,0.000,0.000,0.771,3.51,10.77567062,106.67090707,10.51,"10°46'32.41""N, 106°40'15.27""E",FIX,
14:39:26.531,1786174766.532,TRACKING,2.023,0.400,0.000,0.01,0.450,-0.002,0.000,0.000,0.000,0.833,3.52,10.77567062,106.67090748,10.51,"10°46'32.41""N, 106°40'15.27""E",FIX,
14:39:26.604,1786174766.604,TRACKING,2.038,0.400,-0.000,0.01,0.450,-0.002,0.000,0.000,0.000,0.917,3.54,10.77567062,106.67090748,10.51,"10°46'32.41""N, 106°40'15.27""E",FIX,
14:39:26.667,1786174766.667,TRACKING,2.053,0.400,-0.000,0.01,0.450,0.005,0.000,0.000,0.000,1.000,3.55,10.77567062,106.67090748,10.51,"10°46'32.41""N, 106°40'15.27""E",FIX,
14:39:26.743,1786174766.743,TRACKING,2.069,0.400,-0.000,0.01,0.450,-0.004,0.000,0.000,0.000,1.000,3.57,10.77567062,106.67090789,10.51,"10°46'32.41""N, 106°40'15.27""E",FIX,
14:39:26.811,1786174766.812,TRACKING,2.084,0.400,-0.000,0.01,0.450,-0.004,0.000,0.000,0.000,1.000,3.58,10.77567062,106.67090789,10.51,"10°46'32.41""N, 106°40'15.27""E",FIX,
14:39:26.881,1786174766.882,TRACKING,2.099,0.400,-0.000,0.01,0.450,-0.003,0.000,0.000,0.000,1.000,3.60,10.77567062,106.67090789,10.51,"10°46'32.41""N, 106°40'15.27""E",FIX,
14:39:26.960,1786174766.960,TRACKING,2.114,0.400,-0.000,0.01,0.450,0.001,0.000,0.000,0.000,1.000,3.61,10.77567062,106.67090830,10.51,"10°46'32.41""N, 106°40'15.27""E",FIX,
14:39:27.012,1786174767.012,TRACKING,2.122,0.400,-0.000,0.01,0.450,-0.004,0.000,0.000,0.000,1.000,3.62,10.77567062,106.67090830,10.51,"10°46'32.41""N, 106°40'15.27""E",FIX,
14:39:27.100,1786174767.100,TRACKING,2.145,0.400,-0.000,0.01,0.450,-0.003,0.000,0.000,0.000,1.000,3.65,10.77567062,106.67090830,10.51,"10°46'32.41""N, 106°40'15.27""E",FIX,
14:39:27.166,1786174767.166,TRACKING,2.160,0.400,-0.001,0.01,0.450,0.001,0.000,0.000,0.000,1.000,3.66,10.77567062,106.67090872,10.51,"10°46'32.41""N, 106°40'15.27""E",FIX,
14:39:27.237,1786174767.237,TRACKING,2.168,0.400,-0.001,0.00,0.450,0.004,0.000,0.000,0.000,1.000,3.67,10.77567062,106.67090872,10.51,"10°46'32.41""N, 106°40'15.27""E",FIX,
14:39:27.309,1786174767.310,TRACKING,2.183,0.400,-0.000,0.01,0.450,-0.005,0.000,0.000,0.000,1.000,3.68,10.77567062,106.67090872,10.51,"10°46'32.41""N, 106°40'15.27""E",FIX,
14:39:27.389,1786174767.389,TRACKING,2.199,0.400,-0.000,0.01,0.450,-0.004,0.000,0.000,0.000,1.000,3.70,10.77567062,106.67090913,10.51,"10°46'32.41""N, 106°40'15.27""E",FIX,
14:39:27.463,1786174767.464,TRACKING,2.214,0.400,-0.001,0.01,0.450,-0.003,0.000,0.000,0.000,1.000,3.71,10.77567062,106.67090913,10.51,"10°46'32.41""N, 106°40'15.27""E",FIX,
14:39:27.532,1786174767.532,TRACKING,2.229,0.400,-0.001,0.01,0.450,-0.003,0.000,0.000,0.000,1.000,3.73,10.77567062,106.67090913,10.51,"10°46'32.41""N, 106°40'15.27""E",FIX,
14:39:27.608,1786174767.609,TRACKING,2.245,0.400,-0.001,0.01,0.450,-0.003,0.000,0.000,0.000,1.000,3.74,10.77567062,106.67090954,10.51,"10°46'32.41""N, 106°40'15.27""E",FIX,
14:39:27.675,1786174767.676,TRACKING,2.260,0.400,-0.001,0.01,0.450,0.005,0.000,0.000,0.000,1.000,3.76,10.77567062,106.67090954,10.51,"10°46'32.41""N, 106°40'15.27""E",FIX,
14:39:27.748,1786174767.748,TRACKING,2.275,0.400,-0.001,0.01,0.450,-0.004,0.000,0.000,0.000,1.000,3.78,10.77567062,106.67090954,10.51,"10°46'32.41""N, 106°40'15.27""E",FIX,
14:39:27.827,1786174767.827,TRACKING,2.290,0.400,-0.001,0.01,0.450,-0.004,0.000,0.000,0.000,1.000,3.79,10.77567062,106.67090995,10.51,"10°46'32.41""N, 106°40'15.28""E",FIX,
14:39:27.901,1786174767.902,TRACKING,2.306,0.400,-0.001,0.00,0.450,0.005,0.000,0.000,0.000,1.000,3.81,10.77567062,106.67090995,10.51,"10°46'32.41""N, 106°40'15.28""E",FIX,
14:39:27.989,1786174767.990,TRACKING,2.321,0.400,-0.001,0.01,0.450,-0.004,0.000,0.000,0.000,1.000,3.82,10.77567062,106.67090995,10.51,"10°46'32.41""N, 106°40'15.28""E",FIX,
14:39:28.060,1786174768.061,TRACKING,2.336,0.400,-0.001,-0.01,0.450,0.041,0.000,0.000,0.000,1.000,3.84,10.77567062,106.67091036,10.51,"10°46'32.41""N, 106°40'15.28""E",FIX,
14:39:28.139,1786174768.140,TRACKING,2.352,0.400,-0.000,-0.02,0.450,0.021,0.000,0.000,0.000,0.729,3.85,10.77567062,106.67091036,10.51,"10°46'32.41""N, 106°40'15.28""E",FIX,
14:39:28.201,1786174768.201,TRACKING,2.367,0.400,0.001,-0.03,0.450,0.021,0.000,0.000,0.000,0.542,3.87,10.77567062,106.67091036,10.51,"10°46'32.41""N, 106°40'15.28""E",FIX,
14:39:28.278,1786174768.278,TRACKING,2.382,0.400,0.001,-0.03,0.450,0.015,0.000,0.000,0.000,0.604,3.88,10.77567061,106.67091077,10.51,"10°46'32.41""N, 106°40'15.28""E",FIX,
14:39:28.351,1786174768.351,TRACKING,2.398,0.400,0.002,-0.03,0.450,0.006,0.000,0.000,0.000,0.667,3.90,10.77567061,106.67091077,10.51,"10°46'32.41""N, 106°40'15.28""E",FIX,
14:39:28.422,1786174768.422,TRACKING,2.413,0.400,0.002,-0.03,0.450,0.006,0.000,0.000,0.000,0.750,3.91,10.77567061,106.67091077,10.51,"10°46'32.41""N, 106°40'15.28""E",FIX,
14:39:28.500,1786174768.500,TRACKING,2.428,0.400,0.002,-0.03,0.450,0.007,0.000,0.000,0.000,0.833,3.93,10.77567061,106.67091118,10.51,"10°46'32.41""N, 106°40'15.28""E",FIX,
14:39:28.579,1786174768.579,TRACKING,2.443,0.399,0.003,-0.03,0.450,0.007,0.000,0.000,0.000,0.896,3.94,10.77567061,106.67091118,10.51,"10°46'32.41""N, 106°40'15.28""E",FIX,
14:39:28.645,1786174768.646,TRACKING,2.451,0.399,0.003,-0.03,0.450,0.007,0.000,0.000,0.000,0.979,3.95,10.77567061,106.67091118,10.51,"10°46'32.41""N, 106°40'15.28""E",FIX,
14:39:28.728,1786174768.729,TRACKING,2.466,0.399,0.003,-0.03,0.450,0.007,0.000,0.000,0.000,1.000,3.97,10.77567061,106.67091160,10.51,"10°46'32.41""N, 106°40'15.28""E",FIX,
14:39:28.798,1786174768.798,TRACKING,2.482,0.400,0.003,-0.03,0.450,0.007,0.000,0.000,0.000,1.000,3.98,10.77567061,106.67091160,10.51,"10°46'32.41""N, 106°40'15.28""E",FIX,
14:39:28.879,1786174768.879,TRACKING,2.505,0.400,0.004,-0.03,0.450,0.007,0.000,0.000,0.000,1.000,4.00,10.77567061,106.67091160,10.51,"10°46'32.41""N, 106°40'15.28""E",FIX,
14:39:28.931,1786174768.931,TRACKING,2.512,0.400,0.004,-0.02,0.450,-0.003,0.000,0.000,0.000,1.000,4.01,10.77567061,106.67091160,10.51,"10°46'32.41""N, 106°40'15.28""E",FIX,
14:39:29.009,1786174769.010,TRACKING,2.528,0.400,0.004,-0.02,0.450,0.002,0.000,0.000,0.000,1.000,4.03,10.77567061,106.67091201,10.51,"10°46'32.41""N, 106°40'15.28""E",FIX,
14:39:29.095,1786174769.096,TRACKING,2.543,0.400,0.004,-0.02,0.450,0.009,0.000,0.000,0.000,1.000,4.04,10.77567061,106.67091201,10.51,"10°46'32.41""N, 106°40'15.28""E",FIX,
14:39:29.165,1786174769.166,TRACKING,2.558,0.400,0.004,-0.02,0.450,0.005,0.000,0.000,0.000,1.000,4.06,10.77567061,106.67091242,10.51,"10°46'32.41""N, 106°40'15.28""E",FIX,
14:39:29.234,1786174769.235,TRACKING,2.573,0.400,0.004,-0.02,0.450,0.000,0.000,0.000,0.000,1.000,4.07,10.77567061,106.67091242,10.51,"10°46'32.41""N, 106°40'15.28""E",FIX,
14:39:29.304,1786174769.304,TRACKING,2.589,0.400,0.004,-0.02,0.450,0.004,0.000,0.000,0.000,1.000,4.09,10.77567061,106.67091242,10.51,"10°46'32.41""N, 106°40'15.28""E",FIX,
14:39:29.374,1786174769.375,TRACKING,2.604,0.400,0.004,-0.02,0.450,0.004,0.000,0.000,0.000,1.000,4.10,10.77567061,106.67091283,10.51,"10°46'32.41""N, 106°40'15.29""E",FIX,
14:39:29.460,1786174769.460,TRACKING,2.612,0.400,0.004,-0.02,0.450,0.004,0.000,0.000,0.000,1.000,4.11,10.77567061,106.67091283,10.51,"10°46'32.41""N, 106°40'15.29""E",FIX,
14:39:29.540,1786174769.541,TRACKING,2.635,0.400,0.004,-0.02,0.450,0.004,0.000,0.000,0.000,1.000,4.13,10.77567061,106.67091283,10.51,"10°46'32.41""N, 106°40'15.29""E",FIX,
14:39:29.613,1786174769.613,TRACKING,2.650,0.400,0.005,-0.02,0.450,0.005,0.000,0.000,0.000,1.000,4.15,10.77567062,106.67091324,10.51,"10°46'32.41""N, 106°40'15.29""E",FIX,
14:39:29.676,1786174769.676,TRACKING,2.658,0.400,0.005,-0.02,0.450,0.005,0.000,0.000,0.000,1.000,4.16,10.77567062,106.67091324,10.51,"10°46'32.41""N, 106°40'15.29""E",FIX,
14:39:29.755,1786174769.755,TRACKING,2.681,0.400,0.005,-0.02,0.450,0.005,0.000,0.000,0.000,1.000,4.18,10.77567062,106.67091324,10.51,"10°46'32.41""N, 106°40'15.29""E",FIX,
14:39:29.811,1786174769.811,TRACKING,2.688,0.400,0.005,-0.02,0.450,0.005,0.000,0.000,0.000,1.000,4.19,10.77567062,106.67091324,10.51,"10°46'32.41""N, 106°40'15.29""E",FIX,
14:39:29.899,1786174769.900,TRACKING,2.711,0.400,0.005,-0.02,0.450,0.005,0.000,0.000,0.000,1.000,4.21,10.77567062,106.67091365,10.51,"10°46'32.41""N, 106°40'15.29""E",FIX,
14:39:29.965,1786174769.966,TRACKING,2.719,0.400,0.005,-0.02,0.450,0.014,0.000,0.000,0.000,1.000,4.22,10.77567062,106.67091365,10.51,"10°46'32.41""N, 106°40'15.29""E",FIX,
14:39:30.050,1786174770.051,TRACKING,2.734,0.400,0.006,-0.02,0.450,0.010,0.000,0.000,0.000,1.000,4.23,10.77567062,106.67091365,10.51,"10°46'32.41""N, 106°40'15.29""E",FIX,
14:39:30.110,1786174770.110,TRACKING,2.749,0.400,0.006,-0.02,0.450,0.010,0.000,0.000,0.000,0.417,4.25,10.77567062,106.67091406,10.51,"10°46'32.41""N, 106°40'15.29""E",FIX,
14:39:30.192,1786174770.192,TRACKING,2.765,0.400,0.006,-0.02,0.450,0.002,0.000,0.000,0.000,0.000,4.26,10.77567062,106.67091406,10.51,"10°46'32.41""N, 106°40'15.29""E",FIX,
14:39:30.250,1786174770.250,TRACKING,2.780,0.400,0.006,-0.02,0.450,-0.000,0.000,0.000,0.000,0.000,4.28,10.77567062,106.67091406,10.51,"10°46'32.41""N, 106°40'15.29""E",FIX,
14:39:30.329,1786174770.329,TRACKING,2.795,0.400,0.006,-0.02,0.450,0.001,0.000,0.000,0.000,0.000,4.30,10.77567062,106.67091448,10.51,"10°46'32.41""N, 106°40'15.29""E",FIX,
14:39:30.393,1786174770.393,TRACKING,2.811,0.400,0.006,-0.02,0.450,-0.000,0.000,0.000,0.000,0.000,4.31,10.77567062,106.67091448,10.51,"10°46'32.41""N, 106°40'15.29""E",FIX,
14:39:30.469,1786174770.469,TRACKING,2.826,0.401,0.006,-0.01,0.450,0.001,0.000,0.000,0.000,0.000,4.33,10.77567062,106.67091448,10.51,"10°46'32.41""N, 106°40'15.29""E",FIX,
14:39:30.555,1786174770.555,TRACKING,2.841,0.401,0.006,-0.01,0.450,0.001,0.000,0.000,0.000,0.000,4.34,10.77567062,106.67091489,10.51,"10°46'32.41""N, 106°40'15.29""E",FIX,
14:39:30.620,1786174770.620,TRACKING,2.857,0.401,0.006,-0.01,0.450,0.000,0.000,0.000,0.000,0.000,4.36,10.77567062,106.67091489,10.51,"10°46'32.41""N, 106°40'15.29""E",FIX,
14:39:30.704,1786174770.705,TRACKING,2.872,0.401,0.006,-0.01,0.450,0.001,0.000,0.000,0.000,0.000,4.37,10.77567062,106.67091489,10.51,"10°46'32.41""N, 106°40'15.29""E",FIX,
14:39:30.766,1786174770.767,TRACKING,2.887,0.401,0.007,-0.01,0.450,-0.000,0.000,0.000,0.000,0.000,4.39,10.77567062,106.67091530,10.51,"10°46'32.41""N, 106°40'15.30""E",FIX,
14:39:30.837,1786174770.838,TRACKING,2.895,0.401,0.007,-0.01,0.450,0.000,0.000,0.000,0.000,0.000,4.39,10.77567062,106.67091530,10.51,"10°46'32.41""N, 106°40'15.30""E",FIX,
14:39:30.908,1786174770.908,TRACKING,2.910,0.401,0.007,-0.01,0.450,0.000,0.000,0.000,0.000,0.000,4.41,10.77567062,106.67091530,10.51,"10°46'32.41""N, 106°40'15.30""E",FIX,
14:39:30.990,1786174770.991,TRACKING,2.933,0.401,0.007,-0.01,0.450,0.001,0.000,0.000,0.000,0.000,4.43,10.77567063,106.67091571,10.51,"10°46'32.41""N, 106°40'15.30""E",FIX,
14:39:31.067,1786174771.067,TRACKING,2.948,0.401,0.007,-0.01,0.450,0.000,0.000,0.000,0.000,0.000,4.45,10.77567063,106.67091571,10.51,"10°46'32.41""N, 106°40'15.30""E",FIX,
14:39:31.126,1786174771.127,TRACKING,2.956,0.401,0.007,-0.01,0.450,-0.000,0.000,0.000,0.000,0.000,4.46,10.77567063,106.67091571,10.51,"10°46'32.41""N, 106°40'15.30""E",FIX,
14:39:31.217,1786174771.217,TRACKING,2.979,0.401,0.007,-0.01,0.450,0.000,0.000,0.000,0.000,0.000,4.48,10.77567063,106.67091612,10.51,"10°46'32.41""N, 106°40'15.30""E",FIX,
14:39:31.274,1786174771.274,TRACKING,2.987,0.402,0.007,-0.00,0.450,-0.000,0.000,0.000,0.000,0.000,4.49,10.77567063,106.67091612,10.51,"10°46'32.41""N, 106°40'15.30""E",FIX,
14:39:31.357,1786174771.358,TRACKING,3.002,0.402,0.007,-0.00,0.450,0.000,0.000,0.000,0.000,0.000,4.50,10.77567063,106.67091612,10.51,"10°46'32.41""N, 106°40'15.30""E",FIX,
14:39:31.427,1786174771.428,TRACKING,3.017,0.402,0.007,-0.00,0.450,0.000,0.000,0.000,0.000,0.000,4.52,10.77567063,106.67091653,10.51,"10°46'32.41""N, 106°40'15.30""E",FIX,
14:39:31.508,1786174771.509,TRACKING,3.032,0.402,0.007,-0.00,0.450,0.000,0.000,0.000,0.000,0.000,4.53,10.77567063,106.67091653,10.51,"10°46'32.41""N, 106°40'15.30""E",FIX,
14:39:31.582,1786174771.583,TRACKING,3.048,0.402,0.007,-0.00,0.450,0.000,0.000,0.000,0.000,0.000,4.55,10.77567063,106.67091653,10.51,"10°46'32.41""N, 106°40'15.30""E",FIX,
14:39:31.658,1786174771.658,TRACKING,3.063,0.402,0.007,-0.00,0.450,0.000,0.000,0.000,0.000,0.000,4.56,10.77567063,106.67091694,10.51,"10°46'32.41""N, 106°40'15.30""E",FIX,
14:39:31.728,1786174771.728,TRACKING,3.078,0.402,0.007,-0.00,0.450,0.000,0.000,0.000,0.000,0.000,4.58,10.77567063,106.67091694,10.51,"10°46'32.41""N, 106°40'15.30""E",FIX,
14:39:31.802,1786174771.802,TRACKING,3.094,0.402,0.007,-0.00,0.450,0.000,0.000,0.000,0.000,0.000,4.59,10.77567063,106.67091694,10.51,"10°46'32.41""N, 106°40'15.30""E",FIX,
14:39:31.863,1786174771.863,TRACKING,3.101,0.402,0.007,-0.00,0.450,-0.000,0.000,0.000,0.000,0.000,4.60,10.77567064,106.67091736,10.51,"10°46'32.41""N, 106°40'15.30""E",FIX,
14:39:31.935,1786174771.936,TRACKING,3.117,0.402,0.007,-0.00,0.450,0.000,0.000,0.000,0.000,0.000,4.62,10.77567064,106.67091736,10.51,"10°46'32.41""N, 106°40'15.30""E",FIX,
14:39:32.017,1786174772.018,TRACKING,3.140,0.403,0.007,-0.00,0.450,0.000,0.000,0.000,0.000,0.000,4.64,10.77567064,106.67091736,10.51,"10°46'32.41""N, 106°40'15.30""E",FIX,
14:39:32.103,1786174772.104,TRACKING,3.155,0.403,0.007,-0.00,0.450,0.000,0.000,0.000,0.000,0.000,4.65,10.77567064,106.67091777,10.51,"10°46'32.41""N, 106°40'15.30""E",FIX,
14:39:32.158,1786174772.159,TRACKING,3.163,0.403,0.007,-0.00,0.450,-0.000,0.000,0.000,0.000,0.000,4.66,10.77567064,106.67091777,10.51,"10°46'32.41""N, 106°40'15.30""E",FIX,
14:39:32.229,1786174772.229,TRACKING,3.178,0.403,0.007,-0.00,0.450,0.000,0.000,0.000,0.000,0.000,4.68,10.77567064,106.67091777,10.51,"10°46'32.41""N, 106°40'15.30""E",FIX,
14:39:32.303,1786174772.304,TRACKING,3.193,0.403,0.007,-0.00,0.450,0.000,0.000,0.000,0.000,0.000,4.69,10.77567064,106.67091818,10.51,"10°46'32.41""N, 106°40'15.31""E",FIX,
14:39:32.392,1786174772.393,TRACKING,3.216,0.403,0.007,-0.00,0.450,0.000,0.000,0.000,0.000,0.000,4.72,10.77567064,106.67091818,10.51,"10°46'32.41""N, 106°40'15.31""E",FIX,
14:39:32.452,1786174772.452,TRACKING,3.224,0.403,0.007,-0.00,0.450,-0.000,0.000,0.000,0.000,0.000,4.72,10.77567064,106.67091818,10.51,"10°46'32.41""N, 106°40'15.31""E",FIX,
14:39:32.533,1786174772.534,TRACKING,3.239,0.403,0.007,-0.00,0.450,0.000,0.000,0.000,0.000,0.000,4.74,10.77567064,106.67091859,10.51,"10°46'32.41""N, 106°40'15.31""E",FIX,
14:39:32.624,1786174772.624,TRACKING,3.254,0.403,0.007,-0.00,0.450,0.000,0.000,0.000,0.000,0.000,4.75,10.77567064,106.67091859,10.51,"10°46'32.41""N, 106°40'15.31""E",FIX,
14:39:32.686,1786174772.686,TRACKING,3.270,0.403,0.007,-0.00,0.450,0.000,0.000,0.000,0.000,0.000,4.77,10.77567064,106.67091859,10.51,"10°46'32.41""N, 106°40'15.31""E",FIX,
14:39:32.761,1786174772.761,TRACKING,3.285,0.403,0.007,-0.00,0.450,0.000,0.000,0.000,0.000,0.000,4.78,10.77567065,106.67091900,10.51,"10°46'32.41""N, 106°40'15.31""E",FIX,
14:39:32.813,1786174772.813,TRACKING,3.300,0.404,0.007,-0.00,0.450,-0.000,0.000,0.000,0.000,0.000,4.80,10.77567065,106.67091900,10.51,"10°46'32.41""N, 106°40'15.31""E",FIX,
14:39:32.893,1786174772.894,TRACKING,3.316,0.404,0.007,-0.00,0.450,0.000,0.000,0.000,0.000,0.000,4.82,10.77567065,106.67091900,10.51,"10°46'32.41""N, 106°40'15.31""E",FIX,
14:39:32.962,1786174772.963,TRACKING,3.331,0.404,0.007,-0.00,0.450,0.000,0.000,0.000,0.000,0.000,4.83,10.77567065,106.67091941,10.51,"10°46'32.41""N, 106°40'15.31""E",FIX,
14:39:33.023,1786174773.023,TRACKING,3.346,0.404,0.007,-0.00,0.450,-0.000,0.000,0.000,0.000,0.000,4.85,10.77567065,106.67091941,10.51,"10°46'32.41""N, 106°40'15.31""E",FIX,
14:39:33.103,1786174773.103,TRACKING,3.361,0.404,0.007,-0.00,0.450,0.000,0.000,0.000,0.000,0.000,4.86,10.77567065,106.67091941,10.51,"10°46'32.41""N, 106°40'15.31""E",FIX,
14:39:33.167,1786174773.168,TRACKING,3.377,0.404,0.007,-0.00,0.450,-0.000,0.000,0.000,0.000,0.000,4.88,10.77567065,106.67091982,10.51,"10°46'32.41""N, 106°40'15.31""E",FIX,
14:39:33.248,1786174773.249,TRACKING,3.392,0.404,0.007,-0.00,0.450,0.000,0.000,0.000,0.000,0.000,4.89,10.77567065,106.67091982,10.51,"10°46'32.41""N, 106°40'15.31""E",FIX,
14:39:33.317,1786174773.317,TRACKING,3.407,0.404,0.007,-0.00,0.450,0.000,0.000,0.000,0.000,0.000,4.91,10.77567065,106.67091982,10.51,"10°46'32.41""N, 106°40'15.31""E",FIX,
14:39:33.383,1786174773.384,TRACKING,3.415,0.404,0.007,-0.00,0.450,-0.000,0.000,0.000,0.000,0.000,4.91,10.77567066,106.67092024,10.51,"10°46'32.41""N, 106°40'15.31""E",FIX,
14:39:33.456,1786174773.456,TRACKING,3.430,0.404,0.007,-0.00,0.450,0.000,0.000,0.000,0.000,0.000,4.93,10.77567066,106.67092024,10.51,"10°46'32.41""N, 106°40'15.31""E",FIX,
14:39:33.538,1786174773.539,TRACKING,3.453,0.405,0.007,-0.00,0.450,0.000,0.000,0.000,0.000,0.000,4.95,10.77567066,106.67092024,10.51,"10°46'32.41""N, 106°40'15.31""E",FIX,
14:39:33.608,1786174773.609,TRACKING,3.469,0.405,0.007,-0.00,0.450,0.000,0.000,0.000,0.000,0.000,4.97,10.77567066,106.67092065,10.51,"10°46'32.41""N, 106°40'15.31""E",FIX,
14:39:33.687,1786174773.687,TRACKING,3.484,0.405,0.007,-0.00,0.450,0.000,0.000,0.000,0.000,0.000,4.98,10.77567066,106.67092065,10.51,"10°46'32.41""N, 106°40'15.31""E",FIX,
14:39:33.753,1786174773.753,TRACKING,3.491,0.405,0.007,-0.00,0.450,0.000,0.000,0.000,0.000,0.000,4.99,10.77567066,106.67092065,10.51,"10°46'32.41""N, 106°40'15.31""E",FIX,
14:39:46.166,1786174786.167,UTURN_PLANNING,6.029,0.422,0.007,0.00,0.000,0.000,0.000,0.000,0.000,0.000,0.00,10.77567081,106.67094410,10.51,"10°46'32.41""N, 106°40'15.40""E",FIX,
14:39:46.177,1786174786.178,PATH_FOLLOWING,6.029,0.422,0.007,88.68,0.020,-1.500,0.000,0.000,0.000,0.000,0.00,10.77567081,106.67094410,10.51,"10°46'32.41""N, 106°40'15.40""E",FIX,
14:39:46.186,1786174786.187,PATH_FOLLOWING,6.029,0.422,0.007,88.68,0.020,-1.500,0.000,0.000,0.000,0.000,0.00,10.77567081,106.67094413,10.51,"10°46'32.41""N, 106°40'15.40""E",FIX,
14:39:46.195,1786174786.196,PATH_FOLLOWING,6.029,0.422,0.007,88.68,0.020,-1.500,0.000,0.000,0.000,0.000,0.00,10.77567081,106.67094413,10.51,"10°46'32.41""N, 106°40'15.40""E",FIX,
14:39:46.204,1786174786.204,PATH_FOLLOWING,6.029,0.422,0.007,88.68,0.020,-1.500,0.000,0.000,0.000,0.000,0.00,10.77567081,106.67094413,10.51,"10°46'32.41""N, 106°40'15.40""E",FIX,
14:39:46.222,1786174786.222,PATH_FOLLOWING,6.029,0.422,-0.001,88.68,0.020,-1.500,0.000,0.000,0.000,0.000,0.00,10.77567081,106.67094413,10.51,"10°46'32.41""N, 106°40'15.40""E",FIX,
14:39:46.304,1786174786.304,PATH_FOLLOWING,6.030,0.422,-0.048,88.68,0.020,-1.500,0.000,0.000,0.000,0.000,0.00,10.77567081,106.67094413,10.51,"10°46'32.41""N, 106°40'15.40""E",FIX,
14:39:46.370,1786174786.370,PATH_FOLLOWING,6.031,0.423,-0.097,88.68,0.020,-1.500,0.000,0.000,0.000,0.000,0.00,10.77567081,106.67094413,10.51,"10°46'32.41""N, 106°40'15.40""E",FIX,
14:39:46.437,1786174786.438,PATH_FOLLOWING,6.031,0.424,-0.123,88.68,0.020,-1.500,0.000,0.000,0.000,0.000,0.00,10.77567081,106.67094413,10.51,"10°46'32.41""N, 106°40'15.40""E",FIX,
14:39:46.510,1786174786.511,PATH_FOLLOWING,6.032,0.425,-0.173,88.68,0.020,-1.500,0.000,0.000,0.000,0.000,0.00,10.77567084,106.67094415,10.51,"10°46'32.42""N, 106°40'15.40""E",FIX,
14:39:46.590,1786174786.591,PATH_FOLLOWING,6.033,0.427,-0.221,88.68,0.020,-1.500,0.000,0.000,0.000,0.000,0.00,10.77567084,106.67094415,10.51,"10°46'32.42""N, 106°40'15.40""E",FIX,
14:39:46.658,1786174786.659,PATH_FOLLOWING,6.033,0.429,-0.268,88.68,0.020,-1.500,0.000,0.000,0.000,0.000,0.00,10.77567084,106.67094415,10.51,"10°46'32.42""N, 106°40'15.40""E",FIX,
14:39:46.728,1786174786.728,PATH_FOLLOWING,6.034,0.431,-0.314,88.68,0.020,-1.500,0.000,0.000,0.000,0.000,0.00,10.77567090,106.67094417,10.51,"10°46'32.42""N, 106°40'15.40""E",FIX,
14:39:46.816,1786174786.817,PATH_FOLLOWING,6.035,0.436,-0.380,88.68,0.020,-1.500,0.000,0.000,0.000,0.000,0.00,10.77567090,106.67094417,10.51,"10°46'32.42""N, 106°40'15.40""E",FIX,
14:39:46.881,1786174786.881,PATH_FOLLOWING,6.035,0.437,-0.401,88.68,0.020,-1.500,0.000,0.000,0.000,0.000,0.00,10.77567090,106.67094417,10.51,"10°46'32.42""N, 106°40'15.40""E",FIX,
14:39:46.959,1786174786.960,PATH_FOLLOWING,6.036,0.443,-0.463,88.68,0.020,-1.500,0.000,0.000,0.000,0.000,0.00,10.77567098,106.67094419,10.51,"10°46'32.42""N, 106°40'15.40""E",FIX,
14:39:47.022,1786174787.023,PATH_FOLLOWING,6.036,0.445,-0.483,88.68,0.020,-1.500,0.000,0.000,0.000,0.000,0.00,10.77567098,106.67094419,10.51,"10°46'32.42""N, 106°40'15.40""E",FIX,
14:39:47.098,1786174787.099,PATH_FOLLOWING,6.037,0.449,-0.523,88.68,0.020,-1.500,0.000,0.000,0.000,0.000,0.00,10.77567098,106.67094419,10.51,"10°46'32.42""N, 106°40'15.40""E",FIX,
14:39:47.168,1786174787.169,PATH_FOLLOWING,6.038,0.453,-0.561,88.68,0.020,-1.500,0.000,0.000,0.000,0.000,0.00,10.77567109,106.67094420,10.51,"10°46'32.42""N, 106°40'15.40""E",FIX,
14:39:47.230,1786174787.231,PATH_FOLLOWING,6.038,0.456,-0.598,88.68,0.020,-1.500,0.000,0.000,0.000,0.000,0.00,10.77567109,106.67094420,10.51,"10°46'32.42""N, 106°40'15.40""E",FIX,
14:39:47.311,1786174787.311,PATH_FOLLOWING,6.039,0.459,-0.635,88.68,0.020,-1.500,0.000,0.000,0.000,0.000,0.00,10.77567109,106.67094420,10.51,"10°46'32.42""N, 106°40'15.40""E",FIX,
14:39:47.382,1786174787.383,PATH_FOLLOWING,6.039,0.461,-0.670,88.68,0.020,-1.500,0.000,0.000,0.000,0.000,0.00,10.77567116,106.67094422,10.51,"10°46'32.42""N, 106°40'15.40""E",FIX,
14:39:47.455,1786174787.456,PATH_FOLLOWING,6.040,0.462,-0.705,88.68,0.020,-1.500,0.000,0.000,0.000,0.000,0.00,10.77567116,106.67094422,10.51,"10°46'32.42""N, 106°40'15.40""E",FIX,
14:39:47.523,1786174787.524,PATH_FOLLOWING,6.040,0.463,-0.738,88.68,0.020,-1.500,0.000,0.000,0.000,0.000,0.00,10.77567116,106.67094422,10.51,"10°46'32.42""N, 106°40'15.40""E",FIX,
14:39:47.584,1786174787.585,PATH_FOLLOWING,6.041,0.463,-0.771,88.68,0.020,-1.500,0.000,0.000,0.000,0.000,0.00,10.77567118,106.67094423,10.51,"10°46'32.42""N, 106°40'15.40""E",FIX,
14:39:47.663,1786174787.663,PATH_FOLLOWING,6.041,0.462,-0.803,88.68,0.020,-1.500,0.000,0.000,0.000,0.000,0.00,10.77567118,106.67094423,10.51,"10°46'32.42""N, 106°40'15.40""E",FIX,
14:39:47.721,1786174787.722,PATH_FOLLOWING,6.041,0.462,-0.818,88.68,0.020,-1.500,0.000,0.000,0.000,0.000,0.00,10.77567118,106.67094423,10.51,"10°46'32.42""N, 106°40'15.40""E",FIX,
14:39:47.800,1786174787.801,PATH_FOLLOWING,6.042,0.461,-0.864,88.42,0.024,-1.500,0.000,0.000,0.000,0.000,0.00,10.77567117,106.67094424,10.51,"10°46'32.42""N, 106°40'15.40""E",FIX,
14:39:47.885,1786174787.885,PATH_FOLLOWING,6.043,0.461,-0.893,88.13,0.028,-1.500,0.000,0.000,0.000,0.000,0.00,10.77567117,106.67094424,10.51,"10°46'32.42""N, 106°40'15.40""E",FIX,
14:39:47.948,1786174787.948,PATH_FOLLOWING,6.043,0.461,-0.907,87.98,0.031,-1.500,0.000,0.000,0.000,0.000,0.00,10.77567117,106.67094424,10.51,"10°46'32.42""N, 106°40'15.40""E",FIX,
14:39:48.024,1786174788.025,PATH_FOLLOWING,6.044,0.460,-0.935,87.68,0.035,-1.500,0.000,0.000,0.000,0.000,0.00,10.77567116,106.67094426,10.51,"10°46'32.42""N, 106°40'15.40""E",FIX,
14:39:48.094,1786174788.094,PATH_FOLLOWING,6.044,0.460,-0.962,87.37,0.040,-1.500,0.000,0.000,0.000,0.000,0.00,10.77567116,106.67094426,10.51,"10°46'32.42""N, 106°40'15.40""E",FIX,
14:39:48.164,1786174788.164,PATH_FOLLOWING,6.045,0.459,-0.989,87.05,0.045,-1.500,0.000,0.000,0.000,0.000,0.00,10.77567116,106.67094426,10.51,"10°46'32.42""N, 106°40'15.40""E",FIX,
14:39:48.241,1786174788.242,PATH_FOLLOWING,6.046,0.459,-1.014,86.74,0.050,-1.500,0.000,0.000,0.000,0.000,0.00,10.77567115,106.67094428,10.51,"10°46'32.42""N, 106°40'15.40""E",FIX,
14:39:48.316,1786174788.317,PATH_FOLLOWING,6.046,0.458,-1.039,86.42,0.054,-1.500,0.000,0.000,0.000,0.000,0.00,10.77567115,106.67094428,10.51,"10°46'32.42""N, 106°40'15.40""E",FIX,
14:39:48.375,1786174788.376,PATH_FOLLOWING,6.047,0.457,-1.063,86.10,0.059,-1.500,0.000,0.000,0.000,0.000,0.00,10.77567115,106.67094428,10.51,"10°46'32.42""N, 106°40'15.40""E",FIX,
14:39:48.468,1786174788.468,PATH_FOLLOWING,6.048,0.457,-1.087,85.79,0.064,-1.500,0.000,0.000,0.000,0.000,0.00,10.77567113,106.67094430,10.51,"10°46'32.42""N, 106°40'15.40""E",FIX,
14:39:48.542,1786174788.543,PATH_FOLLOWING,6.049,0.456,-1.109,85.48,0.069,-1.500,0.000,0.000,0.000,0.000,0.00,10.77567113,106.67094430,10.51,"10°46'32.42""N, 106°40'15.40""E",FIX,
14:39:48.617,1786174788.618,PATH_FOLLOWING,6.050,0.456,-1.131,85.18,0.073,-1.500,0.000,0.000,0.000,0.000,0.00,10.77567113,106.67094430,10.51,"10°46'32.42""N, 106°40'15.40""E",FIX,
14:39:48.692,1786174788.692,PATH_FOLLOWING,6.051,0.455,-1.152,84.88,0.078,-1.500,0.000,0.000,0.000,0.000,0.00,10.77567112,106.67094433,10.51,"10°46'32.42""N, 106°40'15.40""E",FIX,
14:39:48.768,1786174788.768,PATH_FOLLOWING,6.052,0.455,-1.172,84.59,0.082,-1.500,0.000,0.000,0.000,0.000,0.00,10.77567112,106.67094433,10.51,"10°46'32.42""N, 106°40'15.40""E",FIX,
14:39:48.834,1786174788.834,PATH_FOLLOWING,6.053,0.454,-1.192,84.30,0.087,-1.500,0.000,0.000,0.000,0.000,0.00,10.77567112,106.67094433,10.51,"10°46'32.42""N, 106°40'15.40""E",FIX,
14:39:48.898,1786174788.899,PATH_FOLLOWING,6.054,0.454,-1.211,84.02,0.091,-1.500,0.000,0.000,0.000,0.000,0.00,10.77567110,106.67094436,10.51,"10°46'32.42""N, 106°40'15.40""E",FIX,
14:39:48.982,1786174788.983,PATH_FOLLOWING,6.055,0.453,-1.220,83.89,0.093,-1.500,0.000,0.000,0.000,0.000,0.00,10.77567110,106.67094436,10.51,"10°46'32.42""N, 106°40'15.40""E",FIX,
14:39:49.048,1786174789.049,PATH_FOLLOWING,6.056,0.452,-1.247,83.50,0.099,-1.500,0.000,0.000,0.000,0.000,0.00,10.77567110,106.67094436,10.51,"10°46'32.42""N, 106°40'15.40""E",FIX,
14:39:49.119,1786174789.119,PATH_FOLLOWING,6.057,0.452,-1.255,83.37,0.101,-1.500,0.000,0.000,0.000,0.000,0.00,10.77567109,106.67094438,10.51,"10°46'32.42""N, 106°40'15.40""E",FIX,
14:39:49.195,1786174789.195,PATH_FOLLOWING,6.058,0.451,-1.280,83.01,0.107,-1.500,0.000,0.000,0.000,0.000,0.00,10.77567109,106.67094438,10.51,"10°46'32.42""N, 106°40'15.40""E",FIX,
14:39:49.262,1786174789.263,PATH_FOLLOWING,6.059,0.451,-1.295,82.78,0.110,-1.500,0.000,0.000,0.000,0.000,0.00,10.77567109,106.67094438,10.51,"10°46'32.42""N, 106°40'15.40""E",FIX,
14:39:49.325,1786174789.326,PATH_FOLLOWING,6.060,0.450,-1.303,82.67,0.112,-1.500,0.000,0.000,0.000,0.000,0.00,10.77567107,106.67094441,10.51,"10°46'32.42""N, 106°40'15.40""E",FIX,
14:39:49.408,1786174789.408,PATH_FOLLOWING,6.061,0.450,-1.317,82.45,0.115,-1.500,0.000,0.000,0.000,0.000,0.00,10.77567107,106.67094441,10.51,"10°46'32.42""N, 106°40'15.40""E",FIX,
14:39:49.478,1786174789.478,PATH_FOLLOWING,6.062,0.449,-1.331,82.24,0.119,-1.500,0.000,0.000,0.000,0.000,0.00,10.77567107,106.67094441,10.51,"10°46'32.42""N, 106°40'15.40""E",FIX,
14:39:49.556,1786174789.556,PATH_FOLLOWING,6.063,0.448,-1.345,82.05,0.122,-1.500,0.000,0.000,0.000,0.000,0.00,10.77567105,106.67094444,10.51,"10°46'32.42""N, 106°40'15.40""E",FIX,
14:39:49.623,1786174789.624,PATH_FOLLOWING,6.064,0.448,-1.357,81.86,0.124,-1.500,0.000,0.000,0.000,0.000,0.00,10.77567105,106.67094444,10.51,"10°46'32.42""N, 106°40'15.40""E",FIX,
14:39:49.703,1786174789.704,PATH_FOLLOWING,6.065,0.447,-1.370,81.68,0.127,-1.500,0.000,0.000,0.000,0.000,0.00,10.77567105,106.67094444,10.51,"10°46'32.42""N, 106°40'15.40""E",FIX,
14:39:49.779,1786174789.779,PATH_FOLLOWING,6.065,0.447,-1.381,81.51,0.130,-1.500,0.000,0.000,0.000,0.000,0.00,10.77567104,106.67094446,10.51,"10°46'32.42""N, 106°40'15.40""E",FIX,
14:39:49.850,1786174789.851,PATH_FOLLOWING,6.066,0.446,-1.392,81.35,0.132,-1.500,0.000,0.000,0.000,0.000,0.00,10.77567104,106.67094446,10.51,"10°46'32.42""N, 106°40'15.40""E",FIX,
14:39:49.916,1786174789.917,PATH_FOLLOWING,6.067,0.445,-1.403,81.19,0.135,-1.500,0.000,0.000,0.000,0.000,0.00,10.77567104,106.67094446,10.51,"10°46'32.42""N, 106°40'15.40""E",FIX,
14:39:49.990,1786174789.991,PATH_FOLLOWING,6.068,0.445,-1.413,81.05,0.137,-1.500,0.000,0.000,0.000,0.000,0.00,10.77567102,106.67094448,10.51,"10°46'32.42""N, 106°40'15.40""E",FIX,
14:39:50.059,1786174790.059,PATH_FOLLOWING,6.068,0.444,-1.422,80.91,0.139,-1.500,0.000,0.000,0.000,0.000,0.00,10.77567102,106.67094448,10.51,"10°46'32.42""N, 106°40'15.40""E",FIX,
14:39:50.137,1786174790.137,PATH_FOLLOWING,6.069,0.444,-1.431,80.78,0.141,-1.500,0.000,0.000,0.000,0.000,0.00,10.77567102,106.67094448,10.51,"10°46'32.42""N, 106°40'15.40""E",FIX,
14:39:50.210,1786174790.210,PATH_FOLLOWING,6.070,0.443,-1.440,80.66,0.143,-1.500,0.000,0.000,0.000,0.000,0.00,10.77567100,106.67094450,10.51,"10°46'32.42""N, 106°40'15.40""E",FIX,
14:39:50.293,1786174790.294,PATH_FOLLOWING,6.070,0.442,-1.448,80.55,0.145,-1.500,0.000,0.000,0.000,0.000,0.00,10.77567100,106.67094450,10.51,"10°46'32.42""N, 106°40'15.40""E",FIX,
14:39:50.354,1786174790.355,PATH_FOLLOWING,6.071,0.442,-1.455,80.44,0.147,-1.500,0.000,0.000,0.000,0.000,0.00,10.77567100,106.67094450,10.51,"10°46'32.42""N, 106°40'15.40""E",FIX,
14:39:50.423,1786174790.423,PATH_FOLLOWING,6.071,0.441,-1.459,80.39,0.147,-1.500,0.000,0.000,0.000,0.000,0.00,10.77567100,106.67094450,10.51,"10°46'32.42""N, 106°40'15.40""E",FIX,
14:39:50.493,1786174790.493,PATH_FOLLOWING,6.072,0.441,-1.466,80.29,0.149,-1.500,0.000,0.000,0.000,0.000,0.00,10.77567099,106.67094451,10.51,"10°46'32.42""N, 106°40'15.40""E",FIX,
14:39:50.574,1786174790.574,PATH_FOLLOWING,6.072,0.440,-1.476,80.16,0.151,-1.500,0.000,0.000,0.000,0.000,0.00,10.77567099,106.67094451,10.51,"10°46'32.42""N, 106°40'15.40""E",FIX,
14:39:50.643,1786174790.643,PATH_FOLLOWING,6.073,0.440,-1.479,80.11,0.152,-1.500,0.000,0.000,0.000,0.000,0.00,10.77567097,106.67094453,10.51,"10°46'32.42""N, 106°40'15.40""E",FIX,
14:39:50.704,1786174790.704,PATH_FOLLOWING,6.073,0.439,-1.485,80.03,0.153,-1.500,0.000,0.000,0.000,0.000,0.00,10.77567097,106.67094453,10.51,"10°46'32.42""N, 106°40'15.40""E",FIX,
14:39:50.792,1786174790.793,PATH_FOLLOWING,6.074,0.438,-1.490,79.96,0.154,-1.500,0.000,0.000,0.000,0.000,0.00,10.77567097,106.67094453,10.51,"10°46'32.42""N, 106°40'15.40""E",FIX,
14:39:50.849,1786174790.850,PATH_FOLLOWING,6.074,0.438,-1.496,79.89,0.155,-1.500,0.000,0.000,0.000,0.000,0.00,10.77567097,106.67094453,10.51,"10°46'32.42""N, 106°40'15.40""E",FIX,
14:39:50.915,1786174790.915,PATH_FOLLOWING,6.074,0.437,-1.501,79.82,0.156,-1.500,0.000,0.000,0.000,0.000,0.00,10.77567096,106.67094454,10.51,"10°46'32.42""N, 106°40'15.40""E",FIX,
14:39:50.985,1786174790.985,PATH_FOLLOWING,6.075,0.436,-1.505,79.76,0.157,-1.500,0.000,0.000,0.000,0.000,0.00,10.77567096,106.67094454,10.51,"10°46'32.42""N, 106°40'15.40""E",FIX,
14:39:51.075,1786174791.076,PATH_FOLLOWING,6.075,0.436,-1.510,79.71,0.158,-1.500,0.000,0.000,0.000,0.000,0.00,10.77567094,106.67094455,10.51,"10°46'32.42""N, 106°40'15.40""E",FIX,
14:39:51.134,1786174791.135,PATH_FOLLOWING,6.075,0.435,-1.514,79.65,0.159,-1.500,0.000,0.000,0.000,0.000,0.00,10.77567094,106.67094455,10.51,"10°46'32.42""N, 106°40'15.40""E",FIX,
14:39:51.210,1786174791.211,PATH_FOLLOWING,6.076,0.435,-1.517,79.60,0.160,-1.500,0.000,0.000,0.000,0.000,0.00,10.77567094,106.67094455,10.51,"10°46'32.42""N, 106°40'15.40""E",FIX,
14:39:51.282,1786174791.283,PATH_FOLLOWING,6.076,0.434,-1.521,79.56,0.160,-1.500,0.000,0.000,0.000,0.000,0.00,10.77567092,106.67094456,10.51,"10°46'32.42""N, 106°40'15.40""E",FIX,
14:39:51.349,1786174791.350,PATH_FOLLOWING,6.076,0.433,-1.524,79.52,0.161,-1.500,0.000,0.000,0.000,0.000,0.00,10.77567092,106.67094456,10.51,"10°46'32.42""N, 106°40'15.40""E",FIX,
14:39:51.409,1786174791.409,PATH_FOLLOWING,6.076,0.433,-1.526,79.50,0.161,-1.500,0.000,0.000,0.000,0.000,0.00,10.77567092,106.67094456,10.51,"10°46'32.42""N, 106°40'15.40""E",FIX,
14:39:51.479,1786174791.479,PATH_FOLLOWING,6.077,0.432,-1.529,79.46,0.162,-1.500,0.000,0.000,0.000,0.000,0.00,10.77567092,106.67094456,10.51,"10°46'32.42""N, 106°40'15.40""E",FIX,
14:39:51.547,1786174791.548,PATH_FOLLOWING,6.077,0.432,-1.532,79.42,0.162,-1.500,0.000,0.000,0.000,0.000,0.00,10.77567091,106.67094456,10.51,"10°46'32.42""N, 106°40'15.40""E",FIX,
14:39:51.634,1786174791.634,PATH_FOLLOWING,6.077,0.431,-1.534,79.39,0.163,-1.500,0.000,0.000,0.000,0.000,0.00,10.77567091,106.67094456,10.51,"10°46'32.42""N, 106°40'15.40""E",FIX,
14:39:51.718,1786174791.719,PATH_FOLLOWING,6.077,0.430,-1.538,79.35,0.164,-1.500,0.000,0.000,0.000,0.000,0.00,10.77567089,106.67094457,10.51,"10°46'32.42""N, 106°40'15.40""E",FIX,
14:39:51.777,1786174791.778,PATH_FOLLOWING,6.077,0.430,-1.539,79.34,0.164,-1.500,0.000,0.000,0.000,0.000,0.00,10.77567089,106.67094457,10.51,"10°46'32.42""N, 106°40'15.40""E",FIX,
14:39:51.857,1786174791.858,PATH_FOLLOWING,6.078,0.429,-1.541,79.31,0.164,-1.500,0.000,0.000,0.000,0.000,0.00,10.77567089,106.67094457,10.51,"10°46'32.42""N, 106°40'15.40""E",FIX,
14:39:51.926,1786174791.926,PATH_FOLLOWING,6.078,0.429,-1.543,79.29,0.165,-1.500,0.000,0.000,0.000,0.000,0.00,10.77567089,106.67094457,10.51,"10°46'32.42""N, 106°40'15.40""E",FIX,
14:39:51.988,1786174791.988,PATH_FOLLOWING,6.078,0.428,-1.545,79.27,0.165,-1.500,0.000,0.000,0.000,0.000,0.00,10.77567087,106.67094457,10.51,"10°46'32.42""N, 106°40'15.40""E",FIX,
14:39:52.064,1786174792.064,PATH_FOLLOWING,6.078,0.427,-1.547,79.25,0.165,-1.500,0.000,0.000,0.000,0.000,0.00,10.77567087,106.67094457,10.51,"10°46'32.42""N, 106°40'15.40""E",FIX,
14:39:52.151,1786174792.151,PATH_FOLLOWING,6.078,0.427,-1.549,79.23,0.165,-1.500,0.000,0.000,0.000,0.000,0.00,10.77567087,106.67094457,10.51,"10°46'32.42""N, 106°40'15.40""E",FIX,
14:39:52.211,1786174792.211,PATH_FOLLOWING,6.078,0.426,-1.550,79.21,0.166,-1.500,0.000,0.000,0.000,0.000,0.00,10.77567086,106.67094458,10.51,"10°46'32.42""N, 106°40'15.40""E",FIX,
14:39:52.301,1786174792.301,PATH_FOLLOWING,6.078,0.426,-1.552,79.20,0.166,-1.500,0.000,0.000,0.000,0.000,0.00,10.77567086,106.67094458,10.51,"10°46'32.42""N, 106°40'15.40""E",FIX,
14:39:52.366,1786174792.367,PATH_FOLLOWING,6.079,0.425,-1.553,79.19,0.166,-1.500,0.000,0.000,0.000,0.000,0.00,10.77567086,106.67094458,10.51,"10°46'32.42""N, 106°40'15.40""E",FIX,
14:39:52.427,1786174792.428,PATH_FOLLOWING,6.079,0.424,-1.554,79.17,0.166,-1.500,0.000,0.000,0.000,0.000,0.00,10.77567084,106.67094458,10.51,"10°46'32.42""N, 106°40'15.40""E",FIX,
14:39:52.505,1786174792.506,PATH_FOLLOWING,6.079,0.424,-1.555,79.16,0.167,-1.500,0.000,0.000,0.000,0.000,0.00,10.77567084,106.67094458,10.51,"10°46'32.42""N, 106°40'15.40""E",FIX,
14:39:52.576,1786174792.576,PATH_FOLLOWING,6.079,0.423,-1.556,79.15,0.167,-1.500,0.000,0.000,0.000,0.000,0.00,10.77567084,106.67094458,10.51,"10°46'32.42""N, 106°40'15.40""E",FIX,
14:39:52.655,1786174792.656,PATH_FOLLOWING,6.079,0.423,-1.557,79.15,0.167,-1.500,0.000,0.000,0.000,0.000,0.00,10.77567082,106.67094458,10.51,"10°46'32.41""N, 106°40'15.40""E",FIX,
14:39:52.734,1786174792.734,PATH_FOLLOWING,6.079,0.422,-1.558,79.14,0.167,-1.500,0.000,0.000,0.000,0.000,0.00,10.77567082,106.67094458,10.51,"10°46'32.41""N, 106°40'15.40""E",FIX,
14:39:52.815,1786174792.816,PATH_FOLLOWING,6.079,0.421,-1.559,79.13,0.167,-1.500,0.000,0.000,0.000,0.000,0.00,10.77567082,106.67094458,10.51,"10°46'32.41""N, 106°40'15.40""E",FIX,
14:39:52.886,1786174792.886,PATH_FOLLOWING,6.079,0.421,-1.560,79.13,0.167,-1.500,0.000,0.000,0.000,0.000,0.00,10.77567081,106.67094458,10.51,"10°46'32.41""N, 106°40'15.40""E",FIX,
14:39:52.962,1786174792.962,PATH_FOLLOWING,6.079,0.420,-1.560,79.12,0.167,-1.500,0.000,0.000,0.000,0.000,0.00,10.77567081,106.67094458,10.51,"10°46'32.41""N, 106°40'15.40""E",FIX,
14:39:53.046,1786174793.046,PATH_FOLLOWING,6.079,0.420,-1.561,79.12,0.167,-1.500,0.000,0.000,0.000,0.000,0.00,10.77567081,106.67094458,10.51,"10°46'32.41""N, 106°40'15.40""E",FIX,
14:39:53.124,1786174793.125,PATH_FOLLOWING,6.079,0.419,-1.562,79.11,0.167,-1.500,0.000,0.000,0.000,0.000,0.00,10.77567079,106.67094458,10.51,"10°46'32.41""N, 106°40'15.40""E",FIX,
14:39:53.192,1786174793.193,PATH_FOLLOWING,6.079,0.418,-1.562,79.11,0.167,-1.500,0.000,0.000,0.000,0.000,0.00,10.77567079,106.67094458,10.51,"10°46'32.41""N, 106°40'15.40""E",FIX,
14:39:53.259,1786174793.259,PATH_FOLLOWING,6.079,0.418,-1.563,79.11,0.167,-1.500,0.000,0.000,0.000,0.000,0.00,10.77567079,106.67094458,10.51,"10°46'32.41""N, 106°40'15.40""E",FIX,
14:39:53.336,1786174793.337,PATH_FOLLOWING,6.079,0.417,-1.564,79.11,0.167,-1.500,0.000,0.000,0.000,0.000,0.00,10.77567077,106.67094459,10.51,"10°46'32.41""N, 106°40'15.40""E",FIX,
14:39:53.402,1786174793.402,PATH_FOLLOWING,6.079,0.416,-1.564,79.10,0.167,-1.500,0.000,0.000,0.000,0.000,0.00,10.77567077,106.67094459,10.51,"10°46'32.41""N, 106°40'15.40""E",FIX,
14:39:53.471,1786174793.471,PATH_FOLLOWING,6.079,0.416,-1.565,79.10,0.167,-1.500,0.000,0.000,0.000,0.000,0.00,10.77567077,106.67094459,10.51,"10°46'32.41""N, 106°40'15.40""E",FIX,
14:39:53.542,1786174793.543,PATH_FOLLOWING,6.079,0.415,-1.565,79.10,0.167,-1.500,0.000,0.000,0.000,0.000,0.00,10.77567076,106.67094459,10.51,"10°46'32.41""N, 106°40'15.40""E",FIX,
14:39:53.632,1786174793.632,PATH_FOLLOWING,6.080,0.415,-1.565,79.10,0.168,-1.500,0.000,0.000,0.000,0.000,0.00,10.77567076,106.67094459,10.51,"10°46'32.41""N, 106°40'15.40""E",FIX,
14:39:53.705,1786174793.705,PATH_FOLLOWING,6.080,0.414,-1.566,79.10,0.167,-1.500,0.000,0.000,0.000,0.000,0.00,10.77567076,106.67094459,10.51,"10°46'32.41""N, 106°40'15.40""E",FIX,
14:39:53.778,1786174793.778,PATH_FOLLOWING,6.080,0.413,-1.566,79.10,0.167,-1.500,0.000,0.000,0.000,0.000,0.00,10.77567074,106.67094459,10.51,"10°46'32.41""N, 106°40'15.40""E",FIX,
14:39:53.848,1786174793.848,PATH_FOLLOWING,6.080,0.413,-1.566,79.10,0.167,-1.500,0.000,0.000,0.000,0.000,0.00,10.77567074,106.67094459,10.51,"10°46'32.41""N, 106°40'15.40""E",FIX,
14:39:53.912,1786174793.912,PATH_FOLLOWING,6.080,0.412,-1.567,79.10,0.167,-1.500,0.000,0.000,0.000,0.000,0.00,10.77567074,106.67094459,10.51,"10°46'32.41""N, 106°40'15.40""E",FIX,
14:39:53.983,1786174793.984,PATH_FOLLOWING,6.080,0.412,-1.567,79.11,0.167,-1.500,0.000,0.000,0.000,0.000,0.00,10.77567072,106.67094459,10.51,"10°46'32.41""N, 106°40'15.40""E",FIX,
14:39:54.070,1786174794.070,PATH_FOLLOWING,6.080,0.411,-1.567,79.11,0.167,-1.500,0.000,0.000,0.000,0.000,0.00,10.77567072,106.67094459,10.51,"10°46'32.41""N, 106°40'15.40""E",FIX,
14:39:54.126,1786174794.127,PATH_FOLLOWING,6.080,0.411,-1.567,79.11,0.167,-1.500,0.000,0.000,0.000,0.000,0.00,10.77567072,106.67094459,10.51,"10°46'32.41""N, 106°40'15.40""E",FIX,
14:39:54.201,1786174794.202,PATH_FOLLOWING,6.080,0.410,-1.568,79.11,0.167,-1.500,0.000,0.000,0.000,0.000,0.00,10.77567071,106.67094459,10.51,"10°46'32.41""N, 106°40'15.40""E",FIX,
14:39:54.273,1786174794.274,PATH_FOLLOWING,6.080,0.409,-1.568,79.11,0.167,-1.500,0.000,0.000,0.000,0.000,0.00,10.77567071,106.67094459,10.51,"10°46'32.41""N, 106°40'15.40""E",FIX,
14:39:54.350,1786174794.351,PATH_FOLLOWING,6.080,0.409,-1.568,79.12,0.167,-1.500,0.000,0.000,0.000,0.000,0.00,10.77567071,106.67094459,10.51,"10°46'32.41""N, 106°40'15.40""E",FIX,
14:39:54.410,1786174794.410,PATH_FOLLOWING,6.080,0.408,-1.568,79.12,0.167,-1.500,0.000,0.000,0.000,0.000,0.00,10.77567069,106.67094459,10.51,"10°46'32.41""N, 106°40'15.40""E",FIX,
14:39:54.485,1786174794.485,PATH_FOLLOWING,6.080,0.407,-1.568,79.12,0.167,-1.500,0.000,0.000,0.000,0.000,0.00,10.77567069,106.67094459,10.51,"10°46'32.41""N, 106°40'15.40""E",FIX,
14:39:54.569,1786174794.569,PATH_FOLLOWING,6.080,0.407,-1.569,79.13,0.167,-1.500,0.000,0.000,0.000,0.000,0.00,10.77567069,106.67094459,10.51,"10°46'32.41""N, 106°40'15.40""E",FIX,
14:39:54.633,1786174794.634,PATH_FOLLOWING,6.080,0.406,-1.569,79.13,0.167,-1.500,0.000,0.000,0.000,0.000,0.00,10.77567067,106.67094459,10.51,"10°46'32.41""N, 106°40'15.40""E",FIX,
14:39:54.693,1786174794.694,PATH_FOLLOWING,6.080,0.406,-1.569,79.13,0.167,-1.500,0.000,0.000,0.000,0.000,0.00,10.77567067,106.67094459,10.51,"10°46'32.41""N, 106°40'15.40""E",FIX,
14:39:54.772,1786174794.773,PATH_FOLLOWING,6.080,0.405,-1.569,79.14,0.167,-1.500,0.000,0.000,0.000,0.000,0.00,10.77567067,106.67094459,10.51,"10°46'32.41""N, 106°40'15.40""E",FIX,
14:39:54.849,1786174794.849,PATH_FOLLOWING,6.080,0.404,-1.569,79.14,0.167,-1.500,0.000,0.000,0.000,0.000,0.00,10.77567066,106.67094459,10.51,"10°46'32.41""N, 106°40'15.40""E",FIX,
14:39:54.922,1786174794.922,PATH_FOLLOWING,6.080,0.404,-1.569,79.15,0.167,-1.500,0.000,0.000,0.000,0.000,0.00,10.77567066,106.67094459,10.51,"10°46'32.41""N, 106°40'15.40""E",FIX,
14:39:54.988,1786174794.988,PATH_FOLLOWING,6.080,0.403,-1.569,79.15,0.167,-1.500,0.000,0.000,0.000,0.000,0.00,10.77567066,106.67094459,10.51,"10°46'32.41""N, 106°40'15.40""E",FIX,
14:39:55.058,1786174795.058,PATH_FOLLOWING,6.080,0.402,-1.570,79.15,0.167,-1.500,0.000,0.000,0.000,0.000,0.00,10.77567064,106.67094459,10.51,"10°46'32.41""N, 106°40'15.40""E",FIX,
14:39:55.129,1786174795.130,PATH_FOLLOWING,6.080,0.402,-1.570,79.16,0.167,-1.500,0.000,0.000,0.000,0.000,0.00,10.77567064,106.67094459,10.51,"10°46'32.41""N, 106°40'15.40""E",FIX,
14:39:55.192,1786174795.193,PATH_FOLLOWING,6.080,0.401,-1.570,79.16,0.167,-1.500,0.000,0.000,0.000,0.000,0.00,10.77567064,106.67094459,10.51,"10°46'32.41""N, 106°40'15.40""E",FIX,
14:39:55.268,1786174795.268,PATH_FOLLOWING,6.080,0.401,-1.570,79.17,0.166,-1.500,0.000,0.000,0.000,0.000,0.00,10.77567062,106.67094459,10.51,"10°46'32.41""N, 106°40'15.40""E",FIX,
14:39:55.329,1786174795.329,PATH_FOLLOWING,6.080,0.400,-1.570,79.17,0.166,-1.500,0.000,0.000,0.000,0.000,0.00,10.77567062,106.67094459,10.51,"10°46'32.41""N, 106°40'15.40""E",FIX,
14:39:55.410,1786174795.411,PATH_FOLLOWING,6.080,0.399,-1.570,79.18,0.166,-1.500,0.000,0.000,0.000,0.000,0.00,10.77567062,106.67094459,10.51,"10°46'32.41""N, 106°40'15.40""E",FIX,
14:39:55.474,1786174795.475,PATH_FOLLOWING,6.080,0.399,-1.570,79.18,0.166,-1.500,0.000,0.000,0.000,0.000,0.00,10.77567061,106.67094459,10.51,"10°46'32.41""N, 106°40'15.40""E",FIX,
14:39:55.551,1786174795.551,PATH_FOLLOWING,6.080,0.398,-1.570,79.18,0.166,-1.500,0.000,0.000,0.000,0.000,0.00,10.77567061,106.67094459,10.51,"10°46'32.41""N, 106°40'15.40""E",FIX,
14:39:55.636,1786174795.637,PATH_FOLLOWING,6.080,0.398,-1.570,79.19,0.166,-1.500,0.000,0.000,0.000,0.000,0.00,10.77567061,106.67094459,10.51,"10°46'32.41""N, 106°40'15.40""E",FIX,
14:39:55.688,1786174795.688,PATH_FOLLOWING,6.080,0.397,-1.570,79.19,0.166,-1.500,0.000,0.000,0.000,0.000,0.00,10.77567059,106.67094459,10.51,"10°46'32.41""N, 106°40'15.40""E",FIX,
14:39:55.766,1786174795.767,PATH_FOLLOWING,6.080,0.396,-1.570,79.20,0.166,-1.500,0.000,0.000,0.000,0.000,0.00,10.77567059,106.67094459,10.51,"10°46'32.41""N, 106°40'15.40""E",FIX,
14:39:55.836,1786174795.836,PATH_FOLLOWING,6.080,0.396,-1.570,79.20,0.166,-1.500,0.000,0.000,0.000,0.000,0.00,10.77567059,106.67094459,10.51,"10°46'32.41""N, 106°40'15.40""E",FIX,
14:39:55.911,1786174795.911,PATH_FOLLOWING,6.080,0.395,-1.570,79.21,0.166,-1.500,0.000,0.000,0.000,0.000,0.00,10.77567057,106.67094459,10.51,"10°46'32.41""N, 106°40'15.40""E",FIX,
14:39:55.975,1786174795.975,PATH_FOLLOWING,6.080,0.395,-1.570,79.21,0.166,-1.500,0.000,0.000,0.000,0.000,0.00,10.77567057,106.67094459,10.51,"10°46'32.41""N, 106°40'15.40""E",FIX,
14:39:56.058,1786174796.058,PATH_FOLLOWING,6.080,0.394,-1.570,79.22,0.166,-1.500,0.000,0.000,0.000,0.000,0.00,10.77567057,106.67094459,10.51,"10°46'32.41""N, 106°40'15.40""E",FIX,
14:39:56.131,1786174796.131,PATH_FOLLOWING,6.080,0.393,-1.570,79.22,0.166,-1.500,0.000,0.000,0.000,0.000,0.00,10.77567056,106.67094459,10.51,"10°46'32.41""N, 106°40'15.40""E",FIX,
14:39:56.195,1786174796.196,PATH_FOLLOWING,6.080,0.393,-1.570,79.23,0.165,-1.500,0.000,0.000,0.000,0.000,0.00,10.77567056,106.67094459,10.51,"10°46'32.41""N, 106°40'15.40""E",FIX,
14:39:56.261,1786174796.261,PATH_FOLLOWING,6.080,0.392,-1.570,79.23,0.165,-1.500,0.000,0.000,0.000,0.000,0.00,10.77567056,106.67094459,10.51,"10°46'32.41""N, 106°40'15.40""E",FIX,
14:39:56.344,1786174796.344,PATH_FOLLOWING,6.080,0.391,-1.570,79.24,0.165,-1.500,0.000,0.000,0.000,0.000,0.00,10.77567054,106.67094459,10.51,"10°46'32.41""N, 106°40'15.40""E",FIX,
14:39:56.415,1786174796.416,PATH_FOLLOWING,6.080,0.391,-1.570,79.24,0.165,-1.500,0.000,0.000,0.000,0.000,0.00,10.77567054,106.67094459,10.51,"10°46'32.41""N, 106°40'15.40""E",FIX,
14:39:56.486,1786174796.486,PATH_FOLLOWING,6.080,0.390,-1.570,79.25,0.165,-1.500,0.000,0.000,0.000,0.000,0.00,10.77567054,106.67094459,10.51,"10°46'32.41""N, 106°40'15.40""E",FIX,
14:39:56.571,1786174796.572,PATH_FOLLOWING,6.080,0.390,-1.571,79.25,0.165,-1.500,0.000,0.000,0.000,0.000,0.00,10.77567052,106.67094459,10.51,"10°46'32.41""N, 106°40'15.40""E",FIX,
14:39:56.650,1786174796.651,PATH_FOLLOWING,6.080,0.389,-1.571,79.26,0.165,-1.500,0.000,0.000,0.000,0.000,0.00,10.77567052,106.67094459,10.51,"10°46'32.41""N, 106°40'15.40""E",FIX,
14:39:56.721,1786174796.721,PATH_FOLLOWING,6.080,0.388,-1.571,79.27,0.165,-1.500,0.000,0.000,0.000,0.000,0.00,10.77567052,106.67094459,10.51,"10°46'32.41""N, 106°40'15.40""E",FIX,
14:39:56.782,1786174796.783,PATH_FOLLOWING,6.080,0.388,-1.571,79.27,0.165,-1.500,0.000,0.000,0.000,0.000,0.00,10.77567051,106.67094459,10.51,"10°46'32.41""N, 106°40'15.40""E",FIX,
14:39:56.863,1786174796.864,PATH_FOLLOWING,6.080,0.387,-1.571,79.28,0.165,-1.500,0.000,0.000,0.000,0.000,0.00,10.77567051,106.67094459,10.51,"10°46'32.41""N, 106°40'15.40""E",FIX,
14:39:56.932,1786174796.933,PATH_FOLLOWING,6.080,0.387,-1.571,79.28,0.165,-1.500,0.000,0.000,0.000,0.000,0.00,10.77567051,106.67094459,10.51,"10°46'32.41""N, 106°40'15.40""E",FIX,
14:39:57.005,1786174797.006,PATH_FOLLOWING,6.080,0.386,-1.571,79.29,0.165,-1.500,0.000,0.000,0.000,0.000,0.00,10.77567049,106.67094459,10.51,"10°46'32.41""N, 106°40'15.40""E",FIX,
14:39:57.085,1786174797.086,PATH_FOLLOWING,6.080,0.385,-1.571,79.29,0.164,-1.500,0.000,0.000,0.000,0.000,0.00,10.77567049,106.67094459,10.51,"10°46'32.41""N, 106°40'15.40""E",FIX,
14:39:57.164,1786174797.165,PATH_FOLLOWING,6.080,0.385,-1.571,79.30,0.164,-1.500,0.000,0.000,0.000,0.000,0.00,10.77567049,106.67094459,10.51,"10°46'32.41""N, 106°40'15.40""E",FIX,
14:39:57.222,1786174797.222,PATH_FOLLOWING,6.080,0.384,-1.571,79.31,0.164,-1.500,0.000,0.000,0.000,0.000,0.00,10.77567047,106.67094459,10.51,"10°46'32.41""N, 106°40'15.40""E",FIX,
14:39:57.285,1786174797.286,PATH_FOLLOWING,6.080,0.384,-1.571,79.31,0.164,-1.500,0.000,0.000,0.000,0.000,0.00,10.77567047,106.67094459,10.51,"10°46'32.41""N, 106°40'15.40""E",FIX,
14:39:57.373,1786174797.374,PATH_FOLLOWING,6.080,0.383,-1.571,79.32,0.164,-1.500,0.000,0.000,0.000,0.000,0.00,10.77567047,106.67094459,10.51,"10°46'32.41""N, 106°40'15.40""E",FIX,
14:39:57.447,1786174797.447,PATH_FOLLOWING,6.080,0.382,-1.571,79.32,0.164,-1.500,0.000,0.000,0.000,0.000,0.00,10.77567046,106.67094459,10.51,"10°46'32.41""N, 106°40'15.40""E",FIX,
14:39:57.517,1786174797.518,PATH_FOLLOWING,6.080,0.382,-1.571,79.33,0.164,-1.500,0.000,0.000,0.000,0.000,0.00,10.77567046,106.67094459,10.51,"10°46'32.41""N, 106°40'15.40""E",FIX,
14:39:57.596,1786174797.596,PATH_FOLLOWING,6.080,0.381,-1.571,79.33,0.164,-1.500,0.000,0.000,0.000,0.000,0.00,10.77567046,106.67094459,10.51,"10°46'32.41""N, 106°40'15.40""E",FIX,
14:39:57.667,1786174797.668,PATH_FOLLOWING,6.080,0.380,-1.571,79.34,0.164,-1.500,0.000,0.000,0.000,0.000,0.00,10.77567044,106.67094459,10.51,"10°46'32.41""N, 106°40'15.40""E",FIX,
14:39:57.735,1786174797.736,PATH_FOLLOWING,6.080,0.380,-1.571,79.34,0.164,-1.500,0.000,0.000,0.000,0.000,0.00,10.77567044,106.67094459,10.51,"10°46'32.41""N, 106°40'15.40""E",FIX,
14:39:57.815,1786174797.816,PATH_FOLLOWING,6.080,0.379,-1.571,79.35,0.164,-1.500,0.000,0.000,0.000,0.000,0.00,10.77567044,106.67094459,10.51,"10°46'32.41""N, 106°40'15.40""E",FIX,
14:39:57.883,1786174797.884,PATH_FOLLOWING,6.080,0.379,-1.571,79.36,0.163,-1.500,0.000,0.000,0.000,0.000,0.00,10.77567042,106.67094459,10.51,"10°46'32.41""N, 106°40'15.40""E",FIX,
14:39:57.957,1786174797.957,PATH_FOLLOWING,6.080,0.378,-1.571,79.36,0.163,-1.500,0.000,0.000,0.000,0.000,0.00,10.77567042,106.67094459,10.51,"10°46'32.41""N, 106°40'15.40""E",FIX,
14:39:58.038,1786174798.039,PATH_FOLLOWING,6.080,0.377,-1.571,79.37,0.163,-1.500,0.000,0.000,0.000,0.000,0.00,10.77567042,106.67094459,10.51,"10°46'32.41""N, 106°40'15.40""E",FIX,
14:39:58.108,1786174798.108,PATH_FOLLOWING,6.080,0.377,-1.571,79.37,0.163,-1.500,0.000,0.000,0.000,0.000,0.00,10.77567041,106.67094459,10.51,"10°46'32.41""N, 106°40'15.40""E",FIX,
14:39:58.181,1786174798.182,PATH_FOLLOWING,6.080,0.376,-1.571,79.38,0.163,-1.500,0.000,0.000,0.000,0.000,0.00,10.77567041,106.67094459,10.51,"10°46'32.41""N, 106°40'15.40""E",FIX,
14:39:58.243,1786174798.243,PATH_FOLLOWING,6.080,0.376,-1.571,79.38,0.163,-1.500,0.000,0.000,0.000,0.000,0.00,10.77567041,106.67094459,10.51,"10°46'32.41""N, 106°40'15.40""E",FIX,
14:39:58.321,1786174798.322,PATH_FOLLOWING,6.080,0.375,-1.571,79.39,0.163,-1.500,0.000,0.000,0.000,0.000,0.00,10.77567039,106.67094459,10.51,"10°46'32.41""N, 106°40'15.40""E",FIX,
14:39:58.380,1786174798.381,PATH_FOLLOWING,6.080,0.375,-1.571,79.40,0.163,-1.500,0.000,0.000,0.000,0.000,0.00,10.77567039,106.67094459,10.51,"10°46'32.41""N, 106°40'15.40""E",FIX,
14:39:58.455,1786174798.455,PATH_FOLLOWING,6.080,0.374,-1.571,79.40,0.163,-1.500,0.000,0.000,0.000,0.000,0.00,10.77567039,106.67094459,10.51,"10°46'32.41""N, 106°40'15.40""E",FIX,
14:39:58.542,1786174798.542,PATH_FOLLOWING,6.080,0.373,-1.571,79.41,0.163,-1.500,0.000,0.000,0.000,0.000,0.00,10.77567037,106.67094459,10.51,"10°46'32.41""N, 106°40'15.40""E",FIX,
14:39:58.602,1786174798.603,PATH_FOLLOWING,6.080,0.373,-1.571,79.41,0.163,-1.500,0.000,0.000,0.000,0.000,0.00,10.77567037,106.67094459,10.51,"10°46'32.41""N, 106°40'15.40""E",FIX,
14:39:58.683,1786174798.684,PATH_FOLLOWING,6.080,0.372,-1.571,79.42,0.163,-1.500,0.000,0.000,0.000,0.000,0.00,10.77567037,106.67094459,10.51,"10°46'32.41""N, 106°40'15.40""E",FIX,
14:39:58.746,1786174798.747,PATH_FOLLOWING,6.080,0.371,-1.571,79.43,0.162,-1.500,0.000,0.000,0.000,0.000,0.00,10.77567037,106.67094459,10.51,"10°46'32.41""N, 106°40'15.40""E",FIX,
14:39:58.818,1786174798.818,PATH_FOLLOWING,6.080,0.371,-1.571,79.43,0.162,-1.500,0.000,0.000,0.000,0.000,0.00,10.77567036,106.67094459,10.51,"10°46'32.41""N, 106°40'15.40""E",FIX,
14:39:58.900,1786174798.900,PATH_FOLLOWING,6.080,0.370,-1.571,79.44,0.162,-1.500,0.000,0.000,0.000,0.000,0.00,10.77567036,106.67094459,10.51,"10°46'32.41""N, 106°40'15.40""E",FIX,
14:39:58.984,1786174798.984,PATH_FOLLOWING,6.080,0.369,-1.571,79.44,0.162,-1.500,0.000,0.000,0.000,0.000,0.00,10.77567036,106.67094459,10.51,"10°46'32.41""N, 106°40'15.40""E",FIX,
14:39:59.050,1786174799.050,PATH_FOLLOWING,6.080,0.369,-1.571,79.45,0.162,-1.500,0.000,0.000,0.000,0.000,0.00,10.77567034,106.67094459,10.51,"10°46'32.41""N, 106°40'15.40""E",FIX,
14:39:59.118,1786174799.118,PATH_FOLLOWING,6.080,0.369,-1.571,79.45,0.162,-1.500,0.000,0.000,0.000,0.000,0.00,10.77567034,106.67094459,10.51,"10°46'32.41""N, 106°40'15.40""E",FIX,
14:39:59.186,1786174799.187,PATH_FOLLOWING,6.080,0.368,-1.571,79.46,0.162,-1.500,0.000,0.000,0.000,0.000,0.00,10.77567034,106.67094459,10.51,"10°46'32.41""N, 106°40'15.40""E",FIX,
14:39:59.265,1786174799.265,PATH_FOLLOWING,6.080,0.367,-1.571,79.47,0.162,-1.500,0.000,0.000,0.000,0.000,0.00,10.77567032,106.67094459,10.51,"10°46'32.41""N, 106°40'15.40""E",FIX,
14:39:59.345,1786174799.346,PATH_FOLLOWING,6.080,0.367,-1.571,79.47,0.162,-1.500,0.000,0.000,0.000,0.000,0.00,10.77567032,106.67094459,10.51,"10°46'32.41""N, 106°40'15.40""E",FIX,
14:39:59.409,1786174799.409,PATH_FOLLOWING,6.080,0.366,-1.571,79.48,0.162,-1.500,0.000,0.000,0.000,0.000,0.00,10.77567032,106.67094459,10.51,"10°46'32.41""N, 106°40'15.40""E",FIX,
14:39:59.486,1786174799.487,PATH_FOLLOWING,6.080,0.365,-1.571,79.48,0.162,-1.500,0.000,0.000,0.000,0.000,0.00,10.77567031,106.67094459,10.51,"10°46'32.41""N, 106°40'15.40""E",FIX,
14:39:59.557,1786174799.558,PATH_FOLLOWING,6.080,0.365,-1.571,79.49,0.161,-1.500,0.000,0.000,0.000,0.000,0.00,10.77567031,106.67094459,10.51,"10°46'32.41""N, 106°40'15.40""E",FIX,
14:39:59.624,1786174799.624,PATH_FOLLOWING,6.080,0.364,-1.571,79.50,0.161,-1.500,0.000,0.000,0.000,0.000,0.00,10.77567031,106.67094459,10.51,"10°46'32.41""N, 106°40'15.40""E",FIX,
14:39:59.696,1786174799.696,PATH_FOLLOWING,6.080,0.364,-1.571,79.50,0.161,-1.500,0.000,0.000,0.000,0.000,0.00,10.77567029,106.67094459,10.51,"10°46'32.41""N, 106°40'15.40""E",FIX,
14:39:59.776,1786174799.776,PATH_FOLLOWING,6.080,0.363,-1.571,79.51,0.161,-1.500,0.000,0.000,0.000,0.000,0.00,10.77567029,106.67094459,10.51,"10°46'32.41""N, 106°40'15.40""E",FIX,
14:39:59.844,1786174799.845,PATH_FOLLOWING,6.080,0.362,-1.571,79.51,0.161,-1.500,0.000,0.000,0.000,0.000,0.00,10.77567029,106.67094459,10.51,"10°46'32.41""N, 106°40'15.40""E",FIX,
14:39:59.926,1786174799.926,PATH_FOLLOWING,6.080,0.362,-1.571,79.52,0.161,-1.500,0.000,0.000,0.000,0.000,0.00,10.77567027,106.67094459,10.51,"10°46'32.41""N, 106°40'15.40""E",FIX,
14:39:59.992,1786174799.992,PATH_FOLLOWING,6.080,0.361,-1.571,79.53,0.161,-1.500,0.000,0.000,0.000,0.000,0.00,10.77567027,106.67094459,10.51,"10°46'32.41""N, 106°40'15.40""E",FIX,
14:40:00.068,1786174800.069,PATH_FOLLOWING,6.080,0.361,-1.571,79.53,0.161,-1.500,0.000,0.000,0.000,0.000,0.00,10.77567027,106.67094459,10.51,"10°46'32.41""N, 106°40'15.40""E",FIX,
14:40:00.139,1786174800.140,PATH_FOLLOWING,6.080,0.360,-1.571,79.54,0.161,-1.500,0.000,0.000,0.000,0.000,0.00,10.77567026,106.67094459,10.51,"10°46'32.41""N, 106°40'15.40""E",FIX,
14:40:00.224,1786174800.225,PATH_FOLLOWING,6.080,0.359,-1.571,79.55,0.161,-1.500,0.000,0.000,0.000,0.000,0.00,10.77567026,106.67094459,10.51,"10°46'32.41""N, 106°40'15.40""E",FIX,
14:40:00.302,1786174800.303,PATH_FOLLOWING,6.080,0.359,-1.571,79.55,0.160,-1.500,0.000,0.000,0.000,0.000,0.00,10.77567026,106.67094459,10.51,"10°46'32.41""N, 106°40'15.40""E",FIX,
14:40:00.362,1786174800.363,PATH_FOLLOWING,6.080,0.358,-1.571,79.55,0.160,-1.500,0.000,0.000,0.000,0.000,0.00,10.77567024,106.67094459,10.51,"10°46'32.41""N, 106°40'15.40""E",FIX,
14:40:00.442,1786174800.443,PATH_FOLLOWING,6.080,0.358,-1.571,79.56,0.160,-1.500,0.000,0.000,0.000,0.000,0.00,10.77567024,106.67094459,10.51,"10°46'32.41""N, 106°40'15.40""E",FIX,
14:40:00.514,1786174800.515,PATH_FOLLOWING,6.080,0.357,-1.571,79.57,0.160,-1.500,0.000,0.000,0.000,0.000,0.00,10.77567024,106.67094459,10.51,"10°46'32.41""N, 106°40'15.40""E",FIX,
14:40:00.592,1786174800.592,PATH_FOLLOWING,6.080,0.356,-1.571,79.57,0.160,-1.500,0.000,0.000,0.000,0.000,0.00,10.77567022,106.67094459,10.51,"10°46'32.41""N, 106°40'15.40""E",FIX,
14:40:00.669,1786174800.669,PATH_FOLLOWING,6.080,0.356,-1.571,79.58,0.160,-1.500,0.000,0.000,0.000,0.000,0.00,10.77567022,106.67094459,10.51,"10°46'32.41""N, 106°40'15.40""E",FIX,
14:40:00.740,1786174800.741,PATH_FOLLOWING,6.080,0.355,-1.571,79.59,0.160,-1.500,0.000,0.000,0.000,0.000,0.00,10.77567022,106.67094459,10.51,"10°46'32.41""N, 106°40'15.40""E",FIX,
14:40:00.818,1786174800.819,PATH_FOLLOWING,6.080,0.354,-1.571,79.59,0.160,-1.500,0.000,0.000,0.000,0.000,0.00,10.77567021,106.67094459,10.51,"10°46'32.41""N, 106°40'15.40""E",FIX,
14:40:00.887,1786174800.887,PATH_FOLLOWING,6.080,0.354,-1.571,79.60,0.160,-1.500,0.000,0.000,0.000,0.000,0.00,10.77567021,106.67094459,10.51,"10°46'32.41""N, 106°40'15.40""E",FIX,
14:40:00.948,1786174800.948,PATH_FOLLOWING,6.080,0.353,-1.571,79.60,0.160,-1.500,0.000,0.000,0.000,0.000,0.00,10.77567021,106.67094459,10.51,"10°46'32.41""N, 106°40'15.40""E",FIX,
14:40:01.028,1786174801.028,PATH_FOLLOWING,6.080,0.353,-1.571,79.61,0.160,-1.500,0.000,0.000,0.000,0.000,0.00,10.77567019,106.67094459,10.51,"10°46'32.41""N, 106°40'15.40""E",FIX,
14:40:01.099,1786174801.099,PATH_FOLLOWING,6.080,0.352,-1.571,79.62,0.159,-1.500,0.000,0.000,0.000,0.000,0.00,10.77567019,106.67094459,10.51,"10°46'32.41""N, 106°40'15.40""E",FIX,
14:40:01.170,1786174801.170,PATH_FOLLOWING,6.080,0.352,-1.571,79.62,0.159,-1.500,0.000,0.000,0.000,0.000,0.00,10.77567019,106.67094459,10.51,"10°46'32.41""N, 106°40'15.40""E",FIX,
14:40:01.247,1786174801.248,PATH_FOLLOWING,6.080,0.351,-1.571,79.63,0.159,-1.500,0.000,0.000,0.000,0.000,0.00,10.77567017,106.67094459,10.51,"10°46'32.41""N, 106°40'15.40""E",FIX,
14:40:01.317,1786174801.317,PATH_FOLLOWING,6.080,0.350,-1.571,79.64,0.159,-1.500,0.000,0.000,0.000,0.000,0.00,10.77567017,106.67094459,10.51,"10°46'32.41""N, 106°40'15.40""E",FIX,
14:40:01.388,1786174801.388,PATH_FOLLOWING,6.080,0.350,-1.571,79.64,0.159,-1.500,0.000,0.000,0.000,0.000,0.00,10.77567017,106.67094459,10.51,"10°46'32.41""N, 106°40'15.40""E",FIX,
14:40:01.466,1786174801.467,PATH_FOLLOWING,6.080,0.349,-1.571,79.65,0.159,-1.500,0.000,0.000,0.000,0.000,0.00,10.77567016,106.67094459,10.51,"10°46'32.41""N, 106°40'15.40""E",FIX,
14:40:01.537,1786174801.538,PATH_FOLLOWING,6.080,0.348,-1.571,79.66,0.159,-1.500,0.000,0.000,0.000,0.000,0.00,10.77567016,106.67094459,10.51,"10°46'32.41""N, 106°40'15.40""E",FIX,
14:40:01.607,1786174801.608,PATH_FOLLOWING,6.080,0.348,-1.571,79.66,0.159,-1.500,0.000,0.000,0.000,0.000,0.00,10.77567016,106.67094459,10.51,"10°46'32.41""N, 106°40'15.40""E",FIX,
14:40:01.685,1786174801.685,PATH_FOLLOWING,6.080,0.347,-1.571,79.67,0.159,-1.500,0.000,0.000,0.000,0.000,0.00,10.77567014,106.67094459,10.51,"10°46'32.41""N, 106°40'15.40""E",FIX,
14:40:01.750,1786174801.750,PATH_FOLLOWING,6.080,0.347,-1.571,79.67,0.159,-1.500,0.000,0.000,0.000,0.000,0.00,10.77567014,106.67094459,10.51,"10°46'32.41""N, 106°40'15.40""E",FIX,
14:40:01.825,1786174801.825,PATH_FOLLOWING,6.080,0.346,-1.571,79.68,0.158,-1.500,0.000,0.000,0.000,0.000,0.00,10.77567014,106.67094459,10.51,"10°46'32.41""N, 106°40'15.40""E",FIX,
14:40:01.884,1786174801.884,PATH_FOLLOWING,6.080,0.345,-1.571,79.68,0.158,-1.500,0.000,0.000,0.000,0.000,0.00,10.77567012,106.67094459,10.51,"10°46'32.41""N, 106°40'15.40""E",FIX,
14:40:01.955,1786174801.955,PATH_FOLLOWING,6.080,0.345,-1.571,79.69,0.158,-1.500,0.000,0.000,0.000,0.000,0.00,10.77567012,106.67094459,10.51,"10°46'32.41""N, 106°40'15.40""E",FIX,
14:40:02.069,1786174802.069,PATH_FOLLOWING,6.080,0.344,-1.571,79.70,0.158,-1.500,0.000,0.000,0.000,0.000,0.00,10.77567012,106.67094459,10.51,"10°46'32.41""N, 106°40'15.40""E",FIX,
14:40:02.152,1786174802.152,PATH_FOLLOWING,6.080,0.343,-1.571,79.70,0.158,-1.500,0.000,0.000,0.000,0.000,0.00,10.77567011,106.67094459,10.51,"10°46'32.41""N, 106°40'15.40""E",FIX,
14:40:02.221,1786174802.221,PATH_FOLLOWING,6.080,0.343,-1.571,79.71,0.158,-1.500,0.000,0.000,0.000,0.000,0.00,10.77567011,106.67094459,10.51,"10°46'32.41""N, 106°40'15.40""E",FIX,
14:40:02.289,1786174802.289,PATH_FOLLOWING,6.080,0.342,-1.571,79.72,0.158,-1.500,0.000,0.000,0.000,0.000,0.00,10.77567011,106.67094459,10.51,"10°46'32.41""N, 106°40'15.40""E",FIX,
14:40:02.371,1786174802.372,PATH_FOLLOWING,6.080,0.342,-1.571,79.72,0.158,-1.500,0.000,0.000,0.000,0.000,0.00,10.77567009,106.67094459,10.51,"10°46'32.41""N, 106°40'15.40""E",FIX,
14:40:02.443,1786174802.443,PATH_FOLLOWING,6.080,0.341,-1.571,79.73,0.158,-1.500,0.000,0.000,0.000,0.000,0.00,10.77567009,106.67094459,10.51,"10°46'32.41""N, 106°40'15.40""E",FIX,
14:40:02.506,1786174802.507,PATH_FOLLOWING,6.080,0.340,-1.571,79.74,0.158,-1.500,0.000,0.000,0.000,0.000,0.00,10.77567009,106.67094459,10.51,"10°46'32.41""N, 106°40'15.40""E",FIX,
14:40:02.568,1786174802.568,PATH_FOLLOWING,6.080,0.340,-1.571,79.74,0.157,-1.500,0.000,0.000,0.000,0.000,0.00,10.77567007,106.67094459,10.51,"10°46'32.41""N, 106°40'15.40""E",FIX,
14:40:02.651,1786174802.652,PATH_FOLLOWING,6.080,0.339,-1.571,79.75,0.157,-1.500,0.000,0.000,0.000,0.000,0.00,10.77567007,106.67094459,10.51,"10°46'32.41""N, 106°40'15.40""E",FIX,
14:40:02.718,1786174802.719,PATH_FOLLOWING,6.080,0.338,-1.571,79.76,0.157,-1.500,0.000,0.000,0.000,0.000,0.00,10.77567007,106.67094459,10.51,"10°46'32.41""N, 106°40'15.40""E",FIX,
14:40:02.798,1786174802.798,PATH_FOLLOWING,6.080,0.338,-1.571,79.76,0.157,-1.500,0.000,0.000,0.000,0.000,0.00,10.77567006,106.67094459,10.51,"10°46'32.41""N, 106°40'15.40""E",FIX,
14:40:02.857,1786174802.858,PATH_FOLLOWING,6.080,0.338,-1.571,79.76,0.157,-1.500,0.000,0.000,0.000,0.000,0.00,10.77567006,106.67094459,10.51,"10°46'32.41""N, 106°40'15.40""E",FIX,
14:40:02.936,1786174802.936,PATH_FOLLOWING,6.080,0.337,-1.571,79.77,0.157,-1.500,0.000,0.000,0.000,0.000,0.00,10.77567006,106.67094459,10.51,"10°46'32.41""N, 106°40'15.40""E",FIX,
14:40:02.997,1786174802.997,PATH_FOLLOWING,6.080,0.336,-1.571,79.78,0.157,-1.500,0.000,0.000,0.000,0.000,0.00,10.77567004,106.67094459,10.51,"10°46'32.41""N, 106°40'15.40""E",FIX,
14:40:03.081,1786174803.082,PATH_FOLLOWING,6.080,0.335,-1.571,79.79,0.157,-1.500,0.000,0.000,0.000,0.000,0.00,10.77567004,106.67094459,10.51,"10°46'32.41""N, 106°40'15.40""E",FIX,
14:40:03.136,1786174803.137,PATH_FOLLOWING,6.080,0.335,-1.571,79.79,0.157,-1.500,0.000,0.000,0.000,0.000,0.00,10.77567004,106.67094459,10.51,"10°46'32.41""N, 106°40'15.40""E",FIX,
14:40:03.212,1786174803.212,PATH_FOLLOWING,6.080,0.334,-1.571,79.80,0.157,-1.500,0.000,0.000,0.000,0.000,0.00,10.77567002,106.67094459,10.51,"10°46'32.41""N, 106°40'15.40""E",FIX,
14:40:03.289,1786174803.290,PATH_FOLLOWING,6.080,0.334,-1.571,79.80,0.156,-1.500,0.000,0.000,0.000,0.000,0.00,10.77567002,106.67094459,10.51,"10°46'32.41""N, 106°40'15.40""E",FIX,
14:40:03.371,1786174803.371,PATH_FOLLOWING,6.080,0.333,-1.571,79.81,0.156,-1.500,0.000,0.000,0.000,0.000,0.00,10.77567002,106.67094459,10.51,"10°46'32.41""N, 106°40'15.40""E",FIX,
14:40:03.432,1786174803.432,PATH_FOLLOWING,6.080,0.333,-1.571,79.82,0.156,-1.500,0.000,0.000,0.000,0.000,0.00,10.77567001,106.67094459,10.51,"10°46'32.41""N, 106°40'15.40""E",FIX,
14:40:03.505,1786174803.506,PATH_FOLLOWING,6.080,0.332,-1.571,79.82,0.156,-1.500,0.000,0.000,0.000,0.000,0.00,10.77567001,106.67094459,10.51,"10°46'32.41""N, 106°40'15.40""E",FIX,
14:40:03.579,1786174803.579,PATH_FOLLOWING,6.080,0.331,-1.571,79.83,0.156,-1.500,0.000,0.000,0.000,0.000,0.00,10.77567001,106.67094459,10.51,"10°46'32.41""N, 106°40'15.40""E",FIX,
14:40:03.660,1786174803.660,PATH_FOLLOWING,6.080,0.331,-1.571,79.84,0.156,-1.500,0.000,0.000,0.000,0.000,0.00,10.77566999,106.67094459,10.51,"10°46'32.41""N, 106°40'15.40""E",FIX,
14:40:03.739,1786174803.739,PATH_FOLLOWING,6.080,0.330,-1.571,79.84,0.156,-1.500,0.000,0.000,0.000,0.000,0.00,10.77566999,106.67094459,10.51,"10°46'32.41""N, 106°40'15.40""E",FIX,
14:40:03.816,1786174803.817,PATH_FOLLOWING,6.080,0.329,-1.571,79.85,0.156,-1.500,0.000,0.000,0.000,0.000,0.00,10.77566999,106.67094459,10.51,"10°46'32.41""N, 106°40'15.40""E",FIX,
14:40:03.883,1786174803.884,PATH_FOLLOWING,6.080,0.329,-1.571,79.86,0.156,-1.500,0.000,0.000,0.000,0.000,0.00,10.77566997,106.67094459,10.51,"10°46'32.41""N, 106°40'15.40""E",FIX,
14:40:03.951,1786174803.951,PATH_FOLLOWING,6.080,0.328,-1.571,79.86,0.156,-1.500,0.000,0.000,0.000,0.000,0.00,10.77566997,106.67094459,10.51,"10°46'32.41""N, 106°40'15.40""E",FIX,
14:40:04.025,1786174804.026,PATH_FOLLOWING,6.080,0.328,-1.571,79.87,0.155,-1.500,0.000,0.000,0.000,0.000,0.00,10.77566997,106.67094459,10.51,"10°46'32.41""N, 106°40'15.40""E",FIX,
14:40:04.111,1786174804.111,PATH_FOLLOWING,6.080,0.327,-1.571,79.87,0.155,-1.500,0.000,0.000,0.000,0.000,0.00,10.77566996,106.67094459,10.51,"10°46'32.41""N, 106°40'15.40""E",FIX,
14:40:04.173,1786174804.173,PATH_FOLLOWING,6.080,0.327,-1.571,79.88,0.155,-1.500,0.000,0.000,0.000,0.000,0.00,10.77566996,106.67094459,10.51,"10°46'32.41""N, 106°40'15.40""E",FIX,
14:40:04.259,1786174804.259,PATH_FOLLOWING,6.080,0.326,-1.571,79.89,0.155,-1.500,0.000,0.000,0.000,0.000,0.00,10.77566996,106.67094459,10.51,"10°46'32.41""N, 106°40'15.40""E",FIX,
14:40:04.321,1786174804.321,PATH_FOLLOWING,6.080,0.325,-1.571,79.89,0.155,-1.500,0.000,0.000,0.000,0.000,0.00,10.77566996,106.67094459,10.51,"10°46'32.41""N, 106°40'15.40""E",FIX,
14:40:04.397,1786174804.397,PATH_FOLLOWING,6.080,0.325,-1.571,79.90,0.155,-1.500,0.000,0.000,0.000,0.000,0.00,10.77566994,106.67094459,10.51,"10°46'32.41""N, 106°40'15.40""E",FIX,
14:40:04.462,1786174804.462,PATH_FOLLOWING,6.080,0.324,-1.571,79.91,0.155,-1.500,0.000,0.000,0.000,0.000,0.00,10.77566994,106.67094459,10.51,"10°46'32.41""N, 106°40'15.40""E",FIX,
14:40:04.542,1786174804.542,PATH_FOLLOWING,6.080,0.323,-1.571,79.91,0.155,-1.500,0.000,0.000,0.000,0.000,0.00,10.77566992,106.67094459,10.51,"10°46'32.41""N, 106°40'15.40""E",FIX,
14:40:04.626,1786174804.627,PATH_FOLLOWING,6.080,0.323,-1.571,79.92,0.155,-1.500,0.000,0.000,0.000,0.000,0.00,10.77566992,106.67094459,10.51,"10°46'32.41""N, 106°40'15.40""E",FIX,
14:40:04.696,1786174804.696,PATH_FOLLOWING,6.080,0.322,-1.571,79.93,0.155,-1.500,0.000,0.000,0.000,0.000,0.00,10.77566992,106.67094459,10.51,"10°46'32.41""N, 106°40'15.40""E",FIX,
14:40:04.765,1786174804.765,PATH_FOLLOWING,6.080,0.322,-1.571,79.93,0.154,-1.500,0.000,0.000,0.000,0.000,0.00,10.77566991,106.67094459,10.51,"10°46'32.41""N, 106°40'15.40""E",FIX,
14:40:04.842,1786174804.842,PATH_FOLLOWING,6.080,0.321,-1.571,79.94,0.154,-1.500,0.000,0.000,0.000,0.000,0.00,10.77566991,106.67094459,10.51,"10°46'32.41""N, 106°40'15.40""E",FIX,
14:40:04.909,1786174804.910,PATH_FOLLOWING,6.080,0.320,-1.571,79.95,0.154,-1.500,0.000,0.000,0.000,0.000,0.00,10.77566991,106.67094459,10.51,"10°46'32.41""N, 106°40'15.40""E",FIX,
14:40:04.988,1786174804.989,PATH_FOLLOWING,6.080,0.320,-1.571,79.95,0.154,-1.500,0.000,0.000,0.000,0.000,0.00,10.77566989,106.67094459,10.51,"10°46'32.41""N, 106°40'15.40""E",FIX,
14:40:05.055,1786174805.056,PATH_FOLLOWING,6.080,0.319,-1.571,79.96,0.154,-1.500,0.000,0.000,0.000,0.000,0.00,10.77566989,106.67094459,10.51,"10°46'32.41""N, 106°40'15.40""E",FIX,
14:40:05.128,1786174805.128,PATH_FOLLOWING,6.080,0.318,-1.571,79.97,0.154,-1.500,0.000,0.000,0.000,0.000,0.00,10.77566989,106.67094459,10.51,"10°46'32.41""N, 106°40'15.40""E",FIX,
14:40:05.188,1786174805.188,PATH_FOLLOWING,6.080,0.318,-1.571,79.97,0.154,-1.500,0.000,0.000,0.000,0.000,0.00,10.77566989,106.67094459,10.51,"10°46'32.41""N, 106°40'15.40""E",FIX,
14:40:05.271,1786174805.271,PATH_FOLLOWING,6.080,0.317,-1.571,79.98,0.154,-1.500,0.000,0.000,0.000,0.000,0.00,10.77566987,106.67094459,10.51,"10°46'32.41""N, 106°40'15.40""E",FIX,
14:40:05.346,1786174805.346,PATH_FOLLOWING,6.080,0.317,-1.571,79.99,0.154,-1.500,0.000,0.000,0.000,0.000,0.00,10.77566987,106.67094459,10.51,"10°46'32.41""N, 106°40'15.40""E",FIX,
14:40:05.411,1786174805.412,PATH_FOLLOWING,6.080,0.316,-1.571,79.99,0.154,-1.500,0.000,0.000,0.000,0.000,0.00,10.77566987,106.67094459,10.51,"10°46'32.41""N, 106°40'15.40""E",FIX,
14:40:05.496,1786174805.496,PATH_FOLLOWING,6.080,0.315,-1.571,80.00,0.153,-1.500,0.000,0.000,0.000,0.000,0.00,10.77566986,106.67094459,10.51,"10°46'32.41""N, 106°40'15.40""E",FIX,
14:40:05.566,1786174805.566,PATH_FOLLOWING,6.080,0.315,-1.571,80.01,0.153,-1.500,0.000,0.000,0.000,0.000,0.00,10.77566986,106.67094459,10.51,"10°46'32.41""N, 106°40'15.40""E",FIX,
14:40:05.621,1786174805.621,PATH_FOLLOWING,6.080,0.314,-1.571,80.01,0.153,-1.500,0.000,0.000,0.000,0.000,0.00,10.77566986,106.67094459,10.51,"10°46'32.41""N, 106°40'15.40""E",FIX,
14:40:05.706,1786174805.706,PATH_FOLLOWING,6.080,0.314,-1.571,80.02,0.153,-1.500,0.000,0.000,0.000,0.000,0.00,10.77566984,106.67094459,10.51,"10°46'32.41""N, 106°40'15.40""E",FIX,
14:40:05.775,1786174805.776,PATH_FOLLOWING,6.080,0.313,-1.571,80.03,0.153,-1.500,0.000,0.000,0.000,0.000,0.00,10.77566984,106.67094459,10.51,"10°46'32.41""N, 106°40'15.40""E",FIX,
14:40:05.840,1786174805.840,PATH_FOLLOWING,6.080,0.312,-1.571,80.03,0.153,-1.500,0.000,0.000,0.000,0.000,0.00,10.77566984,106.67094459,10.51,"10°46'32.41""N, 106°40'15.40""E",FIX,
14:40:05.908,1786174805.909,PATH_FOLLOWING,6.080,0.312,-1.571,80.04,0.153,-1.500,0.000,0.000,0.000,0.000,0.00,10.77566982,106.67094459,10.51,"10°46'32.41""N, 106°40'15.40""E",FIX,
14:40:05.988,1786174805.989,PATH_FOLLOWING,6.080,0.311,-1.571,80.05,0.153,-1.500,0.000,0.000,0.000,0.000,0.00,10.77566982,106.67094459,10.51,"10°46'32.41""N, 106°40'15.40""E",FIX,
14:40:06.060,1786174806.060,PATH_FOLLOWING,6.080,0.311,-1.571,80.05,0.153,-1.500,0.000,0.000,0.000,0.000,0.00,10.77566982,106.67094459,10.51,"10°46'32.41""N, 106°40'15.40""E",FIX,
14:40:06.140,1786174806.140,PATH_FOLLOWING,6.080,0.310,-1.571,80.06,0.152,-1.500,0.000,0.000,0.000,0.000,0.00,10.77566981,106.67094459,10.51,"10°46'32.41""N, 106°40'15.40""E",FIX,
14:40:06.214,1786174806.215,PATH_FOLLOWING,6.080,0.309,-1.571,80.07,0.152,-1.500,0.000,0.000,0.000,0.000,0.00,10.77566981,106.67094459,10.51,"10°46'32.41""N, 106°40'15.40""E",FIX,
14:40:06.290,1786174806.290,PATH_FOLLOWING,6.080,0.309,-1.571,80.07,0.152,-1.500,0.000,0.000,0.000,0.000,0.00,10.77566979,106.67094459,10.51,"10°46'32.41""N, 106°40'15.40""E",FIX,
14:40:06.346,1786174806.347,PATH_FOLLOWING,6.080,0.308,-1.571,80.08,0.152,-1.500,0.000,0.000,0.000,0.000,0.00,10.77566979,106.67094459,10.51,"10°46'32.41""N, 106°40'15.40""E",FIX,
14:40:06.425,1786174806.426,PATH_FOLLOWING,6.080,0.308,-1.571,80.08,0.152,-1.500,0.000,0.000,0.000,0.000,0.00,10.77566979,106.67094459,10.51,"10°46'32.41""N, 106°40'15.40""E",FIX,
14:40:06.502,1786174806.503,PATH_FOLLOWING,6.080,0.307,-1.571,80.09,0.152,-1.500,0.000,0.000,0.000,0.000,0.00,10.77566979,106.67094459,10.51,"10°46'32.41""N, 106°40'15.40""E",FIX,
14:40:06.557,1786174806.557,PATH_FOLLOWING,6.080,0.307,-1.571,80.10,0.152,-1.500,0.000,0.000,0.000,0.000,0.00,10.77566977,106.67094459,10.51,"10°46'32.41""N, 106°40'15.40""E",FIX,
14:40:06.647,1786174806.647,PATH_FOLLOWING,6.080,0.306,-1.571,80.11,0.152,-1.500,0.000,0.000,0.000,0.000,0.00,10.77566977,106.67094459,10.51,"10°46'32.41""N, 106°40'15.40""E",FIX,
14:40:06.721,1786174806.722,PATH_FOLLOWING,6.080,0.305,-1.571,80.11,0.152,-1.500,0.000,0.000,0.000,0.000,0.00,10.77566977,106.67094459,10.51,"10°46'32.41""N, 106°40'15.40""E",FIX,
14:40:06.791,1786174806.791,PATH_FOLLOWING,6.080,0.305,-1.571,80.12,0.152,-1.500,0.000,0.000,0.000,0.000,0.00,10.77566976,106.67094459,10.51,"10°46'32.41""N, 106°40'15.40""E",FIX,
14:40:06.873,1786174806.873,PATH_FOLLOWING,6.080,0.304,-1.571,80.13,0.151,-1.500,0.000,0.000,0.000,0.000,0.00,10.77566976,106.67094459,10.51,"10°46'32.41""N, 106°40'15.40""E",FIX,
14:40:06.950,1786174806.951,PATH_FOLLOWING,6.080,0.303,-1.571,80.13,0.151,-1.500,0.000,0.000,0.000,0.000,0.00,10.77566976,106.67094459,10.51,"10°46'32.41""N, 106°40'15.40""E",FIX,
14:40:07.012,1786174807.012,PATH_FOLLOWING,6.080,0.303,-1.571,80.14,0.151,-1.500,0.000,0.000,0.000,0.000,0.00,10.77566974,106.67094459,10.51,"10°46'32.41""N, 106°40'15.40""E",FIX,
14:40:07.088,1786174807.089,PATH_FOLLOWING,6.080,0.302,-1.571,80.15,0.151,-1.500,0.000,0.000,0.000,0.000,0.00,10.77566974,106.67094459,10.51,"10°46'32.41""N, 106°40'15.40""E",FIX,
14:40:07.151,1786174807.152,PATH_FOLLOWING,6.080,0.302,-1.571,80.15,0.151,-1.500,0.000,0.000,0.000,0.000,0.00,10.77566974,106.67094459,10.51,"10°46'32.41""N, 106°40'15.40""E",FIX,
14:40:07.217,1786174807.218,PATH_FOLLOWING,6.080,0.301,-1.571,80.16,0.151,-1.500,0.000,0.000,0.000,0.000,0.00,10.77566972,106.67094459,10.51,"10°46'32.41""N, 106°40'15.40""E",FIX,
14:40:07.304,1786174807.304,PATH_FOLLOWING,6.080,0.300,-1.571,80.17,0.151,-1.500,0.000,0.000,0.000,0.000,0.00,10.77566972,106.67094459,10.51,"10°46'32.41""N, 106°40'15.40""E",FIX,
14:40:07.379,1786174807.379,PATH_FOLLOWING,6.080,0.300,-1.571,80.18,0.151,-1.500,0.000,0.000,0.000,0.000,0.00,10.77566972,106.67094459,10.51,"10°46'32.41""N, 106°40'15.40""E",FIX,
14:40:07.442,1786174807.443,PATH_FOLLOWING,6.080,0.299,-1.571,80.18,0.151,-1.500,0.000,0.000,0.000,0.000,0.00,10.77566971,106.67094459,10.51,"10°46'32.41""N, 106°40'15.40""E",FIX,
14:40:07.531,1786174807.531,PATH_FOLLOWING,6.080,0.298,-1.571,80.19,0.150,-1.500,0.000,0.000,0.000,0.000,0.00,10.77566971,106.67094459,10.51,"10°46'32.41""N, 106°40'15.40""E",FIX,
14:40:07.600,1786174807.601,PATH_FOLLOWING,6.080,0.298,-1.571,80.19,0.150,-1.500,0.000,0.000,0.000,0.000,0.00,10.77566971,106.67094459,10.51,"10°46'32.41""N, 106°40'15.40""E",FIX,
14:40:07.682,1786174807.682,PATH_FOLLOWING,6.080,0.297,-1.571,80.20,0.150,-1.500,0.000,0.000,0.000,0.000,0.00,10.77566969,106.67094459,10.51,"10°46'32.41""N, 106°40'15.40""E",FIX,
14:40:07.743,1786174807.743,PATH_FOLLOWING,6.080,0.297,-1.571,80.21,0.150,-1.500,0.000,0.000,0.000,0.000,0.00,10.77566969,106.67094459,10.51,"10°46'32.41""N, 106°40'15.40""E",FIX,
14:40:07.825,1786174807.825,PATH_FOLLOWING,6.080,0.296,-1.571,80.22,0.150,-1.500,0.000,0.000,0.000,0.000,0.00,10.77566969,106.67094459,10.51,"10°46'32.41""N, 106°40'15.40""E",FIX,
14:40:07.887,1786174807.888,PATH_FOLLOWING,6.080,0.296,-1.571,80.22,0.150,-1.500,0.000,0.000,0.000,0.000,0.00,10.77566967,106.67094459,10.51,"10°46'32.41""N, 106°40'15.40""E",FIX,
14:40:07.967,1786174807.968,PATH_FOLLOWING,6.080,0.295,-1.571,80.23,0.150,-1.500,0.000,0.000,0.000,0.000,0.00,10.77566967,106.67094459,10.51,"10°46'32.41""N, 106°40'15.40""E",FIX,
14:40:08.039,1786174808.040,PATH_FOLLOWING,6.080,0.294,-1.571,80.24,0.150,-1.500,0.000,0.000,0.000,0.000,0.00,10.77566967,106.67094459,10.51,"10°46'32.41""N, 106°40'15.40""E",FIX,
14:40:08.107,1786174808.108,PATH_FOLLOWING,6.080,0.294,-1.571,80.24,0.150,-1.500,0.000,0.000,0.000,0.000,0.00,10.77566966,106.67094459,10.51,"10°46'32.41""N, 106°40'15.40""E",FIX,
14:40:08.176,1786174808.177,PATH_FOLLOWING,6.080,0.293,-1.571,80.25,0.149,-1.500,0.000,0.000,0.000,0.000,0.00,10.77566966,106.67094459,10.51,"10°46'32.41""N, 106°40'15.40""E",FIX,
14:40:08.237,1786174808.237,PATH_FOLLOWING,6.080,0.292,-1.571,80.26,0.149,-1.500,0.000,0.000,0.000,0.000,0.00,10.77566966,106.67094459,10.51,"10°46'32.41""N, 106°40'15.40""E",FIX,
14:40:08.318,1786174808.318,PATH_FOLLOWING,6.080,0.292,-1.571,80.26,0.149,-1.500,0.000,0.000,0.000,0.000,0.00,10.77566964,106.67094459,10.51,"10°46'32.41""N, 106°40'15.40""E",FIX,
14:40:08.390,1786174808.391,PATH_FOLLOWING,6.080,0.291,-1.571,80.27,0.149,-1.500,0.000,0.000,0.000,0.000,0.00,10.77566964,106.67094459,10.51,"10°46'32.41""N, 106°40'15.40""E",FIX,
14:40:08.460,1786174808.460,PATH_FOLLOWING,6.080,0.291,-1.571,80.28,0.149,-1.500,0.000,0.000,0.000,0.000,0.00,10.77566964,106.67094459,10.51,"10°46'32.41""N, 106°40'15.40""E",FIX,
14:40:08.534,1786174808.535,PATH_FOLLOWING,6.080,0.290,-1.571,80.29,0.149,-1.500,0.000,0.000,0.000,0.000,0.00,10.77566962,106.67094459,10.51,"10°46'32.41""N, 106°40'15.40""E",FIX,
14:40:08.620,1786174808.621,PATH_FOLLOWING,6.080,0.289,-1.571,80.29,0.149,-1.500,0.000,0.000,0.000,0.000,0.00,10.77566962,106.67094459,10.51,"10°46'32.41""N, 106°40'15.40""E",FIX,
14:40:08.680,1786174808.680,PATH_FOLLOWING,6.080,0.289,-1.571,80.30,0.149,-1.500,0.000,0.000,0.000,0.000,0.00,10.77566962,106.67094459,10.51,"10°46'32.41""N, 106°40'15.40""E",FIX,
14:40:08.768,1786174808.769,PATH_FOLLOWING,6.080,0.288,-1.571,80.31,0.149,-1.500,0.000,0.000,0.000,0.000,0.00,10.77566961,106.67094459,10.51,"10°46'32.41""N, 106°40'15.40""E",FIX,
14:40:08.845,1786174808.846,PATH_FOLLOWING,6.080,0.287,-1.571,80.32,0.148,-1.500,0.000,0.000,0.000,0.000,0.00,10.77566961,106.67094459,10.51,"10°46'32.41""N, 106°40'15.40""E",FIX,
14:40:08.902,1786174808.903,PATH_FOLLOWING,6.080,0.287,-1.571,80.32,0.148,-1.500,0.000,0.000,0.000,0.000,0.00,10.77566961,106.67094459,10.51,"10°46'32.41""N, 106°40'15.40""E",FIX,
14:40:08.997,1786174808.997,PATH_FOLLOWING,6.080,0.286,-1.571,80.33,0.148,-1.500,0.000,0.000,0.000,0.000,0.00,10.77566959,106.67094459,10.51,"10°46'32.41""N, 106°40'15.40""E",FIX,
14:40:09.080,1786174809.080,PATH_FOLLOWING,6.080,0.286,-1.571,80.34,0.148,-1.500,0.000,0.000,0.000,0.000,0.00,10.77566959,106.67094459,10.51,"10°46'32.41""N, 106°40'15.40""E",FIX,
14:40:09.133,1786174809.134,PATH_FOLLOWING,6.080,0.285,-1.571,80.34,0.148,-1.500,0.000,0.000,0.000,0.000,0.00,10.77566959,106.67094459,10.51,"10°46'32.41""N, 106°40'15.40""E",FIX,
14:40:09.196,1786174809.197,PATH_FOLLOWING,6.080,0.285,-1.571,80.35,0.148,-1.500,0.000,0.000,0.000,0.000,0.00,10.77566957,106.67094459,10.51,"10°46'32.41""N, 106°40'15.40""E",FIX,
14:40:09.278,1786174809.278,PATH_FOLLOWING,6.080,0.284,-1.571,80.36,0.148,-1.500,0.000,0.000,0.000,0.000,0.00,10.77566957,106.67094459,10.51,"10°46'32.41""N, 106°40'15.40""E",FIX,
14:40:09.353,1786174809.354,PATH_FOLLOWING,6.080,0.283,-1.571,80.36,0.148,-1.500,0.000,0.000,0.000,0.000,0.00,10.77566957,106.67094459,10.51,"10°46'32.41""N, 106°40'15.40""E",FIX,
14:40:09.423,1786174809.423,PATH_FOLLOWING,6.080,0.283,-1.571,80.37,0.148,-1.500,0.000,0.000,0.000,0.000,0.00,10.77566956,106.67094459,10.51,"10°46'32.41""N, 106°40'15.40""E",FIX,
14:40:09.497,1786174809.498,PATH_FOLLOWING,6.080,0.282,-1.571,80.38,0.148,-1.500,0.000,0.000,0.000,0.000,0.00,10.77566956,106.67094459,10.51,"10°46'32.41""N, 106°40'15.40""E",FIX,
14:40:09.565,1786174809.566,PATH_FOLLOWING,6.080,0.281,-1.571,80.38,0.147,-1.500,0.000,0.000,0.000,0.000,0.00,10.77566956,106.67094459,10.51,"10°46'32.41""N, 106°40'15.40""E",FIX,
14:40:09.640,1786174809.641,PATH_FOLLOWING,6.080,0.281,-1.571,80.39,0.147,-1.500,0.000,0.000,0.000,0.000,0.00,10.77566954,106.67094459,10.51,"10°46'32.41""N, 106°40'15.40""E",FIX,
14:40:09.705,1786174809.706,PATH_FOLLOWING,6.080,0.280,-1.571,80.40,0.147,-1.500,0.000,0.000,0.000,0.000,0.00,10.77566954,106.67094459,10.51,"10°46'32.41""N, 106°40'15.40""E",FIX,
14:40:09.761,1786174809.762,PATH_FOLLOWING,6.080,0.280,-1.571,80.41,0.147,-1.500,0.000,0.000,0.000,0.000,0.00,10.77566954,106.67094459,10.51,"10°46'32.41""N, 106°40'15.40""E",FIX,
14:40:09.854,1786174809.854,PATH_FOLLOWING,6.080,0.279,-1.571,80.41,0.147,-1.500,0.000,0.000,0.000,0.000,0.00,10.77566952,106.67094459,10.51,"10°46'32.41""N, 106°40'15.40""E",FIX,
14:40:09.926,1786174809.927,PATH_FOLLOWING,6.080,0.278,-1.571,80.42,0.147,-1.500,0.000,0.000,0.000,0.000,0.00,10.77566952,106.67094459,10.51,"10°46'32.41""N, 106°40'15.40""E",FIX,
14:40:10.005,1786174810.005,PATH_FOLLOWING,6.080,0.278,-1.571,80.43,0.147,-1.500,0.000,0.000,0.000,0.000,0.00,10.77566952,106.67094459,10.51,"10°46'32.41""N, 106°40'15.40""E",FIX,
14:40:10.084,1786174810.084,PATH_FOLLOWING,6.080,0.277,-1.571,80.43,0.147,-1.500,0.000,0.000,0.000,0.000,0.00,10.77566951,106.67094459,10.51,"10°46'32.41""N, 106°40'15.40""E",FIX,
14:40:10.166,1786174810.166,PATH_FOLLOWING,6.080,0.277,-1.571,80.44,0.147,-1.500,0.000,0.000,0.000,0.000,0.00,10.77566951,106.67094459,10.51,"10°46'32.41""N, 106°40'15.40""E",FIX,
14:40:10.248,1786174810.249,PATH_FOLLOWING,6.080,0.276,-1.571,80.45,0.146,-1.500,0.000,0.000,0.000,0.000,0.00,10.77566951,106.67094459,10.51,"10°46'32.41""N, 106°40'15.40""E",FIX,
14:40:10.328,1786174810.328,PATH_FOLLOWING,6.080,0.275,-1.571,80.46,0.146,-1.500,0.000,0.000,0.000,0.000,0.00,10.77566949,106.67094459,10.51,"10°46'32.41""N, 106°40'15.40""E",FIX,
14:40:10.399,1786174810.399,PATH_FOLLOWING,6.080,0.275,-1.571,80.46,0.146,-1.500,0.000,0.000,0.000,0.000,0.00,10.77566949,106.67094459,10.51,"10°46'32.41""N, 106°40'15.40""E",FIX,
14:40:10.484,1786174810.484,PATH_FOLLOWING,6.080,0.274,-1.571,80.47,0.146,-1.500,0.000,0.000,0.000,0.000,0.00,10.77566949,106.67094459,10.51,"10°46'32.41""N, 106°40'15.40""E",FIX,
14:40:10.558,1786174810.558,PATH_FOLLOWING,6.080,0.274,-1.571,80.48,0.146,-1.500,0.000,0.000,0.000,0.000,0.00,10.77566947,106.67094459,10.51,"10°46'32.41""N, 106°40'15.40""E",FIX,
14:40:10.645,1786174810.645,PATH_FOLLOWING,6.080,0.273,-1.571,80.49,0.146,-1.500,0.000,0.000,0.000,0.000,0.00,10.77566947,106.67094459,10.51,"10°46'32.41""N, 106°40'15.40""E",FIX,
14:40:10.706,1786174810.707,PATH_FOLLOWING,6.080,0.272,-1.571,80.49,0.146,-1.500,0.000,0.000,0.000,0.000,0.00,10.77566947,106.67094459,10.51,"10°46'32.41""N, 106°40'15.40""E",FIX,
14:40:10.786,1786174810.787,PATH_FOLLOWING,6.080,0.272,-1.571,80.50,0.146,-1.500,0.000,0.000,0.000,0.000,0.00,10.77566946,106.67094459,10.51,"10°46'32.41""N, 106°40'15.40""E",FIX,
14:40:10.877,1786174810.877,PATH_FOLLOWING,6.080,0.271,-1.571,80.51,0.145,-1.500,0.000,0.000,0.000,0.000,0.00,10.77566946,106.67094459,10.51,"10°46'32.41""N, 106°40'15.40""E",FIX,
14:40:10.932,1786174810.933,PATH_FOLLOWING,6.080,0.271,-1.571,80.51,0.145,-1.500,0.000,0.000,0.000,0.000,0.00,10.77566946,106.67094459,10.51,"10°46'32.41""N, 106°40'15.40""E",FIX,
14:40:11.001,1786174811.002,PATH_FOLLOWING,6.080,0.270,-1.571,80.52,0.145,-1.500,0.000,0.000,0.000,0.000,0.00,10.77566944,106.67094459,10.51,"10°46'32.41""N, 106°40'15.40""E",FIX,
14:40:11.087,1786174811.088,PATH_FOLLOWING,6.080,0.269,-1.571,80.53,0.145,-1.500,0.000,0.000,0.000,0.000,0.00,10.77566944,106.67094459,10.51,"10°46'32.41""N, 106°40'15.40""E",FIX,
14:40:11.174,1786174811.174,PATH_FOLLOWING,6.080,0.269,-1.571,80.54,0.145,-1.500,0.000,0.000,0.000,0.000,0.00,10.77566944,106.67094459,10.51,"10°46'32.41""N, 106°40'15.40""E",FIX,
14:40:11.249,1786174811.249,PATH_FOLLOWING,6.080,0.268,-1.571,80.55,0.145,-1.500,0.000,0.000,0.000,0.000,0.00,10.77566942,106.67094459,10.51,"10°46'32.41""N, 106°40'15.40""E",FIX,
14:40:11.319,1786174811.319,PATH_FOLLOWING,6.080,0.268,-1.571,80.55,0.145,-1.500,0.000,0.000,0.000,0.000,0.00,10.77566942,106.67094459,10.51,"10°46'32.41""N, 106°40'15.40""E",FIX,
14:40:11.412,1786174811.413,PATH_FOLLOWING,6.080,0.267,-1.571,80.56,0.145,-1.500,0.000,0.000,0.000,0.000,0.00,10.77566942,106.67094459,10.51,"10°46'32.41""N, 106°40'15.40""E",FIX,
14:40:11.479,1786174811.480,PATH_FOLLOWING,6.080,0.266,-1.571,80.56,0.145,-1.500,0.000,0.000,0.000,0.000,0.00,10.77566941,106.67094459,10.51,"10°46'32.41""N, 106°40'15.40""E",FIX,
14:40:11.545,1786174811.546,PATH_FOLLOWING,6.080,0.266,-1.571,80.57,0.144,-1.500,0.000,0.000,0.000,0.000,0.00,10.77566941,106.67094459,10.51,"10°46'32.41""N, 106°40'15.40""E",FIX,
14:40:11.617,1786174811.617,PATH_FOLLOWING,6.080,0.265,-1.571,80.58,0.144,-1.500,0.000,0.000,0.000,0.000,0.00,10.77566941,106.67094459,10.51,"10°46'32.41""N, 106°40'15.40""E",FIX,
14:40:11.700,1786174811.700,PATH_FOLLOWING,6.080,0.265,-1.571,80.59,0.144,-1.500,0.000,0.000,0.000,0.000,0.00,10.77566939,106.67094459,10.51,"10°46'32.41""N, 106°40'15.40""E",FIX,
14:40:11.772,1786174811.773,PATH_FOLLOWING,6.080,0.264,-1.571,80.59,0.144,-1.500,0.000,0.000,0.000,0.000,0.00,10.77566939,106.67094459,10.51,"10°46'32.41""N, 106°40'15.40""E",FIX,
14:40:11.844,1786174811.845,PATH_FOLLOWING,6.080,0.263,-1.571,80.60,0.144,-1.500,0.000,0.000,0.000,0.000,0.00,10.77566939,106.67094459,10.51,"10°46'32.41""N, 106°40'15.40""E",FIX,
14:40:11.909,1786174811.910,PATH_FOLLOWING,6.080,0.263,-1.571,80.61,0.144,-1.500,0.000,0.000,0.000,0.000,0.00,10.77566937,106.67094459,10.51,"10°46'32.41""N, 106°40'15.40""E",FIX,
14:40:11.999,1786174811.999,PATH_FOLLOWING,6.080,0.262,-1.571,80.62,0.144,-1.500,0.000,0.000,0.000,0.000,0.00,10.77566937,106.67094459,10.51,"10°46'32.41""N, 106°40'15.40""E",FIX,
14:40:12.087,1786174812.087,PATH_FOLLOWING,6.080,0.261,-1.571,80.63,0.144,-1.500,0.000,0.000,0.000,0.000,0.00,10.77566937,106.67094459,10.51,"10°46'32.41""N, 106°40'15.40""E",FIX,
14:40:12.173,1786174812.173,PATH_FOLLOWING,6.080,0.261,-1.571,80.63,0.144,-1.500,0.000,0.000,0.000,0.000,0.00,10.77566936,106.67094459,10.51,"10°46'32.41""N, 106°40'15.40""E",FIX,
14:40:12.261,1786174812.262,PATH_FOLLOWING,6.080,0.260,-1.571,80.64,0.143,-1.500,0.000,0.000,0.000,0.000,0.00,10.77566936,106.67094459,10.51,"10°46'32.41""N, 106°40'15.40""E",FIX,
14:40:12.347,1786174812.348,PATH_FOLLOWING,6.080,0.260,-1.571,80.65,0.143,-1.500,0.000,0.000,0.000,0.000,0.00,10.77566936,106.67094459,10.51,"10°46'32.41""N, 106°40'15.40""E",FIX,
14:40:12.414,1786174812.414,PATH_FOLLOWING,6.080,0.259,-1.571,80.66,0.143,-1.500,0.000,0.000,0.000,0.000,0.00,10.77566934,106.67094459,10.51,"10°46'32.41""N, 106°40'15.40""E",FIX,
14:40:12.483,1786174812.483,PATH_FOLLOWING,6.080,0.258,-1.571,80.66,0.143,-1.500,0.000,0.000,0.000,0.000,0.00,10.77566934,106.67094459,10.51,"10°46'32.41""N, 106°40'15.40""E",FIX,
14:40:12.582,1786174812.582,PATH_FOLLOWING,6.080,0.258,-1.571,80.67,0.143,-1.500,0.000,0.000,0.000,0.000,0.00,10.77566934,106.67094459,10.51,"10°46'32.41""N, 106°40'15.40""E",FIX,
14:40:12.645,1786174812.645,PATH_FOLLOWING,6.080,0.257,-1.571,80.68,0.143,-1.500,0.000,0.000,0.000,0.000,0.00,10.77566932,106.67094459,10.51,"10°46'32.41""N, 106°40'15.40""E",FIX,
14:40:12.710,1786174812.710,PATH_FOLLOWING,6.080,0.257,-1.571,80.68,0.143,-1.500,0.000,0.000,0.000,0.000,0.00,10.77566932,106.67094459,10.51,"10°46'32.41""N, 106°40'15.40""E",FIX,
14:40:12.802,1786174812.802,PATH_FOLLOWING,6.080,0.256,-1.571,80.69,0.143,-1.500,0.000,0.000,0.000,0.000,0.00,10.77566932,106.67094459,10.51,"10°46'32.41""N, 106°40'15.40""E",FIX,
14:40:12.866,1786174812.867,PATH_FOLLOWING,6.080,0.255,-1.571,80.70,0.142,-1.500,0.000,0.000,0.000,0.000,0.00,10.77566932,106.67094459,10.51,"10°46'32.41""N, 106°40'15.40""E",FIX,
14:40:12.953,1786174812.953,PATH_FOLLOWING,6.080,0.255,-1.571,80.71,0.142,-1.500,0.000,0.000,0.000,0.000,0.00,10.77566931,106.67094459,10.51,"10°46'32.41""N, 106°40'15.40""E",FIX,
14:40:13.030,1786174813.031,PATH_FOLLOWING,6.080,0.254,-1.571,80.71,0.142,-1.500,0.000,0.000,0.000,0.000,0.00,10.77566931,106.67094459,10.51,"10°46'32.41""N, 106°40'15.40""E",FIX,
14:40:13.123,1786174813.123,PATH_FOLLOWING,6.080,0.254,-1.571,80.72,0.142,-1.500,0.000,0.000,0.000,0.000,0.00,10.77566929,106.67094459,10.51,"10°46'32.41""N, 106°40'15.40""E",FIX,
14:40:13.203,1786174813.204,PATH_FOLLOWING,6.080,0.253,-1.571,80.73,0.142,-1.500,0.000,0.000,0.000,0.000,0.00,10.77566929,106.67094459,10.51,"10°46'32.41""N, 106°40'15.40""E",FIX,
14:40:13.282,1786174813.283,PATH_FOLLOWING,6.080,0.252,-1.571,80.74,0.142,-1.500,0.000,0.000,0.000,0.000,0.00,10.77566929,106.67094459,10.51,"10°46'32.41""N, 106°40'15.40""E",FIX,
14:40:13.346,1786174813.346,PATH_FOLLOWING,6.080,0.252,-1.571,80.75,0.142,-1.500,0.000,0.000,0.000,0.000,0.00,10.77566929,106.67094459,10.51,"10°46'32.41""N, 106°40'15.40""E",FIX,
14:40:13.415,1786174813.415,PATH_FOLLOWING,6.080,0.251,-1.571,80.75,0.142,-1.500,0.000,0.000,0.000,0.000,0.00,10.77566927,106.67094459,10.51,"10°46'32.41""N, 106°40'15.40""E",FIX,
14:40:13.494,1786174813.494,PATH_FOLLOWING,6.080,0.250,-1.571,80.76,0.142,-1.500,0.000,0.000,0.000,0.000,0.00,10.77566927,106.67094459,10.51,"10°46'32.41""N, 106°40'15.40""E",FIX,
14:40:13.571,1786174813.571,PATH_FOLLOWING,6.080,0.250,-1.571,80.77,0.141,-1.500,0.000,0.000,0.000,0.000,0.00,10.77566927,106.67094459,10.51,"10°46'32.41""N, 106°40'15.40""E",FIX,
14:40:13.644,1786174813.644,PATH_FOLLOWING,6.080,0.249,-1.571,80.78,0.141,-1.500,0.000,0.000,0.000,0.000,0.00,10.77566926,106.67094459,10.51,"10°46'32.41""N, 106°40'15.40""E",FIX,
14:40:13.703,1786174813.703,PATH_FOLLOWING,6.080,0.249,-1.571,80.78,0.141,-1.500,0.000,0.000,0.000,0.000,0.00,10.77566926,106.67094459,10.51,"10°46'32.41""N, 106°40'15.40""E",FIX,
14:40:13.772,1786174813.772,PATH_FOLLOWING,6.080,0.248,-1.571,80.79,0.141,-1.500,0.000,0.000,0.000,0.000,0.00,10.77566926,106.67094459,10.51,"10°46'32.41""N, 106°40'15.40""E",FIX,
14:40:13.843,1786174813.844,PATH_FOLLOWING,6.080,0.248,-1.571,80.80,0.141,-1.500,0.000,0.000,0.000,0.000,0.00,10.77566924,106.67094459,10.51,"10°46'32.41""N, 106°40'15.40""E",FIX,
14:40:13.921,1786174813.922,PATH_FOLLOWING,6.080,0.247,-1.571,80.81,0.141,-1.500,0.000,0.000,0.000,0.000,0.00,10.77566924,106.67094459,10.51,"10°46'32.41""N, 106°40'15.40""E",FIX,
14:40:13.998,1786174813.999,PATH_FOLLOWING,6.080,0.246,-1.571,80.82,0.141,-1.500,0.000,0.000,0.000,0.000,0.00,10.77566924,106.67094459,10.51,"10°46'32.41""N, 106°40'15.40""E",FIX,
14:40:14.064,1786174814.064,PATH_FOLLOWING,6.080,0.246,-1.571,80.82,0.141,-1.500,0.000,0.000,0.000,0.000,0.00,10.77566922,106.67094459,10.51,"10°46'32.41""N, 106°40'15.40""E",FIX,
14:40:14.156,1786174814.156,PATH_FOLLOWING,6.080,0.245,-1.571,80.83,0.140,-1.500,0.000,0.000,0.000,0.000,0.00,10.77566922,106.67094459,10.51,"10°46'32.41""N, 106°40'15.40""E",FIX,
14:40:14.224,1786174814.224,PATH_FOLLOWING,6.080,0.244,-1.571,80.84,0.140,-1.500,0.000,0.000,0.000,0.000,0.00,10.77566922,106.67094459,10.51,"10°46'32.41""N, 106°40'15.40""E",FIX,
