Time,Unix_Timestamp,FSM_State,Pos_X_m,Pos_Y_m,Yaw_rad,Steer_Angle_deg,Linear_Vel_mps,Angular_Vel_radps,IMU_Yaw_rad,IMU_Angular_Vel_z,IMU_Accel_x,Confidence,Dist_Traveled_m,GPS_Latitude,GPS_Longitude,GPS_Altitude_m,GPS_DMS,GPS_Status,Event
13:16:25.776,1786256185.777,TRACKING,-0.000,0.000,-0.000,0.00,0.450,-0.000,0.000,0.000,0.000,0.000,0.00,10.77566700,106.67088900,10.00,"10°46'32.40""N, 106°40'15.20""E",ODOM_ESTIMATED,
13:16:25.789,1786256185.789,TRACKING,-0.000,0.000,-0.000,0.00,0.450,-0.000,0.000,0.000,0.000,0.000,0.00,10.77566700,106.67088900,10.00,"10°46'32.40""N, 106°40'15.20""E",ODOM_ESTIMATED,
13:16:25.800,1786256185.800,TRACKING,-0.000,0.000,-0.000,0.00,0.450,-0.000,0.000,0.000,0.000,0.000,0.00,10.77567062,106.67087529,10.51,"10°46'32.41""N, 106°40'15.15""E",FIX,
13:16:25.872,1786256185.872,TRACKING,0.019,-0.000,-0.000,0.00,0.450,-0.000,0.000,0.000,0.000,0.000,0.02,10.77567062,106.67087529,10.51,"10°46'32.41""N, 106°40'15.15""E",FIX,
13:16:25.952,1786256185.952,TRACKING,0.046,-0.000,-0.000,0.00,0.450,-0.000,0.000,0.000,0.000,0.000,0.05,10.77567062,106.67087529,10.51,"10°46'32.41""N, 106°40'15.15""E",FIX,
13:16:26.374,1786256186.375,TRACKING,0.181,-0.000,0.000,0.00,0.450,-0.000,0.000,0.000,0.000,0.000,0.18,10.77567062,106.67087529,10.51,"10°46'32.41""N, 106°40'15.15""E",FIX,
13:16:26.382,1786256186.382,TRACKING,0.181,-0.000,0.000,0.00,0.450,-0.000,0.000,0.000,0.000,0.000,0.18,10.77567062,106.67087529,10.51,"10°46'32.41""N, 106°40'15.15""E",FIX,
13:16:26.390,1786256186.390,TRACKING,0.181,-0.000,0.000,0.00,0.450,-0.000,0.000,0.000,0.000,0.000,0.18,10.77567062,106.67087529,10.51,"10°46'32.41""N, 106°40'15.15""E",FIX,
13:16:26.404,1786256186.405,TRACKING,0.181,-0.000,0.000,0.00,0.450,-0.000,0.000,0.000,0.000,0.000,0.18,10.77567062,106.67087529,10.51,"10°46'32.41""N, 106°40'15.15""E",FIX,
13:16:26.440,1786256186.440,TRACKING,0.199,-0.000,0.000,0.00,0.450,-0.000,0.000,0.000,0.000,0.000,0.20,10.77567062,106.67087529,10.51,"10°46'32.41""N, 106°40'15.15""E",FIX,
13:16:26.532,1786256186.532,TRACKING,0.226,-0.000,-0.000,0.00,0.450,-0.000,0.000,0.000,0.000,0.000,0.23,10.77567062,106.67087529,10.51,"10°46'32.41""N, 106°40'15.15""E",FIX,
13:16:26.618,1786256186.619,TRACKING,0.262,-0.000,-0.000,0.00,0.450,-0.000,0.000,0.000,0.000,0.000,0.26,10.77567062,106.67087529,10.51,"10°46'32.41""N, 106°40'15.15""E",FIX,
13:16:26.701,1786256186.702,TRACKING,0.289,-0.000,-0.000,0.00,0.450,-0.000,0.000,0.000,0.000,0.042,0.29,10.77567062,106.67087529,10.51,"10°46'32.41""N, 106°40'15.15""E",FIX,
13:16:26.789,1786256186.789,TRACKING,0.307,-0.000,-0.000,0.00,0.450,-0.000,0.000,0.000,0.000,0.083,0.31,10.77567062,106.67087529,10.51,"10°46'32.41""N, 106°40'15.15""E",FIX,
13:16:26.879,1786256186.879,TRACKING,0.343,-0.000,-0.000,0.00,0.450,-0.000,0.000,0.000,0.000,0.146,0.34,10.77567062,106.67087529,10.51,"10°46'32.41""N, 106°40'15.15""E",FIX,
13:16:26.958,1786256186.958,TRACKING,0.379,-0.000,-0.000,0.00,0.450,-0.000,0.000,0.000,0.000,0.208,0.38,10.77567062,106.67087529,10.51,"10°46'32.41""N, 106°40'15.15""E",FIX,
13:16:27.059,1786256187.059,TRACKING,0.406,-0.000,-0.000,0.00,0.450,-0.000,0.000,0.000,0.000,0.250,0.41,10.77567062,106.67087529,10.51,"10°46'32.41""N, 106°40'15.15""E",FIX,
13:16:27.156,1786256187.156,TRACKING,0.442,-0.000,-0.000,0.00,0.450,-0.000,0.000,0.000,0.000,0.333,0.44,10.77567062,106.67087529,10.51,"10°46'32.41""N, 106°40'15.15""E",FIX,
13:16:27.239,1786256187.239,TRACKING,0.460,-0.000,-0.000,0.00,0.450,-0.000,0.000,0.000,0.000,0.375,0.46,10.77567062,106.67087529,10.51,"10°46'32.41""N, 106°40'15.15""E",FIX,
13:16:27.339,1786256187.340,TRACKING,0.487,-0.000,-0.000,0.00,0.450,-0.000,0.000,0.000,0.000,0.437,0.49,10.77567062,106.67087529,10.51,"10°46'32.41""N, 106°40'15.15""E",FIX,
13:16:27.432,1786256187.433,TRACKING,0.523,-0.000,-0.000,0.00,0.450,-0.000,0.000,0.000,0.000,0.500,0.52,10.77567062,106.67087529,10.51,"10°46'32.41""N, 106°40'15.15""E",FIX,
13:16:27.525,1786256187.525,TRACKING,0.559,-0.000,-0.000,0.00,0.450,-0.000,0.000,0.000,0.000,0.562,0.56,10.77567062,106.67087529,10.51,"10°46'32.41""N, 106°40'15.15""E",FIX,
13:16:27.656,1786256187.657,TRACKING,0.586,-0.000,-0.000,0.00,0.450,-0.000,0.000,0.000,0.000,0.625,0.59,10.77567062,106.67087529,10.51,"10°46'32.41""N, 106°40'15.15""E",FIX,
13:16:27.709,1786256187.709,TRACKING,0.613,-0.000,-0.000,0.00,0.450,-0.000,0.000,0.000,0.000,0.708,0.61,10.77567062,106.67087529,10.51,"10°46'32.41""N, 106°40'15.15""E",FIX,
13:16:27.790,1786256187.791,TRACKING,0.640,-0.000,-0.000,0.00,0.450,-0.000,0.000,0.000,0.000,0.771,0.64,10.77567062,106.67087529,10.51,"10°46'32.41""N, 106°40'15.15""E",FIX,
13:16:27.890,1786256187.891,TRACKING,0.676,-0.000,-0.000,0.00,0.450,-0.000,0.000,0.000,0.000,0.833,0.68,10.77566700,106.67089518,10.00,"10°46'32.40""N, 106°40'15.22""E",ODOM_ESTIMATED,
13:16:27.963,1786256187.964,TRACKING,0.703,-0.000,-0.000,0.00,0.450,-0.000,0.000,0.000,0.000,0.917,0.70,10.77566700,106.67089543,10.00,"10°46'32.40""N, 106°40'15.22""E",ODOM_ESTIMATED,
13:16:28.035,1786256188.035,TRACKING,0.730,-0.000,-0.000,0.00,0.450,-0.000,0.000,0.000,0.000,1.000,0.73,10.77566700,106.67089567,10.00,"10°46'32.40""N, 106°40'15.22""E",ODOM_ESTIMATED,
13:16:28.159,1786256188.160,TRACKING,0.775,-0.000,-0.000,0.00,0.450,-0.000,0.000,0.000,0.000,1.000,0.77,10.77566700,106.67089609,10.00,"10°46'32.40""N, 106°40'15.23""E",ODOM_ESTIMATED,
13:16:28.223,1786256188.223,TRACKING,0.793,-0.000,-0.000,0.00,0.450,-0.000,0.000,0.000,0.000,1.000,0.79,10.77566700,106.67089625,10.00,"10°46'32.40""N, 106°40'15.23""E",ODOM_ESTIMATED,
13:16:28.304,1786256188.304,TRACKING,0.820,-0.000,-0.000,0.00,0.450,-0.000,0.000,0.000,0.000,1.000,0.82,10.77567062,106.67087892,10.51,"10°46'32.41""N, 106°40'15.16""E",FIX,
13:16:28.380,1786256188.381,TRACKING,0.847,-0.000,-0.000,0.00,0.450,-0.000,0.000,0.000,0.000,1.000,0.85,10.77567062,106.67087892,10.51,"10°46'32.41""N, 106°40'15.16""E",FIX,
13:16:28.485,1786256188.486,TRACKING,0.883,-0.000,-0.000,0.00,0.450,-0.000,0.000,0.000,0.000,1.000,0.88,10.77567062,106.67087892,10.51,"10°46'32.41""N, 106°40'15.16""E",FIX,
13:16:28.559,1786256188.560,TRACKING,0.910,-0.000,-0.000,0.00,0.450,-0.000,0.000,0.000,0.000,1.000,0.91,10.77567062,106.67087933,10.51,"10°46'32.41""N, 106°40'15.17""E",FIX,
13:16:28.659,1786256188.660,TRACKING,0.937,-0.000,-0.000,0.00,0.450,-0.000,0.000,0.000,0.000,1.000,0.94,10.77567062,106.67087933,10.51,"10°46'32.41""N, 106°40'15.17""E",FIX,
13:16:28.754,1786256188.754,TRACKING,0.964,-0.000,-0.000,0.00,0.450,-0.000,0.000,0.000,0.000,1.000,0.96,10.77567062,106.67087933,10.51,"10°46'32.41""N, 106°40'15.17""E",FIX,
13:16:28.870,1786256188.870,TRACKING,1.009,-0.000,-0.000,0.00,0.450,-0.000,0.000,0.000,0.000,1.000,1.01,10.77567062,106.67087974,10.51,"10°46'32.41""N, 106°40'15.17""E",FIX,
13:16:28.938,1786256188.939,TRACKING,1.027,-0.000,-0.000,0.00,0.450,-0.000,0.000,0.000,0.000,1.000,1.03,10.77567062,106.67087974,10.51,"10°46'32.41""N, 106°40'15.17""E",FIX,
13:16:29.038,1786256189.038,TRACKING,1.054,-0.000,-0.000,0.00,0.450,-0.000,0.000,0.000,0.000,1.000,1.05,10.77567062,106.67087974,10.51,"10°46'32.41""N, 106°40'15.17""E",FIX,
13:16:29.132,1786256189.132,TRACKING,1.090,-0.000,-0.000,0.00,0.450,-0.000,0.000,0.000,0.000,1.000,1.09,10.77567062,106.67088016,10.51,"10°46'32.41""N, 106°40'15.17""E",FIX,
13:16:29.231,1786256189.232,TRACKING,1.117,-0.000,-0.000,0.00,0.450,-0.000,0.000,0.000,0.000,1.000,1.12,10.77567062,106.67088016,10.51,"10°46'32.41""N, 106°40'15.17""E",FIX,
13:16:29.349,1786256189.350,TRACKING,1.144,-0.000,-0.000,0.00,0.450,-0.000,0.000,0.000,0.000,1.000,1.14,10.77567062,106.67088016,10.51,"10°46'32.41""N, 106°40'15.17""E",FIX,
13:16:29.464,1786256189.465,TRACKING,1.171,-0.000,-0.000,0.00,0.450,-0.000,0.000,0.000,0.000,1.000,1.17,10.77567062,106.67088057,10.51,"10°46'32.41""N, 106°40'15.17""E",FIX,
13:16:29.579,1786256189.579,TRACKING,1.207,-0.000,-0.000,0.00,0.450,-0.002,0.000,0.000,0.000,1.000,1.21,10.77567062,106.67088057,10.51,"10°46'32.41""N, 106°40'15.17""E",FIX,
13:16:29.667,1786256189.668,TRACKING,1.243,-0.000,-0.000,0.00,0.450,-0.002,0.000,0.000,0.000,1.000,1.24,10.77567062,106.67088057,10.51,"10°46'32.41""N, 106°40'15.17""E",FIX,
13:16:29.733,1786256189.734,TRACKING,1.261,-0.000,-0.000,0.01,0.450,-0.002,0.000,0.000,0.000,1.000,1.26,10.77567062,106.67088098,10.51,"10°46'32.41""N, 106°40'15.17""E",FIX,
13:16:29.827,1786256189.828,TRACKING,1.297,-0.000,-0.000,0.01,0.450,-0.001,0.000,0.000,0.000,1.000,1.30,10.77567062,106.67088098,10.51,"10°46'32.41""N, 106°40'15.17""E",FIX,
13:16:29.961,1786256189.961,TRACKING,1.324,-0.000,-0.000,0.01,0.450,-0.001,0.000,0.000,0.000,1.000,1.32,10.77567062,106.67088098,10.51,"10°46'32.41""N, 106°40'15.17""E",FIX,
13:16:30.036,1786256190.037,TRACKING,1.360,-0.000,-0.000,0.00,0.450,0.003,0.000,0.000,0.000,0.583,1.36,10.77567062,106.67088139,10.51,"10°46'32.41""N, 106°40'15.17""E",FIX,
13:16:30.112,1786256190.113,TRACKING,1.387,-0.000,-0.000,-0.00,0.450,0.003,0.000,0.000,0.000,0.667,1.39,10.77567062,106.67088139,10.51,"10°46'32.41""N, 106°40'15.17""E",FIX,
13:16:30.227,1786256190.228,TRACKING,1.423,-0.000,-0.000,-0.00,0.450,0.002,0.000,0.000,0.000,0.729,1.42,10.77567062,106.67088139,10.51,"10°46'32.41""N, 106°40'15.17""E",FIX,
13:16:30.309,1786256190.309,TRACKING,1.459,-0.000,-0.000,-0.00,0.450,0.001,0.000,0.000,0.000,0.812,1.46,10.77567062,106.67088180,10.51,"10°46'32.41""N, 106°40'15.17""E",FIX,
13:16:30.368,1786256190.369,TRACKING,1.477,-0.000,0.000,-0.01,0.450,0.002,0.000,0.000,0.000,0.875,1.48,10.77567062,106.67088180,10.51,"10°46'32.41""N, 106°40'15.17""E",FIX,
13:16:30.532,1786256190.532,TRACKING,1.504,-0.000,0.000,-0.01,0.450,0.001,0.000,0.000,0.000,0.958,1.50,10.77567062,106.67088180,10.51,"10°46'32.41""N, 106°40'15.17""E",FIX,
13:16:30.635,1786256190.636,TRACKING,1.531,-0.000,0.000,-0.01,0.450,0.001,0.000,0.000,0.000,1.000,1.53,10.77567062,106.67088221,10.51,"10°46'32.41""N, 106°40'15.18""E",FIX,
13:16:30.712,1786256190.713,TRACKING,1.558,-0.000,0.000,-0.01,0.450,0.001,0.000,0.000,0.000,1.000,1.56,10.77567062,106.67088221,10.51,"10°46'32.41""N, 106°40'15.18""E",FIX,
13:16:30.797,1786256190.798,TRACKING,1.585,-0.000,0.000,-0.01,0.450,0.001,0.000,0.000,0.000,1.000,1.58,10.77567062,106.67088221,10.51,"10°46'32.41""N, 106°40'15.18""E",FIX,
13:16:30.897,1786256190.898,TRACKING,1.621,-0.000,0.000,-0.01,0.450,0.001,0.000,0.000,0.000,1.000,1.62,10.77567062,106.67088262,10.51,"10°46'32.41""N, 106°40'15.18""E",FIX,
13:16:31.005,1786256191.005,TRACKING,1.657,-0.000,0.001,-0.01,0.450,0.001,0.000,0.000,0.000,1.000,1.66,10.77567062,106.67088262,10.51,"10°46'32.41""N, 106°40'15.18""E",FIX,
13:16:31.076,1786256191.077,TRACKING,1.684,0.000,0.001,-0.01,0.450,0.001,0.000,0.000,0.000,1.000,1.68,10.77567062,106.67088262,10.51,"10°46'32.41""N, 106°40'15.18""E",FIX,
13:16:31.181,1786256191.181,TRACKING,1.711,0.000,0.001,-0.01,0.450,0.001,0.000,0.000,0.000,1.000,1.71,10.77567062,106.67088304,10.51,"10°46'32.41""N, 106°40'15.18""E",FIX,
13:16:31.265,1786256191.266,TRACKING,1.747,0.000,0.001,-0.01,0.450,0.001,0.000,0.000,0.000,1.000,1.75,10.77567062,106.67088304,10.51,"10°46'32.41""N, 106°40'15.18""E",FIX,
13:16:31.336,1786256191.336,TRACKING,1.774,0.000,0.001,-0.01,0.450,0.001,0.000,0.000,0.000,1.000,1.77,10.77567062,106.67088304,10.51,"10°46'32.41""N, 106°40'15.18""E",FIX,
13:16:31.425,1786256191.426,TRACKING,1.801,0.000,0.001,-0.01,0.450,0.001,0.000,0.000,0.000,1.000,1.80,10.77567062,106.67088345,10.51,"10°46'32.41""N, 106°40'15.18""E",FIX,
13:16:31.527,1786256191.528,TRACKING,1.837,0.000,0.001,-0.01,0.450,0.001,0.000,0.000,0.000,1.000,1.84,10.77567062,106.67088345,10.51,"10°46'32.41""N, 106°40'15.18""E",FIX,
13:16:31.629,1786256191.629,TRACKING,1.864,0.000,0.001,-0.01,0.450,0.001,0.000,0.000,0.000,1.000,1.86,10.77567062,106.67088345,10.51,"10°46'32.41""N, 106°40'15.18""E",FIX,
13:16:31.687,1786256191.687,TRACKING,1.891,0.000,0.001,-0.01,0.450,0.001,0.000,0.000,0.000,1.000,1.89,10.77567062,106.67088386,10.51,"10°46'32.41""N, 106°40'15.18""E",FIX,
13:16:31.781,1786256191.782,TRACKING,1.918,0.000,0.001,-0.01,0.450,0.001,0.000,0.000,0.000,1.000,1.92,10.77567062,106.67088386,10.51,"10°46'32.41""N, 106°40'15.18""E",FIX,
13:16:31.864,1786256191.865,TRACKING,1.945,0.000,0.001,-0.01,0.450,0.002,0.000,0.000,0.000,1.000,1.94,10.77567062,106.67088386,10.51,"10°46'32.41""N, 106°40'15.18""E",FIX,
13:16:31.972,1786256191.973,TRACKING,1.990,0.000,0.001,-0.01,0.450,0.001,0.000,0.000,0.000,1.000,1.99,10.77567062,106.67088427,10.51,"10°46'32.41""N, 106°40'15.18""E",FIX,
13:16:32.065,1786256192.066,TRACKING,2.017,0.000,0.001,-0.01,0.450,0.001,0.000,0.000,0.000,1.000,2.02,10.77567062,106.67088427,10.51,"10°46'32.41""N, 106°40'15.18""E",FIX,
13:16:32.134,1786256192.134,TRACKING,2.044,0.000,0.001,-0.01,0.450,0.001,0.000,0.000,0.000,1.000,2.04,10.77567062,106.67088427,10.51,"10°46'32.41""N, 106°40'15.18""E",FIX,
13:16:32.236,1786256192.236,TRACKING,2.071,0.000,0.001,-0.00,0.450,-0.003,0.000,0.000,0.000,1.000,2.07,10.77567062,106.67088468,10.51,"10°46'32.41""N, 106°40'15.18""E",FIX,
13:16:32.310,1786256192.310,TRACKING,2.098,0.000,0.001,-0.00,0.450,-0.003,0.000,0.000,0.000,1.000,2.10,10.77567062,106.67088468,10.51,"10°46'32.41""N, 106°40'15.18""E",FIX,
13:16:32.403,1786256192.404,TRACKING,2.134,0.000,0.001,0.00,0.450,-0.004,0.000,0.000,0.000,0.729,2.13,10.77567062,106.67088468,10.51,"10°46'32.41""N, 106°40'15.18""E",FIX,
13:16:32.504,1786256192.504,TRACKING,2.161,0.000,0.001,0.01,0.450,-0.003,0.000,0.000,0.000,0.625,2.16,10.77567062,106.67088509,10.51,"10°46'32.41""N, 106°40'15.19""E",FIX,
13:16:32.570,1786256192.570,TRACKING,2.179,0.000,0.001,0.01,0.450,-0.004,0.000,0.000,0.000,0.687,2.18,10.77567062,106.67088509,10.51,"10°46'32.41""N, 106°40'15.19""E",FIX,
13:16:32.652,1786256192.652,TRACKING,2.215,0.000,0.000,0.01,0.450,-0.002,0.000,0.000,0.000,0.771,2.21,10.77567062,106.67088509,10.51,"10°46'32.41""N, 106°40'15.19""E",FIX,
13:16:32.766,1786256192.766,TRACKING,2.242,0.000,0.000,0.01,0.450,-0.002,0.000,0.000,0.000,0.833,2.24,10.77567062,106.67088550,10.51,"10°46'32.41""N, 106°40'15.19""E",FIX,
13:16:32.848,1786256192.848,TRACKING,2.278,0.000,-0.000,0.01,0.450,-0.002,0.000,0.000,0.000,0.917,2.28,10.77567062,106.67088550,10.51,"10°46'32.41""N, 106°40'15.19""E",FIX,
13:16:32.945,1786256192.945,TRACKING,2.314,0.000,-0.000,0.02,0.450,-0.002,0.000,0.000,0.000,1.000,2.31,10.77567062,106.67088550,10.51,"10°46'32.41""N, 106°40'15.19""E",FIX,
13:16:33.011,1786256193.012,TRACKING,2.332,0.000,-0.000,0.02,0.450,-0.002,0.000,0.000,0.000,1.000,2.33,10.77567062,106.67088592,10.51,"10°46'32.41""N, 106°40'15.19""E",FIX,
13:16:33.124,1786256193.125,TRACKING,2.368,0.000,-0.000,0.02,0.450,-0.002,0.000,0.000,0.000,1.000,2.37,10.77567062,106.67088592,10.51,"10°46'32.41""N, 106°40'15.19""E",FIX,
13:16:33.188,1786256193.189,TRACKING,2.395,0.000,-0.001,0.02,0.450,-0.002,0.000,0.000,0.000,1.000,2.39,10.77567062,106.67088592,10.51,"10°46'32.41""N, 106°40'15.19""E",FIX,
13:16:33.271,1786256193.272,TRACKING,2.422,0.000,-0.001,0.02,0.450,-0.002,0.000,0.000,0.000,1.000,2.42,10.77567062,106.67088633,10.51,"10°46'32.41""N, 106°40'15.19""E",FIX,
13:16:33.402,1786256193.403,TRACKING,2.458,0.000,-0.001,0.02,0.450,-0.002,0.000,0.000,0.000,1.000,2.46,10.77567062,106.67088633,10.51,"10°46'32.41""N, 106°40'15.19""E",FIX,
13:16:33.493,1786256193.493,TRACKING,2.485,0.000,-0.001,0.02,0.450,-0.002,0.000,0.000,0.000,1.000,2.48,10.77567062,106.67088633,10.51,"10°46'32.41""N, 106°40'15.19""E",FIX,
13:16:33.584,1786256193.585,TRACKING,2.512,0.000,-0.001,0.02,0.450,-0.002,0.000,0.000,0.000,1.000,2.51,10.77567062,106.67088674,10.51,"10°46'32.41""N, 106°40'15.19""E",FIX,
13:16:33.678,1786256193.679,TRACKING,2.539,0.000,-0.001,0.02,0.450,-0.001,0.000,0.000,0.000,1.000,2.54,10.77567062,106.67088674,10.51,"10°46'32.41""N, 106°40'15.19""E",FIX,
13:16:33.767,1786256193.767,TRACKING,2.575,0.000,-0.001,0.02,0.450,-0.001,0.000,0.000,0.000,1.000,2.57,10.77567062,106.67088674,10.51,"10°46'32.41""N, 106°40'15.19""E",FIX,
13:16:33.845,1786256193.845,TRACKING,2.602,0.000,-0.001,0.02,0.450,-0.001,0.000,0.000,0.000,1.000,2.60,10.77567062,106.67088715,10.51,"10°46'32.41""N, 106°40'15.19""E",FIX,
13:16:33.934,1786256193.935,TRACKING,2.638,0.000,-0.001,0.02,0.450,-0.001,0.000,0.000,0.000,1.000,2.64,10.77567062,106.67088715,10.51,"10°46'32.41""N, 106°40'15.19""E",FIX,
13:16:33.998,1786256193.998,TRACKING,2.665,0.000,-0.002,0.02,0.450,-0.001,0.000,0.000,0.000,1.000,2.66,10.77567062,106.67088715,10.51,"10°46'32.41""N, 106°40'15.19""E",FIX,
13:16:34.135,1786256194.136,TRACKING,2.692,0.000,-0.002,0.02,0.450,-0.001,0.000,0.000,0.000,1.000,2.69,10.77567062,106.67088756,10.51,"10°46'32.41""N, 106°40'15.20""E",FIX,
13:16:34.198,1786256194.199,TRACKING,2.728,0.000,-0.002,0.02,0.450,-0.000,0.000,0.000,0.000,1.000,2.73,10.77567062,106.67088756,10.51,"10°46'32.41""N, 106°40'15.20""E",FIX,
13:16:34.279,1786256194.280,TRACKING,2.755,0.000,-0.002,0.02,0.450,-0.000,0.000,0.000,0.000,1.000,2.75,10.77567062,106.67088756,10.51,"10°46'32.41""N, 106°40'15.20""E",FIX,
13:16:34.370,1786256194.371,TRACKING,2.782,-0.000,-0.002,0.02,0.450,-0.002,0.000,0.000,0.000,1.000,2.78,10.77567062,106.67088797,10.51,"10°46'32.41""N, 106°40'15.20""E",FIX,
13:16:34.470,1786256194.470,TRACKING,2.809,-0.000,-0.002,0.01,0.450,0.000,0.000,0.000,0.000,1.000,2.81,10.77567062,106.67088797,10.51,"10°46'32.41""N, 106°40'15.20""E",FIX,
13:16:34.621,1786256194.622,TRACKING,2.836,-0.000,-0.002,0.01,0.450,0.000,0.000,0.000,0.000,1.000,2.84,10.77567062,106.67088797,10.51,"10°46'32.41""N, 106°40'15.20""E",FIX,
13:16:34.766,1786256194.766,TRACKING,2.872,-0.000,-0.002,0.01,0.450,-0.000,0.000,0.000,0.000,1.000,2.87,10.77567062,106.67088838,10.51,"10°46'32.41""N, 106°40'15.20""E",FIX,
13:16:34.846,1786256194.846,TRACKING,2.899,-0.000,-0.002,0.01,0.450,0.001,0.000,0.000,0.000,0.896,2.90,10.77567062,106.67088838,10.51,"10°46'32.41""N, 106°40'15.20""E",FIX,
13:16:34.926,1786256194.926,TRACKING,2.926,-0.000,-0.002,0.01,0.450,0.002,0.000,0.000,0.000,0.521,2.93,10.77567062,106.67088838,10.51,"10°46'32.41""N, 106°40'15.20""E",FIX,
13:16:34.997,1786256194.997,TRACKING,2.953,-0.000,-0.002,0.01,0.450,0.001,0.000,0.000,0.000,0.583,2.95,10.77567062,106.67088838,10.51,"10°46'32.41""N, 106°40'15.20""E",FIX,
13:16:35.091,1786256195.092,TRACKING,2.989,-0.000,-0.002,0.00,0.450,0.001,0.000,0.000,0.000,0.667,2.99,10.77567062,106.67088880,10.51,"10°46'32.41""N, 106°40'15.20""E",FIX,
13:16:35.202,1786256195.202,TRACKING,3.025,-0.000,-0.002,0.00,0.450,0.000,0.000,0.000,0.000,0.729,3.02,10.77567062,106.67088880,10.51,"10°46'32.41""N, 106°40'15.20""E",FIX,
13:16:35.300,1786256195.300,TRACKING,3.052,-0.001,-0.002,0.00,0.450,0.000,0.000,0.000,0.000,0.792,3.05,10.77567062,106.67088921,10.51,"10°46'32.41""N, 106°40'15.20""E",FIX,
13:16:35.372,1786256195.372,TRACKING,3.079,-0.001,-0.002,0.00,0.450,0.000,0.000,0.000,0.000,0.854,3.08,10.77567062,106.67088921,10.51,"10°46'32.41""N, 106°40'15.20""E",FIX,
13:16:35.456,1786256195.457,TRACKING,3.106,-0.001,-0.002,0.00,0.450,0.000,0.000,0.000,0.000,0.937,3.11,10.77567062,106.67088921,10.51,"10°46'32.41""N, 106°40'15.20""E",FIX,
13:16:35.547,1786256195.548,TRACKING,3.142,-0.001,-0.001,0.00,0.450,0.000,0.000,0.000,0.000,1.000,3.14,10.77567062,106.67088962,10.51,"10°46'32.41""N, 106°40'15.20""E",FIX,
13:16:35.632,1786256195.632,TRACKING,3.169,-0.001,-0.001,0.00,0.450,0.000,0.000,0.000,0.000,1.000,3.17,10.77567062,106.67088962,10.51,"10°46'32.41""N, 106°40'15.20""E",FIX,
13:16:35.732,1786256195.732,TRACKING,3.205,-0.001,-0.001,0.00,0.450,0.000,0.000,0.000,0.000,1.000,3.20,10.77567062,106.67088962,10.51,"10°46'32.41""N, 106°40'15.20""E",FIX,
13:16:35.797,1786256195.798,TRACKING,3.223,-0.001,-0.001,0.00,0.450,0.000,0.000,0.000,0.000,1.000,3.22,10.77567062,106.67088962,10.51,"10°46'32.41""N, 106°40'15.20""E",FIX,
13:16:35.899,1786256195.900,TRACKING,3.259,-0.001,-0.001,0.00,0.450,0.000,0.000,0.000,0.000,1.000,3.26,10.77567062,106.67089003,10.51,"10°46'32.41""N, 106°40'15.20""E",FIX,
13:16:35.995,1786256195.996,TRACKING,3.286,-0.001,-0.001,0.00,0.450,0.000,0.000,0.000,0.000,1.000,3.29,10.77567062,106.67089003,10.51,"10°46'32.41""N, 106°40'15.20""E",FIX,
13:16:36.150,1786256196.151,TRACKING,3.322,-0.001,-0.001,0.00,0.450,0.000,0.000,0.000,0.000,1.000,3.32,10.77567062,106.67089044,10.51,"10°46'32.41""N, 106°40'15.21""E",FIX,
13:16:36.244,1786256196.245,TRACKING,3.340,-0.001,-0.001,0.00,0.450,0.000,0.000,0.000,0.000,1.000,3.34,10.77567062,106.67089044,10.51,"10°46'32.41""N, 106°40'15.21""E",FIX,
13:16:36.408,1786256196.409,TRACKING,3.376,-0.001,-0.001,0.00,0.450,0.000,0.000,0.000,0.000,1.000,3.38,10.77567062,106.67089044,10.51,"10°46'32.41""N, 106°40'15.21""E",FIX,
13:16:36.504,1786256196.505,TRACKING,3.412,-0.001,-0.001,0.00,0.450,0.000,0.000,0.000,0.000,1.000,3.41,10.77567062,106.67089085,10.51,"10°46'32.41""N, 106°40'15.21""E",FIX,
13:16:36.589,1786256196.590,TRACKING,3.439,-0.001,-0.001,0.00,0.450,0.000,0.000,0.000,0.000,1.000,3.44,10.77567062,106.67089085,10.51,"10°46'32.41""N, 106°40'15.21""E",FIX,
13:16:36.679,1786256196.680,TRACKING,3.466,-0.001,-0.001,0.00,0.450,0.000,0.000,0.000,0.000,1.000,3.47,10.77567062,106.67089085,10.51,"10°46'32.41""N, 106°40'15.21""E",FIX,
13:16:36.790,1786256196.790,TRACKING,3.493,-0.001,-0.001,0.00,0.450,0.000,0.000,0.000,0.000,1.000,3.49,10.77567062,106.67089085,10.51,"10°46'32.41""N, 106°40'15.21""E",FIX,
13:16:36.874,1786256196.875,TRACKING,3.529,-0.001,-0.001,0.00,0.450,0.000,0.000,0.000,0.000,1.000,3.53,10.77567061,106.67089126,10.51,"10°46'32.41""N, 106°40'15.21""E",FIX,
13:16:36.957,1786256196.958,TRACKING,3.556,-0.001,-0.001,0.00,0.450,0.000,0.000,0.000,0.000,1.000,3.56,10.77567061,106.67089126,10.51,"10°46'32.41""N, 106°40'15.21""E",FIX,
13:16:37.038,1786256197.038,TRACKING,3.583,-0.001,-0.001,0.00,0.450,0.000,0.000,0.000,0.000,1.000,3.58,10.77567061,106.67089126,10.51,"10°46'32.41""N, 106°40'15.21""E",FIX,
13:16:37.121,1786256197.122,TRACKING,3.619,-0.001,-0.001,0.00,0.450,0.000,0.000,0.000,0.000,1.000,3.62,10.77567061,106.67089168,10.51,"10°46'32.41""N, 106°40'15.21""E",FIX,
13:16:37.219,1786256197.220,TRACKING,3.637,-0.001,-0.001,0.00,0.450,0.000,0.000,0.000,0.000,1.000,3.64,10.77567061,106.67089168,10.51,"10°46'32.41""N, 106°40'15.21""E",FIX,
13:16:37.311,1786256197.312,TRACKING,3.673,-0.001,-0.001,0.00,0.450,0.000,0.000,0.000,0.000,1.000,3.67,10.77567061,106.67089168,10.51,"10°46'32.41""N, 106°40'15.21""E",FIX,
13:16:37.435,1786256197.436,TRACKING,3.700,-0.001,-0.001,0.00,0.450,0.000,0.000,0.000,0.000,1.000,3.70,10.77567061,106.67089209,10.51,"10°46'32.41""N, 106°40'15.21""E",FIX,
13:16:37.535,1786256197.536,TRACKING,3.736,-0.002,-0.001,0.00,0.450,0.000,0.000,0.000,0.000,0.729,3.74,10.77567061,106.67089209,10.51,"10°46'32.41""N, 106°40'15.21""E",FIX,
13:16:37.592,1786256197.592,TRACKING,3.754,-0.002,-0.001,0.00,0.450,0.000,0.000,0.000,0.000,0.604,3.75,10.77567061,106.67089209,10.51,"10°46'32.41""N, 106°40'15.21""E",FIX,
13:16:37.695,1786256197.695,TRACKING,3.790,-0.002,-0.001,0.00,0.450,-0.001,0.000,0.000,0.000,0.667,3.79,10.77567061,106.67089250,10.51,"10°46'32.41""N, 106°40'15.21""E",FIX,
13:16:37.789,1786256197.790,TRACKING,3.817,-0.002,-0.001,0.00,0.450,0.000,0.000,0.000,0.000,0.750,3.82,10.77567061,106.67089250,10.51,"10°46'32.41""N, 106°40'15.21""E",FIX,
13:16:37.916,1786256197.916,TRACKING,3.853,-0.002,-0.001,0.00,0.450,0.000,0.000,0.000,0.000,0.812,3.85,10.77567061,106.67089250,10.51,"10°46'32.41""N, 106°40'15.21""E",FIX,
13:16:38.005,1786256198.006,TRACKING,3.880,-0.002,-0.001,0.00,0.450,0.000,0.000,0.000,0.000,0.896,3.88,10.77567061,106.67089291,10.51,"10°46'32.41""N, 106°40'15.21""E",FIX,
13:16:38.100,1786256198.100,TRACKING,3.907,-0.002,-0.001,0.00,0.450,0.000,0.000,0.000,0.000,0.958,3.91,10.77567061,106.67089291,10.51,"10°46'32.41""N, 106°40'15.21""E",FIX,
13:16:38.177,1786256198.178,TRACKING,3.943,-0.002,-0.001,0.00,0.450,0.000,0.000,0.000,0.000,1.000,3.94,10.77567061,106.67089291,10.51,"10°46'32.41""N, 106°40'15.21""E",FIX,
13:16:38.276,1786256198.276,TRACKING,3.970,-0.002,-0.001,0.00,0.450,0.000,0.000,0.000,0.000,1.000,3.97,10.77567061,106.67089332,10.51,"10°46'32.41""N, 106°40'15.22""E",FIX,
13:16:38.417,1786256198.417,TRACKING,3.988,-0.002,-0.001,0.00,0.450,-0.002,0.000,0.000,0.000,1.000,3.99,10.77567061,106.67089332,10.51,"10°46'32.41""N, 106°40'15.22""E",FIX,
13:16:38.520,1786256198.520,TRACKING,4.033,-0.002,-0.002,0.00,0.450,0.000,0.000,0.000,0.000,1.000,4.03,10.77567061,106.67089332,10.51,"10°46'32.41""N, 106°40'15.22""E",FIX,
13:16:38.586,1786256198.586,TRACKING,4.060,-0.002,-0.002,0.00,0.450,0.000,0.000,0.000,0.000,1.000,4.06,10.77567061,106.67089373,10.51,"10°46'32.41""N, 106°40'15.22""E",FIX,
13:16:38.675,1786256198.676,TRACKING,4.087,-0.002,-0.002,0.00,0.450,0.000,0.000,0.000,0.000,1.000,4.09,10.77567061,106.67089373,10.51,"10°46'32.41""N, 106°40'15.22""E",FIX,
13:16:38.761,1786256198.761,TRACKING,4.123,-0.002,-0.002,0.00,0.450,0.000,0.000,0.000,0.000,1.000,4.12,10.77567061,106.67089373,10.51,"10°46'32.41""N, 106°40'15.22""E",FIX,
13:16:38.855,1786256198.856,TRACKING,4.150,-0.002,-0.002,0.00,0.450,0.000,0.000,0.000,0.000,1.000,4.15,10.77567061,106.67089414,10.51,"10°46'32.41""N, 106°40'15.22""E",FIX,
13:16:38.948,1786256198.948,TRACKING,4.177,-0.002,-0.002,0.00,0.450,-0.002,0.000,0.000,0.000,1.000,4.18,10.77567061,106.67089414,10.51,"10°46'32.41""N, 106°40'15.22""E",FIX,
13:16:39.022,1786256199.022,TRACKING,4.204,-0.002,-0.002,0.00,0.450,0.000,0.000,0.000,0.000,1.000,4.20,10.77567061,106.67089414,10.51,"10°46'32.41""N, 106°40'15.22""E",FIX,
13:16:39.113,1786256199.113,TRACKING,4.240,-0.002,-0.002,0.00,0.450,0.000,0.000,0.000,0.000,1.000,4.24,10.77567061,106.67089456,10.51,"10°46'32.41""N, 106°40'15.22""E",FIX,
13:16:39.211,1786256199.212,TRACKING,4.267,-0.002,-0.002,0.00,0.450,0.000,0.000,0.000,0.000,1.000,4.27,10.77567061,106.67089456,10.51,"10°46'32.41""N, 106°40'15.22""E",FIX,
13:16:39.289,1786256199.290,TRACKING,4.303,-0.002,-0.002,0.00,0.450,0.000,0.000,0.000,0.000,1.000,4.30,10.77567061,106.67089456,10.51,"10°46'32.41""N, 106°40'15.22""E",FIX,
13:16:39.394,1786256199.395,TRACKING,4.321,-0.002,-0.002,0.00,0.450,0.000,0.000,0.000,0.000,1.000,4.32,10.77567061,106.67089497,10.51,"10°46'32.41""N, 106°40'15.22""E",FIX,
13:16:39.508,1786256199.508,TRACKING,4.348,-0.002,-0.002,0.00,0.450,0.000,0.000,0.000,0.000,1.000,4.35,10.77567061,106.67089497,10.51,"10°46'32.41""N, 106°40'15.22""E",FIX,
13:16:39.616,1786256199.617,TRACKING,4.384,-0.003,-0.002,0.00,0.450,0.000,0.000,0.000,0.000,1.000,4.38,10.77567061,106.67089497,10.51,"10°46'32.41""N, 106°40'15.22""E",FIX,
13:16:39.715,1786256199.716,TRACKING,4.411,-0.003,-0.002,0.00,0.450,0.000,0.000,0.000,0.000,1.000,4.41,10.77567061,106.67089538,10.51,"10°46'32.41""N, 106°40'15.22""E",FIX,
13:16:39.836,1786256199.836,TRACKING,4.447,-0.003,-0.002,0.00,0.450,0.000,0.000,0.000,0.000,1.000,4.45,10.77567061,106.67089538,10.51,"10°46'32.41""N, 106°40'15.22""E",FIX,
13:16:39.941,1786256199.941,TRACKING,4.474,-0.003,-0.002,0.00,0.450,0.000,0.000,0.000,0.000,1.000,4.47,10.77567061,106.67089538,10.51,"10°46'32.41""N, 106°40'15.22""E",FIX,
13:16:40.034,1786256200.035,TRACKING,4.501,-0.003,-0.002,0.00,0.450,0.000,0.000,0.000,0.000,1.000,4.50,10.77567061,106.67089579,10.51,"10°46'32.41""N, 106°40'15.22""E",FIX,
13:16:40.146,1786256200.146,TRACKING,4.537,-0.003,-0.002,0.00,0.450,-0.002,0.000,0.000,0.000,0.646,4.54,10.77567061,106.67089579,10.51,"10°46'32.41""N, 106°40'15.22""E",FIX,
13:16:40.235,1786256200.236,TRACKING,4.564,-0.003,-0.002,0.00,0.450,-0.002,0.000,0.000,0.000,0.625,4.56,10.77567061,106.67089579,10.51,"10°46'32.41""N, 106°40'15.22""E",FIX,
13:16:40.334,1786256200.334,TRACKING,4.600,-0.003,-0.002,0.01,0.450,-0.001,0.000,0.000,0.000,0.687,4.60,10.77567061,106.67089620,10.51,"10°46'32.41""N, 106°40'15.23""E",FIX,
13:16:40.419,1786256200.419,TRACKING,4.627,-0.003,-0.002,0.01,0.450,-0.001,0.000,0.000,0.000,0.750,4.63,10.77567061,106.67089620,10.51,"10°46'32.41""N, 106°40'15.23""E",FIX,
13:16:40.501,1786256200.501,TRACKING,4.654,-0.003,-0.002,0.00,0.450,0.001,0.000,0.000,0.000,0.833,4.65,10.77567061,106.67089620,10.51,"10°46'32.41""N, 106°40'15.23""E",FIX,
13:16:40.607,1786256200.607,TRACKING,4.699,-0.003,-0.002,0.01,0.450,-0.001,0.000,0.000,0.000,0.917,4.70,10.77567061,106.67089661,10.51,"10°46'32.41""N, 106°40'15.23""E",FIX,
13:16:40.667,1786256200.668,TRACKING,4.717,-0.003,-0.002,0.01,0.450,-0.000,0.000,0.000,0.000,1.000,4.72,10.77567061,106.67089661,10.51,"10°46'32.41""N, 106°40'15.23""E",FIX,
13:16:40.761,1786256200.762,TRACKING,4.744,-0.003,-0.002,0.00,0.450,0.001,0.000,0.000,0.000,1.000,4.74,10.77567061,106.67089661,10.51,"10°46'32.41""N, 106°40'15.23""E",FIX,
13:16:40.852,1786256200.853,TRACKING,4.771,-0.003,-0.002,0.00,0.450,0.001,0.000,0.000,0.000,1.000,4.77,10.77567061,106.67089702,10.51,"10°46'32.41""N, 106°40'15.23""E",FIX,
13:16:40.953,1786256200.954,TRACKING,4.798,-0.003,-0.002,0.00,0.450,0.000,0.000,0.000,0.000,1.000,4.80,10.77567061,106.67089702,10.51,"10°46'32.41""N, 106°40'15.23""E",FIX,
13:16:41.052,1786256201.052,TRACKING,4.834,-0.003,-0.002,0.00,0.450,0.000,0.000,0.000,0.000,1.000,4.83,10.77567061,106.67089702,10.51,"10°46'32.41""N, 106°40'15.23""E",FIX,
13:16:41.125,1786256201.126,TRACKING,4.861,-0.003,-0.002,0.00,0.450,0.000,0.000,0.000,0.000,1.000,4.86,10.77567061,106.67089744,10.51,"10°46'32.41""N, 106°40'15.23""E",FIX,
13:16:41.207,1786256201.207,TRACKING,4.888,-0.003,-0.002,0.00,0.450,0.000,0.000,0.000,0.000,1.000,4.89,10.77567061,106.67089744,10.51,"10°46'32.41""N, 106°40'15.23""E",FIX,
13:16:41.335,1786256201.335,TRACKING,4.924,-0.004,-0.002,0.00,0.450,0.000,0.000,0.000,0.000,1.000,4.92,10.77567061,106.67089744,10.51,"10°46'32.41""N, 106°40'15.23""E",FIX,
13:16:41.462,1786256201.462,TRACKING,4.960,-0.004,-0.002,0.00,0.450,0.000,0.000,0.000,0.000,1.000,4.96,10.77567061,106.67089785,10.51,"10°46'32.41""N, 106°40'15.23""E",FIX,
13:16:41.501,1786256201.501,TRACKING,4.978,-0.004,-0.002,0.00,0.450,0.000,0.000,0.000,0.000,1.000,4.98,10.77567061,106.67089785,10.51,"10°46'32.41""N, 106°40'15.23""E",FIX,
13:16:41.603,1786256201.603,TRACKING,5.014,-0.004,-0.002,0.00,0.450,0.000,0.000,0.000,0.000,1.000,5.01,10.77567061,106.67089785,10.51,"10°46'32.41""N, 106°40'15.23""E",FIX,
13:16:41.698,1786256201.698,TRACKING,5.041,-0.004,-0.002,0.00,0.450,0.000,0.000,0.000,0.000,1.000,5.04,10.77567061,106.67089826,10.51,"10°46'32.41""N, 106°40'15.23""E",FIX,
13:16:41.776,1786256201.777,TRACKING,5.077,-0.004,-0.002,0.00,0.450,0.000,0.000,0.000,0.000,1.000,5.08,10.77567061,106.67089826,10.51,"10°46'32.41""N, 106°40'15.23""E",FIX,
13:16:41.840,1786256201.840,TRACKING,5.095,-0.004,-0.002,0.00,0.450,0.000,0.000,0.000,0.000,1.000,5.09,10.77567061,106.67089826,10.51,"10°46'32.41""N, 106°40'15.23""E",FIX,
13:16:41.939,1786256201.939,TRACKING,5.131,-0.004,-0.002,0.00,0.450,0.000,0.000,0.000,0.000,1.000,5.13,10.77567061,106.67089867,10.51,"10°46'32.41""N, 106°40'15.24""E",FIX,
13:16:42.034,1786256202.035,TRACKING,5.167,-0.004,-0.002,0.00,0.450,0.000,0.000,0.000,0.000,1.000,5.17,10.77567061,106.67089867,10.51,"10°46'32.41""N, 106°40'15.24""E",FIX,
13:16:42.095,1786256202.096,TRACKING,5.194,-0.004,-0.002,0.00,0.450,0.000,0.000,0.000,0.000,1.000,5.19,10.77567061,106.67089867,10.51,"10°46'32.41""N, 106°40'15.24""E",FIX,
13:16:42.176,1786256202.177,TRACKING,5.212,-0.004,-0.002,0.00,0.450,0.000,0.000,0.000,0.000,1.000,5.21,10.77567061,106.67089908,10.51,"10°46'32.41""N, 106°40'15.24""E",FIX,
13:16:42.269,1786256202.270,TRACKING,5.248,-0.004,-0.002,0.00,0.450,0.000,0.000,0.000,0.000,1.000,5.25,10.77567061,106.67089908,10.51,"10°46'32.41""N, 106°40'15.24""E",FIX,
13:16:42.356,1786256202.356,TRACKING,5.284,-0.004,-0.002,-0.00,0.450,0.001,0.000,0.000,0.000,1.000,5.28,10.77567061,106.67089908,10.51,"10°46'32.41""N, 106°40'15.24""E",FIX,
13:16:42.417,1786256202.418,TRACKING,5.302,-0.004,-0.002,-0.01,0.450,0.005,0.000,0.000,0.000,1.000,5.30,10.77567061,106.67089949,10.51,"10°46'32.41""N, 106°40'15.24""E",FIX,
13:16:42.521,1786256202.521,TRACKING,5.347,-0.004,-0.001,-0.01,0.450,0.004,0.000,0.000,0.000,0.542,5.35,10.77567061,106.67089949,10.51,"10°46'32.41""N, 106°40'15.24""E",FIX,
13:16:42.585,1786256202.586,TRACKING,5.365,-0.004,-0.001,-0.02,0.450,0.006,0.000,0.000,0.000,0.604,5.36,10.77567061,106.67089949,10.51,"10°46'32.41""N, 106°40'15.24""E",FIX,
13:16:42.715,1786256202.716,TRACKING,5.392,-0.004,-0.001,-0.02,0.450,0.004,0.000,0.000,0.000,0.667,5.39,10.77567061,106.67089990,10.51,"10°46'32.41""N, 106°40'15.24""E",FIX,
13:16:42.816,1786256202.816,TRACKING,5.428,-0.004,-0.000,-0.02,0.450,0.003,0.000,0.000,0.000,0.750,5.43,10.77567061,106.67089990,10.51,"10°46'32.41""N, 106°40'15.24""E",FIX,
13:16:42.893,1786256202.894,TRACKING,5.455,-0.004,-0.000,-0.02,0.450,0.003,0.000,0.000,0.000,0.833,5.45,10.77567061,106.67089990,10.51,"10°46'32.41""N, 106°40'15.24""E",FIX,
13:16:43.009,1786256203.010,TRACKING,5.482,-0.004,-0.000,-0.02,0.450,0.003,0.000,0.000,0.000,0.896,5.48,10.77567061,106.67090032,10.51,"10°46'32.41""N, 106°40'15.24""E",FIX,
13:16:43.104,1786256203.105,TRACKING,5.518,-0.004,0.000,-0.02,0.450,0.003,0.000,0.000,0.000,0.979,5.52,10.77567061,106.67090032,10.51,"10°46'32.41""N, 106°40'15.24""E",FIX,
13:16:43.193,1786256203.193,TRACKING,5.536,-0.004,0.000,-0.03,0.450,0.003,0.000,0.000,0.000,1.000,5.54,10.77567061,106.67090032,10.51,"10°46'32.41""N, 106°40'15.24""E",FIX,
13:16:43.260,1786256203.260,TRACKING,5.572,-0.004,0.000,-0.03,0.450,0.003,0.000,0.000,0.000,1.000,5.57,10.77567061,106.67090073,10.51,"10°46'32.41""N, 106°40'15.24""E",FIX,
13:16:43.372,1786256203.373,TRACKING,5.608,-0.004,0.001,-0.03,0.450,0.002,0.000,0.000,0.000,1.000,5.61,10.77567061,106.67090073,10.51,"10°46'32.41""N, 106°40'15.24""E",FIX,
13:16:43.448,1786256203.448,TRACKING,5.635,-0.004,0.001,-0.03,0.450,0.002,0.000,0.000,0.000,1.000,5.63,10.77567061,106.67090073,10.51,"10°46'32.41""N, 106°40'15.24""E",FIX,
13:16:43.565,1786256203.565,TRACKING,5.662,-0.004,0.001,-0.03,0.450,0.002,0.000,0.000,0.000,1.000,5.66,10.77567061,106.67090114,10.51,"10°46'32.41""N, 106°40'15.24""E",FIX,
13:16:43.654,1786256203.654,TRACKING,5.698,-0.004,0.001,-0.03,0.450,0.002,0.000,0.000,0.000,1.000,5.70,10.77567061,106.67090114,10.51,"10°46'32.41""N, 106°40'15.24""E",FIX,
13:16:43.729,1786256203.729,TRACKING,5.725,-0.004,0.001,-0.03,0.450,0.002,0.000,0.000,0.000,1.000,5.72,10.77567061,106.67090114,10.51,"10°46'32.41""N, 106°40'15.24""E",FIX,
13:16:43.843,1786256203.844,TRACKING,5.752,-0.004,0.001,-0.03,0.450,0.002,0.000,0.000,0.000,1.000,5.75,10.77567061,106.67090155,10.51,"10°46'32.41""N, 106°40'15.25""E",FIX,
13:16:43.919,1786256203.920,TRACKING,5.779,-0.004,0.002,-0.03,0.450,0.002,0.000,0.000,0.000,1.000,5.78,10.77567061,106.67090155,10.51,"10°46'32.41""N, 106°40'15.25""E",FIX,
13:16:44.025,1786256204.025,TRACKING,5.806,-0.004,0.002,-0.03,0.450,0.002,0.000,0.000,0.000,1.000,5.81,10.77567061,106.67090155,10.51,"10°46'32.41""N, 106°40'15.25""E",FIX,
13:16:44.121,1786256204.121,TRACKING,5.842,-0.004,0.002,-0.03,0.450,0.002,0.000,0.000,0.000,1.000,5.84,10.77567061,106.67090196,10.51,"10°46'32.41""N, 106°40'15.25""E",FIX,
13:16:44.219,1786256204.220,TRACKING,5.869,-0.004,0.002,-0.03,0.450,0.002,0.000,0.000,0.000,1.000,5.87,10.77567061,106.67090196,10.51,"10°46'32.41""N, 106°40'15.25""E",FIX,
13:16:44.349,1786256204.349,TRACKING,5.896,-0.004,0.002,-0.03,0.450,0.002,0.000,0.000,0.000,1.000,5.90,10.77567061,106.67090196,10.51,"10°46'32.41""N, 106°40'15.25""E",FIX,
13:16:44.434,1786256204.434,TRACKING,5.932,-0.004,0.002,-0.03,0.450,0.002,0.000,0.000,0.000,1.000,5.93,10.77567061,106.67090237,10.51,"10°46'32.41""N, 106°40'15.25""E",FIX,
13:16:44.518,1786256204.518,TRACKING,5.959,-0.004,0.002,-0.03,0.450,0.002,0.000,0.000,0.000,1.000,5.96,10.77567061,106.67090237,10.51,"10°46'32.41""N, 106°40'15.25""E",FIX,
13:16:44.592,1786256204.592,TRACKING,5.995,-0.004,0.003,-0.03,0.450,0.002,0.000,0.000,0.000,1.000,5.99,10.77567061,106.67090237,10.51,"10°46'32.41""N, 106°40'15.25""E",FIX,
13:16:44.666,1786256204.666,TRACKING,6.013,-0.004,0.003,-0.03,0.450,0.002,0.000,0.000,0.000,1.000,6.01,10.77567061,106.67090237,10.51,"10°46'32.41""N, 106°40'15.25""E",FIX,
13:16:44.760,1786256204.761,TRACKING,6.049,-0.004,0.003,-0.03,0.450,0.002,0.000,0.000,0.000,1.000,6.05,10.77567061,106.67090278,10.51,"10°46'32.41""N, 106°40'15.25""E",FIX,
13:16:44.854,1786256204.854,TRACKING,6.076,-0.003,0.003,-0.03,0.450,0.002,0.000,0.000,0.000,1.000,6.08,10.77567061,106.67090278,10.51,"10°46'32.41""N, 106°40'15.25""E",FIX,
13:16:44.925,1786256204.925,TRACKING,6.103,-0.003,0.003,-0.02,0.450,-0.005,0.000,0.000,0.000,1.000,6.10,10.77567061,106.67090278,10.51,"10°46'32.41""N, 106°40'15.25""E",FIX,
13:16:45.017,1786256205.017,TRACKING,6.139,-0.003,0.003,-0.02,0.450,-0.002,0.000,0.000,0.000,0.562,6.14,10.77567061,106.67090320,10.51,"10°46'32.41""N, 106°40'15.25""E",FIX,
13:16:45.108,1786256205.108,TRACKING,6.175,-0.003,0.003,-0.01,0.450,-0.002,0.000,0.000,0.000,0.646,6.17,10.77567061,106.67090320,10.51,"10°46'32.41""N, 106°40'15.25""E",FIX,
13:16:45.210,1786256205.210,TRACKING,6.202,-0.003,0.003,-0.01,0.450,-0.002,0.000,0.000,0.000,0.708,6.20,10.77567061,106.67090361,10.51,"10°46'32.41""N, 106°40'15.25""E",FIX,
13:16:45.300,1786256205.301,TRACKING,6.220,-0.003,0.003,-0.01,0.450,-0.001,0.000,0.000,0.000,0.771,6.22,10.77567061,106.67090361,10.51,"10°46'32.41""N, 106°40'15.25""E",FIX,
13:16:45.400,1786256205.401,TRACKING,6.256,-0.003,0.002,-0.00,0.450,-0.001,0.000,0.000,0.000,0.833,6.26,10.77567061,106.67090361,10.51,"10°46'32.41""N, 106°40'15.25""E",FIX,
13:16:45.484,1786256205.484,TRACKING,6.283,-0.003,0.002,-0.00,0.450,-0.001,0.000,0.000,0.000,0.917,6.28,10.77567061,106.67090361,10.51,"10°46'32.41""N, 106°40'15.25""E",FIX,
13:16:45.592,1786256205.593,TRACKING,6.319,-0.003,0.002,-0.00,0.450,-0.000,0.000,0.000,0.000,1.000,6.32,10.77567061,106.67090402,10.51,"10°46'32.41""N, 106°40'15.25""E",FIX,
13:16:45.660,1786256205.660,TRACKING,6.346,-0.003,0.002,-0.00,0.450,-0.001,0.000,0.000,0.000,1.000,6.35,10.77567061,106.67090402,10.51,"10°46'32.41""N, 106°40'15.25""E",FIX,
13:16:45.752,1786256205.752,TRACKING,6.382,-0.003,0.002,-0.00,0.450,-0.000,0.000,0.000,0.000,1.000,6.38,10.77567061,106.67090443,10.51,"10°46'32.41""N, 106°40'15.26""E",FIX,
13:16:45.842,1786256205.843,TRACKING,6.409,-0.003,0.002,-0.00,0.450,-0.000,0.000,0.000,0.000,1.000,6.41,10.77567061,106.67090443,10.51,"10°46'32.41""N, 106°40'15.26""E",FIX,
13:16:45.932,1786256205.933,TRACKING,6.436,-0.003,0.002,-0.00,0.450,-0.000,0.000,0.000,0.000,1.000,6.44,10.77567061,106.67090443,10.51,"10°46'32.41""N, 106°40'15.26""E",FIX,
13:16:46.030,1786256206.031,TRACKING,6.472,-0.002,0.002,-0.00,0.450,-0.000,0.000,0.000,0.000,1.000,6.47,10.77567061,106.67090484,10.51,"10°46'32.41""N, 106°40'15.26""E",FIX,
13:16:46.099,1786256206.099,TRACKING,6.490,-0.002,0.002,-0.00,0.450,-0.000,0.000,0.000,0.000,1.000,6.49,10.77567061,106.67090484,10.51,"10°46'32.41""N, 106°40'15.26""E",FIX,
13:16:46.233,1786256206.233,TRACKING,6.526,-0.002,0.002,-0.00,0.450,-0.000,0.000,0.000,0.000,1.000,6.53,10.77567061,106.67090484,10.51,"10°46'32.41""N, 106°40'15.26""E",FIX,
13:16:46.313,1786256206.314,TRACKING,6.553,-0.002,0.002,-0.00,0.450,-0.000,0.000,0.000,0.000,1.000,6.55,10.77567061,106.67090484,10.51,"10°46'32.41""N, 106°40'15.26""E",FIX,
13:16:46.431,1786256206.431,TRACKING,6.589,-0.002,0.002,-0.00,0.450,-0.000,0.000,0.000,0.000,1.000,6.59,10.77567061,106.67090525,10.51,"10°46'32.41""N, 106°40'15.26""E",FIX,
13:16:46.525,1786256206.525,TRACKING,6.616,-0.002,0.002,-0.00,0.450,-0.000,0.000,0.000,0.000,1.000,6.62,10.77567061,106.67090525,10.51,"10°46'32.41""N, 106°40'15.26""E",FIX,
13:16:46.602,1786256206.602,TRACKING,6.643,-0.002,0.002,-0.00,0.450,-0.000,0.000,0.000,0.000,1.000,6.64,10.77567061,106.67090525,10.51,"10°46'32.41""N, 106°40'15.26""E",FIX,
13:16:46.712,1786256206.712,TRACKING,6.679,-0.002,0.002,-0.00,0.450,-0.000,0.000,0.000,0.000,1.000,6.68,10.77567061,106.67090567,10.51,"10°46'32.41""N, 106°40'15.26""E",FIX,
13:16:46.786,1786256206.787,TRACKING,6.697,-0.002,0.002,-0.00,0.450,-0.000,0.000,0.000,0.000,1.000,6.70,10.77567061,106.67090567,10.51,"10°46'32.41""N, 106°40'15.26""E",FIX,
13:16:46.890,1786256206.890,TRACKING,6.733,-0.002,0.002,-0.00,0.450,-0.000,0.000,0.000,0.000,1.000,6.73,10.77567061,106.67090567,10.51,"10°46'32.41""N, 106°40'15.26""E",FIX,
13:16:46.985,1786256206.985,TRACKING,6.760,-0.002,0.002,-0.00,0.450,-0.000,0.000,0.000,0.000,1.000,6.76,10.77567061,106.67090608,10.51,"10°46'32.41""N, 106°40'15.26""E",FIX,
13:16:47.141,1786256207.142,TRACKING,6.787,-0.002,0.002,0.00,0.450,-0.002,0.000,0.000,0.000,1.000,6.79,10.77567061,106.67090608,10.51,"10°46'32.41""N, 106°40'15.26""E",FIX,
13:16:47.204,1786256207.205,TRACKING,6.823,-0.002,0.002,0.00,0.450,-0.001,0.000,0.000,0.000,1.000,6.82,10.77567061,106.67090608,10.51,"10°46'32.41""N, 106°40'15.26""E",FIX,
13:16:47.309,1786256207.309,TRACKING,6.850,-0.002,0.002,0.01,0.450,-0.002,0.000,0.000,0.000,1.000,6.85,10.77567061,106.67090649,10.51,"10°46'32.41""N, 106°40'15.26""E",FIX,
13:16:47.385,1786256207.385,TRACKING,6.877,-0.002,0.002,0.01,0.450,-0.001,0.000,0.000,0.000,1.000,6.88,10.77567061,106.67090649,10.51,"10°46'32.41""N, 106°40'15.26""E",FIX,
13:16:47.497,1786256207.497,TRACKING,6.913,-0.002,0.002,0.01,0.450,-0.001,0.000,0.000,0.000,1.000,6.91,10.77567061,106.67090649,10.51,"10°46'32.41""N, 106°40'15.26""E",FIX,
13:16:47.588,1786256207.589,TRACKING,6.940,-0.001,0.002,0.01,0.450,-0.001,0.000,0.000,0.000,0.583,6.94,10.77567061,106.67090690,10.51,"10°46'32.41""N, 106°40'15.26""E",FIX,
13:16:47.670,1786256207.671,TRACKING,6.967,-0.001,0.002,0.01,0.450,-0.001,0.000,0.000,0.000,0.646,6.97,10.77567061,106.67090690,10.51,"10°46'32.41""N, 106°40'15.26""E",FIX,
13:16:47.781,1786256207.781,TRACKING,7.003,-0.001,0.002,0.01,0.450,-0.001,0.000,0.000,0.000,0.708,7.00,10.77567061,106.67090690,10.51,"10°46'32.41""N, 106°40'15.26""E",FIX,
13:16:47.866,1786256207.867,TRACKING,7.030,-0.001,0.001,0.01,0.450,-0.001,0.000,0.000,0.000,0.771,7.03,10.77567061,106.67090731,10.51,"10°46'32.41""N, 106°40'15.27""E",FIX,
13:16:47.961,1786256207.962,TRACKING,7.057,-0.001,0.001,0.01,0.450,-0.001,0.000,0.000,0.000,0.833,7.06,10.77567061,106.67090731,10.51,"10°46'32.41""N, 106°40'15.27""E",FIX,
13:16:48.036,1786256208.036,TRACKING,7.084,-0.001,0.001,0.01,0.450,-0.001,0.000,0.000,0.000,0.917,7.08,10.77567061,106.67090731,10.51,"10°46'32.41""N, 106°40'15.27""E",FIX,
13:16:48.137,1786256208.137,TRACKING,7.111,-0.001,0.001,0.01,0.450,-0.001,0.000,0.000,0.000,1.000,7.11,10.77567061,106.67090772,10.51,"10°46'32.41""N, 106°40'15.27""E",FIX,
13:16:48.255,1786256208.255,TRACKING,7.147,-0.001,0.001,0.01,0.450,-0.001,0.000,0.000,0.000,1.000,7.15,10.77567061,106.67090772,10.51,"10°46'32.41""N, 106°40'15.27""E",FIX,
13:16:48.325,1786256208.325,TRACKING,7.183,-0.001,0.001,0.01,0.450,-0.001,0.000,0.000,0.000,1.000,7.18,10.77567061,106.67090772,10.51,"10°46'32.41""N, 106°40'15.27""E",FIX,
13:16:48.423,1786256208.423,TRACKING,7.201,-0.001,0.001,0.01,0.450,-0.001,0.000,0.000,0.000,1.000,7.20,10.77567061,106.67090813,10.51,"10°46'32.41""N, 106°40'15.27""E",FIX,
13:16:48.557,1786256208.558,TRACKING,7.237,-0.001,0.001,0.01,0.450,-0.001,0.000,0.000,0.000,1.000,7.24,10.77567061,106.67090813,10.51,"10°46'32.41""N, 106°40'15.27""E",FIX,
13:16:48.647,1786256208.648,TRACKING,7.273,-0.001,0.001,0.01,0.450,-0.001,0.000,0.000,0.000,1.000,7.27,10.77567061,106.67090813,10.51,"10°46'32.41""N, 106°40'15.27""E",FIX,
13:16:48.722,1786256208.723,TRACKING,7.291,-0.001,0.001,0.01,0.450,-0.001,0.000,0.000,0.000,1.000,7.29,10.77567061,106.67090855,10.51,"10°46'32.41""N, 106°40'15.27""E",FIX,
13:16:48.835,1786256208.836,TRACKING,7.327,-0.001,0.001,0.01,0.450,-0.001,0.000,0.000,0.000,1.000,7.33,10.77567061,106.67090855,10.51,"10°46'32.41""N, 106°40'15.27""E",FIX,
13:16:48.899,1786256208.900,TRACKING,7.354,-0.001,0.001,0.01,0.450,-0.001,0.000,0.000,0.000,1.000,7.35,10.77567061,106.67090855,10.51,"10°46'32.41""N, 106°40'15.27""E",FIX,
13:16:48.994,1786256208.995,TRACKING,7.381,-0.001,0.001,0.01,0.450,-0.001,0.000,0.000,0.000,1.000,7.38,10.77567061,106.67090896,10.51,"10°46'32.41""N, 106°40'15.27""E",FIX,
13:16:49.077,1786256209.077,TRACKING,7.417,-0.001,0.001,0.01,0.450,-0.001,0.000,0.000,0.000,1.000,7.42,10.77567061,106.67090896,10.51,"10°46'32.41""N, 106°40'15.27""E",FIX,
13:16:49.174,1786256209.175,TRACKING,7.444,-0.001,0.001,0.01,0.450,-0.001,0.000,0.000,0.000,1.000,7.44,10.77567061,106.67090896,10.51,"10°46'32.41""N, 106°40'15.27""E",FIX,
13:16:49.268,1786256209.269,TRACKING,7.480,-0.001,0.001,0.01,0.450,-0.002,0.000,0.000,0.000,1.000,7.48,10.77567061,106.67090937,10.51,"10°46'32.41""N, 106°40'15.27""E",FIX,
13:16:49.357,1786256209.358,TRACKING,7.507,-0.001,0.001,0.01,0.450,-0.002,0.000,0.000,0.000,1.000,7.51,10.77567061,106.67090937,10.51,"10°46'32.41""N, 106°40'15.27""E",FIX,
13:16:49.443,1786256209.443,TRACKING,7.534,-0.001,0.001,0.01,0.450,-0.000,0.000,0.000,0.000,1.000,7.53,10.77567061,106.67090937,10.51,"10°46'32.41""N, 106°40'15.27""E",FIX,
13:16:49.532,1786256209.533,TRACKING,7.561,-0.001,0.000,0.01,0.450,-0.001,0.000,0.000,0.000,1.000,7.56,10.77567061,106.67090978,10.51,"10°46'32.41""N, 106°40'15.28""E",FIX,
13:16:49.627,1786256209.627,TRACKING,7.597,-0.001,0.000,0.01,0.450,-0.002,0.000,0.000,0.000,1.000,7.60,10.77567061,106.67090978,10.51,"10°46'32.41""N, 106°40'15.28""E",FIX,
13:16:49.687,1786256209.688,TRACKING,7.624,-0.001,0.000,0.01,0.450,-0.000,0.000,0.000,0.000,1.000,7.62,10.77567061,106.67090978,10.51,"10°46'32.41""N, 106°40'15.28""E",FIX,
13:16:49.768,1786256209.768,TRACKING,7.651,-0.001,0.000,0.01,0.450,-0.000,0.000,0.000,0.000,1.000,7.65,10.77567061,106.67091019,10.51,"10°46'32.41""N, 106°40'15.28""E",FIX,
13:16:49.852,1786256209.852,TRACKING,7.687,-0.001,0.000,-0.00,0.450,0.009,0.000,0.000,0.000,1.000,7.69,10.77567061,106.67091019,10.51,"10°46'32.41""N, 106°40'15.28""E",FIX,
13:16:49.933,1786256209.934,TRACKING,7.714,-0.001,0.001,-0.01,0.450,0.007,0.000,0.000,0.000,0.667,7.71,10.77567061,106.67091019,10.51,"10°46'32.41""N, 106°40'15.28""E",FIX,
13:16:50.017,1786256210.017,TRACKING,7.741,-0.001,0.001,-0.02,0.450,0.007,0.000,0.000,0.000,0.542,7.74,10.77567061,106.67091060,10.51,"10°46'32.41""N, 106°40'15.28""E",FIX,
13:16:50.119,1786256210.120,TRACKING,7.777,-0.001,0.002,-0.02,0.450,0.006,0.000,0.000,0.000,0.604,7.78,10.77567061,106.67091060,10.51,"10°46'32.41""N, 106°40'15.28""E",FIX,
13:16:50.196,1786256210.196,TRACKING,7.804,-0.001,0.002,-0.03,0.450,0.005,0.000,0.000,0.000,0.667,7.80,10.77567061,106.67091060,10.51,"10°46'32.41""N, 106°40'15.28""E",FIX,
13:16:50.289,1786256210.289,TRACKING,7.831,-0.001,0.002,-0.03,0.450,0.005,0.000,0.000,0.000,0.750,7.83,10.77567061,106.67091101,10.51,"10°46'32.41""N, 106°40'15.28""E",FIX,
13:16:50.388,1786256210.388,TRACKING,7.867,-0.000,0.003,-0.03,0.450,0.004,0.000,0.000,0.000,0.833,7.87,10.77567061,106.67091101,10.51,"10°46'32.41""N, 106°40'15.28""E",FIX,
13:16:50.455,1786256210.455,TRACKING,7.885,-0.000,0.003,-0.03,0.450,0.004,0.000,0.000,0.000,0.896,7.88,10.77567061,106.67091101,10.51,"10°46'32.41""N, 106°40'15.28""E",FIX,
13:16:50.533,1786256210.534,TRACKING,7.921,-0.000,0.003,-0.03,0.450,0.004,0.000,0.000,0.000,0.979,7.92,10.77567061,106.67091143,10.51,"10°46'32.41""N, 106°40'15.28""E",FIX,
13:16:50.604,1786256210.604,TRACKING,7.948,-0.000,0.003,-0.03,0.450,0.003,0.000,0.000,0.000,1.000,7.95,10.77567061,106.67091143,10.51,"10°46'32.41""N, 106°40'15.28""E",FIX,
13:16:50.712,1786256210.713,TRACKING,7.975,-0.000,0.004,-0.03,0.450,0.003,0.000,0.000,0.000,1.000,7.97,10.77567061,106.67091143,10.51,"10°46'32.41""N, 106°40'15.28""E",FIX,
13:16:50.859,1786256210.860,TRACKING,8.011,0.000,0.004,-0.04,0.450,0.003,0.000,0.000,0.000,1.000,8.01,10.77567061,106.67091184,10.51,"10°46'32.41""N, 106°40'15.28""E",FIX,
13:16:50.930,1786256210.930,TRACKING,8.038,0.000,0.004,-0.04,0.450,0.003,0.000,0.000,0.000,1.000,8.04,10.77567061,106.67091184,10.51,"10°46'32.41""N, 106°40'15.28""E",FIX,
13:16:51.017,1786256211.018,TRACKING,8.065,0.000,0.004,-0.04,0.450,0.003,0.000,0.000,0.000,1.000,8.06,10.77567061,106.67091184,10.51,"10°46'32.41""N, 106°40'15.28""E",FIX,
13:16:51.166,1786256211.167,TRACKING,8.110,0.000,0.005,-0.04,0.450,0.003,0.000,0.000,0.000,1.000,8.11,10.77567061,106.67091225,10.51,"10°46'32.41""N, 106°40'15.28""E",FIX,
13:16:51.226,1786256211.226,TRACKING,8.119,0.000,0.005,-0.04,0.450,0.003,0.000,0.000,0.000,1.000,8.12,10.77567061,106.67091225,10.51,"10°46'32.41""N, 106°40'15.28""E",FIX,
13:16:51.371,1786256211.372,TRACKING,8.155,0.001,0.005,-0.04,0.450,0.003,0.000,0.000,0.000,1.000,8.15,10.77567061,106.67091225,10.51,"10°46'32.41""N, 106°40'15.28""E",FIX,
13:16:51.462,1786256211.462,TRACKING,8.191,0.001,0.005,-0.04,0.450,0.003,0.000,0.000,0.000,1.000,8.19,10.77567061,106.67091266,10.51,"10°46'32.41""N, 106°40'15.29""E",FIX,
13:16:51.563,1786256211.564,TRACKING,8.218,0.001,0.005,-0.04,0.450,0.003,0.000,0.000,0.000,1.000,8.22,10.77567061,106.67091266,10.51,"10°46'32.41""N, 106°40'15.29""E",FIX,
13:16:51.707,1786256211.708,TRACKING,8.254,0.001,0.006,-0.04,0.450,0.003,0.000,0.000,0.000,1.000,8.25,10.77567061,106.67091266,10.51,"10°46'32.41""N, 106°40'15.29""E",FIX,
13:16:51.762,1786256211.762,TRACKING,8.272,0.001,0.006,-0.04,0.450,0.003,0.000,0.000,0.000,1.000,8.27,10.77567061,106.67091307,10.51,"10°46'32.41""N, 106°40'15.29""E",FIX,
13:16:51.851,1786256211.852,TRACKING,8.299,0.001,0.006,-0.04,0.450,0.003,0.000,0.000,0.000,1.000,8.30,10.77567061,106.67091307,10.51,"10°46'32.41""N, 106°40'15.29""E",FIX,
13:16:51.972,1786256211.973,TRACKING,8.335,0.002,0.006,-0.04,0.450,0.003,0.000,0.000,0.000,1.000,8.33,10.77567061,106.67091307,10.51,"10°46'32.41""N, 106°40'15.29""E",FIX,
13:16:52.052,1786256212.052,TRACKING,8.362,0.002,0.006,-0.04,0.450,0.005,0.000,0.000,0.000,1.000,8.36,10.77567061,106.67091348,10.51,"10°46'32.41""N, 106°40'15.29""E",FIX,
13:16:52.172,1786256212.172,TRACKING,8.398,0.002,0.007,-0.04,0.450,0.004,0.000,0.000,0.000,1.000,8.40,10.77567061,106.67091348,10.51,"10°46'32.41""N, 106°40'15.29""E",FIX,
13:16:52.252,1786256212.253,TRACKING,8.425,0.002,0.007,-0.04,0.450,0.004,0.000,0.000,0.000,1.000,8.42,10.77567061,106.67091348,10.51,"10°46'32.41""N, 106°40'15.29""E",FIX,
13:16:52.354,1786256212.355,TRACKING,8.452,0.002,0.007,-0.04,0.450,0.004,0.000,0.000,0.000,1.000,8.45,10.77567062,106.67091389,10.51,"10°46'32.41""N, 106°40'15.29""E",FIX,
13:16:52.456,1786256212.457,TRACKING,8.488,0.003,0.008,-0.04,0.450,0.004,0.000,0.000,0.000,1.000,8.49,10.77567062,106.67091389,10.51,"10°46'32.41""N, 106°40'15.29""E",FIX,
13:17:00.706,1786256220.707,UTURN_PLANNING,11.051,0.023,0.008,0.00,0.000,0.000,0.000,0.000,0.000,0.000,0.00,10.77567066,106.67092581,10.51,"10°46'32.41""N, 106°40'15.33""E",FIX,
13:17:00.718,1786256220.718,PATH_FOLLOWING,11.051,0.023,0.008,0.00,0.020,-1.500,0.000,0.000,0.000,0.000,0.00,10.77567066,106.67092581,10.51,"10°46'32.41""N, 106°40'15.33""E",FIX,
13:17:00.728,1786256220.728,PATH_FOLLOWING,11.051,0.023,0.008,0.00,0.020,-1.500,0.000,0.000,0.000,0.000,0.00,10.77567066,106.67092581,10.51,"10°46'32.41""N, 106°40'15.33""E",FIX,
13:17:00.736,1786256220.736,PATH_FOLLOWING,11.051,0.023,0.008,0.00,0.020,-1.500,0.000,0.000,0.000,0.000,0.00,10.77567066,106.67092581,10.51,"10°46'32.41""N, 106°40'15.33""E",FIX,
13:17:00.746,1786256220.747,PATH_FOLLOWING,11.051,0.023,0.008,0.00,0.020,-1.500,0.000,0.000,0.000,0.000,0.00,10.77567066,106.67092581,10.51,"10°46'32.41""N, 106°40'15.33""E",FIX,
13:17:00.753,1786256220.754,PATH_FOLLOWING,11.051,0.023,0.008,0.00,0.020,-1.500,0.000,0.000,0.000,0.000,0.00,10.77567066,106.67092581,10.51,"10°46'32.41""N, 106°40'15.33""E",FIX,
13:17:00.830,1786256220.831,PATH_FOLLOWING,11.053,0.023,-0.092,0.00,0.020,-1.500,0.000,0.000,0.000,0.000,0.00,10.77567066,106.67092581,10.51,"10°46'32.41""N, 106°40'15.33""E",FIX,
13:17:00.960,1786256220.960,PATH_FOLLOWING,11.055,0.023,-0.242,0.00,0.020,-1.500,0.000,0.000,0.000,0.000,0.00,10.77567066,106.67092581,10.51,"10°46'32.41""N, 106°40'15.33""E",FIX,
13:17:01.017,1786256221.018,PATH_FOLLOWING,11.056,0.023,-0.302,0.00,0.020,-1.500,0.000,0.000,0.000,0.000,0.00,10.77567066,106.67092581,10.51,"10°46'32.41""N, 106°40'15.33""E",FIX,
13:17:01.106,1786256221.106,PATH_FOLLOWING,11.057,0.022,-0.392,0.00,0.020,-1.500,0.000,0.000,0.000,0.000,0.00,10.77567075,106.67092583,10.51,"10°46'32.41""N, 106°40'15.33""E",FIX,
13:17:01.188,1786256221.189,PATH_FOLLOWING,11.058,0.022,-0.512,0.00,0.020,-1.500,0.000,0.000,0.000,0.000,0.00,10.77567075,106.67092583,10.51,"10°46'32.41""N, 106°40'15.33""E",FIX,
13:17:01.263,1786256221.263,PATH_FOLLOWING,11.059,0.021,-0.572,0.00,0.020,-1.500,0.000,0.000,0.000,0.000,0.00,10.77567075,106.67092583,10.51,"10°46'32.41""N, 106°40'15.33""E",FIX,
13:17:01.361,1786256221.362,PATH_FOLLOWING,11.060,0.020,-0.692,0.00,0.023,-1.500,0.000,0.000,0.000,0.000,0.00,10.77567091,106.67092585,10.51,"10°46'32.42""N, 106°40'15.33""E",FIX,
13:17:01.467,1786256221.467,PATH_FOLLOWING,11.061,0.019,-0.782,0.00,0.038,-1.500,0.000,0.000,0.000,0.000,0.00,10.77567091,106.67092585,10.51,"10°46'32.42""N, 106°40'15.33""E",FIX,
13:17:01.596,1786256221.596,PATH_FOLLOWING,11.063,0.017,-0.902,0.00,0.060,-1.500,0.000,0.000,0.000,0.000,0.00,10.77567091,106.67092585,10.51,"10°46'32.42""N, 106°40'15.33""E",FIX,
13:17:01.708,1786256221.709,PATH_FOLLOWING,11.065,0.015,-0.992,0.00,0.079,-1.500,0.000,0.000,0.000,0.000,0.00,10.77567106,106.67092588,10.51,"10°46'32.42""N, 106°40'15.33""E",FIX,
13:17:01.803,1786256221.803,PATH_FOLLOWING,11.067,0.011,-1.082,0.00,0.099,-1.500,0.000,0.000,0.000,0.000,0.00,10.77567106,106.67092588,10.51,"10°46'32.42""N, 106°40'15.33""E",FIX,
13:17:01.913,1786256221.914,PATH_FOLLOWING,11.070,0.004,-1.202,0.00,0.126,-1.500,0.000,0.000,0.000,0.000,0.00,10.77567106,106.67092588,10.51,"10°46'32.42""N, 106°40'15.33""E",FIX,
13:17:02.007,1786256222.007,PATH_FOLLOWING,11.072,-0.002,-1.292,0.00,0.146,-1.500,0.000,0.000,0.000,0.000,0.00,10.77567113,106.67092596,10.51,"10°46'32.42""N, 106°40'15.33""E",FIX,
13:17:02.097,1786256222.098,PATH_FOLLOWING,11.075,-0.013,-1.412,0.00,0.171,-1.500,0.000,0.000,0.000,0.000,0.00,10.77567113,106.67092596,10.51,"10°46'32.42""N, 106°40'15.33""E",FIX,
13:17:02.170,1786256222.170,PATH_FOLLOWING,11.075,-0.020,-1.472,0.00,0.183,-1.500,0.000,0.000,0.000,0.000,0.00,10.77567113,106.67092596,10.51,"10°46'32.42""N, 106°40'15.33""E",FIX,
13:17:02.256,1786256222.256,PATH_FOLLOWING,11.076,-0.034,-1.592,0.00,0.205,-1.500,0.000,0.000,0.000,0.000,0.00,10.77567113,106.67092608,10.51,"10°46'32.42""N, 106°40'15.33""E",FIX,
13:17:02.355,1786256222.355,PATH_FOLLOWING,11.075,-0.046,-1.682,0.00,0.219,-1.250,0.000,0.000,0.000,0.000,0.00,10.77567113,106.67092608,10.51,"10°46'32.42""N, 106°40'15.33""E",FIX,
13:17:02.432,1786256222.433,PATH_FOLLOWING,11.072,-0.063,-1.789,0.00,0.233,-0.916,0.000,0.000,0.000,0.000,0.00,10.77567113,106.67092608,10.51,"10°46'32.42""N, 106°40'15.33""E",FIX,
13:17:02.511,1786256222.511,PATH_FOLLOWING,11.069,-0.076,-1.851,0.00,0.239,-0.726,0.000,0.000,0.000,0.000,0.00,10.77567105,106.67092624,10.51,"10°46'32.42""N, 106°40'15.33""E",FIX,
13:17:02.598,1786256222.598,PATH_FOLLOWING,11.064,-0.090,-1.899,0.00,0.243,-0.581,0.000,0.000,0.000,0.000,0.00,10.77567105,106.67092624,10.51,"10°46'32.42""N, 106°40'15.33""E",FIX,
13:17:02.697,1786256222.698,PATH_FOLLOWING,11.058,-0.108,-1.949,0.00,0.246,-0.430,0.000,0.000,0.000,0.000,0.00,10.77567105,106.67092624,10.51,"10°46'32.42""N, 106°40'15.33""E",FIX,
13:17:02.767,1786256222.768,PATH_FOLLOWING,11.054,-0.117,-1.969,0.00,0.247,-0.372,0.000,0.000,0.000,0.000,0.00,10.77567105,106.67092624,10.51,"10°46'32.42""N, 106°40'15.33""E",FIX,
13:17:02.862,1786256222.863,PATH_FOLLOWING,11.046,-0.135,-2.000,0.00,0.248,-0.280,0.000,0.000,0.000,0.000,0.00,10.77567091,106.67092641,10.51,"10°46'32.42""N, 106°40'15.34""E",FIX,
13:17:02.960,1786256222.961,PATH_FOLLOWING,11.038,-0.153,-2.024,0.00,0.239,-0.733,0.000,0.000,0.000,0.000,0.00,10.77567091,106.67092641,10.51,"10°46'32.42""N, 106°40'15.34""E",FIX,
13:17:03.026,1786256223.026,PATH_FOLLOWING,11.031,-0.166,-2.057,0.00,0.242,-0.630,0.000,0.000,0.000,0.000,0.00,10.77567077,106.67092657,10.51,"10°46'32.41""N, 106°40'15.34""E",FIX,
13:17:03.126,1786256223.126,PATH_FOLLOWING,11.024,-0.179,-2.096,0.00,0.245,-0.505,0.000,0.000,0.000,0.000,0.00,10.77567077,106.67092657,10.51,"10°46'32.41""N, 106°40'15.34""E",FIX,
13:17:03.218,1786256223.218,PATH_FOLLOWING,11.016,-0.191,-2.128,0.00,0.247,-0.399,0.000,0.000,0.000,0.000,0.00,10.77567077,106.67092657,10.51,"10°46'32.41""N, 106°40'15.34""E",FIX,
13:17:03.334,1786256223.335,PATH_FOLLOWING,11.006,-0.208,-2.162,0.00,0.248,-0.289,0.000,0.000,0.000,0.000,0.00,10.77567061,106.67092674,10.51,"10°46'32.41""N, 106°40'15.34""E",FIX,
13:17:03.417,1786256223.417,PATH_FOLLOWING,10.997,-0.220,-2.182,0.00,0.249,-0.224,0.000,0.000,0.000,0.000,0.00,10.77567061,106.67092674,10.51,"10°46'32.41""N, 106°40'15.34""E",FIX,
13:17:03.518,1786256223.518,PATH_FOLLOWING,10.989,-0.232,-2.197,0.00,0.249,-0.177,0.000,0.000,0.000,0.000,0.00,10.77567061,106.67092674,10.51,"10°46'32.41""N, 106°40'15.34""E",FIX,
13:17:03.594,1786256223.594,PATH_FOLLOWING,10.977,-0.248,-2.213,0.00,0.250,-0.127,0.000,0.000,0.000,0.000,0.00,10.77567046,106.67092690,10.51,"10°46'32.41""N, 106°40'15.34""E",FIX,
13:17:03.700,1786256223.700,PATH_FOLLOWING,10.971,-0.256,-2.218,0.00,0.250,-0.109,0.000,0.000,0.000,0.000,0.00,10.77567046,106.67092690,10.51,"10°46'32.41""N, 106°40'15.34""E",FIX,
13:17:03.843,1786256223.844,PATH_FOLLOWING,10.959,-0.272,-2.227,0.00,0.250,-0.080,0.000,0.000,0.000,0.000,0.00,10.77567046,106.67092690,10.51,"10°46'32.41""N, 106°40'15.34""E",FIX,
13:17:03.948,1786256223.949,PATH_FOLLOWING,10.950,-0.284,-2.232,0.00,0.250,-0.063,0.000,0.000,0.000,0.000,0.00,10.77567046,106.67092690,10.51,"10°46'32.41""N, 106°40'15.34""E",FIX,
13:17:04.089,1786256224.090,PATH_FOLLOWING,10.937,-0.300,-2.238,0.00,0.250,-0.046,0.000,0.000,0.000,0.000,0.00,10.77567030,106.67092706,10.51,"10°46'32.41""N, 106°40'15.34""E",FIX,
13:17:04.174,1786256224.175,PATH_FOLLOWING,10.928,-0.312,-2.241,0.00,0.250,-0.036,0.000,0.000,0.000,0.000,0.00,10.77567030,106.67092706,10.51,"10°46'32.41""N, 106°40'15.34""E",FIX,
13:17:04.277,1786256224.278,PATH_FOLLOWING,10.919,-0.323,-2.243,0.00,0.250,-0.029,0.000,0.000,0.000,0.000,0.00,10.77567030,106.67092706,10.51,"10°46'32.41""N, 106°40'15.34""E",FIX,
13:17:04.429,1786256224.430,PATH_FOLLOWING,10.906,-0.339,-2.246,0.00,0.250,-0.021,0.000,0.000,0.000,0.000,0.00,10.77567014,106.67092722,10.51,"10°46'32.41""N, 106°40'15.34""E",FIX,
13:17:04.532,1786256224.533,PATH_FOLLOWING,10.894,-0.355,-2.248,0.00,0.250,-0.015,0.000,0.000,0.000,0.000,0.00,10.77567014,106.67092722,10.51,"10°46'32.41""N, 106°40'15.34""E",FIX,
13:17:04.596,1786256224.597,PATH_FOLLOWING,10.887,-0.362,-2.248,0.00,0.250,-0.013,0.000,0.000,0.000,0.000,0.00,10.77567014,106.67092722,10.51,"10°46'32.41""N, 106°40'15.34""E",FIX,
13:17:04.712,1786256224.713,PATH_FOLLOWING,10.878,-0.374,-2.249,0.00,0.250,-0.011,0.000,0.000,0.000,0.000,0.00,10.77566997,106.67092738,10.51,"10°46'32.41""N, 106°40'15.34""E",FIX,
13:17:04.802,1786256224.803,PATH_FOLLOWING,10.865,-0.390,-2.250,0.00,0.250,-0.008,0.000,0.000,0.000,0.000,0.00,10.77566997,106.67092738,10.51,"10°46'32.41""N, 106°40'15.34""E",FIX,
13:17:04.884,1786256224.885,PATH_FOLLOWING,10.856,-0.401,-2.251,0.00,0.250,-0.006,0.000,0.000,0.000,0.000,0.00,10.77566997,106.67092738,10.51,"10°46'32.41""N, 106°40'15.34""E",FIX,
13:17:04.970,1786256224.971,PATH_FOLLOWING,10.847,-0.413,-2.251,0.00,0.250,-0.005,0.000,0.000,0.000,0.000,0.00,10.77566981,106.67092754,10.51,"10°46'32.41""N, 106°40'15.34""E",FIX,
13:17:05.061,1786256225.062,PATH_FOLLOWING,10.837,-0.425,-2.251,0.00,0.250,-0.004,0.000,0.000,0.000,0.000,0.00,10.77566981,106.67092754,10.51,"10°46'32.41""N, 106°40'15.34""E",FIX,
13:17:05.145,1786256225.145,PATH_FOLLOWING,10.828,-0.436,-2.252,0.00,0.250,-0.003,0.000,0.000,0.000,0.000,0.00,10.77566981,106.67092754,10.51,"10°46'32.41""N, 106°40'15.34""E",FIX,
13:17:05.255,1786256225.256,PATH_FOLLOWING,10.815,-0.452,-2.252,0.00,0.250,-0.002,0.000,0.000,0.000,0.000,0.00,10.77566965,106.67092770,10.51,"10°46'32.41""N, 106°40'15.34""E",FIX,
13:17:05.338,1786256225.338,PATH_FOLLOWING,10.806,-0.463,-2.252,0.00,0.250,-0.002,0.000,0.000,0.000,0.000,0.00,10.77566965,106.67092770,10.51,"10°46'32.41""N, 106°40'15.34""E",FIX,
13:17:05.439,1786256225.439,PATH_FOLLOWING,10.793,-0.479,-2.252,0.00,0.250,-0.001,0.000,0.000,0.000,0.000,0.00,10.77566965,106.67092770,10.51,"10°46'32.41""N, 106°40'15.34""E",FIX,
13:17:05.537,1786256225.537,PATH_FOLLOWING,10.780,-0.495,-2.252,0.00,0.250,-0.001,0.000,0.000,0.000,0.000,0.00,10.77566949,106.67092786,10.51,"10°46'32.41""N, 106°40'15.34""E",FIX,
13:17:05.644,1786256225.644,PATH_FOLLOWING,10.774,-0.502,-2.252,0.00,0.250,-0.001,0.000,0.000,0.000,0.000,0.00,10.77566949,106.67092786,10.51,"10°46'32.41""N, 106°40'15.34""E",FIX,
13:17:05.737,1786256225.738,PATH_FOLLOWING,10.762,-0.518,-2.252,0.00,0.250,-0.001,0.000,0.000,0.000,0.000,0.00,10.77566949,106.67092786,10.51,"10°46'32.41""N, 106°40'15.34""E",FIX,
13:17:05.827,1786256225.828,PATH_FOLLOWING,10.752,-0.529,-2.252,0.00,0.250,-0.001,0.000,0.000,0.000,0.000,0.00,10.77566933,106.67092802,10.51,"10°46'32.41""N, 106°40'15.34""E",FIX,
13:17:05.914,1786256225.915,PATH_FOLLOWING,10.743,-0.541,-2.252,0.00,0.250,-0.000,0.000,0.000,0.000,0.000,0.00,10.77566933,106.67092802,10.51,"10°46'32.41""N, 106°40'15.34""E",FIX,
13:17:06.000,1786256226.001,PATH_FOLLOWING,10.730,-0.557,-2.252,0.00,0.250,-0.000,0.000,0.000,0.000,0.000,0.00,10.77566933,106.67092802,10.51,"10°46'32.41""N, 106°40'15.34""E",FIX,
13:17:06.080,1786256226.080,PATH_FOLLOWING,10.721,-0.568,-2.253,0.00,0.250,-0.000,0.000,0.000,0.000,0.000,0.00,10.77566917,106.67092818,10.51,"10°46'32.41""N, 106°40'15.34""E",FIX,
13:17:06.182,1786256226.182,PATH_FOLLOWING,10.711,-0.580,-2.253,0.00,0.250,-0.000,0.000,0.000,0.000,0.000,0.00,10.77566917,106.67092818,10.51,"10°46'32.41""N, 106°40'15.34""E",FIX,
13:17:06.294,1786256226.294,PATH_FOLLOWING,10.702,-0.592,-2.253,0.00,0.250,-0.000,0.000,0.000,0.000,0.000,0.00,10.77566917,106.67092818,10.51,"10°46'32.41""N, 106°40'15.34""E",FIX,
13:17:06.398,1786256226.399,PATH_FOLLOWING,10.689,-0.607,-2.253,0.00,0.250,-0.000,0.000,0.000,0.000,0.000,0.00,10.77566900,106.67092834,10.51,"10°46'32.41""N, 106°40'15.34""E",FIX,
13:17:06.491,1786256226.491,PATH_FOLLOWING,10.680,-0.619,-2.253,0.00,0.250,-0.000,0.000,0.000,0.000,0.000,0.00,10.77566900,106.67092834,10.51,"10°46'32.41""N, 106°40'15.34""E",FIX,
13:17:06.570,1786256226.571,PATH_FOLLOWING,10.670,-0.630,-2.253,0.00,0.000,0.000,0.000,0.000,0.000,0.000,0.00,10.77566900,106.67092834,10.51,"10°46'32.41""N, 106°40'15.34""E",FIX,
13:17:06.650,1786256226.651,UTURN_EXECUTION,10.665,-0.636,-2.253,0.00,0.250,-1.500,0.000,0.000,0.000,0.000,0.00,10.77566884,106.67092850,10.51,"10°46'32.41""N, 106°40'15.34""E",FIX,
13:17:06.730,1786256226.730,UTURN_EXECUTION,10.658,-0.644,-2.316,0.00,0.250,-1.500,0.000,0.000,0.000,0.000,0.00,10.77566884,106.67092850,10.51,"10°46'32.41""N, 106°40'15.34""E",FIX,
13:17:06.819,1786256226.820,UTURN_EXECUTION,10.648,-0.655,-2.406,0.00,0.250,-1.500,0.000,0.000,0.000,0.000,0.00,10.77566884,106.67092850,10.51,"10°46'32.41""N, 106°40'15.34""E",FIX,
13:17:06.915,1786256226.916,UTURN_EXECUTION,10.632,-0.667,-2.526,0.00,0.250,-1.500,0.000,0.000,0.000,0.000,0.00,10.77566874,106.67092860,10.51,"10°46'32.41""N, 106°40'15.34""E",FIX,
13:17:07.003,1786256227.004,UTURN_EXECUTION,10.620,-0.676,-2.616,0.00,0.250,-1.500,0.000,0.000,0.000,0.000,0.00,10.77566874,106.67092860,10.51,"10°46'32.41""N, 106°40'15.34""E",FIX,
13:17:07.106,1786256227.107,UTURN_EXECUTION,10.606,-0.682,-2.706,0.00,0.250,-1.500,0.000,0.000,0.000,0.000,0.00,10.77566874,106.67092860,10.51,"10°46'32.41""N, 106°40'15.34""E",FIX,
13:17:07.191,1786256227.192,UTURN_EXECUTION,10.592,-0.688,-2.796,0.00,0.250,-1.500,0.000,0.000,0.000,0.000,0.00,10.77566856,106.67092876,10.51,"10°46'32.41""N, 106°40'15.34""E",FIX,
13:17:07.274,1786256227.274,UTURN_EXECUTION,10.573,-0.694,-2.916,0.00,0.250,-1.500,0.000,0.000,0.000,0.000,0.00,10.77566856,106.67092876,10.51,"10°46'32.41""N, 106°40'15.34""E",FIX,
13:17:07.399,1786256227.400,UTURN_EXECUTION,10.554,-0.697,-3.036,0.00,0.250,-1.500,0.000,0.000,0.000,0.000,0.00,10.77566856,106.67092876,10.51,"10°46'32.41""N, 106°40'15.34""E",FIX,
13:17:07.459,1786256227.459,UTURN_EXECUTION,10.544,-0.698,-3.096,0.00,0.250,-1.500,0.000,0.000,0.000,0.000,0.00,10.77566837,106.67092895,10.51,"10°46'32.41""N, 106°40'15.34""E",FIX,
13:17:07.530,1786256227.531,UTURN_EXECUTION,10.524,-0.698,3.068,0.00,0.250,-1.500,0.000,0.000,0.000,0.000,0.00,10.77566837,106.67092895,10.51,"10°46'32.41""N, 106°40'15.34""E",FIX,
13:17:07.607,1786256227.608,UTURN_EXECUTION,10.514,-0.697,3.008,0.00,0.250,-1.500,0.000,0.000,0.000,0.000,0.00,10.77566837,106.67092895,10.51,"10°46'32.41""N, 106°40'15.34""E",FIX,
13:17:07.727,1786256227.727,UTURN_EXECUTION,10.489,-0.691,2.858,0.00,0.250,-1.500,0.000,0.000,0.000,0.000,0.00,10.77566817,106.67092916,10.51,"10°46'32.41""N, 106°40'15.34""E",FIX,
13:17:07.804,1786256227.805,UTURN_EXECUTION,10.475,-0.687,2.768,0.00,0.250,-1.500,0.000,0.000,0.000,0.000,0.00,10.77566817,106.67092916,10.51,"10°46'32.41""N, 106°40'15.34""E",FIX,
13:17:07.882,1786256227.882,UTURN_EXECUTION,10.461,-0.680,2.678,0.00,0.250,-1.500,0.000,0.000,0.000,0.000,0.00,10.77566817,106.67092916,10.51,"10°46'32.41""N, 106°40'15.34""E",FIX,
13:17:07.960,1786256227.961,UTURN_EXECUTION,10.444,-0.670,2.558,0.00,0.250,-1.500,0.000,0.000,0.000,0.000,0.00,10.77566796,106.67092939,10.51,"10°46'32.40""N, 106°40'15.35""E",FIX,
13:17:08.034,1786256228.034,UTURN_EXECUTION,10.432,-0.662,2.468,0.00,0.250,-1.500,0.000,0.000,0.000,0.000,0.00,10.77566796,106.67092939,10.51,"10°46'32.40""N, 106°40'15.35""E",FIX,
13:17:08.113,1786256228.113,UTURN_EXECUTION,10.421,-0.652,2.378,0.00,0.250,-1.500,0.000,0.000,0.000,0.000,0.00,10.77566796,106.67092939,10.51,"10°46'32.40""N, 106°40'15.35""E",FIX,
13:17:08.202,1786256228.202,UTURN_EXECUTION,10.410,-0.641,2.288,0.00,0.250,-1.500,0.000,0.000,0.000,0.000,0.00,10.77566774,106.67092963,10.51,"10°46'32.40""N, 106°40'15.35""E",FIX,
13:17:08.293,1786256228.294,UTURN_EXECUTION,10.398,-0.625,2.168,0.00,0.250,-1.500,0.000,0.000,0.000,0.000,0.00,10.77566774,106.67092963,10.51,"10°46'32.40""N, 106°40'15.35""E",FIX,
13:17:08.378,1786256228.378,UTURN_EXECUTION,10.390,-0.612,2.078,0.00,0.250,-1.500,0.000,0.000,0.000,0.000,0.00,10.77566774,106.67092963,10.51,"10°46'32.40""N, 106°40'15.35""E",FIX,
13:17:08.468,1786256228.468,UTURN_EXECUTION,10.383,-0.599,1.988,0.00,0.250,-1.500,0.000,0.000,0.000,0.000,0.00,10.77566752,106.67092987,10.51,"10°46'32.40""N, 106°40'15.35""E",FIX,
13:17:08.557,1786256228.558,UTURN_EXECUTION,10.377,-0.580,1.868,0.00,0.250,-1.500,0.000,0.000,0.000,0.000,0.00,10.77566752,106.67092987,10.51,"10°46'32.40""N, 106°40'15.35""E",FIX,
13:17:08.655,1786256228.655,UTURN_EXECUTION,10.372,-0.561,1.748,0.00,0.250,-1.500,0.000,0.000,0.000,0.000,0.00,10.77566752,106.67092987,10.51,"10°46'32.40""N, 106°40'15.35""E",FIX,
13:17:08.725,1786256228.726,UTURN_EXECUTION,10.370,-0.551,1.688,0.00,0.250,-1.500,0.000,0.000,0.000,0.000,0.00,10.77566729,106.67093012,10.51,"10°46'32.40""N, 106°40'15.35""E",FIX,
13:17:08.839,1786256228.839,UTURN_EXECUTION,10.369,-0.536,1.598,0.00,0.250,-1.500,0.000,0.000,0.000,0.000,0.00,10.77566729,106.67093012,10.51,"10°46'32.40""N, 106°40'15.35""E",FIX,
13:17:08.935,1786256228.935,UTURN_EXECUTION,10.370,-0.521,1.508,0.00,0.250,-1.500,0.000,0.000,0.000,0.000,0.00,10.77566729,106.67093012,10.51,"10°46'32.40""N, 106°40'15.35""E",FIX,
13:17:09.039,1786256229.039,UTURN_EXECUTION,10.372,-0.501,1.388,0.00,0.250,-1.500,0.000,0.000,0.000,0.000,0.00,10.77566707,106.67093030,10.51,"10°46'32.40""N, 106°40'15.35""E",FIX,
13:17:09.167,1786256229.168,UTURN_EXECUTION,10.375,-0.486,1.298,0.00,0.250,-1.500,0.000,0.000,0.000,0.000,0.00,10.77566707,106.67093030,10.51,"10°46'32.40""N, 106°40'15.35""E",FIX,
13:17:09.261,1786256229.261,UTURN_EXECUTION,10.380,-0.472,1.208,0.00,0.250,-1.500,0.000,0.000,0.000,0.000,0.00,10.77566707,106.67093030,10.51,"10°46'32.40""N, 106°40'15.35""E",FIX,
13:17:09.353,1786256229.353,UTURN_EXECUTION,10.388,-0.454,1.088,0.00,0.250,-1.500,0.000,0.000,0.000,0.000,0.00,10.77566685,106.67093042,10.51,"10°46'32.40""N, 106°40'15.35""E",FIX,
13:17:09.442,1786256229.442,UTURN_EXECUTION,10.396,-0.441,0.998,0.00,0.250,-1.500,0.000,0.000,0.000,0.000,0.00,10.77566685,106.67093042,10.51,"10°46'32.40""N, 106°40'15.35""E",FIX,
13:17:09.507,1786256229.507,UTURN_EXECUTION,10.405,-0.429,0.908,0.00,0.250,-1.500,0.000,0.000,0.000,0.000,0.00,10.77566685,106.67093042,10.51,"10°46'32.40""N, 106°40'15.35""E",FIX,
13:17:09.608,1786256229.608,UTURN_EXECUTION,10.414,-0.417,0.818,0.00,0.250,-1.500,0.000,0.000,0.000,0.000,0.00,10.77566664,106.67093048,10.51,"10°46'32.40""N, 106°40'15.35""E",FIX,
13:17:09.717,1786256229.717,UTURN_EXECUTION,10.429,-0.404,0.698,0.00,0.250,-1.500,0.000,0.000,0.000,0.000,0.00,10.77566664,106.67093048,10.51,"10°46'32.40""N, 106°40'15.35""E",FIX,
13:17:09.817,1786256229.817,UTURN_EXECUTION,10.441,-0.395,0.608,0.00,0.250,-1.500,0.000,0.000,0.000,0.000,0.00,10.77566664,106.67093048,10.51,"10°46'32.40""N, 106°40'15.35""E",FIX,
13:17:09.903,1786256229.903,UTURN_EXECUTION,10.458,-0.384,0.488,0.00,0.250,-1.500,0.000,0.000,0.000,0.000,0.00,10.77566644,106.67093047,10.51,"10°46'32.40""N, 106°40'15.35""E",FIX,
13:17:09.991,1786256229.991,UTURN_EXECUTION,10.471,-0.378,0.398,0.00,0.250,-1.500,0.000,0.000,0.000,0.000,0.00,10.77566644,106.67093047,10.51,"10°46'32.40""N, 106°40'15.35""E",FIX,
13:17:10.072,1786256230.072,UTURN_EXECUTION,10.490,-0.371,0.278,0.00,0.250,-1.500,0.000,0.000,0.000,0.083,0.00,10.77566644,106.67093047,10.51,"10°46'32.40""N, 106°40'15.35""E",FIX,
13:17:10.130,1786256230.131,UTURN_EXECUTION,10.500,-0.369,0.218,0.00,0.250,-1.500,0.000,0.000,0.000,0.062,0.00,10.77566625,106.67093041,10.51,"10°46'32.40""N, 106°40'15.35""E",FIX,
13:17:10.235,1786256230.236,UTURN_EXECUTION,10.520,-0.366,0.098,0.00,0.250,-1.500,0.000,0.000,0.000,0.021,0.00,10.77566625,106.67093041,10.51,"10°46'32.40""N, 106°40'15.35""E",FIX,
13:17:10.347,1786256230.348,UTURN_EXECUTION,10.535,-0.365,0.008,0.00,0.250,-1.500,0.000,0.000,0.000,0.000,0.00,10.77566625,106.67093041,10.51,"10°46'32.40""N, 106°40'15.35""E",FIX,
13:17:10.448,1786256230.449,UTURN_EXECUTION,10.550,-0.365,-0.082,0.00,0.250,-1.500,0.000,0.000,0.000,0.000,0.00,10.77566608,106.67093028,10.51,"10°46'32.40""N, 106°40'15.35""E",FIX,
13:17:10.575,1786256230.576,UTURN_EXECUTION,10.569,-0.368,-0.202,0.00,0.250,-1.500,0.000,0.000,0.000,0.000,0.00,10.77566608,106.67093028,10.51,"10°46'32.40""N, 106°40'15.35""E",FIX,
13:17:10.651,1786256230.651,UTURN_EXECUTION,10.584,-0.372,-0.292,0.00,0.250,-1.500,0.000,0.000,0.000,0.000,0.00,10.77566608,106.67093028,10.51,"10°46'32.40""N, 106°40'15.35""E",FIX,
13:17:10.757,1786256230.758,UTURN_EXECUTION,10.598,-0.377,-0.382,0.00,0.250,-1.500,0.000,0.000,0.000,0.000,0.00,10.77566591,106.67093013,10.51,"10°46'32.40""N, 106°40'15.35""E",FIX,
13:17:10.822,1786256230.822,UTURN_EXECUTION,10.612,-0.383,-0.472,0.00,0.250,-1.500,0.000,0.000,0.000,0.000,0.00,10.77566591,106.67093013,10.51,"10°46'32.40""N, 106°40'15.35""E",FIX,
13:17:10.954,1786256230.955,UTURN_EXECUTION,10.629,-0.393,-0.592,0.00,0.250,-1.500,0.000,0.000,0.000,0.000,0.00,10.77566591,106.67093013,10.51,"10°46'32.40""N, 106°40'15.35""E",FIX,
13:17:11.034,1786256231.034,UTURN_EXECUTION,10.641,-0.402,-0.682,0.00,0.250,-1.500,0.000,0.000,0.000,0.000,0.00,10.77566575,106.67092996,10.51,"10°46'32.40""N, 106°40'15.35""E",FIX,
13:17:11.111,1786256231.112,UTURN_EXECUTION,10.656,-0.416,-0.802,0.00,0.250,-1.500,0.000,0.000,0.000,0.000,0.00,10.77566575,106.67092996,10.51,"10°46'32.40""N, 106°40'15.35""E",FIX,
13:17:11.191,1786256231.191,UTURN_EXECUTION,10.666,-0.427,-0.892,0.00,0.250,-1.500,0.000,0.000,0.000,0.000,0.00,10.77566575,106.67092996,10.51,"10°46'32.40""N, 106°40'15.35""E",FIX,
13:17:11.294,1786256231.294,UTURN_EXECUTION,10.675,-0.439,-0.982,0.00,0.250,-1.500,0.000,0.000,0.000,0.000,0.00,10.77566558,106.67092977,10.51,"10°46'32.40""N, 106°40'15.35""E",FIX,
13:17:11.385,1786256231.385,UTURN_EXECUTION,10.685,-0.456,-1.102,0.00,0.250,-1.500,0.000,0.000,0.000,0.000,0.00,10.77566558,106.67092977,10.51,"10°46'32.40""N, 106°40'15.35""E",FIX,
13:17:11.474,1786256231.474,UTURN_EXECUTION,10.691,-0.470,-1.192,0.00,0.250,-1.500,0.000,0.000,0.000,0.000,0.00,10.77566558,106.67092977,10.51,"10°46'32.40""N, 106°40'15.35""E",FIX,
13:17:11.597,1786256231.598,UTURN_EXECUTION,10.696,-0.484,-1.282,0.00,0.250,-1.500,0.000,0.000,0.000,0.000,0.00,10.77566538,106.67092957,10.51,"10°46'32.40""N, 106°40'15.35""E",FIX,
13:17:11.689,1786256231.689,UTURN_EXECUTION,10.699,-0.499,-1.372,0.00,0.250,-1.500,0.000,0.000,0.000,0.021,0.00,10.77566538,106.67092957,10.51,"10°46'32.40""N, 106°40'15.35""E",FIX,
13:17:11.786,1786256231.787,UTURN_EXECUTION,10.702,-0.518,-1.492,0.00,0.250,-1.500,0.000,0.000,0.000,0.062,0.00,10.77566538,106.67092957,10.51,"10°46'32.40""N, 106°40'15.35""E",FIX,
13:17:11.858,1786256231.858,UTURN_EXECUTION,10.703,-0.533,-1.582,0.00,0.250,-1.500,0.000,0.000,0.000,0.104,0.00,10.77566517,106.67092936,10.51,"10°46'32.39""N, 106°40'15.35""E",FIX,
13:17:11.953,1786256231.954,UTURN_EXECUTION,10.702,-0.548,-1.672,0.00,0.250,-1.500,0.000,0.000,0.000,0.167,0.00,10.77566517,106.67092936,10.51,"10°46'32.39""N, 106°40'15.35""E",FIX,
13:17:12.079,1786256232.080,UTURN_EXECUTION,10.698,-0.568,-1.792,0.00,0.250,-1.500,0.000,0.000,0.000,0.479,0.00,10.77566517,106.67092936,10.51,"10°46'32.39""N, 106°40'15.35""E",FIX,
13:17:12.172,1786256232.172,UTURN_EXECUTION,10.695,-0.583,-1.882,0.00,0.250,-1.500,0.000,0.000,0.000,1.000,0.00,10.77566494,106.67092915,10.51,"10°46'32.39""N, 106°40'15.34""E",FIX,
13:17:12.239,1786256232.239,TRACKING,10.689,-0.597,-1.972,0.17,0.450,-0.023,0.000,0.000,0.000,1.000,0.01,10.77566494,106.67092915,10.51,"10°46'32.39""N, 106°40'15.34""E",FIX,
13:17:12.345,1786256232.346,TRACKING,10.680,-0.618,-1.999,0.28,0.450,-0.127,0.000,0.000,0.000,1.000,0.04,10.77566494,106.67092915,10.51,"10°46'32.39""N, 106°40'15.34""E",FIX,
13:17:12.460,1786256232.460,TRACKING,10.665,-0.651,-2.007,0.36,0.450,-0.079,0.000,0.000,0.000,1.000,0.07,10.77566479,106.67092882,10.51,"10°46'32.39""N, 106°40'15.34""E",FIX,
13:17:12.559,1786256232.559,TRACKING,10.649,-0.683,-2.015,0.42,0.450,-0.072,0.000,0.000,0.000,0.604,0.11,10.77566479,106.67092882,10.51,"10°46'32.39""N, 106°40'15.34""E",FIX,
13:17:12.698,1786256232.698,TRACKING,10.641,-0.700,-2.018,0.47,0.450,-0.108,0.000,0.000,0.000,0.667,0.13,10.77566479,106.67092882,10.51,"10°46'32.39""N, 106°40'15.34""E",FIX,
13:17:12.768,1786256232.768,TRACKING,10.630,-0.724,-2.022,0.50,0.450,-0.064,0.000,0.000,0.000,0.750,0.16,10.77566479,106.67092882,10.51,"10°46'32.39""N, 106°40'15.34""E",FIX,
13:17:12.901,1786256232.902,TRACKING,10.614,-0.756,-2.028,0.53,0.450,-0.059,0.000,0.000,0.000,0.833,0.19,10.77566470,106.67092842,10.51,"10°46'32.39""N, 106°40'15.34""E",FIX,
13:17:13.000,1786256233.000,TRACKING,10.602,-0.780,-2.032,0.55,0.450,-0.058,0.000,0.000,0.000,0.917,0.22,10.77566470,106.67092842,10.51,"10°46'32.39""N, 106°40'15.34""E",FIX,
13:17:13.096,1786256233.097,TRACKING,10.590,-0.805,-2.036,0.56,0.450,-0.057,0.000,0.000,0.000,0.979,0.25,10.77566470,106.67092842,10.51,"10°46'32.39""N, 106°40'15.34""E",FIX,
13:17:13.282,1786256233.283,TRACKING,10.574,-0.837,-2.040,0.57,0.450,-0.051,0.000,0.000,0.000,1.000,0.28,10.77566461,106.67092801,10.51,"10°46'32.39""N, 106°40'15.34""E",FIX,
13:17:13.404,1786256233.405,TRACKING,10.561,-0.861,-2.043,0.58,0.450,-0.056,0.000,0.000,0.000,1.000,0.31,10.77566461,106.67092801,10.51,"10°46'32.39""N, 106°40'15.34""E",FIX,
13:17:13.482,1786256233.482,TRACKING,10.549,-0.885,-2.047,0.59,0.450,-0.053,0.000,0.000,0.000,1.000,0.34,10.77566461,106.67092801,10.51,"10°46'32.39""N, 106°40'15.34""E",FIX,
13:17:13.568,1786256233.568,TRACKING,10.533,-0.917,-2.051,0.60,0.450,-0.052,0.000,0.000,0.000,1.000,0.37,10.77566453,106.67092761,10.51,"10°46'32.39""N, 106°40'15.34""E",FIX,
13:17:13.676,1786256233.676,TRACKING,10.520,-0.941,-2.054,0.60,0.450,-0.053,0.000,0.000,0.000,1.000,0.40,10.77566453,106.67092761,10.51,"10°46'32.39""N, 106°40'15.34""E",FIX,
13:17:13.763,1786256233.764,TRACKING,10.503,-0.973,-2.058,0.61,0.450,-0.053,0.000,0.000,0.000,1.000,0.43,10.77566446,106.67092720,10.51,"10°46'32.39""N, 106°40'15.34""E",FIX,
13:17:13.839,1786256233.839,TRACKING,10.495,-0.988,-2.060,0.62,0.450,-0.053,0.000,0.000,0.000,0.562,0.45,10.77566446,106.67092720,10.51,"10°46'32.39""N, 106°40'15.34""E",FIX,
13:17:13.974,1786256233.974,TRACKING,10.478,-1.020,-2.065,0.55,0.450,0.004,0.000,0.000,0.000,0.333,0.49,10.77566446,106.67092720,10.51,"10°46'32.39""N, 106°40'15.34""E",FIX,
13:17:14.038,1786256234.039,TRACKING,10.465,-1.044,-2.067,0.59,0.450,-0.074,0.000,0.000,0.000,0.396,0.52,10.77566446,106.67092720,10.51,"10°46'32.39""N, 106°40'15.34""E",FIX,
13:17:14.110,1786256234.110,TRACKING,10.448,-1.076,-2.070,0.62,0.450,-0.073,0.000,0.000,0.000,0.437,0.55,10.77566438,106.67092680,10.51,"10°46'32.39""N, 106°40'15.34""E",FIX,
13:17:14.198,1786256234.198,TRACKING,10.439,-1.091,-2.073,0.64,0.450,-0.071,0.000,0.000,0.000,0.500,0.57,10.77566438,106.67092680,10.51,"10°46'32.39""N, 106°40'15.34""E",FIX,
13:17:14.329,1786256234.330,TRACKING,10.422,-1.123,-2.079,0.66,0.450,-0.064,0.000,0.000,0.000,0.583,0.61,10.77566438,106.67092680,10.51,"10°46'32.39""N, 106°40'15.34""E",FIX,
13:17:14.404,1786256234.404,TRACKING,10.409,-1.146,-2.083,0.67,0.450,-0.062,0.000,0.000,0.000,0.625,0.63,10.77566431,106.67092639,10.51,"10°46'32.39""N, 106°40'15.34""E",FIX,
13:17:14.510,1786256234.511,TRACKING,10.391,-1.178,-2.088,0.68,0.450,-0.058,0.000,0.000,0.000,0.687,0.67,10.77566431,106.67092639,10.51,"10°46'32.39""N, 106°40'15.34""E",FIX,
13:17:14.598,1786256234.598,TRACKING,10.373,-1.209,-2.093,0.69,0.450,-0.060,0.000,0.000,0.000,0.750,0.70,10.77566423,106.67092598,10.51,"10°46'32.39""N, 106°40'15.33""E",FIX,
13:17:14.671,1786256234.672,TRACKING,10.359,-1.232,-2.096,0.69,0.450,-0.059,0.000,0.000,0.000,0.833,0.73,10.77566423,106.67092598,10.51,"10°46'32.39""N, 106°40'15.33""E",FIX,
13:17:14.735,1786256234.735,TRACKING,10.350,-1.248,-2.099,0.70,0.450,-0.060,0.000,0.000,0.000,0.896,0.75,10.77566423,106.67092598,10.51,"10°46'32.39""N, 106°40'15.33""E",FIX,
13:17:14.819,1786256234.820,TRACKING,10.332,-1.279,-2.104,0.70,0.450,-0.058,0.000,0.000,0.000,0.979,0.79,10.77566423,106.67092598,10.51,"10°46'32.39""N, 106°40'15.33""E",FIX,
13:17:14.926,1786256234.927,TRACKING,10.318,-1.302,-2.107,0.70,0.450,-0.057,0.000,0.000,0.000,1.000,0.81,10.77566416,106.67092558,10.51,"10°46'32.39""N, 106°40'15.33""E",FIX,
13:17:15.030,1786256235.030,TRACKING,10.305,-1.325,-2.111,0.71,0.450,-0.058,0.000,0.000,0.000,1.000,0.84,10.77566416,106.67092558,10.51,"10°46'32.39""N, 106°40'15.33""E",FIX,
13:17:15.103,1786256235.104,TRACKING,10.286,-1.356,-2.115,0.71,0.450,-0.057,0.000,0.000,0.000,1.000,0.88,10.77566416,106.67092558,10.51,"10°46'32.39""N, 106°40'15.33""E",FIX,
13:17:15.200,1786256235.201,TRACKING,10.272,-1.379,-2.119,0.71,0.450,-0.059,0.000,0.000,0.000,1.000,0.90,10.77566409,106.67092517,10.51,"10°46'32.39""N, 106°40'15.33""E",FIX,
13:17:15.310,1786256235.310,TRACKING,10.258,-1.402,-2.122,0.72,0.450,-0.060,0.000,0.000,0.000,0.812,0.93,10.77566409,106.67092517,10.51,"10°46'32.39""N, 106°40'15.33""E",FIX,
13:17:15.389,1786256235.390,TRACKING,10.239,-1.433,-2.127,0.72,0.450,-0.059,0.000,0.000,0.000,0.896,0.97,10.77566409,106.67092517,10.51,"10°46'32.39""N, 106°40'15.33""E",FIX,
13:17:15.504,1786256235.505,TRACKING,10.229,-1.448,-2.129,0.72,0.450,-0.060,0.000,0.000,0.000,0.958,0.98,10.77566402,106.67092476,10.51,"10°46'32.39""N, 106°40'15.33""E",FIX,
13:17:15.612,1786256235.612,TRACKING,10.210,-1.479,-2.134,0.72,0.450,-0.058,0.000,0.000,0.000,1.000,1.02,10.77566402,106.67092476,10.51,"10°46'32.39""N, 106°40'15.33""E",FIX,
13:17:15.722,1786256235.722,TRACKING,10.196,-1.502,-2.137,0.73,0.450,-0.060,0.000,0.000,0.000,1.000,1.05,10.77566402,106.67092476,10.51,"10°46'32.39""N, 106°40'15.33""E",FIX,
13:17:15.818,1786256235.818,TRACKING,10.176,-1.532,-2.142,0.73,0.450,-0.060,0.000,0.000,0.000,1.000,1.08,10.77566396,106.67092436,10.51,"10°46'32.39""N, 106°40'15.33""E",FIX,
13:17:15.917,1786256235.918,TRACKING,10.162,-1.555,-2.146,0.73,0.450,-0.059,0.000,0.000,0.000,1.000,1.11,10.77566396,106.67092436,10.51,"10°46'32.39""N, 106°40'15.33""E",FIX,
13:17:16.000,1786256236.001,TRACKING,10.147,-1.577,-2.149,0.74,0.450,-0.059,0.000,0.000,0.000,0.937,1.14,10.77566396,106.67092436,10.51,"10°46'32.39""N, 106°40'15.33""E",FIX,
13:17:16.101,1786256236.102,TRACKING,10.127,-1.607,-2.154,0.74,0.450,-0.059,0.000,0.000,0.000,0.458,1.17,10.77566390,106.67092395,10.51,"10°46'32.39""N, 106°40'15.33""E",FIX,
13:17:16.195,1786256236.196,TRACKING,10.112,-1.630,-2.158,0.66,0.450,0.009,0.000,0.000,0.000,0.167,1.20,10.77566390,106.67092395,10.51,"10°46'32.39""N, 106°40'15.33""E",FIX,
13:17:16.308,1786256236.309,TRACKING,10.097,-1.652,-2.158,0.60,0.450,0.004,0.000,0.000,0.000,0.208,1.23,10.77566390,106.67092395,10.51,"10°46'32.39""N, 106°40'15.33""E",FIX,
13:17:16.407,1786256236.408,TRACKING,10.077,-1.682,-2.158,0.54,0.450,0.006,0.000,0.000,0.000,0.271,1.26,10.77566384,106.67092354,10.51,"10°46'32.39""N, 106°40'15.32""E",FIX,
13:17:16.577,1786256236.577,TRACKING,10.063,-1.705,-2.157,0.48,0.450,0.001,0.000,0.000,0.000,0.333,1.29,10.77566384,106.67092354,10.51,"10°46'32.39""N, 106°40'15.32""E",FIX,
13:17:16.654,1786256236.655,TRACKING,10.048,-1.727,-2.157,0.55,0.450,-0.109,0.000,0.000,0.000,0.396,1.32,10.77566384,106.67092354,10.51,"10°46'32.39""N, 106°40'15.32""E",FIX,
13:17:16.740,1786256236.740,TRACKING,10.028,-1.757,-2.161,0.60,0.450,-0.081,0.000,0.000,0.000,0.437,1.35,10.77566379,106.67092313,10.51,"10°46'32.39""N, 106°40'15.32""E",FIX,
13:17:16.820,1786256236.821,TRACKING,10.018,-1.772,-2.165,0.64,0.450,-0.095,0.000,0.000,0.000,0.500,1.37,10.77566379,106.67092313,10.51,"10°46'32.39""N, 106°40'15.32""E",FIX,
13:17:16.946,1786256236.947,TRACKING,9.997,-1.802,-2.172,0.67,0.450,-0.068,0.000,0.000,0.000,0.562,1.41,10.77566379,106.67092313,10.51,"10°46'32.39""N, 106°40'15.32""E",FIX,
13:17:17.032,1786256237.033,TRACKING,9.982,-1.824,-2.177,0.68,0.450,-0.068,0.000,0.000,0.000,0.625,1.43,10.77566372,106.67092273,10.51,"10°46'32.39""N, 106°40'15.32""E",FIX,
13:17:17.110,1786256237.111,TRACKING,9.961,-1.854,-2.183,0.69,0.450,-0.061,0.000,0.000,0.000,0.687,1.47,10.77566372,106.67092273,10.51,"10°46'32.39""N, 106°40'15.32""E",FIX,
13:17:17.253,1786256237.254,TRACKING,9.946,-1.876,-2.187,0.70,0.450,-0.061,0.000,0.000,0.000,0.750,1.50,10.77566372,106.67092273,10.51,"10°46'32.39""N, 106°40'15.32""E",FIX,
13:17:17.297,1786256237.298,TRACKING,9.930,-1.898,-2.190,0.71,0.450,-0.060,0.000,0.000,0.000,0.833,1.52,10.77566366,106.67092232,10.51,"10°46'32.39""N, 106°40'15.32""E",FIX,
13:17:17.396,1786256237.397,TRACKING,9.909,-1.927,-2.195,0.71,0.450,-0.059,0.000,0.000,0.000,0.896,1.56,10.77566366,106.67092232,10.51,"10°46'32.39""N, 106°40'15.32""E",FIX,
13:17:17.501,1786256237.502,TRACKING,9.893,-1.949,-2.199,0.71,0.450,-0.056,0.000,0.000,0.000,0.979,1.59,10.77566366,106.67092232,10.51,"10°46'32.39""N, 106°40'15.32""E",FIX,
13:17:17.600,1786256237.600,TRACKING,9.872,-1.978,-2.203,0.71,0.450,-0.056,0.000,0.000,0.000,1.000,1.62,10.77566361,106.67092191,10.51,"10°46'32.39""N, 106°40'15.32""E",FIX,
13:17:17.678,1786256237.679,TRACKING,9.862,-1.992,-2.206,0.71,0.450,-0.056,0.000,0.000,0.000,1.000,1.64,10.77566361,106.67092191,10.51,"10°46'32.39""N, 106°40'15.32""E",FIX,
13:17:17.768,1786256237.769,TRACKING,9.835,-2.029,-2.211,0.71,0.450,-0.056,0.000,0.000,0.000,1.000,1.69,10.77566361,106.67092191,10.51,"10°46'32.39""N, 106°40'15.32""E",FIX,
13:17:17.835,1786256237.836,TRACKING,9.819,-2.050,-2.215,0.71,0.450,-0.054,0.000,0.000,0.000,1.000,1.71,10.77566355,106.67092150,10.51,"10°46'32.39""N, 106°40'15.32""E",FIX,
13:17:17.909,1786256237.910,TRACKING,9.802,-2.072,-2.218,0.71,0.450,-0.056,0.000,0.000,0.000,1.000,1.74,10.77566355,106.67092150,10.51,"10°46'32.39""N, 106°40'15.32""E",FIX,
13:17:17.984,1786256237.985,TRACKING,9.786,-2.093,-2.221,0.73,0.450,-0.075,0.000,0.000,0.000,0.979,1.77,10.77566355,106.67092150,10.51,"10°46'32.39""N, 106°40'15.32""E",FIX,
13:17:18.073,1786256238.074,TRACKING,9.770,-2.115,-2.225,0.75,0.450,-0.071,0.000,0.000,0.000,1.000,1.79,10.77566350,106.67092109,10.51,"10°46'32.39""N, 106°40'15.32""E",FIX,
13:17:18.173,1786256238.173,TRACKING,9.748,-2.143,-2.231,0.76,0.450,-0.069,0.000,0.000,0.000,1.000,1.83,10.77566350,106.67092109,10.51,"10°46'32.39""N, 106°40'15.32""E",FIX,
13:17:18.268,1786256238.268,TRACKING,9.737,-2.157,-2.234,0.77,0.450,-0.068,0.000,0.000,0.000,1.000,1.85,10.77566350,106.67092109,10.51,"10°46'32.39""N, 106°40'15.32""E",FIX,
13:17:18.381,1786256238.382,TRACKING,9.720,-2.179,-2.238,0.76,0.450,-0.053,0.000,0.000,0.000,1.000,1.87,10.77566345,106.67092068,10.51,"10°46'32.39""N, 106°40'15.31""E",FIX,
13:17:18.507,1786256238.508,TRACKING,9.698,-2.207,-2.243,0.74,0.450,-0.046,0.000,0.000,0.000,0.646,1.91,10.77566345,106.67092068,10.51,"10°46'32.39""N, 106°40'15.31""E",FIX,
13:17:18.586,1786256238.587,TRACKING,9.681,-2.228,-2.246,0.67,0.450,0.030,0.000,0.000,0.000,0.104,1.94,10.77566345,106.67092068,10.51,"10°46'32.39""N, 106°40'15.31""E",FIX,
13:17:18.712,1786256238.713,TRACKING,9.658,-2.256,-2.245,0.60,0.450,-0.006,0.000,0.000,0.000,0.021,1.97,10.77566341,106.67092027,10.51,"10°46'32.39""N, 106°40'15.31""E",FIX,
13:17:18.825,1786256238.826,TRACKING,9.641,-2.277,-2.245,0.54,0.450,0.011,0.000,0.000,0.000,0.083,2.00,10.77566341,106.67092027,10.51,"10°46'32.39""N, 106°40'15.31""E",FIX,
13:17:18.970,1786256238.970,TRACKING,9.619,-2.305,-2.244,0.49,0.450,-0.002,0.000,0.000,0.000,0.146,2.04,10.77566341,106.67092027,10.51,"10°46'32.39""N, 106°40'15.31""E",FIX,
13:17:19.065,1786256239.066,TRACKING,9.602,-2.326,-2.244,0.44,0.450,0.010,0.000,0.000,0.000,0.187,2.06,10.77566337,106.67091986,10.51,"10°46'32.39""N, 106°40'15.31""E",FIX,
13:17:19.140,1786256239.141,TRACKING,9.585,-2.348,-2.244,0.39,0.450,0.004,0.000,0.000,0.000,0.250,2.09,10.77566337,106.67091986,10.51,"10°46'32.39""N, 106°40'15.31""E",FIX,
13:17:19.229,1786256239.229,TRACKING,9.568,-2.369,-2.243,0.36,0.450,0.002,0.000,0.000,0.000,0.312,2.12,10.77566337,106.67091986,10.51,"10°46'32.39""N, 106°40'15.31""E",FIX,
13:17:19.363,1786256239.364,TRACKING,9.546,-2.397,-2.243,0.45,0.450,-0.099,0.000,0.000,0.000,0.354,2.15,10.77566333,106.67091945,10.51,"10°46'32.39""N, 106°40'15.31""E",FIX,
13:17:19.441,1786256239.441,TRACKING,9.524,-2.425,-2.247,0.53,0.450,-0.105,0.000,0.000,0.000,0.417,2.19,10.77566333,106.67091945,10.51,"10°46'32.39""N, 106°40'15.31""E",FIX,
13:17:19.519,1786256239.520,TRACKING,9.507,-2.446,-2.253,0.58,0.450,-0.091,0.000,0.000,0.000,0.479,2.22,10.77566333,106.67091945,10.51,"10°46'32.39""N, 106°40'15.31""E",FIX,
13:17:19.602,1786256239.603,TRACKING,9.495,-2.460,-2.257,0.62,0.450,-0.091,0.000,0.000,0.000,0.542,2.23,10.77566329,106.67091904,10.51,"10°46'32.39""N, 106°40'15.31""E",FIX,
13:17:19.700,1786256239.700,TRACKING,9.472,-2.488,-2.264,0.65,0.450,-0.071,0.000,0.000,0.000,0.604,2.27,10.77566329,106.67091904,10.51,"10°46'32.39""N, 106°40'15.31""E",FIX,
13:17:19.804,1786256239.805,TRACKING,9.455,-2.508,-2.269,0.67,0.450,-0.069,0.000,0.000,0.000,0.667,2.30,10.77566329,106.67091904,10.51,"10°46'32.39""N, 106°40'15.31""E",FIX,
13:17:19.873,1786256239.874,TRACKING,9.438,-2.529,-2.273,0.68,0.450,-0.065,0.000,0.000,0.000,0.729,2.32,10.77566324,106.67091863,10.51,"10°46'32.39""N, 106°40'15.31""E",FIX,
13:17:19.969,1786256239.970,TRACKING,9.414,-2.557,-2.279,0.69,0.450,-0.060,0.000,0.000,0.000,0.792,2.36,10.77566324,106.67091863,10.51,"10°46'32.39""N, 106°40'15.31""E",FIX,
13:17:20.051,1786256240.051,TRACKING,9.391,-2.584,-2.284,0.70,0.450,-0.061,0.000,0.000,0.000,0.854,2.40,10.77566324,106.67091863,10.51,"10°46'32.39""N, 106°40'15.31""E",FIX,
13:17:20.120,1786256240.121,TRACKING,9.379,-2.597,-2.286,0.70,0.450,-0.056,0.000,0.000,0.000,0.937,2.41,10.77566320,106.67091822,10.51,"10°46'32.39""N, 106°40'15.31""E",FIX,
13:17:20.206,1786256240.207,TRACKING,9.355,-2.625,-2.291,0.70,0.450,-0.058,0.000,0.000,0.000,1.000,2.45,10.77566320,106.67091822,10.51,"10°46'32.39""N, 106°40'15.31""E",FIX,
13:17:20.291,1786256240.291,TRACKING,9.338,-2.645,-2.294,0.71,0.450,-0.057,0.000,0.000,0.000,1.000,2.48,10.77566320,106.67091822,10.51,"10°46'32.39""N, 106°40'15.31""E",FIX,
13:17:20.433,1786256240.434,TRACKING,9.320,-2.665,-2.298,0.71,0.450,-0.057,0.000,0.000,0.000,1.000,2.50,10.77566316,106.67091781,10.51,"10°46'32.39""N, 106°40'15.30""E",FIX,
13:17:20.527,1786256240.527,TRACKING,9.296,-2.692,-2.302,0.71,0.450,-0.057,0.000,0.000,0.000,1.000,2.54,10.77566316,106.67091781,10.51,"10°46'32.39""N, 106°40'15.30""E",FIX,
13:17:20.615,1786256240.615,TRACKING,9.278,-2.712,-2.305,0.71,0.450,-0.056,0.000,0.000,0.000,1.000,2.57,10.77566316,106.67091781,10.51,"10°46'32.39""N, 106°40'15.30""E",FIX,
13:17:20.680,1786256240.680,TRACKING,9.259,-2.732,-2.309,0.71,0.450,-0.059,0.000,0.000,0.000,1.000,2.59,10.77566313,106.67091740,10.51,"10°46'32.39""N, 106°40'15.30""E",FIX,
13:17:20.766,1786256240.766,TRACKING,9.241,-2.752,-2.312,0.72,0.450,-0.058,0.000,0.000,0.000,1.000,2.62,10.77566313,106.67091740,10.51,"10°46'32.39""N, 106°40'15.30""E",FIX,
13:17:20.859,1786256240.859,TRACKING,9.217,-2.778,-2.317,0.72,0.450,-0.057,0.000,0.000,0.000,1.000,2.66,10.77566313,106.67091740,10.51,"10°46'32.39""N, 106°40'15.30""E",FIX,
13:17:20.936,1786256240.936,TRACKING,9.198,-2.798,-2.320,0.72,0.450,-0.060,0.000,0.000,0.000,1.000,2.68,10.77566309,106.67091699,10.51,"10°46'32.39""N, 106°40'15.30""E",FIX,
13:17:21.040,1786256241.040,TRACKING,9.180,-2.818,-2.324,0.72,0.450,-0.059,0.000,0.000,0.000,1.000,2.71,10.77566309,106.67091699,10.51,"10°46'32.39""N, 106°40'15.30""E",FIX,
13:17:21.179,1786256241.179,TRACKING,9.155,-2.844,-2.329,0.73,0.450,-0.058,0.000,0.000,0.000,1.000,2.75,10.77566309,106.67091699,10.51,"10°46'32.39""N, 106°40'15.30""E",FIX,
13:17:21.252,1786256241.252,TRACKING,9.137,-2.864,-2.332,0.69,0.450,-0.017,0.000,0.000,0.000,1.000,2.77,10.77566306,106.67091658,10.51,"10°46'32.39""N, 106°40'15.30""E",FIX,
13:17:21.364,1786256241.364,TRACKING,9.118,-2.883,-2.334,0.66,0.450,-0.030,0.000,0.000,0.000,0.667,2.80,10.77566306,106.67091658,10.51,"10°46'32.39""N, 106°40'15.30""E",FIX,
13:17:21.454,1786256241.454,TRACKING,9.093,-2.909,-2.336,0.60,0.450,0.005,0.000,0.000,0.000,0.083,2.84,10.77566306,106.67091658,10.51,"10°46'32.39""N, 106°40'15.30""E",FIX,
13:17:21.560,1786256241.560,TRACKING,9.074,-2.929,-2.337,0.54,0.450,0.011,0.000,0.000,0.000,0.125,2.86,10.77566303,106.67091617,10.51,"10°46'32.39""N, 106°40'15.30""E",FIX,
13:17:21.627,1786256241.628,TRACKING,9.056,-2.948,-2.337,0.48,0.450,-0.001,0.000,0.000,0.000,0.167,2.89,10.77566303,106.67091617,10.51,"10°46'32.39""N, 106°40'15.30""E",FIX,
13:17:21.727,1786256241.727,TRACKING,9.031,-2.974,-2.336,0.43,0.450,0.000,0.000,0.000,0.000,0.250,2.93,10.77566303,106.67091617,10.51,"10°46'32.39""N, 106°40'15.30""E",FIX,
13:17:21.810,1786256241.811,TRACKING,9.012,-2.994,-2.336,0.39,0.450,0.011,0.000,0.000,0.000,0.292,2.95,10.77566301,106.67091576,10.51,"10°46'32.39""N, 106°40'15.30""E",FIX,
13:17:21.880,1786256241.881,TRACKING,8.993,-3.013,-2.336,0.45,0.450,-0.078,0.000,0.000,0.000,0.354,2.98,10.77566301,106.67091576,10.51,"10°46'32.39""N, 106°40'15.30""E",FIX,
13:17:21.968,1786256241.969,TRACKING,8.968,-3.039,-2.339,0.49,0.450,-0.067,0.000,0.000,0.000,0.417,3.02,10.77566301,106.67091576,10.51,"10°46'32.39""N, 106°40'15.30""E",FIX,
13:17:22.046,1786256242.046,TRACKING,8.950,-3.058,-2.343,0.52,0.450,-0.068,0.000,0.000,0.000,0.479,3.04,10.77566299,106.67091535,10.51,"10°46'32.39""N, 106°40'15.30""E",FIX,
13:17:22.151,1786256242.151,TRACKING,8.931,-3.078,-2.348,0.54,0.450,-0.061,0.000,0.000,0.000,0.521,3.07,10.77566299,106.67091535,10.51,"10°46'32.39""N, 106°40'15.30""E",FIX,
13:17:22.262,1786256242.263,TRACKING,8.912,-3.097,-2.351,0.56,0.450,-0.058,0.000,0.000,0.000,0.583,3.10,10.77566299,106.67091535,10.51,"10°46'32.39""N, 106°40'15.30""E",FIX,
13:17:22.380,1786256242.381,TRACKING,8.893,-3.116,-2.355,0.57,0.450,-0.053,0.000,0.000,0.000,0.667,3.13,10.77566299,106.67091535,10.51,"10°46'32.39""N, 106°40'15.30""E",FIX,
13:17:22.466,1786256242.467,TRACKING,8.867,-3.141,-2.359,0.57,0.450,-0.050,0.000,0.000,0.000,0.729,3.16,10.77566296,106.67091494,10.51,"10°46'32.39""N, 106°40'15.29""E",FIX,
13:17:22.561,1786256242.562,TRACKING,8.848,-3.160,-2.362,0.58,0.450,-0.050,0.000,0.000,0.000,0.792,3.19,10.77566296,106.67091494,10.51,"10°46'32.39""N, 106°40'15.29""E",FIX,
13:17:22.634,1786256242.634,TRACKING,8.829,-3.179,-2.365,0.58,0.450,-0.049,0.000,0.000,0.000,0.854,3.22,10.77566296,106.67091494,10.51,"10°46'32.39""N, 106°40'15.29""E",FIX,
13:17:22.761,1786256242.762,TRACKING,8.810,-3.198,-2.368,0.59,0.450,-0.048,0.000,0.000,0.000,0.917,3.24,10.77566293,106.67091452,10.51,"10°46'32.39""N, 106°40'15.29""E",FIX,
13:17:22.882,1786256242.882,TRACKING,8.777,-3.230,-2.373,0.59,0.450,-0.047,0.000,0.000,0.000,1.000,3.29,10.77566293,106.67091452,10.51,"10°46'32.39""N, 106°40'15.29""E",FIX,
13:17:22.943,1786256242.943,TRACKING,8.764,-3.242,-2.375,0.59,0.450,-0.048,0.000,0.000,0.000,1.000,3.31,10.77566293,106.67091452,10.51,"10°46'32.39""N, 106°40'15.29""E",FIX,
13:17:23.037,1786256243.038,TRACKING,8.738,-3.267,-2.379,0.59,0.450,-0.047,0.000,0.000,0.000,1.000,3.34,10.77566291,106.67091411,10.51,"10°46'32.39""N, 106°40'15.29""E",FIX,
13:17:23.106,1786256243.107,TRACKING,8.725,-3.279,-2.381,0.59,0.450,-0.047,0.000,0.000,0.000,1.000,3.36,10.77566291,106.67091411,10.51,"10°46'32.39""N, 106°40'15.29""E",FIX,
13:17:23.193,1786256243.194,TRACKING,8.699,-3.304,-2.385,0.59,0.450,-0.047,0.000,0.000,0.000,1.000,3.40,10.77566291,106.67091411,10.51,"10°46'32.39""N, 106°40'15.29""E",FIX,
13:17:23.298,1786256243.299,TRACKING,8.680,-3.323,-2.387,0.59,0.450,-0.047,0.000,0.000,0.000,1.000,3.42,10.77566289,106.67091370,10.51,"10°46'32.39""N, 106°40'15.29""E",FIX,
13:17:23.400,1786256243.400,TRACKING,8.653,-3.347,-2.391,0.59,0.450,-0.047,0.000,0.000,0.000,1.000,3.46,10.77566289,106.67091370,10.51,"10°46'32.39""N, 106°40'15.29""E",FIX,
13:17:23.486,1786256243.486,TRACKING,8.633,-3.366,-2.394,0.59,0.450,-0.047,0.000,0.000,0.000,1.000,3.49,10.77566289,106.67091370,10.51,"10°46'32.39""N, 106°40'15.29""E",FIX,
13:17:23.575,1786256243.575,TRACKING,8.607,-3.390,-2.398,0.59,0.450,-0.047,0.000,0.000,0.000,1.000,3.52,10.77566287,106.67091329,10.51,"10°46'32.39""N, 106°40'15.29""E",FIX,
13:17:23.670,1786256243.670,TRACKING,8.587,-3.408,-2.401,0.59,0.450,-0.047,0.000,0.000,0.000,1.000,3.55,10.77566287,106.67091329,10.51,"10°46'32.39""N, 106°40'15.29""E",FIX,
13:17:23.750,1786256243.751,TRACKING,8.567,-3.427,-2.403,0.59,0.450,-0.047,0.000,0.000,0.000,1.000,3.58,10.77566287,106.67091329,10.51,"10°46'32.39""N, 106°40'15.29""E",FIX,
13:17:23.850,1786256243.851,TRACKING,8.547,-3.445,-2.406,0.59,0.450,-0.047,0.000,0.000,0.000,1.000,3.60,10.77566285,106.67091288,10.51,"10°46'32.39""N, 106°40'15.29""E",FIX,
13:17:23.930,1786256243.931,TRACKING,8.527,-3.463,-2.409,0.59,0.450,-0.040,0.000,0.000,0.000,1.000,3.63,10.77566285,106.67091288,10.51,"10°46'32.39""N, 106°40'15.29""E",FIX,
13:17:24.026,1786256244.026,TRACKING,8.500,-3.487,-2.412,0.55,0.450,-0.019,0.000,0.000,0.000,0.812,3.67,10.77566285,106.67091288,10.51,"10°46'32.39""N, 106°40'15.29""E",FIX,
13:17:24.109,1786256244.109,TRACKING,8.473,-3.511,-2.415,0.50,0.450,0.003,0.000,0.000,0.000,0.208,3.70,10.77566283,106.67091247,10.51,"10°46'32.39""N, 106°40'15.28""E",FIX,
13:17:24.187,1786256244.188,TRACKING,8.460,-3.523,-2.415,0.45,0.450,0.012,0.000,0.000,0.000,0.187,3.72,10.77566283,106.67091247,10.51,"10°46'32.39""N, 106°40'15.28""E",FIX,
13:17:24.266,1786256244.266,TRACKING,8.440,-3.541,-2.415,0.40,0.450,0.009,0.000,0.000,0.000,0.250,3.75,10.77566283,106.67091247,10.51,"10°46'32.39""N, 106°40'15.28""E",FIX,
13:17:24.395,1786256244.395,TRACKING,8.413,-3.565,-2.414,0.36,0.450,-0.002,0.000,0.000,0.000,0.312,3.78,10.77566283,106.67091206,10.51,"10°46'32.39""N, 106°40'15.28""E",FIX,
13:17:24.458,1786256244.459,TRACKING,8.393,-3.583,-2.413,0.39,0.450,-0.059,0.000,0.000,0.000,0.375,3.81,10.77566283,106.67091206,10.51,"10°46'32.39""N, 106°40'15.28""E",FIX,
13:17:24.565,1786256244.566,TRACKING,8.373,-3.601,-2.416,0.41,0.450,-0.046,0.000,0.000,0.000,0.417,3.84,10.77566283,106.67091206,10.51,"10°46'32.39""N, 106°40'15.28""E",FIX,
13:17:24.661,1786256244.662,TRACKING,8.346,-3.624,-2.420,0.42,0.450,-0.041,0.000,0.000,0.000,0.500,3.87,10.77566282,106.67091165,10.51,"10°46'32.39""N, 106°40'15.28""E",FIX,
13:17:24.740,1786256244.741,TRACKING,8.325,-3.642,-2.422,0.43,0.450,-0.045,0.000,0.000,0.000,0.542,3.90,10.77566282,106.67091165,10.51,"10°46'32.39""N, 106°40'15.28""E",FIX,
13:17:24.851,1786256244.851,TRACKING,8.305,-3.660,-2.425,0.44,0.450,-0.039,0.000,0.000,0.000,0.604,3.93,10.77566282,106.67091165,10.51,"10°46'32.39""N, 106°40'15.28""E",FIX,
13:17:24.931,1786256244.931,TRACKING,8.278,-3.684,-2.428,0.44,0.450,-0.039,0.000,0.000,0.000,0.667,3.96,10.77566280,106.67091123,10.51,"10°46'32.39""N, 106°40'15.28""E",FIX,
13:17:25.023,1786256245.023,TRACKING,8.257,-3.701,-2.431,0.44,0.450,-0.036,0.000,0.000,0.000,0.750,3.99,10.77566280,106.67091123,10.51,"10°46'32.39""N, 106°40'15.28""E",FIX,
13:17:25.107,1786256245.108,TRACKING,8.237,-3.719,-2.433,0.45,0.450,-0.038,0.000,0.000,0.000,0.812,4.02,10.77566280,106.67091123,10.51,"10°46'32.39""N, 106°40'15.28""E",FIX,
13:17:25.205,1786256245.205,TRACKING,8.210,-3.742,-2.436,0.45,0.450,-0.037,0.000,0.000,0.000,0.896,4.05,10.77566279,106.67091082,10.51,"10°46'32.39""N, 106°40'15.28""E",FIX,
13:17:25.303,1786256245.304,TRACKING,8.189,-3.760,-2.438,0.45,0.450,-0.035,0.000,0.000,0.000,0.958,4.08,10.77566279,106.67091082,10.51,"10°46'32.39""N, 106°40'15.28""E",FIX,
13:17:25.403,1786256245.404,TRACKING,8.161,-3.783,-2.441,0.45,0.450,-0.037,0.000,0.000,0.000,0.917,4.12,10.77566279,106.67091082,10.51,"10°46'32.39""N, 106°40'15.28""E",FIX,
13:17:25.476,1786256245.477,TRACKING,8.141,-3.800,-2.443,0.45,0.450,-0.037,0.000,0.000,0.000,1.000,4.14,10.77566278,106.67091041,10.51,"10°46'32.39""N, 106°40'15.28""E",FIX,
13:17:25.565,1786256245.566,TRACKING,8.120,-3.818,-2.445,0.45,0.450,-0.034,0.000,0.000,0.000,1.000,4.17,10.77566278,106.67091041,10.51,"10°46'32.39""N, 106°40'15.28""E",FIX,
13:17:25.633,1786256245.633,TRACKING,8.092,-3.841,-2.448,0.45,0.450,-0.037,0.000,0.000,0.000,1.000,4.21,10.77566278,106.67091041,10.51,"10°46'32.39""N, 106°40'15.28""E",FIX,
13:17:25.741,1786256245.742,TRACKING,8.072,-3.858,-2.450,0.45,0.450,-0.035,0.000,0.000,0.000,1.000,4.23,10.77566278,106.67091000,10.51,"10°46'32.39""N, 106°40'15.28""E",FIX,
13:17:25.779,1786256245.780,TRACKING,8.051,-3.875,-2.453,0.45,0.450,-0.034,0.000,0.000,0.000,1.000,4.26,10.77566278,106.67091000,10.51,"10°46'32.39""N, 106°40'15.28""E",FIX,
13:17:25.867,1786256245.868,TRACKING,8.030,-3.892,-2.455,0.45,0.450,-0.035,0.000,0.000,0.000,1.000,4.29,10.77566278,106.67091000,10.51,"10°46'32.39""N, 106°40'15.28""E",FIX,
13:17:25.979,1786256245.980,TRACKING,7.995,-3.921,-2.458,0.45,0.450,-0.036,0.000,0.000,0.000,1.000,4.33,10.77566277,106.67090959,10.51,"10°46'32.39""N, 106°40'15.27""E",FIX,
13:17:26.050,1786256246.051,TRACKING,7.981,-3.932,-2.460,0.45,0.450,-0.037,0.000,0.000,0.000,1.000,4.35,10.77566277,106.67090959,10.51,"10°46'32.39""N, 106°40'15.27""E",FIX,
13:17:26.151,1786256246.151,TRACKING,7.960,-3.949,-2.462,0.45,0.450,-0.036,0.000,0.000,0.000,1.000,4.38,10.77566277,106.67090959,10.51,"10°46'32.39""N, 106°40'15.27""E",FIX,
13:17:26.263,1786256246.263,TRACKING,7.932,-3.972,-2.465,0.45,0.450,-0.034,0.000,0.000,0.000,1.000,4.41,10.77566277,106.67090918,10.51,"10°46'32.39""N, 106°40'15.27""E",FIX,
13:17:26.351,1786256246.351,TRACKING,7.911,-3.989,-2.467,0.45,0.450,-0.034,0.000,0.000,0.000,1.000,4.44,10.77566277,106.67090918,10.51,"10°46'32.39""N, 106°40'15.27""E",FIX,
13:17:26.436,1786256246.437,TRACKING,7.890,-4.005,-2.469,0.45,0.450,-0.037,0.000,0.000,0.000,1.000,4.47,10.77566277,106.67090918,10.51,"10°46'32.39""N, 106°40'15.27""E",FIX,
13:17:26.559,1786256246.559,TRACKING,7.869,-4.022,-2.471,0.45,0.450,-0.035,0.000,0.000,0.000,1.000,4.49,10.77566276,106.67090877,10.51,"10°46'32.39""N, 106°40'15.27""E",FIX,
13:17:26.658,1786256246.658,TRACKING,7.841,-4.045,-2.474,0.41,0.450,0.003,0.000,0.000,0.000,1.000,4.53,10.77566276,106.67090877,10.51,"10°46'32.39""N, 106°40'15.27""E",FIX,
13:17:26.747,1786256246.747,TRACKING,7.826,-4.056,-2.475,0.37,0.450,0.007,0.000,0.000,0.000,0.562,4.55,10.77566276,106.67090877,10.51,"10°46'32.39""N, 106°40'15.27""E",FIX,
13:17:26.840,1786256246.840,TRACKING,7.798,-4.078,-2.474,0.34,0.450,-0.002,0.000,0.000,0.000,0.271,4.58,10.77566276,106.67090835,10.51,"10°46'32.39""N, 106°40'15.27""E",FIX,
13:17:26.934,1786256246.935,TRACKING,7.770,-4.100,-2.474,0.30,0.450,-0.001,0.000,0.000,0.000,0.333,4.62,10.77566276,106.67090835,10.51,"10°46'32.39""N, 106°40'15.27""E",FIX,
13:17:27.043,1786256247.043,TRACKING,7.742,-4.122,-2.474,0.29,0.450,-0.019,0.000,0.000,0.000,0.417,4.66,10.77566276,106.67090835,10.51,"10°46'32.39""N, 106°40'15.27""E",FIX,
13:17:27.077,1786256247.078,TRACKING,7.728,-4.134,-2.474,0.29,0.450,-0.017,0.000,0.000,0.000,0.458,4.67,10.77566277,106.67090794,10.51,"10°46'32.39""N, 106°40'15.27""E",FIX,
13:17:27.177,1786256247.178,TRACKING,7.699,-4.156,-2.476,0.29,0.450,-0.021,0.000,0.000,0.000,0.521,4.71,10.77566277,106.67090794,10.51,"10°46'32.39""N, 106°40'15.27""E",FIX,
13:17:27.251,1786256247.252,TRACKING,7.685,-4.167,-2.476,0.29,0.450,-0.021,0.000,0.000,0.000,0.583,4.73,10.77566277,106.67090794,10.51,"10°46'32.39""N, 106°40'15.27""E",FIX,
13:17:27.334,1786256247.335,TRACKING,7.657,-4.189,-2.478,0.29,0.450,-0.022,0.000,0.000,0.000,0.667,4.76,10.77566277,106.67090753,10.51,"10°46'32.39""N, 106°40'15.27""E",FIX,
13:17:27.441,1786256247.442,TRACKING,7.635,-4.206,-2.479,0.29,0.450,-0.022,0.000,0.000,0.000,0.750,4.79,10.77566277,106.67090753,10.51,"10°46'32.39""N, 106°40'15.27""E",FIX,
13:17:27.554,1786256247.554,TRACKING,7.607,-4.228,-2.481,0.29,0.450,-0.022,0.000,0.000,0.000,0.812,4.83,10.77566277,106.67090753,10.51,"10°46'32.39""N, 106°40'15.27""E",FIX,
13:17:27.669,1786256247.669,TRACKING,7.579,-4.250,-2.483,0.28,0.450,-0.020,0.000,0.000,0.000,0.875,4.86,10.77566277,106.67090712,10.51,"10°46'32.39""N, 106°40'15.27""E",FIX,
13:17:27.722,1786256247.722,TRACKING,7.564,-4.261,-2.484,0.28,0.450,-0.020,0.000,0.000,0.000,0.854,4.88,10.77566277,106.67090712,10.51,"10°46'32.39""N, 106°40'15.27""E",FIX,
13:17:27.808,1786256247.809,TRACKING,7.536,-4.283,-2.485,0.28,0.450,-0.021,0.000,0.000,0.000,0.937,4.92,10.77566277,106.67090712,10.51,"10°46'32.39""N, 106°40'15.27""E",FIX,
13:17:27.880,1786256247.881,TRACKING,7.514,-4.299,-2.487,0.28,0.450,-0.021,0.000,0.000,0.000,1.000,4.94,10.77566277,106.67090671,10.51,"10°46'32.39""N, 106°40'15.26""E",FIX,
13:17:27.962,1786256247.963,TRACKING,7.493,-4.316,-2.488,0.28,0.450,-0.021,0.000,0.000,0.000,1.000,4.97,10.77566277,106.67090671,10.51,"10°46'32.39""N, 106°40'15.26""E",FIX,
13:17:28.076,1786256248.076,TRACKING,7.464,-4.338,-2.489,0.28,0.450,-0.021,0.000,0.000,0.000,1.000,5.01,10.77566277,106.67090671,10.51,"10°46'32.39""N, 106°40'15.26""E",FIX,
13:17:28.146,1786256248.146,TRACKING,7.450,-4.349,-2.490,0.28,0.450,-0.021,0.000,0.000,0.000,1.000,5.02,10.77566277,106.67090630,10.51,"10°46'32.39""N, 106°40'15.26""E",FIX,
13:17:28.251,1786256248.251,TRACKING,7.414,-4.376,-2.492,0.28,0.450,-0.021,0.000,0.000,0.000,1.000,5.07,10.77566277,106.67090630,10.51,"10°46'32.39""N, 106°40'15.26""E",FIX,
13:17:28.329,1786256248.329,TRACKING,7.400,-4.387,-2.493,0.27,0.450,-0.021,0.000,0.000,0.000,1.000,5.09,10.77566277,106.67090630,10.51,"10°46'32.39""N, 106°40'15.26""E",FIX,
13:17:28.460,1786256248.461,TRACKING,7.371,-4.409,-2.495,0.27,0.450,-0.021,0.000,0.000,0.000,1.000,5.12,10.77566278,106.67090589,10.51,"10°46'32.39""N, 106°40'15.26""E",FIX,
13:17:28.552,1786256248.552,TRACKING,7.350,-4.425,-2.496,0.27,0.450,-0.021,0.000,0.000,0.000,1.000,5.15,10.77566278,106.67090589,10.51,"10°46'32.39""N, 106°40'15.26""E",FIX,
13:17:28.627,1786256248.628,TRACKING,7.328,-4.441,-2.498,0.27,0.450,-0.021,0.000,0.000,0.000,1.000,5.18,10.77566278,106.67090589,10.51,"10°46'32.39""N, 106°40'15.26""E",FIX,
13:17:28.722,1786256248.722,TRACKING,7.307,-4.457,-2.499,0.27,0.450,-0.021,0.000,0.000,0.000,1.000,5.20,10.77566278,106.67090547,10.51,"10°46'32.39""N, 106°40'15.26""E",FIX,
13:17:28.795,1786256248.795,TRACKING,7.278,-4.479,-2.501,0.27,0.450,-0.021,0.000,0.000,0.000,1.000,5.24,10.77566278,106.67090547,10.51,"10°46'32.39""N, 106°40'15.26""E",FIX,
13:17:28.892,1786256248.892,TRACKING,7.256,-4.495,-2.502,0.27,0.450,-0.022,0.000,0.000,0.000,1.000,5.27,10.77566278,106.67090547,10.51,"10°46'32.39""N, 106°40'15.26""E",FIX,
13:17:28.991,1786256248.992,TRACKING,7.234,-4.511,-2.503,0.27,0.450,-0.018,0.000,0.000,0.000,1.000,5.29,10.77566279,106.67090506,10.51,"10°46'32.39""N, 106°40'15.26""E",FIX,
13:17:29.087,1786256249.088,TRACKING,7.213,-4.527,-2.504,0.27,0.450,-0.020,0.000,0.000,0.000,1.000,5.32,10.77566279,106.67090506,10.51,"10°46'32.39""N, 106°40'15.26""E",FIX,
13:17:29.197,1786256249.197,TRACKING,7.176,-4.554,-2.506,0.27,0.450,-0.020,0.000,0.000,0.000,1.000,5.37,10.77566279,106.67090506,10.51,"10°46'32.39""N, 106°40'15.26""E",FIX,
13:17:29.288,1786256249.289,TRACKING,7.162,-4.564,-2.507,0.27,0.450,-0.020,0.000,0.000,0.000,1.000,5.38,10.77566279,106.67090465,10.51,"10°46'32.39""N, 106°40'15.26""E",FIX,
13:17:29.409,1786256249.410,TRACKING,7.133,-4.586,-2.509,0.25,0.450,-0.003,0.000,0.000,0.000,1.000,5.42,10.77566279,106.67090465,10.51,"10°46'32.39""N, 106°40'15.26""E",FIX,
13:17:29.537,1786256249.538,TRACKING,7.111,-4.602,-2.509,0.23,0.450,-0.004,0.000,0.000,0.000,0.792,5.45,10.77566279,106.67090465,10.51,"10°46'32.39""N, 106°40'15.26""E",FIX,
13:17:29.651,1786256249.652,TRACKING,7.089,-4.618,-2.509,0.21,0.450,-0.005,0.000,0.000,0.000,0.458,5.47,10.77566280,106.67090424,10.51,"10°46'32.39""N, 106°40'15.26""E",FIX,
13:17:29.741,1786256249.742,TRACKING,7.068,-4.634,-2.509,0.20,0.450,-0.007,0.000,0.000,0.000,0.521,5.50,10.77566280,106.67090424,10.51,"10°46'32.39""N, 106°40'15.26""E",FIX,
13:17:29.822,1786256249.822,TRACKING,7.039,-4.655,-2.510,0.20,0.450,-0.011,0.000,0.000,0.000,0.583,5.54,10.77566280,106.67090424,10.51,"10°46'32.39""N, 106°40'15.26""E",FIX,
13:17:29.899,1786256249.900,TRACKING,7.017,-4.671,-2.510,0.19,0.450,-0.011,0.000,0.000,0.000,0.667,5.56,10.77566281,106.67090383,10.51,"10°46'32.39""N, 106°40'15.25""E",FIX,
13:17:29.998,1786256249.998,TRACKING,6.995,-4.687,-2.511,0.19,0.450,-0.011,0.000,0.000,0.000,0.729,5.59,10.77566281,106.67090383,10.51,"10°46'32.39""N, 106°40'15.25""E",FIX,
13:17:30.081,1786256250.082,TRACKING,6.966,-4.708,-2.512,0.19,0.450,-0.014,0.000,0.000,0.000,0.729,5.63,10.77566281,106.67090383,10.51,"10°46'32.39""N, 106°40'15.25""E",FIX,
13:17:30.156,1786256250.156,TRACKING,6.944,-4.724,-2.513,0.18,0.450,-0.011,0.000,0.000,0.000,0.812,5.65,10.77566282,106.67090342,10.51,"10°46'32.39""N, 106°40'15.25""E",FIX,
13:17:30.284,1786256250.285,TRACKING,6.922,-4.740,-2.513,0.18,0.450,-0.014,0.000,0.000,0.000,0.875,5.68,10.77566282,106.67090342,10.51,"10°46'32.39""N, 106°40'15.25""E",FIX,
13:17:30.430,1786256250.430,TRACKING,6.886,-4.766,-2.515,0.18,0.450,-0.014,0.000,0.000,0.000,0.937,5.73,10.77566282,106.67090342,10.51,"10°46'32.39""N, 106°40'15.25""E",FIX,
13:17:30.476,1786256250.476,TRACKING,6.871,-4.777,-2.515,0.18,0.450,-0.011,0.000,0.000,0.000,1.000,5.74,10.77566283,106.67090301,10.51,"10°46'32.39""N, 106°40'15.25""E",FIX,
13:17:30.572,1786256250.572,TRACKING,6.842,-4.798,-2.516,0.18,0.450,-0.013,0.000,0.000,0.000,1.000,5.78,10.77566283,106.67090301,10.51,"10°46'32.39""N, 106°40'15.25""E",FIX,
13:17:30.659,1786256250.659,TRACKING,6.820,-4.814,-2.517,0.18,0.450,-0.013,0.000,0.000,0.000,1.000,5.81,10.77566283,106.67090301,10.51,"10°46'32.39""N, 106°40'15.25""E",FIX,
13:17:30.765,1786256250.766,TRACKING,6.798,-4.829,-2.518,0.18,0.450,-0.013,0.000,0.000,0.000,1.000,5.83,10.77566284,106.67090260,10.51,"10°46'32.39""N, 106°40'15.25""E",FIX,
13:17:30.860,1786256250.860,TRACKING,6.776,-4.845,-2.519,0.18,0.450,-0.013,0.000,0.000,0.000,1.000,5.86,10.77566284,106.67090260,10.51,"10°46'32.39""N, 106°40'15.25""E",FIX,
13:17:30.949,1786256250.950,TRACKING,6.747,-4.866,-2.520,0.18,0.450,-0.013,0.000,0.000,0.000,1.000,5.90,10.77566284,106.67090260,10.51,"10°46'32.39""N, 106°40'15.25""E",FIX,
13:17:31.034,1786256251.035,TRACKING,6.725,-4.882,-2.520,0.17,0.450,-0.013,0.000,0.000,0.000,1.000,5.92,10.77566285,106.67090218,10.51,"10°46'32.39""N, 106°40'15.25""E",FIX,
13:17:31.117,1786256251.117,TRACKING,6.703,-4.898,-2.521,0.17,0.450,-0.013,0.000,0.000,0.000,1.000,5.95,10.77566285,106.67090218,10.51,"10°46'32.39""N, 106°40'15.25""E",FIX,
13:17:31.215,1786256251.215,TRACKING,6.674,-4.919,-2.522,0.17,0.450,-0.014,0.000,0.000,0.000,1.000,5.99,10.77566285,106.67090218,10.51,"10°46'32.39""N, 106°40'15.25""E",FIX,
13:17:31.289,1786256251.289,TRACKING,6.659,-4.929,-2.523,0.17,0.450,-0.014,0.000,0.000,0.000,1.000,6.01,10.77566285,106.67090218,10.51,"10°46'32.39""N, 106°40'15.25""E",FIX,
13:17:31.405,1786256251.405,TRACKING,6.630,-4.950,-2.524,0.17,0.450,-0.014,0.000,0.000,0.000,1.000,6.04,10.77566286,106.67090177,10.51,"10°46'32.39""N, 106°40'15.25""E",FIX,
13:17:31.499,1786256251.499,TRACKING,6.608,-4.965,-2.525,0.17,0.450,-0.014,0.000,0.000,0.000,1.000,6.07,10.77566286,106.67090177,10.51,"10°46'32.39""N, 106°40'15.25""E",FIX,
13:17:31.603,1786256251.604,TRACKING,6.578,-4.986,-2.526,0.17,0.450,-0.014,0.000,0.000,0.000,1.000,6.10,10.77566287,106.67090136,10.51,"10°46'32.39""N, 106°40'15.24""E",FIX,
13:17:31.675,1786256251.675,TRACKING,6.564,-4.997,-2.526,0.17,0.450,-0.014,0.000,0.000,0.000,1.000,6.12,10.77566287,106.67090136,10.51,"10°46'32.39""N, 106°40'15.24""E",FIX,
13:17:31.786,1786256251.786,TRACKING,6.534,-5.017,-2.528,0.17,0.450,-0.014,0.000,0.000,0.000,1.000,6.16,10.77566287,106.67090136,10.51,"10°46'32.39""N, 106°40'15.24""E",FIX,
13:17:31.896,1786256251.896,TRACKING,6.505,-5.038,-2.529,0.17,0.450,-0.012,0.000,0.000,0.000,1.000,6.19,10.77566288,106.67090095,10.51,"10°46'32.39""N, 106°40'15.24""E",FIX,
13:17:31.976,1786256251.977,TRACKING,6.483,-5.054,-2.529,0.17,0.450,-0.012,0.000,0.000,0.000,1.000,6.22,10.77566288,106.67090095,10.51,"10°46'32.39""N, 106°40'15.24""E",FIX,
13:17:32.046,1786256252.047,TRACKING,6.461,-5.069,-2.530,0.14,0.450,0.020,0.000,0.000,0.000,1.000,6.25,10.77566288,106.67090095,10.51,"10°46'32.39""N, 106°40'15.24""E",FIX,
13:17:32.183,1786256252.183,TRACKING,6.431,-5.090,-2.529,0.11,0.450,0.008,0.000,0.000,0.000,0.604,6.28,10.77566290,106.67090054,10.51,"10°46'32.39""N, 106°40'15.24""E",FIX,
13:17:32.252,1786256252.253,TRACKING,6.409,-5.105,-2.528,0.09,0.450,0.009,0.000,0.000,0.000,0.583,6.31,10.77566290,106.67090054,10.51,"10°46'32.39""N, 106°40'15.24""E",FIX,
13:17:32.331,1786256252.332,TRACKING,6.387,-5.121,-2.528,0.08,0.450,0.005,0.000,0.000,0.000,0.646,6.34,10.77566290,106.67090054,10.51,"10°46'32.39""N, 106°40'15.24""E",FIX,
13:17:32.435,1786256252.435,TRACKING,6.358,-5.142,-2.527,0.07,0.450,0.000,0.000,0.000,0.000,0.562,6.37,10.77566290,106.67090054,10.51,"10°46'32.39""N, 106°40'15.24""E",FIX,
13:17:32.499,1786256252.500,TRACKING,6.336,-5.157,-2.527,0.07,0.450,0.000,0.000,0.000,0.000,0.625,6.40,10.77566291,106.67090013,10.51,"10°46'32.39""N, 106°40'15.24""E",FIX,
13:17:32.594,1786256252.595,TRACKING,6.314,-5.173,-2.527,0.06,0.450,-0.000,0.000,0.000,0.000,0.687,6.43,10.77566291,106.67090013,10.51,"10°46'32.39""N, 106°40'15.24""E",FIX,
13:17:32.698,1786256252.698,TRACKING,6.284,-5.194,-2.527,0.06,0.450,-0.002,0.000,0.000,0.000,0.750,6.46,10.77566293,106.67089972,10.51,"10°46'32.39""N, 106°40'15.24""E",FIX,
13:17:32.763,1786256252.763,TRACKING,6.262,-5.209,-2.527,0.05,0.450,-0.002,0.000,0.000,0.000,0.833,6.49,10.77566293,106.67089972,10.51,"10°46'32.39""N, 106°40'15.24""E",FIX,
13:17:32.850,1786256252.851,TRACKING,6.240,-5.225,-2.527,0.05,0.450,-0.002,0.000,0.000,0.000,0.917,6.52,10.77566293,106.67089972,10.51,"10°46'32.39""N, 106°40'15.24""E",FIX,
13:17:32.991,1786256252.992,TRACKING,6.211,-5.245,-2.528,0.05,0.450,-0.003,0.000,0.000,0.000,1.000,6.55,10.77566294,106.67089931,10.51,"10°46'32.39""N, 106°40'15.24""E",FIX,
13:17:33.067,1786256253.067,TRACKING,6.196,-5.256,-2.528,0.05,0.450,-0.002,0.000,0.000,0.000,1.000,6.57,10.77566294,106.67089931,10.51,"10°46'32.39""N, 106°40'15.24""E",FIX,
13:17:33.181,1786256253.181,TRACKING,6.174,-5.271,-2.528,0.05,0.450,-0.003,0.000,0.000,0.000,1.000,6.60,10.77566294,106.67089931,10.51,"10°46'32.39""N, 106°40'15.24""E",FIX,
13:17:33.320,1786256253.321,TRACKING,6.137,-5.297,-2.528,0.05,0.450,-0.003,0.000,0.000,0.000,1.000,6.64,10.77566295,106.67089889,10.51,"10°46'32.39""N, 106°40'15.24""E",FIX,
13:17:33.404,1786256253.404,TRACKING,6.115,-5.313,-2.528,0.04,0.450,-0.000,0.000,0.000,0.000,1.000,6.67,10.77566295,106.67089889,10.51,"10°46'32.39""N, 106°40'15.24""E",FIX,
13:17:33.480,1786256253.481,TRACKING,6.093,-5.328,-2.528,0.04,0.450,-0.002,0.000,0.000,0.000,1.000,6.70,10.77566295,106.67089889,10.51,"10°46'32.39""N, 106°40'15.24""E",FIX,
13:17:33.569,1786256253.569,TRACKING,6.071,-5.344,-2.528,0.04,0.450,-0.002,0.000,0.000,0.000,1.000,6.73,10.77566295,106.67089889,10.51,"10°46'32.39""N, 106°40'15.24""E",FIX,
13:17:33.672,1786256253.673,TRACKING,6.049,-5.359,-2.529,0.04,0.450,-0.002,0.000,0.000,0.000,1.000,6.75,10.77566297,106.67089848,10.51,"10°46'32.39""N, 106°40'15.23""E",FIX,
13:17:33.787,1786256253.787,TRACKING,6.027,-5.375,-2.529,0.04,0.450,-0.002,0.000,0.000,0.000,1.000,6.78,10.77566297,106.67089848,10.51,"10°46'32.39""N, 106°40'15.23""E",FIX,
13:17:33.936,1786256253.937,TRACKING,5.997,-5.396,-2.529,0.04,0.450,-0.003,0.000,0.000,0.000,1.000,6.82,10.77566297,106.67089848,10.51,"10°46'32.39""N, 106°40'15.23""E",FIX,
13:17:34.026,1786256254.027,TRACKING,5.982,-5.406,-2.529,0.04,0.450,-0.003,0.000,0.000,0.000,1.000,6.83,10.77566298,106.67089807,10.51,"10°46'32.39""N, 106°40'15.23""E",FIX,
13:17:34.160,1786256254.160,TRACKING,5.953,-5.427,-2.529,0.04,0.450,-0.003,0.000,0.000,0.000,1.000,6.87,10.77566298,106.67089807,10.51,"10°46'32.39""N, 106°40'15.23""E",FIX,
13:17:34.256,1786256254.256,TRACKING,5.924,-5.447,-2.529,0.04,0.450,-0.001,0.000,0.000,0.000,1.000,6.91,10.77566298,106.67089807,10.51,"10°46'32.39""N, 106°40'15.23""E",FIX,
13:17:34.353,1786256254.354,TRACKING,5.901,-5.463,-2.529,0.03,0.450,-0.001,0.000,0.000,0.000,1.000,6.93,10.77566299,106.67089766,10.51,"10°46'32.39""N, 106°40'15.23""E",FIX,
13:17:34.458,1786256254.459,TRACKING,5.879,-5.478,-2.530,0.03,0.450,-0.001,0.000,0.000,0.000,1.000,6.96,10.77566299,106.67089766,10.51,"10°46'32.39""N, 106°40'15.23""E",FIX,
13:17:34.548,1786256254.549,TRACKING,5.850,-5.499,-2.530,0.03,0.450,-0.002,0.000,0.000,0.000,1.000,7.00,10.77566299,106.67089766,10.51,"10°46'32.39""N, 106°40'15.23""E",FIX,
13:17:34.652,1786256254.653,TRACKING,5.828,-5.515,-2.530,0.03,0.450,-0.002,0.000,0.000,0.000,1.000,7.02,10.77566301,106.67089725,10.51,"10°46'32.39""N, 106°40'15.23""E",FIX,
13:17:34.750,1786256254.751,TRACKING,5.806,-5.530,-2.530,0.03,0.450,-0.002,0.000,0.000,0.000,1.000,7.05,10.77566301,106.67089725,10.51,"10°46'32.39""N, 106°40'15.23""E",FIX,
13:17:34.844,1786256254.845,TRACKING,5.784,-5.546,-2.530,0.03,0.450,-0.000,0.000,0.000,0.000,1.000,7.08,10.77566301,106.67089725,10.51,"10°46'32.39""N, 106°40'15.23""E",FIX,
13:17:34.930,1786256254.930,TRACKING,5.754,-5.566,-2.530,0.02,0.450,0.000,0.000,0.000,0.000,0.312,7.11,10.77566302,106.67089684,10.51,"10°46'32.39""N, 106°40'15.23""E",FIX,
13:17:34.994,1786256254.994,TRACKING,5.732,-5.582,-2.530,0.02,0.450,0.000,0.000,0.000,0.000,0.000,7.14,10.77566302,106.67089684,10.51,"10°46'32.39""N, 106°40'15.23""E",FIX,
13:17:35.087,1786256255.088,TRACKING,5.703,-5.602,-2.530,0.02,0.450,-0.000,0.000,0.000,0.000,0.000,7.18,10.77566302,106.67089684,10.51,"10°46'32.39""N, 106°40'15.23""E",FIX,
13:17:35.148,1786256255.149,TRACKING,5.680,-5.618,-2.530,0.02,0.450,0.000,0.000,0.000,0.000,0.000,7.20,10.77566304,106.67089643,10.51,"10°46'32.39""N, 106°40'15.23""E",FIX,
13:17:35.226,1786256255.227,TRACKING,5.658,-5.634,-2.530,0.02,0.450,0.000,0.000,0.000,0.000,0.000,7.23,10.77566304,106.67089643,10.51,"10°46'32.39""N, 106°40'15.23""E",FIX,
13:17:35.313,1786256255.314,TRACKING,5.636,-5.649,-2.530,0.01,0.450,0.000,0.000,0.000,0.000,0.000,7.26,10.77566304,106.67089643,10.51,"10°46'32.39""N, 106°40'15.23""E",FIX,
13:17:35.411,1786256255.412,TRACKING,5.614,-5.665,-2.530,0.01,0.450,0.000,0.000,0.000,0.000,0.000,7.28,10.77566305,106.67089602,10.51,"10°46'32.39""N, 106°40'15.23""E",FIX,
13:17:35.540,1786256255.541,TRACKING,5.585,-5.685,-2.530,0.01,0.450,-0.000,0.000,0.000,0.000,0.000,7.32,10.77566305,106.67089602,10.51,"10°46'32.39""N, 106°40'15.23""E",FIX,
13:17:35.616,1786256255.616,TRACKING,5.555,-5.706,-2.530,0.01,0.450,0.000,0.000,0.000,0.000,0.000,7.36,10.77566305,106.67089602,10.51,"10°46'32.39""N, 106°40'15.23""E",FIX,
13:17:35.683,1786256255.683,TRACKING,5.533,-5.721,-2.530,0.01,0.450,0.000,0.000,0.000,0.000,0.000,7.38,10.77566306,106.67089560,10.51,"10°46'32.39""N, 106°40'15.22""E",FIX,
13:17:35.760,1786256255.760,TRACKING,5.511,-5.737,-2.530,0.01,0.450,0.000,0.000,0.000,0.000,0.000,7.41,10.77566306,106.67089560,10.51,"10°46'32.39""N, 106°40'15.22""E",FIX,
13:17:35.828,1786256255.829,TRACKING,5.489,-5.752,-2.530,0.01,0.450,0.000,0.000,0.000,0.000,0.000,7.44,10.77566306,106.67089560,10.51,"10°46'32.39""N, 106°40'15.22""E",FIX,
13:17:35.906,1786256255.906,TRACKING,5.467,-5.768,-2.530,0.01,0.450,0.000,0.000,0.000,0.000,0.000,7.46,10.77566308,106.67089519,10.51,"10°46'32.39""N, 106°40'15.22""E",FIX,
13:17:35.999,1786256255.999,TRACKING,5.437,-5.789,-2.530,0.01,0.450,-0.000,0.000,0.000,0.000,0.000,7.50,10.77566308,106.67089519,10.51,"10°46'32.39""N, 106°40'15.22""E",FIX,
13:17:36.089,1786256256.089,TRACKING,5.415,-5.804,-2.530,0.01,0.450,0.000,0.000,0.000,0.000,0.000,7.53,10.77566308,106.67089519,10.51,"10°46'32.39""N, 106°40'15.22""E",FIX,
13:17:36.177,1786256256.178,TRACKING,5.393,-5.820,-2.530,0.00,0.450,0.000,0.000,0.000,0.000,0.000,7.55,10.77566309,106.67089478,10.51,"10°46'32.39""N, 106°40'15.22""E",FIX,
13:17:36.257,1786256256.257,TRACKING,5.364,-5.840,-2.530,0.00,0.450,0.000,0.000,0.000,0.000,0.000,7.59,10.77566309,106.67089478,10.51,"10°46'32.39""N, 106°40'15.22""E",FIX,
13:17:36.368,1786256256.368,TRACKING,5.341,-5.856,-2.530,0.00,0.450,0.000,0.000,0.000,0.000,0.000,7.62,10.77566309,106.67089478,10.51,"10°46'32.39""N, 106°40'15.22""E",FIX,
13:17:36.422,1786256256.423,TRACKING,5.319,-5.871,-2.530,0.00,0.450,0.000,0.000,0.000,0.000,0.000,7.64,10.77566311,106.67089437,10.51,"10°46'32.39""N, 106°40'15.22""E",FIX,
13:17:36.520,1786256256.521,TRACKING,5.290,-5.892,-2.530,0.00,0.450,0.000,0.000,0.000,0.000,0.000,7.68,10.77566311,106.67089437,10.51,"10°46'32.39""N, 106°40'15.22""E",FIX,
13:17:36.626,1786256256.626,TRACKING,5.268,-5.907,-2.530,0.00,0.450,0.000,0.000,0.000,0.000,0.000,7.71,10.77566311,106.67089437,10.51,"10°46'32.39""N, 106°40'15.22""E",FIX,
13:17:36.707,1786256256.707,TRACKING,5.246,-5.923,-2.530,0.00,0.450,0.000,0.000,0.000,0.000,0.000,7.73,10.77566312,106.67089396,10.51,"10°46'32.39""N, 106°40'15.22""E",FIX,
13:17:36.803,1786256256.803,TRACKING,5.216,-5.944,-2.530,0.00,0.450,0.000,0.000,0.000,0.000,0.000,7.77,10.77566312,106.67089396,10.51,"10°46'32.39""N, 106°40'15.22""E",FIX,
13:17:36.880,1786256256.880,TRACKING,5.194,-5.959,-2.530,0.00,0.450,0.000,0.000,0.000,0.000,0.000,7.80,10.77566312,106.67089396,10.51,"10°46'32.39""N, 106°40'15.22""E",FIX,
13:17:36.951,1786256256.952,TRACKING,5.172,-5.975,-2.530,0.00,0.450,0.000,0.000,0.000,0.000,0.000,7.82,10.77566313,106.67089355,10.51,"10°46'32.39""N, 106°40'15.22""E",FIX,
13:17:37.037,1786256257.038,TRACKING,5.150,-5.990,-2.530,0.00,0.450,0.000,0.000,0.000,0.000,0.000,7.85,10.77566313,106.67089355,10.51,"10°46'32.39""N, 106°40'15.22""E",FIX,
13:17:37.147,1786256257.147,TRACKING,5.120,-6.011,-2.530,0.00,0.450,0.000,0.000,0.000,0.000,0.000,7.89,10.77566313,106.67089355,10.51,"10°46'32.39""N, 106°40'15.22""E",FIX,
13:17:37.221,1786256257.222,TRACKING,5.098,-6.026,-2.530,0.00,0.450,0.000,0.000,0.000,0.000,0.000,7.91,10.77566315,106.67089314,10.51,"10°46'32.39""N, 106°40'15.22""E",FIX,
13:17:37.305,1786256257.306,TRACKING,5.069,-6.047,-2.530,0.00,0.450,0.000,0.000,0.000,0.000,0.000,7.95,10.77566315,106.67089314,10.51,"10°46'32.39""N, 106°40'15.22""E",FIX,
13:17:37.392,1786256257.392,TRACKING,5.047,-6.063,-2.530,0.00,0.450,0.000,0.000,0.000,0.000,0.000,7.98,10.77566315,106.67089314,10.51,"10°46'32.39""N, 106°40'15.22""E",FIX,
13:17:37.479,1786256257.480,TRACKING,5.025,-6.078,-2.530,0.00,0.450,0.000,0.000,0.000,0.000,0.000,8.00,10.77566316,106.67089273,10.51,"10°46'32.39""N, 106°40'15.21""E",FIX,
13:17:37.568,1786256257.569,TRACKING,5.003,-6.094,-2.530,0.00,0.450,0.000,0.000,0.000,0.000,0.000,8.03,10.77566316,106.67089273,10.51,"10°46'32.39""N, 106°40'15.21""E",FIX,
13:17:37.648,1786256257.649,TRACKING,4.973,-6.114,-2.530,0.00,0.450,0.000,0.000,0.000,0.000,0.000,8.07,10.77566316,106.67089273,10.51,"10°46'32.39""N, 106°40'15.21""E",FIX,
13:17:37.744,1786256257.744,TRACKING,4.951,-6.130,-2.530,0.00,0.450,0.000,0.000,0.000,0.000,0.000,8.09,10.77566318,106.67089231,10.51,"10°46'32.39""N, 106°40'15.21""E",FIX,
13:17:37.817,1786256257.817,TRACKING,4.929,-6.145,-2.530,0.00,0.450,0.000,0.000,0.000,0.000,0.000,8.12,10.77566318,106.67089231,10.51,"10°46'32.39""N, 106°40'15.21""E",FIX,
13:17:37.932,1786256257.932,TRACKING,4.899,-6.166,-2.530,0.00,0.450,-0.000,0.000,0.000,0.000,0.000,8.16,10.77566318,106.67089231,10.51,"10°46'32.39""N, 106°40'15.21""E",FIX,
13:17:38.019,1786256258.020,TRACKING,4.885,-6.176,-2.530,0.00,0.450,0.000,0.000,0.000,0.000,0.000,8.17,10.77566319,106.67089190,10.51,"10°46'32.39""N, 106°40'15.21""E",FIX,
13:17:38.112,1786256258.112,TRACKING,4.855,-6.197,-2.530,0.00,0.450,-0.000,0.000,0.000,0.000,0.000,8.21,10.77566319,106.67089190,10.51,"10°46'32.39""N, 106°40'15.21""E",FIX,
13:17:38.190,1786256258.191,TRACKING,4.833,-6.212,-2.530,0.00,0.450,0.000,0.000,0.000,0.000,0.000,8.24,10.77566319,106.67089190,10.51,"10°46'32.39""N, 106°40'15.21""E",FIX,
13:17:38.317,1786256258.317,TRACKING,4.811,-6.228,-2.530,0.00,0.450,0.000,0.000,0.000,0.000,0.000,8.26,10.77566321,106.67089149,10.51,"10°46'32.39""N, 106°40'15.21""E",FIX,
13:17:38.419,1786256258.420,TRACKING,4.782,-6.249,-2.530,0.00,0.450,0.000,0.000,0.000,0.000,0.000,8.30,10.77566321,106.67089149,10.51,"10°46'32.39""N, 106°40'15.21""E",FIX,
13:17:38.565,1786256258.565,TRACKING,4.759,-6.264,-2.530,0.00,0.450,0.000,0.000,0.000,0.000,0.000,8.33,10.77566321,106.67089149,10.51,"10°46'32.39""N, 106°40'15.21""E",FIX,
13:17:38.636,1786256258.637,TRACKING,4.737,-6.280,-2.530,0.00,0.450,0.000,0.000,0.000,0.000,0.000,8.35,10.77566322,106.67089108,10.51,"10°46'32.39""N, 106°40'15.21""E",FIX,
13:17:38.753,1786256258.753,TRACKING,4.708,-6.300,-2.530,0.00,0.450,-0.000,0.000,0.000,0.000,0.000,8.39,10.77566322,106.67089108,10.51,"10°46'32.39""N, 106°40'15.21""E",FIX,
13:17:38.827,1786256258.828,TRACKING,4.686,-6.316,-2.530,0.00,0.450,0.000,0.000,0.000,0.000,0.000,8.42,10.77566322,106.67089108,10.51,"10°46'32.39""N, 106°40'15.21""E",FIX,
13:17:38.901,1786256258.902,TRACKING,4.664,-6.331,-2.530,0.00,0.450,0.000,0.000,0.000,0.000,0.000,8.44,10.77566323,106.67089067,10.51,"10°46'32.39""N, 106°40'15.21""E",FIX,
13:17:39.003,1786256259.004,TRACKING,4.634,-6.352,-2.530,0.00,0.450,-0.000,0.000,0.000,0.000,0.000,8.48,10.77566323,106.67089067,10.51,"10°46'32.39""N, 106°40'15.21""E",FIX,
13:17:39.089,1786256259.089,TRACKING,4.612,-6.367,-2.530,0.00,0.450,0.000,0.000,0.000,0.000,0.000,8.51,10.77566323,106.67089067,10.51,"10°46'32.39""N, 106°40'15.21""E",FIX,
13:17:39.165,1786256259.165,TRACKING,4.590,-6.383,-2.530,0.00,0.450,0.000,0.000,0.000,0.000,0.000,8.53,10.77566325,106.67089026,10.51,"10°46'32.39""N, 106°40'15.20""E",FIX,
13:17:39.286,1786256259.287,TRACKING,4.561,-6.404,-2.530,0.00,0.450,-0.000,0.000,0.000,0.000,0.000,8.57,10.77566325,106.67089026,10.51,"10°46'32.39""N, 106°40'15.20""E",FIX,
13:17:39.384,1786256259.384,TRACKING,4.546,-6.414,-2.530,0.00,0.450,0.000,0.000,0.000,0.000,0.000,8.59,10.77566325,106.67089026,10.51,"10°46'32.39""N, 106°40'15.20""E",FIX,
13:17:39.473,1786256259.474,TRACKING,4.516,-6.435,-2.530,0.00,0.450,0.000,0.000,0.000,0.000,0.000,8.62,10.77566326,106.67088985,10.51,"10°46'32.39""N, 106°40'15.20""E",FIX,
13:17:39.577,1786256259.577,TRACKING,4.494,-6.450,-2.530,0.00,0.450,0.000,0.000,0.000,0.000,0.000,8.65,10.77566326,106.67088985,10.51,"10°46'32.39""N, 106°40'15.20""E",FIX,
13:17:39.703,1786256259.704,TRACKING,4.465,-6.471,-2.530,0.00,0.450,-0.000,0.000,0.000,0.000,0.000,8.69,10.77566326,106.67088985,10.51,"10°46'32.39""N, 106°40'15.20""E",FIX,
13:17:39.764,1786256259.765,TRACKING,4.443,-6.486,-2.530,0.00,0.450,0.000,0.000,0.000,0.000,0.000,8.71,10.77566328,106.67088944,10.51,"10°46'32.39""N, 106°40'15.20""E",FIX,
13:17:39.851,1786256259.851,TRACKING,4.421,-6.502,-2.530,0.00,0.450,0.000,0.000,0.000,0.000,0.000,8.74,10.77566328,106.67088944,10.51,"10°46'32.39""N, 106°40'15.20""E",FIX,
13:17:39.956,1786256259.956,TRACKING,4.398,-6.517,-2.530,0.00,0.450,-0.000,0.000,0.000,0.000,0.000,8.77,10.77566328,106.67088944,10.51,"10°46'32.39""N, 106°40'15.20""E",FIX,
13:17:40.039,1786256260.040,TRACKING,4.369,-6.538,-2.530,0.00,0.450,0.000,0.000,0.000,0.000,0.000,8.80,10.77566329,106.67088903,10.51,"10°46'32.39""N, 106°40'15.20""E",FIX,
13:17:40.137,1786256260.138,TRACKING,4.347,-6.554,-2.530,0.00,0.450,0.000,0.000,0.000,0.000,0.000,8.83,10.77566329,106.67088903,10.51,"10°46'32.39""N, 106°40'15.20""E",FIX,
13:17:40.258,1786256260.259,TRACKING,4.317,-6.574,-2.530,0.00,0.450,-0.000,0.000,0.000,0.000,0.000,8.87,10.77566329,106.67088903,10.51,"10°46'32.39""N, 106°40'15.20""E",FIX,
13:17:40.330,1786256260.330,TRACKING,4.295,-6.590,-2.530,0.00,0.450,0.000,0.000,0.000,0.000,0.000,8.89,10.77566330,106.67088861,10.51,"10°46'32.39""N, 106°40'15.20""E",FIX,
13:17:40.422,1786256260.423,TRACKING,4.273,-6.605,-2.530,0.00,0.450,0.000,0.000,0.000,0.000,0.000,8.92,10.77566330,106.67088861,10.51,"10°46'32.39""N, 106°40'15.20""E",FIX,
13:17:40.558,1786256260.558,TRACKING,4.251,-6.621,-2.530,0.00,0.450,0.000,0.000,0.000,0.000,0.000,8.95,10.77566330,106.67088861,10.51,"10°46'32.39""N, 106°40'15.20""E",FIX,
13:17:40.646,1786256260.646,TRACKING,4.222,-6.641,-2.530,0.00,0.450,-0.000,0.000,0.000,0.000,0.000,8.98,10.77566332,106.67088820,10.51,"10°46'32.39""N, 106°40'15.20""E",FIX,
13:17:40.737,1786256260.737,TRACKING,4.200,-6.657,-2.530,0.00,0.450,0.000,0.000,0.000,0.000,0.000,9.01,10.77566332,106.67088820,10.51,"10°46'32.39""N, 106°40'15.20""E",FIX,
13:17:40.845,1786256260.845,TRACKING,4.177,-6.672,-2.530,0.00,0.450,0.000,0.000,0.000,0.000,0.000,9.04,10.77566332,106.67088820,10.51,"10°46'32.39""N, 106°40'15.20""E",FIX,
13:17:40.906,1786256260.907,TRACKING,4.155,-6.688,-2.530,0.00,0.450,0.000,0.000,0.000,0.000,0.000,9.07,10.77566332,106.67088820,10.51,"10°46'32.39""N, 106°40'15.20""E",FIX,
13:17:41.012,1786256261.012,TRACKING,4.118,-6.714,-2.530,0.00,0.450,-0.000,0.000,0.000,0.000,0.000,9.11,10.77566333,106.67088779,10.51,"10°46'32.39""N, 106°40'15.20""E",FIX,
13:17:41.132,1786256261.132,TRACKING,4.104,-6.724,-2.530,0.00,0.450,0.000,0.000,0.000,0.000,0.000,9.13,10.77566333,106.67088779,10.51,"10°46'32.39""N, 106°40'15.20""E",FIX,
13:17:41.204,1786256261.204,TRACKING,4.082,-6.740,-2.530,0.00,0.450,0.000,0.000,0.000,0.000,0.000,9.16,10.77566333,106.67088779,10.51,"10°46'32.39""N, 106°40'15.20""E",FIX,
13:17:41.266,1786256261.267,TRACKING,4.060,-6.755,-2.530,0.00,0.450,0.000,0.000,0.000,0.000,0.000,9.18,10.77566335,106.67088738,10.51,"10°46'32.39""N, 106°40'15.19""E",FIX,
13:17:41.361,1786256261.361,TRACKING,4.030,-6.776,-2.530,0.00,0.450,-0.000,0.000,0.000,0.000,0.000,9.22,10.77566335,106.67088738,10.51,"10°46'32.39""N, 106°40'15.19""E",FIX,
13:17:41.451,1786256261.451,TRACKING,4.001,-6.797,-2.530,0.00,0.450,0.000,0.000,0.000,0.000,0.000,9.25,10.77566335,106.67088738,10.51,"10°46'32.39""N, 106°40'15.19""E",FIX,
13:17:41.547,1786256261.547,TRACKING,3.978,-6.812,-2.530,0.00,0.450,0.000,0.000,0.000,0.000,0.000,9.28,10.77566336,106.67088697,10.51,"10°46'32.39""N, 106°40'15.19""E",FIX,
13:17:41.634,1786256261.634,TRACKING,3.956,-6.828,-2.530,0.00,0.450,0.000,0.000,0.000,0.000,0.000,9.31,10.77566336,106.67088697,10.51,"10°46'32.39""N, 106°40'15.19""E",FIX,
13:17:41.716,1786256261.717,TRACKING,3.934,-6.843,-2.530,0.00,0.450,0.000,0.000,0.000,0.000,0.000,9.34,10.77566336,106.67088697,10.51,"10°46'32.39""N, 106°40'15.19""E",FIX,
13:17:41.819,1786256261.819,TRACKING,3.905,-6.864,-2.530,0.00,0.450,0.000,0.000,0.000,0.000,0.000,9.37,10.77566338,106.67088656,10.51,"10°46'32.39""N, 106°40'15.19""E",FIX,
13:17:41.897,1786256261.898,TRACKING,3.883,-6.879,-2.530,0.00,0.450,0.000,0.000,0.000,0.000,0.000,9.40,10.77566338,106.67088656,10.51,"10°46'32.39""N, 106°40'15.19""E",FIX,
13:17:41.982,1786256261.982,TRACKING,3.861,-6.895,-2.530,0.00,0.450,0.000,0.000,0.000,0.000,0.000,9.43,10.77566338,106.67088656,10.51,"10°46'32.39""N, 106°40'15.19""E",FIX,
13:17:42.072,1786256262.073,TRACKING,3.839,-6.910,-2.530,0.00,0.450,0.000,0.000,0.000,0.000,0.000,9.45,10.77566339,106.67088615,10.51,"10°46'32.39""N, 106°40'15.19""E",FIX,
13:17:42.159,1786256262.159,TRACKING,3.816,-6.926,-2.530,0.00,0.450,0.000,0.000,0.000,0.000,0.000,9.48,10.77566339,106.67088615,10.51,"10°46'32.39""N, 106°40'15.19""E",FIX,
13:17:42.246,1786256262.247,TRACKING,3.787,-6.946,-2.530,0.00,0.450,0.000,0.000,0.000,0.000,0.000,9.52,10.77566339,106.67088615,10.51,"10°46'32.39""N, 106°40'15.19""E",FIX,
13:17:42.335,1786256262.336,TRACKING,3.765,-6.962,-2.530,0.00,0.450,0.000,0.000,0.000,0.000,0.000,9.54,10.77566340,106.67088574,10.51,"10°46'32.39""N, 106°40'15.19""E",FIX,
13:17:42.433,1786256262.434,TRACKING,3.735,-6.983,-2.530,0.00,0.450,-0.000,0.000,0.000,0.000,0.000,9.58,10.77566340,106.67088574,10.51,"10°46'32.39""N, 106°40'15.19""E",FIX,
13:17:42.509,1786256262.510,TRACKING,3.713,-6.998,-2.530,0.00,0.450,0.000,0.000,0.000,0.000,0.000,9.61,10.77566340,106.67088574,10.51,"10°46'32.39""N, 106°40'15.19""E",FIX,
13:17:42.585,1786256262.585,TRACKING,3.691,-7.014,-2.530,0.00,0.450,0.000,0.000,0.000,0.000,0.000,9.63,10.77566342,106.67088532,10.51,"10°46'32.39""N, 106°40'15.19""E",FIX,
13:17:42.683,1786256262.683,TRACKING,3.662,-7.034,-2.530,0.00,0.450,-0.000,0.000,0.000,0.000,0.000,9.67,10.77566342,106.67088532,10.51,"10°46'32.39""N, 106°40'15.19""E",FIX,
13:17:42.779,1786256262.780,TRACKING,3.640,-7.050,-2.530,0.00,0.450,0.000,0.000,0.000,0.000,0.000,9.70,10.77566342,106.67088532,10.51,"10°46'32.39""N, 106°40'15.19""E",FIX,
13:17:42.855,1786256262.856,TRACKING,3.617,-7.065,-2.530,0.00,0.450,0.000,0.000,0.000,0.000,0.000,9.72,10.77566343,106.67088491,10.51,"10°46'32.39""N, 106°40'15.19""E",FIX,
13:17:42.950,1786256262.950,TRACKING,3.595,-7.081,-2.530,0.00,0.450,0.000,0.000,0.000,0.000,0.000,9.75,10.77566343,106.67088491,10.51,"10°46'32.39""N, 106°40'15.19""E",FIX,
13:17:43.049,1786256263.049,TRACKING,3.566,-7.101,-2.530,0.00,0.450,-0.000,0.000,0.000,0.000,0.000,9.79,10.77566343,106.67088491,10.51,"10°46'32.39""N, 106°40'15.19""E",FIX,
13:17:43.140,1786256263.140,TRACKING,3.536,-7.122,-2.530,0.00,0.450,0.000,0.000,0.000,0.000,0.000,9.82,10.77566345,106.67088450,10.51,"10°46'32.39""N, 106°40'15.18""E",FIX,
13:17:43.208,1786256263.209,TRACKING,3.522,-7.133,-2.530,0.00,0.450,0.000,0.000,0.000,0.000,0.000,9.84,10.77566345,106.67088450,10.51,"10°46'32.39""N, 106°40'15.18""E",FIX,
13:17:43.321,1786256263.322,TRACKING,3.500,-7.148,-2.530,0.00,0.450,-0.000,0.000,0.000,0.000,0.000,9.87,10.77566345,106.67088450,10.51,"10°46'32.39""N, 106°40'15.18""E",FIX,
13:17:43.435,1786256263.436,TRACKING,3.470,-7.169,-2.530,0.00,0.450,-0.000,0.000,0.000,0.000,0.000,9.90,10.77566346,106.67088409,10.51,"10°46'32.39""N, 106°40'15.18""E",FIX,
13:17:43.503,1786256263.504,TRACKING,3.448,-7.184,-2.530,0.00,0.450,0.000,0.000,0.000,0.000,0.000,9.93,10.77566346,106.67088409,10.51,"10°46'32.39""N, 106°40'15.18""E",FIX,
13:17:43.604,1786256263.605,TRACKING,3.426,-7.200,-2.530,0.00,0.450,-0.000,0.000,0.000,0.000,0.000,9.96,10.77566346,106.67088409,10.51,"10°46'32.39""N, 106°40'15.18""E",FIX,
13:17:43.694,1786256263.695,TRACKING,3.396,-7.220,-2.530,0.00,0.450,0.000,0.000,0.000,0.000,0.000,9.99,10.77566347,106.67088368,10.51,"10°46'32.39""N, 106°40'15.18""E",FIX,
13:17:43.793,1786256263.793,TRACKING,3.374,-7.236,-2.530,0.00,0.450,0.000,0.000,0.000,0.000,0.000,10.02,10.77566347,106.67088368,10.51,"10°46'32.39""N, 106°40'15.18""E",FIX,
13:17:43.886,1786256263.886,TRACKING,3.352,-7.251,-2.530,0.00,0.450,0.000,0.000,0.000,0.000,0.000,10.05,10.77566347,106.67088368,10.51,"10°46'32.39""N, 106°40'15.18""E",FIX,
13:17:43.979,1786256263.979,TRACKING,3.323,-7.272,-2.530,0.00,0.450,-0.000,0.000,0.000,0.000,0.000,10.08,10.77566349,106.67088327,10.51,"10°46'32.39""N, 106°40'15.18""E",FIX,
13:17:44.067,1786256264.068,TRACKING,3.301,-7.288,-2.530,0.00,0.450,0.000,0.000,0.000,0.000,0.000,10.11,10.77566349,106.67088327,10.51,"10°46'32.39""N, 106°40'15.18""E",FIX,
13:17:44.175,1786256264.175,TRACKING,3.271,-7.308,-2.530,0.00,0.450,-0.000,0.000,0.000,0.000,0.000,10.15,10.77566349,106.67088327,10.51,"10°46'32.39""N, 106°40'15.18""E",FIX,
13:17:44.272,1786256264.272,TRACKING,3.249,-7.324,-2.530,0.00,0.450,0.000,0.000,0.000,0.000,0.000,10.17,10.77566350,106.67088286,10.51,"10°46'32.39""N, 106°40'15.18""E",FIX,
13:17:44.356,1786256264.356,TRACKING,3.227,-7.339,-2.530,0.00,0.450,0.000,0.000,0.000,0.000,0.000,10.20,10.77566350,106.67088286,10.51,"10°46'32.39""N, 106°40'15.18""E",FIX,
13:17:44.459,1786256264.460,TRACKING,3.205,-7.355,-2.530,0.00,0.450,-0.000,0.000,0.000,0.000,0.000,10.23,10.77566350,106.67088286,10.51,"10°46'32.39""N, 106°40'15.18""E",FIX,
13:17:44.556,1786256264.556,TRACKING,3.175,-7.375,-2.530,0.00,0.450,-0.000,0.000,0.000,0.000,0.000,10.26,10.77566352,106.67088245,10.51,"10°46'32.39""N, 106°40'15.18""E",FIX,
13:17:44.634,1786256264.634,TRACKING,3.153,-7.391,-2.530,0.00,0.450,0.000,0.000,0.000,0.000,0.000,10.29,10.77566352,106.67088245,10.51,"10°46'32.39""N, 106°40'15.18""E",FIX,
13:17:44.724,1786256264.724,TRACKING,3.124,-7.412,-2.530,0.00,0.450,-0.000,0.000,0.000,0.000,0.000,10.33,10.77566352,106.67088245,10.51,"10°46'32.39""N, 106°40'15.18""E",FIX,
13:17:44.805,1786256264.806,TRACKING,3.102,-7.427,-2.530,0.00,0.450,0.000,0.000,0.000,0.000,0.000,10.35,10.77566353,106.67088203,10.51,"10°46'32.39""N, 106°40'15.18""E",FIX,
13:17:44.881,1786256264.882,TRACKING,3.080,-7.443,-2.530,0.00,0.450,0.000,0.000,0.000,0.000,0.000,10.38,10.77566353,106.67088203,10.51,"10°46'32.39""N, 106°40'15.18""E",FIX,
13:17:44.981,1786256264.982,TRACKING,3.050,-7.463,-2.530,0.00,0.450,-0.000,0.000,0.000,0.000,0.000,10.42,10.77566353,106.67088203,10.51,"10°46'32.39""N, 106°40'15.18""E",FIX,
13:17:45.038,1786256265.038,TRACKING,3.035,-7.474,-2.530,0.00,0.450,0.000,0.000,0.000,0.000,0.000,10.43,10.77566355,106.67088162,10.51,"10°46'32.39""N, 106°40'15.17""E",FIX,
13:17:45.119,1786256265.119,TRACKING,3.013,-7.489,-2.530,0.00,0.450,0.000,0.000,0.000,0.000,0.000,10.46,10.77566355,106.67088162,10.51,"10°46'32.39""N, 106°40'15.17""E",FIX,
13:17:45.213,1786256265.213,TRACKING,2.984,-7.510,-2.530,0.00,0.450,-0.000,0.000,0.000,0.000,0.000,10.50,10.77566355,106.67088162,10.51,"10°46'32.39""N, 106°40'15.17""E",FIX,
13:17:45.290,1786256265.291,TRACKING,2.954,-7.531,-2.530,0.00,0.450,0.000,0.000,0.000,0.000,0.000,10.53,10.77566356,106.67088121,10.51,"10°46'32.39""N, 106°40'15.17""E",FIX,
13:17:45.368,1786256265.369,TRACKING,2.932,-7.546,-2.530,0.00,0.450,0.000,0.000,0.000,0.000,0.000,10.56,10.77566356,106.67088121,10.51,"10°46'32.39""N, 106°40'15.17""E",FIX,
13:17:45.446,1786256265.447,TRACKING,2.918,-7.556,-2.530,0.00,0.450,0.000,0.000,0.000,0.000,0.000,10.58,10.77566356,106.67088121,10.51,"10°46'32.39""N, 106°40'15.17""E",FIX,
13:17:45.538,1786256265.539,TRACKING,2.881,-7.582,-2.530,0.00,0.450,-0.000,0.000,0.000,0.000,0.000,10.62,10.77566357,106.67088080,10.51,"10°46'32.39""N, 106°40'15.17""E",FIX,
13:17:45.624,1786256265.625,TRACKING,2.859,-7.598,-2.530,0.00,0.450,0.000,0.000,0.000,0.000,0.000,10.65,10.77566357,106.67088080,10.51,"10°46'32.39""N, 106°40'15.17""E",FIX,
13:17:45.694,1786256265.695,TRACKING,2.837,-7.613,-2.530,0.00,0.450,0.000,0.000,0.000,0.000,0.000,10.68,10.77566357,106.67088080,10.51,"10°46'32.39""N, 106°40'15.17""E",FIX,
13:17:45.785,1786256265.785,TRACKING,2.814,-7.629,-2.530,0.00,0.450,0.000,0.000,0.000,0.000,0.000,10.70,10.77566359,106.67088039,10.51,"10°46'32.39""N, 106°40'15.17""E",FIX,
13:17:45.861,1786256265.861,TRACKING,2.792,-7.644,-2.530,0.00,0.450,0.000,0.000,0.000,0.000,0.000,10.73,10.77566359,106.67088039,10.51,"10°46'32.39""N, 106°40'15.17""E",FIX,
13:17:45.941,1786256265.942,TRACKING,2.770,-7.660,-2.530,0.00,0.450,0.000,0.000,0.000,0.000,0.000,10.76,10.77566359,106.67088039,10.51,"10°46'32.39""N, 106°40'15.17""E",FIX,
13:17:46.025,1786256266.026,TRACKING,2.741,-7.680,-2.530,0.00,0.450,0.000,0.000,0.000,0.000,0.000,10.79,10.77566360,106.67087998,10.51,"10°46'32.39""N, 106°40'15.17""E",FIX,
13:17:46.102,1786256266.102,TRACKING,2.719,-7.696,-2.530,0.00,0.450,0.000,0.000,0.000,0.000,0.000,10.82,10.77566360,106.67087998,10.51,"10°46'32.39""N, 106°40'15.17""E",FIX,
13:17:46.195,1786256266.196,TRACKING,2.689,-7.717,-2.530,0.00,0.450,-0.000,0.000,0.000,0.000,0.000,10.86,10.77566360,106.67087998,10.51,"10°46'32.39""N, 106°40'15.17""E",FIX,
13:17:46.266,1786256266.266,TRACKING,2.674,-7.727,-2.530,0.00,0.450,0.000,0.000,0.000,0.000,0.000,10.87,10.77566362,106.67087957,10.51,"10°46'32.39""N, 106°40'15.17""E",FIX,
13:17:46.347,1786256266.348,TRACKING,2.645,-7.748,-2.530,0.00,0.450,0.000,0.000,0.000,0.000,0.000,10.91,10.77566362,106.67087957,10.51,"10°46'32.39""N, 106°40'15.17""E",FIX,
13:17:46.433,1786256266.434,TRACKING,2.623,-7.763,-2.530,0.00,0.450,0.000,0.000,0.000,0.000,0.000,10.94,10.77566362,106.67087957,10.51,"10°46'32.39""N, 106°40'15.17""E",FIX,
13:17:46.520,1786256266.521,TRACKING,2.601,-7.779,-2.530,0.00,0.450,0.000,0.000,0.000,0.000,0.000,10.96,10.77566363,106.67087916,10.51,"10°46'32.39""N, 106°40'15.16""E",FIX,
13:17:46.616,1786256266.617,TRACKING,2.571,-7.799,-2.530,0.00,0.450,-0.000,0.000,0.000,0.000,0.000,11.00,10.77566363,106.67087916,10.51,"10°46'32.39""N, 106°40'15.16""E",FIX,
13:17:46.699,1786256266.699,TRACKING,2.549,-7.815,-2.530,0.00,0.450,0.000,0.000,0.000,0.000,0.000,11.03,10.77566363,106.67087916,10.51,"10°46'32.39""N, 106°40'15.16""E",FIX,
13:17:46.796,1786256266.797,TRACKING,2.527,-7.830,-2.530,0.00,0.450,0.000,0.000,0.000,0.000,0.000,11.05,10.77566364,106.67087875,10.51,"10°46'32.39""N, 106°40'15.16""E",FIX,
13:17:46.861,1786256266.861,TRACKING,2.505,-7.846,-2.530,0.00,0.450,0.000,0.000,0.000,0.000,0.000,11.08,10.77566364,106.67087875,10.51,"10°46'32.39""N, 106°40'15.16""E",FIX,
13:17:46.966,1786256266.967,TRACKING,2.476,-7.867,-2.530,0.00,0.450,-0.000,0.000,0.000,0.000,0.000,11.12,10.77566364,106.67087875,10.51,"10°46'32.39""N, 106°40'15.16""E",FIX,
13:17:47.056,1786256267.057,TRACKING,2.446,-7.887,-2.530,0.00,0.450,0.000,0.000,0.000,0.000,0.000,11.15,10.77566366,106.67087833,10.51,"10°46'32.39""N, 106°40'15.16""E",FIX,
13:17:47.155,1786256267.156,TRACKING,2.424,-7.903,-2.530,0.00,0.450,0.000,0.000,0.000,0.000,0.000,11.18,10.77566366,106.67087833,10.51,"10°46'32.39""N, 106°40'15.16""E",FIX,
13:17:47.227,1786256267.228,TRACKING,2.402,-7.918,-2.530,0.00,0.450,0.000,0.000,0.000,0.000,0.000,11.21,10.77566366,106.67087833,10.51,"10°46'32.39""N, 106°40'15.16""E",FIX,
13:17:47.301,1786256267.302,TRACKING,2.380,-7.934,-2.530,0.00,0.450,0.000,0.000,0.000,0.000,0.000,11.23,10.77566367,106.67087792,10.51,"10°46'32.39""N, 106°40'15.16""E",FIX,
13:17:47.387,1786256267.387,TRACKING,2.350,-7.954,-2.530,0.00,0.450,-0.000,0.000,0.000,0.000,0.000,11.27,10.77566367,106.67087792,10.51,"10°46'32.39""N, 106°40'15.16""E",FIX,
13:17:47.449,1786256267.449,TRACKING,2.328,-7.970,-2.530,0.00,0.450,0.000,0.000,0.000,0.000,0.000,11.30,10.77566367,106.67087792,10.51,"10°46'32.39""N, 106°40'15.16""E",FIX,
13:17:47.536,1786256267.536,TRACKING,2.306,-7.985,-2.530,0.00,0.450,0.000,0.000,0.000,0.000,0.000,11.32,10.77566369,106.67087751,10.51,"10°46'32.39""N, 106°40'15.16""E",FIX,
13:17:47.610,1786256267.611,TRACKING,2.284,-8.001,-2.530,0.00,0.450,0.000,0.000,0.000,0.000,0.000,11.35,10.77566369,106.67087751,10.51,"10°46'32.39""N, 106°40'15.16""E",FIX,
13:17:47.708,1786256267.709,TRACKING,2.254,-8.022,-2.530,0.00,0.450,-0.000,0.000,0.000,0.000,0.000,11.39,10.77566369,106.67087751,10.51,"10°46'32.39""N, 106°40'15.16""E",FIX,
13:17:47.772,1786256267.773,TRACKING,2.232,-8.037,-2.530,0.00,0.450,0.000,0.000,0.000,0.000,0.000,11.41,10.77566370,106.67087710,10.51,"10°46'32.39""N, 106°40'15.16""E",FIX,
