Time,Unix_Timestamp,FSM_State,Pos_X_m,Pos_Y_m,Yaw_rad,Steer_Angle_deg,Linear_Vel_mps,Angular_Vel_radps,IMU_Yaw_rad,IMU_Angular_Vel_z,IMU_Accel_x,Confidence,Dist_Traveled_m,GPS_Latitude,GPS_Longitude,GPS_Altitude_m,GPS_DMS,GPS_Status,Event
13:04:06.659,1786169046.659,TRACKING,-0.000,0.000,-0.000,0.00,0.450,-0.000,0.000,0.000,0.000,0.000,0.00,10.77566700,106.67088900,10.00,"10°46'32.40""N, 106°40'15.20""E",ODOM_ESTIMATED,
13:04:06.684,1786169046.685,TRACKING,-0.000,0.000,-0.000,0.00,0.450,-0.000,0.000,0.000,0.000,0.000,0.00,10.77566700,106.67088900,10.00,"10°46'32.40""N, 106°40'15.20""E",ODOM_ESTIMATED,
13:04:06.791,1786169046.791,TRACKING,0.025,-0.000,-0.000,0.00,0.450,-0.000,0.000,0.000,0.000,0.000,0.03,10.77567062,106.67087529,10.51,"10°46'32.41""N, 106°40'15.15""E",FIX,
13:04:06.916,1786169046.917,TRACKING,0.061,-0.000,-0.000,0.00,0.450,-0.000,0.000,0.000,0.000,0.000,0.06,10.77567062,106.67087529,10.51,"10°46'32.41""N, 106°40'15.15""E",FIX,
13:04:07.053,1786169047.054,TRACKING,0.088,-0.000,-0.000,0.00,0.450,-0.000,0.000,0.000,0.000,0.000,0.09,10.77567062,106.67087529,10.51,"10°46'32.41""N, 106°40'15.15""E",FIX,
13:04:07.134,1786169047.134,TRACKING,0.124,-0.000,-0.000,0.00,0.450,-0.000,0.000,0.000,0.000,0.000,0.12,10.77567062,106.67087570,10.51,"10°46'32.41""N, 106°40'15.15""E",FIX,
13:04:07.217,1786169047.218,TRACKING,0.151,-0.000,-0.000,0.00,0.450,-0.000,0.000,0.000,0.000,0.000,0.15,10.77567062,106.67087570,10.51,"10°46'32.41""N, 106°40'15.15""E",FIX,
13:04:07.329,1786169047.330,TRACKING,0.178,-0.000,-0.000,0.00,0.450,-0.000,0.000,0.000,0.000,0.000,0.18,10.77567062,106.67087570,10.51,"10°46'32.41""N, 106°40'15.15""E",FIX,
13:04:07.430,1786169047.430,TRACKING,0.205,0.000,0.000,0.00,0.450,-0.000,0.000,0.000,0.000,0.000,0.21,10.77567062,106.67087611,10.51,"10°46'32.41""N, 106°40'15.15""E",FIX,
13:04:07.504,1786169047.505,TRACKING,0.241,0.000,0.000,0.00,0.450,-0.000,0.000,0.000,0.000,0.000,0.24,10.77567062,106.67087611,10.51,"10°46'32.41""N, 106°40'15.15""E",FIX,
13:04:07.576,1786169047.576,TRACKING,0.268,0.000,0.000,0.00,0.450,-0.000,0.000,0.000,0.000,0.000,0.27,10.77567062,106.67087611,10.51,"10°46'32.41""N, 106°40'15.15""E",FIX,
13:04:07.649,1786169047.650,TRACKING,0.304,0.000,0.000,0.00,0.450,-0.000,0.000,0.000,0.000,0.062,0.30,10.77567062,106.67087652,10.51,"10°46'32.41""N, 106°40'15.16""E",FIX,
13:04:07.739,1786169047.740,TRACKING,0.340,0.000,0.000,0.00,0.450,-0.000,0.000,0.000,0.000,0.125,0.34,10.77567062,106.67087652,10.51,"10°46'32.41""N, 106°40'15.16""E",FIX,
13:04:07.803,1786169047.803,TRACKING,0.358,0.000,0.000,0.00,0.450,-0.000,0.000,0.000,0.000,0.167,0.36,10.77567062,106.67087652,10.51,"10°46'32.41""N, 106°40'15.16""E",FIX,
13:04:07.888,1786169047.888,TRACKING,0.394,0.000,0.000,0.00,0.450,-0.000,0.000,0.000,0.000,0.229,0.39,10.77567062,106.67087693,10.51,"10°46'32.41""N, 106°40'15.16""E",FIX,
13:04:07.962,1786169047.962,TRACKING,0.421,0.000,0.000,0.00,0.450,-0.000,0.000,0.000,0.000,0.292,0.42,10.77567062,106.67087693,10.51,"10°46'32.41""N, 106°40'15.16""E",FIX,
13:04:08.052,1786169048.053,TRACKING,0.457,0.000,0.000,0.00,0.450,-0.000,0.000,0.000,0.000,0.333,0.46,10.77567062,106.67087735,10.51,"10°46'32.41""N, 106°40'15.16""E",FIX,
13:04:08.129,1786169048.130,TRACKING,0.484,0.000,0.000,0.00,0.450,-0.000,0.000,0.000,0.000,0.417,0.48,10.77567062,106.67087735,10.51,"10°46'32.41""N, 106°40'15.16""E",FIX,
13:04:08.198,1786169048.198,TRACKING,0.511,0.000,0.000,0.00,0.450,-0.000,0.000,0.000,0.000,0.458,0.51,10.77567062,106.67087735,10.51,"10°46'32.41""N, 106°40'15.16""E",FIX,
13:04:08.609,1786169048.609,TRACKING,0.574,0.000,0.000,0.00,0.450,-0.000,0.000,0.000,0.000,0.521,0.57,10.77567062,106.67087735,10.51,"10°46'32.41""N, 106°40'15.16""E",FIX,
13:04:08.663,1786169048.664,TRACKING,0.655,0.000,0.000,0.00,0.450,-0.000,0.000,0.000,0.000,0.583,0.66,10.77567062,106.67087735,10.51,"10°46'32.41""N, 106°40'15.16""E",FIX,
13:04:08.682,1786169048.683,TRACKING,0.655,0.000,0.000,0.00,0.450,-0.000,0.000,0.000,0.000,0.667,0.66,10.77567062,106.67087735,10.51,"10°46'32.41""N, 106°40'15.16""E",FIX,
13:04:08.700,1786169048.700,TRACKING,0.664,0.000,0.000,0.00,0.450,-0.000,0.000,0.000,0.000,0.729,0.66,10.77567062,106.67087735,10.51,"10°46'32.41""N, 106°40'15.16""E",FIX,
13:04:08.726,1786169048.727,TRACKING,0.673,0.000,0.000,0.00,0.450,-0.000,0.000,0.000,0.000,0.812,0.67,10.77567062,106.67087735,10.51,"10°46'32.41""N, 106°40'15.16""E",FIX,
13:04:08.749,1786169048.749,TRACKING,0.682,0.000,0.000,0.00,0.450,-0.000,0.000,0.000,0.000,0.875,0.68,10.77567062,106.67087735,10.51,"10°46'32.41""N, 106°40'15.16""E",FIX,
13:04:08.846,1786169048.846,TRACKING,0.718,0.000,0.000,0.00,0.450,-0.000,0.000,0.000,0.000,0.958,0.72,10.77567062,106.67087735,10.51,"10°46'32.41""N, 106°40'15.16""E",FIX,
13:04:08.936,1786169048.936,TRACKING,0.745,0.000,0.000,0.00,0.450,-0.000,0.000,0.000,0.000,1.000,0.75,10.77567062,106.67087735,10.51,"10°46'32.41""N, 106°40'15.16""E",FIX,
13:04:09.019,1786169049.019,TRACKING,0.772,0.000,0.000,0.00,0.450,-0.000,0.000,0.000,0.000,1.000,0.77,10.77567062,106.67087735,10.51,"10°46'32.41""N, 106°40'15.16""E",FIX,
13:04:09.111,1786169049.112,TRACKING,0.808,0.000,0.000,0.00,0.450,-0.000,0.000,0.000,0.000,1.000,0.81,10.77567062,106.67087735,10.51,"10°46'32.41""N, 106°40'15.16""E",FIX,
13:04:09.196,1786169049.197,TRACKING,0.835,0.000,0.000,0.00,0.450,-0.000,0.000,0.000,0.000,1.000,0.84,10.77567062,106.67087899,10.51,"10°46'32.41""N, 106°40'15.16""E",FIX,
13:04:09.280,1786169049.281,TRACKING,0.862,0.000,0.000,0.00,0.450,-0.000,0.000,0.000,0.000,1.000,0.86,10.77567062,106.67087899,10.51,"10°46'32.41""N, 106°40'15.16""E",FIX,
13:04:09.385,1786169049.386,TRACKING,0.889,0.000,0.000,0.00,0.450,-0.000,0.000,0.000,0.000,1.000,0.89,10.77567062,106.67087899,10.51,"10°46'32.41""N, 106°40'15.16""E",FIX,
13:04:09.471,1786169049.471,TRACKING,0.925,0.000,0.000,0.00,0.450,-0.000,0.000,0.000,0.000,1.000,0.93,10.77567062,106.67087940,10.51,"10°46'32.41""N, 106°40'15.17""E",FIX,
13:04:09.561,1786169049.561,TRACKING,0.952,0.000,0.000,0.00,0.450,-0.000,0.000,0.000,0.000,1.000,0.95,10.77567062,106.67087940,10.51,"10°46'32.41""N, 106°40'15.17""E",FIX,
13:04:09.639,1786169049.639,TRACKING,0.979,0.000,0.000,0.00,0.450,-0.000,0.000,0.000,0.000,1.000,0.98,10.77567062,106.67087940,10.51,"10°46'32.41""N, 106°40'15.17""E",FIX,
13:04:09.747,1786169049.748,TRACKING,1.015,0.000,0.000,0.00,0.450,-0.000,0.000,0.000,0.000,1.000,1.02,10.77567062,106.67087981,10.51,"10°46'32.41""N, 106°40'15.17""E",FIX,
13:04:09.811,1786169049.811,TRACKING,1.042,0.000,0.000,0.00,0.450,-0.000,0.000,0.000,0.000,1.000,1.04,10.77567062,106.67087981,10.51,"10°46'32.41""N, 106°40'15.17""E",FIX,
13:04:09.894,1786169049.895,TRACKING,1.069,0.000,0.000,0.00,0.450,-0.000,0.000,0.000,0.000,1.000,1.07,10.77567062,106.67087981,10.51,"10°46'32.41""N, 106°40'15.17""E",FIX,
13:04:09.974,1786169049.975,TRACKING,1.105,0.000,0.000,0.00,0.450,-0.000,0.000,0.000,0.000,1.000,1.11,10.77567062,106.67088023,10.51,"10°46'32.41""N, 106°40'15.17""E",FIX,
13:04:10.054,1786169050.055,TRACKING,1.132,0.000,0.000,0.00,0.450,-0.000,0.000,0.000,0.000,1.000,1.13,10.77567062,106.67088023,10.51,"10°46'32.41""N, 106°40'15.17""E",FIX,
13:04:10.135,1786169050.136,TRACKING,1.159,0.000,0.000,0.00,0.450,-0.000,0.000,0.000,0.000,1.000,1.16,10.77567062,106.67088023,10.51,"10°46'32.41""N, 106°40'15.17""E",FIX,
13:04:10.235,1786169050.236,TRACKING,1.186,0.000,0.000,0.00,0.450,-0.000,0.000,0.000,0.000,1.000,1.19,10.77567062,106.67088064,10.51,"10°46'32.41""N, 106°40'15.17""E",FIX,
13:04:10.331,1786169050.331,TRACKING,1.222,0.000,-0.000,0.00,0.450,-0.007,0.000,0.000,0.000,1.000,1.22,10.77567062,106.67088064,10.51,"10°46'32.41""N, 106°40'15.17""E",FIX,
13:04:10.445,1786169050.446,TRACKING,1.249,-0.000,-0.000,0.01,0.450,-0.006,0.000,0.000,0.000,1.000,1.25,10.77567062,106.67088064,10.51,"10°46'32.41""N, 106°40'15.17""E",FIX,
13:04:10.558,1786169050.559,TRACKING,1.285,-0.000,-0.001,0.00,0.450,0.002,0.000,0.000,0.000,1.000,1.29,10.77567062,106.67088105,10.51,"10°46'32.41""N, 106°40'15.17""E",FIX,
13:04:10.639,1786169050.639,TRACKING,1.312,-0.000,-0.001,0.00,0.450,0.002,0.000,0.000,0.000,1.000,1.31,10.77567062,106.67088105,10.51,"10°46'32.41""N, 106°40'15.17""E",FIX,
13:04:10.733,1786169050.733,TRACKING,1.330,-0.000,-0.001,-0.00,0.450,0.010,0.000,0.000,0.000,1.000,1.33,10.77567062,106.67088105,10.51,"10°46'32.41""N, 106°40'15.17""E",FIX,
13:04:10.821,1786169050.821,TRACKING,1.366,-0.000,-0.000,-0.00,0.450,0.006,0.000,0.000,0.000,0.625,1.37,10.77567062,106.67088146,10.51,"10°46'32.41""N, 106°40'15.17""E",FIX,
13:04:10.910,1786169050.910,TRACKING,1.393,-0.000,0.000,-0.01,0.450,0.005,0.000,0.000,0.000,0.687,1.39,10.77567062,106.67088146,10.51,"10°46'32.41""N, 106°40'15.17""E",FIX,
13:04:11.005,1786169051.006,TRACKING,1.429,-0.000,0.001,-0.01,0.450,0.004,0.000,0.000,0.000,0.750,1.43,10.77567062,106.67088146,10.51,"10°46'32.41""N, 106°40'15.17""E",FIX,
13:04:11.084,1786169051.084,TRACKING,1.456,-0.000,0.001,-0.01,0.450,0.004,0.000,0.000,0.000,0.833,1.46,10.77567062,106.67088187,10.51,"10°46'32.41""N, 106°40'15.17""E",FIX,
13:04:11.169,1786169051.169,TRACKING,1.492,-0.000,0.001,-0.01,0.450,-0.003,0.000,0.000,0.000,0.917,1.49,10.77567062,106.67088187,10.51,"10°46'32.41""N, 106°40'15.17""E",FIX,
13:04:11.245,1786169051.245,TRACKING,1.519,-0.000,0.001,-0.00,0.450,-0.003,0.000,0.000,0.000,1.000,1.52,10.77567062,106.67088187,10.51,"10°46'32.41""N, 106°40'15.17""E",FIX,
13:04:11.321,1786169051.321,TRACKING,1.537,0.000,0.001,-0.01,0.450,0.006,0.000,0.000,0.000,1.000,1.54,10.77567061,106.67088228,10.51,"10°46'32.41""N, 106°40'15.18""E",FIX,
13:04:11.445,1786169051.445,TRACKING,1.573,0.000,0.001,-0.00,0.450,-0.002,0.000,0.000,0.000,1.000,1.57,10.77567061,106.67088228,10.51,"10°46'32.41""N, 106°40'15.18""E",FIX,
13:04:11.558,1786169051.558,TRACKING,1.609,0.000,0.001,-0.00,0.450,-0.001,0.000,0.000,0.000,1.000,1.61,10.77567061,106.67088228,10.51,"10°46'32.41""N, 106°40'15.18""E",FIX,
13:04:11.646,1786169051.647,TRACKING,1.636,0.000,0.001,-0.00,0.450,-0.002,0.000,0.000,0.000,1.000,1.64,10.77567062,106.67088269,10.51,"10°46'32.41""N, 106°40'15.18""E",FIX,
13:04:11.766,1786169051.767,TRACKING,1.663,0.000,0.001,-0.00,0.450,0.003,0.000,0.000,0.000,1.000,1.66,10.77567062,106.67088269,10.51,"10°46'32.41""N, 106°40'15.18""E",FIX,
13:04:11.857,1786169051.857,TRACKING,1.699,0.000,0.001,-0.00,0.450,0.006,0.000,0.000,0.000,1.000,1.70,10.77567062,106.67088269,10.51,"10°46'32.41""N, 106°40'15.18""E",FIX,
13:04:11.946,1786169051.947,TRACKING,1.726,0.000,0.001,-0.00,0.450,-0.002,0.000,0.000,0.000,1.000,1.73,10.77567062,106.67088311,10.51,"10°46'32.41""N, 106°40'15.18""E",FIX,
13:04:12.044,1786169052.044,TRACKING,1.753,0.000,0.001,-0.00,0.450,-0.002,0.000,0.000,0.000,1.000,1.75,10.77567062,106.67088311,10.51,"10°46'32.41""N, 106°40'15.18""E",FIX,
13:04:12.125,1786169052.125,TRACKING,1.780,0.000,0.001,-0.00,0.450,-0.001,0.000,0.000,0.000,1.000,1.78,10.77567062,106.67088311,10.51,"10°46'32.41""N, 106°40'15.18""E",FIX,
13:04:12.220,1786169052.220,TRACKING,1.816,0.000,0.001,-0.00,0.450,0.006,0.000,0.000,0.000,1.000,1.82,10.77567062,106.67088352,10.51,"10°46'32.41""N, 106°40'15.18""E",FIX,
13:04:12.289,1786169052.290,TRACKING,1.843,0.000,0.001,-0.01,0.450,0.006,0.000,0.000,0.000,1.000,1.84,10.77567062,106.67088352,10.51,"10°46'32.41""N, 106°40'15.18""E",FIX,
13:04:12.391,1786169052.391,TRACKING,1.879,0.000,0.002,-0.00,0.450,-0.003,0.000,0.000,0.000,1.000,1.88,10.77567062,106.67088352,10.51,"10°46'32.41""N, 106°40'15.18""E",FIX,
13:04:12.483,1786169052.483,TRACKING,1.897,0.000,0.002,-0.00,0.450,-0.002,0.000,0.000,0.000,1.000,1.90,10.77567062,106.67088393,10.51,"10°46'32.41""N, 106°40'15.18""E",FIX,
13:04:12.575,1786169052.576,TRACKING,1.942,0.001,0.002,-0.00,0.450,0.005,0.000,0.000,0.000,1.000,1.94,10.77567062,106.67088393,10.51,"10°46'32.41""N, 106°40'15.18""E",FIX,
13:04:12.653,1786169052.653,TRACKING,1.969,0.001,0.002,-0.01,0.450,0.005,0.000,0.000,0.000,1.000,1.97,10.77567062,106.67088393,10.51,"10°46'32.41""N, 106°40'15.18""E",FIX,
13:04:12.712,1786169052.713,TRACKING,1.987,0.001,0.002,-0.01,0.450,0.005,0.000,0.000,0.000,1.000,1.99,10.77567062,106.67088434,10.51,"10°46'32.41""N, 106°40'15.18""E",FIX,
13:04:12.795,1786169052.795,TRACKING,2.023,0.001,0.002,-0.00,0.450,-0.003,0.000,0.000,0.000,1.000,2.02,10.77567062,106.67088434,10.51,"10°46'32.41""N, 106°40'15.18""E",FIX,
13:04:12.911,1786169052.911,TRACKING,2.059,0.001,0.002,0.00,0.450,-0.015,0.000,0.000,0.000,1.000,2.06,10.77567062,106.67088434,10.51,"10°46'32.41""N, 106°40'15.18""E",FIX,
13:04:12.988,1786169052.988,TRACKING,2.077,0.001,0.002,0.01,0.450,-0.016,0.000,0.000,0.000,1.000,2.08,10.77567062,106.67088475,10.51,"10°46'32.41""N, 106°40'15.19""E",FIX,
13:04:13.086,1786169053.087,TRACKING,2.113,0.001,0.000,0.01,0.450,-0.009,0.000,0.000,0.000,1.000,2.11,10.77567062,106.67088475,10.51,"10°46'32.41""N, 106°40'15.19""E",FIX,
13:04:13.181,1786169053.181,TRACKING,2.149,0.001,-0.001,0.01,0.450,-0.008,0.000,0.000,0.000,0.583,2.15,10.77567062,106.67088475,10.51,"10°46'32.41""N, 106°40'15.19""E",FIX,
13:04:13.309,1786169053.309,TRACKING,2.167,0.001,-0.001,0.02,0.450,-0.008,0.000,0.000,0.000,0.667,2.17,10.77567062,106.67088516,10.51,"10°46'32.41""N, 106°40'15.19""E",FIX,
13:04:13.384,1786169053.384,TRACKING,2.203,0.001,-0.001,0.01,0.450,0.001,0.000,0.000,0.000,0.729,2.20,10.77567062,106.67088516,10.51,"10°46'32.41""N, 106°40'15.19""E",FIX,
13:04:13.453,1786169053.453,TRACKING,2.230,0.001,-0.002,0.01,0.450,-0.000,0.000,0.000,0.000,0.792,2.23,10.77567062,106.67088516,10.51,"10°46'32.41""N, 106°40'15.19""E",FIX,
13:04:13.531,1786169053.532,TRACKING,2.257,0.001,-0.002,0.01,0.450,-0.001,0.000,0.000,0.000,0.875,2.26,10.77567062,106.67088557,10.51,"10°46'32.41""N, 106°40'15.19""E",FIX,
13:04:13.640,1786169053.640,TRACKING,2.293,0.001,-0.002,0.01,0.450,-0.002,0.000,0.000,0.000,0.937,2.29,10.77567062,106.67088557,10.51,"10°46'32.41""N, 106°40'15.19""E",FIX,
13:04:13.729,1786169053.730,TRACKING,2.329,0.001,-0.002,0.01,0.450,-0.002,0.000,0.000,0.000,1.000,2.33,10.77567062,106.67088557,10.51,"10°46'32.41""N, 106°40'15.19""E",FIX,
13:04:13.815,1786169053.815,TRACKING,2.347,0.001,-0.002,0.01,0.450,-0.002,0.000,0.000,0.000,1.000,2.35,10.77567062,106.67088599,10.51,"10°46'32.41""N, 106°40'15.19""E",FIX,
13:04:13.921,1786169053.921,TRACKING,2.374,0.000,-0.002,0.01,0.450,-0.002,0.000,0.000,0.000,1.000,2.37,10.77567062,106.67088599,10.51,"10°46'32.41""N, 106°40'15.19""E",FIX,
13:04:14.024,1786169054.024,TRACKING,2.410,0.000,-0.002,0.01,0.450,-0.002,0.000,0.000,0.000,1.000,2.41,10.77567062,106.67088599,10.51,"10°46'32.41""N, 106°40'15.19""E",FIX,
13:04:14.150,1786169054.150,TRACKING,2.437,0.000,-0.002,0.01,0.450,-0.002,0.000,0.000,0.000,1.000,2.44,10.77567062,106.67088640,10.51,"10°46'32.41""N, 106°40'15.19""E",FIX,
13:04:14.247,1786169054.247,TRACKING,2.473,0.000,-0.002,0.01,0.450,-0.002,0.000,0.000,0.000,1.000,2.47,10.77567062,106.67088640,10.51,"10°46'32.41""N, 106°40'15.19""E",FIX,
13:04:14.338,1786169054.339,TRACKING,2.500,0.000,-0.003,0.01,0.450,-0.002,0.000,0.000,0.000,1.000,2.50,10.77567062,106.67088640,10.51,"10°46'32.41""N, 106°40'15.19""E",FIX,
13:04:14.412,1786169054.412,TRACKING,2.527,0.000,-0.003,0.01,0.450,-0.002,0.000,0.000,0.000,1.000,2.53,10.77567062,106.67088681,10.51,"10°46'32.41""N, 106°40'15.19""E",FIX,
13:04:14.512,1786169054.512,TRACKING,2.554,0.000,-0.003,0.01,0.450,0.001,0.000,0.000,0.000,1.000,2.55,10.77567062,106.67088681,10.51,"10°46'32.41""N, 106°40'15.19""E",FIX,
13:04:14.598,1786169054.598,TRACKING,2.590,-0.000,-0.003,0.00,0.450,0.003,0.000,0.000,0.000,1.000,2.59,10.77567062,106.67088681,10.51,"10°46'32.41""N, 106°40'15.19""E",FIX,
13:04:14.685,1786169054.685,TRACKING,2.617,-0.000,-0.003,0.00,0.450,0.003,0.000,0.000,0.000,1.000,2.62,10.77567062,106.67088722,10.51,"10°46'32.41""N, 106°40'15.19""E",FIX,
13:04:14.794,1786169054.795,TRACKING,2.653,-0.000,-0.002,0.01,0.450,-0.005,0.000,0.000,0.000,1.000,2.65,10.77567062,106.67088722,10.51,"10°46'32.41""N, 106°40'15.19""E",FIX,
13:04:14.866,1786169054.867,TRACKING,2.671,-0.000,-0.002,0.01,0.450,-0.001,0.000,0.000,0.000,1.000,2.67,10.77567062,106.67088722,10.51,"10°46'32.41""N, 106°40'15.19""E",FIX,
13:04:14.982,1786169054.983,TRACKING,2.707,-0.000,-0.003,0.00,0.450,0.002,0.000,0.000,0.000,1.000,2.71,10.77567062,106.67088763,10.51,"10°46'32.41""N, 106°40'15.20""E",FIX,
13:04:15.046,1786169055.046,TRACKING,2.734,-0.000,-0.003,0.00,0.450,0.002,0.000,0.000,0.000,1.000,2.73,10.77567062,106.67088763,10.51,"10°46'32.41""N, 106°40'15.20""E",FIX,
13:04:15.159,1786169055.160,TRACKING,2.770,-0.000,-0.002,0.00,0.450,0.001,0.000,0.000,0.000,1.000,2.77,10.77567062,106.67088763,10.51,"10°46'32.41""N, 106°40'15.20""E",FIX,
13:04:15.251,1786169055.251,TRACKING,2.797,-0.001,-0.002,0.00,0.450,0.001,0.000,0.000,0.000,1.000,2.80,10.77567062,106.67088804,10.51,"10°46'32.41""N, 106°40'15.20""E",FIX,
13:04:15.330,1786169055.330,TRACKING,2.824,-0.001,-0.002,0.00,0.450,0.001,0.000,0.000,0.000,1.000,2.82,10.77567062,106.67088804,10.51,"10°46'32.41""N, 106°40'15.20""E",FIX,
13:04:15.425,1786169055.426,TRACKING,2.851,-0.001,-0.002,0.00,0.450,0.000,0.000,0.000,0.000,1.000,2.85,10.77567062,106.67088804,10.51,"10°46'32.41""N, 106°40'15.20""E",FIX,
13:04:15.498,1786169055.498,TRACKING,2.878,-0.001,-0.002,0.00,0.450,0.000,0.000,0.000,0.000,1.000,2.88,10.77567062,106.67088804,10.51,"10°46'32.41""N, 106°40'15.20""E",FIX,
13:04:15.594,1786169055.595,TRACKING,2.914,-0.001,-0.002,0.00,0.450,0.000,0.000,0.000,0.000,0.625,2.91,10.77567062,106.67088845,10.51,"10°46'32.41""N, 106°40'15.20""E",FIX,
13:04:15.682,1786169055.682,TRACKING,2.950,-0.001,-0.002,-0.00,0.450,0.007,0.000,0.000,0.000,0.542,2.95,10.77567062,106.67088845,10.51,"10°46'32.41""N, 106°40'15.20""E",FIX,
13:04:15.770,1786169055.770,TRACKING,2.968,-0.001,-0.002,-0.00,0.450,-0.002,0.000,0.000,0.000,0.604,2.97,10.77567062,106.67088845,10.51,"10°46'32.41""N, 106°40'15.20""E",FIX,
13:04:15.861,1786169055.861,TRACKING,3.004,-0.001,-0.002,-0.00,0.450,0.002,0.000,0.000,0.000,0.667,3.00,10.77567062,106.67088887,10.51,"10°46'32.41""N, 106°40'15.20""E",FIX,
13:04:15.936,1786169055.937,TRACKING,3.031,-0.001,-0.002,-0.00,0.450,0.002,0.000,0.000,0.000,0.750,3.03,10.77567062,106.67088887,10.51,"10°46'32.41""N, 106°40'15.20""E",FIX,
13:04:16.019,1786169056.019,TRACKING,3.067,-0.001,-0.002,-0.00,0.450,-0.002,0.000,0.000,0.000,0.833,3.07,10.77567061,106.67088928,10.51,"10°46'32.41""N, 106°40'15.20""E",FIX,
13:04:16.117,1786169056.118,TRACKING,3.094,-0.001,-0.002,-0.00,0.450,-0.001,0.000,0.000,0.000,0.896,3.09,10.77567061,106.67088928,10.51,"10°46'32.41""N, 106°40'15.20""E",FIX,
13:04:16.202,1786169056.202,TRACKING,3.121,-0.001,-0.002,-0.00,0.450,0.007,0.000,0.000,0.000,0.979,3.12,10.77567061,106.67088928,10.51,"10°46'32.41""N, 106°40'15.20""E",FIX,
13:04:16.304,1786169056.305,TRACKING,3.148,-0.001,-0.002,-0.00,0.450,-0.002,0.000,0.000,0.000,1.000,3.15,10.77567061,106.67088928,10.51,"10°46'32.41""N, 106°40'15.20""E",FIX,
13:04:16.407,1786169056.407,TRACKING,3.175,-0.001,-0.001,-0.00,0.450,-0.002,0.000,0.000,0.000,1.000,3.18,10.77567061,106.67088969,10.51,"10°46'32.41""N, 106°40'15.20""E",FIX,
13:04:16.524,1786169056.524,TRACKING,3.211,-0.001,-0.002,-0.00,0.450,-0.001,0.000,0.000,0.000,1.000,3.21,10.77567061,106.67088969,10.51,"10°46'32.41""N, 106°40'15.20""E",FIX,
13:04:16.596,1786169056.597,TRACKING,3.238,-0.001,-0.002,-0.00,0.450,0.006,0.000,0.000,0.000,1.000,3.24,10.77567061,106.67088969,10.51,"10°46'32.41""N, 106°40'15.20""E",FIX,
13:04:16.687,1786169056.688,TRACKING,3.274,-0.001,-0.001,-0.00,0.450,-0.002,0.000,0.000,0.000,1.000,3.27,10.77567061,106.67089010,10.51,"10°46'32.41""N, 106°40'15.20""E",FIX,
13:04:16.801,1786169056.801,TRACKING,3.301,-0.001,-0.001,-0.00,0.450,-0.001,0.000,0.000,0.000,1.000,3.30,10.77567061,106.67089010,10.51,"10°46'32.41""N, 106°40'15.20""E",FIX,
13:04:16.888,1786169056.888,TRACKING,3.328,-0.002,-0.001,-0.00,0.450,-0.001,0.000,0.000,0.000,1.000,3.33,10.77567061,106.67089010,10.51,"10°46'32.41""N, 106°40'15.20""E",FIX,
13:04:16.970,1786169056.971,TRACKING,3.364,-0.002,-0.001,-0.00,0.450,-0.001,0.000,0.000,0.000,1.000,3.36,10.77567061,106.67089051,10.51,"10°46'32.41""N, 106°40'15.21""E",FIX,
13:04:17.065,1786169057.065,TRACKING,3.382,-0.002,-0.001,-0.00,0.450,0.008,0.000,0.000,0.000,1.000,3.38,10.77567061,106.67089051,10.51,"10°46'32.41""N, 106°40'15.21""E",FIX,
13:04:17.168,1786169057.169,TRACKING,3.418,-0.002,-0.001,-0.00,0.450,-0.002,0.000,0.000,0.000,1.000,3.42,10.77567061,106.67089051,10.51,"10°46'32.41""N, 106°40'15.21""E",FIX,
13:04:17.262,1786169057.263,TRACKING,3.454,-0.002,-0.001,-0.00,0.450,-0.001,0.000,0.000,0.000,1.000,3.45,10.77567061,106.67089092,10.51,"10°46'32.41""N, 106°40'15.21""E",FIX,
13:04:17.356,1786169057.357,TRACKING,3.481,-0.002,-0.001,-0.00,0.450,-0.001,0.000,0.000,0.000,1.000,3.48,10.77567061,106.67089092,10.51,"10°46'32.41""N, 106°40'15.21""E",FIX,
13:04:17.434,1786169057.435,TRACKING,3.508,-0.002,-0.001,-0.00,0.450,-0.001,0.000,0.000,0.000,1.000,3.51,10.77567061,106.67089092,10.51,"10°46'32.41""N, 106°40'15.21""E",FIX,
13:04:17.530,1786169057.531,TRACKING,3.544,-0.002,-0.001,-0.00,0.450,-0.000,0.000,0.000,0.000,1.000,3.54,10.77567061,106.67089133,10.51,"10°46'32.41""N, 106°40'15.21""E",FIX,
13:04:17.641,1786169057.641,TRACKING,3.562,-0.002,-0.001,-0.00,0.450,0.009,0.000,0.000,0.000,1.000,3.56,10.77567061,106.67089133,10.51,"10°46'32.41""N, 106°40'15.21""E",FIX,
13:04:17.753,1786169057.753,TRACKING,3.598,-0.002,-0.001,-0.00,0.450,-0.002,0.000,0.000,0.000,1.000,3.60,10.77567061,106.67089133,10.51,"10°46'32.41""N, 106°40'15.21""E",FIX,
13:04:17.822,1786169057.822,TRACKING,3.625,-0.002,-0.000,-0.00,0.450,-0.001,0.000,0.000,0.000,1.000,3.63,10.77567061,106.67089175,10.51,"10°46'32.41""N, 106°40'15.21""E",FIX,
13:04:17.917,1786169057.918,TRACKING,3.652,-0.002,-0.000,-0.00,0.450,-0.001,0.000,0.000,0.000,1.000,3.65,10.77567061,106.67089175,10.51,"10°46'32.41""N, 106°40'15.21""E",FIX,
13:04:18.006,1786169058.007,TRACKING,3.688,-0.002,-0.001,-0.00,0.450,-0.000,0.000,0.000,0.000,1.000,3.69,10.77567061,106.67089175,10.51,"10°46'32.41""N, 106°40'15.21""E",FIX,
13:04:18.100,1786169058.100,TRACKING,3.715,-0.002,-0.001,-0.00,0.450,-0.000,0.000,0.000,0.000,1.000,3.72,10.77567061,106.67089216,10.51,"10°46'32.41""N, 106°40'15.21""E",FIX,
13:04:18.205,1786169058.205,TRACKING,3.742,-0.002,-0.001,-0.00,0.450,-0.000,0.000,0.000,0.000,0.562,3.74,10.77567061,106.67089216,10.51,"10°46'32.41""N, 106°40'15.21""E",FIX,
13:04:18.300,1786169058.300,TRACKING,3.769,-0.002,-0.001,-0.00,0.450,-0.000,0.000,0.000,0.000,0.625,3.77,10.77567061,106.67089216,10.51,"10°46'32.41""N, 106°40'15.21""E",FIX,
13:04:18.455,1786169058.455,TRACKING,3.805,-0.002,-0.001,-0.00,0.450,-0.000,0.000,0.000,0.000,0.708,3.81,10.77567061,106.67089257,10.51,"10°46'32.41""N, 106°40'15.21""E",FIX,
13:04:18.539,1786169058.540,TRACKING,3.832,-0.002,-0.001,-0.00,0.450,-0.000,0.000,0.000,0.000,0.771,3.83,10.77567061,106.67089257,10.51,"10°46'32.41""N, 106°40'15.21""E",FIX,
13:04:18.630,1786169058.630,TRACKING,3.868,-0.002,-0.001,-0.00,0.450,-0.000,0.000,0.000,0.000,0.833,3.87,10.77567061,106.67089257,10.51,"10°46'32.41""N, 106°40'15.21""E",FIX,
13:04:18.722,1786169058.722,TRACKING,3.895,-0.002,-0.001,-0.00,0.450,-0.000,0.000,0.000,0.000,0.917,3.90,10.77567061,106.67089298,10.51,"10°46'32.41""N, 106°40'15.21""E",FIX,
13:04:18.816,1786169058.817,TRACKING,3.922,-0.002,-0.001,-0.00,0.450,-0.000,0.000,0.000,0.000,1.000,3.92,10.77567061,106.67089298,10.51,"10°46'32.41""N, 106°40'15.21""E",FIX,
13:04:18.892,1786169058.893,TRACKING,3.949,-0.002,-0.001,-0.00,0.450,-0.000,0.000,0.000,0.000,1.000,3.95,10.77567061,106.67089298,10.51,"10°46'32.41""N, 106°40'15.21""E",FIX,
13:04:18.975,1786169058.975,TRACKING,3.985,-0.002,-0.001,-0.00,0.450,-0.000,0.000,0.000,0.000,1.000,3.99,10.77567061,106.67089339,10.51,"10°46'32.41""N, 106°40'15.22""E",FIX,
13:04:19.079,1786169059.079,TRACKING,4.012,-0.002,-0.001,-0.00,0.450,-0.000,0.000,0.000,0.000,1.000,4.01,10.77567061,106.67089339,10.51,"10°46'32.41""N, 106°40'15.22""E",FIX,
13:04:19.193,1786169059.194,TRACKING,4.039,-0.002,-0.001,-0.00,0.450,-0.000,0.000,0.000,0.000,1.000,4.04,10.77567061,106.67089339,10.51,"10°46'32.41""N, 106°40'15.22""E",FIX,
13:04:19.322,1786169059.322,TRACKING,4.066,-0.002,-0.001,-0.00,0.450,-0.000,0.000,0.000,0.000,1.000,4.07,10.77567061,106.67089380,10.51,"10°46'32.41""N, 106°40'15.22""E",FIX,
13:04:19.383,1786169059.383,TRACKING,4.102,-0.002,-0.001,-0.00,0.450,-0.000,0.000,0.000,0.000,1.000,4.10,10.77567061,106.67089380,10.51,"10°46'32.41""N, 106°40'15.22""E",FIX,
13:04:19.495,1786169059.495,TRACKING,4.138,-0.002,-0.001,-0.00,0.450,-0.000,0.000,0.000,0.000,1.000,4.14,10.77567061,106.67089380,10.51,"10°46'32.41""N, 106°40'15.22""E",FIX,
13:04:19.566,1786169059.566,TRACKING,4.156,-0.002,-0.001,-0.00,0.450,-0.000,0.000,0.000,0.000,1.000,4.16,10.77567061,106.67089421,10.51,"10°46'32.41""N, 106°40'15.22""E",FIX,
13:04:19.644,1786169059.645,TRACKING,4.192,-0.002,-0.001,-0.00,0.450,-0.000,0.000,0.000,0.000,1.000,4.19,10.77567061,106.67089421,10.51,"10°46'32.41""N, 106°40'15.22""E",FIX,
13:04:19.735,1786169059.735,TRACKING,4.228,-0.002,-0.001,-0.00,0.450,-0.000,0.000,0.000,0.000,1.000,4.23,10.77567061,106.67089421,10.51,"10°46'32.41""N, 106°40'15.22""E",FIX,
13:04:19.806,1786169059.806,TRACKING,4.246,-0.002,-0.001,-0.00,0.450,-0.000,0.000,0.000,0.000,1.000,4.25,10.77567061,106.67089463,10.51,"10°46'32.41""N, 106°40'15.22""E",FIX,
13:04:19.899,1786169059.899,TRACKING,4.282,-0.002,-0.001,-0.00,0.450,-0.000,0.000,0.000,0.000,1.000,4.28,10.77567061,106.67089463,10.51,"10°46'32.41""N, 106°40'15.22""E",FIX,
13:04:19.974,1786169059.974,TRACKING,4.309,-0.002,-0.001,-0.00,0.450,-0.000,0.000,0.000,0.000,1.000,4.31,10.77567061,106.67089463,10.51,"10°46'32.41""N, 106°40'15.22""E",FIX,
13:04:20.064,1786169060.064,TRACKING,4.336,-0.002,-0.001,-0.00,0.450,-0.000,0.000,0.000,0.000,1.000,4.34,10.77567061,106.67089504,10.51,"10°46'32.41""N, 106°40'15.22""E",FIX,
13:04:20.140,1786169060.141,TRACKING,4.363,-0.002,-0.001,-0.00,0.450,-0.000,0.000,0.000,0.000,1.000,4.36,10.77567061,106.67089504,10.51,"10°46'32.41""N, 106°40'15.22""E",FIX,
13:04:20.254,1786169060.254,TRACKING,4.399,-0.002,-0.001,-0.00,0.450,-0.000,0.000,0.000,0.000,1.000,4.40,10.77567061,106.67089504,10.51,"10°46'32.41""N, 106°40'15.22""E",FIX,
13:04:20.345,1786169060.345,TRACKING,4.426,-0.002,-0.001,-0.00,0.450,-0.000,0.000,0.000,0.000,1.000,4.43,10.77567061,106.67089545,10.51,"10°46'32.41""N, 106°40'15.22""E",FIX,
13:04:20.446,1786169060.446,TRACKING,4.462,-0.002,-0.001,-0.00,0.450,-0.000,0.000,0.000,0.000,1.000,4.46,10.77567061,106.67089545,10.51,"10°46'32.41""N, 106°40'15.22""E",FIX,
13:04:20.513,1786169060.514,TRACKING,4.480,-0.002,-0.001,-0.00,0.450,-0.000,0.000,0.000,0.000,1.000,4.48,10.77567061,106.67089545,10.51,"10°46'32.41""N, 106°40'15.22""E",FIX,
13:04:20.610,1786169060.611,TRACKING,4.516,-0.002,-0.001,0.00,0.450,-0.006,0.000,0.000,0.000,1.000,4.52,10.77567061,106.67089586,10.51,"10°46'32.41""N, 106°40'15.23""E",FIX,
13:04:20.664,1786169060.664,TRACKING,4.543,-0.002,-0.001,0.01,0.450,-0.006,0.000,0.000,0.000,0.583,4.54,10.77567061,106.67089586,10.51,"10°46'32.41""N, 106°40'15.23""E",FIX,
13:04:20.765,1786169060.766,TRACKING,4.579,-0.002,-0.001,0.00,0.450,0.003,0.000,0.000,0.000,0.667,4.58,10.77567061,106.67089586,10.51,"10°46'32.41""N, 106°40'15.23""E",FIX,
13:04:20.863,1786169060.863,TRACKING,4.606,-0.003,-0.001,0.00,0.450,0.002,0.000,0.000,0.000,0.729,4.61,10.77567061,106.67089627,10.51,"10°46'32.41""N, 106°40'15.23""E",FIX,
13:04:20.940,1786169060.940,TRACKING,4.633,-0.003,-0.001,0.00,0.450,0.001,0.000,0.000,0.000,0.792,4.63,10.77567061,106.67089627,10.51,"10°46'32.41""N, 106°40'15.23""E",FIX,
13:04:21.024,1786169061.024,TRACKING,4.660,-0.003,-0.001,0.00,0.450,0.001,0.000,0.000,0.000,0.854,4.66,10.77567061,106.67089627,10.51,"10°46'32.41""N, 106°40'15.23""E",FIX,
13:04:21.124,1786169061.124,TRACKING,4.696,-0.003,-0.001,0.00,0.450,0.000,0.000,0.000,0.000,0.937,4.70,10.77567061,106.67089668,10.51,"10°46'32.41""N, 106°40'15.23""E",FIX,
13:04:21.203,1786169061.204,TRACKING,4.723,-0.003,-0.001,0.00,0.450,0.000,0.000,0.000,0.000,1.000,4.72,10.77567061,106.67089668,10.51,"10°46'32.41""N, 106°40'15.23""E",FIX,
13:04:21.321,1786169061.322,TRACKING,4.750,-0.003,-0.001,0.00,0.450,0.000,0.000,0.000,0.000,1.000,4.75,10.77567061,106.67089668,10.51,"10°46'32.41""N, 106°40'15.23""E",FIX,
13:04:21.422,1786169061.423,TRACKING,4.786,-0.003,-0.001,0.00,0.450,0.000,0.000,0.000,0.000,1.000,4.79,10.77567061,106.67089709,10.51,"10°46'32.41""N, 106°40'15.23""E",FIX,
13:04:21.507,1786169061.508,TRACKING,4.813,-0.003,-0.001,0.00,0.450,0.000,0.000,0.000,0.000,1.000,4.81,10.77567061,106.67089709,10.51,"10°46'32.41""N, 106°40'15.23""E",FIX,
13:04:21.643,1786169061.644,TRACKING,4.849,-0.003,-0.001,0.00,0.450,0.000,0.000,0.000,0.000,1.000,4.85,10.77567061,106.67089709,10.51,"10°46'32.41""N, 106°40'15.23""E",FIX,
13:04:21.722,1786169061.722,TRACKING,4.876,-0.003,-0.001,0.00,0.450,0.000,0.000,0.000,0.000,1.000,4.88,10.77567061,106.67089751,10.51,"10°46'32.41""N, 106°40'15.23""E",FIX,
13:04:21.811,1786169061.812,TRACKING,4.912,-0.003,-0.001,0.00,0.450,0.000,0.000,0.000,0.000,1.000,4.91,10.77567061,106.67089751,10.51,"10°46'32.41""N, 106°40'15.23""E",FIX,
13:04:21.881,1786169061.881,TRACKING,4.939,-0.003,-0.001,0.00,0.450,0.000,0.000,0.000,0.000,1.000,4.94,10.77567061,106.67089751,10.51,"10°46'32.41""N, 106°40'15.23""E",FIX,
13:04:21.984,1786169061.985,TRACKING,4.966,-0.003,-0.001,0.00,0.450,0.000,0.000,0.000,0.000,1.000,4.97,10.77567061,106.67089792,10.51,"10°46'32.41""N, 106°40'15.23""E",FIX,
13:04:22.078,1786169062.079,TRACKING,4.993,-0.003,-0.001,0.00,0.450,0.000,0.000,0.000,0.000,1.000,4.99,10.77567061,106.67089792,10.51,"10°46'32.41""N, 106°40'15.23""E",FIX,
13:04:22.169,1786169062.169,TRACKING,5.020,-0.003,-0.001,0.00,0.450,0.000,0.000,0.000,0.000,1.000,5.02,10.77567061,106.67089792,10.51,"10°46'32.41""N, 106°40'15.23""E",FIX,
13:04:22.249,1786169062.250,TRACKING,5.047,-0.003,-0.001,0.00,0.450,0.000,0.000,0.000,0.000,1.000,5.05,10.77567061,106.67089833,10.51,"10°46'32.41""N, 106°40'15.23""E",FIX,
13:04:22.346,1786169062.347,TRACKING,5.083,-0.003,-0.001,0.00,0.450,0.000,0.000,0.000,0.000,1.000,5.08,10.77567061,106.67089833,10.51,"10°46'32.41""N, 106°40'15.23""E",FIX,
13:04:22.432,1786169062.433,TRACKING,5.119,-0.003,-0.001,0.00,0.450,0.000,0.000,0.000,0.000,1.000,5.12,10.77567061,106.67089833,10.51,"10°46'32.41""N, 106°40'15.23""E",FIX,
13:04:22.513,1786169062.514,TRACKING,5.137,-0.003,-0.001,0.00,0.450,0.000,0.000,0.000,0.000,1.000,5.14,10.77567061,106.67089874,10.51,"10°46'32.41""N, 106°40'15.24""E",FIX,
13:04:22.617,1786169062.618,TRACKING,5.173,-0.003,-0.001,0.00,0.450,0.000,0.000,0.000,0.000,1.000,5.17,10.77567061,106.67089874,10.51,"10°46'32.41""N, 106°40'15.24""E",FIX,
13:04:22.716,1786169062.716,TRACKING,5.200,-0.003,-0.001,0.00,0.450,0.000,0.000,0.000,0.000,1.000,5.20,10.77567061,106.67089874,10.51,"10°46'32.41""N, 106°40'15.24""E",FIX,
13:04:22.802,1786169062.802,TRACKING,5.227,-0.003,-0.001,0.00,0.450,0.000,0.000,0.000,0.000,1.000,5.23,10.77567061,106.67089915,10.51,"10°46'32.41""N, 106°40'15.24""E",FIX,
13:04:22.897,1786169062.897,TRACKING,5.263,-0.003,-0.001,0.00,0.450,0.000,0.000,0.000,0.000,1.000,5.26,10.77567061,106.67089915,10.51,"10°46'32.41""N, 106°40'15.24""E",FIX,
13:04:22.991,1786169062.992,TRACKING,5.290,-0.003,-0.001,-0.00,0.450,0.007,0.000,0.000,0.000,1.000,5.29,10.77567061,106.67089915,10.51,"10°46'32.41""N, 106°40'15.24""E",FIX,
13:04:23.072,1786169063.072,TRACKING,5.317,-0.003,-0.001,-0.01,0.450,0.026,0.000,0.000,0.000,0.833,5.32,10.77567061,106.67089956,10.51,"10°46'32.41""N, 106°40'15.24""E",FIX,
13:04:23.163,1786169063.164,TRACKING,5.353,-0.003,0.001,-0.01,0.450,0.008,0.000,0.000,0.000,0.583,5.35,10.77567061,106.67089956,10.51,"10°46'32.41""N, 106°40'15.24""E",FIX,
13:04:23.220,1786169063.220,TRACKING,5.371,-0.003,0.002,-0.02,0.450,0.008,0.000,0.000,0.000,0.646,5.37,10.77567061,106.67089956,10.51,"10°46'32.41""N, 106°40'15.24""E",FIX,
13:04:23.346,1786169063.346,TRACKING,5.407,-0.003,0.002,-0.01,0.450,0.000,0.000,0.000,0.000,0.708,5.41,10.77567060,106.67089997,10.51,"10°46'32.41""N, 106°40'15.24""E",FIX,
13:04:23.386,1786169063.386,TRACKING,5.434,-0.003,0.003,-0.01,0.450,-0.002,0.000,0.000,0.000,0.771,5.43,10.77567060,106.67089997,10.51,"10°46'32.41""N, 106°40'15.24""E",FIX,
13:04:23.506,1786169063.506,TRACKING,5.470,-0.003,0.003,-0.01,0.450,0.001,0.000,0.000,0.000,0.854,5.47,10.77567060,106.67089997,10.51,"10°46'32.41""N, 106°40'15.24""E",FIX,
13:04:23.595,1786169063.596,TRACKING,5.497,-0.003,0.003,-0.01,0.450,0.001,0.000,0.000,0.000,0.917,5.50,10.77567060,106.67090039,10.51,"10°46'32.41""N, 106°40'15.24""E",FIX,
13:04:23.689,1786169063.690,TRACKING,5.533,-0.003,0.003,-0.01,0.450,0.002,0.000,0.000,0.000,1.000,5.53,10.77567060,106.67090039,10.51,"10°46'32.41""N, 106°40'15.24""E",FIX,
13:04:23.759,1786169063.760,TRACKING,5.551,-0.003,0.003,-0.01,0.450,0.002,0.000,0.000,0.000,1.000,5.55,10.77567060,106.67090039,10.51,"10°46'32.41""N, 106°40'15.24""E",FIX,
13:04:23.876,1786169063.877,TRACKING,5.587,-0.003,0.003,-0.01,0.450,0.002,0.000,0.000,0.000,1.000,5.59,10.77567060,106.67090080,10.51,"10°46'32.41""N, 106°40'15.24""E",FIX,
13:04:23.952,1786169063.953,TRACKING,5.614,-0.002,0.003,-0.01,0.450,0.002,0.000,0.000,0.000,1.000,5.61,10.77567060,106.67090080,10.51,"10°46'32.41""N, 106°40'15.24""E",FIX,
13:04:24.032,1786169064.032,TRACKING,5.650,-0.002,0.003,-0.01,0.450,0.002,0.000,0.000,0.000,1.000,5.65,10.77567060,106.67090080,10.51,"10°46'32.41""N, 106°40'15.24""E",FIX,
13:04:24.124,1786169064.124,TRACKING,5.668,-0.002,0.003,-0.01,0.450,0.002,0.000,0.000,0.000,1.000,5.67,10.77567060,106.67090080,10.51,"10°46'32.41""N, 106°40'15.24""E",FIX,
13:04:24.240,1786169064.240,TRACKING,5.713,-0.002,0.004,-0.01,0.450,0.002,0.000,0.000,0.000,1.000,5.71,10.77567061,106.67090121,10.51,"10°46'32.41""N, 106°40'15.24""E",FIX,
13:04:24.314,1786169064.315,TRACKING,5.731,-0.002,0.004,-0.01,0.450,0.002,0.000,0.000,0.000,1.000,5.73,10.77567061,106.67090121,10.51,"10°46'32.41""N, 106°40'15.24""E",FIX,
13:04:24.418,1786169064.418,TRACKING,5.767,-0.002,0.004,-0.01,0.450,-0.004,0.000,0.000,0.000,1.000,5.77,10.77567061,106.67090162,10.51,"10°46'32.41""N, 106°40'15.25""E",FIX,
13:04:24.506,1786169064.506,TRACKING,5.803,-0.002,0.004,-0.01,0.450,0.001,0.000,0.000,0.000,1.000,5.80,10.77567061,106.67090162,10.51,"10°46'32.41""N, 106°40'15.25""E",FIX,
13:04:24.574,1786169064.574,TRACKING,5.830,-0.002,0.004,-0.01,0.450,0.005,0.000,0.000,0.000,1.000,5.83,10.77567061,106.67090162,10.51,"10°46'32.41""N, 106°40'15.25""E",FIX,
13:04:24.654,1786169064.655,TRACKING,5.857,-0.002,0.004,-0.01,0.450,0.004,0.000,0.000,0.000,1.000,5.86,10.77567061,106.67090203,10.51,"10°46'32.41""N, 106°40'15.25""E",FIX,
13:04:24.762,1786169064.762,TRACKING,5.884,-0.001,0.004,-0.01,0.450,0.003,0.000,0.000,0.000,1.000,5.88,10.77567061,106.67090203,10.51,"10°46'32.41""N, 106°40'15.25""E",FIX,
13:04:24.843,1786169064.843,TRACKING,5.911,-0.001,0.004,-0.01,0.450,0.003,0.000,0.000,0.000,1.000,5.91,10.77567061,106.67090203,10.51,"10°46'32.41""N, 106°40'15.25""E",FIX,
13:04:24.930,1786169064.931,TRACKING,5.947,-0.001,0.005,-0.01,0.450,-0.004,0.000,0.000,0.000,1.000,5.95,10.77567061,106.67090244,10.51,"10°46'32.41""N, 106°40'15.25""E",FIX,
13:04:25.018,1786169065.018,TRACKING,5.974,-0.001,0.004,-0.00,0.450,-0.003,0.000,0.000,0.000,1.000,5.97,10.77567061,106.67090244,10.51,"10°46'32.41""N, 106°40'15.25""E",FIX,
13:04:25.107,1786169065.108,TRACKING,6.001,-0.001,0.004,-0.00,0.450,-0.003,0.000,0.000,0.000,1.000,6.00,10.77567061,106.67090244,10.51,"10°46'32.41""N, 106°40'15.25""E",FIX,
13:04:25.173,1786169065.174,TRACKING,6.028,-0.001,0.004,-0.00,0.450,0.005,0.000,0.000,0.000,1.000,6.03,10.77567061,106.67090244,10.51,"10°46'32.41""N, 106°40'15.25""E",FIX,
13:04:25.284,1786169065.284,TRACKING,6.064,-0.001,0.004,-0.00,0.450,-0.002,0.000,0.000,0.000,1.000,6.06,10.77567061,106.67090285,10.51,"10°46'32.41""N, 106°40'15.25""E",FIX,
13:04:25.360,1786169065.361,TRACKING,6.091,-0.001,0.004,-0.00,0.450,-0.002,0.000,0.000,0.000,1.000,6.09,10.77567061,106.67090285,10.51,"10°46'32.41""N, 106°40'15.25""E",FIX,
13:04:25.454,1786169065.455,TRACKING,6.118,-0.000,0.004,0.00,0.450,-0.009,0.000,0.000,0.000,1.000,6.12,10.77567061,106.67090285,10.51,"10°46'32.41""N, 106°40'15.25""E",FIX,
13:04:25.590,1786169065.590,TRACKING,6.154,-0.000,0.004,0.01,0.450,-0.011,0.000,0.000,0.000,0.583,6.15,10.77567061,106.67090327,10.51,"10°46'32.41""N, 106°40'15.25""E",FIX,
13:04:25.686,1786169065.686,TRACKING,6.181,-0.000,0.003,0.01,0.450,-0.003,0.000,0.000,0.000,0.667,6.18,10.77567061,106.67090327,10.51,"10°46'32.41""N, 106°40'15.25""E",FIX,
13:04:25.765,1786169065.765,TRACKING,6.208,-0.000,0.003,0.01,0.450,-0.003,0.000,0.000,0.000,0.729,6.21,10.77567061,106.67090327,10.51,"10°46'32.41""N, 106°40'15.25""E",FIX,
13:04:25.854,1786169065.854,TRACKING,6.235,-0.000,0.002,0.01,0.450,-0.003,0.000,0.000,0.000,0.812,6.24,10.77567061,106.67090368,10.51,"10°46'32.41""N, 106°40'15.25""E",FIX,
13:04:25.954,1786169065.955,TRACKING,6.271,0.000,0.002,0.01,0.450,-0.003,0.000,0.000,0.000,0.875,6.27,10.77567061,106.67090368,10.51,"10°46'32.41""N, 106°40'15.25""E",FIX,
13:04:26.024,1786169066.025,TRACKING,6.298,0.000,0.002,0.01,0.450,-0.003,0.000,0.000,0.000,0.958,6.30,10.77567061,106.67090368,10.51,"10°46'32.41""N, 106°40'15.25""E",FIX,
13:04:26.130,1786169066.130,TRACKING,6.325,0.000,0.002,0.01,0.450,-0.003,0.000,0.000,0.000,1.000,6.33,10.77567062,106.67090409,10.51,"10°46'32.41""N, 106°40'15.25""E",FIX,
13:04:26.254,1786169066.255,TRACKING,6.361,0.000,0.002,0.01,0.450,-0.002,0.000,0.000,0.000,1.000,6.36,10.77567062,106.67090409,10.51,"10°46'32.41""N, 106°40'15.25""E",FIX,
13:04:26.343,1786169066.343,TRACKING,6.388,0.000,0.002,0.01,0.450,-0.002,0.000,0.000,0.000,1.000,6.39,10.77567062,106.67090409,10.51,"10°46'32.41""N, 106°40'15.25""E",FIX,
13:04:26.418,1786169066.418,TRACKING,6.415,0.000,0.001,0.01,0.450,-0.002,0.000,0.000,0.000,1.000,6.42,10.77567062,106.67090450,10.51,"10°46'32.41""N, 106°40'15.26""E",FIX,
13:04:26.517,1786169066.518,TRACKING,6.442,0.000,0.001,0.01,0.450,-0.002,0.000,0.000,0.000,1.000,6.44,10.77567062,106.67090450,10.51,"10°46'32.41""N, 106°40'15.26""E",FIX,
13:04:26.623,1786169066.623,TRACKING,6.478,0.000,0.001,0.01,0.450,0.004,0.000,0.000,0.000,1.000,6.48,10.77567062,106.67090450,10.51,"10°46'32.41""N, 106°40'15.26""E",FIX,
13:04:26.715,1786169066.716,TRACKING,6.514,0.000,0.001,0.01,0.450,-0.004,0.000,0.000,0.000,1.000,6.51,10.77567062,106.67090491,10.51,"10°46'32.41""N, 106°40'15.26""E",FIX,
13:04:26.778,1786169066.778,TRACKING,6.532,0.000,0.001,0.01,0.450,-0.004,0.000,0.000,0.000,1.000,6.53,10.77567062,106.67090491,10.51,"10°46'32.41""N, 106°40'15.26""E",FIX,
13:04:26.873,1786169066.874,TRACKING,6.568,0.000,0.001,0.01,0.450,-0.003,0.000,0.000,0.000,1.000,6.57,10.77567062,106.67090491,10.51,"10°46'32.41""N, 106°40'15.26""E",FIX,
13:04:26.953,1786169066.954,TRACKING,6.595,0.001,0.001,0.01,0.450,0.005,0.000,0.000,0.000,1.000,6.60,10.77567062,106.67090532,10.51,"10°46'32.41""N, 106°40'15.26""E",FIX,
13:04:27.061,1786169067.062,TRACKING,6.622,0.001,0.001,0.01,0.450,-0.004,0.000,0.000,0.000,1.000,6.62,10.77567062,106.67090532,10.51,"10°46'32.41""N, 106°40'15.26""E",FIX,
13:04:27.146,1786169067.146,TRACKING,6.649,0.001,0.001,0.01,0.450,-0.004,0.000,0.000,0.000,1.000,6.65,10.77567062,106.67090532,10.51,"10°46'32.41""N, 106°40'15.26""E",FIX,
13:04:27.234,1786169067.234,TRACKING,6.685,0.001,0.001,0.01,0.450,-0.003,0.000,0.000,0.000,1.000,6.69,10.77567062,106.67090573,10.51,"10°46'32.41""N, 106°40'15.26""E",FIX,
13:04:27.326,1786169067.327,TRACKING,6.712,0.001,0.000,0.01,0.450,-0.003,0.000,0.000,0.000,1.000,6.71,10.77567062,106.67090573,10.51,"10°46'32.41""N, 106°40'15.26""E",FIX,
13:04:27.424,1786169067.425,TRACKING,6.739,0.001,0.000,0.01,0.450,0.006,0.000,0.000,0.000,1.000,6.74,10.77567062,106.67090573,10.51,"10°46'32.41""N, 106°40'15.26""E",FIX,
13:04:27.564,1786169067.564,TRACKING,6.775,0.001,0.001,0.01,0.450,-0.004,0.000,0.000,0.000,1.000,6.78,10.77567062,106.67090615,10.51,"10°46'32.41""N, 106°40'15.26""E",FIX,
13:04:27.624,1786169067.625,TRACKING,6.802,0.001,0.001,0.01,0.450,-0.004,0.000,0.000,0.000,1.000,6.80,10.77567062,106.67090615,10.51,"10°46'32.41""N, 106°40'15.26""E",FIX,
13:04:27.713,1786169067.714,TRACKING,6.838,0.001,0.000,0.01,0.450,-0.003,0.000,0.000,0.000,1.000,6.84,10.77567062,106.67090615,10.51,"10°46'32.41""N, 106°40'15.26""E",FIX,
13:04:27.788,1786169067.789,TRACKING,6.865,0.001,0.000,0.01,0.450,-0.003,0.000,0.000,0.000,1.000,6.87,10.77567062,106.67090656,10.51,"10°46'32.41""N, 106°40'15.26""E",FIX,
13:04:27.882,1786169067.882,TRACKING,6.892,0.001,0.000,0.01,0.450,-0.003,0.000,0.000,0.000,1.000,6.89,10.77567062,106.67090656,10.51,"10°46'32.41""N, 106°40'15.26""E",FIX,
13:04:27.965,1786169067.966,TRACKING,6.928,0.001,-0.000,0.01,0.450,-0.003,0.000,0.000,0.000,0.646,6.93,10.77567062,106.67090656,10.51,"10°46'32.41""N, 106°40'15.26""E",FIX,
13:04:28.054,1786169068.055,TRACKING,6.955,0.001,-0.000,0.01,0.450,-0.003,0.000,0.000,0.000,0.583,6.96,10.77567062,106.67090697,10.51,"10°46'32.41""N, 106°40'15.27""E",FIX,
13:04:28.146,1786169068.146,TRACKING,6.982,0.001,-0.001,0.01,0.450,-0.003,0.000,0.000,0.000,0.667,6.98,10.77567062,106.67090697,10.51,"10°46'32.41""N, 106°40'15.27""E",FIX,
13:04:28.237,1786169068.238,TRACKING,7.009,0.001,-0.001,0.01,0.450,-0.002,0.000,0.000,0.000,0.750,7.01,10.77567062,106.67090697,10.51,"10°46'32.41""N, 106°40'15.27""E",FIX,
13:04:28.317,1786169068.318,TRACKING,7.036,0.001,-0.001,0.01,0.450,0.006,0.000,0.000,0.000,0.812,7.04,10.77567062,106.67090738,10.51,"10°46'32.41""N, 106°40'15.27""E",FIX,
13:04:28.410,1786169068.411,TRACKING,7.063,0.001,-0.001,0.00,0.450,0.004,0.000,0.000,0.000,0.875,7.06,10.77567062,106.67090738,10.51,"10°46'32.41""N, 106°40'15.27""E",FIX,
13:04:28.525,1786169068.525,TRACKING,7.108,0.001,-0.000,0.01,0.450,-0.004,0.000,0.000,0.000,0.958,7.11,10.77567062,106.67090738,10.51,"10°46'32.41""N, 106°40'15.27""E",FIX,
13:04:28.601,1786169068.602,TRACKING,7.135,0.001,-0.000,0.01,0.450,-0.004,0.000,0.000,0.000,1.000,7.14,10.77567062,106.67090779,10.51,"10°46'32.41""N, 106°40'15.27""E",FIX,
13:04:28.675,1786169068.676,TRACKING,7.162,0.001,-0.001,0.01,0.450,-0.004,0.000,0.000,0.000,1.000,7.16,10.77567062,106.67090779,10.51,"10°46'32.41""N, 106°40'15.27""E",FIX,
13:04:28.782,1786169068.782,TRACKING,7.198,0.001,-0.001,0.01,0.450,-0.003,0.000,0.000,0.000,1.000,7.20,10.77567062,106.67090779,10.51,"10°46'32.41""N, 106°40'15.27""E",FIX,
13:04:28.836,1786169068.837,TRACKING,7.216,0.001,-0.001,0.01,0.450,0.007,0.000,0.000,0.000,1.000,7.22,10.77567062,106.67090820,10.51,"10°46'32.41""N, 106°40'15.27""E",FIX,
13:04:28.936,1786169068.936,TRACKING,7.252,0.000,-0.001,0.01,0.450,-0.004,0.000,0.000,0.000,1.000,7.25,10.77567062,106.67090820,10.51,"10°46'32.41""N, 106°40'15.27""E",FIX,
13:04:28.998,1786169068.998,TRACKING,7.279,0.000,-0.001,0.01,0.450,-0.004,0.000,0.000,0.000,1.000,7.28,10.77567062,106.67090820,10.51,"10°46'32.41""N, 106°40'15.27""E",FIX,
13:04:29.086,1786169069.087,TRACKING,7.306,0.000,-0.001,0.01,0.450,-0.003,0.000,0.000,0.000,1.000,7.31,10.77567062,106.67090862,10.51,"10°46'32.41""N, 106°40'15.27""E",FIX,
13:04:29.186,1786169069.186,TRACKING,7.342,0.000,-0.001,0.01,0.450,-0.003,0.000,0.000,0.000,1.000,7.34,10.77567062,106.67090862,10.51,"10°46'32.41""N, 106°40'15.27""E",FIX,
13:04:29.270,1786169069.271,TRACKING,7.369,0.000,-0.001,0.01,0.450,0.005,0.000,0.000,0.000,1.000,7.37,10.77567062,106.67090862,10.51,"10°46'32.41""N, 106°40'15.27""E",FIX,
13:04:29.375,1786169069.375,TRACKING,7.405,0.000,-0.001,0.01,0.450,-0.004,0.000,0.000,0.000,1.000,7.41,10.77567062,106.67090903,10.51,"10°46'32.41""N, 106°40'15.27""E",FIX,
13:04:29.454,1786169069.454,TRACKING,7.432,0.000,-0.001,0.01,0.450,-0.004,0.000,0.000,0.000,1.000,7.43,10.77567062,106.67090903,10.51,"10°46'32.41""N, 106°40'15.27""E",FIX,
13:04:29.547,1786169069.548,TRACKING,7.459,0.000,-0.001,0.01,0.450,-0.003,0.000,0.000,0.000,1.000,7.46,10.77567062,106.67090903,10.51,"10°46'32.41""N, 106°40'15.27""E",FIX,
13:04:29.631,1786169069.631,TRACKING,7.486,0.000,-0.002,0.01,0.450,-0.003,0.000,0.000,0.000,1.000,7.49,10.77567062,106.67090944,10.51,"10°46'32.41""N, 106°40'15.27""E",FIX,
13:04:29.708,1786169069.708,TRACKING,7.513,0.000,-0.002,0.01,0.450,0.005,0.000,0.000,0.000,1.000,7.51,10.77567062,106.67090944,10.51,"10°46'32.41""N, 106°40'15.27""E",FIX,
13:04:29.797,1786169069.798,TRACKING,7.549,0.000,-0.002,0.00,0.450,0.003,0.000,0.000,0.000,1.000,7.55,10.77567062,106.67090944,10.51,"10°46'32.41""N, 106°40'15.27""E",FIX,
13:04:29.904,1786169069.904,TRACKING,7.576,0.000,-0.001,0.01,0.450,-0.005,0.000,0.000,0.000,1.000,7.58,10.77567062,106.67090985,10.51,"10°46'32.41""N, 106°40'15.28""E",FIX,
13:04:29.976,1786169069.976,TRACKING,7.603,0.000,-0.002,0.01,0.450,-0.004,0.000,0.000,0.000,1.000,7.60,10.77567062,106.67090985,10.51,"10°46'32.41""N, 106°40'15.28""E",FIX,
13:04:30.048,1786169070.048,TRACKING,7.639,-0.000,-0.002,0.00,0.450,0.004,0.000,0.000,0.000,1.000,7.64,10.77567062,106.67090985,10.51,"10°46'32.41""N, 106°40'15.28""E",FIX,
13:04:30.133,1786169070.134,TRACKING,7.666,-0.000,-0.002,0.00,0.450,0.003,0.000,0.000,0.000,1.000,7.67,10.77567062,106.67091026,10.51,"10°46'32.41""N, 106°40'15.28""E",FIX,
13:04:30.219,1786169070.220,TRACKING,7.693,-0.000,-0.002,-0.01,0.450,0.039,0.000,0.000,0.000,1.000,7.69,10.77567062,106.67091026,10.51,"10°46'32.41""N, 106°40'15.28""E",FIX,
13:04:30.314,1786169070.314,TRACKING,7.729,-0.000,0.001,-0.02,0.450,0.020,0.000,0.000,0.000,0.500,7.73,10.77567062,106.67091026,10.51,"10°46'32.41""N, 106°40'15.28""E",FIX,
13:04:30.411,1786169070.412,TRACKING,7.756,-0.000,0.002,-0.02,0.450,0.011,0.000,0.000,0.000,0.583,7.76,10.77567062,106.67091067,10.51,"10°46'32.41""N, 106°40'15.28""E",FIX,
13:04:30.539,1786169070.540,TRACKING,7.792,-0.000,0.003,-0.03,0.450,0.009,0.000,0.000,0.000,0.646,7.79,10.77567062,106.67091067,10.51,"10°46'32.41""N, 106°40'15.28""E",FIX,
13:04:30.622,1786169070.622,TRACKING,7.810,0.000,0.003,-0.02,0.450,-0.000,0.000,0.000,0.000,0.708,7.81,10.77567062,106.67091067,10.51,"10°46'32.41""N, 106°40'15.28""E",FIX,
13:04:30.714,1786169070.714,TRACKING,7.846,0.000,0.004,-0.02,0.450,0.002,0.000,0.000,0.000,0.771,7.85,10.77567062,106.67091108,10.51,"10°46'32.41""N, 106°40'15.28""E",FIX,
13:04:30.794,1786169070.794,TRACKING,7.873,0.000,0.004,-0.02,0.450,0.003,0.000,0.000,0.000,0.854,7.87,10.77567062,106.67091108,10.51,"10°46'32.41""N, 106°40'15.28""E",FIX,
13:04:30.887,1786169070.887,TRACKING,7.900,0.000,0.004,-0.02,0.450,0.004,0.000,0.000,0.000,0.917,7.90,10.77567062,106.67091108,10.51,"10°46'32.41""N, 106°40'15.28""E",FIX,
13:04:30.968,1786169070.969,TRACKING,7.936,0.000,0.004,-0.02,0.450,0.004,0.000,0.000,0.000,1.000,7.94,10.77567062,106.67091150,10.51,"10°46'32.41""N, 106°40'15.28""E",FIX,
13:04:31.040,1786169071.041,TRACKING,7.954,0.001,0.004,-0.02,0.450,0.004,0.000,0.000,0.000,1.000,7.95,10.77567062,106.67091150,10.51,"10°46'32.41""N, 106°40'15.28""E",FIX,
13:04:31.134,1786169071.134,TRACKING,7.990,0.001,0.005,-0.02,0.450,0.005,0.000,0.000,0.000,1.000,7.99,10.77567062,106.67091150,10.51,"10°46'32.41""N, 106°40'15.28""E",FIX,
13:04:31.235,1786169071.236,TRACKING,8.017,0.001,0.005,-0.02,0.450,0.005,0.000,0.000,0.000,1.000,8.02,10.77567062,106.67091191,10.51,"10°46'32.41""N, 106°40'15.28""E",FIX,
13:04:31.348,1786169071.348,TRACKING,8.053,0.001,0.005,-0.02,0.450,0.005,0.000,0.000,0.000,1.000,8.05,10.77567062,106.67091191,10.51,"10°46'32.41""N, 106°40'15.28""E",FIX,
13:04:31.448,1786169071.448,TRACKING,8.089,0.001,0.006,-0.02,0.450,-0.002,0.000,0.000,0.000,1.000,8.09,10.77567062,106.67091191,10.51,"10°46'32.41""N, 106°40'15.28""E",FIX,
13:04:31.494,1786169071.494,TRACKING,8.107,0.001,0.006,-0.01,0.450,-0.004,0.000,0.000,0.000,1.000,8.11,10.77567062,106.67091232,10.51,"10°46'32.41""N, 106°40'15.28""E",FIX,
13:04:31.616,1786169071.616,TRACKING,8.143,0.002,0.006,-0.01,0.450,0.001,0.000,0.000,0.000,1.000,8.14,10.77567062,106.67091232,10.51,"10°46'32.41""N, 106°40'15.28""E",FIX,
13:04:31.705,1786169071.705,TRACKING,8.170,0.002,0.005,-0.01,0.450,0.009,0.000,0.000,0.000,1.000,8.17,10.77567062,106.67091232,10.51,"10°46'32.41""N, 106°40'15.28""E",FIX,
13:04:31.780,1786169071.781,TRACKING,8.197,0.002,0.006,-0.01,0.450,-0.000,0.000,0.000,0.000,1.000,8.20,10.77567062,106.67091273,10.51,"10°46'32.41""N, 106°40'15.29""E",FIX,
13:04:31.860,1786169071.861,TRACKING,8.224,0.002,0.006,-0.01,0.450,0.001,0.000,0.000,0.000,1.000,8.22,10.77567062,106.67091273,10.51,"10°46'32.41""N, 106°40'15.29""E",FIX,
13:04:31.951,1786169071.951,TRACKING,8.260,0.002,0.006,-0.01,0.450,0.001,0.000,0.000,0.000,1.000,8.26,10.77567062,106.67091273,10.51,"10°46'32.41""N, 106°40'15.29""E",FIX,
13:04:32.032,1786169072.032,TRACKING,8.287,0.002,0.006,-0.01,0.450,0.010,0.000,0.000,0.000,1.000,8.29,10.77567062,106.67091314,10.51,"10°46'32.41""N, 106°40'15.29""E",FIX,
13:04:32.131,1786169072.131,TRACKING,8.323,0.003,0.007,-0.01,0.450,0.001,0.000,0.000,0.000,1.000,8.32,10.77567062,106.67091314,10.51,"10°46'32.41""N, 106°40'15.29""E",FIX,
13:04:32.218,1786169072.218,TRACKING,8.350,0.003,0.007,-0.01,0.450,0.001,0.000,0.000,0.000,1.000,8.35,10.77567062,106.67091314,10.51,"10°46'32.41""N, 106°40'15.29""E",FIX,
13:04:32.321,1786169072.321,TRACKING,8.377,0.003,0.007,-0.01,0.450,0.001,0.000,0.000,0.000,1.000,8.38,10.77567062,106.67091355,10.51,"10°46'32.41""N, 106°40'15.29""E",FIX,
13:04:32.454,1786169072.454,TRACKING,8.404,0.003,0.007,-0.01,0.450,0.002,0.000,0.000,0.000,1.000,8.40,10.77567062,106.67091355,10.51,"10°46'32.41""N, 106°40'15.29""E",FIX,
13:04:32.551,1786169072.551,TRACKING,8.440,0.003,0.007,-0.01,0.450,0.002,0.000,0.000,0.000,1.000,8.44,10.77567062,106.67091355,10.51,"10°46'32.41""N, 106°40'15.29""E",FIX,
13:04:32.745,1786169072.745,TRACKING,8.485,0.004,0.007,-0.01,0.450,0.002,0.000,0.000,0.000,1.000,8.49,10.77567062,106.67091396,10.51,"10°46'32.41""N, 106°40'15.29""E",FIX,
13:04:32.817,1786169072.818,TRACKING,8.503,0.004,0.007,-0.01,0.450,0.009,0.000,0.000,0.000,1.000,8.50,10.77567062,106.67091396,10.51,"10°46'32.41""N, 106°40'15.29""E",FIX,
13:04:40.899,1786169080.899,UTURN_PLANNING,11.059,0.025,0.008,0.00,0.000,0.000,0.000,0.000,0.000,0.000,0.00,10.77567070,106.67092584,10.51,"10°46'32.41""N, 106°40'15.33""E",FIX,
13:04:40.909,1786169080.909,PATH_FOLLOWING,11.059,0.025,0.008,88.68,0.020,-1.500,0.000,0.000,0.000,0.000,0.00,10.77567070,106.67092584,10.51,"10°46'32.41""N, 106°40'15.33""E",FIX,
13:04:40.924,1786169080.924,PATH_FOLLOWING,11.059,0.025,0.008,88.68,0.020,-1.500,0.000,0.000,0.000,0.000,0.00,10.77567070,106.67092584,10.51,"10°46'32.41""N, 106°40'15.33""E",FIX,
13:04:40.942,1786169080.943,PATH_FOLLOWING,11.059,0.025,0.008,88.68,0.020,-1.500,0.000,0.000,0.000,0.000,0.00,10.77567070,106.67092584,10.51,"10°46'32.41""N, 106°40'15.33""E",FIX,
13:04:40.973,1786169080.973,PATH_FOLLOWING,11.059,0.025,0.001,88.68,0.020,-1.500,0.000,0.000,0.000,0.000,0.00,10.77567070,106.67092584,10.51,"10°46'32.41""N, 106°40'15.33""E",FIX,
13:04:41.065,1786169081.066,PATH_FOLLOWING,11.060,0.025,-0.089,88.68,0.020,-1.500,0.000,0.000,0.000,0.000,0.00,10.77567070,106.67092584,10.51,"10°46'32.41""N, 106°40'15.33""E",FIX,
13:04:41.178,1786169081.178,PATH_FOLLOWING,11.062,0.025,-0.209,88.68,0.020,-1.500,0.000,0.000,0.000,0.000,0.00,10.77567071,106.67092585,10.51,"10°46'32.41""N, 106°40'15.33""E",FIX,
13:04:41.268,1786169081.268,PATH_FOLLOWING,11.063,0.024,-0.329,88.68,0.020,-1.500,0.000,0.000,0.000,0.000,0.00,10.77567071,106.67092585,10.51,"10°46'32.41""N, 106°40'15.33""E",FIX,
13:04:41.364,1786169081.364,PATH_FOLLOWING,11.064,0.024,-0.419,88.68,0.020,-1.500,0.000,0.000,0.000,0.000,0.00,10.77567071,106.67092585,10.51,"10°46'32.41""N, 106°40'15.33""E",FIX,
13:04:41.479,1786169081.480,PATH_FOLLOWING,11.065,0.023,-0.509,88.68,0.020,-1.500,0.000,0.000,0.000,0.000,0.00,10.77567073,106.67092587,10.51,"10°46'32.41""N, 106°40'15.33""E",FIX,
13:04:41.569,1786169081.569,PATH_FOLLOWING,11.066,0.022,-0.599,88.68,0.020,-1.500,0.000,0.000,0.000,0.000,0.00,10.77567073,106.67092587,10.51,"10°46'32.41""N, 106°40'15.33""E",FIX,
13:04:41.681,1786169081.682,PATH_FOLLOWING,11.067,0.022,-0.689,88.49,0.023,-1.500,0.000,0.000,0.000,0.000,0.00,10.77567073,106.67092587,10.51,"10°46'32.41""N, 106°40'15.33""E",FIX,
13:04:41.780,1786169081.781,PATH_FOLLOWING,11.069,0.021,-0.809,87.21,0.042,-1.500,0.000,0.000,0.000,0.000,0.00,10.77567076,106.67092589,10.51,"10°46'32.41""N, 106°40'15.33""E",FIX,
13:04:41.888,1786169081.888,PATH_FOLLOWING,11.070,0.019,-0.899,86.08,0.060,-1.500,0.000,0.000,0.000,0.000,0.00,10.77567076,106.67092589,10.51,"10°46'32.41""N, 106°40'15.33""E",FIX,
13:04:41.992,1786169081.992,PATH_FOLLOWING,11.072,0.016,-0.989,84.85,0.078,-1.500,0.000,0.000,0.000,0.000,0.00,10.77567076,106.67092589,10.51,"10°46'32.41""N, 106°40'15.33""E",FIX,
13:04:42.100,1786169082.100,PATH_FOLLOWING,11.075,0.011,-1.109,83.11,0.105,-1.500,0.000,0.000,0.000,0.000,0.00,10.77567079,106.67092593,10.51,"10°46'32.41""N, 106°40'15.33""E",FIX,
13:04:42.246,1786169082.246,PATH_FOLLOWING,11.077,0.006,-1.199,81.81,0.125,-1.500,0.000,0.000,0.000,0.000,0.00,10.77567079,106.67092593,10.51,"10°46'32.41""N, 106°40'15.33""E",FIX,
13:04:42.362,1786169082.362,PATH_FOLLOWING,11.079,-0.001,-1.289,80.53,0.145,-1.500,0.000,0.000,0.000,0.000,0.00,10.77567079,106.67092593,10.51,"10°46'32.41""N, 106°40'15.33""E",FIX,
13:04:42.449,1786169082.450,PATH_FOLLOWING,11.082,-0.012,-1.409,78.90,0.171,-1.500,0.000,0.000,0.000,0.000,0.00,10.77567074,106.67092600,10.51,"10°46'32.41""N, 106°40'15.33""E",FIX,
13:04:42.522,1786169082.522,PATH_FOLLOWING,11.083,-0.022,-1.499,77.78,0.188,-1.500,0.000,0.000,0.000,0.000,0.00,10.77567074,106.67092600,10.51,"10°46'32.41""N, 106°40'15.33""E",FIX,
13:04:42.597,1786169082.598,PATH_FOLLOWING,11.083,-0.032,-1.589,76.76,0.205,-1.500,0.000,0.000,0.000,0.000,0.00,10.77567074,106.67092600,10.51,"10°46'32.41""N, 106°40'15.33""E",FIX,
13:04:42.730,1786169082.731,PATH_FOLLOWING,11.082,-0.048,-1.709,71.75,0.223,-1.167,0.000,0.000,0.000,0.000,0.00,10.77567067,106.67092609,10.51,"10°46'32.41""N, 106°40'15.33""E",FIX,
13:04:42.790,1786169082.790,PATH_FOLLOWING,11.080,-0.061,-1.790,66.22,0.233,-0.913,0.000,0.000,0.000,0.000,0.00,10.77567067,106.67092609,10.51,"10°46'32.41""N, 106°40'15.33""E",FIX,
13:04:42.914,1786169082.914,PATH_FOLLOWING,11.075,-0.079,-1.867,58.51,0.241,-0.678,0.000,0.000,0.000,0.000,0.00,10.77567067,106.67092609,10.51,"10°46'32.41""N, 106°40'15.33""E",FIX,
13:04:42.993,1786169082.993,PATH_FOLLOWING,11.072,-0.088,-1.898,54.34,0.243,-0.584,0.000,0.000,0.000,0.000,0.00,10.77567067,106.67092609,10.51,"10°46'32.41""N, 106°40'15.33""E",FIX,
13:04:43.087,1786169083.088,PATH_FOLLOWING,11.065,-0.106,-1.947,45.89,0.246,-0.438,0.000,0.000,0.000,0.000,0.00,10.77567059,106.67092619,10.51,"10°46'32.41""N, 106°40'15.33""E",FIX,
13:04:43.176,1786169083.177,PATH_FOLLOWING,11.058,-0.124,-1.985,37.36,0.248,-0.326,0.000,0.000,0.000,0.000,0.00,10.77567059,106.67092619,10.51,"10°46'32.41""N, 106°40'15.33""E",FIX,
13:04:43.264,1786169083.264,PATH_FOLLOWING,11.054,-0.133,-1.999,33.58,0.248,-0.284,0.000,0.000,0.000,0.000,0.00,10.77567059,106.67092619,10.51,"10°46'32.41""N, 106°40'15.33""E",FIX,
13:04:43.367,1786169083.367,PATH_FOLLOWING,11.045,-0.151,-2.023,60.74,0.239,-0.736,0.000,0.000,0.000,0.000,0.00,10.77567048,106.67092628,10.51,"10°46'32.41""N, 106°40'15.33""E",FIX,
13:04:43.453,1786169083.454,PATH_FOLLOWING,11.039,-0.164,-2.058,56.22,0.242,-0.624,0.000,0.000,0.000,0.000,0.00,10.77567048,106.67092628,10.51,"10°46'32.41""N, 106°40'15.33""E",FIX,
13:04:43.556,1786169083.557,PATH_FOLLOWING,11.032,-0.177,-2.098,49.58,0.245,-0.496,0.000,0.000,0.000,0.000,0.00,10.77567048,106.67092628,10.51,"10°46'32.41""N, 106°40'15.33""E",FIX,
13:04:43.651,1786169083.651,PATH_FOLLOWING,11.024,-0.189,-2.131,42.39,0.247,-0.389,0.000,0.000,0.000,0.000,0.00,10.77567033,106.67092637,10.51,"10°46'32.41""N, 106°40'15.33""E",FIX,
13:04:43.744,1786169083.745,PATH_FOLLOWING,11.013,-0.206,-2.166,32.85,0.248,-0.277,0.000,0.000,0.000,0.000,0.00,10.77567033,106.67092637,10.51,"10°46'32.41""N, 106°40'15.33""E",FIX,
13:04:43.822,1786169083.823,PATH_FOLLOWING,11.005,-0.218,-2.185,26.62,0.249,-0.215,0.000,0.000,0.000,0.000,0.00,10.77567033,106.67092637,10.51,"10°46'32.41""N, 106°40'15.33""E",FIX,
13:04:43.911,1786169083.911,PATH_FOLLOWING,10.993,-0.234,-2.203,19.84,0.250,-0.155,0.000,0.000,0.000,0.000,0.00,10.77567018,106.67092645,10.51,"10°46'32.41""N, 106°40'15.34""E",FIX,
13:04:44.007,1786169084.007,PATH_FOLLOWING,10.984,-0.246,-2.213,15.93,0.250,-0.123,0.000,0.000,0.000,0.000,0.00,10.77567018,106.67092645,10.51,"10°46'32.41""N, 106°40'15.34""E",FIX,
13:04:44.082,1786169084.083,PATH_FOLLOWING,10.975,-0.258,-2.222,12.61,0.250,-0.096,0.000,0.000,0.000,0.000,0.00,10.77567018,106.67092645,10.51,"10°46'32.41""N, 106°40'15.34""E",FIX,
13:04:44.162,1786169084.162,PATH_FOLLOWING,10.963,-0.274,-2.230,9.20,0.250,-0.070,0.000,0.000,0.000,0.000,0.00,10.77567001,106.67092653,10.51,"10°46'32.41""N, 106°40'15.34""E",FIX,
13:04:44.251,1786169084.252,PATH_FOLLOWING,10.954,-0.286,-2.234,7.36,0.250,-0.056,0.000,0.000,0.000,0.000,0.00,10.77567001,106.67092653,10.51,"10°46'32.41""N, 106°40'15.34""E",FIX,
13:04:44.344,1786169084.344,PATH_FOLLOWING,10.945,-0.298,-2.238,5.87,0.250,-0.044,0.000,0.000,0.000,0.000,0.00,10.77567001,106.67092653,10.51,"10°46'32.41""N, 106°40'15.34""E",FIX,
13:04:44.459,1786169084.459,PATH_FOLLOWING,10.935,-0.309,-2.241,4.65,0.250,-0.035,0.000,0.000,0.000,0.000,0.00,10.77566981,106.67092660,10.51,"10°46'32.41""N, 106°40'15.34""E",FIX,
13:04:44.548,1786169084.548,PATH_FOLLOWING,10.923,-0.325,-2.244,3.33,0.250,-0.025,0.000,0.000,0.000,0.000,0.00,10.77566981,106.67092660,10.51,"10°46'32.41""N, 106°40'15.34""E",FIX,
13:04:44.614,1786169084.615,PATH_FOLLOWING,10.913,-0.337,-2.246,2.60,0.250,-0.020,0.000,0.000,0.000,0.000,0.00,10.77566981,106.67092660,10.51,"10°46'32.41""N, 106°40'15.34""E",FIX,
13:04:44.704,1786169084.705,PATH_FOLLOWING,10.904,-0.349,-2.247,2.08,0.250,-0.016,0.000,0.000,0.000,0.000,0.00,10.77566961,106.67092668,10.51,"10°46'32.41""N, 106°40'15.34""E",FIX,
13:04:44.805,1786169084.806,PATH_FOLLOWING,10.895,-0.360,-2.248,1.66,0.250,-0.013,0.000,0.000,0.000,0.000,0.00,10.77566961,106.67092668,10.51,"10°46'32.41""N, 106°40'15.34""E",FIX,
13:04:44.915,1786169084.916,PATH_FOLLOWING,10.879,-0.380,-2.249,1.11,0.250,-0.008,0.000,0.000,0.000,0.000,0.00,10.77566940,106.67092675,10.51,"10°46'32.41""N, 106°40'15.34""E",FIX,
13:04:44.985,1786169084.985,PATH_FOLLOWING,10.873,-0.387,-2.250,0.95,0.250,-0.007,0.000,0.000,0.000,0.000,0.00,10.77566940,106.67092675,10.51,"10°46'32.41""N, 106°40'15.34""E",FIX,
13:04:45.087,1786169085.087,PATH_FOLLOWING,10.863,-0.399,-2.250,0.76,0.250,-0.006,0.000,0.000,0.000,0.000,0.00,10.77566940,106.67092675,10.51,"10°46'32.41""N, 106°40'15.34""E",FIX,
13:04:45.178,1786169085.179,PATH_FOLLOWING,10.851,-0.415,-2.251,0.56,0.250,-0.004,0.000,0.000,0.000,0.000,0.00,10.77566940,106.67092675,10.51,"10°46'32.41""N, 106°40'15.34""E",FIX,
13:04:45.267,1786169085.267,PATH_FOLLOWING,10.841,-0.426,-2.251,0.45,0.250,-0.003,0.000,0.000,0.000,0.000,0.00,10.77566919,106.67092683,10.51,"10°46'32.41""N, 106°40'15.34""E",FIX,
13:04:45.337,1786169085.337,PATH_FOLLOWING,10.832,-0.438,-2.251,0.36,0.250,-0.003,0.000,0.000,0.000,0.000,0.00,10.77566919,106.67092683,10.51,"10°46'32.41""N, 106°40'15.34""E",FIX,
13:04:45.423,1786169085.423,PATH_FOLLOWING,10.819,-0.454,-2.251,0.26,0.250,-0.002,0.000,0.000,0.000,0.000,0.00,10.77566919,106.67092683,10.51,"10°46'32.41""N, 106°40'15.34""E",FIX,
13:04:45.489,1786169085.490,PATH_FOLLOWING,10.810,-0.465,-2.251,0.21,0.250,-0.002,0.000,0.000,0.000,0.000,0.00,10.77566897,106.67092690,10.51,"10°46'32.41""N, 106°40'15.34""E",FIX,
13:04:45.600,1786169085.600,PATH_FOLLOWING,10.800,-0.477,-2.252,0.17,0.250,-0.001,0.000,0.000,0.000,0.000,0.00,10.77566897,106.67092690,10.51,"10°46'32.41""N, 106°40'15.34""E",FIX,
13:04:45.670,1786169085.671,PATH_FOLLOWING,10.788,-0.492,-2.252,0.13,0.250,-0.001,0.000,0.000,0.000,0.000,0.00,10.77566897,106.67092690,10.51,"10°46'32.41""N, 106°40'15.34""E",FIX,
13:04:45.771,1786169085.772,PATH_FOLLOWING,10.775,-0.508,-2.252,0.10,0.250,-0.001,0.000,0.000,0.000,0.000,0.00,10.77566876,106.67092698,10.51,"10°46'32.41""N, 106°40'15.34""E",FIX,
13:04:45.841,1786169085.841,PATH_FOLLOWING,10.769,-0.516,-2.252,0.08,0.250,-0.001,0.000,0.000,0.000,0.000,0.00,10.77566876,106.67092698,10.51,"10°46'32.41""N, 106°40'15.34""E",FIX,
13:04:45.919,1786169085.919,PATH_FOLLOWING,10.756,-0.531,-2.252,0.06,0.250,-0.000,0.000,0.000,0.000,0.000,0.00,10.77566876,106.67092698,10.51,"10°46'32.41""N, 106°40'15.34""E",FIX,
13:04:46.002,1786169086.003,PATH_FOLLOWING,10.747,-0.543,-2.252,0.05,0.250,-0.000,0.000,0.000,0.000,0.000,0.00,10.77566855,106.67092705,10.51,"10°46'32.41""N, 106°40'15.34""E",FIX,
13:04:46.106,1786169086.106,PATH_FOLLOWING,10.737,-0.555,-2.252,0.04,0.250,-0.000,0.000,0.000,0.000,0.000,0.00,10.77566855,106.67092705,10.51,"10°46'32.41""N, 106°40'15.34""E",FIX,
13:04:46.226,1786169086.227,PATH_FOLLOWING,10.725,-0.570,-2.252,0.03,0.250,-0.000,0.000,0.000,0.000,0.000,0.00,10.77566855,106.67092705,10.51,"10°46'32.41""N, 106°40'15.34""E",FIX,
13:04:46.333,1786169086.333,PATH_FOLLOWING,10.715,-0.582,-2.252,0.03,0.250,-0.000,0.000,0.000,0.000,0.000,0.00,10.77566833,106.67092713,10.51,"10°46'32.41""N, 106°40'15.34""E",FIX,
13:04:46.403,1786169086.403,PATH_FOLLOWING,10.706,-0.593,-2.252,0.02,0.250,-0.000,0.000,0.000,0.000,0.000,0.00,10.77566833,106.67092713,10.51,"10°46'32.41""N, 106°40'15.34""E",FIX,
13:04:46.480,1786169086.481,PATH_FOLLOWING,10.693,-0.609,-2.252,0.02,0.250,-0.000,0.000,0.000,0.000,0.000,0.00,10.77566833,106.67092713,10.51,"10°46'32.41""N, 106°40'15.34""E",FIX,
13:04:46.575,1786169086.575,PATH_FOLLOWING,10.684,-0.621,-2.252,0.00,0.000,0.000,0.000,0.000,0.000,0.000,0.00,10.77566812,106.67092720,10.51,"10°46'32.41""N, 106°40'15.34""E",FIX,
13:04:46.655,1786169086.655,UTURN_EXECUTION,10.682,-0.623,-2.252,73.97,0.250,-1.500,0.000,0.000,0.000,0.000,0.00,10.77566812,106.67092720,10.51,"10°46'32.41""N, 106°40'15.34""E",FIX,
13:04:46.743,1786169086.743,UTURN_EXECUTION,10.675,-0.632,-2.319,73.97,0.250,-1.500,0.000,0.000,0.000,0.000,0.00,10.77566812,106.67092720,10.51,"10°46'32.41""N, 106°40'15.34""E",FIX,
13:04:46.825,1786169086.825,UTURN_EXECUTION,10.660,-0.645,-2.439,73.97,0.250,-1.500,0.000,0.000,0.000,0.000,0.00,10.77566797,106.67092725,10.51,"10°46'32.40""N, 106°40'15.34""E",FIX,
13:04:46.923,1786169086.923,UTURN_EXECUTION,10.648,-0.655,-2.529,73.97,0.250,-1.500,0.000,0.000,0.000,0.000,0.00,10.77566797,106.67092725,10.51,"10°46'32.40""N, 106°40'15.34""E",FIX,
13:04:46.995,1786169086.995,UTURN_EXECUTION,10.636,-0.663,-2.619,73.97,0.250,-1.500,0.000,0.000,0.000,0.000,0.00,10.77566797,106.67092725,10.51,"10°46'32.40""N, 106°40'15.34""E",FIX,
13:04:47.062,1786169087.063,UTURN_EXECUTION,10.622,-0.670,-2.709,73.97,0.250,-1.500,0.000,0.000,0.000,0.000,0.00,10.77566787,106.67092731,10.51,"10°46'32.40""N, 106°40'15.34""E",FIX,
13:04:47.146,1786169087.147,UTURN_EXECUTION,10.604,-0.677,-2.829,73.97,0.250,-1.500,0.000,0.000,0.000,0.000,0.00,10.77566787,106.67092731,10.51,"10°46'32.40""N, 106°40'15.34""E",FIX,
13:04:47.220,1786169087.221,UTURN_EXECUTION,10.589,-0.681,-2.919,73.97,0.250,-1.500,0.000,0.000,0.000,0.000,0.00,10.77566787,106.67092731,10.51,"10°46'32.40""N, 106°40'15.34""E",FIX,
13:04:47.307,1786169087.307,UTURN_EXECUTION,10.574,-0.683,-3.009,73.97,0.250,-1.500,0.000,0.000,0.000,0.000,0.00,10.77566777,106.67092735,10.51,"10°46'32.40""N, 106°40'15.34""E",FIX,
13:04:47.406,1786169087.406,UTURN_EXECUTION,10.554,-0.685,-3.129,73.97,0.250,-1.500,0.000,0.000,0.000,0.000,0.00,10.77566777,106.67092735,10.51,"10°46'32.40""N, 106°40'15.34""E",FIX,
13:04:47.518,1786169087.518,UTURN_EXECUTION,10.539,-0.684,3.064,73.97,0.250,-1.500,0.000,0.000,0.000,0.000,0.00,10.77566777,106.67092735,10.51,"10°46'32.40""N, 106°40'15.34""E",FIX,
13:04:47.600,1786169087.600,UTURN_EXECUTION,10.525,-0.683,2.974,73.97,0.250,-1.500,0.000,0.000,0.000,0.000,0.00,10.77566766,106.67092739,10.51,"10°46'32.40""N, 106°40'15.34""E",FIX,
13:04:47.682,1786169087.683,UTURN_EXECUTION,10.505,-0.678,2.854,73.97,0.250,-1.500,0.000,0.000,0.000,0.000,0.00,10.77566766,106.67092739,10.51,"10°46'32.40""N, 106°40'15.34""E",FIX,
13:04:47.736,1786169087.737,UTURN_EXECUTION,10.496,-0.675,2.794,73.97,0.250,-1.500,0.000,0.000,0.000,0.000,0.00,10.77566766,106.67092739,10.51,"10°46'32.40""N, 106°40'15.34""E",FIX,
13:04:47.864,1786169087.864,UTURN_EXECUTION,10.477,-0.667,2.674,73.97,0.250,-1.500,0.000,0.000,0.000,0.000,0.00,10.77566756,106.67092741,10.51,"10°46'32.40""N, 106°40'15.34""E",FIX,
13:04:47.949,1786169087.950,UTURN_EXECUTION,10.460,-0.657,2.554,73.97,0.250,-1.500,0.000,0.000,0.000,0.000,0.00,10.77566756,106.67092741,10.51,"10°46'32.40""N, 106°40'15.34""E",FIX,
13:04:48.028,1786169088.029,UTURN_EXECUTION,10.448,-0.648,2.464,73.97,0.250,-1.500,0.000,0.000,0.000,0.000,0.00,10.77566756,106.67092741,10.51,"10°46'32.40""N, 106°40'15.34""E",FIX,
13:04:48.097,1786169088.097,UTURN_EXECUTION,10.437,-0.638,2.374,73.97,0.250,-1.500,0.000,0.000,0.000,0.000,0.00,10.77566745,106.67092743,10.51,"10°46'32.40""N, 106°40'15.34""E",FIX,
13:04:48.190,1786169088.191,UTURN_EXECUTION,10.423,-0.623,2.254,73.97,0.250,-1.500,0.000,0.000,0.000,0.000,0.00,10.77566745,106.67092743,10.51,"10°46'32.40""N, 106°40'15.34""E",FIX,
13:04:48.272,1786169088.273,UTURN_EXECUTION,10.417,-0.615,2.194,73.97,0.250,-1.500,0.000,0.000,0.000,0.000,0.00,10.77566745,106.67092743,10.51,"10°46'32.40""N, 106°40'15.34""E",FIX,
13:04:48.378,1786169088.378,UTURN_EXECUTION,10.406,-0.599,2.074,73.97,0.250,-1.500,0.000,0.000,0.000,0.000,0.00,10.77566735,106.67092744,10.51,"10°46'32.40""N, 106°40'15.34""E",FIX,
13:04:48.478,1786169088.479,UTURN_EXECUTION,10.400,-0.585,1.984,73.97,0.250,-1.500,0.000,0.000,0.000,0.000,0.00,10.77566735,106.67092744,10.51,"10°46'32.40""N, 106°40'15.34""E",FIX,
13:04:48.539,1786169088.540,UTURN_EXECUTION,10.393,-0.566,1.864,73.97,0.250,-1.500,0.000,0.000,0.000,0.000,0.00,10.77566735,106.67092744,10.51,"10°46'32.40""N, 106°40'15.34""E",FIX,
13:04:48.630,1786169088.630,UTURN_EXECUTION,10.390,-0.557,1.804,73.97,0.250,-1.500,0.000,0.000,0.000,0.000,0.00,10.77566725,106.67092745,10.51,"10°46'32.40""N, 106°40'15.34""E",FIX,
13:04:48.727,1786169088.728,UTURN_EXECUTION,10.386,-0.532,1.654,73.97,0.250,-1.500,0.000,0.000,0.000,0.000,0.00,10.77566725,106.67092745,10.51,"10°46'32.40""N, 106°40'15.34""E",FIX,
13:04:48.787,1786169088.787,UTURN_EXECUTION,10.386,-0.522,1.594,73.97,0.250,-1.500,0.000,0.000,0.000,0.000,0.00,10.77566725,106.67092745,10.51,"10°46'32.40""N, 106°40'15.34""E",FIX,
13:04:48.895,1786169088.895,UTURN_EXECUTION,10.387,-0.502,1.474,73.97,0.250,-1.500,0.000,0.000,0.000,0.000,0.00,10.77566714,106.67092746,10.51,"10°46'32.40""N, 106°40'15.34""E",FIX,
13:04:48.993,1786169088.994,UTURN_EXECUTION,10.389,-0.487,1.384,73.97,0.250,-1.500,0.000,0.000,0.000,0.000,0.00,10.77566714,106.67092746,10.51,"10°46'32.40""N, 106°40'15.34""E",FIX,
13:04:49.065,1786169089.066,UTURN_EXECUTION,10.392,-0.473,1.294,73.97,0.250,-1.500,0.000,0.000,0.000,0.000,0.00,10.77566714,106.67092746,10.51,"10°46'32.40""N, 106°40'15.34""E",FIX,
13:04:49.162,1786169089.162,UTURN_EXECUTION,10.397,-0.458,1.204,73.97,0.250,-1.500,0.000,0.000,0.000,0.000,0.00,10.77566704,106.67092746,10.51,"10°46'32.40""N, 106°40'15.34""E",FIX,
13:04:49.282,1786169089.282,UTURN_EXECUTION,10.405,-0.440,1.084,73.97,0.250,-1.500,0.000,0.000,0.000,0.000,0.00,10.77566704,106.67092746,10.51,"10°46'32.40""N, 106°40'15.34""E",FIX,
13:04:49.361,1786169089.362,UTURN_EXECUTION,10.413,-0.427,0.994,73.97,0.250,-1.500,0.000,0.000,0.000,0.000,0.00,10.77566704,106.67092746,10.51,"10°46'32.40""N, 106°40'15.34""E",FIX,
13:04:49.467,1786169089.468,UTURN_EXECUTION,10.422,-0.415,0.904,73.97,0.250,-1.500,0.000,0.000,0.000,0.000,0.00,10.77566693,106.67092747,10.51,"10°46'32.40""N, 106°40'15.34""E",FIX,
13:04:49.566,1786169089.566,UTURN_EXECUTION,10.431,-0.404,0.814,73.97,0.250,-1.500,0.000,0.000,0.000,0.000,0.00,10.77566693,106.67092747,10.51,"10°46'32.40""N, 106°40'15.34""E",FIX,
13:04:49.664,1786169089.665,UTURN_EXECUTION,10.446,-0.390,0.694,73.97,0.250,-1.500,0.000,0.000,0.000,0.000,0.00,10.77566693,106.67092747,10.51,"10°46'32.40""N, 106°40'15.34""E",FIX,
13:04:49.753,1786169089.753,UTURN_EXECUTION,10.458,-0.381,0.604,73.97,0.250,-1.500,0.000,0.000,0.000,0.000,0.00,10.77566683,106.67092747,10.51,"10°46'32.40""N, 106°40'15.34""E",FIX,
13:04:49.839,1786169089.840,UTURN_EXECUTION,10.475,-0.371,0.484,73.97,0.250,-1.500,0.000,0.000,0.000,0.000,0.00,10.77566683,106.67092747,10.51,"10°46'32.40""N, 106°40'15.34""E",FIX,
13:04:49.939,1786169089.939,UTURN_EXECUTION,10.489,-0.364,0.394,73.97,0.250,-1.500,0.000,0.000,0.000,0.000,0.00,10.77566683,106.67092747,10.51,"10°46'32.40""N, 106°40'15.34""E",FIX,
13:04:50.002,1786169090.003,UTURN_EXECUTION,10.503,-0.359,0.304,73.97,0.250,-1.500,0.000,0.000,0.000,0.000,0.00,10.77566673,106.67092747,10.51,"10°46'32.40""N, 106°40'15.34""E",FIX,
13:04:50.099,1786169090.100,UTURN_EXECUTION,10.517,-0.355,0.214,73.97,0.250,-1.500,0.000,0.000,0.000,0.000,0.00,10.77566673,106.67092747,10.51,"10°46'32.40""N, 106°40'15.34""E",FIX,
13:04:50.185,1786169090.186,UTURN_EXECUTION,10.532,-0.353,0.124,73.97,0.250,-1.500,0.000,0.000,0.000,0.000,0.00,10.77566673,106.67092747,10.51,"10°46'32.40""N, 106°40'15.34""E",FIX,
13:04:50.306,1786169090.306,UTURN_EXECUTION,10.552,-0.352,0.004,73.97,0.250,-1.500,0.000,0.000,0.000,0.000,0.00,10.77566662,106.67092747,10.51,"10°46'32.40""N, 106°40'15.34""E",FIX,
13:04:50.388,1786169090.388,UTURN_EXECUTION,10.567,-0.352,-0.086,73.97,0.250,-1.500,0.000,0.000,0.000,0.000,0.00,10.77566662,106.67092747,10.51,"10°46'32.40""N, 106°40'15.34""E",FIX,
13:04:50.471,1786169090.472,UTURN_EXECUTION,10.587,-0.355,-0.206,73.97,0.250,-1.500,0.000,0.000,0.000,0.000,0.00,10.77566662,106.67092747,10.51,"10°46'32.40""N, 106°40'15.34""E",FIX,
13:04:50.579,1786169090.579,UTURN_EXECUTION,10.596,-0.357,-0.266,73.97,0.250,-1.500,0.000,0.000,0.000,0.000,0.00,10.77566662,106.67092747,10.51,"10°46'32.40""N, 106°40'15.34""E",FIX,
13:04:50.687,1786169090.687,UTURN_EXECUTION,10.620,-0.366,-0.416,73.97,0.250,-1.500,0.000,0.000,0.000,0.000,0.00,10.77566652,106.67092747,10.51,"10°46'32.40""N, 106°40'15.34""E",FIX,
13:04:50.747,1786169090.748,UTURN_EXECUTION,10.629,-0.370,-0.476,73.97,0.250,-1.500,0.000,0.000,0.000,0.000,0.00,10.77566652,106.67092747,10.51,"10°46'32.40""N, 106°40'15.34""E",FIX,
13:04:50.853,1786169090.853,UTURN_EXECUTION,10.646,-0.380,-0.596,73.97,0.250,-1.500,0.000,0.000,0.000,0.000,0.00,10.77566641,106.67092747,10.51,"10°46'32.40""N, 106°40'15.34""E",FIX,
13:04:50.934,1786169090.934,UTURN_EXECUTION,10.658,-0.389,-0.686,73.97,0.250,-1.500,0.000,0.000,0.000,0.000,0.00,10.77566641,106.67092747,10.51,"10°46'32.40""N, 106°40'15.34""E",FIX,
13:04:51.023,1786169091.023,UTURN_EXECUTION,10.669,-0.399,-0.776,73.97,0.250,-1.500,0.000,0.000,0.000,0.000,0.00,10.77566641,106.67092747,10.51,"10°46'32.40""N, 106°40'15.34""E",FIX,
13:04:51.089,1786169091.089,UTURN_EXECUTION,10.679,-0.410,-0.866,73.97,0.250,-1.500,0.000,0.000,0.000,0.000,0.00,10.77566641,106.67092747,10.51,"10°46'32.40""N, 106°40'15.34""E",FIX,
13:04:51.185,1786169091.185,UTURN_EXECUTION,10.691,-0.426,-0.986,73.97,0.250,-1.500,0.000,0.000,0.000,0.000,0.00,10.77566631,106.67092747,10.51,"10°46'32.40""N, 106°40'15.34""E",FIX,
13:04:51.265,1786169091.266,UTURN_EXECUTION,10.699,-0.439,-1.076,73.97,0.250,-1.500,0.000,0.000,0.000,0.000,0.00,10.77566631,106.67092747,10.51,"10°46'32.40""N, 106°40'15.34""E",FIX,
13:04:51.378,1786169091.378,UTURN_EXECUTION,10.708,-0.457,-1.196,73.97,0.250,-1.500,0.000,0.000,0.000,0.000,0.00,10.77566621,106.67092747,10.51,"10°46'32.40""N, 106°40'15.34""E",FIX,
13:04:51.453,1786169091.453,UTURN_EXECUTION,10.712,-0.471,-1.286,73.97,0.250,-1.500,0.000,0.000,0.000,0.000,0.00,10.77566621,106.67092747,10.51,"10°46'32.40""N, 106°40'15.34""E",FIX,
13:04:51.561,1786169091.561,UTURN_EXECUTION,10.716,-0.486,-1.376,73.97,0.250,-1.500,0.000,0.000,0.000,0.000,0.00,10.77566621,106.67092747,10.51,"10°46'32.40""N, 106°40'15.34""E",FIX,
13:04:51.650,1786169091.650,UTURN_EXECUTION,10.719,-0.506,-1.496,73.97,0.250,-1.500,0.000,0.000,0.000,0.000,0.00,10.77566610,106.67092747,10.51,"10°46'32.40""N, 106°40'15.34""E",FIX,
13:04:51.731,1786169091.732,UTURN_EXECUTION,10.719,-0.521,-1.586,73.97,0.250,-1.500,0.000,0.000,0.000,0.000,0.00,10.77566610,106.67092747,10.51,"10°46'32.40""N, 106°40'15.34""E",FIX,
13:04:51.811,1786169091.811,UTURN_EXECUTION,10.718,-0.536,-1.676,73.97,0.250,-1.500,0.000,0.000,0.000,0.000,0.00,10.77566610,106.67092747,10.51,"10°46'32.40""N, 106°40'15.34""E",FIX,
13:04:51.914,1786169091.914,UTURN_EXECUTION,10.715,-0.555,-1.796,73.97,0.250,-1.500,0.000,0.000,0.000,0.000,0.00,10.77566600,106.67092747,10.51,"10°46'32.40""N, 106°40'15.34""E",FIX,
13:04:51.981,1786169091.981,UTURN_EXECUTION,10.711,-0.570,-1.886,73.97,0.250,-1.500,0.000,0.000,0.000,0.000,0.00,10.77566600,106.67092747,10.51,"10°46'32.40""N, 106°40'15.34""E",FIX,
13:04:52.073,1786169092.073,UTURN_EXECUTION,10.706,-0.584,-1.976,73.97,0.250,-1.500,0.000,0.000,0.000,0.000,0.00,10.77566600,106.67092747,10.51,"10°46'32.40""N, 106°40'15.34""E",FIX,
13:04:52.186,1786169092.187,UTURN_EXECUTION,10.697,-0.602,-2.096,73.97,0.250,-1.500,0.000,0.000,0.000,0.000,0.00,10.77566590,106.67092747,10.51,"10°46'32.40""N, 106°40'15.34""E",FIX,
13:04:52.270,1786169092.270,UTURN_EXECUTION,10.691,-0.610,-2.156,73.97,0.250,-1.500,0.000,0.000,0.000,0.000,0.00,10.77566590,106.67092747,10.51,"10°46'32.40""N, 106°40'15.34""E",FIX,
13:04:52.364,1786169092.365,UTURN_EXECUTION,10.679,-0.626,-2.276,73.97,0.250,-1.500,0.000,0.000,0.000,0.000,0.00,10.77566590,106.67092747,10.51,"10°46'32.40""N, 106°40'15.34""E",FIX,
13:04:52.461,1786169092.461,UTURN_EXECUTION,10.665,-0.641,-2.396,73.97,0.250,-1.500,0.000,0.000,0.000,0.000,0.00,10.77566579,106.67092747,10.51,"10°46'32.40""N, 106°40'15.34""E",FIX,
13:04:52.559,1786169092.559,UTURN_EXECUTION,10.658,-0.647,-2.456,73.97,0.250,-1.500,0.000,0.000,0.000,0.000,0.00,10.77566579,106.67092747,10.51,"10°46'32.40""N, 106°40'15.34""E",FIX,
13:04:52.645,1786169092.646,UTURN_EXECUTION,10.642,-0.659,-2.576,73.97,0.250,-1.500,0.000,0.000,0.000,0.000,0.00,10.77566579,106.67092747,10.51,"10°46'32.40""N, 106°40'15.34""E",FIX,
13:04:52.732,1786169092.732,UTURN_EXECUTION,10.629,-0.666,-2.666,73.97,0.250,-1.500,0.000,0.000,0.000,0.000,0.00,10.77566579,106.67092747,10.51,"10°46'32.40""N, 106°40'15.34""E",FIX,
13:04:52.816,1786169092.817,UTURN_EXECUTION,10.615,-0.673,-2.756,73.97,0.250,-1.500,0.000,0.000,0.000,0.000,0.00,10.77566569,106.67092747,10.51,"10°46'32.40""N, 106°40'15.34""E",FIX,
13:04:52.911,1786169092.911,UTURN_EXECUTION,10.596,-0.679,-2.876,73.97,0.250,-1.500,0.000,0.000,0.000,0.000,0.00,10.77566569,106.67092747,10.51,"10°46'32.40""N, 106°40'15.34""E",FIX,
13:04:52.983,1786169092.984,UTURN_EXECUTION,10.582,-0.682,-2.966,73.97,0.250,-1.500,0.000,0.000,0.000,0.000,0.00,10.77566569,106.67092747,10.51,"10°46'32.40""N, 106°40'15.34""E",FIX,
13:04:53.068,1786169093.068,UTURN_EXECUTION,10.567,-0.684,-3.056,73.97,0.250,-1.500,0.000,0.000,0.000,0.000,0.00,10.77566558,106.67092747,10.51,"10°46'32.40""N, 106°40'15.34""E",FIX,
13:04:53.161,1786169093.161,UTURN_EXECUTION,10.552,-0.685,3.137,73.97,0.250,-1.500,0.000,0.000,0.000,0.000,0.00,10.77566558,106.67092747,10.51,"10°46'32.40""N, 106°40'15.34""E",FIX,
13:04:53.259,1786169093.259,UTURN_EXECUTION,10.532,-0.684,3.017,73.97,0.250,-1.500,0.000,0.000,0.000,0.000,0.00,10.77566558,106.67092747,10.51,"10°46'32.40""N, 106°40'15.34""E",FIX,
13:04:53.329,1786169093.330,UTURN_EXECUTION,10.517,-0.681,2.927,73.97,0.250,-1.500,0.000,0.000,0.000,0.000,0.00,10.77566548,106.67092747,10.51,"10°46'32.40""N, 106°40'15.34""E",FIX,
13:04:53.430,1786169093.430,UTURN_EXECUTION,10.498,-0.676,2.807,73.97,0.250,-1.500,0.000,0.000,0.000,0.000,0.00,10.77566548,106.67092747,10.51,"10°46'32.40""N, 106°40'15.34""E",FIX,
13:04:53.508,1786169093.509,UTURN_EXECUTION,10.484,-0.670,2.717,73.97,0.250,-1.500,0.000,0.000,0.000,0.000,0.00,10.77566548,106.67092747,10.51,"10°46'32.40""N, 106°40'15.34""E",FIX,
13:04:53.606,1786169093.606,UTURN_EXECUTION,10.470,-0.663,2.627,73.97,0.250,-1.500,0.000,0.000,0.000,0.000,0.00,10.77566538,106.67092747,10.51,"10°46'32.40""N, 106°40'15.34""E",FIX,
13:04:53.698,1786169093.699,UTURN_EXECUTION,10.454,-0.652,2.507,73.97,0.250,-1.500,0.000,0.000,0.000,0.000,0.00,10.77566538,106.67092747,10.51,"10°46'32.40""N, 106°40'15.34""E",FIX,
13:04:53.787,1786169093.787,UTURN_EXECUTION,10.442,-0.643,2.417,73.97,0.250,-1.500,0.000,0.000,0.000,0.000,0.00,10.77566538,106.67092747,10.51,"10°46'32.40""N, 106°40'15.34""E",FIX,
13:04:53.866,1786169093.866,UTURN_EXECUTION,10.431,-0.633,2.327,73.97,0.250,-1.500,0.000,0.000,0.000,0.000,0.00,10.77566527,106.67092747,10.51,"10°46'32.39""N, 106°40'15.34""E",FIX,
13:04:53.952,1786169093.953,UTURN_EXECUTION,10.421,-0.621,2.237,73.97,0.250,-1.500,0.000,0.000,0.000,0.000,0.00,10.77566527,106.67092747,10.51,"10°46'32.39""N, 106°40'15.34""E",FIX,
13:04:54.040,1786169094.040,UTURN_EXECUTION,10.410,-0.605,2.117,73.97,0.250,-1.500,0.000,0.000,0.000,0.000,0.00,10.77566527,106.67092747,10.51,"10°46'32.39""N, 106°40'15.34""E",FIX,
13:04:54.119,1786169094.120,UTURN_EXECUTION,10.403,-0.592,2.027,73.97,0.250,-1.500,0.000,0.000,0.000,0.000,0.00,10.77566517,106.67092747,10.51,"10°46'32.39""N, 106°40'15.34""E",FIX,
13:04:54.215,1786169094.215,UTURN_EXECUTION,10.397,-0.578,1.937,73.97,0.250,-1.500,0.000,0.000,0.000,0.000,0.00,10.77566517,106.67092747,10.51,"10°46'32.39""N, 106°40'15.34""E",FIX,
13:04:54.317,1786169094.318,UTURN_EXECUTION,10.391,-0.559,1.817,73.97,0.250,-1.500,0.000,0.000,0.000,0.000,0.00,10.77566517,106.67092747,10.51,"10°46'32.39""N, 106°40'15.34""E",FIX,
13:04:54.390,1786169094.390,UTURN_EXECUTION,10.388,-0.544,1.727,73.97,0.250,-1.500,0.000,0.000,0.000,0.000,0.00,10.77566506,106.67092747,10.51,"10°46'32.39""N, 106°40'15.34""E",FIX,
13:04:54.470,1786169094.470,UTURN_EXECUTION,10.386,-0.529,1.637,73.97,0.250,-1.500,0.000,0.000,0.000,0.000,0.00,10.77566506,106.67092747,10.51,"10°46'32.39""N, 106°40'15.34""E",FIX,
13:04:54.575,1786169094.575,UTURN_EXECUTION,10.386,-0.514,1.547,73.97,0.250,-1.500,0.000,0.000,0.000,0.000,0.00,10.77566506,106.67092747,10.51,"10°46'32.39""N, 106°40'15.34""E",FIX,
13:04:54.673,1786169094.674,UTURN_EXECUTION,10.387,-0.499,1.457,73.97,0.250,-1.500,0.000,0.000,0.000,0.000,0.00,10.77566496,106.67092747,10.51,"10°46'32.39""N, 106°40'15.34""E",FIX,
13:04:54.806,1786169094.806,UTURN_EXECUTION,10.390,-0.480,1.337,73.97,0.250,-1.500,0.000,0.000,0.000,0.000,0.00,10.77566496,106.67092747,10.51,"10°46'32.39""N, 106°40'15.34""E",FIX,
13:04:54.885,1786169094.885,UTURN_EXECUTION,10.396,-0.460,1.217,73.97,0.250,-1.500,0.000,0.000,0.000,0.000,0.00,10.77566496,106.67092747,10.51,"10°46'32.39""N, 106°40'15.34""E",FIX,
13:04:54.969,1786169094.970,UTURN_EXECUTION,10.402,-0.447,1.127,73.97,0.250,-1.500,0.000,0.000,0.000,0.000,0.00,10.77566486,106.67092747,10.51,"10°46'32.39""N, 106°40'15.34""E",FIX,
13:04:55.072,1786169095.072,UTURN_EXECUTION,10.409,-0.433,1.037,73.97,0.250,-1.500,0.000,0.000,0.000,0.000,0.00,10.77566486,106.67092747,10.51,"10°46'32.39""N, 106°40'15.34""E",FIX,
13:04:55.143,1786169095.144,UTURN_EXECUTION,10.417,-0.421,0.947,73.97,0.250,-1.500,0.000,0.000,0.000,0.000,0.00,10.77566486,106.67092747,10.51,"10°46'32.39""N, 106°40'15.34""E",FIX,
13:04:55.230,1786169095.231,UTURN_EXECUTION,10.430,-0.405,0.827,73.97,0.250,-1.500,0.000,0.000,0.000,0.000,0.00,10.77566475,106.67092747,10.51,"10°46'32.39""N, 106°40'15.34""E",FIX,
13:04:55.322,1786169095.322,UTURN_EXECUTION,10.440,-0.395,0.737,73.97,0.250,-1.500,0.000,0.000,0.000,0.000,0.00,10.77566475,106.67092747,10.51,"10°46'32.39""N, 106°40'15.34""E",FIX,
13:04:55.398,1786169095.399,UTURN_EXECUTION,10.452,-0.385,0.647,73.97,0.250,-1.500,0.000,0.000,0.000,0.000,0.00,10.77566475,106.67092747,10.51,"10°46'32.39""N, 106°40'15.34""E",FIX,
13:04:55.515,1786169095.515,UTURN_EXECUTION,10.469,-0.374,0.527,73.97,0.250,-1.500,0.000,0.000,0.000,0.000,0.00,10.77566465,106.67092747,10.51,"10°46'32.39""N, 106°40'15.34""E",FIX,
13:04:55.619,1786169095.620,UTURN_EXECUTION,10.482,-0.367,0.437,73.97,0.250,-1.500,0.000,0.000,0.000,0.000,0.00,10.77566465,106.67092747,10.51,"10°46'32.39""N, 106°40'15.34""E",FIX,
13:04:55.700,1786169095.701,UTURN_EXECUTION,10.496,-0.361,0.347,73.97,0.250,-1.500,0.000,0.000,0.000,0.000,0.00,10.77566465,106.67092747,10.51,"10°46'32.39""N, 106°40'15.34""E",FIX,
13:04:55.778,1786169095.778,UTURN_EXECUTION,10.515,-0.356,0.227,73.97,0.250,-1.500,0.000,0.000,0.000,0.000,0.00,10.77566454,106.67092747,10.51,"10°46'32.39""N, 106°40'15.34""E",FIX,
13:04:55.866,1786169095.866,UTURN_EXECUTION,10.530,-0.353,0.137,73.97,0.250,-1.500,0.000,0.000,0.000,0.000,0.00,10.77566454,106.67092747,10.51,"10°46'32.39""N, 106°40'15.34""E",FIX,
13:04:55.958,1786169095.959,UTURN_EXECUTION,10.550,-0.352,0.017,73.97,0.250,-1.500,0.000,0.000,0.000,0.000,0.00,10.77566454,106.67092747,10.51,"10°46'32.39""N, 106°40'15.34""E",FIX,
13:04:56.017,1786169096.018,UTURN_EXECUTION,10.560,-0.352,-0.043,73.97,0.250,-1.500,0.000,0.000,0.000,0.000,0.00,10.77566444,106.67092747,10.51,"10°46'32.39""N, 106°40'15.34""E",FIX,
13:04:56.104,1786169096.104,UTURN_EXECUTION,10.580,-0.354,-0.163,73.97,0.250,-1.500,0.000,0.000,0.000,0.000,0.00,10.77566444,106.67092747,10.51,"10°46'32.39""N, 106°40'15.34""E",FIX,
13:04:56.182,1786169096.183,UTURN_EXECUTION,10.594,-0.357,-0.253,73.97,0.250,-1.500,0.000,0.000,0.000,0.000,0.00,10.77566444,106.67092747,10.51,"10°46'32.39""N, 106°40'15.34""E",FIX,
13:04:56.264,1786169096.265,UTURN_EXECUTION,10.613,-0.363,-0.373,73.97,0.250,-1.500,0.000,0.000,0.000,0.000,0.00,10.77566434,106.67092747,10.51,"10°46'32.39""N, 106°40'15.34""E",FIX,
13:04:56.354,1786169096.355,UTURN_EXECUTION,10.627,-0.369,-0.463,73.97,0.250,-1.500,0.000,0.000,0.000,0.000,0.00,10.77566434,106.67092747,10.51,"10°46'32.39""N, 106°40'15.34""E",FIX,
13:04:56.438,1786169096.438,UTURN_EXECUTION,10.644,-0.379,-0.583,73.97,0.250,-1.500,0.000,0.000,0.000,0.000,0.00,10.77566434,106.67092747,10.51,"10°46'32.39""N, 106°40'15.34""E",FIX,
13:04:56.504,1786169096.505,UTURN_EXECUTION,10.652,-0.385,-0.643,73.97,0.250,-1.500,0.000,0.000,0.000,0.000,0.00,10.77566423,106.67092747,10.51,"10°46'32.39""N, 106°40'15.34""E",FIX,
13:04:56.594,1786169096.594,UTURN_EXECUTION,10.664,-0.394,-0.733,73.97,0.250,-1.500,0.000,0.000,0.000,0.000,0.00,10.77566423,106.67092747,10.51,"10°46'32.39""N, 106°40'15.34""E",FIX,
13:04:56.672,1786169096.673,UTURN_EXECUTION,10.678,-0.409,-0.853,73.97,0.250,-1.500,0.000,0.000,0.000,0.000,0.00,10.77566423,106.67092747,10.51,"10°46'32.39""N, 106°40'15.34""E",FIX,
13:04:56.754,1786169096.754,UTURN_EXECUTION,10.687,-0.420,-0.943,73.97,0.250,-1.500,0.000,0.000,0.000,0.000,0.00,10.77566413,106.67092747,10.51,"10°46'32.39""N, 106°40'15.34""E",FIX,
13:04:56.875,1786169096.876,UTURN_EXECUTION,10.696,-0.433,-1.033,73.97,0.250,-1.500,0.000,0.000,0.000,0.000,0.00,10.77566413,106.67092747,10.51,"10°46'32.39""N, 106°40'15.34""E",FIX,
13:04:56.950,1786169096.951,UTURN_EXECUTION,10.705,-0.451,-1.153,73.97,0.250,-1.500,0.000,0.000,0.000,0.000,0.00,10.77566413,106.67092747,10.51,"10°46'32.39""N, 106°40'15.34""E",FIX,
13:04:57.021,1786169097.022,UTURN_EXECUTION,10.710,-0.465,-1.243,73.97,0.250,-1.500,0.000,0.000,0.000,0.000,0.00,10.77566402,106.67092747,10.51,"10°46'32.39""N, 106°40'15.34""E",FIX,
13:04:57.104,1786169097.105,UTURN_EXECUTION,10.716,-0.484,-1.363,73.97,0.250,-1.500,0.000,0.000,0.000,0.000,0.00,10.77566402,106.67092747,10.51,"10°46'32.39""N, 106°40'15.34""E",FIX,
13:04:57.184,1786169097.184,UTURN_EXECUTION,10.717,-0.494,-1.423,73.97,0.250,-1.500,0.000,0.000,0.000,0.000,0.00,10.77566402,106.67092747,10.51,"10°46'32.39""N, 106°40'15.34""E",FIX,
13:04:57.258,1786169097.259,UTURN_EXECUTION,10.719,-0.514,-1.543,73.97,0.250,-1.500,0.000,0.000,0.000,0.000,0.00,10.77566392,106.67092747,10.51,"10°46'32.39""N, 106°40'15.34""E",FIX,
13:04:57.345,1786169097.345,UTURN_EXECUTION,10.719,-0.529,-1.633,73.97,0.250,-1.500,0.000,0.000,0.000,0.000,0.00,10.77566392,106.67092747,10.51,"10°46'32.39""N, 106°40'15.34""E",FIX,
13:04:57.468,1786169097.469,UTURN_EXECUTION,10.717,-0.543,-1.723,73.97,0.250,-1.500,0.000,0.000,0.000,0.000,0.00,10.77566392,106.67092747,10.51,"10°46'32.39""N, 106°40'15.34""E",FIX,
13:04:57.538,1786169097.538,UTURN_EXECUTION,10.714,-0.558,-1.813,73.97,0.250,-1.500,0.000,0.000,0.000,0.000,0.00,10.77566382,106.67092747,10.51,"10°46'32.39""N, 106°40'15.34""E",FIX,
13:04:57.631,1786169097.632,UTURN_EXECUTION,10.708,-0.577,-1.933,73.97,0.250,-1.500,0.000,0.000,0.000,0.000,0.00,10.77566382,106.67092747,10.51,"10°46'32.39""N, 106°40'15.34""E",FIX,
13:04:57.704,1786169097.705,UTURN_EXECUTION,10.702,-0.591,-2.023,73.97,0.250,-1.500,0.000,0.000,0.000,0.000,0.00,10.77566382,106.67092747,10.51,"10°46'32.39""N, 106°40'15.34""E",FIX,
13:04:57.804,1786169097.804,UTURN_EXECUTION,10.693,-0.608,-2.143,73.97,0.250,-1.500,0.000,0.000,0.000,0.000,0.00,10.77566371,106.67092747,10.51,"10°46'32.39""N, 106°40'15.34""E",FIX,
13:04:57.904,1786169097.905,UTURN_EXECUTION,10.684,-0.621,-2.233,73.97,0.250,-1.500,0.000,0.000,0.000,0.000,0.00,10.77566371,106.67092747,10.51,"10°46'32.39""N, 106°40'15.34""E",FIX,
13:04:57.988,1786169097.988,UTURN_EXECUTION,10.674,-0.632,-2.323,73.97,0.250,-1.500,0.000,0.000,0.000,0.000,0.00,10.77566371,106.67092747,10.51,"10°46'32.39""N, 106°40'15.34""E",FIX,
13:04:58.079,1786169098.079,UTURN_EXECUTION,10.663,-0.643,-2.413,73.97,0.250,-1.500,0.000,0.000,0.000,0.000,0.00,10.77566361,106.67092747,10.51,"10°46'32.39""N, 106°40'15.34""E",FIX,
13:04:58.174,1786169098.174,UTURN_EXECUTION,10.648,-0.655,-2.533,73.97,0.250,-1.500,0.000,0.000,0.000,0.000,0.00,10.77566361,106.67092747,10.51,"10°46'32.39""N, 106°40'15.34""E",FIX,
13:04:58.244,1786169098.244,UTURN_EXECUTION,10.635,-0.663,-2.623,73.97,0.250,-1.500,0.000,0.000,0.000,0.000,0.00,10.77566361,106.67092747,10.51,"10°46'32.39""N, 106°40'15.34""E",FIX,
13:04:58.356,1786169098.356,UTURN_EXECUTION,10.622,-0.670,-2.713,73.97,0.250,-1.500,0.000,0.000,0.000,0.000,0.00,10.77566350,106.67092747,10.51,"10°46'32.39""N, 106°40'15.34""E",FIX,
13:04:58.468,1786169098.468,UTURN_EXECUTION,10.603,-0.677,-2.833,73.97,0.250,-1.500,0.000,0.000,0.000,0.000,0.00,10.77566350,106.67092747,10.51,"10°46'32.39""N, 106°40'15.34""E",FIX,
13:04:58.539,1786169098.539,UTURN_EXECUTION,10.589,-0.681,-2.923,73.97,0.250,-1.500,0.000,0.000,0.000,0.000,0.00,10.77566350,106.67092747,10.51,"10°46'32.39""N, 106°40'15.34""E",FIX,
13:04:58.670,1786169098.671,UTURN_EXECUTION,10.569,-0.684,-3.043,73.97,0.250,-1.500,0.000,0.000,0.000,0.000,0.00,10.77566340,106.67092747,10.51,"10°46'32.39""N, 106°40'15.34""E",FIX,
13:04:58.753,1786169098.753,UTURN_EXECUTION,10.559,-0.685,-3.103,73.97,0.250,-1.500,0.000,0.000,0.000,0.000,0.00,10.77566340,106.67092747,10.51,"10°46'32.39""N, 106°40'15.34""E",FIX,
13:04:58.900,1786169098.900,UTURN_EXECUTION,10.539,-0.684,3.060,73.97,0.250,-1.500,0.000,0.000,0.000,0.000,0.00,10.77566340,106.67092747,10.51,"10°46'32.39""N, 106°40'15.34""E",FIX,
13:04:58.960,1786169098.960,UTURN_EXECUTION,10.524,-0.682,2.970,73.97,0.250,-1.500,0.000,0.000,0.000,0.000,0.00,10.77566330,106.67092747,10.51,"10°46'32.39""N, 106°40'15.34""E",FIX,
13:04:59.072,1786169099.072,UTURN_EXECUTION,10.509,-0.679,2.880,73.97,0.250,-1.500,0.000,0.000,0.000,0.000,0.00,10.77566330,106.67092747,10.51,"10°46'32.39""N, 106°40'15.34""E",FIX,
13:04:59.154,1786169099.154,UTURN_EXECUTION,10.490,-0.673,2.760,73.97,0.250,-1.500,0.000,0.000,0.000,0.000,0.00,10.77566330,106.67092747,10.51,"10°46'32.39""N, 106°40'15.34""E",FIX,
13:04:59.239,1786169099.239,UTURN_EXECUTION,10.477,-0.667,2.670,73.97,0.250,-1.500,0.000,0.000,0.000,0.000,0.00,10.77566319,106.67092747,10.51,"10°46'32.39""N, 106°40'15.34""E",FIX,
13:04:59.323,1786169099.323,UTURN_EXECUTION,10.460,-0.657,2.550,73.97,0.250,-1.500,0.000,0.000,0.000,0.000,0.00,10.77566319,106.67092747,10.51,"10°46'32.39""N, 106°40'15.34""E",FIX,
13:04:59.413,1786169099.413,UTURN_EXECUTION,10.447,-0.648,2.460,73.97,0.250,-1.500,0.000,0.000,0.000,0.000,0.00,10.77566319,106.67092747,10.51,"10°46'32.39""N, 106°40'15.34""E",FIX,
13:04:59.529,1786169099.530,UTURN_EXECUTION,10.436,-0.638,2.370,73.97,0.250,-1.500,0.000,0.000,0.000,0.000,0.00,10.77566309,106.67092747,10.51,"10°46'32.39""N, 106°40'15.34""E",FIX,
13:04:59.620,1786169099.621,UTURN_EXECUTION,10.426,-0.627,2.280,73.97,0.250,-1.500,0.000,0.000,0.000,0.000,0.00,10.77566309,106.67092747,10.51,"10°46'32.39""N, 106°40'15.34""E",FIX,
13:04:59.719,1786169099.719,UTURN_EXECUTION,10.414,-0.611,2.160,73.97,0.250,-1.500,0.000,0.000,0.000,0.000,0.00,10.77566309,106.67092747,10.51,"10°46'32.39""N, 106°40'15.34""E",FIX,
13:04:59.814,1786169099.814,UTURN_EXECUTION,10.406,-0.598,2.070,73.97,0.250,-1.500,0.000,0.000,0.000,0.000,0.00,10.77566298,106.67092747,10.51,"10°46'32.39""N, 106°40'15.34""E",FIX,
13:04:59.908,1786169099.908,UTURN_EXECUTION,10.400,-0.585,1.980,73.97,0.250,-1.500,0.000,0.000,0.000,0.000,0.00,10.77566298,106.67092747,10.51,"10°46'32.39""N, 106°40'15.34""E",FIX,
13:05:00.006,1786169100.007,UTURN_EXECUTION,10.393,-0.566,1.860,73.97,0.250,-1.500,0.000,0.000,0.000,0.000,0.00,10.77566298,106.67092747,10.51,"10°46'32.39""N, 106°40'15.34""E",FIX,
13:05:00.100,1786169100.100,UTURN_EXECUTION,10.389,-0.551,1.770,73.97,0.250,-1.500,0.000,0.000,0.000,0.000,0.00,10.77566288,106.67092747,10.51,"10°46'32.39""N, 106°40'15.34""E",FIX,
13:05:00.162,1786169100.162,UTURN_EXECUTION,10.387,-0.536,1.680,73.97,0.250,-1.500,0.000,0.000,0.000,0.000,0.00,10.77566288,106.67092747,10.51,"10°46'32.39""N, 106°40'15.34""E",FIX,
13:05:00.233,1786169100.233,UTURN_EXECUTION,10.386,-0.521,1.590,73.97,0.250,-1.500,0.000,0.000,0.000,0.000,0.00,10.77566288,106.67092747,10.51,"10°46'32.39""N, 106°40'15.34""E",FIX,
13:05:00.322,1786169100.323,UTURN_EXECUTION,10.387,-0.501,1.470,73.97,0.250,-1.500,0.000,0.000,0.000,0.000,0.00,10.77566278,106.67092747,10.51,"10°46'32.39""N, 106°40'15.34""E",FIX,
13:05:00.414,1786169100.414,UTURN_EXECUTION,10.389,-0.487,1.380,73.97,0.250,-1.500,0.000,0.000,0.000,0.000,0.00,10.77566278,106.67092747,10.51,"10°46'32.39""N, 106°40'15.34""E",FIX,
13:05:00.498,1786169100.499,UTURN_EXECUTION,10.394,-0.467,1.260,73.97,0.250,-1.500,0.000,0.000,0.000,0.000,0.00,10.77566278,106.67092747,10.51,"10°46'32.39""N, 106°40'15.34""E",FIX,
13:05:00.578,1786169100.579,UTURN_EXECUTION,10.399,-0.453,1.170,73.97,0.250,-1.500,0.000,0.000,0.000,0.000,0.00,10.77566267,106.67092747,10.51,"10°46'32.39""N, 106°40'15.34""E",FIX,
13:05:00.658,1786169100.659,UTURN_EXECUTION,10.403,-0.444,1.110,73.97,0.250,-1.500,0.000,0.000,0.000,0.000,0.00,10.77566267,106.67092747,10.51,"10°46'32.39""N, 106°40'15.34""E",FIX,
13:05:00.793,1786169100.793,UTURN_EXECUTION,10.413,-0.427,0.990,73.97,0.250,-1.500,0.000,0.000,0.000,0.000,0.00,10.77566267,106.67092747,10.51,"10°46'32.39""N, 106°40'15.34""E",FIX,
13:05:00.882,1786169100.882,UTURN_EXECUTION,10.425,-0.411,0.870,73.97,0.250,-1.500,0.000,0.000,0.000,0.000,0.00,10.77566257,106.67092747,10.51,"10°46'32.39""N, 106°40'15.34""E",FIX,
13:05:00.959,1786169100.960,UTURN_EXECUTION,10.435,-0.400,0.780,73.97,0.250,-1.500,0.000,0.000,0.000,0.000,0.00,10.77566257,106.67092747,10.51,"10°46'32.39""N, 106°40'15.34""E",FIX,
13:05:01.062,1786169101.063,UTURN_EXECUTION,10.446,-0.390,0.690,73.97,0.250,-1.500,0.000,0.000,0.000,0.000,0.00,10.77566257,106.67092747,10.51,"10°46'32.39""N, 106°40'15.34""E",FIX,
13:05:01.154,1786169101.155,UTURN_EXECUTION,10.462,-0.378,0.570,73.97,0.250,-1.500,0.000,0.000,0.000,0.000,0.00,10.77566246,106.67092747,10.51,"10°46'32.38""N, 106°40'15.34""E",FIX,
13:05:01.238,1786169101.238,UTURN_EXECUTION,10.475,-0.370,0.480,73.97,0.250,-1.500,0.000,0.000,0.000,0.000,0.00,10.77566246,106.67092747,10.51,"10°46'32.38""N, 106°40'15.34""E",FIX,
13:05:01.306,1786169101.306,UTURN_EXECUTION,10.489,-0.364,0.390,73.97,0.250,-1.500,0.000,0.000,0.000,0.000,0.00,10.77566246,106.67092747,10.51,"10°46'32.38""N, 106°40'15.34""E",FIX,
13:05:01.396,1786169101.396,UTURN_EXECUTION,10.508,-0.358,0.270,73.97,0.250,-1.500,0.000,0.000,0.000,0.000,0.00,10.77566236,106.67092747,10.51,"10°46'32.38""N, 106°40'15.34""E",FIX,
13:05:01.479,1786169101.479,UTURN_EXECUTION,10.523,-0.354,0.180,73.97,0.250,-1.500,0.000,0.000,0.000,0.000,0.00,10.77566236,106.67092747,10.51,"10°46'32.38""N, 106°40'15.34""E",FIX,
13:05:01.568,1786169101.568,UTURN_EXECUTION,10.537,-0.352,0.090,73.97,0.250,-1.500,0.000,0.000,0.000,0.000,0.00,10.77566236,106.67092747,10.51,"10°46'32.38""N, 106°40'15.34""E",FIX,
13:05:01.681,1786169101.682,UTURN_EXECUTION,10.557,-0.352,-0.030,73.97,0.250,-1.500,0.000,0.000,0.000,0.000,0.00,10.77566226,106.67092747,10.51,"10°46'32.38""N, 106°40'15.34""E",FIX,
13:05:01.735,1786169101.735,UTURN_EXECUTION,10.567,-0.352,-0.090,73.97,0.250,-1.500,0.000,0.000,0.000,0.000,0.00,10.77566226,106.67092747,10.51,"10°46'32.38""N, 106°40'15.34""E",FIX,
13:05:01.844,1786169101.845,UTURN_EXECUTION,10.587,-0.355,-0.210,73.97,0.250,-1.500,0.000,0.000,0.000,0.000,0.00,10.77566226,106.67092747,10.51,"10°46'32.38""N, 106°40'15.34""E",FIX,
13:05:01.923,1786169101.923,UTURN_EXECUTION,10.602,-0.359,-0.300,73.97,0.250,-1.500,0.000,0.000,0.000,0.000,0.00,10.77566226,106.67092747,10.51,"10°46'32.38""N, 106°40'15.34""E",FIX,
13:05:02.021,1786169102.021,UTURN_EXECUTION,10.620,-0.366,-0.420,73.97,0.250,-1.500,0.000,0.000,0.000,0.000,0.00,10.77566215,106.67092747,10.51,"10°46'32.38""N, 106°40'15.34""E",FIX,
13:05:02.091,1786169102.092,UTURN_EXECUTION,10.634,-0.373,-0.510,73.97,0.250,-1.500,0.000,0.000,0.000,0.000,0.00,10.77566215,106.67092747,10.51,"10°46'32.38""N, 106°40'15.34""E",FIX,
13:05:02.209,1786169102.209,UTURN_EXECUTION,10.647,-0.381,-0.600,73.97,0.250,-1.500,0.000,0.000,0.000,0.000,0.00,10.77566215,106.67092747,10.51,"10°46'32.38""N, 106°40'15.34""E",FIX,
13:05:02.312,1786169102.312,UTURN_EXECUTION,10.659,-0.390,-0.690,73.97,0.250,-1.500,0.000,0.000,0.000,0.000,0.00,10.77566205,106.67092747,10.51,"10°46'32.38""N, 106°40'15.34""E",FIX,
13:05:02.424,1786169102.425,UTURN_EXECUTION,10.670,-0.400,-0.780,73.97,0.250,-1.500,0.000,0.000,0.000,0.000,0.00,10.77566205,106.67092747,10.51,"10°46'32.38""N, 106°40'15.34""E",FIX,
13:05:02.564,1786169102.564,UTURN_EXECUTION,10.683,-0.415,-0.900,73.97,0.250,-1.500,0.000,0.000,0.000,0.000,0.00,10.77566205,106.67092747,10.51,"10°46'32.38""N, 106°40'15.34""E",FIX,
13:05:02.672,1786169102.673,UTURN_EXECUTION,10.692,-0.427,-0.990,73.97,0.250,-1.500,0.000,0.000,0.000,0.000,0.00,10.77566194,106.67092747,10.51,"10°46'32.38""N, 106°40'15.34""E",FIX,
13:05:02.768,1786169102.768,UTURN_EXECUTION,10.699,-0.440,-1.080,73.97,0.250,-1.500,0.000,0.000,0.000,0.000,0.00,10.77566194,106.67092747,10.51,"10°46'32.38""N, 106°40'15.34""E",FIX,
13:05:02.866,1786169102.866,UTURN_EXECUTION,10.708,-0.458,-1.200,73.97,0.250,-1.500,0.000,0.000,0.000,0.000,0.00,10.77566194,106.67092747,10.51,"10°46'32.38""N, 106°40'15.34""E",FIX,
13:05:02.960,1786169102.960,UTURN_EXECUTION,10.713,-0.472,-1.290,73.97,0.250,-1.500,0.000,0.000,0.000,0.000,0.00,10.77566184,106.67092747,10.51,"10°46'32.38""N, 106°40'15.34""E",FIX,
13:05:03.072,1786169103.072,UTURN_EXECUTION,10.716,-0.487,-1.380,73.97,0.250,-1.500,0.000,0.000,0.000,0.000,0.00,10.77566184,106.67092747,10.51,"10°46'32.38""N, 106°40'15.34""E",FIX,
13:05:03.156,1786169103.157,UTURN_EXECUTION,10.719,-0.506,-1.500,73.97,0.250,-1.500,0.000,0.000,0.000,0.000,0.00,10.77566184,106.67092747,10.51,"10°46'32.38""N, 106°40'15.34""E",FIX,
13:05:03.257,1786169103.257,UTURN_EXECUTION,10.719,-0.521,-1.590,73.97,0.250,-1.500,0.000,0.000,0.000,0.000,0.00,10.77566174,106.67092747,10.51,"10°46'32.38""N, 106°40'15.34""E",FIX,
13:05:03.355,1786169103.356,UTURN_EXECUTION,10.718,-0.536,-1.680,73.97,0.250,-1.500,0.000,0.000,0.000,0.000,0.00,10.77566174,106.67092747,10.51,"10°46'32.38""N, 106°40'15.34""E",FIX,
13:05:03.445,1786169103.446,UTURN_EXECUTION,10.715,-0.556,-1.800,73.97,0.250,-1.500,0.000,0.000,0.000,0.000,0.00,10.77566174,106.67092747,10.51,"10°46'32.38""N, 106°40'15.34""E",FIX,
13:05:03.539,1786169103.539,UTURN_EXECUTION,10.711,-0.570,-1.890,73.97,0.250,-1.500,0.000,0.000,0.000,0.000,0.00,10.77566163,106.67092747,10.51,"10°46'32.38""N, 106°40'15.34""E",FIX,
13:05:03.596,1786169103.597,UTURN_EXECUTION,10.705,-0.584,-1.980,73.97,0.250,-1.500,0.000,0.000,0.000,0.000,0.00,10.77566163,106.67092747,10.51,"10°46'32.38""N, 106°40'15.34""E",FIX,
13:05:03.687,1786169103.688,UTURN_EXECUTION,10.699,-0.598,-2.070,73.97,0.250,-1.500,0.000,0.000,0.000,0.000,0.00,10.77566163,106.67092747,10.51,"10°46'32.38""N, 106°40'15.34""E",FIX,
13:05:03.779,1786169103.779,UTURN_EXECUTION,10.691,-0.611,-2.160,73.97,0.250,-1.500,0.000,0.000,0.000,0.000,0.00,10.77566153,106.67092747,10.51,"10°46'32.38""N, 106°40'15.34""E",FIX,
13:05:03.882,1786169103.883,UTURN_EXECUTION,10.679,-0.627,-2.280,73.97,0.250,-1.500,0.000,0.000,0.000,0.000,0.00,10.77566153,106.67092747,10.51,"10°46'32.38""N, 106°40'15.34""E",FIX,
13:05:03.960,1786169103.960,UTURN_EXECUTION,10.665,-0.641,-2.400,73.97,0.250,-1.500,0.000,0.000,0.000,0.000,0.00,10.77566153,106.67092747,10.51,"10°46'32.38""N, 106°40'15.34""E",FIX,
13:05:04.055,1786169104.056,UTURN_EXECUTION,10.654,-0.651,-2.490,73.97,0.250,-1.500,0.000,0.000,0.000,0.000,0.00,10.77566142,106.67092747,10.51,"10°46'32.38""N, 106°40'15.34""E",FIX,
13:05:04.162,1786169104.162,UTURN_EXECUTION,10.641,-0.659,-2.580,73.97,0.250,-1.500,0.000,0.000,0.000,0.000,0.00,10.77566142,106.67092747,10.51,"10°46'32.38""N, 106°40'15.34""E",FIX,
13:05:04.226,1786169104.226,UTURN_EXECUTION,10.628,-0.667,-2.670,73.97,0.250,-1.500,0.000,0.000,0.000,0.000,0.00,10.77566142,106.67092747,10.51,"10°46'32.38""N, 106°40'15.34""E",FIX,
13:05:04.327,1786169104.328,UTURN_EXECUTION,10.610,-0.675,-2.790,73.97,0.250,-1.500,0.000,0.000,0.000,0.000,0.00,10.77566132,106.67092747,10.51,"10°46'32.38""N, 106°40'15.34""E",FIX,
13:05:04.414,1786169104.414,UTURN_EXECUTION,10.596,-0.679,-2.880,73.97,0.250,-1.500,0.000,0.000,0.000,0.000,0.00,10.77566132,106.67092747,10.51,"10°46'32.38""N, 106°40'15.34""E",FIX,
13:05:04.508,1786169104.509,UTURN_EXECUTION,10.581,-0.682,-2.970,73.97,0.250,-1.500,0.000,0.000,0.000,0.000,0.00,10.77566132,106.67092747,10.51,"10°46'32.38""N, 106°40'15.34""E",FIX,
13:05:04.608,1786169104.609,UTURN_EXECUTION,10.566,-0.684,-3.060,73.97,0.250,-1.500,0.000,0.000,0.000,0.000,0.00,10.77566122,106.67092747,10.51,"10°46'32.38""N, 106°40'15.34""E",FIX,
13:05:04.701,1786169104.701,UTURN_EXECUTION,10.546,-0.685,3.103,73.97,0.250,-1.500,0.000,0.000,0.000,0.000,0.00,10.77566122,106.67092747,10.51,"10°46'32.38""N, 106°40'15.34""E",FIX,
13:05:04.804,1786169104.804,UTURN_EXECUTION,10.526,-0.683,2.983,73.97,0.250,-1.500,0.000,0.000,0.000,0.000,0.00,10.77566122,106.67092747,10.51,"10°46'32.38""N, 106°40'15.34""E",FIX,
13:05:04.872,1786169104.872,UTURN_EXECUTION,10.511,-0.680,2.893,73.97,0.250,-1.500,0.000,0.000,0.000,0.000,0.00,10.77566111,106.67092747,10.51,"10°46'32.38""N, 106°40'15.34""E",FIX,
13:05:04.956,1786169104.956,UTURN_EXECUTION,10.502,-0.677,2.833,73.97,0.250,-1.500,0.000,0.000,0.000,0.000,0.00,10.77566111,106.67092747,10.51,"10°46'32.38""N, 106°40'15.34""E",FIX,
13:05:05.043,1786169105.043,UTURN_EXECUTION,10.483,-0.670,2.713,73.97,0.250,-1.500,0.000,0.000,0.000,0.000,0.00,10.77566111,106.67092747,10.51,"10°46'32.38""N, 106°40'15.34""E",FIX,
13:05:05.119,1786169105.119,UTURN_EXECUTION,10.466,-0.660,2.593,73.97,0.250,-1.500,0.000,0.000,0.000,0.000,0.00,10.77566101,106.67092747,10.51,"10°46'32.38""N, 106°40'15.34""E",FIX,
