Time,Unix_Timestamp,FSM_State,Pos_X_m,Pos_Y_m,Yaw_rad,Steer_Angle_deg,Linear_Vel_mps,Angular_Vel_radps,IMU_Yaw_rad,IMU_Angular_Vel_z,IMU_Accel_x,Confidence,Dist_Traveled_m,GPS_Latitude,GPS_Longitude,GPS_Altitude_m,GPS_DMS,GPS_Status,Event
12:41:28.999,1786167688.999,TRACKING,-0.000,0.000,-0.000,0.00,0.450,-0.000,0.000,0.000,0.000,0.000,0.00,10.77566700,106.67088900,10.00,"10°46'32.40""N, 106°40'15.20""E",ODOM_ESTIMATED,
12:41:29.017,1786167689.018,TRACKING,-0.000,0.000,-0.000,0.00,0.450,-0.000,0.000,0.000,0.000,0.000,0.00,10.77566700,106.67088900,10.00,"10°46'32.40""N, 106°40'15.20""E",ODOM_ESTIMATED,
12:41:29.126,1786167689.126,TRACKING,0.027,-0.000,-0.000,0.00,0.450,-0.000,0.000,0.000,0.000,0.000,0.03,10.77567062,106.67087538,10.51,"10°46'32.41""N, 106°40'15.15""E",FIX,
12:41:29.188,1786167689.188,TRACKING,0.045,-0.000,-0.000,0.00,0.450,-0.000,0.000,0.000,0.000,0.000,0.04,10.77567062,106.67087538,10.51,"10°46'32.41""N, 106°40'15.15""E",FIX,
12:41:29.288,1786167689.288,TRACKING,0.072,-0.000,-0.000,0.00,0.450,-0.000,0.000,0.000,0.000,0.000,0.07,10.77567062,106.67087538,10.51,"10°46'32.41""N, 106°40'15.15""E",FIX,
12:41:29.382,1786167689.383,TRACKING,0.108,-0.000,-0.000,0.00,0.450,-0.000,0.000,0.000,0.000,0.000,0.11,10.77567062,106.67087538,10.51,"10°46'32.41""N, 106°40'15.15""E",FIX,
12:41:29.508,1786167689.509,TRACKING,0.135,-0.000,-0.000,0.00,0.450,-0.000,0.000,0.000,0.000,0.000,0.13,10.77567062,106.67087579,10.51,"10°46'32.41""N, 106°40'15.15""E",FIX,
12:41:29.603,1786167689.603,TRACKING,0.171,-0.000,-0.000,0.00,0.450,-0.000,0.000,0.000,0.000,0.000,0.17,10.77567062,106.67087579,10.51,"10°46'32.41""N, 106°40'15.15""E",FIX,
12:41:29.678,1786167689.678,TRACKING,0.198,-0.000,0.000,0.00,0.450,-0.000,0.000,0.000,0.000,0.000,0.20,10.77567062,106.67087579,10.51,"10°46'32.41""N, 106°40'15.15""E",FIX,
12:41:29.764,1786167689.765,TRACKING,0.234,0.000,0.000,0.00,0.450,-0.000,0.000,0.000,0.000,0.000,0.23,10.77567062,106.67087620,10.51,"10°46'32.41""N, 106°40'15.15""E",FIX,
12:41:29.844,1786167689.845,TRACKING,0.261,0.000,0.000,0.00,0.450,-0.000,0.000,0.000,0.000,0.000,0.26,10.77567062,106.67087620,10.51,"10°46'32.41""N, 106°40'15.15""E",FIX,
12:41:29.956,1786167689.956,TRACKING,0.288,0.000,0.000,0.00,0.450,-0.000,0.000,0.000,0.000,0.042,0.29,10.77567062,106.67087620,10.51,"10°46'32.41""N, 106°40'15.15""E",FIX,
12:41:30.029,1786167690.030,TRACKING,0.315,0.000,0.000,0.00,0.450,-0.000,0.000,0.000,0.000,0.083,0.31,10.77567062,106.67087661,10.51,"10°46'32.41""N, 106°40'15.16""E",FIX,
12:41:30.120,1786167690.120,TRACKING,0.351,0.000,0.000,0.00,0.450,-0.000,0.000,0.000,0.000,0.167,0.35,10.77567062,106.67087661,10.51,"10°46'32.41""N, 106°40'15.16""E",FIX,
12:41:30.220,1786167690.221,TRACKING,0.378,0.000,0.000,0.00,0.450,-0.000,0.000,0.000,0.000,0.208,0.38,10.77567062,106.67087661,10.51,"10°46'32.41""N, 106°40'15.16""E",FIX,
12:41:30.310,1786167690.310,TRACKING,0.405,0.000,0.000,0.00,0.450,-0.000,0.000,0.000,0.000,0.250,0.40,10.77567062,106.67087702,10.51,"10°46'32.41""N, 106°40'15.16""E",FIX,
12:41:30.402,1786167690.403,TRACKING,0.441,0.000,0.000,0.00,0.450,-0.000,0.000,0.000,0.000,0.333,0.44,10.77567062,106.67087702,10.51,"10°46'32.41""N, 106°40'15.16""E",FIX,
12:41:30.477,1786167690.477,TRACKING,0.468,0.000,0.000,-0.00,0.450,0.008,0.000,0.000,0.000,0.375,0.47,10.77567062,106.67087702,10.51,"10°46'32.41""N, 106°40'15.16""E",FIX,
12:41:30.556,1786167690.557,TRACKING,0.495,0.000,0.000,-0.00,0.450,-0.002,0.000,0.000,0.000,0.437,0.49,10.77567062,106.67087744,10.51,"10°46'32.41""N, 106°40'15.16""E",FIX,
12:41:30.657,1786167690.657,TRACKING,0.522,0.000,0.000,-0.00,0.450,-0.001,0.000,0.000,0.000,0.500,0.52,10.77567062,106.67087744,10.51,"10°46'32.41""N, 106°40'15.16""E",FIX,
12:41:30.770,1786167690.770,TRACKING,0.558,0.000,0.000,-0.00,0.450,-0.001,0.000,0.000,0.000,0.583,0.56,10.77567062,106.67087744,10.51,"10°46'32.41""N, 106°40'15.16""E",FIX,
12:41:30.864,1786167690.865,TRACKING,0.585,0.000,0.000,-0.00,0.450,-0.000,0.000,0.000,0.000,0.646,0.58,10.77567062,106.67087785,10.51,"10°46'32.41""N, 106°40'15.16""E",FIX,
12:41:30.933,1786167690.933,TRACKING,0.612,0.000,0.000,-0.00,0.450,-0.000,0.000,0.000,0.000,0.708,0.61,10.77567062,106.67087785,10.51,"10°46'32.41""N, 106°40'15.16""E",FIX,
12:41:31.029,1786167691.030,TRACKING,0.639,0.000,0.000,-0.00,0.450,-0.000,0.000,0.000,0.000,0.771,0.64,10.77567062,106.67087785,10.51,"10°46'32.41""N, 106°40'15.16""E",FIX,
12:41:31.141,1786167691.142,TRACKING,0.675,0.000,0.000,-0.00,0.450,-0.000,0.000,0.000,0.000,0.833,0.67,10.77567062,106.67087826,10.51,"10°46'32.41""N, 106°40'15.16""E",FIX,
12:41:31.223,1786167691.223,TRACKING,0.702,0.000,0.000,-0.00,0.450,-0.000,0.000,0.000,0.000,0.917,0.70,10.77567062,106.67087826,10.51,"10°46'32.41""N, 106°40'15.16""E",FIX,
12:41:31.304,1786167691.304,TRACKING,0.738,0.000,0.000,-0.00,0.450,-0.000,0.000,0.000,0.000,1.000,0.74,10.77567062,106.67087826,10.51,"10°46'32.41""N, 106°40'15.16""E",FIX,
12:41:31.398,1786167691.399,TRACKING,0.765,0.000,0.000,-0.00,0.450,-0.000,0.000,0.000,0.000,1.000,0.76,10.77567062,106.67087867,10.51,"10°46'32.41""N, 106°40'15.16""E",FIX,
12:41:31.494,1786167691.494,TRACKING,0.792,0.000,0.000,-0.00,0.450,-0.000,0.000,0.000,0.000,1.000,0.79,10.77567062,106.67087867,10.51,"10°46'32.41""N, 106°40'15.16""E",FIX,
12:41:31.590,1786167691.591,TRACKING,0.819,0.000,0.000,-0.00,0.450,-0.000,0.000,0.000,0.000,1.000,0.82,10.77567062,106.67087867,10.51,"10°46'32.41""N, 106°40'15.16""E",FIX,
12:41:31.684,1786167691.685,TRACKING,0.855,0.000,0.000,-0.00,0.450,-0.000,0.000,0.000,0.000,1.000,0.85,10.77567062,106.67087908,10.51,"10°46'32.41""N, 106°40'15.16""E",FIX,
12:41:31.757,1786167691.758,TRACKING,0.882,0.000,0.000,-0.00,0.450,-0.000,0.000,0.000,0.000,1.000,0.88,10.77567062,106.67087908,10.51,"10°46'32.41""N, 106°40'15.16""E",FIX,
12:41:31.845,1786167691.846,TRACKING,0.909,0.000,0.000,-0.00,0.450,-0.000,0.000,0.000,0.000,1.000,0.91,10.77567062,106.67087908,10.51,"10°46'32.41""N, 106°40'15.16""E",FIX,
12:41:31.954,1786167691.955,TRACKING,0.945,0.000,0.000,-0.00,0.450,-0.000,0.000,0.000,0.000,1.000,0.94,10.77567062,106.67087949,10.51,"10°46'32.41""N, 106°40'15.17""E",FIX,
12:41:32.049,1786167692.050,TRACKING,0.963,0.000,0.000,-0.00,0.450,-0.000,0.000,0.000,0.000,1.000,0.96,10.77567062,106.67087949,10.51,"10°46'32.41""N, 106°40'15.17""E",FIX,
12:41:32.153,1786167692.153,TRACKING,1.008,0.000,0.000,-0.00,0.450,-0.000,0.000,0.000,0.000,1.000,1.01,10.77567062,106.67087949,10.51,"10°46'32.41""N, 106°40'15.17""E",FIX,
12:41:32.229,1786167692.229,TRACKING,1.026,0.000,0.000,-0.00,0.450,-0.000,0.000,0.000,0.000,1.000,1.03,10.77567062,106.67087990,10.51,"10°46'32.41""N, 106°40'15.17""E",FIX,
12:41:32.320,1786167692.320,TRACKING,1.062,0.000,0.000,-0.00,0.450,-0.000,0.000,0.000,0.000,1.000,1.06,10.77567062,106.67087990,10.51,"10°46'32.41""N, 106°40'15.17""E",FIX,
12:41:32.427,1786167692.427,TRACKING,1.089,0.000,0.000,-0.00,0.450,-0.000,0.000,0.000,0.000,1.000,1.09,10.77567062,106.67087990,10.51,"10°46'32.41""N, 106°40'15.17""E",FIX,
12:41:32.502,1786167692.502,TRACKING,1.116,0.000,0.000,-0.00,0.450,-0.000,0.000,0.000,0.000,1.000,1.12,10.77567062,106.67088032,10.51,"10°46'32.41""N, 106°40'15.17""E",FIX,
12:41:32.615,1786167692.615,TRACKING,1.152,0.000,0.000,-0.00,0.450,-0.000,0.000,0.000,0.000,1.000,1.15,10.77567062,106.67088032,10.51,"10°46'32.41""N, 106°40'15.17""E",FIX,
12:41:32.711,1786167692.712,TRACKING,1.179,0.000,0.000,-0.00,0.450,-0.000,0.000,0.000,0.000,1.000,1.18,10.77567062,106.67088032,10.51,"10°46'32.41""N, 106°40'15.17""E",FIX,
12:41:32.802,1786167692.803,TRACKING,1.215,0.000,0.000,0.00,0.450,-0.007,0.000,0.000,0.000,1.000,1.21,10.77567062,106.67088073,10.51,"10°46'32.41""N, 106°40'15.17""E",FIX,
12:41:32.895,1786167692.895,TRACKING,1.242,0.000,-0.000,0.01,0.450,-0.006,0.000,0.000,0.000,1.000,1.24,10.77567062,106.67088073,10.51,"10°46'32.41""N, 106°40'15.17""E",FIX,
12:41:32.965,1786167692.965,TRACKING,1.269,0.000,-0.001,0.01,0.450,-0.004,0.000,0.000,0.000,1.000,1.27,10.77567062,106.67088073,10.51,"10°46'32.41""N, 106°40'15.17""E",FIX,
12:41:33.038,1786167693.039,TRACKING,1.296,0.000,-0.001,0.01,0.450,-0.004,0.000,0.000,0.000,1.000,1.30,10.77567062,106.67088114,10.51,"10°46'32.41""N, 106°40'15.17""E",FIX,
12:41:33.156,1786167693.156,TRACKING,1.332,0.000,-0.001,0.00,0.450,0.004,0.000,0.000,0.000,1.000,1.33,10.77567062,106.67088114,10.51,"10°46'32.41""N, 106°40'15.17""E",FIX,
12:41:33.211,1786167693.212,TRACKING,1.359,-0.000,-0.001,-0.00,0.450,0.010,0.000,0.000,0.000,0.583,1.36,10.77567062,106.67088114,10.51,"10°46'32.41""N, 106°40'15.17""E",FIX,
12:41:33.317,1786167693.318,TRACKING,1.386,-0.000,-0.001,-0.00,0.450,0.007,0.000,0.000,0.000,0.667,1.39,10.77567062,106.67088155,10.51,"10°46'32.41""N, 106°40'15.17""E",FIX,
12:41:33.390,1786167693.391,TRACKING,1.422,-0.000,-0.000,-0.01,0.450,0.006,0.000,0.000,0.000,0.750,1.42,10.77567062,106.67088155,10.51,"10°46'32.41""N, 106°40'15.17""E",FIX,
12:41:33.469,1786167693.469,TRACKING,1.449,-0.000,0.000,-0.01,0.450,0.005,0.000,0.000,0.000,0.812,1.45,10.77567062,106.67088155,10.51,"10°46'32.41""N, 106°40'15.17""E",FIX,
12:41:33.562,1786167693.563,TRACKING,1.476,-0.000,0.000,-0.01,0.450,0.004,0.000,0.000,0.000,0.875,1.48,10.77567062,106.67088196,10.51,"10°46'32.41""N, 106°40'15.18""E",FIX,
12:41:33.629,1786167693.629,TRACKING,1.512,-0.000,0.001,-0.01,0.450,0.003,0.000,0.000,0.000,0.958,1.51,10.77567062,106.67088196,10.51,"10°46'32.41""N, 106°40'15.18""E",FIX,
12:41:33.708,1786167693.708,TRACKING,1.539,-0.000,0.001,-0.01,0.450,0.003,0.000,0.000,0.000,1.000,1.54,10.77567062,106.67088196,10.51,"10°46'32.41""N, 106°40'15.18""E",FIX,
12:41:33.796,1786167693.796,TRACKING,1.566,0.000,0.001,-0.01,0.450,0.003,0.000,0.000,0.000,1.000,1.57,10.77567062,106.67088237,10.51,"10°46'32.41""N, 106°40'15.18""E",FIX,
12:41:33.889,1786167693.890,TRACKING,1.602,0.000,0.001,-0.01,0.450,0.003,0.000,0.000,0.000,1.000,1.60,10.77567062,106.67088237,10.51,"10°46'32.41""N, 106°40'15.18""E",FIX,
12:41:33.968,1786167693.968,TRACKING,1.629,0.000,0.001,-0.01,0.450,0.003,0.000,0.000,0.000,1.000,1.63,10.77567062,106.67088237,10.51,"10°46'32.41""N, 106°40'15.18""E",FIX,
12:41:34.051,1786167694.052,TRACKING,1.656,0.000,0.002,-0.01,0.450,0.003,0.000,0.000,0.000,1.000,1.66,10.77567062,106.67088278,10.51,"10°46'32.41""N, 106°40'15.18""E",FIX,
12:41:34.142,1786167694.143,TRACKING,1.683,0.000,0.002,-0.01,0.450,-0.005,0.000,0.000,0.000,1.000,1.68,10.77567062,106.67088278,10.51,"10°46'32.41""N, 106°40'15.18""E",FIX,
12:41:34.211,1786167694.211,TRACKING,1.719,0.000,0.002,-0.01,0.450,0.004,0.000,0.000,0.000,1.000,1.72,10.77567062,106.67088278,10.51,"10°46'32.41""N, 106°40'15.18""E",FIX,
12:41:34.299,1786167694.300,TRACKING,1.746,0.000,0.002,-0.01,0.450,0.004,0.000,0.000,0.000,1.000,1.75,10.77567062,106.67088320,10.51,"10°46'32.41""N, 106°40'15.18""E",FIX,
12:41:34.392,1786167694.392,TRACKING,1.773,0.000,0.002,-0.01,0.450,0.003,0.000,0.000,0.000,1.000,1.77,10.77567062,106.67088320,10.51,"10°46'32.41""N, 106°40'15.18""E",FIX,
12:41:34.463,1786167694.464,TRACKING,1.800,0.000,0.002,-0.01,0.450,0.003,0.000,0.000,0.000,1.000,1.80,10.77567062,106.67088320,10.51,"10°46'32.41""N, 106°40'15.18""E",FIX,
12:41:34.549,1786167694.550,TRACKING,1.827,0.000,0.002,-0.01,0.450,0.003,0.000,0.000,0.000,1.000,1.83,10.77567062,106.67088361,10.51,"10°46'32.41""N, 106°40'15.18""E",FIX,
12:41:34.648,1786167694.649,TRACKING,1.863,0.001,0.003,-0.01,0.450,0.003,0.000,0.000,0.000,1.000,1.86,10.77567062,106.67088361,10.51,"10°46'32.41""N, 106°40'15.18""E",FIX,
12:41:34.746,1786167694.747,TRACKING,1.899,0.001,0.003,-0.01,0.450,0.003,0.000,0.000,0.000,1.000,1.90,10.77567062,106.67088361,10.51,"10°46'32.41""N, 106°40'15.18""E",FIX,
12:41:34.812,1786167694.812,TRACKING,1.917,0.001,0.003,-0.01,0.450,0.003,0.000,0.000,0.000,1.000,1.92,10.77567062,106.67088402,10.51,"10°46'32.41""N, 106°40'15.18""E",FIX,
12:41:34.926,1786167694.927,TRACKING,1.953,0.001,0.003,-0.01,0.450,0.002,0.000,0.000,0.000,1.000,1.95,10.77567062,106.67088402,10.51,"10°46'32.41""N, 106°40'15.18""E",FIX,
12:41:35.012,1786167695.012,TRACKING,1.989,0.001,0.003,-0.01,0.450,0.002,0.000,0.000,0.000,1.000,1.99,10.77567062,106.67088402,10.51,"10°46'32.41""N, 106°40'15.18""E",FIX,
12:41:35.082,1786167695.082,TRACKING,2.007,0.001,0.003,-0.01,0.450,-0.008,0.000,0.000,0.000,1.000,2.01,10.77567062,106.67088443,10.51,"10°46'32.41""N, 106°40'15.18""E",FIX,
12:41:35.169,1786167695.169,TRACKING,2.043,0.001,0.003,-0.01,0.450,0.004,0.000,0.000,0.000,1.000,2.04,10.77567062,106.67088443,10.51,"10°46'32.41""N, 106°40'15.18""E",FIX,
12:41:35.234,1786167695.235,TRACKING,2.070,0.001,0.003,0.00,0.450,-0.022,0.000,0.000,0.000,1.000,2.07,10.77567062,106.67088443,10.51,"10°46'32.41""N, 106°40'15.18""E",FIX,
12:41:35.335,1786167695.335,TRACKING,2.097,0.001,0.002,0.01,0.450,-0.014,0.000,0.000,0.000,1.000,2.10,10.77567062,106.67088484,10.51,"10°46'32.41""N, 106°40'15.19""E",FIX,
12:41:35.439,1786167695.439,TRACKING,2.133,0.001,0.001,0.01,0.450,-0.009,0.000,0.000,0.000,0.708,2.13,10.77567062,106.67088484,10.51,"10°46'32.41""N, 106°40'15.19""E",FIX,
12:41:35.538,1786167695.538,TRACKING,2.169,0.001,0.000,0.01,0.450,-0.008,0.000,0.000,0.000,0.646,2.17,10.77567062,106.67088484,10.51,"10°46'32.41""N, 106°40'15.19""E",FIX,
12:41:35.617,1786167695.618,TRACKING,2.187,0.001,-0.000,0.02,0.450,-0.008,0.000,0.000,0.000,0.708,2.19,10.77567062,106.67088525,10.51,"10°46'32.41""N, 106°40'15.19""E",FIX,
12:41:35.713,1786167695.713,TRACKING,2.214,0.001,-0.001,0.02,0.450,-0.006,0.000,0.000,0.000,0.771,2.21,10.77567062,106.67088525,10.51,"10°46'32.41""N, 106°40'15.19""E",FIX,
12:41:35.819,1786167695.820,TRACKING,2.250,0.001,-0.001,0.02,0.450,-0.006,0.000,0.000,0.000,0.833,2.25,10.77567062,106.67088525,10.51,"10°46'32.41""N, 106°40'15.19""E",FIX,
12:41:35.898,1786167695.899,TRACKING,2.277,0.001,-0.002,0.02,0.450,-0.006,0.000,0.000,0.000,0.917,2.28,10.77567062,106.67088566,10.51,"10°46'32.41""N, 106°40'15.19""E",FIX,
12:41:36.015,1786167696.016,TRACKING,2.313,0.001,-0.002,0.02,0.450,-0.002,0.000,0.000,0.000,1.000,2.31,10.77567062,106.67088566,10.51,"10°46'32.41""N, 106°40'15.19""E",FIX,
12:41:36.083,1786167696.083,TRACKING,2.340,0.001,-0.002,0.02,0.450,-0.006,0.000,0.000,0.000,1.000,2.34,10.77567062,106.67088566,10.51,"10°46'32.41""N, 106°40'15.19""E",FIX,
12:41:36.166,1786167696.166,TRACKING,2.367,0.001,-0.003,0.01,0.450,0.003,0.000,0.000,0.000,1.000,2.37,10.77567062,106.67088608,10.51,"10°46'32.41""N, 106°40'15.19""E",FIX,
12:41:36.254,1786167696.254,TRACKING,2.403,0.001,-0.003,0.01,0.450,-0.000,0.000,0.000,0.000,1.000,2.40,10.77567062,106.67088608,10.51,"10°46'32.41""N, 106°40'15.19""E",FIX,
12:41:36.335,1786167696.335,TRACKING,2.430,0.001,-0.003,0.01,0.450,-0.000,0.000,0.000,0.000,1.000,2.43,10.77567062,106.67088608,10.51,"10°46'32.41""N, 106°40'15.19""E",FIX,
12:41:36.421,1786167696.421,TRACKING,2.457,0.001,-0.003,0.01,0.450,-0.001,0.000,0.000,0.000,1.000,2.46,10.77567062,106.67088649,10.51,"10°46'32.41""N, 106°40'15.19""E",FIX,
12:41:36.504,1786167696.505,TRACKING,2.484,0.001,-0.003,0.01,0.450,-0.002,0.000,0.000,0.000,1.000,2.48,10.77567062,106.67088649,10.51,"10°46'32.41""N, 106°40'15.19""E",FIX,
12:41:36.607,1786167696.607,TRACKING,2.520,0.001,-0.003,0.01,0.450,-0.002,0.000,0.000,0.000,1.000,2.52,10.77567062,106.67088649,10.51,"10°46'32.41""N, 106°40'15.19""E",FIX,
12:41:36.697,1786167696.698,TRACKING,2.547,0.001,-0.003,0.01,0.450,-0.002,0.000,0.000,0.000,1.000,2.55,10.77567062,106.67088690,10.51,"10°46'32.41""N, 106°40'15.19""E",FIX,
12:41:36.764,1786167696.765,TRACKING,2.574,0.000,-0.003,0.01,0.450,-0.002,0.000,0.000,0.000,1.000,2.57,10.77567062,106.67088690,10.51,"10°46'32.41""N, 106°40'15.19""E",FIX,
12:41:36.857,1786167696.857,TRACKING,2.601,0.000,-0.003,0.01,0.450,-0.002,0.000,0.000,0.000,1.000,2.60,10.77567062,106.67088690,10.51,"10°46'32.41""N, 106°40'15.19""E",FIX,
12:41:36.942,1786167696.942,TRACKING,2.637,0.000,-0.003,0.01,0.450,-0.002,0.000,0.000,0.000,1.000,2.64,10.77567062,106.67088731,10.51,"10°46'32.41""N, 106°40'15.19""E",FIX,
12:41:37.020,1786167697.020,TRACKING,2.664,0.000,-0.003,0.01,0.450,-0.002,0.000,0.000,0.000,1.000,2.66,10.77567062,106.67088731,10.51,"10°46'32.41""N, 106°40'15.19""E",FIX,
12:41:37.127,1786167697.128,TRACKING,2.700,0.000,-0.004,0.01,0.450,-0.002,0.000,0.000,0.000,1.000,2.70,10.77567062,106.67088731,10.51,"10°46'32.41""N, 106°40'15.19""E",FIX,
12:41:37.179,1786167697.179,TRACKING,2.727,-0.000,-0.004,0.01,0.450,-0.002,0.000,0.000,0.000,1.000,2.73,10.77567062,106.67088772,10.51,"10°46'32.41""N, 106°40'15.20""E",FIX,
12:41:37.289,1786167697.290,TRACKING,2.754,-0.000,-0.004,0.01,0.450,-0.002,0.000,0.000,0.000,1.000,2.75,10.77567062,106.67088772,10.51,"10°46'32.41""N, 106°40'15.20""E",FIX,
12:41:37.403,1786167697.403,TRACKING,2.781,-0.000,-0.004,0.01,0.450,-0.002,0.000,0.000,0.000,1.000,2.78,10.77567062,106.67088772,10.51,"10°46'32.41""N, 106°40'15.20""E",FIX,
12:41:37.510,1786167697.510,TRACKING,2.817,-0.000,-0.004,0.01,0.450,0.004,0.000,0.000,0.000,1.000,2.82,10.77567062,106.67088813,10.51,"10°46'32.41""N, 106°40'15.20""E",FIX,
12:41:37.586,1786167697.586,TRACKING,2.844,-0.001,-0.004,0.00,0.450,0.004,0.000,0.000,0.000,1.000,2.84,10.77567062,106.67088813,10.51,"10°46'32.41""N, 106°40'15.20""E",FIX,
12:41:37.687,1786167697.688,TRACKING,2.871,-0.001,-0.004,0.00,0.450,0.002,0.000,0.000,0.000,1.000,2.87,10.77567062,106.67088813,10.51,"10°46'32.41""N, 106°40'15.20""E",FIX,
12:41:37.789,1786167697.790,TRACKING,2.907,-0.001,-0.004,0.00,0.450,0.001,0.000,0.000,0.000,0.937,2.91,10.77567062,106.67088854,10.51,"10°46'32.41""N, 106°40'15.20""E",FIX,
12:41:37.865,1786167697.866,TRACKING,2.934,-0.001,-0.004,-0.00,0.450,0.009,0.000,0.000,0.000,0.521,2.93,10.77567062,106.67088854,10.51,"10°46'32.41""N, 106°40'15.20""E",FIX,
12:41:37.979,1786167697.980,TRACKING,2.961,-0.001,-0.003,-0.00,0.450,-0.001,0.000,0.000,0.000,0.583,2.96,10.77567062,106.67088854,10.51,"10°46'32.41""N, 106°40'15.20""E",FIX,
12:41:38.055,1786167698.055,TRACKING,2.988,-0.001,-0.003,-0.00,0.450,-0.001,0.000,0.000,0.000,0.667,2.99,10.77567062,106.67088854,10.51,"10°46'32.41""N, 106°40'15.20""E",FIX,
12:41:38.152,1786167698.152,TRACKING,3.024,-0.001,-0.003,-0.00,0.450,-0.000,0.000,0.000,0.000,0.729,3.02,10.77567062,106.67088896,10.51,"10°46'32.41""N, 106°40'15.20""E",FIX,
12:41:38.228,1786167698.229,TRACKING,3.051,-0.001,-0.003,-0.00,0.450,-0.000,0.000,0.000,0.000,0.792,3.05,10.77567062,106.67088896,10.51,"10°46'32.41""N, 106°40'15.20""E",FIX,
12:41:38.303,1786167698.303,TRACKING,3.078,-0.001,-0.003,-0.00,0.450,-0.000,0.000,0.000,0.000,0.875,3.08,10.77567062,106.67088896,10.51,"10°46'32.41""N, 106°40'15.20""E",FIX,
12:41:38.393,1786167698.393,TRACKING,3.105,-0.001,-0.003,-0.00,0.450,-0.000,0.000,0.000,0.000,0.937,3.10,10.77567062,106.67088937,10.51,"10°46'32.41""N, 106°40'15.20""E",FIX,
12:41:38.526,1786167698.527,TRACKING,3.141,-0.002,-0.003,-0.00,0.450,-0.000,0.000,0.000,0.000,1.000,3.14,10.77567062,106.67088937,10.51,"10°46'32.41""N, 106°40'15.20""E",FIX,
12:41:38.618,1786167698.618,TRACKING,3.168,-0.002,-0.003,-0.00,0.450,-0.000,0.000,0.000,0.000,1.000,3.17,10.77567062,106.67088937,10.51,"10°46'32.41""N, 106°40'15.20""E",FIX,
12:41:38.698,1786167698.699,TRACKING,3.195,-0.002,-0.003,-0.00,0.450,-0.000,0.000,0.000,0.000,1.000,3.19,10.77567062,106.67088978,10.51,"10°46'32.41""N, 106°40'15.20""E",FIX,
12:41:38.817,1786167698.817,TRACKING,3.231,-0.002,-0.003,-0.00,0.450,0.006,0.000,0.000,0.000,1.000,3.23,10.77567062,106.67088978,10.51,"10°46'32.41""N, 106°40'15.20""E",FIX,
12:41:38.911,1786167698.911,TRACKING,3.258,-0.002,-0.003,-0.00,0.450,-0.002,0.000,0.000,0.000,1.000,3.26,10.77567062,106.67088978,10.51,"10°46'32.41""N, 106°40'15.20""E",FIX,
12:41:39.032,1786167699.033,TRACKING,3.294,-0.002,-0.003,-0.00,0.450,-0.001,0.000,0.000,0.000,1.000,3.29,10.77567061,106.67089019,10.51,"10°46'32.41""N, 106°40'15.20""E",FIX,
12:41:39.128,1786167699.128,TRACKING,3.321,-0.002,-0.003,-0.00,0.450,0.006,0.000,0.000,0.000,1.000,3.32,10.77567061,106.67089019,10.51,"10°46'32.41""N, 106°40'15.20""E",FIX,
12:41:39.210,1786167699.210,TRACKING,3.348,-0.002,-0.003,-0.01,0.450,0.006,0.000,0.000,0.000,1.000,3.35,10.77567061,106.67089019,10.51,"10°46'32.41""N, 106°40'15.20""E",FIX,
12:41:39.305,1786167699.306,TRACKING,3.375,-0.002,-0.002,-0.00,0.450,-0.003,0.000,0.000,0.000,1.000,3.37,10.77567061,106.67089060,10.51,"10°46'32.41""N, 106°40'15.21""E",FIX,
12:41:39.400,1786167699.401,TRACKING,3.402,-0.002,-0.002,-0.00,0.450,-0.002,0.000,0.000,0.000,1.000,3.40,10.77567061,106.67089060,10.51,"10°46'32.41""N, 106°40'15.21""E",FIX,
12:41:39.538,1786167699.538,TRACKING,3.447,-0.002,-0.003,-0.00,0.450,-0.001,0.000,0.000,0.000,1.000,3.45,10.77567061,106.67089101,10.51,"10°46'32.41""N, 106°40'15.21""E",FIX,
12:41:39.595,1786167699.596,TRACKING,3.474,-0.002,-0.003,-0.00,0.450,0.007,0.000,0.000,0.000,1.000,3.47,10.77567061,106.67089101,10.51,"10°46'32.41""N, 106°40'15.21""E",FIX,
12:41:39.673,1786167699.673,TRACKING,3.492,-0.002,-0.002,-0.01,0.450,0.006,0.000,0.000,0.000,1.000,3.49,10.77567061,106.67089101,10.51,"10°46'32.41""N, 106°40'15.21""E",FIX,
12:41:39.761,1786167699.761,TRACKING,3.528,-0.003,-0.002,-0.01,0.450,0.004,0.000,0.000,0.000,1.000,3.53,10.77567061,106.67089101,10.51,"10°46'32.41""N, 106°40'15.21""E",FIX,
12:41:39.857,1786167699.857,TRACKING,3.555,-0.003,-0.002,-0.00,0.450,-0.004,0.000,0.000,0.000,1.000,3.55,10.77567061,106.67089142,10.51,"10°46'32.41""N, 106°40'15.21""E",FIX,
12:41:39.937,1786167699.938,TRACKING,3.582,-0.003,-0.002,-0.00,0.450,-0.003,0.000,0.000,0.000,1.000,3.58,10.77567061,106.67089142,10.51,"10°46'32.41""N, 106°40'15.21""E",FIX,
12:41:40.030,1786167700.031,TRACKING,3.618,-0.003,-0.002,-0.01,0.450,0.005,0.000,0.000,0.000,1.000,3.62,10.77567061,106.67089142,10.51,"10°46'32.41""N, 106°40'15.21""E",FIX,
12:41:40.120,1786167700.120,TRACKING,3.645,-0.003,-0.002,-0.01,0.450,0.005,0.000,0.000,0.000,1.000,3.64,10.77567061,106.67089184,10.51,"10°46'32.41""N, 106°40'15.21""E",FIX,
12:41:40.214,1786167700.215,TRACKING,3.672,-0.003,-0.002,-0.00,0.450,-0.004,0.000,0.000,0.000,1.000,3.67,10.77567061,106.67089184,10.51,"10°46'32.41""N, 106°40'15.21""E",FIX,
12:41:40.310,1786167700.310,TRACKING,3.708,-0.003,-0.002,-0.00,0.450,-0.002,0.000,0.000,0.000,1.000,3.71,10.77567061,106.67089184,10.51,"10°46'32.41""N, 106°40'15.21""E",FIX,
12:41:40.411,1786167700.411,TRACKING,3.735,-0.003,-0.002,-0.00,0.450,-0.001,0.000,0.000,0.000,0.625,3.73,10.77567061,106.67089225,10.51,"10°46'32.41""N, 106°40'15.21""E",FIX,
12:41:40.476,1786167700.476,TRACKING,3.762,-0.003,-0.002,-0.00,0.450,-0.001,0.000,0.000,0.000,0.604,3.76,10.77567061,106.67089225,10.51,"10°46'32.41""N, 106°40'15.21""E",FIX,
12:41:40.603,1786167700.603,TRACKING,3.798,-0.003,-0.002,-0.00,0.450,-0.000,0.000,0.000,0.000,0.667,3.80,10.77567061,106.67089225,10.51,"10°46'32.41""N, 106°40'15.21""E",FIX,
12:41:40.661,1786167700.661,TRACKING,3.816,-0.003,-0.002,-0.00,0.450,-0.001,0.000,0.000,0.000,0.750,3.82,10.77567061,106.67089266,10.51,"10°46'32.41""N, 106°40'15.21""E",FIX,
12:41:40.757,1786167700.757,TRACKING,3.852,-0.003,-0.002,-0.00,0.450,-0.000,0.000,0.000,0.000,0.833,3.85,10.77567061,106.67089266,10.51,"10°46'32.41""N, 106°40'15.21""E",FIX,
12:41:40.886,1786167700.887,TRACKING,3.879,-0.003,-0.002,-0.00,0.450,-0.000,0.000,0.000,0.000,0.896,3.88,10.77567061,106.67089266,10.51,"10°46'32.41""N, 106°40'15.21""E",FIX,
12:41:40.976,1786167700.976,TRACKING,3.906,-0.003,-0.002,-0.00,0.450,-0.000,0.000,0.000,0.000,0.979,3.91,10.77567061,106.67089307,10.51,"10°46'32.41""N, 106°40'15.22""E",FIX,
12:41:41.105,1786167701.106,TRACKING,3.942,-0.003,-0.002,-0.00,0.450,-0.000,0.000,0.000,0.000,1.000,3.94,10.77567061,106.67089307,10.51,"10°46'32.41""N, 106°40'15.22""E",FIX,
12:41:41.180,1786167701.181,TRACKING,3.969,-0.003,-0.002,-0.00,0.450,-0.000,0.000,0.000,0.000,1.000,3.97,10.77567061,106.67089307,10.51,"10°46'32.41""N, 106°40'15.22""E",FIX,
12:41:41.264,1786167701.265,TRACKING,4.005,-0.004,-0.002,-0.00,0.450,-0.000,0.000,0.000,0.000,1.000,4.00,10.77567061,106.67089348,10.51,"10°46'32.41""N, 106°40'15.22""E",FIX,
12:41:41.354,1786167701.354,TRACKING,4.032,-0.004,-0.002,-0.00,0.450,-0.000,0.000,0.000,0.000,1.000,4.03,10.77567061,106.67089348,10.51,"10°46'32.41""N, 106°40'15.22""E",FIX,
12:41:41.460,1786167701.460,TRACKING,4.059,-0.004,-0.002,-0.00,0.450,-0.000,0.000,0.000,0.000,1.000,4.06,10.77567061,106.67089348,10.51,"10°46'32.41""N, 106°40'15.22""E",FIX,
12:41:41.547,1786167701.548,TRACKING,4.086,-0.004,-0.002,-0.00,0.450,-0.000,0.000,0.000,0.000,1.000,4.09,10.77567061,106.67089389,10.51,"10°46'32.41""N, 106°40'15.22""E",FIX,
12:41:41.657,1786167701.658,TRACKING,4.122,-0.004,-0.002,-0.00,0.450,-0.000,0.000,0.000,0.000,1.000,4.12,10.77567061,106.67089389,10.51,"10°46'32.41""N, 106°40'15.22""E",FIX,
12:41:41.717,1786167701.717,TRACKING,4.149,-0.004,-0.002,-0.00,0.450,-0.000,0.000,0.000,0.000,1.000,4.15,10.77567061,106.67089389,10.51,"10°46'32.41""N, 106°40'15.22""E",FIX,
12:41:41.802,1786167701.802,TRACKING,4.185,-0.004,-0.002,-0.00,0.450,-0.000,0.000,0.000,0.000,1.000,4.18,10.77567061,106.67089430,10.51,"10°46'32.41""N, 106°40'15.22""E",FIX,
12:41:41.882,1786167701.882,TRACKING,4.212,-0.004,-0.002,-0.00,0.450,-0.000,0.000,0.000,0.000,1.000,4.21,10.77567061,106.67089430,10.51,"10°46'32.41""N, 106°40'15.22""E",FIX,
12:41:41.948,1786167701.948,TRACKING,4.239,-0.004,-0.002,-0.00,0.450,-0.000,0.000,0.000,0.000,1.000,4.24,10.77567061,106.67089430,10.51,"10°46'32.41""N, 106°40'15.22""E",FIX,
12:41:42.045,1786167702.045,TRACKING,4.275,-0.004,-0.002,-0.00,0.450,-0.000,0.000,0.000,0.000,1.000,4.27,10.77567061,106.67089472,10.51,"10°46'32.41""N, 106°40'15.22""E",FIX,
12:41:42.128,1786167702.128,TRACKING,4.302,-0.004,-0.002,-0.00,0.450,-0.000,0.000,0.000,0.000,1.000,4.30,10.77567061,106.67089472,10.51,"10°46'32.41""N, 106°40'15.22""E",FIX,
12:41:42.211,1786167702.211,TRACKING,4.329,-0.004,-0.002,-0.00,0.450,-0.000,0.000,0.000,0.000,1.000,4.33,10.77567061,106.67089472,10.51,"10°46'32.41""N, 106°40'15.22""E",FIX,
12:41:42.301,1786167702.301,TRACKING,4.356,-0.004,-0.002,-0.00,0.450,-0.000,0.000,0.000,0.000,1.000,4.36,10.77567061,106.67089513,10.51,"10°46'32.41""N, 106°40'15.22""E",FIX,
12:41:42.401,1786167702.401,TRACKING,4.392,-0.004,-0.002,-0.00,0.450,-0.000,0.000,0.000,0.000,1.000,4.39,10.77567061,106.67089513,10.51,"10°46'32.41""N, 106°40'15.22""E",FIX,
12:41:42.497,1786167702.498,TRACKING,4.419,-0.004,-0.002,-0.00,0.450,-0.000,0.000,0.000,0.000,1.000,4.42,10.77567061,106.67089513,10.51,"10°46'32.41""N, 106°40'15.22""E",FIX,
12:41:42.588,1786167702.589,TRACKING,4.446,-0.004,-0.002,-0.00,0.450,-0.000,0.000,0.000,0.000,1.000,4.45,10.77567061,106.67089554,10.51,"10°46'32.41""N, 106°40'15.22""E",FIX,
12:41:42.658,1786167702.659,TRACKING,4.473,-0.005,-0.002,-0.00,0.450,-0.000,0.000,0.000,0.000,1.000,4.47,10.77567061,106.67089554,10.51,"10°46'32.41""N, 106°40'15.22""E",FIX,
12:41:42.750,1786167702.751,TRACKING,4.509,-0.005,-0.002,-0.00,0.450,-0.000,0.000,0.000,0.000,1.000,4.51,10.77567061,106.67089554,10.51,"10°46'32.41""N, 106°40'15.22""E",FIX,
12:41:42.852,1786167702.853,TRACKING,4.536,-0.005,-0.002,-0.00,0.450,-0.000,0.000,0.000,0.000,0.646,4.54,10.77567061,106.67089595,10.51,"10°46'32.41""N, 106°40'15.23""E",FIX,
12:41:42.901,1786167702.902,TRACKING,4.563,-0.005,-0.002,-0.00,0.450,-0.000,0.000,0.000,0.000,0.625,4.56,10.77567061,106.67089595,10.51,"10°46'32.41""N, 106°40'15.23""E",FIX,
12:41:42.990,1786167702.991,TRACKING,4.590,-0.005,-0.002,-0.00,0.450,-0.000,0.000,0.000,0.000,0.687,4.59,10.77567061,106.67089595,10.51,"10°46'32.41""N, 106°40'15.23""E",FIX,
12:41:43.093,1786167703.093,TRACKING,4.626,-0.005,-0.002,-0.00,0.450,-0.000,0.000,0.000,0.000,0.750,4.63,10.77567061,106.67089636,10.51,"10°46'32.41""N, 106°40'15.23""E",FIX,
12:41:43.179,1786167703.180,TRACKING,4.662,-0.005,-0.002,-0.00,0.450,-0.000,0.000,0.000,0.000,0.833,4.66,10.77567061,106.67089636,10.51,"10°46'32.41""N, 106°40'15.23""E",FIX,
12:41:43.257,1786167703.258,TRACKING,4.680,-0.005,-0.002,-0.00,0.450,-0.000,0.000,0.000,0.000,0.917,4.68,10.77567061,106.67089636,10.51,"10°46'32.41""N, 106°40'15.23""E",FIX,
12:41:43.380,1786167703.381,TRACKING,4.716,-0.005,-0.002,-0.00,0.450,-0.000,0.000,0.000,0.000,1.000,4.72,10.77567061,106.67089677,10.51,"10°46'32.41""N, 106°40'15.23""E",FIX,
12:41:43.489,1786167703.489,TRACKING,4.743,-0.005,-0.002,-0.00,0.450,-0.000,0.000,0.000,0.000,1.000,4.74,10.77567061,106.67089677,10.51,"10°46'32.41""N, 106°40'15.23""E",FIX,
12:41:43.567,1786167703.568,TRACKING,4.779,-0.005,-0.002,-0.00,0.450,-0.000,0.000,0.000,0.000,1.000,4.78,10.77567061,106.67089677,10.51,"10°46'32.41""N, 106°40'15.23""E",FIX,
12:41:43.654,1786167703.655,TRACKING,4.797,-0.005,-0.002,-0.00,0.450,-0.000,0.000,0.000,0.000,1.000,4.80,10.77567061,106.67089719,10.51,"10°46'32.41""N, 106°40'15.23""E",FIX,
12:41:43.763,1786167703.764,TRACKING,4.833,-0.005,-0.002,-0.00,0.450,-0.000,0.000,0.000,0.000,1.000,4.83,10.77567061,106.67089719,10.51,"10°46'32.41""N, 106°40'15.23""E",FIX,
12:41:43.837,1786167703.837,TRACKING,4.860,-0.005,-0.002,-0.00,0.450,-0.000,0.000,0.000,0.000,1.000,4.86,10.77567061,106.67089719,10.51,"10°46'32.41""N, 106°40'15.23""E",FIX,
12:41:43.938,1786167703.938,TRACKING,4.896,-0.005,-0.002,-0.00,0.450,-0.000,0.000,0.000,0.000,1.000,4.90,10.77567061,106.67089760,10.51,"10°46'32.41""N, 106°40'15.23""E",FIX,
12:41:44.014,1786167704.014,TRACKING,4.923,-0.006,-0.002,-0.00,0.450,-0.000,0.000,0.000,0.000,1.000,4.92,10.77567061,106.67089760,10.51,"10°46'32.41""N, 106°40'15.23""E",FIX,
12:41:44.076,1786167704.077,TRACKING,4.950,-0.006,-0.002,-0.00,0.450,-0.000,0.000,0.000,0.000,1.000,4.95,10.77567061,106.67089760,10.51,"10°46'32.41""N, 106°40'15.23""E",FIX,
12:41:44.162,1786167704.163,TRACKING,4.977,-0.006,-0.002,-0.00,0.450,-0.000,0.000,0.000,0.000,1.000,4.98,10.77567061,106.67089801,10.51,"10°46'32.41""N, 106°40'15.23""E",FIX,
12:41:44.271,1786167704.272,TRACKING,5.013,-0.006,-0.002,-0.00,0.450,-0.000,0.000,0.000,0.000,1.000,5.01,10.77567061,106.67089801,10.51,"10°46'32.41""N, 106°40'15.23""E",FIX,
12:41:44.350,1786167704.351,TRACKING,5.040,-0.006,-0.002,-0.00,0.450,-0.000,0.000,0.000,0.000,1.000,5.04,10.77567061,106.67089801,10.51,"10°46'32.41""N, 106°40'15.23""E",FIX,
12:41:44.451,1786167704.452,TRACKING,5.067,-0.006,-0.002,-0.00,0.450,-0.000,0.000,0.000,0.000,1.000,5.07,10.77567061,106.67089842,10.51,"10°46'32.41""N, 106°40'15.23""E",FIX,
12:41:44.535,1786167704.536,TRACKING,5.103,-0.006,-0.002,-0.00,0.450,-0.000,0.000,0.000,0.000,1.000,5.10,10.77567061,106.67089842,10.51,"10°46'32.41""N, 106°40'15.23""E",FIX,
12:41:44.635,1786167704.636,TRACKING,5.130,-0.006,-0.002,-0.00,0.450,-0.000,0.000,0.000,0.000,1.000,5.13,10.77567061,106.67089842,10.51,"10°46'32.41""N, 106°40'15.23""E",FIX,
12:41:44.714,1786167704.714,TRACKING,5.157,-0.006,-0.002,-0.00,0.450,-0.000,0.000,0.000,0.000,1.000,5.16,10.77567061,106.67089883,10.51,"10°46'32.41""N, 106°40'15.24""E",FIX,
12:41:44.831,1786167704.832,TRACKING,5.193,-0.006,-0.002,-0.00,0.450,-0.000,0.000,0.000,0.000,1.000,5.19,10.77567061,106.67089883,10.51,"10°46'32.41""N, 106°40'15.24""E",FIX,
12:41:44.899,1786167704.900,TRACKING,5.220,-0.006,-0.002,-0.00,0.450,0.008,0.000,0.000,0.000,1.000,5.22,10.77567061,106.67089883,10.51,"10°46'32.41""N, 106°40'15.24""E",FIX,
12:41:45.002,1786167705.002,TRACKING,5.247,-0.006,-0.002,-0.00,0.450,-0.002,0.000,0.000,0.000,1.000,5.25,10.77567060,106.67089924,10.51,"10°46'32.41""N, 106°40'15.24""E",FIX,
12:41:45.107,1786167705.108,TRACKING,5.274,-0.006,-0.002,-0.00,0.450,0.006,0.000,0.000,0.000,1.000,5.27,10.77567060,106.67089924,10.51,"10°46'32.41""N, 106°40'15.24""E",FIX,
12:41:45.191,1786167705.191,TRACKING,5.301,-0.006,-0.002,-0.01,0.450,0.014,0.000,0.000,0.000,1.000,5.30,10.77567060,106.67089924,10.51,"10°46'32.41""N, 106°40'15.24""E",FIX,
12:41:45.294,1786167705.295,TRACKING,5.337,-0.006,-0.001,-0.02,0.450,0.015,0.000,0.000,0.000,0.542,5.34,10.77567060,106.67089965,10.51,"10°46'32.41""N, 106°40'15.24""E",FIX,
12:41:45.379,1786167705.380,TRACKING,5.373,-0.006,0.000,-0.02,0.450,0.012,0.000,0.000,0.000,0.604,5.37,10.77567060,106.67089965,10.51,"10°46'32.41""N, 106°40'15.24""E",FIX,
12:41:45.465,1786167705.466,TRACKING,5.409,-0.006,0.002,-0.02,0.450,0.011,0.000,0.000,0.000,0.667,5.41,10.77567060,106.67089965,10.51,"10°46'32.41""N, 106°40'15.24""E",FIX,
12:41:45.541,1786167705.542,TRACKING,5.427,-0.006,0.002,-0.02,0.450,0.001,0.000,0.000,0.000,0.750,5.43,10.77567060,106.67090007,10.51,"10°46'32.41""N, 106°40'15.24""E",FIX,
12:41:45.646,1786167705.647,TRACKING,5.463,-0.006,0.002,-0.02,0.450,0.004,0.000,0.000,0.000,0.833,5.46,10.77567060,106.67090007,10.51,"10°46'32.41""N, 106°40'15.24""E",FIX,
12:41:45.717,1786167705.717,TRACKING,5.490,-0.006,0.002,-0.02,0.450,0.003,0.000,0.000,0.000,0.896,5.49,10.77567060,106.67090007,10.51,"10°46'32.41""N, 106°40'15.24""E",FIX,
12:41:45.799,1786167705.799,TRACKING,5.517,-0.006,0.003,-0.02,0.450,0.004,0.000,0.000,0.000,0.979,5.52,10.77567060,106.67090048,10.51,"10°46'32.41""N, 106°40'15.24""E",FIX,
12:41:45.887,1786167705.888,TRACKING,5.544,-0.006,0.003,-0.02,0.450,0.004,0.000,0.000,0.000,1.000,5.54,10.77567060,106.67090048,10.51,"10°46'32.41""N, 106°40'15.24""E",FIX,
12:41:45.974,1786167705.975,TRACKING,5.580,-0.006,0.003,-0.02,0.450,0.005,0.000,0.000,0.000,1.000,5.58,10.77567060,106.67090048,10.51,"10°46'32.41""N, 106°40'15.24""E",FIX,
12:41:46.054,1786167706.055,TRACKING,5.607,-0.006,0.004,-0.02,0.450,0.005,0.000,0.000,0.000,1.000,5.61,10.77567060,106.67090089,10.51,"10°46'32.41""N, 106°40'15.24""E",FIX,
12:41:46.117,1786167706.117,TRACKING,5.634,-0.006,0.004,-0.02,0.450,0.005,0.000,0.000,0.000,1.000,5.63,10.77567060,106.67090089,10.51,"10°46'32.41""N, 106°40'15.24""E",FIX,
12:41:46.226,1786167706.226,TRACKING,5.661,-0.006,0.004,-0.02,0.450,0.005,0.000,0.000,0.000,1.000,5.66,10.77567060,106.67090089,10.51,"10°46'32.41""N, 106°40'15.24""E",FIX,
12:41:46.304,1786167706.305,TRACKING,5.697,-0.005,0.005,-0.02,0.450,0.005,0.000,0.000,0.000,1.000,5.70,10.77567060,106.67090130,10.51,"10°46'32.41""N, 106°40'15.24""E",FIX,
12:41:46.405,1786167706.406,TRACKING,5.724,-0.005,0.005,-0.02,0.450,0.005,0.000,0.000,0.000,1.000,5.72,10.77567060,106.67090130,10.51,"10°46'32.41""N, 106°40'15.24""E",FIX,
12:41:46.526,1786167706.526,TRACKING,5.751,-0.005,0.005,-0.02,0.450,0.005,0.000,0.000,0.000,1.000,5.75,10.77567060,106.67090130,10.51,"10°46'32.41""N, 106°40'15.24""E",FIX,
12:41:46.621,1786167706.622,TRACKING,5.787,-0.005,0.005,-0.02,0.450,0.005,0.000,0.000,0.000,1.000,5.79,10.77567060,106.67090171,10.51,"10°46'32.41""N, 106°40'15.25""E",FIX,
12:41:46.727,1786167706.728,TRACKING,5.814,-0.005,0.006,-0.02,0.450,0.001,0.000,0.000,0.000,1.000,5.81,10.77567060,106.67090171,10.51,"10°46'32.41""N, 106°40'15.25""E",FIX,
12:41:46.828,1786167706.829,TRACKING,5.850,-0.005,0.006,-0.02,0.450,0.006,0.000,0.000,0.000,1.000,5.85,10.77567060,106.67090171,10.51,"10°46'32.41""N, 106°40'15.25""E",FIX,
12:41:46.901,1786167706.902,TRACKING,5.877,-0.004,0.006,-0.02,0.450,0.005,0.000,0.000,0.000,1.000,5.88,10.77567060,106.67090212,10.51,"10°46'32.41""N, 106°40'15.25""E",FIX,
12:41:46.974,1786167706.974,TRACKING,5.904,-0.004,0.007,-0.01,0.450,-0.002,0.000,0.000,0.000,1.000,5.90,10.77567060,106.67090212,10.51,"10°46'32.41""N, 106°40'15.25""E",FIX,
12:41:47.057,1786167707.057,TRACKING,5.931,-0.004,0.007,-0.01,0.450,-0.001,0.000,0.000,0.000,1.000,5.93,10.77567060,106.67090212,10.51,"10°46'32.41""N, 106°40'15.25""E",FIX,
12:41:47.157,1786167707.157,TRACKING,5.958,-0.004,0.007,-0.01,0.450,0.001,0.000,0.000,0.000,1.000,5.96,10.77567060,106.67090212,10.51,"10°46'32.41""N, 106°40'15.25""E",FIX,
12:41:47.246,1786167707.247,TRACKING,5.994,-0.004,0.007,-0.01,0.450,0.001,0.000,0.000,0.000,1.000,5.99,10.77567060,106.67090253,10.51,"10°46'32.41""N, 106°40'15.25""E",FIX,
12:41:47.332,1786167707.332,TRACKING,6.021,-0.004,0.007,-0.01,0.450,0.002,0.000,0.000,0.000,1.000,6.02,10.77567060,106.67090253,10.51,"10°46'32.41""N, 106°40'15.25""E",FIX,
12:41:47.446,1786167707.447,TRACKING,6.057,-0.003,0.007,-0.01,0.450,0.002,0.000,0.000,0.000,1.000,6.06,10.77567060,106.67090295,10.51,"10°46'32.41""N, 106°40'15.25""E",FIX,
12:41:47.514,1786167707.515,TRACKING,6.084,-0.003,0.007,-0.01,0.450,0.002,0.000,0.000,0.000,1.000,6.08,10.77567060,106.67090295,10.51,"10°46'32.41""N, 106°40'15.25""E",FIX,
12:41:47.577,1786167707.577,TRACKING,6.102,-0.003,0.007,-0.00,0.450,-0.017,0.000,0.000,0.000,1.000,6.10,10.77567060,106.67090295,10.51,"10°46'32.41""N, 106°40'15.25""E",FIX,
12:41:47.696,1786167707.696,TRACKING,6.147,-0.003,0.006,0.00,0.450,-0.006,0.000,0.000,0.000,0.583,6.15,10.77567061,106.67090336,10.51,"10°46'32.41""N, 106°40'15.25""E",FIX,
12:41:47.762,1786167707.763,TRACKING,6.174,-0.003,0.005,0.00,0.450,-0.008,0.000,0.000,0.000,0.646,6.17,10.77567061,106.67090336,10.51,"10°46'32.41""N, 106°40'15.25""E",FIX,
12:41:47.869,1786167707.869,TRACKING,6.201,-0.002,0.005,0.01,0.450,-0.005,0.000,0.000,0.000,0.708,6.20,10.77567061,106.67090336,10.51,"10°46'32.41""N, 106°40'15.25""E",FIX,
12:41:47.954,1786167707.955,TRACKING,6.228,-0.002,0.004,0.01,0.450,-0.004,0.000,0.000,0.000,0.771,6.23,10.77567061,106.67090336,10.51,"10°46'32.41""N, 106°40'15.25""E",FIX,
12:41:48.031,1786167708.032,TRACKING,6.264,-0.002,0.004,0.01,0.450,-0.004,0.000,0.000,0.000,0.833,6.26,10.77567061,106.67090377,10.51,"10°46'32.41""N, 106°40'15.25""E",FIX,
12:41:48.148,1786167708.148,TRACKING,6.291,-0.002,0.004,0.01,0.450,0.003,0.000,0.000,0.000,0.917,6.29,10.77567061,106.67090377,10.51,"10°46'32.41""N, 106°40'15.25""E",FIX,
12:41:48.213,1786167708.214,TRACKING,6.318,-0.002,0.004,0.00,0.450,0.004,0.000,0.000,0.000,1.000,6.32,10.77567061,106.67090377,10.51,"10°46'32.41""N, 106°40'15.25""E",FIX,
12:41:48.302,1786167708.302,TRACKING,6.345,-0.002,0.004,0.01,0.450,-0.006,0.000,0.000,0.000,1.000,6.34,10.77567061,106.67090418,10.51,"10°46'32.41""N, 106°40'15.26""E",FIX,
12:41:48.406,1786167708.406,TRACKING,6.381,-0.002,0.004,0.01,0.450,-0.004,0.000,0.000,0.000,1.000,6.38,10.77567061,106.67090418,10.51,"10°46'32.41""N, 106°40'15.26""E",FIX,
12:41:48.482,1786167708.482,TRACKING,6.417,-0.002,0.003,0.01,0.450,-0.003,0.000,0.000,0.000,1.000,6.42,10.77567061,106.67090459,10.51,"10°46'32.41""N, 106°40'15.26""E",FIX,
12:41:48.568,1786167708.568,TRACKING,6.435,-0.002,0.003,0.00,0.450,0.006,0.000,0.000,0.000,1.000,6.43,10.77567061,106.67090459,10.51,"10°46'32.41""N, 106°40'15.26""E",FIX,
12:41:48.682,1786167708.683,TRACKING,6.462,-0.001,0.003,0.01,0.450,-0.005,0.000,0.000,0.000,1.000,6.46,10.77567061,106.67090459,10.51,"10°46'32.41""N, 106°40'15.26""E",FIX,
12:41:48.787,1786167708.788,TRACKING,6.498,-0.001,0.003,0.01,0.450,-0.004,0.000,0.000,0.000,1.000,6.50,10.77567061,106.67090459,10.51,"10°46'32.41""N, 106°40'15.26""E",FIX,
12:41:48.862,1786167708.863,TRACKING,6.525,-0.001,0.003,0.01,0.450,0.000,0.000,0.000,0.000,1.000,6.52,10.77567061,106.67090500,10.51,"10°46'32.41""N, 106°40'15.26""E",FIX,
12:41:48.952,1786167708.953,TRACKING,6.552,-0.001,0.003,0.01,0.450,-0.004,0.000,0.000,0.000,1.000,6.55,10.77567061,106.67090500,10.51,"10°46'32.41""N, 106°40'15.26""E",FIX,
12:41:49.052,1786167709.053,TRACKING,6.588,-0.001,0.003,0.01,0.450,-0.003,0.000,0.000,0.000,1.000,6.59,10.77567061,106.67090500,10.51,"10°46'32.41""N, 106°40'15.26""E",FIX,
12:41:49.129,1786167709.130,TRACKING,6.615,-0.001,0.003,0.01,0.450,0.005,0.000,0.000,0.000,1.000,6.61,10.77567061,106.67090541,10.51,"10°46'32.41""N, 106°40'15.26""E",FIX,
12:41:49.212,1786167709.212,TRACKING,6.642,-0.001,0.003,0.01,0.450,-0.005,0.000,0.000,0.000,1.000,6.64,10.77567061,106.67090541,10.51,"10°46'32.41""N, 106°40'15.26""E",FIX,
12:41:49.322,1786167709.323,TRACKING,6.678,-0.001,0.002,0.01,0.450,-0.003,0.000,0.000,0.000,1.000,6.68,10.77567061,106.67090541,10.51,"10°46'32.41""N, 106°40'15.26""E",FIX,
12:41:49.407,1786167709.407,TRACKING,6.705,-0.001,0.002,0.01,0.450,-0.003,0.000,0.000,0.000,1.000,6.70,10.77567061,106.67090583,10.51,"10°46'32.41""N, 106°40'15.26""E",FIX,
12:41:49.493,1786167709.494,TRACKING,6.732,-0.001,0.002,0.01,0.450,-0.003,0.000,0.000,0.000,1.000,6.73,10.77567061,106.67090583,10.51,"10°46'32.41""N, 106°40'15.26""E",FIX,
12:41:49.605,1786167709.606,TRACKING,6.768,-0.001,0.002,0.01,0.450,-0.003,0.000,0.000,0.000,1.000,6.77,10.77567061,106.67090583,10.51,"10°46'32.41""N, 106°40'15.26""E",FIX,
12:41:49.689,1786167709.689,TRACKING,6.786,-0.001,0.002,0.01,0.450,-0.003,0.000,0.000,0.000,1.000,6.79,10.77567061,106.67090624,10.51,"10°46'32.41""N, 106°40'15.26""E",FIX,
12:41:49.752,1786167709.753,TRACKING,6.786,-0.001,0.002,0.01,0.450,-0.003,0.000,0.000,0.000,1.000,6.79,10.77567061,106.67090624,10.51,"10°46'32.41""N, 106°40'15.26""E",FIX,
12:41:49.848,1786167709.848,TRACKING,6.786,-0.001,0.002,0.01,0.450,-0.003,0.000,0.000,0.000,1.000,6.79,10.77567061,106.67090624,10.51,"10°46'32.41""N, 106°40'15.26""E",FIX,
12:41:49.935,1786167709.936,TRACKING,6.885,-0.000,0.001,0.01,0.450,-0.002,0.000,0.000,0.000,1.000,6.88,10.77567061,106.67090665,10.51,"10°46'32.41""N, 106°40'15.26""E",FIX,
12:41:50.012,1786167710.012,TRACKING,6.912,-0.000,0.001,0.01,0.450,-0.002,0.000,0.000,0.000,0.979,6.91,10.77567061,106.67090665,10.51,"10°46'32.41""N, 106°40'15.26""E",FIX,
12:41:50.093,1786167710.093,TRACKING,6.939,-0.000,0.001,0.01,0.450,-0.002,0.000,0.000,0.000,0.583,6.94,10.77567061,106.67090665,10.51,"10°46'32.41""N, 106°40'15.26""E",FIX,
12:41:50.183,1786167710.184,TRACKING,6.966,-0.000,0.001,0.01,0.450,-0.002,0.000,0.000,0.000,0.646,6.97,10.77567061,106.67090706,10.51,"10°46'32.41""N, 106°40'15.27""E",FIX,
12:41:50.272,1786167710.272,TRACKING,7.002,-0.000,0.000,0.01,0.450,-0.002,0.000,0.000,0.000,0.708,7.00,10.77567061,106.67090706,10.51,"10°46'32.41""N, 106°40'15.27""E",FIX,
12:41:50.364,1786167710.365,TRACKING,7.029,-0.000,0.000,0.01,0.450,-0.002,0.000,0.000,0.000,0.771,7.03,10.77567061,106.67090706,10.51,"10°46'32.41""N, 106°40'15.27""E",FIX,
12:41:50.461,1786167710.462,TRACKING,7.056,-0.000,0.000,0.01,0.450,-0.002,0.000,0.000,0.000,0.854,7.06,10.77567062,106.67090747,10.51,"10°46'32.41""N, 106°40'15.27""E",FIX,
12:41:50.542,1786167710.543,TRACKING,7.092,-0.000,-0.000,0.01,0.450,-0.002,0.000,0.000,0.000,0.917,7.09,10.77567062,106.67090747,10.51,"10°46'32.41""N, 106°40'15.27""E",FIX,
12:41:50.668,1786167710.668,TRACKING,7.119,-0.000,-0.000,0.01,0.450,0.004,0.000,0.000,0.000,1.000,7.12,10.77567062,106.67090747,10.51,"10°46'32.41""N, 106°40'15.27""E",FIX,
12:41:50.767,1786167710.768,TRACKING,7.146,-0.000,-0.000,0.01,0.450,-0.005,0.000,0.000,0.000,1.000,7.15,10.77567062,106.67090788,10.51,"10°46'32.41""N, 106°40'15.27""E",FIX,
12:41:50.896,1786167710.896,TRACKING,7.182,-0.000,-0.001,0.01,0.450,-0.000,0.000,0.000,0.000,1.000,7.18,10.77567062,106.67090788,10.51,"10°46'32.41""N, 106°40'15.27""E",FIX,
12:41:50.983,1786167710.983,TRACKING,7.218,-0.000,-0.001,0.00,0.450,0.003,0.000,0.000,0.000,1.000,7.22,10.77567062,106.67090788,10.51,"10°46'32.41""N, 106°40'15.27""E",FIX,
12:41:51.046,1786167711.046,TRACKING,7.245,-0.000,-0.001,0.00,0.450,0.002,0.000,0.000,0.000,1.000,7.24,10.77567062,106.67090829,10.51,"10°46'32.41""N, 106°40'15.27""E",FIX,
12:41:51.125,1786167711.125,TRACKING,7.263,-0.000,-0.000,0.00,0.450,-0.007,0.000,0.000,0.000,1.000,7.26,10.77567062,106.67090829,10.51,"10°46'32.41""N, 106°40'15.27""E",FIX,
12:41:51.208,1786167711.209,TRACKING,7.299,-0.001,-0.001,0.01,0.450,-0.005,0.000,0.000,0.000,1.000,7.30,10.77567062,106.67090829,10.51,"10°46'32.41""N, 106°40'15.27""E",FIX,
12:41:51.328,1786167711.328,TRACKING,7.326,-0.001,-0.001,0.01,0.450,-0.004,0.000,0.000,0.000,1.000,7.33,10.77567062,106.67090871,10.51,"10°46'32.41""N, 106°40'15.27""E",FIX,
12:41:51.387,1786167711.387,TRACKING,7.353,-0.001,-0.001,0.00,0.450,0.005,0.000,0.000,0.000,1.000,7.35,10.77567062,106.67090871,10.51,"10°46'32.41""N, 106°40'15.27""E",FIX,
12:41:51.490,1786167711.491,TRACKING,7.380,-0.001,-0.001,0.00,0.450,0.003,0.000,0.000,0.000,1.000,7.38,10.77567062,106.67090871,10.51,"10°46'32.41""N, 106°40'15.27""E",FIX,
12:41:51.601,1786167711.602,TRACKING,7.416,-0.001,-0.001,0.01,0.450,-0.005,0.000,0.000,0.000,1.000,7.42,10.77567062,106.67090912,10.51,"10°46'32.41""N, 106°40'15.27""E",FIX,
12:41:51.693,1786167711.694,TRACKING,7.452,-0.001,-0.001,0.01,0.450,-0.005,0.000,0.000,0.000,1.000,7.45,10.77567062,106.67090912,10.51,"10°46'32.41""N, 106°40'15.27""E",FIX,
12:41:51.803,1786167711.803,TRACKING,7.479,-0.001,-0.001,0.01,0.450,-0.004,0.000,0.000,0.000,1.000,7.48,10.77567062,106.67090912,10.51,"10°46'32.41""N, 106°40'15.27""E",FIX,
12:41:51.868,1786167711.868,TRACKING,7.506,-0.001,-0.002,0.01,0.450,-0.004,0.000,0.000,0.000,1.000,7.51,10.77567062,106.67090953,10.51,"10°46'32.41""N, 106°40'15.27""E",FIX,
12:41:51.957,1786167711.957,TRACKING,7.542,-0.001,-0.002,0.01,0.450,0.004,0.000,0.000,0.000,1.000,7.54,10.77567062,106.67090953,10.51,"10°46'32.41""N, 106°40'15.27""E",FIX,
12:41:52.053,1786167712.053,TRACKING,7.569,-0.001,-0.002,0.01,0.450,-0.004,0.000,0.000,0.000,1.000,7.57,10.77567062,106.67090953,10.51,"10°46'32.41""N, 106°40'15.27""E",FIX,
12:41:52.121,1786167712.121,TRACKING,7.596,-0.001,-0.002,0.01,0.450,-0.004,0.000,0.000,0.000,1.000,7.60,10.77567062,106.67090994,10.51,"10°46'32.41""N, 106°40'15.28""E",FIX,
12:41:52.196,1786167712.196,TRACKING,7.623,-0.001,-0.002,0.00,0.450,0.004,0.000,0.000,0.000,1.000,7.62,10.77567062,106.67090994,10.51,"10°46'32.41""N, 106°40'15.28""E",FIX,
12:41:52.286,1786167712.287,TRACKING,7.650,-0.001,-0.002,0.00,0.450,0.002,0.000,0.000,0.000,1.000,7.65,10.77567062,106.67090994,10.51,"10°46'32.41""N, 106°40'15.28""E",FIX,
12:41:52.379,1786167712.380,TRACKING,7.686,-0.001,-0.002,-0.01,0.450,0.040,0.000,0.000,0.000,1.000,7.69,10.77567062,106.67091035,10.51,"10°46'32.41""N, 106°40'15.28""E",FIX,
12:41:52.493,1786167712.494,TRACKING,7.713,-0.001,-0.000,-0.03,0.450,0.028,0.000,0.000,0.000,0.646,7.71,10.77567062,106.67091035,10.51,"10°46'32.41""N, 106°40'15.28""E",FIX,
12:41:52.597,1786167712.597,TRACKING,7.758,-0.001,0.003,-0.03,0.450,0.013,0.000,0.000,0.000,0.542,7.76,10.77567062,106.67091035,10.51,"10°46'32.41""N, 106°40'15.28""E",FIX,
12:41:52.656,1786167712.656,TRACKING,7.767,-0.001,0.004,-0.03,0.450,0.006,0.000,0.000,0.000,0.604,7.77,10.77567061,106.67091076,10.51,"10°46'32.41""N, 106°40'15.28""E",FIX,
12:41:52.722,1786167712.723,TRACKING,7.803,-0.001,0.004,-0.03,0.450,0.007,0.000,0.000,0.000,0.667,7.80,10.77567061,106.67091076,10.51,"10°46'32.41""N, 106°40'15.28""E",FIX,
12:41:52.796,1786167712.796,TRACKING,7.830,-0.001,0.005,-0.03,0.450,0.007,0.000,0.000,0.000,0.750,7.83,10.77567061,106.67091076,10.51,"10°46'32.41""N, 106°40'15.28""E",FIX,
12:41:52.890,1786167712.891,TRACKING,7.866,-0.001,0.005,-0.03,0.450,0.007,0.000,0.000,0.000,0.833,7.87,10.77567061,106.67091117,10.51,"10°46'32.41""N, 106°40'15.28""E",FIX,
12:41:52.993,1786167712.993,TRACKING,7.893,-0.000,0.006,-0.03,0.450,0.007,0.000,0.000,0.000,0.917,7.89,10.77567061,106.67091117,10.51,"10°46'32.41""N, 106°40'15.28""E",FIX,
12:41:53.069,1786167713.070,TRACKING,7.920,-0.000,0.006,-0.03,0.450,0.007,0.000,0.000,0.000,0.979,7.92,10.77567061,106.67091117,10.51,"10°46'32.41""N, 106°40'15.28""E",FIX,
12:41:53.178,1786167713.178,TRACKING,7.947,-0.000,0.007,-0.03,0.450,0.007,0.000,0.000,0.000,1.000,7.95,10.77567061,106.67091159,10.51,"10°46'32.41""N, 106°40'15.28""E",FIX,
12:41:53.286,1786167713.286,TRACKING,7.983,0.000,0.007,-0.03,0.450,0.007,0.000,0.000,0.000,1.000,7.98,10.77567061,106.67091159,10.51,"10°46'32.41""N, 106°40'15.28""E",FIX,
12:41:53.374,1786167713.375,TRACKING,8.010,0.000,0.008,-0.03,0.450,0.007,0.000,0.000,0.000,1.000,8.01,10.77567061,106.67091159,10.51,"10°46'32.41""N, 106°40'15.28""E",FIX,
12:41:53.472,1786167713.472,TRACKING,8.037,0.001,0.008,-0.02,0.450,-0.003,0.000,0.000,0.000,1.000,8.04,10.77567061,106.67091200,10.51,"10°46'32.41""N, 106°40'15.28""E",FIX,
12:41:53.606,1786167713.607,TRACKING,8.073,0.001,0.008,-0.03,0.450,0.008,0.000,0.000,0.000,1.000,8.07,10.77567061,106.67091200,10.51,"10°46'32.41""N, 106°40'15.28""E",FIX,
12:41:53.673,1786167713.673,TRACKING,8.100,0.001,0.008,-0.03,0.450,0.009,0.000,0.000,0.000,1.000,8.10,10.77567061,106.67091200,10.51,"10°46'32.41""N, 106°40'15.28""E",FIX,
12:41:53.776,1786167713.777,TRACKING,8.127,0.001,0.008,-0.03,0.450,0.008,0.000,0.000,0.000,1.000,8.13,10.77567061,106.67091241,10.51,"10°46'32.41""N, 106°40'15.28""E",FIX,
12:41:53.882,1786167713.882,TRACKING,8.163,0.002,0.009,-0.02,0.450,0.000,0.000,0.000,0.000,1.000,8.16,10.77567061,106.67091241,10.51,"10°46'32.41""N, 106°40'15.28""E",FIX,
12:41:53.950,1786167713.950,TRACKING,8.190,0.002,0.009,-0.02,0.450,0.002,0.000,0.000,0.000,1.000,8.19,10.77567061,106.67091241,10.51,"10°46'32.41""N, 106°40'15.28""E",FIX,
12:41:54.018,1786167714.019,TRACKING,8.217,0.002,0.010,-0.02,0.450,0.003,0.000,0.000,0.000,1.000,8.22,10.77567061,106.67091282,10.51,"10°46'32.41""N, 106°40'15.29""E",FIX,
12:41:54.090,1786167714.090,TRACKING,8.253,0.002,0.010,-0.02,0.450,0.004,0.000,0.000,0.000,1.000,8.25,10.77567061,106.67091282,10.51,"10°46'32.41""N, 106°40'15.29""E",FIX,
12:41:54.171,1786167714.171,TRACKING,8.271,0.003,0.010,-0.02,0.450,0.004,0.000,0.000,0.000,1.000,8.27,10.77567061,106.67091282,10.51,"10°46'32.41""N, 106°40'15.29""E",FIX,
12:41:54.243,1786167714.243,TRACKING,8.298,0.003,0.010,-0.02,0.450,0.004,0.000,0.000,0.000,1.000,8.30,10.77567061,106.67091282,10.51,"10°46'32.41""N, 106°40'15.29""E",FIX,
12:41:54.339,1786167714.339,TRACKING,8.334,0.003,0.010,-0.02,0.450,0.005,0.000,0.000,0.000,1.000,8.33,10.77567061,106.67091323,10.51,"10°46'32.41""N, 106°40'15.29""E",FIX,
12:41:54.420,1786167714.420,TRACKING,8.361,0.004,0.011,-0.02,0.450,0.005,0.000,0.000,0.000,1.000,8.36,10.77567061,106.67091323,10.51,"10°46'32.41""N, 106°40'15.29""E",FIX,
12:41:54.538,1786167714.538,TRACKING,8.397,0.004,0.011,-0.02,0.450,0.005,0.000,0.000,0.000,1.000,8.40,10.77567062,106.67091364,10.51,"10°46'32.41""N, 106°40'15.29""E",FIX,
12:41:54.669,1786167714.669,TRACKING,8.424,0.004,0.011,-0.02,0.450,0.005,0.000,0.000,0.000,1.000,8.42,10.77567062,106.67091364,10.51,"10°46'32.41""N, 106°40'15.29""E",FIX,
12:41:54.753,1786167714.754,TRACKING,8.460,0.005,0.012,-0.02,0.450,0.011,0.000,0.000,0.000,1.000,8.46,10.77567062,106.67091364,10.51,"10°46'32.41""N, 106°40'15.29""E",FIX,
12:41:54.827,1786167714.827,TRACKING,8.487,0.005,0.012,-0.02,0.450,0.011,0.000,0.000,0.000,1.000,8.49,10.77567062,106.67091405,10.51,"10°46'32.41""N, 106°40'15.29""E",FIX,
12:42:02.821,1786167722.822,UTURN_PLANNING,11.052,0.041,0.014,0.00,0.000,0.000,0.000,0.000,0.000,0.000,0.00,10.77567069,106.67092557,10.51,"10°46'32.41""N, 106°40'15.33""E",FIX,
12:42:02.836,1786167722.836,PATH_FOLLOWING,11.052,0.041,0.014,88.68,0.020,-1.500,0.000,0.000,0.000,0.000,0.00,10.77567069,106.67092557,10.51,"10°46'32.41""N, 106°40'15.33""E",FIX,
12:42:02.847,1786167722.848,PATH_FOLLOWING,11.052,0.041,0.014,88.68,0.020,-1.500,0.000,0.000,0.000,0.000,0.00,10.77567069,106.67092581,10.51,"10°46'32.41""N, 106°40'15.33""E",FIX,
12:42:02.858,1786167722.859,PATH_FOLLOWING,11.052,0.041,0.014,88.68,0.020,-1.500,0.000,0.000,0.000,0.000,0.00,10.77567069,106.67092581,10.51,"10°46'32.41""N, 106°40'15.33""E",FIX,
12:42:02.871,1786167722.872,PATH_FOLLOWING,11.052,0.041,0.014,88.68,0.020,-1.500,0.000,0.000,0.000,0.000,0.00,10.77567069,106.67092581,10.51,"10°46'32.41""N, 106°40'15.33""E",FIX,
12:42:02.929,1786167722.930,PATH_FOLLOWING,11.053,0.041,-0.052,88.68,0.020,-1.500,0.000,0.000,0.000,0.000,0.00,10.77567069,106.67092581,10.51,"10°46'32.41""N, 106°40'15.33""E",FIX,
12:42:03.016,1786167723.017,PATH_FOLLOWING,11.054,0.041,-0.172,88.68,0.020,-1.500,0.000,0.000,0.000,0.000,0.00,10.77567069,106.67092581,10.51,"10°46'32.41""N, 106°40'15.33""E",FIX,
12:42:03.082,1786167723.082,PATH_FOLLOWING,11.055,0.040,-0.262,88.68,0.020,-1.500,0.000,0.000,0.000,0.000,0.00,10.77567073,106.67092582,10.51,"10°46'32.41""N, 106°40'15.33""E",FIX,
12:42:03.165,1786167723.165,PATH_FOLLOWING,11.056,0.040,-0.352,88.68,0.020,-1.500,0.000,0.000,0.000,0.000,0.00,10.77567073,106.67092582,10.51,"10°46'32.41""N, 106°40'15.33""E",FIX,
12:42:03.265,1786167723.266,PATH_FOLLOWING,11.058,0.039,-0.472,88.68,0.020,-1.500,0.000,0.000,0.000,0.000,0.00,10.77567073,106.67092582,10.51,"10°46'32.41""N, 106°40'15.33""E",FIX,
12:42:03.364,1786167723.364,PATH_FOLLOWING,11.059,0.039,-0.592,88.68,0.020,-1.500,0.000,0.000,0.000,0.000,0.00,10.77567087,106.67092584,10.51,"10°46'32.42""N, 106°40'15.33""E",FIX,
12:42:03.441,1786167723.441,PATH_FOLLOWING,11.060,0.038,-0.652,88.68,0.020,-1.500,0.000,0.000,0.000,0.000,0.00,10.77567087,106.67092584,10.51,"10°46'32.42""N, 106°40'15.33""E",FIX,
12:42:03.515,1786167723.515,PATH_FOLLOWING,11.061,0.037,-0.742,87.97,0.031,-1.500,0.000,0.000,0.000,0.000,0.00,10.77567087,106.67092584,10.51,"10°46'32.42""N, 106°40'15.33""E",FIX,
12:42:03.599,1786167723.600,PATH_FOLLOWING,11.062,0.036,-0.862,86.56,0.052,-1.500,0.000,0.000,0.000,0.000,0.00,10.77567104,106.67092586,10.51,"10°46'32.42""N, 106°40'15.33""E",FIX,
12:42:03.698,1786167723.699,PATH_FOLLOWING,11.064,0.034,-0.952,85.36,0.071,-1.500,0.000,0.000,0.000,0.000,0.00,10.77567104,106.67092586,10.51,"10°46'32.42""N, 106°40'15.33""E",FIX,
12:42:03.776,1786167723.777,PATH_FOLLOWING,11.066,0.031,-1.042,84.08,0.090,-1.500,0.000,0.000,0.000,0.000,0.00,10.77567104,106.67092586,10.51,"10°46'32.42""N, 106°40'15.33""E",FIX,
12:42:03.886,1786167723.886,PATH_FOLLOWING,11.068,0.026,-1.132,82.77,0.110,-1.500,0.000,0.000,0.000,0.000,0.00,10.77567104,106.67092586,10.51,"10°46'32.42""N, 106°40'15.33""E",FIX,
12:42:03.985,1786167723.986,PATH_FOLLOWING,11.071,0.019,-1.252,81.03,0.137,-1.500,0.000,0.000,0.000,0.000,0.00,10.77567114,106.67092592,10.51,"10°46'32.42""N, 106°40'15.33""E",FIX,
12:42:04.089,1786167724.089,PATH_FOLLOWING,11.073,0.011,-1.342,79.78,0.157,-1.500,0.000,0.000,0.000,0.000,0.00,10.77567114,106.67092592,10.51,"10°46'32.42""N, 106°40'15.33""E",FIX,
12:42:04.184,1786167724.185,PATH_FOLLOWING,11.075,0.002,-1.432,78.59,0.176,-1.500,0.000,0.000,0.000,0.000,0.00,10.77567114,106.67092592,10.51,"10°46'32.42""N, 106°40'15.33""E",FIX,
12:42:04.261,1786167724.261,PATH_FOLLOWING,11.076,-0.011,-1.552,77.15,0.198,-1.500,0.000,0.000,0.000,0.000,0.00,10.77567118,106.67092602,10.51,"10°46'32.42""N, 106°40'15.33""E",FIX,
12:42:04.383,1786167724.384,PATH_FOLLOWING,11.076,-0.023,-1.642,74.98,0.214,-1.372,0.000,0.000,0.000,0.000,0.00,10.77567118,106.67092602,10.51,"10°46'32.42""N, 106°40'15.33""E",FIX,
12:42:04.471,1786167724.472,PATH_FOLLOWING,11.073,-0.039,-1.755,68.80,0.229,-1.020,0.000,0.000,0.000,0.000,0.00,10.77567113,106.67092616,10.51,"10°46'32.42""N, 106°40'15.33""E",FIX,
12:42:04.537,1786167724.538,PATH_FOLLOWING,11.072,-0.048,-1.803,65.08,0.235,-0.871,0.000,0.000,0.000,0.000,0.00,10.77567113,106.67092616,10.51,"10°46'32.42""N, 106°40'15.33""E",FIX,
12:42:04.646,1786167724.647,PATH_FOLLOWING,11.065,-0.070,-1.894,54.84,0.243,-0.594,0.000,0.000,0.000,0.000,0.00,10.77567113,106.67092616,10.51,"10°46'32.42""N, 106°40'15.33""E",FIX,
12:42:04.727,1786167724.727,PATH_FOLLOWING,11.060,-0.084,-1.934,48.07,0.245,-0.471,0.000,0.000,0.000,0.000,0.00,10.77567101,106.67092633,10.51,"10°46'32.42""N, 106°40'15.33""E",FIX,
12:42:04.793,1786167724.794,PATH_FOLLOWING,11.055,-0.097,-1.965,41.62,0.247,-0.378,0.000,0.000,0.000,0.000,0.00,10.77567101,106.67092633,10.51,"10°46'32.42""N, 106°40'15.33""E",FIX,
12:42:04.895,1786167724.896,PATH_FOLLOWING,11.049,-0.111,-1.990,35.71,0.248,-0.307,0.000,0.000,0.000,0.000,0.00,10.77567101,106.67092633,10.51,"10°46'32.42""N, 106°40'15.33""E",FIX,
12:42:04.999,1786167724.999,PATH_FOLLOWING,11.041,-0.129,-2.016,61.34,0.239,-0.753,0.000,0.000,0.000,0.000,0.00,10.77567087,106.67092650,10.51,"10°46'32.42""N, 106°40'15.34""E",FIX,
12:42:05.061,1786167725.061,PATH_FOLLOWING,11.034,-0.142,-2.048,57.49,0.241,-0.653,0.000,0.000,0.000,0.000,0.00,10.77567087,106.67092650,10.51,"10°46'32.42""N, 106°40'15.34""E",FIX,
12:42:05.135,1786167725.135,PATH_FOLLOWING,11.027,-0.155,-2.089,50.99,0.245,-0.520,0.000,0.000,0.000,0.000,0.00,10.77567087,106.67092650,10.51,"10°46'32.42""N, 106°40'15.34""E",FIX,
12:42:05.232,1786167725.233,PATH_FOLLOWING,11.017,-0.171,-2.132,41.71,0.247,-0.380,0.000,0.000,0.000,0.000,0.00,10.77567072,106.67092667,10.51,"10°46'32.41""N, 106°40'15.34""E",FIX,
12:42:05.318,1786167725.319,PATH_FOLLOWING,11.009,-0.184,-2.156,35.19,0.248,-0.302,0.000,0.000,0.000,0.000,0.00,10.77567072,106.67092667,10.51,"10°46'32.41""N, 106°40'15.34""E",FIX,
12:42:05.408,1786167725.408,PATH_FOLLOWING,11.001,-0.196,-2.176,29.00,0.249,-0.238,0.000,0.000,0.000,0.000,0.00,10.77567072,106.67092667,10.51,"10°46'32.41""N, 106°40'15.34""E",FIX,
12:42:05.501,1786167725.501,PATH_FOLLOWING,10.992,-0.208,-2.192,23.58,0.249,-0.188,0.000,0.000,0.000,0.000,0.00,10.77567072,106.67092667,10.51,"10°46'32.41""N, 106°40'15.34""E",FIX,
12:42:05.588,1786167725.588,PATH_FOLLOWING,10.984,-0.221,-2.204,18.93,0.250,-0.148,0.000,0.000,0.000,0.000,0.00,10.77567056,106.67092683,10.51,"10°46'32.41""N, 106°40'15.34""E",FIX,
12:42:05.663,1786167725.664,PATH_FOLLOWING,10.975,-0.233,-2.214,15.00,0.250,-0.115,0.000,0.000,0.000,0.000,0.00,10.77567056,106.67092683,10.51,"10°46'32.41""N, 106°40'15.34""E",FIX,
12:42:05.776,1786167725.777,PATH_FOLLOWING,10.963,-0.248,-2.224,10.93,0.250,-0.083,0.000,0.000,0.000,0.000,0.00,10.77567056,106.67092683,10.51,"10°46'32.41""N, 106°40'15.34""E",FIX,
12:42:05.873,1786167725.873,PATH_FOLLOWING,10.950,-0.264,-2.232,7.95,0.250,-0.060,0.000,0.000,0.000,0.000,0.00,10.77567040,106.67092699,10.51,"10°46'32.41""N, 106°40'15.34""E",FIX,
12:42:05.975,1786167725.976,PATH_FOLLOWING,10.941,-0.276,-2.236,6.34,0.250,-0.048,0.000,0.000,0.000,0.000,0.00,10.77567040,106.67092699,10.51,"10°46'32.41""N, 106°40'15.34""E",FIX,
12:42:06.087,1786167726.087,PATH_FOLLOWING,10.932,-0.288,-2.239,5.04,0.250,-0.038,0.000,0.000,0.000,0.000,0.00,10.77567040,106.67092699,10.51,"10°46'32.41""N, 106°40'15.34""E",FIX,
12:42:06.192,1786167726.193,PATH_FOLLOWING,10.919,-0.304,-2.242,3.61,0.250,-0.027,0.000,0.000,0.000,0.000,0.00,10.77567024,106.67092715,10.51,"10°46'32.41""N, 106°40'15.34""E",FIX,
12:42:06.279,1786167726.279,PATH_FOLLOWING,10.910,-0.315,-2.244,2.84,0.250,-0.021,0.000,0.000,0.000,0.000,0.00,10.77567024,106.67092715,10.51,"10°46'32.41""N, 106°40'15.34""E",FIX,
12:42:06.350,1786167726.351,PATH_FOLLOWING,10.901,-0.327,-2.245,2.24,0.250,-0.017,0.000,0.000,0.000,0.000,0.00,10.77567024,106.67092715,10.51,"10°46'32.41""N, 106°40'15.34""E",FIX,
12:42:06.439,1786167726.439,PATH_FOLLOWING,10.891,-0.339,-2.246,1.79,0.250,-0.013,0.000,0.000,0.000,0.000,0.00,10.77567008,106.67092731,10.51,"10°46'32.41""N, 106°40'15.34""E",FIX,
12:42:06.539,1786167726.540,PATH_FOLLOWING,10.882,-0.350,-2.247,1.43,0.250,-0.011,0.000,0.000,0.000,0.000,0.00,10.77567008,106.67092731,10.51,"10°46'32.41""N, 106°40'15.34""E",FIX,
12:42:06.629,1786167726.629,PATH_FOLLOWING,10.869,-0.366,-2.248,1.03,0.250,-0.008,0.000,0.000,0.000,0.000,0.00,10.77567008,106.67092731,10.51,"10°46'32.41""N, 106°40'15.34""E",FIX,
12:42:06.709,1786167726.709,PATH_FOLLOWING,10.860,-0.378,-2.249,0.82,0.250,-0.006,0.000,0.000,0.000,0.000,0.00,10.77566992,106.67092747,10.51,"10°46'32.41""N, 106°40'15.34""E",FIX,
12:42:06.806,1786167726.806,PATH_FOLLOWING,10.851,-0.389,-2.249,0.65,0.250,-0.005,0.000,0.000,0.000,0.000,0.00,10.77566992,106.67092747,10.51,"10°46'32.41""N, 106°40'15.34""E",FIX,
12:42:06.894,1786167726.894,PATH_FOLLOWING,10.838,-0.405,-2.250,0.48,0.250,-0.004,0.000,0.000,0.000,0.000,0.00,10.77566992,106.67092747,10.51,"10°46'32.41""N, 106°40'15.34""E",FIX,
12:42:06.973,1786167726.974,PATH_FOLLOWING,10.829,-0.417,-2.250,0.38,0.250,-0.003,0.000,0.000,0.000,0.000,0.00,10.77566976,106.67092763,10.51,"10°46'32.41""N, 106°40'15.34""E",FIX,
12:42:07.087,1786167727.087,PATH_FOLLOWING,10.819,-0.428,-2.250,0.30,0.250,-0.002,0.000,0.000,0.000,0.000,0.00,10.77566976,106.67092763,10.51,"10°46'32.41""N, 106°40'15.34""E",FIX,
12:42:07.158,1786167727.158,PATH_FOLLOWING,10.810,-0.440,-2.250,0.24,0.250,-0.002,0.000,0.000,0.000,0.000,0.00,10.77566976,106.67092763,10.51,"10°46'32.41""N, 106°40'15.34""E",FIX,
12:42:07.258,1786167727.258,PATH_FOLLOWING,10.797,-0.456,-2.250,0.18,0.250,-0.001,0.000,0.000,0.000,0.000,0.00,10.77566960,106.67092779,10.51,"10°46'32.41""N, 106°40'15.34""E",FIX,
12:42:07.371,1786167727.372,PATH_FOLLOWING,10.788,-0.467,-2.250,0.14,0.250,-0.001,0.000,0.000,0.000,0.000,0.00,10.77566960,106.67092779,10.51,"10°46'32.41""N, 106°40'15.34""E",FIX,
12:42:07.471,1786167727.472,PATH_FOLLOWING,10.778,-0.479,-2.250,0.12,0.250,-0.001,0.000,0.000,0.000,0.000,0.00,10.77566960,106.67092779,10.51,"10°46'32.41""N, 106°40'15.34""E",FIX,
12:42:07.574,1786167727.574,PATH_FOLLOWING,10.766,-0.494,-2.251,0.09,0.250,-0.001,0.000,0.000,0.000,0.000,0.00,10.77566943,106.67092795,10.51,"10°46'32.41""N, 106°40'15.34""E",FIX,
12:42:07.652,1786167727.653,PATH_FOLLOWING,10.756,-0.506,-2.251,0.07,0.250,-0.001,0.000,0.000,0.000,0.000,0.00,10.77566943,106.67092795,10.51,"10°46'32.41""N, 106°40'15.34""E",FIX,
12:42:07.758,1786167727.759,PATH_FOLLOWING,10.744,-0.522,-2.251,0.05,0.250,-0.000,0.000,0.000,0.000,0.000,0.00,10.77566943,106.67092795,10.51,"10°46'32.41""N, 106°40'15.34""E",FIX,
12:42:07.813,1786167727.814,PATH_FOLLOWING,10.738,-0.529,-2.251,0.05,0.250,-0.000,0.000,0.000,0.000,0.000,0.00,10.77566927,106.67092811,10.51,"10°46'32.41""N, 106°40'15.34""E",FIX,
12:42:07.935,1786167727.935,PATH_FOLLOWING,10.725,-0.545,-2.251,0.04,0.250,-0.000,0.000,0.000,0.000,0.000,0.00,10.77566927,106.67092811,10.51,"10°46'32.41""N, 106°40'15.34""E",FIX,
12:42:08.020,1786167728.020,PATH_FOLLOWING,10.716,-0.557,-2.251,0.03,0.250,-0.000,0.000,0.000,0.000,0.000,0.00,10.77566927,106.67092811,10.51,"10°46'32.41""N, 106°40'15.34""E",FIX,
12:42:08.109,1786167728.110,PATH_FOLLOWING,10.706,-0.568,-2.251,0.02,0.250,-0.000,0.000,0.000,0.000,0.000,0.00,10.77566911,106.67092827,10.51,"10°46'32.41""N, 106°40'15.34""E",FIX,
12:42:08.214,1786167728.214,PATH_FOLLOWING,10.694,-0.584,-2.251,0.02,0.250,-0.000,0.000,0.000,0.000,0.000,0.00,10.77566911,106.67092827,10.51,"10°46'32.41""N, 106°40'15.34""E",FIX,
12:42:08.297,1786167728.298,PATH_FOLLOWING,10.684,-0.595,-2.251,0.02,0.250,-0.000,0.000,0.000,0.000,0.000,0.00,10.77566911,106.67092827,10.51,"10°46'32.41""N, 106°40'15.34""E",FIX,
12:42:08.394,1786167728.394,PATH_FOLLOWING,10.672,-0.611,-2.251,0.00,0.000,0.000,0.000,0.000,0.000,0.000,0.00,10.77566895,106.67092843,10.51,"10°46'32.41""N, 106°40'15.34""E",FIX,
12:42:08.467,1786167728.467,UTURN_EXECUTION,10.668,-0.616,-2.251,73.97,0.250,-1.500,0.000,0.000,0.000,0.000,0.00,10.77566895,106.67092843,10.51,"10°46'32.41""N, 106°40'15.34""E",FIX,
12:42:08.631,1786167728.631,UTURN_EXECUTION,10.660,-0.625,-2.324,73.97,0.250,-1.500,0.000,0.000,0.000,0.000,0.00,10.77566895,106.67092843,10.51,"10°46'32.41""N, 106°40'15.34""E",FIX,
12:42:08.725,1786167728.725,UTURN_EXECUTION,10.649,-0.636,-2.414,73.97,0.250,-1.500,0.000,0.000,0.000,0.000,0.00,10.77566883,106.67092855,10.51,"10°46'32.41""N, 106°40'15.34""E",FIX,
12:42:08.807,1786167728.808,UTURN_EXECUTION,10.633,-0.648,-2.534,73.97,0.250,-1.500,0.000,0.000,0.000,0.000,0.00,10.77566883,106.67092855,10.51,"10°46'32.41""N, 106°40'15.34""E",FIX,
12:42:08.893,1786167728.893,UTURN_EXECUTION,10.620,-0.656,-2.624,73.97,0.250,-1.500,0.000,0.000,0.000,0.000,0.00,10.77566883,106.67092855,10.51,"10°46'32.41""N, 106°40'15.34""E",FIX,
12:42:08.982,1786167728.982,UTURN_EXECUTION,10.607,-0.663,-2.714,73.97,0.250,-1.500,0.000,0.000,0.000,0.000,0.00,10.77566866,106.67092871,10.51,"10°46'32.41""N, 106°40'15.34""E",FIX,
12:42:09.069,1786167729.069,UTURN_EXECUTION,10.588,-0.670,-2.834,73.97,0.250,-1.500,0.000,0.000,0.000,0.000,0.00,10.77566866,106.67092871,10.51,"10°46'32.41""N, 106°40'15.34""E",FIX,
12:42:09.137,1786167729.137,UTURN_EXECUTION,10.574,-0.674,-2.924,73.97,0.250,-1.500,0.000,0.000,0.000,0.000,0.00,10.77566866,106.67092871,10.51,"10°46'32.41""N, 106°40'15.34""E",FIX,
12:42:09.235,1786167729.235,UTURN_EXECUTION,10.554,-0.677,-3.044,73.97,0.250,-1.500,0.000,0.000,0.000,0.000,0.00,10.77566847,106.67092889,10.51,"10°46'32.41""N, 106°40'15.34""E",FIX,
12:42:09.332,1786167729.333,UTURN_EXECUTION,10.539,-0.678,-3.134,73.97,0.250,-1.500,0.000,0.000,0.000,0.000,0.00,10.77566847,106.67092889,10.51,"10°46'32.41""N, 106°40'15.34""E",FIX,
12:42:09.405,1786167729.405,UTURN_EXECUTION,10.524,-0.677,3.059,73.97,0.250,-1.500,0.000,0.000,0.000,0.000,0.00,10.77566847,106.67092889,10.51,"10°46'32.41""N, 106°40'15.34""E",FIX,
12:42:09.492,1786167729.492,UTURN_EXECUTION,10.509,-0.675,2.969,73.97,0.250,-1.500,0.000,0.000,0.000,0.000,0.00,10.77566828,106.67092909,10.51,"10°46'32.41""N, 106°40'15.34""E",FIX,
12:42:09.582,1786167729.583,UTURN_EXECUTION,10.495,-0.672,2.879,73.97,0.250,-1.500,0.000,0.000,0.000,0.000,0.00,10.77566828,106.67092909,10.51,"10°46'32.41""N, 106°40'15.34""E",FIX,
12:42:09.653,1786167729.653,UTURN_EXECUTION,10.476,-0.666,2.759,73.97,0.250,-1.500,0.000,0.000,0.000,0.000,0.00,10.77566828,106.67092909,10.51,"10°46'32.41""N, 106°40'15.34""E",FIX,
12:42:09.765,1786167729.765,UTURN_EXECUTION,10.462,-0.660,2.669,73.97,0.250,-1.500,0.000,0.000,0.000,0.000,0.00,10.77566807,106.67092931,10.51,"10°46'32.41""N, 106°40'15.35""E",FIX,
12:42:09.865,1786167729.865,UTURN_EXECUTION,10.445,-0.649,2.549,73.97,0.250,-1.500,0.000,0.000,0.000,0.000,0.00,10.77566807,106.67092931,10.51,"10°46'32.41""N, 106°40'15.35""E",FIX,
12:42:09.958,1786167729.958,UTURN_EXECUTION,10.433,-0.640,2.459,73.97,0.250,-1.500,0.000,0.000,0.000,0.000,0.00,10.77566807,106.67092931,10.51,"10°46'32.41""N, 106°40'15.35""E",FIX,
12:42:10.063,1786167730.063,UTURN_EXECUTION,10.422,-0.630,2.369,73.97,0.250,-1.500,0.000,0.000,0.000,0.000,0.00,10.77566785,106.67092955,10.51,"10°46'32.40""N, 106°40'15.35""E",FIX,
12:42:10.136,1786167730.137,UTURN_EXECUTION,10.411,-0.620,2.279,73.97,0.250,-1.500,0.000,0.000,0.000,0.000,0.00,10.77566785,106.67092955,10.51,"10°46'32.40""N, 106°40'15.35""E",FIX,
12:42:10.222,1786167730.222,UTURN_EXECUTION,10.399,-0.604,2.159,73.97,0.250,-1.500,0.000,0.000,0.000,0.000,0.00,10.77566785,106.67092955,10.51,"10°46'32.40""N, 106°40'15.35""E",FIX,
12:42:10.306,1786167730.307,UTURN_EXECUTION,10.392,-0.591,2.069,73.97,0.250,-1.500,0.000,0.000,0.000,0.000,0.00,10.77566763,106.67092980,10.51,"10°46'32.40""N, 106°40'15.35""E",FIX,
12:42:10.399,1786167730.400,UTURN_EXECUTION,10.385,-0.577,1.979,73.97,0.250,-1.500,0.000,0.000,0.000,0.000,0.00,10.77566763,106.67092980,10.51,"10°46'32.40""N, 106°40'15.35""E",FIX,
12:42:10.518,1786167730.519,UTURN_EXECUTION,10.380,-0.563,1.889,73.97,0.250,-1.500,0.000,0.000,0.000,0.000,0.00,10.77566763,106.67092980,10.51,"10°46'32.40""N, 106°40'15.35""E",FIX,
12:42:10.620,1786167730.621,UTURN_EXECUTION,10.375,-0.544,1.769,73.97,0.250,-1.500,0.000,0.000,0.000,0.000,0.00,10.77566740,106.67093005,10.51,"10°46'32.40""N, 106°40'15.35""E",FIX,
12:42:10.733,1786167730.734,UTURN_EXECUTION,10.372,-0.529,1.679,73.97,0.250,-1.500,0.000,0.000,0.000,0.000,0.00,10.77566740,106.67093005,10.51,"10°46'32.40""N, 106°40'15.35""E",FIX,
12:42:10.828,1786167730.828,UTURN_EXECUTION,10.371,-0.514,1.589,73.97,0.250,-1.500,0.000,0.000,0.000,0.000,0.00,10.77566740,106.67093005,10.51,"10°46'32.40""N, 106°40'15.35""E",FIX,
12:42:10.934,1786167730.934,UTURN_EXECUTION,10.372,-0.499,1.499,73.97,0.250,-1.500,0.000,0.000,0.000,0.000,0.00,10.77566718,106.67093025,10.51,"10°46'32.40""N, 106°40'15.35""E",FIX,
12:42:11.032,1786167731.032,UTURN_EXECUTION,10.374,-0.479,1.379,73.97,0.250,-1.500,0.000,0.000,0.000,0.000,0.00,10.77566718,106.67093025,10.51,"10°46'32.40""N, 106°40'15.35""E",FIX,
12:42:11.126,1786167731.127,UTURN_EXECUTION,10.378,-0.465,1.289,73.97,0.250,-1.500,0.000,0.000,0.000,0.000,0.00,10.77566718,106.67093025,10.51,"10°46'32.40""N, 106°40'15.35""E",FIX,
12:42:11.215,1786167731.216,UTURN_EXECUTION,10.383,-0.451,1.199,73.97,0.250,-1.500,0.000,0.000,0.000,0.000,0.00,10.77566696,106.67093039,10.51,"10°46'32.40""N, 106°40'15.35""E",FIX,
12:42:11.296,1786167731.297,UTURN_EXECUTION,10.391,-0.432,1.079,73.97,0.250,-1.500,0.000,0.000,0.000,0.000,0.00,10.77566696,106.67093039,10.51,"10°46'32.40""N, 106°40'15.35""E",FIX,
12:42:11.374,1786167731.374,UTURN_EXECUTION,10.399,-0.420,0.989,73.97,0.250,-1.500,0.000,0.000,0.000,0.000,0.00,10.77566696,106.67093039,10.51,"10°46'32.40""N, 106°40'15.35""E",FIX,
12:42:11.481,1786167731.481,UTURN_EXECUTION,10.408,-0.407,0.899,73.97,0.250,-1.500,0.000,0.000,0.000,0.000,0.00,10.77566674,106.67093046,10.51,"10°46'32.40""N, 106°40'15.35""E",FIX,
12:42:11.579,1786167731.580,UTURN_EXECUTION,10.421,-0.393,0.779,73.97,0.250,-1.500,0.000,0.000,0.000,0.000,0.00,10.77566674,106.67093046,10.51,"10°46'32.40""N, 106°40'15.35""E",FIX,
12:42:11.666,1786167731.666,UTURN_EXECUTION,10.436,-0.379,0.659,73.97,0.250,-1.500,0.000,0.000,0.000,0.000,0.00,10.77566674,106.67093046,10.51,"10°46'32.40""N, 106°40'15.35""E",FIX,
12:42:11.719,1786167731.720,UTURN_EXECUTION,10.444,-0.373,0.599,73.97,0.250,-1.500,0.000,0.000,0.000,0.000,0.00,10.77566654,106.67093047,10.51,"10°46'32.40""N, 106°40'15.35""E",FIX,
12:42:11.821,1786167731.822,UTURN_EXECUTION,10.461,-0.363,0.479,73.97,0.250,-1.500,0.000,0.000,0.000,0.000,0.00,10.77566654,106.67093047,10.51,"10°46'32.40""N, 106°40'15.35""E",FIX,
12:42:11.898,1786167731.899,UTURN_EXECUTION,10.475,-0.357,0.389,73.97,0.250,-1.500,0.000,0.000,0.000,0.000,0.00,10.77566654,106.67093047,10.51,"10°46'32.40""N, 106°40'15.35""E",FIX,
12:42:11.983,1786167731.983,UTURN_EXECUTION,10.489,-0.352,0.299,73.97,0.250,-1.500,0.000,0.000,0.000,0.083,0.00,10.77566635,106.67093042,10.51,"10°46'32.40""N, 106°40'15.35""E",FIX,
12:42:12.078,1786167732.079,UTURN_EXECUTION,10.508,-0.347,0.179,73.97,0.250,-1.500,0.000,0.000,0.000,0.042,0.00,10.77566635,106.67093042,10.51,"10°46'32.40""N, 106°40'15.35""E",FIX,
12:42:12.150,1786167732.151,UTURN_EXECUTION,10.523,-0.345,0.089,73.97,0.250,-1.500,0.000,0.000,0.000,0.000,0.00,10.77566635,106.67093042,10.51,"10°46'32.40""N, 106°40'15.35""E",FIX,
12:42:12.240,1786167732.241,UTURN_EXECUTION,10.538,-0.344,-0.001,73.97,0.250,-1.500,0.000,0.000,0.000,0.000,0.00,10.77566617,106.67093031,10.51,"10°46'32.40""N, 106°40'15.35""E",FIX,
12:42:12.319,1786167732.320,UTURN_EXECUTION,10.558,-0.346,-0.121,73.97,0.250,-1.500,0.000,0.000,0.000,0.000,0.00,10.77566617,106.67093031,10.51,"10°46'32.40""N, 106°40'15.35""E",FIX,
12:42:12.396,1786167732.396,UTURN_EXECUTION,10.573,-0.348,-0.211,73.97,0.250,-1.500,0.000,0.000,0.000,0.000,0.00,10.77566617,106.67093031,10.51,"10°46'32.40""N, 106°40'15.35""E",FIX,
12:42:12.494,1786167732.495,UTURN_EXECUTION,10.587,-0.352,-0.301,73.97,0.250,-1.500,0.000,0.000,0.000,0.000,0.00,10.77566600,106.67093016,10.51,"10°46'32.40""N, 106°40'15.35""E",FIX,
12:42:12.632,1786167732.632,UTURN_EXECUTION,10.602,-0.357,-0.391,73.97,0.250,-1.500,0.000,0.000,0.000,0.000,0.00,10.77566600,106.67093016,10.51,"10°46'32.40""N, 106°40'15.35""E",FIX,
12:42:12.725,1786167732.726,UTURN_EXECUTION,10.619,-0.366,-0.511,73.97,0.250,-1.500,0.000,0.000,0.000,0.000,0.00,10.77566600,106.67093016,10.51,"10°46'32.40""N, 106°40'15.35""E",FIX,
12:42:12.808,1786167732.808,UTURN_EXECUTION,10.632,-0.374,-0.601,73.97,0.250,-1.500,0.000,0.000,0.000,0.000,0.00,10.77566584,106.67092999,10.51,"10°46'32.40""N, 106°40'15.35""E",FIX,
12:42:12.891,1786167732.891,UTURN_EXECUTION,10.644,-0.383,-0.691,73.97,0.250,-1.500,0.000,0.000,0.000,0.000,0.00,10.77566584,106.67092999,10.51,"10°46'32.40""N, 106°40'15.35""E",FIX,
12:42:12.990,1786167732.990,UTURN_EXECUTION,10.655,-0.393,-0.781,73.97,0.250,-1.500,0.000,0.000,0.000,0.000,0.00,10.77566584,106.67092999,10.51,"10°46'32.40""N, 106°40'15.35""E",FIX,
12:42:13.071,1786167733.072,UTURN_EXECUTION,10.665,-0.404,-0.871,73.97,0.250,-1.500,0.000,0.000,0.000,0.000,0.00,10.77566584,106.67092999,10.51,"10°46'32.40""N, 106°40'15.35""E",FIX,
12:42:13.173,1786167733.174,UTURN_EXECUTION,10.677,-0.420,-0.991,73.97,0.250,-1.500,0.000,0.000,0.000,0.000,0.00,10.77566568,106.67092981,10.51,"10°46'32.40""N, 106°40'15.35""E",FIX,
12:42:13.256,1786167733.257,UTURN_EXECUTION,10.687,-0.437,-1.111,73.97,0.250,-1.500,0.000,0.000,0.000,0.000,0.00,10.77566568,106.67092981,10.51,"10°46'32.40""N, 106°40'15.35""E",FIX,
12:42:13.338,1786167733.339,UTURN_EXECUTION,10.693,-0.451,-1.201,73.97,0.250,-1.500,0.000,0.000,0.000,0.000,0.00,10.77566549,106.67092962,10.51,"10°46'32.40""N, 106°40'15.35""E",FIX,
12:42:13.410,1786167733.410,UTURN_EXECUTION,10.698,-0.465,-1.291,73.97,0.250,-1.500,0.000,0.000,0.000,0.000,0.00,10.77566549,106.67092962,10.51,"10°46'32.40""N, 106°40'15.35""E",FIX,
12:42:13.520,1786167733.521,UTURN_EXECUTION,10.702,-0.480,-1.381,73.97,0.250,-1.500,0.000,0.000,0.000,0.021,0.00,10.77566549,106.67092962,10.51,"10°46'32.40""N, 106°40'15.35""E",FIX,
12:42:13.589,1786167733.590,UTURN_EXECUTION,10.704,-0.500,-1.501,73.97,0.250,-1.500,0.000,0.000,0.000,0.062,0.00,10.77566528,106.67092941,10.51,"10°46'32.39""N, 106°40'15.35""E",FIX,
12:42:13.670,1786167733.671,UTURN_EXECUTION,10.705,-0.514,-1.591,73.97,0.250,-1.500,0.000,0.000,0.000,0.104,0.00,10.77566528,106.67092941,10.51,"10°46'32.39""N, 106°40'15.35""E",FIX,
12:42:13.762,1786167733.762,UTURN_EXECUTION,10.704,-0.529,-1.681,73.97,0.250,-1.500,0.000,0.000,0.000,0.167,0.00,10.77566528,106.67092941,10.51,"10°46'32.39""N, 106°40'15.35""E",FIX,
12:42:13.869,1786167733.870,UTURN_EXECUTION,10.700,-0.549,-1.801,73.97,0.250,-1.500,0.000,0.000,0.000,1.000,0.00,10.77566505,106.67092920,10.51,"10°46'32.39""N, 106°40'15.35""E",FIX,
12:42:13.916,1786167733.916,TRACKING,10.696,-0.564,-1.891,0.25,0.450,-0.098,0.000,0.000,0.000,1.000,0.01,10.77566505,106.67092920,10.51,"10°46'32.39""N, 106°40'15.35""E",FIX,
12:42:14.004,1786167734.005,TRACKING,10.688,-0.585,-1.926,0.36,0.450,-0.324,0.000,0.000,0.000,1.000,0.04,10.77566505,106.67092920,10.51,"10°46'32.39""N, 106°40'15.35""E",FIX,
12:42:14.093,1786167734.093,TRACKING,10.679,-0.610,-1.940,0.43,0.450,-0.237,0.000,0.000,0.000,1.000,0.06,10.77566488,106.67092888,10.51,"10°46'32.39""N, 106°40'15.34""E",FIX,
12:42:14.187,1786167734.188,TRACKING,10.665,-0.644,-1.962,0.51,0.450,-0.274,0.000,0.000,0.000,1.000,0.10,10.77566488,106.67092888,10.51,"10°46'32.39""N, 106°40'15.34""E",FIX,
12:42:14.272,1786167734.272,TRACKING,10.655,-0.669,-1.977,0.57,0.450,-0.310,0.000,0.000,0.000,1.000,0.13,10.77566488,106.67092888,10.51,"10°46'32.39""N, 106°40'15.34""E",FIX,
12:42:14.359,1786167734.359,TRACKING,10.644,-0.693,-1.995,0.60,0.450,-0.222,0.000,0.000,0.000,0.687,0.15,10.77566488,106.67092888,10.51,"10°46'32.39""N, 106°40'15.34""E",FIX,
12:42:14.496,1786167734.496,TRACKING,10.633,-0.718,-2.011,0.61,0.450,-0.176,0.000,0.000,0.000,0.771,0.18,10.77566476,106.67092847,10.51,"10°46'32.39""N, 106°40'15.34""E",FIX,
12:42:14.571,1786167734.571,TRACKING,10.621,-0.742,-2.024,0.60,0.450,-0.140,0.000,0.000,0.000,0.854,0.21,10.77566476,106.67092847,10.51,"10°46'32.39""N, 106°40'15.34""E",FIX,
12:42:14.672,1786167734.673,TRACKING,10.605,-0.774,-2.036,0.59,0.450,-0.141,0.000,0.000,0.000,0.937,0.24,10.77566476,106.67092847,10.51,"10°46'32.39""N, 106°40'15.34""E",FIX,
12:42:14.762,1786167734.762,TRACKING,10.589,-0.806,-2.048,0.58,0.450,-0.132,0.000,0.000,0.000,1.000,0.28,10.77566466,106.67092807,10.51,"10°46'32.39""N, 106°40'15.34""E",FIX,
12:42:14.858,1786167734.859,TRACKING,10.576,-0.830,-2.056,0.57,0.450,-0.119,0.000,0.000,0.000,1.000,0.31,10.77566466,106.67092807,10.51,"10°46'32.39""N, 106°40'15.34""E",FIX,
12:42:14.940,1786167734.940,TRACKING,10.564,-0.854,-2.063,0.55,0.450,-0.123,0.000,0.000,0.000,1.000,0.33,10.77566466,106.67092807,10.51,"10°46'32.39""N, 106°40'15.34""E",FIX,
12:42:15.017,1786167735.018,TRACKING,10.551,-0.878,-2.070,0.54,0.450,-0.120,0.000,0.000,0.000,1.000,0.36,10.77566457,106.67092766,10.51,"10°46'32.39""N, 106°40'15.34""E",FIX,
12:42:15.120,1786167735.121,TRACKING,10.533,-0.910,-2.080,0.53,0.450,-0.122,0.000,0.000,0.000,1.000,0.40,10.77566457,106.67092766,10.51,"10°46'32.39""N, 106°40'15.34""E",FIX,
12:42:15.197,1786167735.198,TRACKING,10.520,-0.933,-2.087,0.52,0.450,-0.118,0.000,0.000,0.000,1.000,0.42,10.77566457,106.67092766,10.51,"10°46'32.39""N, 106°40'15.34""E",FIX,
12:42:15.291,1786167735.292,TRACKING,10.502,-0.964,-2.097,0.51,0.450,-0.113,0.000,0.000,0.000,1.000,0.46,10.77566449,106.67092726,10.51,"10°46'32.39""N, 106°40'15.34""E",FIX,
12:42:15.338,1786167735.339,TRACKING,10.489,-0.988,-2.104,0.50,0.450,-0.101,0.000,0.000,0.000,1.000,0.49,10.77566449,106.67092726,10.51,"10°46'32.39""N, 106°40'15.34""E",FIX,
12:42:15.428,1786167735.428,TRACKING,10.475,-1.011,-2.110,0.49,0.450,-0.108,0.000,0.000,0.000,1.000,0.51,10.77566449,106.67092726,10.51,"10°46'32.39""N, 106°40'15.34""E",FIX,
12:42:15.523,1786167735.524,TRACKING,10.456,-1.042,-2.119,0.48,0.450,-0.110,0.000,0.000,0.000,1.000,0.55,10.77566441,106.67092685,10.51,"10°46'32.39""N, 106°40'15.34""E",FIX,
12:42:15.585,1786167735.585,TRACKING,10.447,-1.057,-2.123,0.49,0.450,-0.175,0.000,0.000,0.000,0.750,0.57,10.77566441,106.67092685,10.51,"10°46'32.39""N, 106°40'15.34""E",FIX,
12:42:15.675,1786167735.676,TRACKING,10.428,-1.087,-2.135,0.50,0.450,-0.150,0.000,0.000,0.000,0.500,0.60,10.77566441,106.67092685,10.51,"10°46'32.39""N, 106°40'15.34""E",FIX,
12:42:15.769,1786167735.770,TRACKING,10.413,-1.110,-2.145,0.50,0.450,-0.129,0.000,0.000,0.000,0.542,0.63,10.77566433,106.67092644,10.51,"10°46'32.39""N, 106°40'15.34""E",FIX,
12:42:15.842,1786167735.842,TRACKING,10.398,-1.133,-2.154,0.49,0.450,-0.112,0.000,0.000,0.000,0.583,0.66,10.77566433,106.67092644,10.51,"10°46'32.39""N, 106°40'15.34""E",FIX,
12:42:15.958,1786167735.959,TRACKING,10.373,-1.170,-2.165,0.48,0.450,-0.111,0.000,0.000,0.000,0.667,0.70,10.77566426,106.67092604,10.51,"10°46'32.39""N, 106°40'15.33""E",FIX,
12:42:16.024,1786167736.025,TRACKING,10.363,-1.185,-2.170,0.47,0.450,-0.083,0.000,0.000,0.000,0.729,0.72,10.77566426,106.67092604,10.51,"10°46'32.39""N, 106°40'15.33""E",FIX,
12:42:16.119,1786167736.119,TRACKING,10.348,-1.207,-2.175,0.45,0.450,-0.093,0.000,0.000,0.000,0.792,0.75,10.77566426,106.67092604,10.51,"10°46'32.39""N, 106°40'15.33""E",FIX,
12:42:16.233,1786167736.233,TRACKING,10.327,-1.237,-2.183,0.44,0.450,-0.099,0.000,0.000,0.000,0.854,0.78,10.77566426,106.67092604,10.51,"10°46'32.39""N, 106°40'15.33""E",FIX,
12:42:16.322,1786167736.322,TRACKING,10.312,-1.259,-2.189,0.43,0.450,-0.087,0.000,0.000,0.000,0.917,0.81,10.77566420,106.67092563,10.51,"10°46'32.39""N, 106°40'15.33""E",FIX,
12:42:16.425,1786167736.426,TRACKING,10.296,-1.281,-2.194,0.42,0.450,-0.093,0.000,0.000,0.000,0.604,0.84,10.77566420,106.67092563,10.51,"10°46'32.39""N, 106°40'15.33""E",FIX,
12:42:16.522,1786167736.522,TRACKING,10.275,-1.310,-2.201,0.41,0.450,-0.093,0.000,0.000,0.000,0.687,0.87,10.77566420,106.67092563,10.51,"10°46'32.39""N, 106°40'15.33""E",FIX,
12:42:16.579,1786167736.580,TRACKING,10.259,-1.332,-2.207,0.40,0.450,-0.083,0.000,0.000,0.000,0.750,0.90,10.77566414,106.67092522,10.51,"10°46'32.39""N, 106°40'15.33""E",FIX,
12:42:16.661,1786167736.661,TRACKING,10.243,-1.354,-2.212,0.39,0.450,-0.082,0.000,0.000,0.000,0.833,0.93,10.77566414,106.67092522,10.51,"10°46'32.39""N, 106°40'15.33""E",FIX,
12:42:16.743,1786167736.744,TRACKING,10.227,-1.375,-2.217,0.38,0.450,-0.084,0.000,0.000,0.000,0.917,0.96,10.77566414,106.67092522,10.51,"10°46'32.39""N, 106°40'15.33""E",FIX,
12:42:16.841,1786167736.842,TRACKING,10.205,-1.404,-2.224,0.37,0.450,-0.080,0.000,0.000,0.000,1.000,0.99,10.77566408,106.67092481,10.51,"10°46'32.39""N, 106°40'15.33""E",FIX,
12:42:16.930,1786167736.931,TRACKING,10.188,-1.425,-2.229,0.36,0.450,-0.078,0.000,0.000,0.000,1.000,1.02,10.77566408,106.67092481,10.51,"10°46'32.39""N, 106°40'15.33""E",FIX,
12:42:17.015,1786167737.016,TRACKING,10.166,-1.454,-2.235,0.36,0.450,-0.077,0.000,0.000,0.000,1.000,1.05,10.77566408,106.67092481,10.51,"10°46'32.39""N, 106°40'15.33""E",FIX,
12:42:17.097,1786167737.098,TRACKING,10.155,-1.468,-2.238,0.35,0.450,-0.071,0.000,0.000,0.000,1.000,1.07,10.77566403,106.67092440,10.51,"10°46'32.39""N, 106°40'15.33""E",FIX,
12:42:17.196,1786167737.196,TRACKING,10.133,-1.496,-2.244,0.34,0.450,-0.073,0.000,0.000,0.000,1.000,1.11,10.77566403,106.67092440,10.51,"10°46'32.39""N, 106°40'15.33""E",FIX,
12:42:17.281,1786167737.282,TRACKING,10.110,-1.524,-2.250,0.33,0.450,-0.069,0.000,0.000,0.000,1.000,1.14,10.77566403,106.67092440,10.51,"10°46'32.39""N, 106°40'15.33""E",FIX,
12:42:17.358,1786167737.359,TRACKING,10.093,-1.545,-2.254,0.32,0.450,-0.064,0.000,0.000,0.000,1.000,1.17,10.77566398,106.67092399,10.51,"10°46'32.39""N, 106°40'15.33""E",FIX,
12:42:17.436,1786167737.437,TRACKING,10.076,-1.566,-2.258,0.31,0.450,-0.071,0.000,0.000,0.000,1.000,1.20,10.77566398,106.67092399,10.51,"10°46'32.39""N, 106°40'15.33""E",FIX,
12:42:17.525,1786167737.526,TRACKING,10.059,-1.587,-2.262,0.31,0.450,-0.065,0.000,0.000,0.000,1.000,1.23,10.77566398,106.67092399,10.51,"10°46'32.39""N, 106°40'15.33""E",FIX,
12:42:17.627,1786167737.627,TRACKING,10.036,-1.614,-2.267,0.30,0.450,-0.066,0.000,0.000,0.000,1.000,1.26,10.77566393,106.67092358,10.51,"10°46'32.39""N, 106°40'15.32""E",FIX,
12:42:17.697,1786167737.698,TRACKING,10.019,-1.635,-2.271,0.29,0.450,-0.066,0.000,0.000,0.000,1.000,1.29,10.77566393,106.67092358,10.51,"10°46'32.39""N, 106°40'15.32""E",FIX,
12:42:17.773,1786167737.773,TRACKING,10.001,-1.656,-2.275,0.29,0.450,-0.062,0.000,0.000,0.000,1.000,1.32,10.77566393,106.67092358,10.51,"10°46'32.39""N, 106°40'15.32""E",FIX,
12:42:17.868,1786167737.868,TRACKING,9.978,-1.683,-2.280,0.28,0.450,-0.061,0.000,0.000,0.000,1.000,1.35,10.77566389,106.67092317,10.51,"10°46'32.39""N, 106°40'15.32""E",FIX,
12:42:17.970,1786167737.971,TRACKING,9.966,-1.697,-2.283,0.27,0.450,-0.061,0.000,0.000,0.000,1.000,1.37,10.77566389,106.67092317,10.51,"10°46'32.39""N, 106°40'15.32""E",FIX,
12:42:18.068,1786167738.069,TRACKING,9.943,-1.724,-2.288,0.27,0.450,-0.060,0.000,0.000,0.000,1.000,1.41,10.77566389,106.67092317,10.51,"10°46'32.39""N, 106°40'15.32""E",FIX,
12:42:18.183,1786167738.184,TRACKING,9.925,-1.744,-2.291,0.28,0.450,-0.104,0.000,0.000,0.000,0.917,1.43,10.77566385,106.67092276,10.51,"10°46'32.39""N, 106°40'15.32""E",FIX,
12:42:18.278,1786167738.279,TRACKING,9.901,-1.771,-2.298,0.29,0.450,-0.090,0.000,0.000,0.000,0.562,1.47,10.77566385,106.67092276,10.51,"10°46'32.39""N, 106°40'15.32""E",FIX,
12:42:18.367,1786167738.367,TRACKING,9.883,-1.791,-2.303,0.29,0.450,-0.079,0.000,0.000,0.000,0.604,1.50,10.77566385,106.67092276,10.51,"10°46'32.39""N, 106°40'15.32""E",FIX,
12:42:18.456,1786167738.457,TRACKING,9.865,-1.811,-2.309,0.29,0.450,-0.070,0.000,0.000,0.000,0.667,1.52,10.77566381,106.67092235,10.51,"10°46'32.39""N, 106°40'15.32""E",FIX,
12:42:18.611,1786167738.611,TRACKING,9.847,-1.831,-2.313,0.28,0.450,-0.060,0.000,0.000,0.000,0.625,1.55,10.77566381,106.67092235,10.51,"10°46'32.39""N, 106°40'15.32""E",FIX,
12:42:18.642,1786167738.643,TRACKING,9.828,-1.851,-2.317,0.27,0.450,-0.052,0.000,0.000,0.000,0.583,1.58,10.77566381,106.67092235,10.51,"10°46'32.39""N, 106°40'15.32""E",FIX,
12:42:18.739,1786167738.739,TRACKING,9.804,-1.878,-2.322,0.27,0.450,-0.061,0.000,0.000,0.000,0.667,1.61,10.77566377,106.67092194,10.51,"10°46'32.39""N, 106°40'15.32""E",FIX,
12:42:18.842,1786167738.843,TRACKING,9.785,-1.897,-2.325,0.26,0.450,-0.056,0.000,0.000,0.000,0.729,1.64,10.77566377,106.67092194,10.51,"10°46'32.39""N, 106°40'15.32""E",FIX,
12:42:18.914,1786167738.914,TRACKING,9.767,-1.917,-2.329,0.25,0.450,-0.049,0.000,0.000,0.000,0.812,1.67,10.77566377,106.67092194,10.51,"10°46'32.39""N, 106°40'15.32""E",FIX,
12:42:19.010,1786167739.011,TRACKING,9.742,-1.943,-2.333,0.24,0.450,-0.050,0.000,0.000,0.000,0.875,1.70,10.77566374,106.67092153,10.51,"10°46'32.39""N, 106°40'15.32""E",FIX,
12:42:19.092,1786167739.093,TRACKING,9.723,-1.963,-2.336,0.24,0.450,-0.052,0.000,0.000,0.000,0.958,1.73,10.77566374,106.67092153,10.51,"10°46'32.39""N, 106°40'15.32""E",FIX,
12:42:19.186,1786167739.187,TRACKING,9.705,-1.982,-2.339,0.23,0.450,-0.048,0.000,0.000,0.000,1.000,1.76,10.77566374,106.67092153,10.51,"10°46'32.39""N, 106°40'15.32""E",FIX,
12:42:19.293,1786167739.293,TRACKING,9.680,-2.008,-2.343,0.22,0.450,-0.046,0.000,0.000,0.000,1.000,1.79,10.77566371,106.67092112,10.51,"10°46'32.39""N, 106°40'15.32""E",FIX,
12:42:19.367,1786167739.368,TRACKING,9.661,-2.027,-2.346,0.22,0.450,-0.048,0.000,0.000,0.000,1.000,1.82,10.77566371,106.67092112,10.51,"10°46'32.39""N, 106°40'15.32""E",FIX,
12:42:19.456,1786167739.456,TRACKING,9.642,-2.046,-2.348,0.21,0.450,-0.042,0.000,0.000,0.000,1.000,1.85,10.77566371,106.67092112,10.51,"10°46'32.39""N, 106°40'15.32""E",FIX,
12:42:19.545,1786167739.545,TRACKING,9.623,-2.066,-2.351,0.21,0.450,-0.038,0.000,0.000,0.000,1.000,1.87,10.77566368,106.67092071,10.51,"10°46'32.39""N, 106°40'15.31""E",FIX,
12:42:19.658,1786167739.659,TRACKING,9.597,-2.091,-2.354,0.20,0.450,-0.045,0.000,0.000,0.000,1.000,1.91,10.77566368,106.67092071,10.51,"10°46'32.39""N, 106°40'15.31""E",FIX,
12:42:19.760,1786167739.760,TRACKING,9.572,-2.117,-2.358,0.20,0.450,-0.047,0.000,0.000,0.000,1.000,1.95,10.77566368,106.67092071,10.51,"10°46'32.39""N, 106°40'15.31""E",FIX,
12:42:19.844,1786167739.844,TRACKING,9.553,-2.136,-2.361,0.19,0.450,-0.041,0.000,0.000,0.000,1.000,1.97,10.77566366,106.67092030,10.51,"10°46'32.39""N, 106°40'15.31""E",FIX,
12:42:19.927,1786167739.928,TRACKING,9.527,-2.161,-2.364,0.19,0.450,-0.036,0.000,0.000,0.000,1.000,2.01,10.77566366,106.67092030,10.51,"10°46'32.39""N, 106°40'15.31""E",FIX,
12:42:19.998,1786167739.999,TRACKING,9.508,-2.180,-2.366,0.18,0.450,-0.038,0.000,0.000,0.000,1.000,2.04,10.77566366,106.67092030,10.51,"10°46'32.39""N, 106°40'15.31""E",FIX,
12:42:20.060,1786167740.061,TRACKING,9.495,-2.192,-2.368,0.18,0.450,-0.031,0.000,0.000,0.000,1.000,2.05,10.77566363,106.67091989,10.51,"10°46'32.39""N, 106°40'15.31""E",FIX,
12:42:20.163,1786167740.164,TRACKING,9.469,-2.218,-2.371,0.17,0.450,-0.039,0.000,0.000,0.000,1.000,2.09,10.77566363,106.67091989,10.51,"10°46'32.39""N, 106°40'15.31""E",FIX,
12:42:20.253,1786167740.254,TRACKING,9.450,-2.236,-2.373,0.17,0.450,-0.040,0.000,0.000,0.000,1.000,2.12,10.77566363,106.67091989,10.51,"10°46'32.39""N, 106°40'15.31""E",FIX,
12:42:20.334,1786167740.334,TRACKING,9.431,-2.255,-2.375,0.16,0.450,-0.032,0.000,0.000,0.000,1.000,2.14,10.77566361,106.67091947,10.51,"10°46'32.39""N, 106°40'15.31""E",FIX,
12:42:20.431,1786167740.432,TRACKING,9.405,-2.280,-2.378,0.16,0.450,-0.034,0.000,0.000,0.000,1.000,2.18,10.77566361,106.67091947,10.51,"10°46'32.39""N, 106°40'15.31""E",FIX,
12:42:20.534,1786167740.535,TRACKING,9.385,-2.299,-2.380,0.15,0.450,-0.032,0.000,0.000,0.000,1.000,2.21,10.77566361,106.67091947,10.51,"10°46'32.39""N, 106°40'15.31""E",FIX,
12:42:20.631,1786167740.632,TRACKING,9.365,-2.317,-2.382,0.15,0.450,-0.024,0.000,0.000,0.000,1.000,2.23,10.77566359,106.67091906,10.51,"10°46'32.39""N, 106°40'15.31""E",FIX,
12:42:20.724,1786167740.724,TRACKING,9.339,-2.342,-2.384,0.14,0.450,-0.025,0.000,0.000,0.000,0.687,2.27,10.77566359,106.67091906,10.51,"10°46'32.39""N, 106°40'15.31""E",FIX,
12:42:20.826,1786167740.827,TRACKING,9.320,-2.361,-2.385,0.13,0.450,-0.018,0.000,0.000,0.000,0.521,2.30,10.77566359,106.67091906,10.51,"10°46'32.39""N, 106°40'15.31""E",FIX,
12:42:20.918,1786167740.918,TRACKING,9.300,-2.379,-2.387,0.13,0.450,-0.023,0.000,0.000,0.000,0.500,2.32,10.77566358,106.67091865,10.51,"10°46'32.39""N, 106°40'15.31""E",FIX,
12:42:21.018,1786167741.019,TRACKING,9.274,-2.404,-2.388,0.13,0.450,-0.028,0.000,0.000,0.000,0.583,2.36,10.77566358,106.67091865,10.51,"10°46'32.39""N, 106°40'15.31""E",FIX,
12:42:21.089,1786167741.090,TRACKING,9.261,-2.416,-2.389,0.12,0.450,-0.027,0.000,0.000,0.000,0.646,2.38,10.77566358,106.67091865,10.51,"10°46'32.39""N, 106°40'15.31""E",FIX,
12:42:21.186,1786167741.187,TRACKING,9.234,-2.441,-2.391,0.12,0.450,-0.021,0.000,0.000,0.000,0.708,2.41,10.77566356,106.67091824,10.51,"10°46'32.39""N, 106°40'15.31""E",FIX,
12:42:21.241,1786167741.241,TRACKING,9.215,-2.459,-2.393,0.12,0.450,-0.024,0.000,0.000,0.000,0.771,2.44,10.77566356,106.67091824,10.51,"10°46'32.39""N, 106°40'15.31""E",FIX,
12:42:21.349,1786167741.349,TRACKING,9.195,-2.477,-2.394,0.11,0.450,-0.027,0.000,0.000,0.000,0.854,2.47,10.77566356,106.67091824,10.51,"10°46'32.39""N, 106°40'15.31""E",FIX,
12:42:21.439,1786167741.439,TRACKING,9.168,-2.502,-2.396,0.11,0.450,-0.020,0.000,0.000,0.000,0.937,2.50,10.77566354,106.67091783,10.51,"10°46'32.39""N, 106°40'15.30""E",FIX,
12:42:21.530,1786167741.530,TRACKING,9.149,-2.520,-2.398,0.11,0.450,-0.022,0.000,0.000,0.000,1.000,2.53,10.77566354,106.67091783,10.51,"10°46'32.39""N, 106°40'15.30""E",FIX,
12:42:21.624,1786167741.625,TRACKING,9.129,-2.538,-2.399,0.10,0.450,-0.024,0.000,0.000,0.000,1.000,2.56,10.77566354,106.67091783,10.51,"10°46'32.39""N, 106°40'15.30""E",FIX,
12:42:21.729,1786167741.729,TRACKING,9.102,-2.563,-2.401,0.10,0.450,-0.018,0.000,0.000,0.000,1.000,2.59,10.77566353,106.67091742,10.51,"10°46'32.39""N, 106°40'15.30""E",FIX,
12:42:21.833,1786167741.833,TRACKING,9.076,-2.587,-2.403,0.10,0.450,-0.020,0.000,0.000,0.000,1.000,2.63,10.77566353,106.67091742,10.51,"10°46'32.39""N, 106°40'15.30""E",FIX,
12:42:21.913,1786167741.913,TRACKING,9.056,-2.605,-2.404,0.09,0.450,-0.021,0.000,0.000,0.000,1.000,2.66,10.77566353,106.67091742,10.51,"10°46'32.39""N, 106°40'15.30""E",FIX,
12:42:22.002,1786167742.002,TRACKING,9.036,-2.623,-2.405,0.09,0.450,-0.015,0.000,0.000,0.000,1.000,2.68,10.77566352,106.67091701,10.51,"10°46'32.39""N, 106°40'15.30""E",FIX,
12:42:22.082,1786167742.082,TRACKING,9.016,-2.641,-2.406,0.09,0.450,-0.017,0.000,0.000,0.000,1.000,2.71,10.77566352,106.67091701,10.51,"10°46'32.39""N, 106°40'15.30""E",FIX,
12:42:22.199,1786167742.200,TRACKING,8.989,-2.666,-2.407,0.09,0.450,-0.019,0.000,0.000,0.000,1.000,2.75,10.77566352,106.67091701,10.51,"10°46'32.39""N, 106°40'15.30""E",FIX,
12:42:22.286,1786167742.287,TRACKING,8.969,-2.684,-2.408,0.08,0.450,-0.020,0.000,0.000,0.000,1.000,2.77,10.77566351,106.67091660,10.51,"10°46'32.39""N, 106°40'15.30""E",FIX,
12:42:22.351,1786167742.352,TRACKING,8.949,-2.702,-2.410,0.08,0.450,-0.013,0.000,0.000,0.000,1.000,2.80,10.77566351,106.67091660,10.51,"10°46'32.39""N, 106°40'15.30""E",FIX,
12:42:22.453,1786167742.454,TRACKING,8.929,-2.720,-2.411,0.08,0.450,-0.015,0.000,0.000,0.000,1.000,2.83,10.77566351,106.67091660,10.51,"10°46'32.39""N, 106°40'15.30""E",FIX,
12:42:22.548,1786167742.549,TRACKING,8.902,-2.744,-2.412,0.08,0.450,-0.017,0.000,0.000,0.000,1.000,2.86,10.77566349,106.67091618,10.51,"10°46'32.39""N, 106°40'15.30""E",FIX,
12:42:22.656,1786167742.657,TRACKING,8.882,-2.762,-2.413,0.08,0.450,-0.018,0.000,0.000,0.000,1.000,2.89,10.77566349,106.67091618,10.51,"10°46'32.39""N, 106°40'15.30""E",FIX,
12:42:22.758,1786167742.758,TRACKING,8.855,-2.786,-2.414,0.07,0.450,-0.018,0.000,0.000,0.000,1.000,2.93,10.77566349,106.67091618,10.51,"10°46'32.39""N, 106°40'15.30""E",FIX,
12:42:22.838,1786167742.838,TRACKING,8.835,-2.804,-2.415,0.07,0.450,-0.015,0.000,0.000,0.000,1.000,2.95,10.77566348,106.67091577,10.51,"10°46'32.39""N, 106°40'15.30""E",FIX,
12:42:22.906,1786167742.907,TRACKING,8.814,-2.822,-2.416,0.07,0.450,-0.012,0.000,0.000,0.000,1.000,2.98,10.77566348,106.67091577,10.51,"10°46'32.39""N, 106°40'15.30""E",FIX,
12:42:22.997,1786167742.997,TRACKING,8.801,-2.834,-2.417,0.07,0.450,-0.013,0.000,0.000,0.000,1.000,3.00,10.77566348,106.67091577,10.51,"10°46'32.39""N, 106°40'15.30""E",FIX,
12:42:23.081,1786167743.081,TRACKING,8.774,-2.857,-2.418,0.07,0.450,-0.015,0.000,0.000,0.000,1.000,3.03,10.77566348,106.67091577,10.51,"10°46'32.39""N, 106°40'15.30""E",FIX,
12:42:23.193,1786167743.193,TRACKING,8.754,-2.875,-2.419,0.07,0.450,-0.016,0.000,0.000,0.000,1.000,3.06,10.77566347,106.67091536,10.51,"10°46'32.39""N, 106°40'15.30""E",FIX,
12:42:23.309,1786167743.309,TRACKING,8.727,-2.899,-2.420,0.06,0.450,-0.009,0.000,0.000,0.000,1.000,3.10,10.77566347,106.67091536,10.51,"10°46'32.39""N, 106°40'15.30""E",FIX,
12:42:23.395,1786167743.396,TRACKING,8.706,-2.917,-2.421,0.06,0.450,-0.011,0.000,0.000,0.000,0.542,3.12,10.77566347,106.67091536,10.51,"10°46'32.39""N, 106°40'15.30""E",FIX,
12:42:23.473,1786167743.473,TRACKING,8.686,-2.935,-2.421,0.06,0.450,-0.012,0.000,0.000,0.000,0.604,3.15,10.77566347,106.67091495,10.51,"10°46'32.39""N, 106°40'15.29""E",FIX,
12:42:23.579,1786167743.580,TRACKING,8.666,-2.953,-2.422,0.06,0.450,-0.009,0.000,0.000,0.000,0.667,3.18,10.77566347,106.67091495,10.51,"10°46'32.39""N, 106°40'15.29""E",FIX,
12:42:23.729,1786167743.729,TRACKING,8.639,-2.976,-2.423,0.05,0.450,-0.008,0.000,0.000,0.000,0.750,3.21,10.77566347,106.67091495,10.51,"10°46'32.39""N, 106°40'15.29""E",FIX,
12:42:23.797,1786167743.797,TRACKING,8.619,-2.994,-2.423,0.05,0.450,-0.008,0.000,0.000,0.000,0.812,3.24,10.77566346,106.67091454,10.51,"10°46'32.39""N, 106°40'15.29""E",FIX,
12:42:23.921,1786167743.921,TRACKING,8.585,-3.024,-2.424,0.05,0.450,-0.011,0.000,0.000,0.000,0.896,3.29,10.77566346,106.67091454,10.51,"10°46'32.39""N, 106°40'15.29""E",FIX,
12:42:23.976,1786167743.976,TRACKING,8.571,-3.035,-2.424,0.05,0.450,-0.010,0.000,0.000,0.000,0.958,3.30,10.77566346,106.67091454,10.51,"10°46'32.39""N, 106°40'15.29""E",FIX,
12:42:24.067,1786167744.068,TRACKING,8.544,-3.059,-2.425,0.05,0.450,-0.011,0.000,0.000,0.000,1.000,3.34,10.77566345,106.67091413,10.51,"10°46'32.39""N, 106°40'15.29""E",FIX,
12:42:24.152,1786167744.153,TRACKING,8.524,-3.077,-2.426,0.05,0.450,-0.011,0.000,0.000,0.000,1.000,3.37,10.77566345,106.67091413,10.51,"10°46'32.39""N, 106°40'15.29""E",FIX,
12:42:24.232,1786167744.233,TRACKING,8.503,-3.095,-2.427,0.05,0.450,-0.012,0.000,0.000,0.000,1.000,3.39,10.77566345,106.67091413,10.51,"10°46'32.39""N, 106°40'15.29""E",FIX,
12:42:24.323,1786167744.324,TRACKING,8.483,-3.112,-2.427,0.05,0.450,-0.012,0.000,0.000,0.000,1.000,3.42,10.77566344,106.67091372,10.51,"10°46'32.39""N, 106°40'15.29""E",FIX,
12:42:24.429,1786167744.429,TRACKING,8.456,-3.136,-2.428,0.04,0.450,-0.006,0.000,0.000,0.000,1.000,3.46,10.77566344,106.67091372,10.51,"10°46'32.39""N, 106°40'15.29""E",FIX,
12:42:24.490,1786167744.491,TRACKING,8.435,-3.153,-2.429,0.04,0.450,-0.005,0.000,0.000,0.000,1.000,3.48,10.77566344,106.67091372,10.51,"10°46'32.39""N, 106°40'15.29""E",FIX,
12:42:24.586,1786167744.586,TRACKING,8.415,-3.171,-2.429,0.04,0.450,-0.008,0.000,0.000,0.000,1.000,3.51,10.77566344,106.67091330,10.51,"10°46'32.39""N, 106°40'15.29""E",FIX,
12:42:24.654,1786167744.654,TRACKING,8.394,-3.189,-2.429,0.04,0.450,-0.008,0.000,0.000,0.000,1.000,3.54,10.77566344,106.67091330,10.51,"10°46'32.39""N, 106°40'15.29""E",FIX,
12:42:24.755,1786167744.756,TRACKING,8.367,-3.212,-2.430,0.04,0.450,-0.009,0.000,0.000,0.000,1.000,3.57,10.77566344,106.67091330,10.51,"10°46'32.39""N, 106°40'15.29""E",FIX,
12:42:24.843,1786167744.844,TRACKING,8.347,-3.230,-2.431,0.04,0.450,-0.009,0.000,0.000,0.000,1.000,3.60,10.77566343,106.67091289,10.51,"10°46'32.39""N, 106°40'15.29""E",FIX,
12:42:24.932,1786167744.933,TRACKING,8.326,-3.248,-2.431,0.04,0.450,-0.009,0.000,0.000,0.000,1.000,3.63,10.77566343,106.67091289,10.51,"10°46'32.39""N, 106°40'15.29""E",FIX,
12:42:25.041,1786167745.042,TRACKING,8.299,-3.271,-2.432,0.04,0.450,-0.010,0.000,0.000,0.000,1.000,3.66,10.77566343,106.67091289,10.51,"10°46'32.39""N, 106°40'15.29""E",FIX,
12:42:25.108,1786167745.108,TRACKING,8.278,-3.289,-2.432,0.04,0.450,-0.010,0.000,0.000,0.000,1.000,3.69,10.77566343,106.67091248,10.51,"10°46'32.39""N, 106°40'15.28""E",FIX,
12:42:25.212,1786167745.213,TRACKING,8.258,-3.306,-2.433,0.04,0.450,-0.010,0.000,0.000,0.000,1.000,3.72,10.77566343,106.67091248,10.51,"10°46'32.39""N, 106°40'15.28""E",FIX,
12:42:25.311,1786167745.312,TRACKING,8.230,-3.330,-2.434,0.04,0.450,-0.010,0.000,0.000,0.000,1.000,3.75,10.77566343,106.67091248,10.51,"10°46'32.39""N, 106°40'15.28""E",FIX,
12:42:25.389,1786167745.390,TRACKING,8.210,-3.347,-2.434,0.04,0.450,-0.010,0.000,0.000,0.000,1.000,3.78,10.77566342,106.67091207,10.51,"10°46'32.39""N, 106°40'15.28""E",FIX,
12:42:25.489,1786167745.490,TRACKING,8.189,-3.365,-2.435,0.04,0.450,-0.010,0.000,0.000,0.000,1.000,3.81,10.77566342,106.67091207,10.51,"10°46'32.39""N, 106°40'15.28""E",FIX,
12:42:25.563,1786167745.564,TRACKING,8.162,-3.388,-2.436,0.03,0.450,-0.006,0.000,0.000,0.000,1.000,3.84,10.77566342,106.67091207,10.51,"10°46'32.39""N, 106°40'15.28""E",FIX,
12:42:25.644,1786167745.644,TRACKING,8.148,-3.400,-2.436,0.03,0.450,-0.002,0.000,0.000,0.000,1.000,3.86,10.77566342,106.67091166,10.51,"10°46'32.39""N, 106°40'15.28""E",FIX,
12:42:25.726,1786167745.727,TRACKING,8.121,-3.423,-2.436,0.03,0.450,-0.012,0.000,0.000,0.000,1.000,3.90,10.77566342,106.67091166,10.51,"10°46'32.39""N, 106°40'15.28""E",FIX,
12:42:25.812,1786167745.813,TRACKING,8.100,-3.441,-2.437,0.03,0.450,-0.011,0.000,0.000,0.000,0.500,3.93,10.77566342,106.67091166,10.51,"10°46'32.39""N, 106°40'15.28""E",FIX,
12:42:25.909,1786167745.910,TRACKING,8.073,-3.464,-2.438,0.04,0.450,-0.010,0.000,0.000,0.000,0.562,3.96,10.77566341,106.67091125,10.51,"10°46'32.39""N, 106°40'15.28""E",FIX,
12:42:26.002,1786167746.003,TRACKING,8.052,-3.481,-2.438,0.04,0.450,-0.010,0.000,0.000,0.000,0.625,3.99,10.77566341,106.67091125,10.51,"10°46'32.39""N, 106°40'15.28""E",FIX,
12:42:26.086,1786167746.086,TRACKING,8.032,-3.499,-2.439,0.04,0.450,-0.010,0.000,0.000,0.000,0.687,4.02,10.77566341,106.67091125,10.51,"10°46'32.39""N, 106°40'15.28""E",FIX,
12:42:26.173,1786167746.174,TRACKING,8.004,-3.522,-2.440,0.04,0.450,-0.010,0.000,0.000,0.000,0.750,4.05,10.77566341,106.67091084,10.51,"10°46'32.39""N, 106°40'15.28""E",FIX,
12:42:26.256,1786167746.256,TRACKING,7.984,-3.539,-2.440,0.04,0.450,-0.010,0.000,0.000,0.000,0.833,4.08,10.77566341,106.67091084,10.51,"10°46'32.39""N, 106°40'15.28""E",FIX,
12:42:26.342,1786167746.343,TRACKING,7.956,-3.563,-2.441,0.03,0.450,-0.004,0.000,0.000,0.000,0.917,4.11,10.77566341,106.67091084,10.51,"10°46'32.39""N, 106°40'15.28""E",FIX,
12:42:26.404,1786167746.405,TRACKING,7.935,-3.580,-2.442,0.03,0.450,-0.004,0.000,0.000,0.000,1.000,4.14,10.77566340,106.67091042,10.51,"10°46'32.39""N, 106°40'15.28""E",FIX,
12:42:26.486,1786167746.486,TRACKING,7.915,-3.597,-2.442,0.03,0.450,-0.005,0.000,0.000,0.000,1.000,4.17,10.77566340,106.67091042,10.51,"10°46'32.39""N, 106°40'15.28""E",FIX,
12:42:26.589,1786167746.590,TRACKING,7.887,-3.621,-2.442,0.03,0.450,-0.006,0.000,0.000,0.000,1.000,4.20,10.77566340,106.67091042,10.51,"10°46'32.39""N, 106°40'15.28""E",FIX,
12:42:26.683,1786167746.683,TRACKING,7.873,-3.632,-2.442,0.03,0.450,-0.006,0.000,0.000,0.000,1.000,4.22,10.77566340,106.67091001,10.51,"10°46'32.39""N, 106°40'15.28""E",FIX,
12:42:26.748,1786167746.748,TRACKING,7.853,-3.650,-2.443,0.03,0.450,-0.007,0.000,0.000,0.000,1.000,4.25,10.77566340,106.67091001,10.51,"10°46'32.39""N, 106°40'15.28""E",FIX,
12:42:26.859,1786167746.860,TRACKING,7.825,-3.673,-2.443,0.03,0.450,-0.007,0.000,0.000,0.000,1.000,4.29,10.77566340,106.67091001,10.51,"10°46'32.39""N, 106°40'15.28""E",FIX,
12:42:26.946,1786167746.946,TRACKING,7.805,-3.690,-2.444,0.03,0.450,-0.007,0.000,0.000,0.000,1.000,4.31,10.77566340,106.67090960,10.51,"10°46'32.39""N, 106°40'15.27""E",FIX,
12:42:27.045,1786167747.045,TRACKING,7.784,-3.707,-2.444,0.03,0.450,-0.007,0.000,0.000,0.000,1.000,4.34,10.77566340,106.67090960,10.51,"10°46'32.39""N, 106°40'15.27""E",FIX,
12:42:27.145,1786167747.146,TRACKING,7.756,-3.731,-2.445,0.03,0.450,-0.007,0.000,0.000,0.000,1.000,4.38,10.77566340,106.67090960,10.51,"10°46'32.39""N, 106°40'15.27""E",FIX,
12:42:27.257,1786167747.258,TRACKING,7.729,-3.754,-2.445,0.03,0.450,-0.007,0.000,0.000,0.000,1.000,4.41,10.77566339,106.67090919,10.51,"10°46'32.39""N, 106°40'15.27""E",FIX,
12:42:27.330,1786167747.331,TRACKING,7.708,-3.771,-2.446,0.03,0.450,-0.007,0.000,0.000,0.000,1.000,4.44,10.77566339,106.67090919,10.51,"10°46'32.39""N, 106°40'15.27""E",FIX,
12:42:27.403,1786167747.403,TRACKING,7.687,-3.788,-2.446,0.03,0.450,-0.007,0.000,0.000,0.000,1.000,4.47,10.77566339,106.67090919,10.51,"10°46'32.39""N, 106°40'15.27""E",FIX,
12:42:27.492,1786167747.493,TRACKING,7.666,-3.806,-2.447,0.03,0.450,-0.007,0.000,0.000,0.000,1.000,4.49,10.77566339,106.67090878,10.51,"10°46'32.39""N, 106°40'15.27""E",FIX,
12:42:27.576,1786167747.576,TRACKING,7.646,-3.823,-2.447,0.03,0.450,-0.007,0.000,0.000,0.000,1.000,4.52,10.77566339,106.67090878,10.51,"10°46'32.39""N, 106°40'15.27""E",FIX,
12:42:27.662,1786167747.663,TRACKING,7.618,-3.846,-2.448,0.03,0.450,-0.007,0.000,0.000,0.000,1.000,4.56,10.77566339,106.67090878,10.51,"10°46'32.39""N, 106°40'15.27""E",FIX,
12:42:27.742,1786167747.742,TRACKING,7.597,-3.863,-2.448,0.03,0.450,-0.007,0.000,0.000,0.000,1.000,4.58,10.77566339,106.67090837,10.51,"10°46'32.39""N, 106°40'15.27""E",FIX,
12:42:27.828,1786167747.829,TRACKING,7.570,-3.886,-2.449,0.03,0.450,-0.014,0.000,0.000,0.000,1.000,4.62,10.77566339,106.67090837,10.51,"10°46'32.39""N, 106°40'15.27""E",FIX,
12:42:27.898,1786167747.899,TRACKING,7.549,-3.903,-2.449,0.03,0.450,-0.005,0.000,0.000,0.000,1.000,4.65,10.77566339,106.67090837,10.51,"10°46'32.39""N, 106°40'15.27""E",FIX,
12:42:27.978,1786167747.978,TRACKING,7.528,-3.921,-2.450,0.03,0.450,-0.006,0.000,0.000,0.000,1.000,4.67,10.77566338,106.67090796,10.51,"10°46'32.39""N, 106°40'15.27""E",FIX,
12:42:28.065,1786167748.066,TRACKING,7.507,-3.938,-2.450,0.03,0.450,0.000,0.000,0.000,0.000,1.000,4.70,10.77566338,106.67090796,10.51,"10°46'32.39""N, 106°40'15.27""E",FIX,
12:42:28.146,1786167748.146,TRACKING,7.486,-3.955,-2.450,0.02,0.450,0.015,0.000,0.000,0.000,0.521,4.73,10.77566338,106.67090796,10.51,"10°46'32.39""N, 106°40'15.27""E",FIX,
12:42:28.237,1786167748.238,TRACKING,7.459,-3.978,-2.450,0.01,0.450,0.009,0.000,0.000,0.000,0.583,4.76,10.77566338,106.67090754,10.51,"10°46'32.39""N, 106°40'15.27""E",FIX,
12:42:28.317,1786167748.317,TRACKING,7.438,-3.995,-2.449,0.01,0.450,0.005,0.000,0.000,0.000,0.667,4.79,10.77566338,106.67090754,10.51,"10°46'32.39""N, 106°40'15.27""E",FIX,
12:42:28.384,1786167748.385,TRACKING,7.410,-4.018,-2.448,0.00,0.450,0.004,0.000,0.000,0.000,0.750,4.83,10.77566338,106.67090754,10.51,"10°46'32.39""N, 106°40'15.27""E",FIX,
12:42:28.486,1786167748.487,TRACKING,7.390,-4.036,-2.448,0.00,0.450,0.002,0.000,0.000,0.000,0.812,4.85,10.77566338,106.67090713,10.51,"10°46'32.39""N, 106°40'15.27""E",FIX,
12:42:28.581,1786167748.581,TRACKING,7.369,-4.053,-2.448,0.00,0.450,0.002,0.000,0.000,0.000,0.896,4.88,10.77566338,106.67090713,10.51,"10°46'32.39""N, 106°40'15.27""E",FIX,
12:42:28.670,1786167748.670,TRACKING,7.348,-4.070,-2.448,0.00,0.450,0.001,0.000,0.000,0.000,0.958,4.91,10.77566338,106.67090713,10.51,"10°46'32.39""N, 106°40'15.27""E",FIX,
12:42:28.767,1786167748.768,TRACKING,7.327,-4.087,-2.448,0.00,0.450,-0.007,0.000,0.000,0.000,1.000,4.93,10.77566338,106.67090672,10.51,"10°46'32.39""N, 106°40'15.26""E",FIX,
12:42:28.884,1786167748.884,TRACKING,7.293,-4.116,-2.448,0.00,0.450,0.001,0.000,0.000,0.000,1.000,4.98,10.77566338,106.67090672,10.51,"10°46'32.39""N, 106°40'15.26""E",FIX,
12:42:28.953,1786167748.954,TRACKING,7.279,-4.128,-2.448,0.00,0.450,0.002,0.000,0.000,0.000,1.000,5.00,10.77566338,106.67090672,10.51,"10°46'32.39""N, 106°40'15.26""E",FIX,
12:42:29.042,1786167749.042,TRACKING,7.258,-4.145,-2.448,0.00,0.450,0.001,0.000,0.000,0.000,1.000,5.02,10.77566338,106.67090631,10.51,"10°46'32.39""N, 106°40'15.26""E",FIX,
12:42:29.128,1786167749.128,TRACKING,7.230,-4.168,-2.448,0.00,0.450,0.001,0.000,0.000,0.000,1.000,5.06,10.77566338,106.67090631,10.51,"10°46'32.39""N, 106°40'15.26""E",FIX,
12:42:29.206,1786167749.206,TRACKING,7.216,-4.179,-2.448,0.00,0.450,0.000,0.000,0.000,0.000,1.000,5.08,10.77566338,106.67090631,10.51,"10°46'32.39""N, 106°40'15.26""E",FIX,
12:42:29.348,1786167749.348,TRACKING,7.189,-4.202,-2.448,0.00,0.450,0.000,0.000,0.000,0.000,1.000,5.11,10.77566338,106.67090590,10.51,"10°46'32.39""N, 106°40'15.26""E",FIX,
12:42:29.490,1786167749.490,TRACKING,7.161,-4.225,-2.448,0.00,0.450,0.000,0.000,0.000,0.000,1.000,5.15,10.77566338,106.67090590,10.51,"10°46'32.39""N, 106°40'15.26""E",FIX,
12:42:29.569,1786167749.569,TRACKING,7.140,-4.243,-2.448,0.00,0.450,-0.008,0.000,0.000,0.000,1.000,5.18,10.77566338,106.67090590,10.51,"10°46'32.39""N, 106°40'15.26""E",FIX,
12:42:29.676,1786167749.676,TRACKING,7.120,-4.260,-2.448,0.00,0.450,0.002,0.000,0.000,0.000,1.000,5.20,10.77566338,106.67090549,10.51,"10°46'32.39""N, 106°40'15.26""E",FIX,
12:42:29.733,1786167749.734,TRACKING,7.099,-4.277,-2.449,0.00,0.450,0.002,0.000,0.000,0.000,1.000,5.23,10.77566338,106.67090549,10.51,"10°46'32.39""N, 106°40'15.26""E",FIX,
12:42:29.824,1786167749.825,TRACKING,7.071,-4.300,-2.448,0.00,0.450,0.001,0.000,0.000,0.000,1.000,5.27,10.77566338,106.67090549,10.51,"10°46'32.39""N, 106°40'15.26""E",FIX,
12:42:29.943,1786167749.943,TRACKING,7.050,-4.317,-2.448,0.00,0.450,0.001,0.000,0.000,0.000,1.000,5.29,10.77566338,106.67090508,10.51,"10°46'32.39""N, 106°40'15.26""E",FIX,
12:42:30.034,1786167750.035,TRACKING,7.023,-4.340,-2.448,0.00,0.450,0.000,0.000,0.000,0.000,1.000,5.33,10.77566338,106.67090508,10.51,"10°46'32.39""N, 106°40'15.26""E",FIX,
12:42:30.111,1786167750.112,TRACKING,7.002,-4.358,-2.448,0.00,0.450,0.000,0.000,0.000,0.000,1.000,5.36,10.77566338,106.67090508,10.51,"10°46'32.39""N, 106°40'15.26""E",FIX,
12:42:30.199,1786167750.199,TRACKING,6.981,-4.375,-2.448,0.00,0.450,0.000,0.000,0.000,0.000,1.000,5.38,10.77566338,106.67090466,10.51,"10°46'32.39""N, 106°40'15.26""E",FIX,
12:42:30.271,1786167750.271,TRACKING,6.960,-4.392,-2.448,0.00,0.450,0.000,0.000,0.000,0.000,1.000,5.41,10.77566338,106.67090466,10.51,"10°46'32.39""N, 106°40'15.26""E",FIX,
12:42:30.384,1786167750.384,TRACKING,6.933,-4.415,-2.448,0.00,0.450,0.000,0.000,0.000,0.000,1.000,5.45,10.77566338,106.67090466,10.51,"10°46'32.39""N, 106°40'15.26""E",FIX,
12:42:30.454,1786167750.455,TRACKING,6.912,-4.432,-2.448,0.00,0.450,-0.008,0.000,0.000,0.000,1.000,5.47,10.77566338,106.67090425,10.51,"10°46'32.39""N, 106°40'15.26""E",FIX,
12:42:30.549,1786167750.549,TRACKING,6.891,-4.450,-2.449,0.01,0.450,-0.021,0.000,0.000,0.000,1.000,5.50,10.77566338,106.67090425,10.51,"10°46'32.39""N, 106°40'15.26""E",FIX,
12:42:30.675,1786167750.676,TRACKING,6.863,-4.473,-2.450,0.02,0.450,-0.021,0.000,0.000,0.000,0.896,5.54,10.77566338,106.67090425,10.51,"10°46'32.39""N, 106°40'15.26""E",FIX,
12:42:30.797,1786167750.798,TRACKING,6.843,-4.490,-2.451,0.03,0.450,-0.021,0.000,0.000,0.000,0.583,5.56,10.77566337,106.67090384,10.51,"10°46'32.39""N, 106°40'15.25""E",FIX,
12:42:30.883,1786167750.884,TRACKING,6.822,-4.507,-2.452,0.03,0.450,-0.015,0.000,0.000,0.000,0.667,5.59,10.77566337,106.67090384,10.51,"10°46'32.39""N, 106°40'15.25""E",FIX,
12:42:30.981,1786167750.982,TRACKING,6.801,-4.524,-2.454,0.03,0.450,-0.013,0.000,0.000,0.000,0.750,5.62,10.77566337,106.67090384,10.51,"10°46'32.39""N, 106°40'15.25""E",FIX,
12:42:31.069,1786167751.069,TRACKING,6.780,-4.541,-2.454,0.03,0.450,-0.004,0.000,0.000,0.000,0.812,5.64,10.77566337,106.67090384,10.51,"10°46'32.39""N, 106°40'15.25""E",FIX,
12:42:31.141,1786167751.141,TRACKING,6.752,-4.564,-2.455,0.03,0.450,-0.006,0.000,0.000,0.000,0.896,5.68,10.77566337,106.67090343,10.51,"10°46'32.39""N, 106°40'15.25""E",FIX,
12:42:31.221,1786167751.221,TRACKING,6.731,-4.581,-2.455,0.03,0.450,-0.006,0.000,0.000,0.000,0.958,5.71,10.77566337,106.67090343,10.51,"10°46'32.39""N, 106°40'15.25""E",FIX,
12:42:31.303,1786167751.303,TRACKING,6.704,-4.604,-2.456,0.03,0.450,-0.007,0.000,0.000,0.000,1.000,5.74,10.77566337,106.67090302,10.51,"10°46'32.39""N, 106°40'15.25""E",FIX,
12:42:31.389,1786167751.390,TRACKING,6.683,-4.621,-2.456,0.03,0.450,-0.007,0.000,0.000,0.000,1.000,5.77,10.77566337,106.67090302,10.51,"10°46'32.39""N, 106°40'15.25""E",FIX,
12:42:31.452,1786167751.452,TRACKING,6.662,-4.638,-2.457,0.03,0.450,-0.007,0.000,0.000,0.000,1.000,5.80,10.77566337,106.67090302,10.51,"10°46'32.39""N, 106°40'15.25""E",FIX,
12:42:31.567,1786167751.568,TRACKING,6.634,-4.661,-2.457,0.03,0.450,-0.007,0.000,0.000,0.000,1.000,5.83,10.77566337,106.67090261,10.51,"10°46'32.39""N, 106°40'15.25""E",FIX,
12:42:31.644,1786167751.645,TRACKING,6.613,-4.678,-2.458,0.03,0.450,-0.007,0.000,0.000,0.000,1.000,5.86,10.77566337,106.67090261,10.51,"10°46'32.39""N, 106°40'15.25""E",FIX,
12:42:31.729,1786167751.729,TRACKING,6.592,-4.695,-2.458,0.02,0.450,-0.000,0.000,0.000,0.000,1.000,5.89,10.77566337,106.67090261,10.51,"10°46'32.39""N, 106°40'15.25""E",FIX,
12:42:31.800,1786167751.800,TRACKING,6.571,-4.712,-2.458,0.02,0.450,-0.001,0.000,0.000,0.000,1.000,5.91,10.77566337,106.67090261,10.51,"10°46'32.39""N, 106°40'15.25""E",FIX,
12:42:31.913,1786167751.913,TRACKING,6.543,-4.735,-2.458,0.02,0.450,-0.003,0.000,0.000,0.000,1.000,5.95,10.77566337,106.67090219,10.51,"10°46'32.39""N, 106°40'15.25""E",FIX,
12:42:31.999,1786167752.000,TRACKING,6.522,-4.752,-2.459,0.02,0.450,-0.003,0.000,0.000,0.000,1.000,5.98,10.77566337,106.67090219,10.51,"10°46'32.39""N, 106°40'15.25""E",FIX,
12:42:32.096,1786167752.097,TRACKING,6.494,-4.775,-2.459,0.02,0.450,-0.004,0.000,0.000,0.000,1.000,6.01,10.77566337,106.67090178,10.51,"10°46'32.39""N, 106°40'15.25""E",FIX,
12:42:32.187,1786167752.188,TRACKING,6.473,-4.792,-2.459,0.02,0.450,-0.004,0.000,0.000,0.000,1.000,6.04,10.77566337,106.67090178,10.51,"10°46'32.39""N, 106°40'15.25""E",FIX,
12:42:32.269,1786167752.269,TRACKING,6.459,-4.803,-2.459,0.02,0.450,-0.015,0.000,0.000,0.000,1.000,6.06,10.77566337,106.67090178,10.51,"10°46'32.39""N, 106°40'15.25""E",FIX,
12:42:32.353,1786167752.353,TRACKING,6.431,-4.826,-2.460,0.02,0.450,-0.003,0.000,0.000,0.000,1.000,6.09,10.77566337,106.67090178,10.51,"10°46'32.39""N, 106°40'15.25""E",FIX,
12:42:32.436,1786167752.436,TRACKING,6.410,-4.843,-2.460,0.02,0.450,-0.003,0.000,0.000,0.000,1.000,6.12,10.77566337,106.67090137,10.51,"10°46'32.39""N, 106°40'15.24""E",FIX,
12:42:32.541,1786167752.541,TRACKING,6.382,-4.865,-2.461,0.02,0.450,-0.004,0.000,0.000,0.000,1.000,6.16,10.77566337,106.67090137,10.51,"10°46'32.39""N, 106°40'15.24""E",FIX,
12:42:32.629,1786167752.629,TRACKING,6.361,-4.882,-2.461,0.02,0.450,-0.004,0.000,0.000,0.000,1.000,6.18,10.77566337,106.67090137,10.51,"10°46'32.39""N, 106°40'15.24""E",FIX,
12:42:32.715,1786167752.715,TRACKING,6.340,-4.899,-2.461,0.02,0.450,-0.004,0.000,0.000,0.000,1.000,6.21,10.77566337,106.67090096,10.51,"10°46'32.39""N, 106°40'15.24""E",FIX,
12:42:32.811,1786167752.811,TRACKING,6.312,-4.922,-2.461,0.02,0.450,-0.005,0.000,0.000,0.000,1.000,6.25,10.77566337,106.67090096,10.51,"10°46'32.39""N, 106°40'15.24""E",FIX,
12:42:32.909,1786167752.910,TRACKING,6.291,-4.939,-2.462,0.02,0.450,-0.005,0.000,0.000,0.000,1.000,6.27,10.77566337,106.67090096,10.51,"10°46'32.39""N, 106°40'15.24""E",FIX,
12:42:33.006,1786167753.007,TRACKING,6.270,-4.956,-2.462,0.01,0.450,0.017,0.000,0.000,0.000,1.000,6.30,10.77566337,106.67090055,10.51,"10°46'32.39""N, 106°40'15.24""E",FIX,
12:42:33.091,1786167753.092,TRACKING,6.249,-4.973,-2.462,0.00,0.450,0.014,0.000,0.000,0.000,0.542,6.33,10.77566337,106.67090055,10.51,"10°46'32.39""N, 106°40'15.24""E",FIX,
12:42:33.186,1786167753.186,TRACKING,6.222,-4.996,-2.461,-0.00,0.450,0.008,0.000,0.000,0.000,0.604,6.36,10.77566337,106.67090055,10.51,"10°46'32.39""N, 106°40'15.24""E",FIX,
12:42:33.294,1786167753.294,TRACKING,6.201,-5.013,-2.460,-0.00,0.450,-0.001,0.000,0.000,0.000,0.667,6.39,10.77566337,106.67090014,10.51,"10°46'32.39""N, 106°40'15.24""E",FIX,
12:42:33.393,1786167753.393,TRACKING,6.173,-5.035,-2.460,-0.00,0.450,-0.001,0.000,0.000,0.000,0.750,6.43,10.77566337,106.67090014,10.51,"10°46'32.39""N, 106°40'15.24""E",FIX,
12:42:33.496,1786167753.497,TRACKING,6.152,-5.052,-2.460,-0.00,0.450,-0.000,0.000,0.000,0.000,0.833,6.45,10.77566337,106.67090014,10.51,"10°46'32.39""N, 106°40'15.24""E",FIX,
12:42:33.583,1786167753.584,TRACKING,6.131,-5.069,-2.460,-0.00,0.450,-0.000,0.000,0.000,0.000,0.896,6.48,10.77566337,106.67089973,10.51,"10°46'32.39""N, 106°40'15.24""E",FIX,
12:42:33.691,1786167753.692,TRACKING,6.110,-5.086,-2.460,-0.00,0.450,-0.000,0.000,0.000,0.000,0.979,6.51,10.77566337,106.67089973,10.51,"10°46'32.39""N, 106°40'15.24""E",FIX,
12:42:33.800,1786167753.800,TRACKING,6.082,-5.109,-2.460,-0.00,0.450,0.003,0.000,0.000,0.000,1.000,6.54,10.77566337,106.67089973,10.51,"10°46'32.39""N, 106°40'15.24""E",FIX,
12:42:33.905,1786167753.906,TRACKING,6.061,-5.126,-2.460,-0.00,0.450,-0.001,0.000,0.000,0.000,1.000,6.57,10.77566337,106.67089931,10.51,"10°46'32.39""N, 106°40'15.24""E",FIX,
12:42:33.998,1786167753.998,TRACKING,6.040,-5.143,-2.460,-0.00,0.450,-0.001,0.000,0.000,0.000,1.000,6.60,10.77566337,106.67089931,10.51,"10°46'32.39""N, 106°40'15.24""E",FIX,
12:42:34.083,1786167754.084,TRACKING,6.019,-5.160,-2.460,-0.00,0.450,-0.000,0.000,0.000,0.000,1.000,6.63,10.77566337,106.67089931,10.51,"10°46'32.39""N, 106°40'15.24""E",FIX,
12:42:34.183,1786167754.184,TRACKING,5.991,-5.183,-2.460,-0.00,0.450,-0.000,0.000,0.000,0.000,1.000,6.66,10.77566338,106.67089890,10.51,"10°46'32.39""N, 106°40'15.24""E",FIX,
12:42:34.253,1786167754.253,TRACKING,5.970,-5.200,-2.460,-0.00,0.450,0.009,0.000,0.000,0.000,1.000,6.69,10.77566338,106.67089890,10.51,"10°46'32.39""N, 106°40'15.24""E",FIX,
12:42:34.362,1786167754.362,TRACKING,5.942,-5.223,-2.459,-0.00,0.450,-0.001,0.000,0.000,0.000,1.000,6.72,10.77566338,106.67089890,10.51,"10°46'32.39""N, 106°40'15.24""E",FIX,
12:42:34.431,1786167754.431,TRACKING,5.928,-5.234,-2.459,-0.00,0.450,-0.002,0.000,0.000,0.000,1.000,6.74,10.77566338,106.67089849,10.51,"10°46'32.39""N, 106°40'15.23""E",FIX,
12:42:34.561,1786167754.561,TRACKING,5.907,-5.251,-2.459,-0.00,0.450,-0.001,0.000,0.000,0.000,1.000,6.77,10.77566338,106.67089849,10.51,"10°46'32.39""N, 106°40'15.23""E",FIX,
12:42:34.655,1786167754.656,TRACKING,5.879,-5.274,-2.459,-0.00,0.450,-0.001,0.000,0.000,0.000,1.000,6.81,10.77566338,106.67089849,10.51,"10°46'32.39""N, 106°40'15.23""E",FIX,
12:42:34.739,1786167754.739,TRACKING,5.858,-5.291,-2.459,-0.00,0.450,-0.000,0.000,0.000,0.000,1.000,6.83,10.77566338,106.67089808,10.51,"10°46'32.39""N, 106°40'15.23""E",FIX,
12:42:34.840,1786167754.841,TRACKING,5.830,-5.313,-2.459,-0.00,0.450,0.006,0.000,0.000,0.000,1.000,6.87,10.77566338,106.67089808,10.51,"10°46'32.39""N, 106°40'15.23""E",FIX,
12:42:34.912,1786167754.913,TRACKING,5.809,-5.330,-2.459,-0.01,0.450,0.006,0.000,0.000,0.000,1.000,6.90,10.77566338,106.67089808,10.51,"10°46'32.39""N, 106°40'15.23""E",FIX,
12:42:35.014,1786167755.014,TRACKING,5.781,-5.353,-2.459,-0.00,0.450,-0.002,0.000,0.000,0.000,1.000,6.93,10.77566338,106.67089767,10.51,"10°46'32.39""N, 106°40'15.23""E",FIX,
12:42:35.087,1786167755.087,TRACKING,5.760,-5.370,-2.458,-0.00,0.450,-0.002,0.000,0.000,0.000,1.000,6.96,10.77566338,106.67089767,10.51,"10°46'32.39""N, 106°40'15.23""E",FIX,
12:42:35.188,1786167755.189,TRACKING,5.739,-5.387,-2.459,-0.00,0.450,-0.001,0.000,0.000,0.000,1.000,6.99,10.77566338,106.67089767,10.51,"10°46'32.39""N, 106°40'15.23""E",FIX,
12:42:35.276,1786167755.276,TRACKING,5.719,-5.404,-2.459,-0.00,0.450,0.008,0.000,0.000,0.000,1.000,7.01,10.77566338,106.67089726,10.51,"10°46'32.39""N, 106°40'15.23""E",FIX,
12:42:35.350,1786167755.351,TRACKING,5.698,-5.421,-2.459,-0.01,0.450,0.005,0.000,0.000,0.000,1.000,7.04,10.77566338,106.67089726,10.51,"10°46'32.39""N, 106°40'15.23""E",FIX,
12:42:35.441,1786167755.442,TRACKING,5.663,-5.450,-2.458,-0.00,0.450,-0.002,0.000,0.000,0.000,1.000,7.08,10.77566338,106.67089726,10.51,"10°46'32.39""N, 106°40'15.23""E",FIX,
12:42:35.509,1786167755.510,TRACKING,5.649,-5.461,-2.458,-0.00,0.450,-0.003,0.000,0.000,0.000,0.542,7.10,10.77566338,106.67089685,10.51,"10°46'32.39""N, 106°40'15.23""E",FIX,
12:42:35.625,1786167755.626,TRACKING,5.621,-5.484,-2.458,-0.00,0.450,0.000,0.000,0.000,0.000,0.000,7.14,10.77566338,106.67089685,10.51,"10°46'32.39""N, 106°40'15.23""E",FIX,
12:42:35.725,1786167755.725,TRACKING,5.600,-5.501,-2.458,-0.00,0.450,0.000,0.000,0.000,0.000,0.000,7.17,10.77566338,106.67089685,10.51,"10°46'32.39""N, 106°40'15.23""E",FIX,
12:42:35.821,1786167755.822,TRACKING,5.572,-5.524,-2.458,-0.00,0.450,0.000,0.000,0.000,0.000,0.000,7.20,10.77566338,106.67089643,10.51,"10°46'32.39""N, 106°40'15.23""E",FIX,
12:42:35.898,1786167755.899,TRACKING,5.551,-5.541,-2.458,-0.00,0.450,0.000,0.000,0.000,0.000,0.000,7.23,10.77566338,106.67089643,10.51,"10°46'32.39""N, 106°40'15.23""E",FIX,
12:42:36.032,1786167756.033,TRACKING,5.530,-5.558,-2.458,-0.00,0.450,0.000,0.000,0.000,0.000,0.000,7.26,10.77566338,106.67089643,10.51,"10°46'32.39""N, 106°40'15.23""E",FIX,
12:42:36.111,1786167756.112,TRACKING,5.509,-5.575,-2.458,-0.00,0.450,0.000,0.000,0.000,0.000,0.000,7.28,10.77566338,106.67089602,10.51,"10°46'32.39""N, 106°40'15.23""E",FIX,
12:42:36.192,1786167756.192,TRACKING,5.488,-5.592,-2.458,-0.00,0.450,0.000,0.000,0.000,0.000,0.000,7.31,10.77566338,106.67089602,10.51,"10°46'32.39""N, 106°40'15.23""E",FIX,
12:42:36.286,1786167756.286,TRACKING,5.460,-5.615,-2.458,-0.00,0.450,0.000,0.000,0.000,0.000,0.000,7.35,10.77566338,106.67089602,10.51,"10°46'32.39""N, 106°40'15.23""E",FIX,
12:42:36.368,1786167756.369,TRACKING,5.446,-5.626,-2.458,-0.00,0.450,-0.000,0.000,0.000,0.000,0.000,7.36,10.77566338,106.67089561,10.51,"10°46'32.39""N, 106°40'15.22""E",FIX,
12:42:36.484,1786167756.485,TRACKING,5.411,-5.654,-2.458,-0.00,0.450,0.000,0.000,0.000,0.000,0.000,7.41,10.77566338,106.67089561,10.51,"10°46'32.39""N, 106°40'15.22""E",FIX,
12:42:36.574,1786167756.575,TRACKING,5.384,-5.677,-2.458,-0.00,0.450,0.000,0.000,0.000,0.000,0.000,7.44,10.77566338,106.67089561,10.51,"10°46'32.39""N, 106°40'15.22""E",FIX,
12:42:36.652,1786167756.652,TRACKING,5.370,-5.688,-2.458,-0.00,0.450,0.000,0.000,0.000,0.000,0.000,7.46,10.77566338,106.67089520,10.51,"10°46'32.39""N, 106°40'15.22""E",FIX,
12:42:36.746,1786167756.746,TRACKING,5.349,-5.705,-2.458,-0.00,0.450,0.000,0.000,0.000,0.000,0.000,7.49,10.77566338,106.67089520,10.51,"10°46'32.39""N, 106°40'15.22""E",FIX,
12:42:36.811,1786167756.812,TRACKING,5.321,-5.728,-2.458,-0.00,0.450,0.000,0.000,0.000,0.000,0.000,7.53,10.77566338,106.67089520,10.51,"10°46'32.39""N, 106°40'15.22""E",FIX,
12:42:36.906,1786167756.907,TRACKING,5.300,-5.745,-2.458,-0.00,0.450,0.000,0.000,0.000,0.000,0.000,7.55,10.77566338,106.67089479,10.51,"10°46'32.39""N, 106°40'15.22""E",FIX,
12:42:36.992,1786167756.992,TRACKING,5.272,-5.768,-2.458,-0.00,0.450,0.000,0.000,0.000,0.000,0.000,7.59,10.77566338,106.67089479,10.51,"10°46'32.39""N, 106°40'15.22""E",FIX,
12:42:37.057,1786167757.058,TRACKING,5.251,-5.785,-2.458,-0.00,0.450,0.000,0.000,0.000,0.000,0.000,7.62,10.77566338,106.67089479,10.51,"10°46'32.39""N, 106°40'15.22""E",FIX,
12:42:37.143,1786167757.144,TRACKING,5.237,-5.796,-2.458,-0.00,0.450,-0.000,0.000,0.000,0.000,0.000,7.63,10.77566339,106.67089438,10.51,"10°46'32.39""N, 106°40'15.22""E",FIX,
12:42:37.235,1786167757.235,TRACKING,5.209,-5.819,-2.458,-0.00,0.450,0.000,0.000,0.000,0.000,0.000,7.67,10.77566339,106.67089438,10.51,"10°46'32.39""N, 106°40'15.22""E",FIX,
12:42:37.320,1786167757.321,TRACKING,5.188,-5.836,-2.458,-0.00,0.450,0.000,0.000,0.000,0.000,0.000,7.70,10.77566339,106.67089438,10.51,"10°46'32.39""N, 106°40'15.22""E",FIX,
12:42:37.408,1786167757.408,TRACKING,5.160,-5.859,-2.458,-0.00,0.450,0.000,0.000,0.000,0.000,0.000,7.73,10.77566339,106.67089397,10.51,"10°46'32.39""N, 106°40'15.22""E",FIX,
12:42:37.492,1786167757.492,TRACKING,5.139,-5.876,-2.458,-0.00,0.450,0.000,0.000,0.000,0.000,0.000,7.76,10.77566339,106.67089397,10.51,"10°46'32.39""N, 106°40'15.22""E",FIX,
12:42:37.559,1786167757.559,TRACKING,5.118,-5.893,-2.458,-0.00,0.450,-0.000,0.000,0.000,0.000,0.000,7.79,10.77566339,106.67089397,10.51,"10°46'32.39""N, 106°40'15.22""E",FIX,
12:42:37.655,1786167757.655,TRACKING,5.090,-5.916,-2.458,-0.00,0.450,0.000,0.000,0.000,0.000,0.000,7.82,10.77566339,106.67089355,10.51,"10°46'32.39""N, 106°40'15.22""E",FIX,
12:42:37.718,1786167757.718,TRACKING,5.077,-5.927,-2.458,-0.00,0.450,-0.000,0.000,0.000,0.000,0.000,7.84,10.77566339,106.67089355,10.51,"10°46'32.39""N, 106°40'15.22""E",FIX,
12:42:37.802,1786167757.802,TRACKING,5.049,-5.950,-2.458,-0.00,0.450,0.000,0.000,0.000,0.000,0.000,7.88,10.77566339,106.67089355,10.51,"10°46'32.39""N, 106°40'15.22""E",FIX,
12:42:37.883,1786167757.884,TRACKING,5.028,-5.967,-2.458,-0.00,0.450,0.000,0.000,0.000,0.000,0.000,7.90,10.77566339,106.67089314,10.51,"10°46'32.39""N, 106°40'15.22""E",FIX,
12:42:37.954,1786167757.955,TRACKING,5.007,-5.984,-2.458,-0.00,0.450,0.000,0.000,0.000,0.000,0.000,7.93,10.77566339,106.67089314,10.51,"10°46'32.39""N, 106°40'15.22""E",FIX,
12:42:38.037,1786167758.038,TRACKING,4.979,-6.007,-2.458,-0.00,0.450,0.000,0.000,0.000,0.000,0.000,7.97,10.77566339,106.67089314,10.51,"10°46'32.39""N, 106°40'15.22""E",FIX,
12:42:38.116,1786167758.116,TRACKING,4.958,-6.024,-2.458,-0.00,0.450,0.000,0.000,0.000,0.000,0.000,7.99,10.77566339,106.67089273,10.51,"10°46'32.39""N, 106°40'15.21""E",FIX,
12:42:38.192,1786167758.193,TRACKING,4.937,-6.041,-2.458,-0.00,0.450,0.000,0.000,0.000,0.000,0.000,8.02,10.77566339,106.67089273,10.51,"10°46'32.39""N, 106°40'15.21""E",FIX,
12:42:38.282,1786167758.282,TRACKING,4.909,-6.064,-2.458,-0.00,0.450,0.000,0.000,0.000,0.000,0.000,8.06,10.77566339,106.67089273,10.51,"10°46'32.39""N, 106°40'15.21""E",FIX,
12:42:38.366,1786167758.367,TRACKING,4.888,-6.081,-2.458,-0.00,0.450,0.000,0.000,0.000,0.000,0.000,8.08,10.77566339,106.67089232,10.51,"10°46'32.39""N, 106°40'15.21""E",FIX,
12:42:38.431,1786167758.431,TRACKING,4.867,-6.098,-2.458,-0.00,0.450,0.000,0.000,0.000,0.000,0.000,8.11,10.77566339,106.67089232,10.51,"10°46'32.39""N, 106°40'15.21""E",FIX,
12:42:38.504,1786167758.504,TRACKING,4.846,-6.115,-2.458,-0.00,0.450,0.000,0.000,0.000,0.000,0.000,8.14,10.77566339,106.67089232,10.51,"10°46'32.39""N, 106°40'15.21""E",FIX,
12:42:38.591,1786167758.592,TRACKING,4.818,-6.137,-2.458,-0.00,0.450,0.000,0.000,0.000,0.000,0.000,8.17,10.77566339,106.67089191,10.51,"10°46'32.39""N, 106°40'15.21""E",FIX,
12:42:38.683,1786167758.684,TRACKING,4.790,-6.160,-2.458,-0.00,0.450,0.000,0.000,0.000,0.000,0.000,8.21,10.77566339,106.67089191,10.51,"10°46'32.39""N, 106°40'15.21""E",FIX,
12:42:38.758,1786167758.758,TRACKING,4.769,-6.177,-2.458,-0.00,0.450,0.000,0.000,0.000,0.000,0.000,8.24,10.77566339,106.67089191,10.51,"10°46'32.39""N, 106°40'15.21""E",FIX,
12:42:38.827,1786167758.827,TRACKING,4.749,-6.194,-2.458,-0.00,0.450,-0.000,0.000,0.000,0.000,0.000,8.26,10.77566339,106.67089150,10.51,"10°46'32.39""N, 106°40'15.21""E",FIX,
12:42:38.912,1786167758.913,TRACKING,4.721,-6.217,-2.458,-0.00,0.450,0.000,0.000,0.000,0.000,0.000,8.30,10.77566339,106.67089150,10.51,"10°46'32.39""N, 106°40'15.21""E",FIX,
12:42:38.977,1786167758.977,TRACKING,4.707,-6.228,-2.458,-0.00,0.450,-0.000,0.000,0.000,0.000,0.000,8.32,10.77566339,106.67089150,10.51,"10°46'32.39""N, 106°40'15.21""E",FIX,
12:42:39.049,1786167759.049,TRACKING,4.679,-6.251,-2.458,-0.00,0.450,0.000,0.000,0.000,0.000,0.000,8.35,10.77566339,106.67089109,10.51,"10°46'32.39""N, 106°40'15.21""E",FIX,
12:42:39.148,1786167759.148,TRACKING,4.658,-6.268,-2.458,-0.00,0.450,0.000,0.000,0.000,0.000,0.000,8.38,10.77566339,106.67089109,10.51,"10°46'32.39""N, 106°40'15.21""E",FIX,
12:42:39.217,1786167759.218,TRACKING,4.630,-6.291,-2.458,-0.00,0.450,0.000,0.000,0.000,0.000,0.000,8.42,10.77566339,106.67089109,10.51,"10°46'32.39""N, 106°40'15.21""E",FIX,
12:42:39.303,1786167759.303,TRACKING,4.609,-6.308,-2.458,-0.00,0.450,0.000,0.000,0.000,0.000,0.000,8.44,10.77566339,106.67089067,10.51,"10°46'32.39""N, 106°40'15.21""E",FIX,
12:42:39.376,1786167759.377,TRACKING,4.588,-6.325,-2.458,-0.00,0.450,0.000,0.000,0.000,0.000,0.000,8.47,10.77566339,106.67089067,10.51,"10°46'32.39""N, 106°40'15.21""E",FIX,
12:42:39.451,1786167759.452,TRACKING,4.567,-6.342,-2.458,-0.00,0.450,0.000,0.000,0.000,0.000,0.000,8.50,10.77566339,106.67089067,10.51,"10°46'32.39""N, 106°40'15.21""E",FIX,
12:42:39.531,1786167759.531,TRACKING,4.539,-6.365,-2.458,-0.00,0.450,0.000,0.000,0.000,0.000,0.000,8.53,10.77566339,106.67089026,10.51,"10°46'32.39""N, 106°40'15.20""E",FIX,
12:42:39.604,1786167759.604,TRACKING,4.518,-6.382,-2.458,-0.00,0.450,0.000,0.000,0.000,0.000,0.000,8.56,10.77566339,106.67089026,10.51,"10°46'32.39""N, 106°40'15.20""E",FIX,
12:42:39.674,1786167759.674,TRACKING,4.497,-6.399,-2.458,-0.00,0.450,0.000,0.000,0.000,0.000,0.000,8.59,10.77566339,106.67089026,10.51,"10°46'32.39""N, 106°40'15.20""E",FIX,
12:42:39.750,1786167759.750,TRACKING,4.469,-6.422,-2.458,-0.00,0.450,0.000,0.000,0.000,0.000,0.000,8.62,10.77566339,106.67088985,10.51,"10°46'32.39""N, 106°40'15.20""E",FIX,
12:42:39.829,1786167759.829,TRACKING,4.448,-6.439,-2.458,-0.00,0.450,0.000,0.000,0.000,0.000,0.000,8.65,10.77566339,106.67088985,10.51,"10°46'32.39""N, 106°40'15.20""E",FIX,
12:42:39.896,1786167759.897,TRACKING,4.428,-6.456,-2.458,-0.00,0.450,0.000,0.000,0.000,0.000,0.000,8.68,10.77566339,106.67088985,10.51,"10°46'32.39""N, 106°40'15.20""E",FIX,
12:42:39.971,1786167759.972,TRACKING,4.407,-6.473,-2.458,-0.00,0.450,0.000,0.000,0.000,0.000,0.000,8.70,10.77566339,106.67088985,10.51,"10°46'32.39""N, 106°40'15.20""E",FIX,
12:42:40.058,1786167760.058,TRACKING,4.379,-6.495,-2.458,-0.00,0.450,0.000,0.000,0.000,0.000,0.000,8.74,10.77566339,106.67088944,10.51,"10°46'32.39""N, 106°40'15.20""E",FIX,
12:42:40.131,1786167760.132,TRACKING,4.358,-6.513,-2.458,-0.00,0.450,0.000,0.000,0.000,0.000,0.000,8.77,10.77566339,106.67088944,10.51,"10°46'32.39""N, 106°40'15.20""E",FIX,
12:42:40.205,1786167760.205,TRACKING,4.330,-6.535,-2.458,-0.00,0.450,0.000,0.000,0.000,0.000,0.000,8.80,10.77566340,106.67088903,10.51,"10°46'32.39""N, 106°40'15.20""E",FIX,
12:42:40.285,1786167760.285,TRACKING,4.309,-6.552,-2.458,-0.00,0.450,0.000,0.000,0.000,0.000,0.000,8.83,10.77566340,106.67088903,10.51,"10°46'32.39""N, 106°40'15.20""E",FIX,
12:42:40.363,1786167760.363,TRACKING,4.288,-6.569,-2.458,-0.00,0.450,0.000,0.000,0.000,0.000,0.000,8.86,10.77566340,106.67088903,10.51,"10°46'32.39""N, 106°40'15.20""E",FIX,
12:42:40.440,1786167760.440,TRACKING,4.260,-6.592,-2.458,-0.00,0.450,0.000,0.000,0.000,0.000,0.000,8.89,10.77566340,106.67088862,10.51,"10°46'32.39""N, 106°40'15.20""E",FIX,
12:42:40.491,1786167760.492,TRACKING,4.246,-6.603,-2.458,-0.00,0.450,-0.000,0.000,0.000,0.000,0.000,8.91,10.77566340,106.67088862,10.51,"10°46'32.39""N, 106°40'15.20""E",FIX,
12:42:40.579,1786167760.579,TRACKING,4.218,-6.626,-2.458,-0.00,0.450,0.000,0.000,0.000,0.000,0.000,8.95,10.77566340,106.67088862,10.51,"10°46'32.39""N, 106°40'15.20""E",FIX,
12:42:40.653,1786167760.653,TRACKING,4.190,-6.649,-2.458,-0.00,0.450,0.000,0.000,0.000,0.000,0.000,8.98,10.77566340,106.67088821,10.51,"10°46'32.39""N, 106°40'15.20""E",FIX,
12:42:40.707,1786167760.707,TRACKING,4.176,-6.660,-2.458,-0.00,0.450,-0.000,0.000,0.000,0.000,0.000,9.00,10.77566340,106.67088821,10.51,"10°46'32.39""N, 106°40'15.20""E",FIX,
12:42:40.784,1786167760.784,TRACKING,4.155,-6.677,-2.458,-0.00,0.450,0.000,0.000,0.000,0.000,0.000,9.03,10.77566340,106.67088821,10.51,"10°46'32.39""N, 106°40'15.20""E",FIX,
12:42:40.858,1786167760.858,TRACKING,4.127,-6.700,-2.458,-0.00,0.450,0.000,0.000,0.000,0.000,0.000,9.06,10.77566340,106.67088821,10.51,"10°46'32.39""N, 106°40'15.20""E",FIX,
12:42:40.931,1786167760.931,TRACKING,4.107,-6.717,-2.458,-0.00,0.450,0.000,0.000,0.000,0.000,0.000,9.09,10.77566340,106.67088779,10.51,"10°46'32.39""N, 106°40'15.20""E",FIX,
12:42:41.013,1786167761.014,TRACKING,4.079,-6.740,-2.458,-0.00,0.450,0.000,0.000,0.000,0.000,0.000,9.13,10.77566340,106.67088779,10.51,"10°46'32.39""N, 106°40'15.20""E",FIX,
12:42:41.066,1786167761.066,TRACKING,4.058,-6.757,-2.458,-0.00,0.450,-0.000,0.000,0.000,0.000,0.000,9.15,10.77566340,106.67088779,10.51,"10°46'32.39""N, 106°40'15.20""E",FIX,
12:42:41.144,1786167761.145,TRACKING,4.030,-6.780,-2.458,-0.00,0.450,0.000,0.000,0.000,0.000,0.000,9.19,10.77566340,106.67088738,10.51,"10°46'32.39""N, 106°40'15.19""E",FIX,
12:42:41.215,1786167761.216,TRACKING,4.009,-6.797,-2.458,-0.00,0.450,0.000,0.000,0.000,0.000,0.000,9.22,10.77566340,106.67088738,10.51,"10°46'32.39""N, 106°40'15.19""E",FIX,
12:42:41.298,1786167761.299,TRACKING,3.988,-6.814,-2.458,-0.00,0.450,0.000,0.000,0.000,0.000,0.000,9.24,10.77566340,106.67088738,10.51,"10°46'32.39""N, 106°40'15.19""E",FIX,
12:42:41.383,1786167761.384,TRACKING,3.960,-6.836,-2.458,-0.00,0.450,0.000,0.000,0.000,0.000,0.000,9.28,10.77566340,106.67088697,10.51,"10°46'32.39""N, 106°40'15.19""E",FIX,
12:42:41.464,1786167761.465,TRACKING,3.939,-6.854,-2.458,-0.00,0.450,0.000,0.000,0.000,0.000,0.000,9.31,10.77566340,106.67088697,10.51,"10°46'32.39""N, 106°40'15.19""E",FIX,
12:42:41.542,1786167761.543,TRACKING,3.918,-6.871,-2.458,-0.00,0.450,0.000,0.000,0.000,0.000,0.000,9.33,10.77566340,106.67088697,10.51,"10°46'32.39""N, 106°40'15.19""E",FIX,
12:42:41.607,1786167761.607,TRACKING,3.897,-6.888,-2.458,-0.00,0.450,-0.000,0.000,0.000,0.000,0.000,9.36,10.77566340,106.67088656,10.51,"10°46'32.39""N, 106°40'15.19""E",FIX,
12:42:41.685,1786167761.685,TRACKING,3.869,-6.910,-2.458,-0.00,0.450,0.000,0.000,0.000,0.000,0.000,9.40,10.77566340,106.67088656,10.51,"10°46'32.39""N, 106°40'15.19""E",FIX,
12:42:41.772,1786167761.773,TRACKING,3.848,-6.927,-2.458,-0.00,0.450,0.000,0.000,0.000,0.000,0.000,9.42,10.77566340,106.67088656,10.51,"10°46'32.39""N, 106°40'15.19""E",FIX,
12:42:41.846,1786167761.847,TRACKING,3.820,-6.950,-2.458,-0.00,0.450,0.000,0.000,0.000,0.000,0.000,9.46,10.77566340,106.67088615,10.51,"10°46'32.39""N, 106°40'15.19""E",FIX,
12:42:41.912,1786167761.912,TRACKING,3.806,-6.962,-2.458,-0.00,0.450,-0.000,0.000,0.000,0.000,0.000,9.48,10.77566340,106.67088615,10.51,"10°46'32.39""N, 106°40'15.19""E",FIX,
12:42:41.994,1786167761.995,TRACKING,3.779,-6.984,-2.458,-0.00,0.450,0.000,0.000,0.000,0.000,0.000,9.51,10.77566340,106.67088615,10.51,"10°46'32.39""N, 106°40'15.19""E",FIX,
12:42:42.070,1786167762.071,TRACKING,3.758,-7.001,-2.458,-0.00,0.450,0.000,0.000,0.000,0.000,0.000,9.54,10.77566340,106.67088574,10.51,"10°46'32.39""N, 106°40'15.19""E",FIX,
12:42:42.141,1786167762.142,TRACKING,3.737,-7.018,-2.458,-0.00,0.450,-0.000,0.000,0.000,0.000,0.000,9.57,10.77566340,106.67088574,10.51,"10°46'32.39""N, 106°40'15.19""E",FIX,
12:42:42.227,1786167762.228,TRACKING,3.709,-7.041,-2.458,-0.00,0.450,0.000,0.000,0.000,0.000,0.000,9.60,10.77566340,106.67088574,10.51,"10°46'32.39""N, 106°40'15.19""E",FIX,
12:42:42.281,1786167762.281,TRACKING,3.688,-7.058,-2.458,-0.00,0.450,-0.000,0.000,0.000,0.000,0.000,9.63,10.77566340,106.67088533,10.51,"10°46'32.39""N, 106°40'15.19""E",FIX,
12:42:42.365,1786167762.365,TRACKING,3.667,-7.075,-2.458,-0.00,0.450,0.000,0.000,0.000,0.000,0.000,9.66,10.77566340,106.67088533,10.51,"10°46'32.39""N, 106°40'15.19""E",FIX,
12:42:42.444,1786167762.444,TRACKING,3.639,-7.098,-2.458,-0.00,0.450,0.000,0.000,0.000,0.000,0.000,9.69,10.77566340,106.67088533,10.51,"10°46'32.39""N, 106°40'15.19""E",FIX,
12:42:42.516,1786167762.516,TRACKING,3.618,-7.115,-2.458,-0.00,0.450,0.000,0.000,0.000,0.000,0.000,9.72,10.77566340,106.67088491,10.51,"10°46'32.39""N, 106°40'15.19""E",FIX,
12:42:42.608,1786167762.608,TRACKING,3.597,-7.132,-2.458,-0.00,0.450,0.000,0.000,0.000,0.000,0.000,9.75,10.77566340,106.67088491,10.51,"10°46'32.39""N, 106°40'15.19""E",FIX,
12:42:42.667,1786167762.668,TRACKING,3.576,-7.149,-2.458,-0.00,0.450,0.000,0.000,0.000,0.000,0.000,9.78,10.77566340,106.67088491,10.51,"10°46'32.39""N, 106°40'15.19""E",FIX,
12:42:42.738,1786167762.739,TRACKING,3.555,-7.166,-2.458,-0.00,0.450,0.000,0.000,0.000,0.000,0.000,9.80,10.77566340,106.67088450,10.51,"10°46'32.39""N, 106°40'15.18""E",FIX,
12:42:42.814,1786167762.815,TRACKING,3.527,-7.189,-2.458,-0.00,0.450,0.000,0.000,0.000,0.000,0.000,9.84,10.77566340,106.67088450,10.51,"10°46'32.39""N, 106°40'15.18""E",FIX,
12:42:42.907,1786167762.908,TRACKING,3.499,-7.212,-2.458,-0.00,0.450,0.000,0.000,0.000,0.000,0.000,9.87,10.77566340,106.67088450,10.51,"10°46'32.39""N, 106°40'15.18""E",FIX,
12:42:42.981,1786167762.982,TRACKING,3.478,-7.229,-2.458,-0.00,0.450,0.000,0.000,0.000,0.000,0.000,9.90,10.77566340,106.67088409,10.51,"10°46'32.39""N, 106°40'15.18""E",FIX,
12:42:43.068,1786167763.069,TRACKING,3.458,-7.246,-2.458,-0.00,0.450,0.000,0.000,0.000,0.000,0.000,9.93,10.77566340,106.67088409,10.51,"10°46'32.39""N, 106°40'15.18""E",FIX,
12:42:43.134,1786167763.134,TRACKING,3.437,-7.263,-2.458,-0.00,0.450,0.000,0.000,0.000,0.000,0.000,9.96,10.77566340,106.67088409,10.51,"10°46'32.39""N, 106°40'15.18""E",FIX,
12:42:43.231,1786167763.231,TRACKING,3.416,-7.280,-2.458,-0.00,0.450,0.000,0.000,0.000,0.000,0.000,9.98,10.77566340,106.67088368,10.51,"10°46'32.39""N, 106°40'15.18""E",FIX,
12:42:43.357,1786167763.358,TRACKING,3.388,-7.303,-2.458,-0.00,0.450,0.000,0.000,0.000,0.000,0.000,10.02,10.77566340,106.67088368,10.51,"10°46'32.39""N, 106°40'15.18""E",FIX,
12:42:43.441,1786167763.441,TRACKING,3.367,-7.320,-2.458,-0.00,0.450,0.000,0.000,0.000,0.000,0.000,10.05,10.77566340,106.67088368,10.51,"10°46'32.39""N, 106°40'15.18""E",FIX,
12:42:43.541,1786167763.541,TRACKING,3.339,-7.342,-2.458,-0.00,0.450,0.000,0.000,0.000,0.000,0.000,10.08,10.77566341,106.67088327,10.51,"10°46'32.39""N, 106°40'15.18""E",FIX,
12:42:43.608,1786167763.608,TRACKING,3.325,-7.354,-2.458,-0.00,0.450,-0.000,0.000,0.000,0.000,0.000,10.10,10.77566341,106.67088327,10.51,"10°46'32.39""N, 106°40'15.18""E",FIX,
12:42:43.681,1786167763.682,TRACKING,3.297,-7.376,-2.458,-0.00,0.450,0.000,0.000,0.000,0.000,0.000,10.14,10.77566341,106.67088327,10.51,"10°46'32.39""N, 106°40'15.18""E",FIX,
12:42:43.762,1786167763.762,TRACKING,3.269,-7.399,-2.458,-0.00,0.450,0.000,0.000,0.000,0.000,0.000,10.17,10.77566341,106.67088286,10.51,"10°46'32.39""N, 106°40'15.18""E",FIX,
12:42:43.837,1786167763.838,TRACKING,3.248,-7.416,-2.458,-0.00,0.450,0.000,0.000,0.000,0.000,0.000,10.20,10.77566341,106.67088286,10.51,"10°46'32.39""N, 106°40'15.18""E",FIX,
12:42:43.899,1786167763.899,TRACKING,3.234,-7.428,-2.458,-0.00,0.450,-0.000,0.000,0.000,0.000,0.000,10.22,10.77566341,106.67088286,10.51,"10°46'32.39""N, 106°40'15.18""E",FIX,
12:42:43.991,1786167763.991,TRACKING,3.206,-7.450,-2.458,-0.00,0.450,0.000,0.000,0.000,0.000,0.000,10.25,10.77566341,106.67088245,10.51,"10°46'32.39""N, 106°40'15.18""E",FIX,
12:42:44.066,1786167764.067,TRACKING,3.178,-7.473,-2.458,-0.00,0.450,0.000,0.000,0.000,0.000,0.000,10.29,10.77566341,106.67088245,10.51,"10°46'32.39""N, 106°40'15.18""E",FIX,
12:42:44.126,1786167764.126,TRACKING,3.164,-7.484,-2.458,-0.00,0.450,-0.000,0.000,0.000,0.000,0.000,10.31,10.77566341,106.67088245,10.51,"10°46'32.39""N, 106°40'15.18""E",FIX,
12:42:44.209,1786167764.210,TRACKING,3.137,-7.507,-2.458,-0.00,0.450,0.000,0.000,0.000,0.000,0.000,10.34,10.77566341,106.67088203,10.51,"10°46'32.39""N, 106°40'15.18""E",FIX,
12:42:44.285,1786167764.285,TRACKING,3.109,-7.530,-2.458,-0.00,0.450,0.000,0.000,0.000,0.000,0.000,10.38,10.77566341,106.67088203,10.51,"10°46'32.39""N, 106°40'15.18""E",FIX,
12:42:44.363,1786167764.363,TRACKING,3.088,-7.547,-2.458,-0.00,0.450,0.000,0.000,0.000,0.000,0.000,10.41,10.77566341,106.67088203,10.51,"10°46'32.39""N, 106°40'15.18""E",FIX,
12:42:44.432,1786167764.432,TRACKING,3.067,-7.564,-2.458,-0.00,0.450,0.000,0.000,0.000,0.000,0.000,10.43,10.77566341,106.67088162,10.51,"10°46'32.39""N, 106°40'15.17""E",FIX,
12:42:44.518,1786167764.518,TRACKING,3.039,-7.587,-2.458,-0.00,0.450,0.000,0.000,0.000,0.000,0.000,10.47,10.77566341,106.67088162,10.51,"10°46'32.39""N, 106°40'15.17""E",FIX,
12:42:44.604,1786167764.604,TRACKING,3.018,-7.604,-2.458,-0.00,0.450,0.000,0.000,0.000,0.000,0.000,10.50,10.77566341,106.67088162,10.51,"10°46'32.39""N, 106°40'15.17""E",FIX,
12:42:44.694,1786167764.695,TRACKING,2.990,-7.626,-2.458,-0.00,0.450,0.000,0.000,0.000,0.000,0.000,10.53,10.77566341,106.67088121,10.51,"10°46'32.39""N, 106°40'15.17""E",FIX,
12:42:44.742,1786167764.742,TRACKING,2.976,-7.638,-2.458,-0.00,0.450,-0.000,0.000,0.000,0.000,0.000,10.55,10.77566341,106.67088121,10.51,"10°46'32.39""N, 106°40'15.17""E",FIX,
12:42:44.826,1786167764.826,TRACKING,2.948,-7.661,-2.458,-0.00,0.450,0.000,0.000,0.000,0.000,0.000,10.59,10.77566341,106.67088121,10.51,"10°46'32.39""N, 106°40'15.17""E",FIX,
12:42:44.902,1786167764.902,TRACKING,2.927,-7.678,-2.458,-0.00,0.450,0.000,0.000,0.000,0.000,0.000,10.61,10.77566341,106.67088080,10.51,"10°46'32.39""N, 106°40'15.17""E",FIX,
12:42:44.967,1786167764.968,TRACKING,2.906,-7.695,-2.458,-0.00,0.450,0.000,0.000,0.000,0.000,0.000,10.64,10.77566341,106.67088080,10.51,"10°46'32.39""N, 106°40'15.17""E",FIX,
12:42:45.037,1786167765.037,TRACKING,2.885,-7.712,-2.458,-0.00,0.450,0.000,0.000,0.000,0.000,0.000,10.67,10.77566341,106.67088080,10.51,"10°46'32.39""N, 106°40'15.17""E",FIX,
12:42:45.112,1786167765.113,TRACKING,2.864,-7.729,-2.458,-0.00,0.450,0.000,0.000,0.000,0.000,0.000,10.69,10.77566341,106.67088039,10.51,"10°46'32.39""N, 106°40'15.17""E",FIX,
12:42:45.186,1786167765.187,TRACKING,2.836,-7.752,-2.458,-0.00,0.450,0.000,0.000,0.000,0.000,0.000,10.73,10.77566341,106.67088039,10.51,"10°46'32.39""N, 106°40'15.17""E",FIX,
12:42:45.251,1786167765.251,TRACKING,2.816,-7.769,-2.458,-0.00,0.450,0.000,0.000,0.000,0.000,0.000,10.76,10.77566341,106.67088039,10.51,"10°46'32.39""N, 106°40'15.17""E",FIX,
12:42:45.323,1786167765.324,TRACKING,2.795,-7.786,-2.458,-0.00,0.450,0.000,0.000,0.000,0.000,0.000,10.78,10.77566341,106.67087998,10.51,"10°46'32.39""N, 106°40'15.17""E",FIX,
12:42:45.401,1786167765.402,TRACKING,2.767,-7.808,-2.458,-0.00,0.450,0.000,0.000,0.000,0.000,0.000,10.82,10.77566341,106.67087998,10.51,"10°46'32.39""N, 106°40'15.17""E",FIX,
12:42:45.478,1786167765.478,TRACKING,2.746,-7.825,-2.458,-0.00,0.450,0.000,0.000,0.000,0.000,0.000,10.85,10.77566341,106.67087998,10.51,"10°46'32.39""N, 106°40'15.17""E",FIX,
12:42:45.546,1786167765.546,TRACKING,2.725,-7.842,-2.458,-0.00,0.450,0.000,0.000,0.000,0.000,0.000,10.87,10.77566341,106.67087957,10.51,"10°46'32.39""N, 106°40'15.17""E",FIX,
12:42:45.616,1786167765.616,TRACKING,2.704,-7.860,-2.458,-0.00,0.450,0.000,0.000,0.000,0.000,0.000,10.90,10.77566341,106.67087957,10.51,"10°46'32.39""N, 106°40'15.17""E",FIX,
