Time,Unix_Timestamp,FSM_State,Pos_X_m,Pos_Y_m,Yaw_rad,Steer_Angle_deg,Linear_Vel_mps,Angular_Vel_radps,IMU_Yaw_rad,IMU_Angular_Vel_z,IMU_Accel_x,Confidence,Dist_Traveled_m,GPS_Latitude,GPS_Longitude,GPS_Altitude_m,GPS_DMS,GPS_Status,Event
11:26:59.477,1786163219.477,TRACKING,-0.000,0.000,-0.000,0.00,0.450,-0.000,0.000,0.000,0.000,0.000,0.00,10.77566700,106.67088900,10.00,"10°46'32.40""N, 106°40'15.20""E",ODOM_ESTIMATED,
11:26:59.512,1786163219.512,TRACKING,0.002,-0.000,-0.000,0.00,0.450,-0.000,0.000,0.000,0.000,0.000,0.00,10.77566700,106.67088902,10.00,"10°46'32.40""N, 106°40'15.20""E",ODOM_ESTIMATED,
11:26:59.622,1786163219.622,TRACKING,0.029,-0.000,-0.000,0.00,0.450,-0.000,0.000,0.000,0.000,0.000,0.03,10.77567062,106.67087531,10.51,"10°46'32.41""N, 106°40'15.15""E",FIX,
11:26:59.694,1786163219.695,TRACKING,0.056,-0.000,-0.000,0.00,0.450,-0.000,0.000,0.000,0.000,0.000,0.06,10.77567062,106.67087531,10.51,"10°46'32.41""N, 106°40'15.15""E",FIX,
11:26:59.809,1786163219.809,TRACKING,0.083,-0.000,-0.000,0.00,0.450,-0.000,0.000,0.000,0.000,0.000,0.08,10.77567062,106.67087531,10.51,"10°46'32.41""N, 106°40'15.15""E",FIX,
11:26:59.933,1786163219.933,TRACKING,0.119,-0.000,-0.000,0.00,0.450,-0.000,0.000,0.000,0.000,0.000,0.12,10.77567062,106.67087572,10.51,"10°46'32.41""N, 106°40'15.15""E",FIX,
11:27:00.031,1786163220.032,TRACKING,0.146,-0.000,-0.000,0.00,0.450,-0.000,0.000,0.000,0.000,0.000,0.15,10.77567062,106.67087572,10.51,"10°46'32.41""N, 106°40'15.15""E",FIX,
11:27:00.101,1786163220.101,TRACKING,0.173,-0.000,-0.000,0.00,0.450,-0.000,0.000,0.000,0.000,0.000,0.17,10.77567062,106.67087572,10.51,"10°46'32.41""N, 106°40'15.15""E",FIX,
11:27:00.212,1786163220.213,TRACKING,0.209,-0.000,-0.000,0.00,0.450,-0.000,0.000,0.000,0.000,0.000,0.21,10.77567062,106.67087613,10.51,"10°46'32.41""N, 106°40'15.15""E",FIX,
11:27:00.339,1786163220.340,TRACKING,0.236,-0.000,0.000,0.00,0.450,-0.000,0.000,0.000,0.000,0.000,0.24,10.77567062,106.67087613,10.51,"10°46'32.41""N, 106°40'15.15""E",FIX,
11:27:00.435,1786163220.435,TRACKING,0.272,-0.000,-0.000,0.00,0.450,-0.000,0.000,0.000,0.000,0.000,0.27,10.77567062,106.67087613,10.51,"10°46'32.41""N, 106°40'15.15""E",FIX,
11:27:00.518,1786163220.518,TRACKING,0.299,-0.000,-0.000,0.00,0.450,-0.000,0.000,0.000,0.000,0.062,0.30,10.77567062,106.67087654,10.51,"10°46'32.41""N, 106°40'15.16""E",FIX,
11:27:00.625,1786163220.625,TRACKING,0.317,-0.000,0.000,0.00,0.450,-0.000,0.000,0.000,0.000,0.104,0.32,10.77567062,106.67087654,10.51,"10°46'32.41""N, 106°40'15.16""E",FIX,
11:27:00.749,1786163220.749,TRACKING,0.362,0.000,0.000,0.00,0.450,-0.000,0.000,0.000,0.000,0.167,0.36,10.77567062,106.67087654,10.51,"10°46'32.41""N, 106°40'15.16""E",FIX,
11:27:00.822,1786163220.823,TRACKING,0.380,0.000,0.000,0.00,0.450,-0.000,0.000,0.000,0.000,0.229,0.38,10.77567062,106.67087695,10.51,"10°46'32.41""N, 106°40'15.16""E",FIX,
11:27:00.923,1786163220.924,TRACKING,0.416,0.000,0.000,0.00,0.450,-0.000,0.000,0.000,0.000,0.271,0.42,10.77567062,106.67087695,10.51,"10°46'32.41""N, 106°40'15.16""E",FIX,
11:27:01.019,1786163221.020,TRACKING,0.443,0.000,0.000,0.00,0.450,-0.000,0.000,0.000,0.000,0.333,0.44,10.77567062,106.67087695,10.51,"10°46'32.41""N, 106°40'15.16""E",FIX,
11:27:01.107,1786163221.107,TRACKING,0.470,0.000,0.000,0.00,0.450,-0.000,0.000,0.000,0.000,0.396,0.47,10.77567062,106.67087736,10.51,"10°46'32.41""N, 106°40'15.16""E",FIX,
11:27:01.198,1786163221.198,TRACKING,0.506,0.000,0.000,0.00,0.450,-0.000,0.000,0.000,0.000,0.458,0.51,10.77567062,106.67087736,10.51,"10°46'32.41""N, 106°40'15.16""E",FIX,
11:27:01.277,1786163221.278,TRACKING,0.533,0.000,0.000,0.00,0.450,-0.000,0.000,0.000,0.000,0.521,0.53,10.77567062,106.67087736,10.51,"10°46'32.41""N, 106°40'15.16""E",FIX,
11:27:01.363,1786163221.364,TRACKING,0.569,0.000,0.000,0.00,0.450,-0.000,0.000,0.000,0.000,0.583,0.57,10.77567062,106.67087777,10.51,"10°46'32.41""N, 106°40'15.16""E",FIX,
11:27:01.458,1786163221.459,TRACKING,0.596,0.000,0.000,0.00,0.450,-0.000,0.000,0.000,0.000,0.667,0.60,10.77567062,106.67087777,10.51,"10°46'32.41""N, 106°40'15.16""E",FIX,
11:27:01.556,1786163221.557,TRACKING,0.623,0.000,0.000,0.00,0.450,-0.000,0.000,0.000,0.000,0.729,0.62,10.77567062,106.67087777,10.51,"10°46'32.41""N, 106°40'15.16""E",FIX,
11:27:01.641,1786163221.642,TRACKING,0.659,0.000,0.000,0.00,0.450,-0.000,0.000,0.000,0.000,0.792,0.66,10.77567062,106.67087819,10.51,"10°46'32.41""N, 106°40'15.16""E",FIX,
11:27:01.730,1786163221.730,TRACKING,0.686,0.000,0.000,0.00,0.450,-0.000,0.000,0.000,0.000,0.875,0.69,10.77567062,106.67087819,10.51,"10°46'32.41""N, 106°40'15.16""E",FIX,
11:27:01.810,1786163221.810,TRACKING,0.713,0.000,0.000,0.00,0.450,-0.000,0.000,0.000,0.000,0.937,0.71,10.77567062,106.67087819,10.51,"10°46'32.41""N, 106°40'15.16""E",FIX,
11:27:01.888,1786163221.888,TRACKING,0.740,0.000,0.000,0.00,0.450,-0.000,0.000,0.000,0.000,1.000,0.74,10.77567062,106.67087860,10.51,"10°46'32.41""N, 106°40'15.16""E",FIX,
11:27:01.996,1786163221.996,TRACKING,0.776,0.000,0.000,0.00,0.450,-0.000,0.000,0.000,0.000,1.000,0.78,10.77567062,106.67087860,10.51,"10°46'32.41""N, 106°40'15.16""E",FIX,
11:27:02.073,1786163222.074,TRACKING,0.803,0.000,0.000,0.00,0.450,-0.000,0.000,0.000,0.000,1.000,0.80,10.77567062,106.67087860,10.51,"10°46'32.41""N, 106°40'15.16""E",FIX,
11:27:02.200,1786163222.201,TRACKING,0.839,0.000,0.000,0.00,0.450,-0.000,0.000,0.000,0.000,1.000,0.84,10.77567062,106.67087901,10.51,"10°46'32.41""N, 106°40'15.16""E",FIX,
11:27:02.257,1786163222.257,TRACKING,0.857,0.000,0.000,0.00,0.450,-0.000,0.000,0.000,0.000,1.000,0.86,10.77567062,106.67087901,10.51,"10°46'32.41""N, 106°40'15.16""E",FIX,
11:27:02.334,1786163222.334,TRACKING,0.893,0.000,0.000,0.00,0.450,-0.000,0.000,0.000,0.000,1.000,0.89,10.77567062,106.67087901,10.51,"10°46'32.41""N, 106°40'15.16""E",FIX,
11:27:02.448,1786163222.448,TRACKING,0.920,0.000,0.000,0.00,0.450,-0.000,0.000,0.000,0.000,1.000,0.92,10.77567062,106.67087942,10.51,"10°46'32.41""N, 106°40'15.17""E",FIX,
11:27:02.525,1786163222.526,TRACKING,0.947,0.000,0.000,0.00,0.450,-0.000,0.000,0.000,0.000,1.000,0.95,10.77567062,106.67087942,10.51,"10°46'32.41""N, 106°40'15.17""E",FIX,
11:27:02.611,1786163222.611,TRACKING,0.974,0.000,0.000,0.00,0.450,-0.000,0.000,0.000,0.000,1.000,0.97,10.77567062,106.67087942,10.51,"10°46'32.41""N, 106°40'15.17""E",FIX,
11:27:02.699,1786163222.700,TRACKING,1.010,0.000,0.000,0.00,0.450,-0.000,0.000,0.000,0.000,1.000,1.01,10.77567062,106.67087983,10.51,"10°46'32.41""N, 106°40'15.17""E",FIX,
11:27:02.788,1786163222.788,TRACKING,1.037,0.000,0.000,0.00,0.450,-0.000,0.000,0.000,0.000,1.000,1.04,10.77567062,106.67087983,10.51,"10°46'32.41""N, 106°40'15.17""E",FIX,
11:27:02.874,1786163222.874,TRACKING,1.073,0.000,0.000,0.00,0.450,-0.000,0.000,0.000,0.000,1.000,1.07,10.77567062,106.67087983,10.51,"10°46'32.41""N, 106°40'15.17""E",FIX,
11:27:02.968,1786163222.968,TRACKING,1.100,0.000,0.000,0.00,0.450,-0.000,0.000,0.000,0.000,1.000,1.10,10.77567062,106.67088024,10.51,"10°46'32.41""N, 106°40'15.17""E",FIX,
11:27:03.043,1786163223.044,TRACKING,1.127,0.000,0.000,0.00,0.450,-0.000,0.000,0.000,0.000,1.000,1.13,10.77567062,106.67088024,10.51,"10°46'32.41""N, 106°40'15.17""E",FIX,
11:27:03.143,1786163223.143,TRACKING,1.163,0.000,0.000,0.00,0.450,-0.000,0.000,0.000,0.000,1.000,1.16,10.77567062,106.67088024,10.51,"10°46'32.41""N, 106°40'15.17""E",FIX,
11:27:03.211,1786163223.212,TRACKING,1.181,0.000,0.000,0.00,0.450,-0.000,0.000,0.000,0.000,1.000,1.18,10.77567062,106.67088066,10.51,"10°46'32.41""N, 106°40'15.17""E",FIX,
11:27:03.310,1786163223.310,TRACKING,1.217,0.000,0.000,0.00,0.450,-0.006,0.000,0.000,0.000,1.000,1.22,10.77567062,106.67088066,10.51,"10°46'32.41""N, 106°40'15.17""E",FIX,
11:27:03.422,1786163223.422,TRACKING,1.253,-0.000,-0.000,0.01,0.450,-0.005,0.000,0.000,0.000,1.000,1.25,10.77567062,106.67088066,10.51,"10°46'32.41""N, 106°40'15.17""E",FIX,
11:27:03.494,1786163223.495,TRACKING,1.280,-0.000,-0.001,0.01,0.450,-0.005,0.000,0.000,0.000,1.000,1.28,10.77567062,106.67088107,10.51,"10°46'32.41""N, 106°40'15.17""E",FIX,
11:27:03.568,1786163223.568,TRACKING,1.298,-0.000,-0.001,0.01,0.450,-0.004,0.000,0.000,0.000,1.000,1.30,10.77567062,106.67088107,10.51,"10°46'32.41""N, 106°40'15.17""E",FIX,
11:27:03.715,1786163223.715,TRACKING,1.334,-0.000,-0.001,0.00,0.450,0.007,0.000,0.000,0.000,1.000,1.33,10.77567062,106.67088107,10.51,"10°46'32.41""N, 106°40'15.17""E",FIX,
11:27:03.805,1786163223.806,TRACKING,1.370,-0.000,-0.001,-0.00,0.450,0.008,0.000,0.000,0.000,0.604,1.37,10.77567062,106.67088148,10.51,"10°46'32.41""N, 106°40'15.17""E",FIX,
11:27:03.882,1786163223.882,TRACKING,1.397,-0.000,-0.001,-0.00,0.450,0.007,0.000,0.000,0.000,0.687,1.40,10.77567062,106.67088148,10.51,"10°46'32.41""N, 106°40'15.17""E",FIX,
11:27:03.962,1786163223.963,TRACKING,1.433,-0.000,0.000,-0.01,0.450,0.005,0.000,0.000,0.000,0.750,1.43,10.77567062,106.67088148,10.51,"10°46'32.41""N, 106°40'15.17""E",FIX,
11:27:04.036,1786163224.036,TRACKING,1.451,-0.000,0.000,-0.01,0.450,0.006,0.000,0.000,0.000,0.833,1.45,10.77567062,106.67088189,10.51,"10°46'32.41""N, 106°40'15.17""E",FIX,
11:27:04.150,1786163224.150,TRACKING,1.487,-0.000,0.001,-0.01,0.450,0.003,0.000,0.000,0.000,0.917,1.49,10.77567062,106.67088189,10.51,"10°46'32.41""N, 106°40'15.17""E",FIX,
11:27:04.230,1786163224.231,TRACKING,1.514,-0.000,0.001,-0.01,0.450,0.003,0.000,0.000,0.000,0.979,1.51,10.77567062,106.67088189,10.51,"10°46'32.41""N, 106°40'15.17""E",FIX,
11:27:04.322,1786163224.322,TRACKING,1.541,-0.000,0.001,-0.01,0.450,0.003,0.000,0.000,0.000,1.000,1.54,10.77567062,106.67088230,10.51,"10°46'32.41""N, 106°40'15.18""E",FIX,
11:27:04.387,1786163224.388,TRACKING,1.568,-0.000,0.001,-0.01,0.450,0.003,0.000,0.000,0.000,1.000,1.57,10.77567062,106.67088230,10.51,"10°46'32.41""N, 106°40'15.18""E",FIX,
11:27:04.490,1786163224.490,TRACKING,1.604,-0.000,0.002,-0.01,0.450,-0.004,0.000,0.000,0.000,1.000,1.60,10.77567062,106.67088230,10.51,"10°46'32.41""N, 106°40'15.18""E",FIX,
11:27:04.571,1786163224.571,TRACKING,1.631,0.000,0.001,-0.01,0.450,0.005,0.000,0.000,0.000,1.000,1.63,10.77567062,106.67088271,10.51,"10°46'32.41""N, 106°40'15.18""E",FIX,
11:27:04.666,1786163224.667,TRACKING,1.658,0.000,0.002,-0.01,0.450,0.003,0.000,0.000,0.000,1.000,1.66,10.77567062,106.67088271,10.51,"10°46'32.41""N, 106°40'15.18""E",FIX,
11:27:04.779,1786163224.780,TRACKING,1.694,0.000,0.002,-0.01,0.450,0.003,0.000,0.000,0.000,1.000,1.69,10.77567062,106.67088271,10.51,"10°46'32.41""N, 106°40'15.18""E",FIX,
11:27:04.874,1786163224.875,TRACKING,1.721,0.000,0.002,-0.01,0.450,-0.005,0.000,0.000,0.000,1.000,1.72,10.77567061,106.67088312,10.51,"10°46'32.41""N, 106°40'15.18""E",FIX,
11:27:05.004,1786163225.005,TRACKING,1.757,0.000,0.002,-0.01,0.450,0.004,0.000,0.000,0.000,1.000,1.76,10.77567061,106.67088312,10.51,"10°46'32.41""N, 106°40'15.18""E",FIX,
11:27:05.090,1786163225.091,TRACKING,1.793,0.000,0.002,-0.01,0.450,0.004,0.000,0.000,0.000,1.000,1.79,10.77567061,106.67088312,10.51,"10°46'32.41""N, 106°40'15.18""E",FIX,
11:27:05.178,1786163225.179,TRACKING,1.811,0.000,0.002,-0.01,0.450,0.004,0.000,0.000,0.000,1.000,1.81,10.77567062,106.67088354,10.51,"10°46'32.41""N, 106°40'15.18""E",FIX,
11:27:05.253,1786163225.254,TRACKING,1.838,0.000,0.002,-0.01,0.450,0.003,0.000,0.000,0.000,1.000,1.84,10.77567062,106.67088354,10.51,"10°46'32.41""N, 106°40'15.18""E",FIX,
11:27:05.341,1786163225.341,TRACKING,1.865,0.000,0.003,-0.01,0.450,0.003,0.000,0.000,0.000,1.000,1.87,10.77567062,106.67088354,10.51,"10°46'32.41""N, 106°40'15.18""E",FIX,
11:27:05.439,1786163225.439,TRACKING,1.901,0.001,0.003,-0.01,0.450,0.003,0.000,0.000,0.000,1.000,1.90,10.77567062,106.67088395,10.51,"10°46'32.41""N, 106°40'15.18""E",FIX,
11:27:05.552,1786163225.553,TRACKING,1.937,0.001,0.003,-0.01,0.450,0.003,0.000,0.000,0.000,1.000,1.94,10.77567062,106.67088395,10.51,"10°46'32.41""N, 106°40'15.18""E",FIX,
11:27:05.643,1786163225.643,TRACKING,1.964,0.001,0.003,-0.01,0.450,0.003,0.000,0.000,0.000,1.000,1.96,10.77567062,106.67088395,10.51,"10°46'32.41""N, 106°40'15.18""E",FIX,
11:27:05.753,1786163225.753,TRACKING,1.991,0.001,0.003,-0.01,0.450,0.003,0.000,0.000,0.000,1.000,1.99,10.77567062,106.67088436,10.51,"10°46'32.41""N, 106°40'15.18""E",FIX,
11:27:05.825,1786163225.826,TRACKING,2.018,0.001,0.003,-0.01,0.450,0.002,0.000,0.000,0.000,1.000,2.02,10.77567062,106.67088436,10.51,"10°46'32.41""N, 106°40'15.18""E",FIX,
11:27:05.945,1786163225.945,TRACKING,2.045,0.001,0.004,-0.00,0.450,-0.011,0.000,0.000,0.000,1.000,2.05,10.77567062,106.67088436,10.51,"10°46'32.41""N, 106°40'15.18""E",FIX,
11:27:06.042,1786163226.043,TRACKING,2.081,0.001,0.003,0.00,0.450,-0.015,0.000,0.000,0.000,1.000,2.08,10.77567062,106.67088477,10.51,"10°46'32.41""N, 106°40'15.19""E",FIX,
11:27:06.132,1786163226.132,TRACKING,2.108,0.001,0.002,0.01,0.450,-0.012,0.000,0.000,0.000,1.000,2.11,10.77567062,106.67088477,10.51,"10°46'32.41""N, 106°40'15.19""E",FIX,
11:27:06.204,1786163226.205,TRACKING,2.144,0.001,0.001,0.02,0.450,-0.016,0.000,0.000,0.000,0.583,2.14,10.77567062,106.67088477,10.51,"10°46'32.41""N, 106°40'15.19""E",FIX,
11:27:06.291,1786163226.292,TRACKING,2.171,0.001,0.000,0.02,0.450,-0.006,0.000,0.000,0.000,0.667,2.17,10.77567062,106.67088518,10.51,"10°46'32.41""N, 106°40'15.19""E",FIX,
11:27:06.384,1786163226.384,TRACKING,2.198,0.001,-0.000,0.02,0.450,-0.006,0.000,0.000,0.000,0.729,2.20,10.77567062,106.67088518,10.51,"10°46'32.41""N, 106°40'15.19""E",FIX,
11:27:06.470,1786163226.471,TRACKING,2.225,0.001,-0.001,0.02,0.450,-0.006,0.000,0.000,0.000,0.792,2.23,10.77567062,106.67088518,10.51,"10°46'32.41""N, 106°40'15.19""E",FIX,
11:27:06.584,1786163226.585,TRACKING,2.261,0.001,-0.001,0.02,0.450,-0.005,0.000,0.000,0.000,0.875,2.26,10.77567062,106.67088559,10.51,"10°46'32.41""N, 106°40'15.19""E",FIX,
11:27:06.680,1786163226.681,TRACKING,2.288,0.001,-0.001,0.02,0.450,-0.005,0.000,0.000,0.000,0.937,2.29,10.77567062,106.67088559,10.51,"10°46'32.41""N, 106°40'15.19""E",FIX,
11:27:06.754,1786163226.755,TRACKING,2.315,0.001,-0.002,0.02,0.450,-0.005,0.000,0.000,0.000,1.000,2.32,10.77567062,106.67088559,10.51,"10°46'32.41""N, 106°40'15.19""E",FIX,
11:27:06.835,1786163226.835,TRACKING,2.342,0.001,-0.002,0.02,0.450,-0.005,0.000,0.000,0.000,1.000,2.34,10.77567062,106.67088559,10.51,"10°46'32.41""N, 106°40'15.19""E",FIX,
11:27:06.980,1786163226.981,TRACKING,2.378,0.001,-0.002,0.02,0.450,-0.005,0.000,0.000,0.000,1.000,2.38,10.77567062,106.67088600,10.51,"10°46'32.41""N, 106°40'15.19""E",FIX,
11:27:07.074,1786163227.075,TRACKING,2.405,0.001,-0.003,0.02,0.450,0.002,0.000,0.000,0.000,1.000,2.41,10.77567062,106.67088600,10.51,"10°46'32.41""N, 106°40'15.19""E",FIX,
11:27:07.167,1786163227.167,TRACKING,2.441,0.001,-0.003,0.01,0.450,0.000,0.000,0.000,0.000,1.000,2.44,10.77567062,106.67088642,10.51,"10°46'32.41""N, 106°40'15.19""E",FIX,
11:27:07.235,1786163227.236,TRACKING,2.459,0.001,-0.003,0.01,0.450,0.001,0.000,0.000,0.000,1.000,2.46,10.77567062,106.67088642,10.51,"10°46'32.41""N, 106°40'15.19""E",FIX,
11:27:07.337,1786163227.337,TRACKING,2.495,0.001,-0.002,0.01,0.450,-0.001,0.000,0.000,0.000,1.000,2.50,10.77567062,106.67088642,10.51,"10°46'32.41""N, 106°40'15.19""E",FIX,
11:27:07.453,1786163227.454,TRACKING,2.531,0.001,-0.003,0.01,0.450,-0.002,0.000,0.000,0.000,1.000,2.53,10.77567062,106.67088683,10.51,"10°46'32.41""N, 106°40'15.19""E",FIX,
11:27:07.529,1786163227.530,TRACKING,2.558,0.001,-0.003,0.01,0.450,-0.002,0.000,0.000,0.000,1.000,2.56,10.77567062,106.67088683,10.51,"10°46'32.41""N, 106°40'15.19""E",FIX,
11:27:07.607,1786163227.608,TRACKING,2.585,0.001,-0.003,0.01,0.450,-0.002,0.000,0.000,0.000,1.000,2.59,10.77567062,106.67088683,10.51,"10°46'32.41""N, 106°40'15.19""E",FIX,
11:27:07.706,1786163227.707,TRACKING,2.612,0.000,-0.003,0.01,0.450,-0.002,0.000,0.000,0.000,1.000,2.61,10.77567062,106.67088683,10.51,"10°46'32.41""N, 106°40'15.19""E",FIX,
11:27:07.799,1786163227.800,TRACKING,2.648,0.000,-0.003,0.01,0.450,-0.002,0.000,0.000,0.000,1.000,2.65,10.77567062,106.67088724,10.51,"10°46'32.41""N, 106°40'15.19""E",FIX,
11:27:07.911,1786163227.911,TRACKING,2.675,0.000,-0.003,0.01,0.450,-0.002,0.000,0.000,0.000,1.000,2.68,10.77567062,106.67088724,10.51,"10°46'32.41""N, 106°40'15.19""E",FIX,
11:27:08.006,1786163228.007,TRACKING,2.702,0.000,-0.003,0.01,0.450,-0.002,0.000,0.000,0.000,1.000,2.70,10.77567062,106.67088724,10.51,"10°46'32.41""N, 106°40'15.19""E",FIX,
11:27:08.090,1786163228.090,TRACKING,2.729,0.000,-0.003,0.01,0.450,-0.002,0.000,0.000,0.000,1.000,2.73,10.77567062,106.67088765,10.51,"10°46'32.41""N, 106°40'15.20""E",FIX,
11:27:08.183,1786163228.184,TRACKING,2.765,-0.000,-0.004,0.01,0.450,-0.002,0.000,0.000,0.000,1.000,2.77,10.77567062,106.67088765,10.51,"10°46'32.41""N, 106°40'15.20""E",FIX,
11:27:08.264,1786163228.264,TRACKING,2.792,-0.000,-0.004,0.01,0.450,-0.002,0.000,0.000,0.000,1.000,2.79,10.77567062,106.67088765,10.51,"10°46'32.41""N, 106°40'15.20""E",FIX,
11:27:08.356,1786163228.356,TRACKING,2.819,-0.000,-0.004,0.01,0.450,0.006,0.000,0.000,0.000,1.000,2.82,10.77567062,106.67088806,10.51,"10°46'32.41""N, 106°40'15.20""E",FIX,
11:27:08.423,1786163228.423,TRACKING,2.846,-0.000,-0.004,0.00,0.450,0.003,0.000,0.000,0.000,1.000,2.85,10.77567062,106.67088806,10.51,"10°46'32.41""N, 106°40'15.20""E",FIX,
11:27:08.513,1786163228.513,TRACKING,2.882,-0.000,-0.004,0.00,0.450,0.002,0.000,0.000,0.000,1.000,2.88,10.77567062,106.67088806,10.51,"10°46'32.41""N, 106°40'15.20""E",FIX,
11:27:08.591,1786163228.591,TRACKING,2.909,-0.001,-0.004,0.00,0.450,0.001,0.000,0.000,0.000,0.646,2.91,10.77567062,106.67088847,10.51,"10°46'32.41""N, 106°40'15.20""E",FIX,
11:27:08.697,1786163228.698,TRACKING,2.936,-0.001,-0.003,0.00,0.450,0.001,0.000,0.000,0.000,0.542,2.94,10.77567062,106.67088847,10.51,"10°46'32.41""N, 106°40'15.20""E",FIX,
11:27:08.798,1786163228.799,TRACKING,2.972,-0.001,-0.003,0.00,0.450,0.000,0.000,0.000,0.000,0.604,2.97,10.77567062,106.67088847,10.51,"10°46'32.41""N, 106°40'15.20""E",FIX,
11:27:08.940,1786163228.940,TRACKING,2.999,-0.001,-0.003,0.00,0.450,0.000,0.000,0.000,0.000,0.667,3.00,10.77567062,106.67088888,10.51,"10°46'32.41""N, 106°40'15.20""E",FIX,
11:27:09.042,1786163229.043,TRACKING,3.026,-0.001,-0.003,0.00,0.450,0.000,0.000,0.000,0.000,0.750,3.03,10.77567062,106.67088888,10.51,"10°46'32.41""N, 106°40'15.20""E",FIX,
11:27:09.152,1786163229.152,TRACKING,3.053,-0.001,-0.003,0.00,0.450,0.000,0.000,0.000,0.000,0.812,3.05,10.77567062,106.67088888,10.51,"10°46'32.41""N, 106°40'15.20""E",FIX,
11:27:09.237,1786163229.238,TRACKING,3.089,-0.001,-0.003,0.00,0.450,0.000,0.000,0.000,0.000,0.896,3.09,10.77567062,106.67088930,10.51,"10°46'32.41""N, 106°40'15.20""E",FIX,
11:27:09.348,1786163229.348,TRACKING,3.116,-0.001,-0.003,0.00,0.450,0.000,0.000,0.000,0.000,0.979,3.12,10.77567062,106.67088930,10.51,"10°46'32.41""N, 106°40'15.20""E",FIX,
11:27:09.433,1786163229.433,TRACKING,3.152,-0.001,-0.003,0.00,0.450,0.000,0.000,0.000,0.000,1.000,3.15,10.77567062,106.67088930,10.51,"10°46'32.41""N, 106°40'15.20""E",FIX,
11:27:09.512,1786163229.513,TRACKING,3.179,-0.001,-0.003,0.00,0.450,0.000,0.000,0.000,0.000,1.000,3.18,10.77567062,106.67088971,10.51,"10°46'32.41""N, 106°40'15.20""E",FIX,
11:27:09.606,1786163229.606,TRACKING,3.206,-0.002,-0.003,-0.00,0.450,0.004,0.000,0.000,0.000,1.000,3.21,10.77567062,106.67088971,10.51,"10°46'32.41""N, 106°40'15.20""E",FIX,
11:27:09.682,1786163229.683,TRACKING,3.242,-0.002,-0.003,-0.00,0.450,0.006,0.000,0.000,0.000,1.000,3.24,10.77567062,106.67088971,10.51,"10°46'32.41""N, 106°40'15.20""E",FIX,
11:27:09.786,1786163229.787,TRACKING,3.278,-0.002,-0.003,-0.00,0.450,-0.002,0.000,0.000,0.000,1.000,3.28,10.77567062,106.67089012,10.51,"10°46'32.41""N, 106°40'15.20""E",FIX,
11:27:09.847,1786163229.847,TRACKING,3.296,-0.002,-0.002,-0.00,0.450,-0.003,0.000,0.000,0.000,1.000,3.30,10.77567062,106.67089012,10.51,"10°46'32.41""N, 106°40'15.20""E",FIX,
11:27:09.949,1786163229.949,TRACKING,3.332,-0.002,-0.003,-0.00,0.450,-0.001,0.000,0.000,0.000,1.000,3.33,10.77567062,106.67089012,10.51,"10°46'32.41""N, 106°40'15.20""E",FIX,
11:27:10.056,1786163230.056,TRACKING,3.368,-0.002,-0.003,-0.00,0.450,0.006,0.000,0.000,0.000,1.000,3.37,10.77567061,106.67089053,10.51,"10°46'32.41""N, 106°40'15.21""E",FIX,
11:27:10.134,1786163230.134,TRACKING,3.386,-0.002,-0.003,-0.01,0.450,0.008,0.000,0.000,0.000,1.000,3.39,10.77567061,106.67089053,10.51,"10°46'32.41""N, 106°40'15.21""E",FIX,
11:27:10.230,1786163230.230,TRACKING,3.413,-0.002,-0.002,-0.00,0.450,-0.003,0.000,0.000,0.000,1.000,3.41,10.77567061,106.67089053,10.51,"10°46'32.41""N, 106°40'15.21""E",FIX,
11:27:10.316,1786163230.316,TRACKING,3.440,-0.002,-0.002,-0.00,0.450,-0.002,0.000,0.000,0.000,1.000,3.44,10.77567061,106.67089094,10.51,"10°46'32.41""N, 106°40'15.21""E",FIX,
11:27:10.409,1786163230.410,TRACKING,3.476,-0.002,-0.002,-0.00,0.450,-0.001,0.000,0.000,0.000,1.000,3.48,10.77567061,106.67089094,10.51,"10°46'32.41""N, 106°40'15.21""E",FIX,
11:27:10.488,1786163230.488,TRACKING,3.512,-0.002,-0.003,-0.00,0.450,0.006,0.000,0.000,0.000,1.000,3.51,10.77567061,106.67089094,10.51,"10°46'32.41""N, 106°40'15.21""E",FIX,
11:27:10.573,1786163230.573,TRACKING,3.539,-0.002,-0.002,-0.01,0.450,0.005,0.000,0.000,0.000,1.000,3.54,10.77567061,106.67089135,10.51,"10°46'32.41""N, 106°40'15.21""E",FIX,
11:27:10.671,1786163230.672,TRACKING,3.575,-0.002,-0.002,-0.01,0.450,0.004,0.000,0.000,0.000,1.000,3.58,10.77567061,106.67089135,10.51,"10°46'32.41""N, 106°40'15.21""E",FIX,
11:27:10.737,1786163230.738,TRACKING,3.593,-0.003,-0.002,-0.00,0.450,-0.005,0.000,0.000,0.000,1.000,3.59,10.77567061,106.67089135,10.51,"10°46'32.41""N, 106°40'15.21""E",FIX,
11:27:10.799,1786163230.799,TRACKING,3.620,-0.003,-0.002,-0.00,0.450,-0.003,0.000,0.000,0.000,1.000,3.62,10.77567061,106.67089176,10.51,"10°46'32.41""N, 106°40'15.21""E",FIX,
11:27:10.894,1786163230.895,TRACKING,3.656,-0.003,-0.002,-0.01,0.450,0.006,0.000,0.000,0.000,1.000,3.66,10.77567061,106.67089176,10.51,"10°46'32.41""N, 106°40'15.21""E",FIX,
11:27:10.968,1786163230.968,TRACKING,3.683,-0.003,-0.002,-0.01,0.450,0.005,0.000,0.000,0.000,1.000,3.68,10.77567061,106.67089176,10.51,"10°46'32.41""N, 106°40'15.21""E",FIX,
11:27:11.095,1786163231.095,TRACKING,3.719,-0.003,-0.001,-0.00,0.450,-0.002,0.000,0.000,0.000,1.000,3.72,10.77567061,106.67089218,10.51,"10°46'32.41""N, 106°40'15.21""E",FIX,
11:27:11.172,1786163231.172,TRACKING,3.746,-0.003,-0.001,-0.00,0.450,-0.003,0.000,0.000,0.000,0.562,3.75,10.77567061,106.67089218,10.51,"10°46'32.41""N, 106°40'15.21""E",FIX,
11:27:11.269,1786163231.270,TRACKING,3.764,-0.003,-0.001,-0.00,0.450,-0.002,0.000,0.000,0.000,0.625,3.76,10.77567061,106.67089218,10.51,"10°46'32.41""N, 106°40'15.21""E",FIX,
11:27:11.353,1786163231.354,TRACKING,3.800,-0.003,-0.002,-0.00,0.450,-0.001,0.000,0.000,0.000,0.687,3.80,10.77567061,106.67089259,10.51,"10°46'32.41""N, 106°40'15.21""E",FIX,
11:27:11.456,1786163231.456,TRACKING,3.836,-0.003,-0.002,-0.00,0.450,-0.001,0.000,0.000,0.000,0.771,3.84,10.77567061,106.67089259,10.51,"10°46'32.41""N, 106°40'15.21""E",FIX,
11:27:11.551,1786163231.551,TRACKING,3.863,-0.003,-0.002,-0.00,0.450,-0.000,0.000,0.000,0.000,0.833,3.86,10.77567061,106.67089259,10.51,"10°46'32.41""N, 106°40'15.21""E",FIX,
11:27:11.633,1786163231.633,TRACKING,3.890,-0.003,-0.002,-0.00,0.450,-0.000,0.000,0.000,0.000,0.917,3.89,10.77567061,106.67089300,10.51,"10°46'32.41""N, 106°40'15.21""E",FIX,
11:27:11.723,1786163231.724,TRACKING,3.917,-0.003,-0.002,-0.00,0.450,-0.000,0.000,0.000,0.000,1.000,3.92,10.77567061,106.67089300,10.51,"10°46'32.41""N, 106°40'15.21""E",FIX,
11:27:11.809,1786163231.809,TRACKING,3.953,-0.003,-0.002,-0.00,0.450,-0.000,0.000,0.000,0.000,1.000,3.95,10.77567061,106.67089300,10.51,"10°46'32.41""N, 106°40'15.21""E",FIX,
11:27:11.878,1786163231.878,TRACKING,3.980,-0.003,-0.002,-0.00,0.450,-0.000,0.000,0.000,0.000,1.000,3.98,10.77567061,106.67089341,10.51,"10°46'32.41""N, 106°40'15.22""E",FIX,
11:27:11.973,1786163231.974,TRACKING,4.016,-0.003,-0.002,-0.00,0.450,-0.000,0.000,0.000,0.000,1.000,4.02,10.77567061,106.67089341,10.51,"10°46'32.41""N, 106°40'15.22""E",FIX,
11:27:12.067,1786163232.068,TRACKING,4.043,-0.003,-0.002,-0.00,0.450,-0.000,0.000,0.000,0.000,1.000,4.04,10.77567061,106.67089341,10.51,"10°46'32.41""N, 106°40'15.22""E",FIX,
11:27:12.213,1786163232.214,TRACKING,4.070,-0.003,-0.002,-0.00,0.450,-0.000,0.000,0.000,0.000,1.000,4.07,10.77567061,106.67089382,10.51,"10°46'32.41""N, 106°40'15.22""E",FIX,
11:27:12.254,1786163232.254,TRACKING,4.097,-0.003,-0.002,-0.00,0.450,-0.000,0.000,0.000,0.000,1.000,4.10,10.77567061,106.67089382,10.51,"10°46'32.41""N, 106°40'15.22""E",FIX,
11:27:12.344,1786163232.345,TRACKING,4.133,-0.003,-0.002,-0.00,0.450,-0.000,0.000,0.000,0.000,1.000,4.13,10.77567061,106.67089382,10.51,"10°46'32.41""N, 106°40'15.22""E",FIX,
11:27:12.432,1786163232.433,TRACKING,4.160,-0.003,-0.002,-0.00,0.450,-0.000,0.000,0.000,0.000,1.000,4.16,10.77567061,106.67089423,10.51,"10°46'32.41""N, 106°40'15.22""E",FIX,
11:27:12.508,1786163232.509,TRACKING,4.196,-0.004,-0.002,-0.00,0.450,-0.000,0.000,0.000,0.000,1.000,4.20,10.77567061,106.67089423,10.51,"10°46'32.41""N, 106°40'15.22""E",FIX,
11:27:12.591,1786163232.591,TRACKING,4.214,-0.004,-0.002,-0.00,0.450,-0.000,0.000,0.000,0.000,1.000,4.21,10.77567061,106.67089423,10.51,"10°46'32.41""N, 106°40'15.22""E",FIX,
11:27:12.677,1786163232.678,TRACKING,4.241,-0.004,-0.002,-0.00,0.450,-0.000,0.000,0.000,0.000,1.000,4.24,10.77567061,106.67089464,10.51,"10°46'32.41""N, 106°40'15.22""E",FIX,
11:27:12.776,1786163232.776,TRACKING,4.277,-0.004,-0.002,-0.00,0.450,-0.000,0.000,0.000,0.000,1.000,4.28,10.77567061,106.67089464,10.51,"10°46'32.41""N, 106°40'15.22""E",FIX,
11:27:12.854,1786163232.855,TRACKING,4.304,-0.004,-0.002,-0.00,0.450,-0.000,0.000,0.000,0.000,1.000,4.30,10.77567061,106.67089464,10.51,"10°46'32.41""N, 106°40'15.22""E",FIX,
11:27:12.966,1786163232.966,TRACKING,4.331,-0.004,-0.002,-0.00,0.450,-0.000,0.000,0.000,0.000,1.000,4.33,10.77567061,106.67089506,10.51,"10°46'32.41""N, 106°40'15.22""E",FIX,
11:27:13.057,1786163233.058,TRACKING,4.367,-0.004,-0.002,-0.00,0.450,-0.000,0.000,0.000,0.000,1.000,4.37,10.77567061,106.67089506,10.51,"10°46'32.41""N, 106°40'15.22""E",FIX,
11:27:13.138,1786163233.138,TRACKING,4.394,-0.004,-0.002,-0.00,0.450,-0.000,0.000,0.000,0.000,1.000,4.39,10.77567061,106.67089506,10.51,"10°46'32.41""N, 106°40'15.22""E",FIX,
11:27:13.250,1786163233.250,TRACKING,4.421,-0.004,-0.002,-0.00,0.450,-0.000,0.000,0.000,0.000,1.000,4.42,10.77567061,106.67089547,10.51,"10°46'32.41""N, 106°40'15.22""E",FIX,
11:27:13.359,1786163233.360,TRACKING,4.457,-0.004,-0.002,-0.00,0.450,-0.000,0.000,0.000,0.000,1.000,4.46,10.77567061,106.67089547,10.51,"10°46'32.41""N, 106°40'15.22""E",FIX,
11:27:13.460,1786163233.461,TRACKING,4.484,-0.004,-0.002,-0.00,0.450,-0.000,0.000,0.000,0.000,1.000,4.48,10.77567061,106.67089547,10.51,"10°46'32.41""N, 106°40'15.22""E",FIX,
11:27:13.530,1786163233.531,TRACKING,4.511,-0.004,-0.002,-0.00,0.450,-0.000,0.000,0.000,0.000,1.000,4.51,10.77567061,106.67089588,10.51,"10°46'32.41""N, 106°40'15.23""E",FIX,
11:27:13.622,1786163233.623,TRACKING,4.547,-0.004,-0.002,-0.00,0.450,-0.000,0.000,0.000,0.000,0.583,4.55,10.77567061,106.67089588,10.51,"10°46'32.41""N, 106°40'15.23""E",FIX,
11:27:13.712,1786163233.713,TRACKING,4.574,-0.004,-0.002,-0.00,0.450,-0.000,0.000,0.000,0.000,0.646,4.57,10.77567061,106.67089588,10.51,"10°46'32.41""N, 106°40'15.23""E",FIX,
11:27:13.801,1786163233.801,TRACKING,4.601,-0.004,-0.002,-0.00,0.450,-0.000,0.000,0.000,0.000,0.708,4.60,10.77567061,106.67089629,10.51,"10°46'32.41""N, 106°40'15.23""E",FIX,
11:27:13.904,1786163233.904,TRACKING,4.628,-0.004,-0.002,-0.00,0.450,-0.000,0.000,0.000,0.000,0.792,4.63,10.77567061,106.67089629,10.51,"10°46'32.41""N, 106°40'15.23""E",FIX,
11:27:14.000,1786163234.000,TRACKING,4.664,-0.004,-0.002,-0.00,0.450,-0.000,0.000,0.000,0.000,0.854,4.66,10.77567061,106.67089629,10.51,"10°46'32.41""N, 106°40'15.23""E",FIX,
11:27:14.115,1786163234.115,TRACKING,4.691,-0.004,-0.002,-0.00,0.450,-0.000,0.000,0.000,0.000,0.937,4.69,10.77567061,106.67089670,10.51,"10°46'32.41""N, 106°40'15.23""E",FIX,
11:27:14.208,1786163234.209,TRACKING,4.727,-0.004,-0.002,-0.00,0.450,-0.000,0.000,0.000,0.000,1.000,4.73,10.77567061,106.67089670,10.51,"10°46'32.41""N, 106°40'15.23""E",FIX,
11:27:14.288,1786163234.289,TRACKING,4.754,-0.005,-0.002,-0.00,0.450,-0.000,0.000,0.000,0.000,1.000,4.75,10.77567061,106.67089670,10.51,"10°46'32.41""N, 106°40'15.23""E",FIX,
11:27:14.397,1786163234.397,TRACKING,4.781,-0.005,-0.002,-0.00,0.450,-0.000,0.000,0.000,0.000,1.000,4.78,10.77567061,106.67089711,10.51,"10°46'32.41""N, 106°40'15.23""E",FIX,
11:27:14.479,1786163234.479,TRACKING,4.817,-0.005,-0.002,-0.00,0.450,-0.000,0.000,0.000,0.000,1.000,4.82,10.77567061,106.67089711,10.51,"10°46'32.41""N, 106°40'15.23""E",FIX,
11:27:14.579,1786163234.580,TRACKING,4.844,-0.005,-0.002,-0.00,0.450,-0.000,0.000,0.000,0.000,1.000,4.84,10.77567061,106.67089711,10.51,"10°46'32.41""N, 106°40'15.23""E",FIX,
11:27:14.653,1786163234.654,TRACKING,4.871,-0.005,-0.002,-0.00,0.450,-0.000,0.000,0.000,0.000,1.000,4.87,10.77567061,106.67089752,10.51,"10°46'32.41""N, 106°40'15.23""E",FIX,
11:27:14.744,1786163234.744,TRACKING,4.898,-0.005,-0.002,-0.00,0.450,-0.000,0.000,0.000,0.000,1.000,4.90,10.77567061,106.67089752,10.51,"10°46'32.41""N, 106°40'15.23""E",FIX,
11:27:14.813,1786163234.813,TRACKING,4.925,-0.005,-0.002,-0.00,0.450,-0.000,0.000,0.000,0.000,1.000,4.93,10.77567061,106.67089752,10.51,"10°46'32.41""N, 106°40'15.23""E",FIX,
11:27:14.905,1786163234.905,TRACKING,4.961,-0.005,-0.002,-0.00,0.450,-0.000,0.000,0.000,0.000,1.000,4.96,10.77567061,106.67089794,10.51,"10°46'32.41""N, 106°40'15.23""E",FIX,
11:27:15.001,1786163235.001,TRACKING,4.988,-0.005,-0.002,-0.00,0.450,-0.000,0.000,0.000,0.000,1.000,4.99,10.77567061,106.67089794,10.51,"10°46'32.41""N, 106°40'15.23""E",FIX,
11:27:15.131,1786163235.132,TRACKING,5.042,-0.005,-0.002,-0.00,0.450,-0.000,0.000,0.000,0.000,1.000,5.04,10.77567061,106.67089794,10.51,"10°46'32.41""N, 106°40'15.23""E",FIX,
11:27:15.168,1786163235.168,TRACKING,5.042,-0.005,-0.002,-0.00,0.450,-0.000,0.000,0.000,0.000,1.000,5.04,10.77567061,106.67089794,10.51,"10°46'32.41""N, 106°40'15.23""E",FIX,
11:27:15.284,1786163235.285,TRACKING,5.078,-0.005,-0.002,-0.00,0.450,-0.000,0.000,0.000,0.000,1.000,5.08,10.77567061,106.67089835,10.51,"10°46'32.41""N, 106°40'15.23""E",FIX,
11:27:15.359,1786163235.359,TRACKING,5.105,-0.005,-0.002,-0.00,0.450,-0.000,0.000,0.000,0.000,1.000,5.11,10.77567061,106.67089835,10.51,"10°46'32.41""N, 106°40'15.23""E",FIX,
11:27:15.438,1786163235.439,TRACKING,5.132,-0.005,-0.002,-0.00,0.450,-0.000,0.000,0.000,0.000,1.000,5.13,10.77567061,106.67089835,10.51,"10°46'32.41""N, 106°40'15.23""E",FIX,
11:27:15.536,1786163235.537,TRACKING,5.168,-0.005,-0.002,-0.00,0.450,-0.000,0.000,0.000,0.000,1.000,5.17,10.77567061,106.67089876,10.51,"10°46'32.41""N, 106°40'15.24""E",FIX,
11:27:15.635,1786163235.636,TRACKING,5.204,-0.005,-0.002,-0.00,0.450,-0.000,0.000,0.000,0.000,1.000,5.20,10.77567061,106.67089876,10.51,"10°46'32.41""N, 106°40'15.24""E",FIX,
11:27:15.689,1786163235.689,TRACKING,5.222,-0.005,-0.002,-0.00,0.450,-0.000,0.000,0.000,0.000,1.000,5.22,10.77567061,106.67089876,10.51,"10°46'32.41""N, 106°40'15.24""E",FIX,
11:27:15.809,1786163235.810,TRACKING,5.258,-0.005,-0.002,-0.00,0.450,-0.000,0.000,0.000,0.000,1.000,5.26,10.77567061,106.67089917,10.51,"10°46'32.41""N, 106°40'15.24""E",FIX,
11:27:15.895,1786163235.896,TRACKING,5.285,-0.005,-0.002,-0.00,0.450,0.008,0.000,0.000,0.000,1.000,5.29,10.77567061,106.67089917,10.51,"10°46'32.41""N, 106°40'15.24""E",FIX,
11:27:15.971,1786163235.972,TRACKING,5.321,-0.006,-0.001,-0.01,0.450,0.021,0.000,0.000,0.000,0.937,5.32,10.77567061,106.67089917,10.51,"10°46'32.41""N, 106°40'15.24""E",FIX,
11:27:16.071,1786163236.072,TRACKING,5.348,-0.006,-0.000,-0.02,0.450,0.016,0.000,0.000,0.000,0.562,5.35,10.77567061,106.67089958,10.51,"10°46'32.41""N, 106°40'15.24""E",FIX,
11:27:16.178,1786163236.179,TRACKING,5.375,-0.006,0.001,-0.02,0.450,0.013,0.000,0.000,0.000,0.625,5.38,10.77567061,106.67089958,10.51,"10°46'32.41""N, 106°40'15.24""E",FIX,
11:27:16.265,1786163236.265,TRACKING,5.402,-0.006,0.002,-0.02,0.450,0.004,0.000,0.000,0.000,0.708,5.40,10.77567061,106.67089958,10.51,"10°46'32.41""N, 106°40'15.24""E",FIX,
11:27:16.370,1786163236.371,TRACKING,5.438,-0.005,0.002,-0.02,0.450,0.004,0.000,0.000,0.000,0.771,5.44,10.77567060,106.67089999,10.51,"10°46'32.41""N, 106°40'15.24""E",FIX,
11:27:16.435,1786163236.436,TRACKING,5.456,-0.005,0.002,-0.02,0.450,0.004,0.000,0.000,0.000,0.833,5.46,10.77567060,106.67089999,10.51,"10°46'32.41""N, 106°40'15.24""E",FIX,
11:27:16.588,1786163236.589,TRACKING,5.492,-0.005,0.003,-0.02,0.450,0.005,0.000,0.000,0.000,0.917,5.49,10.77567060,106.67089999,10.51,"10°46'32.41""N, 106°40'15.24""E",FIX,
11:27:16.735,1786163236.736,TRACKING,5.528,-0.005,0.003,-0.02,0.450,0.005,0.000,0.000,0.000,1.000,5.53,10.77567060,106.67090040,10.51,"10°46'32.41""N, 106°40'15.24""E",FIX,
11:27:16.804,1786163236.805,TRACKING,5.555,-0.005,0.003,-0.02,0.450,0.005,0.000,0.000,0.000,1.000,5.56,10.77567060,106.67090040,10.51,"10°46'32.41""N, 106°40'15.24""E",FIX,
11:27:16.895,1786163236.895,TRACKING,5.582,-0.005,0.004,-0.02,0.450,0.005,0.000,0.000,0.000,1.000,5.58,10.77567060,106.67090040,10.51,"10°46'32.41""N, 106°40'15.24""E",FIX,
11:27:16.996,1786163236.997,TRACKING,5.618,-0.005,0.004,-0.02,0.450,0.005,0.000,0.000,0.000,1.000,5.62,10.77567060,106.67090082,10.51,"10°46'32.41""N, 106°40'15.24""E",FIX,
11:27:17.085,1786163237.086,TRACKING,5.636,-0.005,0.004,-0.02,0.450,0.005,0.000,0.000,0.000,1.000,5.64,10.77567060,106.67090082,10.51,"10°46'32.41""N, 106°40'15.24""E",FIX,
11:27:17.167,1786163237.167,TRACKING,5.672,-0.005,0.004,-0.02,0.450,0.005,0.000,0.000,0.000,1.000,5.67,10.77567060,106.67090082,10.51,"10°46'32.41""N, 106°40'15.24""E",FIX,
11:27:17.266,1786163237.266,TRACKING,5.699,-0.005,0.005,-0.02,0.450,0.005,0.000,0.000,0.000,1.000,5.70,10.77567060,106.67090123,10.51,"10°46'32.41""N, 106°40'15.24""E",FIX,
11:27:17.354,1786163237.355,TRACKING,5.726,-0.004,0.005,-0.02,0.450,-0.003,0.000,0.000,0.000,1.000,5.73,10.77567060,106.67090123,10.51,"10°46'32.41""N, 106°40'15.24""E",FIX,
11:27:17.445,1786163237.445,TRACKING,5.762,-0.004,0.005,-0.01,0.450,-0.000,0.000,0.000,0.000,1.000,5.76,10.77567060,106.67090123,10.51,"10°46'32.41""N, 106°40'15.24""E",FIX,
11:27:17.531,1786163237.532,TRACKING,5.789,-0.004,0.005,-0.01,0.450,0.000,0.000,0.000,0.000,1.000,5.79,10.77567060,106.67090164,10.51,"10°46'32.41""N, 106°40'15.25""E",FIX,
11:27:17.652,1786163237.653,TRACKING,5.825,-0.004,0.005,-0.01,0.450,0.001,0.000,0.000,0.000,1.000,5.83,10.77567060,106.67090164,10.51,"10°46'32.41""N, 106°40'15.25""E",FIX,
11:27:17.730,1786163237.731,TRACKING,5.843,-0.004,0.005,-0.01,0.450,0.010,0.000,0.000,0.000,1.000,5.84,10.77567060,106.67090164,10.51,"10°46'32.41""N, 106°40'15.25""E",FIX,
11:27:17.832,1786163237.832,TRACKING,5.879,-0.004,0.006,-0.02,0.450,0.007,0.000,0.000,0.000,1.000,5.88,10.77567060,106.67090205,10.51,"10°46'32.41""N, 106°40'15.25""E",FIX,
11:27:17.915,1786163237.916,TRACKING,5.906,-0.004,0.006,-0.01,0.450,-0.002,0.000,0.000,0.000,1.000,5.91,10.77567060,106.67090205,10.51,"10°46'32.41""N, 106°40'15.25""E",FIX,
11:27:18.043,1786163238.044,TRACKING,5.942,-0.003,0.006,-0.01,0.450,0.001,0.000,0.000,0.000,1.000,5.94,10.77567060,106.67090205,10.51,"10°46'32.41""N, 106°40'15.25""E",FIX,
11:27:18.128,1786163238.129,TRACKING,5.969,-0.003,0.006,-0.01,0.450,0.001,0.000,0.000,0.000,1.000,5.97,10.77567060,106.67090246,10.51,"10°46'32.41""N, 106°40'15.25""E",FIX,
11:27:18.216,1786163238.216,TRACKING,5.996,-0.003,0.006,-0.01,0.450,0.001,0.000,0.000,0.000,1.000,6.00,10.77567060,106.67090246,10.51,"10°46'32.41""N, 106°40'15.25""E",FIX,
11:27:18.303,1786163238.303,TRACKING,6.023,-0.003,0.006,-0.01,0.450,0.002,0.000,0.000,0.000,1.000,6.02,10.77567060,106.67090246,10.51,"10°46'32.41""N, 106°40'15.25""E",FIX,
11:27:18.404,1786163238.405,TRACKING,6.059,-0.003,0.006,-0.01,0.450,0.002,0.000,0.000,0.000,1.000,6.06,10.77567061,106.67090287,10.51,"10°46'32.41""N, 106°40'15.25""E",FIX,
11:27:18.503,1786163238.503,TRACKING,6.086,-0.002,0.007,-0.01,0.450,0.002,0.000,0.000,0.000,1.000,6.09,10.77567061,106.67090287,10.51,"10°46'32.41""N, 106°40'15.25""E",FIX,
11:27:18.622,1786163238.623,TRACKING,6.122,-0.002,0.007,-0.00,0.450,-0.009,0.000,0.000,0.000,1.000,6.12,10.77567061,106.67090287,10.51,"10°46'32.41""N, 106°40'15.25""E",FIX,
11:27:18.705,1786163238.706,TRACKING,6.149,-0.002,0.006,0.00,0.450,-0.010,0.000,0.000,0.000,0.583,6.15,10.77567061,106.67090328,10.51,"10°46'32.41""N, 106°40'15.25""E",FIX,
11:27:18.792,1786163238.792,TRACKING,6.176,-0.002,0.006,0.00,0.450,-0.008,0.000,0.000,0.000,0.667,6.18,10.77567061,106.67090328,10.51,"10°46'32.41""N, 106°40'15.25""E",FIX,
11:27:18.865,1786163238.865,TRACKING,6.203,-0.002,0.005,0.01,0.450,-0.005,0.000,0.000,0.000,0.729,6.20,10.77567061,106.67090328,10.51,"10°46'32.41""N, 106°40'15.25""E",FIX,
11:27:18.951,1786163238.952,TRACKING,6.239,-0.001,0.005,0.01,0.450,-0.004,0.000,0.000,0.000,0.792,6.24,10.77567061,106.67090370,10.51,"10°46'32.41""N, 106°40'15.25""E",FIX,
11:27:19.049,1786163239.050,TRACKING,6.266,-0.001,0.005,0.01,0.450,-0.004,0.000,0.000,0.000,0.875,6.27,10.77567061,106.67090370,10.51,"10°46'32.41""N, 106°40'15.25""E",FIX,
11:27:19.136,1786163239.136,TRACKING,6.302,-0.001,0.004,0.01,0.450,-0.003,0.000,0.000,0.000,0.937,6.30,10.77567061,106.67090370,10.51,"10°46'32.41""N, 106°40'15.25""E",FIX,
11:27:19.211,1786163239.211,TRACKING,6.329,-0.001,0.004,0.01,0.450,-0.003,0.000,0.000,0.000,1.000,6.33,10.77567061,106.67090411,10.51,"10°46'32.41""N, 106°40'15.25""E",FIX,
11:27:19.278,1786163239.278,TRACKING,6.356,-0.001,0.004,0.01,0.450,-0.003,0.000,0.000,0.000,1.000,6.36,10.77567061,106.67090411,10.51,"10°46'32.41""N, 106°40'15.25""E",FIX,
11:27:19.393,1786163239.394,TRACKING,6.392,-0.001,0.004,0.01,0.450,-0.003,0.000,0.000,0.000,1.000,6.39,10.77567061,106.67090411,10.51,"10°46'32.41""N, 106°40'15.25""E",FIX,
11:27:19.441,1786163239.441,TRACKING,6.419,-0.001,0.004,0.01,0.450,-0.003,0.000,0.000,0.000,1.000,6.42,10.77567061,106.67090452,10.51,"10°46'32.41""N, 106°40'15.26""E",FIX,
11:27:19.538,1786163239.539,TRACKING,6.446,-0.001,0.003,0.01,0.450,-0.003,0.000,0.000,0.000,1.000,6.45,10.77567061,106.67090452,10.51,"10°46'32.41""N, 106°40'15.26""E",FIX,
11:27:19.637,1786163239.638,TRACKING,6.473,-0.001,0.003,0.01,0.450,-0.002,0.000,0.000,0.000,1.000,6.47,10.77567061,106.67090452,10.51,"10°46'32.41""N, 106°40'15.26""E",FIX,
11:27:19.763,1786163239.763,TRACKING,6.509,-0.000,0.003,0.01,0.450,-0.002,0.000,0.000,0.000,1.000,6.51,10.77567061,106.67090493,10.51,"10°46'32.41""N, 106°40'15.26""E",FIX,
11:27:19.850,1786163239.851,TRACKING,6.536,-0.000,0.003,0.01,0.450,-0.002,0.000,0.000,0.000,1.000,6.54,10.77567061,106.67090493,10.51,"10°46'32.41""N, 106°40'15.26""E",FIX,
11:27:19.971,1786163239.971,TRACKING,6.563,-0.000,0.003,0.01,0.450,-0.002,0.000,0.000,0.000,1.000,6.56,10.77567061,106.67090493,10.51,"10°46'32.41""N, 106°40'15.26""E",FIX,
11:27:20.079,1786163240.079,TRACKING,6.599,-0.000,0.003,0.01,0.450,0.004,0.000,0.000,0.000,1.000,6.60,10.77567061,106.67090534,10.51,"10°46'32.41""N, 106°40'15.26""E",FIX,
11:27:20.140,1786163240.141,TRACKING,6.626,-0.000,0.003,0.01,0.450,-0.005,0.000,0.000,0.000,1.000,6.63,10.77567061,106.67090534,10.51,"10°46'32.41""N, 106°40'15.26""E",FIX,
11:27:20.244,1786163240.245,TRACKING,6.662,0.000,0.002,0.01,0.450,-0.003,0.000,0.000,0.000,1.000,6.66,10.77567061,106.67090534,10.51,"10°46'32.41""N, 106°40'15.26""E",FIX,
11:27:20.298,1786163240.299,TRACKING,6.680,0.000,0.002,0.01,0.450,-0.004,0.000,0.000,0.000,1.000,6.68,10.77567061,106.67090575,10.51,"10°46'32.41""N, 106°40'15.26""E",FIX,
11:27:20.363,1786163240.364,TRACKING,6.716,0.000,0.002,0.01,0.450,-0.003,0.000,0.000,0.000,1.000,6.72,10.77567061,106.67090575,10.51,"10°46'32.41""N, 106°40'15.26""E",FIX,
11:27:20.470,1786163240.470,TRACKING,6.743,0.000,0.002,0.01,0.450,-0.003,0.000,0.000,0.000,1.000,6.74,10.77567061,106.67090575,10.51,"10°46'32.41""N, 106°40'15.26""E",FIX,
11:27:20.537,1786163240.537,TRACKING,6.770,0.000,0.002,0.01,0.450,-0.003,0.000,0.000,0.000,1.000,6.77,10.77567062,106.67090616,10.51,"10°46'32.41""N, 106°40'15.26""E",FIX,
11:27:20.651,1786163240.652,TRACKING,6.806,0.000,0.001,0.01,0.450,-0.003,0.000,0.000,0.000,1.000,6.81,10.77567062,106.67090616,10.51,"10°46'32.41""N, 106°40'15.26""E",FIX,
11:27:20.724,1786163240.724,TRACKING,6.824,0.000,0.001,0.01,0.450,-0.003,0.000,0.000,0.000,1.000,6.82,10.77567062,106.67090616,10.51,"10°46'32.41""N, 106°40'15.26""E",FIX,
11:27:20.823,1786163240.824,TRACKING,6.860,0.000,0.001,0.01,0.450,-0.002,0.000,0.000,0.000,1.000,6.86,10.77567062,106.67090658,10.51,"10°46'32.41""N, 106°40'15.26""E",FIX,
11:27:20.892,1786163240.892,TRACKING,6.887,0.000,0.001,0.01,0.450,-0.002,0.000,0.000,0.000,1.000,6.89,10.77567062,106.67090658,10.51,"10°46'32.41""N, 106°40'15.26""E",FIX,
11:27:20.989,1786163240.989,TRACKING,6.923,0.000,0.001,0.01,0.450,-0.002,0.000,0.000,0.000,0.708,6.92,10.77567062,106.67090658,10.51,"10°46'32.41""N, 106°40'15.26""E",FIX,
11:27:21.088,1786163241.089,TRACKING,6.950,0.000,0.001,0.01,0.450,-0.002,0.000,0.000,0.000,0.583,6.95,10.77567062,106.67090699,10.51,"10°46'32.41""N, 106°40'15.27""E",FIX,
11:27:21.226,1786163241.226,TRACKING,6.986,0.000,0.000,0.01,0.450,-0.002,0.000,0.000,0.000,0.667,6.99,10.77567062,106.67090699,10.51,"10°46'32.41""N, 106°40'15.27""E",FIX,
11:27:21.321,1786163241.321,TRACKING,7.013,0.000,0.000,0.01,0.450,-0.002,0.000,0.000,0.000,0.729,7.01,10.77567062,106.67090699,10.51,"10°46'32.41""N, 106°40'15.27""E",FIX,
11:27:21.415,1786163241.415,TRACKING,7.040,0.000,0.000,0.01,0.450,-0.002,0.000,0.000,0.000,0.812,7.04,10.77567062,106.67090740,10.51,"10°46'32.41""N, 106°40'15.27""E",FIX,
11:27:21.516,1786163241.517,TRACKING,7.067,0.000,-0.000,0.01,0.450,-0.002,0.000,0.000,0.000,0.875,7.07,10.77567062,106.67090740,10.51,"10°46'32.41""N, 106°40'15.27""E",FIX,
11:27:21.600,1786163241.601,TRACKING,7.094,0.000,-0.000,0.01,0.450,-0.002,0.000,0.000,0.000,0.958,7.09,10.77567062,106.67090740,10.51,"10°46'32.41""N, 106°40'15.27""E",FIX,
11:27:21.721,1786163241.722,TRACKING,7.121,0.000,-0.000,0.01,0.450,-0.002,0.000,0.000,0.000,1.000,7.12,10.77567062,106.67090781,10.51,"10°46'32.41""N, 106°40'15.27""E",FIX,
11:27:21.800,1786163241.801,TRACKING,7.166,0.000,-0.001,0.01,0.450,-0.002,0.000,0.000,0.000,1.000,7.17,10.77567062,106.67090781,10.51,"10°46'32.41""N, 106°40'15.27""E",FIX,
11:27:21.874,1786163241.875,TRACKING,7.184,0.000,-0.001,0.01,0.450,-0.002,0.000,0.000,0.000,1.000,7.18,10.77567062,106.67090781,10.51,"10°46'32.41""N, 106°40'15.27""E",FIX,
11:27:21.982,1786163241.982,TRACKING,7.220,0.000,-0.001,0.01,0.450,-0.002,0.000,0.000,0.000,1.000,7.22,10.77567062,106.67090822,10.51,"10°46'32.41""N, 106°40'15.27""E",FIX,
11:27:22.033,1786163242.033,TRACKING,7.238,0.000,-0.001,0.01,0.450,0.002,0.000,0.000,0.000,1.000,7.24,10.77567062,106.67090822,10.51,"10°46'32.41""N, 106°40'15.27""E",FIX,
11:27:22.122,1786163242.122,TRACKING,7.274,0.000,-0.001,0.01,0.450,0.000,0.000,0.000,0.000,1.000,7.27,10.77567062,106.67090822,10.51,"10°46'32.41""N, 106°40'15.27""E",FIX,
11:27:22.201,1786163242.202,TRACKING,7.310,0.000,-0.001,0.01,0.450,-0.004,0.000,0.000,0.000,1.000,7.31,10.77567062,106.67090863,10.51,"10°46'32.41""N, 106°40'15.27""E",FIX,
11:27:22.292,1786163242.292,TRACKING,7.337,0.000,-0.001,0.01,0.450,-0.003,0.000,0.000,0.000,1.000,7.34,10.77567062,106.67090863,10.51,"10°46'32.41""N, 106°40'15.27""E",FIX,
11:27:22.415,1786163242.416,TRACKING,7.373,0.000,-0.001,0.01,0.450,-0.003,0.000,0.000,0.000,1.000,7.37,10.77567062,106.67090863,10.51,"10°46'32.41""N, 106°40'15.27""E",FIX,
11:27:22.462,1786163242.462,TRACKING,7.391,0.000,-0.002,0.01,0.450,-0.003,0.000,0.000,0.000,1.000,7.39,10.77567062,106.67090905,10.51,"10°46'32.41""N, 106°40'15.27""E",FIX,
11:27:22.554,1786163242.554,TRACKING,7.427,0.000,-0.002,0.01,0.450,0.004,0.000,0.000,0.000,1.000,7.43,10.77567062,106.67090905,10.51,"10°46'32.41""N, 106°40'15.27""E",FIX,
11:27:22.660,1786163242.660,TRACKING,7.454,0.000,-0.002,0.01,0.450,-0.004,0.000,0.000,0.000,1.000,7.45,10.77567062,106.67090905,10.51,"10°46'32.41""N, 106°40'15.27""E",FIX,
11:27:22.774,1786163242.774,TRACKING,7.481,0.000,-0.002,0.01,0.450,-0.004,0.000,0.000,0.000,1.000,7.48,10.77567062,106.67090946,10.51,"10°46'32.41""N, 106°40'15.27""E",FIX,
11:27:22.835,1786163242.835,TRACKING,7.517,-0.000,-0.002,0.01,0.450,-0.003,0.000,0.000,0.000,1.000,7.52,10.77567062,106.67090946,10.51,"10°46'32.41""N, 106°40'15.27""E",FIX,
11:27:22.928,1786163242.928,TRACKING,7.544,-0.000,-0.002,0.01,0.450,-0.003,0.000,0.000,0.000,1.000,7.54,10.77567062,106.67090946,10.51,"10°46'32.41""N, 106°40'15.27""E",FIX,
11:27:23.058,1786163243.058,TRACKING,7.571,-0.000,-0.002,0.01,0.450,0.001,0.000,0.000,0.000,1.000,7.57,10.77567062,106.67090987,10.51,"10°46'32.41""N, 106°40'15.28""E",FIX,
11:27:23.144,1786163243.145,TRACKING,7.598,-0.000,-0.002,0.01,0.450,-0.003,0.000,0.000,0.000,1.000,7.60,10.77567062,106.67090987,10.51,"10°46'32.41""N, 106°40'15.28""E",FIX,
11:27:23.232,1786163243.233,TRACKING,7.634,-0.000,-0.002,0.01,0.450,0.003,0.000,0.000,0.000,1.000,7.63,10.77567062,106.67090987,10.51,"10°46'32.41""N, 106°40'15.28""E",FIX,
11:27:23.315,1786163243.316,TRACKING,7.661,-0.000,-0.002,0.00,0.450,-0.001,0.000,0.000,0.000,1.000,7.66,10.77567062,106.67091028,10.51,"10°46'32.41""N, 106°40'15.28""E",FIX,
11:27:23.389,1786163243.389,TRACKING,7.697,-0.000,-0.002,-0.01,0.450,0.036,0.000,0.000,0.000,1.000,7.70,10.77567062,106.67091028,10.51,"10°46'32.41""N, 106°40'15.28""E",FIX,
11:27:23.485,1786163243.486,TRACKING,7.724,-0.001,-0.001,-0.02,0.450,0.029,0.000,0.000,0.000,0.500,7.72,10.77567062,106.67091028,10.51,"10°46'32.41""N, 106°40'15.28""E",FIX,
11:27:23.600,1786163243.600,TRACKING,7.751,-0.000,0.001,-0.03,0.450,0.017,0.000,0.000,0.000,0.562,7.75,10.77567061,106.67091069,10.51,"10°46'32.41""N, 106°40'15.28""E",FIX,
11:27:23.663,1786163243.663,TRACKING,7.778,-0.000,0.003,-0.03,0.450,0.014,0.000,0.000,0.000,0.625,7.78,10.77567061,106.67091069,10.51,"10°46'32.41""N, 106°40'15.28""E",FIX,
11:27:23.770,1786163243.771,TRACKING,7.814,-0.000,0.004,-0.03,0.450,0.005,0.000,0.000,0.000,0.708,7.81,10.77567061,106.67091069,10.51,"10°46'32.41""N, 106°40'15.28""E",FIX,
11:27:23.851,1786163243.851,TRACKING,7.841,-0.000,0.004,-0.03,0.450,0.006,0.000,0.000,0.000,0.771,7.84,10.77567061,106.67091110,10.51,"10°46'32.41""N, 106°40'15.28""E",FIX,
11:27:23.974,1786163243.975,TRACKING,7.868,-0.000,0.005,-0.03,0.450,0.006,0.000,0.000,0.000,0.833,7.87,10.77567061,106.67091110,10.51,"10°46'32.41""N, 106°40'15.28""E",FIX,
11:27:24.077,1786163244.077,TRACKING,7.913,0.000,0.005,-0.03,0.450,0.007,0.000,0.000,0.000,0.917,7.91,10.77567061,106.67091110,10.51,"10°46'32.41""N, 106°40'15.28""E",FIX,
11:27:24.135,1786163244.136,TRACKING,7.931,0.000,0.006,-0.03,0.450,0.007,0.000,0.000,0.000,1.000,7.93,10.77567061,106.67091151,10.51,"10°46'32.41""N, 106°40'15.28""E",FIX,
11:27:24.225,1786163244.226,TRACKING,7.967,0.000,0.006,-0.03,0.450,0.007,0.000,0.000,0.000,1.000,7.97,10.77567061,106.67091151,10.51,"10°46'32.41""N, 106°40'15.28""E",FIX,
11:27:24.297,1786163244.298,TRACKING,7.994,0.001,0.007,-0.03,0.450,0.007,0.000,0.000,0.000,1.000,7.99,10.77567061,106.67091151,10.51,"10°46'32.41""N, 106°40'15.28""E",FIX,
11:27:24.371,1786163244.372,TRACKING,8.021,0.001,0.007,-0.03,0.450,0.007,0.000,0.000,0.000,1.000,8.02,10.77567061,106.67091193,10.51,"10°46'32.41""N, 106°40'15.28""E",FIX,
11:27:24.493,1786163244.494,TRACKING,8.057,0.001,0.008,-0.03,0.450,0.007,0.000,0.000,0.000,1.000,8.06,10.77567061,106.67091193,10.51,"10°46'32.41""N, 106°40'15.28""E",FIX,
11:27:24.574,1786163244.575,TRACKING,8.075,0.001,0.008,-0.03,0.450,0.007,0.000,0.000,0.000,1.000,8.08,10.77567061,106.67091193,10.51,"10°46'32.41""N, 106°40'15.28""E",FIX,
11:27:24.683,1786163244.683,TRACKING,8.111,0.002,0.009,-0.02,0.450,0.000,0.000,0.000,0.000,1.000,8.11,10.77567061,106.67091234,10.51,"10°46'32.41""N, 106°40'15.28""E",FIX,
11:27:24.768,1786163244.768,TRACKING,8.138,0.002,0.009,-0.02,0.450,0.002,0.000,0.000,0.000,1.000,8.14,10.77567061,106.67091234,10.51,"10°46'32.41""N, 106°40'15.28""E",FIX,
11:27:24.844,1786163244.845,TRACKING,8.165,0.002,0.009,-0.02,0.450,0.003,0.000,0.000,0.000,1.000,8.17,10.77567061,106.67091234,10.51,"10°46'32.41""N, 106°40'15.28""E",FIX,
11:27:24.923,1786163244.924,TRACKING,8.201,0.002,0.009,-0.02,0.450,0.004,0.000,0.000,0.000,1.000,8.20,10.77567061,106.67091275,10.51,"10°46'32.41""N, 106°40'15.29""E",FIX,
11:27:25.010,1786163245.010,TRACKING,8.228,0.003,0.009,-0.02,0.450,0.004,0.000,0.000,0.000,1.000,8.23,10.77567061,106.67091275,10.51,"10°46'32.41""N, 106°40'15.29""E",FIX,
11:27:25.098,1786163245.099,TRACKING,8.255,0.003,0.009,-0.02,0.450,0.004,0.000,0.000,0.000,1.000,8.26,10.77567061,106.67091275,10.51,"10°46'32.41""N, 106°40'15.29""E",FIX,
11:27:25.179,1786163245.179,TRACKING,8.291,0.003,0.010,-0.02,0.450,0.004,0.000,0.000,0.000,1.000,8.29,10.77567061,106.67091316,10.51,"10°46'32.41""N, 106°40'15.29""E",FIX,
11:27:25.269,1786163245.269,TRACKING,8.318,0.003,0.010,-0.02,0.450,0.008,0.000,0.000,0.000,1.000,8.32,10.77567061,106.67091316,10.51,"10°46'32.41""N, 106°40'15.29""E",FIX,
11:27:25.344,1786163245.344,TRACKING,8.345,0.004,0.010,-0.02,0.450,0.004,0.000,0.000,0.000,1.000,8.35,10.77567061,106.67091316,10.51,"10°46'32.41""N, 106°40'15.29""E",FIX,
11:27:25.429,1786163245.429,TRACKING,8.372,0.004,0.011,-0.02,0.450,0.004,0.000,0.000,0.000,1.000,8.37,10.77567061,106.67091316,10.51,"10°46'32.41""N, 106°40'15.29""E",FIX,
11:27:25.509,1786163245.509,TRACKING,8.408,0.004,0.011,-0.02,0.450,0.004,0.000,0.000,0.000,1.000,8.41,10.77567062,106.67091357,10.51,"10°46'32.41""N, 106°40'15.29""E",FIX,
11:27:25.609,1786163245.609,TRACKING,8.435,0.005,0.011,-0.02,0.450,0.005,0.000,0.000,0.000,1.000,8.44,10.77567062,106.67091357,10.51,"10°46'32.41""N, 106°40'15.29""E",FIX,
11:27:25.697,1786163245.697,TRACKING,8.462,0.005,0.012,-0.02,0.450,0.012,0.000,0.000,0.000,1.000,8.46,10.77567062,106.67091357,10.51,"10°46'32.41""N, 106°40'15.29""E",FIX,
11:27:25.795,1786163245.796,TRACKING,8.498,0.005,0.012,-0.02,0.450,0.010,0.000,0.000,0.000,1.000,8.50,10.77567062,106.67091398,10.51,"10°46'32.41""N, 106°40'15.29""E",FIX,
11:27:34.069,1786163254.069,UTURN_PLANNING,11.031,0.041,0.014,0.00,0.000,0.000,0.000,0.000,0.000,0.000,0.00,10.77567069,106.67092550,10.51,"10°46'32.41""N, 106°40'15.33""E",FIX,
11:27:34.086,1786163254.086,PATH_FOLLOWING,11.031,0.041,0.014,88.68,0.020,-1.500,0.000,0.000,0.000,0.000,0.00,10.77567069,106.67092550,10.51,"10°46'32.41""N, 106°40'15.33""E",FIX,
11:27:34.096,1786163254.097,PATH_FOLLOWING,11.031,0.041,0.014,88.68,0.020,-1.500,0.000,0.000,0.000,0.000,0.00,10.77567069,106.67092572,10.51,"10°46'32.41""N, 106°40'15.33""E",FIX,
11:27:34.104,1786163254.105,PATH_FOLLOWING,11.031,0.041,0.014,88.68,0.020,-1.500,0.000,0.000,0.000,0.000,0.00,10.77567069,106.67092572,10.51,"10°46'32.41""N, 106°40'15.33""E",FIX,
11:27:34.116,1786163254.116,PATH_FOLLOWING,11.031,0.041,0.014,88.68,0.020,-1.500,0.000,0.000,0.000,0.000,0.00,10.77567069,106.67092572,10.51,"10°46'32.41""N, 106°40'15.33""E",FIX,
11:27:34.129,1786163254.130,PATH_FOLLOWING,11.031,0.041,0.014,88.68,0.020,-1.500,0.000,0.000,0.000,0.000,0.00,10.77567069,106.67092572,10.51,"10°46'32.41""N, 106°40'15.33""E",FIX,
11:27:34.169,1786163254.170,PATH_FOLLOWING,11.031,0.041,-0.052,88.68,0.020,-1.500,0.000,0.000,0.000,0.000,0.00,10.77567069,106.67092572,10.51,"10°46'32.41""N, 106°40'15.33""E",FIX,
11:27:34.234,1786163254.235,PATH_FOLLOWING,11.032,0.041,-0.112,88.68,0.020,-1.500,0.000,0.000,0.000,0.000,0.00,10.77567069,106.67092572,10.51,"10°46'32.41""N, 106°40'15.33""E",FIX,
11:27:34.341,1786163254.341,PATH_FOLLOWING,11.034,0.040,-0.232,88.68,0.020,-1.500,0.000,0.000,0.000,0.000,0.00,10.77567070,106.67092572,10.51,"10°46'32.41""N, 106°40'15.33""E",FIX,
11:27:34.446,1786163254.446,PATH_FOLLOWING,11.035,0.040,-0.322,88.68,0.020,-1.500,0.000,0.000,0.000,0.000,0.00,10.77567070,106.67092572,10.51,"10°46'32.41""N, 106°40'15.33""E",FIX,
11:27:34.556,1786163254.557,PATH_FOLLOWING,11.036,0.040,-0.412,88.68,0.020,-1.500,0.000,0.000,0.000,0.000,0.00,10.77567070,106.67092572,10.51,"10°46'32.41""N, 106°40'15.33""E",FIX,
11:27:34.637,1786163254.638,PATH_FOLLOWING,11.038,0.039,-0.532,88.68,0.020,-1.500,0.000,0.000,0.000,0.000,0.00,10.77567080,106.67092574,10.51,"10°46'32.41""N, 106°40'15.33""E",FIX,
11:27:34.713,1786163254.713,PATH_FOLLOWING,11.039,0.038,-0.622,88.68,0.020,-1.500,0.000,0.000,0.000,0.000,0.00,10.77567080,106.67092574,10.51,"10°46'32.41""N, 106°40'15.33""E",FIX,
11:27:34.792,1786163254.792,PATH_FOLLOWING,11.039,0.038,-0.712,88.28,0.026,-1.500,0.000,0.000,0.000,0.000,0.00,10.77567097,106.67092576,10.51,"10°46'32.42""N, 106°40'15.33""E",FIX,
11:27:34.863,1786163254.863,PATH_FOLLOWING,11.040,0.037,-0.802,87.30,0.041,-1.500,0.000,0.000,0.000,0.000,0.00,10.77567097,106.67092576,10.51,"10°46'32.42""N, 106°40'15.33""E",FIX,
11:27:34.958,1786163254.958,PATH_FOLLOWING,11.042,0.034,-0.922,85.77,0.064,-1.500,0.000,0.000,0.000,0.000,0.00,10.77567097,106.67092576,10.51,"10°46'32.42""N, 106°40'15.33""E",FIX,
11:27:35.047,1786163255.047,PATH_FOLLOWING,11.045,0.030,-1.042,84.09,0.090,-1.500,0.000,0.000,0.000,0.000,0.00,10.77567111,106.67092579,10.51,"10°46'32.42""N, 106°40'15.33""E",FIX,
11:27:35.144,1786163255.145,PATH_FOLLOWING,11.047,0.026,-1.132,82.79,0.110,-1.500,0.000,0.000,0.000,0.000,0.00,10.77567111,106.67092579,10.51,"10°46'32.42""N, 106°40'15.33""E",FIX,
11:27:35.199,1786163255.199,PATH_FOLLOWING,11.049,0.022,-1.192,81.91,0.124,-1.500,0.000,0.000,0.000,0.000,0.00,10.77567111,106.67092579,10.51,"10°46'32.42""N, 106°40'15.33""E",FIX,
11:27:35.311,1786163255.312,PATH_FOLLOWING,11.052,0.013,-1.312,80.20,0.150,-1.500,0.000,0.000,0.000,0.000,0.00,10.77567111,106.67092579,10.51,"10°46'32.42""N, 106°40'15.33""E",FIX,
11:27:35.397,1786163255.397,PATH_FOLLOWING,11.054,0.005,-1.402,78.98,0.169,-1.500,0.000,0.000,0.000,0.000,0.00,10.77567117,106.67092588,10.51,"10°46'32.42""N, 106°40'15.33""E",FIX,
11:27:35.502,1786163255.503,PATH_FOLLOWING,11.055,-0.008,-1.522,77.50,0.193,-1.500,0.000,0.000,0.000,0.000,0.00,10.77567117,106.67092588,10.51,"10°46'32.42""N, 106°40'15.33""E",FIX,
11:27:35.599,1786163255.599,PATH_FOLLOWING,11.055,-0.019,-1.612,76.22,0.209,-1.467,0.000,0.000,0.000,0.000,0.00,10.77567117,106.67092588,10.51,"10°46'32.42""N, 106°40'15.33""E",FIX,
11:27:35.704,1786163255.704,PATH_FOLLOWING,11.053,-0.035,-1.730,70.49,0.226,-1.100,0.000,0.000,0.000,0.000,0.00,10.77567116,106.67092601,10.51,"10°46'32.42""N, 106°40'15.33""E",FIX,
11:27:35.795,1786163255.795,PATH_FOLLOWING,11.051,-0.048,-1.801,65.32,0.235,-0.880,0.000,0.000,0.000,0.000,0.00,10.77567116,106.67092601,10.51,"10°46'32.42""N, 106°40'15.33""E",FIX,
11:27:35.853,1786163255.853,PATH_FOLLOWING,11.048,-0.057,-1.843,61.33,0.239,-0.752,0.000,0.000,0.000,0.000,0.00,10.77567116,106.67092601,10.51,"10°46'32.42""N, 106°40'15.33""E",FIX,
11:27:35.982,1786163255.983,PATH_FOLLOWING,11.041,-0.080,-1.921,50.60,0.245,-0.514,0.000,0.000,0.000,0.000,0.00,10.77567106,106.67092617,10.51,"10°46'32.42""N, 106°40'15.33""E",FIX,
11:27:36.074,1786163256.075,PATH_FOLLOWING,11.038,-0.089,-1.944,46.38,0.246,-0.445,0.000,0.000,0.000,0.000,0.00,10.77567106,106.67092617,10.51,"10°46'32.42""N, 106°40'15.33""E",FIX,
11:27:36.169,1786163256.169,PATH_FOLLOWING,11.030,-0.107,-1.982,38.09,0.248,-0.335,0.000,0.000,0.000,0.000,0.00,10.77567106,106.67092617,10.51,"10°46'32.42""N, 106°40'15.33""E",FIX,
11:27:36.261,1786163256.261,PATH_FOLLOWING,11.024,-0.120,-2.004,32.09,0.249,-0.269,0.000,0.000,0.000,0.000,0.00,10.77567093,106.67092634,10.51,"10°46'32.42""N, 106°40'15.33""E",FIX,
11:27:36.338,1786163256.338,PATH_FOLLOWING,11.018,-0.134,-2.023,60.71,0.239,-0.735,0.000,0.000,0.000,0.000,0.00,10.77567093,106.67092634,10.51,"10°46'32.42""N, 106°40'15.33""E",FIX,
11:27:36.429,1786163256.429,PATH_FOLLOWING,11.009,-0.151,-2.071,54.29,0.243,-0.583,0.000,0.000,0.000,0.000,0.00,10.77567093,106.67092634,10.51,"10°46'32.42""N, 106°40'15.33""E",FIX,
11:27:36.507,1786163256.507,PATH_FOLLOWING,11.002,-0.164,-2.109,47.35,0.246,-0.460,0.000,0.000,0.000,0.000,0.00,10.77567078,106.67092651,10.51,"10°46'32.41""N, 106°40'15.34""E",FIX,
11:27:36.612,1786163256.612,PATH_FOLLOWING,10.994,-0.176,-2.139,40.27,0.247,-0.361,0.000,0.000,0.000,0.000,0.00,10.77567078,106.67092651,10.51,"10°46'32.41""N, 106°40'15.34""E",FIX,
11:27:36.758,1786163256.759,PATH_FOLLOWING,10.986,-0.189,-2.162,33.81,0.248,-0.287,0.000,0.000,0.000,0.000,0.00,10.77567078,106.67092651,10.51,"10°46'32.41""N, 106°40'15.34""E",FIX,
11:27:36.971,1786163256.972,PATH_FOLLOWING,10.977,-0.201,-2.181,27.91,0.249,-0.227,0.000,0.000,0.000,0.000,0.00,10.77567063,106.67092667,10.51,"10°46'32.41""N, 106°40'15.34""E",FIX,
11:27:37.127,1786163257.127,PATH_FOLLOWING,10.966,-0.217,-2.201,20.77,0.249,-0.163,0.000,0.000,0.000,0.000,0.00,10.77567063,106.67092667,10.51,"10°46'32.41""N, 106°40'15.34""E",FIX,
11:27:37.213,1786163257.213,PATH_FOLLOWING,10.957,-0.229,-2.212,16.50,0.250,-0.127,0.000,0.000,0.000,0.000,0.00,10.77567063,106.67092667,10.51,"10°46'32.41""N, 106°40'15.34""E",FIX,
11:27:37.297,1786163257.297,PATH_FOLLOWING,10.945,-0.245,-2.223,11.96,0.250,-0.091,0.000,0.000,0.000,0.000,0.00,10.77567047,106.67092683,10.51,"10°46'32.41""N, 106°40'15.34""E",FIX,
11:27:37.406,1786163257.406,PATH_FOLLOWING,10.936,-0.257,-2.229,9.63,0.250,-0.073,0.000,0.000,0.000,0.000,0.00,10.77567047,106.67092683,10.51,"10°46'32.41""N, 106°40'15.34""E",FIX,
11:27:37.501,1786163257.502,PATH_FOLLOWING,10.927,-0.269,-2.233,7.64,0.250,-0.058,0.000,0.000,0.000,0.000,0.00,10.77567047,106.67092683,10.51,"10°46'32.41""N, 106°40'15.34""E",FIX,
11:27:37.599,1786163257.600,PATH_FOLLOWING,10.914,-0.284,-2.239,5.51,0.250,-0.042,0.000,0.000,0.000,0.000,0.00,10.77567031,106.67092699,10.51,"10°46'32.41""N, 106°40'15.34""E",FIX,
11:27:37.667,1786163257.668,PATH_FOLLOWING,10.905,-0.296,-2.242,4.19,0.250,-0.032,0.000,0.000,0.000,0.000,0.00,10.77567031,106.67092699,10.51,"10°46'32.41""N, 106°40'15.34""E",FIX,
11:27:37.750,1786163257.750,PATH_FOLLOWING,10.892,-0.312,-2.244,3.00,0.250,-0.023,0.000,0.000,0.000,0.000,0.00,10.77567031,106.67092699,10.51,"10°46'32.41""N, 106°40'15.34""E",FIX,
11:27:37.830,1786163257.830,PATH_FOLLOWING,10.883,-0.324,-2.246,2.36,0.250,-0.018,0.000,0.000,0.000,0.000,0.00,10.77567015,106.67092715,10.51,"10°46'32.41""N, 106°40'15.34""E",FIX,
11:27:37.898,1786163257.898,PATH_FOLLOWING,10.874,-0.335,-2.247,1.88,0.250,-0.014,0.000,0.000,0.000,0.000,0.00,10.77567015,106.67092715,10.51,"10°46'32.41""N, 106°40'15.34""E",FIX,
11:27:37.984,1786163257.985,PATH_FOLLOWING,10.864,-0.347,-2.248,1.50,0.250,-0.011,0.000,0.000,0.000,0.000,0.00,10.77567015,106.67092715,10.51,"10°46'32.41""N, 106°40'15.34""E",FIX,
11:27:38.081,1786163258.082,PATH_FOLLOWING,10.852,-0.362,-2.249,1.10,0.250,-0.008,0.000,0.000,0.000,0.000,0.00,10.77566998,106.67092731,10.51,"10°46'32.41""N, 106°40'15.34""E",FIX,
11:27:38.165,1786163258.165,PATH_FOLLOWING,10.846,-0.370,-2.249,0.95,0.250,-0.007,0.000,0.000,0.000,0.000,0.00,10.77566998,106.67092731,10.51,"10°46'32.41""N, 106°40'15.34""E",FIX,
11:27:38.260,1786163258.261,PATH_FOLLOWING,10.833,-0.386,-2.250,0.70,0.250,-0.005,0.000,0.000,0.000,0.000,0.00,10.77566998,106.67092731,10.51,"10°46'32.41""N, 106°40'15.34""E",FIX,
11:27:38.334,1786163258.334,PATH_FOLLOWING,10.824,-0.398,-2.250,0.54,0.250,-0.004,0.000,0.000,0.000,0.000,0.00,10.77566982,106.67092747,10.51,"10°46'32.41""N, 106°40'15.34""E",FIX,
11:27:38.436,1786163258.436,PATH_FOLLOWING,10.811,-0.413,-2.251,0.39,0.250,-0.003,0.000,0.000,0.000,0.000,0.00,10.77566982,106.67092747,10.51,"10°46'32.41""N, 106°40'15.34""E",FIX,
11:27:38.517,1786163258.518,PATH_FOLLOWING,10.802,-0.425,-2.251,0.31,0.250,-0.002,0.000,0.000,0.000,0.000,0.00,10.77566982,106.67092747,10.51,"10°46'32.41""N, 106°40'15.34""E",FIX,
11:27:38.617,1786163258.617,PATH_FOLLOWING,10.792,-0.436,-2.251,0.25,0.250,-0.002,0.000,0.000,0.000,0.000,0.00,10.77566966,106.67092763,10.51,"10°46'32.41""N, 106°40'15.34""E",FIX,
11:27:38.717,1786163258.718,PATH_FOLLOWING,10.783,-0.448,-2.251,0.20,0.250,-0.001,0.000,0.000,0.000,0.000,0.00,10.77566966,106.67092763,10.51,"10°46'32.41""N, 106°40'15.34""E",FIX,
11:27:38.843,1786163258.843,PATH_FOLLOWING,10.770,-0.464,-2.251,0.15,0.250,-0.001,0.000,0.000,0.000,0.000,0.00,10.77566966,106.67092763,10.51,"10°46'32.41""N, 106°40'15.34""E",FIX,
11:27:38.951,1786163258.952,PATH_FOLLOWING,10.761,-0.475,-2.251,0.12,0.250,-0.001,0.000,0.000,0.000,0.000,0.00,10.77566950,106.67092779,10.51,"10°46'32.41""N, 106°40'15.34""E",FIX,
11:27:39.048,1786163259.049,PATH_FOLLOWING,10.748,-0.491,-2.252,0.09,0.250,-0.001,0.000,0.000,0.000,0.000,0.00,10.77566950,106.67092779,10.51,"10°46'32.41""N, 106°40'15.34""E",FIX,
11:27:39.129,1786163259.130,PATH_FOLLOWING,10.739,-0.502,-2.252,0.07,0.250,-0.001,0.000,0.000,0.000,0.000,0.00,10.77566950,106.67092779,10.51,"10°46'32.41""N, 106°40'15.34""E",FIX,
11:27:39.209,1786163259.210,PATH_FOLLOWING,10.729,-0.514,-2.252,0.06,0.250,-0.000,0.000,0.000,0.000,0.000,0.00,10.77566934,106.67092795,10.51,"10°46'32.41""N, 106°40'15.34""E",FIX,
11:27:39.287,1786163259.288,PATH_FOLLOWING,10.720,-0.526,-2.252,0.05,0.250,-0.000,0.000,0.000,0.000,0.000,0.00,10.77566934,106.67092795,10.51,"10°46'32.41""N, 106°40'15.34""E",FIX,
11:27:39.373,1786163259.374,PATH_FOLLOWING,10.710,-0.537,-2.252,0.04,0.250,-0.000,0.000,0.000,0.000,0.000,0.00,10.77566934,106.67092795,10.51,"10°46'32.41""N, 106°40'15.34""E",FIX,
11:27:39.495,1786163259.496,PATH_FOLLOWING,10.698,-0.553,-2.252,0.03,0.250,-0.000,0.000,0.000,0.000,0.000,0.00,10.77566918,106.67092811,10.51,"10°46'32.41""N, 106°40'15.34""E",FIX,
11:27:39.580,1786163259.581,PATH_FOLLOWING,10.688,-0.565,-2.252,0.02,0.250,-0.000,0.000,0.000,0.000,0.000,0.00,10.77566918,106.67092811,10.51,"10°46'32.41""N, 106°40'15.34""E",FIX,
11:27:39.683,1786163259.683,PATH_FOLLOWING,10.676,-0.580,-2.252,0.02,0.250,-0.000,0.000,0.000,0.000,0.000,0.00,10.77566918,106.67092811,10.51,"10°46'32.41""N, 106°40'15.34""E",FIX,
11:27:39.778,1786163259.779,PATH_FOLLOWING,10.666,-0.592,-2.252,0.02,0.250,-0.000,0.000,0.000,0.000,0.000,0.00,10.77566901,106.67092827,10.51,"10°46'32.41""N, 106°40'15.34""E",FIX,
11:27:39.862,1786163259.863,PATH_FOLLOWING,10.657,-0.603,-2.252,0.01,0.250,-0.000,0.000,0.000,0.000,0.000,0.00,10.77566901,106.67092827,10.51,"10°46'32.41""N, 106°40'15.34""E",FIX,
11:27:39.984,1786163259.985,PATH_FOLLOWING,10.644,-0.619,-2.252,0.00,0.000,0.000,0.000,0.000,0.000,0.000,0.00,10.77566901,106.67092827,10.51,"10°46'32.41""N, 106°40'15.34""E",FIX,
11:27:40.053,1786163260.053,UTURN_EXECUTION,10.641,-0.623,-2.252,73.97,0.250,-1.500,0.000,0.000,0.000,0.000,0.00,10.77566886,106.67092842,10.51,"10°46'32.41""N, 106°40'15.34""E",FIX,
11:27:40.134,1786163260.135,UTURN_EXECUTION,10.634,-0.631,-2.319,73.97,0.250,-1.500,0.000,0.000,0.000,0.000,0.00,10.77566886,106.67092842,10.51,"10°46'32.41""N, 106°40'15.34""E",FIX,
11:27:40.238,1786163260.238,UTURN_EXECUTION,10.623,-0.642,-2.409,73.97,0.250,-1.500,0.000,0.000,0.000,0.000,0.00,10.77566886,106.67092842,10.51,"10°46'32.41""N, 106°40'15.34""E",FIX,
11:27:40.342,1786163260.342,UTURN_EXECUTION,10.611,-0.651,-2.499,73.97,0.250,-1.500,0.000,0.000,0.000,0.000,0.00,10.77566874,106.67092854,10.51,"10°46'32.41""N, 106°40'15.34""E",FIX,
11:27:40.455,1786163260.456,UTURN_EXECUTION,10.590,-0.665,-2.649,73.97,0.250,-1.500,0.000,0.000,0.000,0.000,0.00,10.77566874,106.67092854,10.51,"10°46'32.41""N, 106°40'15.34""E",FIX,
11:27:40.527,1786163260.527,UTURN_EXECUTION,10.577,-0.671,-2.739,73.97,0.250,-1.500,0.000,0.000,0.000,0.000,0.00,10.77566874,106.67092854,10.51,"10°46'32.41""N, 106°40'15.34""E",FIX,
11:27:40.620,1786163260.620,UTURN_EXECUTION,10.567,-0.675,-2.799,73.97,0.250,-1.500,0.000,0.000,0.000,0.000,0.00,10.77566856,106.67092871,10.51,"10°46'32.41""N, 106°40'15.34""E",FIX,
11:27:40.708,1786163260.709,UTURN_EXECUTION,10.548,-0.681,-2.919,73.97,0.250,-1.500,0.000,0.000,0.000,0.000,0.00,10.77566856,106.67092871,10.51,"10°46'32.41""N, 106°40'15.34""E",FIX,
11:27:40.795,1786163260.795,UTURN_EXECUTION,10.534,-0.683,-3.009,73.97,0.250,-1.500,0.000,0.000,0.000,0.000,0.00,10.77566856,106.67092871,10.51,"10°46'32.41""N, 106°40'15.34""E",FIX,
11:27:40.871,1786163260.871,UTURN_EXECUTION,10.519,-0.684,-3.099,73.97,0.250,-1.500,0.000,0.000,0.000,0.000,0.00,10.77566837,106.67092890,10.51,"10°46'32.41""N, 106°40'15.34""E",FIX,
11:27:40.960,1786163260.960,UTURN_EXECUTION,10.499,-0.684,3.064,73.97,0.250,-1.500,0.000,0.000,0.000,0.000,0.00,10.77566837,106.67092890,10.51,"10°46'32.41""N, 106°40'15.34""E",FIX,
11:27:41.057,1786163261.057,UTURN_EXECUTION,10.479,-0.681,2.944,73.97,0.250,-1.500,0.000,0.000,0.000,0.000,0.00,10.77566837,106.67092890,10.51,"10°46'32.41""N, 106°40'15.34""E",FIX,
11:27:41.127,1786163261.127,UTURN_EXECUTION,10.469,-0.679,2.884,73.97,0.250,-1.500,0.000,0.000,0.000,0.000,0.00,10.77566817,106.67092911,10.51,"10°46'32.41""N, 106°40'15.34""E",FIX,
11:27:41.237,1786163261.237,UTURN_EXECUTION,10.450,-0.673,2.764,73.97,0.250,-1.500,0.000,0.000,0.000,0.000,0.00,10.77566817,106.67092911,10.51,"10°46'32.41""N, 106°40'15.34""E",FIX,
11:27:41.295,1786163261.295,UTURN_EXECUTION,10.436,-0.667,2.674,73.97,0.250,-1.500,0.000,0.000,0.000,0.000,0.00,10.77566817,106.67092911,10.51,"10°46'32.41""N, 106°40'15.34""E",FIX,
11:27:41.389,1786163261.389,UTURN_EXECUTION,10.423,-0.659,2.584,73.97,0.250,-1.500,0.000,0.000,0.000,0.000,0.00,10.77566796,106.67092933,10.51,"10°46'32.40""N, 106°40'15.35""E",FIX,
11:27:41.495,1786163261.496,UTURN_EXECUTION,10.407,-0.648,2.464,73.97,0.250,-1.500,0.000,0.000,0.000,0.000,0.00,10.77566796,106.67092933,10.51,"10°46'32.40""N, 106°40'15.35""E",FIX,
11:27:41.579,1786163261.580,UTURN_EXECUTION,10.396,-0.638,2.374,73.97,0.250,-1.500,0.000,0.000,0.000,0.000,0.00,10.77566796,106.67092933,10.51,"10°46'32.40""N, 106°40'15.35""E",FIX,
11:27:41.656,1786163261.657,UTURN_EXECUTION,10.385,-0.627,2.284,73.97,0.250,-1.500,0.000,0.000,0.000,0.000,0.00,10.77566774,106.67092958,10.51,"10°46'32.40""N, 106°40'15.35""E",FIX,
11:27:41.783,1786163261.783,UTURN_EXECUTION,10.373,-0.611,2.164,73.97,0.250,-1.500,0.000,0.000,0.000,0.000,0.00,10.77566774,106.67092958,10.51,"10°46'32.40""N, 106°40'15.35""E",FIX,
11:27:41.877,1786163261.878,UTURN_EXECUTION,10.366,-0.598,2.074,73.97,0.250,-1.500,0.000,0.000,0.000,0.000,0.00,10.77566774,106.67092958,10.51,"10°46'32.40""N, 106°40'15.35""E",FIX,
11:27:41.980,1786163261.981,UTURN_EXECUTION,10.359,-0.585,1.984,73.97,0.250,-1.500,0.000,0.000,0.000,0.000,0.00,10.77566751,106.67092982,10.51,"10°46'32.40""N, 106°40'15.35""E",FIX,
11:27:42.051,1786163262.052,UTURN_EXECUTION,10.353,-0.571,1.894,73.97,0.250,-1.500,0.000,0.000,0.000,0.000,0.00,10.77566751,106.67092982,10.51,"10°46'32.40""N, 106°40'15.35""E",FIX,
11:27:42.129,1786163262.130,UTURN_EXECUTION,10.349,-0.556,1.804,73.97,0.250,-1.500,0.000,0.000,0.000,0.000,0.00,10.77566751,106.67092982,10.51,"10°46'32.40""N, 106°40'15.35""E",FIX,
11:27:42.235,1786163262.236,UTURN_EXECUTION,10.346,-0.537,1.684,73.97,0.250,-1.500,0.000,0.000,0.000,0.000,0.00,10.77566729,106.67093006,10.51,"10°46'32.40""N, 106°40'15.35""E",FIX,
11:27:42.327,1786163262.328,UTURN_EXECUTION,10.345,-0.522,1.594,73.97,0.250,-1.500,0.000,0.000,0.000,0.000,0.00,10.77566729,106.67093006,10.51,"10°46'32.40""N, 106°40'15.35""E",FIX,
11:27:42.449,1786163262.449,UTURN_EXECUTION,10.346,-0.502,1.474,73.97,0.250,-1.500,0.000,0.000,0.000,0.000,0.00,10.77566729,106.67093006,10.51,"10°46'32.40""N, 106°40'15.35""E",FIX,
11:27:42.535,1786163262.535,UTURN_EXECUTION,10.347,-0.492,1.414,73.97,0.250,-1.500,0.000,0.000,0.000,0.000,0.00,10.77566729,106.67093006,10.51,"10°46'32.40""N, 106°40'15.35""E",FIX,
11:27:42.644,1786163262.645,UTURN_EXECUTION,10.351,-0.472,1.294,73.97,0.250,-1.500,0.000,0.000,0.000,0.000,0.00,10.77566706,106.67093024,10.51,"10°46'32.40""N, 106°40'15.35""E",FIX,
11:27:42.734,1786163262.735,UTURN_EXECUTION,10.356,-0.458,1.204,73.97,0.250,-1.500,0.000,0.000,0.000,0.000,0.00,10.77566706,106.67093024,10.51,"10°46'32.40""N, 106°40'15.35""E",FIX,
11:27:42.822,1786163262.823,UTURN_EXECUTION,10.364,-0.440,1.084,73.97,0.250,-1.500,0.000,0.000,0.000,0.000,0.00,10.77566685,106.67093035,10.51,"10°46'32.40""N, 106°40'15.35""E",FIX,
11:27:42.899,1786163262.899,UTURN_EXECUTION,10.372,-0.427,0.994,73.97,0.250,-1.500,0.000,0.000,0.000,0.000,0.00,10.77566685,106.67093035,10.51,"10°46'32.40""N, 106°40'15.35""E",FIX,
11:27:42.996,1786163262.996,UTURN_EXECUTION,10.384,-0.411,0.874,73.97,0.250,-1.500,0.000,0.000,0.000,0.000,0.00,10.77566685,106.67093035,10.51,"10°46'32.40""N, 106°40'15.35""E",FIX,
11:27:43.095,1786163263.096,UTURN_EXECUTION,10.394,-0.400,0.784,73.97,0.250,-1.500,0.000,0.000,0.000,0.000,0.00,10.77566664,106.67093040,10.51,"10°46'32.40""N, 106°40'15.35""E",FIX,
11:27:43.181,1786163263.181,UTURN_EXECUTION,10.405,-0.390,0.694,73.97,0.250,-1.500,0.000,0.000,0.000,0.000,0.00,10.77566664,106.67093040,10.51,"10°46'32.40""N, 106°40'15.35""E",FIX,
11:27:43.269,1786163263.269,UTURN_EXECUTION,10.417,-0.381,0.604,73.97,0.250,-1.500,0.000,0.000,0.000,0.000,0.00,10.77566664,106.67093040,10.51,"10°46'32.40""N, 106°40'15.35""E",FIX,
11:27:43.334,1786163263.334,UTURN_EXECUTION,10.434,-0.370,0.484,73.97,0.250,-1.500,0.000,0.000,0.000,0.000,0.00,10.77566644,106.67093039,10.51,"10°46'32.40""N, 106°40'15.35""E",FIX,
11:27:43.410,1786163263.411,UTURN_EXECUTION,10.448,-0.364,0.394,73.97,0.250,-1.500,0.000,0.000,0.000,0.000,0.00,10.77566644,106.67093039,10.51,"10°46'32.40""N, 106°40'15.35""E",FIX,
11:27:43.467,1786163263.468,UTURN_EXECUTION,10.462,-0.359,0.304,73.97,0.250,-1.500,0.000,0.000,0.000,0.104,0.00,10.77566644,106.67093039,10.51,"10°46'32.40""N, 106°40'15.35""E",FIX,
11:27:43.629,1786163263.630,UTURN_EXECUTION,10.481,-0.354,0.184,73.97,0.250,-1.500,0.000,0.000,0.000,0.083,0.00,10.77566625,106.67093032,10.51,"10°46'32.40""N, 106°40'15.35""E",FIX,
11:27:43.728,1786163263.728,UTURN_EXECUTION,10.496,-0.352,0.094,73.97,0.250,-1.500,0.000,0.000,0.000,0.021,0.00,10.77566625,106.67093032,10.51,"10°46'32.40""N, 106°40'15.35""E",FIX,
11:27:43.822,1786163263.823,UTURN_EXECUTION,10.511,-0.351,0.004,73.97,0.250,-1.500,0.000,0.000,0.000,0.000,0.00,10.77566625,106.67093032,10.51,"10°46'32.40""N, 106°40'15.35""E",FIX,
11:27:43.900,1786163263.900,UTURN_EXECUTION,10.526,-0.352,-0.086,73.97,0.250,-1.500,0.000,0.000,0.000,0.000,0.00,10.77566625,106.67093032,10.51,"10°46'32.40""N, 106°40'15.35""E",FIX,
11:27:44.017,1786163264.017,UTURN_EXECUTION,10.541,-0.354,-0.176,73.97,0.250,-1.500,0.000,0.000,0.000,0.000,0.00,10.77566608,106.67093019,10.51,"10°46'32.40""N, 106°40'15.35""E",FIX,
11:27:44.107,1786163264.107,UTURN_EXECUTION,10.560,-0.359,-0.296,73.97,0.250,-1.500,0.000,0.000,0.000,0.000,0.00,10.77566608,106.67093019,10.51,"10°46'32.40""N, 106°40'15.35""E",FIX,
11:27:44.188,1786163264.188,UTURN_EXECUTION,10.574,-0.364,-0.386,73.97,0.250,-1.500,0.000,0.000,0.000,0.000,0.00,10.77566608,106.67093019,10.51,"10°46'32.40""N, 106°40'15.35""E",FIX,
11:27:44.273,1786163264.274,UTURN_EXECUTION,10.592,-0.372,-0.506,73.97,0.250,-1.500,0.000,0.000,0.000,0.000,0.00,10.77566591,106.67093003,10.51,"10°46'32.40""N, 106°40'15.35""E",FIX,
11:27:44.366,1786163264.366,UTURN_EXECUTION,10.605,-0.380,-0.596,73.97,0.250,-1.500,0.000,0.000,0.000,0.000,0.00,10.77566591,106.67093003,10.51,"10°46'32.40""N, 106°40'15.35""E",FIX,
11:27:44.449,1786163264.450,UTURN_EXECUTION,10.621,-0.392,-0.716,73.97,0.250,-1.500,0.000,0.000,0.000,0.000,0.00,10.77566575,106.67092986,10.51,"10°46'32.40""N, 106°40'15.35""E",FIX,
11:27:44.542,1786163264.542,UTURN_EXECUTION,10.628,-0.399,-0.776,73.97,0.250,-1.500,0.000,0.000,0.000,0.000,0.00,10.77566575,106.67092986,10.51,"10°46'32.40""N, 106°40'15.35""E",FIX,
11:27:44.706,1786163264.707,UTURN_EXECUTION,10.642,-0.414,-0.896,73.97,0.250,-1.500,0.000,0.000,0.000,0.000,0.00,10.77566575,106.67092986,10.51,"10°46'32.40""N, 106°40'15.35""E",FIX,
11:27:44.755,1786163264.755,UTURN_EXECUTION,10.651,-0.426,-0.986,73.97,0.250,-1.500,0.000,0.000,0.000,0.000,0.00,10.77566575,106.67092986,10.51,"10°46'32.40""N, 106°40'15.35""E",FIX,
11:27:44.876,1786163264.876,UTURN_EXECUTION,10.658,-0.439,-1.076,73.97,0.250,-1.500,0.000,0.000,0.000,0.000,0.00,10.77566558,106.67092967,10.51,"10°46'32.40""N, 106°40'15.35""E",FIX,
11:27:44.963,1786163264.964,UTURN_EXECUTION,10.667,-0.457,-1.196,73.97,0.250,-1.500,0.000,0.000,0.000,0.000,0.00,10.77566558,106.67092967,10.51,"10°46'32.40""N, 106°40'15.35""E",FIX,
11:27:45.082,1786163265.083,UTURN_EXECUTION,10.671,-0.471,-1.286,73.97,0.250,-1.500,0.000,0.000,0.000,0.000,0.00,10.77566558,106.67092967,10.51,"10°46'32.40""N, 106°40'15.35""E",FIX,
11:27:45.153,1786163265.154,UTURN_EXECUTION,10.675,-0.486,-1.376,73.97,0.250,-1.500,0.000,0.000,0.000,0.042,0.00,10.77566538,106.67092947,10.51,"10°46'32.40""N, 106°40'15.35""E",FIX,
11:27:45.215,1786163265.215,UTURN_EXECUTION,10.677,-0.501,-1.466,73.97,0.250,-1.500,0.000,0.000,0.000,0.083,0.00,10.77566538,106.67092947,10.51,"10°46'32.40""N, 106°40'15.35""E",FIX,
11:27:45.301,1786163265.301,UTURN_EXECUTION,10.678,-0.521,-1.586,73.97,0.250,-1.500,0.000,0.000,0.000,0.146,0.00,10.77566538,106.67092947,10.51,"10°46'32.40""N, 106°40'15.35""E",FIX,
11:27:45.395,1786163265.396,UTURN_EXECUTION,10.677,-0.535,-1.676,73.97,0.250,-1.500,0.000,0.000,0.000,0.187,0.00,10.77566516,106.67092926,10.51,"10°46'32.39""N, 106°40'15.35""E",FIX,
11:27:45.483,1786163265.483,UTURN_EXECUTION,10.675,-0.550,-1.766,73.97,0.250,-1.500,0.000,0.000,0.000,0.646,0.00,10.77566516,106.67092926,10.51,"10°46'32.39""N, 106°40'15.35""E",FIX,
11:27:45.583,1786163265.583,TRACKING,10.671,-0.565,-1.856,0.25,0.450,-0.101,0.000,0.000,0.000,1.000,0.01,10.77566516,106.67092926,10.51,"10°46'32.39""N, 106°40'15.35""E",FIX,
11:27:45.705,1786163265.705,TRACKING,10.659,-0.602,-1.907,0.38,0.450,-0.291,0.000,0.000,0.000,1.000,0.05,10.77566493,106.67092904,10.51,"10°46'32.39""N, 106°40'15.34""E",FIX,
11:27:45.784,1786163265.784,TRACKING,10.653,-0.619,-1.914,0.45,0.450,-0.315,0.000,0.000,0.000,1.000,0.07,10.77566493,106.67092904,10.51,"10°46'32.39""N, 106°40'15.34""E",FIX,
11:27:45.873,1786163265.874,TRACKING,10.640,-0.653,-1.938,0.55,0.450,-0.323,0.000,0.000,0.000,1.000,0.11,10.77566493,106.67092904,10.51,"10°46'32.39""N, 106°40'15.34""E",FIX,
11:27:45.983,1786163265.984,TRACKING,10.630,-0.678,-1.957,0.61,0.450,-0.306,0.000,0.000,0.000,1.000,0.14,10.77566481,106.67092864,10.51,"10°46'32.39""N, 106°40'15.34""E",FIX,
11:27:46.106,1786163266.106,TRACKING,10.620,-0.703,-1.976,0.65,0.450,-0.255,0.000,0.000,0.000,0.708,0.16,10.77566481,106.67092864,10.51,"10°46'32.39""N, 106°40'15.34""E",FIX,
11:27:46.197,1786163266.197,TRACKING,10.605,-0.736,-1.999,0.67,0.450,-0.202,0.000,0.000,0.000,0.792,0.20,10.77566481,106.67092864,10.51,"10°46'32.39""N, 106°40'15.34""E",FIX,
11:27:46.257,1786163266.257,TRACKING,10.590,-0.768,-2.018,0.66,0.450,-0.170,0.000,0.000,0.000,0.896,0.23,10.77566469,106.67092824,10.51,"10°46'32.39""N, 106°40'15.34""E",FIX,
11:27:46.306,1786163266.307,TRACKING,10.582,-0.784,-2.025,0.65,0.450,-0.136,0.000,0.000,0.000,0.979,0.25,10.77566469,106.67092824,10.51,"10°46'32.39""N, 106°40'15.34""E",FIX,
11:27:46.396,1786163266.396,TRACKING,10.570,-0.809,-2.034,0.64,0.450,-0.147,0.000,0.000,0.000,1.000,0.28,10.77566469,106.67092824,10.51,"10°46'32.39""N, 106°40'15.34""E",FIX,
11:27:46.502,1786163266.503,TRACKING,10.554,-0.841,-2.046,0.63,0.450,-0.142,0.000,0.000,0.000,1.000,0.32,10.77566459,106.67092783,10.51,"10°46'32.39""N, 106°40'15.34""E",FIX,
11:27:46.624,1786163266.625,TRACKING,10.542,-0.865,-2.054,0.61,0.450,-0.133,0.000,0.000,0.000,1.000,0.34,10.77566459,106.67092783,10.51,"10°46'32.39""N, 106°40'15.34""E",FIX,
11:27:46.725,1786163266.725,TRACKING,10.529,-0.889,-2.063,0.60,0.450,-0.130,0.000,0.000,0.000,1.000,0.37,10.77566459,106.67092783,10.51,"10°46'32.39""N, 106°40'15.34""E",FIX,
11:27:46.822,1786163266.823,TRACKING,10.512,-0.920,-2.073,0.59,0.450,-0.134,0.000,0.000,0.000,1.000,0.41,10.77566450,106.67092743,10.51,"10°46'32.39""N, 106°40'15.34""E",FIX,
11:27:46.935,1786163266.936,TRACKING,10.499,-0.944,-2.081,0.58,0.450,-0.128,0.000,0.000,0.000,1.000,0.43,10.77566450,106.67092743,10.51,"10°46'32.39""N, 106°40'15.34""E",FIX,
11:27:47.018,1786163267.018,TRACKING,10.490,-0.960,-2.086,0.56,0.450,-0.116,0.000,0.000,0.000,1.000,0.45,10.77566450,106.67092743,10.51,"10°46'32.39""N, 106°40'15.34""E",FIX,
11:27:47.139,1786163267.140,TRACKING,10.467,-0.999,-2.098,0.55,0.450,-0.129,0.000,0.000,0.000,1.000,0.50,10.77566442,106.67092702,10.51,"10°46'32.39""N, 106°40'15.34""E",FIX,
11:27:47.216,1786163267.217,TRACKING,10.454,-1.022,-2.106,0.54,0.450,-0.121,0.000,0.000,0.000,0.833,0.52,10.77566442,106.67092702,10.51,"10°46'32.39""N, 106°40'15.34""E",FIX,
11:27:47.310,1786163267.310,TRACKING,10.440,-1.045,-2.113,0.55,0.450,-0.175,0.000,0.000,0.000,0.417,0.55,10.77566442,106.67092702,10.51,"10°46'32.39""N, 106°40'15.34""E",FIX,
11:27:47.436,1786163267.436,TRACKING,10.421,-1.076,-2.126,0.55,0.450,-0.150,0.000,0.000,0.000,0.458,0.59,10.77566434,106.67092662,10.51,"10°46'32.39""N, 106°40'15.34""E",FIX,
11:27:47.494,1786163267.494,TRACKING,10.407,-1.099,-2.136,0.55,0.450,-0.133,0.000,0.000,0.000,0.521,0.61,10.77566434,106.67092662,10.51,"10°46'32.39""N, 106°40'15.34""E",FIX,
11:27:47.603,1786163267.603,TRACKING,10.387,-1.129,-2.147,0.54,0.450,-0.128,0.000,0.000,0.000,0.583,0.65,10.77566434,106.67092662,10.51,"10°46'32.39""N, 106°40'15.34""E",FIX,
11:27:47.663,1786163267.663,TRACKING,10.373,-1.151,-2.155,0.53,0.450,-0.109,0.000,0.000,0.000,0.646,0.68,10.77566426,106.67092621,10.51,"10°46'32.39""N, 106°40'15.33""E",FIX,
11:27:47.768,1786163267.769,TRACKING,10.358,-1.174,-2.162,0.51,0.450,-0.109,0.000,0.000,0.000,0.687,0.70,10.77566426,106.67092621,10.51,"10°46'32.39""N, 106°40'15.33""E",FIX,
11:27:47.856,1786163267.856,TRACKING,10.342,-1.196,-2.168,0.50,0.450,-0.107,0.000,0.000,0.000,0.750,0.73,10.77566426,106.67092621,10.51,"10°46'32.39""N, 106°40'15.33""E",FIX,
11:27:47.986,1786163267.986,TRACKING,10.327,-1.219,-2.175,0.49,0.450,-0.102,0.000,0.000,0.000,0.833,0.76,10.77566419,106.67092580,10.51,"10°46'32.39""N, 106°40'15.33""E",FIX,
11:27:48.086,1786163268.086,TRACKING,10.307,-1.248,-2.183,0.47,0.450,-0.100,0.000,0.000,0.000,0.896,0.79,10.77566419,106.67092580,10.51,"10°46'32.39""N, 106°40'15.33""E",FIX,
11:27:48.189,1786163268.189,TRACKING,10.291,-1.270,-2.189,0.46,0.450,-0.097,0.000,0.000,0.000,0.812,0.82,10.77566419,106.67092580,10.51,"10°46'32.39""N, 106°40'15.33""E",FIX,
11:27:48.271,1786163268.272,TRACKING,10.275,-1.292,-2.195,0.45,0.450,-0.094,0.000,0.000,0.000,0.667,0.85,10.77566413,106.67092539,10.51,"10°46'32.39""N, 106°40'15.33""E",FIX,
11:27:48.369,1786163268.370,TRACKING,10.254,-1.321,-2.203,0.44,0.450,-0.100,0.000,0.000,0.000,0.729,0.88,10.77566413,106.67092539,10.51,"10°46'32.39""N, 106°40'15.33""E",FIX,
11:27:48.464,1786163268.465,TRACKING,10.238,-1.343,-2.209,0.43,0.450,-0.087,0.000,0.000,0.000,0.812,0.91,10.77566413,106.67092539,10.51,"10°46'32.39""N, 106°40'15.33""E",FIX,
11:27:48.554,1786163268.555,TRACKING,10.222,-1.365,-2.214,0.42,0.450,-0.094,0.000,0.000,0.000,0.875,0.94,10.77566407,106.67092498,10.51,"10°46'32.39""N, 106°40'15.33""E",FIX,
11:27:48.667,1786163268.667,TRACKING,10.206,-1.386,-2.219,0.41,0.450,-0.081,0.000,0.000,0.000,0.958,0.96,10.77566407,106.67092498,10.51,"10°46'32.39""N, 106°40'15.33""E",FIX,
11:27:48.773,1786163268.773,TRACKING,10.189,-1.408,-2.225,0.40,0.450,-0.084,0.000,0.000,0.000,1.000,0.99,10.77566407,106.67092498,10.51,"10°46'32.39""N, 106°40'15.33""E",FIX,
11:27:48.906,1786163268.906,TRACKING,10.167,-1.436,-2.231,0.39,0.450,-0.082,0.000,0.000,0.000,1.000,1.03,10.77566401,106.67092457,10.51,"10°46'32.39""N, 106°40'15.33""E",FIX,
11:27:48.996,1786163268.996,TRACKING,10.151,-1.457,-2.236,0.38,0.450,-0.078,0.000,0.000,0.000,1.000,1.05,10.77566401,106.67092457,10.51,"10°46'32.39""N, 106°40'15.33""E",FIX,
11:27:49.078,1786163269.079,TRACKING,10.128,-1.486,-2.243,0.37,0.450,-0.086,0.000,0.000,0.000,1.000,1.09,10.77566401,106.67092457,10.51,"10°46'32.39""N, 106°40'15.33""E",FIX,
11:27:49.173,1786163269.174,TRACKING,10.112,-1.507,-2.248,0.36,0.450,-0.071,0.000,0.000,0.000,1.000,1.12,10.77566396,106.67092416,10.51,"10°46'32.39""N, 106°40'15.33""E",FIX,
11:27:49.288,1786163269.288,TRACKING,10.095,-1.528,-2.252,0.35,0.450,-0.071,0.000,0.000,0.000,1.000,1.14,10.77566396,106.67092416,10.51,"10°46'32.39""N, 106°40'15.33""E",FIX,
11:27:49.365,1786163269.365,TRACKING,10.072,-1.556,-2.258,0.34,0.450,-0.078,0.000,0.000,0.000,1.000,1.18,10.77566396,106.67092416,10.51,"10°46'32.39""N, 106°40'15.33""E",FIX,
11:27:49.452,1786163269.453,TRACKING,10.055,-1.576,-2.263,0.33,0.450,-0.073,0.000,0.000,0.000,1.000,1.21,10.77566391,106.67092375,10.51,"10°46'32.39""N, 106°40'15.33""E",FIX,
11:27:49.539,1786163269.539,TRACKING,10.037,-1.597,-2.267,0.33,0.450,-0.071,0.000,0.000,0.000,1.000,1.23,10.77566391,106.67092375,10.51,"10°46'32.39""N, 106°40'15.33""E",FIX,
11:27:49.644,1786163269.645,TRACKING,10.014,-1.625,-2.273,0.32,0.450,-0.068,0.000,0.000,0.000,1.000,1.27,10.77566391,106.67092375,10.51,"10°46'32.39""N, 106°40'15.33""E",FIX,
11:27:49.740,1786163269.740,TRACKING,10.003,-1.639,-2.276,0.31,0.450,-0.060,0.000,0.000,0.000,1.000,1.29,10.77566387,106.67092334,10.51,"10°46'32.39""N, 106°40'15.32""E",FIX,
11:27:49.860,1786163269.861,TRACKING,9.979,-1.666,-2.281,0.30,0.450,-0.071,0.000,0.000,0.000,1.000,1.32,10.77566387,106.67092334,10.51,"10°46'32.39""N, 106°40'15.32""E",FIX,
11:27:49.955,1786163269.955,TRACKING,9.962,-1.686,-2.284,0.30,0.450,-0.060,0.000,0.000,0.000,1.000,1.35,10.77566387,106.67092334,10.51,"10°46'32.39""N, 106°40'15.32""E",FIX,
11:27:50.052,1786163270.053,TRACKING,9.944,-1.707,-2.288,0.29,0.450,-0.068,0.000,0.000,0.000,1.000,1.38,10.77566383,106.67092293,10.51,"10°46'32.39""N, 106°40'15.32""E",FIX,
11:27:50.150,1786163270.151,TRACKING,9.920,-1.734,-2.293,0.30,0.450,-0.105,0.000,0.000,0.000,0.958,1.41,10.77566383,106.67092293,10.51,"10°46'32.39""N, 106°40'15.32""E",FIX,
11:27:50.253,1786163270.253,TRACKING,9.902,-1.754,-2.299,0.31,0.450,-0.092,0.000,0.000,0.000,0.521,1.44,10.77566383,106.67092293,10.51,"10°46'32.39""N, 106°40'15.32""E",FIX,
11:27:50.356,1786163270.356,TRACKING,9.884,-1.774,-2.305,0.31,0.450,-0.075,0.000,0.000,0.000,0.583,1.47,10.77566379,106.67092252,10.51,"10°46'32.39""N, 106°40'15.32""E",FIX,
11:27:50.460,1786163270.461,TRACKING,9.860,-1.801,-2.312,0.30,0.450,-0.071,0.000,0.000,0.000,0.646,1.50,10.77566379,106.67092252,10.51,"10°46'32.39""N, 106°40'15.32""E",FIX,
11:27:50.590,1786163270.590,TRACKING,9.842,-1.821,-2.316,0.29,0.450,-0.054,0.000,0.000,0.000,0.708,1.53,10.77566379,106.67092252,10.51,"10°46'32.39""N, 106°40'15.32""E",FIX,
11:27:50.635,1786163270.636,TRACKING,9.823,-1.840,-2.320,0.29,0.450,-0.061,0.000,0.000,0.000,0.562,1.56,10.77566375,106.67092211,10.51,"10°46'32.39""N, 106°40'15.32""E",FIX,
11:27:50.745,1786163270.745,TRACKING,9.793,-1.873,-2.326,0.28,0.450,-0.064,0.000,0.000,0.000,0.625,1.60,10.77566375,106.67092211,10.51,"10°46'32.39""N, 106°40'15.32""E",FIX,
11:27:50.826,1786163270.826,TRACKING,9.780,-1.886,-2.329,0.27,0.450,-0.049,0.000,0.000,0.000,0.687,1.62,10.77566375,106.67092211,10.51,"10°46'32.39""N, 106°40'15.32""E",FIX,
11:27:50.933,1786163270.933,TRACKING,9.762,-1.906,-2.332,0.26,0.450,-0.049,0.000,0.000,0.000,0.771,1.65,10.77566372,106.67092170,10.51,"10°46'32.39""N, 106°40'15.32""E",FIX,
11:27:51.061,1786163271.061,TRACKING,9.737,-1.932,-2.336,0.25,0.450,-0.053,0.000,0.000,0.000,0.833,1.68,10.77566372,106.67092170,10.51,"10°46'32.39""N, 106°40'15.32""E",FIX,
11:27:51.155,1786163271.156,TRACKING,9.718,-1.951,-2.339,0.25,0.450,-0.053,0.000,0.000,0.000,0.917,1.71,10.77566372,106.67092170,10.51,"10°46'32.39""N, 106°40'15.32""E",FIX,
11:27:51.256,1786163271.257,TRACKING,9.699,-1.971,-2.342,0.24,0.450,-0.051,0.000,0.000,0.000,1.000,1.74,10.77566369,106.67092129,10.51,"10°46'32.39""N, 106°40'15.32""E",FIX,
11:27:51.353,1786163271.353,TRACKING,9.680,-1.990,-2.345,0.23,0.450,-0.044,0.000,0.000,0.000,1.000,1.76,10.77566369,106.67092129,10.51,"10°46'32.39""N, 106°40'15.32""E",FIX,
11:27:51.427,1786163271.428,TRACKING,9.661,-2.009,-2.348,0.23,0.450,-0.051,0.000,0.000,0.000,1.000,1.79,10.77566369,106.67092129,10.51,"10°46'32.39""N, 106°40'15.32""E",FIX,
11:27:51.531,1786163271.531,TRACKING,9.636,-2.035,-2.352,0.22,0.450,-0.048,0.000,0.000,0.000,1.000,1.83,10.77566366,106.67092088,10.51,"10°46'32.39""N, 106°40'15.32""E",FIX,
11:27:51.631,1786163271.632,TRACKING,9.617,-2.054,-2.355,0.21,0.450,-0.042,0.000,0.000,0.000,1.000,1.85,10.77566366,106.67092088,10.51,"10°46'32.39""N, 106°40'15.32""E",FIX,
11:27:51.722,1786163271.722,TRACKING,9.592,-2.080,-2.359,0.21,0.450,-0.046,0.000,0.000,0.000,1.000,1.89,10.77566366,106.67092088,10.51,"10°46'32.39""N, 106°40'15.32""E",FIX,
11:27:51.813,1786163271.813,TRACKING,9.573,-2.099,-2.361,0.20,0.450,-0.040,0.000,0.000,0.000,1.000,1.92,10.77566363,106.67092047,10.51,"10°46'32.39""N, 106°40'15.31""E",FIX,
11:27:51.900,1786163271.900,TRACKING,9.553,-2.118,-2.364,0.20,0.450,-0.045,0.000,0.000,0.000,1.000,1.94,10.77566363,106.67092047,10.51,"10°46'32.39""N, 106°40'15.31""E",FIX,
11:27:52.002,1786163272.003,TRACKING,9.528,-2.143,-2.367,0.19,0.450,-0.041,0.000,0.000,0.000,1.000,1.98,10.77566363,106.67092047,10.51,"10°46'32.39""N, 106°40'15.31""E",FIX,
11:27:52.067,1786163272.068,TRACKING,9.508,-2.162,-2.370,0.19,0.450,-0.036,0.000,0.000,0.000,1.000,2.01,10.77566361,106.67092006,10.51,"10°46'32.39""N, 106°40'15.31""E",FIX,
11:27:52.188,1786163272.188,TRACKING,9.489,-2.180,-2.372,0.18,0.450,-0.040,0.000,0.000,0.000,1.000,2.03,10.77566361,106.67092006,10.51,"10°46'32.39""N, 106°40'15.31""E",FIX,
11:27:52.270,1786163272.270,TRACKING,9.469,-2.199,-2.374,0.18,0.450,-0.040,0.000,0.000,0.000,1.000,2.06,10.77566361,106.67092006,10.51,"10°46'32.39""N, 106°40'15.31""E",FIX,
11:27:52.391,1786163272.392,TRACKING,9.444,-2.224,-2.378,0.17,0.450,-0.035,0.000,0.000,0.000,1.000,2.10,10.77566359,106.67091965,10.51,"10°46'32.39""N, 106°40'15.31""E",FIX,
11:27:52.474,1786163272.475,TRACKING,9.424,-2.243,-2.380,0.17,0.450,-0.039,0.000,0.000,0.000,1.000,2.12,10.77566359,106.67091965,10.51,"10°46'32.39""N, 106°40'15.31""E",FIX,
11:27:52.578,1786163272.579,TRACKING,9.398,-2.268,-2.383,0.17,0.450,-0.033,0.000,0.000,0.000,1.000,2.16,10.77566359,106.67091965,10.51,"10°46'32.39""N, 106°40'15.31""E",FIX,
11:27:52.662,1786163272.662,TRACKING,9.378,-2.286,-2.385,0.16,0.450,-0.026,0.000,0.000,0.000,1.000,2.19,10.77566357,106.67091924,10.51,"10°46'32.39""N, 106°40'15.31""E",FIX,
11:27:52.758,1786163272.758,TRACKING,9.352,-2.311,-2.387,0.15,0.450,-0.029,0.000,0.000,0.000,1.000,2.22,10.77566357,106.67091924,10.51,"10°46'32.39""N, 106°40'15.31""E",FIX,
11:27:52.807,1786163272.807,TRACKING,9.339,-2.323,-2.388,0.14,0.450,-0.009,0.000,0.000,0.000,1.000,2.24,10.77566357,106.67091924,10.51,"10°46'32.39""N, 106°40'15.31""E",FIX,
11:27:52.925,1786163272.926,TRACKING,9.313,-2.348,-2.390,0.13,0.450,-0.021,0.000,0.000,0.000,0.500,2.28,10.77566355,106.67091883,10.51,"10°46'32.39""N, 106°40'15.31""E",FIX,
11:27:53.057,1786163273.057,TRACKING,9.280,-2.378,-2.391,0.13,0.450,-0.027,0.000,0.000,0.000,0.562,2.32,10.77566355,106.67091883,10.51,"10°46'32.39""N, 106°40'15.31""E",FIX,
11:27:53.106,1786163273.106,TRACKING,9.273,-2.385,-2.392,0.13,0.450,-0.016,0.000,0.000,0.000,0.542,2.33,10.77566355,106.67091883,10.51,"10°46'32.39""N, 106°40'15.31""E",FIX,
11:27:53.202,1786163273.203,TRACKING,9.247,-2.409,-2.393,0.12,0.450,-0.029,0.000,0.000,0.000,0.604,2.37,10.77566354,106.67091841,10.51,"10°46'32.39""N, 106°40'15.31""E",FIX,
11:27:53.287,1786163273.288,TRACKING,9.227,-2.427,-2.395,0.12,0.450,-0.029,0.000,0.000,0.000,0.667,2.39,10.77566354,106.67091841,10.51,"10°46'32.39""N, 106°40'15.31""E",FIX,
11:27:53.375,1786163273.376,TRACKING,9.207,-2.446,-2.396,0.12,0.450,-0.023,0.000,0.000,0.000,0.750,2.42,10.77566354,106.67091841,10.51,"10°46'32.39""N, 106°40'15.31""E",FIX,
11:27:53.468,1786163273.469,TRACKING,9.187,-2.464,-2.398,0.11,0.450,-0.025,0.000,0.000,0.000,0.833,2.45,10.77566354,106.67091841,10.51,"10°46'32.39""N, 106°40'15.31""E",FIX,
11:27:53.553,1786163273.554,TRACKING,9.161,-2.488,-2.400,0.11,0.450,-0.026,0.000,0.000,0.000,0.917,2.48,10.77566352,106.67091800,10.51,"10°46'32.39""N, 106°40'15.30""E",FIX,
11:27:53.702,1786163273.703,TRACKING,9.148,-2.501,-2.401,0.11,0.450,-0.019,0.000,0.000,0.000,0.979,2.50,10.77566352,106.67091800,10.51,"10°46'32.39""N, 106°40'15.30""E",FIX,
11:27:53.792,1786163273.792,TRACKING,9.114,-2.531,-2.403,0.11,0.450,-0.024,0.000,0.000,0.000,1.000,2.55,10.77566351,106.67091759,10.51,"10°46'32.39""N, 106°40'15.30""E",FIX,
11:27:53.895,1786163273.895,TRACKING,9.094,-2.549,-2.405,0.10,0.450,-0.024,0.000,0.000,0.000,1.000,2.57,10.77566351,106.67091759,10.51,"10°46'32.39""N, 106°40'15.30""E",FIX,
11:27:53.965,1786163273.965,TRACKING,9.074,-2.567,-2.406,0.10,0.450,-0.014,0.000,0.000,0.000,1.000,2.60,10.77566351,106.67091759,10.51,"10°46'32.39""N, 106°40'15.30""E",FIX,
11:27:54.057,1786163274.058,TRACKING,9.054,-2.585,-2.407,0.10,0.450,-0.020,0.000,0.000,0.000,1.000,2.63,10.77566351,106.67091759,10.51,"10°46'32.39""N, 106°40'15.30""E",FIX,
11:27:54.189,1786163274.189,TRACKING,9.028,-2.609,-2.408,0.09,0.450,-0.022,0.000,0.000,0.000,1.000,2.66,10.77566350,106.67091718,10.51,"10°46'32.39""N, 106°40'15.30""E",FIX,
11:27:54.316,1786163274.316,TRACKING,9.001,-2.633,-2.410,0.09,0.450,-0.016,0.000,0.000,0.000,1.000,2.70,10.77566350,106.67091718,10.51,"10°46'32.39""N, 106°40'15.30""E",FIX,
11:27:54.386,1786163274.387,TRACKING,8.981,-2.651,-2.411,0.09,0.450,-0.015,0.000,0.000,0.000,1.000,2.73,10.77566349,106.67091677,10.51,"10°46'32.39""N, 106°40'15.30""E",FIX,
11:27:54.455,1786163274.455,TRACKING,8.967,-2.663,-2.412,0.09,0.450,-0.018,0.000,0.000,0.000,1.000,2.75,10.77566349,106.67091677,10.51,"10°46'32.39""N, 106°40'15.30""E",FIX,
11:27:54.554,1786163274.555,TRACKING,8.940,-2.687,-2.413,0.08,0.450,-0.020,0.000,0.000,0.000,1.000,2.78,10.77566349,106.67091677,10.51,"10°46'32.39""N, 106°40'15.30""E",FIX,
11:27:54.657,1786163274.658,TRACKING,8.920,-2.705,-2.414,0.08,0.450,-0.014,0.000,0.000,0.000,1.000,2.81,10.77566349,106.67091677,10.51,"10°46'32.39""N, 106°40'15.30""E",FIX,
11:27:54.729,1786163274.729,TRACKING,8.893,-2.729,-2.416,0.08,0.450,-0.016,0.000,0.000,0.000,1.000,2.84,10.77566347,106.67091636,10.51,"10°46'32.39""N, 106°40'15.30""E",FIX,
11:27:54.821,1786163274.821,TRACKING,8.873,-2.747,-2.417,0.08,0.450,-0.016,0.000,0.000,0.000,1.000,2.87,10.77566347,106.67091636,10.51,"10°46'32.39""N, 106°40'15.30""E",FIX,
11:27:54.955,1786163274.956,TRACKING,8.853,-2.765,-2.418,0.08,0.450,-0.018,0.000,0.000,0.000,1.000,2.90,10.77566347,106.67091636,10.51,"10°46'32.39""N, 106°40'15.30""E",FIX,
11:27:54.995,1786163274.996,TRACKING,8.833,-2.783,-2.419,0.07,0.450,-0.018,0.000,0.000,0.000,1.000,2.93,10.77566347,106.67091595,10.51,"10°46'32.39""N, 106°40'15.30""E",FIX,
11:27:55.071,1786163275.071,TRACKING,8.812,-2.801,-2.420,0.07,0.450,-0.010,0.000,0.000,0.000,1.000,2.95,10.77566347,106.67091595,10.51,"10°46'32.39""N, 106°40'15.30""E",FIX,
11:27:55.176,1786163275.177,TRACKING,8.785,-2.825,-2.421,0.07,0.450,-0.014,0.000,0.000,0.000,1.000,2.99,10.77566347,106.67091595,10.51,"10°46'32.39""N, 106°40'15.30""E",FIX,
11:27:55.260,1786163275.260,TRACKING,8.765,-2.842,-2.421,0.07,0.450,-0.015,0.000,0.000,0.000,1.000,3.02,10.77566346,106.67091553,10.51,"10°46'32.39""N, 106°40'15.30""E",FIX,
11:27:55.354,1786163275.355,TRACKING,8.745,-2.860,-2.422,0.07,0.450,-0.015,0.000,0.000,0.000,1.000,3.04,10.77566346,106.67091553,10.51,"10°46'32.39""N, 106°40'15.30""E",FIX,
11:27:55.447,1786163275.447,TRACKING,8.718,-2.884,-2.423,0.07,0.450,-0.016,0.000,0.000,0.000,1.000,3.08,10.77566346,106.67091553,10.51,"10°46'32.39""N, 106°40'15.30""E",FIX,
11:27:55.534,1786163275.535,TRACKING,8.697,-2.902,-2.424,0.06,0.450,-0.009,0.000,0.000,0.000,0.812,3.11,10.77566345,106.67091512,10.51,"10°46'32.39""N, 106°40'15.29""E",FIX,
11:27:55.648,1786163275.648,TRACKING,8.677,-2.919,-2.425,0.06,0.450,-0.003,0.000,0.000,0.000,0.583,3.13,10.77566345,106.67091512,10.51,"10°46'32.39""N, 106°40'15.29""E",FIX,
11:27:55.732,1786163275.733,TRACKING,8.657,-2.937,-2.426,0.05,0.450,-0.006,0.000,0.000,0.000,0.646,3.16,10.77566345,106.67091512,10.51,"10°46'32.39""N, 106°40'15.29""E",FIX,
11:27:55.879,1786163275.879,TRACKING,8.629,-2.961,-2.426,0.05,0.450,-0.016,0.000,0.000,0.000,0.708,3.20,10.77566344,106.67091471,10.51,"10°46'32.39""N, 106°40'15.29""E",FIX,
11:27:55.974,1786163275.975,TRACKING,8.609,-2.979,-2.427,0.05,0.450,-0.009,0.000,0.000,0.000,0.792,3.22,10.77566344,106.67091471,10.51,"10°46'32.39""N, 106°40'15.29""E",FIX,
11:27:56.067,1786163276.067,TRACKING,8.589,-2.996,-2.427,0.05,0.450,-0.009,0.000,0.000,0.000,0.854,3.25,10.77566344,106.67091471,10.51,"10°46'32.39""N, 106°40'15.29""E",FIX,
11:27:56.161,1786163276.162,TRACKING,8.561,-3.020,-2.428,0.05,0.450,-0.010,0.000,0.000,0.000,0.937,3.29,10.77566343,106.67091430,10.51,"10°46'32.39""N, 106°40'15.29""E",FIX,
11:27:56.255,1786163276.255,TRACKING,8.541,-3.037,-2.429,0.05,0.450,-0.011,0.000,0.000,0.000,1.000,3.31,10.77566343,106.67091430,10.51,"10°46'32.39""N, 106°40'15.29""E",FIX,
11:27:56.392,1786163276.393,TRACKING,8.521,-3.055,-2.429,0.05,0.450,-0.011,0.000,0.000,0.000,1.000,3.34,10.77566343,106.67091430,10.51,"10°46'32.39""N, 106°40'15.29""E",FIX,
11:27:56.477,1786163276.478,TRACKING,8.493,-3.079,-2.430,0.05,0.450,-0.012,0.000,0.000,0.000,1.000,3.38,10.77566343,106.67091389,10.51,"10°46'32.39""N, 106°40'15.29""E",FIX,
11:27:56.587,1786163276.588,TRACKING,8.473,-3.096,-2.431,0.04,0.450,-0.005,0.000,0.000,0.000,1.000,3.40,10.77566343,106.67091389,10.51,"10°46'32.39""N, 106°40'15.29""E",FIX,
11:27:56.682,1786163276.682,TRACKING,8.452,-3.114,-2.432,0.04,0.450,-0.006,0.000,0.000,0.000,1.000,3.43,10.77566343,106.67091389,10.51,"10°46'32.39""N, 106°40'15.29""E",FIX,
11:27:56.796,1786163276.797,TRACKING,8.432,-3.131,-2.432,0.04,0.450,-0.008,0.000,0.000,0.000,1.000,3.46,10.77566342,106.67091348,10.51,"10°46'32.39""N, 106°40'15.29""E",FIX,
11:27:56.899,1786163276.900,TRACKING,8.405,-3.155,-2.432,0.04,0.450,-0.009,0.000,0.000,0.000,1.000,3.49,10.77566342,106.67091348,10.51,"10°46'32.39""N, 106°40'15.29""E",FIX,
11:27:56.967,1786163276.967,TRACKING,8.384,-3.172,-2.433,0.04,0.450,-0.008,0.000,0.000,0.000,1.000,3.52,10.77566342,106.67091348,10.51,"10°46'32.39""N, 106°40'15.29""E",FIX,
11:27:57.063,1786163277.064,TRACKING,8.364,-3.190,-2.433,0.04,0.450,-0.009,0.000,0.000,0.000,1.000,3.55,10.77566342,106.67091307,10.51,"10°46'32.39""N, 106°40'15.29""E",FIX,
11:27:57.168,1786163277.168,TRACKING,8.336,-3.213,-2.434,0.04,0.450,-0.009,0.000,0.000,0.000,1.000,3.58,10.77566342,106.67091307,10.51,"10°46'32.39""N, 106°40'15.29""E",FIX,
11:27:57.250,1786163277.250,TRACKING,8.316,-3.231,-2.435,0.04,0.450,-0.009,0.000,0.000,0.000,1.000,3.61,10.77566342,106.67091307,10.51,"10°46'32.39""N, 106°40'15.29""E",FIX,
11:27:57.318,1786163277.319,TRACKING,8.295,-3.249,-2.435,0.04,0.450,-0.010,0.000,0.000,0.000,1.000,3.64,10.77566341,106.67091265,10.51,"10°46'32.39""N, 106°40'15.29""E",FIX,
11:27:57.406,1786163277.407,TRACKING,8.268,-3.272,-2.436,0.04,0.450,-0.010,0.000,0.000,0.000,1.000,3.67,10.77566341,106.67091265,10.51,"10°46'32.39""N, 106°40'15.29""E",FIX,
11:27:57.501,1786163277.502,TRACKING,8.247,-3.289,-2.437,0.04,0.450,-0.010,0.000,0.000,0.000,1.000,3.70,10.77566341,106.67091265,10.51,"10°46'32.39""N, 106°40'15.29""E",FIX,
11:27:57.571,1786163277.572,TRACKING,8.227,-3.307,-2.437,0.04,0.450,-0.010,0.000,0.000,0.000,1.000,3.73,10.77566341,106.67091224,10.51,"10°46'32.39""N, 106°40'15.28""E",FIX,
11:27:57.669,1786163277.670,TRACKING,8.199,-3.330,-2.438,0.03,0.450,-0.004,0.000,0.000,0.000,1.000,3.76,10.77566341,106.67091224,10.51,"10°46'32.39""N, 106°40'15.28""E",FIX,
11:27:57.772,1786163277.773,TRACKING,8.179,-3.348,-2.438,0.03,0.450,-0.004,0.000,0.000,0.000,1.000,3.79,10.77566341,106.67091224,10.51,"10°46'32.39""N, 106°40'15.28""E",FIX,
11:27:57.849,1786163277.849,TRACKING,8.158,-3.365,-2.438,0.03,0.450,-0.005,0.000,0.000,0.000,1.000,3.82,10.77566340,106.67091183,10.51,"10°46'32.39""N, 106°40'15.28""E",FIX,
11:27:57.938,1786163277.938,TRACKING,8.137,-3.383,-2.439,0.03,0.450,-0.006,0.000,0.000,0.000,1.000,3.84,10.77566340,106.67091183,10.51,"10°46'32.39""N, 106°40'15.28""E",FIX,
11:27:58.045,1786163278.045,TRACKING,8.110,-3.406,-2.439,0.03,0.450,-0.006,0.000,0.000,0.000,1.000,3.88,10.77566340,106.67091183,10.51,"10°46'32.39""N, 106°40'15.28""E",FIX,
11:27:58.102,1786163278.102,TRACKING,8.089,-3.423,-2.440,0.03,0.450,-0.014,0.000,0.000,0.000,0.667,3.91,10.77566340,106.67091142,10.51,"10°46'32.39""N, 106°40'15.28""E",FIX,
11:27:58.183,1786163278.184,TRACKING,8.062,-3.446,-2.440,0.03,0.450,-0.012,0.000,0.000,0.000,0.521,3.94,10.77566340,106.67091142,10.51,"10°46'32.39""N, 106°40'15.28""E",FIX,
11:27:58.273,1786163278.274,TRACKING,8.041,-3.464,-2.441,0.03,0.450,-0.012,0.000,0.000,0.000,0.583,3.97,10.77566340,106.67091142,10.51,"10°46'32.39""N, 106°40'15.28""E",FIX,
11:27:58.353,1786163278.354,TRACKING,8.021,-3.481,-2.442,0.04,0.450,-0.011,0.000,0.000,0.000,0.667,4.00,10.77566339,106.67091101,10.51,"10°46'32.39""N, 106°40'15.28""E",FIX,
11:27:58.423,1786163278.424,TRACKING,8.000,-3.499,-2.443,0.03,0.450,-0.003,0.000,0.000,0.000,0.729,4.02,10.77566339,106.67091101,10.51,"10°46'32.39""N, 106°40'15.28""E",FIX,
11:27:58.516,1786163278.517,TRACKING,7.972,-3.522,-2.443,0.03,0.450,-0.005,0.000,0.000,0.000,0.812,4.06,10.77566339,106.67091101,10.51,"10°46'32.39""N, 106°40'15.28""E",FIX,
11:27:58.639,1786163278.639,TRACKING,7.952,-3.539,-2.443,0.03,0.450,-0.006,0.000,0.000,0.000,0.875,4.09,10.77566339,106.67091060,10.51,"10°46'32.39""N, 106°40'15.28""E",FIX,
11:27:58.690,1786163278.691,TRACKING,7.931,-3.557,-2.444,0.03,0.450,-0.006,0.000,0.000,0.000,0.958,4.11,10.77566339,106.67091060,10.51,"10°46'32.39""N, 106°40'15.28""E",FIX,
11:27:58.804,1786163278.804,TRACKING,7.903,-3.580,-2.444,0.03,0.450,-0.007,0.000,0.000,0.000,1.000,4.15,10.77566339,106.67091060,10.51,"10°46'32.39""N, 106°40'15.28""E",FIX,
11:27:58.905,1786163278.905,TRACKING,7.890,-3.591,-2.444,0.03,0.450,-0.007,0.000,0.000,0.000,1.000,4.17,10.77566339,106.67091019,10.51,"10°46'32.39""N, 106°40'15.28""E",FIX,
11:27:59.029,1786163279.029,TRACKING,7.855,-3.620,-2.445,0.03,0.450,-0.007,0.000,0.000,0.000,1.000,4.21,10.77566339,106.67091019,10.51,"10°46'32.39""N, 106°40'15.28""E",FIX,
11:27:59.077,1786163279.077,TRACKING,7.848,-3.626,-2.445,0.03,0.450,-0.007,0.000,0.000,0.000,1.000,4.22,10.77566339,106.67091019,10.51,"10°46'32.39""N, 106°40'15.28""E",FIX,
11:27:59.241,1786163279.242,TRACKING,7.814,-3.655,-2.446,0.03,0.450,-0.007,0.000,0.000,0.000,1.000,4.27,10.77566338,106.67090977,10.51,"10°46'32.39""N, 106°40'15.28""E",FIX,
11:27:59.263,1786163279.264,TRACKING,7.793,-3.672,-2.446,0.03,0.450,-0.007,0.000,0.000,0.000,1.000,4.29,10.77566338,106.67090977,10.51,"10°46'32.39""N, 106°40'15.28""E",FIX,
11:27:59.365,1786163279.365,TRACKING,7.772,-3.689,-2.447,0.03,0.450,-0.007,0.000,0.000,0.000,1.000,4.32,10.77566338,106.67090977,10.51,"10°46'32.39""N, 106°40'15.28""E",FIX,
11:27:59.463,1786163279.463,TRACKING,7.752,-3.707,-2.447,0.03,0.450,-0.007,0.000,0.000,0.000,1.000,4.35,10.77566338,106.67090936,10.51,"10°46'32.39""N, 106°40'15.27""E",FIX,
11:27:59.555,1786163279.556,TRACKING,7.724,-3.730,-2.448,0.03,0.450,-0.007,0.000,0.000,0.000,1.000,4.38,10.77566338,106.67090936,10.51,"10°46'32.39""N, 106°40'15.27""E",FIX,
11:27:59.636,1786163279.636,TRACKING,7.703,-3.747,-2.448,0.03,0.450,-0.007,0.000,0.000,0.000,1.000,4.41,10.77566338,106.67090936,10.51,"10°46'32.39""N, 106°40'15.27""E",FIX,
11:27:59.739,1786163279.740,TRACKING,7.682,-3.764,-2.449,0.03,0.450,-0.007,0.000,0.000,0.000,1.000,4.44,10.77566338,106.67090895,10.51,"10°46'32.39""N, 106°40'15.27""E",FIX,
11:27:59.884,1786163279.884,TRACKING,7.655,-3.787,-2.449,0.03,0.450,-0.007,0.000,0.000,0.000,1.000,4.47,10.77566338,106.67090895,10.51,"10°46'32.39""N, 106°40'15.27""E",FIX,
11:27:59.965,1786163279.966,TRACKING,7.634,-3.804,-2.450,0.03,0.450,-0.007,0.000,0.000,0.000,1.000,4.50,10.77566338,106.67090895,10.51,"10°46'32.39""N, 106°40'15.27""E",FIX,
11:28:00.048,1786163280.049,TRACKING,7.613,-3.822,-2.450,0.03,0.450,-0.007,0.000,0.000,0.000,1.000,4.53,10.77566338,106.67090854,10.51,"10°46'32.39""N, 106°40'15.27""E",FIX,
11:28:00.152,1786163280.153,TRACKING,7.592,-3.839,-2.450,0.03,0.450,-0.007,0.000,0.000,0.000,1.000,4.55,10.77566338,106.67090854,10.51,"10°46'32.39""N, 106°40'15.27""E",FIX,
11:28:00.260,1786163280.260,TRACKING,7.564,-3.862,-2.451,0.03,0.450,-0.007,0.000,0.000,0.000,1.000,4.59,10.77566338,106.67090854,10.51,"10°46'32.39""N, 106°40'15.27""E",FIX,
11:28:00.347,1786163280.347,TRACKING,7.544,-3.879,-2.451,0.03,0.450,-0.007,0.000,0.000,0.000,1.000,4.62,10.77566338,106.67090813,10.51,"10°46'32.39""N, 106°40'15.27""E",FIX,
11:28:00.455,1786163280.456,TRACKING,7.516,-3.902,-2.452,0.03,0.450,-0.007,0.000,0.000,0.000,1.000,4.65,10.77566338,106.67090813,10.51,"10°46'32.39""N, 106°40'15.27""E",FIX,
11:28:00.541,1786163280.542,TRACKING,7.495,-3.919,-2.452,0.03,0.450,-0.007,0.000,0.000,0.000,1.000,4.68,10.77566338,106.67090813,10.51,"10°46'32.39""N, 106°40'15.27""E",FIX,
11:28:00.643,1786163280.644,TRACKING,7.474,-3.936,-2.453,0.01,0.450,0.023,0.000,0.000,0.000,0.812,4.71,10.77566337,106.67090772,10.51,"10°46'32.39""N, 106°40'15.27""E",FIX,
11:28:00.734,1786163280.735,TRACKING,7.453,-3.953,-2.452,0.01,0.450,0.016,0.000,0.000,0.000,0.562,4.73,10.77566337,106.67090772,10.51,"10°46'32.39""N, 106°40'15.27""E",FIX,
11:28:00.880,1786163280.880,TRACKING,7.426,-3.976,-2.451,0.00,0.450,0.003,0.000,0.000,0.000,0.625,4.77,10.77566337,106.67090772,10.51,"10°46'32.39""N, 106°40'15.27""E",FIX,
11:28:00.979,1786163280.980,TRACKING,7.405,-3.993,-2.451,0.00,0.450,0.002,0.000,0.000,0.000,0.708,4.80,10.77566338,106.67090731,10.51,"10°46'32.39""N, 106°40'15.27""E",FIX,
11:28:01.101,1786163281.101,TRACKING,7.384,-4.011,-2.450,0.00,0.450,0.002,0.000,0.000,0.000,0.771,4.82,10.77566338,106.67090731,10.51,"10°46'32.39""N, 106°40'15.27""E",FIX,
11:28:01.220,1786163281.220,TRACKING,7.356,-4.034,-2.450,0.00,0.450,0.001,0.000,0.000,0.000,0.833,4.86,10.77566338,106.67090731,10.51,"10°46'32.39""N, 106°40'15.27""E",FIX,
11:28:01.326,1786163281.326,TRACKING,7.335,-4.051,-2.450,0.00,0.450,0.001,0.000,0.000,0.000,0.917,4.89,10.77566338,106.67090689,10.51,"10°46'32.39""N, 106°40'15.26""E",FIX,
11:28:01.419,1786163281.419,TRACKING,7.315,-4.068,-2.450,0.00,0.450,0.000,0.000,0.000,0.000,1.000,4.91,10.77566338,106.67090689,10.51,"10°46'32.39""N, 106°40'15.26""E",FIX,
11:28:01.516,1786163281.517,TRACKING,7.294,-4.085,-2.450,0.00,0.450,0.000,0.000,0.000,0.000,1.000,4.94,10.77566338,106.67090689,10.51,"10°46'32.39""N, 106°40'15.26""E",FIX,
11:28:01.621,1786163281.621,TRACKING,7.266,-4.108,-2.450,0.00,0.450,0.000,0.000,0.000,0.000,1.000,4.98,10.77566337,106.67090648,10.51,"10°46'32.39""N, 106°40'15.26""E",FIX,
11:28:01.729,1786163281.730,TRACKING,7.245,-4.125,-2.450,0.00,0.450,0.000,0.000,0.000,0.000,1.000,5.00,10.77566337,106.67090648,10.51,"10°46'32.39""N, 106°40'15.26""E",FIX,
11:28:01.834,1786163281.835,TRACKING,7.218,-4.148,-2.450,0.00,0.450,0.000,0.000,0.000,0.000,1.000,5.04,10.77566337,106.67090648,10.51,"10°46'32.39""N, 106°40'15.26""E",FIX,
11:28:01.919,1786163281.919,TRACKING,7.197,-4.166,-2.450,0.00,0.450,0.000,0.000,0.000,0.000,1.000,5.07,10.77566337,106.67090607,10.51,"10°46'32.39""N, 106°40'15.26""E",FIX,
11:28:02.010,1786163282.010,TRACKING,7.176,-4.183,-2.450,0.00,0.450,0.000,0.000,0.000,0.000,1.000,5.09,10.77566337,106.67090607,10.51,"10°46'32.39""N, 106°40'15.26""E",FIX,
11:28:02.090,1786163282.091,TRACKING,7.155,-4.200,-2.450,0.00,0.450,0.000,0.000,0.000,0.000,1.000,5.12,10.77566337,106.67090607,10.51,"10°46'32.39""N, 106°40'15.26""E",FIX,
11:28:02.174,1786163282.174,TRACKING,7.127,-4.223,-2.450,0.00,0.450,0.000,0.000,0.000,0.000,1.000,5.16,10.77566337,106.67090566,10.51,"10°46'32.39""N, 106°40'15.26""E",FIX,
11:28:02.255,1786163282.256,TRACKING,7.107,-4.240,-2.450,0.00,0.450,0.000,0.000,0.000,0.000,1.000,5.18,10.77566337,106.67090566,10.51,"10°46'32.39""N, 106°40'15.26""E",FIX,
11:28:02.343,1786163282.343,TRACKING,7.079,-4.263,-2.450,0.00,0.450,0.000,0.000,0.000,0.000,1.000,5.22,10.77566337,106.67090566,10.51,"10°46'32.39""N, 106°40'15.26""E",FIX,
11:28:02.430,1786163282.431,TRACKING,7.058,-4.280,-2.450,0.00,0.450,0.000,0.000,0.000,0.000,1.000,5.25,10.77566337,106.67090525,10.51,"10°46'32.39""N, 106°40'15.26""E",FIX,
11:28:02.516,1786163282.517,TRACKING,7.037,-4.298,-2.450,0.00,0.450,0.000,0.000,0.000,0.000,1.000,5.27,10.77566337,106.67090525,10.51,"10°46'32.39""N, 106°40'15.26""E",FIX,
11:28:02.591,1786163282.592,TRACKING,7.017,-4.315,-2.450,0.00,0.450,0.000,0.000,0.000,0.000,1.000,5.30,10.77566337,106.67090525,10.51,"10°46'32.39""N, 106°40'15.26""E",FIX,
11:28:02.685,1786163282.686,TRACKING,6.989,-4.338,-2.450,0.00,0.450,0.000,0.000,0.000,0.000,1.000,5.34,10.77566337,106.67090484,10.51,"10°46'32.39""N, 106°40'15.26""E",FIX,
11:28:02.773,1786163282.773,TRACKING,6.968,-4.355,-2.450,0.00,0.450,0.000,0.000,0.000,0.000,1.000,5.36,10.77566337,106.67090484,10.51,"10°46'32.39""N, 106°40'15.26""E",FIX,
11:28:02.848,1786163282.848,TRACKING,6.947,-4.372,-2.450,0.00,0.450,0.000,0.000,0.000,0.000,1.000,5.39,10.77566337,106.67090484,10.51,"10°46'32.39""N, 106°40'15.26""E",FIX,
11:28:02.936,1786163282.937,TRACKING,6.920,-4.395,-2.450,0.00,0.450,0.000,0.000,0.000,0.000,1.000,5.43,10.77566337,106.67090443,10.51,"10°46'32.39""N, 106°40'15.26""E",FIX,
11:28:03.005,1786163283.006,TRACKING,6.899,-4.412,-2.450,0.00,0.450,0.000,0.000,0.000,0.000,1.000,5.45,10.77566337,106.67090443,10.51,"10°46'32.39""N, 106°40'15.26""E",FIX,
11:28:03.127,1786163283.128,TRACKING,6.878,-4.430,-2.450,0.01,0.450,-0.018,0.000,0.000,0.000,1.000,5.48,10.77566337,106.67090443,10.51,"10°46'32.39""N, 106°40'15.26""E",FIX,
11:28:03.236,1786163283.237,TRACKING,6.857,-4.447,-2.451,0.01,0.450,-0.018,0.000,0.000,0.000,1.000,5.51,10.77566337,106.67090443,10.51,"10°46'32.39""N, 106°40'15.26""E",FIX,
11:28:03.343,1786163283.343,TRACKING,6.829,-4.470,-2.452,0.02,0.450,-0.019,0.000,0.000,0.000,0.583,5.54,10.77566337,106.67090401,10.51,"10°46'32.39""N, 106°40'15.25""E",FIX,
11:28:03.421,1786163283.422,TRACKING,6.809,-4.487,-2.453,0.03,0.450,-0.018,0.000,0.000,0.000,0.646,5.57,10.77566337,106.67090401,10.51,"10°46'32.39""N, 106°40'15.25""E",FIX,
11:28:03.515,1786163283.515,TRACKING,6.788,-4.504,-2.454,0.03,0.450,-0.007,0.000,0.000,0.000,0.708,5.60,10.77566337,106.67090401,10.51,"10°46'32.39""N, 106°40'15.25""E",FIX,
11:28:03.647,1786163283.648,TRACKING,6.767,-4.521,-2.455,0.03,0.450,-0.007,0.000,0.000,0.000,0.771,5.63,10.77566337,106.67090360,10.51,"10°46'32.39""N, 106°40'15.25""E",FIX,
11:28:03.733,1786163283.734,TRACKING,6.746,-4.538,-2.456,0.03,0.450,-0.007,0.000,0.000,0.000,0.854,5.65,10.77566337,106.67090360,10.51,"10°46'32.39""N, 106°40'15.25""E",FIX,
11:28:03.846,1786163283.846,TRACKING,6.718,-4.561,-2.456,0.03,0.450,-0.007,0.000,0.000,0.000,0.917,5.69,10.77566337,106.67090360,10.51,"10°46'32.39""N, 106°40'15.25""E",FIX,
11:28:03.917,1786163283.917,TRACKING,6.697,-4.578,-2.457,0.03,0.450,-0.007,0.000,0.000,0.000,1.000,5.72,10.77566336,106.67090319,10.51,"10°46'32.39""N, 106°40'15.25""E",FIX,
11:28:04.009,1786163284.010,TRACKING,6.669,-4.601,-2.457,0.03,0.450,-0.007,0.000,0.000,0.000,1.000,5.75,10.77566336,106.67090319,10.51,"10°46'32.39""N, 106°40'15.25""E",FIX,
11:28:04.080,1786163284.081,TRACKING,6.648,-4.618,-2.458,0.03,0.450,-0.007,0.000,0.000,0.000,1.000,5.78,10.77566336,106.67090319,10.51,"10°46'32.39""N, 106°40'15.25""E",FIX,
11:28:04.157,1786163284.157,TRACKING,6.627,-4.635,-2.458,0.03,0.450,-0.007,0.000,0.000,0.000,1.000,5.81,10.77566336,106.67090278,10.51,"10°46'32.39""N, 106°40'15.25""E",FIX,
11:28:04.258,1786163284.259,TRACKING,6.599,-4.658,-2.459,0.02,0.450,-0.000,0.000,0.000,0.000,1.000,5.84,10.77566336,106.67090278,10.51,"10°46'32.39""N, 106°40'15.25""E",FIX,
11:28:04.376,1786163284.377,TRACKING,6.585,-4.669,-2.459,0.02,0.450,-0.001,0.000,0.000,0.000,1.000,5.86,10.77566336,106.67090278,10.51,"10°46'32.39""N, 106°40'15.25""E",FIX,
11:28:04.486,1786163284.487,TRACKING,6.558,-4.692,-2.459,0.02,0.450,-0.010,0.000,0.000,0.000,1.000,5.90,10.77566336,106.67090237,10.51,"10°46'32.39""N, 106°40'15.25""E",FIX,
11:28:04.600,1786163284.600,TRACKING,6.537,-4.709,-2.459,0.02,0.450,-0.001,0.000,0.000,0.000,1.000,5.92,10.77566336,106.67090237,10.51,"10°46'32.39""N, 106°40'15.25""E",FIX,
11:28:04.716,1786163284.717,TRACKING,6.509,-4.732,-2.459,0.02,0.450,-0.003,0.000,0.000,0.000,1.000,5.96,10.77566336,106.67090237,10.51,"10°46'32.39""N, 106°40'15.25""E",FIX,
11:28:04.801,1786163284.801,TRACKING,6.488,-4.749,-2.460,0.02,0.450,-0.003,0.000,0.000,0.000,1.000,5.99,10.77566336,106.67090196,10.51,"10°46'32.39""N, 106°40'15.25""E",FIX,
11:28:04.882,1786163284.882,TRACKING,6.467,-4.766,-2.460,0.02,0.450,-0.004,0.000,0.000,0.000,1.000,6.01,10.77566336,106.67090196,10.51,"10°46'32.39""N, 106°40'15.25""E",FIX,
11:28:04.971,1786163284.971,TRACKING,6.446,-4.783,-2.460,0.02,0.450,-0.004,0.000,0.000,0.000,1.000,6.04,10.77566336,106.67090196,10.51,"10°46'32.39""N, 106°40'15.25""E",FIX,
11:28:05.066,1786163285.067,TRACKING,6.446,-4.783,-2.460,0.02,0.450,-0.005,0.000,0.000,0.000,1.000,6.04,10.77566336,106.67090155,10.51,"10°46'32.39""N, 106°40'15.25""E",FIX,
11:28:05.117,1786163285.118,TRACKING,6.446,-4.783,-2.460,0.02,0.450,-0.004,0.000,0.000,0.000,1.000,6.04,10.77566336,106.67090155,10.51,"10°46'32.39""N, 106°40'15.25""E",FIX,
11:28:05.211,1786163285.211,TRACKING,6.369,-4.845,-2.461,0.02,0.450,-0.005,0.000,0.000,0.000,1.000,6.14,10.77566336,106.67090155,10.51,"10°46'32.39""N, 106°40'15.25""E",FIX,
11:28:05.278,1786163285.278,TRACKING,6.348,-4.862,-2.461,0.02,0.450,-0.005,0.000,0.000,0.000,1.000,6.17,10.77566337,106.67090113,10.51,"10°46'32.39""N, 106°40'15.24""E",FIX,
11:28:05.371,1786163285.371,TRACKING,6.327,-4.879,-2.462,0.02,0.450,-0.005,0.000,0.000,0.000,1.000,6.19,10.77566337,106.67090113,10.51,"10°46'32.39""N, 106°40'15.24""E",FIX,
11:28:05.480,1786163285.481,TRACKING,6.306,-4.896,-2.462,0.02,0.450,-0.005,0.000,0.000,0.000,1.000,6.22,10.77566337,106.67090113,10.51,"10°46'32.39""N, 106°40'15.24""E",FIX,
11:28:05.579,1786163285.580,TRACKING,6.278,-4.919,-2.462,0.02,0.450,-0.005,0.000,0.000,0.000,1.000,6.26,10.77566337,106.67090072,10.51,"10°46'32.39""N, 106°40'15.24""E",FIX,
11:28:05.664,1786163285.664,TRACKING,6.257,-4.936,-2.462,0.01,0.450,0.023,0.000,0.000,0.000,1.000,6.28,10.77566337,106.67090072,10.51,"10°46'32.39""N, 106°40'15.24""E",FIX,
11:28:05.771,1786163285.771,TRACKING,6.229,-4.958,-2.461,0.00,0.450,0.010,0.000,0.000,0.000,0.708,6.32,10.77566337,106.67090072,10.51,"10°46'32.39""N, 106°40'15.24""E",FIX,
11:28:05.844,1786163285.845,TRACKING,6.208,-4.975,-2.460,0.00,0.450,0.001,0.000,0.000,0.000,0.583,6.35,10.77566337,106.67090031,10.51,"10°46'32.39""N, 106°40'15.24""E",FIX,
11:28:05.931,1786163285.931,TRACKING,6.194,-4.987,-2.460,0.00,0.450,0.001,0.000,0.000,0.000,0.646,6.36,10.77566337,106.67090031,10.51,"10°46'32.39""N, 106°40'15.24""E",FIX,
11:28:06.025,1786163286.025,TRACKING,6.166,-5.009,-2.460,0.00,0.450,0.000,0.000,0.000,0.000,0.708,6.40,10.77566337,106.67090031,10.51,"10°46'32.39""N, 106°40'15.24""E",FIX,
11:28:06.128,1786163286.128,TRACKING,6.145,-5.026,-2.460,0.00,0.450,0.000,0.000,0.000,0.000,0.792,6.43,10.77566337,106.67089990,10.51,"10°46'32.39""N, 106°40'15.24""E",FIX,
11:28:06.234,1786163286.235,TRACKING,6.117,-5.049,-2.460,0.00,0.450,0.000,0.000,0.000,0.000,0.854,6.46,10.77566337,106.67089990,10.51,"10°46'32.39""N, 106°40'15.24""E",FIX,
11:28:06.320,1786163286.321,TRACKING,6.089,-5.072,-2.460,0.00,0.450,0.000,0.000,0.000,0.000,0.917,6.50,10.77566337,106.67089990,10.51,"10°46'32.39""N, 106°40'15.24""E",FIX,
11:28:06.415,1786163286.415,TRACKING,6.075,-5.083,-2.460,0.00,0.450,0.000,0.000,0.000,0.000,1.000,6.52,10.77566337,106.67089949,10.51,"10°46'32.39""N, 106°40'15.24""E",FIX,
11:28:06.517,1786163286.518,TRACKING,6.047,-5.106,-2.460,0.00,0.450,0.000,0.000,0.000,0.000,1.000,6.55,10.77566337,106.67089949,10.51,"10°46'32.39""N, 106°40'15.24""E",FIX,
11:28:06.607,1786163286.607,TRACKING,6.026,-5.123,-2.460,0.00,0.450,0.000,0.000,0.000,0.000,1.000,6.58,10.77566337,106.67089949,10.51,"10°46'32.39""N, 106°40'15.24""E",FIX,
11:28:06.700,1786163286.701,TRACKING,5.998,-5.145,-2.460,0.00,0.450,0.000,0.000,0.000,0.000,1.000,6.62,10.77566337,106.67089908,10.51,"10°46'32.39""N, 106°40'15.24""E",FIX,
11:28:06.780,1786163286.781,TRACKING,5.977,-5.162,-2.460,0.00,0.450,0.000,0.000,0.000,0.000,1.000,6.64,10.77566337,106.67089908,10.51,"10°46'32.39""N, 106°40'15.24""E",FIX,
11:28:06.861,1786163286.861,TRACKING,5.956,-5.179,-2.460,0.00,0.450,0.000,0.000,0.000,0.000,1.000,6.67,10.77566337,106.67089908,10.51,"10°46'32.39""N, 106°40'15.24""E",FIX,
11:28:06.945,1786163286.945,TRACKING,5.935,-5.196,-2.460,0.00,0.450,0.000,0.000,0.000,0.000,1.000,6.70,10.77566337,106.67089867,10.51,"10°46'32.39""N, 106°40'15.24""E",FIX,
11:28:07.018,1786163287.019,TRACKING,5.907,-5.219,-2.460,0.00,0.450,0.000,0.000,0.000,0.000,1.000,6.73,10.77566337,106.67089867,10.51,"10°46'32.39""N, 106°40'15.24""E",FIX,
11:28:07.104,1786163287.104,TRACKING,5.886,-5.236,-2.460,0.00,0.450,0.000,0.000,0.000,0.000,1.000,6.76,10.77566337,106.67089867,10.51,"10°46'32.39""N, 106°40'15.24""E",FIX,
11:28:07.195,1786163287.195,TRACKING,5.865,-5.253,-2.460,0.00,0.450,0.000,0.000,0.000,0.000,1.000,6.79,10.77566337,106.67089825,10.51,"10°46'32.39""N, 106°40'15.23""E",FIX,
11:28:07.270,1786163287.270,TRACKING,5.838,-5.276,-2.460,0.00,0.450,0.000,0.000,0.000,0.000,1.000,6.82,10.77566337,106.67089825,10.51,"10°46'32.39""N, 106°40'15.23""E",FIX,
11:28:07.350,1786163287.350,TRACKING,5.817,-5.293,-2.460,-0.00,0.450,0.007,0.000,0.000,0.000,1.000,6.85,10.77566337,106.67089825,10.51,"10°46'32.39""N, 106°40'15.23""E",FIX,
11:28:07.430,1786163287.431,TRACKING,5.789,-5.315,-2.459,-0.01,0.450,0.005,0.000,0.000,0.000,1.000,6.89,10.77566338,106.67089784,10.51,"10°46'32.39""N, 106°40'15.23""E",FIX,
11:28:07.514,1786163287.515,TRACKING,5.775,-5.327,-2.459,-0.00,0.450,-0.004,0.000,0.000,0.000,1.000,6.90,10.77566338,106.67089784,10.51,"10°46'32.39""N, 106°40'15.23""E",FIX,
11:28:07.623,1786163287.623,TRACKING,5.754,-5.344,-2.459,-0.00,0.450,-0.002,0.000,0.000,0.000,1.000,6.93,10.77566338,106.67089784,10.51,"10°46'32.39""N, 106°40'15.23""E",FIX,
11:28:07.693,1786163287.693,TRACKING,5.719,-5.372,-2.460,-0.00,0.450,0.005,0.000,0.000,0.000,1.000,6.98,10.77566338,106.67089743,10.51,"10°46'32.39""N, 106°40'15.23""E",FIX,
11:28:07.775,1786163287.775,TRACKING,5.705,-5.384,-2.460,-0.01,0.450,0.006,0.000,0.000,0.000,1.000,6.99,10.77566338,106.67089743,10.51,"10°46'32.39""N, 106°40'15.23""E",FIX,
11:28:07.852,1786163287.853,TRACKING,5.684,-5.401,-2.459,-0.01,0.450,0.004,0.000,0.000,0.000,1.000,7.02,10.77566338,106.67089743,10.51,"10°46'32.39""N, 106°40'15.23""E",FIX,
11:28:07.968,1786163287.968,TRACKING,5.656,-5.423,-2.459,-0.00,0.450,-0.004,0.000,0.000,0.000,1.000,7.06,10.77566338,106.67089702,10.51,"10°46'32.39""N, 106°40'15.23""E",FIX,
11:28:08.064,1786163288.065,TRACKING,5.635,-5.440,-2.459,-0.01,0.450,0.004,0.000,0.000,0.000,0.979,7.08,10.77566338,106.67089702,10.51,"10°46'32.39""N, 106°40'15.23""E",FIX,
11:28:08.152,1786163288.153,TRACKING,5.607,-5.463,-2.459,-0.01,0.450,0.000,0.000,0.000,0.000,0.000,7.12,10.77566338,106.67089702,10.51,"10°46'32.39""N, 106°40'15.23""E",FIX,
11:28:08.272,1786163288.273,TRACKING,5.586,-5.480,-2.459,-0.01,0.450,0.000,0.000,0.000,0.000,0.000,7.15,10.77566338,106.67089661,10.51,"10°46'32.39""N, 106°40'15.23""E",FIX,
11:28:08.342,1786163288.342,TRACKING,5.565,-5.497,-2.459,-0.00,0.450,0.000,0.000,0.000,0.000,0.000,7.17,10.77566338,106.67089661,10.51,"10°46'32.39""N, 106°40'15.23""E",FIX,
11:28:08.426,1786163288.426,TRACKING,5.537,-5.520,-2.459,-0.00,0.450,0.000,0.000,0.000,0.000,0.000,7.21,10.77566338,106.67089661,10.51,"10°46'32.39""N, 106°40'15.23""E",FIX,
11:28:08.536,1786163288.536,TRACKING,5.516,-5.537,-2.459,-0.00,0.450,0.000,0.000,0.000,0.000,0.000,7.24,10.77566338,106.67089620,10.51,"10°46'32.39""N, 106°40'15.23""E",FIX,
11:28:08.624,1786163288.624,TRACKING,5.495,-5.554,-2.459,-0.00,0.450,0.000,0.000,0.000,0.000,0.000,7.26,10.77566338,106.67089620,10.51,"10°46'32.39""N, 106°40'15.23""E",FIX,
11:28:08.743,1786163288.743,TRACKING,5.474,-5.571,-2.459,-0.00,0.450,0.000,0.000,0.000,0.000,0.000,7.29,10.77566338,106.67089620,10.51,"10°46'32.39""N, 106°40'15.23""E",FIX,
11:28:08.830,1786163288.831,TRACKING,5.453,-5.588,-2.459,-0.00,0.450,-0.000,0.000,0.000,0.000,0.000,7.32,10.77566338,106.67089579,10.51,"10°46'32.39""N, 106°40'15.22""E",FIX,
11:28:08.938,1786163288.938,TRACKING,5.419,-5.616,-2.459,-0.00,0.450,0.000,0.000,0.000,0.000,0.000,7.36,10.77566338,106.67089579,10.51,"10°46'32.39""N, 106°40'15.22""E",FIX,
11:28:09.006,1786163289.006,TRACKING,5.405,-5.628,-2.459,-0.00,0.450,-0.000,0.000,0.000,0.000,0.000,7.38,10.77566338,106.67089579,10.51,"10°46'32.39""N, 106°40'15.22""E",FIX,
11:28:09.094,1786163289.095,TRACKING,5.384,-5.645,-2.459,-0.00,0.450,-0.000,0.000,0.000,0.000,0.000,7.41,10.77566338,106.67089537,10.51,"10°46'32.39""N, 106°40'15.22""E",FIX,
11:28:09.245,1786163289.245,TRACKING,5.356,-5.667,-2.459,-0.00,0.450,0.000,0.000,0.000,0.000,0.000,7.44,10.77566338,106.67089537,10.51,"10°46'32.39""N, 106°40'15.22""E",FIX,
11:28:09.286,1786163289.287,TRACKING,5.342,-5.679,-2.459,-0.00,0.450,-0.000,0.000,0.000,0.000,0.000,7.46,10.77566338,106.67089537,10.51,"10°46'32.39""N, 106°40'15.22""E",FIX,
11:28:09.388,1786163289.388,TRACKING,5.314,-5.702,-2.459,-0.00,0.450,0.000,0.000,0.000,0.000,0.000,7.50,10.77566338,106.67089496,10.51,"10°46'32.39""N, 106°40'15.22""E",FIX,
11:28:09.467,1786163289.467,TRACKING,5.293,-5.719,-2.459,-0.00,0.450,0.000,0.000,0.000,0.000,0.000,7.52,10.77566338,106.67089496,10.51,"10°46'32.39""N, 106°40'15.22""E",FIX,
11:28:09.567,1786163289.568,TRACKING,5.265,-5.741,-2.459,-0.00,0.450,0.000,0.000,0.000,0.000,0.000,7.56,10.77566338,106.67089496,10.51,"10°46'32.39""N, 106°40'15.22""E",FIX,
11:28:09.671,1786163289.672,TRACKING,5.244,-5.758,-2.459,-0.00,0.450,0.000,0.000,0.000,0.000,0.000,7.59,10.77566338,106.67089455,10.51,"10°46'32.39""N, 106°40'15.22""E",FIX,
11:28:09.776,1786163289.776,TRACKING,5.223,-5.775,-2.459,-0.00,0.450,0.000,0.000,0.000,0.000,0.000,7.61,10.77566338,106.67089455,10.51,"10°46'32.39""N, 106°40'15.22""E",FIX,
11:28:09.921,1786163289.921,TRACKING,5.195,-5.798,-2.459,-0.00,0.450,0.000,0.000,0.000,0.000,0.000,7.65,10.77566338,106.67089455,10.51,"10°46'32.39""N, 106°40'15.22""E",FIX,
11:28:10.021,1786163290.021,TRACKING,5.174,-5.815,-2.459,-0.00,0.450,0.000,0.000,0.000,0.000,0.000,7.68,10.77566338,106.67089414,10.51,"10°46'32.39""N, 106°40'15.22""E",FIX,
11:28:10.114,1786163290.114,TRACKING,5.146,-5.838,-2.459,-0.00,0.450,0.000,0.000,0.000,0.000,0.000,7.71,10.77566338,106.67089414,10.51,"10°46'32.39""N, 106°40'15.22""E",FIX,
11:28:10.210,1786163290.211,TRACKING,5.125,-5.855,-2.459,-0.00,0.450,0.000,0.000,0.000,0.000,0.000,7.74,10.77566338,106.67089414,10.51,"10°46'32.39""N, 106°40'15.22""E",FIX,
11:28:10.294,1786163290.294,TRACKING,5.104,-5.872,-2.459,-0.00,0.450,0.000,0.000,0.000,0.000,0.000,7.77,10.77566339,106.67089373,10.51,"10°46'32.39""N, 106°40'15.22""E",FIX,
11:28:10.369,1786163290.370,TRACKING,5.083,-5.889,-2.459,-0.00,0.450,0.000,0.000,0.000,0.000,0.000,7.79,10.77566339,106.67089373,10.51,"10°46'32.39""N, 106°40'15.22""E",FIX,
11:28:10.482,1786163290.482,TRACKING,5.055,-5.912,-2.459,-0.00,0.450,0.000,0.000,0.000,0.000,0.000,7.83,10.77566339,106.67089373,10.51,"10°46'32.39""N, 106°40'15.22""E",FIX,
11:28:10.568,1786163290.569,TRACKING,5.035,-5.929,-2.459,-0.00,0.450,0.000,0.000,0.000,0.000,0.000,7.86,10.77566339,106.67089332,10.51,"10°46'32.39""N, 106°40'15.22""E",FIX,
11:28:10.655,1786163290.656,TRACKING,5.014,-5.946,-2.459,-0.00,0.450,0.000,0.000,0.000,0.000,0.000,7.88,10.77566339,106.67089332,10.51,"10°46'32.39""N, 106°40'15.22""E",FIX,
11:28:10.766,1786163290.766,TRACKING,4.993,-5.963,-2.459,-0.00,0.450,0.000,0.000,0.000,0.000,0.000,7.91,10.77566339,106.67089332,10.51,"10°46'32.39""N, 106°40'15.22""E",FIX,
11:28:10.864,1786163290.864,TRACKING,4.965,-5.986,-2.459,-0.00,0.450,0.000,0.000,0.000,0.000,0.000,7.95,10.77566339,106.67089290,10.51,"10°46'32.39""N, 106°40'15.21""E",FIX,
11:28:10.955,1786163290.955,TRACKING,4.944,-6.003,-2.459,-0.00,0.450,0.000,0.000,0.000,0.000,0.000,7.97,10.77566339,106.67089290,10.51,"10°46'32.39""N, 106°40'15.21""E",FIX,
11:28:11.072,1786163291.073,TRACKING,4.916,-6.025,-2.459,-0.00,0.450,0.000,0.000,0.000,0.000,0.000,8.01,10.77566339,106.67089290,10.51,"10°46'32.39""N, 106°40'15.21""E",FIX,
11:28:11.228,1786163291.229,TRACKING,4.888,-6.048,-2.459,-0.00,0.450,0.000,0.000,0.000,0.000,0.000,8.05,10.77566339,106.67089249,10.51,"10°46'32.39""N, 106°40'15.21""E",FIX,
11:28:11.251,1786163291.252,TRACKING,4.888,-6.048,-2.459,-0.00,0.450,0.000,0.000,0.000,0.000,0.000,8.05,10.77566339,106.67089249,10.51,"10°46'32.39""N, 106°40'15.21""E",FIX,
11:28:11.292,1786163291.292,TRACKING,4.853,-6.076,-2.459,-0.00,0.450,-0.000,0.000,0.000,0.000,0.000,8.09,10.77566339,106.67089249,10.51,"10°46'32.39""N, 106°40'15.21""E",FIX,
11:28:11.367,1786163291.368,TRACKING,4.832,-6.093,-2.459,-0.00,0.450,0.000,0.000,0.000,0.000,0.000,8.12,10.77566339,106.67089249,10.51,"10°46'32.39""N, 106°40'15.21""E",FIX,
11:28:11.483,1786163291.484,TRACKING,4.804,-6.116,-2.459,-0.00,0.450,0.000,0.000,0.000,0.000,0.000,8.15,10.77566339,106.67089208,10.51,"10°46'32.39""N, 106°40'15.21""E",FIX,
11:28:11.557,1786163291.558,TRACKING,4.783,-6.133,-2.459,-0.00,0.450,0.000,0.000,0.000,0.000,0.000,8.18,10.77566339,106.67089208,10.51,"10°46'32.39""N, 106°40'15.21""E",FIX,
11:28:11.662,1786163291.662,TRACKING,4.755,-6.156,-2.459,-0.00,0.450,0.000,0.000,0.000,0.000,0.000,8.22,10.77566339,106.67089167,10.51,"10°46'32.39""N, 106°40'15.21""E",FIX,
11:28:11.738,1786163291.738,TRACKING,4.734,-6.173,-2.459,-0.00,0.450,0.000,0.000,0.000,0.000,0.000,8.24,10.77566339,106.67089167,10.51,"10°46'32.39""N, 106°40'15.21""E",FIX,
11:28:11.814,1786163291.815,TRACKING,4.713,-6.190,-2.459,-0.00,0.450,0.000,0.000,0.000,0.000,0.000,8.27,10.77566339,106.67089167,10.51,"10°46'32.39""N, 106°40'15.21""E",FIX,
11:28:11.916,1786163291.916,TRACKING,4.692,-6.207,-2.459,-0.00,0.450,-0.000,0.000,0.000,0.000,0.000,8.30,10.77566339,106.67089167,10.51,"10°46'32.39""N, 106°40'15.21""E",FIX,
11:28:12.020,1786163292.020,TRACKING,4.665,-6.230,-2.459,-0.00,0.450,0.000,0.000,0.000,0.000,0.000,8.33,10.77566339,106.67089126,10.51,"10°46'32.39""N, 106°40'15.21""E",FIX,
11:28:12.098,1786163292.099,TRACKING,4.644,-6.247,-2.459,-0.00,0.450,-0.000,0.000,0.000,0.000,0.000,8.36,10.77566339,106.67089126,10.51,"10°46'32.39""N, 106°40'15.21""E",FIX,
11:28:12.232,1786163292.232,TRACKING,4.616,-6.270,-2.459,-0.00,0.450,0.000,0.000,0.000,0.000,0.000,8.40,10.77566339,106.67089085,10.51,"10°46'32.39""N, 106°40'15.21""E",FIX,
11:28:12.335,1786163292.336,TRACKING,4.595,-6.287,-2.459,-0.00,0.450,0.000,0.000,0.000,0.000,0.000,8.42,10.77566339,106.67089085,10.51,"10°46'32.39""N, 106°40'15.21""E",FIX,
11:28:12.401,1786163292.401,TRACKING,4.581,-6.298,-2.459,-0.00,0.450,-0.000,0.000,0.000,0.000,0.000,8.44,10.77566339,106.67089085,10.51,"10°46'32.39""N, 106°40'15.21""E",FIX,
11:28:12.514,1786163292.515,TRACKING,4.553,-6.321,-2.459,-0.00,0.450,0.000,0.000,0.000,0.000,0.000,8.48,10.77566339,106.67089085,10.51,"10°46'32.39""N, 106°40'15.21""E",FIX,
11:28:12.600,1786163292.601,TRACKING,4.532,-6.338,-2.459,-0.00,0.450,0.000,0.000,0.000,0.000,0.000,8.51,10.77566339,106.67089044,10.51,"10°46'32.39""N, 106°40'15.21""E",FIX,
11:28:12.707,1786163292.707,TRACKING,4.511,-6.355,-2.459,-0.00,0.450,0.000,0.000,0.000,0.000,0.000,8.53,10.77566339,106.67089044,10.51,"10°46'32.39""N, 106°40'15.21""E",FIX,
11:28:12.847,1786163292.847,TRACKING,4.476,-6.383,-2.459,-0.00,0.450,0.000,0.000,0.000,0.000,0.000,8.58,10.77566339,106.67089002,10.51,"10°46'32.39""N, 106°40'15.20""E",FIX,
11:28:12.910,1786163292.911,TRACKING,4.462,-6.394,-2.459,-0.00,0.450,-0.000,0.000,0.000,0.000,0.000,8.60,10.77566339,106.67089002,10.51,"10°46'32.39""N, 106°40'15.20""E",FIX,
11:28:13.029,1786163293.029,TRACKING,4.434,-6.417,-2.459,-0.00,0.450,0.000,0.000,0.000,0.000,0.000,8.63,10.77566339,106.67089002,10.51,"10°46'32.39""N, 106°40'15.20""E",FIX,
11:28:13.123,1786163293.123,TRACKING,4.413,-6.434,-2.459,-0.00,0.450,0.000,0.000,0.000,0.000,0.000,8.66,10.77566339,106.67089002,10.51,"10°46'32.39""N, 106°40'15.20""E",FIX,
11:28:13.231,1786163293.232,TRACKING,4.378,-6.463,-2.459,-0.00,0.450,0.000,0.000,0.000,0.000,0.000,8.70,10.77566339,106.67088961,10.51,"10°46'32.39""N, 106°40'15.20""E",FIX,
11:28:13.294,1786163293.295,TRACKING,4.371,-6.468,-2.459,-0.00,0.450,-0.000,0.000,0.000,0.000,0.000,8.71,10.77566339,106.67088961,10.51,"10°46'32.39""N, 106°40'15.20""E",FIX,
11:28:13.384,1786163293.384,TRACKING,4.343,-6.491,-2.459,-0.00,0.450,0.000,0.000,0.000,0.000,0.000,8.75,10.77566339,106.67088961,10.51,"10°46'32.39""N, 106°40'15.20""E",FIX,
11:28:13.478,1786163293.479,TRACKING,4.322,-6.508,-2.459,-0.00,0.450,0.000,0.000,0.000,0.000,0.000,8.78,10.77566339,106.67088920,10.51,"10°46'32.39""N, 106°40'15.20""E",FIX,
11:28:13.636,1786163293.636,TRACKING,4.301,-6.525,-2.459,-0.00,0.450,0.000,0.000,0.000,0.000,0.000,8.80,10.77566339,106.67088920,10.51,"10°46'32.39""N, 106°40'15.20""E",FIX,
11:28:13.746,1786163293.746,TRACKING,4.274,-6.548,-2.459,-0.00,0.450,0.000,0.000,0.000,0.000,0.000,8.84,10.77566339,106.67088920,10.51,"10°46'32.39""N, 106°40'15.20""E",FIX,
11:28:13.864,1786163293.864,TRACKING,4.246,-6.571,-2.459,-0.00,0.450,0.000,0.000,0.000,0.000,0.000,8.87,10.77566340,106.67088879,10.51,"10°46'32.39""N, 106°40'15.20""E",FIX,
11:28:13.924,1786163293.925,TRACKING,4.232,-6.582,-2.459,-0.00,0.450,-0.000,0.000,0.000,0.000,0.000,8.89,10.77566340,106.67088879,10.51,"10°46'32.39""N, 106°40'15.20""E",FIX,
11:28:14.037,1786163294.038,TRACKING,4.211,-6.599,-2.459,-0.00,0.450,0.000,0.000,0.000,0.000,0.000,8.92,10.77566340,106.67088879,10.51,"10°46'32.39""N, 106°40'15.20""E",FIX,
11:28:14.110,1786163294.111,TRACKING,4.183,-6.622,-2.459,-0.00,0.450,0.000,0.000,0.000,0.000,0.000,8.96,10.77566340,106.67088838,10.51,"10°46'32.39""N, 106°40'15.20""E",FIX,
11:28:14.228,1786163294.229,TRACKING,4.162,-6.639,-2.459,-0.00,0.450,0.000,0.000,0.000,0.000,0.000,8.98,10.77566340,106.67088838,10.51,"10°46'32.39""N, 106°40'15.20""E",FIX,
11:28:14.347,1786163294.348,TRACKING,4.141,-6.656,-2.459,-0.00,0.450,0.000,0.000,0.000,0.000,0.000,9.01,10.77566340,106.67088838,10.51,"10°46'32.39""N, 106°40'15.20""E",FIX,
11:28:14.450,1786163294.450,TRACKING,4.113,-6.678,-2.459,-0.00,0.450,0.000,0.000,0.000,0.000,0.000,9.05,10.77566340,106.67088797,10.51,"10°46'32.39""N, 106°40'15.20""E",FIX,
11:28:14.537,1786163294.538,TRACKING,4.092,-6.696,-2.459,-0.00,0.450,0.000,0.000,0.000,0.000,0.000,9.07,10.77566340,106.67088797,10.51,"10°46'32.39""N, 106°40'15.20""E",FIX,
11:28:14.654,1786163294.655,TRACKING,4.064,-6.718,-2.459,-0.00,0.450,0.000,0.000,0.000,0.000,0.000,9.11,10.77566340,106.67088797,10.51,"10°46'32.39""N, 106°40'15.20""E",FIX,
11:28:14.732,1786163294.733,TRACKING,4.043,-6.735,-2.459,-0.00,0.450,0.000,0.000,0.000,0.000,0.000,9.14,10.77566340,106.67088756,10.51,"10°46'32.39""N, 106°40'15.20""E",FIX,
11:28:14.836,1786163294.836,TRACKING,4.022,-6.752,-2.459,-0.00,0.450,0.000,0.000,0.000,0.000,0.000,9.16,10.77566340,106.67088756,10.51,"10°46'32.39""N, 106°40'15.20""E",FIX,
11:28:14.932,1786163294.932,TRACKING,4.001,-6.769,-2.459,-0.00,0.450,0.000,0.000,0.000,0.000,0.000,9.19,10.77566340,106.67088756,10.51,"10°46'32.39""N, 106°40'15.20""E",FIX,
11:28:15.030,1786163295.030,TRACKING,3.973,-6.792,-2.459,-0.00,0.450,0.000,0.000,0.000,0.000,0.000,9.23,10.77566340,106.67088714,10.51,"10°46'32.39""N, 106°40'15.19""E",FIX,
11:28:15.120,1786163295.120,TRACKING,3.952,-6.809,-2.459,-0.00,0.450,0.000,0.000,0.000,0.000,0.000,9.25,10.77566340,106.67088714,10.51,"10°46'32.39""N, 106°40'15.19""E",FIX,
11:28:15.206,1786163295.207,TRACKING,3.931,-6.826,-2.459,-0.00,0.450,0.000,0.000,0.000,0.000,0.000,9.28,10.77566340,106.67088714,10.51,"10°46'32.39""N, 106°40'15.19""E",FIX,
11:28:15.314,1786163295.314,TRACKING,3.911,-6.843,-2.459,-0.00,0.450,0.000,0.000,0.000,0.000,0.000,9.31,10.77566340,106.67088673,10.51,"10°46'32.39""N, 106°40'15.19""E",FIX,
11:28:15.429,1786163295.430,TRACKING,3.883,-6.866,-2.459,-0.00,0.450,0.000,0.000,0.000,0.000,0.000,9.34,10.77566340,106.67088673,10.51,"10°46'32.39""N, 106°40'15.19""E",FIX,
11:28:15.516,1786163295.516,TRACKING,3.855,-6.889,-2.459,-0.00,0.450,0.000,0.000,0.000,0.000,0.000,9.38,10.77566340,106.67088673,10.51,"10°46'32.39""N, 106°40'15.19""E",FIX,
11:28:15.594,1786163295.595,TRACKING,3.834,-6.906,-2.459,-0.00,0.450,0.000,0.000,0.000,0.000,0.000,9.41,10.77566340,106.67088632,10.51,"10°46'32.39""N, 106°40'15.19""E",FIX,
11:28:15.672,1786163295.672,TRACKING,3.813,-6.923,-2.459,-0.00,0.450,-0.000,0.000,0.000,0.000,0.000,9.43,10.77566340,106.67088632,10.51,"10°46'32.39""N, 106°40'15.19""E",FIX,
11:28:15.756,1786163295.757,TRACKING,3.792,-6.940,-2.459,-0.00,0.450,0.000,0.000,0.000,0.000,0.000,9.46,10.77566340,106.67088632,10.51,"10°46'32.39""N, 106°40'15.19""E",FIX,
11:28:15.843,1786163295.844,TRACKING,3.771,-6.957,-2.459,-0.00,0.450,0.000,0.000,0.000,0.000,0.000,9.49,10.77566340,106.67088591,10.51,"10°46'32.39""N, 106°40'15.19""E",FIX,
11:28:15.930,1786163295.931,TRACKING,3.743,-6.980,-2.459,-0.00,0.450,0.000,0.000,0.000,0.000,0.000,9.52,10.77566340,106.67088591,10.51,"10°46'32.39""N, 106°40'15.19""E",FIX,
11:28:16.009,1786163296.010,TRACKING,3.722,-6.997,-2.459,-0.00,0.450,0.000,0.000,0.000,0.000,0.000,9.55,10.77566340,106.67088591,10.51,"10°46'32.39""N, 106°40'15.19""E",FIX,
11:28:16.096,1786163296.096,TRACKING,3.701,-7.014,-2.459,-0.00,0.450,0.000,0.000,0.000,0.000,0.000,9.58,10.77566340,106.67088550,10.51,"10°46'32.39""N, 106°40'15.19""E",FIX,
11:28:16.179,1786163296.180,TRACKING,3.673,-7.036,-2.459,-0.00,0.450,0.000,0.000,0.000,0.000,0.000,9.61,10.77566340,106.67088550,10.51,"10°46'32.39""N, 106°40'15.19""E",FIX,
11:28:16.265,1786163296.266,TRACKING,3.652,-7.053,-2.459,-0.00,0.450,0.000,0.000,0.000,0.000,0.000,9.64,10.77566340,106.67088550,10.51,"10°46'32.39""N, 106°40'15.19""E",FIX,
11:28:16.346,1786163296.347,TRACKING,3.631,-7.070,-2.459,-0.00,0.450,0.000,0.000,0.000,0.000,0.000,9.67,10.77566340,106.67088509,10.51,"10°46'32.39""N, 106°40'15.19""E",FIX,
11:28:16.441,1786163296.441,TRACKING,3.603,-7.093,-2.459,-0.00,0.450,0.000,0.000,0.000,0.000,0.000,9.70,10.77566340,106.67088509,10.51,"10°46'32.39""N, 106°40'15.19""E",FIX,
11:28:16.534,1786163296.534,TRACKING,3.582,-7.110,-2.459,-0.00,0.450,-0.000,0.000,0.000,0.000,0.000,9.73,10.77566340,106.67088509,10.51,"10°46'32.39""N, 106°40'15.19""E",FIX,
11:28:16.627,1786163296.628,TRACKING,3.561,-7.127,-2.459,-0.00,0.450,0.000,0.000,0.000,0.000,0.000,9.76,10.77566340,106.67088468,10.51,"10°46'32.39""N, 106°40'15.18""E",FIX,
11:28:16.754,1786163296.755,TRACKING,3.534,-7.150,-2.459,-0.00,0.450,0.000,0.000,0.000,0.000,0.000,9.79,10.77566340,106.67088468,10.51,"10°46'32.39""N, 106°40'15.18""E",FIX,
11:28:16.855,1786163296.855,TRACKING,3.513,-7.167,-2.459,-0.00,0.450,0.000,0.000,0.000,0.000,0.000,9.82,10.77566340,106.67088468,10.51,"10°46'32.39""N, 106°40'15.18""E",FIX,
11:28:16.963,1786163296.963,TRACKING,3.485,-7.190,-2.459,-0.00,0.450,0.000,0.000,0.000,0.000,0.000,9.86,10.77566340,106.67088426,10.51,"10°46'32.39""N, 106°40'15.18""E",FIX,
11:28:17.058,1786163297.058,TRACKING,3.471,-7.201,-2.459,-0.00,0.450,0.000,0.000,0.000,0.000,0.000,9.87,10.77566340,106.67088426,10.51,"10°46'32.39""N, 106°40'15.18""E",FIX,
11:28:17.160,1786163297.160,TRACKING,3.443,-7.224,-2.459,-0.00,0.450,0.000,0.000,0.000,0.000,0.000,9.91,10.77566340,106.67088426,10.51,"10°46'32.39""N, 106°40'15.18""E",FIX,
11:28:17.257,1786163297.257,TRACKING,3.422,-7.241,-2.459,-0.00,0.450,-0.000,0.000,0.000,0.000,0.000,9.94,10.77566341,106.67088385,10.51,"10°46'32.39""N, 106°40'15.18""E",FIX,
11:28:17.391,1786163297.392,TRACKING,3.401,-7.258,-2.459,-0.00,0.450,0.000,0.000,0.000,0.000,0.000,9.96,10.77566341,106.67088385,10.51,"10°46'32.39""N, 106°40'15.18""E",FIX,
11:28:17.475,1786163297.475,TRACKING,3.380,-7.275,-2.459,-0.00,0.450,0.000,0.000,0.000,0.000,0.000,9.99,10.77566341,106.67088385,10.51,"10°46'32.39""N, 106°40'15.18""E",FIX,
11:28:17.570,1786163297.571,TRACKING,3.352,-7.298,-2.459,-0.00,0.450,0.000,0.000,0.000,0.000,0.000,10.03,10.77566341,106.67088344,10.51,"10°46'32.39""N, 106°40'15.18""E",FIX,
11:28:17.712,1786163297.713,TRACKING,3.331,-7.315,-2.459,-0.00,0.450,0.000,0.000,0.000,0.000,0.000,10.05,10.77566341,106.67088344,10.51,"10°46'32.39""N, 106°40'15.18""E",FIX,
11:28:17.905,1786163297.906,TRACKING,3.303,-7.337,-2.459,-0.00,0.450,0.000,0.000,0.000,0.000,0.000,10.09,10.77566341,106.67088344,10.51,"10°46'32.39""N, 106°40'15.18""E",FIX,
11:28:17.988,1786163297.988,TRACKING,3.282,-7.354,-2.459,-0.00,0.450,0.000,0.000,0.000,0.000,0.000,10.12,10.77566341,106.67088303,10.51,"10°46'32.39""N, 106°40'15.18""E",FIX,
11:28:18.140,1786163298.140,TRACKING,3.254,-7.377,-2.459,-0.00,0.450,0.000,0.000,0.000,0.000,0.000,10.15,10.77566341,106.67088303,10.51,"10°46'32.39""N, 106°40'15.18""E",FIX,
11:28:18.231,1786163298.232,TRACKING,3.240,-7.388,-2.459,-0.00,0.450,0.000,0.000,0.000,0.000,0.000,10.17,10.77566341,106.67088303,10.51,"10°46'32.39""N, 106°40'15.18""E",FIX,
11:28:18.327,1786163298.327,TRACKING,3.219,-7.405,-2.459,-0.00,0.450,0.000,0.000,0.000,0.000,0.000,10.20,10.77566341,106.67088262,10.51,"10°46'32.39""N, 106°40'15.18""E",FIX,
11:28:18.405,1786163298.405,TRACKING,3.198,-7.423,-2.459,-0.00,0.450,0.000,0.000,0.000,0.000,0.000,10.22,10.77566341,106.67088262,10.51,"10°46'32.39""N, 106°40'15.18""E",FIX,
11:28:18.501,1786163298.502,TRACKING,3.177,-7.440,-2.459,-0.00,0.450,0.000,0.000,0.000,0.000,0.000,10.25,10.77566341,106.67088262,10.51,"10°46'32.39""N, 106°40'15.18""E",FIX,
11:28:18.580,1786163298.580,TRACKING,3.177,-7.440,-2.459,-0.00,0.450,0.000,0.000,0.000,0.000,0.000,10.25,10.77566341,106.67088221,10.51,"10°46'32.39""N, 106°40'15.18""E",FIX,
11:28:18.663,1786163298.663,TRACKING,3.177,-7.440,-2.459,-0.00,0.450,-0.000,0.000,0.000,0.000,0.000,10.25,10.77566341,106.67088221,10.51,"10°46'32.39""N, 106°40'15.18""E",FIX,
11:28:18.805,1786163298.805,TRACKING,3.101,-7.502,-2.459,-0.00,0.450,0.000,0.000,0.000,0.000,0.000,10.35,10.77566341,106.67088221,10.51,"10°46'32.39""N, 106°40'15.18""E",FIX,
11:28:18.884,1786163298.884,TRACKING,3.080,-7.519,-2.459,-0.00,0.450,-0.000,0.000,0.000,0.000,0.000,10.38,10.77566341,106.67088180,10.51,"10°46'32.39""N, 106°40'15.17""E",FIX,
11:28:18.968,1786163298.969,TRACKING,3.059,-7.536,-2.459,-0.00,0.450,0.000,0.000,0.000,0.000,0.000,10.40,10.77566341,106.67088180,10.51,"10°46'32.39""N, 106°40'15.17""E",FIX,
11:28:19.064,1786163299.065,TRACKING,3.031,-7.559,-2.459,-0.00,0.450,0.000,0.000,0.000,0.000,0.000,10.44,10.77566341,106.67088180,10.51,"10°46'32.39""N, 106°40'15.17""E",FIX,
11:28:19.134,1786163299.135,TRACKING,3.010,-7.576,-2.459,-0.00,0.450,-0.000,0.000,0.000,0.000,0.000,10.47,10.77566341,106.67088138,10.51,"10°46'32.39""N, 106°40'15.17""E",FIX,
11:28:19.232,1786163299.232,TRACKING,2.982,-7.599,-2.459,-0.00,0.450,0.000,0.000,0.000,0.000,0.000,10.50,10.77566341,106.67088138,10.51,"10°46'32.39""N, 106°40'15.17""E",FIX,
11:28:19.304,1786163299.305,TRACKING,2.961,-7.616,-2.459,-0.00,0.450,-0.000,0.000,0.000,0.000,0.000,10.53,10.77566341,106.67088138,10.51,"10°46'32.39""N, 106°40'15.17""E",FIX,
11:28:19.409,1786163299.410,TRACKING,2.940,-7.633,-2.459,-0.00,0.450,0.000,0.000,0.000,0.000,0.000,10.56,10.77566341,106.67088097,10.51,"10°46'32.39""N, 106°40'15.17""E",FIX,
11:28:19.499,1786163299.500,TRACKING,2.919,-7.650,-2.459,-0.00,0.450,0.000,0.000,0.000,0.000,0.000,10.58,10.77566341,106.67088097,10.51,"10°46'32.39""N, 106°40'15.17""E",FIX,
11:28:19.582,1786163299.582,TRACKING,2.891,-7.672,-2.459,-0.00,0.450,0.000,0.000,0.000,0.000,0.000,10.62,10.77566341,106.67088097,10.51,"10°46'32.39""N, 106°40'15.17""E",FIX,
11:28:19.656,1786163299.657,TRACKING,2.870,-7.689,-2.459,-0.00,0.450,0.000,0.000,0.000,0.000,0.000,10.65,10.77566341,106.67088056,10.51,"10°46'32.39""N, 106°40'15.17""E",FIX,
11:28:19.750,1786163299.750,TRACKING,2.849,-7.707,-2.459,-0.00,0.450,0.000,0.000,0.000,0.000,0.000,10.67,10.77566341,106.67088056,10.51,"10°46'32.39""N, 106°40'15.17""E",FIX,
11:28:19.837,1786163299.838,TRACKING,2.821,-7.729,-2.459,-0.00,0.450,0.000,0.000,0.000,0.000,0.000,10.71,10.77566341,106.67088056,10.51,"10°46'32.39""N, 106°40'15.17""E",FIX,
11:28:19.923,1786163299.924,TRACKING,2.800,-7.746,-2.459,-0.00,0.450,0.000,0.000,0.000,0.000,0.000,10.74,10.77566341,106.67088015,10.51,"10°46'32.39""N, 106°40'15.17""E",FIX,
11:28:20.029,1786163300.030,TRACKING,2.773,-7.769,-2.459,-0.00,0.450,0.000,0.000,0.000,0.000,0.000,10.77,10.77566341,106.67088015,10.51,"10°46'32.39""N, 106°40'15.17""E",FIX,
11:28:20.094,1786163300.094,TRACKING,2.752,-7.786,-2.459,-0.00,0.450,-0.000,0.000,0.000,0.000,0.000,10.80,10.77566341,106.67088015,10.51,"10°46'32.39""N, 106°40'15.17""E",FIX,
11:28:20.172,1786163300.173,TRACKING,2.731,-7.803,-2.459,-0.00,0.450,0.000,0.000,0.000,0.000,0.000,10.83,10.77566341,106.67087974,10.51,"10°46'32.39""N, 106°40'15.17""E",FIX,
11:28:20.254,1786163300.254,TRACKING,2.710,-7.820,-2.459,-0.00,0.450,0.000,0.000,0.000,0.000,0.000,10.85,10.77566341,106.67087974,10.51,"10°46'32.39""N, 106°40'15.17""E",FIX,
11:28:20.357,1786163300.357,TRACKING,2.682,-7.843,-2.459,-0.00,0.450,0.000,0.000,0.000,0.000,0.000,10.89,10.77566341,106.67087974,10.51,"10°46'32.39""N, 106°40'15.17""E",FIX,
11:28:20.447,1786163300.447,TRACKING,2.661,-7.860,-2.459,-0.00,0.450,0.000,0.000,0.000,0.000,0.000,10.92,10.77566341,106.67087933,10.51,"10°46'32.39""N, 106°40'15.17""E",FIX,
11:28:20.537,1786163300.537,TRACKING,2.640,-7.877,-2.459,-0.00,0.450,0.000,0.000,0.000,0.000,0.000,10.94,10.77566341,106.67087933,10.51,"10°46'32.39""N, 106°40'15.17""E",FIX,
11:28:20.637,1786163300.637,TRACKING,2.612,-7.900,-2.459,-0.00,0.450,0.000,0.000,0.000,0.000,0.000,10.98,10.77566341,106.67087933,10.51,"10°46'32.39""N, 106°40'15.17""E",FIX,
11:28:20.708,1786163300.709,TRACKING,2.598,-7.911,-2.459,-0.00,0.450,0.000,0.000,0.000,0.000,0.000,11.00,10.77566341,106.67087933,10.51,"10°46'32.39""N, 106°40'15.17""E",FIX,
11:28:20.804,1786163300.805,TRACKING,2.570,-7.934,-2.459,-0.00,0.450,0.000,0.000,0.000,0.000,0.000,11.03,10.77566342,106.67087892,10.51,"10°46'32.39""N, 106°40'15.16""E",FIX,
11:28:20.902,1786163300.903,TRACKING,2.549,-7.951,-2.459,-0.00,0.450,0.000,0.000,0.000,0.000,0.000,11.06,10.77566342,106.67087892,10.51,"10°46'32.39""N, 106°40'15.16""E",FIX,
11:28:21.019,1786163301.020,TRACKING,2.521,-7.973,-2.459,-0.00,0.450,0.000,0.000,0.000,0.000,0.000,11.10,10.77566342,106.67087850,10.51,"10°46'32.39""N, 106°40'15.16""E",FIX,
11:28:21.108,1786163301.108,TRACKING,2.500,-7.991,-2.459,-0.00,0.450,0.000,0.000,0.000,0.000,0.000,11.12,10.77566342,106.67087850,10.51,"10°46'32.39""N, 106°40'15.16""E",FIX,
11:28:21.171,1786163301.171,TRACKING,2.479,-8.008,-2.459,-0.00,0.450,-0.000,0.000,0.000,0.000,0.000,11.15,10.77566342,106.67087850,10.51,"10°46'32.39""N, 106°40'15.16""E",FIX,
11:28:21.256,1786163301.257,TRACKING,2.458,-8.025,-2.459,-0.00,0.450,0.000,0.000,0.000,0.000,0.000,11.18,10.77566342,106.67087850,10.51,"10°46'32.39""N, 106°40'15.16""E",FIX,
11:28:21.340,1786163301.340,TRACKING,2.430,-8.047,-2.459,-0.00,0.450,0.000,0.000,0.000,0.000,0.000,11.21,10.77566342,106.67087809,10.51,"10°46'32.39""N, 106°40'15.16""E",FIX,
11:28:21.433,1786163301.434,TRACKING,2.410,-8.064,-2.459,-0.00,0.450,0.000,0.000,0.000,0.000,0.000,11.24,10.77566342,106.67087809,10.51,"10°46'32.39""N, 106°40'15.16""E",FIX,
11:28:21.535,1786163301.535,TRACKING,2.389,-8.081,-2.459,-0.00,0.450,0.000,0.000,0.000,0.000,0.000,11.27,10.77566342,106.67087809,10.51,"10°46'32.39""N, 106°40'15.16""E",FIX,
11:28:21.654,1786163301.655,TRACKING,2.347,-8.115,-2.459,-0.00,0.450,0.000,0.000,0.000,0.000,0.000,11.32,10.77566342,106.67087768,10.51,"10°46'32.39""N, 106°40'15.16""E",FIX,
11:28:21.720,1786163301.721,TRACKING,2.333,-8.127,-2.459,-0.00,0.450,-0.000,0.000,0.000,0.000,0.000,11.34,10.77566342,106.67087768,10.51,"10°46'32.39""N, 106°40'15.16""E",FIX,
11:28:21.812,1786163301.812,TRACKING,2.312,-8.144,-2.459,-0.00,0.450,0.000,0.000,0.000,0.000,0.000,11.37,10.77566342,106.67087727,10.51,"10°46'32.39""N, 106°40'15.16""E",FIX,
11:28:21.882,1786163301.883,TRACKING,2.298,-8.155,-2.459,-0.00,0.450,-0.000,0.000,0.000,0.000,0.000,11.39,10.77566342,106.67087727,10.51,"10°46'32.39""N, 106°40'15.16""E",FIX,
11:28:21.988,1786163301.988,TRACKING,2.270,-8.178,-2.459,-0.00,0.450,0.000,0.000,0.000,0.000,0.000,11.42,10.77566342,106.67087727,10.51,"10°46'32.39""N, 106°40'15.16""E",FIX,
11:28:22.072,1786163302.072,TRACKING,2.242,-8.201,-2.459,-0.00,0.450,0.000,0.000,0.000,0.000,0.000,11.46,10.77566342,106.67087727,10.51,"10°46'32.39""N, 106°40'15.16""E",FIX,
11:28:22.161,1786163302.162,TRACKING,2.221,-8.218,-2.459,-0.00,0.450,0.000,0.000,0.000,0.000,0.000,11.48,10.77566342,106.67087686,10.51,"10°46'32.39""N, 106°40'15.16""E",FIX,
11:28:22.280,1786163302.280,TRACKING,2.193,-8.240,-2.459,-0.00,0.450,0.000,0.000,0.000,0.000,0.000,11.52,10.77566342,106.67087686,10.51,"10°46'32.39""N, 106°40'15.16""E",FIX,
11:28:22.347,1786163302.347,TRACKING,2.179,-8.252,-2.459,-0.00,0.450,-0.000,0.000,0.000,0.000,0.000,11.54,10.77566342,106.67087645,10.51,"10°46'32.39""N, 106°40'15.16""E",FIX,
11:28:22.422,1786163302.422,TRACKING,2.151,-8.275,-2.459,-0.00,0.450,0.000,0.000,0.000,0.000,0.000,11.57,10.77566342,106.67087645,10.51,"10°46'32.39""N, 106°40'15.16""E",FIX,
11:28:22.501,1786163302.502,TRACKING,2.130,-8.292,-2.459,-0.00,0.450,0.000,0.000,0.000,0.000,0.000,11.60,10.77566342,106.67087645,10.51,"10°46'32.39""N, 106°40'15.16""E",FIX,
11:28:22.577,1786163302.578,TRACKING,2.109,-8.309,-2.459,-0.00,0.450,0.000,0.000,0.000,0.000,0.000,11.63,10.77566342,106.67087645,10.51,"10°46'32.39""N, 106°40'15.16""E",FIX,
11:28:22.641,1786163302.641,TRACKING,2.088,-8.326,-2.459,-0.00,0.450,-0.000,0.000,0.000,0.000,0.000,11.66,10.77566342,106.67087604,10.51,"10°46'32.39""N, 106°40'15.15""E",FIX,
11:28:22.750,1786163302.750,TRACKING,2.060,-8.348,-2.459,-0.00,0.450,0.000,0.000,0.000,0.000,0.000,11.69,10.77566342,106.67087604,10.51,"10°46'32.39""N, 106°40'15.15""E",FIX,
11:28:22.851,1786163302.851,TRACKING,2.033,-8.371,-2.459,-0.00,0.450,0.000,0.000,0.000,0.000,0.000,11.73,10.77566342,106.67087562,10.51,"10°46'32.39""N, 106°40'15.15""E",FIX,
11:28:22.917,1786163302.918,TRACKING,2.019,-8.382,-2.459,-0.00,0.450,-0.000,0.000,0.000,0.000,0.000,11.75,10.77566342,106.67087562,10.51,"10°46'32.39""N, 106°40'15.15""E",FIX,
11:28:22.988,1786163302.989,TRACKING,1.998,-8.399,-2.459,-0.00,0.450,0.000,0.000,0.000,0.000,0.000,11.77,10.77566342,106.67087562,10.51,"10°46'32.39""N, 106°40'15.15""E",FIX,
11:28:23.067,1786163303.067,TRACKING,1.970,-8.422,-2.459,-0.00,0.450,0.000,0.000,0.000,0.000,0.000,11.81,10.77566342,106.67087562,10.51,"10°46'32.39""N, 106°40'15.15""E",FIX,
11:28:23.137,1786163303.137,TRACKING,1.949,-8.439,-2.459,-0.00,0.450,0.000,0.000,0.000,0.000,0.000,11.84,10.77566342,106.67087521,10.51,"10°46'32.39""N, 106°40'15.15""E",FIX,
11:28:23.229,1786163303.229,TRACKING,1.928,-8.456,-2.459,-0.00,0.450,0.000,0.000,0.000,0.000,0.000,11.86,10.77566342,106.67087521,10.51,"10°46'32.39""N, 106°40'15.15""E",FIX,
11:28:23.368,1786163303.369,TRACKING,1.900,-8.479,-2.459,-0.00,0.450,0.000,0.000,0.000,0.000,0.000,11.90,10.77566342,106.67087521,10.51,"10°46'32.39""N, 106°40'15.15""E",FIX,
11:28:23.468,1786163303.469,TRACKING,1.879,-8.496,-2.459,-0.00,0.450,-0.000,0.000,0.000,0.000,0.000,11.93,10.77566342,106.67087480,10.51,"10°46'32.39""N, 106°40'15.15""E",FIX,
11:28:23.575,1786163303.575,TRACKING,1.858,-8.513,-2.459,-0.00,0.450,-0.000,0.000,0.000,0.000,0.000,11.95,10.77566342,106.67087480,10.51,"10°46'32.39""N, 106°40'15.15""E",FIX,
11:28:23.691,1786163303.692,TRACKING,1.830,-8.536,-2.459,-0.00,0.450,0.000,0.000,0.000,0.000,0.000,11.99,10.77566342,106.67087480,10.51,"10°46'32.39""N, 106°40'15.15""E",FIX,
11:28:23.766,1786163303.767,TRACKING,1.809,-8.553,-2.459,-0.00,0.450,-0.000,0.000,0.000,0.000,0.000,12.02,10.77566342,106.67087439,10.51,"10°46'32.39""N, 106°40'15.15""E",FIX,
11:28:23.857,1786163303.857,TRACKING,1.788,-8.570,-2.459,-0.00,0.450,0.000,0.000,0.000,0.000,0.000,12.04,10.77566342,106.67087439,10.51,"10°46'32.39""N, 106°40'15.15""E",FIX,
11:28:23.961,1786163303.961,TRACKING,1.767,-8.587,-2.459,-0.00,0.450,0.000,0.000,0.000,0.000,0.000,12.07,10.77566342,106.67087439,10.51,"10°46'32.39""N, 106°40'15.15""E",FIX,
11:28:24.055,1786163304.055,TRACKING,1.739,-8.610,-2.459,-0.00,0.450,0.000,0.000,0.000,0.000,0.000,12.11,10.77566343,106.67087398,10.51,"10°46'32.39""N, 106°40'15.15""E",FIX,
11:28:24.165,1786163304.165,TRACKING,1.718,-8.627,-2.459,-0.00,0.450,0.000,0.000,0.000,0.000,0.000,12.13,10.77566343,106.67087398,10.51,"10°46'32.39""N, 106°40'15.15""E",FIX,
11:28:24.271,1786163304.271,TRACKING,1.690,-8.649,-2.459,-0.00,0.450,0.000,0.000,0.000,0.000,0.000,12.17,10.77566343,106.67087398,10.51,"10°46'32.39""N, 106°40'15.15""E",FIX,
11:28:24.341,1786163304.341,TRACKING,1.669,-8.666,-2.459,-0.00,0.450,0.000,0.000,0.000,0.000,0.000,12.20,10.77566343,106.67087357,10.51,"10°46'32.39""N, 106°40'15.14""E",FIX,
11:28:24.406,1786163304.407,TRACKING,1.656,-8.678,-2.459,-0.00,0.450,-0.000,0.000,0.000,0.000,0.000,12.21,10.77566343,106.67087357,10.51,"10°46'32.39""N, 106°40'15.14""E",FIX,
11:28:24.503,1786163304.504,TRACKING,1.628,-8.700,-2.459,-0.00,0.450,0.000,0.000,0.000,0.000,0.000,12.25,10.77566343,106.67087357,10.51,"10°46'32.39""N, 106°40'15.14""E",FIX,
11:28:24.594,1786163304.595,TRACKING,1.600,-8.723,-2.459,-0.00,0.450,0.000,0.000,0.000,0.000,0.000,12.29,10.77566343,106.67087316,10.51,"10°46'32.39""N, 106°40'15.14""E",FIX,
11:28:24.694,1786163304.695,TRACKING,1.579,-8.740,-2.459,-0.00,0.450,0.000,0.000,0.000,0.000,0.000,12.31,10.77566343,106.67087316,10.51,"10°46'32.39""N, 106°40'15.14""E",FIX,
11:28:24.766,1786163304.766,TRACKING,1.558,-8.757,-2.459,-0.00,0.450,0.000,0.000,0.000,0.000,0.000,12.34,10.77566343,106.67087316,10.51,"10°46'32.39""N, 106°40'15.14""E",FIX,
11:28:24.841,1786163304.841,TRACKING,1.537,-8.774,-2.459,-0.00,0.450,0.000,0.000,0.000,0.000,0.000,12.37,10.77566343,106.67087274,10.51,"10°46'32.39""N, 106°40'15.14""E",FIX,
11:28:24.920,1786163304.920,TRACKING,1.516,-8.791,-2.459,-0.00,0.450,0.000,0.000,0.000,0.000,0.000,12.39,10.77566343,106.67087274,10.51,"10°46'32.39""N, 106°40'15.14""E",FIX,
11:28:25.003,1786163305.004,TRACKING,1.488,-8.814,-2.459,-0.00,0.450,0.000,0.000,0.000,0.000,0.000,12.43,10.77566343,106.67087274,10.51,"10°46'32.39""N, 106°40'15.14""E",FIX,
11:28:25.135,1786163305.136,TRACKING,1.460,-8.837,-2.459,-0.00,0.450,0.000,0.000,0.000,0.000,0.000,12.47,10.77566343,106.67087233,10.51,"10°46'32.39""N, 106°40'15.14""E",FIX,
11:28:25.222,1786163305.223,TRACKING,1.439,-8.854,-2.459,-0.00,0.450,0.000,0.000,0.000,0.000,0.000,12.49,10.77566343,106.67087233,10.51,"10°46'32.39""N, 106°40'15.14""E",FIX,
11:28:25.302,1786163305.302,TRACKING,1.418,-8.871,-2.459,-0.00,0.450,0.000,0.000,0.000,0.000,0.000,12.52,10.77566343,106.67087233,10.51,"10°46'32.39""N, 106°40'15.14""E",FIX,
11:28:25.384,1786163305.384,TRACKING,1.397,-8.888,-2.459,-0.00,0.450,0.000,0.000,0.000,0.000,0.000,12.55,10.77566343,106.67087192,10.51,"10°46'32.39""N, 106°40'15.14""E",FIX,
11:28:25.474,1786163305.475,TRACKING,1.369,-8.911,-2.459,-0.00,0.450,0.000,0.000,0.000,0.000,0.000,12.58,10.77566343,106.67087192,10.51,"10°46'32.39""N, 106°40'15.14""E",FIX,
11:28:25.553,1786163305.554,TRACKING,1.348,-8.928,-2.459,-0.00,0.450,0.000,0.000,0.000,0.000,0.000,12.61,10.77566343,106.67087192,10.51,"10°46'32.39""N, 106°40'15.14""E",FIX,
11:28:25.634,1786163305.634,TRACKING,1.327,-8.945,-2.459,-0.00,0.450,0.000,0.000,0.000,0.000,0.000,12.64,10.77566343,106.67087151,10.51,"10°46'32.39""N, 106°40'15.14""E",FIX,
11:28:25.749,1786163305.750,TRACKING,1.299,-8.967,-2.459,-0.00,0.450,0.000,0.000,0.000,0.000,0.000,12.67,10.77566343,106.67087151,10.51,"10°46'32.39""N, 106°40'15.14""E",FIX,
11:28:25.843,1786163305.843,TRACKING,1.272,-8.990,-2.459,-0.00,0.450,0.000,0.000,0.000,0.000,0.000,12.71,10.77566343,106.67087151,10.51,"10°46'32.39""N, 106°40'15.14""E",FIX,
11:28:25.908,1786163305.908,TRACKING,1.258,-9.002,-2.459,-0.00,0.450,-0.000,0.000,0.000,0.000,0.000,12.73,10.77566343,106.67087110,10.51,"10°46'32.39""N, 106°40'15.14""E",FIX,
11:28:25.990,1786163305.990,TRACKING,1.237,-9.019,-2.459,-0.00,0.450,0.000,0.000,0.000,0.000,0.000,12.75,10.77566343,106.67087110,10.51,"10°46'32.39""N, 106°40'15.14""E",FIX,
11:28:26.067,1786163306.068,TRACKING,1.216,-9.036,-2.459,-0.00,0.450,0.000,0.000,0.000,0.000,0.000,12.78,10.77566343,106.67087110,10.51,"10°46'32.39""N, 106°40'15.14""E",FIX,
11:28:26.180,1786163306.181,TRACKING,1.188,-9.058,-2.459,-0.00,0.450,0.000,0.000,0.000,0.000,0.000,12.82,10.77566343,106.67087069,10.51,"10°46'32.39""N, 106°40'15.13""E",FIX,
11:28:26.275,1786163306.276,TRACKING,1.160,-9.081,-2.459,-0.00,0.450,0.000,0.000,0.000,0.000,0.000,12.85,10.77566343,106.67087069,10.51,"10°46'32.39""N, 106°40'15.13""E",FIX,
11:28:26.380,1786163306.380,TRACKING,1.132,-9.104,-2.459,-0.00,0.450,0.000,0.000,0.000,0.000,0.000,12.89,10.77566343,106.67087069,10.51,"10°46'32.39""N, 106°40'15.13""E",FIX,
11:28:26.492,1786163306.493,TRACKING,1.125,-9.109,-2.459,-0.00,0.450,-0.000,0.000,0.000,0.000,0.000,12.90,10.77566343,106.67087028,10.51,"10°46'32.39""N, 106°40'15.13""E",FIX,
11:28:26.626,1786163306.626,TRACKING,1.097,-9.132,-2.459,-0.00,0.450,0.000,0.000,0.000,0.000,0.000,12.93,10.77566343,106.67087028,10.51,"10°46'32.39""N, 106°40'15.13""E",FIX,
11:28:26.741,1786163306.742,TRACKING,1.069,-9.155,-2.459,-0.00,0.450,0.000,0.000,0.000,0.000,0.000,12.97,10.77566343,106.67087028,10.51,"10°46'32.39""N, 106°40'15.13""E",FIX,
11:28:26.826,1786163306.827,TRACKING,1.048,-9.172,-2.459,-0.00,0.450,0.000,0.000,0.000,0.000,0.000,13.00,10.77566343,106.67086986,10.51,"10°46'32.39""N, 106°40'15.13""E",FIX,
11:28:26.943,1786163306.944,TRACKING,1.020,-9.195,-2.459,-0.00,0.450,0.000,0.000,0.000,0.000,0.000,13.03,10.77566343,106.67086986,10.51,"10°46'32.39""N, 106°40'15.13""E",FIX,
11:28:27.039,1786163307.039,TRACKING,0.999,-9.212,-2.459,-0.00,0.450,0.000,0.000,0.000,0.000,0.000,13.06,10.77566343,106.67086986,10.51,"10°46'32.39""N, 106°40'15.13""E",FIX,
11:28:27.128,1786163307.129,TRACKING,0.978,-9.229,-2.459,-0.00,0.450,0.000,0.000,0.000,0.000,0.000,13.09,10.77566343,106.67086945,10.51,"10°46'32.39""N, 106°40'15.13""E",FIX,
11:28:27.225,1786163307.225,TRACKING,0.950,-9.251,-2.459,-0.00,0.450,0.000,0.000,0.000,0.000,0.000,13.12,10.77566343,106.67086945,10.51,"10°46'32.39""N, 106°40'15.13""E",FIX,
11:28:27.309,1786163307.310,TRACKING,0.929,-9.268,-2.459,-0.00,0.450,0.000,0.000,0.000,0.000,0.000,13.15,10.77566343,106.67086945,10.51,"10°46'32.39""N, 106°40'15.13""E",FIX,
11:28:27.393,1786163307.394,TRACKING,0.909,-9.286,-2.459,-0.00,0.450,-0.000,0.000,0.000,0.000,0.000,13.18,10.77566344,106.67086904,10.51,"10°46'32.39""N, 106°40'15.13""E",FIX,
11:28:27.469,1786163307.469,TRACKING,0.888,-9.303,-2.459,-0.00,0.450,0.000,0.000,0.000,0.000,0.000,13.20,10.77566344,106.67086904,10.51,"10°46'32.39""N, 106°40'15.13""E",FIX,
11:28:27.586,1786163307.587,TRACKING,0.860,-9.325,-2.459,-0.00,0.450,0.000,0.000,0.000,0.000,0.000,13.24,10.77566344,106.67086904,10.51,"10°46'32.39""N, 106°40'15.13""E",FIX,
11:28:27.655,1786163307.656,TRACKING,0.839,-9.342,-2.459,-0.00,0.450,-0.000,0.000,0.000,0.000,0.000,13.27,10.77566344,106.67086863,10.51,"10°46'32.39""N, 106°40'15.13""E",FIX,
11:28:27.751,1786163307.751,TRACKING,0.818,-9.359,-2.459,-0.00,0.450,0.000,0.000,0.000,0.000,0.000,13.29,10.77566344,106.67086863,10.51,"10°46'32.39""N, 106°40'15.13""E",FIX,
11:28:27.831,1786163307.832,TRACKING,0.797,-9.376,-2.459,-0.00,0.450,0.000,0.000,0.000,0.000,0.000,13.32,10.77566344,106.67086863,10.51,"10°46'32.39""N, 106°40'15.13""E",FIX,
11:28:27.921,1786163307.922,TRACKING,0.776,-9.393,-2.459,-0.00,0.450,-0.000,0.000,0.000,0.000,0.000,13.35,10.77566344,106.67086822,10.51,"10°46'32.39""N, 106°40'15.13""E",FIX,
11:28:28.030,1786163308.030,TRACKING,0.741,-9.422,-2.459,-0.00,0.450,0.000,0.000,0.000,0.000,0.000,13.39,10.77566344,106.67086822,10.51,"10°46'32.39""N, 106°40'15.13""E",FIX,
11:28:28.132,1786163308.133,TRACKING,0.713,-9.445,-2.459,-0.00,0.450,0.000,0.000,0.000,0.000,0.000,13.43,10.77566344,106.67086822,10.51,"10°46'32.39""N, 106°40'15.13""E",FIX,
11:28:28.196,1786163308.196,TRACKING,0.706,-9.450,-2.459,-0.00,0.450,-0.000,0.000,0.000,0.000,0.000,13.44,10.77566344,106.67086781,10.51,"10°46'32.39""N, 106°40'15.12""E",FIX,
11:28:28.321,1786163308.321,TRACKING,0.671,-9.479,-2.459,-0.00,0.450,0.000,0.000,0.000,0.000,0.000,13.48,10.77566344,106.67086781,10.51,"10°46'32.39""N, 106°40'15.12""E",FIX,
11:28:28.378,1786163308.378,TRACKING,0.664,-9.484,-2.459,-0.00,0.450,-0.000,0.000,0.000,0.000,0.000,13.49,10.77566344,106.67086781,10.51,"10°46'32.39""N, 106°40'15.12""E",FIX,
11:28:28.475,1786163308.475,TRACKING,0.636,-9.507,-2.459,-0.00,0.450,0.000,0.000,0.000,0.000,0.000,13.53,10.77566344,106.67086740,10.51,"10°46'32.39""N, 106°40'15.12""E",FIX,
11:28:28.557,1786163308.558,TRACKING,0.608,-9.530,-2.459,-0.00,0.450,0.000,0.000,0.000,0.000,0.000,13.56,10.77566344,106.67086740,10.51,"10°46'32.39""N, 106°40'15.12""E",FIX,
11:28:28.635,1786163308.636,TRACKING,0.587,-9.547,-2.459,-0.00,0.450,0.000,0.000,0.000,0.000,0.000,13.59,10.77566344,106.67086740,10.51,"10°46'32.39""N, 106°40'15.12""E",FIX,
11:28:28.741,1786163308.741,TRACKING,0.566,-9.564,-2.459,-0.00,0.450,0.000,0.000,0.000,0.000,0.000,13.62,10.77566344,106.67086698,10.51,"10°46'32.39""N, 106°40'15.12""E",FIX,
11:28:28.847,1786163308.847,TRACKING,0.545,-9.581,-2.459,-0.00,0.450,0.000,0.000,0.000,0.000,0.000,13.64,10.77566344,106.67086698,10.51,"10°46'32.39""N, 106°40'15.12""E",FIX,
11:28:28.923,1786163308.924,TRACKING,0.525,-9.598,-2.459,-0.00,0.450,-0.000,0.000,0.000,0.000,0.000,13.67,10.77566344,106.67086698,10.51,"10°46'32.39""N, 106°40'15.12""E",FIX,
11:28:29.018,1786163309.018,TRACKING,0.497,-9.621,-2.459,-0.00,0.450,0.000,0.000,0.000,0.000,0.000,13.71,10.77566344,106.67086657,10.51,"10°46'32.39""N, 106°40'15.12""E",FIX,
11:28:29.103,1786163309.104,TRACKING,0.476,-9.638,-2.459,-0.00,0.450,0.000,0.000,0.000,0.000,0.000,13.73,10.77566344,106.67086657,10.51,"10°46'32.39""N, 106°40'15.12""E",FIX,
11:28:29.181,1786163309.182,TRACKING,0.448,-9.660,-2.459,-0.00,0.450,0.000,0.000,0.000,0.000,0.000,13.77,10.77566344,106.67086657,10.51,"10°46'32.39""N, 106°40'15.12""E",FIX,
11:28:29.275,1786163309.275,TRACKING,0.427,-9.677,-2.459,-0.00,0.450,-0.000,0.000,0.000,0.000,0.000,13.80,10.77566344,106.67086616,10.51,"10°46'32.39""N, 106°40'15.12""E",FIX,
11:28:29.411,1786163309.411,TRACKING,0.399,-9.700,-2.459,-0.00,0.450,0.000,0.000,0.000,0.000,0.000,13.83,10.77566344,106.67086616,10.51,"10°46'32.39""N, 106°40'15.12""E",FIX,
11:28:29.487,1786163309.487,TRACKING,0.378,-9.717,-2.459,-0.00,0.450,-0.000,0.000,0.000,0.000,0.000,13.86,10.77566344,106.67086616,10.51,"10°46'32.39""N, 106°40'15.12""E",FIX,
11:28:29.567,1786163309.567,TRACKING,0.357,-9.734,-2.459,-0.00,0.450,0.000,0.000,0.000,0.000,0.000,13.89,10.77566344,106.67086575,10.51,"10°46'32.39""N, 106°40'15.12""E",FIX,
11:28:29.643,1786163309.644,TRACKING,0.336,-9.751,-2.459,-0.00,0.450,0.000,0.000,0.000,0.000,0.000,13.91,10.77566344,106.67086575,10.51,"10°46'32.39""N, 106°40'15.12""E",FIX,
11:28:29.723,1786163309.723,TRACKING,0.315,-9.768,-2.459,-0.00,0.450,0.000,0.000,0.000,0.000,0.000,13.94,10.77566344,106.67086575,10.51,"10°46'32.39""N, 106°40'15.12""E",FIX,
11:28:29.814,1786163309.814,TRACKING,0.287,-9.791,-2.459,-0.00,0.450,0.000,0.000,0.000,0.000,0.000,13.98,10.77566344,106.67086534,10.51,"10°46'32.39""N, 106°40'15.12""E",FIX,
11:28:29.890,1786163309.890,TRACKING,0.266,-9.808,-2.459,-0.00,0.450,-0.000,0.000,0.000,0.000,0.000,14.00,10.77566344,106.67086534,10.51,"10°46'32.39""N, 106°40'15.12""E",FIX,
11:28:30.024,1786163310.024,TRACKING,0.231,-9.836,-2.459,-0.00,0.450,0.000,0.000,0.000,0.000,0.000,14.05,10.77566344,106.67086534,10.51,"10°46'32.39""N, 106°40'15.12""E",FIX,
11:28:30.088,1786163310.089,TRACKING,0.224,-9.842,-2.459,-0.00,0.450,-0.000,0.000,0.000,0.000,0.000,14.06,10.77566344,106.67086534,10.51,"10°46'32.39""N, 106°40'15.12""E",FIX,
11:28:30.193,1786163310.193,TRACKING,0.196,-9.865,-2.459,-0.00,0.450,0.000,0.000,0.000,0.000,0.000,14.09,10.77566344,106.67086493,10.51,"10°46'32.39""N, 106°40'15.11""E",FIX,
11:28:30.283,1786163310.284,TRACKING,0.175,-9.882,-2.459,-0.00,0.450,0.000,0.000,0.000,0.000,0.000,14.12,10.77566344,106.67086493,10.51,"10°46'32.39""N, 106°40'15.11""E",FIX,
11:28:30.389,1786163310.389,TRACKING,0.148,-9.905,-2.459,-0.00,0.450,0.000,0.000,0.000,0.000,0.000,14.16,10.77566344,106.67086451,10.51,"10°46'32.39""N, 106°40'15.11""E",FIX,
11:28:30.503,1786163310.504,TRACKING,0.127,-9.922,-2.459,-0.00,0.450,0.000,0.000,0.000,0.000,0.000,14.18,10.77566344,106.67086451,10.51,"10°46'32.39""N, 106°40'15.11""E",FIX,
11:28:40.340,1786163320.341,UTURN_PLANNING,-2.417,-11.991,-2.459,0.00,0.000,0.000,0.000,0.000,0.000,0.000,0.00,10.77566348,106.67084937,10.51,"10°46'32.39""N, 106°40'15.06""E",FIX,
11:28:40.352,1786163320.353,PATH_FOLLOWING,-2.417,-11.991,-2.459,88.68,0.020,-1.500,0.000,0.000,0.000,0.000,0.00,10.77566348,106.67084937,10.51,"10°46'32.39""N, 106°40'15.06""E",FIX,
11:28:40.367,1786163320.368,PATH_FOLLOWING,-2.417,-11.991,-2.459,88.68,0.020,-1.500,0.000,0.000,0.000,0.000,0.00,10.77566348,106.67084937,10.51,"10°46'32.39""N, 106°40'15.06""E",FIX,
11:28:40.374,1786163320.375,PATH_FOLLOWING,-2.417,-11.991,-2.459,88.68,0.020,-1.500,0.000,0.000,0.000,0.000,0.00,10.77566348,106.67084937,10.51,"10°46'32.39""N, 106°40'15.06""E",FIX,
11:28:40.388,1786163320.389,PATH_FOLLOWING,-2.417,-11.991,-2.459,88.68,0.020,-1.500,0.000,0.000,0.000,0.000,0.00,10.77566348,106.67084937,10.51,"10°46'32.39""N, 106°40'15.06""E",FIX,
11:28:40.397,1786163320.398,PATH_FOLLOWING,-2.417,-11.991,-2.459,88.68,0.020,-1.500,0.000,0.000,0.000,0.000,0.00,10.77566348,106.67084937,10.51,"10°46'32.39""N, 106°40'15.06""E",FIX,
11:28:40.420,1786163320.421,PATH_FOLLOWING,-2.418,-11.992,-2.513,88.68,0.020,-1.500,0.000,0.000,0.000,0.000,0.00,10.77566348,106.67084937,10.51,"10°46'32.39""N, 106°40'15.06""E",FIX,
11:28:40.522,1786163320.523,PATH_FOLLOWING,-2.419,-11.992,-2.633,88.68,0.020,-1.500,0.000,0.000,0.000,0.000,0.00,10.77566347,106.67084937,10.51,"10°46'32.39""N, 106°40'15.06""E",FIX,
11:28:40.622,1786163320.623,PATH_FOLLOWING,-2.420,-11.993,-2.723,88.68,0.020,-1.500,0.000,0.000,0.000,0.000,0.00,10.77566347,106.67084937,10.51,"10°46'32.39""N, 106°40'15.06""E",FIX,
11:28:40.690,1786163320.690,PATH_FOLLOWING,-2.421,-11.993,-2.813,88.68,0.020,-1.500,0.000,0.000,0.000,0.000,0.00,10.77566347,106.67084937,10.51,"10°46'32.39""N, 106°40'15.06""E",FIX,
11:28:40.758,1786163320.759,PATH_FOLLOWING,-2.422,-11.994,-2.903,88.68,0.020,-1.500,0.000,0.000,0.000,0.000,0.00,10.77566339,106.67084935,10.51,"10°46'32.39""N, 106°40'15.06""E",FIX,
11:28:40.828,1786163320.828,PATH_FOLLOWING,-2.423,-11.994,-2.993,88.68,0.020,-1.500,0.000,0.000,0.000,0.000,0.00,10.77566339,106.67084935,10.51,"10°46'32.39""N, 106°40'15.06""E",FIX,
11:28:40.930,1786163320.930,PATH_FOLLOWING,-2.425,-11.994,-3.113,88.68,0.020,-1.500,0.000,0.000,0.000,0.000,0.00,10.77566339,106.67084935,10.51,"10°46'32.39""N, 106°40'15.06""E",FIX,
11:28:41.011,1786163321.011,PATH_FOLLOWING,-2.426,-11.994,3.081,88.68,0.020,-1.500,0.000,0.000,0.000,0.000,0.00,10.77566323,106.67084933,10.51,"10°46'32.39""N, 106°40'15.06""E",FIX,
11:28:41.084,1786163321.084,PATH_FOLLOWING,-2.427,-11.994,2.991,88.68,0.020,-1.500,0.000,0.000,0.000,0.000,0.00,10.77566323,106.67084933,10.51,"10°46'32.39""N, 106°40'15.06""E",FIX,
11:28:41.191,1786163321.191,PATH_FOLLOWING,-2.429,-11.994,2.871,88.68,0.020,-1.500,0.000,0.000,0.000,0.000,0.00,10.77566323,106.67084933,10.51,"10°46'32.39""N, 106°40'15.06""E",FIX,
11:28:41.285,1786163321.285,PATH_FOLLOWING,-2.431,-11.993,2.751,88.68,0.020,-1.500,0.000,0.000,0.000,0.000,0.00,10.77566308,106.67084932,10.51,"10°46'32.39""N, 106°40'15.06""E",FIX,
11:28:41.344,1786163321.344,PATH_FOLLOWING,-2.431,-11.993,2.691,88.68,0.020,-1.500,0.000,0.000,0.000,0.000,0.00,10.77566308,106.67084932,10.51,"10°46'32.39""N, 106°40'15.06""E",FIX,
11:28:41.435,1786163321.436,PATH_FOLLOWING,-2.432,-11.992,2.601,88.68,0.020,-1.500,0.000,0.000,0.000,0.000,0.00,10.77566308,106.67084932,10.51,"10°46'32.39""N, 106°40'15.06""E",FIX,
11:28:41.517,1786163321.517,PATH_FOLLOWING,-2.433,-11.992,2.511,88.68,0.020,-1.500,0.000,0.000,0.000,0.000,0.00,10.77566298,106.67084930,10.51,"10°46'32.39""N, 106°40'15.06""E",FIX,
11:28:41.618,1786163321.619,PATH_FOLLOWING,-2.435,-11.990,2.391,88.68,0.020,-1.500,0.000,0.000,0.000,0.000,0.00,10.77566298,106.67084930,10.51,"10°46'32.39""N, 106°40'15.06""E",FIX,
11:28:41.745,1786163321.746,PATH_FOLLOWING,-2.436,-11.989,2.271,88.61,0.021,-1.500,0.000,0.000,0.000,0.000,0.00,10.77566298,106.67084930,10.51,"10°46'32.39""N, 106°40'15.06""E",FIX,
11:28:41.837,1786163321.838,PATH_FOLLOWING,-2.437,-11.988,2.151,87.35,0.040,-1.500,0.000,0.000,0.000,0.000,0.00,10.77566291,106.67084928,10.51,"10°46'32.39""N, 106°40'15.06""E",FIX,
11:28:41.901,1786163321.902,PATH_FOLLOWING,-2.437,-11.987,2.091,86.60,0.052,-1.500,0.000,0.000,0.000,0.000,0.00,10.77566291,106.67084928,10.51,"10°46'32.39""N, 106°40'15.06""E",FIX,
11:28:42.017,1786163322.018,PATH_FOLLOWING,-2.439,-11.983,1.971,84.94,0.077,-1.500,0.000,0.000,0.000,0.000,0.00,10.77566291,106.67084928,10.51,"10°46'32.39""N, 106°40'15.06""E",FIX,
11:28:42.076,1786163322.076,PATH_FOLLOWING,-2.440,-11.981,1.911,84.05,0.091,-1.500,0.000,0.000,0.000,0.000,0.00,10.77566290,106.67084926,10.51,"10°46'32.39""N, 106°40'15.06""E",FIX,
11:28:42.165,1786163322.165,PATH_FOLLOWING,-2.442,-11.974,1.791,82.23,0.119,-1.500,0.000,0.000,0.000,0.000,0.00,10.77566290,106.67084926,10.51,"10°46'32.39""N, 106°40'15.06""E",FIX,
11:28:42.242,1786163322.243,PATH_FOLLOWING,-2.443,-11.968,1.701,80.86,0.140,-1.500,0.000,0.000,0.000,0.000,0.00,10.77566290,106.67084926,10.51,"10°46'32.39""N, 106°40'15.06""E",FIX,
11:28:42.346,1786163322.347,PATH_FOLLOWING,-2.444,-11.957,1.581,79.11,0.167,-1.500,0.000,0.000,0.000,0.000,0.00,10.77566295,106.67084919,10.51,"10°46'32.39""N, 106°40'15.06""E",FIX,
11:28:42.432,1786163322.432,PATH_FOLLOWING,-2.443,-11.948,1.491,77.89,0.187,-1.500,0.000,0.000,0.000,0.000,0.00,10.77566295,106.67084919,10.51,"10°46'32.39""N, 106°40'15.06""E",FIX,
11:28:42.499,1786163322.500,PATH_FOLLOWING,-2.442,-11.937,1.401,76.80,0.204,-1.500,0.000,0.000,0.000,0.000,0.00,10.77566295,106.67084919,10.51,"10°46'32.39""N, 106°40'15.06""E",FIX,
11:28:42.588,1786163322.589,PATH_FOLLOWING,-2.440,-11.925,1.311,73.23,0.219,-1.254,0.000,0.000,0.000,0.000,0.00,10.77566306,106.67084908,10.51,"10°46'32.39""N, 106°40'15.06""E",FIX,
11:28:42.673,1786163322.673,PATH_FOLLOWING,-2.434,-11.909,1.204,65.87,0.234,-0.900,0.000,0.000,0.000,0.000,0.00,10.77566306,106.67084908,10.51,"10°46'32.39""N, 106°40'15.06""E",FIX,
11:28:42.742,1786163322.742,PATH_FOLLOWING,-2.429,-11.896,1.144,59.48,0.240,-0.702,0.000,0.000,0.000,0.000,0.00,10.77566306,106.67084908,10.51,"10°46'32.39""N, 106°40'15.06""E",FIX,
11:28:42.839,1786163322.839,PATH_FOLLOWING,-2.423,-11.883,1.099,52.92,0.244,-0.556,0.000,0.000,0.000,0.000,0.00,10.77566322,106.67084894,10.51,"10°46'32.39""N, 106°40'15.06""E",FIX,
11:28:42.918,1786163322.919,PATH_FOLLOWING,-2.416,-11.871,1.062,45.66,0.246,-0.434,0.000,0.000,0.000,0.000,0.00,10.77566322,106.67084894,10.51,"10°46'32.39""N, 106°40'15.06""E",FIX,
11:28:43.025,1786163323.026,PATH_FOLLOWING,-2.403,-11.849,1.015,33.38,0.248,-0.282,0.000,0.000,0.000,0.000,0.00,10.77566322,106.67084894,10.51,"10°46'32.39""N, 106°40'15.06""E",FIX,
11:28:43.127,1786163323.127,PATH_FOLLOWING,-2.393,-11.833,0.991,25.31,0.249,-0.203,0.000,0.000,0.000,0.000,0.00,10.77566340,106.67084880,10.51,"10°46'32.39""N, 106°40'15.06""E",FIX,
11:28:43.161,1786163323.161,PATH_FOLLOWING,-2.390,-11.828,0.986,23.37,0.249,-0.186,0.000,0.000,0.000,0.000,0.00,10.77566340,106.67084880,10.51,"10°46'32.39""N, 106°40'15.06""E",FIX,
11:28:43.257,1786163323.257,PATH_FOLLOWING,-2.379,-11.812,0.970,17.60,0.250,-0.137,0.000,0.000,0.000,0.000,0.00,10.77566340,106.67084880,10.51,"10°46'32.39""N, 106°40'15.06""E",FIX,
11:28:43.328,1786163323.328,PATH_FOLLOWING,-2.370,-11.800,0.961,13.99,0.250,-0.107,0.000,0.000,0.000,0.000,0.00,10.77566359,106.67084866,10.51,"10°46'32.39""N, 106°40'15.06""E",FIX,
11:28:43.396,1786163323.397,PATH_FOLLOWING,-2.362,-11.787,0.954,11.13,0.250,-0.085,0.000,0.000,0.000,0.000,0.00,10.77566359,106.67084866,10.51,"10°46'32.39""N, 106°40'15.06""E",FIX,
11:28:43.489,1786163323.489,PATH_FOLLOWING,-2.350,-11.771,0.947,8.14,0.250,-0.062,0.000,0.000,0.000,0.000,0.00,10.77566359,106.67084866,10.51,"10°46'32.39""N, 106°40'15.06""E",FIX,
11:28:43.595,1786163323.595,PATH_FOLLOWING,-2.338,-11.755,0.942,5.93,0.250,-0.045,0.000,0.000,0.000,0.000,0.00,10.77566377,106.67084853,10.51,"10°46'32.39""N, 106°40'15.05""E",FIX,
11:28:43.692,1786163323.693,PATH_FOLLOWING,-2.329,-11.743,0.939,4.72,0.250,-0.036,0.000,0.000,0.000,0.000,0.00,10.77566377,106.67084853,10.51,"10°46'32.39""N, 106°40'15.05""E",FIX,
11:28:43.777,1786163323.777,PATH_FOLLOWING,-2.321,-11.731,0.937,3.74,0.250,-0.028,0.000,0.000,0.000,0.000,0.00,10.77566377,106.67084853,10.51,"10°46'32.39""N, 106°40'15.05""E",FIX,
11:28:43.896,1786163323.897,PATH_FOLLOWING,-2.309,-11.715,0.934,2.74,0.250,-0.021,0.000,0.000,0.000,0.000,0.00,10.77566396,106.67084840,10.51,"10°46'32.39""N, 106°40'15.05""E",FIX,
11:28:43.972,1786163323.972,PATH_FOLLOWING,-2.300,-11.703,0.933,2.16,0.250,-0.016,0.000,0.000,0.000,0.000,0.00,10.77566396,106.67084840,10.51,"10°46'32.39""N, 106°40'15.05""E",FIX,
11:28:44.061,1786163324.061,PATH_FOLLOWING,-2.291,-11.691,0.932,1.73,0.250,-0.013,0.000,0.000,0.000,0.000,0.00,10.77566396,106.67084840,10.51,"10°46'32.39""N, 106°40'15.05""E",FIX,
11:28:44.132,1786163324.133,PATH_FOLLOWING,-2.282,-11.678,0.931,1.37,0.250,-0.010,0.000,0.000,0.000,0.000,0.00,10.77566415,106.67084828,10.51,"10°46'32.39""N, 106°40'15.05""E",FIX,
11:28:44.204,1786163324.205,PATH_FOLLOWING,-2.273,-11.666,0.931,1.09,0.250,-0.008,0.000,0.000,0.000,0.000,0.00,10.77566415,106.67084828,10.51,"10°46'32.39""N, 106°40'15.05""E",FIX,
11:28:44.300,1786163324.300,PATH_FOLLOWING,-2.264,-11.654,0.930,0.88,0.250,-0.007,0.000,0.000,0.000,0.000,0.00,10.77566415,106.67084828,10.51,"10°46'32.39""N, 106°40'15.05""E",FIX,
11:28:44.415,1786163324.415,PATH_FOLLOWING,-2.252,-11.638,0.929,0.64,0.250,-0.005,0.000,0.000,0.000,0.000,0.00,10.77566434,106.67084815,10.51,"10°46'32.39""N, 106°40'15.05""E",FIX,
11:28:44.495,1786163324.495,PATH_FOLLOWING,-2.243,-11.626,0.929,0.50,0.250,-0.004,0.000,0.000,0.000,0.000,0.00,10.77566434,106.67084815,10.51,"10°46'32.39""N, 106°40'15.05""E",FIX,
11:28:44.609,1786163324.609,PATH_FOLLOWING,-2.231,-11.610,0.929,0.37,0.250,-0.003,0.000,0.000,0.000,0.000,0.00,10.77566434,106.67084815,10.51,"10°46'32.39""N, 106°40'15.05""E",FIX,
11:28:44.702,1786163324.702,PATH_FOLLOWING,-2.222,-11.598,0.929,0.29,0.250,-0.002,0.000,0.000,0.000,0.000,0.00,10.77566453,106.67084803,10.51,"10°46'32.39""N, 106°40'15.05""E",FIX,
11:28:44.770,1786163324.771,PATH_FOLLOWING,-2.213,-11.586,0.928,0.23,0.250,-0.002,0.000,0.000,0.000,0.000,0.00,10.77566453,106.67084803,10.51,"10°46'32.39""N, 106°40'15.05""E",FIX,
11:28:44.897,1786163324.897,PATH_FOLLOWING,-2.201,-11.570,0.928,0.17,0.250,-0.001,0.000,0.000,0.000,0.000,0.00,10.77566453,106.67084803,10.51,"10°46'32.39""N, 106°40'15.05""E",FIX,
11:28:45.023,1786163325.024,PATH_FOLLOWING,-2.189,-11.554,0.928,0.13,0.250,-0.001,0.000,0.000,0.000,0.000,0.00,10.77566472,106.67084791,10.51,"10°46'32.39""N, 106°40'15.05""E",FIX,
11:28:45.111,1786163325.111,PATH_FOLLOWING,-2.180,-11.542,0.928,0.10,0.250,-0.001,0.000,0.000,0.000,0.000,0.00,10.77566472,106.67084791,10.51,"10°46'32.39""N, 106°40'15.05""E",FIX,
11:28:45.191,1786163325.191,PATH_FOLLOWING,-2.171,-11.530,0.928,0.08,0.250,-0.001,0.000,0.000,0.000,0.000,0.00,10.77566472,106.67084791,10.51,"10°46'32.39""N, 106°40'15.05""E",FIX,
11:28:45.293,1786163325.293,PATH_FOLLOWING,-2.165,-11.522,0.928,0.07,0.250,-0.001,0.000,0.000,0.000,0.000,0.00,10.77566491,106.67084778,10.51,"10°46'32.39""N, 106°40'15.05""E",FIX,
11:28:45.400,1786163325.400,PATH_FOLLOWING,-2.150,-11.502,0.928,0.05,0.250,-0.000,0.000,0.000,0.000,0.000,0.00,10.77566491,106.67084778,10.51,"10°46'32.39""N, 106°40'15.05""E",FIX,
11:28:45.469,1786163325.470,PATH_FOLLOWING,-2.144,-11.494,0.928,0.04,0.250,-0.000,0.000,0.000,0.000,0.000,0.00,10.77566491,106.67084778,10.51,"10°46'32.39""N, 106°40'15.05""E",FIX,
11:28:45.567,1786163325.568,PATH_FOLLOWING,-2.135,-11.482,0.928,0.03,0.250,-0.000,0.000,0.000,0.000,0.000,0.00,10.77566510,106.67084766,10.51,"10°46'32.39""N, 106°40'15.05""E",FIX,
11:28:45.703,1786163325.704,PATH_FOLLOWING,-2.120,-11.462,0.928,0.02,0.250,-0.000,0.000,0.000,0.000,0.000,0.00,10.77566510,106.67084766,10.51,"10°46'32.39""N, 106°40'15.05""E",FIX,
11:28:45.787,1786163325.788,PATH_FOLLOWING,-2.111,-11.450,0.928,0.02,0.250,-0.000,0.000,0.000,0.000,0.000,0.00,10.77566510,106.67084766,10.51,"10°46'32.39""N, 106°40'15.05""E",FIX,
11:28:45.903,1786163325.903,PATH_FOLLOWING,-2.105,-11.442,0.928,0.02,0.250,-0.000,0.000,0.000,0.000,0.000,0.00,10.77566529,106.67084753,10.51,"10°46'32.40""N, 106°40'15.05""E",FIX,
11:28:46.051,1786163326.052,PATH_FOLLOWING,-2.093,-11.426,0.928,0.01,0.250,-0.000,0.000,0.000,0.000,0.000,0.00,10.77566529,106.67084753,10.51,"10°46'32.40""N, 106°40'15.05""E",FIX,
11:28:46.133,1786163326.133,PATH_FOLLOWING,-2.084,-11.414,0.928,0.01,0.250,-0.000,0.000,0.000,0.000,0.000,0.00,10.77566529,106.67084753,10.51,"10°46'32.40""N, 106°40'15.05""E",FIX,
11:28:46.213,1786163326.213,PATH_FOLLOWING,-2.075,-11.402,0.928,0.01,0.250,-0.000,0.000,0.000,0.000,0.000,0.00,10.77566548,106.67084741,10.51,"10°46'32.40""N, 106°40'15.05""E",FIX,
11:28:46.336,1786163326.337,PATH_FOLLOWING,-2.063,-11.386,0.928,0.01,0.250,-0.000,0.000,0.000,0.000,0.000,0.00,10.77566548,106.67084741,10.51,"10°46'32.40""N, 106°40'15.05""E",FIX,
11:28:46.408,1786163326.408,PATH_FOLLOWING,-2.057,-11.378,0.928,0.01,0.250,-0.000,0.000,0.000,0.000,0.000,0.00,10.77566548,106.67084741,10.51,"10°46'32.40""N, 106°40'15.05""E",FIX,
11:28:46.536,1786163326.536,PATH_FOLLOWING,-2.045,-11.362,0.928,0.00,0.250,-0.000,0.000,0.000,0.000,0.000,0.00,10.77566567,106.67084729,10.51,"10°46'32.40""N, 106°40'15.05""E",FIX,
11:28:46.652,1786163326.653,PATH_FOLLOWING,-2.033,-11.346,0.928,0.00,0.000,0.000,0.000,0.000,0.000,0.000,0.00,10.77566567,106.67084729,10.51,"10°46'32.40""N, 106°40'15.05""E",FIX,
11:28:46.750,1786163326.751,UTURN_EXECUTION,-2.030,-11.342,0.928,-73.97,0.250,1.500,0.000,0.000,0.000,0.000,0.00,10.77566567,106.67084729,10.51,"10°46'32.40""N, 106°40'15.05""E",FIX,
11:28:46.835,1786163326.836,UTURN_EXECUTION,-2.027,-11.337,0.967,-73.97,0.250,1.500,0.000,0.000,0.000,0.000,0.00,10.77566578,106.67084721,10.51,"10°46'32.40""N, 106°40'15.05""E",FIX,
11:28:46.931,1786163326.932,UTURN_EXECUTION,-2.016,-11.320,1.087,-73.97,0.250,1.500,0.000,0.000,0.000,0.000,0.00,10.77566578,106.67084721,10.51,"10°46'32.40""N, 106°40'15.05""E",FIX,
11:28:47.022,1786163327.023,UTURN_EXECUTION,-2.010,-11.306,1.177,-73.97,0.250,1.500,0.000,0.000,0.000,0.000,0.00,10.77566578,106.67084721,10.51,"10°46'32.40""N, 106°40'15.05""E",FIX,
11:28:47.129,1786163327.130,UTURN_EXECUTION,-2.005,-11.292,1.267,-73.97,0.250,1.500,0.000,0.000,0.000,0.000,0.00,10.77566596,106.67084711,10.51,"10°46'32.40""N, 106°40'15.05""E",FIX,
11:28:47.252,1786163327.252,UTURN_EXECUTION,-2.000,-11.273,1.387,-73.97,0.250,1.500,0.000,0.000,0.000,0.000,0.00,10.77566596,106.67084711,10.51,"10°46'32.40""N, 106°40'15.05""E",FIX,
11:28:47.349,1786163327.350,UTURN_EXECUTION,-1.997,-11.253,1.507,-73.97,0.250,1.500,0.000,0.000,0.000,0.000,0.00,10.77566596,106.67084711,10.51,"10°46'32.40""N, 106°40'15.05""E",FIX,
11:28:47.408,1786163327.408,UTURN_EXECUTION,-1.997,-11.243,1.567,-73.97,0.250,1.500,0.000,0.000,0.000,0.000,0.00,10.77566613,106.67084696,10.51,"10°46'32.40""N, 106°40'15.05""E",FIX,
11:28:47.500,1786163327.501,UTURN_EXECUTION,-1.998,-11.228,1.657,-73.97,0.250,1.500,0.000,0.000,0.000,0.000,0.00,10.77566613,106.67084696,10.51,"10°46'32.40""N, 106°40'15.05""E",FIX,
11:28:47.609,1786163327.610,UTURN_EXECUTION,-2.000,-11.213,1.747,-73.97,0.250,1.500,0.000,0.000,0.000,0.000,0.00,10.77566613,106.67084696,10.51,"10°46'32.40""N, 106°40'15.05""E",FIX,
11:28:47.707,1786163327.708,UTURN_EXECUTION,-2.004,-11.194,1.867,-73.97,0.250,1.500,0.000,0.000,0.000,0.000,0.00,10.77566629,106.67084680,10.51,"10°46'32.40""N, 106°40'15.05""E",FIX,
11:28:47.792,1786163327.793,UTURN_EXECUTION,-2.009,-11.180,1.957,-73.97,0.250,1.500,0.000,0.000,0.000,0.000,0.00,10.77566629,106.67084680,10.51,"10°46'32.40""N, 106°40'15.05""E",FIX,
11:28:47.867,1786163327.868,UTURN_EXECUTION,-2.016,-11.166,2.047,-73.97,0.250,1.500,0.000,0.000,0.000,0.000,0.00,10.77566629,106.67084680,10.51,"10°46'32.40""N, 106°40'15.05""E",FIX,
11:28:47.969,1786163327.969,UTURN_EXECUTION,-2.026,-11.149,2.167,-73.97,0.250,1.500,0.000,0.000,0.000,0.000,0.00,10.77566645,106.67084662,10.51,"10°46'32.40""N, 106°40'15.05""E",FIX,
11:28:48.040,1786163328.041,UTURN_EXECUTION,-2.035,-11.137,2.257,-73.97,0.250,1.500,0.000,0.000,0.000,0.000,0.00,10.77566645,106.67084662,10.51,"10°46'32.40""N, 106°40'15.05""E",FIX,
11:28:48.130,1786163328.130,UTURN_EXECUTION,-2.045,-11.126,2.347,-73.97,0.250,1.500,0.000,0.000,0.000,0.000,0.00,10.77566645,106.67084662,10.51,"10°46'32.40""N, 106°40'15.05""E",FIX,
11:28:48.257,1786163328.257,UTURN_EXECUTION,-2.060,-11.112,2.467,-73.97,0.250,1.500,0.000,0.000,0.000,0.000,0.00,10.77566664,106.67084643,10.51,"10°46'32.40""N, 106°40'15.05""E",FIX,
11:28:48.356,1786163328.357,UTURN_EXECUTION,-2.072,-11.103,2.557,-73.97,0.250,1.500,0.000,0.000,0.000,0.000,0.00,10.77566664,106.67084643,10.51,"10°46'32.40""N, 106°40'15.05""E",FIX,
11:28:48.416,1786163328.416,UTURN_EXECUTION,-2.085,-11.096,2.647,-73.97,0.250,1.500,0.000,0.000,0.000,0.000,0.00,10.77566664,106.67084643,10.51,"10°46'32.40""N, 106°40'15.05""E",FIX,
11:28:48.497,1786163328.497,UTURN_EXECUTION,-2.098,-11.089,2.737,-73.97,0.250,1.500,0.000,0.000,0.000,0.000,0.00,10.77566664,106.67084643,10.51,"10°46'32.40""N, 106°40'15.05""E",FIX,
11:28:48.575,1786163328.576,UTURN_EXECUTION,-2.112,-11.084,2.827,-73.97,0.250,1.500,0.000,0.000,0.000,0.000,0.00,10.77566684,106.67084623,10.51,"10°46'32.40""N, 106°40'15.05""E",FIX,
11:28:48.714,1786163328.715,UTURN_EXECUTION,-2.141,-11.077,3.007,-73.97,0.250,1.500,0.000,0.000,0.000,0.000,0.00,10.77566684,106.67084623,10.51,"10°46'32.40""N, 106°40'15.05""E",FIX,
11:28:48.780,1786163328.780,UTURN_EXECUTION,-2.151,-11.076,3.067,-73.97,0.250,1.500,0.000,0.000,0.000,0.000,0.00,10.77566707,106.67084601,10.51,"10°46'32.40""N, 106°40'15.05""E",FIX,
11:28:48.842,1786163328.842,UTURN_EXECUTION,-2.161,-11.076,3.127,-73.97,0.250,1.500,0.000,0.000,0.000,0.000,0.00,10.77566707,106.67084601,10.51,"10°46'32.40""N, 106°40'15.05""E",FIX,
11:28:48.922,1786163328.922,UTURN_EXECUTION,-2.176,-11.076,-3.066,-73.97,0.250,1.500,0.000,0.000,0.000,0.000,0.00,10.77566707,106.67084601,10.51,"10°46'32.40""N, 106°40'15.05""E",FIX,
11:28:49.011,1786163329.012,UTURN_EXECUTION,-2.196,-11.079,-2.946,-73.97,0.250,1.500,0.000,0.000,0.000,0.000,0.00,10.77566707,106.67084601,10.51,"10°46'32.40""N, 106°40'15.05""E",FIX,
11:28:49.103,1786163329.104,UTURN_EXECUTION,-2.211,-11.083,-2.856,-73.97,0.250,1.500,0.000,0.000,0.000,0.000,0.00,10.77566730,106.67084579,10.51,"10°46'32.40""N, 106°40'15.04""E",FIX,
11:28:49.248,1786163329.249,UTURN_EXECUTION,-2.234,-11.091,-2.706,-73.97,0.250,1.500,0.000,0.000,0.000,0.000,0.00,10.77566730,106.67084579,10.51,"10°46'32.40""N, 106°40'15.04""E",FIX,
11:28:49.326,1786163329.326,UTURN_EXECUTION,-2.243,-11.096,-2.646,-73.97,0.250,1.500,0.000,0.000,0.000,0.000,0.00,10.77566730,106.67084579,10.51,"10°46'32.40""N, 106°40'15.04""E",FIX,
11:28:49.400,1786163329.401,UTURN_EXECUTION,-2.256,-11.104,-2.556,-73.97,0.250,1.500,0.000,0.000,0.000,0.000,0.00,10.77566755,106.67084557,10.51,"10°46'32.40""N, 106°40'15.04""E",FIX,
11:28:49.528,1786163329.529,UTURN_EXECUTION,-2.272,-11.116,-2.436,-73.97,0.250,1.500,0.000,0.000,0.000,0.000,0.00,10.77566755,106.67084557,10.51,"10°46'32.40""N, 106°40'15.04""E",FIX,
11:28:49.627,1786163329.627,UTURN_EXECUTION,-2.286,-11.129,-2.316,-73.97,0.250,1.500,0.000,0.000,0.000,0.000,0.00,10.77566779,106.67084534,10.51,"10°46'32.40""N, 106°40'15.04""E",FIX,
11:28:49.656,1786163329.657,UTURN_EXECUTION,-2.293,-11.137,-2.256,-73.97,0.250,1.500,0.000,0.000,0.000,0.000,0.00,10.77566779,106.67084534,10.51,"10°46'32.40""N, 106°40'15.04""E",FIX,
11:28:49.739,1786163329.739,UTURN_EXECUTION,-2.302,-11.149,-2.166,-73.97,0.250,1.500,0.000,0.000,0.000,0.000,0.00,10.77566779,106.67084534,10.51,"10°46'32.40""N, 106°40'15.04""E",FIX,
11:28:49.833,1786163329.833,UTURN_EXECUTION,-2.312,-11.166,-2.046,-73.97,0.250,1.500,0.000,0.000,0.000,0.000,0.00,10.77566779,106.67084534,10.51,"10°46'32.40""N, 106°40'15.04""E",FIX,
11:28:49.947,1786163329.948,UTURN_EXECUTION,-2.320,-11.184,-1.926,-73.97,0.250,1.500,0.000,0.000,0.000,0.000,0.00,10.77566797,106.67084511,10.51,"10°46'32.40""N, 106°40'15.04""E",FIX,
11:28:50.042,1786163330.042,UTURN_EXECUTION,-2.323,-11.194,-1.866,-73.97,0.250,1.500,0.000,0.000,0.000,0.000,0.00,10.77566797,106.67084511,10.51,"10°46'32.40""N, 106°40'15.04""E",FIX,
11:28:50.139,1786163330.140,UTURN_EXECUTION,-2.328,-11.213,-1.746,-73.97,0.250,1.500,0.000,0.000,0.000,0.000,0.00,10.77566797,106.67084511,10.51,"10°46'32.40""N, 106°40'15.04""E",FIX,
11:28:50.227,1786163330.227,UTURN_EXECUTION,-2.330,-11.228,-1.656,-73.97,0.250,1.500,0.000,0.000,0.000,0.000,0.00,10.77566810,106.67084489,10.51,"10°46'32.41""N, 106°40'15.04""E",FIX,
11:28:50.303,1786163330.304,UTURN_EXECUTION,-2.330,-11.243,-1.566,-73.97,0.250,1.500,0.000,0.000,0.000,0.000,0.00,10.77566810,106.67084489,10.51,"10°46'32.41""N, 106°40'15.04""E",FIX,
11:28:50.390,1786163330.391,UTURN_EXECUTION,-2.330,-11.258,-1.476,-73.97,0.250,1.500,0.000,0.000,0.000,0.000,0.00,10.77566810,106.67084489,10.51,"10°46'32.41""N, 106°40'15.04""E",FIX,
11:28:50.509,1786163330.509,UTURN_EXECUTION,-2.327,-11.278,-1.356,-73.97,0.250,1.500,0.000,0.000,0.000,0.000,0.00,10.77566815,106.67084468,10.51,"10°46'32.41""N, 106°40'15.04""E",FIX,
11:28:50.582,1786163330.583,UTURN_EXECUTION,-2.323,-11.292,-1.266,-73.97,0.250,1.500,0.000,0.000,0.000,0.000,0.00,10.77566815,106.67084468,10.51,"10°46'32.41""N, 106°40'15.04""E",FIX,
11:28:50.670,1786163330.670,UTURN_EXECUTION,-2.316,-11.311,-1.146,-73.97,0.250,1.500,0.000,0.000,0.000,0.000,0.00,10.77566815,106.67084468,10.51,"10°46'32.41""N, 106°40'15.04""E",FIX,
11:28:50.752,1786163330.753,UTURN_EXECUTION,-2.309,-11.324,-1.056,-73.97,0.250,1.500,0.000,0.000,0.000,0.000,0.00,10.77566815,106.67084448,10.51,"10°46'32.41""N, 106°40'15.04""E",FIX,
11:28:50.826,1786163330.826,UTURN_EXECUTION,-2.301,-11.337,-0.966,-73.97,0.250,1.500,0.000,0.000,0.000,0.000,0.00,10.77566815,106.67084448,10.51,"10°46'32.41""N, 106°40'15.04""E",FIX,
11:28:50.891,1786163330.891,UTURN_EXECUTION,-2.292,-11.349,-0.876,-73.97,0.250,1.500,0.000,0.000,0.000,0.000,0.00,10.77566815,106.67084448,10.51,"10°46'32.41""N, 106°40'15.04""E",FIX,
11:28:50.986,1786163330.986,UTURN_EXECUTION,-2.278,-11.364,-0.756,-73.97,0.250,1.500,0.000,0.000,0.000,0.000,0.00,10.77566808,106.67084428,10.51,"10°46'32.41""N, 106°40'15.04""E",FIX,
11:28:51.067,1786163331.068,UTURN_EXECUTION,-2.267,-11.373,-0.666,-73.97,0.250,1.500,0.000,0.000,0.000,0.000,0.00,10.77566808,106.67084428,10.51,"10°46'32.41""N, 106°40'15.04""E",FIX,
