Time,Unix_Timestamp,FSM_State,Pos_X_m,Pos_Y_m,Yaw_rad,Steer_Angle_deg,Linear_Vel_mps,Angular_Vel_radps,IMU_Yaw_rad,IMU_Angular_Vel_z,IMU_Accel_x,Confidence,Dist_Traveled_m,GPS_Latitude,GPS_Longitude,GPS_Altitude_m,GPS_DMS,GPS_Status,Event
12:41:03.958,1786254063.958,TRACKING,0.000,0.000,0.000,0.00,0.450,-0.000,0.000,0.000,0.000,0.925,0.00,10.77566700,106.67088900,10.00,"10°46'32.40""N, 106°40'15.20""E",NO_FIX,
12:41:03.976,1786254063.976,TRACKING,0.000,0.000,0.000,0.00,0.450,-0.000,0.000,0.000,0.000,0.925,0.00,10.77566700,106.67088900,10.00,"10°46'32.40""N, 106°40'15.20""E",NO_FIX,
12:41:03.993,1786254063.993,TRACKING,-0.000,0.000,-0.000,0.00,0.450,-0.000,0.000,0.000,0.000,0.925,0.00,10.77566700,106.67088900,10.00,"10°46'32.40""N, 106°40'15.20""E",ODOM_ESTIMATED,
12:41:04.043,1786254064.043,TRACKING,0.021,-0.000,-0.000,0.00,0.450,-0.000,0.000,0.000,0.000,0.934,0.02,10.77567062,106.67087529,10.51,"10°46'32.41""N, 106°40'15.15""E",FIX,
12:41:04.104,1786254064.105,TRACKING,0.048,-0.000,-0.000,0.00,0.450,-0.000,0.000,0.000,0.000,0.943,0.05,10.77567062,106.67087529,10.51,"10°46'32.41""N, 106°40'15.15""E",FIX,
12:41:04.168,1786254064.169,TRACKING,0.075,-0.000,-0.000,0.00,0.450,-0.000,0.000,0.000,0.000,0.972,0.08,10.77567062,106.67087529,10.51,"10°46'32.41""N, 106°40'15.15""E",FIX,
12:41:04.264,1786254064.265,TRACKING,0.111,-0.000,-0.000,0.00,0.450,-0.000,0.000,0.000,0.000,0.981,0.11,10.77567062,106.67087568,10.51,"10°46'32.41""N, 106°40'15.15""E",FIX,
12:41:04.341,1786254064.342,TRACKING,0.138,-0.000,-0.000,0.00,0.450,-0.000,0.000,0.000,0.000,1.000,0.14,10.77567062,106.67087568,10.51,"10°46'32.41""N, 106°40'15.15""E",FIX,
12:41:04.432,1786254064.433,TRACKING,0.174,-0.000,-0.000,0.00,0.450,-0.000,0.000,0.000,0.000,1.000,0.17,10.77567062,106.67087568,10.51,"10°46'32.41""N, 106°40'15.15""E",FIX,
12:41:04.488,1786254064.488,TRACKING,0.192,-0.000,-0.000,0.00,0.450,-0.000,0.000,0.000,0.000,1.000,0.19,10.77567062,106.67087609,10.51,"10°46'32.41""N, 106°40'15.15""E",FIX,
12:41:04.573,1786254064.573,TRACKING,0.228,-0.000,-0.000,0.00,0.450,-0.000,0.000,0.000,0.000,1.000,0.23,10.77567062,106.67087609,10.51,"10°46'32.41""N, 106°40'15.15""E",FIX,
12:41:04.651,1786254064.652,TRACKING,0.255,-0.000,-0.000,0.00,0.450,-0.000,0.000,0.000,0.000,1.000,0.26,10.77567062,106.67087609,10.51,"10°46'32.41""N, 106°40'15.15""E",FIX,
12:41:04.727,1786254064.727,TRACKING,0.291,-0.000,-0.000,0.00,0.450,-0.000,0.000,0.000,0.000,1.000,0.29,10.77567062,106.67087650,10.51,"10°46'32.41""N, 106°40'15.16""E",FIX,
12:41:04.805,1786254064.806,TRACKING,0.318,-0.000,-0.000,0.00,0.450,-0.000,0.000,0.000,0.000,1.000,0.32,10.77567062,106.67087650,10.51,"10°46'32.41""N, 106°40'15.16""E",FIX,
12:41:04.892,1786254064.893,TRACKING,0.345,-0.000,-0.000,0.00,0.450,-0.000,0.000,0.000,0.000,1.000,0.35,10.77567062,106.67087650,10.51,"10°46'32.41""N, 106°40'15.16""E",FIX,
12:41:04.974,1786254064.974,TRACKING,0.381,-0.000,-0.000,0.00,0.450,-0.000,0.000,0.000,0.000,1.000,0.38,10.77567062,106.67087692,10.51,"10°46'32.41""N, 106°40'15.16""E",FIX,
12:41:05.047,1786254065.047,TRACKING,0.408,-0.000,-0.000,0.00,0.450,-0.000,0.000,0.000,0.000,1.000,0.41,10.77567062,106.67087692,10.51,"10°46'32.41""N, 106°40'15.16""E",FIX,
12:41:05.128,1786254065.129,TRACKING,0.444,-0.000,-0.000,0.00,0.450,-0.000,0.000,0.000,0.000,1.000,0.44,10.77567062,106.67087692,10.51,"10°46'32.41""N, 106°40'15.16""E",FIX,
12:41:05.193,1786254065.193,TRACKING,0.462,-0.000,-0.000,0.00,0.450,-0.000,0.000,0.000,0.000,1.000,0.46,10.77567062,106.67087733,10.51,"10°46'32.41""N, 106°40'15.16""E",FIX,
12:41:05.279,1786254065.279,TRACKING,0.498,-0.000,-0.000,0.00,0.450,-0.000,0.000,0.000,0.000,1.000,0.50,10.77567062,106.67087733,10.51,"10°46'32.41""N, 106°40'15.16""E",FIX,
12:41:05.346,1786254065.347,TRACKING,0.525,-0.000,-0.000,0.00,0.450,-0.000,0.000,0.000,0.000,1.000,0.53,10.77567062,106.67087733,10.51,"10°46'32.41""N, 106°40'15.16""E",FIX,
12:41:05.424,1786254065.424,TRACKING,0.552,-0.000,-0.000,0.00,0.450,-0.000,0.000,0.000,0.000,1.000,0.55,10.77567062,106.67087774,10.51,"10°46'32.41""N, 106°40'15.16""E",FIX,
12:41:05.507,1786254065.508,TRACKING,0.588,-0.000,-0.000,0.00,0.450,-0.000,0.000,0.000,0.000,1.000,0.59,10.77567062,106.67087774,10.51,"10°46'32.41""N, 106°40'15.16""E",FIX,
12:41:05.585,1786254065.586,TRACKING,0.615,-0.000,-0.000,0.00,0.450,-0.000,0.000,0.000,0.000,1.000,0.62,10.77567062,106.67087774,10.51,"10°46'32.41""N, 106°40'15.16""E",FIX,
12:41:05.657,1786254065.657,TRACKING,0.651,-0.000,-0.000,0.00,0.450,-0.000,0.000,0.000,0.000,1.000,0.65,10.77567062,106.67087815,10.51,"10°46'32.41""N, 106°40'15.16""E",FIX,
12:41:05.723,1786254065.724,TRACKING,0.669,-0.000,-0.000,0.00,0.450,-0.000,0.000,0.000,0.000,1.000,0.67,10.77567062,106.67087815,10.51,"10°46'32.41""N, 106°40'15.16""E",FIX,
12:41:05.800,1786254065.800,TRACKING,0.705,-0.000,-0.000,0.00,0.450,-0.000,0.000,0.000,0.000,1.000,0.71,10.77567062,106.67087815,10.51,"10°46'32.41""N, 106°40'15.16""E",FIX,
12:41:05.869,1786254065.870,TRACKING,0.732,-0.000,-0.000,0.00,0.450,-0.000,0.000,0.000,0.000,1.000,0.73,10.77567062,106.67087856,10.51,"10°46'32.41""N, 106°40'15.16""E",FIX,
12:41:05.941,1786254065.942,TRACKING,0.759,-0.000,-0.000,0.00,0.450,-0.000,0.000,0.000,0.000,1.000,0.76,10.77567062,106.67087856,10.51,"10°46'32.41""N, 106°40'15.16""E",FIX,
12:41:06.010,1786254066.010,TRACKING,0.795,-0.000,-0.000,0.00,0.450,-0.000,0.000,0.000,0.000,1.000,0.80,10.77567062,106.67087856,10.51,"10°46'32.41""N, 106°40'15.16""E",FIX,
12:41:06.096,1786254066.096,TRACKING,0.831,-0.000,-0.000,0.00,0.450,-0.000,0.000,0.000,0.000,1.000,0.83,10.77567062,106.67087897,10.51,"10°46'32.41""N, 106°40'15.16""E",FIX,
12:41:06.173,1786254066.174,TRACKING,0.858,-0.000,-0.000,0.00,0.450,-0.000,0.000,0.000,0.000,1.000,0.86,10.77567062,106.67087897,10.51,"10°46'32.41""N, 106°40'15.16""E",FIX,
12:41:06.247,1786254066.247,TRACKING,0.885,-0.000,-0.000,0.00,0.450,-0.000,0.000,0.000,0.000,1.000,0.89,10.77567062,106.67087897,10.51,"10°46'32.41""N, 106°40'15.16""E",FIX,
12:41:06.336,1786254066.336,TRACKING,0.921,-0.000,-0.000,0.00,0.450,-0.000,0.000,0.000,0.000,1.000,0.92,10.77567062,106.67087938,10.51,"10°46'32.41""N, 106°40'15.17""E",FIX,
12:41:06.393,1786254066.394,TRACKING,0.939,-0.000,-0.000,0.00,0.450,-0.000,0.000,0.000,0.000,1.000,0.94,10.77567062,106.67087938,10.51,"10°46'32.41""N, 106°40'15.17""E",FIX,
12:41:06.469,1786254066.470,TRACKING,0.966,-0.000,-0.000,0.00,0.450,-0.000,0.000,0.000,0.000,1.000,0.97,10.77567062,106.67087938,10.51,"10°46'32.41""N, 106°40'15.17""E",FIX,
12:41:06.557,1786254066.557,TRACKING,1.002,-0.000,-0.000,0.00,0.450,-0.000,0.000,0.000,0.000,1.000,1.00,10.77567062,106.67087980,10.51,"10°46'32.41""N, 106°40'15.17""E",FIX,
12:41:06.617,1786254066.617,TRACKING,1.029,-0.000,-0.000,0.00,0.450,-0.000,0.000,0.000,0.000,1.000,1.03,10.77567062,106.67087980,10.51,"10°46'32.41""N, 106°40'15.17""E",FIX,
12:41:06.690,1786254066.691,TRACKING,1.056,-0.000,-0.000,0.00,0.450,-0.000,0.000,0.000,0.000,1.000,1.06,10.77567062,106.67087980,10.51,"10°46'32.41""N, 106°40'15.17""E",FIX,
12:41:06.762,1786254066.763,TRACKING,1.083,-0.000,-0.000,0.00,0.450,-0.000,0.000,0.000,0.000,1.000,1.08,10.77567062,106.67088021,10.51,"10°46'32.41""N, 106°40'15.17""E",FIX,
12:41:06.840,1786254066.840,TRACKING,1.119,-0.000,-0.000,0.02,0.450,-0.049,0.000,0.000,0.000,1.000,1.12,10.77567062,106.67088021,10.51,"10°46'32.41""N, 106°40'15.17""E",FIX,
12:41:06.915,1786254066.915,TRACKING,1.146,-0.000,-0.002,0.01,0.450,0.013,0.000,0.000,0.000,1.000,1.15,10.77567062,106.67088021,10.51,"10°46'32.41""N, 106°40'15.17""E",FIX,
12:41:07.008,1786254067.009,TRACKING,1.182,-0.000,-0.002,0.01,0.450,0.006,0.000,0.000,0.000,1.000,1.18,10.77567062,106.67088062,10.51,"10°46'32.41""N, 106°40'15.17""E",FIX,
12:41:07.073,1786254067.073,TRACKING,1.209,-0.000,-0.002,0.01,0.450,0.007,0.000,0.000,0.000,1.000,1.21,10.77567062,106.67088062,10.51,"10°46'32.41""N, 106°40'15.17""E",FIX,
12:41:07.148,1786254067.149,TRACKING,1.236,-0.000,-0.002,0.00,0.450,0.003,0.000,0.000,0.000,1.000,1.24,10.77567062,106.67088062,10.51,"10°46'32.41""N, 106°40'15.17""E",FIX,
12:41:07.219,1786254067.220,TRACKING,1.263,-0.000,-0.001,0.00,0.450,0.002,0.000,0.000,0.000,1.000,1.26,10.77567062,106.67088103,10.51,"10°46'32.41""N, 106°40'15.17""E",FIX,
12:41:07.300,1786254067.300,TRACKING,1.299,-0.000,-0.001,0.02,0.450,-0.046,0.000,0.000,0.000,1.000,1.30,10.77567062,106.67088103,10.51,"10°46'32.41""N, 106°40'15.17""E",FIX,
12:41:07.387,1786254067.388,TRACKING,1.326,-0.000,-0.003,0.02,0.450,0.014,0.000,0.000,0.000,1.000,1.33,10.77567062,106.67088103,10.51,"10°46'32.41""N, 106°40'15.17""E",FIX,
12:41:07.458,1786254067.458,TRACKING,1.362,-0.000,-0.004,-0.01,0.450,0.054,0.000,0.000,0.000,1.000,1.36,10.77567062,106.67088144,10.51,"10°46'32.41""N, 106°40'15.17""E",FIX,
12:41:07.529,1786254067.529,TRACKING,1.380,-0.001,-0.002,-0.01,0.450,-0.008,0.000,0.000,0.000,1.000,1.38,10.77567062,106.67088144,10.51,"10°46'32.41""N, 106°40'15.17""E",FIX,
12:41:07.617,1786254067.618,TRACKING,1.416,-0.001,-0.001,-0.01,0.450,-0.003,0.000,0.000,0.000,1.000,1.42,10.77567062,106.67088144,10.51,"10°46'32.41""N, 106°40'15.17""E",FIX,
12:41:07.692,1786254067.693,TRACKING,1.443,-0.001,-0.002,-0.00,0.450,-0.004,0.000,0.000,0.000,1.000,1.44,10.77567062,106.67088185,10.51,"10°46'32.41""N, 106°40'15.17""E",FIX,
12:41:07.769,1786254067.770,TRACKING,1.479,-0.001,-0.002,-0.00,0.450,-0.002,0.000,0.000,0.000,1.000,1.48,10.77567062,106.67088185,10.51,"10°46'32.41""N, 106°40'15.17""E",FIX,
12:41:07.850,1786254067.850,TRACKING,1.506,-0.001,-0.002,-0.00,0.450,-0.001,0.000,0.000,0.000,1.000,1.51,10.77567062,106.67088185,10.51,"10°46'32.41""N, 106°40'15.17""E",FIX,
12:41:07.919,1786254067.920,TRACKING,1.533,-0.001,-0.002,-0.00,0.450,-0.001,0.000,0.000,0.000,1.000,1.53,10.77567062,106.67088226,10.51,"10°46'32.41""N, 106°40'15.18""E",FIX,
12:41:07.988,1786254067.989,TRACKING,1.560,-0.001,-0.002,-0.00,0.450,-0.001,0.000,0.000,0.000,1.000,1.56,10.77567062,106.67088226,10.51,"10°46'32.41""N, 106°40'15.18""E",FIX,
12:41:08.064,1786254068.065,TRACKING,1.596,-0.001,-0.002,-0.00,0.450,-0.000,0.000,0.000,0.000,1.000,1.60,10.77567062,106.67088226,10.51,"10°46'32.41""N, 106°40'15.18""E",FIX,
12:41:08.147,1786254068.147,TRACKING,1.623,-0.001,-0.002,-0.00,0.450,-0.000,0.000,0.000,0.000,1.000,1.62,10.77567062,106.67088268,10.51,"10°46'32.41""N, 106°40'15.18""E",FIX,
12:41:08.238,1786254068.238,TRACKING,1.659,-0.001,-0.002,-0.00,0.450,-0.000,0.000,0.000,0.000,1.000,1.66,10.77567062,106.67088268,10.51,"10°46'32.41""N, 106°40'15.18""E",FIX,
12:41:08.314,1786254068.314,TRACKING,1.686,-0.001,-0.002,-0.00,0.450,-0.000,0.000,0.000,0.000,1.000,1.69,10.77567062,106.67088268,10.51,"10°46'32.41""N, 106°40'15.18""E",FIX,
12:41:08.390,1786254068.390,TRACKING,1.713,-0.001,-0.002,-0.01,0.450,0.031,0.000,0.000,0.000,1.000,1.71,10.77567061,106.67088309,10.51,"10°46'32.41""N, 106°40'15.18""E",FIX,
12:41:08.479,1786254068.479,TRACKING,1.749,-0.001,-0.000,-0.01,0.450,-0.004,0.000,0.000,0.000,1.000,1.75,10.77567061,106.67088309,10.51,"10°46'32.41""N, 106°40'15.18""E",FIX,
12:41:08.549,1786254068.550,TRACKING,1.776,-0.001,0.000,-0.00,0.450,-0.005,0.000,0.000,0.000,1.000,1.78,10.77567061,106.67088309,10.51,"10°46'32.41""N, 106°40'15.18""E",FIX,
12:41:08.626,1786254068.626,TRACKING,1.803,-0.001,-0.000,0.02,0.450,-0.068,0.000,0.000,0.000,1.000,1.80,10.77567061,106.67088350,10.51,"10°46'32.41""N, 106°40'15.18""E",FIX,
12:41:08.717,1786254068.718,TRACKING,1.839,-0.001,-0.005,-0.01,0.450,0.052,0.000,0.000,0.000,1.000,1.84,10.77567061,106.67088350,10.51,"10°46'32.41""N, 106°40'15.18""E",FIX,
12:41:08.801,1786254068.801,TRACKING,1.866,-0.001,-0.003,-0.03,0.450,0.044,0.000,0.000,0.000,1.000,1.87,10.77567061,106.67088350,10.51,"10°46'32.41""N, 106°40'15.18""E",FIX,
12:41:08.869,1786254068.869,TRACKING,1.893,-0.001,-0.000,-0.02,0.450,-0.019,0.000,0.000,0.000,1.000,1.89,10.77567062,106.67088391,10.51,"10°46'32.41""N, 106°40'15.18""E",FIX,
12:41:08.945,1786254068.945,TRACKING,1.920,-0.001,-0.000,-0.01,0.450,-0.010,0.000,0.000,0.000,1.000,1.92,10.77567062,106.67088391,10.51,"10°46'32.41""N, 106°40'15.18""E",FIX,
12:41:09.014,1786254069.015,TRACKING,1.947,-0.001,-0.001,-0.01,0.450,-0.008,0.000,0.000,0.000,1.000,1.95,10.77567062,106.67088391,10.51,"10°46'32.41""N, 106°40'15.18""E",FIX,
12:41:09.094,1786254069.094,TRACKING,1.983,-0.002,-0.002,-0.01,0.450,-0.004,0.000,0.000,0.000,1.000,1.98,10.77567062,106.67088432,10.51,"10°46'32.41""N, 106°40'15.18""E",FIX,
12:41:09.178,1786254069.178,TRACKING,2.019,-0.002,-0.002,-0.00,0.450,-0.002,0.000,0.000,0.000,1.000,2.02,10.77567062,106.67088432,10.51,"10°46'32.41""N, 106°40'15.18""E",FIX,
12:41:09.250,1786254069.251,TRACKING,2.046,-0.002,-0.002,-0.00,0.450,-0.002,0.000,0.000,0.000,1.000,2.05,10.77567062,106.67088432,10.51,"10°46'32.41""N, 106°40'15.18""E",FIX,
12:41:09.337,1786254069.337,TRACKING,2.073,-0.002,-0.002,-0.00,0.450,-0.001,0.000,0.000,0.000,1.000,2.07,10.77567062,106.67088473,10.51,"10°46'32.41""N, 106°40'15.19""E",FIX,
12:41:09.406,1786254069.406,TRACKING,2.100,-0.002,-0.003,-0.00,0.450,-0.001,0.000,0.000,0.000,1.000,2.10,10.77567062,106.67088473,10.51,"10°46'32.41""N, 106°40'15.19""E",FIX,
12:41:09.497,1786254069.497,TRACKING,2.136,-0.002,-0.003,-0.00,0.450,-0.000,0.000,0.000,0.000,1.000,2.14,10.77567062,106.67088473,10.51,"10°46'32.41""N, 106°40'15.19""E",FIX,
12:41:09.562,1786254069.562,TRACKING,2.154,-0.002,-0.003,-0.00,0.450,-0.000,0.000,0.000,0.000,1.000,2.15,10.77567062,106.67088473,10.51,"10°46'32.41""N, 106°40'15.19""E",FIX,
12:41:09.648,1786254069.649,TRACKING,2.190,-0.002,-0.003,-0.00,0.450,-0.000,0.000,0.000,0.000,1.000,2.19,10.77567061,106.67088514,10.51,"10°46'32.41""N, 106°40'15.19""E",FIX,
12:41:09.727,1786254069.727,TRACKING,2.226,-0.002,-0.003,-0.00,0.450,-0.000,0.000,0.000,0.000,1.000,2.23,10.77567061,106.67088514,10.51,"10°46'32.41""N, 106°40'15.19""E",FIX,
12:41:09.796,1786254069.797,TRACKING,2.253,-0.002,-0.003,-0.00,0.450,-0.000,0.000,0.000,0.000,1.000,2.25,10.77567061,106.67088556,10.51,"10°46'32.41""N, 106°40'15.19""E",FIX,
12:41:09.892,1786254069.892,TRACKING,2.280,-0.002,-0.003,-0.00,0.450,-0.000,0.000,0.000,0.000,1.000,2.28,10.77567061,106.67088556,10.51,"10°46'32.41""N, 106°40'15.19""E",FIX,
12:41:09.959,1786254069.960,TRACKING,2.307,-0.002,-0.003,-0.00,0.450,-0.000,0.000,0.000,0.000,1.000,2.31,10.77567061,106.67088556,10.51,"10°46'32.41""N, 106°40'15.19""E",FIX,
12:41:10.037,1786254070.038,TRACKING,2.334,-0.002,-0.003,-0.00,0.450,-0.000,0.000,0.000,0.000,1.000,2.33,10.77567061,106.67088556,10.51,"10°46'32.41""N, 106°40'15.19""E",FIX,
12:41:10.112,1786254070.112,TRACKING,2.361,-0.003,-0.003,-0.00,0.450,-0.000,0.000,0.000,0.000,1.000,2.36,10.77567061,106.67088597,10.51,"10°46'32.41""N, 106°40'15.19""E",FIX,
12:41:10.193,1786254070.193,TRACKING,2.397,-0.003,-0.003,-0.00,0.450,-0.000,0.000,0.000,0.000,1.000,2.40,10.77567061,106.67088597,10.51,"10°46'32.41""N, 106°40'15.19""E",FIX,
12:41:10.286,1786254070.286,TRACKING,2.424,-0.003,-0.003,-0.00,0.450,-0.000,0.000,0.000,0.000,1.000,2.42,10.77567061,106.67088597,10.51,"10°46'32.41""N, 106°40'15.19""E",FIX,
12:41:10.374,1786254070.374,TRACKING,2.460,-0.003,-0.003,-0.00,0.450,-0.000,0.000,0.000,0.000,1.000,2.46,10.77567061,106.67088638,10.51,"10°46'32.41""N, 106°40'15.19""E",FIX,
12:41:10.441,1786254070.442,TRACKING,2.487,-0.003,-0.003,-0.00,0.450,-0.000,0.000,0.000,0.000,1.000,2.49,10.77567061,106.67088638,10.51,"10°46'32.41""N, 106°40'15.19""E",FIX,
12:41:10.529,1786254070.529,TRACKING,2.523,-0.003,-0.003,-0.00,0.450,-0.000,0.000,0.000,0.000,1.000,2.52,10.77567061,106.67088679,10.51,"10°46'32.41""N, 106°40'15.19""E",FIX,
12:41:10.588,1786254070.589,TRACKING,2.541,-0.003,-0.003,-0.00,0.450,-0.000,0.000,0.000,0.000,1.000,2.54,10.77567061,106.67088679,10.51,"10°46'32.41""N, 106°40'15.19""E",FIX,
12:41:10.676,1786254070.677,TRACKING,2.577,-0.003,-0.003,-0.00,0.450,-0.000,0.000,0.000,0.000,1.000,2.58,10.77567061,106.67088679,10.51,"10°46'32.41""N, 106°40'15.19""E",FIX,
12:41:10.744,1786254070.744,TRACKING,2.604,-0.003,-0.003,-0.00,0.450,-0.000,0.000,0.000,0.000,1.000,2.60,10.77567061,106.67088679,10.51,"10°46'32.41""N, 106°40'15.19""E",FIX,
12:41:10.818,1786254070.819,TRACKING,2.631,-0.003,-0.003,-0.00,0.450,-0.000,0.000,0.000,0.000,1.000,2.63,10.77567061,106.67088720,10.51,"10°46'32.41""N, 106°40'15.19""E",FIX,
12:41:10.905,1786254070.905,TRACKING,2.667,-0.003,-0.003,-0.00,0.450,-0.000,0.000,0.000,0.000,1.000,2.67,10.77567061,106.67088720,10.51,"10°46'32.41""N, 106°40'15.19""E",FIX,
12:41:10.988,1786254070.988,TRACKING,2.694,-0.003,-0.003,-0.00,0.450,-0.000,0.000,0.000,0.000,1.000,2.69,10.77567061,106.67088720,10.51,"10°46'32.41""N, 106°40'15.19""E",FIX,
12:41:11.043,1786254071.043,TRACKING,2.721,-0.003,-0.003,-0.00,0.450,-0.000,0.000,0.000,0.000,1.000,2.72,10.77567061,106.67088761,10.51,"10°46'32.41""N, 106°40'15.20""E",FIX,
12:41:11.117,1786254071.117,TRACKING,2.748,-0.004,-0.003,-0.00,0.450,-0.000,0.000,0.000,0.000,1.000,2.75,10.77567061,106.67088761,10.51,"10°46'32.41""N, 106°40'15.20""E",FIX,
12:41:11.200,1786254071.200,TRACKING,2.784,-0.004,-0.003,-0.00,0.450,-0.000,0.000,0.000,0.000,1.000,2.78,10.77567061,106.67088761,10.51,"10°46'32.41""N, 106°40'15.20""E",FIX,
12:41:11.272,1786254071.272,TRACKING,2.811,-0.004,-0.003,-0.00,0.450,-0.000,0.000,0.000,0.000,1.000,2.81,10.77567061,106.67088802,10.51,"10°46'32.41""N, 106°40'15.20""E",FIX,
12:41:11.347,1786254071.348,TRACKING,2.838,-0.004,-0.003,-0.00,0.450,-0.000,0.000,0.000,0.000,1.000,2.84,10.77567061,106.67088802,10.51,"10°46'32.41""N, 106°40'15.20""E",FIX,
12:41:11.437,1786254071.437,TRACKING,2.874,-0.004,-0.003,-0.00,0.450,-0.000,0.000,0.000,0.000,1.000,2.87,10.77567061,106.67088802,10.51,"10°46'32.41""N, 106°40'15.20""E",FIX,
12:41:11.507,1786254071.508,TRACKING,2.901,-0.004,-0.003,-0.00,0.450,-0.000,0.000,0.000,0.000,1.000,2.90,10.77567061,106.67088844,10.51,"10°46'32.41""N, 106°40'15.20""E",FIX,
12:41:11.598,1786254071.599,TRACKING,2.937,-0.004,-0.003,-0.02,0.450,0.045,0.000,0.000,0.000,1.000,2.94,10.77567061,106.67088844,10.51,"10°46'32.41""N, 106°40'15.20""E",FIX,
12:41:11.665,1786254071.665,TRACKING,2.964,-0.004,-0.001,-0.01,0.450,-0.014,0.000,0.000,0.000,1.000,2.96,10.77567061,106.67088844,10.51,"10°46'32.41""N, 106°40'15.20""E",FIX,
12:41:11.744,1786254071.744,TRACKING,2.991,-0.004,-0.001,-0.01,0.450,-0.007,0.000,0.000,0.000,1.000,2.99,10.77567061,106.67088885,10.51,"10°46'32.41""N, 106°40'15.20""E",FIX,
12:41:11.820,1786254071.820,TRACKING,3.027,-0.004,-0.001,-0.01,0.450,-0.005,0.000,0.000,0.000,1.000,3.03,10.77567061,106.67088885,10.51,"10°46'32.41""N, 106°40'15.20""E",FIX,
12:41:11.888,1786254071.889,TRACKING,3.045,-0.004,-0.002,-0.00,0.450,-0.004,0.000,0.000,0.000,1.000,3.05,10.77567061,106.67088885,10.51,"10°46'32.41""N, 106°40'15.20""E",FIX,
12:41:11.970,1786254071.971,TRACKING,3.081,-0.004,-0.002,-0.00,0.450,-0.002,0.000,0.000,0.000,1.000,3.08,10.77567061,106.67088926,10.51,"10°46'32.41""N, 106°40'15.20""E",FIX,
12:41:12.101,1786254072.101,TRACKING,3.108,-0.004,-0.002,-0.00,0.450,-0.001,0.000,0.000,0.000,1.000,3.11,10.77567061,106.67088926,10.51,"10°46'32.41""N, 106°40'15.20""E",FIX,
12:41:12.198,1786254072.198,TRACKING,3.135,-0.004,-0.002,-0.02,0.450,0.050,0.000,0.000,0.000,1.000,3.14,10.77567061,106.67088926,10.51,"10°46'32.41""N, 106°40'15.20""E",FIX,
12:41:12.287,1786254072.287,TRACKING,3.180,-0.004,0.001,-0.02,0.450,-0.009,0.000,0.000,0.000,1.000,3.18,10.77567061,106.67088967,10.51,"10°46'32.41""N, 106°40'15.20""E",FIX,
12:41:12.345,1786254072.346,TRACKING,3.198,-0.004,0.002,0.01,0.450,-0.100,0.000,0.000,0.000,1.000,3.20,10.77567061,106.67088967,10.51,"10°46'32.41""N, 106°40'15.20""E",FIX,
12:41:12.429,1786254072.429,TRACKING,3.225,-0.004,-0.003,-0.01,0.450,0.056,0.000,0.000,0.000,1.000,3.23,10.77567061,106.67088967,10.51,"10°46'32.41""N, 106°40'15.20""E",FIX,
12:41:12.512,1786254072.513,TRACKING,3.252,-0.005,-0.004,-0.03,0.450,0.042,0.000,0.000,0.000,1.000,3.25,10.77567061,106.67089008,10.51,"10°46'32.41""N, 106°40'15.20""E",FIX,
12:41:12.593,1786254072.593,TRACKING,3.288,-0.005,0.000,-0.02,0.450,-0.019,0.000,0.000,0.000,1.000,3.29,10.77567061,106.67089008,10.51,"10°46'32.41""N, 106°40'15.20""E",FIX,
12:41:12.679,1786254072.680,TRACKING,3.324,-0.005,-0.001,-0.01,0.450,-0.008,0.000,0.000,0.000,1.000,3.32,10.77567061,106.67089008,10.51,"10°46'32.41""N, 106°40'15.20""E",FIX,
12:41:12.751,1786254072.752,TRACKING,3.351,-0.005,-0.001,-0.01,0.450,-0.008,0.000,0.000,0.000,1.000,3.35,10.77567061,106.67089049,10.51,"10°46'32.41""N, 106°40'15.21""E",FIX,
12:41:12.816,1786254072.817,TRACKING,3.378,-0.005,-0.002,-0.01,0.450,-0.006,0.000,0.000,0.000,1.000,3.38,10.77567061,106.67089049,10.51,"10°46'32.41""N, 106°40'15.21""E",FIX,
12:41:12.899,1786254072.899,TRACKING,3.405,-0.005,-0.002,-0.03,0.450,0.042,0.000,0.000,0.000,1.000,3.41,10.77567061,106.67089049,10.51,"10°46'32.41""N, 106°40'15.21""E",FIX,
12:41:12.967,1786254072.968,TRACKING,3.432,-0.005,-0.001,-0.02,0.450,-0.017,0.000,0.000,0.000,1.000,3.43,10.77567061,106.67089090,10.51,"10°46'32.41""N, 106°40'15.21""E",FIX,
12:41:13.045,1786254073.045,TRACKING,3.468,-0.005,-0.001,-0.01,0.450,-0.010,0.000,0.000,0.000,1.000,3.47,10.77567061,106.67089090,10.51,"10°46'32.41""N, 106°40'15.21""E",FIX,
12:41:13.119,1786254073.120,TRACKING,3.495,-0.005,-0.001,-0.02,0.450,0.019,0.000,0.000,0.000,1.000,3.50,10.77567061,106.67089090,10.51,"10°46'32.41""N, 106°40'15.21""E",FIX,
12:41:13.191,1786254073.192,TRACKING,3.522,-0.005,-0.001,-0.01,0.450,-0.009,0.000,0.000,0.000,1.000,3.52,10.77567061,106.67089132,10.51,"10°46'32.41""N, 106°40'15.21""E",FIX,
12:41:13.267,1786254073.267,TRACKING,3.558,-0.005,-0.001,-0.01,0.450,-0.006,0.000,0.000,0.000,1.000,3.56,10.77567061,106.67089132,10.51,"10°46'32.41""N, 106°40'15.21""E",FIX,
12:41:13.341,1786254073.341,TRACKING,3.585,-0.005,-0.001,-0.02,0.450,0.021,0.000,0.000,0.000,1.000,3.59,10.77567061,106.67089132,10.51,"10°46'32.41""N, 106°40'15.21""E",FIX,
12:41:13.411,1786254073.412,TRACKING,3.612,-0.005,-0.001,-0.01,0.450,-0.011,0.000,0.000,0.000,1.000,3.61,10.77567061,106.67089173,10.51,"10°46'32.41""N, 106°40'15.21""E",FIX,
12:41:13.490,1786254073.491,TRACKING,3.648,-0.005,-0.001,-0.01,0.450,-0.005,0.000,0.000,0.000,1.000,3.65,10.77567061,106.67089173,10.51,"10°46'32.41""N, 106°40'15.21""E",FIX,
12:41:13.569,1786254073.569,TRACKING,3.675,-0.005,-0.001,-0.03,0.450,0.046,0.000,0.000,0.000,1.000,3.68,10.77567061,106.67089173,10.51,"10°46'32.41""N, 106°40'15.21""E",FIX,
12:41:13.635,1786254073.636,TRACKING,3.702,-0.005,0.000,-0.02,0.450,-0.019,0.000,0.000,0.000,1.000,3.70,10.77567061,106.67089214,10.51,"10°46'32.41""N, 106°40'15.21""E",FIX,
12:41:13.723,1786254073.723,TRACKING,3.738,-0.005,0.000,0.01,0.450,-0.052,0.000,0.000,0.000,1.000,3.74,10.77567061,106.67089214,10.51,"10°46'32.41""N, 106°40'15.21""E",FIX,
12:41:13.791,1786254073.792,TRACKING,3.765,-0.005,-0.002,0.01,0.450,0.006,0.000,0.000,0.000,1.000,3.77,10.77567061,106.67089214,10.51,"10°46'32.41""N, 106°40'15.21""E",FIX,
12:41:13.869,1786254073.870,TRACKING,3.801,-0.005,-0.003,-0.02,0.450,0.054,0.000,0.000,0.000,1.000,3.80,10.77567061,106.67089255,10.51,"10°46'32.41""N, 106°40'15.21""E",FIX,
12:41:13.931,1786254073.932,TRACKING,3.819,-0.005,-0.001,-0.01,0.450,-0.013,0.000,0.000,0.000,1.000,3.82,10.77567061,106.67089255,10.51,"10°46'32.41""N, 106°40'15.21""E",FIX,
12:41:14.030,1786254074.031,TRACKING,3.855,-0.005,-0.000,-0.01,0.450,-0.005,0.000,0.000,0.000,1.000,3.86,10.77567061,106.67089255,10.51,"10°46'32.41""N, 106°40'15.21""E",FIX,
12:41:14.089,1786254074.089,TRACKING,3.882,-0.005,-0.001,-0.00,0.450,-0.006,0.000,0.000,0.000,1.000,3.88,10.77567061,106.67089296,10.51,"10°46'32.41""N, 106°40'15.21""E",FIX,
12:41:14.167,1786254074.168,TRACKING,3.909,-0.005,-0.001,-0.00,0.450,-0.002,0.000,0.000,0.000,1.000,3.91,10.77567061,106.67089296,10.51,"10°46'32.41""N, 106°40'15.21""E",FIX,
12:41:14.235,1786254074.235,TRACKING,3.936,-0.005,-0.002,-0.00,0.450,-0.002,0.000,0.000,0.000,1.000,3.94,10.77567061,106.67089296,10.51,"10°46'32.41""N, 106°40'15.21""E",FIX,
12:41:14.320,1786254074.320,TRACKING,3.972,-0.005,-0.002,-0.00,0.450,-0.001,0.000,0.000,0.000,1.000,3.97,10.77567061,106.67089337,10.51,"10°46'32.41""N, 106°40'15.22""E",FIX,
12:41:14.387,1786254074.388,TRACKING,3.999,-0.005,-0.002,-0.00,0.450,-0.001,0.000,0.000,0.000,1.000,4.00,10.77567061,106.67089337,10.51,"10°46'32.41""N, 106°40'15.22""E",FIX,
12:41:14.474,1786254074.475,TRACKING,4.035,-0.005,-0.002,-0.00,0.450,-0.000,0.000,0.000,0.000,1.000,4.04,10.77567061,106.67089337,10.51,"10°46'32.41""N, 106°40'15.22""E",FIX,
12:41:14.561,1786254074.561,TRACKING,4.062,-0.005,-0.002,-0.00,0.450,-0.000,0.000,0.000,0.000,1.000,4.06,10.77567061,106.67089378,10.51,"10°46'32.41""N, 106°40'15.22""E",FIX,
12:41:14.628,1786254074.628,TRACKING,4.098,-0.005,-0.002,-0.00,0.450,-0.000,0.000,0.000,0.000,1.000,4.10,10.77567061,106.67089378,10.51,"10°46'32.41""N, 106°40'15.22""E",FIX,
12:41:14.698,1786254074.698,TRACKING,4.125,-0.005,-0.002,-0.00,0.450,-0.000,0.000,0.000,0.000,1.000,4.13,10.77567061,106.67089378,10.51,"10°46'32.41""N, 106°40'15.22""E",FIX,
12:41:14.772,1786254074.772,TRACKING,4.152,-0.006,-0.002,-0.00,0.450,-0.000,0.000,0.000,0.000,1.000,4.15,10.77567061,106.67089420,10.51,"10°46'32.41""N, 106°40'15.22""E",FIX,
12:41:14.842,1786254074.843,TRACKING,4.179,-0.006,-0.002,-0.00,0.450,-0.000,0.000,0.000,0.000,1.000,4.18,10.77567061,106.67089420,10.51,"10°46'32.41""N, 106°40'15.22""E",FIX,
12:41:14.912,1786254074.913,TRACKING,4.206,-0.006,-0.002,-0.00,0.450,-0.000,0.000,0.000,0.000,1.000,4.21,10.77567061,106.67089420,10.51,"10°46'32.41""N, 106°40'15.22""E",FIX,
12:41:14.986,1786254074.987,TRACKING,4.233,-0.006,-0.002,-0.00,0.450,-0.000,0.000,0.000,0.000,1.000,4.23,10.77567061,106.67089461,10.51,"10°46'32.41""N, 106°40'15.22""E",FIX,
12:41:15.068,1786254075.069,TRACKING,4.269,-0.006,-0.002,-0.00,0.450,-0.000,0.000,0.000,0.000,1.000,4.27,10.77567061,106.67089461,10.51,"10°46'32.41""N, 106°40'15.22""E",FIX,
12:41:15.144,1786254075.144,TRACKING,4.296,-0.006,-0.002,-0.00,0.450,-0.000,0.000,0.000,0.000,1.000,4.30,10.77567061,106.67089461,10.51,"10°46'32.41""N, 106°40'15.22""E",FIX,
12:41:15.221,1786254075.221,TRACKING,4.323,-0.006,-0.002,-0.00,0.450,-0.000,0.000,0.000,0.000,1.000,4.32,10.77567061,106.67089502,10.51,"10°46'32.41""N, 106°40'15.22""E",FIX,
12:41:15.286,1786254075.287,TRACKING,4.359,-0.006,-0.002,-0.00,0.450,-0.000,0.000,0.000,0.000,1.000,4.36,10.77567061,106.67089502,10.51,"10°46'32.41""N, 106°40'15.22""E",FIX,
12:41:15.362,1786254075.362,TRACKING,4.386,-0.006,-0.002,-0.00,0.450,-0.000,0.000,0.000,0.000,1.000,4.39,10.77567061,106.67089502,10.51,"10°46'32.41""N, 106°40'15.22""E",FIX,
12:41:15.442,1786254075.442,TRACKING,4.413,-0.006,-0.002,-0.00,0.450,-0.000,0.000,0.000,0.000,1.000,4.41,10.77567061,106.67089543,10.51,"10°46'32.41""N, 106°40'15.22""E",FIX,
12:41:15.514,1786254075.515,TRACKING,4.449,-0.006,-0.002,-0.00,0.450,-0.000,0.000,0.000,0.000,1.000,4.45,10.77567061,106.67089543,10.51,"10°46'32.41""N, 106°40'15.22""E",FIX,
12:41:15.599,1786254075.599,TRACKING,4.476,-0.006,-0.002,-0.00,0.450,-0.000,0.000,0.000,0.000,1.000,4.48,10.77567061,106.67089543,10.51,"10°46'32.41""N, 106°40'15.22""E",FIX,
12:41:15.673,1786254075.673,TRACKING,4.512,-0.006,-0.002,-0.00,0.450,-0.000,0.000,0.000,0.000,1.000,4.51,10.77567061,106.67089584,10.51,"10°46'32.41""N, 106°40'15.23""E",FIX,
12:41:15.738,1786254075.739,TRACKING,4.530,-0.006,-0.002,-0.02,0.450,0.058,0.000,0.000,0.000,1.000,4.53,10.77567061,106.67089584,10.51,"10°46'32.41""N, 106°40'15.23""E",FIX,
12:41:15.823,1786254075.823,TRACKING,4.566,-0.006,0.001,-0.01,0.450,-0.010,0.000,0.000,0.000,1.000,4.57,10.77567061,106.67089584,10.51,"10°46'32.41""N, 106°40'15.23""E",FIX,
12:41:15.896,1786254075.897,TRACKING,4.593,-0.006,0.002,0.01,0.450,-0.071,0.000,0.000,0.000,1.000,4.59,10.77567061,106.67089625,10.51,"10°46'32.41""N, 106°40'15.23""E",FIX,
12:41:15.970,1786254075.971,TRACKING,4.620,-0.006,-0.001,0.01,0.450,0.007,0.000,0.000,0.000,1.000,4.62,10.77567061,106.67089625,10.51,"10°46'32.41""N, 106°40'15.23""E",FIX,
12:41:16.046,1786254076.046,TRACKING,4.656,-0.006,-0.003,-0.02,0.450,0.058,0.000,0.000,0.000,1.000,4.66,10.77567061,106.67089625,10.51,"10°46'32.41""N, 106°40'15.23""E",FIX,
12:41:16.131,1786254076.131,TRACKING,4.683,-0.006,0.000,-0.01,0.450,-0.008,0.000,0.000,0.000,1.000,4.68,10.77567061,106.67089666,10.51,"10°46'32.41""N, 106°40'15.23""E",FIX,
12:41:16.210,1786254076.210,TRACKING,4.710,-0.006,0.001,-0.01,0.450,-0.006,0.000,0.000,0.000,1.000,4.71,10.77567061,106.67089666,10.51,"10°46'32.41""N, 106°40'15.23""E",FIX,
12:41:16.295,1786254076.295,TRACKING,4.746,-0.006,0.000,-0.00,0.450,-0.003,0.000,0.000,0.000,1.000,4.75,10.77567061,106.67089666,10.51,"10°46'32.41""N, 106°40'15.23""E",FIX,
12:41:16.354,1786254076.354,TRACKING,4.773,-0.006,0.000,-0.00,0.450,-0.004,0.000,0.000,0.000,1.000,4.77,10.77567061,106.67089708,10.51,"10°46'32.41""N, 106°40'15.23""E",FIX,
12:41:16.440,1786254076.440,TRACKING,4.800,-0.006,-0.000,-0.00,0.450,-0.001,0.000,0.000,0.000,1.000,4.80,10.77567061,106.67089708,10.51,"10°46'32.41""N, 106°40'15.23""E",FIX,
12:41:16.512,1786254076.512,TRACKING,4.827,-0.006,-0.000,-0.00,0.450,-0.001,0.000,0.000,0.000,1.000,4.83,10.77567061,106.67089708,10.51,"10°46'32.41""N, 106°40'15.23""E",FIX,
12:41:16.593,1786254076.594,TRACKING,4.863,-0.006,-0.000,-0.00,0.450,-0.001,0.000,0.000,0.000,1.000,4.86,10.77567061,106.67089749,10.51,"10°46'32.41""N, 106°40'15.23""E",FIX,
12:41:16.682,1786254076.683,TRACKING,4.899,-0.006,-0.001,-0.00,0.450,-0.000,0.000,0.000,0.000,1.000,4.90,10.77567061,106.67089749,10.51,"10°46'32.41""N, 106°40'15.23""E",FIX,
12:41:16.766,1786254076.767,TRACKING,4.935,-0.006,-0.001,-0.00,0.450,-0.000,0.000,0.000,0.000,1.000,4.94,10.77567061,106.67089749,10.51,"10°46'32.41""N, 106°40'15.23""E",FIX,
12:41:16.813,1786254076.814,TRACKING,4.953,-0.006,-0.001,-0.00,0.450,-0.000,0.000,0.000,0.000,1.000,4.95,10.77567061,106.67089790,10.51,"10°46'32.41""N, 106°40'15.23""E",FIX,
12:41:16.898,1786254076.899,TRACKING,4.980,-0.006,-0.001,-0.00,0.450,-0.000,0.000,0.000,0.000,1.000,4.98,10.77567061,106.67089790,10.51,"10°46'32.41""N, 106°40'15.23""E",FIX,
12:41:16.972,1786254076.972,TRACKING,5.007,-0.006,-0.001,-0.00,0.450,-0.000,0.000,0.000,0.000,1.000,5.01,10.77567061,106.67089790,10.51,"10°46'32.41""N, 106°40'15.23""E",FIX,
12:41:17.049,1786254077.049,TRACKING,5.043,-0.006,-0.001,-0.00,0.450,-0.000,0.000,0.000,0.000,1.000,5.04,10.77567061,106.67089831,10.51,"10°46'32.41""N, 106°40'15.23""E",FIX,
12:41:17.115,1786254077.116,TRACKING,5.070,-0.006,-0.001,-0.00,0.450,-0.000,0.000,0.000,0.000,1.000,5.07,10.77567061,106.67089831,10.51,"10°46'32.41""N, 106°40'15.23""E",FIX,
12:41:17.200,1786254077.200,TRACKING,5.097,-0.007,-0.001,-0.02,0.450,0.051,0.000,0.000,0.000,1.000,5.10,10.77567061,106.67089831,10.51,"10°46'32.41""N, 106°40'15.23""E",FIX,
12:41:17.270,1786254077.270,TRACKING,5.124,-0.007,0.001,-0.01,0.450,-0.012,0.000,0.000,0.000,1.000,5.12,10.77567061,106.67089831,10.51,"10°46'32.41""N, 106°40'15.23""E",FIX,
12:41:17.360,1786254077.360,TRACKING,5.160,-0.006,0.002,0.01,0.450,-0.051,0.000,0.000,0.000,1.000,5.16,10.77567061,106.67089872,10.51,"10°46'32.41""N, 106°40'15.24""E",FIX,
12:41:17.426,1786254077.427,TRACKING,5.187,-0.006,0.000,0.01,0.450,0.010,0.000,0.000,0.000,1.000,5.19,10.77567061,106.67089872,10.51,"10°46'32.41""N, 106°40'15.24""E",FIX,
12:41:17.512,1786254077.513,TRACKING,5.223,-0.006,-0.000,-0.02,0.450,0.051,0.000,0.000,0.000,1.000,5.22,10.77567061,106.67089913,10.51,"10°46'32.41""N, 106°40'15.24""E",FIX,
12:41:17.590,1786254077.590,TRACKING,5.250,-0.006,0.002,-0.01,0.450,-0.010,0.000,0.000,0.000,1.000,5.25,10.77567061,106.67089913,10.51,"10°46'32.41""N, 106°40'15.24""E",FIX,
12:41:17.658,1786254077.658,TRACKING,5.277,-0.006,0.003,-0.01,0.450,-0.007,0.000,0.000,0.000,1.000,5.28,10.77567061,106.67089913,10.51,"10°46'32.41""N, 106°40'15.24""E",FIX,
12:41:17.754,1786254077.754,TRACKING,5.313,-0.006,0.003,-0.00,0.450,-0.003,0.000,0.000,0.000,1.000,5.31,10.77567061,106.67089954,10.51,"10°46'32.41""N, 106°40'15.24""E",FIX,
12:41:17.843,1786254077.843,TRACKING,5.340,-0.006,0.002,-0.03,0.450,0.045,0.000,0.000,0.000,1.000,5.34,10.77567061,106.67089954,10.51,"10°46'32.41""N, 106°40'15.24""E",FIX,
12:41:17.914,1786254077.915,TRACKING,5.367,-0.006,0.004,-0.04,0.450,0.041,0.000,0.000,0.000,1.000,5.37,10.77567061,106.67089954,10.51,"10°46'32.41""N, 106°40'15.24""E",FIX,
12:41:17.987,1786254077.987,TRACKING,5.394,-0.006,0.006,-0.03,0.450,-0.023,0.000,0.000,0.000,1.000,5.39,10.77567061,106.67089954,10.51,"10°46'32.41""N, 106°40'15.24""E",FIX,
12:41:18.066,1786254078.066,TRACKING,5.421,-0.006,0.007,-0.02,0.450,-0.017,0.000,0.000,0.000,1.000,5.42,10.77567061,106.67089996,10.51,"10°46'32.41""N, 106°40'15.24""E",FIX,
12:41:18.132,1786254078.132,TRACKING,5.457,-0.006,0.005,-0.01,0.450,-0.008,0.000,0.000,0.000,1.000,5.46,10.77567061,106.67089996,10.51,"10°46'32.41""N, 106°40'15.24""E",FIX,
12:41:18.204,1786254078.205,TRACKING,5.484,-0.005,0.005,-0.01,0.450,-0.006,0.000,0.000,0.000,1.000,5.48,10.77567061,106.67089996,10.51,"10°46'32.41""N, 106°40'15.24""E",FIX,
12:41:18.279,1786254078.279,TRACKING,5.511,-0.005,0.004,-0.00,0.450,-0.004,0.000,0.000,0.000,1.000,5.51,10.77567061,106.67090037,10.51,"10°46'32.41""N, 106°40'15.24""E",FIX,
12:41:18.374,1786254078.374,TRACKING,5.547,-0.005,0.004,-0.03,0.450,0.042,0.000,0.000,0.000,1.000,5.55,10.77567061,106.67090037,10.51,"10°46'32.41""N, 106°40'15.24""E",FIX,
12:41:18.451,1786254078.452,TRACKING,5.583,-0.005,0.006,-0.02,0.450,-0.013,0.000,0.000,0.000,1.000,5.58,10.77567061,106.67090078,10.51,"10°46'32.41""N, 106°40'15.24""E",FIX,
12:41:18.513,1786254078.513,TRACKING,5.601,-0.005,0.006,-0.01,0.450,-0.013,0.000,0.000,0.000,1.000,5.60,10.77567061,106.67090078,10.51,"10°46'32.41""N, 106°40'15.24""E",FIX,
12:41:18.608,1786254078.609,TRACKING,5.637,-0.005,0.005,-0.01,0.450,-0.004,0.000,0.000,0.000,1.000,5.64,10.77567061,106.67090078,10.51,"10°46'32.41""N, 106°40'15.24""E",FIX,
12:41:18.669,1786254078.670,TRACKING,5.664,-0.005,0.004,-0.00,0.450,-0.005,0.000,0.000,0.000,1.000,5.66,10.77567061,106.67090078,10.51,"10°46'32.41""N, 106°40'15.24""E",FIX,
12:41:18.742,1786254078.742,TRACKING,5.700,-0.004,0.004,-0.03,0.450,0.047,0.000,0.000,0.000,1.000,5.70,10.77567061,106.67090119,10.51,"10°46'32.41""N, 106°40'15.24""E",FIX,
12:41:18.825,1786254078.825,TRACKING,5.727,-0.004,0.006,-0.02,0.450,-0.013,0.000,0.000,0.000,1.000,5.73,10.77567061,106.67090119,10.51,"10°46'32.41""N, 106°40'15.24""E",FIX,
12:41:18.897,1786254078.898,TRACKING,5.754,-0.004,0.007,-0.01,0.450,-0.009,0.000,0.000,0.000,1.000,5.75,10.77567061,106.67090119,10.51,"10°46'32.41""N, 106°40'15.24""E",FIX,
12:41:18.960,1786254078.961,TRACKING,5.781,-0.004,0.006,-0.01,0.450,-0.008,0.000,0.000,0.000,1.000,5.78,10.77567061,106.67090160,10.51,"10°46'32.41""N, 106°40'15.25""E",FIX,
12:41:19.040,1786254079.041,TRACKING,5.808,-0.004,0.005,-0.00,0.450,-0.003,0.000,0.000,0.000,1.000,5.81,10.77567061,106.67090160,10.51,"10°46'32.41""N, 106°40'15.25""E",FIX,
12:41:19.118,1786254079.118,TRACKING,5.844,-0.004,0.005,-0.00,0.450,-0.002,0.000,0.000,0.000,1.000,5.84,10.77567061,106.67090160,10.51,"10°46'32.41""N, 106°40'15.25""E",FIX,
12:41:19.193,1786254079.194,TRACKING,5.880,-0.003,0.005,-0.00,0.450,-0.001,0.000,0.000,0.000,1.000,5.88,10.77567061,106.67090201,10.51,"10°46'32.41""N, 106°40'15.25""E",FIX,
12:41:19.256,1786254079.256,TRACKING,5.898,-0.003,0.005,-0.00,0.450,-0.001,0.000,0.000,0.000,1.000,5.90,10.77567061,106.67090201,10.51,"10°46'32.41""N, 106°40'15.25""E",FIX,
12:41:19.346,1786254079.346,TRACKING,5.934,-0.003,0.005,-0.02,0.450,0.046,0.000,0.000,0.000,1.000,5.93,10.77567061,106.67090201,10.51,"10°46'32.41""N, 106°40'15.25""E",FIX,
12:41:19.418,1786254079.419,TRACKING,5.961,-0.003,0.007,-0.02,0.450,-0.013,0.000,0.000,0.000,1.000,5.96,10.77567061,106.67090242,10.51,"10°46'32.41""N, 106°40'15.25""E",FIX,
12:41:19.495,1786254079.495,TRACKING,5.997,-0.003,0.007,0.01,0.450,-0.059,0.000,0.000,0.000,1.000,6.00,10.77567061,106.67090242,10.51,"10°46'32.41""N, 106°40'15.25""E",FIX,
12:41:19.571,1786254079.571,TRACKING,6.024,-0.003,0.004,0.01,0.450,0.006,0.000,0.000,0.000,1.000,6.02,10.77567061,106.67090242,10.51,"10°46'32.41""N, 106°40'15.25""E",FIX,
12:41:19.634,1786254079.635,TRACKING,6.051,-0.002,0.003,-0.02,0.450,0.062,0.000,0.000,0.000,1.000,6.05,10.77567061,106.67090284,10.51,"10°46'32.41""N, 106°40'15.25""E",FIX,
12:41:19.708,1786254079.708,TRACKING,6.078,-0.002,0.005,-0.01,0.450,-0.011,0.000,0.000,0.000,1.000,6.08,10.77567061,106.67090284,10.51,"10°46'32.41""N, 106°40'15.25""E",FIX,
12:41:19.791,1786254079.791,TRACKING,6.114,-0.002,0.006,0.02,0.450,-0.049,0.000,0.000,0.000,1.000,6.11,10.77567061,106.67090284,10.51,"10°46'32.41""N, 106°40'15.25""E",FIX,
12:41:19.857,1786254079.858,TRACKING,6.141,-0.002,0.004,0.01,0.450,0.010,0.000,0.000,0.000,1.000,6.14,10.77567061,106.67090325,10.51,"10°46'32.41""N, 106°40'15.25""E",FIX,
12:41:19.945,1786254079.945,TRACKING,6.168,-0.002,0.003,0.01,0.450,0.005,0.000,0.000,0.000,1.000,6.17,10.77567061,106.67090325,10.51,"10°46'32.41""N, 106°40'15.25""E",FIX,
12:41:20.027,1786254080.028,TRACKING,6.204,-0.002,0.004,0.00,0.450,0.003,0.000,0.000,0.000,1.000,6.20,10.77567061,106.67090325,10.51,"10°46'32.41""N, 106°40'15.25""E",FIX,
12:41:20.093,1786254080.094,TRACKING,6.231,-0.002,0.004,0.00,0.450,0.003,0.000,0.000,0.000,1.000,6.23,10.77567062,106.67090366,10.51,"10°46'32.41""N, 106°40'15.25""E",FIX,
12:41:20.171,1786254080.171,TRACKING,6.258,-0.002,0.004,0.02,0.450,-0.053,0.000,0.000,0.000,1.000,6.26,10.77567062,106.67090366,10.51,"10°46'32.41""N, 106°40'15.25""E",FIX,
12:41:20.247,1786254080.248,TRACKING,6.285,-0.002,0.002,0.02,0.450,0.015,0.000,0.000,0.000,1.000,6.29,10.77567062,106.67090366,10.51,"10°46'32.41""N, 106°40'15.25""E",FIX,
12:41:20.328,1786254080.328,TRACKING,6.312,-0.001,0.001,0.01,0.450,0.009,0.000,0.000,0.000,1.000,6.31,10.77567062,106.67090407,10.51,"10°46'32.41""N, 106°40'15.25""E",FIX,
12:41:20.415,1786254080.416,TRACKING,6.348,-0.001,0.002,0.01,0.450,0.006,0.000,0.000,0.000,1.000,6.35,10.77567062,106.67090407,10.51,"10°46'32.41""N, 106°40'15.25""E",FIX,
12:41:20.501,1786254080.501,TRACKING,6.375,-0.001,0.003,0.00,0.450,0.003,0.000,0.000,0.000,1.000,6.38,10.77567062,106.67090407,10.51,"10°46'32.41""N, 106°40'15.25""E",FIX,
12:41:20.575,1786254080.576,TRACKING,6.402,-0.001,0.003,0.00,0.450,0.002,0.000,0.000,0.000,1.000,6.40,10.77567062,106.67090448,10.51,"10°46'32.41""N, 106°40'15.26""E",FIX,
12:41:20.664,1786254080.665,TRACKING,6.438,-0.001,0.003,0.00,0.450,0.001,0.000,0.000,0.000,1.000,6.44,10.77567062,106.67090448,10.51,"10°46'32.41""N, 106°40'15.26""E",FIX,
12:41:20.725,1786254080.725,TRACKING,6.465,-0.001,0.003,0.02,0.450,-0.058,0.000,0.000,0.000,1.000,6.47,10.77567062,106.67090448,10.51,"10°46'32.41""N, 106°40'15.26""E",FIX,
12:41:20.804,1786254080.805,TRACKING,6.492,-0.001,0.001,0.02,0.450,0.013,0.000,0.000,0.000,1.000,6.49,10.77567062,106.67090489,10.51,"10°46'32.41""N, 106°40'15.26""E",FIX,
12:41:20.892,1786254080.893,TRACKING,6.528,-0.001,0.000,-0.01,0.450,0.053,0.000,0.000,0.000,1.000,6.53,10.77567062,106.67090489,10.51,"10°46'32.41""N, 106°40'15.26""E",FIX,
12:41:20.965,1786254080.966,TRACKING,6.555,-0.001,0.002,-0.01,0.450,-0.008,0.000,0.000,0.000,1.000,6.56,10.77567062,106.67090489,10.51,"10°46'32.41""N, 106°40'15.26""E",FIX,
12:41:21.058,1786254081.058,TRACKING,6.582,-0.001,0.003,0.02,0.450,-0.052,0.000,0.000,0.000,1.000,6.58,10.77567062,106.67090531,10.51,"10°46'32.41""N, 106°40'15.26""E",FIX,
12:41:21.134,1786254081.135,TRACKING,6.618,-0.001,0.000,0.01,0.450,0.008,0.000,0.000,0.000,1.000,6.62,10.77567062,106.67090531,10.51,"10°46'32.41""N, 106°40'15.26""E",FIX,
12:41:21.211,1786254081.212,TRACKING,6.645,-0.001,-0.000,-0.02,0.450,0.061,0.000,0.000,0.000,1.000,6.65,10.77567062,106.67090531,10.51,"10°46'32.41""N, 106°40'15.26""E",FIX,
12:41:21.283,1786254081.283,TRACKING,6.672,-0.001,0.002,-0.01,0.450,-0.009,0.000,0.000,0.000,1.000,6.67,10.77567062,106.67090572,10.51,"10°46'32.41""N, 106°40'15.26""E",FIX,
12:41:21.354,1786254081.355,TRACKING,6.699,-0.001,0.003,0.02,0.450,-0.063,0.000,0.000,0.000,1.000,6.70,10.77567062,106.67090572,10.51,"10°46'32.41""N, 106°40'15.26""E",FIX,
12:41:21.421,1786254081.421,TRACKING,6.726,-0.001,0.001,0.01,0.450,0.009,0.000,0.000,0.000,1.000,6.73,10.77567062,106.67090572,10.51,"10°46'32.41""N, 106°40'15.26""E",FIX,
12:41:21.515,1786254081.515,TRACKING,6.771,-0.001,-0.000,0.01,0.450,0.004,0.000,0.000,0.000,1.000,6.77,10.77567062,106.67090613,10.51,"10°46'32.41""N, 106°40'15.26""E",FIX,
12:41:21.600,1786254081.601,TRACKING,6.798,-0.001,0.000,0.00,0.450,0.004,0.000,0.000,0.000,1.000,6.80,10.77567062,106.67090613,10.51,"10°46'32.41""N, 106°40'15.26""E",FIX,
12:41:21.654,1786254081.654,TRACKING,6.816,-0.001,0.000,0.00,0.450,0.003,0.000,0.000,0.000,1.000,6.82,10.77567062,106.67090613,10.51,"10°46'32.41""N, 106°40'15.26""E",FIX,
12:41:21.723,1786254081.723,TRACKING,6.852,-0.001,0.001,0.00,0.450,0.002,0.000,0.000,0.000,1.000,6.85,10.77567062,106.67090654,10.51,"10°46'32.41""N, 106°40'15.26""E",FIX,
12:41:21.798,1786254081.799,TRACKING,6.879,-0.001,0.001,0.00,0.450,0.001,0.000,0.000,0.000,1.000,6.88,10.77567062,106.67090654,10.51,"10°46'32.41""N, 106°40'15.26""E",FIX,
12:41:21.873,1786254081.874,TRACKING,6.906,-0.001,0.001,-0.02,0.450,0.051,0.000,0.000,0.000,1.000,6.91,10.77567062,106.67090654,10.51,"10°46'32.41""N, 106°40'15.26""E",FIX,
12:41:21.960,1786254081.960,TRACKING,6.942,-0.001,0.003,-0.04,0.450,0.036,0.000,0.000,0.000,1.000,6.94,10.77567062,106.67090695,10.51,"10°46'32.41""N, 106°40'15.27""E",FIX,
12:41:22.043,1786254082.043,TRACKING,6.969,-0.000,0.006,-0.02,0.450,-0.021,0.000,0.000,0.000,1.000,6.97,10.77567062,106.67090695,10.51,"10°46'32.41""N, 106°40'15.27""E",FIX,
12:41:22.129,1786254082.129,TRACKING,7.005,-0.000,0.006,-0.02,0.450,-0.012,0.000,0.000,0.000,1.000,7.01,10.77567062,106.67090695,10.51,"10°46'32.41""N, 106°40'15.27""E",FIX,
12:41:22.214,1786254082.214,TRACKING,7.032,-0.000,0.005,-0.01,0.450,-0.009,0.000,0.000,0.000,1.000,7.03,10.77567062,106.67090736,10.51,"10°46'32.41""N, 106°40'15.27""E",FIX,
12:41:22.288,1786254082.288,TRACKING,7.059,0.000,0.005,-0.01,0.450,-0.006,0.000,0.000,0.000,1.000,7.06,10.77567062,106.67090736,10.51,"10°46'32.41""N, 106°40'15.27""E",FIX,
12:41:22.360,1786254082.361,TRACKING,7.086,0.000,0.004,-0.00,0.450,-0.004,0.000,0.000,0.000,1.000,7.09,10.77567062,106.67090736,10.51,"10°46'32.41""N, 106°40'15.27""E",FIX,
12:41:22.456,1786254082.457,TRACKING,7.122,0.000,0.004,-0.03,0.450,0.038,0.000,0.000,0.000,1.000,7.12,10.77567062,106.67090777,10.51,"10°46'32.41""N, 106°40'15.27""E",FIX,
12:41:22.511,1786254082.511,TRACKING,7.149,0.000,0.005,-0.02,0.450,-0.021,0.000,0.000,0.000,1.000,7.15,10.77567062,106.67090777,10.51,"10°46'32.41""N, 106°40'15.27""E",FIX,
12:41:22.599,1786254082.599,TRACKING,7.185,0.001,0.004,-0.01,0.450,-0.007,0.000,0.000,0.000,1.000,7.19,10.77567062,106.67090777,10.51,"10°46'32.41""N, 106°40'15.27""E",FIX,
12:41:22.674,1786254082.675,TRACKING,7.212,0.001,0.003,-0.03,0.450,0.046,0.000,0.000,0.000,1.000,7.21,10.77567062,106.67090819,10.51,"10°46'32.41""N, 106°40'15.27""E",FIX,
12:41:22.728,1786254082.729,TRACKING,7.230,0.001,0.004,-0.02,0.450,-0.024,0.000,0.000,0.000,1.000,7.23,10.77567062,106.67090819,10.51,"10°46'32.41""N, 106°40'15.27""E",FIX,
12:41:22.819,1786254082.820,TRACKING,7.275,0.001,0.004,-0.04,0.450,0.034,0.000,0.000,0.000,1.000,7.28,10.77567062,106.67090819,10.51,"10°46'32.41""N, 106°40'15.27""E",FIX,
12:41:22.876,1786254082.877,TRACKING,7.293,0.001,0.004,-0.02,0.450,-0.027,0.000,0.000,0.000,1.000,7.29,10.77567062,106.67090860,10.51,"10°46'32.41""N, 106°40'15.27""E",FIX,
12:41:22.952,1786254082.953,TRACKING,7.329,0.001,0.004,-0.04,0.450,0.039,0.000,0.000,0.000,1.000,7.33,10.77567062,106.67090860,10.51,"10°46'32.41""N, 106°40'15.27""E",FIX,
12:41:23.029,1786254083.029,TRACKING,7.356,0.001,0.005,-0.02,0.450,-0.020,0.000,0.000,0.000,1.000,7.36,10.77567062,106.67090860,10.51,"10°46'32.41""N, 106°40'15.27""E",FIX,
12:41:23.127,1786254083.128,TRACKING,7.392,0.002,0.005,-0.02,0.450,-0.010,0.000,0.000,0.000,1.000,7.39,10.77567062,106.67090901,10.51,"10°46'32.41""N, 106°40'15.27""E",FIX,
12:41:23.192,1786254083.193,TRACKING,7.419,0.002,0.004,-0.03,0.450,0.048,0.000,0.000,0.000,1.000,7.42,10.77567062,106.67090901,10.51,"10°46'32.41""N, 106°40'15.27""E",FIX,
12:41:23.268,1786254083.268,TRACKING,7.446,0.002,0.006,-0.02,0.450,-0.020,0.000,0.000,0.000,1.000,7.45,10.77567062,106.67090901,10.51,"10°46'32.41""N, 106°40'15.27""E",FIX,
12:41:23.339,1786254083.339,TRACKING,7.473,0.002,0.006,-0.01,0.450,-0.013,0.000,0.000,0.000,1.000,7.47,10.77567062,106.67090942,10.51,"10°46'32.41""N, 106°40'15.27""E",FIX,
12:41:23.418,1786254083.419,TRACKING,7.509,0.002,0.005,-0.01,0.450,-0.006,0.000,0.000,0.000,1.000,7.51,10.77567062,106.67090942,10.51,"10°46'32.41""N, 106°40'15.27""E",FIX,
12:41:23.483,1786254083.484,TRACKING,7.536,0.002,0.004,-0.03,0.450,0.059,0.000,0.000,0.000,1.000,7.54,10.77567062,106.67090942,10.51,"10°46'32.41""N, 106°40'15.27""E",FIX,
12:41:23.567,1786254083.568,TRACKING,7.563,0.002,0.007,-0.02,0.450,-0.015,0.000,0.000,0.000,1.000,7.56,10.77567063,106.67090983,10.51,"10°46'32.41""N, 106°40'15.28""E",FIX,
12:41:23.648,1786254083.649,TRACKING,7.599,0.003,0.007,-0.01,0.450,-0.009,0.000,0.000,0.000,1.000,7.60,10.77567063,106.67090983,10.51,"10°46'32.41""N, 106°40'15.28""E",FIX,
12:41:23.716,1786254083.717,TRACKING,7.626,0.003,0.007,-0.01,0.450,-0.008,0.000,0.000,0.000,1.000,7.63,10.77567063,106.67090983,10.51,"10°46'32.41""N, 106°40'15.28""E",FIX,
12:41:23.794,1786254083.794,TRACKING,7.653,0.003,0.006,-0.01,0.450,-0.004,0.000,0.000,0.000,1.000,7.65,10.77567063,106.67091024,10.51,"10°46'32.41""N, 106°40'15.28""E",FIX,
12:41:23.879,1786254083.879,TRACKING,7.689,0.003,0.006,-0.03,0.450,0.043,0.000,0.000,0.000,1.000,7.69,10.77567063,106.67091024,10.51,"10°46'32.41""N, 106°40'15.28""E",FIX,
12:41:23.941,1786254083.941,TRACKING,7.716,0.003,0.007,-0.02,0.450,-0.018,0.000,0.000,0.000,1.000,7.72,10.77567063,106.67091024,10.51,"10°46'32.41""N, 106°40'15.28""E",FIX,
12:41:24.019,1786254084.019,TRACKING,7.743,0.004,0.007,-0.01,0.450,-0.008,0.000,0.000,0.000,1.000,7.74,10.77567063,106.67091065,10.51,"10°46'32.41""N, 106°40'15.28""E",FIX,
12:41:24.100,1786254084.100,TRACKING,7.779,0.004,0.006,-0.03,0.450,0.042,0.000,0.000,0.000,1.000,7.78,10.77567063,106.67091065,10.51,"10°46'32.41""N, 106°40'15.28""E",FIX,
12:41:24.163,1786254084.163,TRACKING,7.797,0.004,0.007,-0.02,0.450,-0.023,0.000,0.000,0.000,1.000,7.80,10.77567063,106.67091065,10.51,"10°46'32.41""N, 106°40'15.28""E",FIX,
12:41:24.263,1786254084.263,TRACKING,7.833,0.004,0.007,-0.01,0.450,-0.009,0.000,0.000,0.000,1.000,7.83,10.77567063,106.67091107,10.51,"10°46'32.41""N, 106°40'15.28""E",FIX,
12:41:24.336,1786254084.337,TRACKING,7.860,0.004,0.006,-0.03,0.450,0.044,0.000,0.000,0.000,1.000,7.86,10.77567063,106.67091107,10.51,"10°46'32.41""N, 106°40'15.28""E",FIX,
12:41:24.406,1786254084.407,TRACKING,7.887,0.004,0.007,-0.02,0.450,-0.020,0.000,0.000,0.000,1.000,7.89,10.77567063,106.67091107,10.51,"10°46'32.41""N, 106°40'15.28""E",FIX,
12:41:24.491,1786254084.491,TRACKING,7.923,0.005,0.007,-0.01,0.450,-0.009,0.000,0.000,0.000,1.000,7.92,10.77567063,106.67091148,10.51,"10°46'32.41""N, 106°40'15.28""E",FIX,
12:41:24.556,1786254084.556,TRACKING,7.950,0.005,0.007,-0.03,0.450,0.051,0.000,0.000,0.000,1.000,7.95,10.77567063,106.67091148,10.51,"10°46'32.41""N, 106°40'15.28""E",FIX,
12:41:24.631,1786254084.632,TRACKING,7.977,0.005,0.008,-0.02,0.450,-0.016,0.000,0.000,0.000,1.000,7.98,10.77567063,106.67091148,10.51,"10°46'32.41""N, 106°40'15.28""E",FIX,
12:41:24.714,1786254084.714,TRACKING,8.013,0.005,0.009,-0.01,0.450,-0.011,0.000,0.000,0.000,1.000,8.01,10.77567063,106.67091189,10.51,"10°46'32.41""N, 106°40'15.28""E",FIX,
12:41:24.786,1786254084.787,TRACKING,8.040,0.006,0.008,-0.01,0.450,-0.007,0.000,0.000,0.000,1.000,8.04,10.77567063,106.67091189,10.51,"10°46'32.41""N, 106°40'15.28""E",FIX,
12:41:24.859,1786254084.860,TRACKING,8.067,0.006,0.008,-0.01,0.450,-0.005,0.000,0.000,0.000,1.000,8.07,10.77567063,106.67091189,10.51,"10°46'32.41""N, 106°40'15.28""E",FIX,
12:41:24.935,1786254084.935,TRACKING,8.094,0.006,0.007,-0.00,0.450,-0.003,0.000,0.000,0.000,1.000,8.09,10.77567063,106.67091189,10.51,"10°46'32.41""N, 106°40'15.28""E",FIX,
12:41:25.012,1786254085.013,TRACKING,8.130,0.006,0.007,-0.00,0.450,-0.002,0.000,0.000,0.000,1.000,8.13,10.77567064,106.67091230,10.51,"10°46'32.41""N, 106°40'15.28""E",FIX,
12:41:25.095,1786254085.095,TRACKING,8.157,0.007,0.007,-0.02,0.450,0.056,0.000,0.000,0.000,1.000,8.16,10.77567064,106.67091230,10.51,"10°46'32.41""N, 106°40'15.28""E",FIX,
12:41:25.158,1786254085.158,TRACKING,8.184,0.007,0.008,-0.02,0.450,-0.012,0.000,0.000,0.000,1.000,8.18,10.77567064,106.67091230,10.51,"10°46'32.41""N, 106°40'15.28""E",FIX,
12:41:25.243,1786254085.244,TRACKING,8.220,0.007,0.010,-0.01,0.450,-0.008,0.000,0.000,0.000,1.000,8.22,10.77567064,106.67091271,10.51,"10°46'32.41""N, 106°40'15.29""E",FIX,
12:41:25.317,1786254085.317,TRACKING,8.247,0.007,0.009,-0.01,0.450,-0.006,0.000,0.000,0.000,1.000,8.25,10.77567064,106.67091271,10.51,"10°46'32.41""N, 106°40'15.29""E",FIX,
12:41:25.411,1786254085.412,TRACKING,8.283,0.008,0.008,-0.00,0.450,-0.003,0.000,0.000,0.000,1.000,8.28,10.77567064,106.67091312,10.51,"10°46'32.41""N, 106°40'15.29""E",FIX,
12:41:25.480,1786254085.481,TRACKING,8.310,0.008,0.008,-0.00,0.450,-0.003,0.000,0.000,0.000,1.000,8.31,10.77567064,106.67091312,10.51,"10°46'32.41""N, 106°40'15.29""E",FIX,
12:41:25.551,1786254085.552,TRACKING,8.337,0.008,0.008,-0.00,0.450,-0.002,0.000,0.000,0.000,1.000,8.34,10.77567064,106.67091312,10.51,"10°46'32.41""N, 106°40'15.29""E",FIX,
12:41:25.621,1786254085.622,TRACKING,8.364,0.008,0.008,-0.02,0.450,0.056,0.000,0.000,0.000,1.000,8.36,10.77567064,106.67091312,10.51,"10°46'32.41""N, 106°40'15.29""E",FIX,
12:41:25.698,1786254085.699,TRACKING,8.400,0.009,0.011,-0.02,0.450,-0.011,0.000,0.000,0.000,1.000,8.40,10.77567064,106.67091353,10.51,"10°46'32.41""N, 106°40'15.29""E",FIX,
12:41:25.771,1786254085.772,TRACKING,8.427,0.009,0.012,0.01,0.450,-0.058,0.000,0.000,0.000,1.000,8.43,10.77567064,106.67091353,10.51,"10°46'32.41""N, 106°40'15.29""E",FIX,
12:41:25.843,1786254085.844,TRACKING,8.454,0.009,0.009,-0.01,0.450,0.062,0.000,0.000,0.000,1.000,8.45,10.77567064,106.67091353,10.51,"10°46'32.41""N, 106°40'15.29""E",FIX,
12:41:25.906,1786254085.907,TRACKING,8.481,0.010,0.010,-0.03,0.450,0.051,0.000,0.000,0.000,0.642,8.48,10.77567064,106.67091395,10.51,"10°46'32.41""N, 106°40'15.29""E",FIX,
12:41:25.994,1786254085.994,TRACKING,8.517,0.010,0.014,-0.03,0.450,0.002,0.000,0.000,0.000,0.189,8.52,10.77567064,106.67091395,10.51,"10°46'32.41""N, 106°40'15.29""E",FIX,
12:41:26.053,1786254086.054,TRACKING,8.544,0.010,0.015,-0.03,0.450,-0.001,0.000,0.000,0.000,0.000,8.54,10.77567064,106.67091395,10.51,"10°46'32.41""N, 106°40'15.29""E",FIX,
12:41:26.138,1786254086.139,TRACKING,8.580,0.011,0.015,-0.02,0.450,0.002,0.000,0.000,0.000,0.000,8.58,10.77567065,106.67091436,10.51,"10°46'32.41""N, 106°40'15.29""E",FIX,
12:41:26.218,1786254086.219,TRACKING,8.607,0.011,0.015,-0.02,0.450,0.001,0.000,0.000,0.000,0.000,8.61,10.77567065,106.67091436,10.51,"10°46'32.41""N, 106°40'15.29""E",FIX,
12:41:26.299,1786254086.299,TRACKING,8.643,0.012,0.015,-0.02,0.450,0.001,0.000,0.000,0.000,0.000,8.64,10.77567065,106.67091477,10.51,"10°46'32.41""N, 106°40'15.29""E",FIX,
12:41:26.368,1786254086.368,TRACKING,8.670,0.012,0.015,-0.02,0.450,0.000,0.000,0.000,0.000,0.000,8.67,10.77567065,106.67091477,10.51,"10°46'32.41""N, 106°40'15.29""E",FIX,
12:41:26.436,1786254086.437,TRACKING,8.697,0.013,0.015,-0.02,0.450,0.001,0.000,0.000,0.000,0.000,8.70,10.77567065,106.67091477,10.51,"10°46'32.41""N, 106°40'15.29""E",FIX,
12:41:26.513,1786254086.513,TRACKING,8.724,0.013,0.016,-0.01,0.450,0.001,0.000,0.000,0.000,0.000,8.72,10.77567065,106.67091477,10.51,"10°46'32.41""N, 106°40'15.29""E",FIX,
12:41:26.587,1786254086.588,TRACKING,8.760,0.014,0.016,-0.01,0.450,0.000,0.000,0.000,0.000,0.000,8.76,10.77567065,106.67091518,10.51,"10°46'32.41""N, 106°40'15.29""E",FIX,
12:41:26.652,1786254086.652,TRACKING,8.778,0.014,0.016,-0.01,0.450,0.000,0.000,0.000,0.000,0.000,8.78,10.77567065,106.67091518,10.51,"10°46'32.41""N, 106°40'15.29""E",FIX,
12:41:30.789,1786254090.790,UTURN_PLANNING,10.396,0.039,0.016,0.00,0.000,0.000,0.000,0.000,0.000,0.000,0.00,10.77567070,106.67092259,10.51,"10°46'32.41""N, 106°40'15.32""E",FIX,
12:41:30.866,1786254090.867,PATH_FOLLOWING,10.396,0.039,0.016,-81.15,0.220,2.436,0.000,0.000,0.000,0.000,0.00,10.77567071,106.67092281,10.51,"10°46'32.41""N, 106°40'15.32""E",FIX,
12:41:30.943,1786254090.944,PATH_FOLLOWING,10.407,0.040,0.135,-77.94,0.220,1.775,0.000,0.000,0.000,0.000,0.00,10.77567071,106.67092281,10.51,"10°46'32.41""N, 106°40'15.32""E",FIX,
12:41:31.009,1786254091.009,PATH_FOLLOWING,10.420,0.043,0.256,-70.66,0.220,1.080,0.000,0.000,0.000,0.000,0.00,10.77567071,106.67092281,10.51,"10°46'32.41""N, 106°40'15.32""E",FIX,
12:41:31.088,1786254091.088,PATH_FOLLOWING,10.432,0.047,0.331,-67.95,0.220,0.937,0.000,0.000,0.000,0.000,0.00,10.77567070,106.67092295,10.51,"10°46'32.41""N, 106°40'15.32""E",FIX,
12:41:31.176,1786254091.177,PATH_FOLLOWING,10.449,0.053,0.408,-52.27,0.220,0.490,0.000,0.000,0.000,0.000,0.00,10.77567070,106.67092295,10.51,"10°46'32.41""N, 106°40'15.32""E",FIX,
12:41:31.256,1786254091.256,PATH_FOLLOWING,10.461,0.058,0.445,-50.19,0.220,0.455,0.000,0.000,0.000,0.000,0.00,10.77567070,106.67092295,10.51,"10°46'32.41""N, 106°40'15.32""E",FIX,
12:41:31.330,1786254091.330,PATH_FOLLOWING,10.473,0.064,0.473,-37.72,0.220,0.293,0.000,0.000,0.000,0.000,0.00,10.77567068,106.67092315,10.51,"10°46'32.41""N, 106°40'15.32""E",FIX,
12:41:31.405,1786254091.406,PATH_FOLLOWING,10.484,0.070,0.494,-24.31,0.220,0.171,0.000,0.000,0.000,0.000,0.00,10.77567068,106.67092315,10.51,"10°46'32.41""N, 106°40'15.32""E",FIX,
12:41:31.490,1786254091.491,PATH_FOLLOWING,10.500,0.079,0.511,-21.10,0.220,0.146,0.000,0.000,0.000,0.000,0.00,10.77567068,106.67092315,10.51,"10°46'32.41""N, 106°40'15.32""E",FIX,
12:41:31.570,1786254091.570,PATH_FOLLOWING,10.511,0.085,0.520,-13.73,0.220,0.093,0.000,0.000,0.000,0.000,0.00,10.77567069,106.67092334,10.51,"10°46'32.41""N, 106°40'15.32""E",FIX,
12:41:31.660,1786254091.661,PATH_FOLLOWING,10.526,0.094,0.528,3.04,0.220,-0.020,0.000,0.000,0.000,0.000,0.00,10.77567069,106.67092334,10.51,"10°46'32.41""N, 106°40'15.32""E",FIX,
12:41:31.723,1786254091.723,PATH_FOLLOWING,10.534,0.099,0.530,4.35,0.220,-0.029,0.000,0.000,0.000,0.000,0.00,10.77567069,106.67092334,10.51,"10°46'32.41""N, 106°40'15.32""E",FIX,
12:41:31.809,1786254091.810,PATH_FOLLOWING,10.549,0.108,0.528,32.27,0.220,-0.240,0.000,0.000,0.000,0.000,0.00,10.77567073,106.67092354,10.51,"10°46'32.41""N, 106°40'15.32""E",FIX,
12:41:31.883,1786254091.884,PATH_FOLLOWING,10.561,0.114,0.517,25.54,0.220,-0.181,0.000,0.000,0.000,0.000,0.00,10.77567073,106.67092354,10.51,"10°46'32.41""N, 106°40'15.32""E",FIX,
12:41:31.955,1786254091.956,PATH_FOLLOWING,10.572,0.121,0.505,62.17,0.220,-0.718,0.000,0.000,0.000,0.000,0.00,10.77567073,106.67092354,10.51,"10°46'32.41""N, 106°40'15.32""E",FIX,
12:41:32.050,1786254092.051,PATH_FOLLOWING,10.588,0.129,0.459,50.79,0.220,-0.465,0.000,0.000,0.000,0.000,0.00,10.77567078,106.67092374,10.51,"10°46'32.41""N, 106°40'15.33""E",FIX,
12:41:32.116,1786254092.117,PATH_FOLLOWING,10.600,0.134,0.426,35.96,0.220,-0.275,0.000,0.000,0.000,0.000,0.00,10.77567078,106.67092374,10.51,"10°46'32.41""N, 106°40'15.33""E",FIX,
12:41:32.198,1786254092.199,PATH_FOLLOWING,10.612,0.140,0.407,65.27,0.220,-0.823,0.000,0.000,0.000,0.000,0.00,10.77567078,106.67092374,10.51,"10°46'32.41""N, 106°40'15.33""E",FIX,
12:41:32.272,1786254092.272,PATH_FOLLOWING,10.624,0.145,0.372,59.24,0.220,-0.637,0.000,0.000,0.000,0.000,0.00,10.77567078,106.67092374,10.51,"10°46'32.41""N, 106°40'15.33""E",FIX,
12:41:32.353,1786254092.353,PATH_FOLLOWING,10.640,0.151,0.315,38.53,0.220,-0.302,0.000,0.000,0.000,0.000,0.00,10.77567085,106.67092393,10.51,"10°46'32.42""N, 106°40'15.33""E",FIX,
12:41:32.418,1786254092.419,PATH_FOLLOWING,10.653,0.155,0.289,66.07,0.220,-0.855,0.000,0.000,0.000,0.000,0.00,10.77567085,106.67092393,10.51,"10°46'32.42""N, 106°40'15.33""E",FIX,
12:41:32.502,1786254092.503,PATH_FOLLOWING,10.666,0.158,0.248,58.94,0.220,-0.630,0.000,0.000,0.000,0.000,0.00,10.77567085,106.67092393,10.51,"10°46'32.42""N, 106°40'15.33""E",FIX,
12:41:32.575,1786254092.575,PATH_FOLLOWING,10.683,0.162,0.191,37.92,0.220,-0.295,0.000,0.000,0.000,0.000,0.00,10.77567092,106.67092413,10.51,"10°46'32.42""N, 106°40'15.33""E",FIX,
12:41:32.665,1786254092.665,PATH_FOLLOWING,10.700,0.165,0.163,66.98,0.220,-0.893,0.000,0.000,0.000,0.000,0.00,10.77567092,106.67092413,10.51,"10°46'32.42""N, 106°40'15.33""E",FIX,
12:41:32.738,1786254092.739,PATH_FOLLOWING,10.713,0.167,0.115,58.62,0.220,-0.622,0.000,0.000,0.000,0.000,0.00,10.77567099,106.67092433,10.51,"10°46'32.42""N, 106°40'15.33""E",FIX,
12:41:32.817,1786254092.818,PATH_FOLLOWING,10.727,0.168,0.075,45.60,0.220,-0.387,0.000,0.000,0.000,0.000,0.00,10.77567099,106.67092433,10.51,"10°46'32.42""N, 106°40'15.33""E",FIX,
12:41:32.884,1786254092.885,PATH_FOLLOWING,10.740,0.169,0.045,69.31,0.220,-1.004,0.000,0.000,0.000,0.000,0.00,10.77567099,106.67092433,10.51,"10°46'32.42""N, 106°40'15.33""E",FIX,
12:41:32.957,1786254092.958,PATH_FOLLOWING,10.757,0.169,-0.019,59.51,0.220,-0.644,0.000,0.000,0.000,0.000,0.00,10.77567106,106.67092454,10.51,"10°46'32.42""N, 106°40'15.33""E",FIX,
12:41:33.032,1786254093.032,PATH_FOLLOWING,10.770,0.169,-0.063,46.01,0.220,-0.393,0.000,0.000,0.000,0.000,0.00,10.77567106,106.67092454,10.51,"10°46'32.42""N, 106°40'15.33""E",FIX,
12:41:33.101,1786254093.102,PATH_FOLLOWING,10.784,0.168,-0.090,70.20,0.220,-1.053,0.000,0.000,0.000,0.000,0.00,10.77567106,106.67092454,10.51,"10°46'32.42""N, 106°40'15.33""E",FIX,
12:41:33.188,1786254093.189,PATH_FOLLOWING,10.797,0.166,-0.142,63.68,0.220,-0.767,0.000,0.000,0.000,0.000,0.00,10.77567106,106.67092454,10.51,"10°46'32.42""N, 106°40'15.33""E",FIX,
12:41:33.266,1786254093.267,PATH_FOLLOWING,10.814,0.163,-0.212,72.08,0.220,-1.173,0.000,0.000,0.000,0.000,0.00,10.77567112,106.67092474,10.51,"10°46'32.42""N, 106°40'15.33""E",FIX,
12:41:33.341,1786254093.341,PATH_FOLLOWING,10.827,0.160,-0.275,65.13,0.220,-0.818,0.000,0.000,0.000,0.000,0.00,10.77567112,106.67092474,10.51,"10°46'32.42""N, 106°40'15.33""E",FIX,
12:41:33.407,1786254093.407,PATH_FOLLOWING,10.839,0.156,-0.332,52.30,0.220,-0.491,0.000,0.000,0.000,0.000,0.00,10.77567112,106.67092474,10.51,"10°46'32.42""N, 106°40'15.33""E",FIX,
12:41:33.490,1786254093.491,PATH_FOLLOWING,10.856,0.150,-0.377,70.49,0.220,-1.070,0.000,0.000,0.000,0.000,0.00,10.77567119,106.67092494,10.51,"10°46'32.42""N, 106°40'15.33""E",FIX,
12:41:33.558,1786254093.558,PATH_FOLLOWING,10.868,0.145,-0.432,63.73,0.220,-0.768,0.000,0.000,0.000,0.000,0.00,10.77567119,106.67092494,10.51,"10°46'32.42""N, 106°40'15.33""E",FIX,
12:41:33.622,1786254093.622,PATH_FOLLOWING,10.880,0.139,-0.484,50.82,0.220,-0.465,0.000,0.000,0.000,0.000,0.00,10.77567119,106.67092494,10.51,"10°46'32.42""N, 106°40'15.33""E",FIX,
12:41:33.714,1786254093.715,PATH_FOLLOWING,10.895,0.130,-0.526,71.01,0.220,-1.102,0.000,0.000,0.000,0.000,0.00,10.77567123,106.67092513,10.51,"10°46'32.42""N, 106°40'15.33""E",FIX,
12:41:33.795,1786254093.796,PATH_FOLLOWING,10.907,0.123,-0.585,63.69,0.220,-0.767,0.000,0.000,0.000,0.000,0.00,10.77567123,106.67092513,10.51,"10°46'32.42""N, 106°40'15.33""E",FIX,
12:41:33.858,1786254093.859,PATH_FOLLOWING,10.917,0.116,-0.639,50.28,0.220,-0.457,0.000,0.000,0.000,0.000,0.00,10.77567123,106.67092513,10.51,"10°46'32.42""N, 106°40'15.33""E",FIX,
12:41:33.929,1786254093.930,PATH_FOLLOWING,10.928,0.108,-0.673,71.81,0.220,-1.154,0.000,0.000,0.000,0.000,0.00,10.77567125,106.67092533,10.51,"10°46'32.42""N, 106°40'15.33""E",FIX,
12:41:34.019,1786254094.020,PATH_FOLLOWING,10.941,0.096,-0.750,62.31,0.220,-0.723,0.000,0.000,0.000,0.000,0.00,10.77567125,106.67092533,10.51,"10°46'32.42""N, 106°40'15.33""E",FIX,
12:41:34.085,1786254094.085,PATH_FOLLOWING,10.951,0.087,-0.803,73.73,0.220,-1.300,0.000,0.000,0.000,0.000,0.00,10.77567125,106.67092533,10.51,"10°46'32.42""N, 106°40'15.33""E",FIX,
12:41:34.164,1786254094.164,PATH_FOLLOWING,10.962,0.074,-0.894,64.28,0.220,-0.787,0.000,0.000,0.000,0.000,0.00,10.77567125,106.67092551,10.51,"10°46'32.42""N, 106°40'15.33""E",FIX,
12:41:34.251,1786254094.251,PATH_FOLLOWING,10.970,0.063,-0.947,51.75,0.220,-0.481,0.000,0.000,0.000,0.000,0.00,10.77567125,106.67092551,10.51,"10°46'32.42""N, 106°40'15.33""E",FIX,
12:41:34.323,1786254094.323,PATH_FOLLOWING,10.978,0.052,-0.980,72.50,0.220,-1.203,0.000,0.000,0.000,0.000,0.00,10.77567125,106.67092551,10.51,"10°46'32.42""N, 106°40'15.33""E",FIX,
12:41:34.407,1786254094.407,PATH_FOLLOWING,10.985,0.041,-1.040,66.53,0.220,-0.874,0.000,0.000,0.000,0.000,0.00,10.77567124,106.67092570,10.51,"10°46'32.42""N, 106°40'15.33""E",FIX,
12:41:34.481,1786254094.481,PATH_FOLLOWING,10.991,0.030,-1.102,74.81,0.220,-1.397,0.000,0.000,0.000,0.000,0.00,10.77567124,106.67092570,10.51,"10°46'32.42""N, 106°40'15.33""E",FIX,
12:41:34.558,1786254094.558,PATH_FOLLOWING,10.997,0.018,-1.171,69.52,0.220,-1.016,0.000,0.000,0.000,0.000,0.00,10.77567124,106.67092570,10.51,"10°46'32.42""N, 106°40'15.33""E",FIX,
12:41:34.624,1786254094.625,PATH_FOLLOWING,11.003,0.001,-1.265,50.64,0.220,-0.462,0.000,0.000,0.000,0.000,0.00,10.77567120,106.67092587,10.51,"10°46'32.42""N, 106°40'15.33""E",FIX,
12:41:34.699,1786254094.700,PATH_FOLLOWING,11.006,-0.012,-1.301,72.02,0.220,-1.169,0.000,0.000,0.000,0.000,0.00,10.77567120,106.67092587,10.51,"10°46'32.42""N, 106°40'15.33""E",FIX,
12:41:34.788,1786254094.788,PATH_FOLLOWING,11.011,-0.029,-1.380,62.44,0.220,-0.727,0.000,0.000,0.000,0.000,0.00,10.77567120,106.67092587,10.51,"10°46'32.42""N, 106°40'15.33""E",FIX,
12:41:34.852,1786254094.853,PATH_FOLLOWING,11.012,-0.037,-1.417,53.26,0.220,-0.508,0.000,0.000,0.000,0.000,0.00,10.77567114,106.67092604,10.51,"10°46'32.42""N, 106°40'15.33""E",FIX,
12:41:34.942,1786254094.943,PATH_FOLLOWING,11.014,-0.055,-1.465,72.13,0.220,-1.177,0.000,0.000,0.000,0.000,0.00,10.77567114,106.67092604,10.51,"10°46'32.42""N, 106°40'15.33""E",FIX,
12:41:35.018,1786254095.019,PATH_FOLLOWING,11.015,-0.068,-1.523,66.08,0.220,-0.855,0.000,0.000,0.000,0.000,0.00,10.77567114,106.67092604,10.51,"10°46'32.42""N, 106°40'15.33""E",FIX,
12:41:35.103,1786254095.103,PATH_FOLLOWING,11.015,-0.086,-1.600,74.17,0.220,-1.337,0.000,0.000,0.000,0.000,0.00,10.77567105,106.67092620,10.51,"10°46'32.42""N, 106°40'15.33""E",FIX,
12:41:35.190,1786254095.191,PATH_FOLLOWING,11.015,-0.099,-1.673,67.80,0.220,-0.929,0.000,0.000,0.000,0.000,0.00,10.77567105,106.67092620,10.51,"10°46'32.42""N, 106°40'15.33""E",FIX,
12:41:35.266,1786254095.266,PATH_FOLLOWING,11.013,-0.112,-1.735,75.49,0.220,-1.466,0.000,0.000,0.000,0.000,0.00,10.77567105,106.67092620,10.51,"10°46'32.42""N, 106°40'15.33""E",FIX,
12:41:35.345,1786254095.346,PATH_FOLLOWING,11.009,-0.129,-1.841,66.48,0.220,-0.871,0.000,0.000,0.000,0.000,0.00,10.77567094,106.67092636,10.51,"10°46'32.42""N, 106°40'15.33""E",FIX,
12:41:35.418,1786254095.418,PATH_FOLLOWING,11.005,-0.142,-1.899,54.63,0.220,-0.534,0.000,0.000,0.000,0.000,0.00,10.77567094,106.67092636,10.51,"10°46'32.42""N, 106°40'15.33""E",FIX,
12:41:35.508,1786254095.508,PATH_FOLLOWING,10.999,-0.158,-1.945,72.63,0.220,-1.213,0.000,0.000,0.000,0.000,0.00,10.77567094,106.67092636,10.51,"10°46'32.42""N, 106°40'15.33""E",FIX,
12:41:35.585,1786254095.586,PATH_FOLLOWING,10.996,-0.166,-1.987,68.82,0.220,-0.979,0.000,0.000,0.000,0.000,0.00,10.77567081,106.67092650,10.51,"10°46'32.41""N, 106°40'15.34""E",FIX,
12:41:35.651,1786254095.652,PATH_FOLLOWING,10.988,-0.182,-2.075,74.66,0.220,-1.383,0.000,0.000,0.000,0.000,0.00,10.77567081,106.67092650,10.51,"10°46'32.41""N, 106°40'15.34""E",FIX,
12:41:35.739,1786254095.740,PATH_FOLLOWING,10.981,-0.193,-2.154,67.90,0.220,-0.934,0.000,0.000,0.000,0.000,0.00,10.77567081,106.67092650,10.51,"10°46'32.41""N, 106°40'15.34""E",FIX,
12:41:35.810,1786254095.811,PATH_FOLLOWING,10.973,-0.204,-2.222,54.83,0.220,-0.538,0.000,0.000,0.000,0.000,0.00,10.77567066,106.67092663,10.51,"10°46'32.41""N, 106°40'15.34""E",FIX,
12:41:35.897,1786254095.897,PATH_FOLLOWING,10.962,-0.218,-2.276,77.29,0.220,-1.682,0.000,0.000,0.000,0.000,0.00,10.77567066,106.67092663,10.51,"10°46'32.41""N, 106°40'15.34""E",FIX,
12:41:35.960,1786254095.961,PATH_FOLLOWING,10.953,-0.227,-2.353,73.25,0.220,-1.260,0.000,0.000,0.000,0.000,0.00,10.77567066,106.67092663,10.51,"10°46'32.41""N, 106°40'15.34""E",FIX,
12:41:36.033,1786254096.034,PATH_FOLLOWING,10.944,-0.236,-2.439,63.45,0.220,-0.759,0.000,0.000,0.000,0.000,0.00,10.77567051,106.67092676,10.51,"10°46'32.41""N, 106°40'15.34""E",FIX,
12:41:36.117,1786254096.118,PATH_FOLLOWING,10.930,-0.247,-2.513,39.89,0.220,-0.317,0.000,0.000,0.000,0.000,0.00,10.77567051,106.67092676,10.51,"10°46'32.41""N, 106°40'15.34""E",FIX,
12:41:36.187,1786254096.188,PATH_FOLLOWING,10.919,-0.255,-2.540,22.28,0.220,-0.155,0.000,0.000,0.000,0.000,0.00,10.77567051,106.67092676,10.51,"10°46'32.41""N, 106°40'15.34""E",FIX,
12:41:36.266,1786254096.267,PATH_FOLLOWING,10.908,-0.262,-2.552,72.89,0.220,-1.232,0.000,0.000,0.000,0.000,0.00,10.77567036,106.67092688,10.51,"10°46'32.41""N, 106°40'15.34""E",FIX,
12:41:36.350,1786254096.350,PATH_FOLLOWING,10.893,-0.272,-2.626,64.94,0.220,-0.811,0.000,0.000,0.000,0.000,0.00,10.77567036,106.67092688,10.51,"10°46'32.41""N, 106°40'15.34""E",FIX,
12:41:36.421,1786254096.422,PATH_FOLLOWING,10.882,-0.278,-2.681,52.19,0.220,-0.489,0.000,0.000,0.000,0.000,0.00,10.77567036,106.67092688,10.51,"10°46'32.41""N, 106°40'15.34""E",FIX,
12:41:36.493,1786254096.493,PATH_FOLLOWING,10.870,-0.283,-2.717,35.82,0.220,-0.274,0.000,0.000,0.000,0.000,0.00,10.77567020,106.67092699,10.51,"10°46'32.41""N, 106°40'15.34""E",FIX,
12:41:36.564,1786254096.564,PATH_FOLLOWING,10.858,-0.289,-2.738,21.60,0.220,-0.150,0.000,0.000,0.000,0.000,0.00,10.77567020,106.67092699,10.51,"10°46'32.41""N, 106°40'15.34""E",FIX,
12:41:36.655,1786254096.655,PATH_FOLLOWING,10.841,-0.295,-2.753,8.70,0.220,-0.058,0.000,0.000,0.000,0.000,0.00,10.77567020,106.67092699,10.51,"10°46'32.41""N, 106°40'15.34""E",FIX,
12:41:36.712,1786254096.713,PATH_FOLLOWING,10.829,-0.300,-2.759,3.44,0.220,-0.023,0.000,0.000,0.000,0.000,0.00,10.77567004,106.67092709,10.51,"10°46'32.41""N, 106°40'15.34""E",FIX,
12:41:36.786,1786254096.787,PATH_FOLLOWING,10.817,-0.305,-2.761,63.63,0.220,-0.765,0.000,0.000,0.000,0.000,0.00,10.77567004,106.67092709,10.51,"10°46'32.41""N, 106°40'15.34""E",FIX,
12:41:36.865,1786254096.866,PATH_FOLLOWING,10.800,-0.312,-2.804,54.01,0.220,-0.522,0.000,0.000,0.000,0.000,0.00,10.77567004,106.67092709,10.51,"10°46'32.41""N, 106°40'15.34""E",FIX,
12:41:36.949,1786254096.950,PATH_FOLLOWING,10.788,-0.316,-2.838,40.27,0.220,-0.321,0.000,0.000,0.000,0.000,0.00,10.77566988,106.67092720,10.51,"10°46'32.41""N, 106°40'15.34""E",FIX,
12:41:37.028,1786254097.028,PATH_FOLLOWING,10.775,-0.319,-2.861,26.32,0.220,-0.188,0.000,0.000,0.000,0.000,0.00,10.77566988,106.67092720,10.51,"10°46'32.41""N, 106°40'15.34""E",FIX,
12:41:37.098,1786254097.099,PATH_FOLLOWING,10.762,-0.323,-2.875,14.79,0.220,-0.100,0.000,0.000,0.000,0.000,0.00,10.77566988,106.67092720,10.51,"10°46'32.41""N, 106°40'15.34""E",FIX,
12:41:37.185,1786254097.186,PATH_FOLLOWING,10.745,-0.328,-2.886,5.49,0.220,-0.036,0.000,0.000,0.000,0.000,0.00,10.77566971,106.67092730,10.51,"10°46'32.41""N, 106°40'15.34""E",FIX,
12:41:37.254,1786254097.254,PATH_FOLLOWING,10.733,-0.331,-2.889,2.27,0.220,-0.015,0.000,0.000,0.000,0.000,0.00,10.77566971,106.67092730,10.51,"10°46'32.41""N, 106°40'15.34""E",FIX,
12:41:37.331,1786254097.331,PATH_FOLLOWING,10.720,-0.334,-2.891,1.04,0.220,-0.007,0.000,0.000,0.000,0.000,0.00,10.77566971,106.67092730,10.51,"10°46'32.41""N, 106°40'15.34""E",FIX,
12:41:37.412,1786254097.412,PATH_FOLLOWING,10.703,-0.338,-2.892,53.41,0.220,-0.511,0.000,0.000,0.000,0.000,0.00,10.77566954,106.67092740,10.51,"10°46'32.41""N, 106°40'15.34""E",FIX,
12:41:37.474,1786254097.474,PATH_FOLLOWING,10.690,-0.342,-2.911,46.79,0.220,-0.404,0.000,0.000,0.000,0.000,0.00,10.77566954,106.67092740,10.51,"10°46'32.41""N, 106°40'15.34""E",FIX,
12:41:37.569,1786254097.570,PATH_FOLLOWING,10.673,-0.345,-2.945,27.97,0.220,-0.201,0.000,0.000,0.000,0.000,0.00,10.77566954,106.67092740,10.51,"10°46'32.41""N, 106°40'15.34""E",FIX,
12:41:37.643,1786254097.644,PATH_FOLLOWING,10.664,-0.347,-2.956,20.11,0.220,-0.139,0.000,0.000,0.000,0.000,0.00,10.77566937,106.67092750,10.51,"10°46'32.41""N, 106°40'15.34""E",FIX,
12:41:37.716,1786254097.716,PATH_FOLLOWING,10.647,-0.350,-2.969,9.19,0.220,-0.061,0.000,0.000,0.000,0.000,0.00,10.77566937,106.67092750,10.51,"10°46'32.41""N, 106°40'15.34""E",FIX,
12:41:37.802,1786254097.802,PATH_FOLLOWING,10.630,-0.353,-2.975,3.84,0.220,-0.025,0.000,0.000,0.000,0.000,0.00,10.77566937,106.67092750,10.51,"10°46'32.41""N, 106°40'15.34""E",FIX,
12:41:37.879,1786254097.880,PATH_FOLLOWING,10.617,-0.355,-2.977,2.05,0.220,-0.014,0.000,0.000,0.000,0.000,0.00,10.77566919,106.67092759,10.51,"10°46'32.41""N, 106°40'15.34""E",FIX,
12:41:37.961,1786254097.962,PATH_FOLLOWING,10.599,-0.358,-2.978,40.97,0.220,-0.329,0.000,0.000,0.000,0.000,0.00,10.77566919,106.67092759,10.51,"10°46'32.41""N, 106°40'15.34""E",FIX,
12:41:38.031,1786254098.032,PATH_FOLLOWING,10.590,-0.360,-2.988,35.52,0.220,-0.271,0.000,0.000,0.000,0.000,0.00,10.77566919,106.67092759,10.51,"10°46'32.41""N, 106°40'15.34""E",FIX,
12:41:38.125,1786254098.126,PATH_FOLLOWING,10.573,-0.362,-3.011,19.57,0.220,-0.135,0.000,0.000,0.000,0.000,0.00,10.77566902,106.67092769,10.51,"10°46'32.41""N, 106°40'15.34""E",FIX,
12:41:38.201,1786254098.201,PATH_FOLLOWING,10.560,-0.364,-3.022,10.53,0.220,-0.070,0.000,0.000,0.000,0.000,0.00,10.77566902,106.67092769,10.51,"10°46'32.41""N, 106°40'15.34""E",FIX,
12:41:38.264,1786254098.264,PATH_FOLLOWING,10.547,-0.365,-3.028,5.37,0.220,-0.036,0.000,0.000,0.000,0.000,0.00,10.77566902,106.67092769,10.51,"10°46'32.41""N, 106°40'15.34""E",FIX,
12:41:38.345,1786254098.345,PATH_FOLLOWING,10.534,-0.367,-3.030,2.98,0.220,-0.020,0.000,0.000,0.000,0.000,0.00,10.77566885,106.67092779,10.51,"10°46'32.41""N, 106°40'15.34""E",FIX,
12:41:38.419,1786254098.420,PATH_FOLLOWING,10.521,-0.368,-3.032,1.57,0.220,-0.010,0.000,0.000,0.000,0.000,0.00,10.77566885,106.67092779,10.51,"10°46'32.41""N, 106°40'15.34""E",FIX,
12:41:38.497,1786254098.498,PATH_FOLLOWING,10.503,-0.370,-3.033,0.56,0.220,-0.004,0.000,0.000,0.000,0.000,0.00,10.77566885,106.67092779,10.51,"10°46'32.41""N, 106°40'15.34""E",FIX,
12:41:38.571,1786254098.572,PATH_FOLLOWING,10.490,-0.372,-3.033,0.24,0.220,-0.002,0.000,0.000,0.000,0.000,0.00,10.77566867,106.67092788,10.51,"10°46'32.41""N, 106°40'15.34""E",FIX,
12:41:38.658,1786254098.658,PATH_FOLLOWING,10.477,-0.373,-3.034,30.10,0.220,-0.220,0.000,0.000,0.000,0.000,0.00,10.77566867,106.67092788,10.51,"10°46'32.41""N, 106°40'15.34""E",FIX,
12:41:38.743,1786254098.744,PATH_FOLLOWING,10.459,-0.375,-3.045,22.60,0.220,-0.158,0.000,0.000,0.000,0.000,0.00,10.77566867,106.67092788,10.51,"10°46'32.41""N, 106°40'15.34""E",FIX,
12:41:38.830,1786254098.831,PATH_FOLLOWING,10.446,-0.376,-3.056,13.95,0.220,-0.094,0.000,0.000,0.000,0.000,0.00,10.77566850,106.67092797,10.51,"10°46'32.41""N, 106°40'15.34""E",FIX,
12:41:38.910,1786254098.910,PATH_FOLLOWING,10.433,-0.377,-3.062,7.99,0.220,-0.053,0.000,0.000,0.000,0.000,0.00,10.77566850,106.67092797,10.51,"10°46'32.41""N, 106°40'15.34""E",FIX,
12:41:38.988,1786254098.989,PATH_FOLLOWING,10.415,-0.378,-3.068,3.08,0.220,-0.020,0.000,0.000,0.000,0.000,0.00,10.77566850,106.67092797,10.51,"10°46'32.41""N, 106°40'15.34""E",FIX,
12:41:39.053,1786254099.054,PATH_FOLLOWING,10.402,-0.379,-3.070,1.32,0.220,-0.009,0.000,0.000,0.000,0.000,0.00,10.77566832,106.67092807,10.51,"10°46'32.41""N, 106°40'15.34""E",FIX,
12:41:39.151,1786254099.152,PATH_FOLLOWING,10.389,-0.380,-3.070,0.74,0.220,-0.005,0.000,0.000,0.000,0.000,0.00,10.77566832,106.67092807,10.51,"10°46'32.41""N, 106°40'15.34""E",FIX,
12:41:39.222,1786254099.223,PATH_FOLLOWING,10.372,-0.382,-3.071,0.26,0.220,-0.002,0.000,0.000,0.000,0.000,0.00,10.77566832,106.67092807,10.51,"10°46'32.41""N, 106°40'15.34""E",FIX,
12:41:39.299,1786254099.300,PATH_FOLLOWING,10.358,-0.382,-3.071,20.86,0.220,-0.145,0.000,0.000,0.000,0.000,0.00,10.77566814,106.67092816,10.51,"10°46'32.41""N, 106°40'15.34""E",FIX,
12:41:39.385,1786254099.386,PATH_FOLLOWING,10.341,-0.384,-3.080,13.41,0.220,-0.090,0.000,0.000,0.000,0.000,0.00,10.77566814,106.67092816,10.51,"10°46'32.41""N, 106°40'15.34""E",FIX,
12:41:39.453,1786254099.454,PATH_FOLLOWING,10.332,-0.384,-3.085,9.75,0.220,-0.065,0.000,0.000,0.000,0.000,0.00,10.77566814,106.67092816,10.51,"10°46'32.41""N, 106°40'15.34""E",FIX,
12:41:39.525,1786254099.526,PATH_FOLLOWING,10.315,-0.385,-3.091,4.42,0.220,-0.029,0.000,0.000,0.000,0.000,0.00,10.77566797,106.67092825,10.51,"10°46'32.40""N, 106°40'15.34""E",FIX,
12:41:39.606,1786254099.606,PATH_FOLLOWING,10.301,-0.386,-3.093,2.56,0.220,-0.017,0.000,0.000,0.000,0.000,0.00,10.77566797,106.67092825,10.51,"10°46'32.40""N, 106°40'15.34""E",FIX,
12:41:39.685,1786254099.685,PATH_FOLLOWING,10.288,-0.386,-3.094,1.41,0.220,-0.009,0.000,0.000,0.000,0.000,0.00,10.77566797,106.67092825,10.51,"10°46'32.40""N, 106°40'15.34""E",FIX,
12:41:39.759,1786254099.760,PATH_FOLLOWING,10.271,-0.387,-3.095,0.56,0.220,-0.004,0.000,0.000,0.000,0.000,0.00,10.77566779,106.67092834,10.51,"10°46'32.40""N, 106°40'15.34""E",FIX,
12:41:39.849,1786254099.850,PATH_FOLLOWING,10.253,-0.388,-3.095,0.24,0.220,-0.002,0.000,0.000,0.000,0.000,0.00,10.77566779,106.67092834,10.51,"10°46'32.40""N, 106°40'15.34""E",FIX,
12:41:39.917,1786254099.918,PATH_FOLLOWING,10.240,-0.389,-3.096,14.08,0.220,-0.095,0.000,0.000,0.000,0.000,0.00,10.77566779,106.67092834,10.51,"10°46'32.40""N, 106°40'15.34""E",FIX,
12:41:39.984,1786254099.985,PATH_FOLLOWING,10.231,-0.389,-3.098,12.03,0.220,-0.081,0.000,0.000,0.000,0.000,0.00,10.77566779,106.67092834,10.51,"10°46'32.40""N, 106°40'15.34""E",FIX,
12:41:40.077,1786254100.077,PATH_FOLLOWING,10.209,-0.390,-3.107,4.50,0.220,-0.030,0.000,0.000,0.000,0.000,0.00,10.77566761,106.67092843,10.51,"10°46'32.40""N, 106°40'15.34""E",FIX,
12:41:40.144,1786254100.144,PATH_FOLLOWING,10.200,-0.390,-3.108,2.86,0.220,-0.019,0.000,0.000,0.000,0.000,0.00,10.77566761,106.67092843,10.51,"10°46'32.40""N, 106°40'15.34""E",FIX,
12:41:40.213,1786254100.214,PATH_FOLLOWING,10.187,-0.391,-3.110,1.56,0.220,-0.010,0.000,0.000,0.000,0.000,0.00,10.77566761,106.67092843,10.51,"10°46'32.40""N, 106°40'15.34""E",FIX,
12:41:40.288,1786254100.288,PATH_FOLLOWING,10.169,-0.391,-3.111,0.60,0.220,-0.004,0.000,0.000,0.000,0.000,0.00,10.77566744,106.67092853,10.51,"10°46'32.40""N, 106°40'15.34""E",FIX,
12:41:40.362,1786254100.362,PATH_FOLLOWING,10.156,-0.392,-3.111,0.29,0.220,-0.002,0.000,0.000,0.000,0.000,0.00,10.77566744,106.67092853,10.51,"10°46'32.40""N, 106°40'15.34""E",FIX,
12:41:40.433,1786254100.434,PATH_FOLLOWING,10.143,-0.392,-3.111,0.15,0.220,-0.001,0.000,0.000,0.000,0.000,0.00,10.77566744,106.67092853,10.51,"10°46'32.40""N, 106°40'15.34""E",FIX,
12:41:40.522,1786254100.522,PATH_FOLLOWING,10.125,-0.392,-3.112,9.20,0.220,-0.061,0.000,0.000,0.000,0.000,0.00,10.77566726,106.67092862,10.51,"10°46'32.40""N, 106°40'15.34""E",FIX,
12:41:40.590,1786254100.590,PATH_FOLLOWING,10.112,-0.393,-3.114,7.23,0.220,-0.048,0.000,0.000,0.000,0.000,0.00,10.77566726,106.67092862,10.51,"10°46'32.40""N, 106°40'15.34""E",FIX,
12:41:40.674,1786254100.675,PATH_FOLLOWING,10.099,-0.393,-3.117,4.45,0.220,-0.030,0.000,0.000,0.000,0.000,0.00,10.77566726,106.67092862,10.51,"10°46'32.40""N, 106°40'15.34""E",FIX,
12:41:40.769,1786254100.770,PATH_FOLLOWING,10.081,-0.394,-3.120,1.87,0.220,-0.012,0.000,0.000,0.000,0.000,0.00,10.77566708,106.67092871,10.51,"10°46'32.40""N, 106°40'15.34""E",FIX,
12:41:40.849,1786254100.849,PATH_FOLLOWING,10.068,-0.394,-3.121,0.83,0.220,-0.005,0.000,0.000,0.000,0.000,0.00,10.77566708,106.67092871,10.51,"10°46'32.40""N, 106°40'15.34""E",FIX,
12:41:40.932,1786254100.933,PATH_FOLLOWING,10.051,-0.394,-3.122,0.28,0.220,-0.002,0.000,0.000,0.000,0.000,0.00,10.77566691,106.67092880,10.51,"10°46'32.40""N, 106°40'15.34""E",FIX,
12:41:41.005,1786254101.006,PATH_FOLLOWING,10.042,-0.394,-3.122,0.18,0.220,-0.001,0.000,0.000,0.000,0.000,0.00,10.77566691,106.67092880,10.51,"10°46'32.40""N, 106°40'15.34""E",FIX,
12:41:41.093,1786254101.094,PATH_FOLLOWING,10.024,-0.395,-3.122,0.08,0.220,-0.001,0.000,0.000,0.000,0.000,0.00,10.77566691,106.67092880,10.51,"10°46'32.40""N, 106°40'15.34""E",FIX,
12:41:41.159,1786254101.160,PATH_FOLLOWING,10.011,-0.395,-3.122,6.00,0.220,-0.040,0.000,0.000,0.000,0.000,0.00,10.77566691,106.67092880,10.51,"10°46'32.40""N, 106°40'15.34""E",FIX,
12:41:41.247,1786254101.248,PATH_FOLLOWING,9.994,-0.395,-3.124,3.95,0.220,-0.026,0.000,0.000,0.000,0.000,0.00,10.77566673,106.67092889,10.51,"10°46'32.40""N, 106°40'15.34""E",FIX,
12:41:41.320,1786254101.320,PATH_FOLLOWING,9.980,-0.396,-3.126,2.34,0.220,-0.015,0.000,0.000,0.000,0.000,0.00,10.77566673,106.67092889,10.51,"10°46'32.40""N, 106°40'15.34""E",FIX,
12:41:41.391,1786254101.391,PATH_FOLLOWING,9.967,-0.396,-3.127,1.34,0.220,-0.009,0.000,0.000,0.000,0.000,0.00,10.77566673,106.67092889,10.51,"10°46'32.40""N, 106°40'15.34""E",FIX,
12:41:41.480,1786254101.480,PATH_FOLLOWING,9.950,-0.396,-3.128,0.58,0.220,-0.004,0.000,0.000,0.000,0.000,0.00,10.77566655,106.67092898,10.51,"10°46'32.40""N, 106°40'15.34""E",FIX,
12:41:41.547,1786254101.547,PATH_FOLLOWING,9.941,-0.396,-3.128,0.37,0.220,-0.002,0.000,0.000,0.000,0.000,0.00,10.77566655,106.67092898,10.51,"10°46'32.40""N, 106°40'15.34""E",FIX,
12:41:41.627,1786254101.628,PATH_FOLLOWING,9.923,-0.396,-3.129,0.15,0.220,-0.001,0.000,0.000,0.000,0.000,0.00,10.77566655,106.67092898,10.51,"10°46'32.40""N, 106°40'15.34""E",FIX,
12:41:41.704,1786254101.704,PATH_FOLLOWING,9.906,-0.397,-3.129,0.05,0.220,-0.000,0.000,0.000,0.000,0.000,0.00,10.77566637,106.67092907,10.51,"10°46'32.40""N, 106°40'15.34""E",FIX,
12:41:41.768,1786254101.768,PATH_FOLLOWING,9.897,-0.397,-3.129,3.91,0.220,-0.026,0.000,0.000,0.000,0.000,0.00,10.77566637,106.67092907,10.51,"10°46'32.40""N, 106°40'15.34""E",FIX,
12:41:41.862,1786254101.862,PATH_FOLLOWING,9.879,-0.397,-3.130,2.73,0.220,-0.018,0.000,0.000,0.000,0.000,0.00,10.77566637,106.67092907,10.51,"10°46'32.40""N, 106°40'15.34""E",FIX,
12:41:41.934,1786254101.934,PATH_FOLLOWING,9.866,-0.397,-3.131,1.57,0.220,-0.010,0.000,0.000,0.000,0.000,0.00,10.77566620,106.67092916,10.51,"10°46'32.40""N, 106°40'15.34""E",FIX,
12:41:42.011,1786254102.012,PATH_FOLLOWING,9.853,-0.397,-3.132,0.83,0.220,-0.005,0.000,0.000,0.000,0.000,0.00,10.77566620,106.67092916,10.51,"10°46'32.40""N, 106°40'15.34""E",FIX,
12:41:42.095,1786254102.095,PATH_FOLLOWING,9.835,-0.397,-3.133,0.29,0.220,-0.002,0.000,0.000,0.000,0.000,0.00,10.77566620,106.67092916,10.51,"10°46'32.40""N, 106°40'15.34""E",FIX,
12:41:42.162,1786254102.163,PATH_FOLLOWING,9.822,-0.397,-3.133,0.10,0.220,-0.001,0.000,0.000,0.000,0.000,0.00,10.77566602,106.67092925,10.51,"10°46'32.40""N, 106°40'15.35""E",FIX,
12:41:42.240,1786254102.241,PATH_FOLLOWING,9.809,-0.398,-3.133,0.04,0.220,-0.000,0.000,0.000,0.000,0.000,0.00,10.77566602,106.67092925,10.51,"10°46'32.40""N, 106°40'15.35""E",FIX,
12:41:42.319,1786254102.320,PATH_FOLLOWING,9.791,-0.398,-3.133,0.01,0.220,-0.000,0.000,0.000,0.000,0.000,0.00,10.77566602,106.67092925,10.51,"10°46'32.40""N, 106°40'15.35""E",FIX,
12:41:42.395,1786254102.396,PATH_FOLLOWING,9.778,-0.398,-3.133,2.57,0.220,-0.017,0.000,0.000,0.000,0.000,0.00,10.77566584,106.67092934,10.51,"10°46'32.40""N, 106°40'15.35""E",FIX,
12:41:42.472,1786254102.473,PATH_FOLLOWING,9.760,-0.398,-3.134,1.76,0.220,-0.012,0.000,0.000,0.000,0.000,0.00,10.77566584,106.67092934,10.51,"10°46'32.40""N, 106°40'15.35""E",FIX,
12:41:42.559,1786254102.560,PATH_FOLLOWING,9.747,-0.398,-3.135,1.09,0.220,-0.007,0.000,0.000,0.000,0.000,0.00,10.77566584,106.67092934,10.51,"10°46'32.40""N, 106°40'15.35""E",FIX,
12:41:42.625,1786254102.625,PATH_FOLLOWING,9.734,-0.398,-3.135,0.58,0.220,-0.004,0.000,0.000,0.000,0.000,0.00,10.77566566,106.67092943,10.51,"10°46'32.40""N, 106°40'15.35""E",FIX,
12:41:42.714,1786254102.715,PATH_FOLLOWING,9.721,-0.398,-3.136,0.30,0.220,-0.002,0.000,0.000,0.000,0.000,0.00,10.77566566,106.67092943,10.51,"10°46'32.40""N, 106°40'15.35""E",FIX,
12:41:42.778,1786254102.779,PATH_FOLLOWING,9.708,-0.398,-3.136,0.15,0.220,-0.001,0.000,0.000,0.000,0.000,0.00,10.77566566,106.67092943,10.51,"10°46'32.40""N, 106°40'15.35""E",FIX,
12:41:42.870,1786254102.870,PATH_FOLLOWING,9.690,-0.398,-3.136,0.06,0.220,-0.000,0.000,0.000,0.000,0.000,0.00,10.77566549,106.67092952,10.51,"10°46'32.40""N, 106°40'15.35""E",FIX,
12:41:42.937,1786254102.937,PATH_FOLLOWING,9.677,-0.398,-3.136,0.02,0.220,-0.000,0.000,0.000,0.000,0.000,0.00,10.77566549,106.67092952,10.51,"10°46'32.40""N, 106°40'15.35""E",FIX,
12:41:43.024,1786254103.025,PATH_FOLLOWING,9.664,-0.399,-3.136,1.69,0.220,-0.011,0.000,0.000,0.000,0.000,0.00,10.77566549,106.67092952,10.51,"10°46'32.40""N, 106°40'15.35""E",FIX,
12:41:43.094,1786254103.095,PATH_FOLLOWING,9.650,-0.399,-3.136,1.40,0.220,-0.009,0.000,0.000,0.000,0.000,0.00,10.77566531,106.67092961,10.51,"10°46'32.40""N, 106°40'15.35""E",FIX,
12:41:43.185,1786254103.185,PATH_FOLLOWING,9.633,-0.399,-3.137,0.69,0.220,-0.005,0.000,0.000,0.000,0.000,0.00,10.77566531,106.67092961,10.51,"10°46'32.40""N, 106°40'15.35""E",FIX,
12:41:43.259,1786254103.260,PATH_FOLLOWING,9.620,-0.399,-3.138,0.36,0.220,-0.002,0.000,0.000,0.000,0.000,0.00,10.77566531,106.67092961,10.51,"10°46'32.40""N, 106°40'15.35""E",FIX,
12:41:43.330,1786254103.331,PATH_FOLLOWING,9.606,-0.399,-3.138,0.19,0.220,-0.001,0.000,0.000,0.000,0.000,0.00,10.77566513,106.67092970,10.51,"10°46'32.39""N, 106°40'15.35""E",FIX,
12:41:43.407,1786254103.408,PATH_FOLLOWING,9.589,-0.399,-3.138,0.07,0.220,-0.000,0.000,0.000,0.000,0.000,0.00,10.77566513,106.67092970,10.51,"10°46'32.39""N, 106°40'15.35""E",FIX,
12:41:43.489,1786254103.489,PATH_FOLLOWING,9.576,-0.399,-3.138,0.04,0.220,-0.000,0.000,0.000,0.000,0.000,0.00,10.77566513,106.67092970,10.51,"10°46'32.39""N, 106°40'15.35""E",FIX,
12:41:43.567,1786254103.568,PATH_FOLLOWING,9.562,-0.399,-3.138,0.02,0.220,-0.000,0.000,0.000,0.000,0.000,0.00,10.77566495,106.67092979,10.51,"10°46'32.39""N, 106°40'15.35""E",FIX,
12:41:43.644,1786254103.644,PATH_FOLLOWING,9.545,-0.399,-3.138,1.12,0.220,-0.007,0.000,0.000,0.000,0.000,0.00,10.77566495,106.67092979,10.51,"10°46'32.39""N, 106°40'15.35""E",FIX,
12:41:43.720,1786254103.721,PATH_FOLLOWING,9.532,-0.399,-3.138,0.79,0.220,-0.005,0.000,0.000,0.000,0.000,0.00,10.77566495,106.67092979,10.51,"10°46'32.39""N, 106°40'15.35""E",FIX,
12:41:43.795,1786254103.796,PATH_FOLLOWING,9.518,-0.399,-3.139,0.48,0.220,-0.003,0.000,0.000,0.000,0.000,0.00,10.77566477,106.67092988,10.51,"10°46'32.39""N, 106°40'15.35""E",FIX,
12:41:43.872,1786254103.873,PATH_FOLLOWING,9.501,-0.399,-3.139,0.19,0.220,-0.001,0.000,0.000,0.000,0.000,0.00,10.77566477,106.67092988,10.51,"10°46'32.39""N, 106°40'15.35""E",FIX,
12:41:43.943,1786254103.944,PATH_FOLLOWING,9.488,-0.399,-3.139,0.11,0.220,-0.001,0.000,0.000,0.000,0.000,0.00,10.77566477,106.67092988,10.51,"10°46'32.39""N, 106°40'15.35""E",FIX,
12:41:44.028,1786254104.028,PATH_FOLLOWING,9.474,-0.399,-3.139,0.06,0.220,-0.000,0.000,0.000,0.000,0.000,0.00,10.77566460,106.67092997,10.51,"10°46'32.39""N, 106°40'15.35""E",FIX,
12:41:44.098,1786254104.098,PATH_FOLLOWING,9.461,-0.399,-3.139,0.03,0.220,-0.000,0.000,0.000,0.000,0.000,0.00,10.77566460,106.67092997,10.51,"10°46'32.39""N, 106°40'15.35""E",FIX,
12:41:44.171,1786254104.172,PATH_FOLLOWING,9.444,-0.399,-3.139,0.01,0.220,-0.000,0.000,0.000,0.000,0.000,0.00,10.77566460,106.67092997,10.51,"10°46'32.39""N, 106°40'15.35""E",FIX,
12:41:44.263,1786254104.263,PATH_FOLLOWING,9.426,-0.399,-3.139,0.74,0.220,-0.005,0.000,0.000,0.000,0.000,0.00,10.77566442,106.67093006,10.51,"10°46'32.39""N, 106°40'15.35""E",FIX,
12:41:44.323,1786254104.324,PATH_FOLLOWING,9.417,-0.399,-3.139,0.62,0.220,-0.004,0.000,0.000,0.000,0.000,0.00,10.77566442,106.67093006,10.51,"10°46'32.39""N, 106°40'15.35""E",FIX,
12:41:44.406,1786254104.407,PATH_FOLLOWING,9.400,-0.399,-3.140,0.31,0.220,-0.002,0.000,0.000,0.000,0.000,0.00,10.77566442,106.67093006,10.51,"10°46'32.39""N, 106°40'15.35""E",FIX,
12:41:44.475,1786254104.476,PATH_FOLLOWING,9.386,-0.399,-3.140,0.16,0.220,-0.001,0.000,0.000,0.000,0.000,0.00,10.77566424,106.67093015,10.51,"10°46'32.39""N, 106°40'15.35""E",FIX,
12:41:44.571,1786254104.572,PATH_FOLLOWING,9.369,-0.399,-3.140,0.07,0.220,-0.000,0.000,0.000,0.000,0.000,0.00,10.77566424,106.67093015,10.51,"10°46'32.39""N, 106°40'15.35""E",FIX,
12:41:44.641,1786254104.641,PATH_FOLLOWING,9.356,-0.400,-3.140,0.03,0.220,-0.000,0.000,0.000,0.000,0.000,0.00,10.77566424,106.67093015,10.51,"10°46'32.39""N, 106°40'15.35""E",FIX,
12:41:44.723,1786254104.724,PATH_FOLLOWING,9.342,-0.400,-3.140,0.02,0.220,-0.000,0.000,0.000,0.000,0.000,0.00,10.77566406,106.67093024,10.51,"10°46'32.39""N, 106°40'15.35""E",FIX,
12:41:44.788,1786254104.788,PATH_FOLLOWING,9.329,-0.400,-3.140,0.01,0.220,-0.000,0.000,0.000,0.000,0.000,0.00,10.77566406,106.67093024,10.51,"10°46'32.39""N, 106°40'15.35""E",FIX,
12:41:44.868,1786254104.868,PATH_FOLLOWING,9.316,-0.400,-3.140,0.01,0.220,-0.000,0.000,0.000,0.000,0.000,0.00,10.77566406,106.67093024,10.51,"10°46'32.39""N, 106°40'15.35""E",FIX,
12:41:44.942,1786254104.943,PATH_FOLLOWING,9.298,-0.400,-3.140,0.50,0.220,-0.003,0.000,0.000,0.000,0.000,0.00,10.77566389,106.67093033,10.51,"10°46'32.39""N, 106°40'15.35""E",FIX,
12:41:45.019,1786254105.019,PATH_FOLLOWING,9.285,-0.400,-3.140,0.36,0.220,-0.002,0.000,0.000,0.000,0.000,0.00,10.77566389,106.67093033,10.51,"10°46'32.39""N, 106°40'15.35""E",FIX,
12:41:45.104,1786254105.104,PATH_FOLLOWING,9.268,-0.400,-3.140,0.17,0.220,-0.001,0.000,0.000,0.000,0.000,0.00,10.77566389,106.67093033,10.51,"10°46'32.39""N, 106°40'15.35""E",FIX,
12:41:45.174,1786254105.174,PATH_FOLLOWING,9.259,-0.400,-3.140,0.12,0.220,-0.001,0.000,0.000,0.000,0.000,0.00,10.77566371,106.67093042,10.51,"10°46'32.39""N, 106°40'15.35""E",FIX,
12:41:45.247,1786254105.248,PATH_FOLLOWING,9.241,-0.400,-3.141,0.05,0.220,-0.000,0.000,0.000,0.000,0.000,0.00,10.77566371,106.67093042,10.51,"10°46'32.39""N, 106°40'15.35""E",FIX,
12:41:45.336,1786254105.337,PATH_FOLLOWING,9.224,-0.400,-3.141,0.02,0.220,-0.000,0.000,0.000,0.000,0.000,0.00,10.77566371,106.67093042,10.51,"10°46'32.39""N, 106°40'15.35""E",FIX,
12:41:45.405,1786254105.405,PATH_FOLLOWING,9.215,-0.400,-3.141,0.01,0.220,-0.000,0.000,0.000,0.000,0.000,0.00,10.77566353,106.67093051,10.51,"10°46'32.39""N, 106°40'15.35""E",FIX,
12:41:45.483,1786254105.484,PATH_FOLLOWING,9.197,-0.400,-3.141,0.31,0.220,-0.002,0.000,0.000,0.000,0.000,0.00,10.77566353,106.67093051,10.51,"10°46'32.39""N, 106°40'15.35""E",FIX,
12:41:45.553,1786254105.554,PATH_FOLLOWING,9.184,-0.400,-3.141,0.24,0.220,-0.002,0.000,0.000,0.000,0.000,0.00,10.77566353,106.67093051,10.51,"10°46'32.39""N, 106°40'15.35""E",FIX,
12:41:45.642,1786254105.643,PATH_FOLLOWING,9.166,-0.400,-3.141,0.12,0.220,-0.001,0.000,0.000,0.000,0.000,0.00,10.77566335,106.67093060,10.51,"10°46'32.39""N, 106°40'15.35""E",FIX,
12:41:45.706,1786254105.706,PATH_FOLLOWING,9.153,-0.400,-3.141,0.06,0.220,-0.000,0.000,0.000,0.000,0.000,0.00,10.77566335,106.67093060,10.51,"10°46'32.39""N, 106°40'15.35""E",FIX,
12:41:45.792,1786254105.793,PATH_FOLLOWING,9.136,-0.400,-3.141,0.03,0.220,-0.000,0.000,0.000,0.000,0.000,0.00,10.77566335,106.67093060,10.51,"10°46'32.39""N, 106°40'15.35""E",FIX,
12:41:45.871,1786254105.872,PATH_FOLLOWING,9.122,-0.400,-3.141,0.02,0.220,-0.000,0.000,0.000,0.000,0.000,0.00,10.77566317,106.67093069,10.51,"10°46'32.39""N, 106°40'15.35""E",FIX,
12:41:45.939,1786254105.940,PATH_FOLLOWING,9.109,-0.400,-3.141,0.01,0.220,-0.000,0.000,0.000,0.000,0.000,0.00,10.77566317,106.67093069,10.51,"10°46'32.39""N, 106°40'15.35""E",FIX,
12:41:46.023,1786254106.024,PATH_FOLLOWING,9.096,-0.400,-3.141,0.01,0.220,-0.000,0.000,0.000,0.000,0.000,0.00,10.77566317,106.67093069,10.51,"10°46'32.39""N, 106°40'15.35""E",FIX,
12:41:46.095,1786254106.095,PATH_FOLLOWING,9.083,-0.400,-3.141,0.00,0.220,-0.000,0.000,0.000,0.000,0.000,0.00,10.77566300,106.67093078,10.51,"10°46'32.39""N, 106°40'15.35""E",FIX,
12:41:46.167,1786254106.167,PATH_FOLLOWING,9.070,-0.400,-3.141,0.21,0.220,-0.001,0.000,0.000,0.000,0.000,0.00,10.77566300,106.67093078,10.51,"10°46'32.39""N, 106°40'15.35""E",FIX,
12:41:46.267,1786254106.268,PATH_FOLLOWING,9.052,-0.400,-3.141,0.15,0.220,-0.001,0.000,0.000,0.000,0.000,0.00,10.77566300,106.67093078,10.51,"10°46'32.39""N, 106°40'15.35""E",FIX,
12:41:46.327,1786254106.328,PATH_FOLLOWING,9.039,-0.400,-3.141,0.08,0.220,-0.001,0.000,0.000,0.000,0.000,0.00,10.77566282,106.67093087,10.51,"10°46'32.39""N, 106°40'15.35""E",FIX,
12:41:46.402,1786254106.403,PATH_FOLLOWING,9.026,-0.400,-3.141,0.04,0.220,-0.000,0.000,0.000,0.000,0.000,0.00,10.77566282,106.67093087,10.51,"10°46'32.39""N, 106°40'15.35""E",FIX,
12:41:46.481,1786254106.481,PATH_FOLLOWING,9.008,-0.400,-3.141,0.02,0.220,-0.000,0.000,0.000,0.000,0.000,0.00,10.77566282,106.67093087,10.51,"10°46'32.39""N, 106°40'15.35""E",FIX,
12:41:46.555,1786254106.556,PATH_FOLLOWING,8.995,-0.400,-3.141,0.01,0.220,-0.000,0.000,0.000,0.000,0.000,0.00,10.77566264,106.67093096,10.51,"10°46'32.39""N, 106°40'15.35""E",FIX,
12:41:46.641,1786254106.641,PATH_FOLLOWING,8.982,-0.400,-3.141,0.00,0.220,-0.000,0.000,0.000,0.000,0.000,0.00,10.77566264,106.67093096,10.51,"10°46'32.39""N, 106°40'15.35""E",FIX,
12:41:46.723,1786254106.723,PATH_FOLLOWING,8.964,-0.400,-3.141,0.00,0.220,-0.000,0.000,0.000,0.000,0.000,0.00,10.77566264,106.67093096,10.51,"10°46'32.39""N, 106°40'15.35""E",FIX,
12:41:46.814,1786254106.815,PATH_FOLLOWING,8.951,-0.400,-3.141,0.14,0.220,-0.001,0.000,0.000,0.000,0.000,0.00,10.77566246,106.67093105,10.51,"10°46'32.38""N, 106°40'15.35""E",FIX,
12:41:46.901,1786254106.901,PATH_FOLLOWING,8.938,-0.400,-3.141,0.10,0.220,-0.001,0.000,0.000,0.000,0.000,0.00,10.77566246,106.67093105,10.51,"10°46'32.38""N, 106°40'15.35""E",FIX,
12:41:46.971,1786254106.972,PATH_FOLLOWING,8.924,-0.400,-3.141,0.06,0.220,-0.000,0.000,0.000,0.000,0.000,0.00,10.77566246,106.67093105,10.51,"10°46'32.38""N, 106°40'15.35""E",FIX,
12:41:47.047,1786254107.047,PATH_FOLLOWING,8.907,-0.400,-3.141,0.02,0.220,-0.000,0.000,0.000,0.000,0.000,0.00,10.77566228,106.67093114,10.51,"10°46'32.38""N, 106°40'15.35""E",FIX,
12:41:47.139,1786254107.140,PATH_FOLLOWING,8.889,-0.400,-3.141,0.01,0.220,-0.000,0.000,0.000,0.000,0.000,0.00,10.77566228,106.67093114,10.51,"10°46'32.38""N, 106°40'15.35""E",FIX,
12:41:47.207,1786254107.208,PATH_FOLLOWING,8.880,-0.400,-3.141,0.01,0.220,-0.000,0.000,0.000,0.000,0.000,0.00,10.77566228,106.67093114,10.51,"10°46'32.38""N, 106°40'15.35""E",FIX,
12:41:47.288,1786254107.289,PATH_FOLLOWING,8.863,-0.400,-3.141,0.00,0.220,-0.000,0.000,0.000,0.000,0.000,0.00,10.77566211,106.67093123,10.51,"10°46'32.38""N, 106°40'15.35""E",FIX,
12:41:47.374,1786254107.375,PATH_FOLLOWING,8.850,-0.400,-3.141,0.00,0.220,-0.000,0.000,0.000,0.000,0.000,0.00,10.77566211,106.67093123,10.51,"10°46'32.38""N, 106°40'15.35""E",FIX,
12:41:47.444,1786254107.444,PATH_FOLLOWING,8.836,-0.400,-3.141,0.09,0.220,-0.001,0.000,0.000,0.000,0.000,0.00,10.77566211,106.67093123,10.51,"10°46'32.38""N, 106°40'15.35""E",FIX,
12:41:47.533,1786254107.534,PATH_FOLLOWING,8.819,-0.400,-3.141,0.06,0.220,-0.000,0.000,0.000,0.000,0.000,0.00,10.77566193,106.67093132,10.51,"10°46'32.38""N, 106°40'15.35""E",FIX,
12:41:47.617,1786254107.617,PATH_FOLLOWING,8.806,-0.400,-3.141,0.04,0.220,-0.000,0.000,0.000,0.000,0.000,0.00,10.77566193,106.67093132,10.51,"10°46'32.38""N, 106°40'15.35""E",FIX,
12:41:47.683,1786254107.684,PATH_FOLLOWING,8.792,-0.400,-3.141,0.02,0.220,-0.000,0.000,0.000,0.000,0.000,0.00,10.77566193,106.67093132,10.51,"10°46'32.38""N, 106°40'15.35""E",FIX,
12:41:47.758,1786254107.759,PATH_FOLLOWING,8.779,-0.400,-3.141,0.01,0.220,-0.000,0.000,0.000,0.000,0.000,0.00,10.77566193,106.67093132,10.51,"10°46'32.38""N, 106°40'15.35""E",FIX,
12:41:47.852,1786254107.852,PATH_FOLLOWING,8.762,-0.400,-3.141,0.00,0.220,-0.000,0.000,0.000,0.000,0.000,0.00,10.77566175,106.67093141,10.51,"10°46'32.38""N, 106°40'15.35""E",FIX,
12:41:47.919,1786254107.919,PATH_FOLLOWING,8.748,-0.400,-3.141,0.00,0.220,-0.000,0.000,0.000,0.000,0.000,0.00,10.77566175,106.67093141,10.51,"10°46'32.38""N, 106°40'15.35""E",FIX,
12:41:48.008,1786254108.008,PATH_FOLLOWING,8.731,-0.400,-3.141,0.00,0.220,-0.000,0.000,0.000,0.000,0.000,0.00,10.77566157,106.67093150,10.51,"10°46'32.38""N, 106°40'15.35""E",FIX,
12:41:48.079,1786254108.080,PATH_FOLLOWING,8.718,-0.400,-3.141,0.06,0.220,-0.000,0.000,0.000,0.000,0.000,0.00,10.77566157,106.67093150,10.51,"10°46'32.38""N, 106°40'15.35""E",FIX,
12:41:48.152,1786254108.153,PATH_FOLLOWING,8.704,-0.400,-3.141,0.04,0.220,-0.000,0.000,0.000,0.000,0.000,0.00,10.77566157,106.67093150,10.51,"10°46'32.38""N, 106°40'15.35""E",FIX,
12:41:48.248,1786254108.248,PATH_FOLLOWING,8.687,-0.400,-3.141,0.02,0.220,-0.000,0.000,0.000,0.000,0.000,0.00,10.77566139,106.67093159,10.51,"10°46'32.38""N, 106°40'15.35""E",FIX,
12:41:48.312,1786254108.313,PATH_FOLLOWING,8.678,-0.400,-3.141,0.01,0.220,-0.000,0.000,0.000,0.000,0.000,0.00,10.77566139,106.67093159,10.51,"10°46'32.38""N, 106°40'15.35""E",FIX,
12:41:48.405,1786254108.406,PATH_FOLLOWING,8.656,-0.400,-3.141,0.00,0.220,-0.000,0.000,0.000,0.000,0.000,0.00,10.77566139,106.67093159,10.51,"10°46'32.38""N, 106°40'15.35""E",FIX,
12:41:48.467,1786254108.468,PATH_FOLLOWING,8.647,-0.400,-3.141,0.00,0.220,-0.000,0.000,0.000,0.000,0.000,0.00,10.77566139,106.67093159,10.51,"10°46'32.38""N, 106°40'15.35""E",FIX,
12:41:48.554,1786254108.554,PATH_FOLLOWING,8.630,-0.400,-3.141,0.00,0.220,-0.000,0.000,0.000,0.000,0.000,0.00,10.77566122,106.67093168,10.51,"10°46'32.38""N, 106°40'15.35""E",FIX,
12:41:48.628,1786254108.629,PATH_FOLLOWING,8.616,-0.400,-3.141,0.00,0.220,-0.000,0.000,0.000,0.000,0.000,0.00,10.77566122,106.67093168,10.51,"10°46'32.38""N, 106°40'15.35""E",FIX,
12:41:48.698,1786254108.699,PATH_FOLLOWING,8.603,-0.400,-3.141,0.04,0.220,-0.000,0.000,0.000,0.000,0.000,0.00,10.77566122,106.67093168,10.51,"10°46'32.38""N, 106°40'15.35""E",FIX,
12:41:48.771,1786254108.772,PATH_FOLLOWING,8.590,-0.400,-3.141,0.03,0.220,-0.000,0.000,0.000,0.000,0.000,0.00,10.77566104,106.67093177,10.51,"10°46'32.38""N, 106°40'15.35""E",FIX,
12:41:48.846,1786254108.846,PATH_FOLLOWING,8.572,-0.400,-3.141,0.02,0.220,-0.000,0.000,0.000,0.000,0.000,0.00,10.77566104,106.67093177,10.51,"10°46'32.38""N, 106°40'15.35""E",FIX,
12:41:48.918,1786254108.919,PATH_FOLLOWING,8.559,-0.400,-3.142,0.01,0.220,-0.000,0.000,0.000,0.000,0.000,0.00,10.77566104,106.67093177,10.51,"10°46'32.38""N, 106°40'15.35""E",FIX,
12:41:49.012,1786254109.012,PATH_FOLLOWING,8.542,-0.400,-3.142,0.00,0.220,-0.000,0.000,0.000,0.000,0.000,0.00,10.77566086,106.67093186,10.51,"10°46'32.38""N, 106°40'15.35""E",FIX,
12:41:49.094,1786254109.095,PATH_FOLLOWING,8.528,-0.400,-3.142,0.00,0.220,-0.000,0.000,0.000,0.000,0.000,0.00,10.77566086,106.67093186,10.51,"10°46'32.38""N, 106°40'15.35""E",FIX,
12:41:49.163,1786254109.164,PATH_FOLLOWING,8.515,-0.400,-3.142,0.00,0.220,-0.000,0.000,0.000,0.000,0.000,0.00,10.77566086,106.67093186,10.51,"10°46'32.38""N, 106°40'15.35""E",FIX,
12:41:49.240,1786254109.241,PATH_FOLLOWING,8.502,-0.400,-3.142,0.00,0.220,-0.000,0.000,0.000,0.000,0.000,0.00,10.77566068,106.67093195,10.51,"10°46'32.38""N, 106°40'15.36""E",FIX,
12:41:49.323,1786254109.324,PATH_FOLLOWING,8.489,-0.400,-3.142,0.02,0.220,-0.000,0.000,0.000,0.000,0.000,0.00,10.77566068,106.67093195,10.51,"10°46'32.38""N, 106°40'15.36""E",FIX,
12:41:49.405,1786254109.405,PATH_FOLLOWING,8.471,-0.400,-3.142,0.02,0.220,-0.000,0.000,0.000,0.000,0.000,0.00,10.77566068,106.67093195,10.51,"10°46'32.38""N, 106°40'15.36""E",FIX,
12:41:49.475,1786254109.476,PATH_FOLLOWING,8.458,-0.400,-3.142,0.01,0.220,-0.000,0.000,0.000,0.000,0.000,0.00,10.77566050,106.67093204,10.51,"10°46'32.38""N, 106°40'15.36""E",FIX,
12:41:49.563,1786254109.563,PATH_FOLLOWING,8.440,-0.400,-3.142,0.00,0.220,-0.000,0.000,0.000,0.000,0.000,0.00,10.77566050,106.67093204,10.51,"10°46'32.38""N, 106°40'15.36""E",FIX,
12:41:49.625,1786254109.626,PATH_FOLLOWING,8.427,-0.400,-3.142,0.00,0.220,-0.000,0.000,0.000,0.000,0.000,0.00,10.77566050,106.67093204,10.51,"10°46'32.38""N, 106°40'15.36""E",FIX,
12:41:49.728,1786254109.728,PATH_FOLLOWING,8.410,-0.400,-3.142,0.00,0.220,-0.000,0.000,0.000,0.000,0.000,0.00,10.77566033,106.67093213,10.51,"10°46'32.38""N, 106°40'15.36""E",FIX,
12:41:49.810,1786254109.810,PATH_FOLLOWING,8.396,-0.400,-3.142,0.00,0.220,-0.000,0.000,0.000,0.000,0.000,0.00,10.77566033,106.67093213,10.51,"10°46'32.38""N, 106°40'15.36""E",FIX,
12:41:49.899,1786254109.900,PATH_FOLLOWING,8.383,-0.400,-3.142,0.00,0.220,-0.000,0.000,0.000,0.000,0.000,0.00,10.77566033,106.67093213,10.51,"10°46'32.38""N, 106°40'15.36""E",FIX,
12:41:49.957,1786254109.958,PATH_FOLLOWING,8.370,-0.400,-3.142,0.02,0.220,-0.000,0.000,0.000,0.000,0.000,0.00,10.77566015,106.67093222,10.51,"10°46'32.38""N, 106°40'15.36""E",FIX,
12:41:50.050,1786254110.050,PATH_FOLLOWING,8.352,-0.400,-3.142,0.01,0.220,-0.000,0.000,0.000,0.000,0.000,0.00,10.77566015,106.67093222,10.51,"10°46'32.38""N, 106°40'15.36""E",FIX,
12:41:50.116,1786254110.117,PATH_FOLLOWING,8.339,-0.400,-3.142,0.01,0.220,-0.000,0.000,0.000,0.000,0.000,0.00,10.77566015,106.67093222,10.51,"10°46'32.38""N, 106°40'15.36""E",FIX,
12:41:50.209,1786254110.210,PATH_FOLLOWING,8.326,-0.400,-3.142,0.00,0.220,-0.000,0.000,0.000,0.000,0.000,0.00,10.77565997,106.67093231,10.51,"10°46'32.38""N, 106°40'15.36""E",FIX,
12:41:50.291,1786254110.292,PATH_FOLLOWING,8.308,-0.400,-3.142,0.00,0.220,-0.000,0.000,0.000,0.000,0.000,0.00,10.77565997,106.67093231,10.51,"10°46'32.38""N, 106°40'15.36""E",FIX,
12:41:50.352,1786254110.353,PATH_FOLLOWING,8.300,-0.400,-3.142,0.00,0.220,-0.000,0.000,0.000,0.000,0.000,0.00,10.77565997,106.67093231,10.51,"10°46'32.38""N, 106°40'15.36""E",FIX,
12:41:50.438,1786254110.439,PATH_FOLLOWING,8.282,-0.400,-3.142,0.00,0.220,-0.000,0.000,0.000,0.000,0.000,0.00,10.77565979,106.67093240,10.51,"10°46'32.38""N, 106°40'15.36""E",FIX,
12:41:50.511,1786254110.512,PATH_FOLLOWING,8.269,-0.400,-3.142,0.00,0.220,-0.000,0.000,0.000,0.000,0.000,0.00,10.77565979,106.67093240,10.51,"10°46'32.38""N, 106°40'15.36""E",FIX,
12:41:50.598,1786254110.598,PATH_FOLLOWING,8.251,-0.400,-3.142,0.01,0.220,-0.000,0.000,0.000,0.000,0.000,0.00,10.77565979,106.67093240,10.51,"10°46'32.38""N, 106°40'15.36""E",FIX,
12:41:50.659,1786254110.660,PATH_FOLLOWING,8.242,-0.400,-3.142,0.01,0.220,-0.000,0.000,0.000,0.000,0.000,0.00,10.77565961,106.67093249,10.51,"10°46'32.37""N, 106°40'15.36""E",FIX,
12:41:50.743,1786254110.744,PATH_FOLLOWING,8.225,-0.400,-3.142,0.00,0.220,-0.000,0.000,0.000,0.000,0.000,0.00,10.77565961,106.67093249,10.51,"10°46'32.37""N, 106°40'15.36""E",FIX,
12:41:50.818,1786254110.819,PATH_FOLLOWING,8.212,-0.400,-3.142,0.00,0.220,-0.000,0.000,0.000,0.000,0.000,0.00,10.77565961,106.67093249,10.51,"10°46'32.37""N, 106°40'15.36""E",FIX,
12:41:50.894,1786254110.895,PATH_FOLLOWING,8.198,-0.400,-3.142,0.00,0.220,-0.000,0.000,0.000,0.000,0.000,0.00,10.77565944,106.67093258,10.51,"10°46'32.37""N, 106°40'15.36""E",FIX,
12:41:50.979,1786254110.979,PATH_FOLLOWING,8.181,-0.400,-3.142,0.00,0.220,-0.000,0.000,0.000,0.000,0.000,0.00,10.77565944,106.67093258,10.51,"10°46'32.37""N, 106°40'15.36""E",FIX,
12:41:51.069,1786254111.069,PATH_FOLLOWING,8.163,-0.400,-3.142,0.00,0.220,-0.000,0.000,0.000,0.000,0.000,0.00,10.77565944,106.67093258,10.51,"10°46'32.37""N, 106°40'15.36""E",FIX,
12:41:51.135,1786254111.135,PATH_FOLLOWING,8.150,-0.400,-3.142,0.00,0.220,-0.000,0.000,0.000,0.000,0.000,0.00,10.77565926,106.67093267,10.51,"10°46'32.37""N, 106°40'15.36""E",FIX,
12:41:51.212,1786254111.212,PATH_FOLLOWING,8.137,-0.400,-3.142,0.01,0.220,-0.000,0.000,0.000,0.000,0.000,0.00,10.77565926,106.67093267,10.51,"10°46'32.37""N, 106°40'15.36""E",FIX,
12:41:51.296,1786254111.296,PATH_FOLLOWING,8.124,-0.400,-3.142,0.00,0.220,-0.000,0.000,0.000,0.000,0.000,0.00,10.77565926,106.67093267,10.51,"10°46'32.37""N, 106°40'15.36""E",FIX,
12:41:51.383,1786254111.383,PATH_FOLLOWING,8.106,-0.400,-3.142,0.00,0.220,-0.000,0.000,0.000,0.000,0.000,0.00,10.77565908,106.67093276,10.51,"10°46'32.37""N, 106°40'15.36""E",FIX,
12:41:51.446,1786254111.447,PATH_FOLLOWING,8.097,-0.400,-3.142,0.00,0.220,-0.000,0.000,0.000,0.000,0.000,0.00,10.77565908,106.67093276,10.51,"10°46'32.37""N, 106°40'15.36""E",FIX,
12:41:51.526,1786254111.526,PATH_FOLLOWING,8.080,-0.400,-3.142,0.00,0.220,-0.000,0.000,0.000,0.000,0.000,0.00,10.77565908,106.67093276,10.51,"10°46'32.37""N, 106°40'15.36""E",FIX,
12:41:51.603,1786254111.604,PATH_FOLLOWING,8.066,-0.400,-3.142,0.00,0.220,-0.000,0.000,0.000,0.000,0.000,0.00,10.77565890,106.67093285,10.51,"10°46'32.37""N, 106°40'15.36""E",FIX,
12:41:51.670,1786254111.671,PATH_FOLLOWING,8.049,-0.400,-3.142,0.00,0.220,-0.000,0.000,0.000,0.000,0.000,0.00,10.77565890,106.67093285,10.51,"10°46'32.37""N, 106°40'15.36""E",FIX,
12:41:51.750,1786254111.750,PATH_FOLLOWING,8.036,-0.400,-3.142,0.00,0.220,-0.000,0.000,0.000,0.000,0.000,0.00,10.77565890,106.67093285,10.51,"10°46'32.37""N, 106°40'15.36""E",FIX,
12:41:51.831,1786254111.831,PATH_FOLLOWING,8.018,-0.400,-3.142,0.00,0.220,-0.000,0.000,0.000,0.000,0.000,0.00,10.77565873,106.67093294,10.51,"10°46'32.37""N, 106°40'15.36""E",FIX,
12:41:51.905,1786254111.905,PATH_FOLLOWING,8.005,-0.400,-3.142,0.00,0.220,-0.000,0.000,0.000,0.000,0.000,0.00,10.77565873,106.67093294,10.51,"10°46'32.37""N, 106°40'15.36""E",FIX,
12:41:51.984,1786254111.985,PATH_FOLLOWING,7.992,-0.400,-3.142,0.00,0.220,-0.000,0.000,0.000,0.000,0.000,0.00,10.77565873,106.67093294,10.51,"10°46'32.37""N, 106°40'15.36""E",FIX,
12:41:52.048,1786254112.048,PATH_FOLLOWING,7.978,-0.400,-3.142,0.00,0.220,-0.000,0.000,0.000,0.000,0.000,0.00,10.77565855,106.67093303,10.51,"10°46'32.37""N, 106°40'15.36""E",FIX,
12:41:52.134,1786254112.134,PATH_FOLLOWING,7.961,-0.400,-3.142,0.00,0.220,-0.000,0.000,0.000,0.000,0.000,0.00,10.77565855,106.67093303,10.51,"10°46'32.37""N, 106°40'15.36""E",FIX,
12:41:52.213,1786254112.214,PATH_FOLLOWING,7.948,-0.400,-3.142,0.00,0.220,-0.000,0.000,0.000,0.000,0.000,0.00,10.77565855,106.67093303,10.51,"10°46'32.37""N, 106°40'15.36""E",FIX,
12:41:52.275,1786254112.276,PATH_FOLLOWING,7.934,-0.400,-3.142,0.00,0.220,-0.000,0.000,0.000,0.000,0.000,0.00,10.77565837,106.67093312,10.51,"10°46'32.37""N, 106°40'15.36""E",FIX,
12:41:52.370,1786254112.370,PATH_FOLLOWING,7.917,-0.400,-3.142,0.00,0.220,-0.000,0.000,0.000,0.000,0.000,0.00,10.77565837,106.67093312,10.51,"10°46'32.37""N, 106°40'15.36""E",FIX,
12:41:52.449,1786254112.449,PATH_FOLLOWING,7.904,-0.400,-3.142,0.00,0.220,-0.000,0.000,0.000,0.000,0.000,0.00,10.77565837,106.67093312,10.51,"10°46'32.37""N, 106°40'15.36""E",FIX,
12:41:52.524,1786254112.525,PATH_FOLLOWING,7.890,-0.400,-3.142,0.00,0.220,-0.000,0.000,0.000,0.000,0.000,0.00,10.77565819,106.67093321,10.51,"10°46'32.37""N, 106°40'15.36""E",FIX,
12:41:52.615,1786254112.615,PATH_FOLLOWING,7.873,-0.400,-3.142,0.00,0.220,-0.000,0.000,0.000,0.000,0.000,0.00,10.77565819,106.67093321,10.51,"10°46'32.37""N, 106°40'15.36""E",FIX,
12:41:52.704,1786254112.705,PATH_FOLLOWING,7.860,-0.400,-3.142,0.00,0.220,-0.000,0.000,0.000,0.000,0.000,0.00,10.77565819,106.67093321,10.51,"10°46'32.37""N, 106°40'15.36""E",FIX,
12:41:52.776,1786254112.777,PATH_FOLLOWING,7.846,-0.400,-3.142,0.00,0.220,-0.000,0.000,0.000,0.000,0.000,0.00,10.77565801,106.67093330,10.51,"10°46'32.37""N, 106°40'15.36""E",FIX,
12:41:52.867,1786254112.868,PATH_FOLLOWING,7.833,-0.400,-3.142,0.00,0.220,-0.000,0.000,0.000,0.000,0.000,0.00,10.77565801,106.67093330,10.51,"10°46'32.37""N, 106°40'15.36""E",FIX,
12:41:52.953,1786254112.953,PATH_FOLLOWING,7.816,-0.400,-3.142,0.00,0.220,-0.000,0.000,0.000,0.000,0.000,0.00,10.77565801,106.67093330,10.51,"10°46'32.37""N, 106°40'15.36""E",FIX,
12:41:53.043,1786254113.043,PATH_FOLLOWING,7.802,-0.400,-3.142,0.00,0.220,-0.000,0.000,0.000,0.000,0.000,0.00,10.77565784,106.67093339,10.51,"10°46'32.37""N, 106°40'15.36""E",FIX,
12:41:53.125,1786254113.125,PATH_FOLLOWING,7.785,-0.400,-3.142,0.00,0.220,-0.000,0.000,0.000,0.000,0.000,0.00,10.77565784,106.67093339,10.51,"10°46'32.37""N, 106°40'15.36""E",FIX,
12:41:53.194,1786254113.194,PATH_FOLLOWING,7.776,-0.400,-3.142,0.00,0.220,-0.000,0.000,0.000,0.000,0.000,0.00,10.77565784,106.67093339,10.51,"10°46'32.37""N, 106°40'15.36""E",FIX,
12:41:53.263,1786254113.263,PATH_FOLLOWING,7.763,-0.400,-3.142,0.00,0.220,-0.000,0.000,0.000,0.000,0.000,0.00,10.77565766,106.67093348,10.51,"10°46'32.37""N, 106°40'15.36""E",FIX,
12:41:53.343,1786254113.344,PATH_FOLLOWING,7.745,-0.400,-3.142,0.00,0.220,-0.000,0.000,0.000,0.000,0.000,0.00,10.77565766,106.67093348,10.51,"10°46'32.37""N, 106°40'15.36""E",FIX,
12:41:53.441,1786254113.441,PATH_FOLLOWING,7.728,-0.400,-3.142,0.00,0.220,-0.000,0.000,0.000,0.000,0.000,0.00,10.77565766,106.67093348,10.51,"10°46'32.37""N, 106°40'15.36""E",FIX,
12:41:53.528,1786254113.528,PATH_FOLLOWING,7.714,-0.400,-3.142,0.00,0.220,-0.000,0.000,0.000,0.000,0.000,0.00,10.77565748,106.67093357,10.51,"10°46'32.37""N, 106°40'15.36""E",FIX,
12:41:53.596,1786254113.597,PATH_FOLLOWING,7.701,-0.400,-3.142,0.00,0.220,-0.000,0.000,0.000,0.000,0.000,0.00,10.77565748,106.67093357,10.51,"10°46'32.37""N, 106°40'15.36""E",FIX,
12:41:53.669,1786254113.670,PATH_FOLLOWING,7.688,-0.400,-3.142,0.00,0.220,-0.000,0.000,0.000,0.000,0.000,0.00,10.77565748,106.67093357,10.51,"10°46'32.37""N, 106°40'15.36""E",FIX,
12:41:53.732,1786254113.733,PATH_FOLLOWING,7.675,-0.400,-3.142,0.00,0.220,-0.000,0.000,0.000,0.000,0.000,0.00,10.77565730,106.67093366,10.51,"10°46'32.37""N, 106°40'15.36""E",FIX,
12:41:53.820,1786254113.821,PATH_FOLLOWING,7.657,-0.400,-3.142,0.00,0.220,-0.000,0.000,0.000,0.000,0.000,0.00,10.77565730,106.67093366,10.51,"10°46'32.37""N, 106°40'15.36""E",FIX,
12:41:53.888,1786254113.888,PATH_FOLLOWING,7.644,-0.400,-3.142,0.00,0.220,-0.000,0.000,0.000,0.000,0.000,0.00,10.77565730,106.67093366,10.51,"10°46'32.37""N, 106°40'15.36""E",FIX,
12:41:53.982,1786254113.982,PATH_FOLLOWING,7.631,-0.400,-3.142,0.00,0.220,-0.000,0.000,0.000,0.000,0.000,0.00,10.77565712,106.67093375,10.51,"10°46'32.37""N, 106°40'15.36""E",FIX,
12:41:54.055,1786254114.056,PATH_FOLLOWING,7.613,-0.400,-3.142,0.00,0.220,-0.000,0.000,0.000,0.000,0.000,0.00,10.77565712,106.67093375,10.51,"10°46'32.37""N, 106°40'15.36""E",FIX,
12:41:54.152,1786254114.152,PATH_FOLLOWING,7.596,-0.400,-3.142,0.00,0.220,-0.000,0.000,0.000,0.000,0.000,0.00,10.77565712,106.67093375,10.51,"10°46'32.37""N, 106°40'15.36""E",FIX,
12:41:54.224,1786254114.225,PATH_FOLLOWING,7.582,-0.400,-3.142,0.00,0.220,-0.000,0.000,0.000,0.000,0.000,0.00,10.77565695,106.67093384,10.51,"10°46'32.37""N, 106°40'15.36""E",FIX,
12:41:54.293,1786254114.294,PATH_FOLLOWING,7.574,-0.400,-3.142,0.00,0.220,-0.000,0.000,0.000,0.000,0.000,0.00,10.77565695,106.67093384,10.51,"10°46'32.37""N, 106°40'15.36""E",FIX,
12:41:54.377,1786254114.378,PATH_FOLLOWING,7.556,-0.400,-3.142,0.00,0.220,-0.000,0.000,0.000,0.000,0.000,0.00,10.77565695,106.67093384,10.51,"10°46'32.37""N, 106°40'15.36""E",FIX,
12:41:54.444,1786254114.444,PATH_FOLLOWING,7.543,-0.400,-3.142,0.00,0.220,-0.000,0.000,0.000,0.000,0.000,0.00,10.77565677,106.67093393,10.51,"10°46'32.36""N, 106°40'15.36""E",FIX,
12:41:54.554,1786254114.555,PATH_FOLLOWING,7.530,-0.400,-3.142,0.00,0.220,-0.000,0.000,0.000,0.000,0.000,0.00,10.77565677,106.67093393,10.51,"10°46'32.36""N, 106°40'15.36""E",FIX,
12:41:54.684,1786254114.685,PATH_FOLLOWING,7.512,-0.400,-3.142,0.00,0.220,-0.000,0.000,0.000,0.000,0.000,0.00,10.77565677,106.67093393,10.51,"10°46'32.36""N, 106°40'15.36""E",FIX,
12:41:54.764,1786254114.764,PATH_FOLLOWING,7.499,-0.400,-3.142,0.00,0.220,-0.000,0.000,0.000,0.000,0.000,0.00,10.77565659,106.67093402,10.51,"10°46'32.36""N, 106°40'15.36""E",FIX,
12:41:54.864,1786254114.865,PATH_FOLLOWING,7.481,-0.400,-3.142,0.00,0.220,-0.000,0.000,0.000,0.000,0.000,0.00,10.77565659,106.67093402,10.51,"10°46'32.36""N, 106°40'15.36""E",FIX,
12:41:54.932,1786254114.933,PATH_FOLLOWING,7.468,-0.400,-3.142,0.00,0.000,0.000,0.000,0.000,0.000,0.000,0.00,10.77565659,106.67093402,10.51,"10°46'32.36""N, 106°40'15.36""E",FIX,
12:41:55.006,1786254115.007,TRACKING,7.463,-0.400,-3.142,0.00,0.450,-0.000,0.000,0.000,0.000,0.000,0.00,10.77565642,106.67093409,10.51,"10°46'32.36""N, 106°40'15.36""E",FIX,
12:41:55.086,1786254115.087,TRACKING,7.444,-0.400,-3.142,0.00,0.450,-0.000,0.000,0.000,0.000,0.000,0.02,10.77565642,106.67093409,10.51,"10°46'32.36""N, 106°40'15.36""E",FIX,
12:41:55.164,1786254115.165,TRACKING,7.408,-0.400,-3.142,0.00,0.450,-0.000,0.000,0.000,0.000,0.000,0.06,10.77565642,106.67093409,10.51,"10°46'32.36""N, 106°40'15.36""E",FIX,
12:41:55.235,1786254115.236,TRACKING,7.381,-0.400,-3.142,0.00,0.450,-0.000,0.000,0.000,0.000,0.000,0.09,10.77565619,106.67093425,10.51,"10°46'32.36""N, 106°40'15.36""E",FIX,
12:41:55.317,1786254115.318,TRACKING,7.354,-0.400,-3.142,0.00,0.450,-0.000,0.000,0.000,0.000,0.000,0.11,10.77565619,106.67093425,10.51,"10°46'32.36""N, 106°40'15.36""E",FIX,
12:41:55.394,1786254115.395,TRACKING,7.318,-0.400,-3.142,0.00,0.450,-0.000,0.000,0.000,0.000,0.000,0.15,10.77565619,106.67093425,10.51,"10°46'32.36""N, 106°40'15.36""E",FIX,
12:41:55.471,1786254115.471,TRACKING,7.291,-0.400,-3.142,0.00,0.450,-0.000,0.000,0.000,0.000,0.000,0.18,10.77565583,106.67093444,10.51,"10°46'32.36""N, 106°40'15.36""E",FIX,
12:41:55.541,1786254115.542,TRACKING,7.264,-0.400,-3.142,0.00,0.450,-0.000,0.000,0.000,0.000,0.000,0.20,10.77565583,106.67093444,10.51,"10°46'32.36""N, 106°40'15.36""E",FIX,
12:41:55.629,1786254115.629,TRACKING,7.228,-0.400,-3.142,0.00,0.450,-0.000,0.000,0.000,0.000,0.000,0.24,10.77565583,106.67093444,10.51,"10°46'32.36""N, 106°40'15.36""E",FIX,
12:41:55.692,1786254115.693,TRACKING,7.210,-0.400,-3.142,0.00,0.450,-0.000,0.000,0.000,0.000,0.000,0.26,10.77565583,106.67093444,10.51,"10°46'32.36""N, 106°40'15.36""E",FIX,
12:41:55.776,1786254115.777,TRACKING,7.174,-0.400,-3.142,0.00,0.450,-0.000,0.000,0.000,0.000,0.000,0.29,10.77565546,106.67093462,10.51,"10°46'32.36""N, 106°40'15.36""E",FIX,
12:41:55.857,1786254115.858,TRACKING,7.138,-0.400,-3.142,0.00,0.450,-0.000,0.000,0.000,0.000,0.000,0.33,10.77565546,106.67093462,10.51,"10°46'32.36""N, 106°40'15.36""E",FIX,
12:41:55.919,1786254115.919,TRACKING,7.120,-0.400,-3.142,0.00,0.450,-0.000,0.000,0.000,0.000,0.000,0.35,10.77565546,106.67093462,10.51,"10°46'32.36""N, 106°40'15.36""E",FIX,
12:41:55.996,1786254115.996,TRACKING,7.084,-0.400,-3.142,0.00,0.450,-0.000,0.000,0.000,0.000,0.000,0.38,10.77565510,106.67093480,10.51,"10°46'32.36""N, 106°40'15.37""E",FIX,
12:41:56.082,1786254116.083,TRACKING,7.057,-0.400,-3.142,0.00,0.450,-0.000,0.000,0.000,0.000,0.000,0.41,10.77565510,106.67093480,10.51,"10°46'32.36""N, 106°40'15.37""E",FIX,
12:41:56.164,1786254116.164,TRACKING,7.021,-0.400,-3.142,0.00,0.450,-0.000,0.000,0.000,0.000,0.000,0.45,10.77565473,106.67093499,10.51,"10°46'32.36""N, 106°40'15.37""E",FIX,
12:41:56.226,1786254116.227,TRACKING,7.003,-0.400,-3.142,0.00,0.450,-0.000,0.000,0.000,0.000,0.000,0.47,10.77565473,106.67093499,10.51,"10°46'32.36""N, 106°40'15.37""E",FIX,
12:41:56.300,1786254116.301,TRACKING,6.967,-0.400,-3.142,0.00,0.450,-0.000,0.000,0.000,0.000,0.000,0.50,10.77565473,106.67093499,10.51,"10°46'32.36""N, 106°40'15.37""E",FIX,
12:41:56.389,1786254116.390,TRACKING,6.931,-0.400,-3.142,0.00,0.450,-0.000,0.000,0.000,0.000,0.000,0.54,10.77565437,106.67093517,10.51,"10°46'32.36""N, 106°40'15.37""E",FIX,
12:41:56.456,1786254116.456,TRACKING,6.913,-0.400,-3.142,0.00,0.450,-0.000,0.000,0.000,0.000,0.000,0.56,10.77565437,106.67093517,10.51,"10°46'32.36""N, 106°40'15.37""E",FIX,
12:41:56.540,1786254116.541,TRACKING,6.877,-0.400,-3.142,0.00,0.450,-0.000,0.000,0.000,0.000,0.000,0.59,10.77565437,106.67093517,10.51,"10°46'32.36""N, 106°40'15.37""E",FIX,
12:41:56.612,1786254116.613,TRACKING,6.850,-0.400,-3.142,0.00,0.450,-0.000,0.000,0.000,0.000,0.000,0.62,10.77565401,106.67093536,10.51,"10°46'32.35""N, 106°40'15.37""E",FIX,
12:41:56.680,1786254116.680,TRACKING,6.823,-0.400,-3.142,0.00,0.450,-0.000,0.000,0.000,0.000,0.000,0.65,10.77565401,106.67093536,10.51,"10°46'32.35""N, 106°40'15.37""E",FIX,
12:41:56.754,1786254116.755,TRACKING,6.787,-0.400,-3.142,0.00,0.450,-0.000,0.000,0.000,0.000,0.000,0.68,10.77565401,106.67093536,10.51,"10°46'32.35""N, 106°40'15.37""E",FIX,
12:41:56.834,1786254116.835,TRACKING,6.760,-0.400,-3.142,0.00,0.450,-0.000,0.000,0.000,0.000,0.000,0.71,10.77565401,106.67093536,10.51,"10°46'32.35""N, 106°40'15.37""E",FIX,
12:41:56.920,1786254116.920,TRACKING,6.724,-0.400,-3.142,0.00,0.450,-0.000,0.000,0.000,0.000,0.000,0.74,10.77565364,106.67093554,10.51,"10°46'32.35""N, 106°40'15.37""E",FIX,
12:41:56.978,1786254116.979,TRACKING,6.697,-0.400,-3.142,0.00,0.450,-0.000,0.000,0.000,0.000,0.000,0.77,10.77565364,106.67093554,10.51,"10°46'32.35""N, 106°40'15.37""E",FIX,
12:41:57.064,1786254117.065,TRACKING,6.670,-0.400,-3.142,0.00,0.450,-0.000,0.000,0.000,0.000,0.000,0.80,10.77565364,106.67093554,10.51,"10°46'32.35""N, 106°40'15.37""E",FIX,
12:41:57.145,1786254117.145,TRACKING,6.643,-0.400,-3.142,0.00,0.450,-0.000,0.000,0.000,0.000,0.000,0.83,10.77565328,106.67093572,10.51,"10°46'32.35""N, 106°40'15.37""E",FIX,
12:41:57.215,1786254117.215,TRACKING,6.616,-0.400,-3.142,0.00,0.450,-0.000,0.000,0.000,0.000,0.000,0.85,10.77565328,106.67093572,10.51,"10°46'32.35""N, 106°40'15.37""E",FIX,
12:41:57.312,1786254117.313,TRACKING,6.571,-0.400,-3.142,0.00,0.450,-0.000,0.000,0.000,0.000,0.000,0.90,10.77565291,106.67093591,10.51,"10°46'32.35""N, 106°40'15.37""E",FIX,
12:41:57.413,1786254117.414,TRACKING,6.544,-0.400,-3.142,0.00,0.450,-0.000,0.000,0.000,0.000,0.000,0.92,10.77565291,106.67093591,10.51,"10°46'32.35""N, 106°40'15.37""E",FIX,
12:41:57.493,1786254117.494,TRACKING,6.517,-0.400,-3.142,0.00,0.450,-0.000,0.000,0.000,0.000,0.000,0.95,10.77565291,106.67093591,10.51,"10°46'32.35""N, 106°40'15.37""E",FIX,
